"MD","variable","PLOT_DATE","clim_mean","clim_min","clim_max","clim_sd","q10","q25","q75","q90","value","ECCC_SOURCE","ECCC_AES","ECCC_STATION_ID","ECCC_STATION_NAME","MONTH","clim_max_date","hover_value","hover_band","hover_histmax","hover_mean","AES","NAME","por_start","por_end"
"04-01","TMAX",2001-04-01,4.85714285714286,-1.8,14,5.05823232816705,-1.37,1.25,7.825,11.6,NA,NA,NA,NA,NA,4,2021-04-01,"","DATE: Apr-01<br><b>Maximum temperature</b><br>10-90 percentile<br>-1.4 to 11.6 °C","Historical daily maximum<br>14.0 °C<br>2021-04-01","DATE: Apr-01</b><br>Normal: 4.9 °C<br>Period: 1991-2020","3010237","ANDREW+AGDM",2002,2024
"04-01","TMIN",2001-04-01,-7.12666666666667,-24.1,0.2,6.37970741230871,-14.08,-9.5,-3.45,-0.84,NA,NA,NA,NA,NA,4,2015-04-01,"","DATE: Apr-01<br><b>Minimum temperature</b><br>10-90 percentile<br>-14.1 to -0.8 °C","Historical daily maximum<br>0.2 °C<br>2015-04-01","DATE: Apr-01</b><br>Normal: -7.1 °C<br>Period: 1991-2020","3010237","ANDREW+AGDM",2002,2024
"04-01","VPD",2001-04-01,0.498388740297028,0.0561621079707478,1.08660721702437,0.304908902899027,0.129903635377811,0.293811572098969,0.738518230601538,0.831474998908445,NA,NA,NA,NA,NA,4,2021-04-01,"","DATE: Apr-01<br><b>Vapour pressure deficit</b><br>10-90 percentile<br>0.1 to 0.8 kPa","Historical daily maximum<br>1.1 kPa<br>2021-04-01","DATE: Apr-01</b><br>Normal: 0.5 kPa<br>Period: 1991-2020","3010237","ANDREW+AGDM",2002,2024
"04-02","TMAX",2001-04-02,5.38666666666667,-4.3,19.6,6.18983806234826,-1.84,2.05,9.35,11.56,NA,NA,NA,NA,NA,4,2016-04-02,"","DATE: Apr-02<br><b>Maximum temperature</b><br>10-90 percentile<br>-1.8 to 11.6 °C","Historical daily maximum<br>19.6 °C<br>2016-04-02","DATE: Apr-02</b><br>Normal: 5.4 °C<br>Period: 1991-2020","3010237","ANDREW+AGDM",2002,2024
"04-02","TMIN",2001-04-02,-6.31428571428571,-13.5,0.8,3.91090332725891,-10.63,-7.5,-4.25,-1.06,NA,NA,NA,NA,NA,4,2016-04-02,"","DATE: Apr-02<br><b>Minimum temperature</b><br>10-90 percentile<br>-10.6 to -1.1 °C","Historical daily maximum<br>0.8 °C<br>2016-04-02","DATE: Apr-02</b><br>Normal: -6.3 °C<br>Period: 1991-2020","3010237","ANDREW+AGDM",2002,2024
"04-02","VPD",2001-04-02,0.58965019003324,0.0799502059828274,1.6337149987074,0.406515926929749,0.19693136145114,0.340747515733455,0.655452178454586,1.00913978435217,NA,NA,NA,NA,NA,4,2024-04-02,"","DATE: Apr-02<br><b>Vapour pressure deficit</b><br>10-90 percentile<br>0.2 to 1.0 kPa","Historical daily maximum<br>1.6 kPa<br>2024-04-02","DATE: Apr-02</b><br>Normal: 0.6 kPa<br>Period: 1991-2020","3010237","ANDREW+AGDM",2002,2024
"04-03","TMAX",2001-04-03,6.1875,-6,17.7,6.22231200332052,-1.35,2.375,10.1,12.75,NA,NA,NA,NA,NA,4,2012-04-03,"","DATE: Apr-03<br><b>Maximum temperature</b><br>10-90 percentile<br>-1.4 to 12.8 °C","Historical daily maximum<br>17.7 °C<br>2012-04-03","DATE: Apr-03</b><br>Normal: 6.2 °C<br>Period: 1991-2020","3010237","ANDREW+AGDM",2002,2024
"04-03","TMIN",2001-04-03,-6.55294117647059,-22.1,-1.2,5.56744079975922,-11.8,-9.8,-2.8,-1.66,NA,NA,NA,NA,NA,4,2010-04-03,"","DATE: Apr-03<br><b>Minimum temperature</b><br>10-90 percentile<br>-11.8 to -1.7 °C","Historical daily maximum<br>-1.2 °C<br>2010-04-03","DATE: Apr-03</b><br>Normal: -6.6 °C<br>Period: 1991-2020","3010237","ANDREW+AGDM",2002,2024
"04-03","VPD",2001-04-03,0.600721197082325,0.120014141948139,1.48214459081555,0.343889226695581,0.234784864572414,0.405097004233824,0.777698406480559,0.949076851028088,NA,NA,NA,NA,NA,4,2012-04-03,"","DATE: Apr-03<br><b>Vapour pressure deficit</b><br>10-90 percentile<br>0.2 to 0.9 kPa","Historical daily maximum<br>1.5 kPa<br>2012-04-03","DATE: Apr-03</b><br>Normal: 0.6 kPa<br>Period: 1991-2020","3010237","ANDREW+AGDM",2002,2024
"04-04","TMAX",2001-04-04,5.50625,-5.9,12.7,5.85189072010064,-1.6,0.75,10.95,11.45,NA,NA,NA,NA,NA,4,2006-04-04,"","DATE: Apr-04<br><b>Maximum temperature</b><br>10-90 percentile<br>-1.6 to 11.4 °C","Historical daily maximum<br>12.7 °C<br>2006-04-04","DATE: Apr-04</b><br>Normal: 5.5 °C<br>Period: 1991-2020","3010237","ANDREW+AGDM",2002,2024
"04-04","TMIN",2001-04-04,-6.0125,-15.7,1.7,4.89760145377306,-12.95,-8.45,-3.025,-1.85,NA,NA,NA,NA,NA,4,2005-04-04,"","DATE: Apr-04<br><b>Minimum temperature</b><br>10-90 percentile<br>-12.9 to -1.8 °C","Historical daily maximum<br>1.7 °C<br>2005-04-04","DATE: Apr-04</b><br>Normal: -6.0 °C<br>Period: 1991-2020","3010237","ANDREW+AGDM",2002,2024
"04-04","VPD",2001-04-04,0.551659977256983,0.149067530488532,0.971645057485668,0.260163658795466,0.228517295233084,0.350168986315979,0.800907389716023,0.852098564827157,NA,NA,NA,NA,NA,4,2006-04-04,"","DATE: Apr-04<br><b>Vapour pressure deficit</b><br>10-90 percentile<br>0.2 to 0.9 kPa","Historical daily maximum<br>1.0 kPa<br>2006-04-04","DATE: Apr-04</b><br>Normal: 0.6 kPa<br>Period: 1991-2020","3010237","ANDREW+AGDM",2002,2024
"04-05","TMAX",2001-04-05,5.0125,-10.2,13.1,7.30906970824605,-3.25,-1.45,11.9,12.85,NA,NA,NA,NA,NA,4,2017-04-05,"","DATE: Apr-05<br><b>Maximum temperature</b><br>10-90 percentile<br>-3.2 to 12.8 °C","Historical daily maximum<br>13.1 °C<br>2017-04-05","DATE: Apr-05</b><br>Normal: 5.0 °C<br>Period: 1991-2020","3010237","ANDREW+AGDM",2002,2024
"04-05","TMIN",2001-04-05,-6.5,-21.9,-0.1,5.54515554335494,-11.92,-8.5,-2.8,-0.68,NA,NA,NA,NA,NA,4,2005-04-05,"","DATE: Apr-05<br><b>Minimum temperature</b><br>10-90 percentile<br>-11.9 to -0.7 °C","Historical daily maximum<br>-0.1 °C<br>2005-04-05","DATE: Apr-05</b><br>Normal: -6.5 °C<br>Period: 1991-2020","3010237","ANDREW+AGDM",2002,2024
"04-05","VPD",2001-04-05,0.557319184228181,0.149840808999788,1.16644188011042,0.332248842718349,0.173376439187087,0.244790893835079,0.79349526754525,0.99780275317773,NA,NA,NA,NA,NA,4,2010-04-05,"","DATE: Apr-05<br><b>Vapour pressure deficit</b><br>10-90 percentile<br>0.2 to 1.0 kPa","Historical daily maximum<br>1.2 kPa<br>2010-04-05","DATE: Apr-05</b><br>Normal: 0.6 kPa<br>Period: 1991-2020","3010237","ANDREW+AGDM",2002,2024
"04-06","TMAX",2001-04-06,6.025,-10.4,16,7.16849589058495,-1.55,1.05,11.175,14.9,NA,NA,NA,NA,NA,4,2017-04-06,"","DATE: Apr-06<br><b>Maximum temperature</b><br>10-90 percentile<br>-1.6 to 14.9 °C","Historical daily maximum<br>16.0 °C<br>2017-04-06","DATE: Apr-06</b><br>Normal: 6.0 °C<br>Period: 1991-2020","3010237","ANDREW+AGDM",2002,2024
"04-06","TMIN",2001-04-06,-4.68235294117647,-27.5,4.3,7.23889108342204,-9.26,-7.6,0.1,1.5,NA,NA,NA,NA,NA,4,2016-04-06,"","DATE: Apr-06<br><b>Minimum temperature</b><br>10-90 percentile<br>-9.3 to 1.5 °C","Historical daily maximum<br>4.3 °C<br>2016-04-06","DATE: Apr-06</b><br>Normal: -4.7 °C<br>Period: 1991-2020","3010237","ANDREW+AGDM",2002,2024
"04-06","VPD",2001-04-06,0.574307822463499,0.174715690231519,1.21377082619981,0.343373666809726,0.20563623654092,0.286526156644646,0.673109335783541,1.14238908365208,NA,NA,NA,NA,NA,4,2005-04-06,"","DATE: Apr-06<br><b>Vapour pressure deficit</b><br>10-90 percentile<br>0.2 to 1.1 kPa","Historical daily maximum<br>1.2 kPa<br>2005-04-06","DATE: Apr-06</b><br>Normal: 0.6 kPa<br>Period: 1991-2020","3010237","ANDREW+AGDM",2002,2024
"04-07","TMAX",2001-04-07,7.3625,-7.5,21.2,6.66482057773001,1.45,3.25,11.4,13.95,NA,NA,NA,NA,NA,4,2005-04-07,"","DATE: Apr-07<br><b>Maximum temperature</b><br>10-90 percentile<br>1.5 to 13.9 °C","Historical daily maximum<br>21.2 °C<br>2005-04-07","DATE: Apr-07</b><br>Normal: 7.4 °C<br>Period: 1991-2020","3010237","ANDREW+AGDM",2002,2024
"04-07","TMIN",2001-04-07,-4.98823529411765,-25.1,2.5,6.41023423450161,-10.16,-6.6,-1.4,0.360000000000001,NA,NA,NA,NA,NA,4,2005-04-07,"","DATE: Apr-07<br><b>Minimum temperature</b><br>10-90 percentile<br>-10.2 to 0.4 °C","Historical daily maximum<br>2.5 °C<br>2005-04-07","DATE: Apr-07</b><br>Normal: -5.0 °C<br>Period: 1991-2020","3010237","ANDREW+AGDM",2002,2024
"04-07","VPD",2001-04-07,0.664507340539525,0.144306280665151,1.78642858187267,0.41540689699013,0.294440665590396,0.421582474812094,0.858764463045416,1.11099543115104,NA,NA,NA,NA,NA,4,2005-04-07,"","DATE: Apr-07<br><b>Vapour pressure deficit</b><br>10-90 percentile<br>0.3 to 1.1 kPa","Historical daily maximum<br>1.8 kPa<br>2005-04-07","DATE: Apr-07</b><br>Normal: 0.7 kPa<br>Period: 1991-2020","3010237","ANDREW+AGDM",2002,2024
"04-08","TMAX",2001-04-08,8.30625,-4.4,18.7,6.07195396886373,0.55,4.85,12.35,14,NA,NA,NA,NA,NA,4,2014-04-08,"","DATE: Apr-08<br><b>Maximum temperature</b><br>10-90 percentile<br>0.6 to 14.0 °C","Historical daily maximum<br>18.7 °C<br>2014-04-08","DATE: Apr-08</b><br>Normal: 8.3 °C<br>Period: 1991-2020","3010237","ANDREW+AGDM",2002,2024
"04-08","TMIN",2001-04-08,-4.63125,-18.2,2.9,5.41229695539087,-12.05,-5.25,-2.225,-0.45,NA,NA,NA,NA,NA,4,2005-04-08,"","DATE: Apr-08<br><b>Minimum temperature</b><br>10-90 percentile<br>-12.0 to -0.4 °C","Historical daily maximum<br>2.9 °C<br>2005-04-08","DATE: Apr-08</b><br>Normal: -4.6 °C<br>Period: 1991-2020","3010237","ANDREW+AGDM",2002,2024
"04-08","VPD",2001-04-08,0.709620700742506,0.256523545692226,1.64078911174585,0.359345269783038,0.376670437102977,0.450571705173659,0.86890994570748,1.09445607584886,NA,NA,NA,NA,NA,4,2014-04-08,"","DATE: Apr-08<br><b>Vapour pressure deficit</b><br>10-90 percentile<br>0.4 to 1.1 kPa","Historical daily maximum<br>1.6 kPa<br>2014-04-08","DATE: Apr-08</b><br>Normal: 0.7 kPa<br>Period: 1991-2020","3010237","ANDREW+AGDM",2002,2024
"04-09","TMAX",2001-04-09,8.00625,-1.7,16.8,5.06694763475343,1.15,5.95,10.4,14.4,NA,NA,NA,NA,NA,4,2015-04-09,"","DATE: Apr-09<br><b>Maximum temperature</b><br>10-90 percentile<br>1.1 to 14.4 °C","Historical daily maximum<br>16.8 °C<br>2015-04-09","DATE: Apr-09</b><br>Normal: 8.0 °C<br>Period: 1991-2020","3010237","ANDREW+AGDM",2002,2024
"04-09","TMIN",2001-04-09,-3.50588235294118,-19.4,3.2,5.99097973918241,-11.38,-4.4,0.3,1.48,NA,NA,NA,NA,NA,4,2016-04-09,"","DATE: Apr-09<br><b>Minimum temperature</b><br>10-90 percentile<br>-11.4 to 1.5 °C","Historical daily maximum<br>3.2 °C<br>2016-04-09","DATE: Apr-09</b><br>Normal: -3.5 °C<br>Period: 1991-2020","3010237","ANDREW+AGDM",2002,2024
"04-09","VPD",2001-04-09,0.636438457783245,0.133190257726592,1.43810811812707,0.337073979404318,0.38451060411673,0.464779476193793,0.726546828675187,1.13437213146319,NA,NA,NA,NA,NA,4,2015-04-09,"","DATE: Apr-09<br><b>Vapour pressure deficit</b><br>10-90 percentile<br>0.4 to 1.1 kPa","Historical daily maximum<br>1.4 kPa<br>2015-04-09","DATE: Apr-09</b><br>Normal: 0.6 kPa<br>Period: 1991-2020","3010237","ANDREW+AGDM",2002,2024
"04-10","TMAX",2001-04-10,8.12222222222222,-0.8,18.2,5.24926387618588,1.75,3.525,12.05,13.31,NA,NA,NA,NA,NA,4,2015-04-10,"","DATE: Apr-10<br><b>Maximum temperature</b><br>10-90 percentile<br>1.8 to 13.3 °C","Historical daily maximum<br>18.2 °C<br>2015-04-10","DATE: Apr-10</b><br>Normal: 8.1 °C<br>Period: 1991-2020","3010237","ANDREW+AGDM",2002,2024
"04-10","TMIN",2001-04-10,-3.36111111111111,-11.1,1.2,3.03530963414993,-6.97,-5.325,-1.35,-0.54,NA,NA,NA,NA,NA,4,2019-04-10,"","DATE: Apr-10<br><b>Minimum temperature</b><br>10-90 percentile<br>-7.0 to -0.5 °C","Historical daily maximum<br>1.2 °C<br>2019-04-10","DATE: Apr-10</b><br>Normal: -3.4 °C<br>Period: 1991-2020","3010237","ANDREW+AGDM",2002,2024
"04-10","VPD",2001-04-10,0.653048675139927,0.156256734204971,1.54283572916768,0.353215865407557,0.283447182720655,0.38239051055767,0.903218531832804,1.02283494083176,NA,NA,NA,NA,NA,4,2015-04-10,"","DATE: Apr-10<br><b>Vapour pressure deficit</b><br>10-90 percentile<br>0.3 to 1.0 kPa","Historical daily maximum<br>1.5 kPa<br>2015-04-10","DATE: Apr-10</b><br>Normal: 0.7 kPa<br>Period: 1991-2020","3010237","ANDREW+AGDM",2002,2024
"04-11","TMAX",2001-04-11,10.0111111111111,-2.5,17,5.94839463156325,0.4,8.175,14.375,15.65,NA,NA,NA,NA,NA,4,2012-04-11,"","DATE: Apr-11<br><b>Maximum temperature</b><br>10-90 percentile<br>0.4 to 15.6 °C","Historical daily maximum<br>17.0 °C<br>2012-04-11","DATE: Apr-11</b><br>Normal: 10.0 °C<br>Period: 1991-2020","3010237","ANDREW+AGDM",2002,2024
"04-11","TMIN",2001-04-11,-3.38823529411765,-12,2.4,4.18148932094493,-9.74,-6.1,-1.1,1.16,NA,NA,NA,NA,NA,4,2003-04-11,"","DATE: Apr-11<br><b>Minimum temperature</b><br>10-90 percentile<br>-9.7 to 1.2 °C","Historical daily maximum<br>2.4 °C<br>2003-04-11","DATE: Apr-11</b><br>Normal: -3.4 °C<br>Period: 1991-2020","3010237","ANDREW+AGDM",2002,2024
"04-11","VPD",2001-04-11,0.820659461397691,0.206235100556731,1.37413093581287,0.364769554911617,0.357680969870789,0.53107663135025,1.11264524634152,1.26488672670168,NA,NA,NA,NA,NA,4,2012-04-11,"","DATE: Apr-11<br><b>Vapour pressure deficit</b><br>10-90 percentile<br>0.4 to 1.3 kPa","Historical daily maximum<br>1.4 kPa<br>2012-04-11","DATE: Apr-11</b><br>Normal: 0.8 kPa<br>Period: 1991-2020","3010237","ANDREW+AGDM",2002,2024
"04-12","TMAX",2001-04-12,8.78823529411765,-4.3,17.6,6.40516221037192,-0.0999999999999996,4.1,12.4,16.18,NA,NA,NA,NA,NA,4,2016-04-12,"","DATE: Apr-12<br><b>Maximum temperature</b><br>10-90 percentile<br>-0.1 to 16.2 °C","Historical daily maximum<br>17.6 °C<br>2016-04-12","DATE: Apr-12</b><br>Normal: 8.8 °C<br>Period: 1991-2020","3010237","ANDREW+AGDM",2002,2024
"04-12","TMIN",2001-04-12,-2.82941176470588,-15.5,2.5,5.18106706020613,-10.44,-3.1,1,2.34,NA,NA,NA,NA,NA,4,2009-04-12,"","DATE: Apr-12<br><b>Minimum temperature</b><br>10-90 percentile<br>-10.4 to 2.3 °C","Historical daily maximum<br>2.5 °C<br>2009-04-12","DATE: Apr-12</b><br>Normal: -2.8 °C<br>Period: 1991-2020","3010237","ANDREW+AGDM",2002,2024
"04-12","VPD",2001-04-12,0.691712891604868,0.20648053750219,1.35272121559157,0.371792283183227,0.297652275950527,0.357102329389374,0.855144398616944,1.30220070781327,NA,NA,NA,NA,NA,4,2006-04-12,"","DATE: Apr-12<br><b>Vapour pressure deficit</b><br>10-90 percentile<br>0.3 to 1.3 kPa","Historical daily maximum<br>1.4 kPa<br>2006-04-12","DATE: Apr-12</b><br>Normal: 0.7 kPa<br>Period: 1991-2020","3010237","ANDREW+AGDM",2002,2024
"04-13","TMAX",2001-04-13,7.36470588235294,-2.2,21.1,6.17474100433275,0.96,1.5,11.6,13.5,NA,NA,NA,NA,NA,4,2008-04-13,"","DATE: Apr-13<br><b>Maximum temperature</b><br>10-90 percentile<br>1.0 to 13.5 °C","Historical daily maximum<br>21.1 °C<br>2008-04-13","DATE: Apr-13</b><br>Normal: 7.4 °C<br>Period: 1991-2020","3010237","ANDREW+AGDM",2002,2024
"04-13","TMIN",2001-04-13,-2.47058823529412,-19.8,2.3,5.38478930714591,-6.56,-3.5,1.1,2.14,NA,NA,NA,NA,NA,4,2009-04-13,"","DATE: Apr-13<br><b>Minimum temperature</b><br>10-90 percentile<br>-6.6 to 2.1 °C","Historical daily maximum<br>2.3 °C<br>2009-04-13","DATE: Apr-13</b><br>Normal: -2.5 °C<br>Period: 1991-2020","3010237","ANDREW+AGDM",2002,2024
"04-13","VPD",2001-04-13,0.599046889801894,0.159723779538261,1.79161536304638,0.442118847542533,0.1645324311132,0.305033933553475,0.860597863872068,1.06277974812486,NA,NA,NA,NA,NA,4,2008-04-13,"","DATE: Apr-13<br><b>Vapour pressure deficit</b><br>10-90 percentile<br>0.2 to 1.1 kPa","Historical daily maximum<br>1.8 kPa<br>2008-04-13","DATE: Apr-13</b><br>Normal: 0.6 kPa<br>Period: 1991-2020","3010237","ANDREW+AGDM",2002,2024
"04-14","TMAX",2001-04-14,7.32777777777778,-0.9,17.8,5.46010186885745,0.8,3.575,11.575,13.94,NA,NA,NA,NA,NA,4,2006-04-14,"","DATE: Apr-14<br><b>Maximum temperature</b><br>10-90 percentile<br>0.8 to 13.9 °C","Historical daily maximum<br>17.8 °C<br>2006-04-14","DATE: Apr-14</b><br>Normal: 7.3 °C<br>Period: 1991-2020","3010237","ANDREW+AGDM",2002,2024
"04-14","TMIN",2001-04-14,-1.52352941176471,-7.3,2.1,2.87913385668431,-5.12,-3.1,0.8,1.82,NA,NA,NA,NA,NA,4,2008-04-14,"","DATE: Apr-14<br><b>Minimum temperature</b><br>10-90 percentile<br>-5.1 to 1.8 °C","Historical daily maximum<br>2.1 °C<br>2008-04-14","DATE: Apr-14</b><br>Normal: -1.5 °C<br>Period: 1991-2020","3010237","ANDREW+AGDM",2002,2024
"04-14","VPD",2001-04-14,0.514230063390716,0.0878495480072961,1.4989389880051,0.4173790727507,0.0959844751554003,0.196754759869014,0.772749586052,1.07613130323498,NA,NA,NA,NA,NA,4,2006-04-14,"","DATE: Apr-14<br><b>Vapour pressure deficit</b><br>10-90 percentile<br>0.1 to 1.1 kPa","Historical daily maximum<br>1.5 kPa<br>2006-04-14","DATE: Apr-14</b><br>Normal: 0.5 kPa<br>Period: 1991-2020","3010237","ANDREW+AGDM",2002,2024
"04-15","TMAX",2001-04-15,6.28888888888889,-2,14.9,5.03211905882822,0.58,2.85,10.975,12.4,NA,NA,NA,NA,NA,4,2021-04-15,"","DATE: Apr-15<br><b>Maximum temperature</b><br>10-90 percentile<br>0.6 to 12.4 °C","Historical daily maximum<br>14.9 °C<br>2021-04-15","DATE: Apr-15</b><br>Normal: 6.3 °C<br>Period: 1991-2020","3010237","ANDREW+AGDM",2002,2024
"04-15","TMIN",2001-04-15,-3.33333333333333,-6.5,0.5,2.20907220343745,-5.84,-5.2,-1.425,-0.539999999999999,NA,NA,NA,NA,NA,4,2003-04-15,"","DATE: Apr-15<br><b>Minimum temperature</b><br>10-90 percentile<br>-5.8 to -0.5 °C","Historical daily maximum<br>0.5 °C<br>2003-04-15","DATE: Apr-15</b><br>Normal: -3.3 °C<br>Period: 1991-2020","3010237","ANDREW+AGDM",2002,2024
"04-15","VPD",2001-04-15,0.519627673519771,0.148959173054214,1.29202976906984,0.34202721889055,0.175507570250098,0.238013008324178,0.747504560535479,0.96877749345267,NA,NA,NA,NA,NA,4,2021-04-15,"","DATE: Apr-15<br><b>Vapour pressure deficit</b><br>10-90 percentile<br>0.2 to 1.0 kPa","Historical daily maximum<br>1.3 kPa<br>2021-04-15","DATE: Apr-15</b><br>Normal: 0.5 kPa<br>Period: 1991-2020","3010237","ANDREW+AGDM",2002,2024
"04-16","TMAX",2001-04-16,8.76470588235294,-0.9,18.1,6.49037182837688,0.22,1.8,14.3,16.42,NA,NA,NA,NA,NA,4,2021-04-16,"","DATE: Apr-16<br><b>Maximum temperature</b><br>10-90 percentile<br>0.2 to 16.4 °C","Historical daily maximum<br>18.1 °C<br>2021-04-16","DATE: Apr-16</b><br>Normal: 8.8 °C<br>Period: 1991-2020","3010237","ANDREW+AGDM",2002,2024
"04-16","TMIN",2001-04-16,-3.65882352941176,-10.6,1.4,3.59636254143152,-8.18,-5.8,-0.9,1,NA,NA,NA,NA,NA,4,2016-04-16,"","DATE: Apr-16<br><b>Minimum temperature</b><br>10-90 percentile<br>-8.2 to 1.0 °C","Historical daily maximum<br>1.4 °C<br>2016-04-16","DATE: Apr-16</b><br>Normal: -3.7 °C<br>Period: 1991-2020","3010237","ANDREW+AGDM",2002,2024
"04-16","VPD",2001-04-16,0.740029476899631,0.123672681508661,1.47941027989489,0.43325123374028,0.211943619383804,0.360989641814745,0.973284776861192,1.29862633554661,NA,NA,NA,NA,NA,4,2021-04-16,"","DATE: Apr-16<br><b>Vapour pressure deficit</b><br>10-90 percentile<br>0.2 to 1.3 kPa","Historical daily maximum<br>1.5 kPa<br>2021-04-16","DATE: Apr-16</b><br>Normal: 0.7 kPa<br>Period: 1991-2020","3010237","ANDREW+AGDM",2002,2024
"04-17","TMAX",2001-04-17,10.96875,-0.7,22.8,7.17372230203168,2.6,4.1,14.925,19,NA,NA,NA,NA,NA,4,2010-04-17,"","DATE: Apr-17<br><b>Maximum temperature</b><br>10-90 percentile<br>2.6 to 19.0 °C","Historical daily maximum<br>22.8 °C<br>2010-04-17","DATE: Apr-17</b><br>Normal: 11.0 °C<br>Period: 1991-2020","3010237","ANDREW+AGDM",2002,2024
"04-17","TMIN",2001-04-17,-3.14117647058824,-8.8,3.1,3.42035429881347,-8,-5.2,-0.7,0.76,NA,NA,NA,NA,NA,4,2005-04-17,"","DATE: Apr-17<br><b>Minimum temperature</b><br>10-90 percentile<br>-8.0 to 0.8 °C","Historical daily maximum<br>3.1 °C<br>2005-04-17","DATE: Apr-17</b><br>Normal: -3.1 °C<br>Period: 1991-2020","3010237","ANDREW+AGDM",2002,2024
"04-17","VPD",2001-04-17,0.935334242612848,0.146230851726238,2.27864584905116,0.606624562552788,0.291235212168038,0.477194647249926,1.18510007673519,1.67136823909405,NA,NA,NA,NA,NA,4,2010-04-17,"","DATE: Apr-17<br><b>Vapour pressure deficit</b><br>10-90 percentile<br>0.3 to 1.7 kPa","Historical daily maximum<br>2.3 kPa<br>2010-04-17","DATE: Apr-17</b><br>Normal: 0.9 kPa<br>Period: 1991-2020","3010237","ANDREW+AGDM",2002,2024
"04-18","TMAX",2001-04-18,9.96875,0.1,24.1,7.24520243563514,1,4.5,13.35,19.35,NA,NA,NA,NA,NA,4,2016-04-18,"","DATE: Apr-18<br><b>Maximum temperature</b><br>10-90 percentile<br>1.0 to 19.4 °C","Historical daily maximum<br>24.1 °C<br>2016-04-18","DATE: Apr-18</b><br>Normal: 10.0 °C<br>Period: 1991-2020","3010237","ANDREW+AGDM",2002,2024
"04-18","TMIN",2001-04-18,-2.63125,-8.1,1.9,2.90533274055371,-6.25,-4.25,-1.4,1.5,NA,NA,NA,NA,NA,4,2016-04-18,"","DATE: Apr-18<br><b>Minimum temperature</b><br>10-90 percentile<br>-6.2 to 1.5 °C","Historical daily maximum<br>1.9 °C<br>2016-04-18","DATE: Apr-18</b><br>Normal: -2.6 °C<br>Period: 1991-2020","3010237","ANDREW+AGDM",2002,2024
"04-18","VPD",2001-04-18,0.840224401321345,0.10272288529357,2.30126714861179,0.642130904690852,0.200339257739091,0.374752431472712,0.983189410942961,1.713732539281,NA,NA,NA,NA,NA,4,2016-04-18,"","DATE: Apr-18<br><b>Vapour pressure deficit</b><br>10-90 percentile<br>0.2 to 1.7 kPa","Historical daily maximum<br>2.3 kPa<br>2016-04-18","DATE: Apr-18</b><br>Normal: 0.8 kPa<br>Period: 1991-2020","3010237","ANDREW+AGDM",2002,2024
"04-19","TMAX",2001-04-19,11.0529411764706,-6.4,24.1,7.88654848833275,1.56,6.2,15.8,19.8,NA,NA,NA,NA,NA,4,2016-04-19,"","DATE: Apr-19<br><b>Maximum temperature</b><br>10-90 percentile<br>1.6 to 19.8 °C","Historical daily maximum<br>24.1 °C<br>2016-04-19","DATE: Apr-19</b><br>Normal: 11.1 °C<br>Period: 1991-2020","3010237","ANDREW+AGDM",2002,2024
"04-19","TMIN",2001-04-19,-2.17647058823529,-11.3,6.8,3.88965445312381,-5.8,-3.9,-0.2,0.98,NA,NA,NA,NA,NA,4,2016-04-19,"","DATE: Apr-19<br><b>Minimum temperature</b><br>10-90 percentile<br>-5.8 to 1.0 °C","Historical daily maximum<br>6.8 °C<br>2016-04-19","DATE: Apr-19</b><br>Normal: -2.2 °C<br>Period: 1991-2020","3010237","ANDREW+AGDM",2002,2024
"04-19","VPD",2001-04-19,0.924571373884327,0.103674883297103,2.11416761997964,0.610153070050207,0.164930402081305,0.56086873834293,1.34433701573111,1.71889486355003,NA,NA,NA,NA,NA,4,2010-04-19,"","DATE: Apr-19<br><b>Vapour pressure deficit</b><br>10-90 percentile<br>0.2 to 1.7 kPa","Historical daily maximum<br>2.1 kPa<br>2010-04-19","DATE: Apr-19</b><br>Normal: 0.9 kPa<br>Period: 1991-2020","3010237","ANDREW+AGDM",2002,2024
"04-20","TMAX",2001-04-20,12.05,-7.6,23.5,7.41962818158304,6.34,8.45,16.85,21.3,NA,NA,NA,NA,NA,4,2010-04-20,"","DATE: Apr-20<br><b>Maximum temperature</b><br>10-90 percentile<br>6.3 to 21.3 °C","Historical daily maximum<br>23.5 °C<br>2010-04-20","DATE: Apr-20</b><br>Normal: 12.0 °C<br>Period: 1991-2020","3010237","ANDREW+AGDM",2002,2024
"04-20","TMIN",2001-04-20,-0.938888888888889,-11.1,8.8,3.9250535985683,-3.96,-3.175,0.9,1.58,NA,NA,NA,NA,NA,4,2010-04-20,"","DATE: Apr-20<br><b>Minimum temperature</b><br>10-90 percentile<br>-4.0 to 1.6 °C","Historical daily maximum<br>8.8 °C<br>2010-04-20","DATE: Apr-20</b><br>Normal: -0.9 °C<br>Period: 1991-2020","3010237","ANDREW+AGDM",2002,2024
"04-20","VPD",2001-04-20,0.949752993853315,0.0832103544411606,2.03313119221058,0.568961343432435,0.394519896741443,0.620400045227283,1.42035896744062,1.77735162054717,NA,NA,NA,NA,NA,4,2005-04-20,"","DATE: Apr-20<br><b>Vapour pressure deficit</b><br>10-90 percentile<br>0.4 to 1.8 kPa","Historical daily maximum<br>2.0 kPa<br>2005-04-20","DATE: Apr-20</b><br>Normal: 0.9 kPa<br>Period: 1991-2020","3010237","ANDREW+AGDM",2002,2024
"04-21","TMAX",2001-04-21,12.8666666666667,-9.5,24.4,8.95734992322276,2.15,7.6,18.625,23.2,NA,NA,NA,NA,NA,4,2006-04-21,"","DATE: Apr-21<br><b>Maximum temperature</b><br>10-90 percentile<br>2.2 to 23.2 °C","Historical daily maximum<br>24.4 °C<br>2006-04-21","DATE: Apr-21</b><br>Normal: 12.9 °C<br>Period: 1991-2020","3010237","ANDREW+AGDM",2002,2024
"04-21","TMIN",2001-04-21,-1.23333333333333,-12.1,6.1,4.20266022195186,-5.57,-2.95,1.2,2.21,NA,NA,NA,NA,NA,4,2010-04-21,"","DATE: Apr-21<br><b>Minimum temperature</b><br>10-90 percentile<br>-5.6 to 2.2 °C","Historical daily maximum<br>6.1 °C<br>2010-04-21","DATE: Apr-21</b><br>Normal: -1.2 °C<br>Period: 1991-2020","3010237","ANDREW+AGDM",2002,2024
"04-21","VPD",2001-04-21,1.09874164705482,0.055748513003167,2.38524880059266,0.69799832491789,0.249208013079834,0.435783925003276,1.53904877901573,2.06758315421727,NA,NA,NA,NA,NA,4,2006-04-21,"","DATE: Apr-21<br><b>Vapour pressure deficit</b><br>10-90 percentile<br>0.2 to 2.1 kPa","Historical daily maximum<br>2.4 kPa<br>2006-04-21","DATE: Apr-21</b><br>Normal: 1.1 kPa<br>Period: 1991-2020","3010237","ANDREW+AGDM",2002,2024
"04-22","TMAX",2001-04-22,12.8470588235294,-3,21.8,7.31839443176053,5.1,8.5,19.5,21.4,NA,NA,NA,NA,NA,4,2010-04-22,"","DATE: Apr-22<br><b>Maximum temperature</b><br>10-90 percentile<br>5.1 to 21.4 °C","Historical daily maximum<br>21.8 °C<br>2010-04-22","DATE: Apr-22</b><br>Normal: 12.8 °C<br>Period: 1991-2020","3010237","ANDREW+AGDM",2002,2024
"04-22","TMIN",2001-04-22,-0.172222222222222,-12.7,7.2,4.61618706364202,-4.49,-2.325,2.575,3.11,NA,NA,NA,NA,NA,4,2003-04-22,"","DATE: Apr-22<br><b>Minimum temperature</b><br>10-90 percentile<br>-4.5 to 3.1 °C","Historical daily maximum<br>7.2 °C<br>2003-04-22","DATE: Apr-22</b><br>Normal: -0.2 °C<br>Period: 1991-2020","3010237","ANDREW+AGDM",2002,2024
"04-22","VPD",2001-04-22,0.995960483205271,0.202545894496988,1.90036488994734,0.591026963381704,0.353471791555561,0.616559111689936,1.51447491837562,1.77791177970401,NA,NA,NA,NA,NA,4,2005-04-22,"","DATE: Apr-22<br><b>Vapour pressure deficit</b><br>10-90 percentile<br>0.4 to 1.8 kPa","Historical daily maximum<br>1.9 kPa<br>2005-04-22","DATE: Apr-22</b><br>Normal: 1.0 kPa<br>Period: 1991-2020","3010237","ANDREW+AGDM",2002,2024
"04-23","TMAX",2001-04-23,11.1833333333333,-0.7,24.4,7.20704312379462,0.57,5.775,15.675,19.23,NA,NA,NA,NA,NA,4,2003-04-23,"","DATE: Apr-23<br><b>Maximum temperature</b><br>10-90 percentile<br>0.6 to 19.2 °C","Historical daily maximum<br>24.4 °C<br>2003-04-23","DATE: Apr-23</b><br>Normal: 11.2 °C<br>Period: 1991-2020","3010237","ANDREW+AGDM",2002,2024
"04-23","TMIN",2001-04-23,-1.17222222222222,-16.1,5.3,5.08201043538475,-7.35,-2.5,1.75,2.87,NA,NA,NA,NA,NA,4,2003-04-23,"","DATE: Apr-23<br><b>Minimum temperature</b><br>10-90 percentile<br>-7.4 to 2.9 °C","Historical daily maximum<br>5.3 °C<br>2003-04-23","DATE: Apr-23</b><br>Normal: -1.2 °C<br>Period: 1991-2020","3010237","ANDREW+AGDM",2002,2024
"04-23","VPD",2001-04-23,0.865675047936397,0.115460971982752,2.1655647843334,0.563474814262172,0.189079180338233,0.442672912824291,1.13139058976488,1.52172197403871,NA,NA,NA,NA,NA,4,2003-04-23,"","DATE: Apr-23<br><b>Vapour pressure deficit</b><br>10-90 percentile<br>0.2 to 1.5 kPa","Historical daily maximum<br>2.2 kPa<br>2003-04-23","DATE: Apr-23</b><br>Normal: 0.9 kPa<br>Period: 1991-2020","3010237","ANDREW+AGDM",2002,2024
"04-24","TMAX",2001-04-24,10.35,-0.1,22.3,6.97181299739087,1.99,4.25,16.85,18.28,NA,NA,NA,NA,NA,4,2003-04-24,"","DATE: Apr-24<br><b>Maximum temperature</b><br>10-90 percentile<br>2.0 to 18.3 °C","Historical daily maximum<br>22.3 °C<br>2003-04-24","DATE: Apr-24</b><br>Normal: 10.3 °C<br>Period: 1991-2020","3010237","ANDREW+AGDM",2002,2024
"04-24","TMIN",2001-04-24,-0.672222222222222,-8.4,6.2,3.69718582255963,-5.4,-1.975,1.925,2.41,NA,NA,NA,NA,NA,4,2003-04-24,"","DATE: Apr-24<br><b>Minimum temperature</b><br>10-90 percentile<br>-5.4 to 2.4 °C","Historical daily maximum<br>6.2 °C<br>2003-04-24","DATE: Apr-24</b><br>Normal: -0.7 °C<br>Period: 1991-2020","3010237","ANDREW+AGDM",2002,2024
"04-24","VPD",2001-04-24,0.773843313503666,0.0610391255725965,1.74452800858331,0.55448220210313,0.204763116762155,0.298177492345625,1.28968485734104,1.53615693957885,NA,NA,NA,NA,NA,4,2024-04-24,"","DATE: Apr-24<br><b>Vapour pressure deficit</b><br>10-90 percentile<br>0.2 to 1.5 kPa","Historical daily maximum<br>1.7 kPa<br>2024-04-24","DATE: Apr-24</b><br>Normal: 0.8 kPa<br>Period: 1991-2020","3010237","ANDREW+AGDM",2002,2024
"04-25","TMAX",2001-04-25,10.8176470588235,-0.1,22.9,6.82598301474938,3,4.8,16,18.62,NA,NA,NA,NA,NA,4,2005-04-25,"","DATE: Apr-25<br><b>Maximum temperature</b><br>10-90 percentile<br>3.0 to 18.6 °C","Historical daily maximum<br>22.9 °C<br>2005-04-25","DATE: Apr-25</b><br>Normal: 10.8 °C<br>Period: 1991-2020","3010237","ANDREW+AGDM",2002,2024
"04-25","TMIN",2001-04-25,-0.776470588235294,-9.3,4.8,3.49973738510561,-3.8,-2.4,0.4,4.52,NA,NA,NA,NA,NA,4,2007-04-25,"","DATE: Apr-25<br><b>Minimum temperature</b><br>10-90 percentile<br>-3.8 to 4.5 °C","Historical daily maximum<br>4.8 °C<br>2007-04-25","DATE: Apr-25</b><br>Normal: -0.8 °C<br>Period: 1991-2020","3010237","ANDREW+AGDM",2002,2024
"04-25","VPD",2001-04-25,0.817200200339592,0.136133257802737,2.20356160918629,0.620932812590997,0.194941562811784,0.304396730542316,1.09920557824909,1.61684083962315,NA,NA,NA,NA,NA,4,2005-04-25,"","DATE: Apr-25<br><b>Vapour pressure deficit</b><br>10-90 percentile<br>0.2 to 1.6 kPa","Historical daily maximum<br>2.2 kPa<br>2005-04-25","DATE: Apr-25</b><br>Normal: 0.8 kPa<br>Period: 1991-2020","3010237","ANDREW+AGDM",2002,2024
"04-26","TMAX",2001-04-26,11.9166666666667,1.2,24.3,6.21262945184101,4.55,9.15,16.575,19.15,NA,NA,NA,NA,NA,4,2004-04-26,"","DATE: Apr-26<br><b>Maximum temperature</b><br>10-90 percentile<br>4.6 to 19.2 °C","Historical daily maximum<br>24.3 °C<br>2004-04-26","DATE: Apr-26</b><br>Normal: 11.9 °C<br>Period: 1991-2020","3010237","ANDREW+AGDM",2002,2024
"04-26","TMIN",2001-04-26,-0.833333333333333,-11.7,5.4,4.24056045130552,-5.36,-3.4,2.4,3.92,NA,NA,NA,NA,NA,4,2004-04-26,"","DATE: Apr-26<br><b>Minimum temperature</b><br>10-90 percentile<br>-5.4 to 3.9 °C","Historical daily maximum<br>5.4 °C<br>2004-04-26","DATE: Apr-26</b><br>Normal: -0.8 °C<br>Period: 1991-2020","3010237","ANDREW+AGDM",2002,2024
"04-26","VPD",2001-04-26,0.898587934345738,0.118996382131948,2.14110232531752,0.549622764588674,0.321785590819041,0.580574830693923,1.08363510724664,1.56978972144152,NA,NA,NA,NA,NA,4,2004-04-26,"","DATE: Apr-26<br><b>Vapour pressure deficit</b><br>10-90 percentile<br>0.3 to 1.6 kPa","Historical daily maximum<br>2.1 kPa<br>2004-04-26","DATE: Apr-26</b><br>Normal: 0.9 kPa<br>Period: 1991-2020","3010237","ANDREW+AGDM",2002,2024
"04-27","TMAX",2001-04-27,11.8611111111111,2.2,21.5,6.14914043623783,3.21,5.875,16,18.55,NA,NA,NA,NA,NA,4,2018-04-27,"","DATE: Apr-27<br><b>Maximum temperature</b><br>10-90 percentile<br>3.2 to 18.6 °C","Historical daily maximum<br>21.5 °C<br>2018-04-27","DATE: Apr-27</b><br>Normal: 11.9 °C<br>Period: 1991-2020","3010237","ANDREW+AGDM",2002,2024
"04-27","TMIN",2001-04-27,-0.6,-7.3,3.7,3.16010284642763,-4.34,-2,2.4,3.26,NA,NA,NA,NA,NA,4,2023-04-27,"","DATE: Apr-27<br><b>Minimum temperature</b><br>10-90 percentile<br>-4.3 to 3.3 °C","Historical daily maximum<br>3.7 °C<br>2023-04-27","DATE: Apr-27</b><br>Normal: -0.6 °C<br>Period: 1991-2020","3010237","ANDREW+AGDM",2002,2024
"04-27","VPD",2001-04-27,0.919385591633139,0.105005444331265,1.80125855095415,0.506147135601998,0.229456270410658,0.514199495312607,1.28695999977693,1.48472292162905,NA,NA,NA,NA,NA,4,2018-04-27,"","DATE: Apr-27<br><b>Vapour pressure deficit</b><br>10-90 percentile<br>0.2 to 1.5 kPa","Historical daily maximum<br>1.8 kPa<br>2018-04-27","DATE: Apr-27</b><br>Normal: 0.9 kPa<br>Period: 1991-2020","3010237","ANDREW+AGDM",2002,2024
"04-28","TMAX",2001-04-28,13.0277777777778,1.4,26.7,6.94040222224447,5.54,7.975,16.275,23.66,NA,NA,NA,NA,NA,4,2018-04-28,"","DATE: Apr-28<br><b>Maximum temperature</b><br>10-90 percentile<br>5.5 to 23.7 °C","Historical daily maximum<br>26.7 °C<br>2018-04-28","DATE: Apr-28</b><br>Normal: 13.0 °C<br>Period: 1991-2020","3010237","ANDREW+AGDM",2002,2024
"04-28","TMIN",2001-04-28,-1.41666666666667,-9.4,4.9,4.13496568020468,-7.17,-3.4,1.375,2.87,NA,NA,NA,NA,NA,4,2018-04-28,"","DATE: Apr-28<br><b>Minimum temperature</b><br>10-90 percentile<br>-7.2 to 2.9 °C","Historical daily maximum<br>4.9 °C<br>2018-04-28","DATE: Apr-28</b><br>Normal: -1.4 °C<br>Period: 1991-2020","3010237","ANDREW+AGDM",2002,2024
"04-28","VPD",2001-04-28,1.0658039932442,0.225905537479915,2.63682793866782,0.715687642470512,0.283821208721835,0.652445216260923,1.18683340419618,2.34583959685688,NA,NA,NA,NA,NA,4,2018-04-28,"","DATE: Apr-28<br><b>Vapour pressure deficit</b><br>10-90 percentile<br>0.3 to 2.3 kPa","Historical daily maximum<br>2.6 kPa<br>2018-04-28","DATE: Apr-28</b><br>Normal: 1.1 kPa<br>Period: 1991-2020","3010237","ANDREW+AGDM",2002,2024
"04-29","TMAX",2001-04-29,12.0777777777778,-0.8,20.3,6.20659569050212,3.53,8.85,16.175,20.13,NA,NA,NA,NA,NA,4,2008-04-29,"","DATE: Apr-29<br><b>Maximum temperature</b><br>10-90 percentile<br>3.5 to 20.1 °C","Historical daily maximum<br>20.3 °C<br>2008-04-29","DATE: Apr-29</b><br>Normal: 12.1 °C<br>Period: 1991-2020","3010237","ANDREW+AGDM",2002,2024
"04-29","TMIN",2001-04-29,-0.577777777777778,-7.8,5.2,3.63359416225144,-5.75,-2.2,1.425,3.97,NA,NA,NA,NA,NA,4,2015-04-29,"","DATE: Apr-29<br><b>Minimum temperature</b><br>10-90 percentile<br>-5.8 to 4.0 °C","Historical daily maximum<br>5.2 °C<br>2015-04-29","DATE: Apr-29</b><br>Normal: -0.6 °C<br>Period: 1991-2020","3010237","ANDREW+AGDM",2002,2024
"04-29","VPD",2001-04-29,0.901827226969122,0.164463022636312,1.78446699844157,0.47060543464275,0.23806143020562,0.715750973350939,1.22683376394844,1.55449174810088,NA,NA,NA,NA,NA,4,2008-04-29,"","DATE: Apr-29<br><b>Vapour pressure deficit</b><br>10-90 percentile<br>0.2 to 1.6 kPa","Historical daily maximum<br>1.8 kPa<br>2008-04-29","DATE: Apr-29</b><br>Normal: 0.9 kPa<br>Period: 1991-2020","3010237","ANDREW+AGDM",2002,2024
"04-30","TMAX",2001-04-30,11.4705882352941,-2.1,21.1,6.05885351220451,1.82,10.2,15.3,16.52,NA,NA,NA,NA,NA,4,2021-04-30,"","DATE: Apr-30<br><b>Maximum temperature</b><br>10-90 percentile<br>1.8 to 16.5 °C","Historical daily maximum<br>21.1 °C<br>2021-04-30","DATE: Apr-30</b><br>Normal: 11.5 °C<br>Period: 1991-2020","3010237","ANDREW+AGDM",2002,2024
"04-30","TMIN",2001-04-30,-1.54117647058824,-9.8,4.7,3.81724030281194,-5.52,-3.5,0.3,3.8,NA,NA,NA,NA,NA,4,2006-04-30,"","DATE: Apr-30<br><b>Minimum temperature</b><br>10-90 percentile<br>-5.5 to 3.8 °C","Historical daily maximum<br>4.7 °C<br>2006-04-30","DATE: Apr-30</b><br>Normal: -1.5 °C<br>Period: 1991-2020","3010237","ANDREW+AGDM",2002,2024
"04-30","VPD",2001-04-30,0.874684890282175,0.233243220547094,1.98266951345883,0.453822584419581,0.275505120192053,0.484910793470406,1.1142987885907,1.22519315941759,NA,NA,NA,NA,NA,4,2014-04-30,"","DATE: Apr-30<br><b>Vapour pressure deficit</b><br>10-90 percentile<br>0.3 to 1.2 kPa","Historical daily maximum<br>2.0 kPa<br>2014-04-30","DATE: Apr-30</b><br>Normal: 0.9 kPa<br>Period: 1991-2020","3010237","ANDREW+AGDM",2002,2024
"05-01","TMAX",2001-05-01,13.6647058823529,5.1,23.5,4.76300078423133,7.02,12,15.5,19.56,NA,NA,NA,NA,NA,5,2023-05-01,"","DATE: May-01<br><b>Maximum temperature</b><br>10-90 percentile<br>7.0 to 19.6 °C","Historical daily maximum<br>23.5 °C<br>2023-05-01","DATE: May-01</b><br>Normal: 13.7 °C<br>Period: 1991-2020","3010237","ANDREW+AGDM",2002,2024
"05-01","TMIN",2001-05-01,-0.341176470588235,-11.7,5.3,4.07677244022913,-4,-1.9,2.7,3.92,NA,NA,NA,NA,NA,5,2023-05-01,"","DATE: May-01<br><b>Minimum temperature</b><br>10-90 percentile<br>-4.0 to 3.9 °C","Historical daily maximum<br>5.3 °C<br>2023-05-01","DATE: May-01</b><br>Normal: -0.3 °C<br>Period: 1991-2020","3010237","ANDREW+AGDM",2002,2024
"05-01","VPD",2001-05-01,1.01108427937964,0.261681101673993,2.15374753125092,0.484778152835619,0.531749739170012,0.745584859543132,1.13462835106649,1.696418968311,NA,NA,NA,NA,NA,5,2023-05-01,"","DATE: May-01<br><b>Vapour pressure deficit</b><br>10-90 percentile<br>0.5 to 1.7 kPa","Historical daily maximum<br>2.2 kPa<br>2023-05-01","DATE: May-01</b><br>Normal: 1.0 kPa<br>Period: 1991-2020","3010237","ANDREW+AGDM",2002,2024
"05-02","TMAX",2001-05-02,14.6222222222222,4,28.1,6.04585959981321,8.47,10.425,17.775,21.54,NA,NA,NA,NA,NA,5,2016-05-02,"","DATE: May-02<br><b>Maximum temperature</b><br>10-90 percentile<br>8.5 to 21.5 °C","Historical daily maximum<br>28.1 °C<br>2016-05-02","DATE: May-02</b><br>Normal: 14.6 °C<br>Period: 1991-2020","3010237","ANDREW+AGDM",2002,2024
"05-02","TMIN",2001-05-02,-0.444444444444444,-7.3,5.9,3.26446504440525,-4.42,-2,0.975,3.33,NA,NA,NA,NA,NA,5,2023-05-02,"","DATE: May-02<br><b>Minimum temperature</b><br>10-90 percentile<br>-4.4 to 3.3 °C","Historical daily maximum<br>5.9 °C<br>2023-05-02","DATE: May-02</b><br>Normal: -0.4 °C<br>Period: 1991-2020","3010237","ANDREW+AGDM",2002,2024
"05-02","VPD",2001-05-02,1.17169876357249,0.211294544979328,3.02794252209886,0.682573992083581,0.614128783766368,0.7289058265873,1.41833990819621,1.89219488363558,NA,NA,NA,NA,NA,5,2016-05-02,"","DATE: May-02<br><b>Vapour pressure deficit</b><br>10-90 percentile<br>0.6 to 1.9 kPa","Historical daily maximum<br>3.0 kPa<br>2016-05-02","DATE: May-02</b><br>Normal: 1.2 kPa<br>Period: 1991-2020","3010237","ANDREW+AGDM",2002,2024
"05-03","TMAX",2001-05-03,12.7647058823529,0.6,22.2,6.07370780253613,4.34,10.1,17.8,18.9,NA,NA,NA,NA,NA,5,2023-05-03,"","DATE: May-03<br><b>Maximum temperature</b><br>10-90 percentile<br>4.3 to 18.9 °C","Historical daily maximum<br>22.2 °C<br>2023-05-03","DATE: May-03</b><br>Normal: 12.8 °C<br>Period: 1991-2020","3010237","ANDREW+AGDM",2002,2024
"05-03","TMIN",2001-05-03,0.438888888888889,-3.7,6.8,3.49977123435382,-3.53,-2.325,3.175,5.4,NA,NA,NA,NA,NA,5,2007-05-03,"","DATE: May-03<br><b>Minimum temperature</b><br>10-90 percentile<br>-3.5 to 5.4 °C","Historical daily maximum<br>6.8 °C<br>2007-05-03","DATE: May-03</b><br>Normal: 0.4 °C<br>Period: 1991-2020","3010237","ANDREW+AGDM",2002,2024
"05-03","VPD",2001-05-03,0.937945159336329,0.125994322687132,2.04752223094276,0.526606438888039,0.31859909495274,0.589792023599413,1.37351973581177,1.491617966853,NA,NA,NA,NA,NA,5,2023-05-03,"","DATE: May-03<br><b>Vapour pressure deficit</b><br>10-90 percentile<br>0.3 to 1.5 kPa","Historical daily maximum<br>2.0 kPa<br>2023-05-03","DATE: May-03</b><br>Normal: 0.9 kPa<br>Period: 1991-2020","3010237","ANDREW+AGDM",2002,2024
"05-04","TMAX",2001-05-04,14,0.8,28.5,7.08569395497219,4.35,10.5,17.425,21.36,NA,NA,NA,NA,NA,5,2023-05-04,"","DATE: May-04<br><b>Maximum temperature</b><br>10-90 percentile<br>4.3 to 21.4 °C","Historical daily maximum<br>28.5 °C<br>2023-05-04","DATE: May-04</b><br>Normal: 14.0 °C<br>Period: 1991-2020","3010237","ANDREW+AGDM",2002,2024
"05-04","TMIN",2001-05-04,0.766666666666667,-8,6.5,3.92922683608516,-3.23,-2.125,2.875,5.56,NA,NA,NA,NA,NA,5,2023-05-04,"","DATE: May-04<br><b>Minimum temperature</b><br>10-90 percentile<br>-3.2 to 5.6 °C","Historical daily maximum<br>6.5 °C<br>2023-05-04","DATE: May-04</b><br>Normal: 0.8 °C<br>Period: 1991-2020","3010237","ANDREW+AGDM",2002,2024
"05-04","VPD",2001-05-04,1.07346294886989,0.127637532244867,2.92340240436843,0.701744061887406,0.306525587688819,0.613851118802974,1.42079041387046,1.89983433091784,NA,NA,NA,NA,NA,5,2023-05-04,"","DATE: May-04<br><b>Vapour pressure deficit</b><br>10-90 percentile<br>0.3 to 1.9 kPa","Historical daily maximum<br>2.9 kPa<br>2023-05-04","DATE: May-04</b><br>Normal: 1.1 kPa<br>Period: 1991-2020","3010237","ANDREW+AGDM",2002,2024
"05-05","TMAX",2001-05-05,15.0944444444444,2.6,27.9,7.56994616673859,4.12,9.55,20.35,24.67,NA,NA,NA,NA,NA,5,2017-05-05,"","DATE: May-05<br><b>Maximum temperature</b><br>10-90 percentile<br>4.1 to 24.7 °C","Historical daily maximum<br>27.9 °C<br>2017-05-05","DATE: May-05</b><br>Normal: 15.1 °C<br>Period: 1991-2020","3010237","ANDREW+AGDM",2002,2024
"05-05","TMIN",2001-05-05,0.45,-7.8,7.5,3.67427463829897,-3.6,-0.9,2.8,4.23,NA,NA,NA,NA,NA,5,2023-05-05,"","DATE: May-05<br><b>Minimum temperature</b><br>10-90 percentile<br>-3.6 to 4.2 °C","Historical daily maximum<br>7.5 °C<br>2023-05-05","DATE: May-05</b><br>Normal: 0.4 °C<br>Period: 1991-2020","3010237","ANDREW+AGDM",2002,2024
"05-05","VPD",2001-05-05,1.23525434176355,0.164589666280406,2.72119718322794,0.776171943227252,0.326570118614735,0.716823825243515,1.53977444887747,2.47477606150039,NA,NA,NA,NA,NA,5,2017-05-05,"","DATE: May-05<br><b>Vapour pressure deficit</b><br>10-90 percentile<br>0.3 to 2.5 kPa","Historical daily maximum<br>2.7 kPa<br>2017-05-05","DATE: May-05</b><br>Normal: 1.2 kPa<br>Period: 1991-2020","3010237","ANDREW+AGDM",2002,2024
"05-06","TMAX",2001-05-06,15.4444444444444,3.3,29.8,7.45908228247497,5.81,11.375,19.475,25.53,NA,NA,NA,NA,NA,5,2013-05-06,"","DATE: May-06<br><b>Maximum temperature</b><br>10-90 percentile<br>5.8 to 25.5 °C","Historical daily maximum<br>29.8 °C<br>2013-05-06","DATE: May-06</b><br>Normal: 15.4 °C<br>Period: 1991-2020","3010237","ANDREW+AGDM",2002,2024
"05-06","TMIN",2001-05-06,1.43888888888889,-6.4,8.5,3.88891923424202,-3.35,0.15,3.325,6.26,NA,NA,NA,NA,NA,5,2017-05-06,"","DATE: May-06<br><b>Minimum temperature</b><br>10-90 percentile<br>-3.3 to 6.3 °C","Historical daily maximum<br>8.5 °C<br>2017-05-06","DATE: May-06</b><br>Normal: 1.4 °C<br>Period: 1991-2020","3010237","ANDREW+AGDM",2002,2024
"05-06","VPD",2001-05-06,1.22616970211487,0.158793099860887,3.40955151825239,0.826835092537344,0.375837010702354,0.720465762423633,1.59851844337084,2.22446512980492,NA,NA,NA,NA,NA,5,2013-05-06,"","DATE: May-06<br><b>Vapour pressure deficit</b><br>10-90 percentile<br>0.4 to 2.2 kPa","Historical daily maximum<br>3.4 kPa<br>2013-05-06","DATE: May-06</b><br>Normal: 1.2 kPa<br>Period: 1991-2020","3010237","ANDREW+AGDM",2002,2024
"05-07","TMAX",2001-05-07,15.3117647058824,8.1,28.6,5.63015123608385,8.96,11.1,19,21.54,NA,NA,NA,NA,NA,5,2016-05-07,"","DATE: May-07<br><b>Maximum temperature</b><br>10-90 percentile<br>9.0 to 21.5 °C","Historical daily maximum<br>28.6 °C<br>2016-05-07","DATE: May-07</b><br>Normal: 15.3 °C<br>Period: 1991-2020","3010237","ANDREW+AGDM",2002,2024
"05-07","TMIN",2001-05-07,1.10588235294118,-7.9,7.8,4.04389518104687,-3.58,-1.4,3.1,5.52,NA,NA,NA,NA,NA,5,2018-05-07,"","DATE: May-07<br><b>Minimum temperature</b><br>10-90 percentile<br>-3.6 to 5.5 °C","Historical daily maximum<br>7.8 °C<br>2018-05-07","DATE: May-07</b><br>Normal: 1.1 °C<br>Period: 1991-2020","3010237","ANDREW+AGDM",2002,2024
"05-07","VPD",2001-05-07,1.15631042865999,0.451155154719117,3.12336216623887,0.655017081075788,0.68201851097969,0.770166675702329,1.42834159985556,1.81683153121064,NA,NA,NA,NA,NA,5,2016-05-07,"","DATE: May-07<br><b>Vapour pressure deficit</b><br>10-90 percentile<br>0.7 to 1.8 kPa","Historical daily maximum<br>3.1 kPa<br>2016-05-07","DATE: May-07</b><br>Normal: 1.2 kPa<br>Period: 1991-2020","3010237","ANDREW+AGDM",2002,2024
"05-08","TMAX",2001-05-08,15.7764705882353,7,24.3,4.44628066643412,10.52,13.7,17.5,21,NA,NA,NA,NA,NA,5,2012-05-08,"","DATE: May-08<br><b>Maximum temperature</b><br>10-90 percentile<br>10.5 to 21.0 °C","Historical daily maximum<br>24.3 °C<br>2012-05-08","DATE: May-08</b><br>Normal: 15.8 °C<br>Period: 1991-2020","3010237","ANDREW+AGDM",2002,2024
"05-08","TMIN",2001-05-08,1.75882352941176,-4.4,9.8,4.36564125065399,-4.04,-0.3,4.6,7.54,NA,NA,NA,NA,NA,5,2018-05-08,"","DATE: May-08<br><b>Minimum temperature</b><br>10-90 percentile<br>-4.0 to 7.5 °C","Historical daily maximum<br>9.8 °C<br>2018-05-08","DATE: May-08</b><br>Normal: 1.8 °C<br>Period: 1991-2020","3010237","ANDREW+AGDM",2002,2024
"05-08","VPD",2001-05-08,1.13085437458288,0.238697256274837,2.17786430172929,0.47552309779977,0.577084839625172,0.890311687534048,1.4023946360636,1.59170305801482,NA,NA,NA,NA,NA,5,2012-05-08,"","DATE: May-08<br><b>Vapour pressure deficit</b><br>10-90 percentile<br>0.6 to 1.6 kPa","Historical daily maximum<br>2.2 kPa<br>2012-05-08","DATE: May-08</b><br>Normal: 1.1 kPa<br>Period: 1991-2020","3010237","ANDREW+AGDM",2002,2024
"05-09","TMAX",2001-05-09,14.1529411764706,4.4,24.5,4.70001564452966,9.72,11.3,16.2,19.06,NA,NA,NA,NA,NA,5,2013-05-09,"","DATE: May-09<br><b>Maximum temperature</b><br>10-90 percentile<br>9.7 to 19.1 °C","Historical daily maximum<br>24.5 °C<br>2013-05-09","DATE: May-09</b><br>Normal: 14.2 °C<br>Period: 1991-2020","3010237","ANDREW+AGDM",2002,2024
"05-09","TMIN",2001-05-09,0.617647058823529,-5.9,4.5,3.08671250971759,-4.22,-0.4,2.6,3.62,NA,NA,NA,NA,NA,5,2023-05-09,"","DATE: May-09<br><b>Minimum temperature</b><br>10-90 percentile<br>-4.2 to 3.6 °C","Historical daily maximum<br>4.5 °C<br>2023-05-09","DATE: May-09</b><br>Normal: 0.6 °C<br>Period: 1991-2020","3010237","ANDREW+AGDM",2002,2024
"05-09","VPD",2001-05-09,1.02643272825373,0.350946842988948,2.25564607491644,0.484716665377041,0.526092383178874,0.668804474077845,1.17058127799369,1.57082058182993,NA,NA,NA,NA,NA,5,2013-05-09,"","DATE: May-09<br><b>Vapour pressure deficit</b><br>10-90 percentile<br>0.5 to 1.6 kPa","Historical daily maximum<br>2.3 kPa<br>2013-05-09","DATE: May-09</b><br>Normal: 1.0 kPa<br>Period: 1991-2020","3010237","ANDREW+AGDM",2002,2024
"05-10","TMAX",2001-05-10,14.35625,7.4,21.1,4.38740147087848,8.45,10.75,17.05,19.8,NA,NA,NA,NA,NA,5,2024-05-10,"","DATE: May-10<br><b>Maximum temperature</b><br>10-90 percentile<br>8.4 to 19.8 °C","Historical daily maximum<br>21.1 °C<br>2024-05-10","DATE: May-10</b><br>Normal: 14.4 °C<br>Period: 1991-2020","3010237","ANDREW+AGDM",2002,2024
"05-10","TMIN",2001-05-10,-0.794117647058824,-10.4,7.3,4.12999252242593,-3.94,-3,1.2,4.06,NA,NA,NA,NA,NA,5,2017-05-10,"","DATE: May-10<br><b>Minimum temperature</b><br>10-90 percentile<br>-3.9 to 4.1 °C","Historical daily maximum<br>7.3 °C<br>2017-05-10","DATE: May-10</b><br>Normal: -0.8 °C<br>Period: 1991-2020","3010237","ANDREW+AGDM",2002,2024
"05-10","VPD",2001-05-10,1.09410206652717,0.250688654846684,1.83607430143678,0.400627282755173,0.709392809686569,0.818715837503152,1.3543845522463,1.56520734864256,NA,NA,NA,NA,NA,5,2024-05-10,"","DATE: May-10<br><b>Vapour pressure deficit</b><br>10-90 percentile<br>0.7 to 1.6 kPa","Historical daily maximum<br>1.8 kPa<br>2024-05-10","DATE: May-10</b><br>Normal: 1.1 kPa<br>Period: 1991-2020","3010237","ANDREW+AGDM",2002,2024
"05-11","TMAX",2001-05-11,18.39375,11,23.2,3.54560173548393,14.2,15.375,21.075,22.2,NA,NA,NA,NA,NA,5,2023-05-11,"","DATE: May-11<br><b>Maximum temperature</b><br>10-90 percentile<br>14.2 to 22.2 °C","Historical daily maximum<br>23.2 °C<br>2023-05-11","DATE: May-11</b><br>Normal: 18.4 °C<br>Period: 1991-2020","3010237","ANDREW+AGDM",2002,2024
"05-11","TMIN",2001-05-11,-0.235294117647059,-6.4,7.1,3.5208204257798,-3.9,-2.5,1.4,4.26,NA,NA,NA,NA,NA,5,2017-05-11,"","DATE: May-11<br><b>Minimum temperature</b><br>10-90 percentile<br>-3.9 to 4.3 °C","Historical daily maximum<br>7.1 °C<br>2017-05-11","DATE: May-11</b><br>Normal: -0.2 °C<br>Period: 1991-2020","3010237","ANDREW+AGDM",2002,2024
"05-11","VPD",2001-05-11,1.53327860221318,0.934263307704566,2.19099335730321,0.3529701608875,1.09737647336773,1.19579417579759,1.81328611898503,1.84436402759051,NA,NA,NA,NA,NA,5,2013-05-11,"","DATE: May-11<br><b>Vapour pressure deficit</b><br>10-90 percentile<br>1.1 to 1.8 kPa","Historical daily maximum<br>2.2 kPa<br>2013-05-11","DATE: May-11</b><br>Normal: 1.5 kPa<br>Period: 1991-2020","3010237","ANDREW+AGDM",2002,2024
"05-12","TMAX",2001-05-12,18,11.1,25.7,4.69070001883159,11.85,14.075,21.625,23.15,NA,NA,NA,NA,NA,5,2018-05-12,"","DATE: May-12<br><b>Maximum temperature</b><br>10-90 percentile<br>11.8 to 23.1 °C","Historical daily maximum<br>25.7 °C<br>2018-05-12","DATE: May-12</b><br>Normal: 18.0 °C<br>Period: 1991-2020","3010237","ANDREW+AGDM",2002,2024
"05-12","TMIN",2001-05-12,2.78235294117647,-3.6,9.3,4.36208598237667,-2.46,-1.8,6.6,7.9,NA,NA,NA,NA,NA,5,2017-05-12,"","DATE: May-12<br><b>Minimum temperature</b><br>10-90 percentile<br>-2.5 to 7.9 °C","Historical daily maximum<br>9.3 °C<br>2017-05-12","DATE: May-12</b><br>Normal: 2.8 °C<br>Period: 1991-2020","3010237","ANDREW+AGDM",2002,2024
"05-12","VPD",2001-05-12,1.37513805308873,0.437167675853192,2.38004606922222,0.575084579811775,0.618895357366581,0.980835665215098,1.83676018747029,1.96837095189642,NA,NA,NA,NA,NA,5,2018-05-12,"","DATE: May-12<br><b>Vapour pressure deficit</b><br>10-90 percentile<br>0.6 to 2.0 kPa","Historical daily maximum<br>2.4 kPa<br>2018-05-12","DATE: May-12</b><br>Normal: 1.4 kPa<br>Period: 1991-2020","3010237","ANDREW+AGDM",2002,2024
"05-13","TMAX",2001-05-13,17.16,7.9,24.9,4.96168174254312,10.28,14.35,20.6,22.42,NA,NA,NA,NA,NA,5,2023-05-13,"","DATE: May-13<br><b>Maximum temperature</b><br>10-90 percentile<br>10.3 to 22.4 °C","Historical daily maximum<br>24.9 °C<br>2023-05-13","DATE: May-13</b><br>Normal: 17.2 °C<br>Period: 1991-2020","3010237","ANDREW+AGDM",2002,2024
"05-13","TMIN",2001-05-13,1.78666666666667,-4.5,8.2,4.27665868684999,-3.66,-1.45,5.15,7.42,NA,NA,NA,NA,NA,5,2011-05-13,"","DATE: May-13<br><b>Minimum temperature</b><br>10-90 percentile<br>-3.7 to 7.4 °C","Historical daily maximum<br>8.2 °C<br>2011-05-13","DATE: May-13</b><br>Normal: 1.8 °C<br>Period: 1991-2020","3010237","ANDREW+AGDM",2002,2024
"05-13","VPD",2001-05-13,1.31227476522069,0.628043148721088,2.294746313311,0.485301424727798,0.671913466423986,0.936253984506516,1.55782611550345,1.85967672897731,NA,NA,NA,NA,NA,5,2023-05-13,"","DATE: May-13<br><b>Vapour pressure deficit</b><br>10-90 percentile<br>0.7 to 1.9 kPa","Historical daily maximum<br>2.3 kPa<br>2023-05-13","DATE: May-13</b><br>Normal: 1.3 kPa<br>Period: 1991-2020","3010237","ANDREW+AGDM",2002,2024
"05-14","TMAX",2001-05-14,18.1125,5.1,27.4,5.80745210914391,9.05,17.675,20.625,22.5,NA,NA,NA,NA,NA,5,2023-05-14,"","DATE: May-14<br><b>Maximum temperature</b><br>10-90 percentile<br>9.0 to 22.5 °C","Historical daily maximum<br>27.4 °C<br>2023-05-14","DATE: May-14</b><br>Normal: 18.1 °C<br>Period: 1991-2020","3010237","ANDREW+AGDM",2002,2024
"05-14","TMIN",2001-05-14,1.23125,-5.8,5.3,3.29053567067734,-2.3,-1.1,4.025,5.05,NA,NA,NA,NA,NA,5,2023-05-14,"","DATE: May-14<br><b>Minimum temperature</b><br>10-90 percentile<br>-2.3 to 5.0 °C","Historical daily maximum<br>5.3 °C<br>2023-05-14","DATE: May-14</b><br>Normal: 1.2 °C<br>Period: 1991-2020","3010237","ANDREW+AGDM",2002,2024
"05-14","VPD",2001-05-14,1.50036813063229,0.23890443626815,2.79565629405376,0.622934590407247,0.680942014709124,1.32606253956716,1.83447143142512,2.04781290283109,NA,NA,NA,NA,NA,5,2018-05-14,"","DATE: May-14<br><b>Vapour pressure deficit</b><br>10-90 percentile<br>0.7 to 2.0 kPa","Historical daily maximum<br>2.8 kPa<br>2018-05-14","DATE: May-14</b><br>Normal: 1.5 kPa<br>Period: 1991-2020","3010237","ANDREW+AGDM",2002,2024
"05-15","TMAX",2001-05-15,19.9125,10.5,27.7,5.04550955470968,13.9,16.075,23.925,26.15,NA,NA,NA,NA,NA,5,2023-05-15,"","DATE: May-15<br><b>Maximum temperature</b><br>10-90 percentile<br>13.9 to 26.1 °C","Historical daily maximum<br>27.7 °C<br>2023-05-15","DATE: May-15</b><br>Normal: 19.9 °C<br>Period: 1991-2020","3010237","ANDREW+AGDM",2002,2024
"05-15","TMIN",2001-05-15,2.90625,-5.3,8.8,3.91858286459106,-2,1.3,5.375,7.3,NA,NA,NA,NA,NA,5,2008-05-15,"","DATE: May-15<br><b>Minimum temperature</b><br>10-90 percentile<br>-2.0 to 7.3 °C","Historical daily maximum<br>8.8 °C<br>2008-05-15","DATE: May-15</b><br>Normal: 2.9 °C<br>Period: 1991-2020","3010237","ANDREW+AGDM",2002,2024
"05-15","VPD",2001-05-15,1.6421437556202,0.574111787021231,2.64163455505522,0.628556465139108,0.875754342818461,1.17366410087027,2.21513824743388,2.41346642848061,NA,NA,NA,NA,NA,5,2023-05-15,"","DATE: May-15<br><b>Vapour pressure deficit</b><br>10-90 percentile<br>0.9 to 2.4 kPa","Historical daily maximum<br>2.6 kPa<br>2023-05-15","DATE: May-15</b><br>Normal: 1.6 kPa<br>Period: 1991-2020","3010237","ANDREW+AGDM",2002,2024
"05-16","TMAX",2001-05-16,20.2,10.6,26.3,5.02444026733327,12.82,17.9,23.6,25.72,NA,NA,NA,NA,NA,5,2010-05-16,"","DATE: May-16<br><b>Maximum temperature</b><br>10-90 percentile<br>12.8 to 25.7 °C","Historical daily maximum<br>26.3 °C<br>2010-05-16","DATE: May-16</b><br>Normal: 20.2 °C<br>Period: 1991-2020","3010237","ANDREW+AGDM",2002,2024
"05-16","TMIN",2001-05-16,4.88823529411765,0.7,10.9,3.03580350832798,2.1,2.2,7,9.08,NA,NA,NA,NA,NA,5,2008-05-16,"","DATE: May-16<br><b>Minimum temperature</b><br>10-90 percentile<br>2.1 to 9.1 °C","Historical daily maximum<br>10.9 °C<br>2008-05-16","DATE: May-16</b><br>Normal: 4.9 °C<br>Period: 1991-2020","3010237","ANDREW+AGDM",2002,2024
"05-16","VPD",2001-05-16,1.57580950940659,0.49313481390449,2.6583534981569,0.67722498123756,0.738610826207838,0.956161175667048,2.20231560789738,2.49546285358162,NA,NA,NA,NA,NA,5,2010-05-16,"","DATE: May-16<br><b>Vapour pressure deficit</b><br>10-90 percentile<br>0.7 to 2.5 kPa","Historical daily maximum<br>2.7 kPa<br>2010-05-16","DATE: May-16</b><br>Normal: 1.6 kPa<br>Period: 1991-2020","3010237","ANDREW+AGDM",2002,2024
"05-17","TMAX",2001-05-17,19.3777777777778,6,31,6.12108751924857,12.47,16.05,22.7,26.6,NA,NA,NA,NA,NA,5,2006-05-17,"","DATE: May-17<br><b>Maximum temperature</b><br>10-90 percentile<br>12.5 to 26.6 °C","Historical daily maximum<br>31.0 °C<br>2006-05-17","DATE: May-17</b><br>Normal: 19.4 °C<br>Period: 1991-2020","3010237","ANDREW+AGDM",2002,2024
"05-17","TMIN",2001-05-17,4.17222222222222,-3.5,10.7,4.31219959643302,-1.09,0.45,7.375,9.04,NA,NA,NA,NA,NA,5,2010-05-17,"","DATE: May-17<br><b>Minimum temperature</b><br>10-90 percentile<br>-1.1 to 9.0 °C","Historical daily maximum<br>10.7 °C<br>2010-05-17","DATE: May-17</b><br>Normal: 4.2 °C<br>Period: 1991-2020","3010237","ANDREW+AGDM",2002,2024
"05-17","VPD",2001-05-17,1.5296235653792,0.407699398938258,3.46288113708179,0.802220308480476,0.655973046934894,1.00885167705643,1.98854612505323,2.51978288339594,NA,NA,NA,NA,NA,5,2006-05-17,"","DATE: May-17<br><b>Vapour pressure deficit</b><br>10-90 percentile<br>0.7 to 2.5 kPa","Historical daily maximum<br>3.5 kPa<br>2006-05-17","DATE: May-17</b><br>Normal: 1.5 kPa<br>Period: 1991-2020","3010237","ANDREW+AGDM",2002,2024
"05-18","TMAX",2001-05-18,19.2,7.3,30.5,6.45873781149592,9.42,17.45,24.175,25.65,NA,NA,NA,NA,NA,5,2010-05-18,"","DATE: May-18<br><b>Maximum temperature</b><br>10-90 percentile<br>9.4 to 25.6 °C","Historical daily maximum<br>30.5 °C<br>2010-05-18","DATE: May-18</b><br>Normal: 19.2 °C<br>Period: 1991-2020","3010237","ANDREW+AGDM",2002,2024
"05-18","TMIN",2001-05-18,4.39444444444444,-2.5,13.7,4.43428782294655,-2.15,1.875,7.55,9.05,NA,NA,NA,NA,NA,5,2010-05-18,"","DATE: May-18<br><b>Minimum temperature</b><br>10-90 percentile<br>-2.1 to 9.1 °C","Historical daily maximum<br>13.7 °C<br>2010-05-18","DATE: May-18</b><br>Normal: 4.4 °C<br>Period: 1991-2020","3010237","ANDREW+AGDM",2002,2024
"05-18","VPD",2001-05-18,1.50013672852009,0.50973836045557,2.79853195129458,0.716124018880771,0.546507095663329,0.986674027542713,2.03352001153646,2.44053436123705,NA,NA,NA,NA,NA,5,2010-05-18,"","DATE: May-18<br><b>Vapour pressure deficit</b><br>10-90 percentile<br>0.5 to 2.4 kPa","Historical daily maximum<br>2.8 kPa<br>2010-05-18","DATE: May-18</b><br>Normal: 1.5 kPa<br>Period: 1991-2020","3010237","ANDREW+AGDM",2002,2024
"05-19","TMAX",2001-05-19,18.0111111111111,4,25.1,5.98349581952074,10.12,15.65,22.275,23.46,NA,NA,NA,NA,NA,5,2023-05-19,"","DATE: May-19<br><b>Maximum temperature</b><br>10-90 percentile<br>10.1 to 23.5 °C","Historical daily maximum<br>25.1 °C<br>2023-05-19","DATE: May-19</b><br>Normal: 18.0 °C<br>Period: 1991-2020","3010237","ANDREW+AGDM",2002,2024
"05-19","TMIN",2001-05-19,3.95,-5.5,11.6,4.12085799175794,-0.49,1.475,6.325,8.56,NA,NA,NA,NA,NA,5,2016-05-19,"","DATE: May-19<br><b>Minimum temperature</b><br>10-90 percentile<br>-0.5 to 8.6 °C","Historical daily maximum<br>11.6 °C<br>2016-05-19","DATE: May-19</b><br>Normal: 3.9 °C<br>Period: 1991-2020","3010237","ANDREW+AGDM",2002,2024
"05-19","VPD",2001-05-19,1.33788309664927,0.220014836307107,2.00724084483431,0.560534417659266,0.52160702476934,1.12477316250796,1.82394324419144,1.89076055034184,NA,NA,NA,NA,NA,5,2023-05-19,"","DATE: May-19<br><b>Vapour pressure deficit</b><br>10-90 percentile<br>0.5 to 1.9 kPa","Historical daily maximum<br>2.0 kPa<br>2023-05-19","DATE: May-19</b><br>Normal: 1.3 kPa<br>Period: 1991-2020","3010237","ANDREW+AGDM",2002,2024
"05-20","TMAX",2001-05-20,18.7222222222222,11.5,25.5,4.03915476824423,12.61,16.8,21.475,22.86,NA,NA,NA,NA,NA,5,2011-05-20,"","DATE: May-20<br><b>Maximum temperature</b><br>10-90 percentile<br>12.6 to 22.9 °C","Historical daily maximum<br>25.5 °C<br>2011-05-20","DATE: May-20</b><br>Normal: 18.7 °C<br>Period: 1991-2020","3010237","ANDREW+AGDM",2002,2024
"05-20","TMIN",2001-05-20,4.17777777777778,-4,10.6,4.0516598712649,-1.03,1.875,6.25,9.14,NA,NA,NA,NA,NA,5,2008-05-20,"","DATE: May-20<br><b>Minimum temperature</b><br>10-90 percentile<br>-1.0 to 9.1 °C","Historical daily maximum<br>10.6 °C<br>2008-05-20","DATE: May-20</b><br>Normal: 4.2 °C<br>Period: 1991-2020","3010237","ANDREW+AGDM",2002,2024
"05-20","VPD",2001-05-20,1.36429039364208,0.478665611451523,2.12865062856006,0.504917423517179,0.655763041412044,1.10585563788514,1.69086518768745,1.93720018902189,NA,NA,NA,NA,NA,5,2015-05-20,"","DATE: May-20<br><b>Vapour pressure deficit</b><br>10-90 percentile<br>0.7 to 1.9 kPa","Historical daily maximum<br>2.1 kPa<br>2015-05-20","DATE: May-20</b><br>Normal: 1.4 kPa<br>Period: 1991-2020","3010237","ANDREW+AGDM",2002,2024
"05-21","TMAX",2001-05-21,17.9444444444444,8.7,25.5,5.98480647111768,8.8,12.8,23.025,24.39,NA,NA,NA,NA,NA,5,2018-05-21,"","DATE: May-21<br><b>Maximum temperature</b><br>10-90 percentile<br>8.8 to 24.4 °C","Historical daily maximum<br>25.5 °C<br>2018-05-21","DATE: May-21</b><br>Normal: 17.9 °C<br>Period: 1991-2020","3010237","ANDREW+AGDM",2002,2024
"05-21","TMIN",2001-05-21,4.67222222222222,-2.2,10.7,3.16019462460138,1.35,3.1,6.375,7.85,NA,NA,NA,NA,NA,5,2013-05-21,"","DATE: May-21<br><b>Minimum temperature</b><br>10-90 percentile<br>1.4 to 7.9 °C","Historical daily maximum<br>10.7 °C<br>2013-05-21","DATE: May-21</b><br>Normal: 4.7 °C<br>Period: 1991-2020","3010237","ANDREW+AGDM",2002,2024
"05-21","VPD",2001-05-21,1.30467081756196,0.223113318391616,2.25685046389433,0.683569786806105,0.348997234885368,0.824373358952368,1.79949359253415,2.13559459539252,NA,NA,NA,NA,NA,5,2011-05-21,"","DATE: May-21<br><b>Vapour pressure deficit</b><br>10-90 percentile<br>0.3 to 2.1 kPa","Historical daily maximum<br>2.3 kPa<br>2011-05-21","DATE: May-21</b><br>Normal: 1.3 kPa<br>Period: 1991-2020","3010237","ANDREW+AGDM",2002,2024
"05-22","TMAX",2001-05-22,18.8555555555556,7.1,27.2,6.45438494105521,9.62,14.475,24.425,25.37,NA,NA,NA,NA,NA,5,2018-05-22,"","DATE: May-22<br><b>Maximum temperature</b><br>10-90 percentile<br>9.6 to 25.4 °C","Historical daily maximum<br>27.2 °C<br>2018-05-22","DATE: May-22</b><br>Normal: 18.9 °C<br>Period: 1991-2020","3010237","ANDREW+AGDM",2002,2024
"05-22","TMIN",2001-05-22,4.82222222222222,-5.1,9.8,3.75931088108627,0.67,3.05,7.175,8.58,NA,NA,NA,NA,NA,5,2023-05-22,"","DATE: May-22<br><b>Minimum temperature</b><br>10-90 percentile<br>0.7 to 8.6 °C","Historical daily maximum<br>9.8 °C<br>2023-05-22","DATE: May-22</b><br>Normal: 4.8 °C<br>Period: 1991-2020","3010237","ANDREW+AGDM",2002,2024
"05-22","VPD",2001-05-22,1.43369725763319,0.240168765138306,2.59168761024758,0.754450710607633,0.345313458841449,0.718272716275113,1.94973569597273,2.21017605098336,NA,NA,NA,NA,NA,5,2018-05-22,"","DATE: May-22<br><b>Vapour pressure deficit</b><br>10-90 percentile<br>0.3 to 2.2 kPa","Historical daily maximum<br>2.6 kPa<br>2018-05-22","DATE: May-22</b><br>Normal: 1.4 kPa<br>Period: 1991-2020","3010237","ANDREW+AGDM",2002,2024
"05-23","TMAX",2001-05-23,18.1888888888889,5.8,29.1,7.61514658534817,8.8,11.3,23.3,27.95,NA,NA,NA,NA,NA,5,2018-05-23,"","DATE: May-23<br><b>Maximum temperature</b><br>10-90 percentile<br>8.8 to 28.0 °C","Historical daily maximum<br>29.1 °C<br>2018-05-23","DATE: May-23</b><br>Normal: 18.2 °C<br>Period: 1991-2020","3010237","ANDREW+AGDM",2002,2024
"05-23","TMIN",2001-05-23,5.81111111111111,-0.5,13.7,4.16425812740204,0.71,3.05,9.025,11.05,NA,NA,NA,NA,NA,5,2017-05-23,"","DATE: May-23<br><b>Minimum temperature</b><br>10-90 percentile<br>0.7 to 11.0 °C","Historical daily maximum<br>13.7 °C<br>2017-05-23","DATE: May-23</b><br>Normal: 5.8 °C<br>Period: 1991-2020","3010237","ANDREW+AGDM",2002,2024
"05-23","VPD",2001-05-23,1.33123527085504,0.137159164703126,2.75066851668972,0.89874221085657,0.249132672248576,0.663364544710784,2.07642884484764,2.59377066157079,NA,NA,NA,NA,NA,5,2018-05-23,"","DATE: May-23<br><b>Vapour pressure deficit</b><br>10-90 percentile<br>0.2 to 2.6 kPa","Historical daily maximum<br>2.8 kPa<br>2018-05-23","DATE: May-23</b><br>Normal: 1.3 kPa<br>Period: 1991-2020","3010237","ANDREW+AGDM",2002,2024
"05-24","TMAX",2001-05-24,18.8111111111111,13.8,29.2,4.91191694805349,14.07,15.25,22.025,25.84,NA,NA,NA,NA,NA,5,2003-05-24,"","DATE: May-24<br><b>Maximum temperature</b><br>10-90 percentile<br>14.1 to 25.8 °C","Historical daily maximum<br>29.2 °C<br>2003-05-24","DATE: May-24</b><br>Normal: 18.8 °C<br>Period: 1991-2020","3010237","ANDREW+AGDM",2002,2024
"05-24","TMIN",2001-05-24,6.18888888888889,-3,12.6,4.4705426554264,0.89,3.175,9.625,11.07,NA,NA,NA,NA,NA,5,2008-05-24,"","DATE: May-24<br><b>Minimum temperature</b><br>10-90 percentile<br>0.9 to 11.1 °C","Historical daily maximum<br>12.6 °C<br>2008-05-24","DATE: May-24</b><br>Normal: 6.2 °C<br>Period: 1991-2020","3010237","ANDREW+AGDM",2002,2024
"05-24","VPD",2001-05-24,1.27762747600979,0.450539023479556,2.67714970094512,0.649904433881781,0.778715599364836,0.824629555589576,1.36573413697088,2.37808002695417,NA,NA,NA,NA,NA,5,2003-05-24,"","DATE: May-24<br><b>Vapour pressure deficit</b><br>10-90 percentile<br>0.8 to 2.4 kPa","Historical daily maximum<br>2.7 kPa<br>2003-05-24","DATE: May-24</b><br>Normal: 1.3 kPa<br>Period: 1991-2020","3010237","ANDREW+AGDM",2002,2024
"05-25","TMAX",2001-05-25,19.0333333333333,10.6,29.7,5.07670574058322,14.04,15.4,21.7,26.97,NA,NA,NA,NA,NA,5,2003-05-25,"","DATE: May-25<br><b>Maximum temperature</b><br>10-90 percentile<br>14.0 to 27.0 °C","Historical daily maximum<br>29.7 °C<br>2003-05-25","DATE: May-25</b><br>Normal: 19.0 °C<br>Period: 1991-2020","3010237","ANDREW+AGDM",2002,2024
"05-25","TMIN",2001-05-25,5.66666666666667,-2.3,15.6,4.29870021394977,2.18,3,7.65,11.77,NA,NA,NA,NA,NA,5,2003-05-25,"","DATE: May-25<br><b>Minimum temperature</b><br>10-90 percentile<br>2.2 to 11.8 °C","Historical daily maximum<br>15.6 °C<br>2003-05-25","DATE: May-25</b><br>Normal: 5.7 °C<br>Period: 1991-2020","3010237","ANDREW+AGDM",2002,2024
"05-25","VPD",2001-05-25,1.34886981706351,0.374986719154166,2.39824972497539,0.570551677519638,0.764112600708641,0.908618591203993,1.68442144402143,2.17809579629735,NA,NA,NA,NA,NA,5,2003-05-25,"","DATE: May-25<br><b>Vapour pressure deficit</b><br>10-90 percentile<br>0.8 to 2.2 kPa","Historical daily maximum<br>2.4 kPa<br>2003-05-25","DATE: May-25</b><br>Normal: 1.3 kPa<br>Period: 1991-2020","3010237","ANDREW+AGDM",2002,2024
"05-26","TMAX",2001-05-26,19.05,9.6,24.5,3.56110524812667,14.78,18.3,21.225,23.01,NA,NA,NA,NA,NA,5,2009-05-26,"","DATE: May-26<br><b>Maximum temperature</b><br>10-90 percentile<br>14.8 to 23.0 °C","Historical daily maximum<br>24.5 °C<br>2009-05-26","DATE: May-26</b><br>Normal: 19.0 °C<br>Period: 1991-2020","3010237","ANDREW+AGDM",2002,2024
"05-26","TMIN",2001-05-26,5.71666666666667,-0.5,12.3,4.02671227736796,0.95,1.875,8.525,10.76,NA,NA,NA,NA,NA,5,2018-05-26,"","DATE: May-26<br><b>Minimum temperature</b><br>10-90 percentile<br>1.0 to 10.8 °C","Historical daily maximum<br>12.3 °C<br>2018-05-26","DATE: May-26</b><br>Normal: 5.7 °C<br>Period: 1991-2020","3010237","ANDREW+AGDM",2002,2024
"05-26","VPD",2001-05-26,1.30048747152966,0.364839306376166,2.00916472097412,0.479458086257728,0.662091477209468,1.07479531285985,1.61629671338122,1.88830448323177,NA,NA,NA,NA,NA,5,2009-05-26,"","DATE: May-26<br><b>Vapour pressure deficit</b><br>10-90 percentile<br>0.7 to 1.9 kPa","Historical daily maximum<br>2.0 kPa<br>2009-05-26","DATE: May-26</b><br>Normal: 1.3 kPa<br>Period: 1991-2020","3010237","ANDREW+AGDM",2002,2024
"05-27","TMAX",2001-05-27,20.4277777777778,11.9,25.1,3.66779394436229,16.04,19.2,23.775,24.02,NA,NA,NA,NA,NA,5,2023-05-27,"","DATE: May-27<br><b>Maximum temperature</b><br>10-90 percentile<br>16.0 to 24.0 °C","Historical daily maximum<br>25.1 °C<br>2023-05-27","DATE: May-27</b><br>Normal: 20.4 °C<br>Period: 1991-2020","3010237","ANDREW+AGDM",2002,2024
"05-27","TMIN",2001-05-27,5.05555555555556,0.5,10.9,2.24531465690151,2.41,4.2,6.5,6.69,NA,NA,NA,NA,NA,5,2016-05-27,"","DATE: May-27<br><b>Minimum temperature</b><br>10-90 percentile<br>2.4 to 6.7 °C","Historical daily maximum<br>10.9 °C<br>2016-05-27","DATE: May-27</b><br>Normal: 5.1 °C<br>Period: 1991-2020","3010237","ANDREW+AGDM",2002,2024
"05-27","VPD",2001-05-27,1.56526885753579,0.568561587878633,2.36191517221881,0.515318739390809,0.937344471727082,1.07507652687698,1.97421436316796,2.06726767070081,NA,NA,NA,NA,NA,5,2015-05-27,"","DATE: May-27<br><b>Vapour pressure deficit</b><br>10-90 percentile<br>0.9 to 2.1 kPa","Historical daily maximum<br>2.4 kPa<br>2015-05-27","DATE: May-27</b><br>Normal: 1.6 kPa<br>Period: 1991-2020","3010237","ANDREW+AGDM",2002,2024
"05-28","TMAX",2001-05-28,18.9722222222222,11.1,29.5,4.93901699621381,13.94,15.725,21.075,25.86,NA,NA,NA,NA,NA,5,2018-05-28,"","DATE: May-28<br><b>Maximum temperature</b><br>10-90 percentile<br>13.9 to 25.9 °C","Historical daily maximum<br>29.5 °C<br>2018-05-28","DATE: May-28</b><br>Normal: 19.0 °C<br>Period: 1991-2020","3010237","ANDREW+AGDM",2002,2024
"05-28","TMIN",2001-05-28,4.88333333333333,0.9,12.7,3.33841279652472,1.95,2.7,7.375,8.99,NA,NA,NA,NA,NA,5,2018-05-28,"","DATE: May-28<br><b>Minimum temperature</b><br>10-90 percentile<br>2.0 to 9.0 °C","Historical daily maximum<br>12.7 °C<br>2018-05-28","DATE: May-28</b><br>Normal: 4.9 °C<br>Period: 1991-2020","3010237","ANDREW+AGDM",2002,2024
"05-28","VPD",2001-05-28,1.39835291871285,0.513910739441116,2.89876598700724,0.672749745900948,0.644664268570983,1.05243491011866,1.59430076901661,2.44709389099303,NA,NA,NA,NA,NA,5,2019-05-28,"","DATE: May-28<br><b>Vapour pressure deficit</b><br>10-90 percentile<br>0.6 to 2.4 kPa","Historical daily maximum<br>2.9 kPa<br>2019-05-28","DATE: May-28</b><br>Normal: 1.4 kPa<br>Period: 1991-2020","3010237","ANDREW+AGDM",2002,2024
"05-29","TMAX",2001-05-29,17.66875,7.7,23.2,4.56226825895482,10.25,16.375,20.25,21.9,NA,NA,NA,NA,NA,5,2023-05-29,"","DATE: May-29<br><b>Maximum temperature</b><br>10-90 percentile<br>10.2 to 21.9 °C","Historical daily maximum<br>23.2 °C<br>2023-05-29","DATE: May-29</b><br>Normal: 17.7 °C<br>Period: 1991-2020","3010237","ANDREW+AGDM",2002,2024
"05-29","TMIN",2001-05-29,4.25625,-2.4,9.8,3.64489940419028,-0.2,2.15,6.425,9,NA,NA,NA,NA,NA,5,2013-05-29,"","DATE: May-29<br><b>Minimum temperature</b><br>10-90 percentile<br>-0.2 to 9.0 °C","Historical daily maximum<br>9.8 °C<br>2013-05-29","DATE: May-29</b><br>Normal: 4.3 °C<br>Period: 1991-2020","3010237","ANDREW+AGDM",2002,2024
"05-29","VPD",2001-05-29,1.23510273052757,0.215387190020359,1.97822299320938,0.537264458881305,0.371686725934565,1.00537081242056,1.63949920989799,1.71745765882747,NA,NA,NA,NA,NA,5,2023-05-29,"","DATE: May-29<br><b>Vapour pressure deficit</b><br>10-90 percentile<br>0.4 to 1.7 kPa","Historical daily maximum<br>2.0 kPa<br>2023-05-29","DATE: May-29</b><br>Normal: 1.2 kPa<br>Period: 1991-2020","3010237","ANDREW+AGDM",2002,2024
"05-30","TMAX",2001-05-30,18.9,7.1,23.8,4.93343186838533,11.06,17.7,22.5,23.24,NA,NA,NA,NA,NA,5,2023-05-30,"","DATE: May-30<br><b>Maximum temperature</b><br>10-90 percentile<br>11.1 to 23.2 °C","Historical daily maximum<br>23.8 °C<br>2023-05-30","DATE: May-30</b><br>Normal: 18.9 °C<br>Period: 1991-2020","3010237","ANDREW+AGDM",2002,2024
"05-30","TMIN",2001-05-30,6.34705882352941,0.5,11.8,2.88446651199551,2.7,4.7,8.2,9.36,NA,NA,NA,NA,NA,5,2013-05-30,"","DATE: May-30<br><b>Minimum temperature</b><br>10-90 percentile<br>2.7 to 9.4 °C","Historical daily maximum<br>11.8 °C<br>2013-05-30","DATE: May-30</b><br>Normal: 6.3 °C<br>Period: 1991-2020","3010237","ANDREW+AGDM",2002,2024
"05-30","VPD",2001-05-30,1.28872284485414,0.148746065254649,2.05131491511807,0.576295577611253,0.349052631036187,0.964075314556108,1.64440522784055,1.91271216401243,NA,NA,NA,NA,NA,5,2021-05-30,"","DATE: May-30<br><b>Vapour pressure deficit</b><br>10-90 percentile<br>0.3 to 1.9 kPa","Historical daily maximum<br>2.1 kPa<br>2021-05-30","DATE: May-30</b><br>Normal: 1.3 kPa<br>Period: 1991-2020","3010237","ANDREW+AGDM",2002,2024
"05-31","TMAX",2001-05-31,21.2166666666667,13.2,29.8,4.27939660397557,14.41,18.675,23.775,25.08,NA,NA,NA,NA,NA,5,2017-05-31,"","DATE: May-31<br><b>Maximum temperature</b><br>10-90 percentile<br>14.4 to 25.1 °C","Historical daily maximum<br>29.8 °C<br>2017-05-31","DATE: May-31</b><br>Normal: 21.2 °C<br>Period: 1991-2020","3010237","ANDREW+AGDM",2002,2024
"05-31","TMIN",2001-05-31,6.11176470588235,2.2,11.4,2.77733738339015,2.94,4.4,7.8,10.34,NA,NA,NA,NA,NA,5,2021-05-31,"","DATE: May-31<br><b>Minimum temperature</b><br>10-90 percentile<br>2.9 to 10.3 °C","Historical daily maximum<br>11.4 °C<br>2021-05-31","DATE: May-31</b><br>Normal: 6.1 °C<br>Period: 1991-2020","3010237","ANDREW+AGDM",2002,2024
"05-31","VPD",2001-05-31,1.63069088779321,0.671334825972049,2.88191847181151,0.596059690399084,0.786391395098093,1.30294996640758,1.93560756457351,2.25763911341757,NA,NA,NA,NA,NA,5,2017-05-31,"","DATE: May-31<br><b>Vapour pressure deficit</b><br>10-90 percentile<br>0.8 to 2.3 kPa","Historical daily maximum<br>2.9 kPa<br>2017-05-31","DATE: May-31</b><br>Normal: 1.6 kPa<br>Period: 1991-2020","3010237","ANDREW+AGDM",2002,2024
"06-01","TMAX",2001-06-01,20.6411764705882,10.6,28.3,4.36406616922931,16.54,18.1,22.1,26.52,NA,NA,NA,NA,NA,6,2007-06-01,"","DATE: Jun-01<br><b>Maximum temperature</b><br>10-90 percentile<br>16.5 to 26.5 °C","Historical daily maximum<br>28.3 °C<br>2007-06-01","DATE: Jun-01</b><br>Normal: 20.6 °C<br>Period: 1991-2020","3010237","ANDREW+AGDM",2002,2024
"06-01","TMIN",2001-06-01,6.81111111111111,0.3,13,3.75168807321355,1.05,4.95,9.55,11.27,NA,NA,NA,NA,NA,6,2017-06-01,"","DATE: Jun-01<br><b>Minimum temperature</b><br>10-90 percentile<br>1.0 to 11.3 °C","Historical daily maximum<br>13.0 °C<br>2017-06-01","DATE: Jun-01</b><br>Normal: 6.8 °C<br>Period: 1991-2020","3010237","ANDREW+AGDM",2002,2024
"06-01","VPD",2001-06-01,1.51675710107406,0.399797053280871,2.71137542139524,0.628029478922889,0.834589741166999,1.04008098988428,1.72565022137481,2.42399366425646,NA,NA,NA,NA,NA,6,2006-06-01,"","DATE: Jun-01<br><b>Vapour pressure deficit</b><br>10-90 percentile<br>0.8 to 2.4 kPa","Historical daily maximum<br>2.7 kPa<br>2006-06-01","DATE: Jun-01</b><br>Normal: 1.5 kPa<br>Period: 1991-2020","3010237","ANDREW+AGDM",2002,2024
"06-02","TMAX",2001-06-02,21.1833333333333,14.6,30.9,4.32506375335535,15.25,19.425,22.725,25.16,NA,NA,NA,NA,NA,6,2007-06-02,"","DATE: Jun-02<br><b>Maximum temperature</b><br>10-90 percentile<br>15.2 to 25.2 °C","Historical daily maximum<br>30.9 °C<br>2007-06-02","DATE: Jun-02</b><br>Normal: 21.2 °C<br>Period: 1991-2020","3010237","ANDREW+AGDM",2002,2024
"06-02","TMIN",2001-06-02,7.05,0.1,11,3.0561894767254,2.22,6.425,9.2,10.14,NA,NA,NA,NA,NA,6,2021-06-02,"","DATE: Jun-02<br><b>Minimum temperature</b><br>10-90 percentile<br>2.2 to 10.1 °C","Historical daily maximum<br>11.0 °C<br>2021-06-02","DATE: Jun-02</b><br>Normal: 7.0 °C<br>Period: 1991-2020","3010237","ANDREW+AGDM",2002,2024
"06-02","VPD",2001-06-02,1.56829084823241,0.498964603015757,3.24732046244317,0.701216127853171,0.794613848003199,1.20459757116605,1.85166516273158,2.29358804923272,NA,NA,NA,NA,NA,6,2007-06-02,"","DATE: Jun-02<br><b>Vapour pressure deficit</b><br>10-90 percentile<br>0.8 to 2.3 kPa","Historical daily maximum<br>3.2 kPa<br>2007-06-02","DATE: Jun-02</b><br>Normal: 1.6 kPa<br>Period: 1991-2020","3010237","ANDREW+AGDM",2002,2024
"06-03","TMAX",2001-06-03,20.4888888888889,11.5,25.7,4.167505797856,13.14,19.4,22.875,24.02,NA,NA,NA,NA,NA,6,2021-06-03,"","DATE: Jun-03<br><b>Maximum temperature</b><br>10-90 percentile<br>13.1 to 24.0 °C","Historical daily maximum<br>25.7 °C<br>2021-06-03","DATE: Jun-03</b><br>Normal: 20.5 °C<br>Period: 1991-2020","3010237","ANDREW+AGDM",2002,2024
"06-03","TMIN",2001-06-03,7.75,3,13.4,2.72919940857474,4.24,6.1,9.05,10.99,NA,NA,NA,NA,NA,6,2021-06-03,"","DATE: Jun-03<br><b>Minimum temperature</b><br>10-90 percentile<br>4.2 to 11.0 °C","Historical daily maximum<br>13.4 °C<br>2021-06-03","DATE: Jun-03</b><br>Normal: 7.8 °C<br>Period: 1991-2020","3010237","ANDREW+AGDM",2002,2024
"06-03","VPD",2001-06-03,1.4014092478744,0.437340661514123,2.48328335062514,0.549975593152077,0.571015350229191,1.03084280551548,1.68481586849479,1.93864695549462,NA,NA,NA,NA,NA,6,2009-06-03,"","DATE: Jun-03<br><b>Vapour pressure deficit</b><br>10-90 percentile<br>0.6 to 1.9 kPa","Historical daily maximum<br>2.5 kPa<br>2009-06-03","DATE: Jun-03</b><br>Normal: 1.4 kPa<br>Period: 1991-2020","3010237","ANDREW+AGDM",2002,2024
"06-04","TMAX",2001-06-04,20.2,9.9,25.8,4.19602986961088,15.2,18.825,22.975,24.75,NA,NA,NA,NA,NA,6,2021-06-04,"","DATE: Jun-04<br><b>Maximum temperature</b><br>10-90 percentile<br>15.2 to 24.8 °C","Historical daily maximum<br>25.8 °C<br>2021-06-04","DATE: Jun-04</b><br>Normal: 20.2 °C<br>Period: 1991-2020","3010237","ANDREW+AGDM",2002,2024
"06-04","TMIN",2001-06-04,7.3625,1.4,11.1,2.97811461610642,3.55,4.85,9.6,10.45,NA,NA,NA,NA,NA,6,2016-06-04,"","DATE: Jun-04<br><b>Minimum temperature</b><br>10-90 percentile<br>3.5 to 10.4 °C","Historical daily maximum<br>11.1 °C<br>2016-06-04","DATE: Jun-04</b><br>Normal: 7.4 °C<br>Period: 1991-2020","3010237","ANDREW+AGDM",2002,2024
"06-04","VPD",2001-06-04,1.38534313896573,0.543848225590349,2.38983087222923,0.565706465380002,0.626587856647513,1.0372225579393,1.87144141859936,2.04871231083437,NA,NA,NA,NA,NA,6,2004-06-04,"","DATE: Jun-04<br><b>Vapour pressure deficit</b><br>10-90 percentile<br>0.6 to 2.0 kPa","Historical daily maximum<br>2.4 kPa<br>2004-06-04","DATE: Jun-04</b><br>Normal: 1.4 kPa<br>Period: 1991-2020","3010237","ANDREW+AGDM",2002,2024
"06-05","TMAX",2001-06-05,19.8555555555556,9.9,26.1,4.40871092567247,14.23,17.975,23.775,24.71,NA,NA,NA,NA,NA,6,2004-06-05,"","DATE: Jun-05<br><b>Maximum temperature</b><br>10-90 percentile<br>14.2 to 24.7 °C","Historical daily maximum<br>26.1 °C<br>2004-06-05","DATE: Jun-05</b><br>Normal: 19.9 °C<br>Period: 1991-2020","3010237","ANDREW+AGDM",2002,2024
"06-05","TMIN",2001-06-05,7.44444444444444,2.3,12.7,3.06540894925029,3.66,4.725,9.8,11.08,NA,NA,NA,NA,NA,6,2007-06-05,"","DATE: Jun-05<br><b>Minimum temperature</b><br>10-90 percentile<br>3.7 to 11.1 °C","Historical daily maximum<br>12.7 °C<br>2007-06-05","DATE: Jun-05</b><br>Normal: 7.4 °C<br>Period: 1991-2020","3010237","ANDREW+AGDM",2002,2024
"06-05","VPD",2001-06-05,1.33465268280472,0.412203441956495,2.33031595462377,0.558743889692466,0.674365508400191,0.960053512879809,1.83081429813043,2.02180644812643,NA,NA,NA,NA,NA,6,2004-06-05,"","DATE: Jun-05<br><b>Vapour pressure deficit</b><br>10-90 percentile<br>0.7 to 2.0 kPa","Historical daily maximum<br>2.3 kPa<br>2004-06-05","DATE: Jun-05</b><br>Normal: 1.3 kPa<br>Period: 1991-2020","3010237","ANDREW+AGDM",2002,2024
"06-06","TMAX",2001-06-06,18.5176470588235,10.9,26.6,4.6195556190663,12.28,14.9,21.9,23.12,NA,NA,NA,NA,NA,6,2015-06-06,"","DATE: Jun-06<br><b>Maximum temperature</b><br>10-90 percentile<br>12.3 to 23.1 °C","Historical daily maximum<br>26.6 °C<br>2015-06-06","DATE: Jun-06</b><br>Normal: 18.5 °C<br>Period: 1991-2020","3010237","ANDREW+AGDM",2002,2024
"06-06","TMIN",2001-06-06,6.91111111111111,-0.1,11.7,3.43629227149895,2.53,4.925,9.1,11.11,NA,NA,NA,NA,NA,6,2004-06-06,"","DATE: Jun-06<br><b>Minimum temperature</b><br>10-90 percentile<br>2.5 to 11.1 °C","Historical daily maximum<br>11.7 °C<br>2004-06-06","DATE: Jun-06</b><br>Normal: 6.9 °C<br>Period: 1991-2020","3010237","ANDREW+AGDM",2002,2024
"06-06","VPD",2001-06-06,1.19820194554803,0.314623561744251,2.11652704588485,0.562428179268376,0.483677245387382,0.914848376920137,1.51800595338398,1.96188940055999,NA,NA,NA,NA,NA,6,2015-06-06,"","DATE: Jun-06<br><b>Vapour pressure deficit</b><br>10-90 percentile<br>0.5 to 2.0 kPa","Historical daily maximum<br>2.1 kPa<br>2015-06-06","DATE: Jun-06</b><br>Normal: 1.2 kPa<br>Period: 1991-2020","3010237","ANDREW+AGDM",2002,2024
"06-07","TMAX",2001-06-07,19.1647058823529,7.8,27.8,5.61915709609442,11.82,17.1,21,26.26,NA,NA,NA,NA,NA,6,2023-06-07,"","DATE: Jun-07<br><b>Maximum temperature</b><br>10-90 percentile<br>11.8 to 26.3 °C","Historical daily maximum<br>27.8 °C<br>2023-06-07","DATE: Jun-07</b><br>Normal: 19.2 °C<br>Period: 1991-2020","3010237","ANDREW+AGDM",2002,2024
"06-07","TMIN",2001-06-07,6.57777777777778,-0.4,14.9,4.03784385613609,1.63,4,9.75,10.23,NA,NA,NA,NA,NA,6,2016-06-07,"","DATE: Jun-07<br><b>Minimum temperature</b><br>10-90 percentile<br>1.6 to 10.2 °C","Historical daily maximum<br>14.9 °C<br>2016-06-07","DATE: Jun-07</b><br>Normal: 6.6 °C<br>Period: 1991-2020","3010237","ANDREW+AGDM",2002,2024
"06-07","VPD",2001-06-07,1.32113845485356,0.289653531729626,2.57247037725818,0.628013433544118,0.628389000804175,0.93417145338352,1.65674066611187,2.17411385501202,NA,NA,NA,NA,NA,6,2023-06-07,"","DATE: Jun-07<br><b>Vapour pressure deficit</b><br>10-90 percentile<br>0.6 to 2.2 kPa","Historical daily maximum<br>2.6 kPa<br>2023-06-07","DATE: Jun-07</b><br>Normal: 1.3 kPa<br>Period: 1991-2020","3010237","ANDREW+AGDM",2002,2024
"06-08","TMAX",2001-06-08,18.5,11.9,25.3,4.07768316572046,13.46,14.9,21.5,23.54,NA,NA,NA,NA,NA,6,2023-06-08,"","DATE: Jun-08<br><b>Maximum temperature</b><br>10-90 percentile<br>13.5 to 23.5 °C","Historical daily maximum<br>25.3 °C<br>2023-06-08","DATE: Jun-08</b><br>Normal: 18.5 °C<br>Period: 1991-2020","3010237","ANDREW+AGDM",2002,2024
"06-08","TMIN",2001-06-08,7.25555555555556,0,13.7,4.27113736364039,1.17,4.15,9.9,13.26,NA,NA,NA,NA,NA,6,2017-06-08,"","DATE: Jun-08<br><b>Minimum temperature</b><br>10-90 percentile<br>1.2 to 13.3 °C","Historical daily maximum<br>13.7 °C<br>2017-06-08","DATE: Jun-08</b><br>Normal: 7.3 °C<br>Period: 1991-2020","3010237","ANDREW+AGDM",2002,2024
"06-08","VPD",2001-06-08,1.16158433935357,0.367268846912473,1.94661168414167,0.431196300322991,0.670827239886677,0.867539614234479,1.37805205030331,1.6278338950157,NA,NA,NA,NA,NA,6,2023-06-08,"","DATE: Jun-08<br><b>Vapour pressure deficit</b><br>10-90 percentile<br>0.7 to 1.6 kPa","Historical daily maximum<br>1.9 kPa<br>2023-06-08","DATE: Jun-08</b><br>Normal: 1.2 kPa<br>Period: 1991-2020","3010237","ANDREW+AGDM",2002,2024
"06-09","TMAX",2001-06-09,17.93125,12.8,25.5,4.1379090935721,13.55,14.55,19.725,24.4,NA,NA,NA,NA,NA,6,2023-06-09,"","DATE: Jun-09<br><b>Maximum temperature</b><br>10-90 percentile<br>13.6 to 24.4 °C","Historical daily maximum<br>25.5 °C<br>2023-06-09","DATE: Jun-09</b><br>Normal: 17.9 °C<br>Period: 1991-2020","3010237","ANDREW+AGDM",2002,2024
"06-09","TMIN",2001-06-09,6.17222222222222,-1.3,11.6,3.32031280517107,2.33,4.425,8.4,10.14,NA,NA,NA,NA,NA,6,2018-06-09,"","DATE: Jun-09<br><b>Minimum temperature</b><br>10-90 percentile<br>2.3 to 10.1 °C","Historical daily maximum<br>11.6 °C<br>2018-06-09","DATE: Jun-09</b><br>Normal: 6.2 °C<br>Period: 1991-2020","3010237","ANDREW+AGDM",2002,2024
"06-09","VPD",2001-06-09,1.14312314428911,0.420044710527582,2.2382052682637,0.565390476426801,0.49241816010757,0.812030239337579,1.53749004911804,1.95986589834848,NA,NA,NA,NA,NA,6,2023-06-09,"","DATE: Jun-09<br><b>Vapour pressure deficit</b><br>10-90 percentile<br>0.5 to 2.0 kPa","Historical daily maximum<br>2.2 kPa<br>2023-06-09","DATE: Jun-09</b><br>Normal: 1.1 kPa<br>Period: 1991-2020","3010237","ANDREW+AGDM",2002,2024
"06-10","TMAX",2001-06-10,17.9611111111111,9.3,24.6,3.96694264981586,13.35,15.5,20.475,22.58,NA,NA,NA,NA,NA,6,2023-06-10,"","DATE: Jun-10<br><b>Maximum temperature</b><br>10-90 percentile<br>13.4 to 22.6 °C","Historical daily maximum<br>24.6 °C<br>2023-06-10","DATE: Jun-10</b><br>Normal: 18.0 °C<br>Period: 1991-2020","3010237","ANDREW+AGDM",2002,2024
"06-10","TMIN",2001-06-10,6.71111111111111,1.8,9.6,1.96973837883252,4.45,5.45,8.025,8.85,NA,NA,NA,NA,NA,6,2023-06-10,"","DATE: Jun-10<br><b>Minimum temperature</b><br>10-90 percentile<br>4.4 to 8.8 °C","Historical daily maximum<br>9.6 °C<br>2023-06-10","DATE: Jun-10</b><br>Normal: 6.7 °C<br>Period: 1991-2020","3010237","ANDREW+AGDM",2002,2024
"06-10","VPD",2001-06-10,1.12143252433344,0.299225378456496,2.20851690644063,0.550398668043277,0.449793225413479,0.618862489114582,1.34048360577686,1.85111059902895,NA,NA,NA,NA,NA,6,2011-06-10,"","DATE: Jun-10<br><b>Vapour pressure deficit</b><br>10-90 percentile<br>0.4 to 1.9 kPa","Historical daily maximum<br>2.2 kPa<br>2011-06-10","DATE: Jun-10</b><br>Normal: 1.1 kPa<br>Period: 1991-2020","3010237","ANDREW+AGDM",2002,2024
"06-11","TMAX",2001-06-11,18.0470588235294,9.2,24.9,4.2239077947824,12.56,15.4,21.1,22.42,NA,NA,NA,NA,NA,6,2023-06-11,"","DATE: Jun-11<br><b>Maximum temperature</b><br>10-90 percentile<br>12.6 to 22.4 °C","Historical daily maximum<br>24.9 °C<br>2023-06-11","DATE: Jun-11</b><br>Normal: 18.0 °C<br>Period: 1991-2020","3010237","ANDREW+AGDM",2002,2024
"06-11","TMIN",2001-06-11,7.39444444444444,0.6,9.8,2.6816308080811,3.32,6.625,9,9.73,NA,NA,NA,NA,NA,6,2023-06-11,"","DATE: Jun-11<br><b>Minimum temperature</b><br>10-90 percentile<br>3.3 to 9.7 °C","Historical daily maximum<br>9.8 °C<br>2023-06-11","DATE: Jun-11</b><br>Normal: 7.4 °C<br>Period: 1991-2020","3010237","ANDREW+AGDM",2002,2024
"06-11","VPD",2001-06-11,1.08248253755706,0.188993106868384,2.04171912370972,0.576772052330316,0.316400709373561,0.583586255088168,1.48687241087106,1.80382415939799,NA,NA,NA,NA,NA,6,2024-06-11,"","DATE: Jun-11<br><b>Vapour pressure deficit</b><br>10-90 percentile<br>0.3 to 1.8 kPa","Historical daily maximum<br>2.0 kPa<br>2024-06-11","DATE: Jun-11</b><br>Normal: 1.1 kPa<br>Period: 1991-2020","3010237","ANDREW+AGDM",2002,2024
"06-12","TMAX",2001-06-12,19.8888888888889,10.5,26.7,5.09000044942664,12.5,17.425,24.075,25.73,NA,NA,NA,NA,NA,6,2023-06-12,"","DATE: Jun-12<br><b>Maximum temperature</b><br>10-90 percentile<br>12.5 to 25.7 °C","Historical daily maximum<br>26.7 °C<br>2023-06-12","DATE: Jun-12</b><br>Normal: 19.9 °C<br>Period: 1991-2020","3010237","ANDREW+AGDM",2002,2024
"06-12","TMIN",2001-06-12,7.58333333333333,3.6,12.7,2.56130711115381,4.12,6.025,9.475,10.68,NA,NA,NA,NA,NA,6,2023-06-12,"","DATE: Jun-12<br><b>Minimum temperature</b><br>10-90 percentile<br>4.1 to 10.7 °C","Historical daily maximum<br>12.7 °C<br>2023-06-12","DATE: Jun-12</b><br>Normal: 7.6 °C<br>Period: 1991-2020","3010237","ANDREW+AGDM",2002,2024
"06-12","VPD",2001-06-12,1.35929534251371,0.179764233534268,2.40946427709593,0.705399237833983,0.321155804161846,0.97063101980342,1.99211601135929,2.11348910123967,NA,NA,NA,NA,NA,6,2010-06-12,"","DATE: Jun-12<br><b>Vapour pressure deficit</b><br>10-90 percentile<br>0.3 to 2.1 kPa","Historical daily maximum<br>2.4 kPa<br>2010-06-12","DATE: Jun-12</b><br>Normal: 1.4 kPa<br>Period: 1991-2020","3010237","ANDREW+AGDM",2002,2024
"06-13","TMAX",2001-06-13,21.2111111111111,12.7,29.1,4.62803336315303,14.81,19.7,23.2,27.77,NA,NA,NA,NA,NA,6,2009-06-13,"","DATE: Jun-13<br><b>Maximum temperature</b><br>10-90 percentile<br>14.8 to 27.8 °C","Historical daily maximum<br>29.1 °C<br>2009-06-13","DATE: Jun-13</b><br>Normal: 21.2 °C<br>Period: 1991-2020","3010237","ANDREW+AGDM",2002,2024
"06-13","TMIN",2001-06-13,8.35,3.7,13.6,3.07499402199323,4.45,6.15,9.825,13.02,NA,NA,NA,NA,NA,6,2020-06-13,"","DATE: Jun-13<br><b>Minimum temperature</b><br>10-90 percentile<br>4.4 to 13.0 °C","Historical daily maximum<br>13.6 °C<br>2020-06-13","DATE: Jun-13</b><br>Normal: 8.3 °C<br>Period: 1991-2020","3010237","ANDREW+AGDM",2002,2024
"06-13","VPD",2001-06-13,1.48490225956911,0.50697750123068,2.91903153237012,0.691779842406525,0.687664928655798,0.967486484561976,1.74088093083192,2.49964812820201,NA,NA,NA,NA,NA,6,2009-06-13,"","DATE: Jun-13<br><b>Vapour pressure deficit</b><br>10-90 percentile<br>0.7 to 2.5 kPa","Historical daily maximum<br>2.9 kPa<br>2009-06-13","DATE: Jun-13</b><br>Normal: 1.5 kPa<br>Period: 1991-2020","3010237","ANDREW+AGDM",2002,2024
"06-14","TMAX",2001-06-14,19.2058823529412,12.3,29.3,3.90807986552145,14.62,16.4,20.5,22.8,NA,NA,NA,NA,NA,6,2009-06-14,"","DATE: Jun-14<br><b>Maximum temperature</b><br>10-90 percentile<br>14.6 to 22.8 °C","Historical daily maximum<br>29.3 °C<br>2009-06-14","DATE: Jun-14</b><br>Normal: 19.2 °C<br>Period: 1991-2020","3010237","ANDREW+AGDM",2002,2024
"06-14","TMIN",2001-06-14,8.81176470588235,3.9,13.1,2.67742468450122,5.74,7.3,10.3,12.7,NA,NA,NA,NA,NA,6,2021-06-14,"","DATE: Jun-14<br><b>Minimum temperature</b><br>10-90 percentile<br>5.7 to 12.7 °C","Historical daily maximum<br>13.1 °C<br>2021-06-14","DATE: Jun-14</b><br>Normal: 8.8 °C<br>Period: 1991-2020","3010237","ANDREW+AGDM",2002,2024
"06-14","VPD",2001-06-14,1.13349419366878,0.324658436018326,3.00288037987986,0.613499568510446,0.532452255040894,0.693584652439681,1.30857015689065,1.54196755641435,NA,NA,NA,NA,NA,6,2009-06-14,"","DATE: Jun-14<br><b>Vapour pressure deficit</b><br>10-90 percentile<br>0.5 to 1.5 kPa","Historical daily maximum<br>3.0 kPa<br>2009-06-14","DATE: Jun-14</b><br>Normal: 1.1 kPa<br>Period: 1991-2020","3010237","ANDREW+AGDM",2002,2024
"06-15","TMAX",2001-06-15,19.1222222222222,14.1,27.4,2.92284220168447,16.14,17.5,20.2,21.15,NA,NA,NA,NA,NA,6,2009-06-15,"","DATE: Jun-15<br><b>Maximum temperature</b><br>10-90 percentile<br>16.1 to 21.1 °C","Historical daily maximum<br>27.4 °C<br>2009-06-15","DATE: Jun-15</b><br>Normal: 19.1 °C<br>Period: 1991-2020","3010237","ANDREW+AGDM",2002,2024
"06-15","TMIN",2001-06-15,7.98333333333333,3,11.7,2.46654080230021,5.19,6.475,9.9,11.25,NA,NA,NA,NA,NA,6,2021-06-15,"","DATE: Jun-15<br><b>Minimum temperature</b><br>10-90 percentile<br>5.2 to 11.2 °C","Historical daily maximum<br>11.7 °C<br>2021-06-15","DATE: Jun-15</b><br>Normal: 8.0 °C<br>Period: 1991-2020","3010237","ANDREW+AGDM",2002,2024
"06-15","VPD",2001-06-15,1.16185797318771,0.287542939865265,2.6059762247089,0.537770759708153,0.56520491092385,0.825014045293614,1.43842353693047,1.64910223399065,NA,NA,NA,NA,NA,6,2009-06-15,"","DATE: Jun-15<br><b>Vapour pressure deficit</b><br>10-90 percentile<br>0.6 to 1.6 kPa","Historical daily maximum<br>2.6 kPa<br>2009-06-15","DATE: Jun-15</b><br>Normal: 1.2 kPa<br>Period: 1991-2020","3010237","ANDREW+AGDM",2002,2024
"06-16","TMAX",2001-06-16,20.1166666666667,12.6,24.8,3.28423148858119,15.48,18.175,22.95,23.3,NA,NA,NA,NA,NA,6,2009-06-16,"","DATE: Jun-16<br><b>Maximum temperature</b><br>10-90 percentile<br>15.5 to 23.3 °C","Historical daily maximum<br>24.8 °C<br>2009-06-16","DATE: Jun-16</b><br>Normal: 20.1 °C<br>Period: 1991-2020","3010237","ANDREW+AGDM",2002,2024
"06-16","TMIN",2001-06-16,7.47222222222222,1.8,11,3.11840939008704,3.53,4.9,10.45,10.76,NA,NA,NA,NA,NA,6,2013-06-16,"","DATE: Jun-16<br><b>Minimum temperature</b><br>10-90 percentile<br>3.5 to 10.8 °C","Historical daily maximum<br>11.0 °C<br>2013-06-16","DATE: Jun-16</b><br>Normal: 7.5 °C<br>Period: 1991-2020","3010237","ANDREW+AGDM",2002,2024
"06-16","VPD",2001-06-16,1.34006405034477,0.610775990938274,2.00978216227419,0.466789474114627,0.697446816218637,1.04028909896578,1.67079707563028,1.8876491853981,NA,NA,NA,NA,NA,6,2023-06-16,"","DATE: Jun-16<br><b>Vapour pressure deficit</b><br>10-90 percentile<br>0.7 to 1.9 kPa","Historical daily maximum<br>2.0 kPa<br>2023-06-16","DATE: Jun-16</b><br>Normal: 1.3 kPa<br>Period: 1991-2020","3010237","ANDREW+AGDM",2002,2024
"06-17","TMAX",2001-06-17,20.5176470588235,13.7,27.1,4.14159318591856,15.9,18.1,24.1,26.02,NA,NA,NA,NA,NA,6,2008-06-17,"","DATE: Jun-17<br><b>Maximum temperature</b><br>10-90 percentile<br>15.9 to 26.0 °C","Historical daily maximum<br>27.1 °C<br>2008-06-17","DATE: Jun-17</b><br>Normal: 20.5 °C<br>Period: 1991-2020","3010237","ANDREW+AGDM",2002,2024
"06-17","TMIN",2001-06-17,8.00555555555556,0.5,10.6,2.49245265981882,5.67,7.3,9.575,10.16,NA,NA,NA,NA,NA,6,2022-06-17,"","DATE: Jun-17<br><b>Minimum temperature</b><br>10-90 percentile<br>5.7 to 10.2 °C","Historical daily maximum<br>10.6 °C<br>2022-06-17","DATE: Jun-17</b><br>Normal: 8.0 °C<br>Period: 1991-2020","3010237","ANDREW+AGDM",2002,2024
"06-17","VPD",2001-06-17,1.39774563653279,0.289531462637453,2.63160068575164,0.687288694868845,0.663335014855739,0.916633443482472,1.95798310906886,2.39244913868047,NA,NA,NA,NA,NA,6,2009-06-17,"","DATE: Jun-17<br><b>Vapour pressure deficit</b><br>10-90 percentile<br>0.7 to 2.4 kPa","Historical daily maximum<br>2.6 kPa<br>2009-06-17","DATE: Jun-17</b><br>Normal: 1.4 kPa<br>Period: 1991-2020","3010237","ANDREW+AGDM",2002,2024
"06-18","TMAX",2001-06-18,21.1058823529412,15.3,30.9,3.68738908108354,17.72,18.2,21.9,25.3,NA,NA,NA,NA,NA,6,2003-06-18,"","DATE: Jun-18<br><b>Maximum temperature</b><br>10-90 percentile<br>17.7 to 25.3 °C","Historical daily maximum<br>30.9 °C<br>2003-06-18","DATE: Jun-18</b><br>Normal: 21.1 °C<br>Period: 1991-2020","3010237","ANDREW+AGDM",2002,2024
"06-18","TMIN",2001-06-18,8.24117647058823,2.3,13.4,2.76971542390401,5.48,6.5,9.5,11.6,NA,NA,NA,NA,NA,6,2003-06-18,"","DATE: Jun-18<br><b>Minimum temperature</b><br>10-90 percentile<br>5.5 to 11.6 °C","Historical daily maximum<br>13.4 °C<br>2003-06-18","DATE: Jun-18</b><br>Normal: 8.2 °C<br>Period: 1991-2020","3010237","ANDREW+AGDM",2002,2024
"06-18","VPD",2001-06-18,1.45281462533109,0.553708637214595,2.92966487090873,0.603174527967543,0.79205530954663,1.0960120758437,1.82364555247941,2.096869463063,NA,NA,NA,NA,NA,6,2003-06-18,"","DATE: Jun-18<br><b>Vapour pressure deficit</b><br>10-90 percentile<br>0.8 to 2.1 kPa","Historical daily maximum<br>2.9 kPa<br>2003-06-18","DATE: Jun-18</b><br>Normal: 1.5 kPa<br>Period: 1991-2020","3010237","ANDREW+AGDM",2002,2024
"06-19","TMAX",2001-06-19,21.0176470588235,16.6,27.8,3.01314522013909,17.78,19.6,22.2,25.3,NA,NA,NA,NA,NA,6,2018-06-19,"","DATE: Jun-19<br><b>Maximum temperature</b><br>10-90 percentile<br>17.8 to 25.3 °C","Historical daily maximum<br>27.8 °C<br>2018-06-19","DATE: Jun-19</b><br>Normal: 21.0 °C<br>Period: 1991-2020","3010237","ANDREW+AGDM",2002,2024
"06-19","TMIN",2001-06-19,8.55294117647059,4.8,13,2.62562317532877,5.76,6.7,10.8,12.4,NA,NA,NA,NA,NA,6,2014-06-19,"","DATE: Jun-19<br><b>Minimum temperature</b><br>10-90 percentile<br>5.8 to 12.4 °C","Historical daily maximum<br>13.0 °C<br>2014-06-19","DATE: Jun-19</b><br>Normal: 8.6 °C<br>Period: 1991-2020","3010237","ANDREW+AGDM",2002,2024
"06-19","VPD",2001-06-19,1.39713432257171,0.391381224884552,2.31496671977363,0.56255190117445,0.731458266459732,1.02848167742745,1.74422491678441,2.18971715404223,NA,NA,NA,NA,NA,6,2018-06-19,"","DATE: Jun-19<br><b>Vapour pressure deficit</b><br>10-90 percentile<br>0.7 to 2.2 kPa","Historical daily maximum<br>2.3 kPa<br>2018-06-19","DATE: Jun-19</b><br>Normal: 1.4 kPa<br>Period: 1991-2020","3010237","ANDREW+AGDM",2002,2024
"06-20","TMAX",2001-06-20,20.8117647058824,16.8,27.8,3.22817331337344,17.42,18.9,22.8,24.98,NA,NA,NA,NA,NA,6,2018-06-20,"","DATE: Jun-20<br><b>Maximum temperature</b><br>10-90 percentile<br>17.4 to 25.0 °C","Historical daily maximum<br>27.8 °C<br>2018-06-20","DATE: Jun-20</b><br>Normal: 20.8 °C<br>Period: 1991-2020","3010237","ANDREW+AGDM",2002,2024
"06-20","TMIN",2001-06-20,8.47222222222222,3.8,13.1,2.71462391622411,5.32,6.175,10.65,11.63,NA,NA,NA,NA,NA,6,2011-06-20,"","DATE: Jun-20<br><b>Minimum temperature</b><br>10-90 percentile<br>5.3 to 11.6 °C","Historical daily maximum<br>13.1 °C<br>2011-06-20","DATE: Jun-20</b><br>Normal: 8.5 °C<br>Period: 1991-2020","3010237","ANDREW+AGDM",2002,2024
"06-20","VPD",2001-06-20,1.38952557791546,0.517779674987754,2.74902995192363,0.551678600361782,0.91811762027075,1.099774936272,1.58195804574745,2.08896878253363,NA,NA,NA,NA,NA,6,2010-06-20,"","DATE: Jun-20<br><b>Vapour pressure deficit</b><br>10-90 percentile<br>0.9 to 2.1 kPa","Historical daily maximum<br>2.7 kPa<br>2010-06-20","DATE: Jun-20</b><br>Normal: 1.4 kPa<br>Period: 1991-2020","3010237","ANDREW+AGDM",2002,2024
"06-21","TMAX",2001-06-21,21.45,12.3,28.2,4.5444536331147,15.6,18.25,24.075,27.07,NA,NA,NA,NA,NA,6,2018-06-21,"","DATE: Jun-21<br><b>Maximum temperature</b><br>10-90 percentile<br>15.6 to 27.1 °C","Historical daily maximum<br>28.2 °C<br>2018-06-21","DATE: Jun-21</b><br>Normal: 21.4 °C<br>Period: 1991-2020","3010237","ANDREW+AGDM",2002,2024
"06-21","TMIN",2001-06-21,8.45,5.9,14.1,2.09656581945192,6.17,7.025,9.1,11.21,NA,NA,NA,NA,NA,6,2018-06-21,"","DATE: Jun-21<br><b>Minimum temperature</b><br>10-90 percentile<br>6.2 to 11.2 °C","Historical daily maximum<br>14.1 °C<br>2018-06-21","DATE: Jun-21</b><br>Normal: 8.4 °C<br>Period: 1991-2020","3010237","ANDREW+AGDM",2002,2024
"06-21","VPD",2001-06-21,1.52143351550305,0.428692978436056,2.70564473281196,0.668518922567581,0.667180113967124,1.02855293679803,1.90047208446454,2.40684190801372,NA,NA,NA,NA,NA,6,2008-06-21,"","DATE: Jun-21<br><b>Vapour pressure deficit</b><br>10-90 percentile<br>0.7 to 2.4 kPa","Historical daily maximum<br>2.7 kPa<br>2008-06-21","DATE: Jun-21</b><br>Normal: 1.5 kPa<br>Period: 1991-2020","3010237","ANDREW+AGDM",2002,2024
"06-22","TMAX",2001-06-22,20.7222222222222,8.6,26.9,4.29754451854648,17.02,19.125,23.9,24.85,NA,NA,NA,NA,NA,6,2021-06-22,"","DATE: Jun-22<br><b>Maximum temperature</b><br>10-90 percentile<br>17.0 to 24.8 °C","Historical daily maximum<br>26.9 °C<br>2021-06-22","DATE: Jun-22</b><br>Normal: 20.7 °C<br>Period: 1991-2020","3010237","ANDREW+AGDM",2002,2024
"06-22","TMIN",2001-06-22,8.71111111111111,5.1,14.8,2.60155810528295,5.51,7.275,10.65,11.62,NA,NA,NA,NA,NA,6,2018-06-22,"","DATE: Jun-22<br><b>Minimum temperature</b><br>10-90 percentile<br>5.5 to 11.6 °C","Historical daily maximum<br>14.8 °C<br>2018-06-22","DATE: Jun-22</b><br>Normal: 8.7 °C<br>Period: 1991-2020","3010237","ANDREW+AGDM",2002,2024
"06-22","VPD",2001-06-22,1.37043897581913,0.18874842471433,2.02759699961507,0.539720676785267,0.661880060616219,1.05550456685254,1.84087574372053,1.9054544396814,NA,NA,NA,NA,NA,6,2021-06-22,"","DATE: Jun-22<br><b>Vapour pressure deficit</b><br>10-90 percentile<br>0.7 to 1.9 kPa","Historical daily maximum<br>2.0 kPa<br>2021-06-22","DATE: Jun-22</b><br>Normal: 1.4 kPa<br>Period: 1991-2020","3010237","ANDREW+AGDM",2002,2024
"06-23","TMAX",2001-06-23,21.1611111111111,11.8,26.7,4.36377317695011,15.32,19.075,24.1,25.98,NA,NA,NA,NA,NA,6,2011-06-23,"","DATE: Jun-23<br><b>Maximum temperature</b><br>10-90 percentile<br>15.3 to 26.0 °C","Historical daily maximum<br>26.7 °C<br>2011-06-23","DATE: Jun-23</b><br>Normal: 21.2 °C<br>Period: 1991-2020","3010237","ANDREW+AGDM",2002,2024
"06-23","TMIN",2001-06-23,8.53888888888889,4.3,14.5,3.19781890538442,4.98,6.15,10.65,12.96,NA,NA,NA,NA,NA,6,2020-06-23,"","DATE: Jun-23<br><b>Minimum temperature</b><br>10-90 percentile<br>5.0 to 13.0 °C","Historical daily maximum<br>14.5 °C<br>2020-06-23","DATE: Jun-23</b><br>Normal: 8.5 °C<br>Period: 1991-2020","3010237","ANDREW+AGDM",2002,2024
"06-23","VPD",2001-06-23,1.4476512330469,0.333127925961959,2.32690271823526,0.52923177054271,0.639610484978401,1.27351148148318,1.76952307372513,2.07512715370231,NA,NA,NA,NA,NA,6,2012-06-23,"","DATE: Jun-23<br><b>Vapour pressure deficit</b><br>10-90 percentile<br>0.6 to 2.1 kPa","Historical daily maximum<br>2.3 kPa<br>2012-06-23","DATE: Jun-23</b><br>Normal: 1.4 kPa<br>Period: 1991-2020","3010237","ANDREW+AGDM",2002,2024
"06-24","TMAX",2001-06-24,22.2166666666667,15.7,27.1,3.20995693575658,18.23,19.75,24.775,25.93,NA,NA,NA,NA,NA,6,2018-06-24,"","DATE: Jun-24<br><b>Maximum temperature</b><br>10-90 percentile<br>18.2 to 25.9 °C","Historical daily maximum<br>27.1 °C<br>2018-06-24","DATE: Jun-24</b><br>Normal: 22.2 °C<br>Period: 1991-2020","3010237","ANDREW+AGDM",2002,2024
"06-24","TMIN",2001-06-24,8.50555555555556,1.8,13.3,3.83336317123937,3.1,7.2,12.275,12.78,NA,NA,NA,NA,NA,6,2020-06-24,"","DATE: Jun-24<br><b>Minimum temperature</b><br>10-90 percentile<br>3.1 to 12.8 °C","Historical daily maximum<br>13.3 °C<br>2020-06-24","DATE: Jun-24</b><br>Normal: 8.5 °C<br>Period: 1991-2020","3010237","ANDREW+AGDM",2002,2024
"06-24","VPD",2001-06-24,1.5796710301029,0.462270331933543,2.39604862976405,0.54331992686201,0.946323211067636,1.23088389070844,1.90621377863722,2.25255434838805,NA,NA,NA,NA,NA,6,2006-06-24,"","DATE: Jun-24<br><b>Vapour pressure deficit</b><br>10-90 percentile<br>0.9 to 2.3 kPa","Historical daily maximum<br>2.4 kPa<br>2006-06-24","DATE: Jun-24</b><br>Normal: 1.6 kPa<br>Period: 1991-2020","3010237","ANDREW+AGDM",2002,2024
"06-25","TMAX",2001-06-25,21.9588235294118,15.7,28.4,3.6757752283582,16.66,19.8,24.7,25.9,NA,NA,NA,NA,NA,6,2018-06-25,"","DATE: Jun-25<br><b>Maximum temperature</b><br>10-90 percentile<br>16.7 to 25.9 °C","Historical daily maximum<br>28.4 °C<br>2018-06-25","DATE: Jun-25</b><br>Normal: 22.0 °C<br>Period: 1991-2020","3010237","ANDREW+AGDM",2002,2024
"06-25","TMIN",2001-06-25,9.68235294117647,3.4,13.9,2.77944133193112,6.02,8.8,11.3,13.24,NA,NA,NA,NA,NA,6,2021-06-25,"","DATE: Jun-25<br><b>Minimum temperature</b><br>10-90 percentile<br>6.0 to 13.2 °C","Historical daily maximum<br>13.9 °C<br>2021-06-25","DATE: Jun-25</b><br>Normal: 9.7 °C<br>Period: 1991-2020","3010237","ANDREW+AGDM",2002,2024
"06-25","VPD",2001-06-25,1.4724687768493,0.43256454045261,2.34179341096189,0.610453328925064,0.610616478298112,0.979488350970258,1.88364729177687,2.14467433740058,NA,NA,NA,NA,NA,6,2015-06-25,"","DATE: Jun-25<br><b>Vapour pressure deficit</b><br>10-90 percentile<br>0.6 to 2.1 kPa","Historical daily maximum<br>2.3 kPa<br>2015-06-25","DATE: Jun-25</b><br>Normal: 1.5 kPa<br>Period: 1991-2020","3010237","ANDREW+AGDM",2002,2024
"06-26","TMAX",2001-06-26,21.0111111111111,16,27.8,3.37201090098177,16.72,18.55,22.675,26.13,NA,NA,NA,NA,NA,6,2021-06-26,"","DATE: Jun-26<br><b>Maximum temperature</b><br>10-90 percentile<br>16.7 to 26.1 °C","Historical daily maximum<br>27.8 °C<br>2021-06-26","DATE: Jun-26</b><br>Normal: 21.0 °C<br>Period: 1991-2020","3010237","ANDREW+AGDM",2002,2024
"06-26","TMIN",2001-06-26,9.45555555555556,4,14.9,2.85228952870419,6.11,7.275,11.175,12.88,NA,NA,NA,NA,NA,6,2015-06-26,"","DATE: Jun-26<br><b>Minimum temperature</b><br>10-90 percentile<br>6.1 to 12.9 °C","Historical daily maximum<br>14.9 °C<br>2015-06-26","DATE: Jun-26</b><br>Normal: 9.5 °C<br>Period: 1991-2020","3010237","ANDREW+AGDM",2002,2024
"06-26","VPD",2001-06-26,1.33170012132947,0.630866143906697,2.67789152604151,0.506433139998024,0.826857372258256,1.00026931557712,1.65948789450485,1.82369078718602,NA,NA,NA,NA,NA,6,2021-06-26,"","DATE: Jun-26<br><b>Vapour pressure deficit</b><br>10-90 percentile<br>0.8 to 1.8 kPa","Historical daily maximum<br>2.7 kPa<br>2021-06-26","DATE: Jun-26</b><br>Normal: 1.3 kPa<br>Period: 1991-2020","3010237","ANDREW+AGDM",2002,2024
"06-27","TMAX",2001-06-27,22.4823529411765,17.3,30.6,3.93132218441163,17.6,19.4,24.9,27.42,NA,NA,NA,NA,NA,6,2006-06-27,"","DATE: Jun-27<br><b>Maximum temperature</b><br>10-90 percentile<br>17.6 to 27.4 °C","Historical daily maximum<br>30.6 °C<br>2006-06-27","DATE: Jun-27</b><br>Normal: 22.5 °C<br>Period: 1991-2020","3010237","ANDREW+AGDM",2002,2024
"06-27","TMIN",2001-06-27,8.71176470588235,4.8,11.9,2.13039971394489,5.34,7.7,10.2,10.78,NA,NA,NA,NA,NA,6,2021-06-27,"","DATE: Jun-27<br><b>Minimum temperature</b><br>10-90 percentile<br>5.3 to 10.8 °C","Historical daily maximum<br>11.9 °C<br>2021-06-27","DATE: Jun-27</b><br>Normal: 8.7 °C<br>Period: 1991-2020","3010237","ANDREW+AGDM",2002,2024
"06-27","VPD",2001-06-27,1.65293099800085,0.64460877059798,2.99794976885195,0.700415791221437,0.834173716696465,1.11104074594365,2.13564990498269,2.51013376776066,NA,NA,NA,NA,NA,6,2006-06-27,"","DATE: Jun-27<br><b>Vapour pressure deficit</b><br>10-90 percentile<br>0.8 to 2.5 kPa","Historical daily maximum<br>3.0 kPa<br>2006-06-27","DATE: Jun-27</b><br>Normal: 1.7 kPa<br>Period: 1991-2020","3010237","ANDREW+AGDM",2002,2024
"06-28","TMAX",2001-06-28,23.3888888888889,17,29.8,3.65302274334539,19.06,20.45,26.75,27.68,NA,NA,NA,NA,NA,6,2021-06-28,"","DATE: Jun-28<br><b>Maximum temperature</b><br>10-90 percentile<br>19.1 to 27.7 °C","Historical daily maximum<br>29.8 °C<br>2021-06-28","DATE: Jun-28</b><br>Normal: 23.4 °C<br>Period: 1991-2020","3010237","ANDREW+AGDM",2002,2024
"06-28","TMIN",2001-06-28,9.47777777777778,6.1,14.1,2.38464587469763,6.59,7.425,10.675,12.54,NA,NA,NA,NA,NA,6,2021-06-28,"","DATE: Jun-28<br><b>Minimum temperature</b><br>10-90 percentile<br>6.6 to 12.5 °C","Historical daily maximum<br>14.1 °C<br>2021-06-28","DATE: Jun-28</b><br>Normal: 9.5 °C<br>Period: 1991-2020","3010237","ANDREW+AGDM",2002,2024
"06-28","VPD",2001-06-28,1.73555035061458,0.758274434499728,2.79323652629814,0.609818899358377,1.07348318216899,1.27069659944423,2.18181409079653,2.61878171747925,NA,NA,NA,NA,NA,6,2021-06-28,"","DATE: Jun-28<br><b>Vapour pressure deficit</b><br>10-90 percentile<br>1.1 to 2.6 kPa","Historical daily maximum<br>2.8 kPa<br>2021-06-28","DATE: Jun-28</b><br>Normal: 1.7 kPa<br>Period: 1991-2020","3010237","ANDREW+AGDM",2002,2024
"06-29","TMAX",2001-06-29,23.2647058823529,18.8,29.7,3.13706494522957,19.72,21.4,25.6,27.38,NA,NA,NA,NA,NA,6,2021-06-29,"","DATE: Jun-29<br><b>Maximum temperature</b><br>10-90 percentile<br>19.7 to 27.4 °C","Historical daily maximum<br>29.7 °C<br>2021-06-29","DATE: Jun-29</b><br>Normal: 23.3 °C<br>Period: 1991-2020","3010237","ANDREW+AGDM",2002,2024
"06-29","TMIN",2001-06-29,9.62222222222222,2.7,13.6,3.040811725134,5.7,7.825,12.275,12.85,NA,NA,NA,NA,NA,6,2021-06-29,"","DATE: Jun-29<br><b>Minimum temperature</b><br>10-90 percentile<br>5.7 to 12.8 °C","Historical daily maximum<br>13.6 °C<br>2021-06-29","DATE: Jun-29</b><br>Normal: 9.6 °C<br>Period: 1991-2020","3010237","ANDREW+AGDM",2002,2024
"06-29","VPD",2001-06-29,1.69336116668481,0.864817564955689,2.83147503724975,0.551086313923927,0.985233554170203,1.44439255840353,1.870741772671,2.42178361429294,NA,NA,NA,NA,NA,6,2021-06-29,"","DATE: Jun-29<br><b>Vapour pressure deficit</b><br>10-90 percentile<br>1.0 to 2.4 kPa","Historical daily maximum<br>2.8 kPa<br>2021-06-29","DATE: Jun-29</b><br>Normal: 1.7 kPa<br>Period: 1991-2020","3010237","ANDREW+AGDM",2002,2024
"06-30","TMAX",2001-06-30,22.7555555555556,16.1,29.5,3.40954063185372,18.99,20.4,24.625,26.92,NA,NA,NA,NA,NA,6,2021-06-30,"","DATE: Jun-30<br><b>Maximum temperature</b><br>10-90 percentile<br>19.0 to 26.9 °C","Historical daily maximum<br>29.5 °C<br>2021-06-30","DATE: Jun-30</b><br>Normal: 22.8 °C<br>Period: 1991-2020","3010237","ANDREW+AGDM",2002,2024
"06-30","TMIN",2001-06-30,10.5944444444444,3.8,15.1,3.1905139217636,6.66,8.025,12.475,13.95,NA,NA,NA,NA,NA,6,2015-06-30,"","DATE: Jun-30<br><b>Minimum temperature</b><br>10-90 percentile<br>6.7 to 14.0 °C","Historical daily maximum<br>15.1 °C<br>2015-06-30","DATE: Jun-30</b><br>Normal: 10.6 °C<br>Period: 1991-2020","3010237","ANDREW+AGDM",2002,2024
"06-30","VPD",2001-06-30,1.51596109962365,0.312454521820813,2.67340434455273,0.606317061608298,1.01950704643264,1.12695302134091,1.83660974566327,2.36311249447923,NA,NA,NA,NA,NA,6,2021-06-30,"","DATE: Jun-30<br><b>Vapour pressure deficit</b><br>10-90 percentile<br>1.0 to 2.4 kPa","Historical daily maximum<br>2.7 kPa<br>2021-06-30","DATE: Jun-30</b><br>Normal: 1.5 kPa<br>Period: 1991-2020","3010237","ANDREW+AGDM",2002,2024
"07-01","TMAX",2001-07-01,21.8277777777778,17.1,27.8,3.0412469492851,18.17,19.3,24.4,24.94,NA,NA,NA,NA,NA,7,2021-07-01,"","DATE: Jul-01<br><b>Maximum temperature</b><br>10-90 percentile<br>18.2 to 24.9 °C","Historical daily maximum<br>27.8 °C<br>2021-07-01","DATE: Jul-01</b><br>Normal: 21.8 °C<br>Period: 1991-2020","3010237","ANDREW+AGDM",2002,2024
"07-01","TMIN",2001-07-01,9.43333333333333,1.3,15.8,3.60897573867613,5.42,8,11.275,13.3,NA,NA,NA,NA,NA,7,2021-07-01,"","DATE: Jul-01<br><b>Minimum temperature</b><br>10-90 percentile<br>5.4 to 13.3 °C","Historical daily maximum<br>15.8 °C<br>2021-07-01","DATE: Jul-01</b><br>Normal: 9.4 °C<br>Period: 1991-2020","3010237","ANDREW+AGDM",2002,2024
"07-01","VPD",2001-07-01,1.44345622367503,0.559523896125556,2.39701278135736,0.465246950072903,0.972374326340556,1.07022391053053,1.72890498722406,1.95526778120967,NA,NA,NA,NA,NA,7,2021-07-01,"","DATE: Jul-01<br><b>Vapour pressure deficit</b><br>10-90 percentile<br>1.0 to 2.0 kPa","Historical daily maximum<br>2.4 kPa<br>2021-07-01","DATE: Jul-01</b><br>Normal: 1.4 kPa<br>Period: 1991-2020","3010237","ANDREW+AGDM",2002,2024
"07-02","TMAX",2001-07-02,23.4352941176471,17.6,31.4,3.8491786748069,18.52,20.5,25.9,27.34,NA,NA,NA,NA,NA,7,2013-07-02,"","DATE: Jul-02<br><b>Maximum temperature</b><br>10-90 percentile<br>18.5 to 27.3 °C","Historical daily maximum<br>31.4 °C<br>2013-07-02","DATE: Jul-02</b><br>Normal: 23.4 °C<br>Period: 1991-2020","3010237","ANDREW+AGDM",2002,2024
"07-02","TMIN",2001-07-02,9.00555555555555,2,15.5,3.46740659524262,4.76,7.025,10.675,13.18,NA,NA,NA,NA,NA,7,2013-07-02,"","DATE: Jul-02<br><b>Minimum temperature</b><br>10-90 percentile<br>4.8 to 13.2 °C","Historical daily maximum<br>15.5 °C<br>2013-07-02","DATE: Jul-02</b><br>Normal: 9.0 °C<br>Period: 1991-2020","3010237","ANDREW+AGDM",2002,2024
"07-02","VPD",2001-07-02,1.75635588633194,0.882336980129384,2.83489441852745,0.623009744010855,1.00721340313461,1.21131150245914,2.1760011288789,2.51959546265295,NA,NA,NA,NA,NA,7,2013-07-02,"","DATE: Jul-02<br><b>Vapour pressure deficit</b><br>10-90 percentile<br>1.0 to 2.5 kPa","Historical daily maximum<br>2.8 kPa<br>2013-07-02","DATE: Jul-02</b><br>Normal: 1.8 kPa<br>Period: 1991-2020","3010237","ANDREW+AGDM",2002,2024
"07-03","TMAX",2001-07-03,22.6875,14.9,30.5,4.52988226484236,17.7,18.85,26.35,27.85,NA,NA,NA,NA,NA,7,2006-07-03,"","DATE: Jul-03<br><b>Maximum temperature</b><br>10-90 percentile<br>17.7 to 27.8 °C","Historical daily maximum<br>30.5 °C<br>2006-07-03","DATE: Jul-03</b><br>Normal: 22.7 °C<br>Period: 1991-2020","3010237","ANDREW+AGDM",2002,2024
"07-03","TMIN",2001-07-03,10.4352941176471,6.5,16.8,2.44589993061618,8.7,9,11.3,13.1,NA,NA,NA,NA,NA,7,2014-07-03,"","DATE: Jul-03<br><b>Minimum temperature</b><br>10-90 percentile<br>8.7 to 13.1 °C","Historical daily maximum<br>16.8 °C<br>2014-07-03","DATE: Jul-03</b><br>Normal: 10.4 °C<br>Period: 1991-2020","3010237","ANDREW+AGDM",2002,2024
"07-03","VPD",2001-07-03,1.58760392553391,0.498964603015757,3.24127982518886,0.762079072094123,0.803663937563925,1.04617713513885,2.04409779763856,2.60115724856127,NA,NA,NA,NA,NA,7,2006-07-03,"","DATE: Jul-03<br><b>Vapour pressure deficit</b><br>10-90 percentile<br>0.8 to 2.6 kPa","Historical daily maximum<br>3.2 kPa<br>2006-07-03","DATE: Jul-03</b><br>Normal: 1.6 kPa<br>Period: 1991-2020","3010237","ANDREW+AGDM",2002,2024
"07-04","TMAX",2001-07-04,21.7833333333333,15.8,31.2,4.00532733479094,18.05,19.55,24,25.78,NA,NA,NA,NA,NA,7,2006-07-04,"","DATE: Jul-04<br><b>Maximum temperature</b><br>10-90 percentile<br>18.0 to 25.8 °C","Historical daily maximum<br>31.2 °C<br>2006-07-04","DATE: Jul-04</b><br>Normal: 21.8 °C<br>Period: 1991-2020","3010237","ANDREW+AGDM",2002,2024
"07-04","TMIN",2001-07-04,9.33888888888889,4.6,15.5,2.64867089619301,7.01,7.525,10.975,12.34,NA,NA,NA,NA,NA,7,2008-07-04,"","DATE: Jul-04<br><b>Minimum temperature</b><br>10-90 percentile<br>7.0 to 12.3 °C","Historical daily maximum<br>15.5 °C<br>2008-07-04","DATE: Jul-04</b><br>Normal: 9.3 °C<br>Period: 1991-2020","3010237","ANDREW+AGDM",2002,2024
"07-04","VPD",2001-07-04,1.48634310422745,0.525471390392535,3.18701380626634,0.624820308669347,0.81713246703746,1.16265075589796,1.89147989227348,2.09201748787573,NA,NA,NA,NA,NA,7,2006-07-04,"","DATE: Jul-04<br><b>Vapour pressure deficit</b><br>10-90 percentile<br>0.8 to 2.1 kPa","Historical daily maximum<br>3.2 kPa<br>2006-07-04","DATE: Jul-04</b><br>Normal: 1.5 kPa<br>Period: 1991-2020","3010237","ANDREW+AGDM",2002,2024
"07-05","TMAX",2001-07-05,22.1,13.9,32.9,4.89297966478505,17.76,19.1,24.6,28.88,NA,NA,NA,NA,NA,7,2006-07-05,"","DATE: Jul-05<br><b>Maximum temperature</b><br>10-90 percentile<br>17.8 to 28.9 °C","Historical daily maximum<br>32.9 °C<br>2006-07-05","DATE: Jul-05</b><br>Normal: 22.1 °C<br>Period: 1991-2020","3010237","ANDREW+AGDM",2002,2024
"07-05","TMIN",2001-07-05,9.46111111111111,5.2,12.7,2.23347233983554,6.51,8.7,10.775,12.63,NA,NA,NA,NA,NA,7,2006-07-05,"","DATE: Jul-05<br><b>Minimum temperature</b><br>10-90 percentile<br>6.5 to 12.6 °C","Historical daily maximum<br>12.7 °C<br>2006-07-05","DATE: Jul-05</b><br>Normal: 9.5 °C<br>Period: 1991-2020","3010237","ANDREW+AGDM",2002,2024
"07-05","VPD",2001-07-05,1.56329010500111,0.384766493261709,3.53337103917496,0.863109343022393,0.81808048442232,1.04550620096712,2.1184098728919,2.77654344507533,NA,NA,NA,NA,NA,7,2006-07-05,"","DATE: Jul-05<br><b>Vapour pressure deficit</b><br>10-90 percentile<br>0.8 to 2.8 kPa","Historical daily maximum<br>3.5 kPa<br>2006-07-05","DATE: Jul-05</b><br>Normal: 1.6 kPa<br>Period: 1991-2020","3010237","ANDREW+AGDM",2002,2024
"07-06","TMAX",2001-07-06,22.3,14.8,28.2,3.35296181624194,19.08,20.075,24.025,26.4,NA,NA,NA,NA,NA,7,2018-07-06,"","DATE: Jul-06<br><b>Maximum temperature</b><br>10-90 percentile<br>19.1 to 26.4 °C","Historical daily maximum<br>28.2 °C<br>2018-07-06","DATE: Jul-06</b><br>Normal: 22.3 °C<br>Period: 1991-2020","3010237","ANDREW+AGDM",2002,2024
"07-06","TMIN",2001-07-06,9.78333333333333,3.4,14.7,2.91088221921081,5.98,8.3,11.675,12.64,NA,NA,NA,NA,NA,7,2018-07-06,"","DATE: Jul-06<br><b>Minimum temperature</b><br>10-90 percentile<br>6.0 to 12.6 °C","Historical daily maximum<br>14.7 °C<br>2018-07-06","DATE: Jul-06</b><br>Normal: 9.8 °C<br>Period: 1991-2020","3010237","ANDREW+AGDM",2002,2024
"07-06","VPD",2001-07-06,1.50951669774134,0.67475287990871,2.41466944144708,0.499763877993586,0.936717658121951,1.10833683511279,1.96090576366143,2.15351131706536,NA,NA,NA,NA,NA,7,2005-07-06,"","DATE: Jul-06<br><b>Vapour pressure deficit</b><br>10-90 percentile<br>0.9 to 2.2 kPa","Historical daily maximum<br>2.4 kPa<br>2005-07-06","DATE: Jul-06</b><br>Normal: 1.5 kPa<br>Period: 1991-2020","3010237","ANDREW+AGDM",2002,2024
"07-07","TMAX",2001-07-07,20.9058823529412,14.5,28,3.68959187923192,16.64,18.7,22.1,25.74,NA,NA,NA,NA,NA,7,2012-07-07,"","DATE: Jul-07<br><b>Maximum temperature</b><br>10-90 percentile<br>16.6 to 25.7 °C","Historical daily maximum<br>28.0 °C<br>2012-07-07","DATE: Jul-07</b><br>Normal: 20.9 °C<br>Period: 1991-2020","3010237","ANDREW+AGDM",2002,2024
"07-07","TMIN",2001-07-07,9.87222222222222,4.8,13.9,2.35716818026745,7.46,8.7,11.75,12.62,NA,NA,NA,NA,NA,7,2011-07-07,"","DATE: Jul-07<br><b>Minimum temperature</b><br>10-90 percentile<br>7.5 to 12.6 °C","Historical daily maximum<br>13.9 °C<br>2011-07-07","DATE: Jul-07</b><br>Normal: 9.9 °C<br>Period: 1991-2020","3010237","ANDREW+AGDM",2002,2024
"07-07","VPD",2001-07-07,1.29341283347886,0.240754159809823,2.78493055388218,0.604608925739895,0.630236066732181,1.02146726697939,1.4502607250628,1.88609651715523,NA,NA,NA,NA,NA,7,2012-07-07,"","DATE: Jul-07<br><b>Vapour pressure deficit</b><br>10-90 percentile<br>0.6 to 1.9 kPa","Historical daily maximum<br>2.8 kPa<br>2012-07-07","DATE: Jul-07</b><br>Normal: 1.3 kPa<br>Period: 1991-2020","3010237","ANDREW+AGDM",2002,2024
"07-08","TMAX",2001-07-08,22.6470588235294,16.9,29.1,3.58645327012963,18.84,20.1,25.3,27.06,NA,NA,NA,NA,NA,7,2021-07-08,"","DATE: Jul-08<br><b>Maximum temperature</b><br>10-90 percentile<br>18.8 to 27.1 °C","Historical daily maximum<br>29.1 °C<br>2021-07-08","DATE: Jul-08</b><br>Normal: 22.6 °C<br>Period: 1991-2020","3010237","ANDREW+AGDM",2002,2024
"07-08","TMIN",2001-07-08,9.36111111111111,4.7,15.5,2.80967632401877,5.62,7.675,11.05,12.08,NA,NA,NA,NA,NA,7,2017-07-08,"","DATE: Jul-08<br><b>Minimum temperature</b><br>10-90 percentile<br>5.6 to 12.1 °C","Historical daily maximum<br>15.5 °C<br>2017-07-08","DATE: Jul-08</b><br>Normal: 9.4 °C<br>Period: 1991-2020","3010237","ANDREW+AGDM",2002,2024
"07-08","VPD",2001-07-08,1.61366035647106,0.408004879860348,2.83573685350594,0.652687479283613,0.896428263593468,1.19695577395331,2.02391891882892,2.40768960937584,NA,NA,NA,NA,NA,7,2021-07-08,"","DATE: Jul-08<br><b>Vapour pressure deficit</b><br>10-90 percentile<br>0.9 to 2.4 kPa","Historical daily maximum<br>2.8 kPa<br>2021-07-08","DATE: Jul-08</b><br>Normal: 1.6 kPa<br>Period: 1991-2020","3010237","ANDREW+AGDM",2002,2024
"07-09","TMAX",2001-07-09,22.5058823529412,11.9,31.9,5.88753668653488,15.78,17.7,26.9,29.16,NA,NA,NA,NA,NA,7,2021-07-09,"","DATE: Jul-09<br><b>Maximum temperature</b><br>10-90 percentile<br>15.8 to 29.2 °C","Historical daily maximum<br>31.9 °C<br>2021-07-09","DATE: Jul-09</b><br>Normal: 22.5 °C<br>Period: 1991-2020","3010237","ANDREW+AGDM",2002,2024
"07-09","TMIN",2001-07-09,9.63125,3.9,15.5,2.77241621454403,6.15,8.675,11.325,11.75,NA,NA,NA,NA,NA,7,2012-07-09,"","DATE: Jul-09<br><b>Minimum temperature</b><br>10-90 percentile<br>6.2 to 11.8 °C","Historical daily maximum<br>15.5 °C<br>2012-07-09","DATE: Jul-09</b><br>Normal: 9.6 °C<br>Period: 1991-2020","3010237","ANDREW+AGDM",2002,2024
"07-09","VPD",2001-07-09,1.65566907931345,0.437472100369187,3.37103285395989,0.912937383750591,0.612253066149005,0.891383829396951,2.3447201255121,2.74208824054699,NA,NA,NA,NA,NA,7,2021-07-09,"","DATE: Jul-09<br><b>Vapour pressure deficit</b><br>10-90 percentile<br>0.6 to 2.7 kPa","Historical daily maximum<br>3.4 kPa<br>2021-07-09","DATE: Jul-09</b><br>Normal: 1.7 kPa<br>Period: 1991-2020","3010237","ANDREW+AGDM",2002,2024
"07-10","TMAX",2001-07-10,22.3588235294118,18,30,3.45236491834391,18.56,19.5,23.4,27.34,NA,NA,NA,NA,NA,7,2024-07-10,"","DATE: Jul-10<br><b>Maximum temperature</b><br>10-90 percentile<br>18.6 to 27.3 °C","Historical daily maximum<br>30.0 °C<br>2024-07-10","DATE: Jul-10</b><br>Normal: 22.4 °C<br>Period: 1991-2020","3010237","ANDREW+AGDM",2002,2024
"07-10","TMIN",2001-07-10,10.2941176470588,2.1,16.7,3.3121878321276,6.5,9.7,12.1,12.94,NA,NA,NA,NA,NA,7,2012-07-10,"","DATE: Jul-10<br><b>Minimum temperature</b><br>10-90 percentile<br>6.5 to 12.9 °C","Historical daily maximum<br>16.7 °C<br>2012-07-10","DATE: Jul-10</b><br>Normal: 10.3 °C<br>Period: 1991-2020","3010237","ANDREW+AGDM",2002,2024
"07-10","VPD",2001-07-10,1.47605323094933,0.758285709029792,2.34186974988508,0.502162555002687,0.85452546906075,1.0552780743819,1.82069991663388,2.14946625860474,NA,NA,NA,NA,NA,7,2024-07-10,"","DATE: Jul-10<br><b>Vapour pressure deficit</b><br>10-90 percentile<br>0.9 to 2.1 kPa","Historical daily maximum<br>2.3 kPa<br>2024-07-10","DATE: Jul-10</b><br>Normal: 1.5 kPa<br>Period: 1991-2020","3010237","ANDREW+AGDM",2002,2024
"07-11","TMAX",2001-07-11,22.6388888888889,17.9,32.1,3.82317067195909,18.14,19.3,25.375,26.02,NA,NA,NA,NA,NA,7,2015-07-11,"","DATE: Jul-11<br><b>Maximum temperature</b><br>10-90 percentile<br>18.1 to 26.0 °C","Historical daily maximum<br>32.1 °C<br>2015-07-11","DATE: Jul-11</b><br>Normal: 22.6 °C<br>Period: 1991-2020","3010237","ANDREW+AGDM",2002,2024
"07-11","TMIN",2001-07-11,10.0555555555556,5.6,16.3,2.99238685416296,6.62,7.2,12,13.7,NA,NA,NA,NA,NA,7,2015-07-11,"","DATE: Jul-11<br><b>Minimum temperature</b><br>10-90 percentile<br>6.6 to 13.7 °C","Historical daily maximum<br>16.3 °C<br>2015-07-11","DATE: Jul-11</b><br>Normal: 10.1 °C<br>Period: 1991-2020","3010237","ANDREW+AGDM",2002,2024
"07-11","VPD",2001-07-11,1.55865173250927,0.67598879270751,2.92828752108226,0.567283634067087,0.937961416771002,1.12702728996711,1.80425347186393,2.20225992679238,NA,NA,NA,NA,NA,7,2015-07-11,"","DATE: Jul-11<br><b>Vapour pressure deficit</b><br>10-90 percentile<br>0.9 to 2.2 kPa","Historical daily maximum<br>2.9 kPa<br>2015-07-11","DATE: Jul-11</b><br>Normal: 1.6 kPa<br>Period: 1991-2020","3010237","ANDREW+AGDM",2002,2024
"07-12","TMAX",2001-07-12,23.3888888888889,14.9,30.1,4.13960624568099,19.1,20.9,25.9,28.92,NA,NA,NA,NA,NA,7,2015-07-12,"","DATE: Jul-12<br><b>Maximum temperature</b><br>10-90 percentile<br>19.1 to 28.9 °C","Historical daily maximum<br>30.1 °C<br>2015-07-12","DATE: Jul-12</b><br>Normal: 23.4 °C<br>Period: 1991-2020","3010237","ANDREW+AGDM",2002,2024
"07-12","TMIN",2001-07-12,10.3111111111111,4.3,14,2.69725108187814,6.66,9.35,12.225,12.95,NA,NA,NA,NA,NA,7,2017-07-12,"","DATE: Jul-12<br><b>Minimum temperature</b><br>10-90 percentile<br>6.7 to 13.0 °C","Historical daily maximum<br>14.0 °C<br>2017-07-12","DATE: Jul-12</b><br>Normal: 10.3 °C<br>Period: 1991-2020","3010237","ANDREW+AGDM",2002,2024
"07-12","VPD",2001-07-12,1.68000056245394,0.522861699003324,2.75976019766484,0.667104077974438,0.917734960722947,1.14818143675016,2.20727902269834,2.56418457818821,NA,NA,NA,NA,NA,7,2012-07-12,"","DATE: Jul-12<br><b>Vapour pressure deficit</b><br>10-90 percentile<br>0.9 to 2.6 kPa","Historical daily maximum<br>2.8 kPa<br>2012-07-12","DATE: Jul-12</b><br>Normal: 1.7 kPa<br>Period: 1991-2020","3010237","ANDREW+AGDM",2002,2024
"07-13","TMAX",2001-07-13,22.9411764705882,18.4,31.8,3.47096147045912,18.88,21,24.9,26.2,NA,NA,NA,NA,NA,7,2007-07-13,"","DATE: Jul-13<br><b>Maximum temperature</b><br>10-90 percentile<br>18.9 to 26.2 °C","Historical daily maximum<br>31.8 °C<br>2007-07-13","DATE: Jul-13</b><br>Normal: 22.9 °C<br>Period: 1991-2020","3010237","ANDREW+AGDM",2002,2024
"07-13","TMIN",2001-07-13,10.7777777777778,1.4,15.8,2.9598401299346,9.26,10.05,12.65,13.15,NA,NA,NA,NA,NA,7,2015-07-13,"","DATE: Jul-13<br><b>Minimum temperature</b><br>10-90 percentile<br>9.3 to 13.2 °C","Historical daily maximum<br>15.8 °C<br>2015-07-13","DATE: Jul-13</b><br>Normal: 10.8 °C<br>Period: 1991-2020","3010237","ANDREW+AGDM",2002,2024
"07-13","VPD",2001-07-13,1.54220376980392,0.691817115585347,3.20353003880311,0.604245986197326,0.823983398449684,1.31366310461038,1.75370637525548,2.04967758845105,NA,NA,NA,NA,NA,7,2007-07-13,"","DATE: Jul-13<br><b>Vapour pressure deficit</b><br>10-90 percentile<br>0.8 to 2.0 kPa","Historical daily maximum<br>3.2 kPa<br>2007-07-13","DATE: Jul-13</b><br>Normal: 1.5 kPa<br>Period: 1991-2020","3010237","ANDREW+AGDM",2002,2024
"07-14","TMAX",2001-07-14,22.6333333333333,16.7,31.6,3.57820198029188,17.46,21.725,24.025,25.22,NA,NA,NA,NA,NA,7,2007-07-14,"","DATE: Jul-14<br><b>Maximum temperature</b><br>10-90 percentile<br>17.5 to 25.2 °C","Historical daily maximum<br>31.6 °C<br>2007-07-14","DATE: Jul-14</b><br>Normal: 22.6 °C<br>Period: 1991-2020","3010237","ANDREW+AGDM",2002,2024
"07-14","TMIN",2001-07-14,10.2470588235294,4.8,13.9,2.56201035494073,7.06,8.5,12.2,12.84,NA,NA,NA,NA,NA,7,2021-07-14,"","DATE: Jul-14<br><b>Minimum temperature</b><br>10-90 percentile<br>7.1 to 12.8 °C","Historical daily maximum<br>13.9 °C<br>2021-07-14","DATE: Jul-14</b><br>Normal: 10.2 °C<br>Period: 1991-2020","3010237","ANDREW+AGDM",2002,2024
"07-14","VPD",2001-07-14,1.54767183868905,0.899336882897784,3.22718145861905,0.563589523244446,0.913224016996389,1.23898421384123,1.63665041117533,2.04759012319586,NA,NA,NA,NA,NA,7,2007-07-14,"","DATE: Jul-14<br><b>Vapour pressure deficit</b><br>10-90 percentile<br>0.9 to 2.0 kPa","Historical daily maximum<br>3.2 kPa<br>2007-07-14","DATE: Jul-14</b><br>Normal: 1.5 kPa<br>Period: 1991-2020","3010237","ANDREW+AGDM",2002,2024
"07-15","TMAX",2001-07-15,23.3529411764706,18.8,30.5,3.28749860210214,19.9,20.8,25.3,27.7,NA,NA,NA,NA,NA,7,2007-07-15,"","DATE: Jul-15<br><b>Maximum temperature</b><br>10-90 percentile<br>19.9 to 27.7 °C","Historical daily maximum<br>30.5 °C<br>2007-07-15","DATE: Jul-15</b><br>Normal: 23.4 °C<br>Period: 1991-2020","3010237","ANDREW+AGDM",2002,2024
"07-15","TMIN",2001-07-15,9.72222222222222,3.6,16.6,3.59600359149784,6.17,6.725,11.6,14.91,NA,NA,NA,NA,NA,7,2007-07-15,"","DATE: Jul-15<br><b>Minimum temperature</b><br>10-90 percentile<br>6.2 to 14.9 °C","Historical daily maximum<br>16.6 °C<br>2007-07-15","DATE: Jul-15</b><br>Normal: 9.7 °C<br>Period: 1991-2020","3010237","ANDREW+AGDM",2002,2024
"07-15","VPD",2001-07-15,1.68866875717573,0.340191597087137,2.47712719285994,0.533468304609761,1.11360346171484,1.44785767794724,1.98861206827927,2.27697844116288,NA,NA,NA,NA,NA,7,2022-07-15,"","DATE: Jul-15<br><b>Vapour pressure deficit</b><br>10-90 percentile<br>1.1 to 2.3 kPa","Historical daily maximum<br>2.5 kPa<br>2022-07-15","DATE: Jul-15</b><br>Normal: 1.7 kPa<br>Period: 1991-2020","3010237","ANDREW+AGDM",2002,2024
"07-16","TMAX",2001-07-16,22.7588235294118,16.3,28.6,4.00141519083083,17.1,20.3,26.6,27.16,NA,NA,NA,NA,NA,7,2024-07-16,"","DATE: Jul-16<br><b>Maximum temperature</b><br>10-90 percentile<br>17.1 to 27.2 °C","Historical daily maximum<br>28.6 °C<br>2024-07-16","DATE: Jul-16</b><br>Normal: 22.8 °C<br>Period: 1991-2020","3010237","ANDREW+AGDM",2002,2024
"07-16","TMIN",2001-07-16,9.68823529411765,3.7,14.7,2.92721761083396,6.5,7.9,11.5,13.38,NA,NA,NA,NA,NA,7,2004-07-16,"","DATE: Jul-16<br><b>Minimum temperature</b><br>10-90 percentile<br>6.5 to 13.4 °C","Historical daily maximum<br>14.7 °C<br>2004-07-16","DATE: Jul-16</b><br>Normal: 9.7 °C<br>Period: 1991-2020","3010237","ANDREW+AGDM",2002,2024
"07-16","VPD",2001-07-16,1.61320843605113,0.365421128141564,2.57488713928,0.640652137775226,0.717284656993528,1.30688932069524,2.08833552619998,2.29339008946821,NA,NA,NA,NA,NA,7,2018-07-16,"","DATE: Jul-16<br><b>Vapour pressure deficit</b><br>10-90 percentile<br>0.7 to 2.3 kPa","Historical daily maximum<br>2.6 kPa<br>2018-07-16","DATE: Jul-16</b><br>Normal: 1.6 kPa<br>Period: 1991-2020","3010237","ANDREW+AGDM",2002,2024
"07-17","TMAX",2001-07-17,23.4055555555556,15.7,30.6,4.29698556750197,18.09,21.15,26.75,29.36,NA,NA,NA,NA,NA,7,2024-07-17,"","DATE: Jul-17<br><b>Maximum temperature</b><br>10-90 percentile<br>18.1 to 29.4 °C","Historical daily maximum<br>30.6 °C<br>2024-07-17","DATE: Jul-17</b><br>Normal: 23.4 °C<br>Period: 1991-2020","3010237","ANDREW+AGDM",2002,2024
"07-17","TMIN",2001-07-17,9.63333333333333,3.7,14.9,2.74868952732881,6.32,8.325,11.4,12.45,NA,NA,NA,NA,NA,7,2004-07-17,"","DATE: Jul-17<br><b>Minimum temperature</b><br>10-90 percentile<br>6.3 to 12.4 °C","Historical daily maximum<br>14.9 °C<br>2004-07-17","DATE: Jul-17</b><br>Normal: 9.6 °C<br>Period: 1991-2020","3010237","ANDREW+AGDM",2002,2024
"07-17","VPD",2001-07-17,1.74413077328783,0.57745563130254,2.91300382147351,0.712613989257906,0.929057860479612,1.27403617318612,2.3760452325258,2.63920883463231,NA,NA,NA,NA,NA,7,2024-07-17,"","DATE: Jul-17<br><b>Vapour pressure deficit</b><br>10-90 percentile<br>0.9 to 2.6 kPa","Historical daily maximum<br>2.9 kPa<br>2024-07-17","DATE: Jul-17</b><br>Normal: 1.7 kPa<br>Period: 1991-2020","3010237","ANDREW+AGDM",2002,2024
"07-18","TMAX",2001-07-18,23.2444444444444,16.4,28.8,3.59349448509095,18.84,20.625,25.65,27.85,NA,NA,NA,NA,NA,7,2024-07-18,"","DATE: Jul-18<br><b>Maximum temperature</b><br>10-90 percentile<br>18.8 to 27.8 °C","Historical daily maximum<br>28.8 °C<br>2024-07-18","DATE: Jul-18</b><br>Normal: 23.2 °C<br>Period: 1991-2020","3010237","ANDREW+AGDM",2002,2024
"07-18","TMIN",2001-07-18,10.5555555555556,6,16.6,3.13504333814162,7.15,7.775,12.1,14.83,NA,NA,NA,NA,NA,7,2007-07-18,"","DATE: Jul-18<br><b>Minimum temperature</b><br>10-90 percentile<br>7.2 to 14.8 °C","Historical daily maximum<br>16.6 °C<br>2007-07-18","DATE: Jul-18</b><br>Normal: 10.6 °C<br>Period: 1991-2020","3010237","ANDREW+AGDM",2002,2024
"07-18","VPD",2001-07-18,1.60799616989251,0.617891077819105,2.30256424845251,0.528469785680619,0.8643068256922,1.24816198022079,2.00656697666123,2.26944590435022,NA,NA,NA,NA,NA,7,2024-07-18,"","DATE: Jul-18<br><b>Vapour pressure deficit</b><br>10-90 percentile<br>0.9 to 2.3 kPa","Historical daily maximum<br>2.3 kPa<br>2024-07-18","DATE: Jul-18</b><br>Normal: 1.6 kPa<br>Period: 1991-2020","3010237","ANDREW+AGDM",2002,2024
"07-19","TMAX",2001-07-19,22.5058823529412,17,30.1,3.09202008973003,18.96,20.8,23.6,25.28,NA,NA,NA,NA,NA,7,2024-07-19,"","DATE: Jul-19<br><b>Maximum temperature</b><br>10-90 percentile<br>19.0 to 25.3 °C","Historical daily maximum<br>30.1 °C<br>2024-07-19","DATE: Jul-19</b><br>Normal: 22.5 °C<br>Period: 1991-2020","3010237","ANDREW+AGDM",2002,2024
"07-19","TMIN",2001-07-19,10.8705882352941,6.7,17.7,2.75834295952351,7.68,9.7,11.9,13.64,NA,NA,NA,NA,NA,7,2007-07-19,"","DATE: Jul-19<br><b>Minimum temperature</b><br>10-90 percentile<br>7.7 to 13.6 °C","Historical daily maximum<br>17.7 °C<br>2007-07-19","DATE: Jul-19</b><br>Normal: 10.9 °C<br>Period: 1991-2020","3010237","ANDREW+AGDM",2002,2024
"07-19","VPD",2001-07-19,1.44667004262957,0.726129595867919,2.2420868847909,0.421003242086989,1.03146386504996,1.13694179535479,1.71662231024757,2.05894902609475,NA,NA,NA,NA,NA,7,2024-07-19,"","DATE: Jul-19<br><b>Vapour pressure deficit</b><br>10-90 percentile<br>1.0 to 2.1 kPa","Historical daily maximum<br>2.2 kPa<br>2024-07-19","DATE: Jul-19</b><br>Normal: 1.4 kPa<br>Period: 1991-2020","3010237","ANDREW+AGDM",2002,2024
"07-20","TMAX",2001-07-20,23.0588235294118,18.6,27.8,2.66998567962672,19.96,21.4,24.8,27.08,NA,NA,NA,NA,NA,7,2024-07-20,"","DATE: Jul-20<br><b>Maximum temperature</b><br>10-90 percentile<br>20.0 to 27.1 °C","Historical daily maximum<br>27.8 °C<br>2024-07-20","DATE: Jul-20</b><br>Normal: 23.1 °C<br>Period: 1991-2020","3010237","ANDREW+AGDM",2002,2024
"07-20","TMIN",2001-07-20,9.41764705882353,3.7,13.5,2.58172309081494,6.66,7,11,12.08,NA,NA,NA,NA,NA,7,2007-07-20,"","DATE: Jul-20<br><b>Minimum temperature</b><br>10-90 percentile<br>6.7 to 12.1 °C","Historical daily maximum<br>13.5 °C<br>2007-07-20","DATE: Jul-20</b><br>Normal: 9.4 °C<br>Period: 1991-2020","3010237","ANDREW+AGDM",2002,2024
"07-20","VPD",2001-07-20,1.65470590392919,1.01681577161732,2.54871440417835,0.490823308327643,1.06782960896826,1.23605645936623,1.9583131197406,2.30546640497859,NA,NA,NA,NA,NA,7,2024-07-20,"","DATE: Jul-20<br><b>Vapour pressure deficit</b><br>10-90 percentile<br>1.1 to 2.3 kPa","Historical daily maximum<br>2.5 kPa<br>2024-07-20","DATE: Jul-20</b><br>Normal: 1.7 kPa<br>Period: 1991-2020","3010237","ANDREW+AGDM",2002,2024
"07-21","TMAX",2001-07-21,23.6777777777778,18.2,29,2.86449986509411,20.6,21.575,25.625,27.09,NA,NA,NA,NA,NA,7,2024-07-21,"","DATE: Jul-21<br><b>Maximum temperature</b><br>10-90 percentile<br>20.6 to 27.1 °C","Historical daily maximum<br>29.0 °C<br>2024-07-21","DATE: Jul-21</b><br>Normal: 23.7 °C<br>Period: 1991-2020","3010237","ANDREW+AGDM",2002,2024
"07-21","TMIN",2001-07-21,9.95,4.8,14.5,2.51074162936208,6.46,8.65,11.425,12.63,NA,NA,NA,NA,NA,7,2012-07-21,"","DATE: Jul-21<br><b>Minimum temperature</b><br>10-90 percentile<br>6.5 to 12.6 °C","Historical daily maximum<br>14.5 °C<br>2012-07-21","DATE: Jul-21</b><br>Normal: 9.9 °C<br>Period: 1991-2020","3010237","ANDREW+AGDM",2002,2024
"07-21","VPD",2001-07-21,1.72470150542227,0.733102020708903,2.80218374872748,0.510271010813231,1.20559938198915,1.46182654120914,2.04945858373774,2.28646683492916,NA,NA,NA,NA,NA,7,2024-07-21,"","DATE: Jul-21<br><b>Vapour pressure deficit</b><br>10-90 percentile<br>1.2 to 2.3 kPa","Historical daily maximum<br>2.8 kPa<br>2024-07-21","DATE: Jul-21</b><br>Normal: 1.7 kPa<br>Period: 1991-2020","3010237","ANDREW+AGDM",2002,2024
"07-22","TMAX",2001-07-22,24.7055555555556,15.3,34.8,4.38814877519013,20.11,21.6,26.575,29.08,NA,NA,NA,NA,NA,7,2006-07-22,"","DATE: Jul-22<br><b>Maximum temperature</b><br>10-90 percentile<br>20.1 to 29.1 °C","Historical daily maximum<br>34.8 °C<br>2006-07-22","DATE: Jul-22</b><br>Normal: 24.7 °C<br>Period: 1991-2020","3010237","ANDREW+AGDM",2002,2024
"07-22","TMIN",2001-07-22,10.25,6.9,13.7,2.06917147385984,7.69,8.5,12.1,12.73,NA,NA,NA,NA,NA,7,2024-07-22,"","DATE: Jul-22<br><b>Minimum temperature</b><br>10-90 percentile<br>7.7 to 12.7 °C","Historical daily maximum<br>13.7 °C<br>2024-07-22","DATE: Jul-22</b><br>Normal: 10.2 °C<br>Period: 1991-2020","3010237","ANDREW+AGDM",2002,2024
"07-22","VPD",2001-07-22,1.94354787493473,0.451799007297433,4.2826085351517,0.814010388977582,1.22907401725297,1.42974279925837,2.17482713081324,2.61424790592491,NA,NA,NA,NA,NA,7,2006-07-22,"","DATE: Jul-22<br><b>Vapour pressure deficit</b><br>10-90 percentile<br>1.2 to 2.6 kPa","Historical daily maximum<br>4.3 kPa<br>2006-07-22","DATE: Jul-22</b><br>Normal: 1.9 kPa<br>Period: 1991-2020","3010237","ANDREW+AGDM",2002,2024
"07-23","TMAX",2001-07-23,24.1705882352941,17.6,33.2,4.45726439448603,18.88,21.2,26.6,29.68,NA,NA,NA,NA,NA,7,2006-07-23,"","DATE: Jul-23<br><b>Maximum temperature</b><br>10-90 percentile<br>18.9 to 29.7 °C","Historical daily maximum<br>33.2 °C<br>2006-07-23","DATE: Jul-23</b><br>Normal: 24.2 °C<br>Period: 1991-2020","3010237","ANDREW+AGDM",2002,2024
"07-23","TMIN",2001-07-23,10.4444444444444,6.8,15.4,2.71514753628433,7.46,8.175,11.8,14.63,NA,NA,NA,NA,NA,7,2024-07-23,"","DATE: Jul-23<br><b>Minimum temperature</b><br>10-90 percentile<br>7.5 to 14.6 °C","Historical daily maximum<br>15.4 °C<br>2024-07-23","DATE: Jul-23</b><br>Normal: 10.4 °C<br>Period: 1991-2020","3010237","ANDREW+AGDM",2002,2024
"07-23","VPD",2001-07-23,1.82557495550902,0.910299430638531,3.55943542846985,0.797738924782276,1.03595931218378,1.22996130822475,2.19851317648239,2.85497271883077,NA,NA,NA,NA,NA,7,2006-07-23,"","DATE: Jul-23<br><b>Vapour pressure deficit</b><br>10-90 percentile<br>1.0 to 2.9 kPa","Historical daily maximum<br>3.6 kPa<br>2006-07-23","DATE: Jul-23</b><br>Normal: 1.8 kPa<br>Period: 1991-2020","3010237","ANDREW+AGDM",2002,2024
"07-24","TMAX",2001-07-24,22.5833333333333,12.8,30.1,4.95429106936603,16.13,19.1,26.375,28.13,NA,NA,NA,NA,NA,7,2009-07-24,"","DATE: Jul-24<br><b>Maximum temperature</b><br>10-90 percentile<br>16.1 to 28.1 °C","Historical daily maximum<br>30.1 °C<br>2009-07-24","DATE: Jul-24</b><br>Normal: 22.6 °C<br>Period: 1991-2020","3010237","ANDREW+AGDM",2002,2024
"07-24","TMIN",2001-07-24,9.26470588235294,4.9,13.7,2.52956052914103,6.18,7.5,11.2,12.16,NA,NA,NA,NA,NA,7,2023-07-24,"","DATE: Jul-24<br><b>Minimum temperature</b><br>10-90 percentile<br>6.2 to 12.2 °C","Historical daily maximum<br>13.7 °C<br>2023-07-24","DATE: Jul-24</b><br>Normal: 9.3 °C<br>Period: 1991-2020","3010237","ANDREW+AGDM",2002,2024
"07-24","VPD",2001-07-24,1.73646073954681,0.54420952849487,3.06396925318232,0.726894258479789,0.802548579672368,1.27142446320229,2.36719631545343,2.56270526118997,NA,NA,NA,NA,NA,7,2009-07-24,"","DATE: Jul-24<br><b>Vapour pressure deficit</b><br>10-90 percentile<br>0.8 to 2.6 kPa","Historical daily maximum<br>3.1 kPa<br>2009-07-24","DATE: Jul-24</b><br>Normal: 1.7 kPa<br>Period: 1991-2020","3010237","ANDREW+AGDM",2002,2024
"07-25","TMAX",2001-07-25,23.4176470588235,18,30.9,3.71655675560687,19.76,20.8,26.2,28.58,NA,NA,NA,NA,NA,7,2009-07-25,"","DATE: Jul-25<br><b>Maximum temperature</b><br>10-90 percentile<br>19.8 to 28.6 °C","Historical daily maximum<br>30.9 °C<br>2009-07-25","DATE: Jul-25</b><br>Normal: 23.4 °C<br>Period: 1991-2020","3010237","ANDREW+AGDM",2002,2024
"07-25","TMIN",2001-07-25,8.81176470588235,2.3,12.5,2.98347162566974,4.88,6.5,11.1,11.48,NA,NA,NA,NA,NA,7,2022-07-25,"","DATE: Jul-25<br><b>Minimum temperature</b><br>10-90 percentile<br>4.9 to 11.5 °C","Historical daily maximum<br>12.5 °C<br>2022-07-25","DATE: Jul-25</b><br>Normal: 8.8 °C<br>Period: 1991-2020","3010237","ANDREW+AGDM",2002,2024
"07-25","VPD",2001-07-25,1.79081877266889,0.742523703350355,3.14561316495854,0.696841495115444,1.07958474774068,1.25170558154964,2.1651710871044,2.79913063771825,NA,NA,NA,NA,NA,7,2009-07-25,"","DATE: Jul-25<br><b>Vapour pressure deficit</b><br>10-90 percentile<br>1.1 to 2.8 kPa","Historical daily maximum<br>3.1 kPa<br>2009-07-25","DATE: Jul-25</b><br>Normal: 1.8 kPa<br>Period: 1991-2020","3010237","ANDREW+AGDM",2002,2024
"07-26","TMAX",2001-07-26,23.33125,18.5,28.1,3.27550886631884,18.85,21.1,25.9,27.45,NA,NA,NA,NA,NA,7,2006-07-26,"","DATE: Jul-26<br><b>Maximum temperature</b><br>10-90 percentile<br>18.8 to 27.4 °C","Historical daily maximum<br>28.1 °C<br>2006-07-26","DATE: Jul-26</b><br>Normal: 23.3 °C<br>Period: 1991-2020","3010237","ANDREW+AGDM",2002,2024
"07-26","TMIN",2001-07-26,9.29375,5.6,13.7,2.22305158134789,6.7,7.875,10.825,11.75,NA,NA,NA,NA,NA,7,2011-07-26,"","DATE: Jul-26<br><b>Minimum temperature</b><br>10-90 percentile<br>6.7 to 11.8 °C","Historical daily maximum<br>13.7 °C<br>2011-07-26","DATE: Jul-26</b><br>Normal: 9.3 °C<br>Period: 1991-2020","3010237","ANDREW+AGDM",2002,2024
"07-26","VPD",2001-07-26,1.7298620789931,0.562029934075269,2.72168694927956,0.640364853030079,1.00218823844084,1.27564462787755,2.16331485237038,2.60217071402664,NA,NA,NA,NA,NA,7,2008-07-26,"","DATE: Jul-26<br><b>Vapour pressure deficit</b><br>10-90 percentile<br>1.0 to 2.6 kPa","Historical daily maximum<br>2.7 kPa<br>2008-07-26","DATE: Jul-26</b><br>Normal: 1.7 kPa<br>Period: 1991-2020","3010237","ANDREW+AGDM",2002,2024
"07-27","TMAX",2001-07-27,23.75,13.9,30.4,4.57322771843978,18.73,20.65,27.45,28.56,NA,NA,NA,NA,NA,7,2007-07-27,"","DATE: Jul-27<br><b>Maximum temperature</b><br>10-90 percentile<br>18.7 to 28.6 °C","Historical daily maximum<br>30.4 °C<br>2007-07-27","DATE: Jul-27</b><br>Normal: 23.8 °C<br>Period: 1991-2020","3010237","ANDREW+AGDM",2002,2024
"07-27","TMIN",2001-07-27,9.78333333333333,6,12.5,2.22690764223818,6.73,7.875,11.775,12.16,NA,NA,NA,NA,NA,7,2019-07-27,"","DATE: Jul-27<br><b>Minimum temperature</b><br>10-90 percentile<br>6.7 to 12.2 °C","Historical daily maximum<br>12.5 °C<br>2019-07-27","DATE: Jul-27</b><br>Normal: 9.8 °C<br>Period: 1991-2020","3010237","ANDREW+AGDM",2002,2024
"07-27","VPD",2001-07-27,1.80658546166801,0.646657223351121,3.01112255006206,0.731097632710359,0.863546241717909,1.21532563692442,2.42817849451777,2.72665892636207,NA,NA,NA,NA,NA,7,2007-07-27,"","DATE: Jul-27<br><b>Vapour pressure deficit</b><br>10-90 percentile<br>0.9 to 2.7 kPa","Historical daily maximum<br>3.0 kPa<br>2007-07-27","DATE: Jul-27</b><br>Normal: 1.8 kPa<br>Period: 1991-2020","3010237","ANDREW+AGDM",2002,2024
"07-28","TMAX",2001-07-28,23.5388888888889,17.2,30.7,3.1730740131315,20.7,21.65,25.575,27.1,NA,NA,NA,NA,NA,7,2007-07-28,"","DATE: Jul-28<br><b>Maximum temperature</b><br>10-90 percentile<br>20.7 to 27.1 °C","Historical daily maximum<br>30.7 °C<br>2007-07-28","DATE: Jul-28</b><br>Normal: 23.5 °C<br>Period: 1991-2020","3010237","ANDREW+AGDM",2002,2024
"07-28","TMIN",2001-07-28,9.71111111111111,3.5,15.6,2.94576243778572,5.7,8.6,11,13.18,NA,NA,NA,NA,NA,7,2020-07-28,"","DATE: Jul-28<br><b>Minimum temperature</b><br>10-90 percentile<br>5.7 to 13.2 °C","Historical daily maximum<br>15.6 °C<br>2020-07-28","DATE: Jul-28</b><br>Normal: 9.7 °C<br>Period: 1991-2020","3010237","ANDREW+AGDM",2002,2024
"07-28","VPD",2001-07-28,1.7230405015541,0.898292321230659,2.85885069226489,0.47467639460758,1.21604984987806,1.43486602875098,2.02996161284203,2.22576523626399,NA,NA,NA,NA,NA,7,2007-07-28,"","DATE: Jul-28<br><b>Vapour pressure deficit</b><br>10-90 percentile<br>1.2 to 2.2 kPa","Historical daily maximum<br>2.9 kPa<br>2007-07-28","DATE: Jul-28</b><br>Normal: 1.7 kPa<br>Period: 1991-2020","3010237","ANDREW+AGDM",2002,2024
"07-29","TMAX",2001-07-29,25.05,18.2,31.9,3.34316686778904,21.05,22.8,26.875,28.51,NA,NA,NA,NA,NA,7,2007-07-29,"","DATE: Jul-29<br><b>Maximum temperature</b><br>10-90 percentile<br>21.0 to 28.5 °C","Historical daily maximum<br>31.9 °C<br>2007-07-29","DATE: Jul-29</b><br>Normal: 25.0 °C<br>Period: 1991-2020","3010237","ANDREW+AGDM",2002,2024
"07-29","TMIN",2001-07-29,10.1055555555556,4.5,17.1,3.72076403005085,5.37,7.875,12.65,14.65,NA,NA,NA,NA,NA,7,2020-07-29,"","DATE: Jul-29<br><b>Minimum temperature</b><br>10-90 percentile<br>5.4 to 14.6 °C","Historical daily maximum<br>17.1 °C<br>2020-07-29","DATE: Jul-29</b><br>Normal: 10.1 °C<br>Period: 1991-2020","3010237","ANDREW+AGDM",2002,2024
"07-29","VPD",2001-07-29,1.95972922242401,1.13537792048855,2.86270638765008,0.553198149554234,1.16496222603815,1.61446376472546,2.29672339246426,2.65567182453961,NA,NA,NA,NA,NA,7,2007-07-29,"","DATE: Jul-29<br><b>Vapour pressure deficit</b><br>10-90 percentile<br>1.2 to 2.7 kPa","Historical daily maximum<br>2.9 kPa<br>2007-07-29","DATE: Jul-29</b><br>Normal: 2.0 kPa<br>Period: 1991-2020","3010237","ANDREW+AGDM",2002,2024
"07-30","TMAX",2001-07-30,23.3777777777778,16.2,29,3.5982929867231,18.04,22.075,25.2,28.27,NA,NA,NA,NA,NA,7,2012-07-30,"","DATE: Jul-30<br><b>Maximum temperature</b><br>10-90 percentile<br>18.0 to 28.3 °C","Historical daily maximum<br>29.0 °C<br>2012-07-30","DATE: Jul-30</b><br>Normal: 23.4 °C<br>Period: 1991-2020","3010237","ANDREW+AGDM",2002,2024
"07-30","TMIN",2001-07-30,9.77777777777778,4.4,15.9,3.33987593210138,5.87,6.975,12.55,13.48,NA,NA,NA,NA,NA,7,2020-07-30,"","DATE: Jul-30<br><b>Minimum temperature</b><br>10-90 percentile<br>5.9 to 13.5 °C","Historical daily maximum<br>15.9 °C<br>2020-07-30","DATE: Jul-30</b><br>Normal: 9.8 °C<br>Period: 1991-2020","3010237","ANDREW+AGDM",2002,2024
"07-30","VPD",2001-07-30,1.69400058656571,0.640960158268739,2.83179381954194,0.592884559213948,1.13333376875858,1.34628000225546,1.99312906596334,2.50437690813782,NA,NA,NA,NA,NA,7,2003-07-30,"","DATE: Jul-30<br><b>Vapour pressure deficit</b><br>10-90 percentile<br>1.1 to 2.5 kPa","Historical daily maximum<br>2.8 kPa<br>2003-07-30","DATE: Jul-30</b><br>Normal: 1.7 kPa<br>Period: 1991-2020","3010237","ANDREW+AGDM",2002,2024
"07-31","TMAX",2001-07-31,23.4058823529412,18.9,29.6,3.05562403369494,19.42,20.7,26.1,26.64,NA,NA,NA,NA,NA,7,2003-07-31,"","DATE: Jul-31<br><b>Maximum temperature</b><br>10-90 percentile<br>19.4 to 26.6 °C","Historical daily maximum<br>29.6 °C<br>2003-07-31","DATE: Jul-31</b><br>Normal: 23.4 °C<br>Period: 1991-2020","3010237","ANDREW+AGDM",2002,2024
"07-31","TMIN",2001-07-31,9.7,3.2,15,2.94257540260229,6.8,7.8,11.2,13.42,NA,NA,NA,NA,NA,7,2020-07-31,"","DATE: Jul-31<br><b>Minimum temperature</b><br>10-90 percentile<br>6.8 to 13.4 °C","Historical daily maximum<br>15.0 °C<br>2020-07-31","DATE: Jul-31</b><br>Normal: 9.7 °C<br>Period: 1991-2020","3010237","ANDREW+AGDM",2002,2024
"07-31","VPD",2001-07-31,1.69682890482538,1.03536427331692,2.98301708662102,0.509467523303607,1.09085404870615,1.33154415380728,1.87440715172251,2.25861489225088,NA,NA,NA,NA,NA,7,2003-07-31,"","DATE: Jul-31<br><b>Vapour pressure deficit</b><br>10-90 percentile<br>1.1 to 2.3 kPa","Historical daily maximum<br>3.0 kPa<br>2003-07-31","DATE: Jul-31</b><br>Normal: 1.7 kPa<br>Period: 1991-2020","3010237","ANDREW+AGDM",2002,2024
"08-01","TMAX",2001-08-01,24.1555555555556,18.9,31,3.00865852894456,21.06,22.5,25.65,28.22,NA,NA,NA,NA,NA,8,2003-08-01,"","DATE: Aug-01<br><b>Maximum temperature</b><br>10-90 percentile<br>21.1 to 28.2 °C","Historical daily maximum<br>31.0 °C<br>2003-08-01","DATE: Aug-01</b><br>Normal: 24.2 °C<br>Period: 1991-2020","3010237","ANDREW+AGDM",2002,2024
"08-01","TMIN",2001-08-01,9.7,6.4,14.7,2.68328157299975,6.6,8.05,10.575,13.86,NA,NA,NA,NA,NA,8,2021-08-01,"","DATE: Aug-01<br><b>Minimum temperature</b><br>10-90 percentile<br>6.6 to 13.9 °C","Historical daily maximum<br>14.7 °C<br>2021-08-01","DATE: Aug-01</b><br>Normal: 9.7 °C<br>Period: 1991-2020","3010237","ANDREW+AGDM",2002,2024
"08-01","VPD",2001-08-01,1.83307696001796,1.07386895057619,2.90319694546258,0.520327046150147,1.26760889302477,1.46564843833441,2.00499020171173,2.64079101569782,NA,NA,NA,NA,NA,8,2009-08-01,"","DATE: Aug-01<br><b>Vapour pressure deficit</b><br>10-90 percentile<br>1.3 to 2.6 kPa","Historical daily maximum<br>2.9 kPa<br>2009-08-01","DATE: Aug-01</b><br>Normal: 1.8 kPa<br>Period: 1991-2020","3010237","ANDREW+AGDM",2002,2024
"08-02","TMAX",2001-08-02,23.1722222222222,19.8,27.6,2.54623263933105,20.08,21,25,26.69,NA,NA,NA,NA,NA,8,2019-08-02,"","DATE: Aug-02<br><b>Maximum temperature</b><br>10-90 percentile<br>20.1 to 26.7 °C","Historical daily maximum<br>27.6 °C<br>2019-08-02","DATE: Aug-02</b><br>Normal: 23.2 °C<br>Period: 1991-2020","3010237","ANDREW+AGDM",2002,2024
"08-02","TMIN",2001-08-02,9.17777777777778,5.4,15.2,2.79969652883929,5.81,6.6,10.775,12.42,NA,NA,NA,NA,NA,8,2021-08-02,"","DATE: Aug-02<br><b>Minimum temperature</b><br>10-90 percentile<br>5.8 to 12.4 °C","Historical daily maximum<br>15.2 °C<br>2021-08-02","DATE: Aug-02</b><br>Normal: 9.2 °C<br>Period: 1991-2020","3010237","ANDREW+AGDM",2002,2024
"08-02","VPD",2001-08-02,1.68736082989595,1.09788622289223,2.56980521417839,0.418309873795078,1.15548366463238,1.36636225045392,1.87013702948392,2.2688791749567,NA,NA,NA,NA,NA,8,2007-08-02,"","DATE: Aug-02<br><b>Vapour pressure deficit</b><br>10-90 percentile<br>1.2 to 2.3 kPa","Historical daily maximum<br>2.6 kPa<br>2007-08-02","DATE: Aug-02</b><br>Normal: 1.7 kPa<br>Period: 1991-2020","3010237","ANDREW+AGDM",2002,2024
"08-03","TMAX",2001-08-03,22.7470588235294,16.9,27.4,3.10948501505049,19.76,20.6,25.2,26.86,NA,NA,NA,NA,NA,8,2015-08-03,"","DATE: Aug-03<br><b>Maximum temperature</b><br>10-90 percentile<br>19.8 to 26.9 °C","Historical daily maximum<br>27.4 °C<br>2015-08-03","DATE: Aug-03</b><br>Normal: 22.7 °C<br>Period: 1991-2020","3010237","ANDREW+AGDM",2002,2024
"08-03","TMIN",2001-08-03,9.38235294117647,3.1,12.4,2.40032166961994,6.92,7.7,11.3,11.68,NA,NA,NA,NA,NA,8,2021-08-03,"","DATE: Aug-03<br><b>Minimum temperature</b><br>10-90 percentile<br>6.9 to 11.7 °C","Historical daily maximum<br>12.4 °C<br>2021-08-03","DATE: Aug-03</b><br>Normal: 9.4 °C<br>Period: 1991-2020","3010237","ANDREW+AGDM",2002,2024
"08-03","VPD",2001-08-03,1.61701416142205,0.868657218915071,2.49434030573337,0.492805590714761,1.1461090992443,1.29438983565314,2.20385381693954,2.23893001742895,NA,NA,NA,NA,NA,8,2003-08-03,"","DATE: Aug-03<br><b>Vapour pressure deficit</b><br>10-90 percentile<br>1.1 to 2.2 kPa","Historical daily maximum<br>2.5 kPa<br>2003-08-03","DATE: Aug-03</b><br>Normal: 1.6 kPa<br>Period: 1991-2020","3010237","ANDREW+AGDM",2002,2024
"08-04","TMAX",2001-08-04,22.2823529411765,14.7,26.8,3.23133782165329,18.46,20.8,25.2,25.88,NA,NA,NA,NA,NA,8,2021-08-04,"","DATE: Aug-04<br><b>Maximum temperature</b><br>10-90 percentile<br>18.5 to 25.9 °C","Historical daily maximum<br>26.8 °C<br>2021-08-04","DATE: Aug-04</b><br>Normal: 22.3 °C<br>Period: 1991-2020","3010237","ANDREW+AGDM",2002,2024
"08-04","TMIN",2001-08-04,9.43529411764706,4,14.7,3.11386840932436,5.3,7.6,12.2,13.12,NA,NA,NA,NA,NA,8,2004-08-04,"","DATE: Aug-04<br><b>Minimum temperature</b><br>10-90 percentile<br>5.3 to 13.1 °C","Historical daily maximum<br>14.7 °C<br>2004-08-04","DATE: Aug-04</b><br>Normal: 9.4 °C<br>Period: 1991-2020","3010237","ANDREW+AGDM",2002,2024
"08-04","VPD",2001-08-04,1.52758112301413,0.723427431921148,2.50864143252208,0.557784438473556,0.778140839240498,1.19804553417309,2.04543146756665,2.16033427953874,NA,NA,NA,NA,NA,8,2005-08-04,"","DATE: Aug-04<br><b>Vapour pressure deficit</b><br>10-90 percentile<br>0.8 to 2.2 kPa","Historical daily maximum<br>2.5 kPa<br>2005-08-04","DATE: Aug-04</b><br>Normal: 1.5 kPa<br>Period: 1991-2020","3010237","ANDREW+AGDM",2002,2024
"08-05","TMAX",2001-08-05,23.5611111111111,17.8,27.1,2.48409976329191,20.09,23.2,24.775,25.75,NA,NA,NA,NA,NA,8,2021-08-05,"","DATE: Aug-05<br><b>Maximum temperature</b><br>10-90 percentile<br>20.1 to 25.8 °C","Historical daily maximum<br>27.1 °C<br>2021-08-05","DATE: Aug-05</b><br>Normal: 23.6 °C<br>Period: 1991-2020","3010237","ANDREW+AGDM",2002,2024
"08-05","TMIN",2001-08-05,8.98333333333333,0.2,14.1,3.29174546939676,5.64,7.975,11.075,12.63,NA,NA,NA,NA,NA,8,2004-08-05,"","DATE: Aug-05<br><b>Minimum temperature</b><br>10-90 percentile<br>5.6 to 12.6 °C","Historical daily maximum<br>14.1 °C<br>2004-08-05","DATE: Aug-05</b><br>Normal: 9.0 °C<br>Period: 1991-2020","3010237","ANDREW+AGDM",2002,2024
"08-05","VPD",2001-08-05,1.76276089816131,0.972692005258709,2.62049040539465,0.416708629588577,1.21108415403476,1.65827875913673,1.98145114472796,2.17994667858969,NA,NA,NA,NA,NA,8,2021-08-05,"","DATE: Aug-05<br><b>Vapour pressure deficit</b><br>10-90 percentile<br>1.2 to 2.2 kPa","Historical daily maximum<br>2.6 kPa<br>2021-08-05","DATE: Aug-05</b><br>Normal: 1.8 kPa<br>Period: 1991-2020","3010237","ANDREW+AGDM",2002,2024
"08-06","TMAX",2001-08-06,23.9,16.9,29.1,3.70421064068828,19.04,20.65,26.5,28.22,NA,NA,NA,NA,NA,8,2020-08-06,"","DATE: Aug-06<br><b>Maximum temperature</b><br>10-90 percentile<br>19.0 to 28.2 °C","Historical daily maximum<br>29.1 °C<br>2020-08-06","DATE: Aug-06</b><br>Normal: 23.9 °C<br>Period: 1991-2020","3010237","ANDREW+AGDM",2002,2024
"08-06","TMIN",2001-08-06,9.15555555555556,4.4,13.3,2.73371589862207,5.56,7.6,11.6,12.31,NA,NA,NA,NA,NA,8,2012-08-06,"","DATE: Aug-06<br><b>Minimum temperature</b><br>10-90 percentile<br>5.6 to 12.3 °C","Historical daily maximum<br>13.3 °C<br>2012-08-06","DATE: Aug-06</b><br>Normal: 9.2 °C<br>Period: 1991-2020","3010237","ANDREW+AGDM",2002,2024
"08-06","VPD",2001-08-06,1.84879601627807,0.881592167191724,2.87975491705444,0.611798152058779,0.937759416364346,1.49943999734556,2.30938309990407,2.43138847436028,NA,NA,NA,NA,NA,8,2008-08-06,"","DATE: Aug-06<br><b>Vapour pressure deficit</b><br>10-90 percentile<br>0.9 to 2.4 kPa","Historical daily maximum<br>2.9 kPa<br>2008-08-06","DATE: Aug-06</b><br>Normal: 1.8 kPa<br>Period: 1991-2020","3010237","ANDREW+AGDM",2002,2024
"08-07","TMAX",2001-08-07,22.9647058823529,14,32.2,5.22481353452812,16.12,20.4,26.6,29,NA,NA,NA,NA,NA,8,2008-08-07,"","DATE: Aug-07<br><b>Maximum temperature</b><br>10-90 percentile<br>16.1 to 29.0 °C","Historical daily maximum<br>32.2 °C<br>2008-08-07","DATE: Aug-07</b><br>Normal: 23.0 °C<br>Period: 1991-2020","3010237","ANDREW+AGDM",2002,2024
"08-07","TMIN",2001-08-07,10.0352941176471,4.3,13.5,2.32619355828105,7.5,9.2,11.2,13.04,NA,NA,NA,NA,NA,8,2022-08-07,"","DATE: Aug-07<br><b>Minimum temperature</b><br>10-90 percentile<br>7.5 to 13.0 °C","Historical daily maximum<br>13.5 °C<br>2022-08-07","DATE: Aug-07</b><br>Normal: 10.0 °C<br>Period: 1991-2020","3010237","ANDREW+AGDM",2002,2024
"08-07","VPD",2001-08-07,1.67566867860241,0.337337266391075,3.5642602098738,0.881646411635541,0.614353096578839,1.05768825104553,2.15225480385581,2.79346147735746,NA,NA,NA,NA,NA,8,2008-08-07,"","DATE: Aug-07<br><b>Vapour pressure deficit</b><br>10-90 percentile<br>0.6 to 2.8 kPa","Historical daily maximum<br>3.6 kPa<br>2008-08-07","DATE: Aug-07</b><br>Normal: 1.7 kPa<br>Period: 1991-2020","3010237","ANDREW+AGDM",2002,2024
"08-08","TMAX",2001-08-08,22.9647058823529,13.8,32.5,4.47072997066343,18.76,20,25.1,27.32,NA,NA,NA,NA,NA,8,2008-08-08,"","DATE: Aug-08<br><b>Maximum temperature</b><br>10-90 percentile<br>18.8 to 27.3 °C","Historical daily maximum<br>32.5 °C<br>2008-08-08","DATE: Aug-08</b><br>Normal: 23.0 °C<br>Period: 1991-2020","3010237","ANDREW+AGDM",2002,2024
"08-08","TMIN",2001-08-08,8.27777777777778,3.2,13.2,2.72451950551794,5.04,6.6,9.825,11.83,NA,NA,NA,NA,NA,8,2019-08-08,"","DATE: Aug-08<br><b>Minimum temperature</b><br>10-90 percentile<br>5.0 to 11.8 °C","Historical daily maximum<br>13.2 °C<br>2019-08-08","DATE: Aug-08</b><br>Normal: 8.3 °C<br>Period: 1991-2020","3010237","ANDREW+AGDM",2002,2024
"08-08","VPD",2001-08-08,1.79360257022437,0.80938472633597,3.78092603936307,0.744310665818159,1.10008955456602,1.30899647853093,2.10751726428769,2.66394118835294,NA,NA,NA,NA,NA,8,2008-08-08,"","DATE: Aug-08<br><b>Vapour pressure deficit</b><br>10-90 percentile<br>1.1 to 2.7 kPa","Historical daily maximum<br>3.8 kPa<br>2008-08-08","DATE: Aug-08</b><br>Normal: 1.8 kPa<br>Period: 1991-2020","3010237","ANDREW+AGDM",2002,2024
"08-09","TMAX",2001-08-09,23.0722222222222,15.9,30.4,4.3935521680748,17.25,19.775,26.175,28.52,NA,NA,NA,NA,NA,8,2018-08-09,"","DATE: Aug-09<br><b>Maximum temperature</b><br>10-90 percentile<br>17.2 to 28.5 °C","Historical daily maximum<br>30.4 °C<br>2018-08-09","DATE: Aug-09</b><br>Normal: 23.1 °C<br>Period: 1991-2020","3010237","ANDREW+AGDM",2002,2024
"08-09","TMIN",2001-08-09,8.70555555555556,0.2,16.1,3.93991224480089,2.87,7.875,10.75,12.7,NA,NA,NA,NA,NA,8,2008-08-09,"","DATE: Aug-09<br><b>Minimum temperature</b><br>10-90 percentile<br>2.9 to 12.7 °C","Historical daily maximum<br>16.1 °C<br>2008-08-09","DATE: Aug-09</b><br>Normal: 8.7 °C<br>Period: 1991-2020","3010237","ANDREW+AGDM",2002,2024
"08-09","VPD",2001-08-09,1.74614012081118,0.711819085688362,3.02867649855642,0.674103074006997,0.932770086099644,1.25803196699908,2.24853820405261,2.57240203428097,NA,NA,NA,NA,NA,8,2018-08-09,"","DATE: Aug-09<br><b>Vapour pressure deficit</b><br>10-90 percentile<br>0.9 to 2.6 kPa","Historical daily maximum<br>3.0 kPa<br>2018-08-09","DATE: Aug-09</b><br>Normal: 1.7 kPa<br>Period: 1991-2020","3010237","ANDREW+AGDM",2002,2024
"08-10","TMAX",2001-08-10,23.5722222222222,11.6,29.2,4.45022214323993,17.84,22.75,25.575,28.51,NA,NA,NA,NA,NA,8,2009-08-10,"","DATE: Aug-10<br><b>Maximum temperature</b><br>10-90 percentile<br>17.8 to 28.5 °C","Historical daily maximum<br>29.2 °C<br>2009-08-10","DATE: Aug-10</b><br>Normal: 23.6 °C<br>Period: 1991-2020","3010237","ANDREW+AGDM",2002,2024
"08-10","TMIN",2001-08-10,8.42222222222222,0.8,14.2,3.59714847124538,3.33,7.2,10.25,12.44,NA,NA,NA,NA,NA,8,2003-08-10,"","DATE: Aug-10<br><b>Minimum temperature</b><br>10-90 percentile<br>3.3 to 12.4 °C","Historical daily maximum<br>14.2 °C<br>2003-08-10","DATE: Aug-10</b><br>Normal: 8.4 °C<br>Period: 1991-2020","3010237","ANDREW+AGDM",2002,2024
"08-10","VPD",2001-08-10,1.85860084707912,0.430886442177412,3.0503497012729,0.593807760636541,1.20278488273206,1.6330358415675,2.15664399316169,2.53361277079828,NA,NA,NA,NA,NA,8,2009-08-10,"","DATE: Aug-10<br><b>Vapour pressure deficit</b><br>10-90 percentile<br>1.2 to 2.5 kPa","Historical daily maximum<br>3.1 kPa<br>2009-08-10","DATE: Aug-10</b><br>Normal: 1.9 kPa<br>Period: 1991-2020","3010237","ANDREW+AGDM",2002,2024
"08-11","TMAX",2001-08-11,21.4333333333333,13.5,28.6,4.17570001176273,16.97,17.6,24.45,26.63,NA,NA,NA,NA,NA,8,2015-08-11,"","DATE: Aug-11<br><b>Maximum temperature</b><br>10-90 percentile<br>17.0 to 26.6 °C","Historical daily maximum<br>28.6 °C<br>2015-08-11","DATE: Aug-11</b><br>Normal: 21.4 °C<br>Period: 1991-2020","3010237","ANDREW+AGDM",2002,2024
"08-11","TMIN",2001-08-11,8.34444444444444,1.7,12.6,2.73048632216965,5.78,6.525,10.425,11.48,NA,NA,NA,NA,NA,8,2013-08-11,"","DATE: Aug-11<br><b>Minimum temperature</b><br>10-90 percentile<br>5.8 to 11.5 °C","Historical daily maximum<br>12.6 °C<br>2013-08-11","DATE: Aug-11</b><br>Normal: 8.3 °C<br>Period: 1991-2020","3010237","ANDREW+AGDM",2002,2024
"08-11","VPD",2001-08-11,1.50930768080882,0.20834508337961,2.76594882070173,0.703995987613521,0.662571612916955,0.911090822757793,1.83474675524072,2.41725173961459,NA,NA,NA,NA,NA,8,2015-08-11,"","DATE: Aug-11<br><b>Vapour pressure deficit</b><br>10-90 percentile<br>0.7 to 2.4 kPa","Historical daily maximum<br>2.8 kPa<br>2015-08-11","DATE: Aug-11</b><br>Normal: 1.5 kPa<br>Period: 1991-2020","3010237","ANDREW+AGDM",2002,2024
"08-12","TMAX",2001-08-12,21.8333333333333,11.6,29,4.82761663276416,15.67,19.15,24.85,28.09,NA,NA,NA,NA,NA,8,2014-08-12,"","DATE: Aug-12<br><b>Maximum temperature</b><br>10-90 percentile<br>15.7 to 28.1 °C","Historical daily maximum<br>29.0 °C<br>2014-08-12","DATE: Aug-12</b><br>Normal: 21.8 °C<br>Period: 1991-2020","3010237","ANDREW+AGDM",2002,2024
"08-12","TMIN",2001-08-12,9.12777777777778,3.8,14,2.61507070100252,5.29,8.475,10.875,11.49,NA,NA,NA,NA,NA,8,2013-08-12,"","DATE: Aug-12<br><b>Minimum temperature</b><br>10-90 percentile<br>5.3 to 11.5 °C","Historical daily maximum<br>14.0 °C<br>2013-08-12","DATE: Aug-12</b><br>Normal: 9.1 °C<br>Period: 1991-2020","3010237","ANDREW+AGDM",2002,2024
"08-12","VPD",2001-08-12,1.53598900970554,0.263648733582339,2.76116044469676,0.743273520642859,0.685111405291235,1.02775872591962,2.01750750397434,2.53450477559949,NA,NA,NA,NA,NA,8,2014-08-12,"","DATE: Aug-12<br><b>Vapour pressure deficit</b><br>10-90 percentile<br>0.7 to 2.5 kPa","Historical daily maximum<br>2.8 kPa<br>2014-08-12","DATE: Aug-12</b><br>Normal: 1.5 kPa<br>Period: 1991-2020","3010237","ANDREW+AGDM",2002,2024
"08-13","TMAX",2001-08-13,22.8388888888889,16.6,30.1,4.2339161247755,17.61,19.175,25.85,27.22,NA,NA,NA,NA,NA,8,2021-08-13,"","DATE: Aug-13<br><b>Maximum temperature</b><br>10-90 percentile<br>17.6 to 27.2 °C","Historical daily maximum<br>30.1 °C<br>2021-08-13","DATE: Aug-13</b><br>Normal: 22.8 °C<br>Period: 1991-2020","3010237","ANDREW+AGDM",2002,2024
"08-13","TMIN",2001-08-13,8.41666666666667,1,14.2,3.61862014650694,4.02,5.9,10.85,12.75,NA,NA,NA,NA,NA,8,2014-08-13,"","DATE: Aug-13<br><b>Minimum temperature</b><br>10-90 percentile<br>4.0 to 12.8 °C","Historical daily maximum<br>14.2 °C<br>2014-08-13","DATE: Aug-13</b><br>Normal: 8.4 °C<br>Period: 1991-2020","3010237","ANDREW+AGDM",2002,2024
"08-13","VPD",2001-08-13,1.72739345742512,0.923031138412417,3.18736597788735,0.653927471833427,0.972572880971921,1.14423285018182,2.00725057610284,2.5032135552066,NA,NA,NA,NA,NA,8,2021-08-13,"","DATE: Aug-13<br><b>Vapour pressure deficit</b><br>10-90 percentile<br>1.0 to 2.5 kPa","Historical daily maximum<br>3.2 kPa<br>2021-08-13","DATE: Aug-13</b><br>Normal: 1.7 kPa<br>Period: 1991-2020","3010237","ANDREW+AGDM",2002,2024
"08-14","TMAX",2001-08-14,22.9111111111111,12.1,29.1,4.67369219063584,17.2,20.3,26.375,27.41,NA,NA,NA,NA,NA,8,2021-08-14,"","DATE: Aug-14<br><b>Maximum temperature</b><br>10-90 percentile<br>17.2 to 27.4 °C","Historical daily maximum<br>29.1 °C<br>2021-08-14","DATE: Aug-14</b><br>Normal: 22.9 °C<br>Period: 1991-2020","3010237","ANDREW+AGDM",2002,2024
"08-14","TMIN",2001-08-14,8.77222222222222,1,13.2,3.49382742352273,4.34,7.5,11.275,12.15,NA,NA,NA,NA,NA,8,2023-08-14,"","DATE: Aug-14<br><b>Minimum temperature</b><br>10-90 percentile<br>4.3 to 12.2 °C","Historical daily maximum<br>13.2 °C<br>2023-08-14","DATE: Aug-14</b><br>Normal: 8.8 °C<br>Period: 1991-2020","3010237","ANDREW+AGDM",2002,2024
"08-14","VPD",2001-08-14,1.7270390787439,0.446639516407756,2.6263205502122,0.673460119380051,0.828543977812059,1.18490702205797,2.23889732402109,2.49292171292059,NA,NA,NA,NA,NA,8,2021-08-14,"","DATE: Aug-14<br><b>Vapour pressure deficit</b><br>10-90 percentile<br>0.8 to 2.5 kPa","Historical daily maximum<br>2.6 kPa<br>2021-08-14","DATE: Aug-14</b><br>Normal: 1.7 kPa<br>Period: 1991-2020","3010237","ANDREW+AGDM",2002,2024
"08-15","TMAX",2001-08-15,21.4777777777778,12.9,30.4,5.20051530880587,16.12,18.625,24.5,28.9,NA,NA,NA,NA,NA,8,2003-08-15,"","DATE: Aug-15<br><b>Maximum temperature</b><br>10-90 percentile<br>16.1 to 28.9 °C","Historical daily maximum<br>30.4 °C<br>2003-08-15","DATE: Aug-15</b><br>Normal: 21.5 °C<br>Period: 1991-2020","3010237","ANDREW+AGDM",2002,2024
"08-15","TMIN",2001-08-15,8.09444444444444,1.9,12.5,2.8550208039259,4.66,6.4,9.875,11.14,NA,NA,NA,NA,NA,8,2019-08-15,"","DATE: Aug-15<br><b>Minimum temperature</b><br>10-90 percentile<br>4.7 to 11.1 °C","Historical daily maximum<br>12.5 °C<br>2019-08-15","DATE: Aug-15</b><br>Normal: 8.1 °C<br>Period: 1991-2020","3010237","ANDREW+AGDM",2002,2024
"08-15","VPD",2001-08-15,1.57435674795889,0.300580984485322,3.25392118048506,0.805446579521906,0.94127335175382,1.09818826221804,2.04398613057094,2.71847478774583,NA,NA,NA,NA,NA,8,2003-08-15,"","DATE: Aug-15<br><b>Vapour pressure deficit</b><br>10-90 percentile<br>0.9 to 2.7 kPa","Historical daily maximum<br>3.3 kPa<br>2003-08-15","DATE: Aug-15</b><br>Normal: 1.6 kPa<br>Period: 1991-2020","3010237","ANDREW+AGDM",2002,2024
"08-16","TMAX",2001-08-16,21.7117647058824,10.3,27.3,4.30811477808757,16.66,20.7,23.6,26.74,NA,NA,NA,NA,NA,8,2022-08-16,"","DATE: Aug-16<br><b>Maximum temperature</b><br>10-90 percentile<br>16.7 to 26.7 °C","Historical daily maximum<br>27.3 °C<br>2022-08-16","DATE: Aug-16</b><br>Normal: 21.7 °C<br>Period: 1991-2020","3010237","ANDREW+AGDM",2002,2024
"08-16","TMIN",2001-08-16,7.43888888888889,0.5,13.1,3.40745530183258,3.11,6.075,10.075,11.05,NA,NA,NA,NA,NA,8,2014-08-16,"","DATE: Aug-16<br><b>Minimum temperature</b><br>10-90 percentile<br>3.1 to 11.0 °C","Historical daily maximum<br>13.1 °C<br>2014-08-16","DATE: Aug-16</b><br>Normal: 7.4 °C<br>Period: 1991-2020","3010237","ANDREW+AGDM",2002,2024
"08-16","VPD",2001-08-16,1.62195048694995,0.467786670830219,2.32226627089028,0.560449685885789,0.865031343487558,1.41648816253691,1.99547194007225,2.25146210956682,NA,NA,NA,NA,NA,8,2022-08-16,"","DATE: Aug-16<br><b>Vapour pressure deficit</b><br>10-90 percentile<br>0.9 to 2.3 kPa","Historical daily maximum<br>2.3 kPa<br>2022-08-16","DATE: Aug-16</b><br>Normal: 1.6 kPa<br>Period: 1991-2020","3010237","ANDREW+AGDM",2002,2024
"08-17","TMAX",2001-08-17,22.4333333333333,10.7,28.7,4.38821952370609,17.6,21.975,25.4,26.6,NA,NA,NA,NA,NA,8,2020-08-17,"","DATE: Aug-17<br><b>Maximum temperature</b><br>10-90 percentile<br>17.6 to 26.6 °C","Historical daily maximum<br>28.7 °C<br>2020-08-17","DATE: Aug-17</b><br>Normal: 22.4 °C<br>Period: 1991-2020","3010237","ANDREW+AGDM",2002,2024
"08-17","TMIN",2001-08-17,7.38333333333333,0.8,12.1,3.24186765342957,3.03,5.25,9.6,10.75,NA,NA,NA,NA,NA,8,2023-08-17,"","DATE: Aug-17<br><b>Minimum temperature</b><br>10-90 percentile<br>3.0 to 10.8 °C","Historical daily maximum<br>12.1 °C<br>2023-08-17","DATE: Aug-17</b><br>Normal: 7.4 °C<br>Period: 1991-2020","3010237","ANDREW+AGDM",2002,2024
"08-17","VPD",2001-08-17,1.73971014432071,0.408346034875277,2.75642436388383,0.607538422553755,1.0505047736217,1.45198593854338,2.23587814558911,2.44170098816458,NA,NA,NA,NA,NA,8,2009-08-17,"","DATE: Aug-17<br><b>Vapour pressure deficit</b><br>10-90 percentile<br>1.1 to 2.4 kPa","Historical daily maximum<br>2.8 kPa<br>2009-08-17","DATE: Aug-17</b><br>Normal: 1.7 kPa<br>Period: 1991-2020","3010237","ANDREW+AGDM",2002,2024
"08-18","TMAX",2001-08-18,22.7944444444444,9.6,30.4,5.54643205103353,17.37,19.75,27.85,29.56,NA,NA,NA,NA,NA,8,2008-08-18,"","DATE: Aug-18<br><b>Maximum temperature</b><br>10-90 percentile<br>17.4 to 29.6 °C","Historical daily maximum<br>30.4 °C<br>2008-08-18","DATE: Aug-18</b><br>Normal: 22.8 °C<br>Period: 1991-2020","3010237","ANDREW+AGDM",2002,2024
"08-18","TMIN",2001-08-18,7.69444444444444,1.4,15.8,3.7901532209013,4.18,5.25,10.675,12.11,NA,NA,NA,NA,NA,8,2008-08-18,"","DATE: Aug-18<br><b>Minimum temperature</b><br>10-90 percentile<br>4.2 to 12.1 °C","Historical daily maximum<br>15.8 °C<br>2008-08-18","DATE: Aug-18</b><br>Normal: 7.7 °C<br>Period: 1991-2020","3010237","ANDREW+AGDM",2002,2024
"08-18","VPD",2001-08-18,1.81900080068046,0.464139524576145,2.95793147188752,0.748158114239359,1.06342080294397,1.3351931917719,2.50162182642493,2.82892610789469,NA,NA,NA,NA,NA,8,2012-08-18,"","DATE: Aug-18<br><b>Vapour pressure deficit</b><br>10-90 percentile<br>1.1 to 2.8 kPa","Historical daily maximum<br>3.0 kPa<br>2012-08-18","DATE: Aug-18</b><br>Normal: 1.8 kPa<br>Period: 1991-2020","3010237","ANDREW+AGDM",2002,2024
"08-19","TMAX",2001-08-19,21.1235294117647,15.7,29.7,3.49204979413322,17.1,19.2,22,24.92,NA,NA,NA,NA,NA,8,2022-08-19,"","DATE: Aug-19<br><b>Maximum temperature</b><br>10-90 percentile<br>17.1 to 24.9 °C","Historical daily maximum<br>29.7 °C<br>2022-08-19","DATE: Aug-19</b><br>Normal: 21.1 °C<br>Period: 1991-2020","3010237","ANDREW+AGDM",2002,2024
"08-19","TMIN",2001-08-19,7.43529411764706,1.6,15.2,3.27985159276883,3.66,6.4,8.7,10.74,NA,NA,NA,NA,NA,8,2008-08-19,"","DATE: Aug-19<br><b>Minimum temperature</b><br>10-90 percentile<br>3.7 to 10.7 °C","Historical daily maximum<br>15.2 °C<br>2008-08-19","DATE: Aug-19</b><br>Normal: 7.4 °C<br>Period: 1991-2020","3010237","ANDREW+AGDM",2002,2024
"08-19","VPD",2001-08-19,1.50072337463659,0.717282456233593,2.90932960361539,0.511921938679649,0.939841464153471,1.13749166116064,1.69676119862593,1.87373570995778,NA,NA,NA,NA,NA,8,2012-08-19,"","DATE: Aug-19<br><b>Vapour pressure deficit</b><br>10-90 percentile<br>0.9 to 1.9 kPa","Historical daily maximum<br>2.9 kPa<br>2012-08-19","DATE: Aug-19</b><br>Normal: 1.5 kPa<br>Period: 1991-2020","3010237","ANDREW+AGDM",2002,2024
"08-20","TMAX",2001-08-20,22.1352941176471,18,30.5,3.22178932746824,18.56,19.5,24.2,25.1,NA,NA,NA,NA,NA,8,2022-08-20,"","DATE: Aug-20<br><b>Maximum temperature</b><br>10-90 percentile<br>18.6 to 25.1 °C","Historical daily maximum<br>30.5 °C<br>2022-08-20","DATE: Aug-20</b><br>Normal: 22.1 °C<br>Period: 1991-2020","3010237","ANDREW+AGDM",2002,2024
"08-20","TMIN",2001-08-20,6.02941176470588,2.3,11.6,2.76128699746204,3.26,3.8,8,9.78,NA,NA,NA,NA,NA,8,2022-08-20,"","DATE: Aug-20<br><b>Minimum temperature</b><br>10-90 percentile<br>3.3 to 9.8 °C","Historical daily maximum<br>11.6 °C<br>2022-08-20","DATE: Aug-20</b><br>Normal: 6.0 °C<br>Period: 1991-2020","3010237","ANDREW+AGDM",2002,2024
"08-20","VPD",2001-08-20,1.7581524864735,0.794272311366301,3.29351049462034,0.610095555787257,1.21959294229979,1.36166864243761,2.15368527208946,2.4171911889587,NA,NA,NA,NA,NA,8,2012-08-20,"","DATE: Aug-20<br><b>Vapour pressure deficit</b><br>10-90 percentile<br>1.2 to 2.4 kPa","Historical daily maximum<br>3.3 kPa<br>2012-08-20","DATE: Aug-20</b><br>Normal: 1.8 kPa<br>Period: 1991-2020","3010237","ANDREW+AGDM",2002,2024
"08-21","TMAX",2001-08-21,21.7941176470588,12.9,30.3,5.6021726352634,14.08,18.8,26,28.7,NA,NA,NA,NA,NA,8,2012-08-21,"","DATE: Aug-21<br><b>Maximum temperature</b><br>10-90 percentile<br>14.1 to 28.7 °C","Historical daily maximum<br>30.3 °C<br>2012-08-21","DATE: Aug-21</b><br>Normal: 21.8 °C<br>Period: 1991-2020","3010237","ANDREW+AGDM",2002,2024
"08-21","TMIN",2001-08-21,8.47058823529412,3.1,13.3,3.19056513526255,4.42,6,11.4,12.58,NA,NA,NA,NA,NA,8,2020-08-21,"","DATE: Aug-21<br><b>Minimum temperature</b><br>10-90 percentile<br>4.4 to 12.6 °C","Historical daily maximum<br>13.3 °C<br>2020-08-21","DATE: Aug-21</b><br>Normal: 8.5 °C<br>Period: 1991-2020","3010237","ANDREW+AGDM",2002,2024
"08-21","VPD",2001-08-21,1.606250906442,0.477481214407901,2.8860739784584,0.831449302100955,0.654660353378244,1.01428548647683,2.45821064118729,2.73733215305475,NA,NA,NA,NA,NA,8,2012-08-21,"","DATE: Aug-21<br><b>Vapour pressure deficit</b><br>10-90 percentile<br>0.7 to 2.7 kPa","Historical daily maximum<br>2.9 kPa<br>2012-08-21","DATE: Aug-21</b><br>Normal: 1.6 kPa<br>Period: 1991-2020","3010237","ANDREW+AGDM",2002,2024
"08-22","TMAX",2001-08-22,20.3066666666667,9.7,28.5,4.98074387253646,15.74,18.25,23.05,27.38,NA,NA,NA,NA,NA,8,2011-08-22,"","DATE: Aug-22<br><b>Maximum temperature</b><br>10-90 percentile<br>15.7 to 27.4 °C","Historical daily maximum<br>28.5 °C<br>2011-08-22","DATE: Aug-22</b><br>Normal: 20.3 °C<br>Period: 1991-2020","3010237","ANDREW+AGDM",2002,2024
"08-22","TMIN",2001-08-22,7,0.9,11.6,3.61625957770364,2.05,4.425,10.15,11.1,NA,NA,NA,NA,NA,8,2023-08-22,"","DATE: Aug-22<br><b>Minimum temperature</b><br>10-90 percentile<br>2.0 to 11.1 °C","Historical daily maximum<br>11.6 °C<br>2023-08-22","DATE: Aug-22</b><br>Normal: 7.0 °C<br>Period: 1991-2020","3010237","ANDREW+AGDM",2002,2024
"08-22","VPD",2001-08-22,1.43373010924687,0.281253593990366,2.96804251909998,0.705800455288936,0.884750034621158,1.01199783191143,1.61061158404745,2.47095854154014,NA,NA,NA,NA,NA,8,2006-08-22,"","DATE: Aug-22<br><b>Vapour pressure deficit</b><br>10-90 percentile<br>0.9 to 2.5 kPa","Historical daily maximum<br>3.0 kPa<br>2006-08-22","DATE: Aug-22</b><br>Normal: 1.4 kPa<br>Period: 1991-2020","3010237","ANDREW+AGDM",2002,2024
"08-23","TMAX",2001-08-23,19.9666666666667,9.1,26.1,4.04154891682123,16.38,17.925,23.175,24.18,NA,NA,NA,NA,NA,8,2022-08-23,"","DATE: Aug-23<br><b>Maximum temperature</b><br>10-90 percentile<br>16.4 to 24.2 °C","Historical daily maximum<br>26.1 °C<br>2022-08-23","DATE: Aug-23</b><br>Normal: 20.0 °C<br>Period: 1991-2020","3010237","ANDREW+AGDM",2002,2024
"08-23","TMIN",2001-08-23,5.98235294117647,-0.8,12,3.55444005683695,0.32,4.6,7.9,9.7,NA,NA,NA,NA,NA,8,2006-08-23,"","DATE: Aug-23<br><b>Minimum temperature</b><br>10-90 percentile<br>0.3 to 9.7 °C","Historical daily maximum<br>12.0 °C<br>2006-08-23","DATE: Aug-23</b><br>Normal: 6.0 °C<br>Period: 1991-2020","3010237","ANDREW+AGDM",2002,2024
"08-23","VPD",2001-08-23,1.37622327889341,0.194516016791534,2.40777731470841,0.521479582990844,0.866285621949483,1.08346645456677,1.61701806129585,1.99152573384004,NA,NA,NA,NA,NA,8,2022-08-23,"","DATE: Aug-23<br><b>Vapour pressure deficit</b><br>10-90 percentile<br>0.9 to 2.0 kPa","Historical daily maximum<br>2.4 kPa<br>2022-08-23","DATE: Aug-23</b><br>Normal: 1.4 kPa<br>Period: 1991-2020","3010237","ANDREW+AGDM",2002,2024
"08-24","TMAX",2001-08-24,20.9166666666667,10.6,27.3,4.1062721035308,16.01,19.125,23.05,26.14,NA,NA,NA,NA,NA,8,2022-08-24,"","DATE: Aug-24<br><b>Maximum temperature</b><br>10-90 percentile<br>16.0 to 26.1 °C","Historical daily maximum<br>27.3 °C<br>2022-08-24","DATE: Aug-24</b><br>Normal: 20.9 °C<br>Period: 1991-2020","3010237","ANDREW+AGDM",2002,2024
"08-24","TMIN",2001-08-24,6.92222222222222,2.3,11.7,2.93949886796563,3.21,4.2,8.9,10.31,NA,NA,NA,NA,NA,8,2024-08-24,"","DATE: Aug-24<br><b>Minimum temperature</b><br>10-90 percentile<br>3.2 to 10.3 °C","Historical daily maximum<br>11.7 °C<br>2024-08-24","DATE: Aug-24</b><br>Normal: 6.9 °C<br>Period: 1991-2020","3010237","ANDREW+AGDM",2002,2024
"08-24","VPD",2001-08-24,1.52385109038464,0.262515214291509,2.64286107134209,0.598510170175454,0.810015876983725,1.27146610451074,1.87339072737044,2.14983791080823,NA,NA,NA,NA,NA,8,2011-08-24,"","DATE: Aug-24<br><b>Vapour pressure deficit</b><br>10-90 percentile<br>0.8 to 2.1 kPa","Historical daily maximum<br>2.6 kPa<br>2011-08-24","DATE: Aug-24</b><br>Normal: 1.5 kPa<br>Period: 1991-2020","3010237","ANDREW+AGDM",2002,2024
"08-25","TMAX",2001-08-25,20.4277777777778,14.5,25.8,3.05340803915801,16.99,18.25,21.825,24.52,NA,NA,NA,NA,NA,8,2022-08-25,"","DATE: Aug-25<br><b>Maximum temperature</b><br>10-90 percentile<br>17.0 to 24.5 °C","Historical daily maximum<br>25.8 °C<br>2022-08-25","DATE: Aug-25</b><br>Normal: 20.4 °C<br>Period: 1991-2020","3010237","ANDREW+AGDM",2002,2024
"08-25","TMIN",2001-08-25,6.02222222222222,0.5,11.2,2.98536736443835,2.74,3.875,8,9.85,NA,NA,NA,NA,NA,8,2008-08-25,"","DATE: Aug-25<br><b>Minimum temperature</b><br>10-90 percentile<br>2.7 to 9.8 °C","Historical daily maximum<br>11.2 °C<br>2008-08-25","DATE: Aug-25</b><br>Normal: 6.0 °C<br>Period: 1991-2020","3010237","ANDREW+AGDM",2002,2024
"08-25","VPD",2001-08-25,1.48286931552565,0.722419455805592,2.260064687197,0.465254023753536,0.801900466701672,1.26867091330685,1.84883175574313,2.07087040593475,NA,NA,NA,NA,NA,8,2022-08-25,"","DATE: Aug-25<br><b>Vapour pressure deficit</b><br>10-90 percentile<br>0.8 to 2.1 kPa","Historical daily maximum<br>2.3 kPa<br>2022-08-25","DATE: Aug-25</b><br>Normal: 1.5 kPa<br>Period: 1991-2020","3010237","ANDREW+AGDM",2002,2024
"08-26","TMAX",2001-08-26,21.5222222222222,13.6,27.5,3.99861086990081,16.71,18.15,23.95,26.33,NA,NA,NA,NA,NA,8,2022-08-26,"","DATE: Aug-26<br><b>Maximum temperature</b><br>10-90 percentile<br>16.7 to 26.3 °C","Historical daily maximum<br>27.5 °C<br>2022-08-26","DATE: Aug-26</b><br>Normal: 21.5 °C<br>Period: 1991-2020","3010237","ANDREW+AGDM",2002,2024
"08-26","TMIN",2001-08-26,5.54444444444444,-0.2,12.6,3.14684196919467,1.79,4.425,7.325,8.71,NA,NA,NA,NA,NA,8,2010-08-26,"","DATE: Aug-26<br><b>Minimum temperature</b><br>10-90 percentile<br>1.8 to 8.7 °C","Historical daily maximum<br>12.6 °C<br>2010-08-26","DATE: Aug-26</b><br>Normal: 5.5 °C<br>Period: 1991-2020","3010237","ANDREW+AGDM",2002,2024
"08-26","VPD",2001-08-26,1.70589449464416,0.527867227024513,2.81106279579944,0.63152730008697,0.867494642814837,1.20157588981302,2.11247504032733,2.35119878881581,NA,NA,NA,NA,NA,8,2022-08-26,"","DATE: Aug-26<br><b>Vapour pressure deficit</b><br>10-90 percentile<br>0.9 to 2.4 kPa","Historical daily maximum<br>2.8 kPa<br>2022-08-26","DATE: Aug-26</b><br>Normal: 1.7 kPa<br>Period: 1991-2020","3010237","ANDREW+AGDM",2002,2024
"08-27","TMAX",2001-08-27,21.0588235294118,13.5,27.4,4.89771105001222,14.14,17.1,25.8,26.48,NA,NA,NA,NA,NA,8,2012-08-27,"","DATE: Aug-27<br><b>Maximum temperature</b><br>10-90 percentile<br>14.1 to 26.5 °C","Historical daily maximum<br>27.4 °C<br>2012-08-27","DATE: Aug-27</b><br>Normal: 21.1 °C<br>Period: 1991-2020","3010237","ANDREW+AGDM",2002,2024
"08-27","TMIN",2001-08-27,6.63888888888889,-0.3,11.5,2.99138741937758,3.51,4.6,8.275,10.45,NA,NA,NA,NA,NA,8,2014-08-27,"","DATE: Aug-27<br><b>Minimum temperature</b><br>10-90 percentile<br>3.5 to 10.4 °C","Historical daily maximum<br>11.5 °C<br>2014-08-27","DATE: Aug-27</b><br>Normal: 6.6 °C<br>Period: 1991-2020","3010237","ANDREW+AGDM",2002,2024
"08-27","VPD",2001-08-27,1.59773623609649,0.402031321510894,2.59941668974973,0.772940416884845,0.625217327082362,0.774828722107731,2.30620183607041,2.5510358865862,NA,NA,NA,NA,NA,8,2005-08-27,"","DATE: Aug-27<br><b>Vapour pressure deficit</b><br>10-90 percentile<br>0.6 to 2.6 kPa","Historical daily maximum<br>2.6 kPa<br>2005-08-27","DATE: Aug-27</b><br>Normal: 1.6 kPa<br>Period: 1991-2020","3010237","ANDREW+AGDM",2002,2024
"08-28","TMAX",2001-08-28,22.2625,14.3,30.6,5.25621853934303,16.25,17.15,27.5,28.3,NA,NA,NA,NA,NA,8,2006-08-28,"","DATE: Aug-28<br><b>Maximum temperature</b><br>10-90 percentile<br>16.2 to 28.3 °C","Historical daily maximum<br>30.6 °C<br>2006-08-28","DATE: Aug-28</b><br>Normal: 22.3 °C<br>Period: 1991-2020","3010237","ANDREW+AGDM",2002,2024
"08-28","TMIN",2001-08-28,6.36470588235294,0.2,10.9,2.66480327052265,3.74,5.2,7.4,10,NA,NA,NA,NA,NA,8,2006-08-28,"","DATE: Aug-28<br><b>Minimum temperature</b><br>10-90 percentile<br>3.7 to 10.0 °C","Historical daily maximum<br>10.9 °C<br>2006-08-28","DATE: Aug-28</b><br>Normal: 6.4 °C<br>Period: 1991-2020","3010237","ANDREW+AGDM",2002,2024
"08-28","VPD",2001-08-28,1.82805394051856,0.844912848185324,3.08727819412583,0.783152864715318,1.00740777491483,1.16279605435532,2.59574583521702,2.82868105148129,NA,NA,NA,NA,NA,8,2006-08-28,"","DATE: Aug-28<br><b>Vapour pressure deficit</b><br>10-90 percentile<br>1.0 to 2.8 kPa","Historical daily maximum<br>3.1 kPa<br>2006-08-28","DATE: Aug-28</b><br>Normal: 1.8 kPa<br>Period: 1991-2020","3010237","ANDREW+AGDM",2002,2024
"08-29","TMAX",2001-08-29,21.4705882352941,12,29.3,4.53469468457943,16.82,17.6,24.7,26.66,NA,NA,NA,NA,NA,8,2023-08-29,"","DATE: Aug-29<br><b>Maximum temperature</b><br>10-90 percentile<br>16.8 to 26.7 °C","Historical daily maximum<br>29.3 °C<br>2023-08-29","DATE: Aug-29</b><br>Normal: 21.5 °C<br>Period: 1991-2020","3010237","ANDREW+AGDM",2002,2024
"08-29","TMIN",2001-08-29,6.55,0.8,11.6,2.96040537764678,2.55,4.425,8.15,9.35,NA,NA,NA,NA,NA,8,2013-08-29,"","DATE: Aug-29<br><b>Minimum temperature</b><br>10-90 percentile<br>2.5 to 9.3 °C","Historical daily maximum<br>11.6 °C<br>2013-08-29","DATE: Aug-29</b><br>Normal: 6.6 °C<br>Period: 1991-2020","3010237","ANDREW+AGDM",2002,2024
"08-29","VPD",2001-08-29,1.64523212140811,0.542356459554697,2.88021577096721,0.655473950526003,0.84416918498543,1.17055406955271,1.93251209915023,2.44610234341577,NA,NA,NA,NA,NA,8,2023-08-29,"","DATE: Aug-29<br><b>Vapour pressure deficit</b><br>10-90 percentile<br>0.8 to 2.4 kPa","Historical daily maximum<br>2.9 kPa<br>2023-08-29","DATE: Aug-29</b><br>Normal: 1.6 kPa<br>Period: 1991-2020","3010237","ANDREW+AGDM",2002,2024
"08-30","TMAX",2001-08-30,19.66875,13,29.4,4.80370950412283,14.2,14.975,22,25.8,NA,NA,NA,NA,NA,8,2022-08-30,"","DATE: Aug-30<br><b>Maximum temperature</b><br>10-90 percentile<br>14.2 to 25.8 °C","Historical daily maximum<br>29.4 °C<br>2022-08-30","DATE: Aug-30</b><br>Normal: 19.7 °C<br>Period: 1991-2020","3010237","ANDREW+AGDM",2002,2024
"08-30","TMIN",2001-08-30,6.58235294117647,2.8,13,2.51948290679795,3.92,5.1,7.8,9.3,NA,NA,NA,NA,NA,8,2013-08-30,"","DATE: Aug-30<br><b>Minimum temperature</b><br>10-90 percentile<br>3.9 to 9.3 °C","Historical daily maximum<br>13.0 °C<br>2013-08-30","DATE: Aug-30</b><br>Normal: 6.6 °C<br>Period: 1991-2020","3010237","ANDREW+AGDM",2002,2024
"08-30","VPD",2001-08-30,1.38995714063855,0.625459942407263,3.04096473942563,0.740281532869568,0.638904542084677,0.809690620249757,1.6066258043417,2.51681662297934,NA,NA,NA,NA,NA,8,2022-08-30,"","DATE: Aug-30<br><b>Vapour pressure deficit</b><br>10-90 percentile<br>0.6 to 2.5 kPa","Historical daily maximum<br>3.0 kPa<br>2022-08-30","DATE: Aug-30</b><br>Normal: 1.4 kPa<br>Period: 1991-2020","3010237","ANDREW+AGDM",2002,2024
"08-31","TMAX",2001-08-31,21.0944444444444,15.5,30.6,4.25032486263209,16.26,17.675,22.675,26.95,NA,NA,NA,NA,NA,8,2009-08-31,"","DATE: Aug-31<br><b>Maximum temperature</b><br>10-90 percentile<br>16.3 to 27.0 °C","Historical daily maximum<br>30.6 °C<br>2009-08-31","DATE: Aug-31</b><br>Normal: 21.1 °C<br>Period: 1991-2020","3010237","ANDREW+AGDM",2002,2024
"08-31","TMIN",2001-08-31,5.16111111111111,-2.6,11.7,3.87786158307853,1.02,2.775,8.175,10.63,NA,NA,NA,NA,NA,8,2023-08-31,"","DATE: Aug-31<br><b>Minimum temperature</b><br>10-90 percentile<br>1.0 to 10.6 °C","Historical daily maximum<br>11.7 °C<br>2023-08-31","DATE: Aug-31</b><br>Normal: 5.2 °C<br>Period: 1991-2020","3010237","ANDREW+AGDM",2002,2024
"08-31","VPD",2001-08-31,1.66570265706641,1.07302843880104,3.49432255681278,0.644273005086589,1.14501380270042,1.281115174197,1.82863710028631,2.40802624776246,NA,NA,NA,NA,NA,8,2009-08-31,"","DATE: Aug-31<br><b>Vapour pressure deficit</b><br>10-90 percentile<br>1.1 to 2.4 kPa","Historical daily maximum<br>3.5 kPa<br>2009-08-31","DATE: Aug-31</b><br>Normal: 1.7 kPa<br>Period: 1991-2020","3010237","ANDREW+AGDM",2002,2024
"09-01","TMAX",2001-09-01,20.4125,16,28.9,3.69646227267821,16.4,18.4,21.85,25.35,NA,NA,NA,NA,NA,9,2009-09-01,"","DATE: Sep-01<br><b>Maximum temperature</b><br>10-90 percentile<br>16.4 to 25.4 °C","Historical daily maximum<br>28.9 °C<br>2009-09-01","DATE: Sep-01</b><br>Normal: 20.4 °C<br>Period: 1991-2020","3010237","ANDREW+AGDM",2002,2024
"09-01","TMIN",2001-09-01,5.72352941176471,-1.5,10.5,3.69839989248133,0.38,3.7,8.1,9.96,NA,NA,NA,NA,NA,9,2023-09-01,"","DATE: Sep-01<br><b>Minimum temperature</b><br>10-90 percentile<br>0.4 to 10.0 °C","Historical daily maximum<br>10.5 °C<br>2023-09-01","DATE: Sep-01</b><br>Normal: 5.7 °C<br>Period: 1991-2020","3010237","ANDREW+AGDM",2002,2024
"09-01","VPD",2001-09-01,1.51438087507103,0.98769255206794,2.90249003900787,0.594718933074458,1.01301284296074,1.0385672093243,1.62295241227771,2.39377177793941,NA,NA,NA,NA,NA,9,2024-09-01,"","DATE: Sep-01<br><b>Vapour pressure deficit</b><br>10-90 percentile<br>1.0 to 2.4 kPa","Historical daily maximum<br>2.9 kPa<br>2024-09-01","DATE: Sep-01</b><br>Normal: 1.5 kPa<br>Period: 1991-2020","3010237","ANDREW+AGDM",2002,2024
"09-02","TMAX",2001-09-02,20.8444444444444,15.8,32.1,4.71496019847492,16.45,16.975,22.975,27.57,NA,NA,NA,NA,NA,9,2024-09-02,"","DATE: Sep-02<br><b>Maximum temperature</b><br>10-90 percentile<br>16.5 to 27.6 °C","Historical daily maximum<br>32.1 °C<br>2024-09-02","DATE: Sep-02</b><br>Normal: 20.8 °C<br>Period: 1991-2020","3010237","ANDREW+AGDM",2002,2024
"09-02","TMIN",2001-09-02,5.80555555555556,-1.6,9.6,2.94028254389072,1.6,4.225,7.6,8.75,NA,NA,NA,NA,NA,9,2012-09-02,"","DATE: Sep-02<br><b>Minimum temperature</b><br>10-90 percentile<br>1.6 to 8.8 °C","Historical daily maximum<br>9.6 °C<br>2012-09-02","DATE: Sep-02</b><br>Normal: 5.8 °C<br>Period: 1991-2020","3010237","ANDREW+AGDM",2002,2024
"09-02","VPD",2001-09-02,1.61754707096836,0.712529635655139,3.73066431306567,0.845628817654619,0.756888387730985,0.974276463329174,1.84403687981501,2.82481075260118,NA,NA,NA,NA,NA,9,2024-09-02,"","DATE: Sep-02<br><b>Vapour pressure deficit</b><br>10-90 percentile<br>0.8 to 2.8 kPa","Historical daily maximum<br>3.7 kPa<br>2024-09-02","DATE: Sep-02</b><br>Normal: 1.6 kPa<br>Period: 1991-2020","3010237","ANDREW+AGDM",2002,2024
"09-03","TMAX",2001-09-03,20.475,13.4,31.9,5.7327712902807,14.1,17.025,24.125,29,NA,NA,NA,NA,NA,9,2022-09-03,"","DATE: Sep-03<br><b>Maximum temperature</b><br>10-90 percentile<br>14.1 to 29.0 °C","Historical daily maximum<br>31.9 °C<br>2022-09-03","DATE: Sep-03</b><br>Normal: 20.5 °C<br>Period: 1991-2020","3010237","ANDREW+AGDM",2002,2024
"09-03","TMIN",2001-09-03,5.6625,0.8,10.1,2.52847121135809,2.8,3.55,7.15,8.7,NA,NA,NA,NA,NA,9,2024-09-03,"","DATE: Sep-03<br><b>Minimum temperature</b><br>10-90 percentile<br>2.8 to 8.7 °C","Historical daily maximum<br>10.1 °C<br>2024-09-03","DATE: Sep-03</b><br>Normal: 5.7 °C<br>Period: 1991-2020","3010237","ANDREW+AGDM",2002,2024
"09-03","VPD",2001-09-03,1.61443166627211,0.569436666543162,3.6256253883852,0.961254662791669,0.62466616522026,0.982217396798315,1.96714090790395,3.17526751402683,NA,NA,NA,NA,NA,9,2022-09-03,"","DATE: Sep-03<br><b>Vapour pressure deficit</b><br>10-90 percentile<br>0.6 to 3.2 kPa","Historical daily maximum<br>3.6 kPa<br>2022-09-03","DATE: Sep-03</b><br>Normal: 1.6 kPa<br>Period: 1991-2020","3010237","ANDREW+AGDM",2002,2024
"09-04","TMAX",2001-09-04,19.69375,10.3,29.4,5.49623734931453,13.1,16.475,21.725,27.5,NA,NA,NA,NA,NA,9,2022-09-04,"","DATE: Sep-04<br><b>Maximum temperature</b><br>10-90 percentile<br>13.1 to 27.5 °C","Historical daily maximum<br>29.4 °C<br>2022-09-04","DATE: Sep-04</b><br>Normal: 19.7 °C<br>Period: 1991-2020","3010237","ANDREW+AGDM",2002,2024
"09-04","TMIN",2001-09-04,4.625,-0.3,10.5,3.23140836168999,0.95,2,6.225,9.2,NA,NA,NA,NA,NA,9,2013-09-04,"","DATE: Sep-04<br><b>Minimum temperature</b><br>10-90 percentile<br>0.9 to 9.2 °C","Historical daily maximum<br>10.5 °C<br>2013-09-04","DATE: Sep-04</b><br>Normal: 4.6 °C<br>Period: 1991-2020","3010237","ANDREW+AGDM",2002,2024
"09-04","VPD",2001-09-04,1.53883111149945,0.428087173508957,3.1640987507476,0.765344600237244,0.704494902827633,1.10863285564744,1.85976134814052,2.56677359221322,NA,NA,NA,NA,NA,9,2022-09-04,"","DATE: Sep-04<br><b>Vapour pressure deficit</b><br>10-90 percentile<br>0.7 to 2.6 kPa","Historical daily maximum<br>3.2 kPa<br>2022-09-04","DATE: Sep-04</b><br>Normal: 1.5 kPa<br>Period: 1991-2020","3010237","ANDREW+AGDM",2002,2024
"09-05","TMAX",2001-09-05,20.4,10.3,29.1,5.29587103317292,15.06,17.1,25.6,27.36,NA,NA,NA,NA,NA,9,2006-09-05,"","DATE: Sep-05<br><b>Maximum temperature</b><br>10-90 percentile<br>15.1 to 27.4 °C","Historical daily maximum<br>29.1 °C<br>2006-09-05","DATE: Sep-05</b><br>Normal: 20.4 °C<br>Period: 1991-2020","3010237","ANDREW+AGDM",2002,2024
"09-05","TMIN",2001-09-05,4.46470588235294,-1.2,9.7,3.400173005979,-0.44,2.7,6.7,9.06,NA,NA,NA,NA,NA,9,2022-09-05,"","DATE: Sep-05<br><b>Minimum temperature</b><br>10-90 percentile<br>-0.4 to 9.1 °C","Historical daily maximum<br>9.7 °C<br>2022-09-05","DATE: Sep-05</b><br>Normal: 4.5 °C<br>Period: 1991-2020","3010237","ANDREW+AGDM",2002,2024
"09-05","VPD",2001-09-05,1.64340741696381,0.324212579438144,3.02012577513478,0.768126065050908,1.02943753414524,1.08285569797611,2.36184632445241,2.70018241083486,NA,NA,NA,NA,NA,9,2006-09-05,"","DATE: Sep-05<br><b>Vapour pressure deficit</b><br>10-90 percentile<br>1.0 to 2.7 kPa","Historical daily maximum<br>3.0 kPa<br>2006-09-05","DATE: Sep-05</b><br>Normal: 1.6 kPa<br>Period: 1991-2020","3010237","ANDREW+AGDM",2002,2024
"09-06","TMAX",2001-09-06,20.21875,7.4,28.3,6.56701035479616,12.95,14.575,26.1,27.35,NA,NA,NA,NA,NA,9,2024-09-06,"","DATE: Sep-06<br><b>Maximum temperature</b><br>10-90 percentile<br>12.9 to 27.4 °C","Historical daily maximum<br>28.3 °C<br>2024-09-06","DATE: Sep-06</b><br>Normal: 20.2 °C<br>Period: 1991-2020","3010237","ANDREW+AGDM",2002,2024
"09-06","TMIN",2001-09-06,4.74375,-0.1,11.8,3.46582722208326,0.7,2.575,6.6,9.45,NA,NA,NA,NA,NA,9,2009-09-06,"","DATE: Sep-06<br><b>Minimum temperature</b><br>10-90 percentile<br>0.7 to 9.4 °C","Historical daily maximum<br>11.8 °C<br>2009-09-06","DATE: Sep-06</b><br>Normal: 4.7 °C<br>Period: 1991-2020","3010237","ANDREW+AGDM",2002,2024
"09-06","VPD",2001-09-06,1.64806051374504,0.138963245353431,2.96804251909998,0.879143514896467,0.737195783900066,0.920298052379824,2.36178133627536,2.79161370753668,NA,NA,NA,NA,NA,9,2024-09-06,"","DATE: Sep-06<br><b>Vapour pressure deficit</b><br>10-90 percentile<br>0.7 to 2.8 kPa","Historical daily maximum<br>3.0 kPa<br>2024-09-06","DATE: Sep-06</b><br>Normal: 1.6 kPa<br>Period: 1991-2020","3010237","ANDREW+AGDM",2002,2024
"09-07","TMAX",2001-09-07,19.69375,11.5,30.3,5.60564819326603,13.15,15.7,23.15,27.15,NA,NA,NA,NA,NA,9,2011-09-07,"","DATE: Sep-07<br><b>Maximum temperature</b><br>10-90 percentile<br>13.2 to 27.1 °C","Historical daily maximum<br>30.3 °C<br>2011-09-07","DATE: Sep-07</b><br>Normal: 19.7 °C<br>Period: 1991-2020","3010237","ANDREW+AGDM",2002,2024
"09-07","TMIN",2001-09-07,4.69411764705882,-0.1,11.8,3.2711753599118,0.78,1.8,6.7,8.22,NA,NA,NA,NA,NA,9,2003-09-07,"","DATE: Sep-07<br><b>Minimum temperature</b><br>10-90 percentile<br>0.8 to 8.2 °C","Historical daily maximum<br>11.8 °C<br>2003-09-07","DATE: Sep-07</b><br>Normal: 4.7 °C<br>Period: 1991-2020","3010237","ANDREW+AGDM",2002,2024
"09-07","VPD",2001-09-07,1.54423985819724,0.581318735339262,3.38151597947688,0.808170552545408,0.656541496579634,0.923777351679701,2.11424771677417,2.44407024653337,NA,NA,NA,NA,NA,9,2024-09-07,"","DATE: Sep-07<br><b>Vapour pressure deficit</b><br>10-90 percentile<br>0.7 to 2.4 kPa","Historical daily maximum<br>3.4 kPa<br>2024-09-07","DATE: Sep-07</b><br>Normal: 1.5 kPa<br>Period: 1991-2020","3010237","ANDREW+AGDM",2002,2024
"09-08","TMAX",2001-09-08,18.1470588235294,5.3,31,6.27944241623598,10.24,16,20.5,24.96,NA,NA,NA,NA,NA,9,2024-09-08,"","DATE: Sep-08<br><b>Maximum temperature</b><br>10-90 percentile<br>10.2 to 25.0 °C","Historical daily maximum<br>31.0 °C<br>2024-09-08","DATE: Sep-08</b><br>Normal: 18.1 °C<br>Period: 1991-2020","3010237","ANDREW+AGDM",2002,2024
"09-08","TMIN",2001-09-08,3.95294117647059,-2.2,12.4,3.66079186226471,-0.26,1.9,6.4,8.22,NA,NA,NA,NA,NA,9,2003-09-08,"","DATE: Sep-08<br><b>Minimum temperature</b><br>10-90 percentile<br>-0.3 to 8.2 °C","Historical daily maximum<br>12.4 °C<br>2003-09-08","DATE: Sep-08</b><br>Normal: 4.0 °C<br>Period: 1991-2020","3010237","ANDREW+AGDM",2002,2024
"09-08","VPD",2001-09-08,1.38228225464428,0.301819711657522,3.51792079448794,0.808015887771587,0.497553588682004,0.903942774478669,1.59682156433809,2.35720437881925,NA,NA,NA,NA,NA,9,2024-09-08,"","DATE: Sep-08<br><b>Vapour pressure deficit</b><br>10-90 percentile<br>0.5 to 2.4 kPa","Historical daily maximum<br>3.5 kPa<br>2024-09-08","DATE: Sep-08</b><br>Normal: 1.4 kPa<br>Period: 1991-2020","3010237","ANDREW+AGDM",2002,2024
"09-09","TMAX",2001-09-09,17.3166666666667,4.1,31.4,7.51283215963351,9.33,11.525,22.3,26.28,NA,NA,NA,NA,NA,9,2011-09-09,"","DATE: Sep-09<br><b>Maximum temperature</b><br>10-90 percentile<br>9.3 to 26.3 °C","Historical daily maximum<br>31.4 °C<br>2011-09-09","DATE: Sep-09</b><br>Normal: 17.3 °C<br>Period: 1991-2020","3010237","ANDREW+AGDM",2002,2024
"09-09","TMIN",2001-09-09,5.35,-1.7,9.2,3.26068379692503,0.34,4.125,8.175,8.68,NA,NA,NA,NA,NA,9,2003-09-09,"","DATE: Sep-09<br><b>Minimum temperature</b><br>10-90 percentile<br>0.3 to 8.7 °C","Historical daily maximum<br>9.2 °C<br>2003-09-09","DATE: Sep-09</b><br>Normal: 5.3 °C<br>Period: 1991-2020","3010237","ANDREW+AGDM",2002,2024
"09-09","VPD",2001-09-09,1.25267924143564,0.199255107700738,3.56620620261075,0.982770519063603,0.245874742316735,0.308393003724677,1.85926661750476,2.36308537242727,NA,NA,NA,NA,NA,9,2011-09-09,"","DATE: Sep-09<br><b>Vapour pressure deficit</b><br>10-90 percentile<br>0.2 to 2.4 kPa","Historical daily maximum<br>3.6 kPa<br>2011-09-09","DATE: Sep-09</b><br>Normal: 1.3 kPa<br>Period: 1991-2020","3010237","ANDREW+AGDM",2002,2024
"09-10","TMAX",2001-09-10,16.8647058823529,6,26.4,6.41228714817016,7.16,13.8,21.3,24.32,NA,NA,NA,NA,NA,9,2020-09-10,"","DATE: Sep-10<br><b>Maximum temperature</b><br>10-90 percentile<br>7.2 to 24.3 °C","Historical daily maximum<br>26.4 °C<br>2020-09-10","DATE: Sep-10</b><br>Normal: 16.9 °C<br>Period: 1991-2020","3010237","ANDREW+AGDM",2002,2024
"09-10","TMIN",2001-09-10,5.82222222222222,-4.3,10.6,3.49496369678285,2.42,4.525,8.175,8.93,NA,NA,NA,NA,NA,9,2007-09-10,"","DATE: Sep-10<br><b>Minimum temperature</b><br>10-90 percentile<br>2.4 to 8.9 °C","Historical daily maximum<br>10.6 °C<br>2007-09-10","DATE: Sep-10</b><br>Normal: 5.8 °C<br>Period: 1991-2020","3010237","ANDREW+AGDM",2002,2024
"09-10","VPD",2001-09-10,1.11677516114472,0.14066224785903,2.33189354363935,0.689263727355143,0.286197029098804,0.491008038739398,1.51750428896589,2.05949972679795,NA,NA,NA,NA,NA,9,2020-09-10,"","DATE: Sep-10<br><b>Vapour pressure deficit</b><br>10-90 percentile<br>0.3 to 2.1 kPa","Historical daily maximum<br>2.3 kPa<br>2020-09-10","DATE: Sep-10</b><br>Normal: 1.1 kPa<br>Period: 1991-2020","3010237","ANDREW+AGDM",2002,2024
"09-11","TMAX",2001-09-11,18.6764705882353,10.6,27,6.25694907800167,10.76,13.1,24.8,25.86,NA,NA,NA,NA,NA,9,2015-09-11,"","DATE: Sep-11<br><b>Maximum temperature</b><br>10-90 percentile<br>10.8 to 25.9 °C","Historical daily maximum<br>27.0 °C<br>2015-09-11","DATE: Sep-11</b><br>Normal: 18.7 °C<br>Period: 1991-2020","3010237","ANDREW+AGDM",2002,2024
"09-11","TMIN",2001-09-11,4.14117647058823,-7.4,9.1,3.75050976927294,1.08,2.7,6.3,7.52,NA,NA,NA,NA,NA,9,2021-09-11,"","DATE: Sep-11<br><b>Minimum temperature</b><br>10-90 percentile<br>1.1 to 7.5 °C","Historical daily maximum<br>9.1 °C<br>2021-09-11","DATE: Sep-11</b><br>Normal: 4.1 °C<br>Period: 1991-2020","3010237","ANDREW+AGDM",2002,2024
"09-11","VPD",2001-09-11,1.4473445032341,0.355975649201364,2.63078623042053,0.855104885636689,0.534754571519252,0.604367357346828,2.33562609029092,2.53652740018547,NA,NA,NA,NA,NA,9,2022-09-11,"","DATE: Sep-11<br><b>Vapour pressure deficit</b><br>10-90 percentile<br>0.5 to 2.5 kPa","Historical daily maximum<br>2.6 kPa<br>2022-09-11","DATE: Sep-11</b><br>Normal: 1.4 kPa<br>Period: 1991-2020","3010237","ANDREW+AGDM",2002,2024
"09-12","TMAX",2001-09-12,17.13125,7.3,31.2,6.49119596068398,10.8,13.55,19.05,27,NA,NA,NA,NA,NA,9,2013-09-12,"","DATE: Sep-12<br><b>Maximum temperature</b><br>10-90 percentile<br>10.8 to 27.0 °C","Historical daily maximum<br>31.2 °C<br>2013-09-12","DATE: Sep-12</b><br>Normal: 17.1 °C<br>Period: 1991-2020","3010237","ANDREW+AGDM",2002,2024
"09-12","TMIN",2001-09-12,3.10625,-2.5,8,3.10171323626153,-0.45,0.875,6.025,6.55,NA,NA,NA,NA,NA,9,2024-09-12,"","DATE: Sep-12<br><b>Minimum temperature</b><br>10-90 percentile<br>-0.4 to 6.6 °C","Historical daily maximum<br>8.0 °C<br>2024-09-12","DATE: Sep-12</b><br>Normal: 3.1 °C<br>Period: 1991-2020","3010237","ANDREW+AGDM",2002,2024
"09-12","VPD",2001-09-12,1.32335138069314,0.454932883891222,3.58928970604599,0.860504913528171,0.58080093968223,0.855464927457178,1.35600714267082,2.55949031046969,NA,NA,NA,NA,NA,9,2013-09-12,"","DATE: Sep-12<br><b>Vapour pressure deficit</b><br>10-90 percentile<br>0.6 to 2.6 kPa","Historical daily maximum<br>3.6 kPa<br>2013-09-12","DATE: Sep-12</b><br>Normal: 1.3 kPa<br>Period: 1991-2020","3010237","ANDREW+AGDM",2002,2024
"09-13","TMAX",2001-09-13,15.8176470588235,1.9,28.7,6.68395796797429,8.84,11.3,18.2,23.84,NA,NA,NA,NA,NA,9,2013-09-13,"","DATE: Sep-13<br><b>Maximum temperature</b><br>10-90 percentile<br>8.8 to 23.8 °C","Historical daily maximum<br>28.7 °C<br>2013-09-13","DATE: Sep-13</b><br>Normal: 15.8 °C<br>Period: 1991-2020","3010237","ANDREW+AGDM",2002,2024
"09-13","TMIN",2001-09-13,1.825,-5.8,8.6,4.1946791692969,-2.4,-1.1,5.45,6.9,NA,NA,NA,NA,NA,9,2006-09-13,"","DATE: Sep-13<br><b>Minimum temperature</b><br>10-90 percentile<br>-2.4 to 6.9 °C","Historical daily maximum<br>8.6 °C<br>2006-09-13","DATE: Sep-13</b><br>Normal: 1.8 °C<br>Period: 1991-2020","3010237","ANDREW+AGDM",2002,2024
"09-13","VPD",2001-09-13,1.16922495104643,0.137008979673804,2.9886169584964,0.771802807503921,0.204100032599903,0.732513453468174,1.45096129670056,2.06265085397163,NA,NA,NA,NA,NA,9,2013-09-13,"","DATE: Sep-13<br><b>Vapour pressure deficit</b><br>10-90 percentile<br>0.2 to 2.1 kPa","Historical daily maximum<br>3.0 kPa<br>2013-09-13","DATE: Sep-13</b><br>Normal: 1.2 kPa<br>Period: 1991-2020","3010237","ANDREW+AGDM",2002,2024
"09-14","TMAX",2001-09-14,16.40625,4.3,26.6,6.22601731981743,9.65,12.05,20.675,23.65,NA,NA,NA,NA,NA,9,2012-09-14,"","DATE: Sep-14<br><b>Maximum temperature</b><br>10-90 percentile<br>9.6 to 23.6 °C","Historical daily maximum<br>26.6 °C<br>2012-09-14","DATE: Sep-14</b><br>Normal: 16.4 °C<br>Period: 1991-2020","3010237","ANDREW+AGDM",2002,2024
"09-14","TMIN",2001-09-14,1.93125,-4.5,6.8,3.26572477917741,-1.65,-0.45,4.1,6.05,NA,NA,NA,NA,NA,9,2021-09-14,"","DATE: Sep-14<br><b>Minimum temperature</b><br>10-90 percentile<br>-1.6 to 6.0 °C","Historical daily maximum<br>6.8 °C<br>2021-09-14","DATE: Sep-14</b><br>Normal: 1.9 °C<br>Period: 1991-2020","3010237","ANDREW+AGDM",2002,2024
"09-14","VPD",2001-09-14,1.26831073670345,0.191272331648086,2.62831152552656,0.77462609075307,0.32041550976359,0.645055725348891,1.87135619322416,2.10057179635136,NA,NA,NA,NA,NA,9,2012-09-14,"","DATE: Sep-14<br><b>Vapour pressure deficit</b><br>10-90 percentile<br>0.3 to 2.1 kPa","Historical daily maximum<br>2.6 kPa<br>2012-09-14","DATE: Sep-14</b><br>Normal: 1.3 kPa<br>Period: 1991-2020","3010237","ANDREW+AGDM",2002,2024
"09-15","TMAX",2001-09-15,16.0470588235294,3,26.5,8.04729128706197,6.46,8.1,23.9,25.34,NA,NA,NA,NA,NA,9,2009-09-15,"","DATE: Sep-15<br><b>Maximum temperature</b><br>10-90 percentile<br>6.5 to 25.3 °C","Historical daily maximum<br>26.5 °C<br>2009-09-15","DATE: Sep-15</b><br>Normal: 16.0 °C<br>Period: 1991-2020","3010237","ANDREW+AGDM",2002,2024
"09-15","TMIN",2001-09-15,2.4625,-1.8,8.1,2.66380054308376,0.25,0.825,3.6,6,NA,NA,NA,NA,NA,9,2013-09-15,"","DATE: Sep-15<br><b>Minimum temperature</b><br>10-90 percentile<br>0.2 to 6.0 °C","Historical daily maximum<br>8.1 °C<br>2013-09-15","DATE: Sep-15</b><br>Normal: 2.5 °C<br>Period: 1991-2020","3010237","ANDREW+AGDM",2002,2024
"09-15","VPD",2001-09-15,1.21700834571778,0.101057166108677,2.6050797224467,0.893366195779867,0.199013024675125,0.327504134794757,2.05925367517541,2.35781354495738,NA,NA,NA,NA,NA,9,2007-09-15,"","DATE: Sep-15<br><b>Vapour pressure deficit</b><br>10-90 percentile<br>0.2 to 2.4 kPa","Historical daily maximum<br>2.6 kPa<br>2007-09-15","DATE: Sep-15</b><br>Normal: 1.2 kPa<br>Period: 1991-2020","3010237","ANDREW+AGDM",2002,2024
"09-16","TMAX",2001-09-16,15.85625,3,29.5,8.77511395937398,3.95,9.675,21.825,28.05,NA,NA,NA,NA,NA,9,2013-09-16,"","DATE: Sep-16<br><b>Maximum temperature</b><br>10-90 percentile<br>4.0 to 28.0 °C","Historical daily maximum<br>29.5 °C<br>2013-09-16","DATE: Sep-16</b><br>Normal: 15.9 °C<br>Period: 1991-2020","3010237","ANDREW+AGDM",2002,2024
"09-16","TMIN",2001-09-16,1.84375,-2.2,8.7,3.00243651056937,-1.2,-0.025,3.625,5.75,NA,NA,NA,NA,NA,9,2013-09-16,"","DATE: Sep-16<br><b>Minimum temperature</b><br>10-90 percentile<br>-1.2 to 5.8 °C","Historical daily maximum<br>8.7 °C<br>2013-09-16","DATE: Sep-16</b><br>Normal: 1.8 °C<br>Period: 1991-2020","3010237","ANDREW+AGDM",2002,2024
"09-16","VPD",2001-09-16,1.33025698261097,0.114737156205811,3.079357978246,1.02590015107021,0.151315869061222,0.575931071660662,1.88424430212541,2.94216925615258,NA,NA,NA,NA,NA,9,2009-09-16,"","DATE: Sep-16<br><b>Vapour pressure deficit</b><br>10-90 percentile<br>0.2 to 2.9 kPa","Historical daily maximum<br>3.1 kPa<br>2009-09-16","DATE: Sep-16</b><br>Normal: 1.3 kPa<br>Period: 1991-2020","3010237","ANDREW+AGDM",2002,2024
"09-17","TMAX",2001-09-17,15.5875,3.5,26.7,7.0192948363778,4.85,10.625,20.2,22.5,NA,NA,NA,NA,NA,9,2014-09-17,"","DATE: Sep-17<br><b>Maximum temperature</b><br>10-90 percentile<br>4.8 to 22.5 °C","Historical daily maximum<br>26.7 °C<br>2014-09-17","DATE: Sep-17</b><br>Normal: 15.6 °C<br>Period: 1991-2020","3010237","ANDREW+AGDM",2002,2024
"09-17","TMIN",2001-09-17,1.94666666666667,-6,6,3.19527925599775,-0.46,0.1,4.8,5.42,NA,NA,NA,NA,NA,9,2009-09-17,"","DATE: Sep-17<br><b>Minimum temperature</b><br>10-90 percentile<br>-0.5 to 5.4 °C","Historical daily maximum<br>6.0 °C<br>2009-09-17","DATE: Sep-17</b><br>Normal: 1.9 °C<br>Period: 1991-2020","3010237","ANDREW+AGDM",2002,2024
"09-17","VPD",2001-09-17,1.17220719528144,0.118832638612713,2.61232061615099,0.731242620308407,0.211509806000467,0.618788342546728,1.64842141203868,1.99469880302959,NA,NA,NA,NA,NA,9,2014-09-17,"","DATE: Sep-17<br><b>Vapour pressure deficit</b><br>10-90 percentile<br>0.2 to 2.0 kPa","Historical daily maximum<br>2.6 kPa<br>2014-09-17","DATE: Sep-17</b><br>Normal: 1.2 kPa<br>Period: 1991-2020","3010237","ANDREW+AGDM",2002,2024
"09-18","TMAX",2001-09-18,16.075,8.9,25.4,5.43648170541696,9.3,10.975,20.25,22.6,NA,NA,NA,NA,NA,9,2008-09-18,"","DATE: Sep-18<br><b>Maximum temperature</b><br>10-90 percentile<br>9.3 to 22.6 °C","Historical daily maximum<br>25.4 °C<br>2008-09-18","DATE: Sep-18</b><br>Normal: 16.1 °C<br>Period: 1991-2020","3010237","ANDREW+AGDM",2002,2024
"09-18","TMIN",2001-09-18,1.73125,-6.3,7.7,3.42592444944913,-0.9,-0.35,3.325,6.15,NA,NA,NA,NA,NA,9,2014-09-18,"","DATE: Sep-18<br><b>Minimum temperature</b><br>10-90 percentile<br>-0.9 to 6.2 °C","Historical daily maximum<br>7.7 °C<br>2014-09-18","DATE: Sep-18</b><br>Normal: 1.7 °C<br>Period: 1991-2020","3010237","ANDREW+AGDM",2002,2024
"09-18","VPD",2001-09-18,1.20988566298306,0.382561367751869,2.5434348424273,0.657323940716143,0.566668582377034,0.627065877674428,1.50656973433999,2.1157802195568,NA,NA,NA,NA,NA,9,2008-09-18,"","DATE: Sep-18<br><b>Vapour pressure deficit</b><br>10-90 percentile<br>0.6 to 2.1 kPa","Historical daily maximum<br>2.5 kPa<br>2008-09-18","DATE: Sep-18</b><br>Normal: 1.2 kPa<br>Period: 1991-2020","3010237","ANDREW+AGDM",2002,2024
"09-19","TMAX",2001-09-19,16.2111111111111,9,27.9,5.35975075022852,9.27,11.225,18.75,22.62,NA,NA,NA,NA,NA,9,2009-09-19,"","DATE: Sep-19<br><b>Maximum temperature</b><br>10-90 percentile<br>9.3 to 22.6 °C","Historical daily maximum<br>27.9 °C<br>2009-09-19","DATE: Sep-19</b><br>Normal: 16.2 °C<br>Period: 1991-2020","3010237","ANDREW+AGDM",2002,2024
"09-19","TMIN",2001-09-19,2.02352941176471,-5.2,9.7,3.74241389542978,-2.08,-0.1,4.2,6.54,NA,NA,NA,NA,NA,9,2009-09-19,"","DATE: Sep-19<br><b>Minimum temperature</b><br>10-90 percentile<br>-2.1 to 6.5 °C","Historical daily maximum<br>9.7 °C<br>2009-09-19","DATE: Sep-19</b><br>Normal: 2.0 °C<br>Period: 1991-2020","3010237","ANDREW+AGDM",2002,2024
"09-19","VPD",2001-09-19,1.21668734241935,0.335092556188317,2.55448325951557,0.621019496800589,0.540623100222738,0.753060170885167,1.66734419188976,2.0342173412698,NA,NA,NA,NA,NA,9,2009-09-19,"","DATE: Sep-19<br><b>Vapour pressure deficit</b><br>10-90 percentile<br>0.5 to 2.0 kPa","Historical daily maximum<br>2.6 kPa<br>2009-09-19","DATE: Sep-19</b><br>Normal: 1.2 kPa<br>Period: 1991-2020","3010237","ANDREW+AGDM",2002,2024
"09-20","TMAX",2001-09-20,15.2375,7.1,22.1,5.06371076056548,8.15,11.225,19.325,21.15,NA,NA,NA,NA,NA,9,2013-09-20,"","DATE: Sep-20<br><b>Maximum temperature</b><br>10-90 percentile<br>8.1 to 21.1 °C","Historical daily maximum<br>22.1 °C<br>2013-09-20","DATE: Sep-20</b><br>Normal: 15.2 °C<br>Period: 1991-2020","3010237","ANDREW+AGDM",2002,2024
"09-20","TMIN",2001-09-20,2.94375,-0.5,8,2.54007053707832,0.1,1.075,4.7,6.25,NA,NA,NA,NA,NA,9,2020-09-20,"","DATE: Sep-20<br><b>Minimum temperature</b><br>10-90 percentile<br>0.1 to 6.2 °C","Historical daily maximum<br>8.0 °C<br>2020-09-20","DATE: Sep-20</b><br>Normal: 2.9 °C<br>Period: 1991-2020","3010237","ANDREW+AGDM",2002,2024
"09-20","VPD",2001-09-20,1.04076774585163,0.353998599081237,1.89817126660323,0.516406170843179,0.425295392143325,0.577370691367892,1.44040502746823,1.73618333710861,NA,NA,NA,NA,NA,9,2012-09-20,"","DATE: Sep-20<br><b>Vapour pressure deficit</b><br>10-90 percentile<br>0.4 to 1.7 kPa","Historical daily maximum<br>1.9 kPa<br>2012-09-20","DATE: Sep-20</b><br>Normal: 1.0 kPa<br>Period: 1991-2020","3010237","ANDREW+AGDM",2002,2024
"09-21","TMAX",2001-09-21,17.2,3.5,28,6.55562735365579,9.36,12.3,21.5,24.84,NA,NA,NA,NA,NA,9,2014-09-21,"","DATE: Sep-21<br><b>Maximum temperature</b><br>10-90 percentile<br>9.4 to 24.8 °C","Historical daily maximum<br>28.0 °C<br>2014-09-21","DATE: Sep-21</b><br>Normal: 17.2 °C<br>Period: 1991-2020","3010237","ANDREW+AGDM",2002,2024
"09-21","TMIN",2001-09-21,1.49411764705882,-2.6,6.8,2.47398226252617,-2.04,-0.1,2.7,3.76,NA,NA,NA,NA,NA,9,2006-09-21,"","DATE: Sep-21<br><b>Minimum temperature</b><br>10-90 percentile<br>-2.0 to 3.8 °C","Historical daily maximum<br>6.8 °C<br>2006-09-21","DATE: Sep-21</b><br>Normal: 1.5 °C<br>Period: 1991-2020","3010237","ANDREW+AGDM",2002,2024
"09-21","VPD",2001-09-21,1.42427839991967,0.280639026521608,3.03814712233719,0.810010428921789,0.479604667091624,0.75635709101704,1.95702058408867,2.44183055553766,NA,NA,NA,NA,NA,9,2014-09-21,"","DATE: Sep-21<br><b>Vapour pressure deficit</b><br>10-90 percentile<br>0.5 to 2.4 kPa","Historical daily maximum<br>3.0 kPa<br>2014-09-21","DATE: Sep-21</b><br>Normal: 1.4 kPa<br>Period: 1991-2020","3010237","ANDREW+AGDM",2002,2024
"09-22","TMAX",2001-09-22,16.475,4,30,7.41884986593834,7.6,11.8,21.35,26.05,NA,NA,NA,NA,NA,9,2014-09-22,"","DATE: Sep-22<br><b>Maximum temperature</b><br>10-90 percentile<br>7.6 to 26.0 °C","Historical daily maximum<br>30.0 °C<br>2014-09-22","DATE: Sep-22</b><br>Normal: 16.5 °C<br>Period: 1991-2020","3010237","ANDREW+AGDM",2002,2024
"09-22","TMIN",2001-09-22,1.84705882352941,-4.9,7.7,3.88653406762678,-3.24,-0.8,4.2,6.84,NA,NA,NA,NA,NA,9,2008-09-22,"","DATE: Sep-22<br><b>Minimum temperature</b><br>10-90 percentile<br>-3.2 to 6.8 °C","Historical daily maximum<br>7.7 °C<br>2008-09-22","DATE: Sep-22</b><br>Normal: 1.8 °C<br>Period: 1991-2020","3010237","ANDREW+AGDM",2002,2024
"09-22","VPD",2001-09-22,1.34369038399996,0.227170049347106,3.44118127954109,0.907621509509376,0.2723384854581,0.725618517477691,1.65775603084391,2.50032667956956,NA,NA,NA,NA,NA,9,2014-09-22,"","DATE: Sep-22<br><b>Vapour pressure deficit</b><br>10-90 percentile<br>0.3 to 2.5 kPa","Historical daily maximum<br>3.4 kPa<br>2014-09-22","DATE: Sep-22</b><br>Normal: 1.3 kPa<br>Period: 1991-2020","3010237","ANDREW+AGDM",2002,2024
"09-23","TMAX",2001-09-23,16.4235294117647,8.4,31.8,6.56710832594574,8.94,10.7,19.8,24.18,NA,NA,NA,NA,NA,9,2009-09-23,"","DATE: Sep-23<br><b>Maximum temperature</b><br>10-90 percentile<br>8.9 to 24.2 °C","Historical daily maximum<br>31.8 °C<br>2009-09-23","DATE: Sep-23</b><br>Normal: 16.4 °C<br>Period: 1991-2020","3010237","ANDREW+AGDM",2002,2024
"09-23","TMIN",2001-09-23,2.16470588235294,-4.3,8.3,3.89068457608532,-2.32,-0.7,5,7.44,NA,NA,NA,NA,NA,9,2014-09-23,"","DATE: Sep-23<br><b>Minimum temperature</b><br>10-90 percentile<br>-2.3 to 7.4 °C","Historical daily maximum<br>8.3 °C<br>2014-09-23","DATE: Sep-23</b><br>Normal: 2.2 °C<br>Period: 1991-2020","3010237","ANDREW+AGDM",2002,2024
"09-23","VPD",2001-09-23,1.27782794174826,0.339246132527821,3.82898998121037,0.879554910628292,0.484691600791981,0.701579169142816,1.51884111704981,2.04748273337893,NA,NA,NA,NA,NA,9,2009-09-23,"","DATE: Sep-23<br><b>Vapour pressure deficit</b><br>10-90 percentile<br>0.5 to 2.0 kPa","Historical daily maximum<br>3.8 kPa<br>2009-09-23","DATE: Sep-23</b><br>Normal: 1.3 kPa<br>Period: 1991-2020","3010237","ANDREW+AGDM",2002,2024
"09-24","TMAX",2001-09-24,18.7705882352941,11.3,26.8,4.60282042690707,13.74,15.8,22.3,24.96,NA,NA,NA,NA,NA,9,2011-09-24,"","DATE: Sep-24<br><b>Maximum temperature</b><br>10-90 percentile<br>13.7 to 25.0 °C","Historical daily maximum<br>26.8 °C<br>2011-09-24","DATE: Sep-24</b><br>Normal: 18.8 °C<br>Period: 1991-2020","3010237","ANDREW+AGDM",2002,2024
"09-24","TMIN",2001-09-24,1.42941176470588,-7.6,8.1,4.07611406640601,-3.04,-0.7,4.8,5.62,NA,NA,NA,NA,NA,9,2024-09-24,"","DATE: Sep-24<br><b>Minimum temperature</b><br>10-90 percentile<br>-3.0 to 5.6 °C","Historical daily maximum<br>8.1 °C<br>2024-09-24","DATE: Sep-24</b><br>Normal: 1.4 °C<br>Period: 1991-2020","3010237","ANDREW+AGDM",2002,2024
"09-24","VPD",2001-09-24,1.54086006020472,0.728052931127889,2.69893900282372,0.618180838986413,0.919359740726677,1.03637767971488,2.09941829351749,2.30824237568661,NA,NA,NA,NA,NA,9,2011-09-24,"","DATE: Sep-24<br><b>Vapour pressure deficit</b><br>10-90 percentile<br>0.9 to 2.3 kPa","Historical daily maximum<br>2.7 kPa<br>2011-09-24","DATE: Sep-24</b><br>Normal: 1.5 kPa<br>Period: 1991-2020","3010237","ANDREW+AGDM",2002,2024
"09-25","TMAX",2001-09-25,19.2611111111111,11.1,32.4,5.01082814440991,14.74,16.25,21.675,24.01,NA,NA,NA,NA,NA,9,2011-09-25,"","DATE: Sep-25<br><b>Maximum temperature</b><br>10-90 percentile<br>14.7 to 24.0 °C","Historical daily maximum<br>32.4 °C<br>2011-09-25","DATE: Sep-25</b><br>Normal: 19.3 °C<br>Period: 1991-2020","3010237","ANDREW+AGDM",2002,2024
"09-25","TMIN",2001-09-25,3.19444444444444,-4.8,8,3.74361766245091,-2.42,2.1,5.525,7.93,NA,NA,NA,NA,NA,9,2024-09-25,"","DATE: Sep-25<br><b>Minimum temperature</b><br>10-90 percentile<br>-2.4 to 7.9 °C","Historical daily maximum<br>8.0 °C<br>2024-09-25","DATE: Sep-25</b><br>Normal: 3.2 °C<br>Period: 1991-2020","3010237","ANDREW+AGDM",2002,2024
"09-25","VPD",2001-09-25,1.54084099410291,0.519581720092212,3.79054237217175,0.790064283616155,0.805940301462966,1.1512123569118,1.74116427461379,2.39508067960605,NA,NA,NA,NA,NA,9,2011-09-25,"","DATE: Sep-25<br><b>Vapour pressure deficit</b><br>10-90 percentile<br>0.8 to 2.4 kPa","Historical daily maximum<br>3.8 kPa<br>2011-09-25","DATE: Sep-25</b><br>Normal: 1.5 kPa<br>Period: 1991-2020","3010237","ANDREW+AGDM",2002,2024
"09-26","TMAX",2001-09-26,15.5333333333333,8.1,24.5,4.16667450979654,10.24,12.775,18.2,19.54,NA,NA,NA,NA,NA,9,2016-09-26,"","DATE: Sep-26<br><b>Maximum temperature</b><br>10-90 percentile<br>10.2 to 19.5 °C","Historical daily maximum<br>24.5 °C<br>2016-09-26","DATE: Sep-26</b><br>Normal: 15.5 °C<br>Period: 1991-2020","3010237","ANDREW+AGDM",2002,2024
"09-26","TMIN",2001-09-26,3.42777777777778,-2.6,8.1,2.87213909944068,0.18,1.45,5.575,6.78,NA,NA,NA,NA,NA,9,2011-09-26,"","DATE: Sep-26<br><b>Minimum temperature</b><br>10-90 percentile<br>0.2 to 6.8 °C","Historical daily maximum<br>8.1 °C<br>2011-09-26","DATE: Sep-26</b><br>Normal: 3.4 °C<br>Period: 1991-2020","3010237","ANDREW+AGDM",2002,2024
"09-26","VPD",2001-09-26,1.02329020738902,0.219889713161145,2.43665708579354,0.502123817972664,0.43984631633781,0.716663362532311,1.32515521579596,1.38969609916725,NA,NA,NA,NA,NA,9,2016-09-26,"","DATE: Sep-26<br><b>Vapour pressure deficit</b><br>10-90 percentile<br>0.4 to 1.4 kPa","Historical daily maximum<br>2.4 kPa<br>2016-09-26","DATE: Sep-26</b><br>Normal: 1.0 kPa<br>Period: 1991-2020","3010237","ANDREW+AGDM",2002,2024
"09-27","TMAX",2001-09-27,15.2388888888889,4.8,25.7,5.72570456891181,7.39,11.775,20.025,21.89,NA,NA,NA,NA,NA,9,2010-09-27,"","DATE: Sep-27<br><b>Maximum temperature</b><br>10-90 percentile<br>7.4 to 21.9 °C","Historical daily maximum<br>25.7 °C<br>2010-09-27","DATE: Sep-27</b><br>Normal: 15.2 °C<br>Period: 1991-2020","3010237","ANDREW+AGDM",2002,2024
"09-27","TMIN",2001-09-27,-0.311111111111111,-7.1,6.2,3.43800367670626,-3.86,-2.475,2.25,4.4,NA,NA,NA,NA,NA,9,2022-09-27,"","DATE: Sep-27<br><b>Minimum temperature</b><br>10-90 percentile<br>-3.9 to 4.4 °C","Historical daily maximum<br>6.2 °C<br>2022-09-27","DATE: Sep-27</b><br>Normal: -0.3 °C<br>Period: 1991-2020","3010237","ANDREW+AGDM",2002,2024
"09-27","VPD",2001-09-27,1.21607522387422,0.222038016881156,2.56576423754559,0.634947345161784,0.465858293769878,0.761663286390899,1.55029214521649,1.96273511475894,NA,NA,NA,NA,NA,9,2010-09-27,"","DATE: Sep-27<br><b>Vapour pressure deficit</b><br>10-90 percentile<br>0.5 to 2.0 kPa","Historical daily maximum<br>2.6 kPa<br>2010-09-27","DATE: Sep-27</b><br>Normal: 1.2 kPa<br>Period: 1991-2020","3010237","ANDREW+AGDM",2002,2024
"09-28","TMAX",2001-09-28,15.3888888888889,4.7,25.3,5.07680873463878,10.46,12.6,18.05,21.26,NA,NA,NA,NA,NA,9,2022-09-28,"","DATE: Sep-28<br><b>Maximum temperature</b><br>10-90 percentile<br>10.5 to 21.3 °C","Historical daily maximum<br>25.3 °C<br>2022-09-28","DATE: Sep-28</b><br>Normal: 15.4 °C<br>Period: 1991-2020","3010237","ANDREW+AGDM",2002,2024
"09-28","TMIN",2001-09-28,0.8,-6.3,9.4,4.7461439456617,-4.19,-3.175,4.6,6.36,NA,NA,NA,NA,NA,9,2010-09-28,"","DATE: Sep-28<br><b>Minimum temperature</b><br>10-90 percentile<br>-4.2 to 6.4 °C","Historical daily maximum<br>9.4 °C<br>2010-09-28","DATE: Sep-28</b><br>Normal: 0.8 °C<br>Period: 1991-2020","3010237","ANDREW+AGDM",2002,2024
"09-28","VPD",2001-09-28,1.14466778687899,0.269573489730666,2.3942334622935,0.491370324220924,0.578869470890931,0.936344019956698,1.44339808366793,1.63501793190765,NA,NA,NA,NA,NA,9,2022-09-28,"","DATE: Sep-28<br><b>Vapour pressure deficit</b><br>10-90 percentile<br>0.6 to 1.6 kPa","Historical daily maximum<br>2.4 kPa<br>2022-09-28","DATE: Sep-28</b><br>Normal: 1.1 kPa<br>Period: 1991-2020","3010237","ANDREW+AGDM",2002,2024
"09-29","TMAX",2001-09-29,14.8611111111111,2.2,25.1,5.79260572158607,8.82,11.4,18.075,20.67,NA,NA,NA,NA,NA,9,2008-09-29,"","DATE: Sep-29<br><b>Maximum temperature</b><br>10-90 percentile<br>8.8 to 20.7 °C","Historical daily maximum<br>25.1 °C<br>2008-09-29","DATE: Sep-29</b><br>Normal: 14.9 °C<br>Period: 1991-2020","3010237","ANDREW+AGDM",2002,2024
"09-29","TMIN",2001-09-29,1.15,-7.2,7.1,4.2222450119784,-4.02,-1.7,4.275,6.28,NA,NA,NA,NA,NA,9,2017-09-29,"","DATE: Sep-29<br><b>Minimum temperature</b><br>10-90 percentile<br>-4.0 to 6.3 °C","Historical daily maximum<br>7.1 °C<br>2017-09-29","DATE: Sep-29</b><br>Normal: 1.1 °C<br>Period: 1991-2020","3010237","ANDREW+AGDM",2002,2024
"09-29","VPD",2001-09-29,1.09675053598008,0.27170407967693,2.52044730815279,0.553158472263226,0.599116699840796,0.756573794685,1.38520594048265,1.71817251266983,NA,NA,NA,NA,NA,9,2008-09-29,"","DATE: Sep-29<br><b>Vapour pressure deficit</b><br>10-90 percentile<br>0.6 to 1.7 kPa","Historical daily maximum<br>2.5 kPa<br>2008-09-29","DATE: Sep-29</b><br>Normal: 1.1 kPa<br>Period: 1991-2020","3010237","ANDREW+AGDM",2002,2024
"09-30","TMAX",2001-09-30,14.4588235294118,3.1,25.1,6.17839570838675,5.08,10.6,18,20.18,NA,NA,NA,NA,NA,9,2008-09-30,"","DATE: Sep-30<br><b>Maximum temperature</b><br>10-90 percentile<br>5.1 to 20.2 °C","Historical daily maximum<br>25.1 °C<br>2008-09-30","DATE: Sep-30</b><br>Normal: 14.5 °C<br>Period: 1991-2020","3010237","ANDREW+AGDM",2002,2024
"09-30","TMIN",2001-09-30,-0.133333333333333,-6.6,6.8,3.91963383643992,-5.62,-1.875,2.95,4.09,NA,NA,NA,NA,NA,9,2022-09-30,"","DATE: Sep-30<br><b>Minimum temperature</b><br>10-90 percentile<br>-5.6 to 4.1 °C","Historical daily maximum<br>6.8 °C<br>2022-09-30","DATE: Sep-30</b><br>Normal: -0.1 °C<br>Period: 1991-2020","3010237","ANDREW+AGDM",2002,2024
"09-30","VPD",2001-09-30,1.11495246095229,0.26492128511114,2.49109065793207,0.632144929689706,0.307449211366911,0.633717155389161,1.38743964051339,1.86630873224927,NA,NA,NA,NA,NA,9,2008-09-30,"","DATE: Sep-30<br><b>Vapour pressure deficit</b><br>10-90 percentile<br>0.3 to 1.9 kPa","Historical daily maximum<br>2.5 kPa<br>2008-09-30","DATE: Sep-30</b><br>Normal: 1.1 kPa<br>Period: 1991-2020","3010237","ANDREW+AGDM",2002,2024
"10-01","TMAX",2001-10-01,12.5941176470588,4.6,23.7,6.07695139319825,5.4,7.8,15.2,21.68,NA,NA,NA,NA,NA,10,2008-10-01,"","DATE: Oct-01<br><b>Maximum temperature</b><br>10-90 percentile<br>5.4 to 21.7 °C","Historical daily maximum<br>23.7 °C<br>2008-10-01","DATE: Oct-01</b><br>Normal: 12.6 °C<br>Period: 1991-2020","3010237","ANDREW+AGDM",2002,2024
"10-01","TMIN",2001-10-01,0.0111111111111112,-9.2,7,4.54440689055548,-5.19,-2.325,3.4,5.02,NA,NA,NA,NA,NA,10,2017-10-01,"","DATE: Oct-01<br><b>Minimum temperature</b><br>10-90 percentile<br>-5.2 to 5.0 °C","Historical daily maximum<br>7.0 °C<br>2017-10-01","DATE: Oct-01</b><br>Normal: 0.0 °C<br>Period: 1991-2020","3010237","ANDREW+AGDM",2002,2024
"10-01","VPD",2001-10-01,0.917253697468939,0.0563849887395467,2.16744620498528,0.672555676653731,0.160110205189593,0.336688507229771,1.14040250980108,1.99250797364514,NA,NA,NA,NA,NA,10,2008-10-01,"","DATE: Oct-01<br><b>Vapour pressure deficit</b><br>10-90 percentile<br>0.2 to 2.0 kPa","Historical daily maximum<br>2.2 kPa<br>2008-10-01","DATE: Oct-01</b><br>Normal: 0.9 kPa<br>Period: 1991-2020","3010237","ANDREW+AGDM",2002,2024
"10-02","TMAX",2001-10-02,12.5055555555556,4.1,24.6,6.43825626942961,4.48,6.9,17.425,20.83,NA,NA,NA,NA,NA,10,2008-10-02,"","DATE: Oct-02<br><b>Maximum temperature</b><br>10-90 percentile<br>4.5 to 20.8 °C","Historical daily maximum<br>24.6 °C<br>2008-10-02","DATE: Oct-02</b><br>Normal: 12.5 °C<br>Period: 1991-2020","3010237","ANDREW+AGDM",2002,2024
"10-02","TMIN",2001-10-02,-1.03888888888889,-8.1,4.8,3.90687762931699,-6.03,-4.075,2.55,2.73,NA,NA,NA,NA,NA,10,2015-10-02,"","DATE: Oct-02<br><b>Minimum temperature</b><br>10-90 percentile<br>-6.0 to 2.7 °C","Historical daily maximum<br>4.8 °C<br>2015-10-02","DATE: Oct-02</b><br>Normal: -1.0 °C<br>Period: 1991-2020","3010237","ANDREW+AGDM",2002,2024
"10-02","VPD",2001-10-02,0.976600510260783,0.222038016881156,2.46426990104893,0.616889876238234,0.392440922926443,0.451582480541622,1.32775093725394,1.76125153538311,NA,NA,NA,NA,NA,10,2008-10-02,"","DATE: Oct-02<br><b>Vapour pressure deficit</b><br>10-90 percentile<br>0.4 to 1.8 kPa","Historical daily maximum<br>2.5 kPa<br>2008-10-02","DATE: Oct-02</b><br>Normal: 1.0 kPa<br>Period: 1991-2020","3010237","ANDREW+AGDM",2002,2024
"10-03","TMAX",2001-10-03,11.6882352941176,4.5,22.8,6.14836180955354,5.22,6.5,13.7,20.82,NA,NA,NA,NA,NA,10,2003-10-03,"","DATE: Oct-03<br><b>Maximum temperature</b><br>10-90 percentile<br>5.2 to 20.8 °C","Historical daily maximum<br>22.8 °C<br>2003-10-03","DATE: Oct-03</b><br>Normal: 11.7 °C<br>Period: 1991-2020","3010237","ANDREW+AGDM",2002,2024
"10-03","TMIN",2001-10-03,-2.35555555555556,-9.5,6.2,3.87468742150629,-6.57,-5.125,0.65,1.45,NA,NA,NA,NA,NA,10,2008-10-03,"","DATE: Oct-03<br><b>Minimum temperature</b><br>10-90 percentile<br>-6.6 to 1.5 °C","Historical daily maximum<br>6.2 °C<br>2008-10-03","DATE: Oct-03</b><br>Normal: -2.4 °C<br>Period: 1991-2020","3010237","ANDREW+AGDM",2002,2024
"10-03","VPD",2001-10-03,0.935307527652997,0.203498249503179,2.26742381135293,0.569836989519718,0.404117364021703,0.533832715953351,1.15310501620142,1.69559663388985,NA,NA,NA,NA,NA,10,2003-10-03,"","DATE: Oct-03<br><b>Vapour pressure deficit</b><br>10-90 percentile<br>0.4 to 1.7 kPa","Historical daily maximum<br>2.3 kPa<br>2003-10-03","DATE: Oct-03</b><br>Normal: 0.9 kPa<br>Period: 1991-2020","3010237","ANDREW+AGDM",2002,2024
"10-04","TMAX",2001-10-04,13.2388888888889,5.8,25.3,6.02779238575381,6.34,8.725,16.85,22.06,NA,NA,NA,NA,NA,10,2003-10-04,"","DATE: Oct-04<br><b>Maximum temperature</b><br>10-90 percentile<br>6.3 to 22.1 °C","Historical daily maximum<br>25.3 °C<br>2003-10-04","DATE: Oct-04</b><br>Normal: 13.2 °C<br>Period: 1991-2020","3010237","ANDREW+AGDM",2002,2024
"10-04","TMIN",2001-10-04,-0.0444444444444444,-7,8.9,5.21346923246973,-6.14,-4.25,4.425,7.26,NA,NA,NA,NA,NA,10,2010-10-04,"","DATE: Oct-04<br><b>Minimum temperature</b><br>10-90 percentile<br>-6.1 to 7.3 °C","Historical daily maximum<br>8.9 °C<br>2010-10-04","DATE: Oct-04</b><br>Normal: 0.0 °C<br>Period: 1991-2020","3010237","ANDREW+AGDM",2002,2024
"10-04","VPD",2001-10-04,0.978408727547298,0.164473927270317,2.68559024355003,0.661265706156472,0.37902884358777,0.599727985184524,1.13246937361554,1.79704749750558,NA,NA,NA,NA,NA,10,2003-10-04,"","DATE: Oct-04<br><b>Vapour pressure deficit</b><br>10-90 percentile<br>0.4 to 1.8 kPa","Historical daily maximum<br>2.7 kPa<br>2003-10-04","DATE: Oct-04</b><br>Normal: 1.0 kPa<br>Period: 1991-2020","3010237","ANDREW+AGDM",2002,2024
"10-05","TMAX",2001-10-05,13.7444444444444,2.9,25.7,5.84568440336894,8.15,9.55,17.275,20.49,NA,NA,NA,NA,NA,10,2003-10-05,"","DATE: Oct-05<br><b>Maximum temperature</b><br>10-90 percentile<br>8.2 to 20.5 °C","Historical daily maximum<br>25.7 °C<br>2003-10-05","DATE: Oct-05</b><br>Normal: 13.7 °C<br>Period: 1991-2020","3010237","ANDREW+AGDM",2002,2024
"10-05","TMIN",2001-10-05,-0.523529411764706,-8.4,7.9,4.90707772148617,-7.2,-3.8,3.4,5.44,NA,NA,NA,NA,NA,10,2011-10-05,"","DATE: Oct-05<br><b>Minimum temperature</b><br>10-90 percentile<br>-7.2 to 5.4 °C","Historical daily maximum<br>7.9 °C<br>2011-10-05","DATE: Oct-05</b><br>Normal: -0.5 °C<br>Period: 1991-2020","3010237","ANDREW+AGDM",2002,2024
"10-05","VPD",2001-10-05,1.08408014745258,0.138009521450968,2.71335816956445,0.669443981102526,0.443306439946639,0.716446312633272,1.32695146828913,1.91157324585403,NA,NA,NA,NA,NA,10,2003-10-05,"","DATE: Oct-05<br><b>Vapour pressure deficit</b><br>10-90 percentile<br>0.4 to 1.9 kPa","Historical daily maximum<br>2.7 kPa<br>2003-10-05","DATE: Oct-05</b><br>Normal: 1.1 kPa<br>Period: 1991-2020","3010237","ANDREW+AGDM",2002,2024
"10-06","TMAX",2001-10-06,13.6333333333333,0.9,26.3,5.64196461402253,9.74,10.7,15.675,19.99,NA,NA,NA,NA,NA,10,2003-10-06,"","DATE: Oct-06<br><b>Maximum temperature</b><br>10-90 percentile<br>9.7 to 20.0 °C","Historical daily maximum<br>26.3 °C<br>2003-10-06","DATE: Oct-06</b><br>Normal: 13.6 °C<br>Period: 1991-2020","3010237","ANDREW+AGDM",2002,2024
"10-06","TMIN",2001-10-06,0.555555555555555,-5.4,7.8,3.58644871413003,-4.09,-1.125,2.4,5.04,NA,NA,NA,NA,NA,10,2011-10-06,"","DATE: Oct-06<br><b>Minimum temperature</b><br>10-90 percentile<br>-4.1 to 5.0 °C","Historical daily maximum<br>7.8 °C<br>2011-10-06","DATE: Oct-06</b><br>Normal: 0.6 °C<br>Period: 1991-2020","3010237","ANDREW+AGDM",2002,2024
"10-06","VPD",2001-10-06,0.998602728853383,0.177972107716141,2.77888816371819,0.64086816119063,0.539296269189491,0.67576869669456,1.02885319477965,1.71127508171007,NA,NA,NA,NA,NA,10,2003-10-06,"","DATE: Oct-06<br><b>Vapour pressure deficit</b><br>10-90 percentile<br>0.5 to 1.7 kPa","Historical daily maximum<br>2.8 kPa<br>2003-10-06","DATE: Oct-06</b><br>Normal: 1.0 kPa<br>Period: 1991-2020","3010237","ANDREW+AGDM",2002,2024
"10-07","TMAX",2001-10-07,13.0133333333333,1.4,23.5,7.14951213786814,1.48,9.8,16.2,21.58,NA,NA,NA,NA,NA,10,2023-10-07,"","DATE: Oct-07<br><b>Maximum temperature</b><br>10-90 percentile<br>1.5 to 21.6 °C","Historical daily maximum<br>23.5 °C<br>2023-10-07","DATE: Oct-07</b><br>Normal: 13.0 °C<br>Period: 1991-2020","3010237","ANDREW+AGDM",2002,2024
"10-07","TMIN",2001-10-07,-0.173333333333333,-4.8,5.2,2.67834348236439,-2.94,-2.05,1.4,3,NA,NA,NA,NA,NA,10,2023-10-07,"","DATE: Oct-07<br><b>Minimum temperature</b><br>10-90 percentile<br>-2.9 to 3.0 °C","Historical daily maximum<br>5.2 °C<br>2023-10-07","DATE: Oct-07</b><br>Normal: -0.2 °C<br>Period: 1991-2020","3010237","ANDREW+AGDM",2002,2024
"10-07","VPD",2001-10-07,1.01639958716104,0.140640896440679,2.21353035541262,0.660951213980046,0.199289545327628,0.520123541597119,1.25855911433245,1.98809187585282,NA,NA,NA,NA,NA,10,2010-10-07,"","DATE: Oct-07<br><b>Vapour pressure deficit</b><br>10-90 percentile<br>0.2 to 2.0 kPa","Historical daily maximum<br>2.2 kPa<br>2010-10-07","DATE: Oct-07</b><br>Normal: 1.0 kPa<br>Period: 1991-2020","3010237","ANDREW+AGDM",2002,2024
"10-08","TMAX",2001-10-08,9.76111111111111,-2.8,20.4,7.15575777126684,0.130000000000001,5.025,14.075,18.42,NA,NA,NA,NA,NA,10,2023-10-08,"","DATE: Oct-08<br><b>Maximum temperature</b><br>10-90 percentile<br>0.1 to 18.4 °C","Historical daily maximum<br>20.4 °C<br>2023-10-08","DATE: Oct-08</b><br>Normal: 9.8 °C<br>Period: 1991-2020","3010237","ANDREW+AGDM",2002,2024
"10-08","TMIN",2001-10-08,-2.10555555555556,-9.1,4.6,3.67895001360638,-5.69,-4.05,-0.775,3.26,NA,NA,NA,NA,NA,10,2020-10-08,"","DATE: Oct-08<br><b>Minimum temperature</b><br>10-90 percentile<br>-5.7 to 3.3 °C","Historical daily maximum<br>4.6 °C<br>2020-10-08","DATE: Oct-08</b><br>Normal: -2.1 °C<br>Period: 1991-2020","3010237","ANDREW+AGDM",2002,2024
"10-08","VPD",2001-10-08,0.782349092415443,0.0804754147530165,1.82146844828149,0.55420250559026,0.17569596124311,0.310726351298747,1.10817273748915,1.52392279050392,NA,NA,NA,NA,NA,10,2022-10-08,"","DATE: Oct-08<br><b>Vapour pressure deficit</b><br>10-90 percentile<br>0.2 to 1.5 kPa","Historical daily maximum<br>1.8 kPa<br>2022-10-08","DATE: Oct-08</b><br>Normal: 0.8 kPa<br>Period: 1991-2020","3010237","ANDREW+AGDM",2002,2024
"10-09","TMAX",2001-10-09,10.8,-2.7,21.6,7.29229044950899,-0.22,8.4,15.7,18.16,NA,NA,NA,NA,NA,10,2023-10-09,"","DATE: Oct-09<br><b>Maximum temperature</b><br>10-90 percentile<br>-0.2 to 18.2 °C","Historical daily maximum<br>21.6 °C<br>2023-10-09","DATE: Oct-09</b><br>Normal: 10.8 °C<br>Period: 1991-2020","3010237","ANDREW+AGDM",2002,2024
"10-09","TMIN",2001-10-09,-3.61764705882353,-8.2,5.5,4.08812843702923,-7.78,-6.9,-1.2,1.88,NA,NA,NA,NA,NA,10,2015-10-09,"","DATE: Oct-09<br><b>Minimum temperature</b><br>10-90 percentile<br>-7.8 to 1.9 °C","Historical daily maximum<br>5.5 °C<br>2015-10-09","DATE: Oct-09</b><br>Normal: -3.6 °C<br>Period: 1991-2020","3010237","ANDREW+AGDM",2002,2024
"10-09","VPD",2001-10-09,0.928873990701382,0.171510557471257,1.94216076094789,0.515557959550096,0.215242306460423,0.537238380181929,1.23364880428677,1.43102680209901,NA,NA,NA,NA,NA,10,2023-10-09,"","DATE: Oct-09<br><b>Vapour pressure deficit</b><br>10-90 percentile<br>0.2 to 1.4 kPa","Historical daily maximum<br>1.9 kPa<br>2023-10-09","DATE: Oct-09</b><br>Normal: 0.9 kPa<br>Period: 1991-2020","3010237","ANDREW+AGDM",2002,2024
"10-10","TMAX",2001-10-10,10.8277777777778,-3.7,26.5,8.29144176461173,0.79,4.75,16.1,21.49,NA,NA,NA,NA,NA,10,2010-10-10,"","DATE: Oct-10<br><b>Maximum temperature</b><br>10-90 percentile<br>0.8 to 21.5 °C","Historical daily maximum<br>26.5 °C<br>2010-10-10","DATE: Oct-10</b><br>Normal: 10.8 °C<br>Period: 1991-2020","3010237","ANDREW+AGDM",2002,2024
"10-10","TMIN",2001-10-10,-1.52777777777778,-8.3,6.2,4.57587093035215,-6.57,-5.425,2.675,4.06,NA,NA,NA,NA,NA,10,2015-10-10,"","DATE: Oct-10<br><b>Minimum temperature</b><br>10-90 percentile<br>-6.6 to 4.1 °C","Historical daily maximum<br>6.2 °C<br>2015-10-10","DATE: Oct-10</b><br>Normal: -1.5 °C<br>Period: 1991-2020","3010237","ANDREW+AGDM",2002,2024
"10-10","VPD",2001-10-10,0.89839870076009,0.0773565922011008,2.63730176881162,0.712474446401926,0.224901726799661,0.432691447776507,1.22688714658601,1.86697916940414,NA,NA,NA,NA,NA,10,2010-10-10,"","DATE: Oct-10<br><b>Vapour pressure deficit</b><br>10-90 percentile<br>0.2 to 1.9 kPa","Historical daily maximum<br>2.6 kPa<br>2010-10-10","DATE: Oct-10</b><br>Normal: 0.9 kPa<br>Period: 1991-2020","3010237","ANDREW+AGDM",2002,2024
"10-11","TMAX",2001-10-11,9.05555555555556,-2.9,17.9,5.85704424776367,2.61,4.225,13.675,15.6,NA,NA,NA,NA,NA,10,2004-10-11,"","DATE: Oct-11<br><b>Maximum temperature</b><br>10-90 percentile<br>2.6 to 15.6 °C","Historical daily maximum<br>17.9 °C<br>2004-10-11","DATE: Oct-11</b><br>Normal: 9.1 °C<br>Period: 1991-2020","3010237","ANDREW+AGDM",2002,2024
"10-11","TMIN",2001-10-11,-2.98333333333333,-11,4.9,4.47558737518788,-9.31,-6.225,-0.25,1.89,NA,NA,NA,NA,NA,10,2023-10-11,"","DATE: Oct-11<br><b>Minimum temperature</b><br>10-90 percentile<br>-9.3 to 1.9 °C","Historical daily maximum<br>4.9 °C<br>2023-10-11","DATE: Oct-11</b><br>Normal: -3.0 °C<br>Period: 1991-2020","3010237","ANDREW+AGDM",2002,2024
"10-11","VPD",2001-10-11,0.71307079409909,0.186526751598941,1.37026022517443,0.365804601442354,0.30106571161441,0.368584480395873,1.05121787538155,1.11008638008781,NA,NA,NA,NA,NA,10,2004-10-11,"","DATE: Oct-11<br><b>Vapour pressure deficit</b><br>10-90 percentile<br>0.3 to 1.1 kPa","Historical daily maximum<br>1.4 kPa<br>2004-10-11","DATE: Oct-11</b><br>Normal: 0.7 kPa<br>Period: 1991-2020","3010237","ANDREW+AGDM",2002,2024
"10-12","TMAX",2001-10-12,9.28235294117647,-2.8,17.2,5.32731584549359,3.08,3.6,11.9,14.26,NA,NA,NA,NA,NA,10,2005-10-12,"","DATE: Oct-12<br><b>Maximum temperature</b><br>10-90 percentile<br>3.1 to 14.3 °C","Historical daily maximum<br>17.2 °C<br>2005-10-12","DATE: Oct-12</b><br>Normal: 9.3 °C<br>Period: 1991-2020","3010237","ANDREW+AGDM",2002,2024
"10-12","TMIN",2001-10-12,-3.84444444444444,-7.8,0.8,2.75429551625269,-6.89,-6.675,-1.6,-0.369999999999999,NA,NA,NA,NA,NA,10,2011-10-12,"","DATE: Oct-12<br><b>Minimum temperature</b><br>10-90 percentile<br>-6.9 to -0.4 °C","Historical daily maximum<br>0.8 °C<br>2011-10-12","DATE: Oct-12</b><br>Normal: -3.8 °C<br>Period: 1991-2020","3010237","ANDREW+AGDM",2002,2024
"10-12","VPD",2001-10-12,0.753840470371636,0.13001327749356,1.46913187837977,0.373615926299612,0.280046321135124,0.366709656014297,1.02560684513726,1.13283709243685,NA,NA,NA,NA,NA,10,2005-10-12,"","DATE: Oct-12<br><b>Vapour pressure deficit</b><br>10-90 percentile<br>0.3 to 1.1 kPa","Historical daily maximum<br>1.5 kPa<br>2005-10-12","DATE: Oct-12</b><br>Normal: 0.8 kPa<br>Period: 1991-2020","3010237","ANDREW+AGDM",2002,2024
"10-13","TMAX",2001-10-13,9.36111111111111,-0.6,17.7,5.89906661499127,0.58,6.85,13.775,16.86,NA,NA,NA,NA,NA,10,2022-10-13,"","DATE: Oct-13<br><b>Maximum temperature</b><br>10-90 percentile<br>0.6 to 16.9 °C","Historical daily maximum<br>17.7 °C<br>2022-10-13","DATE: Oct-13</b><br>Normal: 9.4 °C<br>Period: 1991-2020","3010237","ANDREW+AGDM",2002,2024
"10-13","TMIN",2001-10-13,-2.73333333333333,-6.9,3.5,3.15706490644862,-6.46,-5.2,-0.875,1.2,NA,NA,NA,NA,NA,10,2011-10-13,"","DATE: Oct-13<br><b>Minimum temperature</b><br>10-90 percentile<br>-6.5 to 1.2 °C","Historical daily maximum<br>3.5 °C<br>2011-10-13","DATE: Oct-13</b><br>Normal: -2.7 °C<br>Period: 1991-2020","3010237","ANDREW+AGDM",2002,2024
"10-13","VPD",2001-10-13,0.740492161665272,0.195562543988452,1.5171687976008,0.442419717691721,0.210169617677074,0.337918390452664,0.989233766767102,1.45944644712414,NA,NA,NA,NA,NA,10,2022-10-13,"","DATE: Oct-13<br><b>Vapour pressure deficit</b><br>10-90 percentile<br>0.2 to 1.5 kPa","Historical daily maximum<br>1.5 kPa<br>2022-10-13","DATE: Oct-13</b><br>Normal: 0.7 kPa<br>Period: 1991-2020","3010237","ANDREW+AGDM",2002,2024
"10-14","TMAX",2001-10-14,9.91111111111111,-0.6,18.2,5.66307844871849,2.68,6.8,13.55,17.44,NA,NA,NA,NA,NA,10,2022-10-14,"","DATE: Oct-14<br><b>Maximum temperature</b><br>10-90 percentile<br>2.7 to 17.4 °C","Historical daily maximum<br>18.2 °C<br>2022-10-14","DATE: Oct-14</b><br>Normal: 9.9 °C<br>Period: 1991-2020","3010237","ANDREW+AGDM",2002,2024
"10-14","TMIN",2001-10-14,-2.42777777777778,-9,5.6,3.65155978848613,-7.18,-4.425,-0.05,1.02,NA,NA,NA,NA,NA,10,2004-10-14,"","DATE: Oct-14<br><b>Minimum temperature</b><br>10-90 percentile<br>-7.2 to 1.0 °C","Historical daily maximum<br>5.6 °C<br>2004-10-14","DATE: Oct-14</b><br>Normal: -2.4 °C<br>Period: 1991-2020","3010237","ANDREW+AGDM",2002,2024
"10-14","VPD",2001-10-14,0.76572496605052,0.137172840487649,1.51815537832368,0.413834045053706,0.182200782793117,0.525940847833153,1.05531423214601,1.31302135672321,NA,NA,NA,NA,NA,10,2007-10-14,"","DATE: Oct-14<br><b>Vapour pressure deficit</b><br>10-90 percentile<br>0.2 to 1.3 kPa","Historical daily maximum<br>1.5 kPa<br>2007-10-14","DATE: Oct-14</b><br>Normal: 0.8 kPa<br>Period: 1991-2020","3010237","ANDREW+AGDM",2002,2024
"10-15","TMAX",2001-10-15,9.61764705882353,2.8,19.5,5.05114285262722,3.38,4.7,12.2,15.86,NA,NA,NA,NA,NA,10,2007-10-15,"","DATE: Oct-15<br><b>Maximum temperature</b><br>10-90 percentile<br>3.4 to 15.9 °C","Historical daily maximum<br>19.5 °C<br>2007-10-15","DATE: Oct-15</b><br>Normal: 9.6 °C<br>Period: 1991-2020","3010237","ANDREW+AGDM",2002,2024
"10-15","TMIN",2001-10-15,-1.90555555555556,-6.2,3.8,3.50989730404856,-5.54,-4.425,1.175,3.26,NA,NA,NA,NA,NA,10,2018-10-15,"","DATE: Oct-15<br><b>Minimum temperature</b><br>10-90 percentile<br>-5.5 to 3.3 °C","Historical daily maximum<br>3.8 °C<br>2018-10-15","DATE: Oct-15</b><br>Normal: -1.9 °C<br>Period: 1991-2020","3010237","ANDREW+AGDM",2002,2024
"10-15","VPD",2001-10-15,0.703010020750617,0.183114541818023,1.49829021799438,0.392735248475017,0.267416770942233,0.401583956005417,0.999991728956304,1.20858874449816,NA,NA,NA,NA,NA,10,2007-10-15,"","DATE: Oct-15<br><b>Vapour pressure deficit</b><br>10-90 percentile<br>0.3 to 1.2 kPa","Historical daily maximum<br>1.5 kPa<br>2007-10-15","DATE: Oct-15</b><br>Normal: 0.7 kPa<br>Period: 1991-2020","3010237","ANDREW+AGDM",2002,2024
"10-16","TMAX",2001-10-16,10.60625,0.6,15.7,4.48515607309266,4.55,9.65,14.05,15.2,NA,NA,NA,NA,NA,10,2021-10-16,"","DATE: Oct-16<br><b>Maximum temperature</b><br>10-90 percentile<br>4.5 to 15.2 °C","Historical daily maximum<br>15.7 °C<br>2021-10-16","DATE: Oct-16</b><br>Normal: 10.6 °C<br>Period: 1991-2020","3010237","ANDREW+AGDM",2002,2024
"10-16","TMIN",2001-10-16,-2.68235294117647,-10.2,5,4.2450316980733,-7.74,-5.2,0.6,2.52,NA,NA,NA,NA,NA,10,2012-10-16,"","DATE: Oct-16<br><b>Minimum temperature</b><br>10-90 percentile<br>-7.7 to 2.5 °C","Historical daily maximum<br>5.0 °C<br>2012-10-16","DATE: Oct-16</b><br>Normal: -2.7 °C<br>Period: 1991-2020","3010237","ANDREW+AGDM",2002,2024
"10-16","VPD",2001-10-16,0.80056527386926,0.0947603361537426,1.10057193037323,0.287177153390942,0.407084733219479,0.731891527928519,1.00759212809095,1.02284023276177,NA,NA,NA,NA,NA,10,2021-10-16,"","DATE: Oct-16<br><b>Vapour pressure deficit</b><br>10-90 percentile<br>0.4 to 1.0 kPa","Historical daily maximum<br>1.1 kPa<br>2021-10-16","DATE: Oct-16</b><br>Normal: 0.8 kPa<br>Period: 1991-2020","3010237","ANDREW+AGDM",2002,2024
"10-17","TMAX",2001-10-17,10.9882352941176,-2.5,21.8,6.4027223070485,0.98,8.9,14.5,16.6,NA,NA,NA,NA,NA,10,2022-10-17,"","DATE: Oct-17<br><b>Maximum temperature</b><br>10-90 percentile<br>1.0 to 16.6 °C","Historical daily maximum<br>21.8 °C<br>2022-10-17","DATE: Oct-17</b><br>Normal: 11.0 °C<br>Period: 1991-2020","3010237","ANDREW+AGDM",2002,2024
"10-17","TMIN",2001-10-17,-2.05294117647059,-7.4,1.3,2.61034424144087,-5.88,-2.7,-0.3,0.28,NA,NA,NA,NA,NA,10,2023-10-17,"","DATE: Oct-17<br><b>Minimum temperature</b><br>10-90 percentile<br>-5.9 to 0.3 °C","Historical daily maximum<br>1.3 °C<br>2023-10-17","DATE: Oct-17</b><br>Normal: -2.1 °C<br>Period: 1991-2020","3010237","ANDREW+AGDM",2002,2024
"10-17","VPD",2001-10-17,0.871559714281889,0.0684490446566105,1.98306047771006,0.491477095469184,0.207537697755315,0.538361147002702,1.09458337100725,1.34364514350525,NA,NA,NA,NA,NA,10,2022-10-17,"","DATE: Oct-17<br><b>Vapour pressure deficit</b><br>10-90 percentile<br>0.2 to 1.3 kPa","Historical daily maximum<br>2.0 kPa<br>2022-10-17","DATE: Oct-17</b><br>Normal: 0.9 kPa<br>Period: 1991-2020","3010237","ANDREW+AGDM",2002,2024
"10-18","TMAX",2001-10-18,11.88125,-2.1,18.6,5.78990140963845,4.1,10.75,16.2,17.45,NA,NA,NA,NA,NA,10,2022-10-18,"","DATE: Oct-18<br><b>Maximum temperature</b><br>10-90 percentile<br>4.1 to 17.5 °C","Historical daily maximum<br>18.6 °C<br>2022-10-18","DATE: Oct-18</b><br>Normal: 11.9 °C<br>Period: 1991-2020","3010237","ANDREW+AGDM",2002,2024
"10-18","TMIN",2001-10-18,-1.71875,-7.8,2,2.76700048186961,-5.25,-3.275,0.275,1.25,NA,NA,NA,NA,NA,10,2018-10-18,"","DATE: Oct-18<br><b>Minimum temperature</b><br>10-90 percentile<br>-5.2 to 1.2 °C","Historical daily maximum<br>2.0 °C<br>2018-10-18","DATE: Oct-18</b><br>Normal: -1.7 °C<br>Period: 1991-2020","3010237","ANDREW+AGDM",2002,2024
"10-18","VPD",2001-10-18,0.920019957403834,0.0794175416081533,1.4706335665966,0.433494532640206,0.2788467329773,0.732685913935255,1.25020547728469,1.42413080534296,NA,NA,NA,NA,NA,10,2022-10-18,"","DATE: Oct-18<br><b>Vapour pressure deficit</b><br>10-90 percentile<br>0.3 to 1.4 kPa","Historical daily maximum<br>1.5 kPa<br>2022-10-18","DATE: Oct-18</b><br>Normal: 0.9 kPa<br>Period: 1991-2020","3010237","ANDREW+AGDM",2002,2024
"10-19","TMAX",2001-10-19,9.73125,-3.5,19.7,5.65257684600572,2.5,7.975,12.225,15.3,NA,NA,NA,NA,NA,10,2022-10-19,"","DATE: Oct-19<br><b>Maximum temperature</b><br>10-90 percentile<br>2.5 to 15.3 °C","Historical daily maximum<br>19.7 °C<br>2022-10-19","DATE: Oct-19</b><br>Normal: 9.7 °C<br>Period: 1991-2020","3010237","ANDREW+AGDM",2002,2024
"10-19","TMIN",2001-10-19,-2.82941176470588,-9.1,2.1,2.90016480261949,-6.1,-4.1,-0.8,0.460000000000001,NA,NA,NA,NA,NA,10,2010-10-19,"","DATE: Oct-19<br><b>Minimum temperature</b><br>10-90 percentile<br>-6.1 to 0.5 °C","Historical daily maximum<br>2.1 °C<br>2010-10-19","DATE: Oct-19</b><br>Normal: -2.8 °C<br>Period: 1991-2020","3010237","ANDREW+AGDM",2002,2024
"10-19","VPD",2001-10-19,0.773851698047564,0.0843819364239021,1.78321072866486,0.426745815254519,0.230166905274923,0.628042306682097,0.912158979052843,1.2116613848177,NA,NA,NA,NA,NA,10,2022-10-19,"","DATE: Oct-19<br><b>Vapour pressure deficit</b><br>10-90 percentile<br>0.2 to 1.2 kPa","Historical daily maximum<br>1.8 kPa<br>2022-10-19","DATE: Oct-19</b><br>Normal: 0.8 kPa<br>Period: 1991-2020","3010237","ANDREW+AGDM",2002,2024
"10-20","TMAX",2001-10-20,8.61875,-2.5,21.8,5.49511525508489,2.75,6.275,10.825,13.35,NA,NA,NA,NA,NA,10,2014-10-20,"","DATE: Oct-20<br><b>Maximum temperature</b><br>10-90 percentile<br>2.8 to 13.4 °C","Historical daily maximum<br>21.8 °C<br>2014-10-20","DATE: Oct-20</b><br>Normal: 8.6 °C<br>Period: 1991-2020","3010237","ANDREW+AGDM",2002,2024
"10-20","TMIN",2001-10-20,-2.77058823529412,-6.5,0.9,2.18196147590945,-6.18,-3.6,-1.3,-0.26,NA,NA,NA,NA,NA,10,2022-10-20,"","DATE: Oct-20<br><b>Minimum temperature</b><br>10-90 percentile<br>-6.2 to -0.3 °C","Historical daily maximum<br>0.9 °C<br>2022-10-20","DATE: Oct-20</b><br>Normal: -2.8 °C<br>Period: 1991-2020","3010237","ANDREW+AGDM",2002,2024
"10-20","VPD",2001-10-20,0.675105477447461,0.12538248328046,2.11488652173285,0.467672257504431,0.206897654931664,0.45448161825154,0.807367285960733,0.991546535705769,NA,NA,NA,NA,NA,10,2014-10-20,"","DATE: Oct-20<br><b>Vapour pressure deficit</b><br>10-90 percentile<br>0.2 to 1.0 kPa","Historical daily maximum<br>2.1 kPa<br>2014-10-20","DATE: Oct-20</b><br>Normal: 0.7 kPa<br>Period: 1991-2020","3010237","ANDREW+AGDM",2002,2024
"10-21","TMAX",2001-10-21,8.62777777777778,-3.3,19,6.54314239630322,-0.0899999999999993,4.65,13.55,15.96,NA,NA,NA,NA,NA,10,2003-10-21,"","DATE: Oct-21<br><b>Maximum temperature</b><br>10-90 percentile<br>-0.1 to 16.0 °C","Historical daily maximum<br>19.0 °C<br>2003-10-21","DATE: Oct-21</b><br>Normal: 8.6 °C<br>Period: 1991-2020","3010237","ANDREW+AGDM",2002,2024
"10-21","TMIN",2001-10-21,-3.95555555555556,-9.6,3.8,3.26986638011263,-8.24,-6,-1.825,-1.61,NA,NA,NA,NA,NA,10,2013-10-21,"","DATE: Oct-21<br><b>Minimum temperature</b><br>10-90 percentile<br>-8.2 to -1.6 °C","Historical daily maximum<br>3.8 °C<br>2013-10-21","DATE: Oct-21</b><br>Normal: -4.0 °C<br>Period: 1991-2020","3010237","ANDREW+AGDM",2002,2024
"10-21","VPD",2001-10-21,0.740812429301658,0.0575925390456809,1.67387441762304,0.445303429218792,0.174231299652415,0.358835610170402,0.93417173742841,1.31096887595523,NA,NA,NA,NA,NA,10,2003-10-21,"","DATE: Oct-21<br><b>Vapour pressure deficit</b><br>10-90 percentile<br>0.2 to 1.3 kPa","Historical daily maximum<br>1.7 kPa<br>2003-10-21","DATE: Oct-21</b><br>Normal: 0.7 kPa<br>Period: 1991-2020","3010237","ANDREW+AGDM",2002,2024
"10-22","TMAX",2001-10-22,7.6875,-5.8,16.6,6.29802879214335,-0.8,4.9,12.675,13.55,NA,NA,NA,NA,NA,10,2014-10-22,"","DATE: Oct-22<br><b>Maximum temperature</b><br>10-90 percentile<br>-0.8 to 13.6 °C","Historical daily maximum<br>16.6 °C<br>2014-10-22","DATE: Oct-22</b><br>Normal: 7.7 °C<br>Period: 1991-2020","3010237","ANDREW+AGDM",2002,2024
"10-22","TMIN",2001-10-22,-3.73529411764706,-12.5,2.7,4.67813279745116,-10.16,-6.2,0.9,1.6,NA,NA,NA,NA,NA,10,2015-10-22,"","DATE: Oct-22<br><b>Minimum temperature</b><br>10-90 percentile<br>-10.2 to 1.6 °C","Historical daily maximum<br>2.7 °C<br>2015-10-22","DATE: Oct-22</b><br>Normal: -3.7 °C<br>Period: 1991-2020","3010237","ANDREW+AGDM",2002,2024
"10-22","VPD",2001-10-22,0.638656269535189,0.119649540887785,1.43489194174755,0.359488606317782,0.235099431418218,0.378314117646011,0.84289152153991,1.02742941747875,NA,NA,NA,NA,NA,10,2014-10-22,"","DATE: Oct-22<br><b>Vapour pressure deficit</b><br>10-90 percentile<br>0.2 to 1.0 kPa","Historical daily maximum<br>1.4 kPa<br>2014-10-22","DATE: Oct-22</b><br>Normal: 0.6 kPa<br>Period: 1991-2020","3010237","ANDREW+AGDM",2002,2024
"10-23","TMAX",2001-10-23,8.79411764705882,-3.2,16,5.03828723231359,2.16,6.6,11.8,13.44,NA,NA,NA,NA,NA,10,2014-10-23,"","DATE: Oct-23<br><b>Maximum temperature</b><br>10-90 percentile<br>2.2 to 13.4 °C","Historical daily maximum<br>16.0 °C<br>2014-10-23","DATE: Oct-23</b><br>Normal: 8.8 °C<br>Period: 1991-2020","3010237","ANDREW+AGDM",2002,2024
"10-23","TMIN",2001-10-23,-2.63529411764706,-13.2,4.6,4.07230603842445,-6.16,-4.4,0.5,1.44,NA,NA,NA,NA,NA,10,2007-10-23,"","DATE: Oct-23<br><b>Minimum temperature</b><br>10-90 percentile<br>-6.2 to 1.4 °C","Historical daily maximum<br>4.6 °C<br>2007-10-23","DATE: Oct-23</b><br>Normal: -2.6 °C<br>Period: 1991-2020","3010237","ANDREW+AGDM",2002,2024
"10-23","VPD",2001-10-23,0.661503175066378,0.155627722917109,1.14722282806145,0.326829127731345,0.223470684068578,0.406682463340182,0.871020562792704,1.08553180540444,NA,NA,NA,NA,NA,10,2014-10-23,"","DATE: Oct-23<br><b>Vapour pressure deficit</b><br>10-90 percentile<br>0.2 to 1.1 kPa","Historical daily maximum<br>1.1 kPa<br>2014-10-23","DATE: Oct-23</b><br>Normal: 0.7 kPa<br>Period: 1991-2020","3010237","ANDREW+AGDM",2002,2024
"10-24","TMAX",2001-10-24,8.52352941176471,-4.7,25.5,7.84821073651223,-1.32,2.9,13.8,16.22,NA,NA,NA,NA,NA,10,2007-10-24,"","DATE: Oct-24<br><b>Maximum temperature</b><br>10-90 percentile<br>-1.3 to 16.2 °C","Historical daily maximum<br>25.5 °C<br>2007-10-24","DATE: Oct-24</b><br>Normal: 8.5 °C<br>Period: 1991-2020","3010237","ANDREW+AGDM",2002,2024
"10-24","TMIN",2001-10-24,-3.20555555555556,-10.4,4.4,3.9005990825275,-7.28,-5.325,-0.725,1.56,NA,NA,NA,NA,NA,10,2017-10-24,"","DATE: Oct-24<br><b>Minimum temperature</b><br>10-90 percentile<br>-7.3 to 1.6 °C","Historical daily maximum<br>4.4 °C<br>2017-10-24","DATE: Oct-24</b><br>Normal: -3.2 °C<br>Period: 1991-2020","3010237","ANDREW+AGDM",2002,2024
"10-24","VPD",2001-10-24,0.743543073853084,0.0788204429900833,2.46147284010657,0.619654964530823,0.11379168436778,0.25275590359531,1.16942142664271,1.2552590457532,NA,NA,NA,NA,NA,10,2007-10-24,"","DATE: Oct-24<br><b>Vapour pressure deficit</b><br>10-90 percentile<br>0.1 to 1.3 kPa","Historical daily maximum<br>2.5 kPa<br>2007-10-24","DATE: Oct-24</b><br>Normal: 0.7 kPa<br>Period: 1991-2020","3010237","ANDREW+AGDM",2002,2024
"10-25","TMAX",2001-10-25,6.27647058823529,-2.2,18.2,5.42972483324025,-1.34,4.4,7.9,11.72,NA,NA,NA,NA,NA,10,2005-10-25,"","DATE: Oct-25<br><b>Maximum temperature</b><br>10-90 percentile<br>-1.3 to 11.7 °C","Historical daily maximum<br>18.2 °C<br>2005-10-25","DATE: Oct-25</b><br>Normal: 6.3 °C<br>Period: 1991-2020","3010237","ANDREW+AGDM",2002,2024
"10-25","TMIN",2001-10-25,-4.64117647058823,-13.1,0.7,4.2949183379212,-11.28,-7.5,-1.6,-0.18,NA,NA,NA,NA,NA,10,2016-10-25,"","DATE: Oct-25<br><b>Minimum temperature</b><br>10-90 percentile<br>-11.3 to -0.2 °C","Historical daily maximum<br>0.7 °C<br>2016-10-25","DATE: Oct-25</b><br>Normal: -4.6 °C<br>Period: 1991-2020","3010237","ANDREW+AGDM",2002,2024
"10-25","VPD",2001-10-25,0.559788816817746,0.103261910061853,1.56267779663249,0.363416701418312,0.225246788336299,0.295636266056078,0.68473099040507,0.903985136823149,NA,NA,NA,NA,NA,10,2005-10-25,"","DATE: Oct-25<br><b>Vapour pressure deficit</b><br>10-90 percentile<br>0.2 to 0.9 kPa","Historical daily maximum<br>1.6 kPa<br>2005-10-25","DATE: Oct-25</b><br>Normal: 0.6 kPa<br>Period: 1991-2020","3010237","ANDREW+AGDM",2002,2024
"10-26","TMAX",2001-10-26,5.68235294117647,-2.4,14.4,5.74556734514939,-0.54,0.6,11.2,14.02,NA,NA,NA,NA,NA,10,2013-10-26,"","DATE: Oct-26<br><b>Maximum temperature</b><br>10-90 percentile<br>-0.5 to 14.0 °C","Historical daily maximum<br>14.4 °C<br>2013-10-26","DATE: Oct-26</b><br>Normal: 5.7 °C<br>Period: 1991-2020","3010237","ANDREW+AGDM",2002,2024
"10-26","TMIN",2001-10-26,-4.74444444444444,-12.8,3.2,4.60002841707619,-9.58,-8.975,-1.65,1.04,NA,NA,NA,NA,NA,10,2003-10-26,"","DATE: Oct-26<br><b>Minimum temperature</b><br>10-90 percentile<br>-9.6 to 1.0 °C","Historical daily maximum<br>3.2 °C<br>2003-10-26","DATE: Oct-26</b><br>Normal: -4.7 °C<br>Period: 1991-2020","3010237","ANDREW+AGDM",2002,2024
"10-26","VPD",2001-10-26,0.530847296470441,0.133546810999657,1.21619058826219,0.306586437748971,0.243520257642656,0.312635840696802,0.818232467712448,0.867426184879053,NA,NA,NA,NA,NA,10,2013-10-26,"","DATE: Oct-26<br><b>Vapour pressure deficit</b><br>10-90 percentile<br>0.2 to 0.9 kPa","Historical daily maximum<br>1.2 kPa<br>2013-10-26","DATE: Oct-26</b><br>Normal: 0.5 kPa<br>Period: 1991-2020","3010237","ANDREW+AGDM",2002,2024
"10-27","TMAX",2001-10-27,5.18823529411765,-4.1,13.2,5.27492681856123,-1.98,2.1,9.4,11.32,NA,NA,NA,NA,NA,10,2022-10-27,"","DATE: Oct-27<br><b>Maximum temperature</b><br>10-90 percentile<br>-2.0 to 11.3 °C","Historical daily maximum<br>13.2 °C<br>2022-10-27","DATE: Oct-27</b><br>Normal: 5.2 °C<br>Period: 1991-2020","3010237","ANDREW+AGDM",2002,2024
"10-27","TMIN",2001-10-27,-5.35882352941176,-13.6,1.1,5.10894544200775,-11.84,-9.9,-1.2,0.58,NA,NA,NA,NA,NA,10,2009-10-27,"","DATE: Oct-27<br><b>Minimum temperature</b><br>10-90 percentile<br>-11.8 to 0.6 °C","Historical daily maximum<br>1.1 °C<br>2009-10-27","DATE: Oct-27</b><br>Normal: -5.4 °C<br>Period: 1991-2020","3010237","ANDREW+AGDM",2002,2024
"10-27","VPD",2001-10-27,0.497632258338418,0.073915147524824,1.19084927457568,0.303117949831483,0.19192521571299,0.222676847303727,0.73198988165959,0.798196217532647,NA,NA,NA,NA,NA,10,2022-10-27,"","DATE: Oct-27<br><b>Vapour pressure deficit</b><br>10-90 percentile<br>0.2 to 0.8 kPa","Historical daily maximum<br>1.2 kPa<br>2022-10-27","DATE: Oct-27</b><br>Normal: 0.5 kPa<br>Period: 1991-2020","3010237","ANDREW+AGDM",2002,2024
"10-28","TMAX",2001-10-28,3.87647058823529,-7,15.1,6.16406211557816,-2.74,0.3,7.4,12.7,NA,NA,NA,NA,NA,10,2017-10-28,"","DATE: Oct-28<br><b>Maximum temperature</b><br>10-90 percentile<br>-2.7 to 12.7 °C","Historical daily maximum<br>15.1 °C<br>2017-10-28","DATE: Oct-28</b><br>Normal: 3.9 °C<br>Period: 1991-2020","3010237","ANDREW+AGDM",2002,2024
"10-28","TMIN",2001-10-28,-5.85555555555556,-15.6,2,4.77262071578415,-10.88,-8.5,-2.05,-0.389999999999999,NA,NA,NA,NA,NA,10,2017-10-28,"","DATE: Oct-28<br><b>Minimum temperature</b><br>10-90 percentile<br>-10.9 to -0.4 °C","Historical daily maximum<br>2.0 °C<br>2017-10-28","DATE: Oct-28</b><br>Normal: -5.9 °C<br>Period: 1991-2020","3010237","ANDREW+AGDM",2002,2024
"10-28","VPD",2001-10-28,0.450560410134395,0.0641051401585893,1.21402110390765,0.343619473517228,0.0943386390048947,0.14900334152464,0.667996384474186,0.878538319486256,NA,NA,NA,NA,NA,10,2008-10-28,"","DATE: Oct-28<br><b>Vapour pressure deficit</b><br>10-90 percentile<br>0.1 to 0.9 kPa","Historical daily maximum<br>1.2 kPa<br>2008-10-28","DATE: Oct-28</b><br>Normal: 0.5 kPa<br>Period: 1991-2020","3010237","ANDREW+AGDM",2002,2024
"10-29","TMAX",2001-10-29,3.39375,-4.3,16.3,5.54562515261655,-3.75,-0.5,6.325,8.6,NA,NA,NA,NA,NA,10,2008-10-29,"","DATE: Oct-29<br><b>Maximum temperature</b><br>10-90 percentile<br>-3.8 to 8.6 °C","Historical daily maximum<br>16.3 °C<br>2008-10-29","DATE: Oct-29</b><br>Normal: 3.4 °C<br>Period: 1991-2020","3010237","ANDREW+AGDM",2002,2024
"10-29","TMIN",2001-10-29,-5.21875,-12.7,1.8,4.69343069264548,-12.25,-8.275,-1.425,-0.3,NA,NA,NA,NA,NA,10,2016-10-29,"","DATE: Oct-29<br><b>Minimum temperature</b><br>10-90 percentile<br>-12.2 to -0.3 °C","Historical daily maximum<br>1.8 °C<br>2016-10-29","DATE: Oct-29</b><br>Normal: -5.2 °C<br>Period: 1991-2020","3010237","ANDREW+AGDM",2002,2024
"10-29","VPD",2001-10-29,0.396018560560734,0.0839328717541512,1.4448694665264,0.363080902174206,0.124846636020269,0.157514867159786,0.544758056667144,0.748007395216084,NA,NA,NA,NA,NA,10,2008-10-29,"","DATE: Oct-29<br><b>Vapour pressure deficit</b><br>10-90 percentile<br>0.1 to 0.7 kPa","Historical daily maximum<br>1.4 kPa<br>2008-10-29","DATE: Oct-29</b><br>Normal: 0.4 kPa<br>Period: 1991-2020","3010237","ANDREW+AGDM",2002,2024
"10-30","TMAX",2001-10-30,4.45,-6.4,11.6,4.85592421687159,-2.35,2.125,7.35,8.8,NA,NA,NA,NA,NA,10,2011-10-30,"","DATE: Oct-30<br><b>Maximum temperature</b><br>10-90 percentile<br>-2.4 to 8.8 °C","Historical daily maximum<br>11.6 °C<br>2011-10-30","DATE: Oct-30</b><br>Normal: 4.4 °C<br>Period: 1991-2020","3010237","ANDREW+AGDM",2002,2024
"10-30","TMIN",2001-10-30,-5.275,-13.4,1.4,3.66451451991484,-9.4,-7.075,-3.375,-1.35,NA,NA,NA,NA,NA,10,2016-10-30,"","DATE: Oct-30<br><b>Minimum temperature</b><br>10-90 percentile<br>-9.4 to -1.4 °C","Historical daily maximum<br>1.4 °C<br>2016-10-30","DATE: Oct-30</b><br>Normal: -5.3 °C<br>Period: 1991-2020","3010237","ANDREW+AGDM",2002,2024
"10-30","VPD",2001-10-30,0.464075032468737,0.0745565463914498,0.996183412540745,0.2662540243669,0.147216314013698,0.197393589789827,0.616270381247273,0.751236635874912,NA,NA,NA,NA,NA,10,2011-10-30,"","DATE: Oct-30<br><b>Vapour pressure deficit</b><br>10-90 percentile<br>0.1 to 0.8 kPa","Historical daily maximum<br>1.0 kPa<br>2011-10-30","DATE: Oct-30</b><br>Normal: 0.5 kPa<br>Period: 1991-2020","3010237","ANDREW+AGDM",2002,2024
"10-31","TMAX",2001-10-31,4.16111111111111,-7.8,12.1,5.56037862537403,-4.97,3,8.05,9.44,NA,NA,NA,NA,NA,10,2010-10-31,"","DATE: Oct-31<br><b>Maximum temperature</b><br>10-90 percentile<br>-5.0 to 9.4 °C","Historical daily maximum<br>12.1 °C<br>2010-10-31","DATE: Oct-31</b><br>Normal: 4.2 °C<br>Period: 1991-2020","3010237","ANDREW+AGDM",2002,2024
"10-31","TMIN",2001-10-31,-5.95294117647059,-21,0.2,5.65487816480811,-12.18,-8.6,-3,-0.56,NA,NA,NA,NA,NA,10,2016-10-31,"","DATE: Oct-31<br><b>Minimum temperature</b><br>10-90 percentile<br>-12.2 to -0.6 °C","Historical daily maximum<br>0.2 °C<br>2016-10-31","DATE: Oct-31</b><br>Normal: -6.0 °C<br>Period: 1991-2020","3010237","ANDREW+AGDM",2002,2024
"10-31","VPD",2001-10-31,0.446657904625761,0.12410265629991,1.09278808251745,0.272348622192199,0.155508087770403,0.225402298789877,0.590470647594369,0.769376145087707,NA,NA,NA,NA,NA,10,2010-10-31,"","DATE: Oct-31<br><b>Vapour pressure deficit</b><br>10-90 percentile<br>0.2 to 0.8 kPa","Historical daily maximum<br>1.1 kPa<br>2010-10-31","DATE: Oct-31</b><br>Normal: 0.4 kPa<br>Period: 1991-2020","3010237","ANDREW+AGDM",2002,2024
