"AES","NAME","MD","variable","por_start","por_end","clim_mean","clim_sd","clim_max","clim_max_date","value","rec_all_val","rec_all_date","value_record"
"3012206","EDMONTON+INTERNATIONAL+CS","04-01","BUI",1999,2026,12.45,7.14177848998413,17.5,2010-04-01,NA,171.6,2025-10-18,NA
"3012206","EDMONTON+INTERNATIONAL+CS","04-02","BUI",1999,2026,9.55,3.04055915910215,48.5,2021-04-02,NA,171.6,2025-10-18,NA
"3012206","EDMONTON+INTERNATIONAL+CS","04-03","BUI",1999,2026,12,3.53553390593274,50.1,2021-04-03,NA,171.6,2025-10-18,NA
"3012206","EDMONTON+INTERNATIONAL+CS","04-04","BUI",1999,2026,20.4,11.9377552328736,50.8,2021-04-04,NA,171.6,2025-10-18,NA
"3012206","EDMONTON+INTERNATIONAL+CS","04-05","BUI",1999,2026,20.8,5.79827560572969,52.9,2021-04-05,NA,171.6,2025-10-18,NA
"3012206","EDMONTON+INTERNATIONAL+CS","04-06","BUI",1999,2026,22.3,3.67695526217005,24.9,2008-04-06,NA,171.6,2025-10-18,NA
"3012206","EDMONTON+INTERNATIONAL+CS","04-07","BUI",1999,2026,16.3,9.47523086789974,58.2,2021-04-07,NA,171.6,2025-10-18,NA
"3012206","EDMONTON+INTERNATIONAL+CS","04-08","BUI",1999,2026,13.8,10.2430464218415,58.7,2021-04-08,NA,171.6,2025-10-18,NA
"3012206","EDMONTON+INTERNATIONAL+CS","04-09","BUI",1999,2026,12.425,9.40828535564974,60.9,2021-04-09,NA,171.6,2025-10-18,NA
"3012206","EDMONTON+INTERNATIONAL+CS","04-10","BUI",1999,2026,16.05,8.0181668727958,29.5,2022-04-10,NA,171.6,2025-10-18,NA
"3012206","EDMONTON+INTERNATIONAL+CS","04-11","BUI",1999,2026,17.0166666666667,6.89098444829668,33.2,2025-04-11,NA,171.6,2025-10-18,NA
"3012206","EDMONTON+INTERNATIONAL+CS","04-12","BUI",1999,2026,19.7,7.83198569968051,35,2025-04-12,NA,171.6,2025-10-18,NA
"3012206","EDMONTON+INTERNATIONAL+CS","04-13","BUI",1999,2026,20.0571428571429,9.80184627895125,61,2021-04-13,NA,171.6,2025-10-18,NA
"3012206","EDMONTON+INTERNATIONAL+CS","04-14","BUI",1999,2026,18.2857142857143,10.7100309012048,39.8,2025-04-14,NA,171.6,2025-10-18,NA
"3012206","EDMONTON+INTERNATIONAL+CS","04-15","BUI",1999,2026,20.0666666666667,7.59517390628198,42.5,2025-04-15,NA,171.6,2025-10-18,NA
"3012206","EDMONTON+INTERNATIONAL+CS","04-16","BUI",1999,2026,21.7833333333333,7.65072981268236,43.2,2025-04-16,NA,171.6,2025-10-18,NA
"3012206","EDMONTON+INTERNATIONAL+CS","04-17","BUI",1999,2026,23.25,9.47960969660671,45.3,2025-04-17,NA,171.6,2025-10-18,NA
"3012206","EDMONTON+INTERNATIONAL+CS","04-18","BUI",1999,2026,22.35,8.03278994408009,48.6,2025-04-18,NA,171.6,2025-10-18,NA
"3012206","EDMONTON+INTERNATIONAL+CS","04-19","BUI",1999,2026,19.7,9.66816080406886,51.7,2025-04-19,NA,171.6,2025-10-18,NA
"3012206","EDMONTON+INTERNATIONAL+CS","04-20","BUI",1999,2026,20.7111111111111,9.81293081149109,54.2,2025-04-20,NA,171.6,2025-10-18,NA
"3012206","EDMONTON+INTERNATIONAL+CS","04-21","BUI",1999,2026,21.1230769230769,10.8680843026845,55.7,2025-04-21,16.7,171.6,2025-10-18,NA
"3012206","EDMONTON+INTERNATIONAL+CS","04-22","BUI",1999,2026,24.3785714285714,11.936510156879,49.9,2025-04-22,17,171.6,2025-10-18,NA
"3012206","EDMONTON+INTERNATIONAL+CS","04-23","BUI",1999,2026,25.44,11.3570494156084,56.4,2021-04-23,17.5,171.6,2025-10-18,NA
"3012206","EDMONTON+INTERNATIONAL+CS","04-24","BUI",1999,2026,24.5117647058824,12.2548399802354,58.1,2021-04-24,19.6,171.6,2025-10-18,NA
"3012206","EDMONTON+INTERNATIONAL+CS","04-25","BUI",1999,2026,28.325,17.4257472340978,68.9,2001-04-25,NA,171.6,2025-10-18,NA
"3012206","EDMONTON+INTERNATIONAL+CS","04-26","BUI",1999,2026,30.5470588235294,17.376892618038,72.5,2001-04-26,NA,171.6,2025-10-18,NA
"3012206","EDMONTON+INTERNATIONAL+CS","04-27","BUI",1999,2026,32.5153846153846,19.9699293169274,77.9,2001-04-27,NA,171.6,2025-10-18,NA
"3012206","EDMONTON+INTERNATIONAL+CS","04-28","BUI",1999,2026,30.5705882352941,17.2891499467832,65.5,2021-04-28,22.5,171.6,2025-10-18,NA
"3012206","EDMONTON+INTERNATIONAL+CS","04-29","BUI",1999,2026,30.9153846153846,19.0681604668553,66.7,2020-04-29,26.8,171.6,2025-10-18,NA
"3012206","EDMONTON+INTERNATIONAL+CS","04-30","BUI",1999,2026,30.3538461538462,19.5081015386179,69.4,2020-04-30,32.3,171.6,2025-10-18,NA
"3012206","EDMONTON+INTERNATIONAL+CS","05-01","BUI",1999,2026,29.9705882352941,19.3360985176005,72.1,2020-05-01,36.4,171.6,2025-10-18,NA
"3012206","EDMONTON+INTERNATIONAL+CS","05-02","BUI",1999,2026,29.65,18.5297614346092,76.7,2021-05-02,41.2,171.6,2025-10-18,NA
"3012206","EDMONTON+INTERNATIONAL+CS","05-03","BUI",1999,2026,32.4052631578947,19.9189879730709,78.8,2021-05-03,45.9,171.6,2025-10-18,NA
"3012206","EDMONTON+INTERNATIONAL+CS","05-04","BUI",1999,2026,30.0263157894737,19.5193591113274,84.2,2023-05-04,48.2,171.6,2025-10-18,NA
"3012206","EDMONTON+INTERNATIONAL+CS","05-05","BUI",1999,2026,33.2222222222222,20.0156278811614,89.7,2023-05-05,50.1,171.6,2025-10-18,NA
"3012206","EDMONTON+INTERNATIONAL+CS","05-06","BUI",1999,2026,32.9611111111111,17.5628665384029,93.1,2023-05-06,54.4,171.6,2025-10-18,NA
"3012206","EDMONTON+INTERNATIONAL+CS","05-07","BUI",1999,2026,33.9888888888889,16.8049323602919,94.7,2023-05-07,59.3,171.6,2025-10-18,NA
"3012206","EDMONTON+INTERNATIONAL+CS","05-08","BUI",1999,2026,33.4210526315789,17.4172194153873,97.1,2023-05-08,63.6,171.6,2025-10-18,NA
"3012206","EDMONTON+INTERNATIONAL+CS","05-09","BUI",1999,2026,34.1222222222222,17.135980569123,99.4,2023-05-09,67,171.6,2025-10-18,NA
"3012206","EDMONTON+INTERNATIONAL+CS","05-10","BUI",1999,2026,34.2578947368421,17.7435846243547,102.2,2023-05-10,71.8,171.6,2025-10-18,NA
"3012206","EDMONTON+INTERNATIONAL+CS","05-11","BUI",1999,2026,35.77,17.4615095507082,96.6,2025-05-11,75.6,171.6,2025-10-18,NA
"3012206","EDMONTON+INTERNATIONAL+CS","05-12","BUI",1999,2026,38.4,17.4161706468443,98.6,2025-05-12,79.7,171.6,2025-10-18,NA
"3012206","EDMONTON+INTERNATIONAL+CS","05-13","BUI",1999,2026,40.9857142857143,16.5873230424407,101.7,2025-05-13,83.9,171.6,2025-10-18,NA
"3012206","EDMONTON+INTERNATIONAL+CS","05-14","BUI",1999,2026,43.74,17.9011731459142,104.6,2025-05-14,71.4,171.6,2025-10-18,NA
"3012206","EDMONTON+INTERNATIONAL+CS","05-15","BUI",1999,2026,44.3047619047619,18.5877776022438,102,2025-05-15,74.7,171.6,2025-10-18,NA
"3012206","EDMONTON+INTERNATIONAL+CS","05-16","BUI",1999,2026,47.73,19.9042206579409,103.9,2025-05-16,75.1,171.6,2025-10-18,NA
"3012206","EDMONTON+INTERNATIONAL+CS","05-17","BUI",1999,2026,46.1047619047619,18.5415068478934,106.6,2025-05-17,77,171.6,2025-10-18,NA
"3012206","EDMONTON+INTERNATIONAL+CS","05-18","BUI",1999,2026,48.2190476190476,20.0436678042622,109.3,2025-05-18,80,171.6,2025-10-18,NA
"3012206","EDMONTON+INTERNATIONAL+CS","05-19","BUI",1999,2026,50.7571428571429,20.5626012806885,110.6,2025-05-19,83.6,171.6,2025-10-18,NA
"3012206","EDMONTON+INTERNATIONAL+CS","05-20","BUI",1999,2026,47.5681818181818,20.2186944697378,112.2,2023-05-20,85.8,171.6,2025-10-18,NA
"3012206","EDMONTON+INTERNATIONAL+CS","05-21","BUI",1999,2026,43.5904761904762,20.1304720451833,109.4,2023-05-21,90.2,171.6,2025-10-18,NA
"3012206","EDMONTON+INTERNATIONAL+CS","05-22","BUI",1999,2026,43.0090909090909,23.0046767313769,111.7,2023-05-22,94.6,171.6,2025-10-18,NA
"3012206","EDMONTON+INTERNATIONAL+CS","05-23","BUI",1999,2026,41.7909090909091,23.5952357800288,114.5,2023-05-23,99.6,171.6,2025-10-18,NA
"3012206","EDMONTON+INTERNATIONAL+CS","05-24","BUI",1999,2026,40.6772727272727,23.9249806054195,117.7,2023-05-24,102.9,171.6,2025-10-18,NA
"3012206","EDMONTON+INTERNATIONAL+CS","05-25","BUI",1999,2026,39.2,22.8968910345405,120.6,2023-05-25,108.5,171.6,2025-10-18,NA
"3012206","EDMONTON+INTERNATIONAL+CS","05-26","BUI",1999,2026,38.3318181818182,21.294675980353,124.7,2023-05-26,111.8,171.6,2025-10-18,NA
"3012206","EDMONTON+INTERNATIONAL+CS","05-27","BUI",1999,2026,40.8772727272727,22.3687267197964,129.8,2023-05-27,115.7,171.6,2025-10-18,NA
"3012206","EDMONTON+INTERNATIONAL+CS","05-28","BUI",1999,2026,42.3545454545455,23.8365011668824,134.9,2023-05-28,121,171.6,2025-10-18,NA
"3012206","EDMONTON+INTERNATIONAL+CS","05-29","BUI",1999,2026,42.7545454545455,23.6827791015756,139.8,2023-05-29,126.4,171.6,2025-10-18,NA
"3012206","EDMONTON+INTERNATIONAL+CS","05-30","BUI",1999,2026,41.5818181818182,23.1627705465892,144,2023-05-30,130.2,171.6,2025-10-18,NA
"3012206","EDMONTON+INTERNATIONAL+CS","05-31","BUI",1999,2026,43.2545454545455,23.2532788732036,146.8,2023-05-31,83.7,171.6,2025-10-18,NA
"3012206","EDMONTON+INTERNATIONAL+CS","06-01","BUI",1999,2026,45.0863636363636,23.271488696411,110.9,2023-06-01,35.3,171.6,2025-10-18,NA
"3012206","EDMONTON+INTERNATIONAL+CS","06-02","BUI",1999,2026,47.8636363636364,23.4802560514664,115,2023-06-02,13.9,171.6,2025-10-18,NA
"3012206","EDMONTON+INTERNATIONAL+CS","06-03","BUI",1999,2026,48.6047619047619,23.4172901120193,118.8,2023-06-03,14.8,171.6,2025-10-18,NA
"3012206","EDMONTON+INTERNATIONAL+CS","06-04","BUI",1999,2026,48.8136363636364,23.095336479462,123.7,2023-06-04,16.3,171.6,2025-10-18,NA
"3012206","EDMONTON+INTERNATIONAL+CS","06-05","BUI",1999,2026,48.8818181818182,23.9666759990108,126.6,2023-06-05,19.8,171.6,2025-10-18,NA
"3012206","EDMONTON+INTERNATIONAL+CS","06-06","BUI",1999,2026,49.7954545454545,22.0487874037106,131.5,2023-06-06,17.3,171.6,2025-10-18,NA
"3012206","EDMONTON+INTERNATIONAL+CS","06-07","BUI",1999,2026,45.3238095238095,23.9071099207308,137,2023-06-07,19.3,171.6,2025-10-18,NA
"3012206","EDMONTON+INTERNATIONAL+CS","06-08","BUI",1999,2026,43.2681818181818,24.9574568752438,143.2,2023-06-08,19.9,171.6,2025-10-18,NA
"3012206","EDMONTON+INTERNATIONAL+CS","06-09","BUI",1999,2026,42.8045454545455,27.0411410944197,148.7,2023-06-09,25.3,171.6,2025-10-18,NA
"3012206","EDMONTON+INTERNATIONAL+CS","06-10","BUI",1999,2026,40.3636363636364,28.1199225335,153.9,2023-06-10,27.7,171.6,2025-10-18,NA
"3012206","EDMONTON+INTERNATIONAL+CS","06-11","BUI",1999,2026,38.6,29.7034389543414,158,2023-06-11,29.1,171.6,2025-10-18,NA
"3012206","EDMONTON+INTERNATIONAL+CS","06-12","BUI",1999,2026,39.1772727272727,30.1750122392082,163.5,2023-06-12,30.7,171.6,2025-10-18,NA
"3012206","EDMONTON+INTERNATIONAL+CS","06-13","BUI",1999,2026,40.4772727272727,29.9247139751328,128,2015-06-13,35.2,171.6,2025-10-18,NA
"3012206","EDMONTON+INTERNATIONAL+CS","06-14","BUI",1999,2026,41.1863636363636,31.0242807438141,129.9,2015-06-14,40.9,171.6,2025-10-18,NA
"3012206","EDMONTON+INTERNATIONAL+CS","06-15","BUI",1999,2026,39.9090909090909,33.1181278095606,132.5,2015-06-15,46.4,171.6,2025-10-18,NA
"3012206","EDMONTON+INTERNATIONAL+CS","06-16","BUI",1999,2026,41.0454545454545,35.3601299188618,136.1,2015-06-16,36,171.6,2025-10-18,NA
"3012206","EDMONTON+INTERNATIONAL+CS","06-17","BUI",1999,2026,41.7318181818182,36.1254610959354,138.4,2015-06-17,28.6,171.6,2025-10-18,NA
"3012206","EDMONTON+INTERNATIONAL+CS","06-18","BUI",1999,2026,40.2090909090909,34.5836034517172,140.7,2015-06-18,27.7,171.6,2025-10-18,NA
"3012206","EDMONTON+INTERNATIONAL+CS","06-19","BUI",1999,2026,38.75,34.2976154939586,143.9,2015-06-19,26.5,171.6,2025-10-18,NA
"3012206","EDMONTON+INTERNATIONAL+CS","06-20","BUI",1999,2026,37.3909090909091,27.1314245688316,112.1,2009-06-20,15.2,171.6,2025-10-18,NA
"3012206","EDMONTON+INTERNATIONAL+CS","06-21","BUI",1999,2026,39.3909090909091,26.9173498499336,114,2009-06-21,6.5,171.6,2025-10-18,NA
"3012206","EDMONTON+INTERNATIONAL+CS","06-22","BUI",1999,2026,38.4272727272727,27.4416295125313,116.2,2009-06-22,2.9,171.6,2025-10-18,NA
"3012206","EDMONTON+INTERNATIONAL+CS","06-23","BUI",1999,2026,38.3909090909091,28.7135426666152,119.8,2009-06-23,6.7,171.6,2025-10-18,NA
"3012206","EDMONTON+INTERNATIONAL+CS","06-24","BUI",1999,2026,40.1,30.6113214350508,123.7,2009-06-24,11.8,171.6,2025-10-18,NA
"3012206","EDMONTON+INTERNATIONAL+CS","06-25","BUI",1999,2026,39.1227272727273,32.2817201969545,127.3,2009-06-25,17.3,171.6,2025-10-18,NA
"3012206","EDMONTON+INTERNATIONAL+CS","06-26","BUI",1999,2026,40.6090909090909,34.1573517024472,130.4,2009-06-26,21.4,171.6,2025-10-18,NA
"3012206","EDMONTON+INTERNATIONAL+CS","06-27","BUI",1999,2026,43.4545454545455,35.0036423584029,133.4,2009-06-27,11.4,171.6,2025-10-18,NA
"3012206","EDMONTON+INTERNATIONAL+CS","06-28","BUI",1999,2026,45.7818181818182,35.5361336745684,136.3,2009-06-28,6,171.6,2025-10-18,NA
"3012206","EDMONTON+INTERNATIONAL+CS","06-29","BUI",1999,2026,45.4409090909091,34.729233727865,138.5,2009-06-29,5.3,171.6,2025-10-18,NA
"3012206","EDMONTON+INTERNATIONAL+CS","06-30","BUI",1999,2026,40.2227272727273,26.1725761931978,104.7,2021-06-30,8.8,171.6,2025-10-18,NA
"3012206","EDMONTON+INTERNATIONAL+CS","07-01","BUI",1999,2026,40.0909090909091,26.2291714933857,110.5,2021-07-01,10,171.6,2025-10-18,NA
"3012206","EDMONTON+INTERNATIONAL+CS","07-02","BUI",1999,2026,39.7090909090909,26.7670534709211,114.5,2021-07-02,7.6,171.6,2025-10-18,NA
"3012206","EDMONTON+INTERNATIONAL+CS","07-03","BUI",1999,2026,39.0454545454545,26.0329777539169,115.3,2002-07-03,10.7,171.6,2025-10-18,NA
"3012206","EDMONTON+INTERNATIONAL+CS","07-04","BUI",1999,2026,39.9681818181818,26.6745712040091,118.4,2002-07-04,13.7,171.6,2025-10-18,NA
"3012206","EDMONTON+INTERNATIONAL+CS","07-05","BUI",1999,2026,38.3,27.1064743627967,121.4,2002-07-05,16.5,171.6,2025-10-18,NA
"3012206","EDMONTON+INTERNATIONAL+CS","07-06","BUI",1999,2026,39.0545454545455,27.2497571378033,125.5,2002-07-06,20.3,171.6,2025-10-18,NA
"3012206","EDMONTON+INTERNATIONAL+CS","07-07","BUI",1999,2026,37.5090909090909,29.144613307582,130.8,2002-07-07,23.8,171.6,2025-10-18,NA
"3012206","EDMONTON+INTERNATIONAL+CS","07-08","BUI",1999,2026,37.8818181818182,30.8287379282883,132.3,2002-07-08,25.7,171.6,2025-10-18,NA
"3012206","EDMONTON+INTERNATIONAL+CS","07-09","BUI",1999,2026,37.4772727272727,32.2040064324772,127,2002-07-09,27.7,171.6,2025-10-18,NA
"3012206","EDMONTON+INTERNATIONAL+CS","07-10","BUI",1999,2026,38.4727272727273,34.3304832171363,131.6,2002-07-10,16.5,171.6,2025-10-18,NA
"3012206","EDMONTON+INTERNATIONAL+CS","07-11","BUI",1999,2026,37.6,33.0872439814155,135.8,2002-07-11,12.8,171.6,2025-10-18,NA
"3012206","EDMONTON+INTERNATIONAL+CS","07-12","BUI",1999,2026,40.9090909090909,33.4839963065643,140.3,2002-07-12,15.7,171.6,2025-10-18,NA
"3012206","EDMONTON+INTERNATIONAL+CS","07-13","BUI",1999,2026,37.5818181818182,29.3782821690354,145,2002-07-13,19.8,171.6,2025-10-18,NA
"3012206","EDMONTON+INTERNATIONAL+CS","07-14","BUI",1999,2026,35.8227272727273,28.2002859124003,137,2002-07-14,23.7,171.6,2025-10-18,NA
"3012206","EDMONTON+INTERNATIONAL+CS","07-15","BUI",1999,2026,35.6,29.4239455448886,141.6,2002-07-15,26.2,171.6,2025-10-18,NA
"3012206","EDMONTON+INTERNATIONAL+CS","07-16","BUI",1999,2026,33.05,29.7361051985789,146.2,2002-07-16,29.1,171.6,2025-10-18,NA
"3012206","EDMONTON+INTERNATIONAL+CS","07-17","BUI",1999,2026,30.8227272727273,30.8149149387757,150.7,2002-07-17,33.3,171.6,2025-10-18,NA
"3012206","EDMONTON+INTERNATIONAL+CS","07-18","BUI",1999,2026,28.2772727272727,30.9462349709049,154,2002-07-18,35.8,171.6,2025-10-18,NA
"3012206","EDMONTON+INTERNATIONAL+CS","07-19","BUI",1999,2026,25.4681818181818,18.5921485313825,103.3,2021-07-19,17.6,171.6,2025-10-18,NA
"3012206","EDMONTON+INTERNATIONAL+CS","07-20","BUI",1999,2026,27.2272727272727,18.4562850778389,104.4,2021-07-20,12.7,171.6,2025-10-18,NA
"3012206","EDMONTON+INTERNATIONAL+CS","07-21","BUI",1999,2026,27.8136363636364,19.2924681936845,105.8,2021-07-21,8.6,171.6,2025-10-18,NA
"3012206","EDMONTON+INTERNATIONAL+CS","07-22","BUI",1999,2026,28.6454545454545,21.5246863208763,99.4,2024-07-22,12.4,171.6,2025-10-18,NA
"3012206","EDMONTON+INTERNATIONAL+CS","07-23","BUI",1999,2026,30.5590909090909,23.387576252013,103.4,2024-07-23,16.3,171.6,2025-10-18,NA
"3012206","EDMONTON+INTERNATIONAL+CS","07-24","BUI",1999,2026,29.0954545454545,24.8916026626829,105.3,2024-07-24,20,171.6,2025-10-18,NA
"3012206","EDMONTON+INTERNATIONAL+CS","07-25","BUI",1999,2026,29.3590909090909,26.7483094097002,105.9,2024-07-25,24.2,171.6,2025-10-18,NA
"3012206","EDMONTON+INTERNATIONAL+CS","07-26","BUI",1999,2026,28.0636363636364,23.0015847374241,86.4,2006-07-26,16.1,171.6,2025-10-18,NA
"3012206","EDMONTON+INTERNATIONAL+CS","07-27","BUI",1999,2026,30.4909090909091,21.471596056871,82.6,2008-07-27,10.7,171.6,2025-10-18,NA
"3012206","EDMONTON+INTERNATIONAL+CS","07-28","BUI",1999,2026,28.0545454545455,15.7112858214884,69.4,2024-07-28,9.1,171.6,2025-10-18,NA
"3012206","EDMONTON+INTERNATIONAL+CS","07-29","BUI",1999,2026,29.8772727272727,16.9818371269952,75.8,2024-07-29,10,171.6,2025-10-18,NA
"3012206","EDMONTON+INTERNATIONAL+CS","07-30","BUI",1999,2026,30.8681818181818,16.6879593423818,71.7,2024-07-30,13.9,171.6,2025-10-18,NA
"3012206","EDMONTON+INTERNATIONAL+CS","07-31","BUI",1999,2026,30.5772727272727,16.9875845929617,77.3,2024-07-31,17.7,171.6,2025-10-18,NA
"3012206","EDMONTON+INTERNATIONAL+CS","08-01","BUI",1999,2026,31.5409090909091,18.5542873774926,81.8,2024-08-01,20.9,171.6,2025-10-18,NA
"3012206","EDMONTON+INTERNATIONAL+CS","08-02","BUI",1999,2026,31.7,18.3092222403798,87.1,2024-08-02,15.5,171.6,2025-10-18,NA
"3012206","EDMONTON+INTERNATIONAL+CS","08-03","BUI",1999,2026,32.1227272727273,19.0187108826115,91.8,2024-08-03,11.7,171.6,2025-10-18,NA
"3012206","EDMONTON+INTERNATIONAL+CS","08-04","BUI",1999,2026,31.6409090909091,19.9490460230417,94.7,2024-08-04,15.1,171.6,2025-10-18,NA
"3012206","EDMONTON+INTERNATIONAL+CS","08-05","BUI",1999,2026,32.4772727272727,21.2800136908786,84.6,2008-08-05,10.5,171.6,2025-10-18,NA
"3012206","EDMONTON+INTERNATIONAL+CS","08-06","BUI",1999,2026,33.5454545454545,21.592320664725,89.8,2008-08-06,12.4,171.6,2025-10-18,NA
"3012206","EDMONTON+INTERNATIONAL+CS","08-07","BUI",1999,2026,34.1772727272727,22.7714092212598,95,2008-08-07,15.6,171.6,2025-10-18,NA
"3012206","EDMONTON+INTERNATIONAL+CS","08-08","BUI",1999,2026,35.8636363636364,24.0543144423208,101.6,2008-08-08,NA,171.6,2025-10-18,NA
"3012206","EDMONTON+INTERNATIONAL+CS","08-09","BUI",1999,2026,37.25,24.9813787792885,106.1,2008-08-09,NA,171.6,2025-10-18,NA
"3012206","EDMONTON+INTERNATIONAL+CS","08-10","BUI",1999,2026,38.5318181818182,23.9239745536054,95.9,2003-08-10,NA,171.6,2025-10-18,NA
"3012206","EDMONTON+INTERNATIONAL+CS","08-11","BUI",1999,2026,38.1863636363636,22.2782895696053,97.7,2003-08-11,NA,171.6,2025-10-18,NA
"3012206","EDMONTON+INTERNATIONAL+CS","08-12","BUI",1999,2026,33.85,20.8494318753248,99.8,2003-08-12,NA,171.6,2025-10-18,NA
"3012206","EDMONTON+INTERNATIONAL+CS","08-13","BUI",1999,2026,35.3454545454545,21.7612965140873,104.8,2003-08-13,NA,171.6,2025-10-18,NA
"3012206","EDMONTON+INTERNATIONAL+CS","08-14","BUI",1999,2026,36.5409090909091,22.1325155992997,110.1,2003-08-14,NA,171.6,2025-10-18,NA
"3012206","EDMONTON+INTERNATIONAL+CS","08-15","BUI",1999,2026,37.1636363636364,24.106895781963,116.1,2003-08-15,NA,171.6,2025-10-18,NA
"3012206","EDMONTON+INTERNATIONAL+CS","08-16","BUI",1999,2026,39.1681818181818,24.6662944572362,116.9,2003-08-16,NA,171.6,2025-10-18,NA
"3012206","EDMONTON+INTERNATIONAL+CS","08-17","BUI",1999,2026,42.2136363636364,25.2808471726371,121.2,2003-08-17,NA,171.6,2025-10-18,NA
"3012206","EDMONTON+INTERNATIONAL+CS","08-18","BUI",1999,2026,44.9863636363636,26.3547103489254,126.2,2003-08-18,NA,171.6,2025-10-18,NA
"3012206","EDMONTON+INTERNATIONAL+CS","08-19","BUI",1999,2026,44.7681818181818,27.0525130663209,129.8,2003-08-19,NA,171.6,2025-10-18,NA
"3012206","EDMONTON+INTERNATIONAL+CS","08-20","BUI",1999,2026,44.7454545454545,22.9630288211441,106.1,2003-08-20,NA,171.6,2025-10-18,NA
"3012206","EDMONTON+INTERNATIONAL+CS","08-21","BUI",1999,2026,43.7772727272727,23.6399567282293,109.3,2003-08-21,NA,171.6,2025-10-18,NA
"3012206","EDMONTON+INTERNATIONAL+CS","08-22","BUI",1999,2026,41.8818181818182,25.2649133019657,111.5,2003-08-22,NA,171.6,2025-10-18,NA
"3012206","EDMONTON+INTERNATIONAL+CS","08-23","BUI",1999,2026,42.5318181818182,26.1413991384882,113,2003-08-23,NA,171.6,2025-10-18,NA
"3012206","EDMONTON+INTERNATIONAL+CS","08-24","BUI",1999,2026,39.8666666666667,22.9397762267493,95.6,2008-08-24,NA,171.6,2025-10-18,NA
"3012206","EDMONTON+INTERNATIONAL+CS","08-25","BUI",1999,2026,40.5857142857143,23.9983183934684,98.7,2008-08-25,NA,171.6,2025-10-18,NA
"3012206","EDMONTON+INTERNATIONAL+CS","08-26","BUI",1999,2026,44.1454545454545,26.6628103272227,123.8,2003-08-26,NA,171.6,2025-10-18,NA
"3012206","EDMONTON+INTERNATIONAL+CS","08-27","BUI",1999,2026,44.1681818181818,24.9945400964298,106.7,2003-08-27,NA,171.6,2025-10-18,NA
"3012206","EDMONTON+INTERNATIONAL+CS","08-28","BUI",1999,2026,43.0545454545454,19.398815066236,84.7,2009-08-28,NA,171.6,2025-10-18,NA
"3012206","EDMONTON+INTERNATIONAL+CS","08-29","BUI",1999,2026,44.8227272727273,19.8248985301716,89.6,2009-08-29,NA,171.6,2025-10-18,NA
"3012206","EDMONTON+INTERNATIONAL+CS","08-30","BUI",1999,2026,43.0428571428571,21.039167555504,94.6,2009-08-30,NA,171.6,2025-10-18,NA
"3012206","EDMONTON+INTERNATIONAL+CS","08-31","BUI",1999,2026,42.8909090909091,22.8817437957468,99.1,2009-08-31,NA,171.6,2025-10-18,NA
"3012206","EDMONTON+INTERNATIONAL+CS","09-01","BUI",1999,2026,42.2095238095238,24.1068435254785,102.4,2009-09-01,NA,171.6,2025-10-18,NA
"3012206","EDMONTON+INTERNATIONAL+CS","09-02","BUI",1999,2026,39.3142857142857,21.6444978161723,75.8,2009-09-02,NA,171.6,2025-10-18,NA
"3012206","EDMONTON+INTERNATIONAL+CS","09-03","BUI",1999,2026,39.2285714285714,21.9254907096088,72.1,2008-09-03,NA,171.6,2025-10-18,NA
"3012206","EDMONTON+INTERNATIONAL+CS","09-04","BUI",1999,2026,38.1380952380952,20.7213290160278,73.6,2014-09-04,NA,171.6,2025-10-18,NA
"3012206","EDMONTON+INTERNATIONAL+CS","09-05","BUI",1999,2026,40.5761904761905,21.0273846391296,77.2,2014-09-05,NA,171.6,2025-10-18,NA
"3012206","EDMONTON+INTERNATIONAL+CS","09-06","BUI",1999,2026,40.2,20.6323532346652,81.3,2014-09-06,NA,171.6,2025-10-18,NA
"3012206","EDMONTON+INTERNATIONAL+CS","09-07","BUI",1999,2026,41.4,20.9645653425011,82.1,2014-09-07,NA,171.6,2025-10-18,NA
"3012206","EDMONTON+INTERNATIONAL+CS","09-08","BUI",1999,2026,39.8142857142857,19.9025698268913,80.4,2011-09-08,NA,171.6,2025-10-18,NA
"3012206","EDMONTON+INTERNATIONAL+CS","09-09","BUI",1999,2026,40.7428571428571,21.0278285000751,83.7,2011-09-09,NA,171.6,2025-10-18,NA
"3012206","EDMONTON+INTERNATIONAL+CS","09-10","BUI",1999,2026,40.6047619047619,22.7374025823196,86.6,2011-09-10,NA,171.6,2025-10-18,NA
"3012206","EDMONTON+INTERNATIONAL+CS","09-11","BUI",1999,2026,42.3904761904762,23.0724490412679,87.3,2011-09-11,NA,171.6,2025-10-18,NA
"3012206","EDMONTON+INTERNATIONAL+CS","09-12","BUI",1999,2026,43.152380952381,24.0280381855785,88.9,2011-09-12,NA,171.6,2025-10-18,NA
"3012206","EDMONTON+INTERNATIONAL+CS","09-13","BUI",1999,2026,40.7952380952381,22.3017819061723,89.8,2011-09-13,NA,171.6,2025-10-18,NA
"3012206","EDMONTON+INTERNATIONAL+CS","09-14","BUI",1999,2026,42.695,23.1290538409799,91.7,2011-09-14,NA,171.6,2025-10-18,NA
"3012206","EDMONTON+INTERNATIONAL+CS","09-15","BUI",1999,2026,45.2315789473684,25.1875862861842,93.4,2011-09-15,NA,171.6,2025-10-18,NA
"3012206","EDMONTON+INTERNATIONAL+CS","09-16","BUI",1999,2026,44.295,26.742622691521,87.2,2002-09-16,NA,171.6,2025-10-18,NA
"3012206","EDMONTON+INTERNATIONAL+CS","09-17","BUI",1999,2026,45.26,27.7645059288597,89.7,2002-09-17,NA,171.6,2025-10-18,NA
"3012206","EDMONTON+INTERNATIONAL+CS","09-18","BUI",1999,2026,44.3285714285714,29.2674246023996,92.9,2002-09-18,NA,171.6,2025-10-18,NA
"3012206","EDMONTON+INTERNATIONAL+CS","09-19","BUI",1999,2026,43.5142857142857,29.3673506757808,95.4,2009-09-19,NA,171.6,2025-10-18,NA
"3012206","EDMONTON+INTERNATIONAL+CS","09-20","BUI",1999,2026,42.9619047619048,30.7964685668743,97.5,2009-09-20,NA,171.6,2025-10-18,NA
"3012206","EDMONTON+INTERNATIONAL+CS","09-21","BUI",1999,2026,43.7818181818182,31.5632643064632,100.9,2009-09-21,NA,171.6,2025-10-18,NA
"3012206","EDMONTON+INTERNATIONAL+CS","09-22","BUI",1999,2026,46.1857142857143,31.4487565050557,105.2,2009-09-22,NA,171.6,2025-10-18,NA
"3012206","EDMONTON+INTERNATIONAL+CS","09-23","BUI",1999,2026,47.5476190476191,32.3946850431922,110.6,2009-09-23,NA,171.6,2025-10-18,NA
"3012206","EDMONTON+INTERNATIONAL+CS","09-24","BUI",1999,2026,48.4428571428571,33.3584707597421,114.1,2009-09-24,NA,171.6,2025-10-18,NA
"3012206","EDMONTON+INTERNATIONAL+CS","09-25","BUI",1999,2026,49.7863636363636,32.6259653453904,117.3,2009-09-25,NA,171.6,2025-10-18,NA
"3012206","EDMONTON+INTERNATIONAL+CS","09-26","BUI",1999,2026,50.4272727272727,32.011235852107,119.7,2009-09-26,NA,171.6,2025-10-18,NA
"3012206","EDMONTON+INTERNATIONAL+CS","09-27","BUI",1999,2026,51.5954545454546,32.2074743953388,121.8,2009-09-27,NA,171.6,2025-10-18,NA
"3012206","EDMONTON+INTERNATIONAL+CS","09-28","BUI",1999,2026,53.4523809523809,33.6592575534223,123.6,2009-09-28,NA,171.6,2025-10-18,NA
"3012206","EDMONTON+INTERNATIONAL+CS","09-29","BUI",1999,2026,55.2952380952381,33.1909396701943,124.3,2009-09-29,NA,171.6,2025-10-18,NA
"3012206","EDMONTON+INTERNATIONAL+CS","09-30","BUI",1999,2026,56.28,30.6379984230109,125.6,2009-09-30,NA,171.6,2025-10-18,NA
"3012206","EDMONTON+INTERNATIONAL+CS","10-01","BUI",1999,2026,55.152380952381,31.4027485906508,127.1,2009-10-01,NA,171.6,2025-10-18,NA
"3012206","EDMONTON+INTERNATIONAL+CS","10-02","BUI",1999,2026,47.6157894736842,30.0246058935722,128.9,2009-10-02,NA,171.6,2025-10-18,NA
"3012206","EDMONTON+INTERNATIONAL+CS","10-03","BUI",1999,2026,52.1238095238095,33.1312526892948,129.2,2009-10-03,NA,171.6,2025-10-18,NA
"3012206","EDMONTON+INTERNATIONAL+CS","10-04","BUI",1999,2026,51.68,32.4444724024553,115.5,2009-10-04,NA,171.6,2025-10-18,NA
"3012206","EDMONTON+INTERNATIONAL+CS","10-05","BUI",1999,2026,48.1761904761905,30.3713829906033,107.2,2009-10-05,NA,171.6,2025-10-18,NA
"3012206","EDMONTON+INTERNATIONAL+CS","10-06","BUI",1999,2026,48.3136363636364,30.4051576992887,108.9,2009-10-06,NA,171.6,2025-10-18,NA
"3012206","EDMONTON+INTERNATIONAL+CS","10-07","BUI",1999,2026,48.4636363636364,28.5591540733489,100.3,2011-10-07,NA,171.6,2025-10-18,NA
"3012206","EDMONTON+INTERNATIONAL+CS","10-08","BUI",1999,2026,49.7047619047619,28.1690162446344,101.8,2011-10-08,NA,171.6,2025-10-18,NA
"3012206","EDMONTON+INTERNATIONAL+CS","10-09","BUI",1999,2026,48.465,26.1332471243655,97.4,2020-10-09,NA,171.6,2025-10-18,NA
"3012206","EDMONTON+INTERNATIONAL+CS","10-10","BUI",1999,2026,49.0411764705882,25.9687807478405,98.2,2020-10-10,NA,171.6,2025-10-18,NA
"3012206","EDMONTON+INTERNATIONAL+CS","10-11","BUI",1999,2026,46.99,26.4337483651407,96.8,2022-10-11,NA,171.6,2025-10-18,NA
"3012206","EDMONTON+INTERNATIONAL+CS","10-12","BUI",1999,2026,47.7263157894737,28.21386267039,98.3,2022-10-12,NA,171.6,2025-10-18,NA
"3012206","EDMONTON+INTERNATIONAL+CS","10-13","BUI",1999,2026,47.07,28.6397239769116,100.2,2022-10-13,NA,171.6,2025-10-18,NA
"3012206","EDMONTON+INTERNATIONAL+CS","10-14","BUI",1999,2026,47.805,28.2359508614927,102.2,2022-10-14,NA,171.6,2025-10-18,NA
"3012206","EDMONTON+INTERNATIONAL+CS","10-15","BUI",1999,2026,46.4473684210526,27.8508202237295,103.2,2022-10-15,NA,171.6,2025-10-18,NA
"3012206","EDMONTON+INTERNATIONAL+CS","10-16","BUI",1999,2026,42.5611111111111,26.6282057200496,104.7,2022-10-16,NA,171.6,2025-10-18,NA
"3012206","EDMONTON+INTERNATIONAL+CS","10-17","BUI",1999,2026,44.9705882352941,26.5770992751721,106.5,2022-10-17,NA,171.6,2025-10-18,NA
"3012206","EDMONTON+INTERNATIONAL+CS","10-18","BUI",1999,2026,46.6625,27.9592292454567,171.6,2025-10-18,NA,171.6,2025-10-18,NA
"3012206","EDMONTON+INTERNATIONAL+CS","10-19","BUI",1999,2026,44.7941176470588,29.8055882048198,111.4,2022-10-19,NA,171.6,2025-10-18,NA
"3012206","EDMONTON+INTERNATIONAL+CS","10-20","BUI",1999,2026,45.33125,31.2411847566638,112.5,2022-10-20,NA,171.6,2025-10-18,NA
"3012206","EDMONTON+INTERNATIONAL+CS","10-21","BUI",1999,2026,45.725,31.7677299577207,113.2,2022-10-21,NA,171.6,2025-10-18,NA
"3012206","EDMONTON+INTERNATIONAL+CS","10-22","BUI",1999,2026,42.76,32.1323557448608,113.4,2022-10-22,NA,171.6,2025-10-18,NA
"3012206","EDMONTON+INTERNATIONAL+CS","10-23","BUI",1999,2026,42.1666666666667,31.5931201069986,113.7,2022-10-23,NA,171.6,2025-10-18,NA
"3012206","EDMONTON+INTERNATIONAL+CS","10-24","BUI",1999,2026,42.72,32.0739591747395,95.8,1999-10-24,NA,171.6,2025-10-18,NA
"3012206","EDMONTON+INTERNATIONAL+CS","10-25","BUI",1999,2026,42.1714285714286,33.6039244175994,114.4,2022-10-25,NA,171.6,2025-10-18,NA
"3012206","EDMONTON+INTERNATIONAL+CS","10-26","BUI",1999,2026,42.7142857142857,33.8275685736412,114.9,2022-10-26,NA,171.6,2025-10-18,NA
"3012206","EDMONTON+INTERNATIONAL+CS","10-27","BUI",1999,2026,42.0214285714286,32.7538413148614,116.6,2022-10-27,NA,171.6,2025-10-18,NA
"3012206","EDMONTON+INTERNATIONAL+CS","10-28","BUI",1999,2026,43.1666666666667,34.1102845949944,117.4,2022-10-28,NA,171.6,2025-10-18,NA
"3012206","EDMONTON+INTERNATIONAL+CS","10-29","BUI",1999,2026,44.09,34.398334908022,118.4,2022-10-29,NA,171.6,2025-10-18,NA
"3012206","EDMONTON+INTERNATIONAL+CS","10-30","BUI",1999,2026,46.6363636363636,33.6095305747424,120,2022-10-30,NA,171.6,2025-10-18,NA
"3012206","EDMONTON+INTERNATIONAL+CS","10-31","BUI",1999,2026,39.675,29.594106446447,120.5,2022-10-31,NA,171.6,2025-10-18,NA
"3012206","EDMONTON+INTERNATIONAL+CS","04-01","DC",1999,2026,118.6,113.985613127271,374.7,2021-04-01,NA,736.7,2008-08-25,NA
"3012206","EDMONTON+INTERNATIONAL+CS","04-02","DC",1999,2026,113.7,103.661854121948,376.6,2021-04-02,NA,736.7,2008-08-25,NA
"3012206","EDMONTON+INTERNATIONAL+CS","04-03","DC",1999,2026,220.866666666667,194.569122250509,429.1,2008-04-03,NA,736.7,2008-08-25,NA
"3012206","EDMONTON+INTERNATIONAL+CS","04-04","DC",1999,2026,222.533333333333,193.26992350941,429.1,2008-04-04,NA,736.7,2008-08-25,NA
"3012206","EDMONTON+INTERNATIONAL+CS","04-05","DC",1999,2026,221.133333333333,188.124674972034,420.8,2008-04-05,NA,736.7,2008-08-25,NA
"3012206","EDMONTON+INTERNATIONAL+CS","04-06","DC",1999,2026,222.966666666667,187.759269633574,421.8,2008-04-06,NA,736.7,2008-08-25,NA
"3012206","EDMONTON+INTERNATIONAL+CS","04-07","DC",1999,2026,174.75,182.970680711419,422.8,2008-04-07,NA,736.7,2008-08-25,NA
"3012206","EDMONTON+INTERNATIONAL+CS","04-08","DC",1999,2026,143.86,174.275164610452,423.7,2008-04-08,NA,736.7,2008-08-25,NA
"3012206","EDMONTON+INTERNATIONAL+CS","04-09","DC",1999,2026,156.75,159.18990859976,424.9,2008-04-09,NA,736.7,2008-08-25,NA
"3012206","EDMONTON+INTERNATIONAL+CS","04-10","DC",1999,2026,138.357142857143,154.552308913443,427,2008-04-10,NA,736.7,2008-08-25,NA
"3012206","EDMONTON+INTERNATIONAL+CS","04-11","DC",1999,2026,140.614285714286,154.599217641093,429.5,2008-04-11,NA,736.7,2008-08-25,NA
"3012206","EDMONTON+INTERNATIONAL+CS","04-12","DC",1999,2026,142.914285714286,154.847973063598,433.2,2008-04-12,NA,736.7,2008-08-25,NA
"3012206","EDMONTON+INTERNATIONAL+CS","04-13","DC",1999,2026,141.4,158.113050273109,437.7,2008-04-13,NA,736.7,2008-08-25,NA
"3012206","EDMONTON+INTERNATIONAL+CS","04-14","DC",1999,2026,140.242857142857,160.941923864302,439.1,2008-04-14,NA,736.7,2008-08-25,NA
"3012206","EDMONTON+INTERNATIONAL+CS","04-15","DC",1999,2026,138.485714285714,159.229765104512,441.2,2008-04-15,NA,736.7,2008-08-25,NA
"3012206","EDMONTON+INTERNATIONAL+CS","04-16","DC",1999,2026,162.4,159.186646963332,443.5,2008-04-16,NA,736.7,2008-08-25,NA
"3012206","EDMONTON+INTERNATIONAL+CS","04-17","DC",1999,2026,161.67,142.337307126417,447.2,2008-04-17,NA,736.7,2008-08-25,NA
"3012206","EDMONTON+INTERNATIONAL+CS","04-18","DC",1999,2026,160.79,141.678904961575,447.6,2008-04-18,NA,736.7,2008-08-25,NA
"3012206","EDMONTON+INTERNATIONAL+CS","04-19","DC",1999,2026,179.781818181818,143.849267069261,448.1,2008-04-19,NA,736.7,2008-08-25,NA
"3012206","EDMONTON+INTERNATIONAL+CS","04-20","DC",1999,2026,173.615384615385,137.18443088384,425.7,2008-04-20,NA,736.7,2008-08-25,NA
"3012206","EDMONTON+INTERNATIONAL+CS","04-21","DC",1999,2026,184.75625,125.557811219905,426.1,2008-04-21,294.9,736.7,2008-08-25,NA
"3012206","EDMONTON+INTERNATIONAL+CS","04-22","DC",1999,2026,187.625,125.168321338375,426.6,2008-04-22,296.8,736.7,2008-08-25,NA
"3012206","EDMONTON+INTERNATIONAL+CS","04-23","DC",1999,2026,183.122222222222,120.723493281405,427.4,2008-04-23,298,736.7,2008-08-25,NA
"3012206","EDMONTON+INTERNATIONAL+CS","04-24","DC",1999,2026,196.278947368421,127.284827493074,428,2008-04-24,298.2,736.7,2008-08-25,NA
"3012206","EDMONTON+INTERNATIONAL+CS","04-25","DC",1999,2026,185.561111111111,118.343583234624,408.7,2023-04-25,298.6,736.7,2008-08-25,NA
"3012206","EDMONTON+INTERNATIONAL+CS","04-26","DC",1999,2026,188.5,118.655527126414,411.8,2023-04-26,299.1,736.7,2008-08-25,NA
"3012206","EDMONTON+INTERNATIONAL+CS","04-27","DC",1999,2026,201.052631578947,132.399854684466,447.6,2008-04-27,300.7,736.7,2008-08-25,NA
"3012206","EDMONTON+INTERNATIONAL+CS","04-28","DC",1999,2026,198.084210526316,126.197020845087,418.6,2023-04-28,303.1,736.7,2008-08-25,NA
"3012206","EDMONTON+INTERNATIONAL+CS","04-29","DC",1999,2026,198.142105263158,126.812768003285,422.8,2023-04-29,306.8,736.7,2008-08-25,NA
"3012206","EDMONTON+INTERNATIONAL+CS","04-30","DC",1999,2026,207.055,129.43269527157,432.5,2004-04-30,311.3,736.7,2008-08-25,NA
"3012206","EDMONTON+INTERNATIONAL+CS","05-01","DC",1999,2026,210.89,133.013540664099,434.4,2023-05-01,316.7,736.7,2008-08-25,NA
"3012206","EDMONTON+INTERNATIONAL+CS","05-02","DC",1999,2026,213.465,134.235379582206,440.9,2023-05-02,322.4,736.7,2008-08-25,NA
"3012206","EDMONTON+INTERNATIONAL+CS","05-03","DC",1999,2026,215.321052631579,137.520849243335,448.1,2023-05-03,328.1,736.7,2008-08-25,NA
"3012206","EDMONTON+INTERNATIONAL+CS","05-04","DC",1999,2026,207.352631578947,138.190160320324,455.8,2023-05-04,332.3,736.7,2008-08-25,NA
"3012206","EDMONTON+INTERNATIONAL+CS","05-05","DC",1999,2026,208.431578947368,140.049650134957,462.5,2023-05-05,336.1,736.7,2008-08-25,NA
"3012206","EDMONTON+INTERNATIONAL+CS","05-06","DC",1999,2026,209.357894736842,137.365422285836,467.9,2023-05-06,341.4,736.7,2008-08-25,NA
"3012206","EDMONTON+INTERNATIONAL+CS","05-07","DC",1999,2026,212.910526315789,136.162165958817,472.4,2023-05-07,347.4,736.7,2008-08-25,NA
"3012206","EDMONTON+INTERNATIONAL+CS","05-08","DC",1999,2026,216.31052631579,134.990785260562,477.8,2023-05-08,353,736.7,2008-08-25,NA
"3012206","EDMONTON+INTERNATIONAL+CS","05-09","DC",1999,2026,219.963157894737,133.458300647415,483.1,2023-05-09,358.3,736.7,2008-08-25,NA
"3012206","EDMONTON+INTERNATIONAL+CS","05-10","DC",1999,2026,224.135,130.065951995213,488.7,2023-05-10,364.5,736.7,2008-08-25,NA
"3012206","EDMONTON+INTERNATIONAL+CS","05-11","DC",1999,2026,226.342857142857,126.136119218202,473.6,2004-05-11,370,736.7,2008-08-25,NA
"3012206","EDMONTON+INTERNATIONAL+CS","05-12","DC",1999,2026,230.304761904762,125.705308066885,476.8,2004-05-12,375.7,736.7,2008-08-25,NA
"3012206","EDMONTON+INTERNATIONAL+CS","05-13","DC",1999,2026,235.1,125.288770446517,480.2,2004-05-13,381.6,736.7,2008-08-25,NA
"3012206","EDMONTON+INTERNATIONAL+CS","05-14","DC",1999,2026,239,127.180780780745,484.8,2004-05-14,379.7,736.7,2008-08-25,NA
"3012206","EDMONTON+INTERNATIONAL+CS","05-15","DC",1999,2026,240.980952380952,129.656128351296,491.5,2023-05-15,384.7,736.7,2008-08-25,NA
"3012206","EDMONTON+INTERNATIONAL+CS","05-16","DC",1999,2026,245.666666666667,129.848224220947,497.3,2023-05-16,387.8,736.7,2008-08-25,NA
"3012206","EDMONTON+INTERNATIONAL+CS","05-17","DC",1999,2026,246.07619047619,130.99215970722,503.1,2023-05-17,392.1,736.7,2008-08-25,NA
"3012206","EDMONTON+INTERNATIONAL+CS","05-18","DC",1999,2026,250.547619047619,132.444821035206,508.3,2023-05-18,397.1,736.7,2008-08-25,NA
"3012206","EDMONTON+INTERNATIONAL+CS","05-19","DC",1999,2026,244.327272727273,140.010785917229,515.3,2023-05-19,402.5,736.7,2008-08-25,NA
"3012206","EDMONTON+INTERNATIONAL+CS","05-20","DC",1999,2026,242.618181818182,135.873753155408,521.2,2023-05-20,407.1,736.7,2008-08-25,NA
"3012206","EDMONTON+INTERNATIONAL+CS","05-21","DC",1999,2026,237.709090909091,132.438362695331,527.7,2023-05-21,412.9,736.7,2008-08-25,NA
"3012206","EDMONTON+INTERNATIONAL+CS","05-22","DC",1999,2026,234.304545454545,133.283376869674,533.5,2023-05-22,419.1,736.7,2008-08-25,NA
"3012206","EDMONTON+INTERNATIONAL+CS","05-23","DC",1999,2026,235.231818181818,133.103942148925,538.9,2023-05-23,425.6,736.7,2008-08-25,NA
"3012206","EDMONTON+INTERNATIONAL+CS","05-24","DC",1999,2026,235.509090909091,134.489386761615,544.5,2023-05-24,430.9,736.7,2008-08-25,NA
"3012206","EDMONTON+INTERNATIONAL+CS","05-25","DC",1999,2026,234.3,129.804475673075,549.9,2023-05-25,437.9,736.7,2008-08-25,NA
"3012206","EDMONTON+INTERNATIONAL+CS","05-26","DC",1999,2026,237.168181818182,128.62093951706,555.9,2023-05-26,444,736.7,2008-08-25,NA
"3012206","EDMONTON+INTERNATIONAL+CS","05-27","DC",1999,2026,241.163636363636,128.826984549247,562.7,2023-05-27,450.8,736.7,2008-08-25,NA
"3012206","EDMONTON+INTERNATIONAL+CS","05-28","DC",1999,2026,244.363636363636,129.109877699115,569.6,2023-05-28,458,736.7,2008-08-25,NA
"3012206","EDMONTON+INTERNATIONAL+CS","05-29","DC",1999,2026,245.345454545455,123.123030715787,576.6,2023-05-29,465.6,736.7,2008-08-25,NA
"3012206","EDMONTON+INTERNATIONAL+CS","05-30","DC",1999,2026,242.154545454545,116.141706250321,583.2,2023-05-30,471.5,736.7,2008-08-25,NA
"3012206","EDMONTON+INTERNATIONAL+CS","05-31","DC",1999,2026,245.527272727273,113.379687362832,589.3,2023-05-31,442.8,736.7,2008-08-25,NA
"3012206","EDMONTON+INTERNATIONAL+CS","06-01","DC",1999,2026,250.640909090909,114.053820457883,579.9,2023-06-01,314.3,736.7,2008-08-25,NA
"3012206","EDMONTON+INTERNATIONAL+CS","06-02","DC",1999,2026,257.059090909091,114.651217089426,587,2023-06-02,197.2,736.7,2008-08-25,NA
"3012206","EDMONTON+INTERNATIONAL+CS","06-03","DC",1999,2026,260.845454545455,114.911422314559,594.4,2023-06-03,202.6,736.7,2008-08-25,NA
"3012206","EDMONTON+INTERNATIONAL+CS","06-04","DC",1999,2026,262.572727272727,108.430096778735,602.3,2023-06-04,208.7,736.7,2008-08-25,NA
"3012206","EDMONTON+INTERNATIONAL+CS","06-05","DC",1999,2026,265.127272727273,108.472889664689,608.9,2023-06-05,215.5,736.7,2008-08-25,NA
"3012206","EDMONTON+INTERNATIONAL+CS","06-06","DC",1999,2026,270.709090909091,108.611596807334,615.9,2023-06-06,214,736.7,2008-08-25,NA
"3012206","EDMONTON+INTERNATIONAL+CS","06-07","DC",1999,2026,269.413636363636,109.53143621573,623.9,2023-06-07,219.7,736.7,2008-08-25,NA
"3012206","EDMONTON+INTERNATIONAL+CS","06-08","DC",1999,2026,269.377272727273,107.470092990775,632.4,2023-06-08,226.1,736.7,2008-08-25,NA
"3012206","EDMONTON+INTERNATIONAL+CS","06-09","DC",1999,2026,268.890909090909,106.503538546584,640.9,2023-06-09,233.2,736.7,2008-08-25,NA
"3012206","EDMONTON+INTERNATIONAL+CS","06-10","DC",1999,2026,269.345454545455,113.020995635968,649.1,2023-06-10,239.6,736.7,2008-08-25,NA
"3012206","EDMONTON+INTERNATIONAL+CS","06-11","DC",1999,2026,266.772727272727,115.186644322608,656.8,2023-06-11,245.7,736.7,2008-08-25,NA
"3012206","EDMONTON+INTERNATIONAL+CS","06-12","DC",1999,2026,270.445454545455,114.237474992406,665,2023-06-12,251.2,736.7,2008-08-25,NA
"3012206","EDMONTON+INTERNATIONAL+CS","06-13","DC",1999,2026,275.609090909091,112.321413423354,656.1,2023-06-13,257.8,736.7,2008-08-25,NA
"3012206","EDMONTON+INTERNATIONAL+CS","06-14","DC",1999,2026,279.318181818182,112.216557798552,661.7,2023-06-14,265.4,736.7,2008-08-25,NA
"3012206","EDMONTON+INTERNATIONAL+CS","06-15","DC",1999,2026,281.068181818182,112.309573803685,467.8,2005-06-15,273.1,736.7,2008-08-25,NA
"3012206","EDMONTON+INTERNATIONAL+CS","06-16","DC",1999,2026,281.622727272727,111.029150748879,474.8,2005-06-16,269.7,736.7,2008-08-25,NA
"3012206","EDMONTON+INTERNATIONAL+CS","06-17","DC",1999,2026,283.772727272727,108.605560595247,481.3,2005-06-17,269,736.7,2008-08-25,NA
"3012206","EDMONTON+INTERNATIONAL+CS","06-18","DC",1999,2026,279.527272727273,102.998891264574,457.4,2025-06-18,275.1,736.7,2008-08-25,NA
"3012206","EDMONTON+INTERNATIONAL+CS","06-19","DC",1999,2026,280.381818181818,100.960372406884,449.8,2004-06-19,281.8,736.7,2008-08-25,NA
"3012206","EDMONTON+INTERNATIONAL+CS","06-20","DC",1999,2026,279.704545454545,102.158073019791,456.2,2004-06-20,266.8,736.7,2008-08-25,NA
"3012206","EDMONTON+INTERNATIONAL+CS","06-21","DC",1999,2026,285.204545454545,102.917259773603,463.8,2004-06-21,140,736.7,2008-08-25,NA
"3012206","EDMONTON+INTERNATIONAL+CS","06-22","DC",1999,2026,288.159090909091,101.51488588516,470.5,2004-06-22,106,736.7,2008-08-25,NA
"3012206","EDMONTON+INTERNATIONAL+CS","06-23","DC",1999,2026,289.054545454545,99.9034282612713,476.1,2004-06-23,112.8,736.7,2008-08-25,NA
"3012206","EDMONTON+INTERNATIONAL+CS","06-24","DC",1999,2026,292.845454545455,102.659111011118,483,2004-06-24,120.2,736.7,2008-08-25,NA
"3012206","EDMONTON+INTERNATIONAL+CS","06-25","DC",1999,2026,293.75,104.405827925274,490.3,2004-06-25,127.8,736.7,2008-08-25,NA
"3012206","EDMONTON+INTERNATIONAL+CS","06-26","DC",1999,2026,296.245454545455,103.746475452572,497.3,2004-06-26,135.3,736.7,2008-08-25,NA
"3012206","EDMONTON+INTERNATIONAL+CS","06-27","DC",1999,2026,302.804545454545,104.52755151621,504.9,2004-06-27,97.3,736.7,2008-08-25,NA
"3012206","EDMONTON+INTERNATIONAL+CS","06-28","DC",1999,2026,308.104545454546,105.855204237058,512.8,2004-06-28,81.1,736.7,2008-08-25,NA
"3012206","EDMONTON+INTERNATIONAL+CS","06-29","DC",1999,2026,311.904545454545,107.360108212957,520.5,2004-06-29,74.7,736.7,2008-08-25,NA
"3012206","EDMONTON+INTERNATIONAL+CS","06-30","DC",1999,2026,308.340909090909,108.17259427191,528.2,2004-06-30,81.7,736.7,2008-08-25,NA
"3012206","EDMONTON+INTERNATIONAL+CS","07-01","DC",1999,2026,309.486363636364,113.60076414672,535.8,2004-07-01,88.4,736.7,2008-08-25,NA
"3012206","EDMONTON+INTERNATIONAL+CS","07-02","DC",1999,2026,311.495454545455,116.673212648763,543.4,2004-07-02,56.8,736.7,2008-08-25,NA
"3012206","EDMONTON+INTERNATIONAL+CS","07-03","DC",1999,2026,309.272727272727,111.025201694279,479.8,2008-07-03,64,736.7,2008-08-25,NA
"3012206","EDMONTON+INTERNATIONAL+CS","07-04","DC",1999,2026,314.031818181818,113.585325118393,488.1,2008-07-04,71.1,736.7,2008-08-25,NA
"3012206","EDMONTON+INTERNATIONAL+CS","07-05","DC",1999,2026,313.85,110.826070295499,487.7,2008-07-05,78.1,736.7,2008-08-25,NA
"3012206","EDMONTON+INTERNATIONAL+CS","07-06","DC",1999,2026,317.895454545455,108.974909638577,491.3,2001-07-06,85.7,736.7,2008-08-25,NA
"3012206","EDMONTON+INTERNATIONAL+CS","07-07","DC",1999,2026,316.731818181818,112.427976463934,499.2,2001-07-07,93.8,736.7,2008-08-25,NA
"3012206","EDMONTON+INTERNATIONAL+CS","07-08","DC",1999,2026,317.863636363636,116.873165054929,506.9,2001-07-08,101.3,736.7,2008-08-25,NA
"3012206","EDMONTON+INTERNATIONAL+CS","07-09","DC",1999,2026,314.327272727273,119.384178507548,515.1,2001-07-09,108,736.7,2008-08-25,NA
"3012206","EDMONTON+INTERNATIONAL+CS","07-10","DC",1999,2026,315.090909090909,123.692910483569,523.9,2001-07-10,85.7,736.7,2008-08-25,NA
"3012206","EDMONTON+INTERNATIONAL+CS","07-11","DC",1999,2026,317,125.324622290997,531,2001-07-11,86.2,736.7,2008-08-25,NA
"3012206","EDMONTON+INTERNATIONAL+CS","07-12","DC",1999,2026,324.131818181818,125.979070016615,538.8,2001-07-12,93.7,736.7,2008-08-25,NA
"3012206","EDMONTON+INTERNATIONAL+CS","07-13","DC",1999,2026,316.913636363636,120.247341502954,527.7,2002-07-13,101,736.7,2008-08-25,NA
"3012206","EDMONTON+INTERNATIONAL+CS","07-14","DC",1999,2026,317.195454545455,126.739400711226,535.5,2002-07-14,109,736.7,2008-08-25,NA
"3012206","EDMONTON+INTERNATIONAL+CS","07-15","DC",1999,2026,315.65,131.061544067409,543.5,2002-07-15,116.8,736.7,2008-08-25,NA
"3012206","EDMONTON+INTERNATIONAL+CS","07-16","DC",1999,2026,312.695454545455,133.311755910982,551.7,2002-07-16,124.7,736.7,2008-08-25,NA
"3012206","EDMONTON+INTERNATIONAL+CS","07-17","DC",1999,2026,304.045454545455,132.329745881346,560.4,2002-07-17,133.6,736.7,2008-08-25,NA
"3012206","EDMONTON+INTERNATIONAL+CS","07-18","DC",1999,2026,299.9,135.838633259152,568.5,2002-07-18,142,736.7,2008-08-25,NA
"3012206","EDMONTON+INTERNATIONAL+CS","07-19","DC",1999,2026,296.522727272727,128.55737622822,552.7,2008-07-19,101.6,736.7,2008-08-25,NA
"3012206","EDMONTON+INTERNATIONAL+CS","07-20","DC",1999,2026,298.986363636364,131.165995504259,561.2,2008-07-20,101.7,736.7,2008-08-25,NA
"3012206","EDMONTON+INTERNATIONAL+CS","07-21","DC",1999,2026,300.75,133.856709990661,569.6,2008-07-21,100.7,736.7,2008-08-25,NA
"3012206","EDMONTON+INTERNATIONAL+CS","07-22","DC",1999,2026,298.85,139.710318499523,576.1,2008-07-22,109,736.7,2008-08-25,NA
"3012206","EDMONTON+INTERNATIONAL+CS","07-23","DC",1999,2026,298.436363636364,139.544167936875,583.2,2008-07-23,117.1,736.7,2008-08-25,NA
"3012206","EDMONTON+INTERNATIONAL+CS","07-24","DC",1999,2026,296.713636363636,143.223672210237,591,2008-07-24,125.3,736.7,2008-08-25,NA
"3012206","EDMONTON+INTERNATIONAL+CS","07-25","DC",1999,2026,291.131818181818,140.104972164118,599.4,2008-07-25,133.4,736.7,2008-08-25,NA
"3012206","EDMONTON+INTERNATIONAL+CS","07-26","DC",1999,2026,287.745454545455,141.03432451939,607.9,2008-07-26,121.6,736.7,2008-08-25,NA
"3012206","EDMONTON+INTERNATIONAL+CS","07-27","DC",1999,2026,294.731818181818,139.607311127843,615.8,2008-07-27,121.8,736.7,2008-08-25,NA
"3012206","EDMONTON+INTERNATIONAL+CS","07-28","DC",1999,2026,287.240909090909,132.398096156255,595.8,2008-07-28,119.7,736.7,2008-08-25,NA
"3012206","EDMONTON+INTERNATIONAL+CS","07-29","DC",1999,2026,287.177272727273,134.468721559782,603.9,2008-07-29,122.7,736.7,2008-08-25,NA
"3012206","EDMONTON+INTERNATIONAL+CS","07-30","DC",1999,2026,290.931818181818,134.693165897138,609.9,2008-07-30,130.3,736.7,2008-08-25,NA
"3012206","EDMONTON+INTERNATIONAL+CS","07-31","DC",1999,2026,291.545454545455,131.709976218576,617,2008-07-31,138.3,736.7,2008-08-25,NA
"3012206","EDMONTON+INTERNATIONAL+CS","08-01","DC",1999,2026,294.968181818182,132.448755180703,624,2008-08-01,145.8,736.7,2008-08-25,NA
"3012206","EDMONTON+INTERNATIONAL+CS","08-02","DC",1999,2026,297.668181818182,131.016219956824,630,2008-08-02,139.8,736.7,2008-08-25,NA
"3012206","EDMONTON+INTERNATIONAL+CS","08-03","DC",1999,2026,298.209090909091,130.704537426579,636.2,2008-08-03,134.8,736.7,2008-08-25,NA
"3012206","EDMONTON+INTERNATIONAL+CS","08-04","DC",1999,2026,299.713636363636,129.327971030667,643.3,2008-08-04,141.6,736.7,2008-08-25,NA
"3012206","EDMONTON+INTERNATIONAL+CS","08-05","DC",1999,2026,304.168181818182,129.91236748327,650.3,2008-08-05,132.1,736.7,2008-08-25,NA
"3012206","EDMONTON+INTERNATIONAL+CS","08-06","DC",1999,2026,308.777272727273,130.522692541942,658,2008-08-06,137.9,736.7,2008-08-25,NA
"3012206","EDMONTON+INTERNATIONAL+CS","08-07","DC",1999,2026,312.136363636364,130.330753398364,665.9,2008-08-07,144.4,736.7,2008-08-25,NA
"3012206","EDMONTON+INTERNATIONAL+CS","08-08","DC",1999,2026,316.445454545455,129.986320625609,674.4,2008-08-08,NA,736.7,2008-08-25,NA
"3012206","EDMONTON+INTERNATIONAL+CS","08-09","DC",1999,2026,321.181818181818,130.53823244502,682.3,2008-08-09,NA,736.7,2008-08-25,NA
"3012206","EDMONTON+INTERNATIONAL+CS","08-10","DC",1999,2026,327.013636363636,130.040284217932,689.3,2008-08-10,NA,736.7,2008-08-25,NA
"3012206","EDMONTON+INTERNATIONAL+CS","08-11","DC",1999,2026,330.940909090909,128.818142980866,695.6,2008-08-11,NA,736.7,2008-08-25,NA
"3012206","EDMONTON+INTERNATIONAL+CS","08-12","DC",1999,2026,324.936363636364,126.090408024048,643.6,2008-08-12,NA,736.7,2008-08-25,NA
"3012206","EDMONTON+INTERNATIONAL+CS","08-13","DC",1999,2026,329.268181818182,128.232324081699,650.6,2008-08-13,NA,736.7,2008-08-25,NA
"3012206","EDMONTON+INTERNATIONAL+CS","08-14","DC",1999,2026,334.086363636364,129.921123673648,658.2,2008-08-14,NA,736.7,2008-08-25,NA
"3012206","EDMONTON+INTERNATIONAL+CS","08-15","DC",1999,2026,336.204545454545,132.236841913694,666.7,2008-08-15,NA,736.7,2008-08-25,NA
"3012206","EDMONTON+INTERNATIONAL+CS","08-16","DC",1999,2026,341.268181818182,131.777566507475,674.7,2008-08-16,NA,736.7,2008-08-25,NA
"3012206","EDMONTON+INTERNATIONAL+CS","08-17","DC",1999,2026,346.354545454546,132.166520965293,682.7,2008-08-17,NA,736.7,2008-08-25,NA
"3012206","EDMONTON+INTERNATIONAL+CS","08-18","DC",1999,2026,352.013636363636,132.934417398221,691.4,2008-08-18,NA,736.7,2008-08-25,NA
"3012206","EDMONTON+INTERNATIONAL+CS","08-19","DC",1999,2026,354.618181818182,133.277057063074,698.8,2008-08-19,NA,736.7,2008-08-25,NA
"3012206","EDMONTON+INTERNATIONAL+CS","08-20","DC",1999,2026,358.095454545455,134.464689920803,704.6,2008-08-20,NA,736.7,2008-08-25,NA
"3012206","EDMONTON+INTERNATIONAL+CS","08-21","DC",1999,2026,358.704545454545,136.544852136657,709.9,2008-08-21,NA,736.7,2008-08-25,NA
"3012206","EDMONTON+INTERNATIONAL+CS","08-22","DC",1999,2026,355.231818181818,142.760166467646,715.7,2008-08-22,NA,736.7,2008-08-25,NA
"3012206","EDMONTON+INTERNATIONAL+CS","08-23","DC",1999,2026,358.140909090909,142.753069049123,722.7,2008-08-23,NA,736.7,2008-08-25,NA
"3012206","EDMONTON+INTERNATIONAL+CS","08-24","DC",1999,2026,358.863636363636,146.717173810393,730.3,2008-08-24,NA,736.7,2008-08-25,NA
"3012206","EDMONTON+INTERNATIONAL+CS","08-25","DC",1999,2026,364.159090909091,147.851855260244,736.7,2008-08-25,NA,736.7,2008-08-25,NA
"3012206","EDMONTON+INTERNATIONAL+CS","08-26","DC",1999,2026,367.381818181818,140.905924835259,677.3,2008-08-26,NA,736.7,2008-08-25,NA
"3012206","EDMONTON+INTERNATIONAL+CS","08-27","DC",1999,2026,372.122727272727,140.433454608082,683.3,2008-08-27,NA,736.7,2008-08-25,NA
"3012206","EDMONTON+INTERNATIONAL+CS","08-28","DC",1999,2026,369.768181818182,128.300029270544,688.7,2008-08-28,NA,736.7,2008-08-25,NA
"3012206","EDMONTON+INTERNATIONAL+CS","08-29","DC",1999,2026,375.340909090909,128.43785104122,695.2,2008-08-29,NA,736.7,2008-08-25,NA
"3012206","EDMONTON+INTERNATIONAL+CS","08-30","DC",1999,2026,377.381818181818,126.193312162856,700.9,2008-08-30,NA,736.7,2008-08-25,NA
"3012206","EDMONTON+INTERNATIONAL+CS","08-31","DC",1999,2026,378.790909090909,129.156836771611,705.8,2008-08-31,NA,736.7,2008-08-25,NA
"3012206","EDMONTON+INTERNATIONAL+CS","09-01","DC",1999,2026,379.645454545455,126.835783321332,709.9,2008-09-01,NA,736.7,2008-08-25,NA
"3012206","EDMONTON+INTERNATIONAL+CS","09-02","DC",1999,2026,376.945454545455,129.190976123289,715,2008-09-02,NA,736.7,2008-08-25,NA
"3012206","EDMONTON+INTERNATIONAL+CS","09-03","DC",1999,2026,376.218181818182,130.356966447132,719,2008-09-03,NA,736.7,2008-08-25,NA
"3012206","EDMONTON+INTERNATIONAL+CS","09-04","DC",1999,2026,369.009090909091,107.756939491886,560.3,2003-09-04,NA,736.7,2008-08-25,NA
"3012206","EDMONTON+INTERNATIONAL+CS","09-05","DC",1999,2026,373.845454545454,107.883017451986,566.1,2003-09-05,NA,736.7,2008-08-25,NA
"3012206","EDMONTON+INTERNATIONAL+CS","09-06","DC",1999,2026,375.390909090909,106.948990551976,572.2,2003-09-06,NA,736.7,2008-08-25,NA
"3012206","EDMONTON+INTERNATIONAL+CS","09-07","DC",1999,2026,369.571428571429,99.8614397195291,557.5,2009-09-07,NA,736.7,2008-08-25,NA
"3012206","EDMONTON+INTERNATIONAL+CS","09-08","DC",1999,2026,370.504761904762,98.1851591442947,562.2,2009-09-08,NA,736.7,2008-08-25,NA
"3012206","EDMONTON+INTERNATIONAL+CS","09-09","DC",1999,2026,373.714285714286,99.0324153280848,567.5,2009-09-09,NA,736.7,2008-08-25,NA
"3012206","EDMONTON+INTERNATIONAL+CS","09-10","DC",1999,2026,375.714285714286,100.624575952966,572,2009-09-10,NA,736.7,2008-08-25,NA
"3012206","EDMONTON+INTERNATIONAL+CS","09-11","DC",1999,2026,380.290476190476,101.252209382126,577.9,2009-09-11,NA,736.7,2008-08-25,NA
"3012206","EDMONTON+INTERNATIONAL+CS","09-12","DC",1999,2026,381.680952380952,102.948155005554,584.2,2009-09-12,NA,736.7,2008-08-25,NA
"3012206","EDMONTON+INTERNATIONAL+CS","09-13","DC",1999,2026,377.747619047619,98.309107508143,590.4,2009-09-13,NA,736.7,2008-08-25,NA
"3012206","EDMONTON+INTERNATIONAL+CS","09-14","DC",1999,2026,377.62380952381,99.8544986706253,596.3,2009-09-14,NA,736.7,2008-08-25,NA
"3012206","EDMONTON+INTERNATIONAL+CS","09-15","DC",1999,2026,375.047619047619,102.526277700147,602.2,2009-09-15,NA,736.7,2008-08-25,NA
"3012206","EDMONTON+INTERNATIONAL+CS","09-16","DC",1999,2026,373.747619047619,108.402341390985,608.7,2009-09-16,NA,736.7,2008-08-25,NA
"3012206","EDMONTON+INTERNATIONAL+CS","09-17","DC",1999,2026,376.061904761905,110.684219634917,614,2009-09-17,NA,736.7,2008-08-25,NA
"3012206","EDMONTON+INTERNATIONAL+CS","09-18","DC",1999,2026,379.461904761905,111.916479913329,619.4,2009-09-18,NA,736.7,2008-08-25,NA
"3012206","EDMONTON+INTERNATIONAL+CS","09-19","DC",1999,2026,379.47619047619,115.686524300637,626,2009-09-19,NA,736.7,2008-08-25,NA
"3012206","EDMONTON+INTERNATIONAL+CS","09-20","DC",1999,2026,385.668181818182,122.938789982052,630.3,2009-09-20,NA,736.7,2008-08-25,NA
"3012206","EDMONTON+INTERNATIONAL+CS","09-21","DC",1999,2026,383.431818181818,123.369709126147,635.4,2009-09-21,NA,736.7,2008-08-25,NA
"3012206","EDMONTON+INTERNATIONAL+CS","09-22","DC",1999,2026,383.3,124.460653564547,642,2009-09-22,NA,736.7,2008-08-25,NA
"3012206","EDMONTON+INTERNATIONAL+CS","09-23","DC",1999,2026,386.486363636364,125.293610582559,649.2,2009-09-23,NA,736.7,2008-08-25,NA
"3012206","EDMONTON+INTERNATIONAL+CS","09-24","DC",1999,2026,391.109090909091,125.341229142464,654.8,2009-09-24,NA,736.7,2008-08-25,NA
"3012206","EDMONTON+INTERNATIONAL+CS","09-25","DC",1999,2026,395.836363636364,125.280806668382,660.1,2009-09-25,NA,736.7,2008-08-25,NA
"3012206","EDMONTON+INTERNATIONAL+CS","09-26","DC",1999,2026,399.377272727273,124.335375695538,664.8,2009-09-26,NA,736.7,2008-08-25,NA
"3012206","EDMONTON+INTERNATIONAL+CS","09-27","DC",1999,2026,402.936363636364,124.378759270125,668.9,2009-09-27,NA,736.7,2008-08-25,NA
"3012206","EDMONTON+INTERNATIONAL+CS","09-28","DC",1999,2026,406.195454545455,124.82078763561,672.8,2009-09-28,NA,736.7,2008-08-25,NA
"3012206","EDMONTON+INTERNATIONAL+CS","09-29","DC",1999,2026,410.227272727273,124.705738142,675.8,2009-09-29,NA,736.7,2008-08-25,NA
"3012206","EDMONTON+INTERNATIONAL+CS","09-30","DC",1999,2026,410.354545454545,123.01907605568,679.2,2009-09-30,NA,736.7,2008-08-25,NA
"3012206","EDMONTON+INTERNATIONAL+CS","10-01","DC",1999,2026,411.559090909091,124.157230037412,682,2009-10-01,NA,736.7,2008-08-25,NA
"3012206","EDMONTON+INTERNATIONAL+CS","10-02","DC",1999,2026,408.136363636364,129.143816272345,684.8,2009-10-02,NA,736.7,2008-08-25,NA
"3012206","EDMONTON+INTERNATIONAL+CS","10-03","DC",1999,2026,408.577272727273,131.351298983256,686.2,2009-10-03,NA,736.7,2008-08-25,NA
"3012206","EDMONTON+INTERNATIONAL+CS","10-04","DC",1999,2026,405.772727272727,127.835639198741,687.3,2009-10-04,NA,736.7,2008-08-25,NA
"3012206","EDMONTON+INTERNATIONAL+CS","10-05","DC",1999,2026,404.209090909091,122.395930173122,689.2,2009-10-05,NA,736.7,2008-08-25,NA
"3012206","EDMONTON+INTERNATIONAL+CS","10-06","DC",1999,2026,406.590909090909,122.514799530082,692.7,2009-10-06,NA,736.7,2008-08-25,NA
"3012206","EDMONTON+INTERNATIONAL+CS","10-07","DC",1999,2026,409.136363636364,122.701668966235,693.6,2009-10-07,NA,736.7,2008-08-25,NA
"3012206","EDMONTON+INTERNATIONAL+CS","10-08","DC",1999,2026,410.272727272727,122.727014846611,693.8,2009-10-08,NA,736.7,2008-08-25,NA
"3012206","EDMONTON+INTERNATIONAL+CS","10-09","DC",1999,2026,411.727272727273,123.9493912923,694,2009-10-09,NA,736.7,2008-08-25,NA
"3012206","EDMONTON+INTERNATIONAL+CS","10-10","DC",1999,2026,407.022727272727,126.034209006233,694.2,2009-10-10,NA,736.7,2008-08-25,NA
"3012206","EDMONTON+INTERNATIONAL+CS","10-11","DC",1999,2026,402.963636363636,133.785936144113,694.4,2009-10-11,NA,736.7,2008-08-25,NA
"3012206","EDMONTON+INTERNATIONAL+CS","10-12","DC",1999,2026,399.7,144.525189763551,694.6,2009-10-12,NA,736.7,2008-08-25,NA
"3012206","EDMONTON+INTERNATIONAL+CS","10-13","DC",1999,2026,398.140909090909,153.420463833687,695.1,2009-10-13,NA,736.7,2008-08-25,NA
"3012206","EDMONTON+INTERNATIONAL+CS","10-14","DC",1999,2026,398.295454545455,155.833639858948,695.7,2009-10-14,NA,736.7,2008-08-25,NA
"3012206","EDMONTON+INTERNATIONAL+CS","10-15","DC",1999,2026,398.236363636364,157.863209458166,696.8,2009-10-15,NA,736.7,2008-08-25,NA
"3012206","EDMONTON+INTERNATIONAL+CS","10-16","DC",1999,2026,382.319047619048,145.085432139301,590.1,2021-10-16,NA,736.7,2008-08-25,NA
"3012206","EDMONTON+INTERNATIONAL+CS","10-17","DC",1999,2026,383.895238095238,144.669908675545,592.1,2021-10-17,NA,736.7,2008-08-25,NA
"3012206","EDMONTON+INTERNATIONAL+CS","10-18","DC",1999,2026,394.915,141.547184898293,606.6,2025-10-18,NA,736.7,2008-08-25,NA
"3012206","EDMONTON+INTERNATIONAL+CS","10-19","DC",1999,2026,397.03,141.945864773567,595.7,2021-10-19,NA,736.7,2008-08-25,NA
"3012206","EDMONTON+INTERNATIONAL+CS","10-20","DC",1999,2026,398.29,141.952374889757,598.2,2021-10-20,NA,736.7,2008-08-25,NA
"3012206","EDMONTON+INTERNATIONAL+CS","10-21","DC",1999,2026,399.375,142.299949606086,600.2,2021-10-21,NA,736.7,2008-08-25,NA
"3012206","EDMONTON+INTERNATIONAL+CS","10-22","DC",1999,2026,399.373684210526,146.836813587606,602.5,2021-10-22,NA,736.7,2008-08-25,NA
"3012206","EDMONTON+INTERNATIONAL+CS","10-23","DC",1999,2026,396.588888888889,149.133981959724,593,2014-10-23,NA,736.7,2008-08-25,NA
"3012206","EDMONTON+INTERNATIONAL+CS","10-24","DC",1999,2026,395.505555555556,148.864140478026,595.5,2014-10-24,NA,736.7,2008-08-25,NA
"3012206","EDMONTON+INTERNATIONAL+CS","10-25","DC",1999,2026,396.355555555556,150.025418325665,597.4,2014-10-25,NA,736.7,2008-08-25,NA
"3012206","EDMONTON+INTERNATIONAL+CS","10-26","DC",1999,2026,397.533333333333,150.068603919517,598.7,2014-10-26,NA,736.7,2008-08-25,NA
"3012206","EDMONTON+INTERNATIONAL+CS","10-27","DC",1999,2026,389.517647058824,149.328874616123,599.4,2014-10-27,NA,736.7,2008-08-25,NA
"3012206","EDMONTON+INTERNATIONAL+CS","10-28","DC",1999,2026,387.79375,154.263227282676,600.4,2014-10-28,NA,736.7,2008-08-25,NA
"3012206","EDMONTON+INTERNATIONAL+CS","10-29","DC",1999,2026,393.506666666667,158.334625157637,601.5,2014-10-29,NA,736.7,2008-08-25,NA
"3012206","EDMONTON+INTERNATIONAL+CS","10-30","DC",1999,2026,394.9,158.888028857701,602.3,2014-10-30,NA,736.7,2008-08-25,NA
"3012206","EDMONTON+INTERNATIONAL+CS","10-31","DC",1999,2026,393.54,157.752237022853,604.5,2007-10-31,NA,736.7,2008-08-25,NA
"3012206","EDMONTON+INTERNATIONAL+CS","04-01","DMC",1999,2026,7.35,3.46482322781408,28.1,2021-04-01,NA,138.4,2015-06-19,NA
"3012206","EDMONTON+INTERNATIONAL+CS","04-02","DMC",1999,2026,5.6,1.13137084989848,28.9,2021-04-02,NA,138.4,2015-06-19,NA
"3012206","EDMONTON+INTERNATIONAL+CS","04-03","DMC",1999,2026,10.8333333333333,6.25166644450368,30,2021-04-03,NA,138.4,2015-06-19,NA
"3012206","EDMONTON+INTERNATIONAL+CS","04-04","DMC",1999,2026,11.8666666666667,5.96517672272443,30.5,2021-04-04,NA,138.4,2015-06-19,NA
"3012206","EDMONTON+INTERNATIONAL+CS","04-05","DMC",1999,2026,10.1333333333333,2.93995464817628,32,2021-04-05,NA,138.4,2015-06-19,NA
"3012206","EDMONTON+INTERNATIONAL+CS","04-06","DMC",1999,2026,10.9333333333333,2.70985854489369,33.4,2021-04-06,NA,138.4,2015-06-19,NA
"3012206","EDMONTON+INTERNATIONAL+CS","04-07","DMC",1999,2026,9.25,3.68284310463171,35.7,2021-04-07,NA,138.4,2015-06-19,NA
"3012206","EDMONTON+INTERNATIONAL+CS","04-08","DMC",1999,2026,8.74,4.34718299591816,36.1,2021-04-08,NA,138.4,2015-06-19,NA
"3012206","EDMONTON+INTERNATIONAL+CS","04-09","DMC",1999,2026,9.58333333333333,4.05828370948443,37.7,2021-04-09,NA,138.4,2015-06-19,NA
"3012206","EDMONTON+INTERNATIONAL+CS","04-10","DMC",1999,2026,12.2857142857143,6.19796433555098,38.5,2021-04-10,NA,138.4,2015-06-19,NA
"3012206","EDMONTON+INTERNATIONAL+CS","04-11","DMC",1999,2026,13.4285714285714,5.90923409749924,36.4,2021-04-11,NA,138.4,2015-06-19,NA
"3012206","EDMONTON+INTERNATIONAL+CS","04-12","DMC",1999,2026,14.3142857142857,6.1431339915466,36.7,2021-04-12,NA,138.4,2015-06-19,NA
"3012206","EDMONTON+INTERNATIONAL+CS","04-13","DMC",1999,2026,14.7142857142857,7.31833965036437,37.7,2021-04-13,NA,138.4,2015-06-19,NA
"3012206","EDMONTON+INTERNATIONAL+CS","04-14","DMC",1999,2026,12.9428571428571,5.6987885095159,39.8,2021-04-14,NA,138.4,2015-06-19,NA
"3012206","EDMONTON+INTERNATIONAL+CS","04-15","DMC",1999,2026,12.6428571428571,5.53469575883419,42.3,2021-04-15,NA,138.4,2015-06-19,NA
"3012206","EDMONTON+INTERNATIONAL+CS","04-16","DMC",1999,2026,12.775,6.48465221008145,45.3,2021-04-16,NA,138.4,2015-06-19,NA
"3012206","EDMONTON+INTERNATIONAL+CS","04-17","DMC",1999,2026,13.08,7.06773576818552,47.8,2021-04-17,NA,138.4,2015-06-19,NA
"3012206","EDMONTON+INTERNATIONAL+CS","04-18","DMC",1999,2026,13.65,7.29889641582129,29.6,2025-04-18,NA,138.4,2015-06-19,NA
"3012206","EDMONTON+INTERNATIONAL+CS","04-19","DMC",1999,2026,14.6727272727273,7.65363846926296,31.8,2025-04-19,NA,138.4,2015-06-19,NA
"3012206","EDMONTON+INTERNATIONAL+CS","04-20","DMC",1999,2026,14.1076923076923,8.02822744430151,33.7,2025-04-20,NA,138.4,2015-06-19,NA
"3012206","EDMONTON+INTERNATIONAL+CS","04-21","DMC",1999,2026,15.55,8.79401311499287,34.8,2025-04-21,9,138.4,2015-06-19,NA
"3012206","EDMONTON+INTERNATIONAL+CS","04-22","DMC",1999,2026,17.2375,9.18294615033759,33.8,2021-04-22,9.2,138.4,2015-06-19,NA
"3012206","EDMONTON+INTERNATIONAL+CS","04-23","DMC",1999,2026,16.3888888888889,9.21672960301882,34.5,2021-04-23,9.4,138.4,2015-06-19,NA
"3012206","EDMONTON+INTERNATIONAL+CS","04-24","DMC",1999,2026,18.7052631578947,11.9589795962054,50.4,2001-04-24,10.7,138.4,2015-06-19,NA
"3012206","EDMONTON+INTERNATIONAL+CS","04-25","DMC",1999,2026,19.6833333333333,11.6765854194976,43.9,2001-04-25,10.7,138.4,2015-06-19,NA
"3012206","EDMONTON+INTERNATIONAL+CS","04-26","DMC",1999,2026,20.9666666666667,11.7731998748903,46.7,2001-04-26,10.7,138.4,2015-06-19,NA
"3012206","EDMONTON+INTERNATIONAL+CS","04-27","DMC",1999,2026,21.6315789473684,13.0879101392417,51.2,2001-04-27,11.2,138.4,2015-06-19,NA
"3012206","EDMONTON+INTERNATIONAL+CS","04-28","DMC",1999,2026,20.3210526315789,11.9756502466634,43.8,2020-04-28,12.4,138.4,2015-06-19,NA
"3012206","EDMONTON+INTERNATIONAL+CS","04-29","DMC",1999,2026,20.5842105263158,12.7580590285293,47,2020-04-29,15,138.4,2015-06-19,NA
"3012206","EDMONTON+INTERNATIONAL+CS","04-30","DMC",1999,2026,19.52,13.0340283388077,49.4,2020-04-30,18.6,138.4,2015-06-19,NA
"3012206","EDMONTON+INTERNATIONAL+CS","05-01","DMC",1999,2026,20.565,13.5485588668471,51.8,2020-05-01,21.3,138.4,2015-06-19,NA
"3012206","EDMONTON+INTERNATIONAL+CS","05-02","DMC",1999,2026,20.97,13.7285756534931,54.9,2020-05-02,24.5,138.4,2015-06-19,NA
"3012206","EDMONTON+INTERNATIONAL+CS","05-03","DMC",1999,2026,22.6315789473684,14.970046115552,57.8,2020-05-03,27.8,138.4,2015-06-19,NA
"3012206","EDMONTON+INTERNATIONAL+CS","05-04","DMC",1999,2026,21.0105263157895,14.6088213357106,54.7,2023-05-04,29.5,138.4,2015-06-19,NA
"3012206","EDMONTON+INTERNATIONAL+CS","05-05","DMC",1999,2026,22.5631578947368,15.2118817057338,59.2,2023-05-05,30.8,138.4,2015-06-19,NA
"3012206","EDMONTON+INTERNATIONAL+CS","05-06","DMC",1999,2026,22.1315789473684,13.6874253983387,62,2023-05-06,34,138.4,2015-06-19,NA
"3012206","EDMONTON+INTERNATIONAL+CS","05-07","DMC",1999,2026,22.7631578947368,13.4287506875822,63.2,2023-05-07,37.7,138.4,2015-06-19,NA
"3012206","EDMONTON+INTERNATIONAL+CS","05-08","DMC",1999,2026,23.5526315789474,13.7373525033454,65.1,2023-05-08,41.1,138.4,2015-06-19,NA
"3012206","EDMONTON+INTERNATIONAL+CS","05-09","DMC",1999,2026,24.1368421052632,13.3760237625352,66.9,2023-05-09,43.7,138.4,2015-06-19,NA
"3012206","EDMONTON+INTERNATIONAL+CS","05-10","DMC",1999,2026,23.995,13.7218793787225,69.2,2023-05-10,47.6,138.4,2015-06-19,NA
"3012206","EDMONTON+INTERNATIONAL+CS","05-11","DMC",1999,2026,25.7809523809524,13.5505578869513,67.8,2025-05-11,50.8,138.4,2015-06-19,NA
"3012206","EDMONTON+INTERNATIONAL+CS","05-12","DMC",1999,2026,27.5904761904762,13.9626252818696,69.5,2025-05-12,54.3,138.4,2015-06-19,NA
"3012206","EDMONTON+INTERNATIONAL+CS","05-13","DMC",1999,2026,29.6571428571429,13.6451665958526,72.2,2025-05-13,57.9,138.4,2015-06-19,NA
"3012206","EDMONTON+INTERNATIONAL+CS","05-14","DMC",1999,2026,31.9714285714286,14.3406465285615,74.8,2025-05-14,46.6,138.4,2015-06-19,NA
"3012206","EDMONTON+INTERNATIONAL+CS","05-15","DMC",1999,2026,32.0666666666667,15.1538224000855,72,2025-05-15,49.3,138.4,2015-06-19,NA
"3012206","EDMONTON+INTERNATIONAL+CS","05-16","DMC",1999,2026,34.1428571428571,16.1769147685389,73.5,2025-05-16,49.6,138.4,2015-06-19,NA
"3012206","EDMONTON+INTERNATIONAL+CS","05-17","DMC",1999,2026,33.2,14.5439678217466,75.9,2025-05-17,51,138.4,2015-06-19,NA
"3012206","EDMONTON+INTERNATIONAL+CS","05-18","DMC",1999,2026,34.4047619047619,15.4504199357324,78.3,2025-05-18,53.5,138.4,2015-06-19,NA
"3012206","EDMONTON+INTERNATIONAL+CS","05-19","DMC",1999,2026,35.0636363636364,16.6355198139559,79.2,2025-05-19,56.5,138.4,2015-06-19,NA
"3012206","EDMONTON+INTERNATIONAL+CS","05-20","DMC",1999,2026,34.5363636363636,16.3016956598165,79.6,2025-05-20,58.3,138.4,2015-06-19,NA
"3012206","EDMONTON+INTERNATIONAL+CS","05-21","DMC",1999,2026,31.8454545454546,17.4171160280895,73.9,2023-05-21,62.1,138.4,2015-06-19,NA
"3012206","EDMONTON+INTERNATIONAL+CS","05-22","DMC",1999,2026,31.8272727272727,20.0309565617626,75.7,2023-05-22,65.9,138.4,2015-06-19,NA
"3012206","EDMONTON+INTERNATIONAL+CS","05-23","DMC",1999,2026,31.1545454545455,20.9532297151975,78,2023-05-23,70.4,138.4,2015-06-19,NA
"3012206","EDMONTON+INTERNATIONAL+CS","05-24","DMC",1999,2026,29.9227272727273,20.7651478115703,80.6,2023-05-24,73.3,138.4,2015-06-19,NA
"3012206","EDMONTON+INTERNATIONAL+CS","05-25","DMC",1999,2026,28.2090909090909,19.6446020476463,83.1,2023-05-25,78.6,138.4,2015-06-19,NA
"3012206","EDMONTON+INTERNATIONAL+CS","05-26","DMC",1999,2026,27.7045454545454,19.5943985502351,86.7,2023-05-26,81.5,138.4,2015-06-19,NA
"3012206","EDMONTON+INTERNATIONAL+CS","05-27","DMC",1999,2026,29.9863636363636,20.5319795964049,91.2,2023-05-27,85.2,138.4,2015-06-19,NA
"3012206","EDMONTON+INTERNATIONAL+CS","05-28","DMC",1999,2026,31.4909090909091,21.8520329029439,95.8,2023-05-28,90.3,138.4,2015-06-19,NA
"3012206","EDMONTON+INTERNATIONAL+CS","05-29","DMC",1999,2026,32.3454545454545,22.7578500799118,100.3,2023-05-29,95.7,138.4,2015-06-19,NA
"3012206","EDMONTON+INTERNATIONAL+CS","05-30","DMC",1999,2026,31.4272727272727,23.1292060641989,104.1,2023-05-30,99.4,138.4,2015-06-19,NA
"3012206","EDMONTON+INTERNATIONAL+CS","05-31","DMC",1999,2026,32.6772727272727,23.8000986756294,106.6,2023-05-31,54.8,138.4,2015-06-19,NA
"3012206","EDMONTON+INTERNATIONAL+CS","06-01","DMC",1999,2026,33.7045454545455,23.0251514088963,87.3,2015-06-01,20.5,138.4,2015-06-19,NA
"3012206","EDMONTON+INTERNATIONAL+CS","06-02","DMC",1999,2026,35.6636363636364,23.3207152029211,88.1,2015-06-02,7.6,138.4,2015-06-19,NA
"3012206","EDMONTON+INTERNATIONAL+CS","06-03","DMC",1999,2026,35.6727272727273,23.3594109070002,91.7,2015-06-03,8.1,138.4,2015-06-19,NA
"3012206","EDMONTON+INTERNATIONAL+CS","06-04","DMC",1999,2026,36.3090909090909,24.074030843192,94.7,2015-06-04,9,138.4,2015-06-19,NA
"3012206","EDMONTON+INTERNATIONAL+CS","06-05","DMC",1999,2026,35.4545454545455,22.9145977027481,97.6,2015-06-05,11.2,138.4,2015-06-19,NA
"3012206","EDMONTON+INTERNATIONAL+CS","06-06","DMC",1999,2026,35.4318181818182,20.6456818121654,101.8,2015-06-06,9.6,138.4,2015-06-19,NA
"3012206","EDMONTON+INTERNATIONAL+CS","06-07","DMC",1999,2026,31.9954545454545,21.7982628681568,106.1,2015-06-07,10.9,138.4,2015-06-19,NA
"3012206","EDMONTON+INTERNATIONAL+CS","06-08","DMC",1999,2026,30.5136363636364,23.3956710577496,109.4,2015-06-08,11.2,138.4,2015-06-19,NA
"3012206","EDMONTON+INTERNATIONAL+CS","06-09","DMC",1999,2026,30.2363636363636,25.0404918834721,113.3,2015-06-09,14.6,138.4,2015-06-19,NA
"3012206","EDMONTON+INTERNATIONAL+CS","06-10","DMC",1999,2026,28.0590909090909,26.1923954629312,116.8,2015-06-10,16.2,138.4,2015-06-19,NA
"3012206","EDMONTON+INTERNATIONAL+CS","06-11","DMC",1999,2026,27.2136363636364,27.8243691659042,120,2015-06-11,17.1,138.4,2015-06-19,NA
"3012206","EDMONTON+INTERNATIONAL+CS","06-12","DMC",1999,2026,27.7409090909091,28.541409500532,122,2015-06-12,18.1,138.4,2015-06-19,NA
"3012206","EDMONTON+INTERNATIONAL+CS","06-13","DMC",1999,2026,28.8363636363636,28.9286074501406,122.7,2015-06-13,21.2,138.4,2015-06-19,NA
"3012206","EDMONTON+INTERNATIONAL+CS","06-14","DMC",1999,2026,29.5181818181818,29.919998668889,124.1,2015-06-14,25.3,138.4,2015-06-19,NA
"3012206","EDMONTON+INTERNATIONAL+CS","06-15","DMC",1999,2026,28.8681818181818,31.430140013985,126.9,2015-06-15,29.5,138.4,2015-06-19,NA
"3012206","EDMONTON+INTERNATIONAL+CS","06-16","DMC",1999,2026,30.0363636363636,33.139970765492,131,2015-06-16,21.6,138.4,2015-06-19,NA
"3012206","EDMONTON+INTERNATIONAL+CS","06-17","DMC",1999,2026,30.7363636363636,33.9923877396458,133.1,2015-06-17,16.5,138.4,2015-06-19,NA
"3012206","EDMONTON+INTERNATIONAL+CS","06-18","DMC",1999,2026,29.1136363636364,32.6652326525072,135,2015-06-18,15.8,138.4,2015-06-19,NA
"3012206","EDMONTON+INTERNATIONAL+CS","06-19","DMC",1999,2026,27.9590909090909,33.0250216695925,138.4,2015-06-19,15,138.4,2015-06-19,NA
"3012206","EDMONTON+INTERNATIONAL+CS","06-20","DMC",1999,2026,25.3681818181818,23.0851505840698,100.4,2009-06-20,8.2,138.4,2015-06-19,NA
"3012206","EDMONTON+INTERNATIONAL+CS","06-21","DMC",1999,2026,26.6136363636364,23.219435526024,101.8,2009-06-21,3.4,138.4,2015-06-19,NA
"3012206","EDMONTON+INTERNATIONAL+CS","06-22","DMC",1999,2026,25.8409090909091,24.0267442078497,103.7,2009-06-22,1.5,138.4,2015-06-19,NA
"3012206","EDMONTON+INTERNATIONAL+CS","06-23","DMC",1999,2026,25.9090909090909,25.0300183416197,107.6,2009-06-23,3.6,138.4,2015-06-19,NA
"3012206","EDMONTON+INTERNATIONAL+CS","06-24","DMC",1999,2026,26.7181818181818,26.3025190965145,112,2009-06-24,6.8,138.4,2015-06-19,NA
"3012206","EDMONTON+INTERNATIONAL+CS","06-25","DMC",1999,2026,26.7681818181818,28.0643883199847,115.9,2009-06-25,10.4,138.4,2015-06-19,NA
"3012206","EDMONTON+INTERNATIONAL+CS","06-26","DMC",1999,2026,28.0818181818182,29.6098541570786,119.3,2009-06-26,13.4,138.4,2015-06-19,NA
"3012206","EDMONTON+INTERNATIONAL+CS","06-27","DMC",1999,2026,30.1272727272727,30.7494356404763,122.4,2009-06-27,6.7,138.4,2015-06-19,NA
"3012206","EDMONTON+INTERNATIONAL+CS","06-28","DMC",1999,2026,31.7727272727273,31.3445549584154,125.2,2009-06-28,3.3,138.4,2015-06-19,NA
"3012206","EDMONTON+INTERNATIONAL+CS","06-29","DMC",1999,2026,31.0954545454545,30.5671232858774,127.3,2009-06-29,2.9,138.4,2015-06-19,NA
"3012206","EDMONTON+INTERNATIONAL+CS","06-30","DMC",1999,2026,25.6954545454545,18.9946728690598,74.3,2002-06-30,5.1,138.4,2015-06-19,NA
"3012206","EDMONTON+INTERNATIONAL+CS","07-01","DMC",1999,2026,25.4272727272727,18.7328634533051,79.1,2021-07-01,5.8,138.4,2015-06-19,NA
"3012206","EDMONTON+INTERNATIONAL+CS","07-02","DMC",1999,2026,24.8727272727273,19.1056008197592,82.5,2021-07-02,4.6,138.4,2015-06-19,NA
"3012206","EDMONTON+INTERNATIONAL+CS","07-03","DMC",1999,2026,24.45,19.1310206831981,85,2002-07-03,6.8,138.4,2015-06-19,NA
"3012206","EDMONTON+INTERNATIONAL+CS","07-04","DMC",1999,2026,24.8272727272727,19.4355389212693,87.7,2002-07-04,9,138.4,2015-06-19,NA
"3012206","EDMONTON+INTERNATIONAL+CS","07-05","DMC",1999,2026,23.7954545454546,19.8857086101151,90.4,2002-07-05,11.2,138.4,2015-06-19,NA
"3012206","EDMONTON+INTERNATIONAL+CS","07-06","DMC",1999,2026,24.4045454545454,20.2204393827426,94.2,2002-07-06,14.4,138.4,2015-06-19,NA
"3012206","EDMONTON+INTERNATIONAL+CS","07-07","DMC",1999,2026,23.5272727272727,21.8062066703645,99.5,2002-07-07,17.4,138.4,2015-06-19,NA
"3012206","EDMONTON+INTERNATIONAL+CS","07-08","DMC",1999,2026,23.8318181818182,22.8260374794441,100.5,2002-07-08,18.8,138.4,2015-06-19,NA
"3012206","EDMONTON+INTERNATIONAL+CS","07-09","DMC",1999,2026,23.6409090909091,23.1254479306097,93.7,2002-07-09,20.4,138.4,2015-06-19,NA
"3012206","EDMONTON+INTERNATIONAL+CS","07-10","DMC",1999,2026,24.5136363636364,24.685108205142,98,2002-07-10,10.9,138.4,2015-06-19,NA
"3012206","EDMONTON+INTERNATIONAL+CS","07-11","DMC",1999,2026,23.7136363636364,24.0900946934142,101.8,2002-07-11,7.9,138.4,2015-06-19,NA
"3012206","EDMONTON+INTERNATIONAL+CS","07-12","DMC",1999,2026,25.9136363636364,24.5874396012921,105.9,2002-07-12,9.9,138.4,2015-06-19,NA
"3012206","EDMONTON+INTERNATIONAL+CS","07-13","DMC",1999,2026,23.4727272727273,22.2827967343202,110.4,2002-07-13,13.1,138.4,2015-06-19,NA
"3012206","EDMONTON+INTERNATIONAL+CS","07-14","DMC",1999,2026,21.9181818181818,20.4379114663956,100.7,2002-07-14,16.3,138.4,2015-06-19,NA
"3012206","EDMONTON+INTERNATIONAL+CS","07-15","DMC",1999,2026,21.7545454545455,21.4479819735082,104.9,2002-07-15,18.2,138.4,2015-06-19,NA
"3012206","EDMONTON+INTERNATIONAL+CS","07-16","DMC",1999,2026,20.2318181818182,22.0727236622518,109.4,2002-07-16,20.5,138.4,2015-06-19,NA
"3012206","EDMONTON+INTERNATIONAL+CS","07-17","DMC",1999,2026,18.9136363636364,23.1136178259555,113.5,2002-07-17,24.2,138.4,2015-06-19,NA
"3012206","EDMONTON+INTERNATIONAL+CS","07-18","DMC",1999,2026,17.2772727272727,23.4409274117318,116.4,2002-07-18,26.2,138.4,2015-06-19,NA
"3012206","EDMONTON+INTERNATIONAL+CS","07-19","DMC",1999,2026,14.7045454545455,11.7314180230341,68.4,2021-07-19,11.2,138.4,2015-06-19,NA
"3012206","EDMONTON+INTERNATIONAL+CS","07-20","DMC",1999,2026,15.7818181818182,11.3137773728122,69.1,2021-07-20,7.5,138.4,2015-06-19,NA
"3012206","EDMONTON+INTERNATIONAL+CS","07-21","DMC",1999,2026,16.0863636363636,11.8324531713397,70,2021-07-21,4.8,138.4,2015-06-19,NA
"3012206","EDMONTON+INTERNATIONAL+CS","07-22","DMC",1999,2026,16.7590909090909,13.3473257207616,65.5,2024-07-22,7.2,138.4,2015-06-19,NA
"3012206","EDMONTON+INTERNATIONAL+CS","07-23","DMC",1999,2026,18.0772727272727,14.7534316207703,68.6,2024-07-23,9.9,138.4,2015-06-19,NA
"3012206","EDMONTON+INTERNATIONAL+CS","07-24","DMC",1999,2026,17.1681818181818,15.8292792713718,70,2024-07-24,12.5,138.4,2015-06-19,NA
"3012206","EDMONTON+INTERNATIONAL+CS","07-25","DMC",1999,2026,17.4772727272727,17.2460328583315,70.3,2024-07-25,15.7,138.4,2015-06-19,NA
"3012206","EDMONTON+INTERNATIONAL+CS","07-26","DMC",1999,2026,16.4181818181818,14.1687327243119,52.7,2006-07-26,9.6,138.4,2015-06-19,NA
"3012206","EDMONTON+INTERNATIONAL+CS","07-27","DMC",1999,2026,17.9272727272727,13.2528948075211,49.6,2008-07-27,6,138.4,2015-06-19,NA
"3012206","EDMONTON+INTERNATIONAL+CS","07-28","DMC",1999,2026,16.3136363636364,9.40695261898122,47.8,2022-07-28,5,138.4,2015-06-19,NA
"3012206","EDMONTON+INTERNATIONAL+CS","07-29","DMC",1999,2026,17.5727272727273,10.3289782751147,50,2022-07-29,5.6,138.4,2015-06-19,NA
"3012206","EDMONTON+INTERNATIONAL+CS","07-30","DMC",1999,2026,18.1681818181818,10.1020689235818,51.9,2022-07-30,8,138.4,2015-06-19,NA
"3012206","EDMONTON+INTERNATIONAL+CS","07-31","DMC",1999,2026,17.9590909090909,10.3646220196585,53.3,2022-07-31,10.5,138.4,2015-06-19,NA
"3012206","EDMONTON+INTERNATIONAL+CS","08-01","DMC",1999,2026,18.6545454545455,11.5298258060078,54,2022-08-01,12.7,138.4,2015-06-19,NA
"3012206","EDMONTON+INTERNATIONAL+CS","08-02","DMC",1999,2026,18.7863636363636,11.4583841399897,53.9,2024-08-02,9,138.4,2015-06-19,NA
"3012206","EDMONTON+INTERNATIONAL+CS","08-03","DMC",1999,2026,19.0772727272727,11.9443125265375,57.3,2024-08-03,6.6,138.4,2015-06-19,NA
"3012206","EDMONTON+INTERNATIONAL+CS","08-04","DMC",1999,2026,18.7818181818182,12.4662453339918,59.5,2024-08-04,8.7,138.4,2015-06-19,NA
"3012206","EDMONTON+INTERNATIONAL+CS","08-05","DMC",1999,2026,19.3909090909091,13.4287860349435,51.8,2003-08-05,5.8,138.4,2015-06-19,NA
"3012206","EDMONTON+INTERNATIONAL+CS","08-06","DMC",1999,2026,20.0045454545455,13.6164283573969,54.1,2008-08-06,7,138.4,2015-06-19,NA
"3012206","EDMONTON+INTERNATIONAL+CS","08-07","DMC",1999,2026,20.4272727272727,14.4900353878493,57.8,2008-08-07,9,138.4,2015-06-19,NA
"3012206","EDMONTON+INTERNATIONAL+CS","08-08","DMC",1999,2026,21.5909090909091,15.3826404659807,62.6,2008-08-08,NA,138.4,2015-06-19,NA
"3012206","EDMONTON+INTERNATIONAL+CS","08-09","DMC",1999,2026,22.5909090909091,16.2152458857151,65.9,2008-08-09,NA,138.4,2015-06-19,NA
"3012206","EDMONTON+INTERNATIONAL+CS","08-10","DMC",1999,2026,23.4681818181818,15.5170071477238,61,2003-08-10,NA,138.4,2015-06-19,NA
"3012206","EDMONTON+INTERNATIONAL+CS","08-11","DMC",1999,2026,23.1954545454545,14.6378985374634,62.3,2003-08-11,NA,138.4,2015-06-19,NA
"3012206","EDMONTON+INTERNATIONAL+CS","08-12","DMC",1999,2026,20.1636363636364,13.6146470655179,63.8,2003-08-12,NA,138.4,2015-06-19,NA
"3012206","EDMONTON+INTERNATIONAL+CS","08-13","DMC",1999,2026,21.1090909090909,14.3314808024622,67.7,2003-08-13,NA,138.4,2015-06-19,NA
"3012206","EDMONTON+INTERNATIONAL+CS","08-14","DMC",1999,2026,21.8363636363636,14.662766108641,71.9,2003-08-14,NA,138.4,2015-06-19,NA
"3012206","EDMONTON+INTERNATIONAL+CS","08-15","DMC",1999,2026,22.3772727272727,16.0518781520354,76.7,2003-08-15,NA,138.4,2015-06-19,NA
"3012206","EDMONTON+INTERNATIONAL+CS","08-16","DMC",1999,2026,23.7363636363636,16.3990866602394,77.1,2003-08-16,NA,138.4,2015-06-19,NA
"3012206","EDMONTON+INTERNATIONAL+CS","08-17","DMC",1999,2026,25.7909090909091,16.9098424168521,80.6,2003-08-17,NA,138.4,2015-06-19,NA
"3012206","EDMONTON+INTERNATIONAL+CS","08-18","DMC",1999,2026,27.7,17.7770049435192,84.7,2003-08-18,NA,138.4,2015-06-19,NA
"3012206","EDMONTON+INTERNATIONAL+CS","08-19","DMC",1999,2026,27.6090909090909,18.4417463559721,87.6,2003-08-19,NA,138.4,2015-06-19,NA
"3012206","EDMONTON+INTERNATIONAL+CS","08-20","DMC",1999,2026,27.1727272727273,14.8430577589782,67.5,2003-08-20,NA,138.4,2015-06-19,NA
"3012206","EDMONTON+INTERNATIONAL+CS","08-21","DMC",1999,2026,26.4545454545454,15.3135398312899,69.9,2003-08-21,NA,138.4,2015-06-19,NA
"3012206","EDMONTON+INTERNATIONAL+CS","08-22","DMC",1999,2026,25.1863636363636,16.3222692007414,72.2,2022-08-22,NA,138.4,2015-06-19,NA
"3012206","EDMONTON+INTERNATIONAL+CS","08-23","DMC",1999,2026,25.7272727272727,16.9903665090708,72.6,2003-08-23,NA,138.4,2015-06-19,NA
"3012206","EDMONTON+INTERNATIONAL+CS","08-24","DMC",1999,2026,26.2818181818182,17.9756882473347,75,2003-08-24,NA,138.4,2015-06-19,NA
"3012206","EDMONTON+INTERNATIONAL+CS","08-25","DMC",1999,2026,26.7954545454545,18.8329366314577,77.7,2003-08-25,NA,138.4,2015-06-19,NA
"3012206","EDMONTON+INTERNATIONAL+CS","08-26","DMC",1999,2026,26.8090909090909,17.8975100447203,81,2003-08-26,NA,138.4,2015-06-19,NA
"3012206","EDMONTON+INTERNATIONAL+CS","08-27","DMC",1999,2026,26.7727272727273,16.6122496919243,66.8,2003-08-27,NA,138.4,2015-06-19,NA
"3012206","EDMONTON+INTERNATIONAL+CS","08-28","DMC",1999,2026,25.8954545454545,12.6822890104844,52.3,2009-08-28,NA,138.4,2015-06-19,NA
"3012206","EDMONTON+INTERNATIONAL+CS","08-29","DMC",1999,2026,27.0590909090909,13.1186402856288,55.9,2009-08-29,NA,138.4,2015-06-19,NA
"3012206","EDMONTON+INTERNATIONAL+CS","08-30","DMC",1999,2026,26.3636363636364,13.8070908440467,59.7,2009-08-30,NA,138.4,2015-06-19,NA
"3012206","EDMONTON+INTERNATIONAL+CS","08-31","DMC",1999,2026,25.8772727272727,15.2174690285988,63.1,2009-08-31,NA,138.4,2015-06-19,NA
"3012206","EDMONTON+INTERNATIONAL+CS","09-01","DMC",1999,2026,26.1909090909091,16.059084629399,65.6,2009-09-01,NA,138.4,2015-06-19,NA
"3012206","EDMONTON+INTERNATIONAL+CS","09-02","DMC",1999,2026,24.15,13.9122333970947,45.5,2009-09-02,NA,138.4,2015-06-19,NA
"3012206","EDMONTON+INTERNATIONAL+CS","09-03","DMC",1999,2026,24.3090909090909,14.2031823761575,43.6,2003-09-03,NA,138.4,2015-06-19,NA
"3012206","EDMONTON+INTERNATIONAL+CS","09-04","DMC",1999,2026,23.8772727272727,14.1365090261311,45.8,2003-09-04,NA,138.4,2015-06-19,NA
"3012206","EDMONTON+INTERNATIONAL+CS","09-05","DMC",1999,2026,25.5318181818182,14.5432159397476,48.2,2003-09-05,NA,138.4,2015-06-19,NA
"3012206","EDMONTON+INTERNATIONAL+CS","09-06","DMC",1999,2026,25.4363636363636,14.7803777725594,54.7,2022-09-06,NA,138.4,2015-06-19,NA
"3012206","EDMONTON+INTERNATIONAL+CS","09-07","DMC",1999,2026,25.0761904761905,14.4156825978482,52.4,2011-09-07,NA,138.4,2015-06-19,NA
"3012206","EDMONTON+INTERNATIONAL+CS","09-08","DMC",1999,2026,23.9571428571429,13.9028979507357,55.4,2011-09-08,NA,138.4,2015-06-19,NA
"3012206","EDMONTON+INTERNATIONAL+CS","09-09","DMC",1999,2026,24.5952380952381,14.6014888347208,58.2,2011-09-09,NA,138.4,2015-06-19,NA
"3012206","EDMONTON+INTERNATIONAL+CS","09-10","DMC",1999,2026,24.5857142857143,15.6937021035282,60.7,2011-09-10,NA,138.4,2015-06-19,NA
"3012206","EDMONTON+INTERNATIONAL+CS","09-11","DMC",1999,2026,25.6904761904762,15.8586224105975,61.1,2011-09-11,NA,138.4,2015-06-19,NA
"3012206","EDMONTON+INTERNATIONAL+CS","09-12","DMC",1999,2026,26.247619047619,16.5115904457329,62.3,2011-09-12,NA,138.4,2015-06-19,NA
"3012206","EDMONTON+INTERNATIONAL+CS","09-13","DMC",1999,2026,24.5619047619048,15.0153413611039,63,2011-09-13,NA,138.4,2015-06-19,NA
"3012206","EDMONTON+INTERNATIONAL+CS","09-14","DMC",1999,2026,24.647619047619,16.3088509419768,64.6,2011-09-14,NA,138.4,2015-06-19,NA
"3012206","EDMONTON+INTERNATIONAL+CS","09-15","DMC",1999,2026,25.4380952380952,17.7017365303655,66,2011-09-15,NA,138.4,2015-06-19,NA
"3012206","EDMONTON+INTERNATIONAL+CS","09-16","DMC",1999,2026,25.8142857142857,17.9831667320938,57.2,2011-09-16,NA,138.4,2015-06-19,NA
"3012206","EDMONTON+INTERNATIONAL+CS","09-17","DMC",1999,2026,26.5142857142857,18.7279546591262,58.4,2011-09-17,NA,138.4,2015-06-19,NA
"3012206","EDMONTON+INTERNATIONAL+CS","09-18","DMC",1999,2026,27.2761904761905,19.1862686513534,60.3,2011-09-18,NA,138.4,2015-06-19,NA
"3012206","EDMONTON+INTERNATIONAL+CS","09-19","DMC",1999,2026,26.5619047619048,19.0999339315736,61.7,2011-09-19,NA,138.4,2015-06-19,NA
"3012206","EDMONTON+INTERNATIONAL+CS","09-20","DMC",1999,2026,26.6772727272727,19.7226708279772,63.4,2011-09-20,NA,138.4,2015-06-19,NA
"3012206","EDMONTON+INTERNATIONAL+CS","09-21","DMC",1999,2026,26.8454545454545,20.6768959462978,65.4,2011-09-21,NA,138.4,2015-06-19,NA
"3012206","EDMONTON+INTERNATIONAL+CS","09-22","DMC",1999,2026,27.1636363636364,21.3157117427396,66.9,2011-09-22,NA,138.4,2015-06-19,NA
"3012206","EDMONTON+INTERNATIONAL+CS","09-23","DMC",1999,2026,28.1136363636364,22.1437359831182,70.3,2009-09-23,NA,138.4,2015-06-19,NA
"3012206","EDMONTON+INTERNATIONAL+CS","09-24","DMC",1999,2026,29.3727272727273,21.9719557578937,72.9,2009-09-24,NA,138.4,2015-06-19,NA
"3012206","EDMONTON+INTERNATIONAL+CS","09-25","DMC",1999,2026,30.8863636363636,21.9405320822433,75.4,2009-09-25,NA,138.4,2015-06-19,NA
"3012206","EDMONTON+INTERNATIONAL+CS","09-26","DMC",1999,2026,31.2636363636364,21.742947306558,77.3,2009-09-26,NA,138.4,2015-06-19,NA
"3012206","EDMONTON+INTERNATIONAL+CS","09-27","DMC",1999,2026,32.05,22.057149796446,78.8,2009-09-27,NA,138.4,2015-06-19,NA
"3012206","EDMONTON+INTERNATIONAL+CS","09-28","DMC",1999,2026,32.8,22.7231369397131,80.2,2009-09-28,NA,138.4,2015-06-19,NA
"3012206","EDMONTON+INTERNATIONAL+CS","09-29","DMC",1999,2026,33.9818181818182,22.5565244782257,80.7,2009-09-29,NA,138.4,2015-06-19,NA
"3012206","EDMONTON+INTERNATIONAL+CS","09-30","DMC",1999,2026,33.0090909090909,21.7794772137815,81.6,2009-09-30,NA,138.4,2015-06-19,NA
"3012206","EDMONTON+INTERNATIONAL+CS","10-01","DMC",1999,2026,33,22.5193884717782,82.9,2009-10-01,NA,138.4,2015-06-19,NA
"3012206","EDMONTON+INTERNATIONAL+CS","10-02","DMC",1999,2026,30.8545454545455,22.4741275008933,84.3,2009-10-02,NA,138.4,2015-06-19,NA
"3012206","EDMONTON+INTERNATIONAL+CS","10-03","DMC",1999,2026,30.9318181818182,23.0157996739639,84.4,2009-10-03,NA,138.4,2015-06-19,NA
"3012206","EDMONTON+INTERNATIONAL+CS","10-04","DMC",1999,2026,29.9863636363636,22.0420009344616,76.4,2011-10-04,NA,138.4,2015-06-19,NA
"3012206","EDMONTON+INTERNATIONAL+CS","10-05","DMC",1999,2026,28.7727272727273,20.3131480249611,66.8,2011-10-05,NA,138.4,2015-06-19,NA
"3012206","EDMONTON+INTERNATIONAL+CS","10-06","DMC",1999,2026,29.5363636363636,20.624385600189,67.7,2009-10-06,NA,138.4,2015-06-19,NA
"3012206","EDMONTON+INTERNATIONAL+CS","10-07","DMC",1999,2026,29.4636363636364,19.2459407087893,67.4,2011-10-07,NA,138.4,2015-06-19,NA
"3012206","EDMONTON+INTERNATIONAL+CS","10-08","DMC",1999,2026,29.2181818181818,19.3354506976086,68.7,2011-10-08,NA,138.4,2015-06-19,NA
"3012206","EDMONTON+INTERNATIONAL+CS","10-09","DMC",1999,2026,29.5272727272727,18.8936669111808,67.1,2020-10-09,NA,138.4,2015-06-19,NA
"3012206","EDMONTON+INTERNATIONAL+CS","10-10","DMC",1999,2026,28.6409090909091,18.6422627660636,67.7,2020-10-10,NA,138.4,2015-06-19,NA
"3012206","EDMONTON+INTERNATIONAL+CS","10-11","DMC",1999,2026,28.5909090909091,18.5475427480662,68.2,2022-10-11,NA,138.4,2015-06-19,NA
"3012206","EDMONTON+INTERNATIONAL+CS","10-12","DMC",1999,2026,28.7454545454545,18.9033815889601,69.5,2022-10-12,NA,138.4,2015-06-19,NA
"3012206","EDMONTON+INTERNATIONAL+CS","10-13","DMC",1999,2026,29.1545454545455,19.1988027224102,71.2,2022-10-13,NA,138.4,2015-06-19,NA
"3012206","EDMONTON+INTERNATIONAL+CS","10-14","DMC",1999,2026,28.9272727272727,19.4441613667294,73,2022-10-14,NA,138.4,2015-06-19,NA
"3012206","EDMONTON+INTERNATIONAL+CS","10-15","DMC",1999,2026,28.9454545454545,19.4632921228589,73.8,2022-10-15,NA,138.4,2015-06-19,NA
"3012206","EDMONTON+INTERNATIONAL+CS","10-16","DMC",1999,2026,26.0142857142857,18.694712774319,75.1,2022-10-16,NA,138.4,2015-06-19,NA
"3012206","EDMONTON+INTERNATIONAL+CS","10-17","DMC",1999,2026,26.4428571428571,18.7880433102697,76.7,2022-10-17,NA,138.4,2015-06-19,NA
"3012206","EDMONTON+INTERNATIONAL+CS","10-18","DMC",1999,2026,27.325,19.5754646378949,132.8,2025-10-18,NA,138.4,2015-06-19,NA
"3012206","EDMONTON+INTERNATIONAL+CS","10-19","DMC",1999,2026,27.575,19.9100311929756,81.1,2022-10-19,NA,138.4,2015-06-19,NA
"3012206","EDMONTON+INTERNATIONAL+CS","10-20","DMC",1999,2026,27.885,20.327406311884,82.1,2022-10-20,NA,138.4,2015-06-19,NA
"3012206","EDMONTON+INTERNATIONAL+CS","10-21","DMC",1999,2026,28.125,20.5923817032058,82.6,2022-10-21,NA,138.4,2015-06-19,NA
"3012206","EDMONTON+INTERNATIONAL+CS","10-22","DMC",1999,2026,28.7631578947368,21.5679342885146,82.7,2022-10-22,NA,138.4,2015-06-19,NA
"3012206","EDMONTON+INTERNATIONAL+CS","10-23","DMC",1999,2026,26.0611111111111,19.8680689398515,82.9,2022-10-23,NA,138.4,2015-06-19,NA
"3012206","EDMONTON+INTERNATIONAL+CS","10-24","DMC",1999,2026,25.1388888888889,19.1436409005211,82.9,2022-10-24,NA,138.4,2015-06-19,NA
"3012206","EDMONTON+INTERNATIONAL+CS","10-25","DMC",1999,2026,25.0277777777778,19.3903494964575,83.4,2022-10-25,NA,138.4,2015-06-19,NA
"3012206","EDMONTON+INTERNATIONAL+CS","10-26","DMC",1999,2026,25.3055555555556,19.5487466793149,83.8,2022-10-26,NA,138.4,2015-06-19,NA
"3012206","EDMONTON+INTERNATIONAL+CS","10-27","DMC",1999,2026,24.7058823529412,19.50575141427,85.4,2022-10-27,NA,138.4,2015-06-19,NA
"3012206","EDMONTON+INTERNATIONAL+CS","10-28","DMC",1999,2026,23.35625,20.0785447264819,86,2022-10-28,NA,138.4,2015-06-19,NA
"3012206","EDMONTON+INTERNATIONAL+CS","10-29","DMC",1999,2026,24.2933333333333,20.2934354856324,86.9,2022-10-29,NA,138.4,2015-06-19,NA
"3012206","EDMONTON+INTERNATIONAL+CS","10-30","DMC",1999,2026,24.4066666666667,20.5111630465903,88.3,2022-10-30,NA,138.4,2015-06-19,NA
"3012206","EDMONTON+INTERNATIONAL+CS","10-31","DMC",1999,2026,22.1933333333333,16.8446034879622,88.7,2022-10-31,NA,138.4,2015-06-19,NA
"3012206","EDMONTON+INTERNATIONAL+CS","04-01","FFMC",1999,2026,60.85,31.6076731190387,92.3,2021-04-01,NA,96,2023-05-04,NA
"3012206","EDMONTON+INTERNATIONAL+CS","04-02","FFMC",1999,2026,58.15,0.777817459305203,91.4,2021-04-02,NA,96,2023-05-04,NA
"3012206","EDMONTON+INTERNATIONAL+CS","04-03","FFMC",1999,2026,80.6,4.2142615011411,89.6,2021-04-03,NA,96,2023-05-04,NA
"3012206","EDMONTON+INTERNATIONAL+CS","04-04","FFMC",1999,2026,85.2,1.25299640861417,87.7,2022-04-04,NA,96,2023-05-04,NA
"3012206","EDMONTON+INTERNATIONAL+CS","04-05","FFMC",1999,2026,68.1333333333333,17.4374118874715,88.5,2021-04-05,NA,96,2023-05-04,NA
"3012206","EDMONTON+INTERNATIONAL+CS","04-06","FFMC",1999,2026,74.8666666666667,15.4965587577802,88.6,2021-04-06,NA,96,2023-05-04,NA
"3012206","EDMONTON+INTERNATIONAL+CS","04-07","FFMC",1999,2026,69.625,23.3478585741819,90.8,2021-04-07,NA,96,2023-05-04,NA
"3012206","EDMONTON+INTERNATIONAL+CS","04-08","FFMC",1999,2026,70.34,19.271559355693,90.8,2022-04-08,NA,96,2023-05-04,NA
"3012206","EDMONTON+INTERNATIONAL+CS","04-09","FFMC",1999,2026,72.6833333333333,19.2743785027343,90.4,2022-04-09,NA,96,2023-05-04,NA
"3012206","EDMONTON+INTERNATIONAL+CS","04-10","FFMC",1999,2026,79.6285714285714,10.9574501726321,89.7,2023-04-10,NA,96,2023-05-04,NA
"3012206","EDMONTON+INTERNATIONAL+CS","04-11","FFMC",1999,2026,83.5571428571428,4.44404363272052,89.8,2025-04-11,NA,96,2023-05-04,NA
"3012206","EDMONTON+INTERNATIONAL+CS","04-12","FFMC",1999,2026,84.4428571428572,1.17594946441467,89.8,2025-04-12,NA,96,2023-05-04,NA
"3012206","EDMONTON+INTERNATIONAL+CS","04-13","FFMC",1999,2026,76.1571428571429,24.6317449065806,90,2025-04-13,NA,96,2023-05-04,NA
"3012206","EDMONTON+INTERNATIONAL+CS","04-14","FFMC",1999,2026,63.7714285714286,32.2869795369441,90,2025-04-14,NA,96,2023-05-04,NA
"3012206","EDMONTON+INTERNATIONAL+CS","04-15","FFMC",1999,2026,68.9571428571429,24.9395173130821,91.4,2021-04-15,NA,96,2023-05-04,NA
"3012206","EDMONTON+INTERNATIONAL+CS","04-16","FFMC",1999,2026,75.4125,20.1640016932581,92.9,2021-04-16,NA,96,2023-05-04,NA
"3012206","EDMONTON+INTERNATIONAL+CS","04-17","FFMC",1999,2026,81.59,15.7034638783224,92.7,2021-04-17,NA,96,2023-05-04,NA
"3012206","EDMONTON+INTERNATIONAL+CS","04-18","FFMC",1999,2026,76.8,24.2447245120803,93.9,2016-04-18,NA,96,2023-05-04,NA
"3012206","EDMONTON+INTERNATIONAL+CS","04-19","FFMC",1999,2026,81.3454545454545,16.3949604230302,93.9,2016-04-19,NA,96,2023-05-04,NA
"3012206","EDMONTON+INTERNATIONAL+CS","04-20","FFMC",1999,2026,81.3461538461538,15.6273059836842,93.3,2016-04-20,NA,96,2023-05-04,NA
"3012206","EDMONTON+INTERNATIONAL+CS","04-21","FFMC",1999,2026,81.425,15.7697389536627,92.5,2019-04-21,90,96,2023-05-04,NA
"3012206","EDMONTON+INTERNATIONAL+CS","04-22","FFMC",1999,2026,84.15625,11.8282130941237,94.2,2019-04-22,77.9,96,2023-05-04,NA
"3012206","EDMONTON+INTERNATIONAL+CS","04-23","FFMC",1999,2026,81.3333333333333,15.3772176784167,93.1,2019-04-23,81,96,2023-05-04,NA
"3012206","EDMONTON+INTERNATIONAL+CS","04-24","FFMC",1999,2026,77.6894736842105,16.184762886975,92.8,2006-04-24,81.7,96,2023-05-04,NA
"3012206","EDMONTON+INTERNATIONAL+CS","04-25","FFMC",1999,2026,78.2722222222222,18.127191325726,94.7,2006-04-25,68.4,96,2023-05-04,NA
"3012206","EDMONTON+INTERNATIONAL+CS","04-26","FFMC",1999,2026,80.9444444444445,13.3119681764954,93.7,2025-04-26,64.9,96,2023-05-04,NA
"3012206","EDMONTON+INTERNATIONAL+CS","04-27","FFMC",1999,2026,74.4052631578947,26.8465283020234,93.8,2001-04-27,75.2,96,2023-05-04,NA
"3012206","EDMONTON+INTERNATIONAL+CS","04-28","FFMC",1999,2026,73.1368421052632,19.1164911507873,92.8,2006-04-28,82.2,96,2023-05-04,NA
"3012206","EDMONTON+INTERNATIONAL+CS","04-29","FFMC",1999,2026,75.6421052631579,16.7773099349976,92.9,2023-04-29,88.9,96,2023-05-04,NA
"3012206","EDMONTON+INTERNATIONAL+CS","04-30","FFMC",1999,2026,74.7,19.5876706656321,93.5,2021-04-30,91.9,96,2023-05-04,NA
"3012206","EDMONTON+INTERNATIONAL+CS","05-01","FFMC",1999,2026,79.69,16.7867084012134,93.8,2023-05-01,91.6,96,2023-05-04,NA
"3012206","EDMONTON+INTERNATIONAL+CS","05-02","FFMC",1999,2026,76.73,16.5104783315579,94.3,2025-05-02,91.9,96,2023-05-04,NA
"3012206","EDMONTON+INTERNATIONAL+CS","05-03","FFMC",1999,2026,77.8684210526316,15.627399464885,94.6,2023-05-03,92.1,96,2023-05-04,NA
"3012206","EDMONTON+INTERNATIONAL+CS","05-04","FFMC",1999,2026,67.1894736842105,30.3787186975949,96,2023-05-04,90.7,96,2023-05-04,NA
"3012206","EDMONTON+INTERNATIONAL+CS","05-05","FFMC",1999,2026,76.4210526315789,17.9131726499234,95.4,2023-05-05,90,96,2023-05-04,NA
"3012206","EDMONTON+INTERNATIONAL+CS","05-06","FFMC",1999,2026,76.2842105263158,17.6656057278259,95.1,2013-05-06,92.3,96,2023-05-04,NA
"3012206","EDMONTON+INTERNATIONAL+CS","05-07","FFMC",1999,2026,79.5,12.9076635289962,95.7,2016-05-07,92.6,96,2023-05-04,NA
"3012206","EDMONTON+INTERNATIONAL+CS","05-08","FFMC",1999,2026,80.0052631578947,10.2598177200729,92.7,2026-05-08,92.7,96,2023-05-04,NA
"3012206","EDMONTON+INTERNATIONAL+CS","05-09","FFMC",1999,2026,81.8105263157895,6.95580450949198,91.8,2026-05-09,91.8,96,2023-05-04,NA
"3012206","EDMONTON+INTERNATIONAL+CS","05-10","FFMC",1999,2026,76.625,18.4635024048156,93.5,2024-05-10,92.7,96,2023-05-04,NA
"3012206","EDMONTON+INTERNATIONAL+CS","05-11","FFMC",1999,2026,81.6142857142857,14.8207383660291,93.6,2024-05-11,92.8,96,2023-05-04,NA
"3012206","EDMONTON+INTERNATIONAL+CS","05-12","FFMC",1999,2026,83.2761904761905,14.5732256128115,93.5,2019-05-12,92.9,96,2023-05-04,NA
"3012206","EDMONTON+INTERNATIONAL+CS","05-13","FFMC",1999,2026,86.3047619047619,9.76506406484239,93.5,2012-05-13,93,96,2023-05-04,NA
"3012206","EDMONTON+INTERNATIONAL+CS","05-14","FFMC",1999,2026,85.7714285714286,15.1561585785166,93.9,2023-05-14,77.5,96,2023-05-04,NA
"3012206","EDMONTON+INTERNATIONAL+CS","05-15","FFMC",1999,2026,81.352380952381,17.3210166863155,94.2,2018-05-15,88,96,2023-05-04,NA
"3012206","EDMONTON+INTERNATIONAL+CS","05-16","FFMC",1999,2026,83.2190476190476,11.8231814266558,94.3,2016-05-16,83.9,96,2023-05-04,NA
"3012206","EDMONTON+INTERNATIONAL+CS","05-17","FFMC",1999,2026,79.5380952380953,19.2209905101292,93.9,2008-05-17,85.3,96,2023-05-04,NA
"3012206","EDMONTON+INTERNATIONAL+CS","05-18","FFMC",1999,2026,81.5666666666667,13.0228773062382,94.8,2010-05-18,88.4,96,2023-05-04,NA
"3012206","EDMONTON+INTERNATIONAL+CS","05-19","FFMC",1999,2026,83.0090909090909,12.1729954481967,92.5,2006-05-19,90.1,96,2023-05-04,NA
"3012206","EDMONTON+INTERNATIONAL+CS","05-20","FFMC",1999,2026,80.8454545454546,16.9351065983606,93,2015-05-20,88.8,96,2023-05-04,NA
"3012206","EDMONTON+INTERNATIONAL+CS","05-21","FFMC",1999,2026,70.6272727272727,30.0953909114428,94.1,2013-05-21,91.8,96,2023-05-04,NA
"3012206","EDMONTON+INTERNATIONAL+CS","05-22","FFMC",1999,2026,71.4590909090909,30.1682055764944,94.6,2015-05-22,91.8,96,2023-05-04,NA
"3012206","EDMONTON+INTERNATIONAL+CS","05-23","FFMC",1999,2026,69.4545454545455,29.1758988480745,95.4,2015-05-23,92.8,96,2023-05-04,NA
"3012206","EDMONTON+INTERNATIONAL+CS","05-24","FFMC",1999,2026,70.3090909090909,23.4054309751861,95.5,2015-05-24,92.3,96,2023-05-04,NA
"3012206","EDMONTON+INTERNATIONAL+CS","05-25","FFMC",1999,2026,71.1090909090909,24.9538032045677,95.3,2015-05-25,94.1,96,2023-05-04,NA
"3012206","EDMONTON+INTERNATIONAL+CS","05-26","FFMC",1999,2026,73.4045454545454,21.3033079763667,92.6,2015-05-26,90.8,96,2023-05-04,NA
"3012206","EDMONTON+INTERNATIONAL+CS","05-27","FFMC",1999,2026,79.6272727272727,19.623047232374,93.8,2017-05-27,90.8,96,2023-05-04,NA
"3012206","EDMONTON+INTERNATIONAL+CS","05-28","FFMC",1999,2026,79.6136363636364,20.2020106367221,94.2,2019-05-28,92.8,96,2023-05-04,NA
"3012206","EDMONTON+INTERNATIONAL+CS","05-29","FFMC",1999,2026,76.8318181818182,26.7166327070509,94.4,2017-05-29,92.9,96,2023-05-04,NA
"3012206","EDMONTON+INTERNATIONAL+CS","05-30","FFMC",1999,2026,74.6181818181818,25.1054468831659,93.4,2025-05-30,93,96,2023-05-04,NA
"3012206","EDMONTON+INTERNATIONAL+CS","05-31","FFMC",1999,2026,78.8318181818182,18.4641579789096,93.5,2025-05-31,45.1,96,2023-05-04,NA
"3012206","EDMONTON+INTERNATIONAL+CS","06-01","FFMC",1999,2026,81.3818181818182,15.5436600569289,92,2002-06-01,14.5,96,2023-05-04,NA
"3012206","EDMONTON+INTERNATIONAL+CS","06-02","FFMC",1999,2026,83.2727272727273,11.4381642640592,93.4,2022-06-02,10.8,96,2023-05-04,NA
"3012206","EDMONTON+INTERNATIONAL+CS","06-03","FFMC",1999,2026,81.8727272727273,14.1115346881695,94.7,2022-06-03,27.1,96,2023-05-04,NA
"3012206","EDMONTON+INTERNATIONAL+CS","06-04","FFMC",1999,2026,80.1909090909091,18.6753443033451,93.8,2000-06-04,51.6,96,2023-05-04,NA
"3012206","EDMONTON+INTERNATIONAL+CS","06-05","FFMC",1999,2026,76.5409090909091,20.8359272844015,93.9,2000-06-05,74.9,96,2023-05-04,NA
"3012206","EDMONTON+INTERNATIONAL+CS","06-06","FFMC",1999,2026,78.0909090909091,11.9904687978136,92,2023-06-06,71.1,96,2023-05-04,NA
"3012206","EDMONTON+INTERNATIONAL+CS","06-07","FFMC",1999,2026,70.2818181818182,19.8661146383109,92.1,2023-06-07,75,96,2023-05-04,NA
"3012206","EDMONTON+INTERNATIONAL+CS","06-08","FFMC",1999,2026,71.0090909090909,20.228572651454,93.1,2023-06-08,77,96,2023-05-04,NA
"3012206","EDMONTON+INTERNATIONAL+CS","06-09","FFMC",1999,2026,70.7818181818182,24.7046676978381,93.8,2025-06-09,86.5,96,2023-05-04,NA
"3012206","EDMONTON+INTERNATIONAL+CS","06-10","FFMC",1999,2026,62.5772727272727,28.0943805907733,93.4,2025-06-10,85.8,96,2023-05-04,NA
"3012206","EDMONTON+INTERNATIONAL+CS","06-11","FFMC",1999,2026,65.7545454545455,22.6756157531289,92.1,2002-06-11,78.7,96,2023-05-04,NA
"3012206","EDMONTON+INTERNATIONAL+CS","06-12","FFMC",1999,2026,72.3363636363636,20.1440891827933,94.4,2002-06-12,81.3,96,2023-05-04,NA
"3012206","EDMONTON+INTERNATIONAL+CS","06-13","FFMC",1999,2026,75.3590909090909,18.1769518920687,94.5,2002-06-13,87.4,96,2023-05-04,NA
"3012206","EDMONTON+INTERNATIONAL+CS","06-14","FFMC",1999,2026,75.6727272727273,13.7875092476999,93.2,2002-06-14,90.2,96,2023-05-04,NA
"3012206","EDMONTON+INTERNATIONAL+CS","06-15","FFMC",1999,2026,71.3818181818182,17.205885935415,93.3,2002-06-15,90.7,96,2023-05-04,NA
"3012206","EDMONTON+INTERNATIONAL+CS","06-16","FFMC",1999,2026,72.7636363636364,23.8311829623559,92.9,2002-06-16,72.3,96,2023-05-04,NA
"3012206","EDMONTON+INTERNATIONAL+CS","06-17","FFMC",1999,2026,74.2272727272727,19.9817817456703,89.7,2009-06-17,62.8,96,2023-05-04,NA
"3012206","EDMONTON+INTERNATIONAL+CS","06-18","FFMC",1999,2026,71.3863636363636,24.2976835159738,89.4,2003-06-18,67.6,96,2023-05-04,NA
"3012206","EDMONTON+INTERNATIONAL+CS","06-19","FFMC",1999,2026,70.0681818181818,22.9130527650286,91.5,2018-06-19,68.4,96,2023-05-04,NA
"3012206","EDMONTON+INTERNATIONAL+CS","06-20","FFMC",1999,2026,72.4136363636364,21.8894037303668,91.8,2018-06-20,35.7,96,2023-05-04,NA
"3012206","EDMONTON+INTERNATIONAL+CS","06-21","FFMC",1999,2026,77.0318181818182,15.769361081469,92.2,2002-06-21,18.3,96,2023-05-04,NA
"3012206","EDMONTON+INTERNATIONAL+CS","06-22","FFMC",1999,2026,73.2590909090909,17.6155142414674,94.1,2002-06-22,23.6,96,2023-05-04,NA
"3012206","EDMONTON+INTERNATIONAL+CS","06-23","FFMC",1999,2026,74.05,17.6464686876116,94.2,2002-06-23,59.2,96,2023-05-04,NA
"3012206","EDMONTON+INTERNATIONAL+CS","06-24","FFMC",1999,2026,76.1772727272727,14.1705237937327,91.3,2009-06-24,82.6,96,2023-05-04,NA
"3012206","EDMONTON+INTERNATIONAL+CS","06-25","FFMC",1999,2026,70,22.3597853299176,91.3,2009-06-25,88.4,96,2023-05-04,NA
"3012206","EDMONTON+INTERNATIONAL+CS","06-26","FFMC",1999,2026,73.9363636363636,18.9578114432709,93.6,2002-06-26,88.4,96,2023-05-04,NA
"3012206","EDMONTON+INTERNATIONAL+CS","06-27","FFMC",1999,2026,80.1045454545455,12.4608139026664,93.8,2002-06-27,44.5,96,2023-05-04,NA
"3012206","EDMONTON+INTERNATIONAL+CS","06-28","FFMC",1999,2026,80.6727272727273,10.5090066504509,92.6,2015-06-28,29.2,96,2023-05-04,NA
"3012206","EDMONTON+INTERNATIONAL+CS","06-29","FFMC",1999,2026,76.6772727272727,16.6627023423768,90.5,2021-06-29,46,96,2023-05-04,NA
"3012206","EDMONTON+INTERNATIONAL+CS","06-30","FFMC",1999,2026,72.2181818181818,20.0878460378797,90.9,2021-06-30,66.7,96,2023-05-04,NA
"3012206","EDMONTON+INTERNATIONAL+CS","07-01","FFMC",1999,2026,73.4681818181818,17.841161246736,91.6,2021-07-01,73,96,2023-05-04,NA
"3012206","EDMONTON+INTERNATIONAL+CS","07-02","FFMC",1999,2026,75.5727272727273,13.5801739878812,91.3,2002-07-02,49.9,96,2023-05-04,NA
"3012206","EDMONTON+INTERNATIONAL+CS","07-03","FFMC",1999,2026,75.3681818181818,19.8980828548557,91.3,2002-07-03,73.3,96,2023-05-04,NA
"3012206","EDMONTON+INTERNATIONAL+CS","07-04","FFMC",1999,2026,73.9136363636364,22.5557783844437,89.6,2006-07-04,78.5,96,2023-05-04,NA
"3012206","EDMONTON+INTERNATIONAL+CS","07-05","FFMC",1999,2026,71.2409090909091,17.8091645506279,89.6,2006-07-05,84.1,96,2023-05-04,NA
"3012206","EDMONTON+INTERNATIONAL+CS","07-06","FFMC",1999,2026,75.0409090909091,16.8082366172605,90.5,2002-07-06,87.8,96,2023-05-04,NA
"3012206","EDMONTON+INTERNATIONAL+CS","07-07","FFMC",1999,2026,72.9363636363636,15.1726114603959,93.2,2002-07-07,87.8,96,2023-05-04,NA
"3012206","EDMONTON+INTERNATIONAL+CS","07-08","FFMC",1999,2026,70.2863636363636,20.9711433358759,90.7,2024-07-08,85,96,2023-05-04,NA
"3012206","EDMONTON+INTERNATIONAL+CS","07-09","FFMC",1999,2026,67.1590909090909,25.9095617409942,90.6,2015-07-09,83.9,96,2023-05-04,NA
"3012206","EDMONTON+INTERNATIONAL+CS","07-10","FFMC",1999,2026,69.5545454545454,22.3298162249646,91.1,2015-07-10,53.1,96,2023-05-04,NA
"3012206","EDMONTON+INTERNATIONAL+CS","07-11","FFMC",1999,2026,71.2272727272727,21.4444172292704,90.2,2024-07-11,53.4,96,2023-05-04,NA
"3012206","EDMONTON+INTERNATIONAL+CS","07-12","FFMC",1999,2026,78.6409090909091,13.6743645831624,90.2,2024-07-12,75,96,2023-05-04,NA
"3012206","EDMONTON+INTERNATIONAL+CS","07-13","FFMC",1999,2026,72.9545454545454,20.9848636441723,90.4,2002-07-13,86,96,2023-05-04,NA
"3012206","EDMONTON+INTERNATIONAL+CS","07-14","FFMC",1999,2026,70.3363636363636,20.0270661012385,89.9,2021-07-14,87.9,96,2023-05-04,NA
"3012206","EDMONTON+INTERNATIONAL+CS","07-15","FFMC",1999,2026,71.5636363636364,22.2040868279124,90,2021-07-15,86.6,96,2023-05-04,NA
"3012206","EDMONTON+INTERNATIONAL+CS","07-16","FFMC",1999,2026,64.7954545454546,24.1642293143187,91.4,2002-07-16,86.6,96,2023-05-04,NA
"3012206","EDMONTON+INTERNATIONAL+CS","07-17","FFMC",1999,2026,65.0818181818182,24.1276296146661,91.8,2018-07-17,88.5,96,2023-05-04,NA
"3012206","EDMONTON+INTERNATIONAL+CS","07-18","FFMC",1999,2026,63.3772727272727,18.1176297151009,91.2,2024-07-18,86.5,96,2023-05-04,NA
"3012206","EDMONTON+INTERNATIONAL+CS","07-19","FFMC",1999,2026,65.6090909090909,21.276410122613,91.1,2024-07-19,51.5,96,2023-05-04,NA
"3012206","EDMONTON+INTERNATIONAL+CS","07-20","FFMC",1999,2026,74.15,17.6766930218997,89.6,2024-07-20,49.2,96,2023-05-04,NA
"3012206","EDMONTON+INTERNATIONAL+CS","07-21","FFMC",1999,2026,73.0136363636364,18.6547145950662,89.6,2024-07-21,41.3,96,2023-05-04,NA
"3012206","EDMONTON+INTERNATIONAL+CS","07-22","FFMC",1999,2026,69.55,23.7693229664985,92.3,2006-07-22,72,96,2023-05-04,NA
"3012206","EDMONTON+INTERNATIONAL+CS","07-23","FFMC",1999,2026,74.4590909090909,16.5276581779902,92.1,2006-07-23,83.4,96,2023-05-04,NA
"3012206","EDMONTON+INTERNATIONAL+CS","07-24","FFMC",1999,2026,67.3954545454545,20.5523600144728,90.3,2002-07-24,85.8,96,2023-05-04,NA
"3012206","EDMONTON+INTERNATIONAL+CS","07-25","FFMC",1999,2026,69.4636363636364,23.1112742113237,90.1,2008-07-25,88,96,2023-05-04,NA
"3012206","EDMONTON+INTERNATIONAL+CS","07-26","FFMC",1999,2026,68.3409090909091,23.9550105920981,91.3,2008-07-26,54.5,96,2023-05-04,NA
"3012206","EDMONTON+INTERNATIONAL+CS","07-27","FFMC",1999,2026,78.2909090909091,10.5360112218777,89.1,2008-07-27,38.9,96,2023-05-04,NA
"3012206","EDMONTON+INTERNATIONAL+CS","07-28","FFMC",1999,2026,71.4818181818182,19.4378775140467,89.7,2007-07-28,63.6,96,2023-05-04,NA
"3012206","EDMONTON+INTERNATIONAL+CS","07-29","FFMC",1999,2026,74.9045454545454,20.8073814117039,90.2,2024-07-29,67.7,96,2023-05-04,NA
"3012206","EDMONTON+INTERNATIONAL+CS","07-30","FFMC",1999,2026,77.0136363636364,14.5427218076864,89.5,2003-07-30,82.2,96,2023-05-04,NA
"3012206","EDMONTON+INTERNATIONAL+CS","07-31","FFMC",1999,2026,74.0181818181818,15.5834355391699,90.6,2003-07-31,85.5,96,2023-05-04,NA
"3012206","EDMONTON+INTERNATIONAL+CS","08-01","FFMC",1999,2026,75.5636363636364,14.1693682170729,91.1,2003-08-01,85.8,96,2023-05-04,NA
"3012206","EDMONTON+INTERNATIONAL+CS","08-02","FFMC",1999,2026,74.9136363636363,16.4559526197476,90.8,2024-08-02,70.1,96,2023-05-04,NA
"3012206","EDMONTON+INTERNATIONAL+CS","08-03","FFMC",1999,2026,76.0318181818182,16.8961642974187,90.9,2003-08-03,62.4,96,2023-05-04,NA
"3012206","EDMONTON+INTERNATIONAL+CS","08-04","FFMC",1999,2026,71.3136363636364,19.1448437781572,89.6,2021-08-04,80.4,96,2023-05-04,NA
"3012206","EDMONTON+INTERNATIONAL+CS","08-05","FFMC",1999,2026,72.6590909090909,18.3467048836182,89.6,2021-08-05,58.9,96,2023-05-04,NA
"3012206","EDMONTON+INTERNATIONAL+CS","08-06","FFMC",1999,2026,75.9090909090909,13.1027772080109,89.5,2008-08-06,74.2,96,2023-05-04,NA
"3012206","EDMONTON+INTERNATIONAL+CS","08-07","FFMC",1999,2026,75.0954545454545,14.8962595903653,89.8,2008-08-07,82.1,96,2023-05-04,NA
"3012206","EDMONTON+INTERNATIONAL+CS","08-08","FFMC",1999,2026,76.3454545454546,14.7921384291575,91.6,2008-08-08,NA,96,2023-05-04,NA
"3012206","EDMONTON+INTERNATIONAL+CS","08-09","FFMC",1999,2026,78.2681818181818,13.3833722835335,90.8,2018-08-09,NA,96,2023-05-04,NA
"3012206","EDMONTON+INTERNATIONAL+CS","08-10","FFMC",1999,2026,78.9227272727273,12.853049733269,91.5,2018-08-10,NA,96,2023-05-04,NA
"3012206","EDMONTON+INTERNATIONAL+CS","08-11","FFMC",1999,2026,76.3727272727273,14.6371406854579,91.8,2024-08-11,NA,96,2023-05-04,NA
"3012206","EDMONTON+INTERNATIONAL+CS","08-12","FFMC",1999,2026,66.7863636363636,24.1995925871755,91.4,2024-08-12,NA,96,2023-05-04,NA
"3012206","EDMONTON+INTERNATIONAL+CS","08-13","FFMC",1999,2026,74.5,17.9747971708538,92.2,2021-08-13,NA,96,2023-05-04,NA
"3012206","EDMONTON+INTERNATIONAL+CS","08-14","FFMC",1999,2026,76.3181818181818,15.2138607342633,93,2021-08-14,NA,96,2023-05-04,NA
"3012206","EDMONTON+INTERNATIONAL+CS","08-15","FFMC",1999,2026,74.3227272727273,18.0088584503289,93.1,2003-08-15,NA,96,2023-05-04,NA
"3012206","EDMONTON+INTERNATIONAL+CS","08-16","FFMC",1999,2026,77.6318181818182,16.4922315439331,90.7,2008-08-16,NA,96,2023-05-04,NA
"3012206","EDMONTON+INTERNATIONAL+CS","08-17","FFMC",1999,2026,81.3409090909091,17.8674926716732,89.6,2020-08-17,NA,96,2023-05-04,NA
"3012206","EDMONTON+INTERNATIONAL+CS","08-18","FFMC",1999,2026,81.0909090909091,18.6515902319834,91.6,2008-08-18,NA,96,2023-05-04,NA
"3012206","EDMONTON+INTERNATIONAL+CS","08-19","FFMC",1999,2026,76.8045454545455,17.50391731048,91.1,2003-08-19,NA,96,2023-05-04,NA
"3012206","EDMONTON+INTERNATIONAL+CS","08-20","FFMC",1999,2026,80.4772727272727,8.39891896775054,89.8,2018-08-20,NA,96,2023-05-04,NA
"3012206","EDMONTON+INTERNATIONAL+CS","08-21","FFMC",1999,2026,77.7954545454546,14.9353042047463,90.4,2018-08-21,NA,96,2023-05-04,NA
"3012206","EDMONTON+INTERNATIONAL+CS","08-22","FFMC",1999,2026,72.2636363636364,25.3077165994983,90.7,2018-08-22,NA,96,2023-05-04,NA
"3012206","EDMONTON+INTERNATIONAL+CS","08-23","FFMC",1999,2026,75.2045454545454,24.4519641293609,89.7,2024-08-23,NA,96,2023-05-04,NA
"3012206","EDMONTON+INTERNATIONAL+CS","08-24","FFMC",1999,2026,74.0045454545455,22.6020116524156,90,2002-08-24,NA,96,2023-05-04,NA
"3012206","EDMONTON+INTERNATIONAL+CS","08-25","FFMC",1999,2026,78.0227272727273,13.2974373405871,90,2002-08-25,NA,96,2023-05-04,NA
"3012206","EDMONTON+INTERNATIONAL+CS","08-26","FFMC",1999,2026,79.95,9.94311199728114,90.9,2003-08-26,NA,96,2023-05-04,NA
"3012206","EDMONTON+INTERNATIONAL+CS","08-27","FFMC",1999,2026,78.4,15.8305009998029,93.2,2025-08-27,NA,96,2023-05-04,NA
"3012206","EDMONTON+INTERNATIONAL+CS","08-28","FFMC",1999,2026,79.6772727272727,13.8622794737299,92.5,2025-08-28,NA,96,2023-05-04,NA
"3012206","EDMONTON+INTERNATIONAL+CS","08-29","FFMC",1999,2026,82.0681818181818,11.1108006810892,92.6,2025-08-29,NA,96,2023-05-04,NA
"3012206","EDMONTON+INTERNATIONAL+CS","08-30","FFMC",1999,2026,75.0136363636364,21.004609368389,92.7,2025-08-30,NA,96,2023-05-04,NA
"3012206","EDMONTON+INTERNATIONAL+CS","08-31","FFMC",1999,2026,73.2590909090909,20.7555307394693,91.5,2009-08-31,NA,96,2023-05-04,NA
"3012206","EDMONTON+INTERNATIONAL+CS","09-01","FFMC",1999,2026,75.4409090909091,16.3326333890133,89.8,2009-09-01,NA,96,2023-05-04,NA
"3012206","EDMONTON+INTERNATIONAL+CS","09-02","FFMC",1999,2026,72.3,19.9087202717086,93.3,2024-09-02,NA,96,2023-05-04,NA
"3012206","EDMONTON+INTERNATIONAL+CS","09-03","FFMC",1999,2026,74.9090909090909,21.2397181644585,90.3,2003-09-03,NA,96,2023-05-04,NA
"3012206","EDMONTON+INTERNATIONAL+CS","09-04","FFMC",1999,2026,75.6545454545455,17.3852900950289,89.7,2006-09-04,NA,96,2023-05-04,NA
"3012206","EDMONTON+INTERNATIONAL+CS","09-05","FFMC",1999,2026,80.55,9.82357465730368,91.3,2021-09-05,NA,96,2023-05-04,NA
"3012206","EDMONTON+INTERNATIONAL+CS","09-06","FFMC",1999,2026,77.7772727272727,16.4245441139366,91.3,2021-09-06,NA,96,2023-05-04,NA
"3012206","EDMONTON+INTERNATIONAL+CS","09-07","FFMC",1999,2026,79.8666666666667,12.8655871740599,92.6,2017-09-07,NA,96,2023-05-04,NA
"3012206","EDMONTON+INTERNATIONAL+CS","09-08","FFMC",1999,2026,74.6238095238096,19.3709293726941,92.1,2024-09-08,NA,96,2023-05-04,NA
"3012206","EDMONTON+INTERNATIONAL+CS","09-09","FFMC",1999,2026,73.8047619047619,21.9770443005987,90.9,2012-09-09,NA,96,2023-05-04,NA
"3012206","EDMONTON+INTERNATIONAL+CS","09-10","FFMC",1999,2026,70.9666666666667,21.3236097632022,90.6,2023-09-10,NA,96,2023-05-04,NA
"3012206","EDMONTON+INTERNATIONAL+CS","09-11","FFMC",1999,2026,76.7,15.6700031908101,92.3,2022-09-11,NA,96,2023-05-04,NA
"3012206","EDMONTON+INTERNATIONAL+CS","09-12","FFMC",1999,2026,76.6857142857143,17.7895836295931,92.8,2009-09-12,NA,96,2023-05-04,NA
"3012206","EDMONTON+INTERNATIONAL+CS","09-13","FFMC",1999,2026,71.8904761904762,23.9915381908269,92.9,2009-09-13,NA,96,2023-05-04,NA
"3012206","EDMONTON+INTERNATIONAL+CS","09-14","FFMC",1999,2026,74.0571428571429,24.9417435522975,92,2009-09-14,NA,96,2023-05-04,NA
"3012206","EDMONTON+INTERNATIONAL+CS","09-15","FFMC",1999,2026,70.0761904761905,30.8144593456044,92,2008-09-15,NA,96,2023-05-04,NA
"3012206","EDMONTON+INTERNATIONAL+CS","09-16","FFMC",1999,2026,69.0476190476191,30.1325508221196,90.6,2009-09-16,NA,96,2023-05-04,NA
"3012206","EDMONTON+INTERNATIONAL+CS","09-17","FFMC",1999,2026,72.9857142857143,22.4551839385538,90.4,2021-09-17,NA,96,2023-05-04,NA
"3012206","EDMONTON+INTERNATIONAL+CS","09-18","FFMC",1999,2026,78.1619047619048,14.8343680751988,91.2,2008-09-18,NA,96,2023-05-04,NA
"3012206","EDMONTON+INTERNATIONAL+CS","09-19","FFMC",1999,2026,74.8952380952381,19.0732922221224,91.9,2009-09-19,NA,96,2023-05-04,NA
"3012206","EDMONTON+INTERNATIONAL+CS","09-20","FFMC",1999,2026,74.65,22.7736846883791,89.6,2009-09-20,NA,96,2023-05-04,NA
"3012206","EDMONTON+INTERNATIONAL+CS","09-21","FFMC",1999,2026,72.6045454545454,25.2391509417361,91.6,2014-09-21,NA,96,2023-05-04,NA
"3012206","EDMONTON+INTERNATIONAL+CS","09-22","FFMC",1999,2026,73.3636363636364,25.0539901860447,93.1,2014-09-22,NA,96,2023-05-04,NA
"3012206","EDMONTON+INTERNATIONAL+CS","09-23","FFMC",1999,2026,77.8681818181818,17.4235031840174,93.7,2009-09-23,NA,96,2023-05-04,NA
"3012206","EDMONTON+INTERNATIONAL+CS","09-24","FFMC",1999,2026,83.0454545454545,10.1047714930327,93.5,2001-09-24,NA,96,2023-05-04,NA
"3012206","EDMONTON+INTERNATIONAL+CS","09-25","FFMC",1999,2026,86.4454545454545,4.55241717821447,92.7,2001-09-25,NA,96,2023-05-04,NA
"3012206","EDMONTON+INTERNATIONAL+CS","09-26","FFMC",1999,2026,82.8227272727273,11.2622814155917,92.4,2001-09-26,NA,96,2023-05-04,NA
"3012206","EDMONTON+INTERNATIONAL+CS","09-27","FFMC",1999,2026,82.8363636363637,12.3572437000114,91.1,2022-09-27,NA,96,2023-05-04,NA
"3012206","EDMONTON+INTERNATIONAL+CS","09-28","FFMC",1999,2026,80.5818181818182,15.2362548942797,91.1,2022-09-28,NA,96,2023-05-04,NA
"3012206","EDMONTON+INTERNATIONAL+CS","09-29","FFMC",1999,2026,83.7318181818182,6.98279425333552,91,2008-09-29,NA,96,2023-05-04,NA
"3012206","EDMONTON+INTERNATIONAL+CS","09-30","FFMC",1999,2026,80.5227272727273,14.7947523456696,91,2008-09-30,NA,96,2023-05-04,NA
"3012206","EDMONTON+INTERNATIONAL+CS","10-01","FFMC",1999,2026,77.4227272727273,17.8741615006313,89.8,2008-10-01,NA,96,2023-05-04,NA
"3012206","EDMONTON+INTERNATIONAL+CS","10-02","FFMC",1999,2026,71.1454545454546,25.1627602254701,91.6,2008-10-02,NA,96,2023-05-04,NA
"3012206","EDMONTON+INTERNATIONAL+CS","10-03","FFMC",1999,2026,70.6590909090909,22.931817345192,90.6,2008-10-03,NA,96,2023-05-04,NA
"3012206","EDMONTON+INTERNATIONAL+CS","10-04","FFMC",1999,2026,73.25,14.1416557931322,90.1,2004-10-04,NA,96,2023-05-04,NA
"3012206","EDMONTON+INTERNATIONAL+CS","10-05","FFMC",1999,2026,74.7045454545455,15.6049283202067,91.5,2004-10-05,NA,96,2023-05-04,NA
"3012206","EDMONTON+INTERNATIONAL+CS","10-06","FFMC",1999,2026,78.2818181818182,13.6512213430097,91.5,2003-10-06,NA,96,2023-05-04,NA
"3012206","EDMONTON+INTERNATIONAL+CS","10-07","FFMC",1999,2026,80.3272727272727,9.96509058177748,91.5,2003-10-07,NA,96,2023-05-04,NA
"3012206","EDMONTON+INTERNATIONAL+CS","10-08","FFMC",1999,2026,77.7045454545454,12.9159361614405,90.9,2023-10-08,NA,96,2023-05-04,NA
"3012206","EDMONTON+INTERNATIONAL+CS","10-09","FFMC",1999,2026,78.8727272727273,13.106311886088,91,2021-10-09,NA,96,2023-05-04,NA
"3012206","EDMONTON+INTERNATIONAL+CS","10-10","FFMC",1999,2026,75.3681818181818,19.9615675108238,91.9,2015-10-10,NA,96,2023-05-04,NA
"3012206","EDMONTON+INTERNATIONAL+CS","10-11","FFMC",1999,2026,76.1681818181818,17.2145670972674,89.8,2003-10-11,NA,96,2023-05-04,NA
"3012206","EDMONTON+INTERNATIONAL+CS","10-12","FFMC",1999,2026,73.7181818181818,19.7423073955073,89.3,2003-10-12,NA,96,2023-05-04,NA
"3012206","EDMONTON+INTERNATIONAL+CS","10-13","FFMC",1999,2026,75.3727272727273,18.2222569774068,89.7,2022-10-13,NA,96,2023-05-04,NA
"3012206","EDMONTON+INTERNATIONAL+CS","10-14","FFMC",1999,2026,73.7772727272727,16.6149941409268,89.7,2022-10-14,NA,96,2023-05-04,NA
"3012206","EDMONTON+INTERNATIONAL+CS","10-15","FFMC",1999,2026,74.2363636363636,17.2806400194125,90.4,2021-10-15,NA,96,2023-05-04,NA
"3012206","EDMONTON+INTERNATIONAL+CS","10-16","FFMC",1999,2026,67.8428571428571,22.4324669046579,90.4,2021-10-16,NA,96,2023-05-04,NA
"3012206","EDMONTON+INTERNATIONAL+CS","10-17","FFMC",1999,2026,71.3523809523809,21.239906286225,94.2,2018-10-17,NA,96,2023-05-04,NA
"3012206","EDMONTON+INTERNATIONAL+CS","10-18","FFMC",1999,2026,71.765,20.0300635887263,92.3,2018-10-18,NA,96,2023-05-04,NA
"3012206","EDMONTON+INTERNATIONAL+CS","10-19","FFMC",1999,2026,71.885,20.7188517005522,92.3,2022-10-19,NA,96,2023-05-04,NA
"3012206","EDMONTON+INTERNATIONAL+CS","10-20","FFMC",1999,2026,73.065,19.4152483481683,91.2,2014-10-20,NA,96,2023-05-04,NA
"3012206","EDMONTON+INTERNATIONAL+CS","10-21","FFMC",1999,2026,73.135,18.2839669483518,90.2,2018-10-21,NA,96,2023-05-04,NA
"3012206","EDMONTON+INTERNATIONAL+CS","10-22","FFMC",1999,2026,76.0368421052632,14.6233151176209,90.6,1999-10-22,NA,96,2023-05-04,NA
"3012206","EDMONTON+INTERNATIONAL+CS","10-23","FFMC",1999,2026,74.2722222222222,14.8400414441928,91.6,1999-10-23,NA,96,2023-05-04,NA
"3012206","EDMONTON+INTERNATIONAL+CS","10-24","FFMC",1999,2026,73.7777777777778,18.3384698686718,91.2,1999-10-24,NA,96,2023-05-04,NA
"3012206","EDMONTON+INTERNATIONAL+CS","10-25","FFMC",1999,2026,71.5055555555555,17.0513229509937,91.2,1999-10-25,NA,96,2023-05-04,NA
"3012206","EDMONTON+INTERNATIONAL+CS","10-26","FFMC",1999,2026,73.9888888888889,15.3396022990432,90.1,1999-10-26,NA,96,2023-05-04,NA
"3012206","EDMONTON+INTERNATIONAL+CS","10-27","FFMC",1999,2026,70.4647058823529,16.6262571395545,92.2,1999-10-27,NA,96,2023-05-04,NA
"3012206","EDMONTON+INTERNATIONAL+CS","10-28","FFMC",1999,2026,63.14375,18.3155296128722,88.2,2018-10-28,NA,96,2023-05-04,NA
"3012206","EDMONTON+INTERNATIONAL+CS","10-29","FFMC",1999,2026,64.5466666666667,15.0650431067928,87.2,1999-10-29,NA,96,2023-05-04,NA
"3012206","EDMONTON+INTERNATIONAL+CS","10-30","FFMC",1999,2026,68.4733333333333,16.3553165959079,90.1,2022-10-30,NA,96,2023-05-04,NA
"3012206","EDMONTON+INTERNATIONAL+CS","10-31","FFMC",1999,2026,68.4066666666667,17.6788601227029,88.5,2022-10-31,NA,96,2023-05-04,NA
"3012206","EDMONTON+INTERNATIONAL+CS","04-01","FWI",1999,2026,3.15,4.31335136523794,6.2,2010-04-01,NA,121.3,2013-05-21,NA
"3012206","EDMONTON+INTERNATIONAL+CS","04-02","FWI",1999,2026,0.35,0.0707106781186548,16.7,2021-04-02,NA,121.3,2013-05-21,NA
"3012206","EDMONTON+INTERNATIONAL+CS","04-03","FWI",1999,2026,3.5,0.282842712474619,19.6,2021-04-03,NA,121.3,2013-05-21,NA
"3012206","EDMONTON+INTERNATIONAL+CS","04-04","FWI",1999,2026,8.6,2.04205778566621,25.2,2021-04-04,NA,121.3,2013-05-21,NA
"3012206","EDMONTON+INTERNATIONAL+CS","04-05","FWI",1999,2026,2.25,2.61629509039023,21.1,2022-04-05,NA,121.3,2013-05-21,NA
"3012206","EDMONTON+INTERNATIONAL+CS","04-06","FWI",1999,2026,3.4,3.95979797464467,15.9,2022-04-06,NA,121.3,2013-05-21,NA
"3012206","EDMONTON+INTERNATIONAL+CS","04-07","FWI",1999,2026,6.85,8.41457069611992,26,2022-04-07,NA,121.3,2013-05-21,NA
"3012206","EDMONTON+INTERNATIONAL+CS","04-08","FWI",1999,2026,3.16666666666667,1.06926766215636,28.8,2021-04-08,NA,121.3,2013-05-21,NA
"3012206","EDMONTON+INTERNATIONAL+CS","04-09","FWI",1999,2026,7.425,7.3672134035423,50.5,2022-04-09,NA,121.3,2013-05-21,NA
"3012206","EDMONTON+INTERNATIONAL+CS","04-10","FWI",1999,2026,10.8666666666667,14.5330886829561,39.8,2010-04-10,NA,121.3,2013-05-21,NA
"3012206","EDMONTON+INTERNATIONAL+CS","04-11","FWI",1999,2026,5.7,1.35646599662505,25.4,2025-04-11,NA,121.3,2013-05-21,NA
"3012206","EDMONTON+INTERNATIONAL+CS","04-12","FWI",1999,2026,8.17142857142857,5.17710159764911,17.5,2025-04-12,NA,121.3,2013-05-21,NA
"3012206","EDMONTON+INTERNATIONAL+CS","04-13","FWI",1999,2026,7.98571428571429,6.33467404355546,24.6,2025-04-13,NA,121.3,2013-05-21,NA
"3012206","EDMONTON+INTERNATIONAL+CS","04-14","FWI",1999,2026,7.41428571428572,9.12403941454087,25.6,2010-04-14,NA,121.3,2013-05-21,NA
"3012206","EDMONTON+INTERNATIONAL+CS","04-15","FWI",1999,2026,7.53333333333333,6.68929493045916,25.2,2025-04-15,NA,121.3,2013-05-21,NA
"3012206","EDMONTON+INTERNATIONAL+CS","04-16","FWI",1999,2026,8.21666666666667,6.36440623048739,28,2025-04-16,NA,121.3,2013-05-21,NA
"3012206","EDMONTON+INTERNATIONAL+CS","04-17","FWI",1999,2026,19.4166666666667,14.1629681446605,44.2,2008-04-17,NA,121.3,2013-05-21,NA
"3012206","EDMONTON+INTERNATIONAL+CS","04-18","FWI",1999,2026,18.275,10.5032988015331,42,2025-04-18,NA,121.3,2013-05-21,NA
"3012206","EDMONTON+INTERNATIONAL+CS","04-19","FWI",1999,2026,11.9714285714286,9.21967358166117,36.4,2025-04-19,NA,121.3,2013-05-21,NA
"3012206","EDMONTON+INTERNATIONAL+CS","04-20","FWI",1999,2026,16.0111111111111,15.4221791946246,47.4,2010-04-20,NA,121.3,2013-05-21,NA
"3012206","EDMONTON+INTERNATIONAL+CS","04-21","FWI",1999,2026,14.1076923076923,10.4085270762695,35.5,2010-04-21,8.9,121.3,2013-05-21,NA
"3012206","EDMONTON+INTERNATIONAL+CS","04-22","FWI",1999,2026,19.3071428571429,13.1710909708588,43.2,2005-04-22,5.2,121.3,2013-05-21,NA
"3012206","EDMONTON+INTERNATIONAL+CS","04-23","FWI",1999,2026,13.0666666666667,8.81027538621537,27.2,2020-04-23,14.4,121.3,2013-05-21,NA
"3012206","EDMONTON+INTERNATIONAL+CS","04-24","FWI",1999,2026,9.84705882352941,9.55864253222305,30.1,2006-04-24,18.3,121.3,2013-05-21,NA
"3012206","EDMONTON+INTERNATIONAL+CS","04-25","FWI",1999,2026,14.30625,14.4199153372457,53.1,2025-04-25,NA,121.3,2013-05-21,NA
"3012206","EDMONTON+INTERNATIONAL+CS","04-26","FWI",1999,2026,13.1235294117647,13.0248094713399,55.7,2020-04-26,NA,121.3,2013-05-21,NA
"3012206","EDMONTON+INTERNATIONAL+CS","04-27","FWI",1999,2026,21.4230769230769,16.9244967353121,53.7,2000-04-27,NA,121.3,2013-05-21,NA
"3012206","EDMONTON+INTERNATIONAL+CS","04-28","FWI",1999,2026,11.8235294117647,11.7623089470013,33.6,2023-04-28,3.5,121.3,2013-05-21,NA
"3012206","EDMONTON+INTERNATIONAL+CS","04-29","FWI",1999,2026,14.1153846153846,14.475199834766,38.7,2006-04-29,11.1,121.3,2013-05-21,NA
"3012206","EDMONTON+INTERNATIONAL+CS","04-30","FWI",1999,2026,11.4384615384615,9.74624187926971,51.4,2023-04-30,16.1,121.3,2013-05-21,NA
"3012206","EDMONTON+INTERNATIONAL+CS","05-01","FWI",1999,2026,14.7588235294118,11.8617061812124,46.1,2023-05-01,26.9,121.3,2013-05-21,NA
"3012206","EDMONTON+INTERNATIONAL+CS","05-02","FWI",1999,2026,9.98888888888889,11.5381662774356,49.7,2023-05-02,22.7,121.3,2013-05-21,NA
"3012206","EDMONTON+INTERNATIONAL+CS","05-03","FWI",1999,2026,14.2473684210526,17.0026588907949,66,2023-05-03,41.5,121.3,2013-05-21,NA
"3012206","EDMONTON+INTERNATIONAL+CS","05-04","FWI",1999,2026,11.2894736842105,10.9828601181236,64.5,2023-05-04,41.6,121.3,2013-05-21,NA
"3012206","EDMONTON+INTERNATIONAL+CS","05-05","FWI",1999,2026,11.8166666666667,10.5639369889205,85.8,2023-05-05,17.4,121.3,2013-05-21,NA
"3012206","EDMONTON+INTERNATIONAL+CS","05-06","FWI",1999,2026,13.1166666666667,11.8256575491847,73.4,2025-05-06,30.4,121.3,2013-05-21,NA
"3012206","EDMONTON+INTERNATIONAL+CS","05-07","FWI",1999,2026,12.5222222222222,14.694038629384,49.8,1999-05-07,44.4,121.3,2013-05-21,NA
"3012206","EDMONTON+INTERNATIONAL+CS","05-08","FWI",1999,2026,12.1421052631579,12.104467301578,47.7,2025-05-08,36.7,121.3,2013-05-21,NA
"3012206","EDMONTON+INTERNATIONAL+CS","05-09","FWI",1999,2026,10.7055555555556,9.14449189546056,37.7,2025-05-09,20.2,121.3,2013-05-21,NA
"3012206","EDMONTON+INTERNATIONAL+CS","05-10","FWI",1999,2026,10.1105263157895,8.40012531234849,32.4,2019-05-10,28.8,121.3,2013-05-21,NA
"3012206","EDMONTON+INTERNATIONAL+CS","05-11","FWI",1999,2026,15.155,16.4808493329938,65.1,2011-05-11,57.1,121.3,2013-05-21,NA
"3012206","EDMONTON+INTERNATIONAL+CS","05-12","FWI",1999,2026,20.6380952380952,17.4960131513004,79.9,2011-05-12,32.4,121.3,2013-05-21,NA
"3012206","EDMONTON+INTERNATIONAL+CS","05-13","FWI",1999,2026,17.2428571428571,11.1344767020535,49.1,2023-05-13,30.6,121.3,2013-05-21,NA
"3012206","EDMONTON+INTERNATIONAL+CS","05-14","FWI",1999,2026,27.32,17.124454659008,72.5,2011-05-14,20.9,121.3,2013-05-21,NA
"3012206","EDMONTON+INTERNATIONAL+CS","05-15","FWI",1999,2026,20.3952380952381,20.5597537969324,88.6,2011-05-15,31.7,121.3,2013-05-21,NA
"3012206","EDMONTON+INTERNATIONAL+CS","05-16","FWI",1999,2026,22.37,18.1837434626589,67.2,2016-05-16,10.5,121.3,2013-05-21,NA
"3012206","EDMONTON+INTERNATIONAL+CS","05-17","FWI",1999,2026,20.047619047619,17.9999060844111,57.4,2002-05-17,22.9,121.3,2013-05-21,NA
"3012206","EDMONTON+INTERNATIONAL+CS","05-18","FWI",1999,2026,21.9904761904762,21.7220603249762,87.5,2001-05-18,19,121.3,2013-05-21,NA
"3012206","EDMONTON+INTERNATIONAL+CS","05-19","FWI",1999,2026,19.1714285714286,13.9726927561277,53.3,2001-05-19,25.5,121.3,2013-05-21,NA
"3012206","EDMONTON+INTERNATIONAL+CS","05-20","FWI",1999,2026,18.7136363636364,16.2380592159152,63,2015-05-20,36.4,121.3,2013-05-21,NA
"3012206","EDMONTON+INTERNATIONAL+CS","05-21","FWI",1999,2026,19.8857142857143,27.2267935261258,121.3,2013-05-21,25.4,121.3,2013-05-21,NA
"3012206","EDMONTON+INTERNATIONAL+CS","05-22","FWI",1999,2026,14.9136363636364,17.1434367687003,76.9,2013-05-22,33.6,121.3,2013-05-21,NA
"3012206","EDMONTON+INTERNATIONAL+CS","05-23","FWI",1999,2026,15.6181818181818,16.5780013834639,71.7,2013-05-23,37,121.3,2013-05-21,NA
"3012206","EDMONTON+INTERNATIONAL+CS","05-24","FWI",1999,2026,12.2,12.9007567146088,37.2,2001-05-24,30.3,121.3,2013-05-21,NA
"3012206","EDMONTON+INTERNATIONAL+CS","05-25","FWI",1999,2026,11.5,13.5577775956583,49.4,2026-05-25,49.4,121.3,2013-05-21,NA
"3012206","EDMONTON+INTERNATIONAL+CS","05-26","FWI",1999,2026,10.3772727272727,10.4378857473369,45.9,2025-05-26,35.7,121.3,2013-05-21,NA
"3012206","EDMONTON+INTERNATIONAL+CS","05-27","FWI",1999,2026,16.1363636363636,13.0178831376411,55.2,2001-05-27,31.3,121.3,2013-05-21,NA
"3012206","EDMONTON+INTERNATIONAL+CS","05-28","FWI",1999,2026,22.5,25.7960868202543,121,2001-05-28,41.3,121.3,2013-05-21,NA
"3012206","EDMONTON+INTERNATIONAL+CS","05-29","FWI",1999,2026,15.5636363636364,11.2634911890689,73.3,2025-05-29,61.2,121.3,2013-05-21,NA
"3012206","EDMONTON+INTERNATIONAL+CS","05-30","FWI",1999,2026,16.6090909090909,14.2940516796293,56.7,2026-05-30,56.7,121.3,2013-05-21,NA
"3012206","EDMONTON+INTERNATIONAL+CS","05-31","FWI",1999,2026,15.4590909090909,14.5792957923511,58.9,2025-05-31,2.4,121.3,2013-05-21,NA
"3012206","EDMONTON+INTERNATIONAL+CS","06-01","FWI",1999,2026,14.25,10.1731088098547,59.5,2025-06-01,0,121.3,2013-05-21,NA
"3012206","EDMONTON+INTERNATIONAL+CS","06-02","FWI",1999,2026,15.2454545454545,9.16877346903101,40.2,2025-06-02,0,121.3,2013-05-21,NA
"3012206","EDMONTON+INTERNATIONAL+CS","06-03","FWI",1999,2026,19.0761904761905,14.3048559853605,61.7,2022-06-03,0,121.3,2013-05-21,NA
"3012206","EDMONTON+INTERNATIONAL+CS","06-04","FWI",1999,2026,16.6590909090909,11.3272389394478,51.5,2022-06-04,0.3,121.3,2013-05-21,NA
"3012206","EDMONTON+INTERNATIONAL+CS","06-05","FWI",1999,2026,16.4181818181818,16.4658560537986,70.3,2022-06-05,1.9,121.3,2013-05-21,NA
"3012206","EDMONTON+INTERNATIONAL+CS","06-06","FWI",1999,2026,12.8909090909091,13.3167602627705,46.5,2015-06-06,2.1,121.3,2013-05-21,NA
"3012206","EDMONTON+INTERNATIONAL+CS","06-07","FWI",1999,2026,9.32380952380952,11.3577684763295,59.4,2025-06-07,2.1,121.3,2013-05-21,NA
"3012206","EDMONTON+INTERNATIONAL+CS","06-08","FWI",1999,2026,10.0136363636364,11.2685950218398,47.9,2023-06-08,7.2,121.3,2013-05-21,NA
"3012206","EDMONTON+INTERNATIONAL+CS","06-09","FWI",1999,2026,10.7681818181818,11.7816801438923,70.1,2025-06-09,6.8,121.3,2013-05-21,NA
"3012206","EDMONTON+INTERNATIONAL+CS","06-10","FWI",1999,2026,7.53181818181818,10.5439391917657,80.7,2023-06-10,12.8,121.3,2013-05-21,NA
"3012206","EDMONTON+INTERNATIONAL+CS","06-11","FWI",1999,2026,6.88181818181818,9.79774689180345,43.9,2023-06-11,6.2,121.3,2013-05-21,NA
"3012206","EDMONTON+INTERNATIONAL+CS","06-12","FWI",1999,2026,8.4,9.34247851278796,33.5,2015-06-12,7.8,121.3,2013-05-21,NA
"3012206","EDMONTON+INTERNATIONAL+CS","06-13","FWI",1999,2026,10.6681818181818,10.9761380303186,42,2002-06-13,9.4,121.3,2013-05-21,NA
"3012206","EDMONTON+INTERNATIONAL+CS","06-14","FWI",1999,2026,9.60909090909091,10.5823711939518,38.4,2002-06-14,17.5,121.3,2013-05-21,NA
"3012206","EDMONTON+INTERNATIONAL+CS","06-15","FWI",1999,2026,8.89545454545455,11.7224033482789,41.9,2002-06-15,17.5,121.3,2013-05-21,NA
"3012206","EDMONTON+INTERNATIONAL+CS","06-16","FWI",1999,2026,10.5363636363636,12.7798407268764,51.2,1999-06-16,6.6,121.3,2013-05-21,NA
"3012206","EDMONTON+INTERNATIONAL+CS","06-17","FWI",1999,2026,9.41818181818182,9.25869662552258,33.9,2021-06-17,3,121.3,2013-05-21,NA
"3012206","EDMONTON+INTERNATIONAL+CS","06-18","FWI",1999,2026,6.86818181818182,6.6099770451036,22.5,2009-06-18,1.8,121.3,2013-05-21,NA
"3012206","EDMONTON+INTERNATIONAL+CS","06-19","FWI",1999,2026,8.54545454545454,9.83219818820396,34,2015-06-19,0.8,121.3,2013-05-21,NA
"3012206","EDMONTON+INTERNATIONAL+CS","06-20","FWI",1999,2026,7.45909090909091,7.21358896811191,27.4,2018-06-20,0,121.3,2013-05-21,NA
"3012206","EDMONTON+INTERNATIONAL+CS","06-21","FWI",1999,2026,9.96818181818182,8.50363431344484,34.1,2002-06-21,0,121.3,2013-05-21,NA
"3012206","EDMONTON+INTERNATIONAL+CS","06-22","FWI",1999,2026,11.0045454545455,14.3446514762132,56.3,2002-06-22,0,121.3,2013-05-21,NA
"3012206","EDMONTON+INTERNATIONAL+CS","06-23","FWI",1999,2026,11.3772727272727,15.4198675745713,54.7,2002-06-23,0.3,121.3,2013-05-21,NA
"3012206","EDMONTON+INTERNATIONAL+CS","06-24","FWI",1999,2026,10.0238095238095,10.9346652789148,38.6,2009-06-24,4.9,121.3,2013-05-21,NA
"3012206","EDMONTON+INTERNATIONAL+CS","06-25","FWI",1999,2026,9.56363636363636,11.1075069190485,39.4,2009-06-25,17.7,121.3,2013-05-21,NA
"3012206","EDMONTON+INTERNATIONAL+CS","06-26","FWI",1999,2026,9.75909090909091,11.1986673990771,39.8,2009-06-26,22.5,121.3,2013-05-21,NA
"3012206","EDMONTON+INTERNATIONAL+CS","06-27","FWI",1999,2026,14.8409090909091,14.3911235568818,50.7,2002-06-27,0.1,121.3,2013-05-21,NA
"3012206","EDMONTON+INTERNATIONAL+CS","06-28","FWI",1999,2026,12.5818181818182,13.3036205728486,51.7,2009-06-28,0,121.3,2013-05-21,NA
"3012206","EDMONTON+INTERNATIONAL+CS","06-29","FWI",1999,2026,8.80909090909091,7.57369565013447,33.9,2021-06-29,0.1,121.3,2013-05-21,NA
"3012206","EDMONTON+INTERNATIONAL+CS","06-30","FWI",1999,2026,9.38181818181818,9.25350056612484,43.8,2021-06-30,0.5,121.3,2013-05-21,NA
"3012206","EDMONTON+INTERNATIONAL+CS","07-01","FWI",1999,2026,10.1590909090909,12.5433594304264,60.3,2021-07-01,0.7,121.3,2013-05-21,NA
"3012206","EDMONTON+INTERNATIONAL+CS","07-02","FWI",1999,2026,8.06818181818182,10.3748958165113,47.2,2002-07-02,0.1,121.3,2013-05-21,NA
"3012206","EDMONTON+INTERNATIONAL+CS","07-03","FWI",1999,2026,10.3363636363636,14.0435901479082,63.8,2002-07-03,0.7,121.3,2013-05-21,NA
"3012206","EDMONTON+INTERNATIONAL+CS","07-04","FWI",1999,2026,10.15,9.90977151243011,38.3,2002-07-04,2.2,121.3,2013-05-21,NA
"3012206","EDMONTON+INTERNATIONAL+CS","07-05","FWI",1999,2026,7.96363636363637,9.07002102452257,37.6,2002-07-05,5.9,121.3,2013-05-21,NA
"3012206","EDMONTON+INTERNATIONAL+CS","07-06","FWI",1999,2026,8.30909090909091,8.03568879264835,24.8,2001-07-06,8.8,121.3,2013-05-21,NA
"3012206","EDMONTON+INTERNATIONAL+CS","07-07","FWI",1999,2026,8.45909090909091,11.9252297208944,52.5,2002-07-07,15.5,121.3,2013-05-21,NA
"3012206","EDMONTON+INTERNATIONAL+CS","07-08","FWI",1999,2026,6.84090909090909,7.43221168716087,24,2015-07-08,7.6,121.3,2013-05-21,NA
"3012206","EDMONTON+INTERNATIONAL+CS","07-09","FWI",1999,2026,7.70454545454545,9.21130140604864,30,2006-07-09,8.3,121.3,2013-05-21,NA
"3012206","EDMONTON+INTERNATIONAL+CS","07-10","FWI",1999,2026,9.40909090909091,12.0900553029933,45.1,2002-07-10,0.3,121.3,2013-05-21,NA
"3012206","EDMONTON+INTERNATIONAL+CS","07-11","FWI",1999,2026,7.2,7.27422062590115,24.4,2024-07-11,0.3,121.3,2013-05-21,NA
"3012206","EDMONTON+INTERNATIONAL+CS","07-12","FWI",1999,2026,7.94090909090909,6.94445027416783,28.1,2024-07-12,1.4,121.3,2013-05-21,NA
"3012206","EDMONTON+INTERNATIONAL+CS","07-13","FWI",1999,2026,7.15909090909091,6.92570499013563,27.6,2021-07-13,7.1,121.3,2013-05-21,NA
"3012206","EDMONTON+INTERNATIONAL+CS","07-14","FWI",1999,2026,7.10454545454545,6.72773062089731,28.3,2021-07-14,14.5,121.3,2013-05-21,NA
"3012206","EDMONTON+INTERNATIONAL+CS","07-15","FWI",1999,2026,6.61363636363636,6.90846929876279,31.5,2021-07-15,6.2,121.3,2013-05-21,NA
"3012206","EDMONTON+INTERNATIONAL+CS","07-16","FWI",1999,2026,6.15,9.76620753024477,43.7,2002-07-16,7.7,121.3,2013-05-21,NA
"3012206","EDMONTON+INTERNATIONAL+CS","07-17","FWI",1999,2026,5.5,8.17440838109722,32.7,2002-07-17,13,121.3,2013-05-21,NA
"3012206","EDMONTON+INTERNATIONAL+CS","07-18","FWI",1999,2026,3.56363636363636,5.98931949823584,26.7,2002-07-18,9.6,121.3,2013-05-21,NA
"3012206","EDMONTON+INTERNATIONAL+CS","07-19","FWI",1999,2026,3.98636363636364,4.67091257062517,22.6,2024-07-19,0.5,121.3,2013-05-21,NA
"3012206","EDMONTON+INTERNATIONAL+CS","07-20","FWI",1999,2026,7.17727272727273,6.9264112757021,25.4,2017-07-20,0.2,121.3,2013-05-21,NA
"3012206","EDMONTON+INTERNATIONAL+CS","07-21","FWI",1999,2026,6,6.54064217030713,22.7,2024-07-21,0,121.3,2013-05-21,NA
"3012206","EDMONTON+INTERNATIONAL+CS","07-22","FWI",1999,2026,6.73181818181818,7.18015693976487,36.3,2024-07-22,0.7,121.3,2013-05-21,NA
"3012206","EDMONTON+INTERNATIONAL+CS","07-23","FWI",1999,2026,7.48636363636363,9.0545066629326,33.5,2002-07-23,3.9,121.3,2013-05-21,NA
"3012206","EDMONTON+INTERNATIONAL+CS","07-24","FWI",1999,2026,6.25909090909091,9.34582458798779,33,2006-07-24,6.2,121.3,2013-05-21,NA
"3012206","EDMONTON+INTERNATIONAL+CS","07-25","FWI",1999,2026,6.77272727272727,9.69379682940059,29.5,2006-07-25,16.6,121.3,2013-05-21,NA
"3012206","EDMONTON+INTERNATIONAL+CS","07-26","FWI",1999,2026,6.23181818181818,9.82995356107988,45.4,2008-07-26,0.3,121.3,2013-05-21,NA
"3012206","EDMONTON+INTERNATIONAL+CS","07-27","FWI",1999,2026,6.62727272727273,5.18488479168345,17.5,2008-07-27,0,121.3,2013-05-21,NA
"3012206","EDMONTON+INTERNATIONAL+CS","07-28","FWI",1999,2026,5.04545454545455,4.98786405977427,18.7,2021-07-28,1.2,121.3,2013-05-21,NA
"3012206","EDMONTON+INTERNATIONAL+CS","07-29","FWI",1999,2026,6.29545454545455,5.16669529387405,18.4,2024-07-29,0.5,121.3,2013-05-21,NA
"3012206","EDMONTON+INTERNATIONAL+CS","07-30","FWI",1999,2026,7.25909090909091,5.79471508736391,19.3,2003-07-30,3.8,121.3,2013-05-21,NA
"3012206","EDMONTON+INTERNATIONAL+CS","07-31","FWI",1999,2026,6.45,7.03844882802752,24.2,2003-07-31,4.1,121.3,2013-05-21,NA
"3012206","EDMONTON+INTERNATIONAL+CS","08-01","FWI",1999,2026,8.61818181818182,11.5084911246161,46.5,2003-08-01,8.1,121.3,2013-05-21,NA
"3012206","EDMONTON+INTERNATIONAL+CS","08-02","FWI",1999,2026,7.42272727272727,8.07641668647096,31.4,2024-08-02,4.2,121.3,2013-05-21,NA
"3012206","EDMONTON+INTERNATIONAL+CS","08-03","FWI",1999,2026,7.84545454545454,6.74082991024012,33.6,2024-08-03,0.8,121.3,2013-05-21,NA
"3012206","EDMONTON+INTERNATIONAL+CS","08-04","FWI",1999,2026,5.5,5.51646884985573,27.2,2024-08-04,4.1,121.3,2013-05-21,NA
"3012206","EDMONTON+INTERNATIONAL+CS","08-05","FWI",1999,2026,6.95454545454546,8.36368153573346,35.6,2003-08-05,0.5,121.3,2013-05-21,NA
"3012206","EDMONTON+INTERNATIONAL+CS","08-06","FWI",1999,2026,6.65,7.56349314612161,30.1,2008-08-06,1.7,121.3,2013-05-21,NA
"3012206","EDMONTON+INTERNATIONAL+CS","08-07","FWI",1999,2026,6.13181818181818,6.52470662457681,26.4,2008-08-07,2.4,121.3,2013-05-21,NA
"3012206","EDMONTON+INTERNATIONAL+CS","08-08","FWI",1999,2026,6.96363636363636,6.15695854526718,20.8,2008-08-08,NA,121.3,2013-05-21,NA
"3012206","EDMONTON+INTERNATIONAL+CS","08-09","FWI",1999,2026,9.25,8.62718571339074,28,2008-08-09,NA,121.3,2013-05-21,NA
"3012206","EDMONTON+INTERNATIONAL+CS","08-10","FWI",1999,2026,7.41818181818182,5.77083276681198,39.1,2021-08-10,NA,121.3,2013-05-21,NA
"3012206","EDMONTON+INTERNATIONAL+CS","08-11","FWI",1999,2026,6.16818181818182,5.16917478572431,48.1,2021-08-11,NA,121.3,2013-05-21,NA
"3012206","EDMONTON+INTERNATIONAL+CS","08-12","FWI",1999,2026,7.30454545454546,8.65367949667474,33.1,2014-08-12,NA,121.3,2013-05-21,NA
"3012206","EDMONTON+INTERNATIONAL+CS","08-13","FWI",1999,2026,9.25,12.4619707223904,54.6,2003-08-13,NA,121.3,2013-05-21,NA
"3012206","EDMONTON+INTERNATIONAL+CS","08-14","FWI",1999,2026,7.51818181818182,6.83657087279151,26.2,2003-08-14,NA,121.3,2013-05-21,NA
"3012206","EDMONTON+INTERNATIONAL+CS","08-15","FWI",1999,2026,8.79090909090909,12.2228088538215,52.9,2003-08-15,NA,121.3,2013-05-21,NA
"3012206","EDMONTON+INTERNATIONAL+CS","08-16","FWI",1999,2026,8.82272727272727,7.0105316569112,28,2008-08-16,NA,121.3,2013-05-21,NA
"3012206","EDMONTON+INTERNATIONAL+CS","08-17","FWI",1999,2026,11.2272727272727,8.11953445875069,28.8,2001-08-17,NA,121.3,2013-05-21,NA
"3012206","EDMONTON+INTERNATIONAL+CS","08-18","FWI",1999,2026,13.05,9.88239174828982,37.9,2021-08-18,NA,121.3,2013-05-21,NA
"3012206","EDMONTON+INTERNATIONAL+CS","08-19","FWI",1999,2026,10.8136363636364,8.43926737141523,32.7,2001-08-19,NA,121.3,2013-05-21,NA
"3012206","EDMONTON+INTERNATIONAL+CS","08-20","FWI",1999,2026,8.93636363636364,5.38866053279127,22.9,2021-08-20,NA,121.3,2013-05-21,NA
"3012206","EDMONTON+INTERNATIONAL+CS","08-21","FWI",1999,2026,10.0727272727273,6.84927398433981,28.7,2021-08-21,NA,121.3,2013-05-21,NA
"3012206","EDMONTON+INTERNATIONAL+CS","08-22","FWI",1999,2026,8.71363636363636,6.33217749762843,20.6,2018-08-22,NA,121.3,2013-05-21,NA
"3012206","EDMONTON+INTERNATIONAL+CS","08-23","FWI",1999,2026,11.4363636363636,8.95978026168401,27.2,2011-08-23,NA,121.3,2013-05-21,NA
"3012206","EDMONTON+INTERNATIONAL+CS","08-24","FWI",1999,2026,8.68571428571429,7.52491101038981,28.6,2008-08-24,NA,121.3,2013-05-21,NA
"3012206","EDMONTON+INTERNATIONAL+CS","08-25","FWI",1999,2026,10.2619047619048,10.0069713795172,34,2009-08-25,NA,121.3,2013-05-21,NA
"3012206","EDMONTON+INTERNATIONAL+CS","08-26","FWI",1999,2026,10.6090909090909,10.877889724045,47.6,2003-08-26,NA,121.3,2013-05-21,NA
"3012206","EDMONTON+INTERNATIONAL+CS","08-27","FWI",1999,2026,10.7227272727273,8.31567262796049,34.5,2025-08-27,NA,121.3,2013-05-21,NA
"3012206","EDMONTON+INTERNATIONAL+CS","08-28","FWI",1999,2026,12.5045454545455,9.67812837438979,30.6,2002-08-28,NA,121.3,2013-05-21,NA
"3012206","EDMONTON+INTERNATIONAL+CS","08-29","FWI",1999,2026,14.1454545454545,12.3407079858926,41.3,2009-08-29,NA,121.3,2013-05-21,NA
"3012206","EDMONTON+INTERNATIONAL+CS","08-30","FWI",1999,2026,13.747619047619,13.9230966041186,50.1,2009-08-30,NA,121.3,2013-05-21,NA
"3012206","EDMONTON+INTERNATIONAL+CS","08-31","FWI",1999,2026,8.31818181818182,6.92632221268542,26.1,2025-08-31,NA,121.3,2013-05-21,NA
"3012206","EDMONTON+INTERNATIONAL+CS","09-01","FWI",1999,2026,10.0333333333333,9.23300240080838,32.8,2020-09-01,NA,121.3,2013-05-21,NA
"3012206","EDMONTON+INTERNATIONAL+CS","09-02","FWI",1999,2026,6.67619047619048,6.39999255951948,25.1,2017-09-02,NA,121.3,2013-05-21,NA
"3012206","EDMONTON+INTERNATIONAL+CS","09-03","FWI",1999,2026,8.18571428571429,5.37543353733313,18.5,2009-09-03,NA,121.3,2013-05-21,NA
"3012206","EDMONTON+INTERNATIONAL+CS","09-04","FWI",1999,2026,9.66190476190476,6.96666894508962,24.2,2021-09-04,NA,121.3,2013-05-21,NA
"3012206","EDMONTON+INTERNATIONAL+CS","09-05","FWI",1999,2026,9.67142857142857,7.24148761354619,24.9,2021-09-05,NA,121.3,2013-05-21,NA
"3012206","EDMONTON+INTERNATIONAL+CS","09-06","FWI",1999,2026,9.6,9.78406868332393,37.3,2021-09-06,NA,121.3,2013-05-21,NA
"3012206","EDMONTON+INTERNATIONAL+CS","09-07","FWI",1999,2026,11.2571428571429,10.1133857549572,41.6,2017-09-07,NA,121.3,2013-05-21,NA
"3012206","EDMONTON+INTERNATIONAL+CS","09-08","FWI",1999,2026,10.6904761904762,12.7071989345373,53.1,2006-09-08,NA,121.3,2013-05-21,NA
"3012206","EDMONTON+INTERNATIONAL+CS","09-09","FWI",1999,2026,10.9809523809524,8.48808688973075,46.4,2024-09-09,NA,121.3,2013-05-21,NA
"3012206","EDMONTON+INTERNATIONAL+CS","09-10","FWI",1999,2026,9.92857142857143,9.04578038961498,30.6,2023-09-10,NA,121.3,2013-05-21,NA
"3012206","EDMONTON+INTERNATIONAL+CS","09-11","FWI",1999,2026,13.447619047619,11.1685101534457,33.5,2009-09-11,NA,121.3,2013-05-21,NA
"3012206","EDMONTON+INTERNATIONAL+CS","09-12","FWI",1999,2026,11.5619047619048,12.844822933403,57.5,2009-09-12,NA,121.3,2013-05-21,NA
"3012206","EDMONTON+INTERNATIONAL+CS","09-13","FWI",1999,2026,9.26190476190476,11.0934429367296,42.2,2009-09-13,NA,121.3,2013-05-21,NA
"3012206","EDMONTON+INTERNATIONAL+CS","09-14","FWI",1999,2026,13.755,11.8634988626104,40,2009-09-14,NA,121.3,2013-05-21,NA
"3012206","EDMONTON+INTERNATIONAL+CS","09-15","FWI",1999,2026,14.4157894736842,14.1873677441861,56.9,2013-09-15,NA,121.3,2013-05-21,NA
"3012206","EDMONTON+INTERNATIONAL+CS","09-16","FWI",1999,2026,11.71,9.49375972332408,47.4,2021-09-16,NA,121.3,2013-05-21,NA
"3012206","EDMONTON+INTERNATIONAL+CS","09-17","FWI",1999,2026,13.775,12.8544841653757,44.2,2013-09-17,NA,121.3,2013-05-21,NA
"3012206","EDMONTON+INTERNATIONAL+CS","09-18","FWI",1999,2026,12.8714285714286,12.8947719195472,44.7,2012-09-18,NA,121.3,2013-05-21,NA
"3012206","EDMONTON+INTERNATIONAL+CS","09-19","FWI",1999,2026,11.5714285714286,11.870473573415,40.1,2002-09-19,NA,121.3,2013-05-21,NA
"3012206","EDMONTON+INTERNATIONAL+CS","09-20","FWI",1999,2026,14.6380952380952,17.768890685422,64.3,2009-09-20,NA,121.3,2013-05-21,NA
"3012206","EDMONTON+INTERNATIONAL+CS","09-21","FWI",1999,2026,12.8454545454545,12.9235748877309,40,2009-09-21,NA,121.3,2013-05-21,NA
"3012206","EDMONTON+INTERNATIONAL+CS","09-22","FWI",1999,2026,13.0190476190476,10.993526233544,37.5,2009-09-22,NA,121.3,2013-05-21,NA
"3012206","EDMONTON+INTERNATIONAL+CS","09-23","FWI",1999,2026,14.2238095238095,12.5761641513581,45.8,2009-09-23,NA,121.3,2013-05-21,NA
"3012206","EDMONTON+INTERNATIONAL+CS","09-24","FWI",1999,2026,15.9047619047619,15.2133979173121,63.8,2009-09-24,NA,121.3,2013-05-21,NA
"3012206","EDMONTON+INTERNATIONAL+CS","09-25","FWI",1999,2026,18.2772727272727,14.2366037890322,60.3,2011-09-25,NA,121.3,2013-05-21,NA
"3012206","EDMONTON+INTERNATIONAL+CS","09-26","FWI",1999,2026,17.0318181818182,17.0884641223431,64.8,2009-09-26,NA,121.3,2013-05-21,NA
"3012206","EDMONTON+INTERNATIONAL+CS","09-27","FWI",1999,2026,16.2863636363636,11.8146517371861,47.9,2009-09-27,NA,121.3,2013-05-21,NA
"3012206","EDMONTON+INTERNATIONAL+CS","09-28","FWI",1999,2026,18.9142857142857,21.9919823052467,91.9,2009-09-28,NA,121.3,2013-05-21,NA
"3012206","EDMONTON+INTERNATIONAL+CS","09-29","FWI",1999,2026,16.8190476190476,17.7621118971709,81.5,2011-09-29,NA,121.3,2013-05-21,NA
"3012206","EDMONTON+INTERNATIONAL+CS","09-30","FWI",1999,2026,14.795,9.67478953939459,40.2,2009-09-30,NA,121.3,2013-05-21,NA
"3012206","EDMONTON+INTERNATIONAL+CS","10-01","FWI",1999,2026,12.0952380952381,7.97919019640942,25.4,2014-10-01,NA,121.3,2013-05-21,NA
"3012206","EDMONTON+INTERNATIONAL+CS","10-02","FWI",1999,2026,12.2105263157895,11.7531978975389,31.2,2020-10-02,NA,121.3,2013-05-21,NA
"3012206","EDMONTON+INTERNATIONAL+CS","10-03","FWI",1999,2026,10.2142857142857,8.85145670013053,29.2,2021-10-03,NA,121.3,2013-05-21,NA
"3012206","EDMONTON+INTERNATIONAL+CS","10-04","FWI",1999,2026,9.025,8.45719096079593,26.6,1999-10-04,NA,121.3,2013-05-21,NA
"3012206","EDMONTON+INTERNATIONAL+CS","10-05","FWI",1999,2026,9.68095238095238,9.75579925211764,31.7,2014-10-05,NA,121.3,2013-05-21,NA
"3012206","EDMONTON+INTERNATIONAL+CS","10-06","FWI",1999,2026,12.4681818181818,14.7189992660486,64.4,2014-10-06,NA,121.3,2013-05-21,NA
"3012206","EDMONTON+INTERNATIONAL+CS","10-07","FWI",1999,2026,13.1590909090909,8.57136201272859,30,2007-10-07,NA,121.3,2013-05-21,NA
"3012206","EDMONTON+INTERNATIONAL+CS","10-08","FWI",1999,2026,11.7285714285714,8.32419022230648,24.3,2003-10-08,NA,121.3,2013-05-21,NA
"3012206","EDMONTON+INTERNATIONAL+CS","10-09","FWI",1999,2026,13.97,11.8626836406394,40.2,2007-10-09,NA,121.3,2013-05-21,NA
"3012206","EDMONTON+INTERNATIONAL+CS","10-10","FWI",1999,2026,15.9176470588235,12.8963287069478,41.6,2015-10-10,NA,121.3,2013-05-21,NA
"3012206","EDMONTON+INTERNATIONAL+CS","10-11","FWI",1999,2026,15.985,19.2789570311915,87.4,2001-10-11,NA,121.3,2013-05-21,NA
"3012206","EDMONTON+INTERNATIONAL+CS","10-12","FWI",1999,2026,12.8789473684211,12.0407908077025,47.8,2022-10-12,NA,121.3,2013-05-21,NA
"3012206","EDMONTON+INTERNATIONAL+CS","10-13","FWI",1999,2026,13.125,13.0840551817852,56.5,2001-10-13,NA,121.3,2013-05-21,NA
"3012206","EDMONTON+INTERNATIONAL+CS","10-14","FWI",1999,2026,11.94,11.4819950586262,52.1,2022-10-14,NA,121.3,2013-05-21,NA
"3012206","EDMONTON+INTERNATIONAL+CS","10-15","FWI",1999,2026,11.3894736842105,10.0398038237166,31.9,2010-10-15,NA,121.3,2013-05-21,NA
"3012206","EDMONTON+INTERNATIONAL+CS","10-16","FWI",1999,2026,7.65,5.94170207343079,24.2,2021-10-16,NA,121.3,2013-05-21,NA
"3012206","EDMONTON+INTERNATIONAL+CS","10-17","FWI",1999,2026,15.6882352941176,11.596868238502,48.2,2001-10-17,NA,121.3,2013-05-21,NA
"3012206","EDMONTON+INTERNATIONAL+CS","10-18","FWI",1999,2026,10.2125,7.16341399054948,39,2025-10-18,NA,121.3,2013-05-21,NA
"3012206","EDMONTON+INTERNATIONAL+CS","10-19","FWI",1999,2026,13.7529411764706,12.890603052566,38.3,2013-10-19,NA,121.3,2013-05-21,NA
"3012206","EDMONTON+INTERNATIONAL+CS","10-20","FWI",1999,2026,13.26875,11.6711449738233,48.8,2023-10-20,NA,121.3,2013-05-21,NA
"3012206","EDMONTON+INTERNATIONAL+CS","10-21","FWI",1999,2026,10.1625,8.56153218374686,31,2023-10-21,NA,121.3,2013-05-21,NA
"3012206","EDMONTON+INTERNATIONAL+CS","10-22","FWI",1999,2026,13.8733333333333,13.174730502349,42.9,1999-10-22,NA,121.3,2013-05-21,NA
"3012206","EDMONTON+INTERNATIONAL+CS","10-23","FWI",1999,2026,8.34,7.3382364561054,25.5,1999-10-23,NA,121.3,2013-05-21,NA
"3012206","EDMONTON+INTERNATIONAL+CS","10-24","FWI",1999,2026,13.1533333333333,18.5254599583024,65.5,1999-10-24,NA,121.3,2013-05-21,NA
"3012206","EDMONTON+INTERNATIONAL+CS","10-25","FWI",1999,2026,15.0642857142857,21.1553814627665,69.7,1999-10-25,NA,121.3,2013-05-21,NA
"3012206","EDMONTON+INTERNATIONAL+CS","10-26","FWI",1999,2026,11.9142857142857,10.3854081911451,37.2,1999-10-26,NA,121.3,2013-05-21,NA
"3012206","EDMONTON+INTERNATIONAL+CS","10-27","FWI",1999,2026,11.7928571428571,12.6374574052825,70,2022-10-27,NA,121.3,2013-05-21,NA
"3012206","EDMONTON+INTERNATIONAL+CS","10-28","FWI",1999,2026,7.43333333333333,9.20052699412903,27.9,2018-10-28,NA,121.3,2013-05-21,NA
"3012206","EDMONTON+INTERNATIONAL+CS","10-29","FWI",1999,2026,4.96,6.50763653973801,38.8,2022-10-29,NA,121.3,2013-05-21,NA
"3012206","EDMONTON+INTERNATIONAL+CS","10-30","FWI",1999,2026,7.9,11.153026495082,30.8,2007-10-30,NA,121.3,2013-05-21,NA
"3012206","EDMONTON+INTERNATIONAL+CS","10-31","FWI",1999,2026,5.85833333333333,8.86130078008593,31.4,2022-10-31,NA,121.3,2013-05-21,NA
"3012206","EDMONTON+INTERNATIONAL+CS","04-01","ISI",1999,2026,2.2,2.82842712474619,4.2,2010-04-01,NA,112.8,2013-05-21,NA
"3012206","EDMONTON+INTERNATIONAL+CS","04-02","ISI",1999,2026,0.6,0.141421356237309,6.9,2021-04-02,NA,112.8,2013-05-21,NA
"3012206","EDMONTON+INTERNATIONAL+CS","04-03","ISI",1999,2026,3,0.282842712474619,8.4,2021-04-03,NA,112.8,2013-05-21,NA
"3012206","EDMONTON+INTERNATIONAL+CS","04-04","ISI",1999,2026,6.4,3.76430604494374,11.8,2021-04-04,NA,112.8,2013-05-21,NA
"3012206","EDMONTON+INTERNATIONAL+CS","04-05","ISI",1999,2026,1.6,1.69705627484771,18.4,2022-04-05,NA,112.8,2013-05-21,NA
"3012206","EDMONTON+INTERNATIONAL+CS","04-06","ISI",1999,2026,2.2,2.40416305603426,11.7,2022-04-06,NA,112.8,2013-05-21,NA
"3012206","EDMONTON+INTERNATIONAL+CS","04-07","ISI",1999,2026,4.8,4.66690475583121,20.9,2022-04-07,NA,112.8,2013-05-21,NA
"3012206","EDMONTON+INTERNATIONAL+CS","04-08","ISI",1999,2026,2.7,0.360555127546399,12.9,2021-04-08,NA,112.8,2013-05-21,NA
"3012206","EDMONTON+INTERNATIONAL+CS","04-09","ISI",1999,2026,6.1,4.60217339960154,50.2,2022-04-09,NA,112.8,2013-05-21,NA
"3012206","EDMONTON+INTERNATIONAL+CS","04-10","ISI",1999,2026,10.05,13.2057184583043,35.9,2010-04-10,NA,112.8,2013-05-21,NA
"3012206","EDMONTON+INTERNATIONAL+CS","04-11","ISI",1999,2026,4.21666666666667,1.72094935040711,16.1,2025-04-11,NA,112.8,2013-05-21,NA
"3012206","EDMONTON+INTERNATIONAL+CS","04-12","ISI",1999,2026,5.8,4.17133072292284,13.2,2015-04-12,NA,112.8,2013-05-21,NA
"3012206","EDMONTON+INTERNATIONAL+CS","04-13","ISI",1999,2026,5.11428571428571,3.96376444449321,14.3,2025-04-13,NA,112.8,2013-05-21,NA
"3012206","EDMONTON+INTERNATIONAL+CS","04-14","ISI",1999,2026,5.21428571428571,6.33493714029023,17.1,2010-04-14,NA,112.8,2013-05-21,NA
"3012206","EDMONTON+INTERNATIONAL+CS","04-15","ISI",1999,2026,4.95,4.10597126146786,13.4,2025-04-15,NA,112.8,2013-05-21,NA
"3012206","EDMONTON+INTERNATIONAL+CS","04-16","ISI",1999,2026,5.18333333333333,3.6934626932821,15.4,2025-04-16,NA,112.8,2013-05-21,NA
"3012206","EDMONTON+INTERNATIONAL+CS","04-17","ISI",1999,2026,14.7166666666667,10.4751929178735,33,2008-04-17,NA,112.8,2013-05-21,NA
"3012206","EDMONTON+INTERNATIONAL+CS","04-18","ISI",1999,2026,14.8,10.9749064428163,33.1,2016-04-18,NA,112.8,2013-05-21,NA
"3012206","EDMONTON+INTERNATIONAL+CS","04-19","ISI",1999,2026,8.14285714285714,6.23748270347826,20.1,2025-04-19,NA,112.8,2013-05-21,NA
"3012206","EDMONTON+INTERNATIONAL+CS","04-20","ISI",1999,2026,12.2555555555556,12.3492015036511,38.7,2010-04-20,NA,112.8,2013-05-21,NA
"3012206","EDMONTON+INTERNATIONAL+CS","04-21","ISI",1999,2026,9.83846153846154,6.67277284461995,22.8,2010-04-21,6.4,112.8,2013-05-21,NA
"3012206","EDMONTON+INTERNATIONAL+CS","04-22","ISI",1999,2026,14.2285714285714,10.6797024282535,33.7,2005-04-22,3.5,112.8,2013-05-21,NA
"3012206","EDMONTON+INTERNATIONAL+CS","04-23","ISI",1999,2026,7.95333333333333,5.15389820103838,16.9,2019-04-23,11.2,112.8,2013-05-21,NA
"3012206","EDMONTON+INTERNATIONAL+CS","04-24","ISI",1999,2026,5.95294117647059,5.77181921570864,21.3,2006-04-24,14.4,112.8,2013-05-21,NA
"3012206","EDMONTON+INTERNATIONAL+CS","04-25","ISI",1999,2026,9.1625,9.89005392637809,33.7,2006-04-25,NA,112.8,2013-05-21,NA
"3012206","EDMONTON+INTERNATIONAL+CS","04-26","ISI",1999,2026,7.51764705882353,8.29210733876782,36.7,2020-04-26,NA,112.8,2013-05-21,NA
"3012206","EDMONTON+INTERNATIONAL+CS","04-27","ISI",1999,2026,14.0615384615385,13.0282090392053,47.7,2000-04-27,NA,112.8,2013-05-21,NA
"3012206","EDMONTON+INTERNATIONAL+CS","04-28","ISI",1999,2026,6.53529411764706,6.56809915200648,18.7,2023-04-28,2,112.8,2013-05-21,NA
"3012206","EDMONTON+INTERNATIONAL+CS","04-29","ISI",1999,2026,8.29230769230769,8.67116500616281,27.4,2016-04-29,6.2,112.8,2013-05-21,NA
"3012206","EDMONTON+INTERNATIONAL+CS","04-30","ISI",1999,2026,6.18461538461538,4.99296941606331,31.4,2023-04-30,8.7,112.8,2013-05-21,NA
"3012206","EDMONTON+INTERNATIONAL+CS","05-01","ISI",1999,2026,8.24705882352941,5.62017767146409,24.5,2023-05-01,16.4,112.8,2013-05-21,NA
"3012206","EDMONTON+INTERNATIONAL+CS","05-02","ISI",1999,2026,6.28888888888889,8.61871348997182,33.2,2004-05-02,11.8,112.8,2013-05-21,NA
"3012206","EDMONTON+INTERNATIONAL+CS","05-03","ISI",1999,2026,8.31578947368421,9.86718822708739,38.8,2023-05-03,26.8,112.8,2013-05-21,NA
"3012206","EDMONTON+INTERNATIONAL+CS","05-04","ISI",1999,2026,6.09473684210526,6.00439410248958,35,2023-05-04,25.9,112.8,2013-05-21,NA
"3012206","EDMONTON+INTERNATIONAL+CS","05-05","ISI",1999,2026,6.01111111111111,5.05974759762125,53.9,2023-05-05,7.1,112.8,2013-05-21,NA
"3012206","EDMONTON+INTERNATIONAL+CS","05-06","ISI",1999,2026,7.59444444444444,9.17550910414574,45.6,2025-05-06,14.7,112.8,2013-05-21,NA
"3012206","EDMONTON+INTERNATIONAL+CS","05-07","ISI",1999,2026,9.15555555555556,17.6871246697977,75.8,1999-05-07,24.7,112.8,2013-05-21,NA
"3012206","EDMONTON+INTERNATIONAL+CS","05-08","ISI",1999,2026,6.68421052631579,6.73681949009362,22.9,2004-05-08,17.6,112.8,2013-05-21,NA
"3012206","EDMONTON+INTERNATIONAL+CS","05-09","ISI",1999,2026,5.52222222222222,4.28012583041469,15.4,2016-05-09,7.1,112.8,2013-05-21,NA
"3012206","EDMONTON+INTERNATIONAL+CS","05-10","ISI",1999,2026,5.19473684210526,5.38469783369818,26.2,2024-05-10,11.2,112.8,2013-05-21,NA
"3012206","EDMONTON+INTERNATIONAL+CS","05-11","ISI",1999,2026,8.655,11.3610819999913,49,2011-05-11,31,112.8,2013-05-21,NA
"3012206","EDMONTON+INTERNATIONAL+CS","05-12","ISI",1999,2026,12.447619047619,13.9312102506429,65.6,2011-05-12,12.3,112.8,2013-05-21,NA
"3012206","EDMONTON+INTERNATIONAL+CS","05-13","ISI",1999,2026,8.94761904761905,6.69653784037834,23.8,2015-05-13,10.9,112.8,2013-05-21,NA
"3012206","EDMONTON+INTERNATIONAL+CS","05-14","ISI",1999,2026,15.705,11.5636670108077,51.7,2011-05-14,7.1,112.8,2013-05-21,NA
"3012206","EDMONTON+INTERNATIONAL+CS","05-15","ISI",1999,2026,11.5047619047619,16.1617287500588,70.1,2011-05-15,12.5,112.8,2013-05-21,NA
"3012206","EDMONTON+INTERNATIONAL+CS","05-16","ISI",1999,2026,11.66,11.7661154883084,46.1,2016-05-16,2.8,112.8,2013-05-21,NA
"3012206","EDMONTON+INTERNATIONAL+CS","05-17","ISI",1999,2026,10.6619047619048,11.5291576531192,46.9,2002-05-17,7.6,112.8,2013-05-21,NA
"3012206","EDMONTON+INTERNATIONAL+CS","05-18","ISI",1999,2026,11.8952380952381,14.5580725437977,61.2,2001-05-18,5.7,112.8,2013-05-21,NA
"3012206","EDMONTON+INTERNATIONAL+CS","05-19","ISI",1999,2026,9.02380952380952,7.65270571509873,26.2,2001-05-19,8.4,112.8,2013-05-21,NA
"3012206","EDMONTON+INTERNATIONAL+CS","05-20","ISI",1999,2026,9.94545454545455,11.1691636414826,41.9,2015-05-20,13.9,112.8,2013-05-21,NA
"3012206","EDMONTON+INTERNATIONAL+CS","05-21","ISI",1999,2026,12.7238095238095,24.3122788886995,112.8,2013-05-21,7.8,112.8,2013-05-21,NA
"3012206","EDMONTON+INTERNATIONAL+CS","05-22","ISI",1999,2026,7.26363636363636,10.4312052654544,49.4,2013-05-22,11.5,112.8,2013-05-21,NA
"3012206","EDMONTON+INTERNATIONAL+CS","05-23","ISI",1999,2026,8.05454545454545,9.63771002601004,42.8,2013-05-23,12.8,112.8,2013-05-21,NA
"3012206","EDMONTON+INTERNATIONAL+CS","05-24","ISI",1999,2026,5.80454545454546,6.16035537570507,17.4,1999-05-24,9.3,112.8,2013-05-21,NA
"3012206","EDMONTON+INTERNATIONAL+CS","05-25","ISI",1999,2026,5.52272727272727,6.24522154993658,20.8,2015-05-25,18.9,112.8,2013-05-21,NA
"3012206","EDMONTON+INTERNATIONAL+CS","05-26","ISI",1999,2026,5.38636363636364,5.93675359856237,22.4,1999-05-26,11.2,112.8,2013-05-21,NA
"3012206","EDMONTON+INTERNATIONAL+CS","05-27","ISI",1999,2026,8.27727272727273,6.99414257096825,27.6,2001-05-27,9,112.8,2013-05-21,NA
"3012206","EDMONTON+INTERNATIONAL+CS","05-28","ISI",1999,2026,13.8090909090909,21.1133654146893,99.7,2001-05-28,13.3,112.8,2013-05-21,NA
"3012206","EDMONTON+INTERNATIONAL+CS","05-29","ISI",1999,2026,7.49545454545455,5.77189225988672,40.4,2025-05-29,24.4,112.8,2013-05-21,NA
"3012206","EDMONTON+INTERNATIONAL+CS","05-30","ISI",1999,2026,8.47727272727273,7.63930511787444,24.8,2017-05-30,21.2,112.8,2013-05-21,NA
"3012206","EDMONTON+INTERNATIONAL+CS","05-31","ISI",1999,2026,7.57272727272727,8.33050514778762,33.2,2024-05-31,0.6,112.8,2013-05-21,NA
"3012206","EDMONTON+INTERNATIONAL+CS","06-01","ISI",1999,2026,6.08181818181818,4.11601244429101,26,2025-06-01,0,112.8,2013-05-21,NA
"3012206","EDMONTON+INTERNATIONAL+CS","06-02","ISI",1999,2026,6.50909090909091,3.57490047692428,13.6,2025-06-02,0,112.8,2013-05-21,NA
"3012206","EDMONTON+INTERNATIONAL+CS","06-03","ISI",1999,2026,9.36190476190476,8.6861082304146,38,2020-06-03,0,112.8,2013-05-21,NA
"3012206","EDMONTON+INTERNATIONAL+CS","06-04","ISI",1999,2026,7.40909090909091,4.6640376020404,24.3,2022-06-04,0.4,112.8,2013-05-21,NA
"3012206","EDMONTON+INTERNATIONAL+CS","06-05","ISI",1999,2026,8.40454545454545,10.6821380628165,39.1,2004-06-05,1.4,112.8,2013-05-21,NA
"3012206","EDMONTON+INTERNATIONAL+CS","06-06","ISI",1999,2026,6.04545454545455,7.45811972172275,31.7,2016-06-06,1.6,112.8,2013-05-21,NA
"3012206","EDMONTON+INTERNATIONAL+CS","06-07","ISI",1999,2026,4.12857142857143,5.28527604360859,30.5,2024-06-07,1.6,112.8,2013-05-21,NA
"3012206","EDMONTON+INTERNATIONAL+CS","06-08","ISI",1999,2026,4.50909090909091,5.99864342528567,26,2017-06-08,4.5,112.8,2013-05-21,NA
"3012206","EDMONTON+INTERNATIONAL+CS","06-09","ISI",1999,2026,4.61818181818182,5.44134405346924,29.3,2025-06-09,3.6,112.8,2013-05-21,NA
"3012206","EDMONTON+INTERNATIONAL+CS","06-10","ISI",1999,2026,2.96818181818182,3.81854950816673,35.2,2023-06-10,7.2,112.8,2013-05-21,NA
"3012206","EDMONTON+INTERNATIONAL+CS","06-11","ISI",1999,2026,2.7,3.39242854435748,13.3,2002-06-11,3,112.8,2013-05-21,NA
"3012206","EDMONTON+INTERNATIONAL+CS","06-12","ISI",1999,2026,3.53181818181818,3.23719254670086,10.5,2002-06-12,3.7,112.8,2013-05-21,NA
"3012206","EDMONTON+INTERNATIONAL+CS","06-13","ISI",1999,2026,4.75909090909091,4.52765671453516,22.2,2021-06-13,4.2,112.8,2013-05-21,NA
"3012206","EDMONTON+INTERNATIONAL+CS","06-14","ISI",1999,2026,4.12727272727273,3.91470753249014,14.2,2002-06-14,8.3,112.8,2013-05-21,NA
"3012206","EDMONTON+INTERNATIONAL+CS","06-15","ISI",1999,2026,3.9,5.19046745302891,20.3,1999-06-15,7.6,112.8,2013-05-21,NA
"3012206","EDMONTON+INTERNATIONAL+CS","06-16","ISI",1999,2026,4.42727272727273,6.44346711004785,30.9,1999-06-16,2.8,112.8,2013-05-21,NA
"3012206","EDMONTON+INTERNATIONAL+CS","06-17","ISI",1999,2026,3.88181818181818,3.51088597740233,19.3,2021-06-17,1.5,112.8,2013-05-21,NA
"3012206","EDMONTON+INTERNATIONAL+CS","06-18","ISI",1999,2026,3.02272727272727,2.96566571955997,11.9,2018-06-18,1.1,112.8,2013-05-21,NA
"3012206","EDMONTON+INTERNATIONAL+CS","06-19","ISI",1999,2026,3.89090909090909,4.00439152870339,13,2016-06-19,0.7,112.8,2013-05-21,NA
"3012206","EDMONTON+INTERNATIONAL+CS","06-20","ISI",1999,2026,3.63636363636364,3.99327356516352,16.8,2018-06-20,0.1,112.8,2013-05-21,NA
"3012206","EDMONTON+INTERNATIONAL+CS","06-21","ISI",1999,2026,4.49545454545454,3.59741670180241,12.5,2004-06-21,0,112.8,2013-05-21,NA
"3012206","EDMONTON+INTERNATIONAL+CS","06-22","ISI",1999,2026,5.03181818181818,6.11620691384677,25.6,2002-06-22,0,112.8,2013-05-21,NA
"3012206","EDMONTON+INTERNATIONAL+CS","06-23","ISI",1999,2026,5.41818181818182,6.65544076488491,23.4,2002-06-23,0.6,112.8,2013-05-21,NA
"3012206","EDMONTON+INTERNATIONAL+CS","06-24","ISI",1999,2026,4.16666666666667,3.93514082763671,14.9,2014-06-24,4.1,112.8,2013-05-21,NA
"3012206","EDMONTON+INTERNATIONAL+CS","06-25","ISI",1999,2026,3.95909090909091,4.33058437615076,16.8,2017-06-25,14.8,112.8,2013-05-21,NA
"3012206","EDMONTON+INTERNATIONAL+CS","06-26","ISI",1999,2026,3.72727272727273,3.52989704668184,18.1,2026-06-26,18.1,112.8,2013-05-21,NA
"3012206","EDMONTON+INTERNATIONAL+CS","06-27","ISI",1999,2026,6.65454545454546,5.77389257761482,18.6,2002-06-27,0.2,112.8,2013-05-21,NA
"3012206","EDMONTON+INTERNATIONAL+CS","06-28","ISI",1999,2026,5.16818181818182,4.55750415862061,17.9,2009-06-28,0,112.8,2013-05-21,NA
"3012206","EDMONTON+INTERNATIONAL+CS","06-29","ISI",1999,2026,3.66363636363636,2.8638211992846,11.2,2021-06-29,0.2,112.8,2013-05-21,NA
"3012206","EDMONTON+INTERNATIONAL+CS","06-30","ISI",1999,2026,4.10909090909091,3.95545543592994,16.1,2021-06-30,0.9,112.8,2013-05-21,NA
"3012206","EDMONTON+INTERNATIONAL+CS","07-01","ISI",1999,2026,4.43636363636364,5.4413360977005,25.8,2021-07-01,1.2,112.8,2013-05-21,NA
"3012206","EDMONTON+INTERNATIONAL+CS","07-02","ISI",1999,2026,3.35,3.70170488391755,17.3,2002-07-02,0.2,112.8,2013-05-21,NA
"3012206","EDMONTON+INTERNATIONAL+CS","07-03","ISI",1999,2026,4.53181818181818,5.82738905544011,27.6,2002-07-03,1.1,112.8,2013-05-21,NA
"3012206","EDMONTON+INTERNATIONAL+CS","07-04","ISI",1999,2026,4.30909090909091,3.57423439566455,12.1,2002-07-04,1.9,112.8,2013-05-21,NA
"3012206","EDMONTON+INTERNATIONAL+CS","07-05","ISI",1999,2026,3.20454545454546,2.97905022779749,11.5,2002-07-05,4.1,112.8,2013-05-21,NA
"3012206","EDMONTON+INTERNATIONAL+CS","07-06","ISI",1999,2026,3.53636363636364,2.99548000041737,11.5,2001-07-06,5.6,112.8,2013-05-21,NA
"3012206","EDMONTON+INTERNATIONAL+CS","07-07","ISI",1999,2026,3.55,4.21784756661951,18.7,2002-07-07,10.2,112.8,2013-05-21,NA
"3012206","EDMONTON+INTERNATIONAL+CS","07-08","ISI",1999,2026,2.66363636363636,2.21758028888749,7.9,2024-07-08,4.1,112.8,2013-05-21,NA
"3012206","EDMONTON+INTERNATIONAL+CS","07-09","ISI",1999,2026,2.98636363636364,3.03633479779964,9.6,2006-07-09,4.3,112.8,2013-05-21,NA
"3012206","EDMONTON+INTERNATIONAL+CS","07-10","ISI",1999,2026,3.68636363636364,4.08415001992843,14.6,2002-07-10,0.4,112.8,2013-05-21,NA
"3012206","EDMONTON+INTERNATIONAL+CS","07-11","ISI",1999,2026,2.90909090909091,2.23071824668735,9.2,2024-07-11,0.4,112.8,2013-05-21,NA
"3012206","EDMONTON+INTERNATIONAL+CS","07-12","ISI",1999,2026,3.17727272727273,1.93512195215107,10.8,2024-07-12,1.4,112.8,2013-05-21,NA
"3012206","EDMONTON+INTERNATIONAL+CS","07-13","ISI",1999,2026,3.17727272727273,2.55677099523558,9.2,1999-07-13,4.5,112.8,2013-05-21,NA
"3012206","EDMONTON+INTERNATIONAL+CS","07-14","ISI",1999,2026,3.14545454545455,2.8709924072692,11.9,2020-07-14,9.4,112.8,2013-05-21,NA
"3012206","EDMONTON+INTERNATIONAL+CS","07-15","ISI",1999,2026,2.92727272727273,2.76443084957427,10.9,2020-07-15,3.2,112.8,2013-05-21,NA
"3012206","EDMONTON+INTERNATIONAL+CS","07-16","ISI",1999,2026,2.52272727272727,3.140205000615,13.2,2002-07-16,3.8,112.8,2013-05-21,NA
"3012206","EDMONTON+INTERNATIONAL+CS","07-17","ISI",1999,2026,2.33181818181818,2.41767033942386,8.4,2002-07-17,6.5,112.8,2013-05-21,NA
"3012206","EDMONTON+INTERNATIONAL+CS","07-18","ISI",1999,2026,1.53636363636364,1.76757715654197,10.6,2025-07-18,4.2,112.8,2013-05-21,NA
"3012206","EDMONTON+INTERNATIONAL+CS","07-19","ISI",1999,2026,2.03636363636364,2.07216138701907,8.7,2009-07-19,0.6,112.8,2013-05-21,NA
"3012206","EDMONTON+INTERNATIONAL+CS","07-20","ISI",1999,2026,3.57727272727273,3.15608736347514,12.3,2017-07-20,0.4,112.8,2013-05-21,NA
"3012206","EDMONTON+INTERNATIONAL+CS","07-21","ISI",1999,2026,2.79545454545455,2.31691035499296,8,2006-07-21,0.1,112.8,2013-05-21,NA
"3012206","EDMONTON+INTERNATIONAL+CS","07-22","ISI",1999,2026,3.16363636363636,2.72143964956671,12.4,2024-07-22,1,112.8,2013-05-21,NA
"3012206","EDMONTON+INTERNATIONAL+CS","07-23","ISI",1999,2026,3.31363636363636,3.20287006033286,12.5,2002-07-23,2.8,112.8,2013-05-21,NA
"3012206","EDMONTON+INTERNATIONAL+CS","07-24","ISI",1999,2026,2.73636363636364,3.24690995292821,12.1,2006-07-24,3.8,112.8,2013-05-21,NA
"3012206","EDMONTON+INTERNATIONAL+CS","07-25","ISI",1999,2026,2.96818181818182,3.15600506421773,11,2026-07-25,11,112.8,2013-05-21,NA
"3012206","EDMONTON+INTERNATIONAL+CS","07-26","ISI",1999,2026,3.21363636363636,4.54640574463006,20.8,2008-07-26,0.4,112.8,2013-05-21,NA
"3012206","EDMONTON+INTERNATIONAL+CS","07-27","ISI",1999,2026,3.20909090909091,1.93166818872755,6.3,2020-07-27,0.1,112.8,2013-05-21,NA
"3012206","EDMONTON+INTERNATIONAL+CS","07-28","ISI",1999,2026,2.57727272727273,2.27112974156703,8,2021-07-28,1.8,112.8,2013-05-21,NA
"3012206","EDMONTON+INTERNATIONAL+CS","07-29","ISI",1999,2026,2.89545454545455,1.97447455885098,6,2008-07-29,0.8,112.8,2013-05-21,NA
"3012206","EDMONTON+INTERNATIONAL+CS","07-30","ISI",1999,2026,3.39545454545455,2.31011796704087,7.7,2003-07-30,3,112.8,2013-05-21,NA
"3012206","EDMONTON+INTERNATIONAL+CS","07-31","ISI",1999,2026,3.06818181818182,2.77975441937496,9.8,2003-07-31,2.8,112.8,2013-05-21,NA
"3012206","EDMONTON+INTERNATIONAL+CS","08-01","ISI",1999,2026,4.21363636363636,5.52847998179345,24.4,2003-08-01,5,112.8,2013-05-21,NA
"3012206","EDMONTON+INTERNATIONAL+CS","08-02","ISI",1999,2026,3.34545454545454,2.95098486751655,11.1,2008-08-02,3,112.8,2013-05-21,NA
"3012206","EDMONTON+INTERNATIONAL+CS","08-03","ISI",1999,2026,3.60909090909091,2.40137046008734,11.7,2024-08-03,1.2,112.8,2013-05-21,NA
"3012206","EDMONTON+INTERNATIONAL+CS","08-04","ISI",1999,2026,2.44545454545455,1.92643941798563,8.4,2024-08-04,3,112.8,2013-05-21,NA
"3012206","EDMONTON+INTERNATIONAL+CS","08-05","ISI",1999,2026,3.08181818181818,3.09833078925632,13.7,2003-08-05,0.8,112.8,2013-05-21,NA
"3012206","EDMONTON+INTERNATIONAL+CS","08-06","ISI",1999,2026,3.05909090909091,3.39181916225456,14.1,2016-08-06,1.7,112.8,2013-05-21,NA
"3012206","EDMONTON+INTERNATIONAL+CS","08-07","ISI",1999,2026,2.75454545454545,2.48418373538851,8.7,2018-08-07,1.9,112.8,2013-05-21,NA
"3012206","EDMONTON+INTERNATIONAL+CS","08-08","ISI",1999,2026,2.92727272727273,2.16645020563744,7.3,2015-08-08,NA,112.8,2013-05-21,NA
"3012206","EDMONTON+INTERNATIONAL+CS","08-09","ISI",1999,2026,3.91363636363636,2.96781071379231,11,2024-08-09,NA,112.8,2013-05-21,NA
"3012206","EDMONTON+INTERNATIONAL+CS","08-10","ISI",1999,2026,3.12272727272727,2.22495196698968,21,2021-08-10,NA,112.8,2013-05-21,NA
"3012206","EDMONTON+INTERNATIONAL+CS","08-11","ISI",1999,2026,2.68636363636364,2.11013325116267,27.3,2021-08-11,NA,112.8,2013-05-21,NA
"3012206","EDMONTON+INTERNATIONAL+CS","08-12","ISI",1999,2026,3.62272727272727,4.25126668162189,15.2,2014-08-12,NA,112.8,2013-05-21,NA
"3012206","EDMONTON+INTERNATIONAL+CS","08-13","ISI",1999,2026,4.64090909090909,6.25799748062689,22.8,2003-08-13,NA,112.8,2013-05-21,NA
"3012206","EDMONTON+INTERNATIONAL+CS","08-14","ISI",1999,2026,3.32727272727273,2.47466819674531,8.4,2022-08-14,NA,112.8,2013-05-21,NA
"3012206","EDMONTON+INTERNATIONAL+CS","08-15","ISI",1999,2026,3.85,4.77690375911108,23.1,2021-08-15,NA,112.8,2013-05-21,NA
"3012206","EDMONTON+INTERNATIONAL+CS","08-16","ISI",1999,2026,3.89545454545455,3.06088646866001,11,2008-08-16,NA,112.8,2013-05-21,NA
"3012206","EDMONTON+INTERNATIONAL+CS","08-17","ISI",1999,2026,4.65454545454545,3.1385054484924,13.1,2001-08-17,NA,112.8,2013-05-21,NA
"3012206","EDMONTON+INTERNATIONAL+CS","08-18","ISI",1999,2026,5.39545454545454,3.74578839978058,13.9,2009-08-18,NA,112.8,2013-05-21,NA
"3012206","EDMONTON+INTERNATIONAL+CS","08-19","ISI",1999,2026,4.34090909090909,3.36093228150551,14.9,2001-08-19,NA,112.8,2013-05-21,NA
"3012206","EDMONTON+INTERNATIONAL+CS","08-20","ISI",1999,2026,3.62272727272727,2.15979095509194,8.4,2020-08-20,NA,112.8,2013-05-21,NA
"3012206","EDMONTON+INTERNATIONAL+CS","08-21","ISI",1999,2026,4.35454545454545,3.14487145209728,10.7,2000-08-21,NA,112.8,2013-05-21,NA
"3012206","EDMONTON+INTERNATIONAL+CS","08-22","ISI",1999,2026,3.51363636363636,2.62701994020483,9.1,2018-08-22,NA,112.8,2013-05-21,NA
"3012206","EDMONTON+INTERNATIONAL+CS","08-23","ISI",1999,2026,4.93636363636364,4.15675531137144,13.8,2019-08-23,NA,112.8,2013-05-21,NA
"3012206","EDMONTON+INTERNATIONAL+CS","08-24","ISI",1999,2026,3.49047619047619,2.75189112464588,9.2,2020-08-24,NA,112.8,2013-05-21,NA
"3012206","EDMONTON+INTERNATIONAL+CS","08-25","ISI",1999,2026,4.18095238095238,3.53038511321627,13.9,2009-08-25,NA,112.8,2013-05-21,NA
"3012206","EDMONTON+INTERNATIONAL+CS","08-26","ISI",1999,2026,4.26818181818182,3.76656801770984,16.5,2003-08-26,NA,112.8,2013-05-21,NA
"3012206","EDMONTON+INTERNATIONAL+CS","08-27","ISI",1999,2026,4.68636363636364,3.75046606050444,18.5,2025-08-27,NA,112.8,2013-05-21,NA
"3012206","EDMONTON+INTERNATIONAL+CS","08-28","ISI",1999,2026,5.69090909090909,4.38274854953884,13.8,1999-08-28,NA,112.8,2013-05-21,NA
"3012206","EDMONTON+INTERNATIONAL+CS","08-29","ISI",1999,2026,6.38181818181818,5.55874569301868,20.1,2002-08-29,NA,112.8,2013-05-21,NA
"3012206","EDMONTON+INTERNATIONAL+CS","08-30","ISI",1999,2026,6.57619047619048,6.96203309112394,21.3,2009-08-30,NA,112.8,2013-05-21,NA
"3012206","EDMONTON+INTERNATIONAL+CS","08-31","ISI",1999,2026,3.13636363636364,2.16323070881658,9.7,2025-08-31,NA,112.8,2013-05-21,NA
"3012206","EDMONTON+INTERNATIONAL+CS","09-01","ISI",1999,2026,4.32857142857143,4.67687319233084,20.6,2020-09-01,NA,112.8,2013-05-21,NA
"3012206","EDMONTON+INTERNATIONAL+CS","09-02","ISI",1999,2026,2.81904761904762,2.70695752600942,12,2024-09-02,NA,112.8,2013-05-21,NA
"3012206","EDMONTON+INTERNATIONAL+CS","09-03","ISI",1999,2026,3.37142857142857,2.18292071709965,7.8,2024-09-03,NA,112.8,2013-05-21,NA
"3012206","EDMONTON+INTERNATIONAL+CS","09-04","ISI",1999,2026,4.13809523809524,2.98839023396815,12.6,2021-09-04,NA,112.8,2013-05-21,NA
"3012206","EDMONTON+INTERNATIONAL+CS","09-05","ISI",1999,2026,4.03809523809524,2.3973894532337,12.1,2021-09-05,NA,112.8,2013-05-21,NA
"3012206","EDMONTON+INTERNATIONAL+CS","09-06","ISI",1999,2026,4.21904761904762,3.98780880279121,20.7,2021-09-06,NA,112.8,2013-05-21,NA
"3012206","EDMONTON+INTERNATIONAL+CS","09-07","ISI",1999,2026,5.73809523809524,6.99967686328992,28.8,2000-09-07,NA,112.8,2013-05-21,NA
"3012206","EDMONTON+INTERNATIONAL+CS","09-08","ISI",1999,2026,5.09523809523809,6.97377058630955,32,2006-09-08,NA,112.8,2013-05-21,NA
"3012206","EDMONTON+INTERNATIONAL+CS","09-09","ISI",1999,2026,4.70952380952381,3.49941491708325,23,2024-09-09,NA,112.8,2013-05-21,NA
"3012206","EDMONTON+INTERNATIONAL+CS","09-10","ISI",1999,2026,4.03333333333333,3.40078422328341,19.6,2023-09-10,NA,112.8,2013-05-21,NA
"3012206","EDMONTON+INTERNATIONAL+CS","09-11","ISI",1999,2026,6.30952380952381,5.50907476459566,17.2,2008-09-11,NA,112.8,2013-05-21,NA
"3012206","EDMONTON+INTERNATIONAL+CS","09-12","ISI",1999,2026,5.41428571428571,7.3279114155594,33.8,2009-09-12,NA,112.8,2013-05-21,NA
"3012206","EDMONTON+INTERNATIONAL+CS","09-13","ISI",1999,2026,4.07142857142857,5.0170850956649,19.6,2009-09-13,NA,112.8,2013-05-21,NA
"3012206","EDMONTON+INTERNATIONAL+CS","09-14","ISI",1999,2026,6.04,4.91136169348283,17.3,2009-09-14,NA,112.8,2013-05-21,NA
"3012206","EDMONTON+INTERNATIONAL+CS","09-15","ISI",1999,2026,6.53157894736842,8.43149206721634,37.1,2013-09-15,NA,112.8,2013-05-21,NA
"3012206","EDMONTON+INTERNATIONAL+CS","09-16","ISI",1999,2026,4.45,3.43319706764164,31.9,2021-09-16,NA,112.8,2013-05-21,NA
"3012206","EDMONTON+INTERNATIONAL+CS","09-17","ISI",1999,2026,5.65,5.67390147030567,23,2013-09-17,NA,112.8,2013-05-21,NA
"3012206","EDMONTON+INTERNATIONAL+CS","09-18","ISI",1999,2026,5.84285714285714,7.47961037946305,27.1,2000-09-18,NA,112.8,2013-05-21,NA
"3012206","EDMONTON+INTERNATIONAL+CS","09-19","ISI",1999,2026,4.88095238095238,5.04238227900454,18.1,2000-09-19,NA,112.8,2013-05-21,NA
"3012206","EDMONTON+INTERNATIONAL+CS","09-20","ISI",1999,2026,6.64761904761905,8.19326668964333,31.3,2009-09-20,NA,112.8,2013-05-21,NA
"3012206","EDMONTON+INTERNATIONAL+CS","09-21","ISI",1999,2026,5.18636363636364,4.97108740183775,18.2,2014-09-21,NA,112.8,2013-05-21,NA
"3012206","EDMONTON+INTERNATIONAL+CS","09-22","ISI",1999,2026,5.27619047619048,3.89126004809557,13.9,2023-09-22,NA,112.8,2013-05-21,NA
"3012206","EDMONTON+INTERNATIONAL+CS","09-23","ISI",1999,2026,5.71428571428571,4.37141690007779,16.6,2009-09-23,NA,112.8,2013-05-21,NA
"3012206","EDMONTON+INTERNATIONAL+CS","09-24","ISI",1999,2026,7.11904761904762,6.77426151308163,27.8,2009-09-24,NA,112.8,2013-05-21,NA
"3012206","EDMONTON+INTERNATIONAL+CS","09-25","ISI",1999,2026,8.04090909090909,5.95128310222011,28.2,2011-09-25,NA,112.8,2013-05-21,NA
"3012206","EDMONTON+INTERNATIONAL+CS","09-26","ISI",1999,2026,7.96818181818182,8.07384881156655,29.1,2020-09-26,NA,112.8,2013-05-21,NA
"3012206","EDMONTON+INTERNATIONAL+CS","09-27","ISI",1999,2026,6.99545454545454,4.34472611583803,17,2020-09-27,NA,112.8,2013-05-21,NA
"3012206","EDMONTON+INTERNATIONAL+CS","09-28","ISI",1999,2026,8.38095238095238,11.056926292945,49,2009-09-28,NA,112.8,2013-05-21,NA
"3012206","EDMONTON+INTERNATIONAL+CS","09-29","ISI",1999,2026,7.40952380952381,9.27447598314346,44,2011-09-29,NA,112.8,2013-05-21,NA
"3012206","EDMONTON+INTERNATIONAL+CS","09-30","ISI",1999,2026,6.105,4.41700958615787,15.3,2004-09-30,NA,112.8,2013-05-21,NA
"3012206","EDMONTON+INTERNATIONAL+CS","10-01","ISI",1999,2026,4.96190476190476,4.17797513042816,15.3,2010-10-01,NA,112.8,2013-05-21,NA
"3012206","EDMONTON+INTERNATIONAL+CS","10-02","ISI",1999,2026,4.92631578947368,4.72426856246471,12.5,2014-10-02,NA,112.8,2013-05-21,NA
"3012206","EDMONTON+INTERNATIONAL+CS","10-03","ISI",1999,2026,3.54285714285714,3.00276063457803,12.3,2021-10-03,NA,112.8,2013-05-21,NA
"3012206","EDMONTON+INTERNATIONAL+CS","10-04","ISI",1999,2026,3.47,3.02447907650401,9,2021-10-04,NA,112.8,2013-05-21,NA
"3012206","EDMONTON+INTERNATIONAL+CS","10-05","ISI",1999,2026,4.14761904761905,3.73665880802878,14.2,2023-10-05,NA,112.8,2013-05-21,NA
"3012206","EDMONTON+INTERNATIONAL+CS","10-06","ISI",1999,2026,5.7,7.84182923266541,37.7,2014-10-06,NA,112.8,2013-05-21,NA
"3012206","EDMONTON+INTERNATIONAL+CS","10-07","ISI",1999,2026,5.76363636363636,3.82093798687797,13.8,2000-10-07,NA,112.8,2013-05-21,NA
"3012206","EDMONTON+INTERNATIONAL+CS","10-08","ISI",1999,2026,4.7047619047619,3.37986333902366,10.2,2010-10-08,NA,112.8,2013-05-21,NA
"3012206","EDMONTON+INTERNATIONAL+CS","10-09","ISI",1999,2026,6.13,5.44697888258881,19.3,2003-10-09,NA,112.8,2013-05-21,NA
"3012206","EDMONTON+INTERNATIONAL+CS","10-10","ISI",1999,2026,7.61176470588235,8.03911394005437,32.7,2015-10-10,NA,112.8,2013-05-21,NA
"3012206","EDMONTON+INTERNATIONAL+CS","10-11","ISI",1999,2026,7.8,13.1166427026688,60.5,2001-10-11,NA,112.8,2013-05-21,NA
"3012206","EDMONTON+INTERNATIONAL+CS","10-12","ISI",1999,2026,5.03684210526316,4.68629331446931,19.2,2022-10-12,NA,112.8,2013-05-21,NA
"3012206","EDMONTON+INTERNATIONAL+CS","10-13","ISI",1999,2026,5.405,6.25430167754036,28.6,2001-10-13,NA,112.8,2013-05-21,NA
"3012206","EDMONTON+INTERNATIONAL+CS","10-14","ISI",1999,2026,4.84,5.15071788558082,21.5,2022-10-14,NA,112.8,2013-05-21,NA
"3012206","EDMONTON+INTERNATIONAL+CS","10-15","ISI",1999,2026,4.63684210526316,3.88761716884032,15.6,2010-10-15,NA,112.8,2013-05-21,NA
"3012206","EDMONTON+INTERNATIONAL+CS","10-16","ISI",1999,2026,3.04444444444444,2.31319036683162,8.3,2018-10-16,NA,112.8,2013-05-21,NA
"3012206","EDMONTON+INTERNATIONAL+CS","10-17","ISI",1999,2026,7.52941176470588,6.11113376406972,21.5,2001-10-17,NA,112.8,2013-05-21,NA
"3012206","EDMONTON+INTERNATIONAL+CS","10-18","ISI",1999,2026,4.33125,4.17703543197804,15.1,2018-10-18,NA,112.8,2013-05-21,NA
"3012206","EDMONTON+INTERNATIONAL+CS","10-19","ISI",1999,2026,5.62941176470588,5.06443045982003,16.2,2013-10-19,NA,112.8,2013-05-21,NA
"3012206","EDMONTON+INTERNATIONAL+CS","10-20","ISI",1999,2026,5.60625,4.68208909925189,22.4,2023-10-20,NA,112.8,2013-05-21,NA
"3012206","EDMONTON+INTERNATIONAL+CS","10-21","ISI",1999,2026,4.1875,3.59534421161591,12.1,2000-10-21,NA,112.8,2013-05-21,NA
"3012206","EDMONTON+INTERNATIONAL+CS","10-22","ISI",1999,2026,6.34,6.37985669341964,21.5,2018-10-22,NA,112.8,2013-05-21,NA
"3012206","EDMONTON+INTERNATIONAL+CS","10-23","ISI",1999,2026,3.79333333333333,2.55886879769353,8.1,2018-10-23,NA,112.8,2013-05-21,NA
"3012206","EDMONTON+INTERNATIONAL+CS","10-24","ISI",1999,2026,6.25333333333333,8.66420111449296,32.6,1999-10-24,NA,112.8,2013-05-21,NA
"3012206","EDMONTON+INTERNATIONAL+CS","10-25","ISI",1999,2026,8.12142857142857,10.8876202507837,35.9,1999-10-25,NA,112.8,2013-05-21,NA
"3012206","EDMONTON+INTERNATIONAL+CS","10-26","ISI",1999,2026,5.09285714285714,3.6522836450878,13.1,1999-10-26,NA,112.8,2013-05-21,NA
"3012206","EDMONTON+INTERNATIONAL+CS","10-27","ISI",1999,2026,5.80714285714286,7.23585774892219,32,2022-10-27,NA,112.8,2013-05-21,NA
"3012206","EDMONTON+INTERNATIONAL+CS","10-28","ISI",1999,2026,3.425,5.75517553637988,21,2018-10-28,NA,112.8,2013-05-21,NA
"3012206","EDMONTON+INTERNATIONAL+CS","10-29","ISI",1999,2026,1.79,1.4325191486019,12.3,2022-10-29,NA,112.8,2013-05-21,NA
"3012206","EDMONTON+INTERNATIONAL+CS","10-30","ISI",1999,2026,2.81818181818182,3.44407264203825,10.3,2007-10-30,NA,112.8,2013-05-21,NA
"3012206","EDMONTON+INTERNATIONAL+CS","10-31","ISI",1999,2026,2.425,3.10809061526965,11.1,2013-10-31,NA,112.8,2013-05-21,NA
