"MD","variable","PLOT_DATE","clim_mean","clim_min","clim_max","clim_sd","q10","q25","q75","q90","value","ECCC_SOURCE","ECCC_AES","ECCC_STATION_ID","ECCC_STATION_NAME","MONTH","clim_max_date","hover_value","hover_band","hover_histmax","hover_mean","AES","NAME","por_start","por_end"
"04-01","TMAX",2001-04-01,5.17647058823529,-13.3,15.4,6.80207040280427,-1.68,3.2,9,11.74,4.7,"NA (ECCC AES NA; station_id 30726)",NA,30726,"",4,2005-04-01,"DATE: Apr-01<br>Value: 4.7 °C<br>Anomaly: -0.5 °C<br>Weather station: NA (ECCC AES NA; station_id 30726)","DATE: Apr-01<br><b>Maximum temperature</b><br>10-90 percentile<br>-1.7 to 11.7 °C","Historical daily maximum<br>15.4 °C<br>2005-04-01","DATE: Apr-01</b><br>Normal: 5.2 °C<br>Period: 1991-2020","3063686","LAC+LA+BICHE+CLIMATE",2004,2026
"04-01","TMIN",2001-04-01,-6.62352941176471,-20.3,0.7,6.10814307009142,-14.22,-10.6,-1.8,-0.8,-12.8,"NA (ECCC AES NA; station_id 30726)",NA,30726,"",4,2005-04-01,"DATE: Apr-01<br>Value: -12.8 °C<br>Anomaly: -6.2 °C<br>Weather station: NA (ECCC AES NA; station_id 30726)","DATE: Apr-01<br><b>Minimum temperature</b><br>10-90 percentile<br>-14.2 to -0.8 °C","Historical daily maximum<br>0.7 °C<br>2005-04-01","DATE: Apr-01</b><br>Normal: -6.6 °C<br>Period: 1991-2020","3063686","LAC+LA+BICHE+CLIMATE",2004,2026
"04-01","VPD",2001-04-01,0.55477182861396,0.0820269532270639,1.10713530275095,0.279094687747044,0.269815514102772,0.361123656316963,0.684798337316919,0.906445680383421,0.626036947277566,"NA (ECCC AES NA; station_id 30726)",NA,30726,"",4,2021-04-01,"DATE: Apr-01<br>Value: 0.6 kPa<br>Anomaly: +0.1 kPa<br>Weather station: NA (ECCC AES NA; station_id 30726)","DATE: Apr-01<br><b>Vapour pressure deficit</b><br>10-90 percentile<br>0.3 to 0.9 kPa","Historical daily maximum<br>1.1 kPa<br>2021-04-01","DATE: Apr-01</b><br>Normal: 0.6 kPa<br>Period: 1991-2020","3063686","LAC+LA+BICHE+CLIMATE",2004,2026
"04-02","TMAX",2001-04-02,5.40588235294118,-10.8,18.7,7.04924380591948,-2.44,1.8,9.4,12.32,2.2,"NA (ECCC AES NA; station_id 30726)",NA,30726,"",4,2024-04-02,"DATE: Apr-02<br>Value: 2.2 °C<br>Anomaly: -3.2 °C<br>Weather station: NA (ECCC AES NA; station_id 30726)","DATE: Apr-02<br><b>Maximum temperature</b><br>10-90 percentile<br>-2.4 to 12.3 °C","Historical daily maximum<br>18.7 °C<br>2024-04-02","DATE: Apr-02</b><br>Normal: 5.4 °C<br>Period: 1991-2020","3063686","LAC+LA+BICHE+CLIMATE",2004,2026
"04-02","TMIN",2001-04-02,-7.70588235294118,-25.4,-1.2,6.55147603485612,-15.68,-9.5,-3,-1.54,-2.7,"NA (ECCC AES NA; station_id 30726)",NA,30726,"",4,2017-04-02,"DATE: Apr-02<br>Value: -2.7 °C<br>Anomaly: +5.0 °C<br>Weather station: NA (ECCC AES NA; station_id 30726)","DATE: Apr-02<br><b>Minimum temperature</b><br>10-90 percentile<br>-15.7 to -1.5 °C","Historical daily maximum<br>-1.2 °C<br>2017-04-02","DATE: Apr-02</b><br>Normal: -7.7 °C<br>Period: 1991-2020","3063686","LAC+LA+BICHE+CLIMATE",2004,2026
"04-02","VPD",2001-04-02,0.610591959056103,0.191018551947828,1.62919197562019,0.363048290703234,0.229273417239686,0.382684481290677,0.769196056907662,0.943844719671713,0.215104010717092,"NA (ECCC AES NA; station_id 30726)",NA,30726,"",4,2024-04-02,"DATE: Apr-02<br>Value: 0.2 kPa<br>Anomaly: -0.4 kPa<br>Weather station: NA (ECCC AES NA; station_id 30726)","DATE: Apr-02<br><b>Vapour pressure deficit</b><br>10-90 percentile<br>0.2 to 0.9 kPa","Historical daily maximum<br>1.6 kPa<br>2024-04-02","DATE: Apr-02</b><br>Normal: 0.6 kPa<br>Period: 1991-2020","3063686","LAC+LA+BICHE+CLIMATE",2004,2026
"04-03","TMAX",2001-04-03,5.24705882352941,-6,14.6,6.5214183318373,-4.68,2.7,11.9,13.24,3.6,"NA (ECCC AES NA; station_id 30726)",NA,30726,"",4,2012-04-03,"DATE: Apr-03<br>Value: 3.6 °C<br>Anomaly: -1.6 °C<br>Weather station: NA (ECCC AES NA; station_id 30726)","DATE: Apr-03<br><b>Maximum temperature</b><br>10-90 percentile<br>-4.7 to 13.2 °C","Historical daily maximum<br>14.6 °C<br>2012-04-03","DATE: Apr-03</b><br>Normal: 5.2 °C<br>Period: 1991-2020","3063686","LAC+LA+BICHE+CLIMATE",2004,2026
"04-03","TMIN",2001-04-03,-6.89411764705882,-25.9,0.3,7.17865504362023,-15.92,-7.3,-2.9,-0.82,-1.7,"NA (ECCC AES NA; station_id 30726)",NA,30726,"",4,2024-04-03,"DATE: Apr-03<br>Value: -1.7 °C<br>Anomaly: +5.2 °C<br>Weather station: NA (ECCC AES NA; station_id 30726)","DATE: Apr-03<br><b>Minimum temperature</b><br>10-90 percentile<br>-15.9 to -0.8 °C","Historical daily maximum<br>0.3 °C<br>2024-04-03","DATE: Apr-03</b><br>Normal: -6.9 °C<br>Period: 1991-2020","3063686","LAC+LA+BICHE+CLIMATE",2004,2026
"04-03","VPD",2001-04-03,0.55908692458641,0.1781848256005,1.04558069866039,0.302732987867371,0.261876223141174,0.317154272871691,0.904524643237829,0.994498092561735,0.251409785279887,"NA (ECCC AES NA; station_id 30726)",NA,30726,"",4,2006-04-03,"DATE: Apr-03<br>Value: 0.3 kPa<br>Anomaly: -0.3 kPa<br>Weather station: NA (ECCC AES NA; station_id 30726)","DATE: Apr-03<br><b>Vapour pressure deficit</b><br>10-90 percentile<br>0.3 to 1.0 kPa","Historical daily maximum<br>1.0 kPa<br>2006-04-03","DATE: Apr-03</b><br>Normal: 0.6 kPa<br>Period: 1991-2020","3063686","LAC+LA+BICHE+CLIMATE",2004,2026
"04-04","TMAX",2001-04-04,4.95294117647059,-4.3,15.7,6.35984646503542,-3.32,-1,9.3,12.54,4.6,"NA (ECCC AES NA; station_id 30726)",NA,30726,"",4,2006-04-04,"DATE: Apr-04<br>Value: 4.6 °C<br>Anomaly: -0.4 °C<br>Weather station: NA (ECCC AES NA; station_id 30726)","DATE: Apr-04<br><b>Maximum temperature</b><br>10-90 percentile<br>-3.3 to 12.5 °C","Historical daily maximum<br>15.7 °C<br>2006-04-04","DATE: Apr-04</b><br>Normal: 5.0 °C<br>Period: 1991-2020","3063686","LAC+LA+BICHE+CLIMATE",2004,2026
"04-04","TMIN",2001-04-04,-6.15294117647059,-19.3,1.7,6.03491069186807,-14.12,-9,-3.3,1.24,-2.2,"NA (ECCC AES NA; station_id 30726)",NA,30726,"",4,2012-04-04,"DATE: Apr-04<br>Value: -2.2 °C<br>Anomaly: +4.0 °C<br>Weather station: NA (ECCC AES NA; station_id 30726)","DATE: Apr-04<br><b>Minimum temperature</b><br>10-90 percentile<br>-14.1 to 1.2 °C","Historical daily maximum<br>1.7 °C<br>2012-04-04","DATE: Apr-04</b><br>Normal: -6.2 °C<br>Period: 1991-2020","3063686","LAC+LA+BICHE+CLIMATE",2004,2026
"04-04","VPD",2001-04-04,0.52307562026807,0.109087218070875,1.23648375932339,0.283620309328135,0.211470075226756,0.349965249922138,0.696338762424161,0.790224973847029,0.328598965897041,"NA (ECCC AES NA; station_id 30726)",NA,30726,"",4,2006-04-04,"DATE: Apr-04<br>Value: 0.3 kPa<br>Anomaly: -0.2 kPa<br>Weather station: NA (ECCC AES NA; station_id 30726)","DATE: Apr-04<br><b>Vapour pressure deficit</b><br>10-90 percentile<br>0.2 to 0.8 kPa","Historical daily maximum<br>1.2 kPa<br>2006-04-04","DATE: Apr-04</b><br>Normal: 0.5 kPa<br>Period: 1991-2020","3063686","LAC+LA+BICHE+CLIMATE",2004,2026
"04-05","TMAX",2001-04-05,5.28235294117647,-9.5,15.6,7.01250983012837,-3,-0.6,11,12.92,2.5,"NA (ECCC AES NA; station_id 30726)",NA,30726,"",4,2025-04-05,"DATE: Apr-05<br>Value: 2.5 °C<br>Anomaly: -2.8 °C<br>Weather station: NA (ECCC AES NA; station_id 30726)","DATE: Apr-05<br><b>Maximum temperature</b><br>10-90 percentile<br>-3.0 to 12.9 °C","Historical daily maximum<br>15.6 °C<br>2025-04-05","DATE: Apr-05</b><br>Normal: 5.3 °C<br>Period: 1991-2020","3063686","LAC+LA+BICHE+CLIMATE",2004,2026
"04-05","TMIN",2001-04-05,-6.30588235294118,-18,2,5.91686895539306,-16.44,-7.9,-2.4,-0.72,-7.8,"NA (ECCC AES NA; station_id 30726)",NA,30726,"",4,2004-04-05,"DATE: Apr-05<br>Value: -7.8 °C<br>Anomaly: -1.5 °C<br>Weather station: NA (ECCC AES NA; station_id 30726)","DATE: Apr-05<br><b>Minimum temperature</b><br>10-90 percentile<br>-16.4 to -0.7 °C","Historical daily maximum<br>2.0 °C<br>2004-04-05","DATE: Apr-05</b><br>Normal: -6.3 °C<br>Period: 1991-2020","3063686","LAC+LA+BICHE+CLIMATE",2004,2026
"04-05","VPD",2001-04-05,0.562668811899369,0.149237371486351,1.27905369247512,0.322724303877025,0.21018474981838,0.324647918531725,0.72490997026818,0.950162236731778,0.391677992608784,"NA (ECCC AES NA; station_id 30726)",NA,30726,"",4,2025-04-05,"DATE: Apr-05<br>Value: 0.4 kPa<br>Anomaly: -0.2 kPa<br>Weather station: NA (ECCC AES NA; station_id 30726)","DATE: Apr-05<br><b>Vapour pressure deficit</b><br>10-90 percentile<br>0.2 to 1.0 kPa","Historical daily maximum<br>1.3 kPa<br>2025-04-05","DATE: Apr-05</b><br>Normal: 0.6 kPa<br>Period: 1991-2020","3063686","LAC+LA+BICHE+CLIMATE",2004,2026
"04-06","TMAX",2001-04-06,6.67647058823529,-6.3,17.1,6.58450163373857,-0.92,1.5,11.4,14.7,1,"NA (ECCC AES NA; station_id 30726)",NA,30726,"",4,2005-04-06,"DATE: Apr-06<br>Value: 1.0 °C<br>Anomaly: -5.7 °C<br>Weather station: NA (ECCC AES NA; station_id 30726)","DATE: Apr-06<br><b>Maximum temperature</b><br>10-90 percentile<br>-0.9 to 14.7 °C","Historical daily maximum<br>17.1 °C<br>2005-04-06","DATE: Apr-06</b><br>Normal: 6.7 °C<br>Period: 1991-2020","3063686","LAC+LA+BICHE+CLIMATE",2004,2026
"04-06","TMIN",2001-04-06,-5.11764705882353,-25.7,3.1,7.1233976526407,-12.38,-5.8,-0.6,0.940000000000001,-7.7,"NA (ECCC AES NA; station_id 30726)",NA,30726,"",4,2017-04-06,"DATE: Apr-06<br>Value: -7.7 °C<br>Anomaly: -2.6 °C<br>Weather station: NA (ECCC AES NA; station_id 30726)","DATE: Apr-06<br><b>Minimum temperature</b><br>10-90 percentile<br>-12.4 to 0.9 °C","Historical daily maximum<br>3.1 °C<br>2017-04-06","DATE: Apr-06</b><br>Normal: -5.1 °C<br>Period: 1991-2020","3063686","LAC+LA+BICHE+CLIMATE",2004,2026
"04-06","VPD",2001-04-06,0.601848963130325,0.186624226755147,1.36540538685951,0.334082275544595,0.283998307313437,0.351932788012233,0.812758891369006,1.0115067365014,0.314441612990693,"NA (ECCC AES NA; station_id 30726)",NA,30726,"",4,2005-04-06,"DATE: Apr-06<br>Value: 0.3 kPa<br>Anomaly: -0.3 kPa<br>Weather station: NA (ECCC AES NA; station_id 30726)","DATE: Apr-06<br><b>Vapour pressure deficit</b><br>10-90 percentile<br>0.3 to 1.0 kPa","Historical daily maximum<br>1.4 kPa<br>2005-04-06","DATE: Apr-06</b><br>Normal: 0.6 kPa<br>Period: 1991-2020","3063686","LAC+LA+BICHE+CLIMATE",2004,2026
"04-07","TMAX",2001-04-07,7.19411764705882,-3.2,20.2,6.21092490980966,-0.0599999999999998,2.8,11,13.42,-1.5,"NA (ECCC AES NA; station_id 30726)",NA,30726,"",4,2005-04-07,"DATE: Apr-07<br>Value: -1.5 °C<br>Anomaly: -8.7 °C<br>Weather station: NA (ECCC AES NA; station_id 30726)","DATE: Apr-07<br><b>Maximum temperature</b><br>10-90 percentile<br>-0.1 to 13.4 °C","Historical daily maximum<br>20.2 °C<br>2005-04-07","DATE: Apr-07</b><br>Normal: 7.2 °C<br>Period: 1991-2020","3063686","LAC+LA+BICHE+CLIMATE",2004,2026
"04-07","TMIN",2001-04-07,-4.6,-22.2,4,5.99822890526862,-9.54,-7.2,-0.7,0.560000000000001,-3,"NA (ECCC AES NA; station_id 30726)",NA,30726,"",4,2017-04-07,"DATE: Apr-07<br>Value: -3.0 °C<br>Anomaly: +1.6 °C<br>Weather station: NA (ECCC AES NA; station_id 30726)","DATE: Apr-07<br><b>Minimum temperature</b><br>10-90 percentile<br>-9.5 to 0.6 °C","Historical daily maximum<br>4.0 °C<br>2017-04-07","DATE: Apr-07</b><br>Normal: -4.6 °C<br>Period: 1991-2020","3063686","LAC+LA+BICHE+CLIMATE",2004,2026
"04-07","VPD",2001-04-07,0.627019117362721,0.15139704044573,1.66174626335924,0.402098806452295,0.231421136111363,0.319379685316875,0.818592872964691,1.05260141056706,0.0576255928612524,"NA (ECCC AES NA; station_id 30726)",NA,30726,"",4,2005-04-07,"DATE: Apr-07<br>Value: 0.1 kPa<br>Anomaly: -0.6 kPa<br>Weather station: NA (ECCC AES NA; station_id 30726)","DATE: Apr-07<br><b>Vapour pressure deficit</b><br>10-90 percentile<br>0.2 to 1.1 kPa","Historical daily maximum<br>1.7 kPa<br>2005-04-07","DATE: Apr-07</b><br>Normal: 0.6 kPa<br>Period: 1991-2020","3063686","LAC+LA+BICHE+CLIMATE",2004,2026
"04-08","TMAX",2001-04-08,9.20625,-0.3,18.8,4.94468991275826,3.4,7.075,12.325,15.05,2.3,"NA (ECCC AES NA; station_id 30726)",NA,30726,"",4,2014-04-08,"DATE: Apr-08<br>Value: 2.3 °C<br>Anomaly: -6.9 °C<br>Weather station: NA (ECCC AES NA; station_id 30726)","DATE: Apr-08<br><b>Maximum temperature</b><br>10-90 percentile<br>3.4 to 15.0 °C","Historical daily maximum<br>18.8 °C<br>2014-04-08","DATE: Apr-08</b><br>Normal: 9.2 °C<br>Period: 1991-2020","3063686","LAC+LA+BICHE+CLIMATE",2004,2026
"04-08","TMIN",2001-04-08,-3.93529411764706,-20.7,4.1,5.81957270515527,-9.68,-5.7,-0.9,0.58,-13.1,"NA (ECCC AES NA; station_id 30726)",NA,30726,"",4,2005-04-08,"DATE: Apr-08<br>Value: -13.1 °C<br>Anomaly: -9.2 °C<br>Weather station: NA (ECCC AES NA; station_id 30726)","DATE: Apr-08<br><b>Minimum temperature</b><br>10-90 percentile<br>-9.7 to 0.6 °C","Historical daily maximum<br>4.1 °C<br>2005-04-08","DATE: Apr-08</b><br>Normal: -3.9 °C<br>Period: 1991-2020","3063686","LAC+LA+BICHE+CLIMATE",2004,2026
"04-08","VPD",2001-04-08,0.713679190835442,0.402072086211828,1.5274983373736,0.307401332467335,0.427671659311462,0.476468269600419,0.865537990428581,1.0376721839824,0.498267305003077,"NA (ECCC AES NA; station_id 30726)",NA,30726,"",4,2014-04-08,"DATE: Apr-08<br>Value: 0.5 kPa<br>Anomaly: -0.2 kPa<br>Weather station: NA (ECCC AES NA; station_id 30726)","DATE: Apr-08<br><b>Vapour pressure deficit</b><br>10-90 percentile<br>0.4 to 1.0 kPa","Historical daily maximum<br>1.5 kPa<br>2014-04-08","DATE: Apr-08</b><br>Normal: 0.7 kPa<br>Period: 1991-2020","3063686","LAC+LA+BICHE+CLIMATE",2004,2026
"04-09","TMAX",2001-04-09,8.50588235294118,-0.2,16.6,4.51808457593416,2.78,5.9,10.5,14.12,6.7,"NA (ECCC AES NA; station_id 30726)",NA,30726,"",4,2019-04-09,"DATE: Apr-09<br>Value: 6.7 °C<br>Anomaly: -1.8 °C<br>Weather station: NA (ECCC AES NA; station_id 30726)","DATE: Apr-09<br><b>Maximum temperature</b><br>10-90 percentile<br>2.8 to 14.1 °C","Historical daily maximum<br>16.6 °C<br>2019-04-09","DATE: Apr-09</b><br>Normal: 8.5 °C<br>Period: 1991-2020","3063686","LAC+LA+BICHE+CLIMATE",2004,2026
"04-09","TMIN",2001-04-09,-3.56470588235294,-14.8,2.6,4.51801134024564,-9.24,-4.9,-0.8,1.74,-7.3,"NA (ECCC AES NA; station_id 30726)",NA,30726,"",4,2005-04-09,"DATE: Apr-09<br>Value: -7.3 °C<br>Anomaly: -3.7 °C<br>Weather station: NA (ECCC AES NA; station_id 30726)","DATE: Apr-09<br><b>Minimum temperature</b><br>10-90 percentile<br>-9.2 to 1.7 °C","Historical daily maximum<br>2.6 °C<br>2005-04-09","DATE: Apr-09</b><br>Normal: -3.6 °C<br>Period: 1991-2020","3063686","LAC+LA+BICHE+CLIMATE",2004,2026
"04-09","VPD",2001-04-09,0.662809485428884,0.119602308675983,1.38471006149819,0.316854351813676,0.438850839073674,0.494644998658128,0.7135162184507,1.13962808818428,0.62834767695779,"NA (ECCC AES NA; station_id 30726)",NA,30726,"",4,2019-04-09,"DATE: Apr-09<br>Value: 0.6 kPa<br>Anomaly: 0.0 kPa<br>Weather station: NA (ECCC AES NA; station_id 30726)","DATE: Apr-09<br><b>Vapour pressure deficit</b><br>10-90 percentile<br>0.4 to 1.1 kPa","Historical daily maximum<br>1.4 kPa<br>2019-04-09","DATE: Apr-09</b><br>Normal: 0.7 kPa<br>Period: 1991-2020","3063686","LAC+LA+BICHE+CLIMATE",2004,2026
"04-10","TMAX",2001-04-10,7.48823529411765,-2.9,19.7,5.64865939326992,2.24,2.6,11,13.24,8.8,"NA (ECCC AES NA; station_id 30726)",NA,30726,"",4,2015-04-10,"DATE: Apr-10<br>Value: 8.8 °C<br>Anomaly: +1.3 °C<br>Weather station: NA (ECCC AES NA; station_id 30726)","DATE: Apr-10<br><b>Maximum temperature</b><br>10-90 percentile<br>2.2 to 13.2 °C","Historical daily maximum<br>19.7 °C<br>2015-04-10","DATE: Apr-10</b><br>Normal: 7.5 °C<br>Period: 1991-2020","3063686","LAC+LA+BICHE+CLIMATE",2004,2026
"04-10","TMIN",2001-04-10,-2.94705882352941,-8.4,1.8,2.8720893194369,-5.92,-5.2,-0.7,0.4,0.4,"NA (ECCC AES NA; station_id 30726)",NA,30726,"",4,2019-04-10,"DATE: Apr-10<br>Value: 0.4 °C<br>Anomaly: +3.3 °C<br>Weather station: NA (ECCC AES NA; station_id 30726)","DATE: Apr-10<br><b>Minimum temperature</b><br>10-90 percentile<br>-5.9 to 0.4 °C","Historical daily maximum<br>1.8 °C<br>2019-04-10","DATE: Apr-10</b><br>Normal: -2.9 °C<br>Period: 1991-2020","3063686","LAC+LA+BICHE+CLIMATE",2004,2026
"04-10","VPD",2001-04-10,0.601300497170874,0.106025973088707,1.67546050280136,0.391583279443603,0.225412395154035,0.329831986660896,0.810372744525728,0.954590352872049,0.503829352669513,"NA (ECCC AES NA; station_id 30726)",NA,30726,"",4,2015-04-10,"DATE: Apr-10<br>Value: 0.5 kPa<br>Anomaly: -0.1 kPa<br>Weather station: NA (ECCC AES NA; station_id 30726)","DATE: Apr-10<br><b>Vapour pressure deficit</b><br>10-90 percentile<br>0.2 to 1.0 kPa","Historical daily maximum<br>1.7 kPa<br>2015-04-10","DATE: Apr-10</b><br>Normal: 0.6 kPa<br>Period: 1991-2020","3063686","LAC+LA+BICHE+CLIMATE",2004,2026
"04-11","TMAX",2001-04-11,9.85294117647059,-1.7,17.2,6.19214397917422,-0.32,6.4,14,16.06,10,"NA (ECCC AES NA; station_id 30726)",NA,30726,"",4,2012-04-11,"DATE: Apr-11<br>Value: 10.0 °C<br>Anomaly: +0.1 °C<br>Weather station: NA (ECCC AES NA; station_id 30726)","DATE: Apr-11<br><b>Maximum temperature</b><br>10-90 percentile<br>-0.3 to 16.1 °C","Historical daily maximum<br>17.2 °C<br>2012-04-11","DATE: Apr-11</b><br>Normal: 9.9 °C<br>Period: 1991-2020","3063686","LAC+LA+BICHE+CLIMATE",2004,2026
"04-11","TMIN",2001-04-11,-3.17058823529412,-6.8,2.5,3.05384280576996,-6.38,-5.1,-1,1.36,-1.3,"NA (ECCC AES NA; station_id 30726)",NA,30726,"",4,2025-04-11,"DATE: Apr-11<br>Value: -1.3 °C<br>Anomaly: +1.9 °C<br>Weather station: NA (ECCC AES NA; station_id 30726)","DATE: Apr-11<br><b>Minimum temperature</b><br>10-90 percentile<br>-6.4 to 1.4 °C","Historical daily maximum<br>2.5 °C<br>2025-04-11","DATE: Apr-11</b><br>Normal: -3.2 °C<br>Period: 1991-2020","3063686","LAC+LA+BICHE+CLIMATE",2004,2026
"04-11","VPD",2001-04-11,0.803123461094901,0.163685667819058,1.36483331874252,0.386969251040277,0.215566240089169,0.580308586801906,1.14434467353131,1.18110850648133,0.672590587168698,"NA (ECCC AES NA; station_id 30726)",NA,30726,"",4,2012-04-11,"DATE: Apr-11<br>Value: 0.7 kPa<br>Anomaly: -0.1 kPa<br>Weather station: NA (ECCC AES NA; station_id 30726)","DATE: Apr-11<br><b>Vapour pressure deficit</b><br>10-90 percentile<br>0.2 to 1.2 kPa","Historical daily maximum<br>1.4 kPa<br>2012-04-11","DATE: Apr-11</b><br>Normal: 0.8 kPa<br>Period: 1991-2020","3063686","LAC+LA+BICHE+CLIMATE",2004,2026
"04-12","TMAX",2001-04-12,8.32941176470588,-3.5,17.9,5.84441664174902,0.96,4.5,12.2,14.22,1.7,"NA (ECCC AES NA; station_id 30726)",NA,30726,"",4,2006-04-12,"DATE: Apr-12<br>Value: 1.7 °C<br>Anomaly: -6.6 °C<br>Weather station: NA (ECCC AES NA; station_id 30726)","DATE: Apr-12<br><b>Maximum temperature</b><br>10-90 percentile<br>1.0 to 14.2 °C","Historical daily maximum<br>17.9 °C<br>2006-04-12","DATE: Apr-12</b><br>Normal: 8.3 °C<br>Period: 1991-2020","3063686","LAC+LA+BICHE+CLIMATE",2004,2026
"04-12","TMIN",2001-04-12,-3.25294117647059,-11.8,2.7,4.45464892655117,-10.64,-5.3,0,1.02,-2.8,"NA (ECCC AES NA; station_id 30726)",NA,30726,"",4,2012-04-12,"DATE: Apr-12<br>Value: -2.8 °C<br>Anomaly: +0.5 °C<br>Weather station: NA (ECCC AES NA; station_id 30726)","DATE: Apr-12<br><b>Minimum temperature</b><br>10-90 percentile<br>-10.6 to 1.0 °C","Historical daily maximum<br>2.7 °C<br>2012-04-12","DATE: Apr-12</b><br>Normal: -3.3 °C<br>Period: 1991-2020","3063686","LAC+LA+BICHE+CLIMATE",2004,2026
"04-12","VPD",2001-04-12,0.666027060208896,0.224235938141366,1.47911479624715,0.363345638680504,0.355584606439515,0.386561477384624,0.857830441936488,1.16400624933641,0.193649003155993,"NA (ECCC AES NA; station_id 30726)",NA,30726,"",4,2006-04-12,"DATE: Apr-12<br>Value: 0.2 kPa<br>Anomaly: -0.5 kPa<br>Weather station: NA (ECCC AES NA; station_id 30726)","DATE: Apr-12<br><b>Vapour pressure deficit</b><br>10-90 percentile<br>0.4 to 1.2 kPa","Historical daily maximum<br>1.5 kPa<br>2006-04-12","DATE: Apr-12</b><br>Normal: 0.7 kPa<br>Period: 1991-2020","3063686","LAC+LA+BICHE+CLIMATE",2004,2026
"04-13","TMAX",2001-04-13,7.76470588235294,-0.4,18.5,5.5484165732746,1,3.6,11.2,14.3,7.5,"NA (ECCC AES NA; station_id 30726)",NA,30726,"",4,2008-04-13,"DATE: Apr-13<br>Value: 7.5 °C<br>Anomaly: -0.3 °C<br>Weather station: NA (ECCC AES NA; station_id 30726)","DATE: Apr-13<br><b>Maximum temperature</b><br>10-90 percentile<br>1.0 to 14.3 °C","Historical daily maximum<br>18.5 °C<br>2008-04-13","DATE: Apr-13</b><br>Normal: 7.8 °C<br>Period: 1991-2020","3063686","LAC+LA+BICHE+CLIMATE",2004,2026
"04-13","TMIN",2001-04-13,-2.28235294117647,-18.2,3.7,5.31521816275184,-8.18,-3.1,0.6,1.82,-5.4,"NA (ECCC AES NA; station_id 30726)",NA,30726,"",4,2008-04-13,"DATE: Apr-13<br>Value: -5.4 °C<br>Anomaly: -3.1 °C<br>Weather station: NA (ECCC AES NA; station_id 30726)","DATE: Apr-13<br><b>Minimum temperature</b><br>10-90 percentile<br>-8.2 to 1.8 °C","Historical daily maximum<br>3.7 °C<br>2008-04-13","DATE: Apr-13</b><br>Normal: -2.3 °C<br>Period: 1991-2020","3063686","LAC+LA+BICHE+CLIMATE",2004,2026
"04-13","VPD",2001-04-13,0.574750729476287,0.159408568834833,1.3335293374624,0.35481555870387,0.232853565518867,0.315900433335408,0.696881093605152,1.118418827599,0.628226744966739,"NA (ECCC AES NA; station_id 30726)",NA,30726,"",4,2008-04-13,"DATE: Apr-13<br>Value: 0.6 kPa<br>Anomaly: +0.1 kPa<br>Weather station: NA (ECCC AES NA; station_id 30726)","DATE: Apr-13<br><b>Vapour pressure deficit</b><br>10-90 percentile<br>0.2 to 1.1 kPa","Historical daily maximum<br>1.3 kPa<br>2008-04-13","DATE: Apr-13</b><br>Normal: 0.6 kPa<br>Period: 1991-2020","3063686","LAC+LA+BICHE+CLIMATE",2004,2026
"04-14","TMAX",2001-04-14,8.17647058823529,1.8,18,5.16448562440693,2.22,3.3,11.4,14.58,7.2,"NA (ECCC AES NA; station_id 30726)",NA,30726,"",4,2006-04-14,"DATE: Apr-14<br>Value: 7.2 °C<br>Anomaly: -1.0 °C<br>Weather station: NA (ECCC AES NA; station_id 30726)","DATE: Apr-14<br><b>Maximum temperature</b><br>10-90 percentile<br>2.2 to 14.6 °C","Historical daily maximum<br>18.0 °C<br>2006-04-14","DATE: Apr-14</b><br>Normal: 8.2 °C<br>Period: 1991-2020","3063686","LAC+LA+BICHE+CLIMATE",2004,2026
"04-14","TMIN",2001-04-14,-1.73529411764706,-6.4,3.3,2.55268025232073,-4.8,-3,0.1,1,-1.7,"NA (ECCC AES NA; station_id 30726)",NA,30726,"",4,2008-04-14,"DATE: Apr-14<br>Value: -1.7 °C<br>Anomaly: +0.0 °C<br>Weather station: NA (ECCC AES NA; station_id 30726)","DATE: Apr-14<br><b>Minimum temperature</b><br>10-90 percentile<br>-4.8 to 1.0 °C","Historical daily maximum<br>3.3 °C<br>2008-04-14","DATE: Apr-14</b><br>Normal: -1.7 °C<br>Period: 1991-2020","3063686","LAC+LA+BICHE+CLIMATE",2004,2026
"04-14","VPD",2001-04-14,0.597769934960775,0.101057166108677,1.4072800386714,0.385445488552908,0.199344604689441,0.26667557839495,0.796729147555686,1.10261493579911,0.476463345116847,"NA (ECCC AES NA; station_id 30726)",NA,30726,"",4,2006-04-14,"DATE: Apr-14<br>Value: 0.5 kPa<br>Anomaly: -0.1 kPa<br>Weather station: NA (ECCC AES NA; station_id 30726)","DATE: Apr-14<br><b>Vapour pressure deficit</b><br>10-90 percentile<br>0.2 to 1.1 kPa","Historical daily maximum<br>1.4 kPa<br>2006-04-14","DATE: Apr-14</b><br>Normal: 0.6 kPa<br>Period: 1991-2020","3063686","LAC+LA+BICHE+CLIMATE",2004,2026
"04-15","TMAX",2001-04-15,7.09411764705882,-2.3,15,5.21493894837649,0.0400000000000001,2.6,11.1,12.38,-1.7,"NA (ECCC AES NA; station_id 30726)",NA,30726,"",4,2021-04-15,"DATE: Apr-15<br>Value: -1.7 °C<br>Anomaly: -8.8 °C<br>Weather station: NA (ECCC AES NA; station_id 30726)","DATE: Apr-15<br><b>Maximum temperature</b><br>10-90 percentile<br>0.0 to 12.4 °C","Historical daily maximum<br>15.0 °C<br>2021-04-15","DATE: Apr-15</b><br>Normal: 7.1 °C<br>Period: 1991-2020","3063686","LAC+LA+BICHE+CLIMATE",2004,2026
"04-15","TMIN",2001-04-15,-3.15,-7.1,2.2,2.79022101872474,-6.2,-5.225,-1.6,0.5,-10,"NA (ECCC AES NA; station_id 30726)",NA,30726,"",4,2025-04-15,"DATE: Apr-15<br>Value: -10.0 °C<br>Anomaly: -6.8 °C<br>Weather station: NA (ECCC AES NA; station_id 30726)","DATE: Apr-15<br><b>Minimum temperature</b><br>10-90 percentile<br>-6.2 to 0.5 °C","Historical daily maximum<br>2.2 °C<br>2025-04-15","DATE: Apr-15</b><br>Normal: -3.1 °C<br>Period: 1991-2020","3063686","LAC+LA+BICHE+CLIMATE",2004,2026
"04-15","VPD",2001-04-15,0.562072776194694,0.119546327418538,1.25108604622179,0.344229760831613,0.189802293966052,0.281279616234449,0.788615533975965,1.00355135239272,0.253526364994342,"NA (ECCC AES NA; station_id 30726)",NA,30726,"",4,2021-04-15,"DATE: Apr-15<br>Value: 0.3 kPa<br>Anomaly: -0.3 kPa<br>Weather station: NA (ECCC AES NA; station_id 30726)","DATE: Apr-15<br><b>Vapour pressure deficit</b><br>10-90 percentile<br>0.2 to 1.0 kPa","Historical daily maximum<br>1.3 kPa<br>2021-04-15","DATE: Apr-15</b><br>Normal: 0.6 kPa<br>Period: 1991-2020","3063686","LAC+LA+BICHE+CLIMATE",2004,2026
"04-16","TMAX",2001-04-16,9.4875,-0.5,18.2,5.58627783054155,2.35,5.725,13.55,16.1,-1.4,"NA (ECCC AES NA; station_id 30726)",NA,30726,"",4,2021-04-16,"DATE: Apr-16<br>Value: -1.4 °C<br>Anomaly: -10.9 °C<br>Weather station: NA (ECCC AES NA; station_id 30726)","DATE: Apr-16<br><b>Maximum temperature</b><br>10-90 percentile<br>2.4 to 16.1 °C","Historical daily maximum<br>18.2 °C<br>2021-04-16","DATE: Apr-16</b><br>Normal: 9.5 °C<br>Period: 1991-2020","3063686","LAC+LA+BICHE+CLIMATE",2004,2026
"04-16","TMIN",2001-04-16,-3.68235294117647,-10.3,2.5,3.36567884945178,-6.88,-5.5,-1.2,0.88,-9.7,"NA (ECCC AES NA; station_id 30726)",NA,30726,"",4,2016-04-16,"DATE: Apr-16<br>Value: -9.7 °C<br>Anomaly: -6.0 °C<br>Weather station: NA (ECCC AES NA; station_id 30726)","DATE: Apr-16<br><b>Minimum temperature</b><br>10-90 percentile<br>-6.9 to 0.9 °C","Historical daily maximum<br>2.5 °C<br>2016-04-16","DATE: Apr-16</b><br>Normal: -3.7 °C<br>Period: 1991-2020","3063686","LAC+LA+BICHE+CLIMATE",2004,2026
"04-16","VPD",2001-04-16,0.788434055641995,0.221956050068579,1.35879389087034,0.349391415647841,0.379568272703088,0.50545166031446,1.01277902004023,1.27891604193665,0.258716566648756,"NA (ECCC AES NA; station_id 30726)",NA,30726,"",4,2021-04-16,"DATE: Apr-16<br>Value: 0.3 kPa<br>Anomaly: -0.5 kPa<br>Weather station: NA (ECCC AES NA; station_id 30726)","DATE: Apr-16<br><b>Vapour pressure deficit</b><br>10-90 percentile<br>0.4 to 1.3 kPa","Historical daily maximum<br>1.4 kPa<br>2021-04-16","DATE: Apr-16</b><br>Normal: 0.8 kPa<br>Period: 1991-2020","3063686","LAC+LA+BICHE+CLIMATE",2004,2026
"04-17","TMAX",2001-04-17,10.0705882352941,0.3,22.1,6.63680690410328,1.9,4.4,13.6,17.5,6,"NA (ECCC AES NA; station_id 30726)",NA,30726,"",4,2016-04-17,"DATE: Apr-17<br>Value: 6.0 °C<br>Anomaly: -4.1 °C<br>Weather station: NA (ECCC AES NA; station_id 30726)","DATE: Apr-17<br><b>Maximum temperature</b><br>10-90 percentile<br>1.9 to 17.5 °C","Historical daily maximum<br>22.1 °C<br>2016-04-17","DATE: Apr-17</b><br>Normal: 10.1 °C<br>Period: 1991-2020","3063686","LAC+LA+BICHE+CLIMATE",2004,2026
"04-17","TMIN",2001-04-17,-2.52352941176471,-10,4.4,3.6160284518662,-6.4,-4.7,-0.6,2.16,-13.3,"NA (ECCC AES NA; station_id 30726)",NA,30726,"",4,2016-04-17,"DATE: Apr-17<br>Value: -13.3 °C<br>Anomaly: -10.8 °C<br>Weather station: NA (ECCC AES NA; station_id 30726)","DATE: Apr-17<br><b>Minimum temperature</b><br>10-90 percentile<br>-6.4 to 2.2 °C","Historical daily maximum<br>4.4 °C<br>2016-04-17","DATE: Apr-17</b><br>Normal: -2.5 °C<br>Period: 1991-2020","3063686","LAC+LA+BICHE+CLIMATE",2004,2026
"04-17","VPD",2001-04-17,0.814798668434182,0.131826505263021,1.96332254687252,0.516758558178955,0.222658209117791,0.481756582090998,1.05687690744713,1.42181383254926,0.716045535099769,"NA (ECCC AES NA; station_id 30726)",NA,30726,"",4,2010-04-17,"DATE: Apr-17<br>Value: 0.7 kPa<br>Anomaly: -0.1 kPa<br>Weather station: NA (ECCC AES NA; station_id 30726)","DATE: Apr-17<br><b>Vapour pressure deficit</b><br>10-90 percentile<br>0.2 to 1.4 kPa","Historical daily maximum<br>2.0 kPa<br>2010-04-17","DATE: Apr-17</b><br>Normal: 0.8 kPa<br>Period: 1991-2020","3063686","LAC+LA+BICHE+CLIMATE",2004,2026
"04-18","TMAX",2001-04-18,10.43125,0.1,25.4,7.29024176553837,1.1,6.725,13.825,19.6,9.6,"NA (ECCC AES NA; station_id 30726)",NA,30726,"",4,2016-04-18,"DATE: Apr-18<br>Value: 9.6 °C<br>Anomaly: -0.8 °C<br>Weather station: NA (ECCC AES NA; station_id 30726)","DATE: Apr-18<br><b>Maximum temperature</b><br>10-90 percentile<br>1.1 to 19.6 °C","Historical daily maximum<br>25.4 °C<br>2016-04-18","DATE: Apr-18</b><br>Normal: 10.4 °C<br>Period: 1991-2020","3063686","LAC+LA+BICHE+CLIMATE",2004,2026
"04-18","TMIN",2001-04-18,-2.07058823529412,-8.3,4.9,3.75728703752494,-7.38,-3.9,0.1,2.74,-4.5,"NA (ECCC AES NA; station_id 30726)",NA,30726,"",4,2016-04-18,"DATE: Apr-18<br>Value: -4.5 °C<br>Anomaly: -2.4 °C<br>Weather station: NA (ECCC AES NA; station_id 30726)","DATE: Apr-18<br><b>Minimum temperature</b><br>10-90 percentile<br>-7.4 to 2.7 °C","Historical daily maximum<br>4.9 °C<br>2016-04-18","DATE: Apr-18</b><br>Normal: -2.1 °C<br>Period: 1991-2020","3063686","LAC+LA+BICHE+CLIMATE",2004,2026
"04-18","VPD",2001-04-18,0.854541561563598,0.161307428392546,2.37780169199214,0.638382688224012,0.230049007262295,0.483369323701588,0.907495086928067,1.72884835466028,0.757992253607392,"NA (ECCC AES NA; station_id 30726)",NA,30726,"",4,2016-04-18,"DATE: Apr-18<br>Value: 0.8 kPa<br>Anomaly: -0.1 kPa<br>Weather station: NA (ECCC AES NA; station_id 30726)","DATE: Apr-18<br><b>Vapour pressure deficit</b><br>10-90 percentile<br>0.2 to 1.7 kPa","Historical daily maximum<br>2.4 kPa<br>2016-04-18","DATE: Apr-18</b><br>Normal: 0.9 kPa<br>Period: 1991-2020","3063686","LAC+LA+BICHE+CLIMATE",2004,2026
"04-19","TMAX",2001-04-19,11.8117647058824,-5.6,23,7.21707024637951,2.72,8.1,14.7,19.88,11.6,"NA (ECCC AES NA; station_id 30726)",NA,30726,"",4,2010-04-19,"DATE: Apr-19<br>Value: 11.6 °C<br>Anomaly: -0.2 °C<br>Weather station: NA (ECCC AES NA; station_id 30726)","DATE: Apr-19<br><b>Maximum temperature</b><br>10-90 percentile<br>2.7 to 19.9 °C","Historical daily maximum<br>23.0 °C<br>2010-04-19","DATE: Apr-19</b><br>Normal: 11.8 °C<br>Period: 1991-2020","3063686","LAC+LA+BICHE+CLIMATE",2004,2026
"04-19","TMIN",2001-04-19,-0.911764705882353,-11.1,8.8,4.59345762374885,-5.46,-2.6,0.4,4.28,-0.7,"NA (ECCC AES NA; station_id 30726)",NA,30726,"",4,2016-04-19,"DATE: Apr-19<br>Value: -0.7 °C<br>Anomaly: +0.2 °C<br>Weather station: NA (ECCC AES NA; station_id 30726)","DATE: Apr-19<br><b>Minimum temperature</b><br>10-90 percentile<br>-5.5 to 4.3 °C","Historical daily maximum<br>8.8 °C<br>2016-04-19","DATE: Apr-19</b><br>Normal: -0.9 °C<br>Period: 1991-2020","3063686","LAC+LA+BICHE+CLIMATE",2004,2026
"04-19","VPD",2001-04-19,0.910016235775684,0.14064107138218,1.84146049558028,0.498435673779467,0.219053410053991,0.715945967981896,1.0408469440569,1.56630493153948,0.785620582981475,"NA (ECCC AES NA; station_id 30726)",NA,30726,"",4,2010-04-19,"DATE: Apr-19<br>Value: 0.8 kPa<br>Anomaly: -0.1 kPa<br>Weather station: NA (ECCC AES NA; station_id 30726)","DATE: Apr-19<br><b>Vapour pressure deficit</b><br>10-90 percentile<br>0.2 to 1.6 kPa","Historical daily maximum<br>1.8 kPa<br>2010-04-19","DATE: Apr-19</b><br>Normal: 0.9 kPa<br>Period: 1991-2020","3063686","LAC+LA+BICHE+CLIMATE",2004,2026
"04-20","TMAX",2001-04-20,11.7588235294118,-8.4,23.7,7.61881378755327,3.52,9.8,15.1,20.44,16.7,"NA (ECCC AES NA; station_id 30726)",NA,30726,"",4,2010-04-20,"DATE: Apr-20<br>Value: 16.7 °C<br>Anomaly: +4.9 °C<br>Weather station: NA (ECCC AES NA; station_id 30726)","DATE: Apr-20<br><b>Maximum temperature</b><br>10-90 percentile<br>3.5 to 20.4 °C","Historical daily maximum<br>23.7 °C<br>2010-04-20","DATE: Apr-20</b><br>Normal: 11.8 °C<br>Period: 1991-2020","3063686","LAC+LA+BICHE+CLIMATE",2004,2026
"04-20","TMIN",2001-04-20,-0.817647058823529,-10.5,9.8,4.17271423867572,-4.78,-2.2,0.7,2.28,1.7,"NA (ECCC AES NA; station_id 30726)",NA,30726,"",4,2010-04-20,"DATE: Apr-20<br>Value: 1.7 °C<br>Anomaly: +2.5 °C<br>Weather station: NA (ECCC AES NA; station_id 30726)","DATE: Apr-20<br><b>Minimum temperature</b><br>10-90 percentile<br>-4.8 to 2.3 °C","Historical daily maximum<br>9.8 °C<br>2010-04-20","DATE: Apr-20</b><br>Normal: -0.8 °C<br>Period: 1991-2020","3063686","LAC+LA+BICHE+CLIMATE",2004,2026
"04-20","VPD",2001-04-20,0.915664539405491,0.0495085174474151,1.90614409433202,0.519817387217268,0.285640530466081,0.681075804143906,1.10555640770194,1.61007151898239,1.21056092126712,"NA (ECCC AES NA; station_id 30726)",NA,30726,"",4,2005-04-20,"DATE: Apr-20<br>Value: 1.2 kPa<br>Anomaly: +0.3 kPa<br>Weather station: NA (ECCC AES NA; station_id 30726)","DATE: Apr-20<br><b>Vapour pressure deficit</b><br>10-90 percentile<br>0.3 to 1.6 kPa","Historical daily maximum<br>1.9 kPa<br>2005-04-20","DATE: Apr-20</b><br>Normal: 0.9 kPa<br>Period: 1991-2020","3063686","LAC+LA+BICHE+CLIMATE",2004,2026
"04-21","TMAX",2001-04-21,12.1,-8.8,23.8,8.22222597597512,1.7,9.5,17.9,20.22,14.7,"NA (ECCC AES NA; station_id 30726)",NA,30726,"",4,2010-04-21,"DATE: Apr-21<br>Value: 14.7 °C<br>Anomaly: +2.6 °C<br>Weather station: NA (ECCC AES NA; station_id 30726)","DATE: Apr-21<br><b>Maximum temperature</b><br>10-90 percentile<br>1.7 to 20.2 °C","Historical daily maximum<br>23.8 °C<br>2010-04-21","DATE: Apr-21</b><br>Normal: 12.1 °C<br>Period: 1991-2020","3063686","LAC+LA+BICHE+CLIMATE",2004,2026
"04-21","TMIN",2001-04-21,-1.27058823529412,-12.2,7.7,4.99659442844353,-7.46,-2.2,0.7,4.18,1.7,"NA (ECCC AES NA; station_id 30726)",NA,30726,"",4,2010-04-21,"DATE: Apr-21<br>Value: 1.7 °C<br>Anomaly: +3.0 °C<br>Weather station: NA (ECCC AES NA; station_id 30726)","DATE: Apr-21<br><b>Minimum temperature</b><br>10-90 percentile<br>-7.5 to 4.2 °C","Historical daily maximum<br>7.7 °C<br>2010-04-21","DATE: Apr-21</b><br>Normal: -1.3 °C<br>Period: 1991-2020","3063686","LAC+LA+BICHE+CLIMATE",2004,2026
"04-21","VPD",2001-04-21,0.980771511287116,0.0745346176087313,1.89723844779975,0.555559752911644,0.286535309380563,0.482599243724395,1.40842071487141,1.65363471133643,0.982052019575,"NA (ECCC AES NA; station_id 30726)",NA,30726,"",4,2010-04-21,"DATE: Apr-21<br>Value: 1.0 kPa<br>Anomaly: +0.0 kPa<br>Weather station: NA (ECCC AES NA; station_id 30726)","DATE: Apr-21<br><b>Vapour pressure deficit</b><br>10-90 percentile<br>0.3 to 1.7 kPa","Historical daily maximum<br>1.9 kPa<br>2010-04-21","DATE: Apr-21</b><br>Normal: 1.0 kPa<br>Period: 1991-2020","3063686","LAC+LA+BICHE+CLIMATE",2004,2026
"04-22","TMAX",2001-04-22,11.8470588235294,-2.4,22.9,6.89185367363698,5.32,7.8,18.5,20.04,7.9,"NA (ECCC AES NA; station_id 30726)",NA,30726,"",4,2005-04-22,"DATE: Apr-22<br>Value: 7.9 °C<br>Anomaly: -3.9 °C<br>Weather station: NA (ECCC AES NA; station_id 30726)","DATE: Apr-22<br><b>Maximum temperature</b><br>10-90 percentile<br>5.3 to 20.0 °C","Historical daily maximum<br>22.9 °C<br>2005-04-22","DATE: Apr-22</b><br>Normal: 11.8 °C<br>Period: 1991-2020","3063686","LAC+LA+BICHE+CLIMATE",2004,2026
"04-22","TMIN",2001-04-22,-0.664705882352941,-12.3,5.2,4.39259905643438,-4.76,-2.5,2.5,3.72,-0.9,"NA (ECCC AES NA; station_id 30726)",NA,30726,"",4,2024-04-22,"DATE: Apr-22<br>Value: -0.9 °C<br>Anomaly: -0.2 °C<br>Weather station: NA (ECCC AES NA; station_id 30726)","DATE: Apr-22<br><b>Minimum temperature</b><br>10-90 percentile<br>-4.8 to 3.7 °C","Historical daily maximum<br>5.2 °C<br>2024-04-22","DATE: Apr-22</b><br>Normal: -0.7 °C<br>Period: 1991-2020","3063686","LAC+LA+BICHE+CLIMATE",2004,2026
"04-22","VPD",2001-04-22,0.903145188465401,0.246572457993866,1.96770917622591,0.578248186401114,0.30956247422132,0.453143726899956,1.44541145744844,1.68218480770649,0.49355190714318,"NA (ECCC AES NA; station_id 30726)",NA,30726,"",4,2005-04-22,"DATE: Apr-22<br>Value: 0.5 kPa<br>Anomaly: -0.4 kPa<br>Weather station: NA (ECCC AES NA; station_id 30726)","DATE: Apr-22<br><b>Vapour pressure deficit</b><br>10-90 percentile<br>0.3 to 1.7 kPa","Historical daily maximum<br>2.0 kPa<br>2005-04-22","DATE: Apr-22</b><br>Normal: 0.9 kPa<br>Period: 1991-2020","3063686","LAC+LA+BICHE+CLIMATE",2004,2026
"04-23","TMAX",2001-04-23,9.90625,-1.2,18.8,6.04753048772803,1.55,5.425,13.875,16.55,0.1,"NA (ECCC AES NA; station_id 30726)",NA,30726,"",4,2004-04-23,"DATE: Apr-23<br>Value: 0.1 °C<br>Anomaly: -9.8 °C<br>Weather station: NA (ECCC AES NA; station_id 30726)","DATE: Apr-23<br><b>Maximum temperature</b><br>10-90 percentile<br>1.5 to 16.6 °C","Historical daily maximum<br>18.8 °C<br>2004-04-23","DATE: Apr-23</b><br>Normal: 9.9 °C<br>Period: 1991-2020","3063686","LAC+LA+BICHE+CLIMATE",2004,2026
"04-23","TMIN",2001-04-23,-1.36875,-9.7,4.4,4.10831981066064,-6.7,-3.95,1.85,2.8,-4.1,"NA (ECCC AES NA; station_id 30726)",NA,30726,"",4,2019-04-23,"DATE: Apr-23<br>Value: -4.1 °C<br>Anomaly: -2.7 °C<br>Weather station: NA (ECCC AES NA; station_id 30726)","DATE: Apr-23<br><b>Minimum temperature</b><br>10-90 percentile<br>-6.7 to 2.8 °C","Historical daily maximum<br>4.4 °C<br>2019-04-23","DATE: Apr-23</b><br>Normal: -1.4 °C<br>Period: 1991-2020","3063686","LAC+LA+BICHE+CLIMATE",2004,2026
"04-23","VPD",2001-04-23,0.728372226839632,0.227855259092836,1.4644834073696,0.41100282013516,0.254528161363574,0.396366134717524,1.02027583536528,1.28897525776131,0.164408286507168,"NA (ECCC AES NA; station_id 30726)",NA,30726,"",4,2004-04-23,"DATE: Apr-23<br>Value: 0.2 kPa<br>Anomaly: -0.6 kPa<br>Weather station: NA (ECCC AES NA; station_id 30726)","DATE: Apr-23<br><b>Vapour pressure deficit</b><br>10-90 percentile<br>0.3 to 1.3 kPa","Historical daily maximum<br>1.5 kPa<br>2004-04-23","DATE: Apr-23</b><br>Normal: 0.7 kPa<br>Period: 1991-2020","3063686","LAC+LA+BICHE+CLIMATE",2004,2026
"04-24","TMAX",2001-04-24,9.125,0.6,20.4,6.58336286913206,1.7,3.45,13.05,18.75,-2.4,"NA (ECCC AES NA; station_id 30726)",NA,30726,"",4,2024-04-24,"DATE: Apr-24<br>Value: -2.4 °C<br>Anomaly: -11.5 °C<br>Weather station: NA (ECCC AES NA; station_id 30726)","DATE: Apr-24<br><b>Maximum temperature</b><br>10-90 percentile<br>1.7 to 18.8 °C","Historical daily maximum<br>20.4 °C<br>2024-04-24","DATE: Apr-24</b><br>Normal: 9.1 °C<br>Period: 1991-2020","3063686","LAC+LA+BICHE+CLIMATE",2004,2026
"04-24","TMIN",2001-04-24,-0.99375,-10.8,4,3.85909639682659,-6,-1.725,1.15,3,-6,"NA (ECCC AES NA; station_id 30726)",NA,30726,"",4,2018-04-24,"DATE: Apr-24<br>Value: -6.0 °C<br>Anomaly: -5.0 °C<br>Weather station: NA (ECCC AES NA; station_id 30726)","DATE: Apr-24<br><b>Minimum temperature</b><br>10-90 percentile<br>-6.0 to 3.0 °C","Historical daily maximum<br>4.0 °C<br>2018-04-24","DATE: Apr-24</b><br>Normal: -1.0 °C<br>Period: 1991-2020","3063686","LAC+LA+BICHE+CLIMATE",2004,2026
"04-24","VPD",2001-04-24,0.67132446838592,0.128954901624143,1.79044135831074,0.516546134973512,0.176525997812976,0.296295651441698,0.805889342209932,1.47199172397428,0.121750612159406,"NA (ECCC AES NA; station_id 30726)",NA,30726,"",4,2024-04-24,"DATE: Apr-24<br>Value: 0.1 kPa<br>Anomaly: -0.5 kPa<br>Weather station: NA (ECCC AES NA; station_id 30726)","DATE: Apr-24<br><b>Vapour pressure deficit</b><br>10-90 percentile<br>0.2 to 1.5 kPa","Historical daily maximum<br>1.8 kPa<br>2024-04-24","DATE: Apr-24</b><br>Normal: 0.7 kPa<br>Period: 1991-2020","3063686","LAC+LA+BICHE+CLIMATE",2004,2026
"04-25","TMAX",2001-04-25,10.6375,-0.4,22.7,7.196746950301,3.75,4.85,16.325,20.8,-3.3,"NA (ECCC AES NA; station_id 30726)",NA,30726,"",4,2005-04-25,"DATE: Apr-25<br>Value: -3.3 °C<br>Anomaly: -13.9 °C<br>Weather station: NA (ECCC AES NA; station_id 30726)","DATE: Apr-25<br><b>Maximum temperature</b><br>10-90 percentile<br>3.8 to 20.8 °C","Historical daily maximum<br>22.7 °C<br>2005-04-25","DATE: Apr-25</b><br>Normal: 10.6 °C<br>Period: 1991-2020","3063686","LAC+LA+BICHE+CLIMATE",2004,2026
"04-25","TMIN",2001-04-25,-1.23125,-9.1,6.1,3.35772120144998,-4.85,-2.2,2.77555756156289e-17,1.35,-6.1,"NA (ECCC AES NA; station_id 30726)",NA,30726,"",4,2018-04-25,"DATE: Apr-25<br>Value: -6.1 °C<br>Anomaly: -4.9 °C<br>Weather station: NA (ECCC AES NA; station_id 30726)","DATE: Apr-25<br><b>Minimum temperature</b><br>10-90 percentile<br>-4.8 to 1.4 °C","Historical daily maximum<br>6.1 °C<br>2018-04-25","DATE: Apr-25</b><br>Normal: -1.2 °C<br>Period: 1991-2020","3063686","LAC+LA+BICHE+CLIMATE",2004,2026
"04-25","VPD",2001-04-25,0.837540626269084,0.220077814419181,2.17848636401078,0.64665349635257,0.245007007057951,0.285066052552295,1.04500088035366,1.83360628288437,0.0915012249625587,"NA (ECCC AES NA; station_id 30726)",NA,30726,"",4,2005-04-25,"DATE: Apr-25<br>Value: 0.1 kPa<br>Anomaly: -0.7 kPa<br>Weather station: NA (ECCC AES NA; station_id 30726)","DATE: Apr-25<br><b>Vapour pressure deficit</b><br>10-90 percentile<br>0.2 to 1.8 kPa","Historical daily maximum<br>2.2 kPa<br>2005-04-25","DATE: Apr-25</b><br>Normal: 0.8 kPa<br>Period: 1991-2020","3063686","LAC+LA+BICHE+CLIMATE",2004,2026
"04-26","TMAX",2001-04-26,11.84375,3.4,24,5.9294708870185,5.35,7.475,16.3,19.5,-1.9,"NA (ECCC AES NA; station_id 30726)",NA,30726,"",4,2004-04-26,"DATE: Apr-26<br>Value: -1.9 °C<br>Anomaly: -13.7 °C<br>Weather station: NA (ECCC AES NA; station_id 30726)","DATE: Apr-26<br><b>Maximum temperature</b><br>10-90 percentile<br>5.3 to 19.5 °C","Historical daily maximum<br>24.0 °C<br>2004-04-26","DATE: Apr-26</b><br>Normal: 11.8 °C<br>Period: 1991-2020","3063686","LAC+LA+BICHE+CLIMATE",2004,2026
"04-26","TMIN",2001-04-26,-0.79375,-10,4.8,3.946047600659,-4.8,-4.25,1.525,3.5,-7.1,"NA (ECCC AES NA; station_id 30726)",NA,30726,"",4,2025-04-26,"DATE: Apr-26<br>Value: -7.1 °C<br>Anomaly: -6.3 °C<br>Weather station: NA (ECCC AES NA; station_id 30726)","DATE: Apr-26<br><b>Minimum temperature</b><br>10-90 percentile<br>-4.8 to 3.5 °C","Historical daily maximum<br>4.8 °C<br>2025-04-26","DATE: Apr-26</b><br>Normal: -0.8 °C<br>Period: 1991-2020","3063686","LAC+LA+BICHE+CLIMATE",2004,2026
"04-26","VPD",2001-04-26,0.885908400434036,0.215951244831825,2.3080075009304,0.551553981923243,0.390504716929369,0.460615529314492,1.08476620299147,1.50989071876453,0.172759742661589,"NA (ECCC AES NA; station_id 30726)",NA,30726,"",4,2004-04-26,"DATE: Apr-26<br>Value: 0.2 kPa<br>Anomaly: -0.7 kPa<br>Weather station: NA (ECCC AES NA; station_id 30726)","DATE: Apr-26<br><b>Vapour pressure deficit</b><br>10-90 percentile<br>0.4 to 1.5 kPa","Historical daily maximum<br>2.3 kPa<br>2004-04-26","DATE: Apr-26</b><br>Normal: 0.9 kPa<br>Period: 1991-2020","3063686","LAC+LA+BICHE+CLIMATE",2004,2026
"04-27","TMAX",2001-04-27,12.175,1.2,22.7,6.47399927916791,3.95,6.6,17.55,19.05,6.5,"NA (ECCC AES NA; station_id 30726)",NA,30726,"",4,2018-04-27,"DATE: Apr-27<br>Value: 6.5 °C<br>Anomaly: -5.7 °C<br>Weather station: NA (ECCC AES NA; station_id 30726)","DATE: Apr-27<br><b>Maximum temperature</b><br>10-90 percentile<br>4.0 to 19.0 °C","Historical daily maximum<br>22.7 °C<br>2018-04-27","DATE: Apr-27</b><br>Normal: 12.2 °C<br>Period: 1991-2020","3063686","LAC+LA+BICHE+CLIMATE",2004,2026
"04-27","TMIN",2001-04-27,-0.01875,-7,7.7,3.19712761709632,-3.1,-1.325,0.975,2.85,-10.1,"NA (ECCC AES NA; station_id 30726)",NA,30726,"",4,2006-04-27,"DATE: Apr-27<br>Value: -10.1 °C<br>Anomaly: -10.1 °C<br>Weather station: NA (ECCC AES NA; station_id 30726)","DATE: Apr-27<br><b>Minimum temperature</b><br>10-90 percentile<br>-3.1 to 2.8 °C","Historical daily maximum<br>7.7 °C<br>2006-04-27","DATE: Apr-27</b><br>Normal: 0.0 °C<br>Period: 1991-2020","3063686","LAC+LA+BICHE+CLIMATE",2004,2026
"04-27","VPD",2001-04-27,0.900623671836754,0.120493910217631,2.01178408015006,0.547288759956782,0.268782737048713,0.516429584244179,1.21647593613409,1.59884533444209,0.684524473501712,"NA (ECCC AES NA; station_id 30726)",NA,30726,"",4,2018-04-27,"DATE: Apr-27<br>Value: 0.7 kPa<br>Anomaly: -0.2 kPa<br>Weather station: NA (ECCC AES NA; station_id 30726)","DATE: Apr-27<br><b>Vapour pressure deficit</b><br>10-90 percentile<br>0.3 to 1.6 kPa","Historical daily maximum<br>2.0 kPa<br>2018-04-27","DATE: Apr-27</b><br>Normal: 0.9 kPa<br>Period: 1991-2020","3063686","LAC+LA+BICHE+CLIMATE",2004,2026
"04-28","TMAX",2001-04-28,13.5933333333333,1.9,27.3,7.48727173910752,6.02,7.25,17.3,23.92,10.4,"NA (ECCC AES NA; station_id 30726)",NA,30726,"",4,2018-04-28,"DATE: Apr-28<br>Value: 10.4 °C<br>Anomaly: -3.2 °C<br>Weather station: NA (ECCC AES NA; station_id 30726)","DATE: Apr-28<br><b>Maximum temperature</b><br>10-90 percentile<br>6.0 to 23.9 °C","Historical daily maximum<br>27.3 °C<br>2018-04-28","DATE: Apr-28</b><br>Normal: 13.6 °C<br>Period: 1991-2020","3063686","LAC+LA+BICHE+CLIMATE",2004,2026
"04-28","TMIN",2001-04-28,-0.78125,-6.8,5,3.53104682306348,-5.25,-4.075,2.325,2.7,-5.7,"NA (ECCC AES NA; station_id 30726)",NA,30726,"",4,2023-04-28,"DATE: Apr-28<br>Value: -5.7 °C<br>Anomaly: -4.9 °C<br>Weather station: NA (ECCC AES NA; station_id 30726)","DATE: Apr-28<br><b>Minimum temperature</b><br>10-90 percentile<br>-5.2 to 2.7 °C","Historical daily maximum<br>5.0 °C<br>2023-04-28","DATE: Apr-28</b><br>Normal: -0.8 °C<br>Period: 1991-2020","3063686","LAC+LA+BICHE+CLIMATE",2004,2026
"04-28","VPD",2001-04-28,1.13330544703213,0.215571944211954,2.75626288564415,0.772209591712332,0.374969448042437,0.617981952693102,1.36385754346868,2.31375503167364,0.861960525692424,"NA (ECCC AES NA; station_id 30726)",NA,30726,"",4,2018-04-28,"DATE: Apr-28<br>Value: 0.9 kPa<br>Anomaly: -0.3 kPa<br>Weather station: NA (ECCC AES NA; station_id 30726)","DATE: Apr-28<br><b>Vapour pressure deficit</b><br>10-90 percentile<br>0.4 to 2.3 kPa","Historical daily maximum<br>2.8 kPa<br>2018-04-28","DATE: Apr-28</b><br>Normal: 1.1 kPa<br>Period: 1991-2020","3063686","LAC+LA+BICHE+CLIMATE",2004,2026
"04-29","TMAX",2001-04-29,12.8625,-1.6,20.2,6.19697506853142,5.6,9.225,18.05,19.5,15.1,"NA (ECCC AES NA; station_id 30726)",NA,30726,"",4,2016-04-29,"DATE: Apr-29<br>Value: 15.1 °C<br>Anomaly: +2.2 °C<br>Weather station: NA (ECCC AES NA; station_id 30726)","DATE: Apr-29<br><b>Maximum temperature</b><br>10-90 percentile<br>5.6 to 19.5 °C","Historical daily maximum<br>20.2 °C<br>2016-04-29","DATE: Apr-29</b><br>Normal: 12.9 °C<br>Period: 1991-2020","3063686","LAC+LA+BICHE+CLIMATE",2004,2026
"04-29","TMIN",2001-04-29,0.80625,-9.5,7.6,4.45488028271617,-3.8,-1.75,3.375,6.2,-2.5,"NA (ECCC AES NA; station_id 30726)",NA,30726,"",4,2006-04-29,"DATE: Apr-29<br>Value: -2.5 °C<br>Anomaly: -3.3 °C<br>Weather station: NA (ECCC AES NA; station_id 30726)","DATE: Apr-29<br><b>Minimum temperature</b><br>10-90 percentile<br>-3.8 to 6.2 °C","Historical daily maximum<br>7.6 °C<br>2006-04-29","DATE: Apr-29</b><br>Normal: 0.8 °C<br>Period: 1991-2020","3063686","LAC+LA+BICHE+CLIMATE",2004,2026
"04-29","VPD",2001-04-29,0.904628044792026,0.118845777948061,1.45786023475176,0.423840214706285,0.305928474392191,0.663006187134029,1.18947633262465,1.41489137190578,1.20814898555289,"NA (ECCC AES NA; station_id 30726)",NA,30726,"",4,2023-04-29,"DATE: Apr-29<br>Value: 1.2 kPa<br>Anomaly: +0.3 kPa<br>Weather station: NA (ECCC AES NA; station_id 30726)","DATE: Apr-29<br><b>Vapour pressure deficit</b><br>10-90 percentile<br>0.3 to 1.4 kPa","Historical daily maximum<br>1.5 kPa<br>2023-04-29","DATE: Apr-29</b><br>Normal: 0.9 kPa<br>Period: 1991-2020","3063686","LAC+LA+BICHE+CLIMATE",2004,2026
"04-30","TMAX",2001-04-30,11.71875,-1.9,22,6.59385762155457,1.45,9.675,15.225,18.45,20.3,"NA (ECCC AES NA; station_id 30726)",NA,30726,"",4,2014-04-30,"DATE: Apr-30<br>Value: 20.3 °C<br>Anomaly: +8.6 °C<br>Weather station: NA (ECCC AES NA; station_id 30726)","DATE: Apr-30<br><b>Maximum temperature</b><br>10-90 percentile<br>1.4 to 18.5 °C","Historical daily maximum<br>22.0 °C<br>2014-04-30","DATE: Apr-30</b><br>Normal: 11.7 °C<br>Period: 1991-2020","3063686","LAC+LA+BICHE+CLIMATE",2004,2026
"04-30","TMIN",2001-04-30,-0.49375,-7.7,9.4,4.73673146800618,-5.3,-3.525,2.775,5.6,-0.9,"NA (ECCC AES NA; station_id 30726)",NA,30726,"",4,2020-04-30,"DATE: Apr-30<br>Value: -0.9 °C<br>Anomaly: -0.4 °C<br>Weather station: NA (ECCC AES NA; station_id 30726)","DATE: Apr-30<br><b>Minimum temperature</b><br>10-90 percentile<br>-5.3 to 5.6 °C","Historical daily maximum<br>9.4 °C<br>2020-04-30","DATE: Apr-30</b><br>Normal: -0.5 °C<br>Period: 1991-2020","3063686","LAC+LA+BICHE+CLIMATE",2004,2026
"04-30","VPD",2001-04-30,0.85836251246721,0.189059129710232,2.10866211241609,0.490608200990594,0.267125464843739,0.484175661167359,1.14470869350188,1.21034280727401,1.81012691451363,"NA (ECCC AES NA; station_id 30726)",NA,30726,"",4,2014-04-30,"DATE: Apr-30<br>Value: 1.8 kPa<br>Anomaly: +1.0 kPa<br>Weather station: NA (ECCC AES NA; station_id 30726)","DATE: Apr-30<br><b>Vapour pressure deficit</b><br>10-90 percentile<br>0.3 to 1.2 kPa","Historical daily maximum<br>2.1 kPa<br>2014-04-30","DATE: Apr-30</b><br>Normal: 0.9 kPa<br>Period: 1991-2020","3063686","LAC+LA+BICHE+CLIMATE",2004,2026
"05-01","TMAX",2001-05-01,12.94375,2.3,24.6,5.40382194994123,6,11.2,15.325,17.85,18.8,"NA (ECCC AES NA; station_id 30726)",NA,30726,"",5,2023-05-01,"DATE: May-01<br>Value: 18.8 °C<br>Anomaly: +5.9 °C<br>Weather station: NA (ECCC AES NA; station_id 30726)","DATE: May-01<br><b>Maximum temperature</b><br>10-90 percentile<br>6.0 to 17.8 °C","Historical daily maximum<br>24.6 °C<br>2023-05-01","DATE: May-01</b><br>Normal: 12.9 °C<br>Period: 1991-2020","3063686","LAC+LA+BICHE+CLIMATE",2004,2026
"05-01","TMIN",2001-05-01,-0.6,-12.3,5,4.27691477586356,-5.2,-2.075,1.8,2.85,2.8,"NA (ECCC AES NA; station_id 30726)",NA,30726,"",5,2023-05-01,"DATE: May-01<br>Value: 2.8 °C<br>Anomaly: +3.4 °C<br>Weather station: NA (ECCC AES NA; station_id 30726)","DATE: May-01<br><b>Minimum temperature</b><br>10-90 percentile<br>-5.2 to 2.8 °C","Historical daily maximum<br>5.0 °C<br>2023-05-01","DATE: May-01</b><br>Normal: -0.6 °C<br>Period: 1991-2020","3063686","LAC+LA+BICHE+CLIMATE",2004,2026
"05-01","VPD",2001-05-01,0.963594350667314,0.357154418626442,2.35129808786447,0.495294407683348,0.397684633584537,0.733789783418319,1.07735101817603,1.43178972302882,1.42304729506324,"NA (ECCC AES NA; station_id 30726)",NA,30726,"",5,2023-05-01,"DATE: May-01<br>Value: 1.4 kPa<br>Anomaly: +0.5 kPa<br>Weather station: NA (ECCC AES NA; station_id 30726)","DATE: May-01<br><b>Vapour pressure deficit</b><br>10-90 percentile<br>0.4 to 1.4 kPa","Historical daily maximum<br>2.4 kPa<br>2023-05-01","DATE: May-01</b><br>Normal: 1.0 kPa<br>Period: 1991-2020","3063686","LAC+LA+BICHE+CLIMATE",2004,2026
"05-02","TMAX",2001-05-02,14.5470588235294,2.9,27.4,6.07773782412696,7.14,10.3,17.9,20.74,20,"NA (ECCC AES NA; station_id 30726)",NA,30726,"",5,2016-05-02,"DATE: May-02<br>Value: 20.0 °C<br>Anomaly: +5.5 °C<br>Weather station: NA (ECCC AES NA; station_id 30726)","DATE: May-02<br><b>Maximum temperature</b><br>10-90 percentile<br>7.1 to 20.7 °C","Historical daily maximum<br>27.4 °C<br>2016-05-02","DATE: May-02</b><br>Normal: 14.5 °C<br>Period: 1991-2020","3063686","LAC+LA+BICHE+CLIMATE",2004,2026
"05-02","TMIN",2001-05-02,0.3,-5.6,6.9,3.61576409628726,-4.5,-1.7,2.8,5.08,-0.3,"NA (ECCC AES NA; station_id 30726)",NA,30726,"",5,2023-05-02,"DATE: May-02<br>Value: -0.3 °C<br>Anomaly: -0.6 °C<br>Weather station: NA (ECCC AES NA; station_id 30726)","DATE: May-02<br><b>Minimum temperature</b><br>10-90 percentile<br>-4.5 to 5.1 °C","Historical daily maximum<br>6.9 °C<br>2023-05-02","DATE: May-02</b><br>Normal: 0.3 °C<br>Period: 1991-2020","3063686","LAC+LA+BICHE+CLIMATE",2004,2026
"05-02","VPD",2001-05-02,1.12208368657128,0.141605182604831,2.72762740261512,0.646571229316232,0.428407901258178,0.586446627433746,1.36059475382887,1.78417292369804,1.7406889320911,"NA (ECCC AES NA; station_id 30726)",NA,30726,"",5,2016-05-02,"DATE: May-02<br>Value: 1.7 kPa<br>Anomaly: +0.6 kPa<br>Weather station: NA (ECCC AES NA; station_id 30726)","DATE: May-02<br><b>Vapour pressure deficit</b><br>10-90 percentile<br>0.4 to 1.8 kPa","Historical daily maximum<br>2.7 kPa<br>2016-05-02","DATE: May-02</b><br>Normal: 1.1 kPa<br>Period: 1991-2020","3063686","LAC+LA+BICHE+CLIMATE",2004,2026
"05-03","TMAX",2001-05-03,14.3235294117647,1,31.4,7.22301265156762,6.12,10.5,18.5,20.84,15.2,"NA (ECCC AES NA; station_id 30726)",NA,30726,"",5,2016-05-03,"DATE: May-03<br>Value: 15.2 °C<br>Anomaly: +0.9 °C<br>Weather station: NA (ECCC AES NA; station_id 30726)","DATE: May-03<br><b>Maximum temperature</b><br>10-90 percentile<br>6.1 to 20.8 °C","Historical daily maximum<br>31.4 °C<br>2016-05-03","DATE: May-03</b><br>Normal: 14.3 °C<br>Period: 1991-2020","3063686","LAC+LA+BICHE+CLIMATE",2004,2026
"05-03","TMIN",2001-05-03,0.741176470588235,-4.2,9.2,3.61439116994989,-2.76,-1.8,2.2,5.6,3.9,"NA (ECCC AES NA; station_id 30726)",NA,30726,"",5,2016-05-03,"DATE: May-03<br>Value: 3.9 °C<br>Anomaly: +3.2 °C<br>Weather station: NA (ECCC AES NA; station_id 30726)","DATE: May-03<br><b>Minimum temperature</b><br>10-90 percentile<br>-2.8 to 5.6 °C","Historical daily maximum<br>9.2 °C<br>2016-05-03","DATE: May-03</b><br>Normal: 0.7 °C<br>Period: 1991-2020","3063686","LAC+LA+BICHE+CLIMATE",2004,2026
"05-03","VPD",2001-05-03,1.12613470486871,0.188583769383059,3.43225275314851,0.803259336451119,0.372534985762992,0.598069082010589,1.40066936203701,1.86439741791148,0.919874102597853,"NA (ECCC AES NA; station_id 30726)",NA,30726,"",5,2016-05-03,"DATE: May-03<br>Value: 0.9 kPa<br>Anomaly: -0.2 kPa<br>Weather station: NA (ECCC AES NA; station_id 30726)","DATE: May-03<br><b>Vapour pressure deficit</b><br>10-90 percentile<br>0.4 to 1.9 kPa","Historical daily maximum<br>3.4 kPa<br>2016-05-03","DATE: May-03</b><br>Normal: 1.1 kPa<br>Period: 1991-2020","3063686","LAC+LA+BICHE+CLIMATE",2004,2026
"05-04","TMAX",2001-05-04,15,4.4,27.8,6.75083328189935,5.64,10.4,20,21.56,6.3,"NA (ECCC AES NA; station_id 30726)",NA,30726,"",5,2023-05-04,"DATE: May-04<br>Value: 6.3 °C<br>Anomaly: -8.7 °C<br>Weather station: NA (ECCC AES NA; station_id 30726)","DATE: May-04<br><b>Maximum temperature</b><br>10-90 percentile<br>5.6 to 21.6 °C","Historical daily maximum<br>27.8 °C<br>2023-05-04","DATE: May-04</b><br>Normal: 15.0 °C<br>Period: 1991-2020","3063686","LAC+LA+BICHE+CLIMATE",2004,2026
"05-04","TMIN",2001-05-04,1.36470588235294,-4.7,7.6,3.91550462527989,-3.42,-1.4,4.4,6.12,-2.2,"NA (ECCC AES NA; station_id 30726)",NA,30726,"",5,2023-05-04,"DATE: May-04<br>Value: -2.2 °C<br>Anomaly: -3.6 °C<br>Weather station: NA (ECCC AES NA; station_id 30726)","DATE: May-04<br><b>Minimum temperature</b><br>10-90 percentile<br>-3.4 to 6.1 °C","Historical daily maximum<br>7.6 °C<br>2023-05-04","DATE: May-04</b><br>Normal: 1.4 °C<br>Period: 1991-2020","3063686","LAC+LA+BICHE+CLIMATE",2004,2026
"05-04","VPD",2001-05-04,1.14212161466107,0.320273706521149,2.6922435054829,0.667357568830931,0.355990050180643,0.555626158890189,1.41604101355937,1.88254021483817,0.435056638569226,"NA (ECCC AES NA; station_id 30726)",NA,30726,"",5,2023-05-04,"DATE: May-04<br>Value: 0.4 kPa<br>Anomaly: -0.7 kPa<br>Weather station: NA (ECCC AES NA; station_id 30726)","DATE: May-04<br><b>Vapour pressure deficit</b><br>10-90 percentile<br>0.4 to 1.9 kPa","Historical daily maximum<br>2.7 kPa<br>2023-05-04","DATE: May-04</b><br>Normal: 1.1 kPa<br>Period: 1991-2020","3063686","LAC+LA+BICHE+CLIMATE",2004,2026
"05-05","TMAX",2001-05-05,16.0588235294118,3.1,27.9,7.5217234414336,5.92,11.6,21.1,25.32,10,"NA (ECCC AES NA; station_id 30726)",NA,30726,"",5,2017-05-05,"DATE: May-05<br>Value: 10.0 °C<br>Anomaly: -6.1 °C<br>Weather station: NA (ECCC AES NA; station_id 30726)","DATE: May-05<br><b>Maximum temperature</b><br>10-90 percentile<br>5.9 to 25.3 °C","Historical daily maximum<br>27.9 °C<br>2017-05-05","DATE: May-05</b><br>Normal: 16.1 °C<br>Period: 1991-2020","3063686","LAC+LA+BICHE+CLIMATE",2004,2026
"05-05","TMIN",2001-05-05,1.29411764705882,-5,9.7,4.22854445823786,-3.8,-1.5,3.5,7.02,-5.3,"NA (ECCC AES NA; station_id 30726)",NA,30726,"",5,2023-05-05,"DATE: May-05<br>Value: -5.3 °C<br>Anomaly: -6.6 °C<br>Weather station: NA (ECCC AES NA; station_id 30726)","DATE: May-05<br><b>Minimum temperature</b><br>10-90 percentile<br>-3.8 to 7.0 °C","Historical daily maximum<br>9.7 °C<br>2023-05-05","DATE: May-05</b><br>Normal: 1.3 °C<br>Period: 1991-2020","3063686","LAC+LA+BICHE+CLIMATE",2004,2026
"05-05","VPD",2001-05-05,1.29994009837704,0.215909097781027,2.94471601504776,0.820028203336825,0.466617263213267,0.660354411427118,1.81662768115081,2.49149928207906,0.816285479518543,"NA (ECCC AES NA; station_id 30726)",NA,30726,"",5,2017-05-05,"DATE: May-05<br>Value: 0.8 kPa<br>Anomaly: -0.5 kPa<br>Weather station: NA (ECCC AES NA; station_id 30726)","DATE: May-05<br><b>Vapour pressure deficit</b><br>10-90 percentile<br>0.5 to 2.5 kPa","Historical daily maximum<br>2.9 kPa<br>2017-05-05","DATE: May-05</b><br>Normal: 1.3 kPa<br>Period: 1991-2020","3063686","LAC+LA+BICHE+CLIMATE",2004,2026
"05-06","TMAX",2001-05-06,14.96875,2.1,31.1,8.09828942843281,4.55,9.65,19.45,25.5,16.8,"NA (ECCC AES NA; station_id 30726)",NA,30726,"",5,2013-05-06,"DATE: May-06<br>Value: 16.8 °C<br>Anomaly: +1.8 °C<br>Weather station: NA (ECCC AES NA; station_id 30726)","DATE: May-06<br><b>Maximum temperature</b><br>10-90 percentile<br>4.5 to 25.5 °C","Historical daily maximum<br>31.1 °C<br>2013-05-06","DATE: May-06</b><br>Normal: 15.0 °C<br>Period: 1991-2020","3063686","LAC+LA+BICHE+CLIMATE",2004,2026
"05-06","TMIN",2001-05-06,1.79375,-5.9,8.4,3.72513422576959,-2.45,-0.25,4.075,6.25,-2.4,"NA (ECCC AES NA; station_id 30726)",NA,30726,"",5,2017-05-06,"DATE: May-06<br>Value: -2.4 °C<br>Anomaly: -4.2 °C<br>Weather station: NA (ECCC AES NA; station_id 30726)","DATE: May-06<br><b>Minimum temperature</b><br>10-90 percentile<br>-2.4 to 6.2 °C","Historical daily maximum<br>8.4 °C<br>2017-05-06","DATE: May-06</b><br>Normal: 1.8 °C<br>Period: 1991-2020","3063686","LAC+LA+BICHE+CLIMATE",2004,2026
"05-06","VPD",2001-05-06,1.18697150001572,0.108740841595709,3.71067762353469,0.933035831796649,0.386240634449935,0.519146780379744,1.61605986561508,2.2339756893076,1.4013080521082,"NA (ECCC AES NA; station_id 30726)",NA,30726,"",5,2013-05-06,"DATE: May-06<br>Value: 1.4 kPa<br>Anomaly: +0.2 kPa<br>Weather station: NA (ECCC AES NA; station_id 30726)","DATE: May-06<br><b>Vapour pressure deficit</b><br>10-90 percentile<br>0.4 to 2.2 kPa","Historical daily maximum<br>3.7 kPa<br>2013-05-06","DATE: May-06</b><br>Normal: 1.2 kPa<br>Period: 1991-2020","3063686","LAC+LA+BICHE+CLIMATE",2004,2026
"05-07","TMAX",2001-05-07,15.79375,6,27.5,5.58252854896417,9.45,12.775,19.75,22,20.8,"NA (ECCC AES NA; station_id 30726)",NA,30726,"",5,2016-05-07,"DATE: May-07<br>Value: 20.8 °C<br>Anomaly: +5.0 °C<br>Weather station: NA (ECCC AES NA; station_id 30726)","DATE: May-07<br><b>Maximum temperature</b><br>10-90 percentile<br>9.4 to 22.0 °C","Historical daily maximum<br>27.5 °C<br>2016-05-07","DATE: May-07</b><br>Normal: 15.8 °C<br>Period: 1991-2020","3063686","LAC+LA+BICHE+CLIMATE",2004,2026
"05-07","TMIN",2001-05-07,1.12941176470588,-5.7,7.5,3.88808511768363,-2.98,-1.8,5,5.62,5.3,"NA (ECCC AES NA; station_id 30726)",NA,30726,"",5,2025-05-07,"DATE: May-07<br>Value: 5.3 °C<br>Anomaly: +4.2 °C<br>Weather station: NA (ECCC AES NA; station_id 30726)","DATE: May-07<br><b>Minimum temperature</b><br>10-90 percentile<br>-3.0 to 5.6 °C","Historical daily maximum<br>7.5 °C<br>2025-05-07","DATE: May-07</b><br>Normal: 1.1 °C<br>Period: 1991-2020","3063686","LAC+LA+BICHE+CLIMATE",2004,2026
"05-07","VPD",2001-05-07,1.18920408833307,0.459911827011686,2.76804102187643,0.596978575692284,0.669129844119022,0.868117289163347,1.42666868761838,1.87621580149461,1.56586845738826,"NA (ECCC AES NA; station_id 30726)",NA,30726,"",5,2016-05-07,"DATE: May-07<br>Value: 1.6 kPa<br>Anomaly: +0.4 kPa<br>Weather station: NA (ECCC AES NA; station_id 30726)","DATE: May-07<br><b>Vapour pressure deficit</b><br>10-90 percentile<br>0.7 to 1.9 kPa","Historical daily maximum<br>2.8 kPa<br>2016-05-07","DATE: May-07</b><br>Normal: 1.2 kPa<br>Period: 1991-2020","3063686","LAC+LA+BICHE+CLIMATE",2004,2026
"05-08","TMAX",2001-05-08,16.0882352941176,10.6,25,3.87167314493056,12.5,13.7,17.8,20.64,15.2,"NA (ECCC AES NA; station_id 30726)",NA,30726,"",5,2012-05-08,"DATE: May-08<br>Value: 15.2 °C<br>Anomaly: -0.9 °C<br>Weather station: NA (ECCC AES NA; station_id 30726)","DATE: May-08<br><b>Maximum temperature</b><br>10-90 percentile<br>12.5 to 20.6 °C","Historical daily maximum<br>25.0 °C<br>2012-05-08","DATE: May-08</b><br>Normal: 16.1 °C<br>Period: 1991-2020","3063686","LAC+LA+BICHE+CLIMATE",2004,2026
"05-08","TMIN",2001-05-08,1.27058823529412,-4,7.1,3.83385652866053,-2.58,-1.5,4,7.1,4,"NA (ECCC AES NA; station_id 30726)",NA,30726,"",5,2023-05-08,"DATE: May-08<br>Value: 4.0 °C<br>Anomaly: +2.7 °C<br>Weather station: NA (ECCC AES NA; station_id 30726)","DATE: May-08<br><b>Minimum temperature</b><br>10-90 percentile<br>-2.6 to 7.1 °C","Historical daily maximum<br>7.1 °C<br>2023-05-08","DATE: May-08</b><br>Normal: 1.3 °C<br>Period: 1991-2020","3063686","LAC+LA+BICHE+CLIMATE",2004,2026
"05-08","VPD",2001-05-08,1.18635059734801,0.607907125157323,2.15901906938247,0.436826970484662,0.720196428371918,0.958590077604182,1.39088556089113,1.73910491134546,0.914167766640614,"NA (ECCC AES NA; station_id 30726)",NA,30726,"",5,2012-05-08,"DATE: May-08<br>Value: 0.9 kPa<br>Anomaly: -0.3 kPa<br>Weather station: NA (ECCC AES NA; station_id 30726)","DATE: May-08<br><b>Vapour pressure deficit</b><br>10-90 percentile<br>0.7 to 1.7 kPa","Historical daily maximum<br>2.2 kPa<br>2012-05-08","DATE: May-08</b><br>Normal: 1.2 kPa<br>Period: 1991-2020","3063686","LAC+LA+BICHE+CLIMATE",2004,2026
"05-09","TMAX",2001-05-09,13.2375,2.7,20.5,4.95646043058956,7.6,9.725,16.95,18.9,16.5,"NA (ECCC AES NA; station_id 30726)",NA,30726,"",5,2023-05-09,"DATE: May-09<br>Value: 16.5 °C<br>Anomaly: +3.3 °C<br>Weather station: NA (ECCC AES NA; station_id 30726)","DATE: May-09<br><b>Maximum temperature</b><br>10-90 percentile<br>7.6 to 18.9 °C","Historical daily maximum<br>20.5 °C<br>2023-05-09","DATE: May-09</b><br>Normal: 13.2 °C<br>Period: 1991-2020","3063686","LAC+LA+BICHE+CLIMATE",2004,2026
"05-09","TMIN",2001-05-09,0.4625,-6.3,5.4,3.38326765125078,-4.2,-0.775,3.2,3.95,-1.1,"NA (ECCC AES NA; station_id 30726)",NA,30726,"",5,2024-05-09,"DATE: May-09<br>Value: -1.1 °C<br>Anomaly: -1.6 °C<br>Weather station: NA (ECCC AES NA; station_id 30726)","DATE: May-09<br><b>Minimum temperature</b><br>10-90 percentile<br>-4.2 to 4.0 °C","Historical daily maximum<br>5.4 °C<br>2024-05-09","DATE: May-09</b><br>Normal: 0.5 °C<br>Period: 1991-2020","3063686","LAC+LA+BICHE+CLIMATE",2004,2026
"05-09","VPD",2001-05-09,0.938163827479068,0.30842300257841,1.80084128046069,0.456850223269647,0.389622035178581,0.567513398903024,1.22695118731637,1.50175799771535,1.31357741803897,"NA (ECCC AES NA; station_id 30726)",NA,30726,"",5,2019-05-09,"DATE: May-09<br>Value: 1.3 kPa<br>Anomaly: +0.4 kPa<br>Weather station: NA (ECCC AES NA; station_id 30726)","DATE: May-09<br><b>Vapour pressure deficit</b><br>10-90 percentile<br>0.4 to 1.5 kPa","Historical daily maximum<br>1.8 kPa<br>2019-05-09","DATE: May-09</b><br>Normal: 0.9 kPa<br>Period: 1991-2020","3063686","LAC+LA+BICHE+CLIMATE",2004,2026
"05-10","TMAX",2001-05-10,14.425,7.8,21.2,4.2955015229113,8.75,11.55,16.875,20.35,24.4,"NA (ECCC AES NA; station_id 30726)",NA,30726,"",5,2024-05-10,"DATE: May-10<br>Value: 24.4 °C<br>Anomaly: +10.0 °C<br>Weather station: NA (ECCC AES NA; station_id 30726)","DATE: May-10<br><b>Maximum temperature</b><br>10-90 percentile<br>8.8 to 20.4 °C","Historical daily maximum<br>21.2 °C<br>2024-05-10","DATE: May-10</b><br>Normal: 14.4 °C<br>Period: 1991-2020","3063686","LAC+LA+BICHE+CLIMATE",2004,2026
"05-10","TMIN",2001-05-10,-0.0375,-8.5,7.2,3.55412905411907,-2.35,-1.75,2.025,3.95,8.9,"NA (ECCC AES NA; station_id 30726)",NA,30726,"",5,2026-05-10,"DATE: May-10<br>Value: 8.9 °C<br>Anomaly: +8.9 °C<br>Weather station: NA (ECCC AES NA; station_id 30726)","DATE: May-10<br><b>Minimum temperature</b><br>10-90 percentile<br>-2.4 to 3.9 °C","Historical daily maximum<br>7.2 °C<br>2026-05-10","DATE: May-10</b><br>Normal: 0.0 °C<br>Period: 1991-2020","3063686","LAC+LA+BICHE+CLIMATE",2004,2026
"05-10","VPD",2001-05-10,1.06974792277032,0.593403433982045,1.81208105794627,0.405555512845763,0.646378719958071,0.746494251371885,1.2295906136672,1.72795340909098,1.91598495516713,"NA (ECCC AES NA; station_id 30726)",NA,30726,"",5,2024-05-10,"DATE: May-10<br>Value: 1.9 kPa<br>Anomaly: +0.8 kPa<br>Weather station: NA (ECCC AES NA; station_id 30726)","DATE: May-10<br><b>Vapour pressure deficit</b><br>10-90 percentile<br>0.6 to 1.7 kPa","Historical daily maximum<br>1.8 kPa<br>2024-05-10","DATE: May-10</b><br>Normal: 1.1 kPa<br>Period: 1991-2020","3063686","LAC+LA+BICHE+CLIMATE",2004,2026
"05-11","TMAX",2001-05-11,17.2352941176471,10.3,22.7,4.09113999645432,10.82,14.1,20.5,21.58,19.5,"NA (ECCC AES NA; station_id 30726)",NA,30726,"",5,2013-05-11,"DATE: May-11<br>Value: 19.5 °C<br>Anomaly: +2.3 °C<br>Weather station: NA (ECCC AES NA; station_id 30726)","DATE: May-11<br><b>Maximum temperature</b><br>10-90 percentile<br>10.8 to 21.6 °C","Historical daily maximum<br>22.7 °C<br>2013-05-11","DATE: May-11</b><br>Normal: 17.2 °C<br>Period: 1991-2020","3063686","LAC+LA+BICHE+CLIMATE",2004,2026
"05-11","TMIN",2001-05-11,1.20588235294118,-4.4,8.4,3.574295487966,-2.6,-1.7,2.8,6.26,8.3,"NA (ECCC AES NA; station_id 30726)",NA,30726,"",5,2011-05-11,"DATE: May-11<br>Value: 8.3 °C<br>Anomaly: +7.1 °C<br>Weather station: NA (ECCC AES NA; station_id 30726)","DATE: May-11<br><b>Minimum temperature</b><br>10-90 percentile<br>-2.6 to 6.3 °C","Historical daily maximum<br>8.4 °C<br>2011-05-11","DATE: May-11</b><br>Normal: 1.2 °C<br>Period: 1991-2020","3063686","LAC+LA+BICHE+CLIMATE",2004,2026
"05-11","VPD",2001-05-11,1.33414511832611,0.400784565175696,2.07316655226224,0.465044699689875,0.771946053354715,0.987487865423913,1.61442137722877,1.91751035766788,1.17199405763606,"NA (ECCC AES NA; station_id 30726)",NA,30726,"",5,2013-05-11,"DATE: May-11<br>Value: 1.2 kPa<br>Anomaly: -0.2 kPa<br>Weather station: NA (ECCC AES NA; station_id 30726)","DATE: May-11<br><b>Vapour pressure deficit</b><br>10-90 percentile<br>0.8 to 1.9 kPa","Historical daily maximum<br>2.1 kPa<br>2013-05-11","DATE: May-11</b><br>Normal: 1.3 kPa<br>Period: 1991-2020","3063686","LAC+LA+BICHE+CLIMATE",2004,2026
"05-12","TMAX",2001-05-12,18.3823529411765,11.5,29.4,5.18112382766973,12.22,14.3,22,24.34,22.3,"NA (ECCC AES NA; station_id 30726)",NA,30726,"",5,2013-05-12,"DATE: May-12<br>Value: 22.3 °C<br>Anomaly: +3.9 °C<br>Weather station: NA (ECCC AES NA; station_id 30726)","DATE: May-12<br><b>Maximum temperature</b><br>10-90 percentile<br>12.2 to 24.3 °C","Historical daily maximum<br>29.4 °C<br>2013-05-12","DATE: May-12</b><br>Normal: 18.4 °C<br>Period: 1991-2020","3063686","LAC+LA+BICHE+CLIMATE",2004,2026
"05-12","TMIN",2001-05-12,3.78823529411765,-4.9,11.6,5.26650766079159,-2.4,0,7.8,10.22,7.8,"NA (ECCC AES NA; station_id 30726)",NA,30726,"",5,2013-05-12,"DATE: May-12<br>Value: 7.8 °C<br>Anomaly: +4.0 °C<br>Weather station: NA (ECCC AES NA; station_id 30726)","DATE: May-12<br><b>Minimum temperature</b><br>10-90 percentile<br>-2.4 to 10.2 °C","Historical daily maximum<br>11.6 °C<br>2013-05-12","DATE: May-12</b><br>Normal: 3.8 °C<br>Period: 1991-2020","3063686","LAC+LA+BICHE+CLIMATE",2004,2026
"05-12","VPD",2001-05-12,1.36271599112909,0.475841523812793,2.73321230857018,0.580992324679419,0.708542869524359,1.0147343883875,1.69503433534758,2.04508390250691,1.63442113832094,"NA (ECCC AES NA; station_id 30726)",NA,30726,"",5,2013-05-12,"DATE: May-12<br>Value: 1.6 kPa<br>Anomaly: +0.3 kPa<br>Weather station: NA (ECCC AES NA; station_id 30726)","DATE: May-12<br><b>Vapour pressure deficit</b><br>10-90 percentile<br>0.7 to 2.0 kPa","Historical daily maximum<br>2.7 kPa<br>2013-05-12","DATE: May-12</b><br>Normal: 1.4 kPa<br>Period: 1991-2020","3063686","LAC+LA+BICHE+CLIMATE",2004,2026
"05-13","TMAX",2001-05-13,15.6294117647059,5.8,24,5.47308924487377,7.28,12.4,18.9,21.3,24.6,"NA (ECCC AES NA; station_id 30726)",NA,30726,"",5,2023-05-13,"DATE: May-13<br>Value: 24.6 °C<br>Anomaly: +9.0 °C<br>Weather station: NA (ECCC AES NA; station_id 30726)","DATE: May-13<br><b>Maximum temperature</b><br>10-90 percentile<br>7.3 to 21.3 °C","Historical daily maximum<br>24.0 °C<br>2023-05-13","DATE: May-13</b><br>Normal: 15.6 °C<br>Period: 1991-2020","3063686","LAC+LA+BICHE+CLIMATE",2004,2026
"05-13","TMIN",2001-05-13,3.27647058823529,-4.7,11,4.71666320238215,-2.78,0.9,7.6,9.08,7.7,"NA (ECCC AES NA; station_id 30726)",NA,30726,"",5,2013-05-13,"DATE: May-13<br>Value: 7.7 °C<br>Anomaly: +4.4 °C<br>Weather station: NA (ECCC AES NA; station_id 30726)","DATE: May-13<br><b>Minimum temperature</b><br>10-90 percentile<br>-2.8 to 9.1 °C","Historical daily maximum<br>11.0 °C<br>2013-05-13","DATE: May-13</b><br>Normal: 3.3 °C<br>Period: 1991-2020","3063686","LAC+LA+BICHE+CLIMATE",2004,2026
"05-13","VPD",2001-05-13,1.05362219768578,0.198036001223439,1.82025291366653,0.429298035184884,0.459367674678347,0.788004010340383,1.30862840414594,1.4052331279541,2.04203547230021,"NA (ECCC AES NA; station_id 30726)",NA,30726,"",5,2023-05-13,"DATE: May-13<br>Value: 2.0 kPa<br>Anomaly: +1.0 kPa<br>Weather station: NA (ECCC AES NA; station_id 30726)","DATE: May-13<br><b>Vapour pressure deficit</b><br>10-90 percentile<br>0.5 to 1.4 kPa","Historical daily maximum<br>1.8 kPa<br>2023-05-13","DATE: May-13</b><br>Normal: 1.1 kPa<br>Period: 1991-2020","3063686","LAC+LA+BICHE+CLIMATE",2004,2026
"05-14","TMAX",2001-05-14,17.2352941176471,5,27.1,5.75683736704349,8.56,16.1,20.5,22,14,"NA (ECCC AES NA; station_id 30726)",NA,30726,"",5,2018-05-14,"DATE: May-14<br>Value: 14.0 °C<br>Anomaly: -3.2 °C<br>Weather station: NA (ECCC AES NA; station_id 30726)","DATE: May-14<br><b>Maximum temperature</b><br>10-90 percentile<br>8.6 to 22.0 °C","Historical daily maximum<br>27.1 °C<br>2018-05-14","DATE: May-14</b><br>Normal: 17.2 °C<br>Period: 1991-2020","3063686","LAC+LA+BICHE+CLIMATE",2004,2026
"05-14","TMIN",2001-05-14,1.78823529411765,-1.9,7.5,2.99789141584155,-1.7,-0.1,3.7,5.92,6.7,"NA (ECCC AES NA; station_id 30726)",NA,30726,"",5,2024-05-14,"DATE: May-14<br>Value: 6.7 °C<br>Anomaly: +4.9 °C<br>Weather station: NA (ECCC AES NA; station_id 30726)","DATE: May-14<br><b>Minimum temperature</b><br>10-90 percentile<br>-1.7 to 5.9 °C","Historical daily maximum<br>7.5 °C<br>2024-05-14","DATE: May-14</b><br>Normal: 1.8 °C<br>Period: 1991-2020","3063686","LAC+LA+BICHE+CLIMATE",2004,2026
"05-14","VPD",2001-05-14,1.36003504502073,0.225020186074656,2.67044614803817,0.614181257923905,0.52649285746262,1.16784754371989,1.67511919141599,2.01884616501817,0.617198320528223,"NA (ECCC AES NA; station_id 30726)",NA,30726,"",5,2018-05-14,"DATE: May-14<br>Value: 0.6 kPa<br>Anomaly: -0.7 kPa<br>Weather station: NA (ECCC AES NA; station_id 30726)","DATE: May-14<br><b>Vapour pressure deficit</b><br>10-90 percentile<br>0.5 to 2.0 kPa","Historical daily maximum<br>2.7 kPa<br>2018-05-14","DATE: May-14</b><br>Normal: 1.4 kPa<br>Period: 1991-2020","3063686","LAC+LA+BICHE+CLIMATE",2004,2026
"05-15","TMAX",2001-05-15,19.1647058823529,8.8,26.1,5.16199345898348,12.6,14.9,22.5,24.48,6.8,"NA (ECCC AES NA; station_id 30726)",NA,30726,"",5,2018-05-15,"DATE: May-15<br>Value: 6.8 °C<br>Anomaly: -12.4 °C<br>Weather station: NA (ECCC AES NA; station_id 30726)","DATE: May-15<br><b>Maximum temperature</b><br>10-90 percentile<br>12.6 to 24.5 °C","Historical daily maximum<br>26.1 °C<br>2018-05-15","DATE: May-15</b><br>Normal: 19.2 °C<br>Period: 1991-2020","3063686","LAC+LA+BICHE+CLIMATE",2004,2026
"05-15","TMIN",2001-05-15,3.85294117647059,-3.3,11.6,4.33706664219303,-1.48,1.2,6.7,9.3,0.3,"NA (ECCC AES NA; station_id 30726)",NA,30726,"",5,2018-05-15,"DATE: May-15<br>Value: 0.3 °C<br>Anomaly: -3.6 °C<br>Weather station: NA (ECCC AES NA; station_id 30726)","DATE: May-15<br><b>Minimum temperature</b><br>10-90 percentile<br>-1.5 to 9.3 °C","Historical daily maximum<br>11.6 °C<br>2018-05-15","DATE: May-15</b><br>Normal: 3.9 °C<br>Period: 1991-2020","3063686","LAC+LA+BICHE+CLIMATE",2004,2026
"05-15","VPD",2001-05-15,1.47494057295387,0.490014277003096,2.05218563705415,0.533764999137603,0.792744716493045,0.981302740792461,1.93502975289246,2.01423276707588,0.363917478852052,"NA (ECCC AES NA; station_id 30726)",NA,30726,"",5,2008-05-15,"DATE: May-15<br>Value: 0.4 kPa<br>Anomaly: -1.1 kPa<br>Weather station: NA (ECCC AES NA; station_id 30726)","DATE: May-15<br><b>Vapour pressure deficit</b><br>10-90 percentile<br>0.8 to 2.0 kPa","Historical daily maximum<br>2.1 kPa<br>2008-05-15","DATE: May-15</b><br>Normal: 1.5 kPa<br>Period: 1991-2020","3063686","LAC+LA+BICHE+CLIMATE",2004,2026
"05-16","TMAX",2001-05-16,19.6294117647059,9.7,25.8,4.65883095661915,14.06,17,22.4,25.42,9.3,"NA (ECCC AES NA; station_id 30726)",NA,30726,"",5,2010-05-16,"DATE: May-16<br>Value: 9.3 °C<br>Anomaly: -10.3 °C<br>Weather station: NA (ECCC AES NA; station_id 30726)","DATE: May-16<br><b>Maximum temperature</b><br>10-90 percentile<br>14.1 to 25.4 °C","Historical daily maximum<br>25.8 °C<br>2010-05-16","DATE: May-16</b><br>Normal: 19.6 °C<br>Period: 1991-2020","3063686","LAC+LA+BICHE+CLIMATE",2004,2026
"05-16","TMIN",2001-05-16,5.61176470588235,0.8,11.5,3.37377428723032,2.38,3,8.4,10.5,0.9,"NA (ECCC AES NA; station_id 30726)",NA,30726,"",5,2008-05-16,"DATE: May-16<br>Value: 0.9 °C<br>Anomaly: -4.7 °C<br>Weather station: NA (ECCC AES NA; station_id 30726)","DATE: May-16<br><b>Minimum temperature</b><br>10-90 percentile<br>2.4 to 10.5 °C","Historical daily maximum<br>11.5 °C<br>2008-05-16","DATE: May-16</b><br>Normal: 5.6 °C<br>Period: 1991-2020","3063686","LAC+LA+BICHE+CLIMATE",2004,2026
"05-16","VPD",2001-05-16,1.42991662573982,0.445727521260683,2.3153001279596,0.549059737504225,0.790496305814811,1.05931049858188,1.75596460029138,2.16238933684053,0.519551399449805,"NA (ECCC AES NA; station_id 30726)",NA,30726,"",5,2016-05-16,"DATE: May-16<br>Value: 0.5 kPa<br>Anomaly: -0.9 kPa<br>Weather station: NA (ECCC AES NA; station_id 30726)","DATE: May-16<br><b>Vapour pressure deficit</b><br>10-90 percentile<br>0.8 to 2.2 kPa","Historical daily maximum<br>2.3 kPa<br>2016-05-16","DATE: May-16</b><br>Normal: 1.4 kPa<br>Period: 1991-2020","3063686","LAC+LA+BICHE+CLIMATE",2004,2026
"05-17","TMAX",2001-05-17,19.5647058823529,8.8,30.3,5.09594706316581,13.8,16.6,22.7,24.36,12.4,"NA (ECCC AES NA; station_id 30726)",NA,30726,"",5,2006-05-17,"DATE: May-17<br>Value: 12.4 °C<br>Anomaly: -7.2 °C<br>Weather station: NA (ECCC AES NA; station_id 30726)","DATE: May-17<br><b>Maximum temperature</b><br>10-90 percentile<br>13.8 to 24.4 °C","Historical daily maximum<br>30.3 °C<br>2006-05-17","DATE: May-17</b><br>Normal: 19.6 °C<br>Period: 1991-2020","3063686","LAC+LA+BICHE+CLIMATE",2004,2026
"05-17","TMIN",2001-05-17,5.56470588235294,-1,12,4.28834775532352,-0.48,1.5,9.4,10.34,1.2,"NA (ECCC AES NA; station_id 30726)",NA,30726,"",5,2005-05-17,"DATE: May-17<br>Value: 1.2 °C<br>Anomaly: -4.4 °C<br>Weather station: NA (ECCC AES NA; station_id 30726)","DATE: May-17<br><b>Minimum temperature</b><br>10-90 percentile<br>-0.5 to 10.3 °C","Historical daily maximum<br>12.0 °C<br>2005-05-17","DATE: May-17</b><br>Normal: 5.6 °C<br>Period: 1991-2020","3063686","LAC+LA+BICHE+CLIMATE",2004,2026
"05-17","VPD",2001-05-17,1.4303397571303,0.486588254594572,3.05535778983639,0.666133274388785,0.736360870168632,1.03085296824909,1.84521115934742,2.18137851380564,0.773740495644551,"NA (ECCC AES NA; station_id 30726)",NA,30726,"",5,2006-05-17,"DATE: May-17<br>Value: 0.8 kPa<br>Anomaly: -0.7 kPa<br>Weather station: NA (ECCC AES NA; station_id 30726)","DATE: May-17<br><b>Vapour pressure deficit</b><br>10-90 percentile<br>0.7 to 2.2 kPa","Historical daily maximum<br>3.1 kPa<br>2006-05-17","DATE: May-17</b><br>Normal: 1.4 kPa<br>Period: 1991-2020","3063686","LAC+LA+BICHE+CLIMATE",2004,2026
"05-18","TMAX",2001-05-18,19.1294117647059,7,27.9,6.06473048719833,10.18,17,24,25.12,15.1,"NA (ECCC AES NA; station_id 30726)",NA,30726,"",5,2010-05-18,"DATE: May-18<br>Value: 15.1 °C<br>Anomaly: -4.0 °C<br>Weather station: NA (ECCC AES NA; station_id 30726)","DATE: May-18<br><b>Maximum temperature</b><br>10-90 percentile<br>10.2 to 25.1 °C","Historical daily maximum<br>27.9 °C<br>2010-05-18","DATE: May-18</b><br>Normal: 19.1 °C<br>Period: 1991-2020","3063686","LAC+LA+BICHE+CLIMATE",2004,2026
"05-18","TMIN",2001-05-18,5.34705882352941,-3.9,12.3,4.66879503285629,5.55111512312578e-17,3.7,9.5,11.3,2.4,"NA (ECCC AES NA; station_id 30726)",NA,30726,"",5,2010-05-18,"DATE: May-18<br>Value: 2.4 °C<br>Anomaly: -2.9 °C<br>Weather station: NA (ECCC AES NA; station_id 30726)","DATE: May-18<br><b>Minimum temperature</b><br>10-90 percentile<br>0.0 to 11.3 °C","Historical daily maximum<br>12.3 °C<br>2010-05-18","DATE: May-18</b><br>Normal: 5.3 °C<br>Period: 1991-2020","3063686","LAC+LA+BICHE+CLIMATE",2004,2026
"05-18","VPD",2001-05-18,1.40762655214199,0.431714653519618,2.3274257064618,0.593225580376592,0.59753853686624,1.03637767971488,1.82009713058492,2.12429405985165,0.990257880129772,"NA (ECCC AES NA; station_id 30726)",NA,30726,"",5,2010-05-18,"DATE: May-18<br>Value: 1.0 kPa<br>Anomaly: -0.4 kPa<br>Weather station: NA (ECCC AES NA; station_id 30726)","DATE: May-18<br><b>Vapour pressure deficit</b><br>10-90 percentile<br>0.6 to 2.1 kPa","Historical daily maximum<br>2.3 kPa<br>2010-05-18","DATE: May-18</b><br>Normal: 1.4 kPa<br>Period: 1991-2020","3063686","LAC+LA+BICHE+CLIMATE",2004,2026
"05-19","TMAX",2001-05-19,17.4,3.7,24.5,6.08060441074734,9.36,14.2,22.1,23.08,19.1,"NA (ECCC AES NA; station_id 30726)",NA,30726,"",5,2010-05-19,"DATE: May-19<br>Value: 19.1 °C<br>Anomaly: +1.7 °C<br>Weather station: NA (ECCC AES NA; station_id 30726)","DATE: May-19<br><b>Maximum temperature</b><br>10-90 percentile<br>9.4 to 23.1 °C","Historical daily maximum<br>24.5 °C<br>2010-05-19","DATE: May-19</b><br>Normal: 17.4 °C<br>Period: 1991-2020","3063686","LAC+LA+BICHE+CLIMATE",2004,2026
"05-19","TMIN",2001-05-19,5.27058823529412,-0.5,13.3,3.65697359606997,1.68,2.2,6.4,9.66,3.6,"NA (ECCC AES NA; station_id 30726)",NA,30726,"",5,2010-05-19,"DATE: May-19<br>Value: 3.6 °C<br>Anomaly: -1.7 °C<br>Weather station: NA (ECCC AES NA; station_id 30726)","DATE: May-19<br><b>Minimum temperature</b><br>10-90 percentile<br>1.7 to 9.7 °C","Historical daily maximum<br>13.3 °C<br>2010-05-19","DATE: May-19</b><br>Normal: 5.3 °C<br>Period: 1991-2020","3063686","LAC+LA+BICHE+CLIMATE",2004,2026
"05-19","VPD",2001-05-19,1.18465583776003,0.177811457557193,1.98600331015748,0.566918497951902,0.527156659805509,0.836081207702064,1.54723133797892,1.91970572019778,1.42049250156502,"NA (ECCC AES NA; station_id 30726)",NA,30726,"",5,2013-05-19,"DATE: May-19<br>Value: 1.4 kPa<br>Anomaly: +0.2 kPa<br>Weather station: NA (ECCC AES NA; station_id 30726)","DATE: May-19<br><b>Vapour pressure deficit</b><br>10-90 percentile<br>0.5 to 1.9 kPa","Historical daily maximum<br>2.0 kPa<br>2013-05-19","DATE: May-19</b><br>Normal: 1.2 kPa<br>Period: 1991-2020","3063686","LAC+LA+BICHE+CLIMATE",2004,2026
"05-20","TMAX",2001-05-20,18.5176470588235,10.9,25.9,4.35505959978128,12.52,15.2,21.5,23.44,15.4,"NA (ECCC AES NA; station_id 30726)",NA,30726,"",5,2011-05-20,"DATE: May-20<br>Value: 15.4 °C<br>Anomaly: -3.1 °C<br>Weather station: NA (ECCC AES NA; station_id 30726)","DATE: May-20<br><b>Maximum temperature</b><br>10-90 percentile<br>12.5 to 23.4 °C","Historical daily maximum<br>25.9 °C<br>2011-05-20","DATE: May-20</b><br>Normal: 18.5 °C<br>Period: 1991-2020","3063686","LAC+LA+BICHE+CLIMATE",2004,2026
"05-20","TMIN",2001-05-20,5.47058823529412,-1.1,11.8,3.49012261709427,1.62,3.6,7.4,10.44,5.9,"NA (ECCC AES NA; station_id 30726)",NA,30726,"",5,2010-05-20,"DATE: May-20<br>Value: 5.9 °C<br>Anomaly: +0.4 °C<br>Weather station: NA (ECCC AES NA; station_id 30726)","DATE: May-20<br><b>Minimum temperature</b><br>10-90 percentile<br>1.6 to 10.4 °C","Historical daily maximum<br>11.8 °C<br>2010-05-20","DATE: May-20</b><br>Normal: 5.5 °C<br>Period: 1991-2020","3063686","LAC+LA+BICHE+CLIMATE",2004,2026
"05-20","VPD",2001-05-20,1.2732852409721,0.400784565175696,2.15203633920232,0.533508966793248,0.743060622756415,0.793387364321495,1.7042123071632,1.95012019731969,0.82110662283396,"NA (ECCC AES NA; station_id 30726)",NA,30726,"",5,2015-05-20,"DATE: May-20<br>Value: 0.8 kPa<br>Anomaly: -0.5 kPa<br>Weather station: NA (ECCC AES NA; station_id 30726)","DATE: May-20<br><b>Vapour pressure deficit</b><br>10-90 percentile<br>0.7 to 2.0 kPa","Historical daily maximum<br>2.2 kPa<br>2015-05-20","DATE: May-20</b><br>Normal: 1.3 kPa<br>Period: 1991-2020","3063686","LAC+LA+BICHE+CLIMATE",2004,2026
"05-21","TMAX",2001-05-21,18.3176470588235,7.3,26.1,6.21120311353984,10.62,13.1,23.2,24.96,20.2,"NA (ECCC AES NA; station_id 30726)",NA,30726,"",5,2011-05-21,"DATE: May-21<br>Value: 20.2 °C<br>Anomaly: +1.9 °C<br>Weather station: NA (ECCC AES NA; station_id 30726)","DATE: May-21<br><b>Maximum temperature</b><br>10-90 percentile<br>10.6 to 25.0 °C","Historical daily maximum<br>26.1 °C<br>2011-05-21","DATE: May-21</b><br>Normal: 18.3 °C<br>Period: 1991-2020","3063686","LAC+LA+BICHE+CLIMATE",2004,2026
"05-21","TMIN",2001-05-21,5.77647058823529,1.2,12.5,2.6302398682831,3.16,4.4,7.4,8.18,4.5,"NA (ECCC AES NA; station_id 30726)",NA,30726,"",5,2013-05-21,"DATE: May-21<br>Value: 4.5 °C<br>Anomaly: -1.3 °C<br>Weather station: NA (ECCC AES NA; station_id 30726)","DATE: May-21<br><b>Minimum temperature</b><br>10-90 percentile<br>3.2 to 8.2 °C","Historical daily maximum<br>12.5 °C<br>2013-05-21","DATE: May-21</b><br>Normal: 5.8 °C<br>Period: 1991-2020","3063686","LAC+LA+BICHE+CLIMATE",2004,2026
"05-21","VPD",2001-05-21,1.30010137553379,0.211473476578485,2.31587748193863,0.742863579877155,0.316683302259936,0.641355998595567,1.83484425480326,2.15334226451809,1.52505795272462,"NA (ECCC AES NA; station_id 30726)",NA,30726,"",5,2011-05-21,"DATE: May-21<br>Value: 1.5 kPa<br>Anomaly: +0.2 kPa<br>Weather station: NA (ECCC AES NA; station_id 30726)","DATE: May-21<br><b>Vapour pressure deficit</b><br>10-90 percentile<br>0.3 to 2.2 kPa","Historical daily maximum<br>2.3 kPa<br>2011-05-21","DATE: May-21</b><br>Normal: 1.3 kPa<br>Period: 1991-2020","3063686","LAC+LA+BICHE+CLIMATE",2004,2026
"05-22","TMAX",2001-05-22,18.5588235294118,6.5,27.1,6.32979648404368,9.38,14.7,23.2,24.9,21.9,"NA (ECCC AES NA; station_id 30726)",NA,30726,"",5,2018-05-22,"DATE: May-22<br>Value: 21.9 °C<br>Anomaly: +3.3 °C<br>Weather station: NA (ECCC AES NA; station_id 30726)","DATE: May-22<br><b>Maximum temperature</b><br>10-90 percentile<br>9.4 to 24.9 °C","Historical daily maximum<br>27.1 °C<br>2018-05-22","DATE: May-22</b><br>Normal: 18.6 °C<br>Period: 1991-2020","3063686","LAC+LA+BICHE+CLIMATE",2004,2026
"05-22","TMIN",2001-05-22,4.87058823529412,-5.1,11.1,3.64070128991008,1.68,3.2,7.4,8.24,8.2,"NA (ECCC AES NA; station_id 30726)",NA,30726,"",5,2023-05-22,"DATE: May-22<br>Value: 8.2 °C<br>Anomaly: +3.3 °C<br>Weather station: NA (ECCC AES NA; station_id 30726)","DATE: May-22<br><b>Minimum temperature</b><br>10-90 percentile<br>1.7 to 8.2 °C","Historical daily maximum<br>11.1 °C<br>2023-05-22","DATE: May-22</b><br>Normal: 4.9 °C<br>Period: 1991-2020","3063686","LAC+LA+BICHE+CLIMATE",2004,2026
"05-22","VPD",2001-05-22,1.38465596419652,0.126884635852956,2.59812798062842,0.776700907202649,0.33289745847589,0.71136306893655,1.96023465497007,2.27159509505989,1.54038938709583,"NA (ECCC AES NA; station_id 30726)",NA,30726,"",5,2018-05-22,"DATE: May-22<br>Value: 1.5 kPa<br>Anomaly: +0.2 kPa<br>Weather station: NA (ECCC AES NA; station_id 30726)","DATE: May-22<br><b>Vapour pressure deficit</b><br>10-90 percentile<br>0.3 to 2.3 kPa","Historical daily maximum<br>2.6 kPa<br>2018-05-22","DATE: May-22</b><br>Normal: 1.4 kPa<br>Period: 1991-2020","3063686","LAC+LA+BICHE+CLIMATE",2004,2026
"05-23","TMAX",2001-05-23,18.4941176470588,7,29.7,6.7670590536284,11.46,13.5,22.2,27.12,24.7,"","3063686",30726,"LAC LA BICHE CLIMATE",5,2018-05-23,"DATE: May-23<br>Value: 24.7 °C<br>Anomaly: +6.2 °C<br>Weather station: ","DATE: May-23<br><b>Maximum temperature</b><br>10-90 percentile<br>11.5 to 27.1 °C","Historical daily maximum<br>29.7 °C<br>2018-05-23","DATE: May-23</b><br>Normal: 18.5 °C<br>Period: 1991-2020","3063686","LAC+LA+BICHE+CLIMATE",2004,2026
"05-23","TMIN",2001-05-23,6.05294117647059,0.3,12.8,4.54561844624288,0.76,1.8,10.7,11.48,5.9,"","3063686",30726,"LAC LA BICHE CLIMATE",5,2017-05-23,"DATE: May-23<br>Value: 5.9 °C<br>Anomaly: -0.2 °C<br>Weather station: ","DATE: May-23<br><b>Minimum temperature</b><br>10-90 percentile<br>0.8 to 11.5 °C","Historical daily maximum<br>12.8 °C<br>2017-05-23","DATE: May-23</b><br>Normal: 6.1 °C<br>Period: 1991-2020","3063686","LAC+LA+BICHE+CLIMATE",2004,2026
"05-23","VPD",2001-05-23,1.31256089594481,0.35923192183612,2.90932960361539,0.792490951419801,0.457235679298878,0.78784344809948,1.98379423355454,2.36937878709272,2.18295472705923,"","3063686",30726,"LAC LA BICHE CLIMATE",5,2018-05-23,"DATE: May-23<br>Value: 2.2 kPa<br>Anomaly: +0.9 kPa<br>Weather station: ","DATE: May-23<br><b>Vapour pressure deficit</b><br>10-90 percentile<br>0.5 to 2.4 kPa","Historical daily maximum<br>2.9 kPa<br>2018-05-23","DATE: May-23</b><br>Normal: 1.3 kPa<br>Period: 1991-2020","3063686","LAC+LA+BICHE+CLIMATE",2004,2026
"05-24","TMAX",2001-05-24,18.5941176470588,13,27.3,3.89542529581741,14.02,15.8,20.5,23.16,18.5,"","3063686",30726,"LAC LA BICHE CLIMATE",5,2015-05-24,"DATE: May-24<br>Value: 18.5 °C<br>Anomaly: -0.1 °C<br>Weather station: ","DATE: May-24<br><b>Maximum temperature</b><br>10-90 percentile<br>14.0 to 23.2 °C","Historical daily maximum<br>27.3 °C<br>2015-05-24","DATE: May-24</b><br>Normal: 18.6 °C<br>Period: 1991-2020","3063686","LAC+LA+BICHE+CLIMATE",2004,2026
"05-24","TMIN",2001-05-24,5.04705882352941,-1.2,12.4,3.76266488792498,0.82,1.4,7.2,9.72,6.3,"","3063686",30726,"LAC LA BICHE CLIMATE",5,2018-05-24,"DATE: May-24<br>Value: 6.3 °C<br>Anomaly: +1.3 °C<br>Weather station: ","DATE: May-24<br><b>Minimum temperature</b><br>10-90 percentile<br>0.8 to 9.7 °C","Historical daily maximum<br>12.4 °C<br>2018-05-24","DATE: May-24</b><br>Normal: 5.0 °C<br>Period: 1991-2020","3063686","LAC+LA+BICHE+CLIMATE",2004,2026
"05-24","VPD",2001-05-24,1.29593115665241,0.718260570492034,2.65390238936322,0.504545386372638,0.76557519180811,0.956821460748593,1.38807922642533,1.9417360165573,1.17506742268275,"","3063686",30726,"LAC LA BICHE CLIMATE",5,2015-05-24,"DATE: May-24<br>Value: 1.2 kPa<br>Anomaly: -0.1 kPa<br>Weather station: ","DATE: May-24<br><b>Vapour pressure deficit</b><br>10-90 percentile<br>0.8 to 1.9 kPa","Historical daily maximum<br>2.7 kPa<br>2015-05-24","DATE: May-24</b><br>Normal: 1.3 kPa<br>Period: 1991-2020","3063686","LAC+LA+BICHE+CLIMATE",2004,2026
"05-25","TMAX",2001-05-25,18.5235294117647,9.7,26.5,4.16241057137638,14.88,16.5,20.5,24.26,25.1,"","3063686",30726,"LAC LA BICHE CLIMATE",5,2015-05-25,"DATE: May-25<br>Value: 25.1 °C<br>Anomaly: +6.6 °C<br>Weather station: ","DATE: May-25<br><b>Maximum temperature</b><br>10-90 percentile<br>14.9 to 24.3 °C","Historical daily maximum<br>26.5 °C<br>2015-05-25","DATE: May-25</b><br>Normal: 18.5 °C<br>Period: 1991-2020","3063686","LAC+LA+BICHE+CLIMATE",2004,2026
"05-25","TMIN",2001-05-25,5.08235294117647,-1.5,12.9,3.46143671293396,1.2,2.9,7.6,8.34,5.4,"","3063686",30726,"LAC LA BICHE CLIMATE",5,2018-05-25,"DATE: May-25<br>Value: 5.4 °C<br>Anomaly: +0.3 °C<br>Weather station: ","DATE: May-25<br><b>Minimum temperature</b><br>10-90 percentile<br>1.2 to 8.3 °C","Historical daily maximum<br>12.9 °C<br>2018-05-25","DATE: May-25</b><br>Normal: 5.1 °C<br>Period: 1991-2020","3063686","LAC+LA+BICHE+CLIMATE",2004,2026
"05-25","VPD",2001-05-25,1.29489285283957,0.45108866875361,2.57751793571591,0.539187512835846,0.736968313829899,0.923029107761046,1.51861001498761,1.89203878384186,2.289726372301,"","3063686",30726,"LAC LA BICHE CLIMATE",5,2015-05-25,"DATE: May-25<br>Value: 2.3 kPa<br>Anomaly: +1.0 kPa<br>Weather station: ","DATE: May-25<br><b>Vapour pressure deficit</b><br>10-90 percentile<br>0.7 to 1.9 kPa","Historical daily maximum<br>2.6 kPa<br>2015-05-25","DATE: May-25</b><br>Normal: 1.3 kPa<br>Period: 1991-2020","3063686","LAC+LA+BICHE+CLIMATE",2004,2026
"05-26","TMAX",2001-05-26,18.9882352941176,12.4,22.8,2.95864883708366,15.28,17.5,20.5,21.94,30,"","3063686",30726,"LAC LA BICHE CLIMATE",5,2026-05-26,"DATE: May-26<br>Value: 30.0 °C<br>Anomaly: +11.0 °C<br>Weather station: ","DATE: May-26<br><b>Maximum temperature</b><br>10-90 percentile<br>15.3 to 21.9 °C","Historical daily maximum<br>22.8 °C<br>2026-05-26","DATE: May-26</b><br>Normal: 19.0 °C<br>Period: 1991-2020","3063686","LAC+LA+BICHE+CLIMATE",2004,2026
"05-26","TMIN",2001-05-26,5.12352941176471,-0.9,11.6,4.0080433835858,0.56,1.4,7.8,10.6,14.5,"","3063686",30726,"LAC LA BICHE CLIMATE",5,2025-05-26,"DATE: May-26<br>Value: 14.5 °C<br>Anomaly: +9.4 °C<br>Weather station: ","DATE: May-26<br><b>Minimum temperature</b><br>10-90 percentile<br>0.6 to 10.6 °C","Historical daily maximum<br>11.6 °C<br>2025-05-26","DATE: May-26</b><br>Normal: 5.1 °C<br>Period: 1991-2020","3063686","LAC+LA+BICHE+CLIMATE",2004,2026
"05-26","VPD",2001-05-26,1.31648093870973,0.265136590578048,1.95153341681047,0.442962759175524,0.758197408070852,1.11859450387594,1.68775951346331,1.77049337413427,2.59184590321434,"","3063686",30726,"LAC LA BICHE CLIMATE",5,2026-05-26,"DATE: May-26<br>Value: 2.6 kPa<br>Anomaly: +1.3 kPa<br>Weather station: ","DATE: May-26<br><b>Vapour pressure deficit</b><br>10-90 percentile<br>0.8 to 1.8 kPa","Historical daily maximum<br>2.0 kPa<br>2026-05-26","DATE: May-26</b><br>Normal: 1.3 kPa<br>Period: 1991-2020","3063686","LAC+LA+BICHE+CLIMATE",2004,2026
"05-27","TMAX",2001-05-27,20.1176470588235,12.5,25.3,3.48142127839293,15.8,17.6,22.7,23.5,NA,NA,NA,NA,NA,5,2023-05-27,"","DATE: May-27<br><b>Maximum temperature</b><br>10-90 percentile<br>15.8 to 23.5 °C","Historical daily maximum<br>25.3 °C<br>2023-05-27","DATE: May-27</b><br>Normal: 20.1 °C<br>Period: 1991-2020","3063686","LAC+LA+BICHE+CLIMATE",2004,2026
"05-27","TMIN",2001-05-27,5.15294117647059,0.3,11.6,3.14426415220215,1.56,3.4,7.6,8.9,NA,NA,NA,NA,NA,5,2016-05-27,"","DATE: May-27<br><b>Minimum temperature</b><br>10-90 percentile<br>1.6 to 8.9 °C","Historical daily maximum<br>11.6 °C<br>2016-05-27","DATE: May-27</b><br>Normal: 5.2 °C<br>Period: 1991-2020","3063686","LAC+LA+BICHE+CLIMATE",2004,2026
"05-27","VPD",2001-05-27,1.49934868927683,0.702403578378065,2.30896317239822,0.470803563532214,0.777497732078226,1.09062048050047,1.87848827679851,1.92559410944672,NA,NA,NA,NA,NA,5,2015-05-27,"","DATE: May-27<br><b>Vapour pressure deficit</b><br>10-90 percentile<br>0.8 to 1.9 kPa","Historical daily maximum<br>2.3 kPa<br>2015-05-27","DATE: May-27</b><br>Normal: 1.5 kPa<br>Period: 1991-2020","3063686","LAC+LA+BICHE+CLIMATE",2004,2026
"05-28","TMAX",2001-05-28,18.7058823529412,12.3,29,4.61335975567635,13.9,15.8,21.3,24.64,29.3,"","3063686",30726,"LAC LA BICHE CLIMATE",5,2026-05-28,"DATE: May-28<br>Value: 29.3 °C<br>Anomaly: +10.6 °C<br>Weather station: ","DATE: May-28<br><b>Maximum temperature</b><br>10-90 percentile<br>13.9 to 24.6 °C","Historical daily maximum<br>29.0 °C<br>2026-05-28","DATE: May-28</b><br>Normal: 18.7 °C<br>Period: 1991-2020","3063686","LAC+LA+BICHE+CLIMATE",2004,2026
"05-28","TMIN",2001-05-28,5.07058823529412,0.3,12.4,3.68506524804554,1.24,2.2,7.4,10.2,12.9,"","3063686",30726,"LAC LA BICHE CLIMATE",5,2026-05-28,"DATE: May-28<br>Value: 12.9 °C<br>Anomaly: +7.8 °C<br>Weather station: ","DATE: May-28<br><b>Minimum temperature</b><br>10-90 percentile<br>1.2 to 10.2 °C","Historical daily maximum<br>12.4 °C<br>2026-05-28","DATE: May-28</b><br>Normal: 5.1 °C<br>Period: 1991-2020","3063686","LAC+LA+BICHE+CLIMATE",2004,2026
"05-28","VPD",2001-05-28,1.33392175719989,0.424681146515349,3.06407447881689,0.657383630808559,0.597638712946378,1.08699277026792,1.6860008673669,2.02712717944417,2.58764768469681,"","3063686",30726,"LAC LA BICHE CLIMATE",5,2019-05-28,"DATE: May-28<br>Value: 2.6 kPa<br>Anomaly: +1.3 kPa<br>Weather station: ","DATE: May-28<br><b>Vapour pressure deficit</b><br>10-90 percentile<br>0.6 to 2.0 kPa","Historical daily maximum<br>3.1 kPa<br>2019-05-28","DATE: May-28</b><br>Normal: 1.3 kPa<br>Period: 1991-2020","3063686","LAC+LA+BICHE+CLIMATE",2004,2026
"05-29","TMAX",2001-05-29,18.6882352941176,7.9,31.7,5.70075459401442,10.42,16.8,21.3,23.42,30.6,"","3063686",30726,"LAC LA BICHE CLIMATE",5,2019-05-29,"DATE: May-29<br>Value: 30.6 °C<br>Anomaly: +11.9 °C<br>Weather station: ","DATE: May-29<br><b>Maximum temperature</b><br>10-90 percentile<br>10.4 to 23.4 °C","Historical daily maximum<br>31.7 °C<br>2019-05-29","DATE: May-29</b><br>Normal: 18.7 °C<br>Period: 1991-2020","3063686","LAC+LA+BICHE+CLIMATE",2004,2026
"05-29","TMIN",2001-05-29,4.84117647058823,-1.1,11.4,3.63043709894715,0.22,3.1,7.7,9.98,13.6,"","3063686",30726,"LAC LA BICHE CLIMATE",5,2026-05-29,"DATE: May-29<br>Value: 13.6 °C<br>Anomaly: +8.8 °C<br>Weather station: ","DATE: May-29<br><b>Minimum temperature</b><br>10-90 percentile<br>0.2 to 10.0 °C","Historical daily maximum<br>11.4 °C<br>2026-05-29","DATE: May-29</b><br>Normal: 4.8 °C<br>Period: 1991-2020","3063686","LAC+LA+BICHE+CLIMATE",2004,2026
"05-29","VPD",2001-05-29,1.38344265215621,0.119363957574339,3.32673220933416,0.775138140798159,0.30510504978968,0.961177801453686,1.77004381154251,1.97028152854688,2.83371360565549,"","3063686",30726,"LAC LA BICHE CLIMATE",5,2019-05-29,"DATE: May-29<br>Value: 2.8 kPa<br>Anomaly: +1.5 kPa<br>Weather station: ","DATE: May-29<br><b>Vapour pressure deficit</b><br>10-90 percentile<br>0.3 to 2.0 kPa","Historical daily maximum<br>3.3 kPa<br>2019-05-29","DATE: May-29</b><br>Normal: 1.4 kPa<br>Period: 1991-2020","3063686","LAC+LA+BICHE+CLIMATE",2004,2026
"05-30","TMAX",2001-05-30,18.6529411764706,6.6,25.2,4.97984910000529,12.78,15.3,22.4,23.42,20.6,"","3063686",30726,"LAC LA BICHE CLIMATE",5,2013-05-30,"DATE: May-30<br>Value: 20.6 °C<br>Anomaly: +1.9 °C<br>Weather station: ","DATE: May-30<br><b>Maximum temperature</b><br>10-90 percentile<br>12.8 to 23.4 °C","Historical daily maximum<br>25.2 °C<br>2013-05-30","DATE: May-30</b><br>Normal: 18.7 °C<br>Period: 1991-2020","3063686","LAC+LA+BICHE+CLIMATE",2004,2026
"05-30","TMIN",2001-05-30,6.51176470588235,0.1,11.2,3.13146977331356,2.54,4.6,8.7,10.36,11.4,"","3063686",30726,"LAC LA BICHE CLIMATE",5,2026-05-30,"DATE: May-30<br>Value: 11.4 °C<br>Anomaly: +4.9 °C<br>Weather station: ","DATE: May-30<br><b>Minimum temperature</b><br>10-90 percentile<br>2.5 to 10.4 °C","Historical daily maximum<br>11.2 °C<br>2026-05-30","DATE: May-30</b><br>Normal: 6.5 °C<br>Period: 1991-2020","3063686","LAC+LA+BICHE+CLIMATE",2004,2026
"05-30","VPD",2001-05-30,1.24418557164973,0.253735692341714,1.8754441553155,0.581628633222316,0.358375118559042,0.841594505557258,1.79861081035742,1.84535432173179,1.07852434094253,"","3063686",30726,"LAC LA BICHE CLIMATE",5,2021-05-30,"DATE: May-30<br>Value: 1.1 kPa<br>Anomaly: -0.2 kPa<br>Weather station: ","DATE: May-30<br><b>Vapour pressure deficit</b><br>10-90 percentile<br>0.4 to 1.8 kPa","Historical daily maximum<br>1.9 kPa<br>2021-05-30","DATE: May-30</b><br>Normal: 1.2 kPa<br>Period: 1991-2020","3063686","LAC+LA+BICHE+CLIMATE",2004,2026
"05-31","TMAX",2001-05-31,20.7235294117647,11.5,29.1,4.45470669794386,15.8,18,24,25.28,17.4,"","3063686",30726,"LAC LA BICHE CLIMATE",5,2017-05-31,"DATE: May-31<br>Value: 17.4 °C<br>Anomaly: -3.3 °C<br>Weather station: ","DATE: May-31<br><b>Maximum temperature</b><br>10-90 percentile<br>15.8 to 25.3 °C","Historical daily maximum<br>29.1 °C<br>2017-05-31","DATE: May-31</b><br>Normal: 20.7 °C<br>Period: 1991-2020","3063686","LAC+LA+BICHE+CLIMATE",2004,2026
"05-31","TMIN",2001-05-31,6.98235294117647,2.9,13.2,2.97368359407101,3.48,4.2,8.6,10.4,9.2,"","3063686",30726,"LAC LA BICHE CLIMATE",5,2020-05-31,"DATE: May-31<br>Value: 9.2 °C<br>Anomaly: +2.2 °C<br>Weather station: ","DATE: May-31<br><b>Minimum temperature</b><br>10-90 percentile<br>3.5 to 10.4 °C","Historical daily maximum<br>13.2 °C<br>2020-05-31","DATE: May-31</b><br>Normal: 7.0 °C<br>Period: 1991-2020","3063686","LAC+LA+BICHE+CLIMATE",2004,2026
"05-31","VPD",2001-05-31,1.50207546069374,0.549431020510052,2.66288857768801,0.548052388455002,0.930731766279179,1.02763954804458,1.79753828835519,2.06560809416856,0.823732625403105,"","3063686",30726,"LAC LA BICHE CLIMATE",5,2025-05-31,"DATE: May-31<br>Value: 0.8 kPa<br>Anomaly: -0.7 kPa<br>Weather station: ","DATE: May-31<br><b>Vapour pressure deficit</b><br>10-90 percentile<br>0.9 to 2.1 kPa","Historical daily maximum<br>2.7 kPa<br>2025-05-31","DATE: May-31</b><br>Normal: 1.5 kPa<br>Period: 1991-2020","3063686","LAC+LA+BICHE+CLIMATE",2004,2026
"06-01","TMAX",2001-06-01,20.7,10.4,27.8,4.48093182273509,15.54,19.2,22.7,26.12,10.9,"","3063686",30726,"LAC LA BICHE CLIMATE",6,2007-06-01,"DATE: Jun-01<br>Value: 10.9 °C<br>Anomaly: -9.8 °C<br>Weather station: ","DATE: Jun-01<br><b>Maximum temperature</b><br>10-90 percentile<br>15.5 to 26.1 °C","Historical daily maximum<br>27.8 °C<br>2007-06-01","DATE: Jun-01</b><br>Normal: 20.7 °C<br>Period: 1991-2020","3063686","LAC+LA+BICHE+CLIMATE",2004,2026
"06-01","TMIN",2001-06-01,6.74705882352941,1.4,12.2,3.35617297808434,2.5,4.3,9,11.6,9.5,"","3063686",30726,"LAC LA BICHE CLIMATE",6,2021-06-01,"DATE: Jun-01<br>Value: 9.5 °C<br>Anomaly: +2.8 °C<br>Weather station: ","DATE: Jun-01<br><b>Minimum temperature</b><br>10-90 percentile<br>2.5 to 11.6 °C","Historical daily maximum<br>12.2 °C<br>2021-06-01","DATE: Jun-01</b><br>Normal: 6.7 °C<br>Period: 1991-2020","3063686","LAC+LA+BICHE+CLIMATE",2004,2026
"06-01","VPD",2001-06-01,1.50897104355322,0.351740130282705,2.59168761024758,0.628356233861826,0.726108805522797,1.16732209832916,1.72915051256366,2.4205894859706,0.116593216012115,"","3063686",30726,"LAC LA BICHE CLIMATE",6,2006-06-01,"DATE: Jun-01<br>Value: 0.1 kPa<br>Anomaly: -1.4 kPa<br>Weather station: ","DATE: Jun-01<br><b>Vapour pressure deficit</b><br>10-90 percentile<br>0.7 to 2.4 kPa","Historical daily maximum<br>2.6 kPa<br>2006-06-01","DATE: Jun-01</b><br>Normal: 1.5 kPa<br>Period: 1991-2020","3063686","LAC+LA+BICHE+CLIMATE",2004,2026
"06-02","TMAX",2001-06-02,21.4705882352941,12.4,28.7,3.85158485332375,17.9,20.3,22.8,26.04,11.7,"","3063686",30726,"LAC LA BICHE CLIMATE",6,2021-06-02,"DATE: Jun-02<br>Value: 11.7 °C<br>Anomaly: -9.8 °C<br>Weather station: ","DATE: Jun-02<br><b>Maximum temperature</b><br>10-90 percentile<br>17.9 to 26.0 °C","Historical daily maximum<br>28.7 °C<br>2021-06-02","DATE: Jun-02</b><br>Normal: 21.5 °C<br>Period: 1991-2020","3063686","LAC+LA+BICHE+CLIMATE",2004,2026
"06-02","TMIN",2001-06-02,7.15294117647059,-0.1,13.4,3.57737991536034,1.84,5.4,9.5,10.26,8.2,"","3063686",30726,"LAC LA BICHE CLIMATE",6,2021-06-02,"DATE: Jun-02<br>Value: 8.2 °C<br>Anomaly: +1.0 °C<br>Weather station: ","DATE: Jun-02<br><b>Minimum temperature</b><br>10-90 percentile<br>1.8 to 10.3 °C","Historical daily maximum<br>13.4 °C<br>2021-06-02","DATE: Jun-02</b><br>Normal: 7.2 °C<br>Period: 1991-2020","3063686","LAC+LA+BICHE+CLIMATE",2004,2026
"06-02","VPD",2001-06-02,1.58131986162074,0.833619897562152,2.84928404577253,0.584040286137545,1.00617320100697,1.07873144605983,1.85969625134898,2.32184184142217,0.287588969126737,"","3063686",30726,"LAC LA BICHE CLIMATE",6,2007-06-02,"DATE: Jun-02<br>Value: 0.3 kPa<br>Anomaly: -1.3 kPa<br>Weather station: ","DATE: Jun-02<br><b>Vapour pressure deficit</b><br>10-90 percentile<br>1.0 to 2.3 kPa","Historical daily maximum<br>2.8 kPa<br>2007-06-02","DATE: Jun-02</b><br>Normal: 1.6 kPa<br>Period: 1991-2020","3063686","LAC+LA+BICHE+CLIMATE",2004,2026
"06-03","TMAX",2001-06-03,20.7764705882353,14.6,26.2,3.29422400038399,15.98,17.9,22.6,23.92,17.9,"","3063686",30726,"LAC LA BICHE CLIMATE",6,2021-06-03,"DATE: Jun-03<br>Value: 17.9 °C<br>Anomaly: -2.9 °C<br>Weather station: ","DATE: Jun-03<br><b>Maximum temperature</b><br>10-90 percentile<br>16.0 to 23.9 °C","Historical daily maximum<br>26.2 °C<br>2021-06-03","DATE: Jun-03</b><br>Normal: 20.8 °C<br>Period: 1991-2020","3063686","LAC+LA+BICHE+CLIMATE",2004,2026
"06-03","TMIN",2001-06-03,7.75294117647059,1.3,12.7,3.37937080812738,3.48,5.2,10.5,11.5,8.2,"","3063686",30726,"LAC LA BICHE CLIMATE",6,2021-06-03,"DATE: Jun-03<br>Value: 8.2 °C<br>Anomaly: +0.4 °C<br>Weather station: ","DATE: Jun-03<br><b>Minimum temperature</b><br>10-90 percentile<br>3.5 to 11.5 °C","Historical daily maximum<br>12.7 °C<br>2021-06-03","DATE: Jun-03</b><br>Normal: 7.8 °C<br>Period: 1991-2020","3063686","LAC+LA+BICHE+CLIMATE",2004,2026
"06-03","VPD",2001-06-03,1.41599990991429,0.442164178967889,2.12350371503588,0.515154377530059,0.729386573663279,0.985562889103966,1.85761612616952,1.94277084332126,0.963577761834247,"","3063686",30726,"LAC LA BICHE CLIMATE",6,2009-06-03,"DATE: Jun-03<br>Value: 1.0 kPa<br>Anomaly: -0.5 kPa<br>Weather station: ","DATE: Jun-03<br><b>Vapour pressure deficit</b><br>10-90 percentile<br>0.7 to 1.9 kPa","Historical daily maximum<br>2.1 kPa<br>2009-06-03","DATE: Jun-03</b><br>Normal: 1.4 kPa<br>Period: 1991-2020","3063686","LAC+LA+BICHE+CLIMATE",2004,2026
"06-04","TMAX",2001-06-04,19.4705882352941,9.7,24.8,4.8857912237787,12.38,16.1,23.2,24.58,19,"","3063686",30726,"LAC LA BICHE CLIMATE",6,2023-06-04,"DATE: Jun-04<br>Value: 19.0 °C<br>Anomaly: -0.5 °C<br>Weather station: ","DATE: Jun-04<br><b>Maximum temperature</b><br>10-90 percentile<br>12.4 to 24.6 °C","Historical daily maximum<br>24.8 °C<br>2023-06-04","DATE: Jun-04</b><br>Normal: 19.5 °C<br>Period: 1991-2020","3063686","LAC+LA+BICHE+CLIMATE",2004,2026
"06-04","TMIN",2001-06-04,6.70588235294118,-0.5,10.8,2.86497613171456,3.46,6,8.1,9.9,11.7,"","3063686",30726,"LAC LA BICHE CLIMATE",6,2023-06-04,"DATE: Jun-04<br>Value: 11.7 °C<br>Anomaly: +5.0 °C<br>Weather station: ","DATE: Jun-04<br><b>Minimum temperature</b><br>10-90 percentile<br>3.5 to 9.9 °C","Historical daily maximum<br>10.8 °C<br>2023-06-04","DATE: Jun-04</b><br>Normal: 6.7 °C<br>Period: 1991-2020","3063686","LAC+LA+BICHE+CLIMATE",2004,2026
"06-04","VPD",2001-06-04,1.34826846419031,0.138009521450968,2.33398725349327,0.645680048920712,0.628319450722272,0.787456321619318,1.84189301982207,2.09093380956172,0.822334897581598,"","3063686",30726,"LAC LA BICHE CLIMATE",6,2004-06-04,"DATE: Jun-04<br>Value: 0.8 kPa<br>Anomaly: -0.5 kPa<br>Weather station: ","DATE: Jun-04<br><b>Vapour pressure deficit</b><br>10-90 percentile<br>0.6 to 2.1 kPa","Historical daily maximum<br>2.3 kPa<br>2004-06-04","DATE: Jun-04</b><br>Normal: 1.3 kPa<br>Period: 1991-2020","3063686","LAC+LA+BICHE+CLIMATE",2004,2026
"06-05","TMAX",2001-06-05,19.9470588235294,11.3,26.5,4.29259793817491,14.02,18.2,23.6,24.6,18.7,"","3063686",30726,"LAC LA BICHE CLIMATE",6,2023-06-05,"DATE: Jun-05<br>Value: 18.7 °C<br>Anomaly: -1.2 °C<br>Weather station: ","DATE: Jun-05<br><b>Maximum temperature</b><br>10-90 percentile<br>14.0 to 24.6 °C","Historical daily maximum<br>26.5 °C<br>2023-06-05","DATE: Jun-05</b><br>Normal: 19.9 °C<br>Period: 1991-2020","3063686","LAC+LA+BICHE+CLIMATE",2004,2026
"06-05","TMIN",2001-06-05,7.17647058823529,0,13.6,3.42901760927323,3.1,5,9.1,11.06,10.7,"","3063686",30726,"LAC LA BICHE CLIMATE",6,2007-06-05,"DATE: Jun-05<br>Value: 10.7 °C<br>Anomaly: +3.5 °C<br>Weather station: ","DATE: Jun-05<br><b>Minimum temperature</b><br>10-90 percentile<br>3.1 to 11.1 °C","Historical daily maximum<br>13.6 °C<br>2007-06-05","DATE: Jun-05</b><br>Normal: 7.2 °C<br>Period: 1991-2020","3063686","LAC+LA+BICHE+CLIMATE",2004,2026
"06-05","VPD",2001-06-05,1.35989546997531,0.520119183434698,2.43237124476103,0.562835768802173,0.831121616565739,0.92942705621076,1.79244494998529,2.07754363686211,0.869837091911818,"","3063686",30726,"LAC LA BICHE CLIMATE",6,2004-06-05,"DATE: Jun-05<br>Value: 0.9 kPa<br>Anomaly: -0.5 kPa<br>Weather station: ","DATE: Jun-05<br><b>Vapour pressure deficit</b><br>10-90 percentile<br>0.8 to 2.1 kPa","Historical daily maximum<br>2.4 kPa<br>2004-06-05","DATE: Jun-05</b><br>Normal: 1.4 kPa<br>Period: 1991-2020","3063686","LAC+LA+BICHE+CLIMATE",2004,2026
"06-06","TMAX",2001-06-06,19.6529411764706,11.3,27.5,4.85915600272553,12.74,15.6,22.4,25.3,19.9,"","3063686",30726,"LAC LA BICHE CLIMATE",6,2016-06-06,"DATE: Jun-06<br>Value: 19.9 °C<br>Anomaly: +0.2 °C<br>Weather station: ","DATE: Jun-06<br><b>Maximum temperature</b><br>10-90 percentile<br>12.7 to 25.3 °C","Historical daily maximum<br>27.5 °C<br>2016-06-06","DATE: Jun-06</b><br>Normal: 19.7 °C<br>Period: 1991-2020","3063686","LAC+LA+BICHE+CLIMATE",2004,2026
"06-06","TMIN",2001-06-06,7.92352941176471,-1.6,15.1,4.11362513662899,2.84,6.5,9.6,12.52,8,"","3063686",30726,"LAC LA BICHE CLIMATE",6,2004-06-06,"DATE: Jun-06<br>Value: 8.0 °C<br>Anomaly: +0.1 °C<br>Weather station: ","DATE: Jun-06<br><b>Minimum temperature</b><br>10-90 percentile<br>2.8 to 12.5 °C","Historical daily maximum<br>15.1 °C<br>2004-06-06","DATE: Jun-06</b><br>Normal: 7.9 °C<br>Period: 1991-2020","3063686","LAC+LA+BICHE+CLIMATE",2004,2026
"06-06","VPD",2001-06-06,1.27187645293535,0.213887260494126,2.47583677449793,0.596042317795656,0.607390668674815,0.903750905368562,1.72497993170357,1.96789273508551,1.25107693794007,"","3063686",30726,"LAC LA BICHE CLIMATE",6,2016-06-06,"DATE: Jun-06<br>Value: 1.3 kPa<br>Anomaly: 0.0 kPa<br>Weather station: ","DATE: Jun-06<br><b>Vapour pressure deficit</b><br>10-90 percentile<br>0.6 to 2.0 kPa","Historical daily maximum<br>2.5 kPa<br>2016-06-06","DATE: Jun-06</b><br>Normal: 1.3 kPa<br>Period: 1991-2020","3063686","LAC+LA+BICHE+CLIMATE",2004,2026
"06-07","TMAX",2001-06-07,19.8,8.4,27.3,5.75738655988983,11.6,16.3,22.5,26.88,18.5,"","3063686",30726,"LAC LA BICHE CLIMATE",6,2016-06-07,"DATE: Jun-07<br>Value: 18.5 °C<br>Anomaly: -1.3 °C<br>Weather station: ","DATE: Jun-07<br><b>Maximum temperature</b><br>10-90 percentile<br>11.6 to 26.9 °C","Historical daily maximum<br>27.3 °C<br>2016-06-07","DATE: Jun-07</b><br>Normal: 19.8 °C<br>Period: 1991-2020","3063686","LAC+LA+BICHE+CLIMATE",2004,2026
"06-07","TMIN",2001-06-07,6.81764705882353,-0.6,13.2,4.31671682157251,0.88,3.8,10.4,11.7,5.7,"","3063686",30726,"LAC LA BICHE CLIMATE",6,2016-06-07,"DATE: Jun-07<br>Value: 5.7 °C<br>Anomaly: -1.1 °C<br>Weather station: ","DATE: Jun-07<br><b>Minimum temperature</b><br>10-90 percentile<br>0.9 to 11.7 °C","Historical daily maximum<br>13.2 °C<br>2016-06-07","DATE: Jun-07</b><br>Normal: 6.8 °C<br>Period: 1991-2020","3063686","LAC+LA+BICHE+CLIMATE",2004,2026
"06-07","VPD",2001-06-07,1.40135804131054,0.320854157915189,2.49985584590337,0.636599400473083,0.537018643044184,1.05153886998782,1.78274982130449,2.15453941012049,1.21391288496927,"","3063686",30726,"LAC LA BICHE CLIMATE",6,2018-06-07,"DATE: Jun-07<br>Value: 1.2 kPa<br>Anomaly: -0.2 kPa<br>Weather station: ","DATE: Jun-07<br><b>Vapour pressure deficit</b><br>10-90 percentile<br>0.5 to 2.2 kPa","Historical daily maximum<br>2.5 kPa<br>2018-06-07","DATE: Jun-07</b><br>Normal: 1.4 kPa<br>Period: 1991-2020","3063686","LAC+LA+BICHE+CLIMATE",2004,2026
"06-08","TMAX",2001-06-08,18.2823529411765,11.4,27.2,4.446801560408,13.44,15,20,24.22,19.5,"","3063686",30726,"LAC LA BICHE CLIMATE",6,2017-06-08,"DATE: Jun-08<br>Value: 19.5 °C<br>Anomaly: +1.2 °C<br>Weather station: ","DATE: Jun-08<br><b>Maximum temperature</b><br>10-90 percentile<br>13.4 to 24.2 °C","Historical daily maximum<br>27.2 °C<br>2017-06-08","DATE: Jun-08</b><br>Normal: 18.3 °C<br>Period: 1991-2020","3063686","LAC+LA+BICHE+CLIMATE",2004,2026
"06-08","TMIN",2001-06-08,6.64117647058824,-1.3,13.1,4.53073653277387,1.26,4,10.5,12.78,8.9,"","3063686",30726,"LAC LA BICHE CLIMATE",6,2017-06-08,"DATE: Jun-08<br>Value: 8.9 °C<br>Anomaly: +2.3 °C<br>Weather station: ","DATE: Jun-08<br><b>Minimum temperature</b><br>10-90 percentile<br>1.3 to 12.8 °C","Historical daily maximum<br>13.1 °C<br>2017-06-08","DATE: Jun-08</b><br>Normal: 6.6 °C<br>Period: 1991-2020","3063686","LAC+LA+BICHE+CLIMATE",2004,2026
"06-08","VPD",2001-06-08,1.15374221736096,0.370859547954257,2.09979175776341,0.499142599755457,0.538951475383837,0.809528032361171,1.47204072476091,1.84152019499015,1.12655240313082,"","3063686",30726,"LAC LA BICHE CLIMATE",6,2025-06-08,"DATE: Jun-08<br>Value: 1.1 kPa<br>Anomaly: 0.0 kPa<br>Weather station: ","DATE: Jun-08<br><b>Vapour pressure deficit</b><br>10-90 percentile<br>0.5 to 1.8 kPa","Historical daily maximum<br>2.1 kPa<br>2025-06-08","DATE: Jun-08</b><br>Normal: 1.2 kPa<br>Period: 1991-2020","3063686","LAC+LA+BICHE+CLIMATE",2004,2026
"06-09","TMAX",2001-06-09,18.0294117647059,11.2,24.5,4.25231770712784,12.9,14.7,21.4,24.26,21.6,"","3063686",30726,"LAC LA BICHE CLIMATE",6,2011-06-09,"DATE: Jun-09<br>Value: 21.6 °C<br>Anomaly: +3.6 °C<br>Weather station: ","DATE: Jun-09<br><b>Maximum temperature</b><br>10-90 percentile<br>12.9 to 24.3 °C","Historical daily maximum<br>24.5 °C<br>2011-06-09","DATE: Jun-09</b><br>Normal: 18.0 °C<br>Period: 1991-2020","3063686","LAC+LA+BICHE+CLIMATE",2004,2026
"06-09","TMIN",2001-06-09,7.32941176470588,-0.9,14.2,3.94188481343036,3.1,5.3,9.1,12.18,9.4,"","3063686",30726,"LAC LA BICHE CLIMATE",6,2017-06-09,"DATE: Jun-09<br>Value: 9.4 °C<br>Anomaly: +2.1 °C<br>Weather station: ","DATE: Jun-09<br><b>Minimum temperature</b><br>10-90 percentile<br>3.1 to 12.2 °C","Historical daily maximum<br>14.2 °C<br>2017-06-09","DATE: Jun-09</b><br>Normal: 7.3 °C<br>Period: 1991-2020","3063686","LAC+LA+BICHE+CLIMATE",2004,2026
"06-09","VPD",2001-06-09,1.07387582516003,0.262236175197329,2.02360319365926,0.552701408597128,0.480923791360977,0.560745445075666,1.49052718375636,1.83394249306409,1.40069780866523,"","3063686",30726,"LAC LA BICHE CLIMATE",6,2011-06-09,"DATE: Jun-09<br>Value: 1.4 kPa<br>Anomaly: +0.3 kPa<br>Weather station: ","DATE: Jun-09<br><b>Vapour pressure deficit</b><br>10-90 percentile<br>0.5 to 1.8 kPa","Historical daily maximum<br>2.0 kPa<br>2011-06-09","DATE: Jun-09</b><br>Normal: 1.1 kPa<br>Period: 1991-2020","3063686","LAC+LA+BICHE+CLIMATE",2004,2026
"06-10","TMAX",2001-06-10,18.4588235294118,10.5,25.6,4.05401942883995,12.98,15.9,21.1,22.46,19.9,"","3063686",30726,"LAC LA BICHE CLIMATE",6,2023-06-10,"DATE: Jun-10<br>Value: 19.9 °C<br>Anomaly: +1.4 °C<br>Weather station: ","DATE: Jun-10<br><b>Maximum temperature</b><br>10-90 percentile<br>13.0 to 22.5 °C","Historical daily maximum<br>25.6 °C<br>2023-06-10","DATE: Jun-10</b><br>Normal: 18.5 °C<br>Period: 1991-2020","3063686","LAC+LA+BICHE+CLIMATE",2004,2026
"06-10","TMIN",2001-06-10,6.82352941176471,2.9,10.1,2.29551993341506,4.22,4.7,9,9.76,10.6,"","3063686",30726,"LAC LA BICHE CLIMATE",6,2023-06-10,"DATE: Jun-10<br>Value: 10.6 °C<br>Anomaly: +3.8 °C<br>Weather station: ","DATE: Jun-10<br><b>Minimum temperature</b><br>10-90 percentile<br>4.2 to 9.8 °C","Historical daily maximum<br>10.1 °C<br>2023-06-10","DATE: Jun-10</b><br>Normal: 6.8 °C<br>Period: 1991-2020","3063686","LAC+LA+BICHE+CLIMATE",2004,2026
"06-10","VPD",2001-06-10,1.17985472335656,0.314949988348813,2.12693181474013,0.565934959525622,0.481876386600922,0.653150941226415,1.58422256732737,1.90755486583928,1.04562985725175,"","3063686",30726,"LAC LA BICHE CLIMATE",6,2011-06-10,"DATE: Jun-10<br>Value: 1.0 kPa<br>Anomaly: -0.1 kPa<br>Weather station: ","DATE: Jun-10<br><b>Vapour pressure deficit</b><br>10-90 percentile<br>0.5 to 1.9 kPa","Historical daily maximum<br>2.1 kPa<br>2011-06-10","DATE: Jun-10</b><br>Normal: 1.2 kPa<br>Period: 1991-2020","3063686","LAC+LA+BICHE+CLIMATE",2004,2026
"06-11","TMAX",2001-06-11,18.4411764705882,10.2,22.4,3.73096147519802,14.1,16.3,21.3,22.28,11.2,"","3063686",30726,"LAC LA BICHE CLIMATE",6,2023-06-11,"DATE: Jun-11<br>Value: 11.2 °C<br>Anomaly: -7.2 °C<br>Weather station: ","DATE: Jun-11<br><b>Maximum temperature</b><br>10-90 percentile<br>14.1 to 22.3 °C","Historical daily maximum<br>22.4 °C<br>2023-06-11","DATE: Jun-11</b><br>Normal: 18.4 °C<br>Period: 1991-2020","3063686","LAC+LA+BICHE+CLIMATE",2004,2026
"06-11","TMIN",2001-06-11,7.16470588235294,1.9,11,2.81134780320547,3.86,5.6,9.9,10.62,7.4,"","3063686",30726,"LAC LA BICHE CLIMATE",6,2023-06-11,"DATE: Jun-11<br>Value: 7.4 °C<br>Anomaly: +0.2 °C<br>Weather station: ","DATE: Jun-11<br><b>Minimum temperature</b><br>10-90 percentile<br>3.9 to 10.6 °C","Historical daily maximum<br>11.0 °C<br>2023-06-11","DATE: Jun-11</b><br>Normal: 7.2 °C<br>Period: 1991-2020","3063686","LAC+LA+BICHE+CLIMATE",2004,2026
"06-11","VPD",2001-06-11,1.13938286932898,0.200625720114858,1.75600893034024,0.515068292459884,0.411213208836417,0.828157491643,1.52150692267788,1.67857238364511,0.300556973563399,"","3063686",30726,"LAC LA BICHE CLIMATE",6,2023-06-11,"DATE: Jun-11<br>Value: 0.3 kPa<br>Anomaly: -0.8 kPa<br>Weather station: ","DATE: Jun-11<br><b>Vapour pressure deficit</b><br>10-90 percentile<br>0.4 to 1.7 kPa","Historical daily maximum<br>1.8 kPa<br>2023-06-11","DATE: Jun-11</b><br>Normal: 1.1 kPa<br>Period: 1991-2020","3063686","LAC+LA+BICHE+CLIMATE",2004,2026
"06-12","TMAX",2001-06-12,19.7647058823529,10.4,26.2,4.65737871238621,13.42,17,23.6,25.12,17.2,"","3063686",30726,"LAC LA BICHE CLIMATE",6,2019-06-12,"DATE: Jun-12<br>Value: 17.2 °C<br>Anomaly: -2.6 °C<br>Weather station: ","DATE: Jun-12<br><b>Maximum temperature</b><br>10-90 percentile<br>13.4 to 25.1 °C","Historical daily maximum<br>26.2 °C<br>2019-06-12","DATE: Jun-12</b><br>Normal: 19.8 °C<br>Period: 1991-2020","3063686","LAC+LA+BICHE+CLIMATE",2004,2026
"06-12","TMIN",2001-06-12,7.66470588235294,3.4,12.6,2.22989382495854,4.86,6.9,8.4,10.14,8.1,"","3063686",30726,"LAC LA BICHE CLIMATE",6,2023-06-12,"DATE: Jun-12<br>Value: 8.1 °C<br>Anomaly: +0.4 °C<br>Weather station: ","DATE: Jun-12<br><b>Minimum temperature</b><br>10-90 percentile<br>4.9 to 10.1 °C","Historical daily maximum<br>12.6 °C<br>2023-06-12","DATE: Jun-12</b><br>Normal: 7.7 °C<br>Period: 1991-2020","3063686","LAC+LA+BICHE+CLIMATE",2004,2026
"06-12","VPD",2001-06-12,1.32278856714384,0.266267782921136,2.37167549549945,0.692533300588608,0.360419391026074,0.886683494648111,1.76311994519328,2.32797700022658,0.882328530925465,"","3063686",30726,"LAC LA BICHE CLIMATE",6,2019-06-12,"DATE: Jun-12<br>Value: 0.9 kPa<br>Anomaly: -0.4 kPa<br>Weather station: ","DATE: Jun-12<br><b>Vapour pressure deficit</b><br>10-90 percentile<br>0.4 to 2.3 kPa","Historical daily maximum<br>2.4 kPa<br>2019-06-12","DATE: Jun-12</b><br>Normal: 1.3 kPa<br>Period: 1991-2020","3063686","LAC+LA+BICHE+CLIMATE",2004,2026
"06-13","TMAX",2001-06-13,20.8,12.1,28.6,4.46710196883841,14.16,18.5,23,25.78,21.3,"","3063686",30726,"LAC LA BICHE CLIMATE",6,2009-06-13,"DATE: Jun-13<br>Value: 21.3 °C<br>Anomaly: +0.5 °C<br>Weather station: ","DATE: Jun-13<br><b>Maximum temperature</b><br>10-90 percentile<br>14.2 to 25.8 °C","Historical daily maximum<br>28.6 °C<br>2009-06-13","DATE: Jun-13</b><br>Normal: 20.8 °C<br>Period: 1991-2020","3063686","LAC+LA+BICHE+CLIMATE",2004,2026
"06-13","TMIN",2001-06-13,8.92941176470588,5.6,13.2,2.59874121111606,5.7,6.9,11.4,12.38,7.4,"","3063686",30726,"LAC LA BICHE CLIMATE",6,2023-06-13,"DATE: Jun-13<br>Value: 7.4 °C<br>Anomaly: -1.5 °C<br>Weather station: ","DATE: Jun-13<br><b>Minimum temperature</b><br>10-90 percentile<br>5.7 to 12.4 °C","Historical daily maximum<br>13.2 °C<br>2023-06-13","DATE: Jun-13</b><br>Normal: 8.9 °C<br>Period: 1991-2020","3063686","LAC+LA+BICHE+CLIMATE",2004,2026
"06-13","VPD",2001-06-13,1.37483395610943,0.271443399261885,2.677793776248,0.677282627307291,0.507455941431345,0.96611273978313,1.60097018410722,2.2057602576007,1.50349386720703,"","3063686",30726,"LAC LA BICHE CLIMATE",6,2009-06-13,"DATE: Jun-13<br>Value: 1.5 kPa<br>Anomaly: +0.1 kPa<br>Weather station: ","DATE: Jun-13<br><b>Vapour pressure deficit</b><br>10-90 percentile<br>0.5 to 2.2 kPa","Historical daily maximum<br>2.7 kPa<br>2009-06-13","DATE: Jun-13</b><br>Normal: 1.4 kPa<br>Period: 1991-2020","3063686","LAC+LA+BICHE+CLIMATE",2004,2026
"06-14","TMAX",2001-06-14,19.5764705882353,12.5,27.4,3.8507352239158,14.7,17.1,22.3,23.58,25.6,"","3063686",30726,"LAC LA BICHE CLIMATE",6,2009-06-14,"DATE: Jun-14<br>Value: 25.6 °C<br>Anomaly: +6.0 °C<br>Weather station: ","DATE: Jun-14<br><b>Maximum temperature</b><br>10-90 percentile<br>14.7 to 23.6 °C","Historical daily maximum<br>27.4 °C<br>2009-06-14","DATE: Jun-14</b><br>Normal: 19.6 °C<br>Period: 1991-2020","3063686","LAC+LA+BICHE+CLIMATE",2004,2026
"06-14","TMIN",2001-06-14,9.11764705882353,3.7,14.8,2.9751544695439,6.42,7.4,11.7,12.56,8.6,"","3063686",30726,"LAC LA BICHE CLIMATE",6,2020-06-14,"DATE: Jun-14<br>Value: 8.6 °C<br>Anomaly: -0.5 °C<br>Weather station: ","DATE: Jun-14<br><b>Minimum temperature</b><br>10-90 percentile<br>6.4 to 12.6 °C","Historical daily maximum<br>14.8 °C<br>2020-06-14","DATE: Jun-14</b><br>Normal: 9.1 °C<br>Period: 1991-2020","3063686","LAC+LA+BICHE+CLIMATE",2004,2026
"06-14","VPD",2001-06-14,1.15502461934482,0.310224254625241,2.61308773233712,0.525758068154651,0.64291779251718,0.913263335412215,1.28033721774865,1.65944623990963,2.16536756100558,"","3063686",30726,"LAC LA BICHE CLIMATE",6,2009-06-14,"DATE: Jun-14<br>Value: 2.2 kPa<br>Anomaly: +1.0 kPa<br>Weather station: ","DATE: Jun-14<br><b>Vapour pressure deficit</b><br>10-90 percentile<br>0.6 to 1.7 kPa","Historical daily maximum<br>2.6 kPa<br>2009-06-14","DATE: Jun-14</b><br>Normal: 1.2 kPa<br>Period: 1991-2020","3063686","LAC+LA+BICHE+CLIMATE",2004,2026
"06-15","TMAX",2001-06-15,19.7058823529412,13.8,27.3,3.14035638666921,16.3,17.2,21.5,22.14,24.9,"","3063686",30726,"LAC LA BICHE CLIMATE",6,2009-06-15,"DATE: Jun-15<br>Value: 24.9 °C<br>Anomaly: +5.2 °C<br>Weather station: ","DATE: Jun-15<br><b>Maximum temperature</b><br>10-90 percentile<br>16.3 to 22.1 °C","Historical daily maximum<br>27.3 °C<br>2009-06-15","DATE: Jun-15</b><br>Normal: 19.7 °C<br>Period: 1991-2020","3063686","LAC+LA+BICHE+CLIMATE",2004,2026
"06-15","TMIN",2001-06-15,7.81764705882353,2.5,12.6,3.01687654995147,3.9,6.2,10.3,11.8,7.8,"","3063686",30726,"LAC LA BICHE CLIMATE",6,2021-06-15,"DATE: Jun-15<br>Value: 7.8 °C<br>Anomaly: 0.0 °C<br>Weather station: ","DATE: Jun-15<br><b>Minimum temperature</b><br>10-90 percentile<br>3.9 to 11.8 °C","Historical daily maximum<br>12.6 °C<br>2021-06-15","DATE: Jun-15</b><br>Normal: 7.8 °C<br>Period: 1991-2020","3063686","LAC+LA+BICHE+CLIMATE",2004,2026
"06-15","VPD",2001-06-15,1.25448003199178,0.211978763750897,2.41697181939531,0.556219106061375,0.584883835401907,0.872016110308671,1.63609378728564,1.7637548957808,2.09071426452474,"","3063686",30726,"LAC LA BICHE CLIMATE",6,2009-06-15,"DATE: Jun-15<br>Value: 2.1 kPa<br>Anomaly: +0.8 kPa<br>Weather station: ","DATE: Jun-15<br><b>Vapour pressure deficit</b><br>10-90 percentile<br>0.6 to 1.8 kPa","Historical daily maximum<br>2.4 kPa<br>2009-06-15","DATE: Jun-15</b><br>Normal: 1.3 kPa<br>Period: 1991-2020","3063686","LAC+LA+BICHE+CLIMATE",2004,2026
"06-16","TMAX",2001-06-16,19.9176470588235,13.6,25,3.35451846285679,15.54,17.8,21.9,24.38,19.2,"","3063686",30726,"LAC LA BICHE CLIMATE",6,2006-06-16,"DATE: Jun-16<br>Value: 19.2 °C<br>Anomaly: -0.7 °C<br>Weather station: ","DATE: Jun-16<br><b>Maximum temperature</b><br>10-90 percentile<br>15.5 to 24.4 °C","Historical daily maximum<br>25.0 °C<br>2006-06-16","DATE: Jun-16</b><br>Normal: 19.9 °C<br>Period: 1991-2020","3063686","LAC+LA+BICHE+CLIMATE",2004,2026
"06-16","TMIN",2001-06-16,7.67647058823529,3.5,13,3.151890189189,3.92,4.6,10.2,11.5,12.4,"","3063686",30726,"LAC LA BICHE CLIMATE",6,2006-06-16,"DATE: Jun-16<br>Value: 12.4 °C<br>Anomaly: +4.7 °C<br>Weather station: ","DATE: Jun-16<br><b>Minimum temperature</b><br>10-90 percentile<br>3.9 to 11.5 °C","Historical daily maximum<br>13.0 °C<br>2006-06-16","DATE: Jun-16</b><br>Normal: 7.7 °C<br>Period: 1991-2020","3063686","LAC+LA+BICHE+CLIMATE",2004,2026
"06-16","VPD",2001-06-16,1.2975733730915,0.493002050912247,1.83843352844975,0.425145555955781,0.688638072651555,1.06497109410162,1.67000681474987,1.73880282536442,0.784972168641046,"","3063686",30726,"LAC LA BICHE CLIMATE",6,2025-06-16,"DATE: Jun-16<br>Value: 0.8 kPa<br>Anomaly: -0.5 kPa<br>Weather station: ","DATE: Jun-16<br><b>Vapour pressure deficit</b><br>10-90 percentile<br>0.7 to 1.7 kPa","Historical daily maximum<br>1.8 kPa<br>2025-06-16","DATE: Jun-16</b><br>Normal: 1.3 kPa<br>Period: 1991-2020","3063686","LAC+LA+BICHE+CLIMATE",2004,2026
"06-17","TMAX",2001-06-17,20.2588235294118,13.7,26.3,3.57492287041438,16.42,17.7,22.7,25.2,19.2,"","3063686",30726,"LAC LA BICHE CLIMATE",6,2019-06-17,"DATE: Jun-17<br>Value: 19.2 °C<br>Anomaly: -1.1 °C<br>Weather station: ","DATE: Jun-17<br><b>Maximum temperature</b><br>10-90 percentile<br>16.4 to 25.2 °C","Historical daily maximum<br>26.3 °C<br>2019-06-17","DATE: Jun-17</b><br>Normal: 20.3 °C<br>Period: 1991-2020","3063686","LAC+LA+BICHE+CLIMATE",2004,2026
"06-17","TMIN",2001-06-17,8.22941176470588,-0.8,11.5,3.05056648548314,5.44,7,10.4,10.84,9.7,"","3063686",30726,"LAC LA BICHE CLIMATE",6,2022-06-17,"DATE: Jun-17<br>Value: 9.7 °C<br>Anomaly: +1.5 °C<br>Weather station: ","DATE: Jun-17<br><b>Minimum temperature</b><br>10-90 percentile<br>5.4 to 10.8 °C","Historical daily maximum<br>11.5 °C<br>2022-06-17","DATE: Jun-17</b><br>Normal: 8.2 °C<br>Period: 1991-2020","3063686","LAC+LA+BICHE+CLIMATE",2004,2026
"06-17","VPD",2001-06-17,1.31622476368422,0.306479776172675,2.32004410237218,0.574737772768588,0.61876405040855,1.04933715074092,1.48661712254857,2.12943982684667,1.02146726697939,"","3063686",30726,"LAC LA BICHE CLIMATE",6,2009-06-17,"DATE: Jun-17<br>Value: 1.0 kPa<br>Anomaly: -0.3 kPa<br>Weather station: ","DATE: Jun-17<br><b>Vapour pressure deficit</b><br>10-90 percentile<br>0.6 to 2.1 kPa","Historical daily maximum<br>2.3 kPa<br>2009-06-17","DATE: Jun-17</b><br>Normal: 1.3 kPa<br>Period: 1991-2020","3063686","LAC+LA+BICHE+CLIMATE",2004,2026
"06-18","TMAX",2001-06-18,20.4125,14,27.1,3.1607752213658,17.6,18.475,21.35,24.25,17.1,"","3063686",30726,"LAC LA BICHE CLIMATE",6,2018-06-18,"DATE: Jun-18<br>Value: 17.1 °C<br>Anomaly: -3.3 °C<br>Weather station: ","DATE: Jun-18<br><b>Maximum temperature</b><br>10-90 percentile<br>17.6 to 24.2 °C","Historical daily maximum<br>27.1 °C<br>2018-06-18","DATE: Jun-18</b><br>Normal: 20.4 °C<br>Period: 1991-2020","3063686","LAC+LA+BICHE+CLIMATE",2004,2026
"06-18","TMIN",2001-06-18,9.00588235294118,5,13,2.51034623813013,5.52,6.4,10.2,12.22,9,"","3063686",30726,"LAC LA BICHE CLIMATE",6,2022-06-18,"DATE: Jun-18<br>Value: 9.0 °C<br>Anomaly: 0.0 °C<br>Weather station: ","DATE: Jun-18<br><b>Minimum temperature</b><br>10-90 percentile<br>5.5 to 12.2 °C","Historical daily maximum<br>13.0 °C<br>2022-06-18","DATE: Jun-18</b><br>Normal: 9.0 °C<br>Period: 1991-2020","3063686","LAC+LA+BICHE+CLIMATE",2004,2026
"06-18","VPD",2001-06-18,1.27974896178591,0.45054438144718,2.40685564898034,0.543713191903252,0.557981744413752,1.06290045681107,1.44909763763927,1.99467805756097,0.801982785080178,"","3063686",30726,"LAC LA BICHE CLIMATE",6,2018-06-18,"DATE: Jun-18<br>Value: 0.8 kPa<br>Anomaly: -0.5 kPa<br>Weather station: ","DATE: Jun-18<br><b>Vapour pressure deficit</b><br>10-90 percentile<br>0.6 to 2.0 kPa","Historical daily maximum<br>2.4 kPa<br>2018-06-18","DATE: Jun-18</b><br>Normal: 1.3 kPa<br>Period: 1991-2020","3063686","LAC+LA+BICHE+CLIMATE",2004,2026
"06-19","TMAX",2001-06-19,21.5823529411765,15.2,29.2,3.57722575715415,17.66,19.1,24.2,25.26,19.3,"","3063686",30726,"LAC LA BICHE CLIMATE",6,2018-06-19,"DATE: Jun-19<br>Value: 19.3 °C<br>Anomaly: -2.3 °C<br>Weather station: ","DATE: Jun-19<br><b>Maximum temperature</b><br>10-90 percentile<br>17.7 to 25.3 °C","Historical daily maximum<br>29.2 °C<br>2018-06-19","DATE: Jun-19</b><br>Normal: 21.6 °C<br>Period: 1991-2020","3063686","LAC+LA+BICHE+CLIMATE",2004,2026
"06-19","TMIN",2001-06-19,9.31764705882353,4.4,13.6,2.66276061966656,5.98,7.1,11.6,12.34,9.8,"","3063686",30726,"LAC LA BICHE CLIMATE",6,2014-06-19,"DATE: Jun-19<br>Value: 9.8 °C<br>Anomaly: +0.5 °C<br>Weather station: ","DATE: Jun-19<br><b>Minimum temperature</b><br>10-90 percentile<br>6.0 to 12.3 °C","Historical daily maximum<br>13.6 °C<br>2014-06-19","DATE: Jun-19</b><br>Normal: 9.3 °C<br>Period: 1991-2020","3063686","LAC+LA+BICHE+CLIMATE",2004,2026
"06-19","VPD",2001-06-19,1.44046872907027,0.38015101080914,2.66803434406476,0.626324244893496,0.540703712415638,1.0935852364036,1.80493215958741,2.09959491144397,1.02725609807681,"","3063686",30726,"LAC LA BICHE CLIMATE",6,2018-06-19,"DATE: Jun-19<br>Value: 1.0 kPa<br>Anomaly: -0.4 kPa<br>Weather station: ","DATE: Jun-19<br><b>Vapour pressure deficit</b><br>10-90 percentile<br>0.5 to 2.1 kPa","Historical daily maximum<br>2.7 kPa<br>2018-06-19","DATE: Jun-19</b><br>Normal: 1.4 kPa<br>Period: 1991-2020","3063686","LAC+LA+BICHE+CLIMATE",2004,2026
"06-20","TMAX",2001-06-20,21.2705882352941,15.3,29.1,3.23569248884268,18.26,19.7,22.7,24.94,14.7,"","3063686",30726,"LAC LA BICHE CLIMATE",6,2018-06-20,"DATE: Jun-20<br>Value: 14.7 °C<br>Anomaly: -6.6 °C<br>Weather station: ","DATE: Jun-20<br><b>Maximum temperature</b><br>10-90 percentile<br>18.3 to 24.9 °C","Historical daily maximum<br>29.1 °C<br>2018-06-20","DATE: Jun-20</b><br>Normal: 21.3 °C<br>Period: 1991-2020","3063686","LAC+LA+BICHE+CLIMATE",2004,2026
"06-20","TMIN",2001-06-20,8.87058823529412,4.3,13.2,2.72804066728356,5.4,7.1,11.2,11.98,9.7,"","3063686",30726,"LAC LA BICHE CLIMATE",6,2011-06-20,"DATE: Jun-20<br>Value: 9.7 °C<br>Anomaly: +0.8 °C<br>Weather station: ","DATE: Jun-20<br><b>Minimum temperature</b><br>10-90 percentile<br>5.4 to 12.0 °C","Historical daily maximum<br>13.2 °C<br>2011-06-20","DATE: Jun-20</b><br>Normal: 8.9 °C<br>Period: 1991-2020","3063686","LAC+LA+BICHE+CLIMATE",2004,2026
"06-20","VPD",2001-06-20,1.41703575966966,0.590503417483166,2.53111352050218,0.543040793250859,0.776134659551948,1.05179124967773,1.73809158252223,2.09879787723936,0.469192555823373,"","3063686",30726,"LAC LA BICHE CLIMATE",6,2018-06-20,"DATE: Jun-20<br>Value: 0.5 kPa<br>Anomaly: -0.9 kPa<br>Weather station: ","DATE: Jun-20<br><b>Vapour pressure deficit</b><br>10-90 percentile<br>0.8 to 2.1 kPa","Historical daily maximum<br>2.5 kPa<br>2018-06-20","DATE: Jun-20</b><br>Normal: 1.4 kPa<br>Period: 1991-2020","3063686","LAC+LA+BICHE+CLIMATE",2004,2026
"06-21","TMAX",2001-06-21,22.6294117647059,16.2,29.9,3.78496444928522,17.22,20.6,25.5,26.9,15.4,"","3063686",30726,"LAC LA BICHE CLIMATE",6,2018-06-21,"DATE: Jun-21<br>Value: 15.4 °C<br>Anomaly: -7.2 °C<br>Weather station: ","DATE: Jun-21<br><b>Maximum temperature</b><br>10-90 percentile<br>17.2 to 26.9 °C","Historical daily maximum<br>29.9 °C<br>2018-06-21","DATE: Jun-21</b><br>Normal: 22.6 °C<br>Period: 1991-2020","3063686","LAC+LA+BICHE+CLIMATE",2004,2026
"06-21","TMIN",2001-06-21,8.78823529411765,5.6,13.9,2.50171999655766,6.2,7.1,10,12.88,10.9,"","3063686",30726,"LAC LA BICHE CLIMATE",6,2018-06-21,"DATE: Jun-21<br>Value: 10.9 °C<br>Anomaly: +2.1 °C<br>Weather station: ","DATE: Jun-21<br><b>Minimum temperature</b><br>10-90 percentile<br>6.2 to 12.9 °C","Historical daily maximum<br>13.9 °C<br>2018-06-21","DATE: Jun-21</b><br>Normal: 8.8 °C<br>Period: 1991-2020","3063686","LAC+LA+BICHE+CLIMATE",2004,2026
"06-21","VPD",2001-06-21,1.66100064279653,0.363357005174512,2.63052805191019,0.64665013519014,0.922886459276144,1.26109072384347,2.17588716214729,2.44132360788702,0.445748054300015,"","3063686",30726,"LAC LA BICHE CLIMATE",6,2018-06-21,"DATE: Jun-21<br>Value: 0.4 kPa<br>Anomaly: -1.2 kPa<br>Weather station: ","DATE: Jun-21<br><b>Vapour pressure deficit</b><br>10-90 percentile<br>0.9 to 2.4 kPa","Historical daily maximum<br>2.6 kPa<br>2018-06-21","DATE: Jun-21</b><br>Normal: 1.7 kPa<br>Period: 1991-2020","3063686","LAC+LA+BICHE+CLIMATE",2004,2026
"06-22","TMAX",2001-06-22,21.475,16,28.4,3.49847585861805,17.95,18.75,23.6,25.6,18.8,"","3063686",30726,"LAC LA BICHE CLIMATE",6,2018-06-22,"DATE: Jun-22<br>Value: 18.8 °C<br>Anomaly: -2.7 °C<br>Weather station: ","DATE: Jun-22<br><b>Maximum temperature</b><br>10-90 percentile<br>17.9 to 25.6 °C","Historical daily maximum<br>28.4 °C<br>2018-06-22","DATE: Jun-22</b><br>Normal: 21.5 °C<br>Period: 1991-2020","3063686","LAC+LA+BICHE+CLIMATE",2004,2026
"06-22","TMIN",2001-06-22,8.99375,4,14,2.74868908148351,5.55,7.55,10.95,12.25,9.6,"","3063686",30726,"LAC LA BICHE CLIMATE",6,2018-06-22,"DATE: Jun-22<br>Value: 9.6 °C<br>Anomaly: +0.6 °C<br>Weather station: ","DATE: Jun-22<br><b>Minimum temperature</b><br>10-90 percentile<br>5.5 to 12.2 °C","Historical daily maximum<br>14.0 °C<br>2018-06-22","DATE: Jun-22</b><br>Normal: 9.0 °C<br>Period: 1991-2020","3063686","LAC+LA+BICHE+CLIMATE",2004,2026
"06-22","VPD",2001-06-22,1.4456247710483,0.703163964772501,2.37954198236166,0.531630794567292,0.828489305669922,1.06540922777927,1.8069999811228,2.19468273169069,0.974691406719853,"","3063686",30726,"LAC LA BICHE CLIMATE",6,2021-06-22,"DATE: Jun-22<br>Value: 1.0 kPa<br>Anomaly: -0.5 kPa<br>Weather station: ","DATE: Jun-22<br><b>Vapour pressure deficit</b><br>10-90 percentile<br>0.8 to 2.2 kPa","Historical daily maximum<br>2.4 kPa<br>2021-06-22","DATE: Jun-22</b><br>Normal: 1.4 kPa<br>Period: 1991-2020","3063686","LAC+LA+BICHE+CLIMATE",2004,2026
"06-23","TMAX",2001-06-23,22,12.4,26.8,3.92985368684382,16.9,21.2,25.3,25.66,22.6,"","3063686",30726,"LAC LA BICHE CLIMATE",6,2011-06-23,"DATE: Jun-23<br>Value: 22.6 °C<br>Anomaly: +0.6 °C<br>Weather station: ","DATE: Jun-23<br><b>Maximum temperature</b><br>10-90 percentile<br>16.9 to 25.7 °C","Historical daily maximum<br>26.8 °C<br>2011-06-23","DATE: Jun-23</b><br>Normal: 22.0 °C<br>Period: 1991-2020","3063686","LAC+LA+BICHE+CLIMATE",2004,2026
"06-23","TMIN",2001-06-23,8.72941176470588,2.7,15.7,3.61157249440641,4.66,5.7,11.4,12.86,6.9,"","3063686",30726,"LAC LA BICHE CLIMATE",6,2018-06-23,"DATE: Jun-23<br>Value: 6.9 °C<br>Anomaly: -1.8 °C<br>Weather station: ","DATE: Jun-23<br><b>Minimum temperature</b><br>10-90 percentile<br>4.7 to 12.9 °C","Historical daily maximum<br>15.7 °C<br>2018-06-23","DATE: Jun-23</b><br>Normal: 8.7 °C<br>Period: 1991-2020","3063686","LAC+LA+BICHE+CLIMATE",2004,2026
"06-23","VPD",2001-06-23,1.54759709642779,0.424288257418857,2.30396139098442,0.52251701326402,0.893772988845189,1.31206136393381,1.81606014385395,2.2587195137344,1.74718073913836,"","3063686",30726,"LAC LA BICHE CLIMATE",6,2011-06-23,"DATE: Jun-23<br>Value: 1.7 kPa<br>Anomaly: +0.2 kPa<br>Weather station: ","DATE: Jun-23<br><b>Vapour pressure deficit</b><br>10-90 percentile<br>0.9 to 2.3 kPa","Historical daily maximum<br>2.3 kPa<br>2011-06-23","DATE: Jun-23</b><br>Normal: 1.5 kPa<br>Period: 1991-2020","3063686","LAC+LA+BICHE+CLIMATE",2004,2026
"06-24","TMAX",2001-06-24,22.4882352941176,16.7,28.8,3.51743556318754,17.9,19.5,25,26.26,24.3,"","3063686",30726,"LAC LA BICHE CLIMATE",6,2018-06-24,"DATE: Jun-24<br>Value: 24.3 °C<br>Anomaly: +1.8 °C<br>Weather station: ","DATE: Jun-24<br><b>Maximum temperature</b><br>10-90 percentile<br>17.9 to 26.3 °C","Historical daily maximum<br>28.8 °C<br>2018-06-24","DATE: Jun-24</b><br>Normal: 22.5 °C<br>Period: 1991-2020","3063686","LAC+LA+BICHE+CLIMATE",2004,2026
"06-24","TMIN",2001-06-24,8.62941176470588,1.8,13.5,3.95660282089989,3.78,4.5,12.2,13.02,9.6,"","3063686",30726,"LAC LA BICHE CLIMATE",6,2018-06-24,"DATE: Jun-24<br>Value: 9.6 °C<br>Anomaly: +1.0 °C<br>Weather station: ","DATE: Jun-24<br><b>Minimum temperature</b><br>10-90 percentile<br>3.8 to 13.0 °C","Historical daily maximum<br>13.5 °C<br>2018-06-24","DATE: Jun-24</b><br>Normal: 8.6 °C<br>Period: 1991-2020","3063686","LAC+LA+BICHE+CLIMATE",2004,2026
"06-24","VPD",2001-06-24,1.62231697831949,0.489356176390099,2.51722687884007,0.60868699873333,0.81328740686887,1.29328088891368,2.03580053997971,2.36716830816205,1.84263828042777,"","3063686",30726,"LAC LA BICHE CLIMATE",6,2015-06-24,"DATE: Jun-24<br>Value: 1.8 kPa<br>Anomaly: +0.2 kPa<br>Weather station: ","DATE: Jun-24<br><b>Vapour pressure deficit</b><br>10-90 percentile<br>0.8 to 2.4 kPa","Historical daily maximum<br>2.5 kPa<br>2015-06-24","DATE: Jun-24</b><br>Normal: 1.6 kPa<br>Period: 1991-2020","3063686","LAC+LA+BICHE+CLIMATE",2004,2026
"06-25","TMAX",2001-06-25,22.5941176470588,14.6,30,4.31197034258054,16.48,20.5,25.4,28,25.2,"","3063686",30726,"LAC LA BICHE CLIMATE",6,2015-06-25,"DATE: Jun-25<br>Value: 25.2 °C<br>Anomaly: +2.6 °C<br>Weather station: ","DATE: Jun-25<br><b>Maximum temperature</b><br>10-90 percentile<br>16.5 to 28.0 °C","Historical daily maximum<br>30.0 °C<br>2015-06-25","DATE: Jun-25</b><br>Normal: 22.6 °C<br>Period: 1991-2020","3063686","LAC+LA+BICHE+CLIMATE",2004,2026
"06-25","TMIN",2001-06-25,10.6058823529412,2.2,14.3,3.05766875826897,8.04,8.8,13.1,13.84,13,"","3063686",30726,"LAC LA BICHE CLIMATE",6,2021-06-25,"DATE: Jun-25<br>Value: 13.0 °C<br>Anomaly: +2.4 °C<br>Weather station: ","DATE: Jun-25<br><b>Minimum temperature</b><br>10-90 percentile<br>8.0 to 13.8 °C","Historical daily maximum<br>14.3 °C<br>2021-06-25","DATE: Jun-25</b><br>Normal: 10.6 °C<br>Period: 1991-2020","3063686","LAC+LA+BICHE+CLIMATE",2004,2026
"06-25","VPD",2001-06-25,1.51831624556104,0.529281599650271,3.10273736090939,0.710630567393953,0.698138307115331,1.04564543488954,1.98617385206523,2.26564115525241,1.70794134015871,"","3063686",30726,"LAC LA BICHE CLIMATE",6,2015-06-25,"DATE: Jun-25<br>Value: 1.7 kPa<br>Anomaly: +0.2 kPa<br>Weather station: ","DATE: Jun-25<br><b>Vapour pressure deficit</b><br>10-90 percentile<br>0.7 to 2.3 kPa","Historical daily maximum<br>3.1 kPa<br>2015-06-25","DATE: Jun-25</b><br>Normal: 1.5 kPa<br>Period: 1991-2020","3063686","LAC+LA+BICHE+CLIMATE",2004,2026
"06-26","TMAX",2001-06-26,21.6875,16.7,28.4,3.73575070545845,17.25,18.05,24.575,26.35,25.7,"","3063686",30726,"LAC LA BICHE CLIMATE",6,2021-06-26,"DATE: Jun-26<br>Value: 25.7 °C<br>Anomaly: +4.0 °C<br>Weather station: ","DATE: Jun-26<br><b>Maximum temperature</b><br>10-90 percentile<br>17.2 to 26.4 °C","Historical daily maximum<br>28.4 °C<br>2021-06-26","DATE: Jun-26</b><br>Normal: 21.7 °C<br>Period: 1991-2020","3063686","LAC+LA+BICHE+CLIMATE",2004,2026
"06-26","TMIN",2001-06-26,10.35,4.5,15.2,2.98953731091173,6.7,8.775,12.625,13.9,15.2,"","3063686",30726,"LAC LA BICHE CLIMATE",6,2015-06-26,"DATE: Jun-26<br>Value: 15.2 °C<br>Anomaly: +4.8 °C<br>Weather station: ","DATE: Jun-26<br><b>Minimum temperature</b><br>10-90 percentile<br>6.7 to 13.9 °C","Historical daily maximum<br>15.2 °C<br>2015-06-26","DATE: Jun-26</b><br>Normal: 10.3 °C<br>Period: 1991-2020","3063686","LAC+LA+BICHE+CLIMATE",2004,2026
"06-26","VPD",2001-06-26,1.37271540677738,0.491015064192786,2.6273787740174,0.591609725813133,0.788115560115268,0.965822098026631,1.80600114472395,2.09390145920865,1.57485746412342,"","3063686",30726,"LAC LA BICHE CLIMATE",6,2021-06-26,"DATE: Jun-26<br>Value: 1.6 kPa<br>Anomaly: +0.2 kPa<br>Weather station: ","DATE: Jun-26<br><b>Vapour pressure deficit</b><br>10-90 percentile<br>0.8 to 2.1 kPa","Historical daily maximum<br>2.6 kPa<br>2021-06-26","DATE: Jun-26</b><br>Normal: 1.4 kPa<br>Period: 1991-2020","3063686","LAC+LA+BICHE+CLIMATE",2004,2026
"06-27","TMAX",2001-06-27,22.7823529411765,15.4,30.6,4.22703135990816,18.02,19.4,24.9,28.2,20.6,"","3063686",30726,"LAC LA BICHE CLIMATE",6,2006-06-27,"DATE: Jun-27<br>Value: 20.6 °C<br>Anomaly: -2.2 °C<br>Weather station: ","DATE: Jun-27<br><b>Maximum temperature</b><br>10-90 percentile<br>18.0 to 28.2 °C","Historical daily maximum<br>30.6 °C<br>2006-06-27","DATE: Jun-27</b><br>Normal: 22.8 °C<br>Period: 1991-2020","3063686","LAC+LA+BICHE+CLIMATE",2004,2026
"06-27","TMIN",2001-06-27,10.0588235294118,5.8,14.5,2.43902101864903,6.62,9.3,11.6,12.82,16.6,"","3063686",30726,"LAC LA BICHE CLIMATE",6,2026-06-27,"DATE: Jun-27<br>Value: 16.6 °C<br>Anomaly: +6.5 °C<br>Weather station: ","DATE: Jun-27<br><b>Minimum temperature</b><br>10-90 percentile<br>6.6 to 12.8 °C","Historical daily maximum<br>14.5 °C<br>2026-06-27","DATE: Jun-27</b><br>Normal: 10.1 °C<br>Period: 1991-2020","3063686","LAC+LA+BICHE+CLIMATE",2004,2026
"06-27","VPD",2001-06-27,1.60189576541269,0.513546284459143,2.82949126284715,0.689997050119392,0.711759296855103,1.16674493212124,2.0160796188193,2.4162610375617,0.537400184464493,"","3063686",30726,"LAC LA BICHE CLIMATE",6,2015-06-27,"DATE: Jun-27<br>Value: 0.5 kPa<br>Anomaly: -1.1 kPa<br>Weather station: ","DATE: Jun-27<br><b>Vapour pressure deficit</b><br>10-90 percentile<br>0.7 to 2.4 kPa","Historical daily maximum<br>2.8 kPa<br>2015-06-27","DATE: Jun-27</b><br>Normal: 1.6 kPa<br>Period: 1991-2020","3063686","LAC+LA+BICHE+CLIMATE",2004,2026
"06-28","TMAX",2001-06-28,23.6058823529412,17.4,31.7,4.23917306031425,17.9,20.4,27,27.6,27,"","3063686",30726,"LAC LA BICHE CLIMATE",6,2021-06-28,"DATE: Jun-28<br>Value: 27.0 °C<br>Anomaly: +3.4 °C<br>Weather station: ","DATE: Jun-28<br><b>Maximum temperature</b><br>10-90 percentile<br>17.9 to 27.6 °C","Historical daily maximum<br>31.7 °C<br>2021-06-28","DATE: Jun-28</b><br>Normal: 23.6 °C<br>Period: 1991-2020","3063686","LAC+LA+BICHE+CLIMATE",2004,2026
"06-28","TMIN",2001-06-28,10.8294117647059,7.1,16.9,2.64073017977092,7.54,8.9,11.6,13.92,15.8,"","3063686",30726,"LAC LA BICHE CLIMATE",6,2006-06-28,"DATE: Jun-28<br>Value: 15.8 °C<br>Anomaly: +5.0 °C<br>Weather station: ","DATE: Jun-28<br><b>Minimum temperature</b><br>10-90 percentile<br>7.5 to 13.9 °C","Historical daily maximum<br>16.9 °C<br>2006-06-28","DATE: Jun-28</b><br>Normal: 10.8 °C<br>Period: 1991-2020","3063686","LAC+LA+BICHE+CLIMATE",2004,2026
"06-28","VPD",2001-06-28,1.67758871976315,0.768129387238177,2.90241270882343,0.694664629708954,0.961853092819297,1.03982463006631,2.3217546609482,2.56976957867295,1.77015189412413,"","3063686",30726,"LAC LA BICHE CLIMATE",6,2021-06-28,"DATE: Jun-28<br>Value: 1.8 kPa<br>Anomaly: +0.1 kPa<br>Weather station: ","DATE: Jun-28<br><b>Vapour pressure deficit</b><br>10-90 percentile<br>1.0 to 2.6 kPa","Historical daily maximum<br>2.9 kPa<br>2021-06-28","DATE: Jun-28</b><br>Normal: 1.7 kPa<br>Period: 1991-2020","3063686","LAC+LA+BICHE+CLIMATE",2004,2026
"06-29","TMAX",2001-06-29,23.6823529411765,19,28.7,2.83972606383909,20.24,21.6,25.2,27.42,27.3,"","3063686",30726,"LAC LA BICHE CLIMATE",6,2023-06-29,"DATE: Jun-29<br>Value: 27.3 °C<br>Anomaly: +3.6 °C<br>Weather station: ","DATE: Jun-29<br><b>Maximum temperature</b><br>10-90 percentile<br>20.2 to 27.4 °C","Historical daily maximum<br>28.7 °C<br>2023-06-29","DATE: Jun-29</b><br>Normal: 23.7 °C<br>Period: 1991-2020","3063686","LAC+LA+BICHE+CLIMATE",2004,2026
"06-29","TMIN",2001-06-29,10.7588235294118,4.4,15.4,2.96185305668795,6.72,8.9,13,13.22,15.7,"","3063686",30726,"LAC LA BICHE CLIMATE",6,2026-06-29,"DATE: Jun-29<br>Value: 15.7 °C<br>Anomaly: +4.9 °C<br>Weather station: ","DATE: Jun-29<br><b>Minimum temperature</b><br>10-90 percentile<br>6.7 to 13.2 °C","Historical daily maximum<br>15.4 °C<br>2026-06-29","DATE: Jun-29</b><br>Normal: 10.8 °C<br>Period: 1991-2020","3063686","LAC+LA+BICHE+CLIMATE",2004,2026
"06-29","VPD",2001-06-29,1.65084678376679,0.984971277961542,2.42306506899812,0.398254202695211,1.17035096330221,1.48111978587674,1.77678907393419,2.20995504275907,1.84483801475019,"","3063686",30726,"LAC LA BICHE CLIMATE",6,2015-06-29,"DATE: Jun-29<br>Value: 1.8 kPa<br>Anomaly: +0.2 kPa<br>Weather station: ","DATE: Jun-29<br><b>Vapour pressure deficit</b><br>10-90 percentile<br>1.2 to 2.2 kPa","Historical daily maximum<br>2.4 kPa<br>2015-06-29","DATE: Jun-29</b><br>Normal: 1.7 kPa<br>Period: 1991-2020","3063686","LAC+LA+BICHE+CLIMATE",2004,2026
"06-30","TMAX",2001-06-30,23.3235294117647,17.9,28.9,2.94820483764373,20.06,21.4,25.3,26.58,23.8,"","3063686",30726,"LAC LA BICHE CLIMATE",6,2021-06-30,"DATE: Jun-30<br>Value: 23.8 °C<br>Anomaly: +0.5 °C<br>Weather station: ","DATE: Jun-30<br><b>Maximum temperature</b><br>10-90 percentile<br>20.1 to 26.6 °C","Historical daily maximum<br>28.9 °C<br>2021-06-30","DATE: Jun-30</b><br>Normal: 23.3 °C<br>Period: 1991-2020","3063686","LAC+LA+BICHE+CLIMATE",2004,2026
"06-30","TMIN",2001-06-30,11.3823529411765,5.6,15.6,2.84654072826072,8.52,9.3,13,15.04,14.8,"","3063686",30726,"LAC LA BICHE CLIMATE",6,2021-06-30,"DATE: Jun-30<br>Value: 14.8 °C<br>Anomaly: +3.4 °C<br>Weather station: ","DATE: Jun-30<br><b>Minimum temperature</b><br>10-90 percentile<br>8.5 to 15.0 °C","Historical daily maximum<br>15.6 °C<br>2021-06-30","DATE: Jun-30</b><br>Normal: 11.4 °C<br>Period: 1991-2020","3063686","LAC+LA+BICHE+CLIMATE",2004,2026
"06-30","VPD",2001-06-30,1.5360602602663,0.732851508762711,2.4848162629043,0.474540770678165,1.12419149034128,1.24757834658178,1.65998014755494,2.22234512750154,1.264772776989,"","3063686",30726,"LAC LA BICHE CLIMATE",6,2021-06-30,"DATE: Jun-30<br>Value: 1.3 kPa<br>Anomaly: -0.3 kPa<br>Weather station: ","DATE: Jun-30<br><b>Vapour pressure deficit</b><br>10-90 percentile<br>1.1 to 2.2 kPa","Historical daily maximum<br>2.5 kPa<br>2021-06-30","DATE: Jun-30</b><br>Normal: 1.5 kPa<br>Period: 1991-2020","3063686","LAC+LA+BICHE+CLIMATE",2004,2026
"07-01","TMAX",2001-07-01,22.3294117647059,16.9,29.5,3.15867153758553,19.48,19.8,24.4,25.48,25.1,"","3063686",30726,"LAC LA BICHE CLIMATE",7,2021-07-01,"DATE: Jul-01<br>Value: 25.1 °C<br>Anomaly: +2.8 °C<br>Weather station: ","DATE: Jul-01<br><b>Maximum temperature</b><br>10-90 percentile<br>19.5 to 25.5 °C","Historical daily maximum<br>29.5 °C<br>2021-07-01","DATE: Jul-01</b><br>Normal: 22.3 °C<br>Period: 1991-2020","3063686","LAC+LA+BICHE+CLIMATE",2004,2026
"07-01","TMIN",2001-07-01,10.5647058823529,5.3,15.7,3.09191307616955,6.02,9.3,13.2,13.8,12.4,"","3063686",30726,"LAC LA BICHE CLIMATE",7,2021-07-01,"DATE: Jul-01<br>Value: 12.4 °C<br>Anomaly: +1.8 °C<br>Weather station: ","DATE: Jul-01<br><b>Minimum temperature</b><br>10-90 percentile<br>6.0 to 13.8 °C","Historical daily maximum<br>15.7 °C<br>2021-07-01","DATE: Jul-01</b><br>Normal: 10.6 °C<br>Period: 1991-2020","3063686","LAC+LA+BICHE+CLIMATE",2004,2026
"07-01","VPD",2001-07-01,1.44181775689335,0.780702929866141,2.51387703020579,0.431813178622332,0.915956808908816,1.10946943417624,1.69633731056742,1.80113180792518,1.74670681250824,"","3063686",30726,"LAC LA BICHE CLIMATE",7,2021-07-01,"DATE: Jul-01<br>Value: 1.7 kPa<br>Anomaly: +0.3 kPa<br>Weather station: ","DATE: Jul-01<br><b>Vapour pressure deficit</b><br>10-90 percentile<br>0.9 to 1.8 kPa","Historical daily maximum<br>2.5 kPa<br>2021-07-01","DATE: Jul-01</b><br>Normal: 1.4 kPa<br>Period: 1991-2020","3063686","LAC+LA+BICHE+CLIMATE",2004,2026
"07-02","TMAX",2001-07-02,23.6764705882353,15.7,31.6,4.30385429176057,18.38,20.7,26.4,28.44,NA,NA,NA,NA,NA,7,2013-07-02,"","DATE: Jul-02<br><b>Maximum temperature</b><br>10-90 percentile<br>18.4 to 28.4 °C","Historical daily maximum<br>31.6 °C<br>2013-07-02","DATE: Jul-02</b><br>Normal: 23.7 °C<br>Period: 1991-2020","3063686","LAC+LA+BICHE+CLIMATE",2004,2026
"07-02","TMIN",2001-07-02,10.6294117647059,5,16.2,3.10559267811362,6.86,9.1,12.6,14.74,NA,NA,NA,NA,NA,7,2021-07-02,"","DATE: Jul-02<br><b>Minimum temperature</b><br>10-90 percentile<br>6.9 to 14.7 °C","Historical daily maximum<br>16.2 °C<br>2021-07-02","DATE: Jul-02</b><br>Normal: 10.6 °C<br>Period: 1991-2020","3063686","LAC+LA+BICHE+CLIMATE",2004,2026
"07-02","VPD",2001-07-02,1.70339500903303,0.51401893994949,2.87706921318787,0.671496558993327,0.829482823924706,1.30356941055405,2.12903229542255,2.45990148307371,NA,NA,NA,NA,NA,7,2015-07-02,"","DATE: Jul-02<br><b>Vapour pressure deficit</b><br>10-90 percentile<br>0.8 to 2.5 kPa","Historical daily maximum<br>2.9 kPa<br>2015-07-02","DATE: Jul-02</b><br>Normal: 1.7 kPa<br>Period: 1991-2020","3063686","LAC+LA+BICHE+CLIMATE",2004,2026
"07-03","TMAX",2001-07-03,22.9352941176471,17.3,28.7,4.14697799253724,17.68,19.4,26.1,28.54,21.1,"","3063686",30726,"LAC LA BICHE CLIMATE",7,2006-07-03,"DATE: Jul-03<br>Value: 21.1 °C<br>Anomaly: -1.8 °C<br>Weather station: ","DATE: Jul-03<br><b>Maximum temperature</b><br>10-90 percentile<br>17.7 to 28.5 °C","Historical daily maximum<br>28.7 °C<br>2006-07-03","DATE: Jul-03</b><br>Normal: 22.9 °C<br>Period: 1991-2020","3063686","LAC+LA+BICHE+CLIMATE",2004,2026
"07-03","TMIN",2001-07-03,11.5647058823529,7.8,15.7,2.13598372432662,9.66,10,13.3,14.4,12.7,"","3063686",30726,"LAC LA BICHE CLIMATE",7,2021-07-03,"DATE: Jul-03<br>Value: 12.7 °C<br>Anomaly: +1.1 °C<br>Weather station: ","DATE: Jul-03<br><b>Minimum temperature</b><br>10-90 percentile<br>9.7 to 14.4 °C","Historical daily maximum<br>15.7 °C<br>2021-07-03","DATE: Jul-03</b><br>Normal: 11.6 °C<br>Period: 1991-2020","3063686","LAC+LA+BICHE+CLIMATE",2004,2026
"07-03","VPD",2001-07-03,1.49713473203676,0.746914238858793,2.69223634756056,0.653545862751524,0.833474602730959,0.944999953477112,2.15339919250672,2.3521442397395,1.03369231355253,"","3063686",30726,"LAC LA BICHE CLIMATE",7,2006-07-03,"DATE: Jul-03<br>Value: 1.0 kPa<br>Anomaly: -0.5 kPa<br>Weather station: ","DATE: Jul-03<br><b>Vapour pressure deficit</b><br>10-90 percentile<br>0.8 to 2.4 kPa","Historical daily maximum<br>2.7 kPa<br>2006-07-03","DATE: Jul-03</b><br>Normal: 1.5 kPa<br>Period: 1991-2020","3063686","LAC+LA+BICHE+CLIMATE",2004,2026
"07-04","TMAX",2001-07-04,22.8647058823529,19,29.4,3.17607091712201,19.92,20.4,24.8,27.14,21.2,"","3063686",30726,"LAC LA BICHE CLIMATE",7,2006-07-04,"DATE: Jul-04<br>Value: 21.2 °C<br>Anomaly: -1.7 °C<br>Weather station: ","DATE: Jul-04<br><b>Maximum temperature</b><br>10-90 percentile<br>19.9 to 27.1 °C","Historical daily maximum<br>29.4 °C<br>2006-07-04","DATE: Jul-04</b><br>Normal: 22.9 °C<br>Period: 1991-2020","3063686","LAC+LA+BICHE+CLIMATE",2004,2026
"07-04","TMIN",2001-07-04,10.6647058823529,4.3,14.6,2.51195670157514,8.18,8.8,11.7,13.38,10.6,"","3063686",30726,"LAC LA BICHE CLIMATE",7,2008-07-04,"DATE: Jul-04<br>Value: 10.6 °C<br>Anomaly: -0.1 °C<br>Weather station: ","DATE: Jul-04<br><b>Minimum temperature</b><br>10-90 percentile<br>8.2 to 13.4 °C","Historical daily maximum<br>14.6 °C<br>2008-07-04","DATE: Jul-04</b><br>Normal: 10.7 °C<br>Period: 1991-2020","3063686","LAC+LA+BICHE+CLIMATE",2004,2026
"07-04","VPD",2001-07-04,1.53234780382756,0.963222844623518,2.63057771220484,0.47590352701307,1.06651159756196,1.15260257348065,1.81420250224525,2.14064352211726,1.23950658552086,"","3063686",30726,"LAC LA BICHE CLIMATE",7,2006-07-04,"DATE: Jul-04<br>Value: 1.2 kPa<br>Anomaly: -0.3 kPa<br>Weather station: ","DATE: Jul-04<br><b>Vapour pressure deficit</b><br>10-90 percentile<br>1.1 to 2.1 kPa","Historical daily maximum<br>2.6 kPa<br>2006-07-04","DATE: Jul-04</b><br>Normal: 1.5 kPa<br>Period: 1991-2020","3063686","LAC+LA+BICHE+CLIMATE",2004,2026
"07-05","TMAX",2001-07-05,23.1941176470588,17.7,32.6,4.0814321304285,19.34,20.5,24.8,28.76,20.3,"","3063686",30726,"LAC LA BICHE CLIMATE",7,2006-07-05,"DATE: Jul-05<br>Value: 20.3 °C<br>Anomaly: -2.9 °C<br>Weather station: ","DATE: Jul-05<br><b>Maximum temperature</b><br>10-90 percentile<br>19.3 to 28.8 °C","Historical daily maximum<br>32.6 °C<br>2006-07-05","DATE: Jul-05</b><br>Normal: 23.2 °C<br>Period: 1991-2020","3063686","LAC+LA+BICHE+CLIMATE",2004,2026
"07-05","TMIN",2001-07-05,10.6764705882353,4.4,15,2.78534769188801,6.86,9.7,12.4,13.44,10,"","3063686",30726,"LAC LA BICHE CLIMATE",7,2006-07-05,"DATE: Jul-05<br>Value: 10.0 °C<br>Anomaly: -0.7 °C<br>Weather station: ","DATE: Jul-05<br><b>Minimum temperature</b><br>10-90 percentile<br>6.9 to 13.4 °C","Historical daily maximum<br>15.0 °C<br>2006-07-05","DATE: Jul-05</b><br>Normal: 10.7 °C<br>Period: 1991-2020","3063686","LAC+LA+BICHE+CLIMATE",2004,2026
"07-05","VPD",2001-07-05,1.6154435349689,0.657871661805056,3.21303504006049,0.747468960586384,0.875434577218391,1.07457922242067,2.0791893620907,2.59012055840141,1.15409671793854,"","3063686",30726,"LAC LA BICHE CLIMATE",7,2006-07-05,"DATE: Jul-05<br>Value: 1.2 kPa<br>Anomaly: -0.5 kPa<br>Weather station: ","DATE: Jul-05<br><b>Vapour pressure deficit</b><br>10-90 percentile<br>0.9 to 2.6 kPa","Historical daily maximum<br>3.2 kPa<br>2006-07-05","DATE: Jul-05</b><br>Normal: 1.6 kPa<br>Period: 1991-2020","3063686","LAC+LA+BICHE+CLIMATE",2004,2026
"07-06","TMAX",2001-07-06,23.1,15.5,28.4,2.89028545303055,20.44,21.8,24.6,25.54,22.8,NA,"3063686",30726,"LAC LA BICHE CLIMATE",7,2018-07-06,"DATE: Jul-06<br>Value: 22.8 °C<br>Anomaly: -0.3 °C<br>Weather station: NA","DATE: Jul-06<br><b>Maximum temperature</b><br>10-90 percentile<br>20.4 to 25.5 °C","Historical daily maximum<br>28.4 °C<br>2018-07-06","DATE: Jul-06</b><br>Normal: 23.1 °C<br>Period: 1991-2020","3063686","LAC+LA+BICHE+CLIMATE",2004,2026
"07-06","TMIN",2001-07-06,10.3823529411765,6.1,14.2,2.57784679871537,7.54,7.9,12.7,13.7,8.8,NA,"3063686",30726,"LAC LA BICHE CLIMATE",7,2006-07-06,"DATE: Jul-06<br>Value: 8.8 °C<br>Anomaly: -1.6 °C<br>Weather station: NA","DATE: Jul-06<br><b>Minimum temperature</b><br>10-90 percentile<br>7.5 to 13.7 °C","Historical daily maximum<br>14.2 °C<br>2006-07-06","DATE: Jul-06</b><br>Normal: 10.4 °C<br>Period: 1991-2020","3063686","LAC+LA+BICHE+CLIMATE",2004,2026
"07-06","VPD",2001-07-06,1.58563293605241,0.404037117741027,2.30650056619185,0.488354990082549,1.03962947826016,1.31422864073186,1.77161583021241,2.17919363213961,1.64299045235885,NA,"3063686",30726,"LAC LA BICHE CLIMATE",7,2017-07-06,"DATE: Jul-06<br>Value: 1.6 kPa<br>Anomaly: +0.1 kPa<br>Weather station: NA","DATE: Jul-06<br><b>Vapour pressure deficit</b><br>10-90 percentile<br>1.0 to 2.2 kPa","Historical daily maximum<br>2.3 kPa<br>2017-07-06","DATE: Jul-06</b><br>Normal: 1.6 kPa<br>Period: 1991-2020","3063686","LAC+LA+BICHE+CLIMATE",2004,2026
"07-07","TMAX",2001-07-07,21.8058823529412,17.3,27.7,3.11818669025671,18.1,19.2,23.2,25.96,25.5,NA,"3063686",30726,"LAC LA BICHE CLIMATE",7,2012-07-07,"DATE: Jul-07<br>Value: 25.5 °C<br>Anomaly: +3.7 °C<br>Weather station: NA","DATE: Jul-07<br><b>Maximum temperature</b><br>10-90 percentile<br>18.1 to 26.0 °C","Historical daily maximum<br>27.7 °C<br>2012-07-07","DATE: Jul-07</b><br>Normal: 21.8 °C<br>Period: 1991-2020","3063686","LAC+LA+BICHE+CLIMATE",2004,2026
"07-07","TMIN",2001-07-07,10.5941176470588,7.8,14.4,2.05562356361619,8.42,9,12.2,13.26,12.4,NA,"3063686",30726,"LAC LA BICHE CLIMATE",7,2019-07-07,"DATE: Jul-07<br>Value: 12.4 °C<br>Anomaly: +1.8 °C<br>Weather station: NA","DATE: Jul-07<br><b>Minimum temperature</b><br>10-90 percentile<br>8.4 to 13.3 °C","Historical daily maximum<br>14.4 °C<br>2019-07-07","DATE: Jul-07</b><br>Normal: 10.6 °C<br>Period: 1991-2020","3063686","LAC+LA+BICHE+CLIMATE",2004,2026
"07-07","VPD",2001-07-07,1.36455347415076,0.462668645596217,2.65615996622064,0.604438840750814,0.617330869519868,0.928323444277144,1.68776354789084,2.0953548741948,1.8233676696277,NA,"3063686",30726,"LAC LA BICHE CLIMATE",7,2012-07-07,"DATE: Jul-07<br>Value: 1.8 kPa<br>Anomaly: +0.5 kPa<br>Weather station: NA","DATE: Jul-07<br><b>Vapour pressure deficit</b><br>10-90 percentile<br>0.6 to 2.1 kPa","Historical daily maximum<br>2.7 kPa<br>2012-07-07","DATE: Jul-07</b><br>Normal: 1.4 kPa<br>Period: 1991-2020","3063686","LAC+LA+BICHE+CLIMATE",2004,2026
"07-08","TMAX",2001-07-08,22.8470588235294,17.7,29.5,3.30210494364179,19.92,20.5,24.1,27.96,23.5,NA,"3063686",30726,"LAC LA BICHE CLIMATE",7,2021-07-08,"DATE: Jul-08<br>Value: 23.5 °C<br>Anomaly: +0.7 °C<br>Weather station: NA","DATE: Jul-08<br><b>Maximum temperature</b><br>10-90 percentile<br>19.9 to 28.0 °C","Historical daily maximum<br>29.5 °C<br>2021-07-08","DATE: Jul-08</b><br>Normal: 22.8 °C<br>Period: 1991-2020","3063686","LAC+LA+BICHE+CLIMATE",2004,2026
"07-08","TMIN",2001-07-08,10.6058823529412,5.6,14.5,2.55843472367268,7.08,9.7,12.5,13.42,12.4,NA,"3063686",30726,"LAC LA BICHE CLIMATE",7,2025-07-08,"DATE: Jul-08<br>Value: 12.4 °C<br>Anomaly: +1.8 °C<br>Weather station: NA","DATE: Jul-08<br><b>Minimum temperature</b><br>10-90 percentile<br>7.1 to 13.4 °C","Historical daily maximum<br>14.5 °C<br>2025-07-08","DATE: Jul-08</b><br>Normal: 10.6 °C<br>Period: 1991-2020","3063686","LAC+LA+BICHE+CLIMATE",2004,2026
"07-08","VPD",2001-07-08,1.53712911801659,0.497958506847188,2.91572119427643,0.668464267430159,0.886449801800551,1.10384343070848,1.72711352332815,2.55696009130616,1.4555418232122,NA,"3063686",30726,"LAC LA BICHE CLIMATE",7,2021-07-08,"DATE: Jul-08<br>Value: 1.5 kPa<br>Anomaly: -0.1 kPa<br>Weather station: NA","DATE: Jul-08<br><b>Vapour pressure deficit</b><br>10-90 percentile<br>0.9 to 2.6 kPa","Historical daily maximum<br>2.9 kPa<br>2021-07-08","DATE: Jul-08</b><br>Normal: 1.5 kPa<br>Period: 1991-2020","3063686","LAC+LA+BICHE+CLIMATE",2004,2026
"07-09","TMAX",2001-07-09,23.2058823529412,13.2,33.3,5.22475724175718,17.56,20.3,26.8,29.34,18.9,NA,"3063686",30726,"LAC LA BICHE CLIMATE",7,2015-07-09,"DATE: Jul-09<br>Value: 18.9 °C<br>Anomaly: -4.3 °C<br>Weather station: NA","DATE: Jul-09<br><b>Maximum temperature</b><br>10-90 percentile<br>17.6 to 29.3 °C","Historical daily maximum<br>33.3 °C<br>2015-07-09","DATE: Jul-09</b><br>Normal: 23.2 °C<br>Period: 1991-2020","3063686","LAC+LA+BICHE+CLIMATE",2004,2026
"07-09","TMIN",2001-07-09,10.3,5.3,16.1,2.83328431330144,7.26,8.1,11.9,13.36,10.8,NA,"3063686",30726,"LAC LA BICHE CLIMATE",7,2012-07-09,"DATE: Jul-09<br>Value: 10.8 °C<br>Anomaly: +0.5 °C<br>Weather station: NA","DATE: Jul-09<br><b>Minimum temperature</b><br>10-90 percentile<br>7.3 to 13.4 °C","Historical daily maximum<br>16.1 °C<br>2012-07-09","DATE: Jul-09</b><br>Normal: 10.3 °C<br>Period: 1991-2020","3063686","LAC+LA+BICHE+CLIMATE",2004,2026
"07-09","VPD",2001-07-09,1.69088222334769,0.626730853922318,3.61764239262901,0.784779258035602,0.852517617216832,1.0274674972764,2.01298420286914,2.55391820867191,0.888357755071481,NA,"3063686",30726,"LAC LA BICHE CLIMATE",7,2015-07-09,"DATE: Jul-09<br>Value: 0.9 kPa<br>Anomaly: -0.8 kPa<br>Weather station: NA","DATE: Jul-09<br><b>Vapour pressure deficit</b><br>10-90 percentile<br>0.9 to 2.6 kPa","Historical daily maximum<br>3.6 kPa<br>2015-07-09","DATE: Jul-09</b><br>Normal: 1.7 kPa<br>Period: 1991-2020","3063686","LAC+LA+BICHE+CLIMATE",2004,2026
"07-10","TMAX",2001-07-10,22.7823529411765,17.7,32.6,3.85603995280742,18.98,20.1,23.8,27.82,22.5,NA,"3063686",30726,"LAC LA BICHE CLIMATE",7,2021-07-10,"DATE: Jul-10<br>Value: 22.5 °C<br>Anomaly: -0.3 °C<br>Weather station: NA","DATE: Jul-10<br><b>Maximum temperature</b><br>10-90 percentile<br>19.0 to 27.8 °C","Historical daily maximum<br>32.6 °C<br>2021-07-10","DATE: Jul-10</b><br>Normal: 22.8 °C<br>Period: 1991-2020","3063686","LAC+LA+BICHE+CLIMATE",2004,2026
"07-10","TMIN",2001-07-10,10.7588235294118,2.2,18.9,3.75450709540038,5.82,10.1,12.4,13.86,12.1,NA,"3063686",30726,"LAC LA BICHE CLIMATE",7,2012-07-10,"DATE: Jul-10<br>Value: 12.1 °C<br>Anomaly: +1.3 °C<br>Weather station: NA","DATE: Jul-10<br><b>Minimum temperature</b><br>10-90 percentile<br>5.8 to 13.9 °C","Historical daily maximum<br>18.9 °C<br>2012-07-10","DATE: Jul-10</b><br>Normal: 10.8 °C<br>Period: 1991-2020","3063686","LAC+LA+BICHE+CLIMATE",2004,2026
"07-10","VPD",2001-07-10,1.5141340470264,0.798869174978575,2.73465943071103,0.554610169434993,0.951505017926717,1.13264788522279,1.78167048180873,2.30890547569429,1.31374847412162,NA,"3063686",30726,"LAC LA BICHE CLIMATE",7,2021-07-10,"DATE: Jul-10<br>Value: 1.3 kPa<br>Anomaly: -0.2 kPa<br>Weather station: NA","DATE: Jul-10<br><b>Vapour pressure deficit</b><br>10-90 percentile<br>1.0 to 2.3 kPa","Historical daily maximum<br>2.7 kPa<br>2021-07-10","DATE: Jul-10</b><br>Normal: 1.5 kPa<br>Period: 1991-2020","3063686","LAC+LA+BICHE+CLIMATE",2004,2026
"07-11","TMAX",2001-07-11,23.4352941176471,19,29.6,3.35446366362616,19.56,20.7,25.2,28.08,22.3,NA,"3063686",30726,"LAC LA BICHE CLIMATE",7,2015-07-11,"DATE: Jul-11<br>Value: 22.3 °C<br>Anomaly: -1.1 °C<br>Weather station: NA","DATE: Jul-11<br><b>Maximum temperature</b><br>10-90 percentile<br>19.6 to 28.1 °C","Historical daily maximum<br>29.6 °C<br>2015-07-11","DATE: Jul-11</b><br>Normal: 23.4 °C<br>Period: 1991-2020","3063686","LAC+LA+BICHE+CLIMATE",2004,2026
"07-11","TMIN",2001-07-11,11.5470588235294,6.6,16.4,2.78458202587453,8.14,9.4,13.1,15.3,13.8,NA,"3063686",30726,"LAC LA BICHE CLIMATE",7,2024-07-11,"DATE: Jul-11<br>Value: 13.8 °C<br>Anomaly: +2.3 °C<br>Weather station: NA","DATE: Jul-11<br><b>Minimum temperature</b><br>10-90 percentile<br>8.1 to 15.3 °C","Historical daily maximum<br>16.4 °C<br>2024-07-11","DATE: Jul-11</b><br>Normal: 11.5 °C<br>Period: 1991-2020","3063686","LAC+LA+BICHE+CLIMATE",2004,2026
"07-11","VPD",2001-07-11,1.55334823762935,0.892644498018818,2.36064425868005,0.477862843629027,0.93803735501074,1.08742518360974,1.86882440706424,2.10105871132655,1.11468994371459,NA,"3063686",30726,"LAC LA BICHE CLIMATE",7,2012-07-11,"DATE: Jul-11<br>Value: 1.1 kPa<br>Anomaly: -0.4 kPa<br>Weather station: NA","DATE: Jul-11<br><b>Vapour pressure deficit</b><br>10-90 percentile<br>0.9 to 2.1 kPa","Historical daily maximum<br>2.4 kPa<br>2012-07-11","DATE: Jul-11</b><br>Normal: 1.6 kPa<br>Period: 1991-2020","3063686","LAC+LA+BICHE+CLIMATE",2004,2026
"07-12","TMAX",2001-07-12,23.6647058823529,16.2,30.8,4.01574108609958,19.3,21,25.2,29.7,23.7,NA,"3063686",30726,"LAC LA BICHE CLIMATE",7,2015-07-12,"DATE: Jul-12<br>Value: 23.7 °C<br>Anomaly: +0.0 °C<br>Weather station: NA","DATE: Jul-12<br><b>Maximum temperature</b><br>10-90 percentile<br>19.3 to 29.7 °C","Historical daily maximum<br>30.8 °C<br>2015-07-12","DATE: Jul-12</b><br>Normal: 23.7 °C<br>Period: 1991-2020","3063686","LAC+LA+BICHE+CLIMATE",2004,2026
"07-12","TMIN",2001-07-12,11.5529411764706,6.6,17.4,2.978069350909,7.08,10.2,13.4,14.06,10.2,NA,"3063686",30726,"LAC LA BICHE CLIMATE",7,2015-07-12,"DATE: Jul-12<br>Value: 10.2 °C<br>Anomaly: -1.4 °C<br>Weather station: NA","DATE: Jul-12<br><b>Minimum temperature</b><br>10-90 percentile<br>7.1 to 14.1 °C","Historical daily maximum<br>17.4 °C<br>2015-07-12","DATE: Jul-12</b><br>Normal: 11.6 °C<br>Period: 1991-2020","3063686","LAC+LA+BICHE+CLIMATE",2004,2026
"07-12","VPD",2001-07-12,1.61187230535759,0.768876304536667,2.74942897566603,0.619295959589168,0.908046815117397,1.00846522112939,2.01883946393532,2.50551108689498,1.68609021929743,NA,"3063686",30726,"LAC LA BICHE CLIMATE",7,2007-07-12,"DATE: Jul-12<br>Value: 1.7 kPa<br>Anomaly: +0.1 kPa<br>Weather station: NA","DATE: Jul-12<br><b>Vapour pressure deficit</b><br>10-90 percentile<br>0.9 to 2.5 kPa","Historical daily maximum<br>2.7 kPa<br>2007-07-12","DATE: Jul-12</b><br>Normal: 1.6 kPa<br>Period: 1991-2020","3063686","LAC+LA+BICHE+CLIMATE",2004,2026
"07-13","TMAX",2001-07-13,23.3823529411765,17.7,31.5,3.34892432247238,19.72,21.1,24.8,26.68,23,NA,"3063686",30726,"LAC LA BICHE CLIMATE",7,2007-07-13,"DATE: Jul-13<br>Value: 23.0 °C<br>Anomaly: -0.4 °C<br>Weather station: NA","DATE: Jul-13<br><b>Maximum temperature</b><br>10-90 percentile<br>19.7 to 26.7 °C","Historical daily maximum<br>31.5 °C<br>2007-07-13","DATE: Jul-13</b><br>Normal: 23.4 °C<br>Period: 1991-2020","3063686","LAC+LA+BICHE+CLIMATE",2004,2026
"07-13","TMIN",2001-07-13,11.5529411764706,4.8,16.7,2.64625151087789,9.6,10.1,13,14.46,10.3,NA,"3063686",30726,"LAC LA BICHE CLIMATE",7,2015-07-13,"DATE: Jul-13<br>Value: 10.3 °C<br>Anomaly: -1.3 °C<br>Weather station: NA","DATE: Jul-13<br><b>Minimum temperature</b><br>10-90 percentile<br>9.6 to 14.5 °C","Historical daily maximum<br>16.7 °C<br>2015-07-13","DATE: Jul-13</b><br>Normal: 11.6 °C<br>Period: 1991-2020","3063686","LAC+LA+BICHE+CLIMATE",2004,2026
"07-13","VPD",2001-07-13,1.54584469904689,0.777352646968432,2.94938249584369,0.562814600900949,1.01140383085372,1.16516880625759,1.82622146672206,2.18867537431209,1.5565698589019,NA,"3063686",30726,"LAC LA BICHE CLIMATE",7,2007-07-13,"DATE: Jul-13<br>Value: 1.6 kPa<br>Anomaly: +0.0 kPa<br>Weather station: NA","DATE: Jul-13<br><b>Vapour pressure deficit</b><br>10-90 percentile<br>1.0 to 2.2 kPa","Historical daily maximum<br>2.9 kPa<br>2007-07-13","DATE: Jul-13</b><br>Normal: 1.5 kPa<br>Period: 1991-2020","3063686","LAC+LA+BICHE+CLIMATE",2004,2026
"07-14","TMAX",2001-07-14,22.7529411764706,16.6,32.3,4.26645603033988,17.26,18.6,25.1,27.28,26,NA,"3063686",30726,"LAC LA BICHE CLIMATE",7,2007-07-14,"DATE: Jul-14<br>Value: 26.0 °C<br>Anomaly: +3.2 °C<br>Weather station: NA","DATE: Jul-14<br><b>Maximum temperature</b><br>10-90 percentile<br>17.3 to 27.3 °C","Historical daily maximum<br>32.3 °C<br>2007-07-14","DATE: Jul-14</b><br>Normal: 22.8 °C<br>Period: 1991-2020","3063686","LAC+LA+BICHE+CLIMATE",2004,2026
"07-14","TMIN",2001-07-14,11.4941176470588,7.9,14.3,1.83455396085646,8.66,10.3,12.9,13.24,10,NA,"3063686",30726,"LAC LA BICHE CLIMATE",7,2004-07-14,"DATE: Jul-14<br>Value: 10.0 °C<br>Anomaly: -1.5 °C<br>Weather station: NA","DATE: Jul-14<br><b>Minimum temperature</b><br>10-90 percentile<br>8.7 to 13.2 °C","Historical daily maximum<br>14.3 °C<br>2004-07-14","DATE: Jul-14</b><br>Normal: 11.5 °C<br>Period: 1991-2020","3063686","LAC+LA+BICHE+CLIMATE",2004,2026
"07-14","VPD",2001-07-14,1.48123572308673,0.476002477637576,3.39598857604995,0.707039659625488,0.784063765335703,1.07641819959129,1.65927804930236,2.22904119144951,2.13347720926319,NA,"3063686",30726,"LAC LA BICHE CLIMATE",7,2007-07-14,"DATE: Jul-14<br>Value: 2.1 kPa<br>Anomaly: +0.7 kPa<br>Weather station: NA","DATE: Jul-14<br><b>Vapour pressure deficit</b><br>10-90 percentile<br>0.8 to 2.2 kPa","Historical daily maximum<br>3.4 kPa<br>2007-07-14","DATE: Jul-14</b><br>Normal: 1.5 kPa<br>Period: 1991-2020","3063686","LAC+LA+BICHE+CLIMATE",2004,2026
"07-15","TMAX",2001-07-15,23.9866666666667,19.6,29.6,3.39681924046319,20.16,21.05,26.25,28.76,26.8,NA,"3063686",30726,"LAC LA BICHE CLIMATE",7,2007-07-15,"DATE: Jul-15<br>Value: 26.8 °C<br>Anomaly: +2.8 °C<br>Weather station: NA","DATE: Jul-15<br><b>Maximum temperature</b><br>10-90 percentile<br>20.2 to 28.8 °C","Historical daily maximum<br>29.6 °C<br>2007-07-15","DATE: Jul-15</b><br>Normal: 24.0 °C<br>Period: 1991-2020","3063686","LAC+LA+BICHE+CLIMATE",2004,2026
"07-15","TMIN",2001-07-15,10.8117647058824,4,17,3.20134392734934,7.22,8.5,12.3,14.1,15.7,NA,"3063686",30726,"LAC LA BICHE CLIMATE",7,2012-07-15,"DATE: Jul-15<br>Value: 15.7 °C<br>Anomaly: +4.9 °C<br>Weather station: NA","DATE: Jul-15<br><b>Minimum temperature</b><br>10-90 percentile<br>7.2 to 14.1 °C","Historical daily maximum<br>17.0 °C<br>2012-07-15","DATE: Jul-15</b><br>Normal: 10.8 °C<br>Period: 1991-2020","3063686","LAC+LA+BICHE+CLIMATE",2004,2026
"07-15","VPD",2001-07-15,1.68326098431285,0.534040692752198,2.61233542222108,0.625189461325138,0.836224438027381,1.32285583056541,2.07623938234839,2.44012617564919,1.73998376156625,NA,"3063686",30726,"LAC LA BICHE CLIMATE",7,2017-07-15,"DATE: Jul-15<br>Value: 1.7 kPa<br>Anomaly: +0.1 kPa<br>Weather station: NA","DATE: Jul-15<br><b>Vapour pressure deficit</b><br>10-90 percentile<br>0.8 to 2.4 kPa","Historical daily maximum<br>2.6 kPa<br>2017-07-15","DATE: Jul-15</b><br>Normal: 1.7 kPa<br>Period: 1991-2020","3063686","LAC+LA+BICHE+CLIMATE",2004,2026
"07-16","TMAX",2001-07-16,23.3058823529412,17.1,27.9,3.58041034454071,18.82,20.4,26.6,27.6,28.5,NA,"3063686",30726,"LAC LA BICHE CLIMATE",7,2024-07-16,"DATE: Jul-16<br>Value: 28.5 °C<br>Anomaly: +5.2 °C<br>Weather station: NA","DATE: Jul-16<br><b>Maximum temperature</b><br>10-90 percentile<br>18.8 to 27.6 °C","Historical daily maximum<br>27.9 °C<br>2024-07-16","DATE: Jul-16</b><br>Normal: 23.3 °C<br>Period: 1991-2020","3063686","LAC+LA+BICHE+CLIMATE",2004,2026
"07-16","TMIN",2001-07-16,11.3705882352941,6.1,15.7,2.37085551697123,9,9.8,12.5,14.12,15.6,NA,"3063686",30726,"LAC LA BICHE CLIMATE",7,2022-07-16,"DATE: Jul-16<br>Value: 15.6 °C<br>Anomaly: +4.2 °C<br>Weather station: NA","DATE: Jul-16<br><b>Minimum temperature</b><br>10-90 percentile<br>9.0 to 14.1 °C","Historical daily maximum<br>15.7 °C<br>2022-07-16","DATE: Jul-16</b><br>Normal: 11.4 °C<br>Period: 1991-2020","3063686","LAC+LA+BICHE+CLIMATE",2004,2026
"07-16","VPD",2001-07-16,1.55729618380067,0.593057482679223,2.37380332768972,0.60677265842487,0.771506781803942,1.01263662726109,2.24330083546385,2.28232843188545,2.119032059511,NA,"3063686",30726,"LAC LA BICHE CLIMATE",7,2024-07-16,"DATE: Jul-16<br>Value: 2.1 kPa<br>Anomaly: +0.6 kPa<br>Weather station: NA","DATE: Jul-16<br><b>Vapour pressure deficit</b><br>10-90 percentile<br>0.8 to 2.3 kPa","Historical daily maximum<br>2.4 kPa<br>2024-07-16","DATE: Jul-16</b><br>Normal: 1.6 kPa<br>Period: 1991-2020","3063686","LAC+LA+BICHE+CLIMATE",2004,2026
"07-17","TMAX",2001-07-17,24.2588235294118,17.2,30.3,3.60885349237286,19.66,22.7,26.1,29.32,30.1,NA,"3063686",30726,"LAC LA BICHE CLIMATE",7,2024-07-17,"DATE: Jul-17<br>Value: 30.1 °C<br>Anomaly: +5.8 °C<br>Weather station: NA","DATE: Jul-17<br><b>Maximum temperature</b><br>10-90 percentile<br>19.7 to 29.3 °C","Historical daily maximum<br>30.3 °C<br>2024-07-17","DATE: Jul-17</b><br>Normal: 24.3 °C<br>Period: 1991-2020","3063686","LAC+LA+BICHE+CLIMATE",2004,2026
"07-17","TMIN",2001-07-17,11.5470588235294,6.6,16.3,2.68586988866243,8.8,9.7,13.5,15.14,15,NA,"3063686",30726,"LAC LA BICHE CLIMATE",7,2004-07-17,"DATE: Jul-17<br>Value: 15.0 °C<br>Anomaly: +3.5 °C<br>Weather station: NA","DATE: Jul-17<br><b>Minimum temperature</b><br>10-90 percentile<br>8.8 to 15.1 °C","Historical daily maximum<br>16.3 °C<br>2004-07-17","DATE: Jul-17</b><br>Normal: 11.5 °C<br>Period: 1991-2020","3063686","LAC+LA+BICHE+CLIMATE",2004,2026
"07-17","VPD",2001-07-17,1.70957889886022,0.782970740208153,2.52143710118389,0.580615938192475,0.949782209131928,1.15191332696368,2.19878547804331,2.35641503768109,2.56211687242498,NA,"3063686",30726,"LAC LA BICHE CLIMATE",7,2024-07-17,"DATE: Jul-17<br>Value: 2.6 kPa<br>Anomaly: +0.9 kPa<br>Weather station: NA","DATE: Jul-17<br><b>Vapour pressure deficit</b><br>10-90 percentile<br>0.9 to 2.4 kPa","Historical daily maximum<br>2.5 kPa<br>2024-07-17","DATE: Jul-17</b><br>Normal: 1.7 kPa<br>Period: 1991-2020","3063686","LAC+LA+BICHE+CLIMATE",2004,2026
"07-18","TMAX",2001-07-18,23.4823529411765,15.2,28.4,3.78520727538758,18.52,21,25.9,26.86,28,NA,"3063686",30726,"LAC LA BICHE CLIMATE",7,2024-07-18,"DATE: Jul-18<br>Value: 28.0 °C<br>Anomaly: +4.5 °C<br>Weather station: NA","DATE: Jul-18<br><b>Maximum temperature</b><br>10-90 percentile<br>18.5 to 26.9 °C","Historical daily maximum<br>28.4 °C<br>2024-07-18","DATE: Jul-18</b><br>Normal: 23.5 °C<br>Period: 1991-2020","3063686","LAC+LA+BICHE+CLIMATE",2004,2026
"07-18","TMIN",2001-07-18,12.3,6.4,17.6,2.90602821734408,8.32,11,13.3,15.94,18.2,NA,"3063686",30726,"LAC LA BICHE CLIMATE",7,2026-07-18,"DATE: Jul-18<br>Value: 18.2 °C<br>Anomaly: +5.9 °C<br>Weather station: NA","DATE: Jul-18<br><b>Minimum temperature</b><br>10-90 percentile<br>8.3 to 15.9 °C","Historical daily maximum<br>17.6 °C<br>2026-07-18","DATE: Jul-18</b><br>Normal: 12.3 °C<br>Period: 1991-2020","3063686","LAC+LA+BICHE+CLIMATE",2004,2026
"07-18","VPD",2001-07-18,1.49941520876841,0.300807957879871,2.19993921460148,0.549328929312479,0.759965752876232,1.17429125816624,1.93772874516404,1.99434412241956,1.68984256290729,NA,"3063686",30726,"LAC LA BICHE CLIMATE",7,2024-07-18,"DATE: Jul-18<br>Value: 1.7 kPa<br>Anomaly: +0.2 kPa<br>Weather station: NA","DATE: Jul-18<br><b>Vapour pressure deficit</b><br>10-90 percentile<br>0.8 to 2.0 kPa","Historical daily maximum<br>2.2 kPa<br>2024-07-18","DATE: Jul-18</b><br>Normal: 1.5 kPa<br>Period: 1991-2020","3063686","LAC+LA+BICHE+CLIMATE",2004,2026
"07-19","TMAX",2001-07-19,22.8058823529412,16.3,30.5,3.69653056734205,17.58,21.1,24.5,26.62,22.5,NA,"3063686",30726,"LAC LA BICHE CLIMATE",7,2007-07-19,"DATE: Jul-19<br>Value: 22.5 °C<br>Anomaly: -0.3 °C<br>Weather station: NA","DATE: Jul-19<br><b>Maximum temperature</b><br>10-90 percentile<br>17.6 to 26.6 °C","Historical daily maximum<br>30.5 °C<br>2007-07-19","DATE: Jul-19</b><br>Normal: 22.8 °C<br>Period: 1991-2020","3063686","LAC+LA+BICHE+CLIMATE",2004,2026
"07-19","TMIN",2001-07-19,12.5470588235294,8.1,19.6,2.62109653748646,9.88,10.8,13.4,14.96,16,NA,"3063686",30726,"LAC LA BICHE CLIMATE",7,2007-07-19,"DATE: Jul-19<br>Value: 16.0 °C<br>Anomaly: +3.5 °C<br>Weather station: NA","DATE: Jul-19<br><b>Minimum temperature</b><br>10-90 percentile<br>9.9 to 15.0 °C","Historical daily maximum<br>19.6 °C<br>2007-07-19","DATE: Jul-19</b><br>Normal: 12.5 °C<br>Period: 1991-2020","3063686","LAC+LA+BICHE+CLIMATE",2004,2026
"07-19","VPD",2001-07-19,1.36158725152289,0.384792207269251,2.20680683617424,0.506618189948583,0.650073010072817,1.101604110003,1.5464319334612,2.05301708968531,0.907300926119909,NA,"3063686",30726,"LAC LA BICHE CLIMATE",7,2016-07-19,"DATE: Jul-19<br>Value: 0.9 kPa<br>Anomaly: -0.5 kPa<br>Weather station: NA","DATE: Jul-19<br><b>Vapour pressure deficit</b><br>10-90 percentile<br>0.7 to 2.1 kPa","Historical daily maximum<br>2.2 kPa<br>2016-07-19","DATE: Jul-19</b><br>Normal: 1.4 kPa<br>Period: 1991-2020","3063686","LAC+LA+BICHE+CLIMATE",2004,2026
"07-20","TMAX",2001-07-20,23.2529411764706,15.9,28.2,2.94090072236781,20.78,21.7,25,26.94,21.3,NA,"3063686",30726,"LAC LA BICHE CLIMATE",7,2008-07-20,"DATE: Jul-20<br>Value: 21.3 °C<br>Anomaly: -2.0 °C<br>Weather station: NA","DATE: Jul-20<br><b>Maximum temperature</b><br>10-90 percentile<br>20.8 to 26.9 °C","Historical daily maximum<br>28.2 °C<br>2008-07-20","DATE: Jul-20</b><br>Normal: 23.3 °C<br>Period: 1991-2020","3063686","LAC+LA+BICHE+CLIMATE",2004,2026
"07-20","TMIN",2001-07-20,10.6588235294118,5.9,15.6,2.67396214060928,7.66,8.9,13,13.78,12.4,NA,"3063686",30726,"LAC LA BICHE CLIMATE",7,2024-07-20,"DATE: Jul-20<br>Value: 12.4 °C<br>Anomaly: +1.7 °C<br>Weather station: NA","DATE: Jul-20<br><b>Minimum temperature</b><br>10-90 percentile<br>7.7 to 13.8 °C","Historical daily maximum<br>15.6 °C<br>2024-07-20","DATE: Jul-20</b><br>Normal: 10.7 °C<br>Period: 1991-2020","3063686","LAC+LA+BICHE+CLIMATE",2004,2026
"07-20","VPD",2001-07-20,1.58868372373718,0.627250211662036,2.69917252274144,0.523300367077561,1.04327528225924,1.27605940248362,1.79299270413663,2.24568521615522,1.09321603154703,NA,"3063686",30726,"LAC LA BICHE CLIMATE",7,2008-07-20,"DATE: Jul-20<br>Value: 1.1 kPa<br>Anomaly: -0.5 kPa<br>Weather station: NA","DATE: Jul-20<br><b>Vapour pressure deficit</b><br>10-90 percentile<br>1.0 to 2.2 kPa","Historical daily maximum<br>2.7 kPa<br>2008-07-20","DATE: Jul-20</b><br>Normal: 1.6 kPa<br>Period: 1991-2020","3063686","LAC+LA+BICHE+CLIMATE",2004,2026
"07-21","TMAX",2001-07-21,23.8941176470588,20.4,29.5,2.67452579634112,20.74,21.7,25.2,27,22.7,NA,"3063686",30726,"LAC LA BICHE CLIMATE",7,2024-07-21,"DATE: Jul-21<br>Value: 22.7 °C<br>Anomaly: -1.2 °C<br>Weather station: NA","DATE: Jul-21<br><b>Maximum temperature</b><br>10-90 percentile<br>20.7 to 27.0 °C","Historical daily maximum<br>29.5 °C<br>2024-07-21","DATE: Jul-21</b><br>Normal: 23.9 °C<br>Period: 1991-2020","3063686","LAC+LA+BICHE+CLIMATE",2004,2026
"07-21","TMIN",2001-07-21,12.2117647058824,7.1,16.7,2.69881509947912,9.32,10.1,13.9,15.38,11,NA,"3063686",30726,"LAC LA BICHE CLIMATE",7,2008-07-21,"DATE: Jul-21<br>Value: 11.0 °C<br>Anomaly: -1.2 °C<br>Weather station: NA","DATE: Jul-21<br><b>Minimum temperature</b><br>10-90 percentile<br>9.3 to 15.4 °C","Historical daily maximum<br>16.7 °C<br>2008-07-21","DATE: Jul-21</b><br>Normal: 12.2 °C<br>Period: 1991-2020","3063686","LAC+LA+BICHE+CLIMATE",2004,2026
"07-21","VPD",2001-07-21,1.55624824731158,0.894162557855009,2.54491086005914,0.432332517233198,1.10340279233636,1.21050245158843,1.93952565689771,1.97777172121482,1.44614748749462,NA,"3063686",30726,"LAC LA BICHE CLIMATE",7,2006-07-21,"DATE: Jul-21<br>Value: 1.4 kPa<br>Anomaly: -0.1 kPa<br>Weather station: NA","DATE: Jul-21<br><b>Vapour pressure deficit</b><br>10-90 percentile<br>1.1 to 2.0 kPa","Historical daily maximum<br>2.5 kPa<br>2006-07-21","DATE: Jul-21</b><br>Normal: 1.6 kPa<br>Period: 1991-2020","3063686","LAC+LA+BICHE+CLIMATE",2004,2026
"07-22","TMAX",2001-07-22,24.7352941176471,16.1,34.7,4.13142547682858,19.86,23.4,26.4,28.14,27.7,NA,"3063686",30726,"LAC LA BICHE CLIMATE",7,2006-07-22,"DATE: Jul-22<br>Value: 27.7 °C<br>Anomaly: +3.0 °C<br>Weather station: NA","DATE: Jul-22<br><b>Maximum temperature</b><br>10-90 percentile<br>19.9 to 28.1 °C","Historical daily maximum<br>34.7 °C<br>2006-07-22","DATE: Jul-22</b><br>Normal: 24.7 °C<br>Period: 1991-2020","3063686","LAC+LA+BICHE+CLIMATE",2004,2026
"07-22","TMIN",2001-07-22,11.6588235294118,7.9,16.2,2.21558649784019,9.08,10.4,12.9,14.42,13.4,NA,"3063686",30726,"LAC LA BICHE CLIMATE",7,2024-07-22,"DATE: Jul-22<br>Value: 13.4 °C<br>Anomaly: +1.7 °C<br>Weather station: NA","DATE: Jul-22<br><b>Minimum temperature</b><br>10-90 percentile<br>9.1 to 14.4 °C","Historical daily maximum<br>16.2 °C<br>2024-07-22","DATE: Jul-22</b><br>Normal: 11.7 °C<br>Period: 1991-2020","3063686","LAC+LA+BICHE+CLIMATE",2004,2026
"07-22","VPD",2001-07-22,1.81383876748739,0.427369371379537,3.92110952676689,0.788780345485434,0.886447996415957,1.59148521528675,2.04537267334039,2.42507944433648,2.1769895875764,NA,"3063686",30726,"LAC LA BICHE CLIMATE",7,2006-07-22,"DATE: Jul-22<br>Value: 2.2 kPa<br>Anomaly: +0.4 kPa<br>Weather station: NA","DATE: Jul-22<br><b>Vapour pressure deficit</b><br>10-90 percentile<br>0.9 to 2.4 kPa","Historical daily maximum<br>3.9 kPa<br>2006-07-22","DATE: Jul-22</b><br>Normal: 1.8 kPa<br>Period: 1991-2020","3063686","LAC+LA+BICHE+CLIMATE",2004,2026
"07-23","TMAX",2001-07-23,23.58,17.4,31.2,3.86619044686479,19.92,20.7,25.5,28.88,27.7,NA,"3063686",30726,"LAC LA BICHE CLIMATE",7,2007-07-23,"DATE: Jul-23<br>Value: 27.7 °C<br>Anomaly: +4.1 °C<br>Weather station: NA","DATE: Jul-23<br><b>Maximum temperature</b><br>10-90 percentile<br>19.9 to 28.9 °C","Historical daily maximum<br>31.2 °C<br>2007-07-23","DATE: Jul-23</b><br>Normal: 23.6 °C<br>Period: 1991-2020","3063686","LAC+LA+BICHE+CLIMATE",2004,2026
"07-23","TMIN",2001-07-23,12.15625,9.2,17.4,2.26420515854902,9.9,10.5,13.45,14.95,15.9,NA,"3063686",30726,"LAC LA BICHE CLIMATE",7,2024-07-23,"DATE: Jul-23<br>Value: 15.9 °C<br>Anomaly: +3.7 °C<br>Weather station: NA","DATE: Jul-23<br><b>Minimum temperature</b><br>10-90 percentile<br>9.9 to 14.9 °C","Historical daily maximum<br>17.4 °C<br>2024-07-23","DATE: Jul-23</b><br>Normal: 12.2 °C<br>Period: 1991-2020","3063686","LAC+LA+BICHE+CLIMATE",2004,2026
"07-23","VPD",2001-07-23,1.53916339760198,0.717680297607952,2.84960154883587,0.586846799925984,0.962909631043512,1.16303481173146,1.80993418600554,2.30979118200103,1.90769825190359,NA,"3063686",30726,"LAC LA BICHE CLIMATE",7,2007-07-23,"DATE: Jul-23<br>Value: 1.9 kPa<br>Anomaly: +0.4 kPa<br>Weather station: NA","DATE: Jul-23<br><b>Vapour pressure deficit</b><br>10-90 percentile<br>1.0 to 2.3 kPa","Historical daily maximum<br>2.8 kPa<br>2007-07-23","DATE: Jul-23</b><br>Normal: 1.5 kPa<br>Period: 1991-2020","3063686","LAC+LA+BICHE+CLIMATE",2004,2026
"07-24","TMAX",2001-07-24,23.6411764705882,14.6,30.6,4.62939775018433,16.62,20.6,26.6,27.7,29.3,NA,"3063686",30726,"LAC LA BICHE CLIMATE",7,2009-07-24,"DATE: Jul-24<br>Value: 29.3 °C<br>Anomaly: +5.7 °C<br>Weather station: NA","DATE: Jul-24<br><b>Maximum temperature</b><br>10-90 percentile<br>16.6 to 27.7 °C","Historical daily maximum<br>30.6 °C<br>2009-07-24","DATE: Jul-24</b><br>Normal: 23.6 °C<br>Period: 1991-2020","3063686","LAC+LA+BICHE+CLIMATE",2004,2026
"07-24","TMIN",2001-07-24,10.8882352941176,6.2,14.6,2.83369951497622,7.38,7.9,13.8,14.4,11.9,NA,"3063686",30726,"LAC LA BICHE CLIMATE",7,2023-07-24,"DATE: Jul-24<br>Value: 11.9 °C<br>Anomaly: +1.0 °C<br>Weather station: NA","DATE: Jul-24<br><b>Minimum temperature</b><br>10-90 percentile<br>7.4 to 14.4 °C","Historical daily maximum<br>14.6 °C<br>2023-07-24","DATE: Jul-24</b><br>Normal: 10.9 °C<br>Period: 1991-2020","3063686","LAC+LA+BICHE+CLIMATE",2004,2026
"07-24","VPD",2001-07-24,1.6874331500042,0.428169251792652,2.98872807366984,0.705297390051394,0.767635297076574,1.26560234910549,2.26567531282142,2.41715980393602,2.68230702789614,NA,"3063686",30726,"LAC LA BICHE CLIMATE",7,2009-07-24,"DATE: Jul-24<br>Value: 2.7 kPa<br>Anomaly: +1.0 kPa<br>Weather station: NA","DATE: Jul-24<br><b>Vapour pressure deficit</b><br>10-90 percentile<br>0.8 to 2.4 kPa","Historical daily maximum<br>3.0 kPa<br>2009-07-24","DATE: Jul-24</b><br>Normal: 1.7 kPa<br>Period: 1991-2020","3063686","LAC+LA+BICHE+CLIMATE",2004,2026
"07-25","TMAX",2001-07-25,23.7529411764706,16.2,29.5,3.4794248172397,19.8,22.5,26.2,28.24,24,NA,"3063686",30726,"LAC LA BICHE CLIMATE",7,2009-07-25,"DATE: Jul-25<br>Value: 24.0 °C<br>Anomaly: +0.2 °C<br>Weather station: NA","DATE: Jul-25<br><b>Maximum temperature</b><br>10-90 percentile<br>19.8 to 28.2 °C","Historical daily maximum<br>29.5 °C<br>2009-07-25","DATE: Jul-25</b><br>Normal: 23.8 °C<br>Period: 1991-2020","3063686","LAC+LA+BICHE+CLIMATE",2004,2026
"07-25","TMIN",2001-07-25,10.8,3.7,13.9,2.89892221351315,6.98,10.2,12.8,13.6,17.2,NA,"3063686",30726,"LAC LA BICHE CLIMATE",7,2026-07-25,"DATE: Jul-25<br>Value: 17.2 °C<br>Anomaly: +6.4 °C<br>Weather station: NA","DATE: Jul-25<br><b>Minimum temperature</b><br>10-90 percentile<br>7.0 to 13.6 °C","Historical daily maximum<br>13.9 °C<br>2026-07-25","DATE: Jul-25</b><br>Normal: 10.8 °C<br>Period: 1991-2020","3063686","LAC+LA+BICHE+CLIMATE",2004,2026
"07-25","VPD",2001-07-25,1.67804995590771,0.253384785797644,2.58795649562221,0.600221566658682,1.0121374302468,1.45231924944331,2.07992111022611,2.46431099986401,1.02149181958669,NA,"3063686",30726,"LAC LA BICHE CLIMATE",7,2008-07-25,"DATE: Jul-25<br>Value: 1.0 kPa<br>Anomaly: -0.7 kPa<br>Weather station: NA","DATE: Jul-25<br><b>Vapour pressure deficit</b><br>10-90 percentile<br>1.0 to 2.5 kPa","Historical daily maximum<br>2.6 kPa<br>2008-07-25","DATE: Jul-25</b><br>Normal: 1.7 kPa<br>Period: 1991-2020","3063686","LAC+LA+BICHE+CLIMATE",2004,2026
"07-26","TMAX",2001-07-26,23.7823529411765,16.8,28.1,3.17770264777041,19.54,22.4,26.3,26.84,24.9,NA,"3063686",30726,"LAC LA BICHE CLIMATE",7,2008-07-26,"DATE: Jul-26<br>Value: 24.9 °C<br>Anomaly: +1.1 °C<br>Weather station: NA","DATE: Jul-26<br><b>Maximum temperature</b><br>10-90 percentile<br>19.5 to 26.8 °C","Historical daily maximum<br>28.1 °C<br>2008-07-26","DATE: Jul-26</b><br>Normal: 23.8 °C<br>Period: 1991-2020","3063686","LAC+LA+BICHE+CLIMATE",2004,2026
"07-26","TMIN",2001-07-26,11.6588235294118,8.8,13.9,1.70259317789417,9.36,9.9,13.2,13.58,12.1,NA,"3063686",30726,"LAC LA BICHE CLIMATE",7,2006-07-26,"DATE: Jul-26<br>Value: 12.1 °C<br>Anomaly: +0.4 °C<br>Weather station: NA","DATE: Jul-26<br><b>Minimum temperature</b><br>10-90 percentile<br>9.4 to 13.6 °C","Historical daily maximum<br>13.9 °C<br>2006-07-26","DATE: Jul-26</b><br>Normal: 11.7 °C<br>Period: 1991-2020","3063686","LAC+LA+BICHE+CLIMATE",2004,2026
"07-26","VPD",2001-07-26,1.60962371668856,0.711440411772696,2.50663108802877,0.526617590329845,0.857710119046603,1.21139438382099,1.95621632618889,2.17101923738988,1.7371185467566,NA,"3063686",30726,"LAC LA BICHE CLIMATE",7,2008-07-26,"DATE: Jul-26<br>Value: 1.7 kPa<br>Anomaly: +0.1 kPa<br>Weather station: NA","DATE: Jul-26<br><b>Vapour pressure deficit</b><br>10-90 percentile<br>0.9 to 2.2 kPa","Historical daily maximum<br>2.5 kPa<br>2008-07-26","DATE: Jul-26</b><br>Normal: 1.6 kPa<br>Period: 1991-2020","3063686","LAC+LA+BICHE+CLIMATE",2004,2026
"07-27","TMAX",2001-07-27,23.7588235294118,14.3,29.3,4.1495570280949,18.16,22.4,27.4,28.36,19.5,NA,"3063686",30726,"LAC LA BICHE CLIMATE",7,2020-07-27,"DATE: Jul-27<br>Value: 19.5 °C<br>Anomaly: -4.3 °C<br>Weather station: NA","DATE: Jul-27<br><b>Maximum temperature</b><br>10-90 percentile<br>18.2 to 28.4 °C","Historical daily maximum<br>29.3 °C<br>2020-07-27","DATE: Jul-27</b><br>Normal: 23.8 °C<br>Period: 1991-2020","3063686","LAC+LA+BICHE+CLIMATE",2004,2026
"07-27","TMIN",2001-07-27,11.3117647058824,8.5,13.4,1.65260489566516,9.1,10,12.8,13.12,12.8,NA,"3063686",30726,"LAC LA BICHE CLIMATE",7,2007-07-27,"DATE: Jul-27<br>Value: 12.8 °C<br>Anomaly: +1.5 °C<br>Weather station: NA","DATE: Jul-27<br><b>Minimum temperature</b><br>10-90 percentile<br>9.1 to 13.1 °C","Historical daily maximum<br>13.4 °C<br>2007-07-27","DATE: Jul-27</b><br>Normal: 11.3 °C<br>Period: 1991-2020","3063686","LAC+LA+BICHE+CLIMATE",2004,2026
"07-27","VPD",2001-07-27,1.66683915831133,0.497353159707145,2.61662100689548,0.626369996231957,0.821239226303349,1.35959176103431,2.12244994708053,2.35322665467918,0.78859197573717,NA,"3063686",30726,"LAC LA BICHE CLIMATE",7,2020-07-27,"DATE: Jul-27<br>Value: 0.8 kPa<br>Anomaly: -0.9 kPa<br>Weather station: NA","DATE: Jul-27<br><b>Vapour pressure deficit</b><br>10-90 percentile<br>0.8 to 2.4 kPa","Historical daily maximum<br>2.6 kPa<br>2020-07-27","DATE: Jul-27</b><br>Normal: 1.7 kPa<br>Period: 1991-2020","3063686","LAC+LA+BICHE+CLIMATE",2004,2026
"07-28","TMAX",2001-07-28,24.0764705882353,16.6,29.3,3.72668240727673,19.64,21.5,27.5,28.6,24.7,NA,"3063686",30726,"LAC LA BICHE CLIMATE",7,2022-07-28,"DATE: Jul-28<br>Value: 24.7 °C<br>Anomaly: +0.6 °C<br>Weather station: NA","DATE: Jul-28<br><b>Maximum temperature</b><br>10-90 percentile<br>19.6 to 28.6 °C","Historical daily maximum<br>29.3 °C<br>2022-07-28","DATE: Jul-28</b><br>Normal: 24.1 °C<br>Period: 1991-2020","3063686","LAC+LA+BICHE+CLIMATE",2004,2026
"07-28","TMIN",2001-07-28,11.5941176470588,6.5,15.9,2.29386970756713,9.02,10.8,13.2,13.88,10.2,NA,"3063686",30726,"LAC LA BICHE CLIMATE",7,2020-07-28,"DATE: Jul-28<br>Value: 10.2 °C<br>Anomaly: -1.4 °C<br>Weather station: NA","DATE: Jul-28<br><b>Minimum temperature</b><br>10-90 percentile<br>9.0 to 13.9 °C","Historical daily maximum<br>15.9 °C<br>2020-07-28","DATE: Jul-28</b><br>Normal: 11.6 °C<br>Period: 1991-2020","3063686","LAC+LA+BICHE+CLIMATE",2004,2026
"07-28","VPD",2001-07-28,1.67999500977529,0.701731591062675,2.5581704831553,0.588863070341375,0.86502911637375,1.25126508183835,2.19035434572852,2.32449330150639,1.86709275572709,NA,"3063686",30726,"LAC LA BICHE CLIMATE",7,2022-07-28,"DATE: Jul-28<br>Value: 1.9 kPa<br>Anomaly: +0.2 kPa<br>Weather station: NA","DATE: Jul-28<br><b>Vapour pressure deficit</b><br>10-90 percentile<br>0.9 to 2.3 kPa","Historical daily maximum<br>2.6 kPa<br>2022-07-28","DATE: Jul-28</b><br>Normal: 1.7 kPa<br>Period: 1991-2020","3063686","LAC+LA+BICHE+CLIMATE",2004,2026
"07-29","TMAX",2001-07-29,24.9941176470588,18.5,30.8,3.80927660262341,19.52,22.8,27.5,29.64,22.2,NA,"3063686",30726,"LAC LA BICHE CLIMATE",7,2018-07-29,"DATE: Jul-29<br>Value: 22.2 °C<br>Anomaly: -2.8 °C<br>Weather station: NA","DATE: Jul-29<br><b>Maximum temperature</b><br>10-90 percentile<br>19.5 to 29.6 °C","Historical daily maximum<br>30.8 °C<br>2018-07-29","DATE: Jul-29</b><br>Normal: 25.0 °C<br>Period: 1991-2020","3063686","LAC+LA+BICHE+CLIMATE",2004,2026
"07-29","TMIN",2001-07-29,11.6352941176471,6.4,18.7,3.26380551972513,8,9.2,12.9,15.62,11.2,NA,"3063686",30726,"LAC LA BICHE CLIMATE",7,2020-07-29,"DATE: Jul-29<br>Value: 11.2 °C<br>Anomaly: -0.4 °C<br>Weather station: NA","DATE: Jul-29<br><b>Minimum temperature</b><br>10-90 percentile<br>8.0 to 15.6 °C","Historical daily maximum<br>18.7 °C<br>2020-07-29","DATE: Jul-29</b><br>Normal: 11.6 °C<br>Period: 1991-2020","3063686","LAC+LA+BICHE+CLIMATE",2004,2026
"07-29","VPD",2001-07-29,1.83668141714318,0.641775782217986,2.79047194349612,0.588523705208244,1.11337410139313,1.4317637704438,2.28932119238398,2.46145180107507,1.34606557181618,NA,"3063686",30726,"LAC LA BICHE CLIMATE",7,2018-07-29,"DATE: Jul-29<br>Value: 1.3 kPa<br>Anomaly: -0.5 kPa<br>Weather station: NA","DATE: Jul-29<br><b>Vapour pressure deficit</b><br>10-90 percentile<br>1.1 to 2.5 kPa","Historical daily maximum<br>2.8 kPa<br>2018-07-29","DATE: Jul-29</b><br>Normal: 1.8 kPa<br>Period: 1991-2020","3063686","LAC+LA+BICHE+CLIMATE",2004,2026
"07-30","TMAX",2001-07-30,23.5235294117647,16.9,30.3,3.18502931928513,20.02,22.6,25.2,26.7,22,NA,"3063686",30726,"LAC LA BICHE CLIMATE",7,2025-07-30,"DATE: Jul-30<br>Value: 22.0 °C<br>Anomaly: -1.5 °C<br>Weather station: NA","DATE: Jul-30<br><b>Maximum temperature</b><br>10-90 percentile<br>20.0 to 26.7 °C","Historical daily maximum<br>30.3 °C<br>2025-07-30","DATE: Jul-30</b><br>Normal: 23.5 °C<br>Period: 1991-2020","3063686","LAC+LA+BICHE+CLIMATE",2004,2026
"07-30","TMIN",2001-07-30,12.4823529411765,7.3,17.1,2.54048107996243,9.58,10.9,14.2,15.02,10.6,NA,"3063686",30726,"LAC LA BICHE CLIMATE",7,2020-07-30,"DATE: Jul-30<br>Value: 10.6 °C<br>Anomaly: -1.9 °C<br>Weather station: NA","DATE: Jul-30<br><b>Minimum temperature</b><br>10-90 percentile<br>9.6 to 15.0 °C","Historical daily maximum<br>17.1 °C<br>2020-07-30","DATE: Jul-30</b><br>Normal: 12.5 °C<br>Period: 1991-2020","3063686","LAC+LA+BICHE+CLIMATE",2004,2026
"07-30","VPD",2001-07-30,1.4794842618981,0.67261583897086,2.58919652040374,0.49314726212722,0.975195851821761,1.19471330647198,1.62998270502635,2.15089135836616,1.36571528564114,NA,"3063686",30726,"LAC LA BICHE CLIMATE",7,2025-07-30,"DATE: Jul-30<br>Value: 1.4 kPa<br>Anomaly: -0.1 kPa<br>Weather station: NA","DATE: Jul-30<br><b>Vapour pressure deficit</b><br>10-90 percentile<br>1.0 to 2.2 kPa","Historical daily maximum<br>2.6 kPa<br>2025-07-30","DATE: Jul-30</b><br>Normal: 1.5 kPa<br>Period: 1991-2020","3063686","LAC+LA+BICHE+CLIMATE",2004,2026
"07-31","TMAX",2001-07-31,23.09375,18.5,27.9,2.8873214230494,19.9,21.275,25.4,27,26,NA,"3063686",30726,"LAC LA BICHE CLIMATE",7,2025-07-31,"DATE: Jul-31<br>Value: 26.0 °C<br>Anomaly: +2.9 °C<br>Weather station: NA","DATE: Jul-31<br><b>Maximum temperature</b><br>10-90 percentile<br>19.9 to 27.0 °C","Historical daily maximum<br>27.9 °C<br>2025-07-31","DATE: Jul-31</b><br>Normal: 23.1 °C<br>Period: 1991-2020","3063686","LAC+LA+BICHE+CLIMATE",2004,2026
"07-31","TMIN",2001-07-31,11.2875,6.2,18,3.04562527789177,7.85,9.375,12.825,14.45,10.8,NA,"3063686",30726,"LAC LA BICHE CLIMATE",7,2014-07-31,"DATE: Jul-31<br>Value: 10.8 °C<br>Anomaly: -0.5 °C<br>Weather station: NA","DATE: Jul-31<br><b>Minimum temperature</b><br>10-90 percentile<br>7.8 to 14.4 °C","Historical daily maximum<br>18.0 °C<br>2014-07-31","DATE: Jul-31</b><br>Normal: 11.3 °C<br>Period: 1991-2020","3063686","LAC+LA+BICHE+CLIMATE",2004,2026
"07-31","VPD",2001-07-31,1.50011842888906,0.874364638992741,2.5864407720678,0.428667040207407,1.07326189044336,1.23637205035883,1.67129849835114,1.98645407755814,2.06607574220882,NA,"3063686",30726,"LAC LA BICHE CLIMATE",7,2025-07-31,"DATE: Jul-31<br>Value: 2.1 kPa<br>Anomaly: +0.6 kPa<br>Weather station: NA","DATE: Jul-31<br><b>Vapour pressure deficit</b><br>10-90 percentile<br>1.1 to 2.0 kPa","Historical daily maximum<br>2.6 kPa<br>2025-07-31","DATE: Jul-31</b><br>Normal: 1.5 kPa<br>Period: 1991-2020","3063686","LAC+LA+BICHE+CLIMATE",2004,2026
"08-01","TMAX",2001-08-01,23.0588235294118,17.9,27.8,2.55662346257946,19.88,21.8,23.9,26.06,28.2,NA,"3063686",30726,"LAC LA BICHE CLIMATE",8,2025-08-01,"DATE: Aug-01<br>Value: 28.2 °C<br>Anomaly: +5.1 °C<br>Weather station: NA","DATE: Aug-01<br><b>Maximum temperature</b><br>10-90 percentile<br>19.9 to 26.1 °C","Historical daily maximum<br>27.8 °C<br>2025-08-01","DATE: Aug-01</b><br>Normal: 23.1 °C<br>Period: 1991-2020","3063686","LAC+LA+BICHE+CLIMATE",2004,2026
"08-01","TMIN",2001-08-01,11.0176470588235,7.3,14.8,2.01687731844231,8.98,9.8,12.3,13.6,15,NA,"3063686",30726,"LAC LA BICHE CLIMATE",8,2021-08-01,"DATE: Aug-01<br>Value: 15.0 °C<br>Anomaly: +4.0 °C<br>Weather station: NA","DATE: Aug-01<br><b>Minimum temperature</b><br>10-90 percentile<br>9.0 to 13.6 °C","Historical daily maximum<br>14.8 °C<br>2021-08-01","DATE: Aug-01</b><br>Normal: 11.0 °C<br>Period: 1991-2020","3063686","LAC+LA+BICHE+CLIMATE",2004,2026
"08-01","VPD",2001-08-01,1.52293781371825,0.806530063622277,2.32429580827337,0.394566958703796,1.05416250666509,1.24097105540858,1.72153704647245,1.95915379478409,2.11882578593828,NA,"3063686",30726,"LAC LA BICHE CLIMATE",8,2025-08-01,"DATE: Aug-01<br>Value: 2.1 kPa<br>Anomaly: +0.6 kPa<br>Weather station: NA","DATE: Aug-01<br><b>Vapour pressure deficit</b><br>10-90 percentile<br>1.1 to 2.0 kPa","Historical daily maximum<br>2.3 kPa<br>2025-08-01","DATE: Aug-01</b><br>Normal: 1.5 kPa<br>Period: 1991-2020","3063686","LAC+LA+BICHE+CLIMATE",2004,2026
"08-02","TMAX",2001-08-02,23.2117647058824,16.5,28.3,3.32976770078281,18.92,21.5,25.7,27.18,19.2,NA,"3063686",30726,"LAC LA BICHE CLIMATE",8,2025-08-02,"DATE: Aug-02<br>Value: 19.2 °C<br>Anomaly: -4.0 °C<br>Weather station: NA","DATE: Aug-02<br><b>Maximum temperature</b><br>10-90 percentile<br>18.9 to 27.2 °C","Historical daily maximum<br>28.3 °C<br>2025-08-02","DATE: Aug-02</b><br>Normal: 23.2 °C<br>Period: 1991-2020","3063686","LAC+LA+BICHE+CLIMATE",2004,2026
"08-02","TMIN",2001-08-02,10.7705882352941,5.4,18.6,3.19878193729315,7.3,8.8,12,14.32,11.4,NA,"3063686",30726,"LAC LA BICHE CLIMATE",8,2020-08-02,"DATE: Aug-02<br>Value: 11.4 °C<br>Anomaly: +0.6 °C<br>Weather station: NA","DATE: Aug-02<br><b>Minimum temperature</b><br>10-90 percentile<br>7.3 to 14.3 °C","Historical daily maximum<br>18.6 °C<br>2020-08-02","DATE: Aug-02</b><br>Normal: 10.8 °C<br>Period: 1991-2020","3063686","LAC+LA+BICHE+CLIMATE",2004,2026
"08-02","VPD",2001-08-02,1.57416645140176,0.655660762248272,2.45202262761202,0.506065743210425,0.889710608678344,1.21050245158843,1.89972245354333,2.10067712078533,0.876933147174346,NA,"3063686",30726,"LAC LA BICHE CLIMATE",8,2025-08-02,"DATE: Aug-02<br>Value: 0.9 kPa<br>Anomaly: -0.7 kPa<br>Weather station: NA","DATE: Aug-02<br><b>Vapour pressure deficit</b><br>10-90 percentile<br>0.9 to 2.1 kPa","Historical daily maximum<br>2.5 kPa<br>2025-08-02","DATE: Aug-02</b><br>Normal: 1.6 kPa<br>Period: 1991-2020","3063686","LAC+LA+BICHE+CLIMATE",2004,2026
"08-03","TMAX",2001-08-03,22.8176470588235,16.6,28.4,2.84522303478076,20,21.2,24.5,26.26,18.1,NA,"3063686",30726,"LAC LA BICHE CLIMATE",8,2025-08-03,"DATE: Aug-03<br>Value: 18.1 °C<br>Anomaly: -4.7 °C<br>Weather station: NA","DATE: Aug-03<br><b>Maximum temperature</b><br>10-90 percentile<br>20.0 to 26.3 °C","Historical daily maximum<br>28.4 °C<br>2025-08-03","DATE: Aug-03</b><br>Normal: 22.8 °C<br>Period: 1991-2020","3063686","LAC+LA+BICHE+CLIMATE",2004,2026
"08-03","TMIN",2001-08-03,11.4470588235294,6.2,18.1,2.57247877713763,8.68,10.6,12.7,13.24,8.1,NA,"3063686",30726,"LAC LA BICHE CLIMATE",8,2020-08-03,"DATE: Aug-03<br>Value: 8.1 °C<br>Anomaly: -3.3 °C<br>Weather station: NA","DATE: Aug-03<br><b>Minimum temperature</b><br>10-90 percentile<br>8.7 to 13.2 °C","Historical daily maximum<br>18.1 °C<br>2020-08-03","DATE: Aug-03</b><br>Normal: 11.4 °C<br>Period: 1991-2020","3063686","LAC+LA+BICHE+CLIMATE",2004,2026
"08-03","VPD",2001-08-03,1.4437267922347,0.869392697542713,2.40023327459228,0.434670831683606,0.937155551028616,1.133548708906,1.67990372457459,2.04197498951066,0.996905492077831,NA,"3063686",30726,"LAC LA BICHE CLIMATE",8,2025-08-03,"DATE: Aug-03<br>Value: 1.0 kPa<br>Anomaly: -0.4 kPa<br>Weather station: NA","DATE: Aug-03<br><b>Vapour pressure deficit</b><br>10-90 percentile<br>0.9 to 2.0 kPa","Historical daily maximum<br>2.4 kPa<br>2025-08-03","DATE: Aug-03</b><br>Normal: 1.4 kPa<br>Period: 1991-2020","3063686","LAC+LA+BICHE+CLIMATE",2004,2026
"08-04","TMAX",2001-08-04,23.19375,18.1,29.4,2.98048513948093,19.4,21.45,24.2,26.9,23.4,NA,"3063686",30726,"LAC LA BICHE CLIMATE",8,2014-08-04,"DATE: Aug-04<br>Value: 23.4 °C<br>Anomaly: +0.2 °C<br>Weather station: NA","DATE: Aug-04<br><b>Maximum temperature</b><br>10-90 percentile<br>19.4 to 26.9 °C","Historical daily maximum<br>29.4 °C<br>2014-08-04","DATE: Aug-04</b><br>Normal: 23.2 °C<br>Period: 1991-2020","3063686","LAC+LA+BICHE+CLIMATE",2004,2026
"08-04","TMIN",2001-08-04,10.98125,5.9,16.3,3.275,6.95,8.075,13.65,14.75,7.9,NA,"3063686",30726,"LAC LA BICHE CLIMATE",8,2004-08-04,"DATE: Aug-04<br>Value: 7.9 °C<br>Anomaly: -3.1 °C<br>Weather station: NA","DATE: Aug-04<br><b>Minimum temperature</b><br>10-90 percentile<br>7.0 to 14.8 °C","Historical daily maximum<br>16.3 °C<br>2004-08-04","DATE: Aug-04</b><br>Normal: 11.0 °C<br>Period: 1991-2020","3063686","LAC+LA+BICHE+CLIMATE",2004,2026
"08-04","VPD",2001-08-04,1.54406888106064,0.826891151283665,2.89571430278289,0.563028140333168,0.932376183456058,1.05959888900918,1.81155864136385,2.16527995757103,1.81264595485089,NA,"3063686",30726,"LAC LA BICHE CLIMATE",8,2014-08-04,"DATE: Aug-04<br>Value: 1.8 kPa<br>Anomaly: +0.3 kPa<br>Weather station: NA","DATE: Aug-04<br><b>Vapour pressure deficit</b><br>10-90 percentile<br>0.9 to 2.2 kPa","Historical daily maximum<br>2.9 kPa<br>2014-08-04","DATE: Aug-04</b><br>Normal: 1.5 kPa<br>Period: 1991-2020","3063686","LAC+LA+BICHE+CLIMATE",2004,2026
"08-05","TMAX",2001-08-05,23.7647058823529,15.6,28.2,3.06042096297033,20.38,22.2,25.3,26.62,20.8,NA,"3063686",30726,"LAC LA BICHE CLIMATE",8,2021-08-05,"DATE: Aug-05<br>Value: 20.8 °C<br>Anomaly: -3.0 °C<br>Weather station: NA","DATE: Aug-05<br><b>Maximum temperature</b><br>10-90 percentile<br>20.4 to 26.6 °C","Historical daily maximum<br>28.2 °C<br>2021-08-05","DATE: Aug-05</b><br>Normal: 23.8 °C<br>Period: 1991-2020","3063686","LAC+LA+BICHE+CLIMATE",2004,2026
"08-05","TMIN",2001-08-05,10.4058823529412,3.4,13.7,2.61664637184586,7.9,9.7,12.3,13.24,10.5,NA,"3063686",30726,"LAC LA BICHE CLIMATE",8,2021-08-05,"DATE: Aug-05<br>Value: 10.5 °C<br>Anomaly: +0.1 °C<br>Weather station: NA","DATE: Aug-05<br><b>Minimum temperature</b><br>10-90 percentile<br>7.9 to 13.2 °C","Historical daily maximum<br>13.7 °C<br>2021-08-05","DATE: Aug-05</b><br>Normal: 10.4 °C<br>Period: 1991-2020","3063686","LAC+LA+BICHE+CLIMATE",2004,2026
"08-05","VPD",2001-08-05,1.70425546040372,0.552589269848707,2.39362061364184,0.474548110983899,1.12866318131961,1.3859811586062,1.96949672048385,2.19922949880272,1.18689943477743,NA,"3063686",30726,"LAC LA BICHE CLIMATE",8,2021-08-05,"DATE: Aug-05<br>Value: 1.2 kPa<br>Anomaly: -0.5 kPa<br>Weather station: NA","DATE: Aug-05<br><b>Vapour pressure deficit</b><br>10-90 percentile<br>1.1 to 2.2 kPa","Historical daily maximum<br>2.4 kPa<br>2021-08-05","DATE: Aug-05</b><br>Normal: 1.7 kPa<br>Period: 1991-2020","3063686","LAC+LA+BICHE+CLIMATE",2004,2026
"08-06","TMAX",2001-08-06,24.0764705882353,17.7,31.9,3.94929256509389,19.16,20.5,26.7,28.12,16,NA,"3063686",30726,"LAC LA BICHE CLIMATE",8,2020-08-06,"DATE: Aug-06<br>Value: 16.0 °C<br>Anomaly: -8.1 °C<br>Weather station: NA","DATE: Aug-06<br><b>Maximum temperature</b><br>10-90 percentile<br>19.2 to 28.1 °C","Historical daily maximum<br>31.9 °C<br>2020-08-06","DATE: Aug-06</b><br>Normal: 24.1 °C<br>Period: 1991-2020","3063686","LAC+LA+BICHE+CLIMATE",2004,2026
"08-06","TMIN",2001-08-06,10.6529411764706,7.3,14.8,2.39455571219872,8.04,8.6,13,13.98,9.2,NA,"3063686",30726,"LAC LA BICHE CLIMATE",8,2020-08-06,"DATE: Aug-06<br>Value: 9.2 °C<br>Anomaly: -1.5 °C<br>Weather station: NA","DATE: Aug-06<br><b>Minimum temperature</b><br>10-90 percentile<br>8.0 to 14.0 °C","Historical daily maximum<br>14.8 °C<br>2020-08-06","DATE: Aug-06</b><br>Normal: 10.7 °C<br>Period: 1991-2020","3063686","LAC+LA+BICHE+CLIMATE",2004,2026
"08-06","VPD",2001-08-06,1.77071974291389,0.741740880283892,3.04446097234092,0.627908225305724,0.931404418860566,1.35339786574499,2.17530323768663,2.4219370304129,0.654622116986521,NA,"3063686",30726,"LAC LA BICHE CLIMATE",8,2020-08-06,"DATE: Aug-06<br>Value: 0.7 kPa<br>Anomaly: -1.1 kPa<br>Weather station: NA","DATE: Aug-06<br><b>Vapour pressure deficit</b><br>10-90 percentile<br>0.9 to 2.4 kPa","Historical daily maximum<br>3.0 kPa<br>2020-08-06","DATE: Aug-06</b><br>Normal: 1.8 kPa<br>Period: 1991-2020","3063686","LAC+LA+BICHE+CLIMATE",2004,2026
"08-07","TMAX",2001-08-07,23.0117647058824,13.8,29.2,4.44731412665852,17.48,20.5,26.5,28.4,NA,NA,NA,NA,NA,8,2008-08-07,"","DATE: Aug-07<br><b>Maximum temperature</b><br>10-90 percentile<br>17.5 to 28.4 °C","Historical daily maximum<br>29.2 °C<br>2008-08-07","DATE: Aug-07</b><br>Normal: 23.0 °C<br>Period: 1991-2020","3063686","LAC+LA+BICHE+CLIMATE",2004,2026
"08-07","TMIN",2001-08-07,11.6058823529412,6.1,16.6,2.88020628346202,7.68,10.2,13.6,14.3,NA,NA,NA,NA,NA,8,2018-08-07,"","DATE: Aug-07<br><b>Minimum temperature</b><br>10-90 percentile<br>7.7 to 14.3 °C","Historical daily maximum<br>16.6 °C<br>2018-08-07","DATE: Aug-07</b><br>Normal: 11.6 °C<br>Period: 1991-2020","3063686","LAC+LA+BICHE+CLIMATE",2004,2026
"08-07","VPD",2001-08-07,1.5064155975276,0.333457453932882,2.42221418639878,0.637715027365147,0.677401273586215,1.04532633278528,1.86659008351584,2.35990083944409,NA,NA,NA,NA,NA,8,2008-08-07,"","DATE: Aug-07<br><b>Vapour pressure deficit</b><br>10-90 percentile<br>0.7 to 2.4 kPa","Historical daily maximum<br>2.4 kPa<br>2008-08-07","DATE: Aug-07</b><br>Normal: 1.5 kPa<br>Period: 1991-2020","3063686","LAC+LA+BICHE+CLIMATE",2004,2026
"08-08","TMAX",2001-08-08,23.2294117647059,14.3,30,4.57079926078065,17.1,20.9,26.9,28.9,NA,NA,NA,NA,NA,8,2008-08-08,"","DATE: Aug-08<br><b>Maximum temperature</b><br>10-90 percentile<br>17.1 to 28.9 °C","Historical daily maximum<br>30.0 °C<br>2008-08-08","DATE: Aug-08</b><br>Normal: 23.2 °C<br>Period: 1991-2020","3063686","LAC+LA+BICHE+CLIMATE",2004,2026
"08-08","TMIN",2001-08-08,9.72352941176471,4.7,13.5,2.56771528108275,5.92,8.4,11.5,12.48,NA,NA,NA,NA,NA,8,2025-08-08,"","DATE: Aug-08<br><b>Minimum temperature</b><br>10-90 percentile<br>5.9 to 12.5 °C","Historical daily maximum<br>13.5 °C<br>2025-08-08","DATE: Aug-08</b><br>Normal: 9.7 °C<br>Period: 1991-2020","3063686","LAC+LA+BICHE+CLIMATE",2004,2026
"08-08","VPD",2001-08-08,1.7165895534866,0.681742399302763,2.85889127557472,0.661420223741763,0.848896947715018,1.32625310292611,2.31428442891264,2.51107438287909,NA,NA,NA,NA,NA,8,2008-08-08,"","DATE: Aug-08<br><b>Vapour pressure deficit</b><br>10-90 percentile<br>0.8 to 2.5 kPa","Historical daily maximum<br>2.9 kPa<br>2008-08-08","DATE: Aug-08</b><br>Normal: 1.7 kPa<br>Period: 1991-2020","3063686","LAC+LA+BICHE+CLIMATE",2004,2026
"08-09","TMAX",2001-08-09,22.8470588235294,16.8,30.6,4.18077708791363,16.9,20,25.8,27.46,NA,NA,NA,NA,NA,8,2018-08-09,"","DATE: Aug-09<br><b>Maximum temperature</b><br>10-90 percentile<br>16.9 to 27.5 °C","Historical daily maximum<br>30.6 °C<br>2018-08-09","DATE: Aug-09</b><br>Normal: 22.8 °C<br>Period: 1991-2020","3063686","LAC+LA+BICHE+CLIMATE",2004,2026
"08-09","TMIN",2001-08-09,9.98823529411765,2,16.9,3.83191896328412,5.34,7.3,12.2,14.38,NA,NA,NA,NA,NA,8,2008-08-09,"","DATE: Aug-09<br><b>Minimum temperature</b><br>10-90 percentile<br>5.3 to 14.4 °C","Historical daily maximum<br>16.9 °C<br>2008-08-09","DATE: Aug-09</b><br>Normal: 10.0 °C<br>Period: 1991-2020","3063686","LAC+LA+BICHE+CLIMATE",2004,2026
"08-09","VPD",2001-08-09,1.59714227752565,0.685343075169744,2.86387423381413,0.618639553977834,0.965269531552649,1.06527618897377,1.99724104318857,2.38500384666009,NA,NA,NA,NA,NA,8,2018-08-09,"","DATE: Aug-09<br><b>Vapour pressure deficit</b><br>10-90 percentile<br>1.0 to 2.4 kPa","Historical daily maximum<br>2.9 kPa<br>2018-08-09","DATE: Aug-09</b><br>Normal: 1.6 kPa<br>Period: 1991-2020","3063686","LAC+LA+BICHE+CLIMATE",2004,2026
"08-10","TMAX",2001-08-10,23.1,13.9,29.9,4.0196392872993,17.72,20.9,25.7,27.02,NA,NA,NA,NA,NA,8,2018-08-10,"","DATE: Aug-10<br><b>Maximum temperature</b><br>10-90 percentile<br>17.7 to 27.0 °C","Historical daily maximum<br>29.9 °C<br>2018-08-10","DATE: Aug-10</b><br>Normal: 23.1 °C<br>Period: 1991-2020","3063686","LAC+LA+BICHE+CLIMATE",2004,2026
"08-10","TMIN",2001-08-10,9.91764705882353,3.3,15.7,3.28047925121423,5.3,8.4,11.6,13.44,NA,NA,NA,NA,NA,8,2018-08-10,"","DATE: Aug-10<br><b>Minimum temperature</b><br>10-90 percentile<br>5.3 to 13.4 °C","Historical daily maximum<br>15.7 °C<br>2018-08-10","DATE: Aug-10</b><br>Normal: 9.9 °C<br>Period: 1991-2020","3063686","LAC+LA+BICHE+CLIMATE",2004,2026
"08-10","VPD",2001-08-10,1.64774074051711,0.734048978690707,2.43505256528667,0.52266036211509,0.939560256581679,1.28993655033683,2.05018978354872,2.26338530618841,NA,NA,NA,NA,NA,8,2018-08-10,"","DATE: Aug-10<br><b>Vapour pressure deficit</b><br>10-90 percentile<br>0.9 to 2.3 kPa","Historical daily maximum<br>2.4 kPa<br>2018-08-10","DATE: Aug-10</b><br>Normal: 1.6 kPa<br>Period: 1991-2020","3063686","LAC+LA+BICHE+CLIMATE",2004,2026
"08-11","TMAX",2001-08-11,21.9411764705882,15.3,28.6,3.63766044723965,17.56,20,24.5,26.06,NA,NA,NA,NA,NA,8,2022-08-11,"","DATE: Aug-11<br><b>Maximum temperature</b><br>10-90 percentile<br>17.6 to 26.1 °C","Historical daily maximum<br>28.6 °C<br>2022-08-11","DATE: Aug-11</b><br>Normal: 21.9 °C<br>Period: 1991-2020","3063686","LAC+LA+BICHE+CLIMATE",2004,2026
"08-11","TMIN",2001-08-11,10.1470588235294,3.1,14.6,2.9851963183053,6.76,8.1,12.1,13.68,NA,NA,NA,NA,NA,8,2015-08-11,"","DATE: Aug-11<br><b>Minimum temperature</b><br>10-90 percentile<br>6.8 to 13.7 °C","Historical daily maximum<br>14.6 °C<br>2015-08-11","DATE: Aug-11</b><br>Normal: 10.1 °C<br>Period: 1991-2020","3063686","LAC+LA+BICHE+CLIMATE",2004,2026
"08-11","VPD",2001-08-11,1.42778309220801,0.317395674477702,2.45791903418777,0.605429039043837,0.717609732793002,1.02556713182162,1.87263854396504,2.2013654513606,NA,NA,NA,NA,NA,8,2022-08-11,"","DATE: Aug-11<br><b>Vapour pressure deficit</b><br>10-90 percentile<br>0.7 to 2.2 kPa","Historical daily maximum<br>2.5 kPa<br>2022-08-11","DATE: Aug-11</b><br>Normal: 1.4 kPa<br>Period: 1991-2020","3063686","LAC+LA+BICHE+CLIMATE",2004,2026
"08-12","TMAX",2001-08-12,21.2764705882353,13.2,29.2,4.79511853500056,15.32,17.9,25.1,27.22,NA,NA,NA,NA,NA,8,2014-08-12,"","DATE: Aug-12<br><b>Maximum temperature</b><br>10-90 percentile<br>15.3 to 27.2 °C","Historical daily maximum<br>29.2 °C<br>2014-08-12","DATE: Aug-12</b><br>Normal: 21.3 °C<br>Period: 1991-2020","3063686","LAC+LA+BICHE+CLIMATE",2004,2026
"08-12","TMIN",2001-08-12,10.7588235294118,8.2,15.6,2.20257202593054,8.52,9,12.3,14.04,NA,NA,NA,NA,NA,8,2015-08-12,"","DATE: Aug-12<br><b>Minimum temperature</b><br>10-90 percentile<br>8.5 to 14.0 °C","Historical daily maximum<br>15.6 °C<br>2015-08-12","DATE: Aug-12</b><br>Normal: 10.8 °C<br>Period: 1991-2020","3063686","LAC+LA+BICHE+CLIMATE",2004,2026
"08-12","VPD",2001-08-12,1.31613639351965,0.221933431096612,2.62165672283684,0.732846687165903,0.406312513391529,0.707718824509527,1.77212919913482,2.23808850363226,NA,NA,NA,NA,NA,8,2024-08-12,"","DATE: Aug-12<br><b>Vapour pressure deficit</b><br>10-90 percentile<br>0.4 to 2.2 kPa","Historical daily maximum<br>2.6 kPa<br>2024-08-12","DATE: Aug-12</b><br>Normal: 1.3 kPa<br>Period: 1991-2020","3063686","LAC+LA+BICHE+CLIMATE",2004,2026
"08-13","TMAX",2001-08-13,22.3117647058824,15,30,4.86645178144985,16.16,19.1,25.9,28.86,NA,NA,NA,NA,NA,8,2021-08-13,"","DATE: Aug-13<br><b>Maximum temperature</b><br>10-90 percentile<br>16.2 to 28.9 °C","Historical daily maximum<br>30.0 °C<br>2021-08-13","DATE: Aug-13</b><br>Normal: 22.3 °C<br>Period: 1991-2020","3063686","LAC+LA+BICHE+CLIMATE",2004,2026
"08-13","TMIN",2001-08-13,10.4529411764706,4.5,17,3.45128918794463,6.3,7.8,12.5,14,NA,NA,NA,NA,NA,8,2014-08-13,"","DATE: Aug-13<br><b>Minimum temperature</b><br>10-90 percentile<br>6.3 to 14.0 °C","Historical daily maximum<br>17.0 °C<br>2014-08-13","DATE: Aug-13</b><br>Normal: 10.5 °C<br>Period: 1991-2020","3063686","LAC+LA+BICHE+CLIMATE",2004,2026
"08-13","VPD",2001-08-13,1.49890328384107,0.585416089037331,2.72558633615333,0.660412547433342,0.741760248623061,1.00139185193212,1.95365017931477,2.36666420271448,NA,NA,NA,NA,NA,8,2021-08-13,"","DATE: Aug-13<br><b>Vapour pressure deficit</b><br>10-90 percentile<br>0.7 to 2.4 kPa","Historical daily maximum<br>2.7 kPa<br>2021-08-13","DATE: Aug-13</b><br>Normal: 1.5 kPa<br>Period: 1991-2020","3063686","LAC+LA+BICHE+CLIMATE",2004,2026
"08-14","TMAX",2001-08-14,22.5588235294118,15.6,27.5,4.35273747536097,15.72,19.8,26.4,27.38,NA,NA,NA,NA,NA,8,2021-08-14,"","DATE: Aug-14<br><b>Maximum temperature</b><br>10-90 percentile<br>15.7 to 27.4 °C","Historical daily maximum<br>27.5 °C<br>2021-08-14","DATE: Aug-14</b><br>Normal: 22.6 °C<br>Period: 1991-2020","3063686","LAC+LA+BICHE+CLIMATE",2004,2026
"08-14","TMIN",2001-08-14,10.6411764705882,2.1,14.5,3.11990761552514,8.44,8.8,13.4,14.04,NA,NA,NA,NA,NA,8,2023-08-14,"","DATE: Aug-14<br><b>Minimum temperature</b><br>10-90 percentile<br>8.4 to 14.0 °C","Historical daily maximum<br>14.5 °C<br>2023-08-14","DATE: Aug-14</b><br>Normal: 10.6 °C<br>Period: 1991-2020","3063686","LAC+LA+BICHE+CLIMATE",2004,2026
"08-14","VPD",2001-08-14,1.50847614682982,0.41536169129515,2.53862942814857,0.649015791227607,0.746154023054646,1.06164007923158,2.09116005263392,2.20710043108839,NA,NA,NA,NA,NA,8,2021-08-14,"","DATE: Aug-14<br><b>Vapour pressure deficit</b><br>10-90 percentile<br>0.7 to 2.2 kPa","Historical daily maximum<br>2.5 kPa<br>2021-08-14","DATE: Aug-14</b><br>Normal: 1.5 kPa<br>Period: 1991-2020","3063686","LAC+LA+BICHE+CLIMATE",2004,2026
"08-15","TMAX",2001-08-15,21.5,14.2,29.8,4.47562844749204,16.66,18.5,24.3,27.5,NA,NA,NA,NA,NA,8,2008-08-15,"","DATE: Aug-15<br><b>Maximum temperature</b><br>10-90 percentile<br>16.7 to 27.5 °C","Historical daily maximum<br>29.8 °C<br>2008-08-15","DATE: Aug-15</b><br>Normal: 21.5 °C<br>Period: 1991-2020","3063686","LAC+LA+BICHE+CLIMATE",2004,2026
"08-15","TMIN",2001-08-15,9.77058823529412,1.4,14.2,3.49656343891441,6.12,7.2,12.2,14,NA,NA,NA,NA,NA,8,2021-08-15,"","DATE: Aug-15<br><b>Minimum temperature</b><br>10-90 percentile<br>6.1 to 14.0 °C","Historical daily maximum<br>14.2 °C<br>2021-08-15","DATE: Aug-15</b><br>Normal: 9.8 °C<br>Period: 1991-2020","3063686","LAC+LA+BICHE+CLIMATE",2004,2026
"08-15","VPD",2001-08-15,1.40967124933914,0.521799187551605,2.84660463975385,0.662443800307658,0.711906836976116,0.772791522903094,1.80278175011095,2.28537989021328,NA,NA,NA,NA,NA,8,2008-08-15,"","DATE: Aug-15<br><b>Vapour pressure deficit</b><br>10-90 percentile<br>0.7 to 2.3 kPa","Historical daily maximum<br>2.8 kPa<br>2008-08-15","DATE: Aug-15</b><br>Normal: 1.4 kPa<br>Period: 1991-2020","3063686","LAC+LA+BICHE+CLIMATE",2004,2026
"08-16","TMAX",2001-08-16,21.6588235294118,11.6,28.6,4.4198499442189,16.7,20,25.1,27.5,NA,NA,NA,NA,NA,8,2014-08-16,"","DATE: Aug-16<br><b>Maximum temperature</b><br>10-90 percentile<br>16.7 to 27.5 °C","Historical daily maximum<br>28.6 °C<br>2014-08-16","DATE: Aug-16</b><br>Normal: 21.7 °C<br>Period: 1991-2020","3063686","LAC+LA+BICHE+CLIMATE",2004,2026
"08-16","TMIN",2001-08-16,8.83529411764706,2.3,14.9,3.47561886152499,4.04,7.8,9.9,13.76,NA,NA,NA,NA,NA,8,2014-08-16,"","DATE: Aug-16<br><b>Minimum temperature</b><br>10-90 percentile<br>4.0 to 13.8 °C","Historical daily maximum<br>14.9 °C<br>2014-08-16","DATE: Aug-16</b><br>Normal: 8.8 °C<br>Period: 1991-2020","3063686","LAC+LA+BICHE+CLIMATE",2004,2026
"08-16","VPD",2001-08-16,1.50441527555243,0.564112066353228,2.52622673400506,0.577864150226286,0.708810764483566,1.19022079294933,1.96770917622591,2.24765403144914,NA,NA,NA,NA,NA,8,2020-08-16,"","DATE: Aug-16<br><b>Vapour pressure deficit</b><br>10-90 percentile<br>0.7 to 2.2 kPa","Historical daily maximum<br>2.5 kPa<br>2020-08-16","DATE: Aug-16</b><br>Normal: 1.5 kPa<br>Period: 1991-2020","3063686","LAC+LA+BICHE+CLIMATE",2004,2026
"08-17","TMAX",2001-08-17,22.1941176470588,11.3,29.6,4.59312945988834,16.84,20.1,25.9,26.54,NA,NA,NA,NA,NA,8,2020-08-17,"","DATE: Aug-17<br><b>Maximum temperature</b><br>10-90 percentile<br>16.8 to 26.5 °C","Historical daily maximum<br>29.6 °C<br>2020-08-17","DATE: Aug-17</b><br>Normal: 22.2 °C<br>Period: 1991-2020","3063686","LAC+LA+BICHE+CLIMATE",2004,2026
"08-17","TMIN",2001-08-17,9.32352941176471,4.5,14.8,2.92927666237006,5.3,7.5,11.2,12.48,NA,NA,NA,NA,NA,8,2014-08-17,"","DATE: Aug-17<br><b>Minimum temperature</b><br>10-90 percentile<br>5.3 to 12.5 °C","Historical daily maximum<br>14.8 °C<br>2014-08-17","DATE: Aug-17</b><br>Normal: 9.3 °C<br>Period: 1991-2020","3063686","LAC+LA+BICHE+CLIMATE",2004,2026
"08-17","VPD",2001-08-17,1.56559645378636,0.266353333518722,2.81641356251986,0.665983984231546,0.828558422895597,1.05342477953162,2.04505511760681,2.34028925321542,NA,NA,NA,NA,NA,8,2020-08-17,"","DATE: Aug-17<br><b>Vapour pressure deficit</b><br>10-90 percentile<br>0.8 to 2.3 kPa","Historical daily maximum<br>2.8 kPa<br>2020-08-17","DATE: Aug-17</b><br>Normal: 1.6 kPa<br>Period: 1991-2020","3063686","LAC+LA+BICHE+CLIMATE",2004,2026
"08-18","TMAX",2001-08-18,21.8941176470588,10.1,31.1,5.50380216171458,15.38,19.5,25,28.78,NA,NA,NA,NA,NA,8,2020-08-18,"","DATE: Aug-18<br><b>Maximum temperature</b><br>10-90 percentile<br>15.4 to 28.8 °C","Historical daily maximum<br>31.1 °C<br>2020-08-18","DATE: Aug-18</b><br>Normal: 21.9 °C<br>Period: 1991-2020","3063686","LAC+LA+BICHE+CLIMATE",2004,2026
"08-18","TMIN",2001-08-18,9.07647058823529,1.8,17,3.66017919844178,5.28,7.2,10.9,13.44,NA,NA,NA,NA,NA,8,2008-08-18,"","DATE: Aug-18<br><b>Minimum temperature</b><br>10-90 percentile<br>5.3 to 13.4 °C","Historical daily maximum<br>17.0 °C<br>2008-08-18","DATE: Aug-18</b><br>Normal: 9.1 °C<br>Period: 1991-2020","3063686","LAC+LA+BICHE+CLIMATE",2004,2026
"08-18","VPD",2001-08-18,1.56394819053487,0.241215712318759,3.15223653783256,0.774041097487915,0.810624871634763,1.04712189915494,1.79140029299911,2.6855736595439,NA,NA,NA,NA,NA,8,2020-08-18,"","DATE: Aug-18<br><b>Vapour pressure deficit</b><br>10-90 percentile<br>0.8 to 2.7 kPa","Historical daily maximum<br>3.2 kPa<br>2020-08-18","DATE: Aug-18</b><br>Normal: 1.6 kPa<br>Period: 1991-2020","3063686","LAC+LA+BICHE+CLIMATE",2004,2026
"08-19","TMAX",2001-08-19,21.0529411764706,13.3,30,4.08566360079039,17.12,18.9,24.8,25.58,NA,NA,NA,NA,NA,8,2022-08-19,"","DATE: Aug-19<br><b>Maximum temperature</b><br>10-90 percentile<br>17.1 to 25.6 °C","Historical daily maximum<br>30.0 °C<br>2022-08-19","DATE: Aug-19</b><br>Normal: 21.1 °C<br>Period: 1991-2020","3063686","LAC+LA+BICHE+CLIMATE",2004,2026
"08-19","TMIN",2001-08-19,9.32352941176471,3.4,16.1,3.51043612172418,4.92,6.8,11.9,13.32,NA,NA,NA,NA,NA,8,2008-08-19,"","DATE: Aug-19<br><b>Minimum temperature</b><br>10-90 percentile<br>4.9 to 13.3 °C","Historical daily maximum<br>16.1 °C<br>2008-08-19","DATE: Aug-19</b><br>Normal: 9.3 °C<br>Period: 1991-2020","3063686","LAC+LA+BICHE+CLIMATE",2004,2026
"08-19","VPD",2001-08-19,1.36054088178588,0.5598882099229,2.84972288089417,0.52132051154244,0.763837171281712,1.13478741956901,1.51902827045528,1.77213824599093,NA,NA,NA,NA,NA,8,2022-08-19,"","DATE: Aug-19<br><b>Vapour pressure deficit</b><br>10-90 percentile<br>0.8 to 1.8 kPa","Historical daily maximum<br>2.8 kPa<br>2022-08-19","DATE: Aug-19</b><br>Normal: 1.4 kPa<br>Period: 1991-2020","3063686","LAC+LA+BICHE+CLIMATE",2004,2026
"08-20","TMAX",2001-08-20,21.75,17.5,30.9,3.11512439559001,19.15,19.775,22.4,24.45,NA,NA,NA,NA,NA,8,2012-08-20,"","DATE: Aug-20<br><b>Maximum temperature</b><br>10-90 percentile<br>19.1 to 24.4 °C","Historical daily maximum<br>30.9 °C<br>2012-08-20","DATE: Aug-20</b><br>Normal: 21.8 °C<br>Period: 1991-2020","3063686","LAC+LA+BICHE+CLIMATE",2004,2026
"08-20","TMIN",2001-08-20,7.82352941176471,3.2,12.1,2.81325643422456,4.22,5.5,9.5,11.42,NA,NA,NA,NA,NA,8,2022-08-20,"","DATE: Aug-20<br><b>Minimum temperature</b><br>10-90 percentile<br>4.2 to 11.4 °C","Historical daily maximum<br>12.1 °C<br>2022-08-20","DATE: Aug-20</b><br>Normal: 7.8 °C<br>Period: 1991-2020","3063686","LAC+LA+BICHE+CLIMATE",2004,2026
"08-20","VPD",2001-08-20,1.57197134947423,0.588147842416113,3.12795650486883,0.602797696275281,0.971668344295833,1.14548103570037,1.87119905501451,2.09121773589895,NA,NA,NA,NA,NA,8,2012-08-20,"","DATE: Aug-20<br><b>Vapour pressure deficit</b><br>10-90 percentile<br>1.0 to 2.1 kPa","Historical daily maximum<br>3.1 kPa<br>2012-08-20","DATE: Aug-20</b><br>Normal: 1.6 kPa<br>Period: 1991-2020","3063686","LAC+LA+BICHE+CLIMATE",2004,2026
"08-21","TMAX",2001-08-21,21.3411764705882,12.6,29.5,5.19122562882907,14.34,18.2,25.9,27.32,NA,NA,NA,NA,NA,8,2012-08-21,"","DATE: Aug-21<br><b>Maximum temperature</b><br>10-90 percentile<br>14.3 to 27.3 °C","Historical daily maximum<br>29.5 °C<br>2012-08-21","DATE: Aug-21</b><br>Normal: 21.3 °C<br>Period: 1991-2020","3063686","LAC+LA+BICHE+CLIMATE",2004,2026
"08-21","TMIN",2001-08-21,9.35294117647059,4,14.2,3.3444202874076,5.38,6.5,11.7,13.48,NA,NA,NA,NA,NA,8,2022-08-21,"","DATE: Aug-21<br><b>Minimum temperature</b><br>10-90 percentile<br>5.4 to 13.5 °C","Historical daily maximum<br>14.2 °C<br>2022-08-21","DATE: Aug-21</b><br>Normal: 9.4 °C<br>Period: 1991-2020","3063686","LAC+LA+BICHE+CLIMATE",2004,2026
"08-21","VPD",2001-08-21,1.44389584625541,0.34162459009415,2.50341409895581,0.680211935198437,0.76141282674312,0.934844372084393,1.94002604189126,2.35645883338474,NA,NA,NA,NA,NA,8,2012-08-21,"","DATE: Aug-21<br><b>Vapour pressure deficit</b><br>10-90 percentile<br>0.8 to 2.4 kPa","Historical daily maximum<br>2.5 kPa<br>2012-08-21","DATE: Aug-21</b><br>Normal: 1.4 kPa<br>Period: 1991-2020","3063686","LAC+LA+BICHE+CLIMATE",2004,2026
"08-22","TMAX",2001-08-22,20.0294117647059,12.4,27.2,4.54831901721427,16.08,16.6,22.8,26.62,NA,NA,NA,NA,NA,8,2018-08-22,"","DATE: Aug-22<br><b>Maximum temperature</b><br>10-90 percentile<br>16.1 to 26.6 °C","Historical daily maximum<br>27.2 °C<br>2018-08-22","DATE: Aug-22</b><br>Normal: 20.0 °C<br>Period: 1991-2020","3063686","LAC+LA+BICHE+CLIMATE",2004,2026
"08-22","TMIN",2001-08-22,8.65882352941176,2.8,13.8,3.77476138708287,3.1,6.4,12.4,13.42,NA,NA,NA,NA,NA,8,2016-08-22,"","DATE: Aug-22<br><b>Minimum temperature</b><br>10-90 percentile<br>3.1 to 13.4 °C","Historical daily maximum<br>13.8 °C<br>2016-08-22","DATE: Aug-22</b><br>Normal: 8.7 °C<br>Period: 1991-2020","3063686","LAC+LA+BICHE+CLIMATE",2004,2026
"08-22","VPD",2001-08-22,1.26890383006045,0.361734414738862,2.36287114713635,0.644718219480283,0.60050250533266,0.845381790787489,1.73885130585591,2.29298585814364,NA,NA,NA,NA,NA,8,2018-08-22,"","DATE: Aug-22<br><b>Vapour pressure deficit</b><br>10-90 percentile<br>0.6 to 2.3 kPa","Historical daily maximum<br>2.4 kPa<br>2018-08-22","DATE: Aug-22</b><br>Normal: 1.3 kPa<br>Period: 1991-2020","3063686","LAC+LA+BICHE+CLIMATE",2004,2026
"08-23","TMAX",2001-08-23,18.8705882352941,9.6,26.3,4.14891020418048,15.28,16.3,21.3,24.08,NA,NA,NA,NA,NA,8,2024-08-23,"","DATE: Aug-23<br><b>Maximum temperature</b><br>10-90 percentile<br>15.3 to 24.1 °C","Historical daily maximum<br>26.3 °C<br>2024-08-23","DATE: Aug-23</b><br>Normal: 18.9 °C<br>Period: 1991-2020","3063686","LAC+LA+BICHE+CLIMATE",2004,2026
"08-23","TMIN",2001-08-23,7.6,0.5,11.8,3.1892397213129,3.74,6.2,9.8,11.44,NA,NA,NA,NA,NA,8,2023-08-23,"","DATE: Aug-23<br><b>Minimum temperature</b><br>10-90 percentile<br>3.7 to 11.4 °C","Historical daily maximum<br>11.8 °C<br>2023-08-23","DATE: Aug-23</b><br>Normal: 7.6 °C<br>Period: 1991-2020","3063686","LAC+LA+BICHE+CLIMATE",2004,2026
"08-23","VPD",2001-08-23,1.17588846795859,0.151541999519473,2.41275601973384,0.583639203635531,0.649528296445338,0.792763659349728,1.32160295464527,1.96322785940407,NA,NA,NA,NA,NA,8,2024-08-23,"","DATE: Aug-23<br><b>Vapour pressure deficit</b><br>10-90 percentile<br>0.6 to 2.0 kPa","Historical daily maximum<br>2.4 kPa<br>2024-08-23","DATE: Aug-23</b><br>Normal: 1.2 kPa<br>Period: 1991-2020","3063686","LAC+LA+BICHE+CLIMATE",2004,2026
"08-24","TMAX",2001-08-24,20.4470588235294,10,26.2,3.88685567764273,16.9,18.3,23.5,24.28,NA,NA,NA,NA,NA,8,2022-08-24,"","DATE: Aug-24<br><b>Maximum temperature</b><br>10-90 percentile<br>16.9 to 24.3 °C","Historical daily maximum<br>26.2 °C<br>2022-08-24","DATE: Aug-24</b><br>Normal: 20.4 °C<br>Period: 1991-2020","3063686","LAC+LA+BICHE+CLIMATE",2004,2026
"08-24","TMIN",2001-08-24,8.44705882352941,4.4,13.7,2.56834519853222,5.58,6.8,9.9,11.66,NA,NA,NA,NA,NA,8,2024-08-24,"","DATE: Aug-24<br><b>Minimum temperature</b><br>10-90 percentile<br>5.6 to 11.7 °C","Historical daily maximum<br>13.7 °C<br>2024-08-24","DATE: Aug-24</b><br>Normal: 8.4 °C<br>Period: 1991-2020","3063686","LAC+LA+BICHE+CLIMATE",2004,2026
"08-24","VPD",2001-08-24,1.33791557101397,0.205277844271951,2.07490611411969,0.501829210601415,0.791800328682058,0.981484784475551,1.6812787094724,1.8913321906532,NA,NA,NA,NA,NA,8,2022-08-24,"","DATE: Aug-24<br><b>Vapour pressure deficit</b><br>10-90 percentile<br>0.8 to 1.9 kPa","Historical daily maximum<br>2.1 kPa<br>2022-08-24","DATE: Aug-24</b><br>Normal: 1.3 kPa<br>Period: 1991-2020","3063686","LAC+LA+BICHE+CLIMATE",2004,2026
"08-25","TMAX",2001-08-25,19.3,11.9,23.5,3.12559327701691,15.4,17.95,21.2,22.5,NA,NA,NA,NA,NA,8,2022-08-25,"","DATE: Aug-25<br><b>Maximum temperature</b><br>10-90 percentile<br>15.4 to 22.5 °C","Historical daily maximum<br>23.5 °C<br>2022-08-25","DATE: Aug-25</b><br>Normal: 19.3 °C<br>Period: 1991-2020","3063686","LAC+LA+BICHE+CLIMATE",2004,2026
"08-25","TMIN",2001-08-25,8.19411764705882,2.4,12.4,2.80612512823183,4.66,6,10.5,11.18,NA,NA,NA,NA,NA,8,2015-08-25,"","DATE: Aug-25<br><b>Minimum temperature</b><br>10-90 percentile<br>4.7 to 11.2 °C","Historical daily maximum<br>12.4 °C<br>2015-08-25","DATE: Aug-25</b><br>Normal: 8.2 °C<br>Period: 1991-2020","3063686","LAC+LA+BICHE+CLIMATE",2004,2026
"08-25","VPD",2001-08-25,1.18399885100253,0.283489286975805,1.78127777776606,0.416724888049282,0.710776140523922,0.864373347982656,1.46078933667589,1.69297136118989,NA,NA,NA,NA,NA,8,2025-08-25,"","DATE: Aug-25<br><b>Vapour pressure deficit</b><br>10-90 percentile<br>0.7 to 1.7 kPa","Historical daily maximum<br>1.8 kPa<br>2025-08-25","DATE: Aug-25</b><br>Normal: 1.2 kPa<br>Period: 1991-2020","3063686","LAC+LA+BICHE+CLIMATE",2004,2026
"08-26","TMAX",2001-08-26,20.7647058823529,13.5,25.3,3.56123945706944,16.3,17.8,22.8,24.72,NA,NA,NA,NA,NA,8,2025-08-26,"","DATE: Aug-26<br><b>Maximum temperature</b><br>10-90 percentile<br>16.3 to 24.7 °C","Historical daily maximum<br>25.3 °C<br>2025-08-26","DATE: Aug-26</b><br>Normal: 20.8 °C<br>Period: 1991-2020","3063686","LAC+LA+BICHE+CLIMATE",2004,2026
"08-26","TMIN",2001-08-26,7.52352941176471,2.3,13.1,2.67757572529814,3.84,5.7,8.7,9.78,NA,NA,NA,NA,NA,8,2010-08-26,"","DATE: Aug-26<br><b>Minimum temperature</b><br>10-90 percentile<br>3.8 to 9.8 °C","Historical daily maximum<br>13.1 °C<br>2010-08-26","DATE: Aug-26</b><br>Normal: 7.5 °C<br>Period: 1991-2020","3063686","LAC+LA+BICHE+CLIMATE",2004,2026
"08-26","VPD",2001-08-26,1.44562237081343,0.388147441639344,2.31713595093261,0.529445543736612,0.781213069871292,1.0510810603221,1.70286240762086,2.13023302406423,NA,NA,NA,NA,NA,8,2025-08-26,"","DATE: Aug-26<br><b>Vapour pressure deficit</b><br>10-90 percentile<br>0.8 to 2.1 kPa","Historical daily maximum<br>2.3 kPa<br>2025-08-26","DATE: Aug-26</b><br>Normal: 1.4 kPa<br>Period: 1991-2020","3063686","LAC+LA+BICHE+CLIMATE",2004,2026
"08-27","TMAX",2001-08-27,21.0470588235294,13.8,26.6,4.39248187916849,14.3,18.5,25.1,26.02,NA,NA,NA,NA,NA,8,2025-08-27,"","DATE: Aug-27<br><b>Maximum temperature</b><br>10-90 percentile<br>14.3 to 26.0 °C","Historical daily maximum<br>26.6 °C<br>2025-08-27","DATE: Aug-27</b><br>Normal: 21.0 °C<br>Period: 1991-2020","3063686","LAC+LA+BICHE+CLIMATE",2004,2026
"08-27","TMIN",2001-08-27,8.77647058823529,5.8,13.5,2.36128392293385,6.58,6.9,10.8,12.1,NA,NA,NA,NA,NA,8,2024-08-27,"","DATE: Aug-27<br><b>Minimum temperature</b><br>10-90 percentile<br>6.6 to 12.1 °C","Historical daily maximum<br>13.5 °C<br>2024-08-27","DATE: Aug-27</b><br>Normal: 8.8 °C<br>Period: 1991-2020","3063686","LAC+LA+BICHE+CLIMATE",2004,2026
"08-27","VPD",2001-08-27,1.4242635670348,0.308528441540142,2.29057435792558,0.645233151836468,0.536204679346926,1.14159471755953,1.89133167581128,2.25258157237421,NA,NA,NA,NA,NA,8,2025-08-27,"","DATE: Aug-27<br><b>Vapour pressure deficit</b><br>10-90 percentile<br>0.5 to 2.3 kPa","Historical daily maximum<br>2.3 kPa<br>2025-08-27","DATE: Aug-27</b><br>Normal: 1.4 kPa<br>Period: 1991-2020","3063686","LAC+LA+BICHE+CLIMATE",2004,2026
"08-28","TMAX",2001-08-28,20.9588235294118,11.2,28.9,5.51543955903895,15.08,15.6,25.7,27.58,NA,NA,NA,NA,NA,8,2025-08-28,"","DATE: Aug-28<br><b>Maximum temperature</b><br>10-90 percentile<br>15.1 to 27.6 °C","Historical daily maximum<br>28.9 °C<br>2025-08-28","DATE: Aug-28</b><br>Normal: 21.0 °C<br>Period: 1991-2020","3063686","LAC+LA+BICHE+CLIMATE",2004,2026
"08-28","TMIN",2001-08-28,7.86470588235294,4.5,12.4,2.11628837132094,5.68,6.2,9.5,10.32,NA,NA,NA,NA,NA,8,2025-08-28,"","DATE: Aug-28<br><b>Minimum temperature</b><br>10-90 percentile<br>5.7 to 10.3 °C","Historical daily maximum<br>12.4 °C<br>2025-08-28","DATE: Aug-28</b><br>Normal: 7.9 °C<br>Period: 1991-2020","3063686","LAC+LA+BICHE+CLIMATE",2004,2026
"08-28","VPD",2001-08-28,1.5253705907807,0.362290960783406,2.55386660052035,0.752747923935963,0.638098501224851,0.830744350405187,2.27960155152286,2.4989710217141,NA,NA,NA,NA,NA,8,2025-08-28,"","DATE: Aug-28<br><b>Vapour pressure deficit</b><br>10-90 percentile<br>0.6 to 2.5 kPa","Historical daily maximum<br>2.6 kPa<br>2025-08-28","DATE: Aug-28</b><br>Normal: 1.5 kPa<br>Period: 1991-2020","3063686","LAC+LA+BICHE+CLIMATE",2004,2026
"08-29","TMAX",2001-08-29,20.6411764705882,11.8,28.8,4.66825165660676,15.26,17.5,23.2,26.2,NA,NA,NA,NA,NA,8,2025-08-29,"","DATE: Aug-29<br><b>Maximum temperature</b><br>10-90 percentile<br>15.3 to 26.2 °C","Historical daily maximum<br>28.8 °C<br>2025-08-29","DATE: Aug-29</b><br>Normal: 20.6 °C<br>Period: 1991-2020","3063686","LAC+LA+BICHE+CLIMATE",2004,2026
"08-29","TMIN",2001-08-29,7.8,0.3,12.8,3.55773804544404,3.64,5.9,10.4,11.78,NA,NA,NA,NA,NA,8,2023-08-29,"","DATE: Aug-29<br><b>Minimum temperature</b><br>10-90 percentile<br>3.6 to 11.8 °C","Historical daily maximum<br>12.8 °C<br>2023-08-29","DATE: Aug-29</b><br>Normal: 7.8 °C<br>Period: 1991-2020","3063686","LAC+LA+BICHE+CLIMATE",2004,2026
"08-29","VPD",2001-08-29,1.43155396814583,0.347393855538218,2.7233971071189,0.64054056583907,0.625481640204325,1.02037565051053,1.80448304453365,2.10544027723417,NA,NA,NA,NA,NA,8,2025-08-29,"","DATE: Aug-29<br><b>Vapour pressure deficit</b><br>10-90 percentile<br>0.6 to 2.1 kPa","Historical daily maximum<br>2.7 kPa<br>2025-08-29","DATE: Aug-29</b><br>Normal: 1.4 kPa<br>Period: 1991-2020","3063686","LAC+LA+BICHE+CLIMATE",2004,2026
"08-30","TMAX",2001-08-30,18.6235294117647,11.3,28.6,5.13779249918736,11.82,15,20.5,25.84,NA,NA,NA,NA,NA,8,2022-08-30,"","DATE: Aug-30<br><b>Maximum temperature</b><br>10-90 percentile<br>11.8 to 25.8 °C","Historical daily maximum<br>28.6 °C<br>2022-08-30","DATE: Aug-30</b><br>Normal: 18.6 °C<br>Period: 1991-2020","3063686","LAC+LA+BICHE+CLIMATE",2004,2026
"08-30","TMIN",2001-08-30,8,3.5,14.8,2.7048567429718,5.52,6.5,8.8,10.88,NA,NA,NA,NA,NA,8,2013-08-30,"","DATE: Aug-30<br><b>Minimum temperature</b><br>10-90 percentile<br>5.5 to 10.9 °C","Historical daily maximum<br>14.8 °C<br>2013-08-30","DATE: Aug-30</b><br>Normal: 8.0 °C<br>Period: 1991-2020","3063686","LAC+LA+BICHE+CLIMATE",2004,2026
"08-30","VPD",2001-08-30,1.15208827415635,0.214122664087241,2.68604667934046,0.719412374835408,0.468285648195527,0.589601214244521,1.35009868520482,2.26091247622917,NA,NA,NA,NA,NA,8,2022-08-30,"","DATE: Aug-30<br><b>Vapour pressure deficit</b><br>10-90 percentile<br>0.5 to 2.3 kPa","Historical daily maximum<br>2.7 kPa<br>2022-08-30","DATE: Aug-30</b><br>Normal: 1.2 kPa<br>Period: 1991-2020","3063686","LAC+LA+BICHE+CLIMATE",2004,2026
"08-31","TMAX",2001-08-31,19.5823529411765,15.5,28.3,3.69056826486749,15.6,16.3,21.8,23.78,NA,NA,NA,NA,NA,8,2022-08-31,"","DATE: Aug-31<br><b>Maximum temperature</b><br>10-90 percentile<br>15.6 to 23.8 °C","Historical daily maximum<br>28.3 °C<br>2022-08-31","DATE: Aug-31</b><br>Normal: 19.6 °C<br>Period: 1991-2020","3063686","LAC+LA+BICHE+CLIMATE",2004,2026
"08-31","TMIN",2001-08-31,7.05294117647059,0.2,13,3.31344187497284,3.08,5.3,9.1,10.82,NA,NA,NA,NA,NA,8,2023-08-31,"","DATE: Aug-31<br><b>Minimum temperature</b><br>10-90 percentile<br>3.1 to 10.8 °C","Historical daily maximum<br>13.0 °C<br>2023-08-31","DATE: Aug-31</b><br>Normal: 7.1 °C<br>Period: 1991-2020","3063686","LAC+LA+BICHE+CLIMATE",2004,2026
"08-31","VPD",2001-08-31,1.30289625120091,0.524807375688253,2.71382059124542,0.53254607317857,0.82768287860134,1.00110231933361,1.43928134073928,1.94172874810016,NA,NA,NA,NA,NA,8,2009-08-31,"","DATE: Aug-31<br><b>Vapour pressure deficit</b><br>10-90 percentile<br>0.8 to 1.9 kPa","Historical daily maximum<br>2.7 kPa<br>2009-08-31","DATE: Aug-31</b><br>Normal: 1.3 kPa<br>Period: 1991-2020","3063686","LAC+LA+BICHE+CLIMATE",2004,2026
"09-01","TMAX",2001-09-01,19.7176470588235,16.1,26.4,3.18967774510954,16.3,16.5,21.2,23.54,NA,NA,NA,NA,NA,9,2024-09-01,"","DATE: Sep-01<br><b>Maximum temperature</b><br>10-90 percentile<br>16.3 to 23.5 °C","Historical daily maximum<br>26.4 °C<br>2024-09-01","DATE: Sep-01</b><br>Normal: 19.7 °C<br>Period: 1991-2020","3063686","LAC+LA+BICHE+CLIMATE",2004,2026
"09-01","TMIN",2001-09-01,7.56470588235294,0.1,12,3.67983375583575,2.42,5.8,10.8,11.42,NA,NA,NA,NA,NA,9,2023-09-01,"","DATE: Sep-01<br><b>Minimum temperature</b><br>10-90 percentile<br>2.4 to 11.4 °C","Historical daily maximum<br>12.0 °C<br>2023-09-01","DATE: Sep-01</b><br>Normal: 7.6 °C<br>Period: 1991-2020","3063686","LAC+LA+BICHE+CLIMATE",2004,2026
"09-01","VPD",2001-09-01,1.26848137365281,0.558058562811994,2.18887867103322,0.43022604084769,0.770463944333172,1.02892362616931,1.40109264249608,1.88833544849699,NA,NA,NA,NA,NA,9,2024-09-01,"","DATE: Sep-01<br><b>Vapour pressure deficit</b><br>10-90 percentile<br>0.8 to 1.9 kPa","Historical daily maximum<br>2.2 kPa<br>2024-09-01","DATE: Sep-01</b><br>Normal: 1.3 kPa<br>Period: 1991-2020","3063686","LAC+LA+BICHE+CLIMATE",2004,2026
"09-02","TMAX",2001-09-02,19.2705882352941,14.1,30.3,4.67877717810465,14.42,16.4,21,26.46,NA,NA,NA,NA,NA,9,2009-09-02,"","DATE: Sep-02<br><b>Maximum temperature</b><br>10-90 percentile<br>14.4 to 26.5 °C","Historical daily maximum<br>30.3 °C<br>2009-09-02","DATE: Sep-02</b><br>Normal: 19.3 °C<br>Period: 1991-2020","3063686","LAC+LA+BICHE+CLIMATE",2004,2026
"09-02","TMIN",2001-09-02,7.98823529411765,2.9,11.7,2.76131362600782,4.4,5.5,9.7,11.14,NA,NA,NA,NA,NA,9,2009-09-02,"","DATE: Sep-02<br><b>Minimum temperature</b><br>10-90 percentile<br>4.4 to 11.1 °C","Historical daily maximum<br>11.7 °C<br>2009-09-02","DATE: Sep-02</b><br>Normal: 8.0 °C<br>Period: 1991-2020","3063686","LAC+LA+BICHE+CLIMATE",2004,2026
"09-02","VPD",2001-09-02,1.23177709102095,0.287542939865265,2.94156695656668,0.766166714023376,0.388525523811775,0.605923114318149,1.472555935733,2.41356330861657,NA,NA,NA,NA,NA,9,2009-09-02,"","DATE: Sep-02<br><b>Vapour pressure deficit</b><br>10-90 percentile<br>0.4 to 2.4 kPa","Historical daily maximum<br>2.9 kPa<br>2009-09-02","DATE: Sep-02</b><br>Normal: 1.2 kPa<br>Period: 1991-2020","3063686","LAC+LA+BICHE+CLIMATE",2004,2026
"09-03","TMAX",2001-09-03,19.0647058823529,11.3,29.9,4.84741441085743,13.24,16.2,22.6,24.28,NA,NA,NA,NA,NA,9,2022-09-03,"","DATE: Sep-03<br><b>Maximum temperature</b><br>10-90 percentile<br>13.2 to 24.3 °C","Historical daily maximum<br>29.9 °C<br>2022-09-03","DATE: Sep-03</b><br>Normal: 19.1 °C<br>Period: 1991-2020","3063686","LAC+LA+BICHE+CLIMATE",2004,2026
"09-03","TMIN",2001-09-03,7.38823529411765,2.8,10.5,2.00214958012044,5.2,6.3,9,9.62,NA,NA,NA,NA,NA,9,2022-09-03,"","DATE: Sep-03<br><b>Minimum temperature</b><br>10-90 percentile<br>5.2 to 9.6 °C","Historical daily maximum<br>10.5 °C<br>2022-09-03","DATE: Sep-03</b><br>Normal: 7.4 °C<br>Period: 1991-2020","3063686","LAC+LA+BICHE+CLIMATE",2004,2026
"09-03","VPD",2001-09-03,1.25584490875308,0.309411045363056,3.00718636993179,0.707693984706369,0.441751171961261,0.837955683171001,1.6784147231585,1.9843354777235,NA,NA,NA,NA,NA,9,2009-09-03,"","DATE: Sep-03<br><b>Vapour pressure deficit</b><br>10-90 percentile<br>0.4 to 2.0 kPa","Historical daily maximum<br>3.0 kPa<br>2009-09-03","DATE: Sep-03</b><br>Normal: 1.3 kPa<br>Period: 1991-2020","3063686","LAC+LA+BICHE+CLIMATE",2004,2026
"09-04","TMAX",2001-09-04,19.2352941176471,9.8,27.3,4.49276378976107,13.58,17.2,21.2,24.62,NA,NA,NA,NA,NA,9,2022-09-04,"","DATE: Sep-04<br><b>Maximum temperature</b><br>10-90 percentile<br>13.6 to 24.6 °C","Historical daily maximum<br>27.3 °C<br>2022-09-04","DATE: Sep-04</b><br>Normal: 19.2 °C<br>Period: 1991-2020","3063686","LAC+LA+BICHE+CLIMATE",2004,2026
"09-04","TMIN",2001-09-04,6.53529411764706,1.4,13.9,3.6942423405332,2.76,3.4,9.1,11.34,NA,NA,NA,NA,NA,9,2009-09-04,"","DATE: Sep-04<br><b>Minimum temperature</b><br>10-90 percentile<br>2.8 to 11.3 °C","Historical daily maximum<br>13.9 °C<br>2009-09-04","DATE: Sep-04</b><br>Normal: 6.5 °C<br>Period: 1991-2020","3063686","LAC+LA+BICHE+CLIMATE",2004,2026
"09-04","VPD",2001-09-04,1.30387025461511,0.432052365709154,2.38004606922222,0.550757342609655,0.782545417412008,0.929462147470147,1.57366757143199,2.13045132299315,NA,NA,NA,NA,NA,9,2022-09-04,"","DATE: Sep-04<br><b>Vapour pressure deficit</b><br>10-90 percentile<br>0.8 to 2.1 kPa","Historical daily maximum<br>2.4 kPa<br>2022-09-04","DATE: Sep-04</b><br>Normal: 1.3 kPa<br>Period: 1991-2020","3063686","LAC+LA+BICHE+CLIMATE",2004,2026
"09-05","TMAX",2001-09-05,19.1411764705882,9.5,26.9,4.65457554771772,14.82,16.3,22,25.44,NA,NA,NA,NA,NA,9,2006-09-05,"","DATE: Sep-05<br><b>Maximum temperature</b><br>10-90 percentile<br>14.8 to 25.4 °C","Historical daily maximum<br>26.9 °C<br>2006-09-05","DATE: Sep-05</b><br>Normal: 19.1 °C<br>Period: 1991-2020","3063686","LAC+LA+BICHE+CLIMATE",2004,2026
"09-05","TMIN",2001-09-05,5.89411764705882,1.2,10.9,2.88649237575541,1.82,3.7,7.6,9.48,NA,NA,NA,NA,NA,9,2013-09-05,"","DATE: Sep-05<br><b>Minimum temperature</b><br>10-90 percentile<br>1.8 to 9.5 °C","Historical daily maximum<br>10.9 °C<br>2013-09-05","DATE: Sep-05</b><br>Normal: 5.9 °C<br>Period: 1991-2020","3063686","LAC+LA+BICHE+CLIMATE",2004,2026
"09-05","VPD",2001-09-05,1.35060845208901,0.219443409762069,2.50058523553473,0.609142476860654,0.765828859921471,1.06265391922612,1.46447627483986,2.29421301769392,NA,NA,NA,NA,NA,9,2006-09-05,"","DATE: Sep-05<br><b>Vapour pressure deficit</b><br>10-90 percentile<br>0.8 to 2.3 kPa","Historical daily maximum<br>2.5 kPa<br>2006-09-05","DATE: Sep-05</b><br>Normal: 1.4 kPa<br>Period: 1991-2020","3063686","LAC+LA+BICHE+CLIMATE",2004,2026
"09-06","TMAX",2001-09-06,18.1294117647059,11.1,26.8,5.76105076200106,11.88,12.4,23.2,25.3,NA,NA,NA,NA,NA,9,2024-09-06,"","DATE: Sep-06<br><b>Maximum temperature</b><br>10-90 percentile<br>11.9 to 25.3 °C","Historical daily maximum<br>26.8 °C<br>2024-09-06","DATE: Sep-06</b><br>Normal: 18.1 °C<br>Period: 1991-2020","3063686","LAC+LA+BICHE+CLIMATE",2004,2026
"09-06","TMIN",2001-09-06,5.68235294117647,1.9,9.6,2.14191365784129,2.8,4.4,7.1,8.32,NA,NA,NA,NA,NA,9,2013-09-06,"","DATE: Sep-06<br><b>Minimum temperature</b><br>10-90 percentile<br>2.8 to 8.3 °C","Historical daily maximum<br>9.6 °C<br>2013-09-06","DATE: Sep-06</b><br>Normal: 5.7 °C<br>Period: 1991-2020","3063686","LAC+LA+BICHE+CLIMATE",2004,2026
"09-06","VPD",2001-09-06,1.27195491096299,0.399891426710164,2.52296775624767,0.727474854964023,0.479817759167344,0.594107621794317,1.83728735819329,2.17666989386047,NA,NA,NA,NA,NA,9,2024-09-06,"","DATE: Sep-06<br><b>Vapour pressure deficit</b><br>10-90 percentile<br>0.5 to 2.2 kPa","Historical daily maximum<br>2.5 kPa<br>2024-09-06","DATE: Sep-06</b><br>Normal: 1.3 kPa<br>Period: 1991-2020","3063686","LAC+LA+BICHE+CLIMATE",2004,2026
"09-07","TMAX",2001-09-07,18.31875,11.4,29.8,5.79531060427308,11.7,13.5,21.35,25.8,NA,NA,NA,NA,NA,9,2011-09-07,"","DATE: Sep-07<br><b>Maximum temperature</b><br>10-90 percentile<br>11.7 to 25.8 °C","Historical daily maximum<br>29.8 °C<br>2011-09-07","DATE: Sep-07</b><br>Normal: 18.3 °C<br>Period: 1991-2020","3063686","LAC+LA+BICHE+CLIMATE",2004,2026
"09-07","TMIN",2001-09-07,5.8125,1.7,12.1,2.96487773778279,2.35,3.8,8.175,8.9,NA,NA,NA,NA,NA,9,2019-09-07,"","DATE: Sep-07<br><b>Minimum temperature</b><br>10-90 percentile<br>2.4 to 8.9 °C","Historical daily maximum<br>12.1 °C<br>2019-09-07","DATE: Sep-07</b><br>Normal: 5.8 °C<br>Period: 1991-2020","3063686","LAC+LA+BICHE+CLIMATE",2004,2026
"09-07","VPD",2001-09-07,1.28715215754685,0.259174287871685,3.12186378503621,0.793435010359222,0.632811549515031,0.707253223384294,1.49392185379325,2.39105905922348,NA,NA,NA,NA,NA,9,2011-09-07,"","DATE: Sep-07<br><b>Vapour pressure deficit</b><br>10-90 percentile<br>0.6 to 2.4 kPa","Historical daily maximum<br>3.1 kPa<br>2011-09-07","DATE: Sep-07</b><br>Normal: 1.3 kPa<br>Period: 1991-2020","3063686","LAC+LA+BICHE+CLIMATE",2004,2026
"09-08","TMAX",2001-09-08,17.2941176470588,5.8,30.5,5.95802721001626,11.26,13.9,20.8,23.44,NA,NA,NA,NA,NA,9,2024-09-08,"","DATE: Sep-08<br><b>Maximum temperature</b><br>10-90 percentile<br>11.3 to 23.4 °C","Historical daily maximum<br>30.5 °C<br>2024-09-08","DATE: Sep-08</b><br>Normal: 17.3 °C<br>Period: 1991-2020","3063686","LAC+LA+BICHE+CLIMATE",2004,2026
"09-08","TMIN",2001-09-08,5.28235294117647,0.2,11.3,3.53663598885255,0.98,2.1,8.2,9.9,NA,NA,NA,NA,NA,9,2017-09-08,"","DATE: Sep-08<br><b>Minimum temperature</b><br>10-90 percentile<br>1.0 to 9.9 °C","Historical daily maximum<br>11.3 °C<br>2017-09-08","DATE: Sep-08</b><br>Normal: 5.3 °C<br>Period: 1991-2020","3063686","LAC+LA+BICHE+CLIMATE",2004,2026
"09-08","VPD",2001-09-08,1.18024184686192,0.260776643845729,3.24127982518886,0.745094416252592,0.36240724107279,0.618812058722435,1.43962699378777,1.94809796318813,NA,NA,NA,NA,NA,9,2024-09-08,"","DATE: Sep-08<br><b>Vapour pressure deficit</b><br>10-90 percentile<br>0.4 to 1.9 kPa","Historical daily maximum<br>3.2 kPa<br>2024-09-08","DATE: Sep-08</b><br>Normal: 1.2 kPa<br>Period: 1991-2020","3063686","LAC+LA+BICHE+CLIMATE",2004,2026
"09-09","TMAX",2001-09-09,16.7294117647059,5.3,30.8,6.68578386446593,8.54,12.2,20.6,24.28,NA,NA,NA,NA,NA,9,2011-09-09,"","DATE: Sep-09<br><b>Maximum temperature</b><br>10-90 percentile<br>8.5 to 24.3 °C","Historical daily maximum<br>30.8 °C<br>2011-09-09","DATE: Sep-09</b><br>Normal: 16.7 °C<br>Period: 1991-2020","3063686","LAC+LA+BICHE+CLIMATE",2004,2026
"09-09","TMIN",2001-09-09,6.29411764705882,-0.5,12.8,3.83592729796774,1.1,4.3,9.1,10.78,NA,NA,NA,NA,NA,9,2017-09-09,"","DATE: Sep-09<br><b>Minimum temperature</b><br>10-90 percentile<br>1.1 to 10.8 °C","Historical daily maximum<br>12.8 °C<br>2017-09-09","DATE: Sep-09</b><br>Normal: 6.3 °C<br>Period: 1991-2020","3063686","LAC+LA+BICHE+CLIMATE",2004,2026
"09-09","VPD",2001-09-09,1.06875282016122,0.135464154723814,3.26223618167008,0.8140788308365,0.220658321003846,0.444798783748215,1.41191246165125,1.90375431443656,NA,NA,NA,NA,NA,9,2011-09-09,"","DATE: Sep-09<br><b>Vapour pressure deficit</b><br>10-90 percentile<br>0.2 to 1.9 kPa","Historical daily maximum<br>3.3 kPa<br>2011-09-09","DATE: Sep-09</b><br>Normal: 1.1 kPa<br>Period: 1991-2020","3063686","LAC+LA+BICHE+CLIMATE",2004,2026
"09-10","TMAX",2001-09-10,16.4941176470588,7.2,24.5,5.65292740403537,8.2,12.5,21.1,23,NA,NA,NA,NA,NA,9,2020-09-10,"","DATE: Sep-10<br><b>Maximum temperature</b><br>10-90 percentile<br>8.2 to 23.0 °C","Historical daily maximum<br>24.5 °C<br>2020-09-10","DATE: Sep-10</b><br>Normal: 16.5 °C<br>Period: 1991-2020","3063686","LAC+LA+BICHE+CLIMATE",2004,2026
"09-10","TMIN",2001-09-10,6.77058823529412,-4.5,12.7,3.89980203117452,2.76,5.4,8.7,9.72,NA,NA,NA,NA,NA,9,2007-09-10,"","DATE: Sep-10<br><b>Minimum temperature</b><br>10-90 percentile<br>2.8 to 9.7 °C","Historical daily maximum<br>12.7 °C<br>2007-09-10","DATE: Sep-10</b><br>Normal: 6.8 °C<br>Period: 1991-2020","3063686","LAC+LA+BICHE+CLIMATE",2004,2026
"09-10","VPD",2001-09-10,0.961727521484279,0.190500067273172,2.06589040275721,0.620514809560241,0.31249841864387,0.393913777562275,1.60818399783411,1.74183890891329,NA,NA,NA,NA,NA,9,2020-09-10,"","DATE: Sep-10<br><b>Vapour pressure deficit</b><br>10-90 percentile<br>0.3 to 1.7 kPa","Historical daily maximum<br>2.1 kPa<br>2020-09-10","DATE: Sep-10</b><br>Normal: 1.0 kPa<br>Period: 1991-2020","3063686","LAC+LA+BICHE+CLIMATE",2004,2026
"09-11","TMAX",2001-09-11,16.7764705882353,6.6,26.1,6.0353675749457,10.32,12.3,22.1,24.42,NA,NA,NA,NA,NA,9,2015-09-11,"","DATE: Sep-11<br><b>Maximum temperature</b><br>10-90 percentile<br>10.3 to 24.4 °C","Historical daily maximum<br>26.1 °C<br>2015-09-11","DATE: Sep-11</b><br>Normal: 16.8 °C<br>Period: 1991-2020","3063686","LAC+LA+BICHE+CLIMATE",2004,2026
"09-11","TMIN",2001-09-11,5.62941176470588,-5.1,9.6,3.58412553942422,2.34,4.7,7.8,8.6,NA,NA,NA,NA,NA,9,2023-09-11,"","DATE: Sep-11<br><b>Minimum temperature</b><br>10-90 percentile<br>2.3 to 8.6 °C","Historical daily maximum<br>9.6 °C<br>2023-09-11","DATE: Sep-11</b><br>Normal: 5.6 °C<br>Period: 1991-2020","3063686","LAC+LA+BICHE+CLIMATE",2004,2026
"09-11","VPD",2001-09-11,1.09527975920455,0.211510286929331,2.19734329092135,0.72091077247525,0.365033381624056,0.467254133380688,1.55774222310849,2.14167800177755,NA,NA,NA,NA,NA,9,2013-09-11,"","DATE: Sep-11<br><b>Vapour pressure deficit</b><br>10-90 percentile<br>0.4 to 2.1 kPa","Historical daily maximum<br>2.2 kPa<br>2013-09-11","DATE: Sep-11</b><br>Normal: 1.1 kPa<br>Period: 1991-2020","3063686","LAC+LA+BICHE+CLIMATE",2004,2026
"09-12","TMAX",2001-09-12,16.8625,8.2,28.5,5.99587358105556,10.25,12.7,20.025,25.65,NA,NA,NA,NA,NA,9,2013-09-12,"","DATE: Sep-12<br><b>Maximum temperature</b><br>10-90 percentile<br>10.2 to 25.6 °C","Historical daily maximum<br>28.5 °C<br>2013-09-12","DATE: Sep-12</b><br>Normal: 16.9 °C<br>Period: 1991-2020","3063686","LAC+LA+BICHE+CLIMATE",2004,2026
"09-12","TMIN",2001-09-12,4.85625,-0.5,10.4,3.222001189737,1.3,2.65,7.85,8.55,NA,NA,NA,NA,NA,9,2023-09-12,"","DATE: Sep-12<br><b>Minimum temperature</b><br>10-90 percentile<br>1.3 to 8.6 °C","Historical daily maximum<br>10.4 °C<br>2023-09-12","DATE: Sep-12</b><br>Normal: 4.9 °C<br>Period: 1991-2020","3063686","LAC+LA+BICHE+CLIMATE",2004,2026
"09-12","VPD",2001-09-12,1.15974095622479,0.36723316521485,2.79649348784083,0.685553955324633,0.58546188813404,0.701456590208796,1.33248565998278,2.14423793678462,NA,NA,NA,NA,NA,9,2013-09-12,"","DATE: Sep-12<br><b>Vapour pressure deficit</b><br>10-90 percentile<br>0.6 to 2.1 kPa","Historical daily maximum<br>2.8 kPa<br>2013-09-12","DATE: Sep-12</b><br>Normal: 1.2 kPa<br>Period: 1991-2020","3063686","LAC+LA+BICHE+CLIMATE",2004,2026
"09-13","TMAX",2001-09-13,15.4529411764706,1.8,26.3,6.26269886381451,9.52,11.2,19.6,23.44,NA,NA,NA,NA,NA,9,2025-09-13,"","DATE: Sep-13<br><b>Maximum temperature</b><br>10-90 percentile<br>9.5 to 23.4 °C","Historical daily maximum<br>26.3 °C<br>2025-09-13","DATE: Sep-13</b><br>Normal: 15.5 °C<br>Period: 1991-2020","3063686","LAC+LA+BICHE+CLIMATE",2004,2026
"09-13","TMIN",2001-09-13,2.76470588235294,-3,10.1,3.98809810192631,-1.44,-0.2,5.7,8.48,NA,NA,NA,NA,NA,9,2025-09-13,"","DATE: Sep-13<br><b>Minimum temperature</b><br>10-90 percentile<br>-1.4 to 8.5 °C","Historical daily maximum<br>10.1 °C<br>2025-09-13","DATE: Sep-13</b><br>Normal: 2.8 °C<br>Period: 1991-2020","3063686","LAC+LA+BICHE+CLIMATE",2004,2026
"09-13","VPD",2001-09-13,1.10215368331372,0.127853213096747,2.28118697000859,0.604949310741496,0.51447395787228,0.6892877495436,1.34174720646144,2.05736640229557,NA,NA,NA,NA,NA,9,2025-09-13,"","DATE: Sep-13<br><b>Vapour pressure deficit</b><br>10-90 percentile<br>0.5 to 2.1 kPa","Historical daily maximum<br>2.3 kPa<br>2025-09-13","DATE: Sep-13</b><br>Normal: 1.1 kPa<br>Period: 1991-2020","3063686","LAC+LA+BICHE+CLIMATE",2004,2026
"09-14","TMAX",2001-09-14,15.9470588235294,3.4,24.6,6.26838472485724,7.56,12.2,19.9,23.32,NA,NA,NA,NA,NA,9,2009-09-14,"","DATE: Sep-14<br><b>Maximum temperature</b><br>10-90 percentile<br>7.6 to 23.3 °C","Historical daily maximum<br>24.6 °C<br>2009-09-14","DATE: Sep-14</b><br>Normal: 15.9 °C<br>Period: 1991-2020","3063686","LAC+LA+BICHE+CLIMATE",2004,2026
"09-14","TMIN",2001-09-14,3.80588235294118,-2.9,8.4,3.53667757016301,-0.4,0.5,6.9,7.44,NA,NA,NA,NA,NA,9,2025-09-14,"","DATE: Sep-14<br><b>Minimum temperature</b><br>10-90 percentile<br>-0.4 to 7.4 °C","Historical daily maximum<br>8.4 °C<br>2025-09-14","DATE: Sep-14</b><br>Normal: 3.8 °C<br>Period: 1991-2020","3063686","LAC+LA+BICHE+CLIMATE",2004,2026
"09-14","VPD",2001-09-14,1.10634789780248,0.080591288884196,2.06131284290368,0.677806522976297,0.147888555981716,0.520847060374486,1.58214896068628,1.90342038262195,NA,NA,NA,NA,NA,9,2012-09-14,"","DATE: Sep-14<br><b>Vapour pressure deficit</b><br>10-90 percentile<br>0.1 to 1.9 kPa","Historical daily maximum<br>2.1 kPa<br>2012-09-14","DATE: Sep-14</b><br>Normal: 1.1 kPa<br>Period: 1991-2020","3063686","LAC+LA+BICHE+CLIMATE",2004,2026
"09-15","TMAX",2001-09-15,16.7705882352941,3.8,25.7,6.82786246803148,8.44,10.4,22.2,24.24,NA,NA,NA,NA,NA,9,2009-09-15,"","DATE: Sep-15<br><b>Maximum temperature</b><br>10-90 percentile<br>8.4 to 24.2 °C","Historical daily maximum<br>25.7 °C<br>2009-09-15","DATE: Sep-15</b><br>Normal: 16.8 °C<br>Period: 1991-2020","3063686","LAC+LA+BICHE+CLIMATE",2004,2026
"09-15","TMIN",2001-09-15,3.74117647058824,-1.4,9.7,2.78770936961007,0.82,1.8,5,7.16,NA,NA,NA,NA,NA,9,2025-09-15,"","DATE: Sep-15<br><b>Minimum temperature</b><br>10-90 percentile<br>0.8 to 7.2 °C","Historical daily maximum<br>9.7 °C<br>2025-09-15","DATE: Sep-15</b><br>Normal: 3.7 °C<br>Period: 1991-2020","3063686","LAC+LA+BICHE+CLIMATE",2004,2026
"09-15","VPD",2001-09-15,1.24226308120587,0.130819926793814,2.21741789606706,0.725866715807499,0.240707078067261,0.646008040571445,1.80402269906666,2.18190881401861,NA,NA,NA,NA,NA,9,2007-09-15,"","DATE: Sep-15<br><b>Vapour pressure deficit</b><br>10-90 percentile<br>0.2 to 2.2 kPa","Historical daily maximum<br>2.2 kPa<br>2007-09-15","DATE: Sep-15</b><br>Normal: 1.2 kPa<br>Period: 1991-2020","3063686","LAC+LA+BICHE+CLIMATE",2004,2026
"09-16","TMAX",2001-09-16,15.6875,4.4,27.1,6.62126624345122,6.9,11.5,19.1,24.25,NA,NA,NA,NA,NA,9,2013-09-16,"","DATE: Sep-16<br><b>Maximum temperature</b><br>10-90 percentile<br>6.9 to 24.2 °C","Historical daily maximum<br>27.1 °C<br>2013-09-16","DATE: Sep-16</b><br>Normal: 15.7 °C<br>Period: 1991-2020","3063686","LAC+LA+BICHE+CLIMATE",2004,2026
"09-16","TMIN",2001-09-16,4.52352941176471,-1.3,11.5,4.39026329104598,-0.7,-0.2,8.2,9.82,NA,NA,NA,NA,NA,9,2013-09-16,"","DATE: Sep-16<br><b>Minimum temperature</b><br>10-90 percentile<br>-0.7 to 9.8 °C","Historical daily maximum<br>11.5 °C<br>2013-09-16","DATE: Sep-16</b><br>Normal: 4.5 °C<br>Period: 1991-2020","3063686","LAC+LA+BICHE+CLIMATE",2004,2026
"09-16","VPD",2001-09-16,1.04952800388464,0.125736390175257,2.22932478597199,0.645397604676808,0.352725929249679,0.528269980821771,1.26534332153294,2.05677999951724,NA,NA,NA,NA,NA,9,2013-09-16,"","DATE: Sep-16<br><b>Vapour pressure deficit</b><br>10-90 percentile<br>0.4 to 2.1 kPa","Historical daily maximum<br>2.2 kPa<br>2013-09-16","DATE: Sep-16</b><br>Normal: 1.0 kPa<br>Period: 1991-2020","3063686","LAC+LA+BICHE+CLIMATE",2004,2026
"09-17","TMAX",2001-09-17,15.6,4.9,22.4,5.01971114706813,7.88,15.2,17.4,20.9,NA,NA,NA,NA,NA,9,2025-09-17,"","DATE: Sep-17<br><b>Maximum temperature</b><br>10-90 percentile<br>7.9 to 20.9 °C","Historical daily maximum<br>22.4 °C<br>2025-09-17","DATE: Sep-17</b><br>Normal: 15.6 °C<br>Period: 1991-2020","3063686","LAC+LA+BICHE+CLIMATE",2004,2026
"09-17","TMIN",2001-09-17,4.02941176470588,-3.8,9.8,3.61555056420913,0.14,2,5.9,8.08,NA,NA,NA,NA,NA,9,2016-09-17,"","DATE: Sep-17<br><b>Minimum temperature</b><br>10-90 percentile<br>0.1 to 8.1 °C","Historical daily maximum<br>9.8 °C<br>2016-09-17","DATE: Sep-17</b><br>Normal: 4.0 °C<br>Period: 1991-2020","3063686","LAC+LA+BICHE+CLIMATE",2004,2026
"09-17","VPD",2001-09-17,1.00720881930172,0.204776932644187,1.99837501277348,0.457381413467099,0.332684233275583,0.763274831599621,1.23981624951604,1.4266467705849,NA,NA,NA,NA,NA,9,2025-09-17,"","DATE: Sep-17<br><b>Vapour pressure deficit</b><br>10-90 percentile<br>0.3 to 1.4 kPa","Historical daily maximum<br>2.0 kPa<br>2025-09-17","DATE: Sep-17</b><br>Normal: 1.0 kPa<br>Period: 1991-2020","3063686","LAC+LA+BICHE+CLIMATE",2004,2026
"09-18","TMAX",2001-09-18,15.56875,7.9,22.5,4.8297299786496,9.4,10.475,18.85,21.25,NA,NA,NA,NA,NA,9,2025-09-18,"","DATE: Sep-18<br><b>Maximum temperature</b><br>10-90 percentile<br>9.4 to 21.2 °C","Historical daily maximum<br>22.5 °C<br>2025-09-18","DATE: Sep-18</b><br>Normal: 15.6 °C<br>Period: 1991-2020","3063686","LAC+LA+BICHE+CLIMATE",2004,2026
"09-18","TMIN",2001-09-18,4.11875,-3.3,9,3.22205291700804,0.9,2.5,6.125,8.15,NA,NA,NA,NA,NA,9,2025-09-18,"","DATE: Sep-18<br><b>Minimum temperature</b><br>10-90 percentile<br>0.9 to 8.2 °C","Historical daily maximum<br>9.0 °C<br>2025-09-18","DATE: Sep-18</b><br>Normal: 4.1 °C<br>Period: 1991-2020","3063686","LAC+LA+BICHE+CLIMATE",2004,2026
"09-18","VPD",2001-09-18,1.0005976689819,0.33460748790045,1.95699772361939,0.48906863828103,0.442885895736199,0.549108754976735,1.2733207165298,1.61893187889684,NA,NA,NA,NA,NA,9,2009-09-18,"","DATE: Sep-18<br><b>Vapour pressure deficit</b><br>10-90 percentile<br>0.4 to 1.6 kPa","Historical daily maximum<br>2.0 kPa<br>2009-09-18","DATE: Sep-18</b><br>Normal: 1.0 kPa<br>Period: 1991-2020","3063686","LAC+LA+BICHE+CLIMATE",2004,2026
"09-19","TMAX",2001-09-19,15.15,8.9,23.6,4.73272296534106,9.75,10.4,18,21.45,NA,NA,NA,NA,NA,9,2009-09-19,"","DATE: Sep-19<br><b>Maximum temperature</b><br>10-90 percentile<br>9.8 to 21.4 °C","Historical daily maximum<br>23.6 °C<br>2009-09-19","DATE: Sep-19</b><br>Normal: 15.2 °C<br>Period: 1991-2020","3063686","LAC+LA+BICHE+CLIMATE",2004,2026
"09-19","TMIN",2001-09-19,3.54375,-2.8,11.1,3.60295596235461,0.3,1.1,6.175,7.7,NA,NA,NA,NA,NA,9,2009-09-19,"","DATE: Sep-19<br><b>Minimum temperature</b><br>10-90 percentile<br>0.3 to 7.7 °C","Historical daily maximum<br>11.1 °C<br>2009-09-19","DATE: Sep-19</b><br>Normal: 3.5 °C<br>Period: 1991-2020","3063686","LAC+LA+BICHE+CLIMATE",2004,2026
"09-19","VPD",2001-09-19,0.979928084431347,0.395027046867684,1.63209161957129,0.43930943823059,0.523342667419031,0.586934390617359,1.33551889576514,1.5878202054667,NA,NA,NA,NA,NA,9,2025-09-19,"","DATE: Sep-19<br><b>Vapour pressure deficit</b><br>10-90 percentile<br>0.5 to 1.6 kPa","Historical daily maximum<br>1.6 kPa<br>2025-09-19","DATE: Sep-19</b><br>Normal: 1.0 kPa<br>Period: 1991-2020","3063686","LAC+LA+BICHE+CLIMATE",2004,2026
"09-20","TMAX",2001-09-20,15.2125,6.1,21.5,5.02565086995373,7.55,12.4,18.75,20.9,NA,NA,NA,NA,NA,9,2025-09-20,"","DATE: Sep-20<br><b>Maximum temperature</b><br>10-90 percentile<br>7.6 to 20.9 °C","Historical daily maximum<br>21.5 °C<br>2025-09-20","DATE: Sep-20</b><br>Normal: 15.2 °C<br>Period: 1991-2020","3063686","LAC+LA+BICHE+CLIMATE",2004,2026
"09-20","TMIN",2001-09-20,4.28125,-1.7,11,3.08765687860552,1.3,2.425,5.825,7.7,NA,NA,NA,NA,NA,9,2020-09-20,"","DATE: Sep-20<br><b>Minimum temperature</b><br>10-90 percentile<br>1.3 to 7.7 °C","Historical daily maximum<br>11.0 °C<br>2020-09-20","DATE: Sep-20</b><br>Normal: 4.3 °C<br>Period: 1991-2020","3063686","LAC+LA+BICHE+CLIMATE",2004,2026
"09-20","VPD",2001-09-20,0.954531717502676,0.232037642626457,1.78639800154069,0.468366210109822,0.326527214477315,0.696094799610374,1.3178701245249,1.55222579200109,NA,NA,NA,NA,NA,9,2025-09-20,"","DATE: Sep-20<br><b>Vapour pressure deficit</b><br>10-90 percentile<br>0.3 to 1.6 kPa","Historical daily maximum<br>1.8 kPa<br>2025-09-20","DATE: Sep-20</b><br>Normal: 1.0 kPa<br>Period: 1991-2020","3063686","LAC+LA+BICHE+CLIMATE",2004,2026
"09-21","TMAX",2001-09-21,16.3,5.9,29.1,6.51961144036463,7.45,11.75,20.675,22.65,NA,NA,NA,NA,NA,9,2014-09-21,"","DATE: Sep-21<br><b>Maximum temperature</b><br>10-90 percentile<br>7.4 to 22.6 °C","Historical daily maximum<br>29.1 °C<br>2014-09-21","DATE: Sep-21</b><br>Normal: 16.3 °C<br>Period: 1991-2020","3063686","LAC+LA+BICHE+CLIMATE",2004,2026
"09-21","TMIN",2001-09-21,3.46875,-3.4,8.2,3.0938042924529,0.15,2.1,5.35,7.65,NA,NA,NA,NA,NA,9,2014-09-21,"","DATE: Sep-21<br><b>Minimum temperature</b><br>10-90 percentile<br>0.2 to 7.6 °C","Historical daily maximum<br>8.2 °C<br>2014-09-21","DATE: Sep-21</b><br>Normal: 3.5 °C<br>Period: 1991-2020","3063686","LAC+LA+BICHE+CLIMATE",2004,2026
"09-21","VPD",2001-09-21,1.18749674007245,0.149105523167627,2.94141496608196,0.720588760474332,0.41508495331115,0.524172342444504,1.66717359154225,1.79551554677296,NA,NA,NA,NA,NA,9,2014-09-21,"","DATE: Sep-21<br><b>Vapour pressure deficit</b><br>10-90 percentile<br>0.4 to 1.8 kPa","Historical daily maximum<br>2.9 kPa<br>2014-09-21","DATE: Sep-21</b><br>Normal: 1.2 kPa<br>Period: 1991-2020","3063686","LAC+LA+BICHE+CLIMATE",2004,2026
"09-22","TMAX",2001-09-22,16.9125,6.3,28.2,6.36562382384214,9.05,12.55,20.725,24.7,NA,NA,NA,NA,NA,9,2014-09-22,"","DATE: Sep-22<br><b>Maximum temperature</b><br>10-90 percentile<br>9.0 to 24.7 °C","Historical daily maximum<br>28.2 °C<br>2014-09-22","DATE: Sep-22</b><br>Normal: 16.9 °C<br>Period: 1991-2020","3063686","LAC+LA+BICHE+CLIMATE",2004,2026
"09-22","TMIN",2001-09-22,4.11875,-3.6,10.4,3.91343306232946,-0.2,1.275,7.4,8.05,NA,NA,NA,NA,NA,9,2009-09-22,"","DATE: Sep-22<br><b>Minimum temperature</b><br>10-90 percentile<br>-0.2 to 8.0 °C","Historical daily maximum<br>10.4 °C<br>2009-09-22","DATE: Sep-22</b><br>Normal: 4.1 °C<br>Period: 1991-2020","3063686","LAC+LA+BICHE+CLIMATE",2004,2026
"09-22","VPD",2001-09-22,1.21223973293537,0.1915487108981,2.75140319217292,0.682676616632255,0.391717357875143,0.782752402831581,1.48160169029854,1.97700540269644,NA,NA,NA,NA,NA,9,2014-09-22,"","DATE: Sep-22<br><b>Vapour pressure deficit</b><br>10-90 percentile<br>0.4 to 2.0 kPa","Historical daily maximum<br>2.8 kPa<br>2014-09-22","DATE: Sep-22</b><br>Normal: 1.2 kPa<br>Period: 1991-2020","3063686","LAC+LA+BICHE+CLIMATE",2004,2026
"09-23","TMAX",2001-09-23,16.5875,8.2,30.9,6.01973144472963,9.8,12,20.425,22,NA,NA,NA,NA,NA,9,2009-09-23,"","DATE: Sep-23<br><b>Maximum temperature</b><br>10-90 percentile<br>9.8 to 22.0 °C","Historical daily maximum<br>30.9 °C<br>2009-09-23","DATE: Sep-23</b><br>Normal: 16.6 °C<br>Period: 1991-2020","3063686","LAC+LA+BICHE+CLIMATE",2004,2026
"09-23","TMIN",2001-09-23,4.01875,-3.1,8.8,3.72097097543101,-1,1.35,6.9,8.25,NA,NA,NA,NA,NA,9,2023-09-23,"","DATE: Sep-23<br><b>Minimum temperature</b><br>10-90 percentile<br>-1.0 to 8.2 °C","Historical daily maximum<br>8.8 °C<br>2023-09-23","DATE: Sep-23</b><br>Normal: 4.0 °C<br>Period: 1991-2020","3063686","LAC+LA+BICHE+CLIMATE",2004,2026
"09-23","VPD",2001-09-23,1.17235298778014,0.111876374246034,3.49910153745189,0.787454505957254,0.505039775810657,0.600125101184985,1.46608657927769,1.68990052009984,NA,NA,NA,NA,NA,9,2009-09-23,"","DATE: Sep-23<br><b>Vapour pressure deficit</b><br>10-90 percentile<br>0.5 to 1.7 kPa","Historical daily maximum<br>3.5 kPa<br>2009-09-23","DATE: Sep-23</b><br>Normal: 1.2 kPa<br>Period: 1991-2020","3063686","LAC+LA+BICHE+CLIMATE",2004,2026
"09-24","TMAX",2001-09-24,17.3875,11.3,24.4,4.02440471788479,13.05,15.125,21.6,22.7,NA,NA,NA,NA,NA,9,2014-09-24,"","DATE: Sep-24<br><b>Maximum temperature</b><br>10-90 percentile<br>13.0 to 22.7 °C","Historical daily maximum<br>24.4 °C<br>2014-09-24","DATE: Sep-24</b><br>Normal: 17.4 °C<br>Period: 1991-2020","3063686","LAC+LA+BICHE+CLIMATE",2004,2026
"09-24","TMIN",2001-09-24,3.5875,-3.8,9.8,4.10412394224801,-2,1.15,6.625,8.15,NA,NA,NA,NA,NA,9,2024-09-24,"","DATE: Sep-24<br><b>Minimum temperature</b><br>10-90 percentile<br>-2.0 to 8.2 °C","Historical daily maximum<br>9.8 °C<br>2024-09-24","DATE: Sep-24</b><br>Normal: 3.6 °C<br>Period: 1991-2020","3063686","LAC+LA+BICHE+CLIMATE",2004,2026
"09-24","VPD",2001-09-24,1.22295478056857,0.549420871521543,2.11374358323729,0.491743683950512,0.755085584561694,0.807275298479331,1.60546081127619,1.89627391668159,NA,NA,NA,NA,NA,9,2012-09-24,"","DATE: Sep-24<br><b>Vapour pressure deficit</b><br>10-90 percentile<br>0.8 to 1.9 kPa","Historical daily maximum<br>2.1 kPa<br>2012-09-24","DATE: Sep-24</b><br>Normal: 1.2 kPa<br>Period: 1991-2020","3063686","LAC+LA+BICHE+CLIMATE",2004,2026
"09-25","TMAX",2001-09-25,18.0470588235294,11,29.7,4.49682077237058,13.46,15.6,19.9,22.4,NA,NA,NA,NA,NA,9,2011-09-25,"","DATE: Sep-25<br><b>Maximum temperature</b><br>10-90 percentile<br>13.5 to 22.4 °C","Historical daily maximum<br>29.7 °C<br>2011-09-25","DATE: Sep-25</b><br>Normal: 18.0 °C<br>Period: 1991-2020","3063686","LAC+LA+BICHE+CLIMATE",2004,2026
"09-25","TMIN",2001-09-25,4.90588235294118,-1.8,8.8,3.27899957842238,-0.12,2.9,7.7,8.06,NA,NA,NA,NA,NA,9,2024-09-25,"","DATE: Sep-25<br><b>Minimum temperature</b><br>10-90 percentile<br>-0.1 to 8.1 °C","Historical daily maximum<br>8.8 °C<br>2024-09-25","DATE: Sep-25</b><br>Normal: 4.9 °C<br>Period: 1991-2020","3063686","LAC+LA+BICHE+CLIMATE",2004,2026
"09-25","VPD",2001-09-25,1.25832680133889,0.505159379236814,3.22246065219628,0.657822434519992,0.560676836492498,0.961600685405005,1.23707839187973,1.95097474021021,NA,NA,NA,NA,NA,9,2011-09-25,"","DATE: Sep-25<br><b>Vapour pressure deficit</b><br>10-90 percentile<br>0.6 to 2.0 kPa","Historical daily maximum<br>3.2 kPa<br>2011-09-25","DATE: Sep-25</b><br>Normal: 1.3 kPa<br>Period: 1991-2020","3063686","LAC+LA+BICHE+CLIMATE",2004,2026
"09-26","TMAX",2001-09-26,15.0411764705882,8.1,23.9,4.19673367387207,9.9,12.2,17.5,19.8,NA,NA,NA,NA,NA,9,2016-09-26,"","DATE: Sep-26<br><b>Maximum temperature</b><br>10-90 percentile<br>9.9 to 19.8 °C","Historical daily maximum<br>23.9 °C<br>2016-09-26","DATE: Sep-26</b><br>Normal: 15.0 °C<br>Period: 1991-2020","3063686","LAC+LA+BICHE+CLIMATE",2004,2026
"09-26","TMIN",2001-09-26,4.12941176470588,-1.2,7.8,2.35631192382353,1.76,3.2,5.8,7.2,NA,NA,NA,NA,NA,9,2023-09-26,"","DATE: Sep-26<br><b>Minimum temperature</b><br>10-90 percentile<br>1.8 to 7.2 °C","Historical daily maximum<br>7.8 °C<br>2023-09-26","DATE: Sep-26</b><br>Normal: 4.1 °C<br>Period: 1991-2020","3063686","LAC+LA+BICHE+CLIMATE",2004,2026
"09-26","VPD",2001-09-26,0.932430099619814,0.255316536667195,2.20289303216029,0.477771236431819,0.422116169297387,0.602389895769955,1.23139709191388,1.37330462098315,NA,NA,NA,NA,NA,9,2016-09-26,"","DATE: Sep-26<br><b>Vapour pressure deficit</b><br>10-90 percentile<br>0.4 to 1.4 kPa","Historical daily maximum<br>2.2 kPa<br>2016-09-26","DATE: Sep-26</b><br>Normal: 0.9 kPa<br>Period: 1991-2020","3063686","LAC+LA+BICHE+CLIMATE",2004,2026
"09-27","TMAX",2001-09-27,14.4117647058824,4.3,22.2,5.73431364168167,6.34,11,20.3,21.52,NA,NA,NA,NA,NA,9,2022-09-27,"","DATE: Sep-27<br><b>Maximum temperature</b><br>10-90 percentile<br>6.3 to 21.5 °C","Historical daily maximum<br>22.2 °C<br>2022-09-27","DATE: Sep-27</b><br>Normal: 14.4 °C<br>Period: 1991-2020","3063686","LAC+LA+BICHE+CLIMATE",2004,2026
"09-27","TMIN",2001-09-27,2.33529411764706,-1.8,8.5,3.22876547159874,-1.24,-0.5,4.6,6.88,NA,NA,NA,NA,NA,9,2022-09-27,"","DATE: Sep-27<br><b>Minimum temperature</b><br>10-90 percentile<br>-1.2 to 6.9 °C","Historical daily maximum<br>8.5 °C<br>2022-09-27","DATE: Sep-27</b><br>Normal: 2.3 °C<br>Period: 1991-2020","3063686","LAC+LA+BICHE+CLIMATE",2004,2026
"09-27","VPD",2001-09-27,0.995046990471724,0.215334575954839,1.92812574787931,0.543994725362559,0.332186658628948,0.585453985731928,1.38235731969976,1.71706341908043,NA,NA,NA,NA,NA,9,2012-09-27,"","DATE: Sep-27<br><b>Vapour pressure deficit</b><br>10-90 percentile<br>0.3 to 1.7 kPa","Historical daily maximum<br>1.9 kPa<br>2012-09-27","DATE: Sep-27</b><br>Normal: 1.0 kPa<br>Period: 1991-2020","3063686","LAC+LA+BICHE+CLIMATE",2004,2026
"09-28","TMAX",2001-09-28,15.4117647058824,5.4,25.8,5.36724817212475,9.78,11.5,19.1,21.5,NA,NA,NA,NA,NA,9,2012-09-28,"","DATE: Sep-28<br><b>Maximum temperature</b><br>10-90 percentile<br>9.8 to 21.5 °C","Historical daily maximum<br>25.8 °C<br>2012-09-28","DATE: Sep-28</b><br>Normal: 15.4 °C<br>Period: 1991-2020","3063686","LAC+LA+BICHE+CLIMATE",2004,2026
"09-28","TMIN",2001-09-28,2.62352941176471,-6.2,9.5,4.6502055615538,-2.2,-1.4,6.3,7.66,NA,NA,NA,NA,NA,9,2010-09-28,"","DATE: Sep-28<br><b>Minimum temperature</b><br>10-90 percentile<br>-2.2 to 7.7 °C","Historical daily maximum<br>9.5 °C<br>2010-09-28","DATE: Sep-28</b><br>Normal: 2.6 °C<br>Period: 1991-2020","3063686","LAC+LA+BICHE+CLIMATE",2004,2026
"09-28","VPD",2001-09-28,1.06684781160354,0.369559385448544,2.34723107171769,0.486035179772177,0.597423095417198,0.803921956998385,1.22842838003841,1.6416079226434,NA,NA,NA,NA,NA,9,2012-09-28,"","DATE: Sep-28<br><b>Vapour pressure deficit</b><br>10-90 percentile<br>0.6 to 1.6 kPa","Historical daily maximum<br>2.3 kPa<br>2012-09-28","DATE: Sep-28</b><br>Normal: 1.1 kPa<br>Period: 1991-2020","3063686","LAC+LA+BICHE+CLIMATE",2004,2026
"09-29","TMAX",2001-09-29,14.7588235294118,2.3,25,5.86675579254939,7.32,11.8,18,20.64,NA,NA,NA,NA,NA,9,2017-09-29,"","DATE: Sep-29<br><b>Maximum temperature</b><br>10-90 percentile<br>7.3 to 20.6 °C","Historical daily maximum<br>25.0 °C<br>2017-09-29","DATE: Sep-29</b><br>Normal: 14.8 °C<br>Period: 1991-2020","3063686","LAC+LA+BICHE+CLIMATE",2004,2026
"09-29","TMIN",2001-09-29,3.53529411764706,-4,9.1,3.69948327075394,-1.44,1.6,5.8,7.36,NA,NA,NA,NA,NA,9,2025-09-29,"","DATE: Sep-29<br><b>Minimum temperature</b><br>10-90 percentile<br>-1.4 to 7.4 °C","Historical daily maximum<br>9.1 °C<br>2025-09-29","DATE: Sep-29</b><br>Normal: 3.5 °C<br>Period: 1991-2020","3063686","LAC+LA+BICHE+CLIMATE",2004,2026
"09-29","VPD",2001-09-29,0.966599274344336,0.16963694068113,2.01193836247005,0.502032433281308,0.44089375755173,0.607522494606425,1.20627569494064,1.53938277289177,NA,NA,NA,NA,NA,9,2017-09-29,"","DATE: Sep-29<br><b>Vapour pressure deficit</b><br>10-90 percentile<br>0.4 to 1.5 kPa","Historical daily maximum<br>2.0 kPa<br>2017-09-29","DATE: Sep-29</b><br>Normal: 1.0 kPa<br>Period: 1991-2020","3063686","LAC+LA+BICHE+CLIMATE",2004,2026
"09-30","TMAX",2001-09-30,13.6411764705882,4.5,24.3,6.02422804427354,6.1,9,17.1,20.76,NA,NA,NA,NA,NA,9,2008-09-30,"","DATE: Sep-30<br><b>Maximum temperature</b><br>10-90 percentile<br>6.1 to 20.8 °C","Historical daily maximum<br>24.3 °C<br>2008-09-30","DATE: Sep-30</b><br>Normal: 13.6 °C<br>Period: 1991-2020","3063686","LAC+LA+BICHE+CLIMATE",2004,2026
"09-30","TMIN",2001-09-30,2.31764705882353,-5.8,8.3,3.76201995178748,-2.22,0.8,4.8,6.6,NA,NA,NA,NA,NA,9,2025-09-30,"","DATE: Sep-30<br><b>Minimum temperature</b><br>10-90 percentile<br>-2.2 to 6.6 °C","Historical daily maximum<br>8.3 °C<br>2025-09-30","DATE: Sep-30</b><br>Normal: 2.3 °C<br>Period: 1991-2020","3063686","LAC+LA+BICHE+CLIMATE",2004,2026
"09-30","VPD",2001-09-30,0.919892239819836,0.284893957279948,2.25852205433215,0.57985946729521,0.332324274495858,0.483911194612343,1.09832396473583,1.65706237255105,NA,NA,NA,NA,NA,9,2008-09-30,"","DATE: Sep-30<br><b>Vapour pressure deficit</b><br>10-90 percentile<br>0.3 to 1.7 kPa","Historical daily maximum<br>2.3 kPa<br>2008-09-30","DATE: Sep-30</b><br>Normal: 0.9 kPa<br>Period: 1991-2020","3063686","LAC+LA+BICHE+CLIMATE",2004,2026
"10-01","TMAX",2001-10-01,12.4647058823529,4.8,25.2,5.48941494793282,6.08,8.8,13.7,19.38,NA,NA,NA,NA,NA,10,2015-10-01,"","DATE: Oct-01<br><b>Maximum temperature</b><br>10-90 percentile<br>6.1 to 19.4 °C","Historical daily maximum<br>25.2 °C<br>2015-10-01","DATE: Oct-01</b><br>Normal: 12.5 °C<br>Period: 1991-2020","3063686","LAC+LA+BICHE+CLIMATE",2004,2026
"10-01","TMIN",2001-10-01,1.63529411764706,-6.6,6.8,3.9849625431851,-2.78,-1.1,5.5,6.3,NA,NA,NA,NA,NA,10,2025-10-01,"","DATE: Oct-01<br><b>Minimum temperature</b><br>10-90 percentile<br>-2.8 to 6.3 °C","Historical daily maximum<br>6.8 °C<br>2025-10-01","DATE: Oct-01</b><br>Normal: 1.6 °C<br>Period: 1991-2020","3063686","LAC+LA+BICHE+CLIMATE",2004,2026
"10-01","VPD",2001-10-01,0.820572204941448,0.117542416035713,2.26410912164666,0.565575904007241,0.206000207675119,0.546603791078992,1.01822959683562,1.50503130516119,NA,NA,NA,NA,NA,10,2015-10-01,"","DATE: Oct-01<br><b>Vapour pressure deficit</b><br>10-90 percentile<br>0.2 to 1.5 kPa","Historical daily maximum<br>2.3 kPa<br>2015-10-01","DATE: Oct-01</b><br>Normal: 0.8 kPa<br>Period: 1991-2020","3063686","LAC+LA+BICHE+CLIMATE",2004,2026
"10-02","TMAX",2001-10-02,11.4058823529412,4,24.4,5.71483492633813,4.92,6.8,14.8,18.26,NA,NA,NA,NA,NA,10,2008-10-02,"","DATE: Oct-02<br><b>Maximum temperature</b><br>10-90 percentile<br>4.9 to 18.3 °C","Historical daily maximum<br>24.4 °C<br>2008-10-02","DATE: Oct-02</b><br>Normal: 11.4 °C<br>Period: 1991-2020","3063686","LAC+LA+BICHE+CLIMATE",2004,2026
"10-02","TMIN",2001-10-02,0.829411764705882,-4.2,4.4,2.69392017000373,-3,-1,3.1,4.14,NA,NA,NA,NA,NA,10,2023-10-02,"","DATE: Oct-02<br><b>Minimum temperature</b><br>10-90 percentile<br>-3.0 to 4.1 °C","Historical daily maximum<br>4.4 °C<br>2023-10-02","DATE: Oct-02</b><br>Normal: 0.8 °C<br>Period: 1991-2020","3063686","LAC+LA+BICHE+CLIMATE",2004,2026
"10-02","VPD",2001-10-02,0.775789214463508,0.214129933398972,2.35570525728539,0.558623039036445,0.288327950462914,0.369479611441813,1.08591918919674,1.35216644016847,NA,NA,NA,NA,NA,10,2008-10-02,"","DATE: Oct-02<br><b>Vapour pressure deficit</b><br>10-90 percentile<br>0.3 to 1.4 kPa","Historical daily maximum<br>2.4 kPa<br>2008-10-02","DATE: Oct-02</b><br>Normal: 0.8 kPa<br>Period: 1991-2020","3063686","LAC+LA+BICHE+CLIMATE",2004,2026
"10-03","TMAX",2001-10-03,10.3058823529412,1.8,22.2,5.79487603278052,4.38,6.7,12.7,18.86,NA,NA,NA,NA,NA,10,2008-10-03,"","DATE: Oct-03<br><b>Maximum temperature</b><br>10-90 percentile<br>4.4 to 18.9 °C","Historical daily maximum<br>22.2 °C<br>2008-10-03","DATE: Oct-03</b><br>Normal: 10.3 °C<br>Period: 1991-2020","3063686","LAC+LA+BICHE+CLIMATE",2004,2026
"10-03","TMIN",2001-10-03,-1.28235294117647,-7.1,8.4,3.74386753473558,-5.32,-4.1,0.8,1.76,NA,NA,NA,NA,NA,10,2008-10-03,"","DATE: Oct-03<br><b>Minimum temperature</b><br>10-90 percentile<br>-5.3 to 1.8 °C","Historical daily maximum<br>8.4 °C<br>2008-10-03","DATE: Oct-03</b><br>Normal: -1.3 °C<br>Period: 1991-2020","3063686","LAC+LA+BICHE+CLIMATE",2004,2026
"10-03","VPD",2001-10-03,0.762000485078847,0.231128079013511,1.70614936104276,0.442762031629068,0.328004580526069,0.421934692426853,0.865781939346357,1.42766149180453,NA,NA,NA,NA,NA,10,2020-10-03,"","DATE: Oct-03<br><b>Vapour pressure deficit</b><br>10-90 percentile<br>0.3 to 1.4 kPa","Historical daily maximum<br>1.7 kPa<br>2020-10-03","DATE: Oct-03</b><br>Normal: 0.8 kPa<br>Period: 1991-2020","3063686","LAC+LA+BICHE+CLIMATE",2004,2026
"10-04","TMAX",2001-10-04,12.8470588235294,3.6,23.1,5.62651286844912,7.54,8.2,15.3,21.56,NA,NA,NA,NA,NA,10,2008-10-04,"","DATE: Oct-04<br><b>Maximum temperature</b><br>10-90 percentile<br>7.5 to 21.6 °C","Historical daily maximum<br>23.1 °C<br>2008-10-04","DATE: Oct-04</b><br>Normal: 12.8 °C<br>Period: 1991-2020","3063686","LAC+LA+BICHE+CLIMATE",2004,2026
"10-04","TMIN",2001-10-04,0.617647058823529,-7,11.1,5.26203801940342,-5.2,-3,3.5,8.46,NA,NA,NA,NA,NA,10,2020-10-04,"","DATE: Oct-04<br><b>Minimum temperature</b><br>10-90 percentile<br>-5.2 to 8.5 °C","Historical daily maximum<br>11.1 °C<br>2020-10-04","DATE: Oct-04</b><br>Normal: 0.6 °C<br>Period: 1991-2020","3063686","LAC+LA+BICHE+CLIMATE",2004,2026
"10-04","VPD",2001-10-04,0.890414408208092,0.26491844496967,2.17046285603827,0.511406698806831,0.318613374759712,0.636223596088715,1.16663147269699,1.41149758052611,NA,NA,NA,NA,NA,10,2004-10-04,"","DATE: Oct-04<br><b>Vapour pressure deficit</b><br>10-90 percentile<br>0.3 to 1.4 kPa","Historical daily maximum<br>2.2 kPa<br>2004-10-04","DATE: Oct-04</b><br>Normal: 0.9 kPa<br>Period: 1991-2020","3063686","LAC+LA+BICHE+CLIMATE",2004,2026
"10-05","TMAX",2001-10-05,13.0470588235294,3,23.2,5.77214406081688,6.44,9.3,17.7,19.82,NA,NA,NA,NA,NA,10,2004-10-05,"","DATE: Oct-05<br><b>Maximum temperature</b><br>10-90 percentile<br>6.4 to 19.8 °C","Historical daily maximum<br>23.2 °C<br>2004-10-05","DATE: Oct-05</b><br>Normal: 13.0 °C<br>Period: 1991-2020","3063686","LAC+LA+BICHE+CLIMATE",2004,2026
"10-05","TMIN",2001-10-05,1.17647058823529,-6.7,8.5,4.670322447616,-4.5,-1.5,5.4,7.12,NA,NA,NA,NA,NA,10,2011-10-05,"","DATE: Oct-05<br><b>Minimum temperature</b><br>10-90 percentile<br>-4.5 to 7.1 °C","Historical daily maximum<br>8.5 °C<br>2011-10-05","DATE: Oct-05</b><br>Normal: 1.2 °C<br>Period: 1991-2020","3063686","LAC+LA+BICHE+CLIMATE",2004,2026
"10-05","VPD",2001-10-05,0.895274261839445,0.134664264500124,2.20097639878761,0.570754833506473,0.297647466864612,0.448503719010547,1.12046813940186,1.64408751163356,NA,NA,NA,NA,NA,10,2004-10-05,"","DATE: Oct-05<br><b>Vapour pressure deficit</b><br>10-90 percentile<br>0.3 to 1.6 kPa","Historical daily maximum<br>2.2 kPa<br>2004-10-05","DATE: Oct-05</b><br>Normal: 0.9 kPa<br>Period: 1991-2020","3063686","LAC+LA+BICHE+CLIMATE",2004,2026
"10-06","TMAX",2001-10-06,12.1411764705882,0.5,22.2,5.11591375312483,5.92,10.2,14.7,16.82,NA,NA,NA,NA,NA,10,2010-10-06,"","DATE: Oct-06<br><b>Maximum temperature</b><br>10-90 percentile<br>5.9 to 16.8 °C","Historical daily maximum<br>22.2 °C<br>2010-10-06","DATE: Oct-06</b><br>Normal: 12.1 °C<br>Period: 1991-2020","3063686","LAC+LA+BICHE+CLIMATE",2004,2026
"10-06","TMIN",2001-10-06,2.51764705882353,-4.9,8,3.82610037997529,-2.86,0.1,5,6.94,NA,NA,NA,NA,NA,10,2011-10-06,"","DATE: Oct-06<br><b>Minimum temperature</b><br>10-90 percentile<br>-2.9 to 6.9 °C","Historical daily maximum<br>8.0 °C<br>2011-10-06","DATE: Oct-06</b><br>Normal: 2.5 °C<br>Period: 1991-2020","3063686","LAC+LA+BICHE+CLIMATE",2004,2026
"10-06","VPD",2001-10-06,0.726036910450688,0.125179571845989,1.63244222414207,0.379510848253833,0.254734886683555,0.526769235923,0.976406013625181,1.05824562089769,NA,NA,NA,NA,NA,10,2010-10-06,"","DATE: Oct-06<br><b>Vapour pressure deficit</b><br>10-90 percentile<br>0.3 to 1.1 kPa","Historical daily maximum<br>1.6 kPa<br>2010-10-06","DATE: Oct-06</b><br>Normal: 0.7 kPa<br>Period: 1991-2020","3063686","LAC+LA+BICHE+CLIMATE",2004,2026
"10-07","TMAX",2001-10-07,11.3882352941176,1.7,21,5.68329595755636,1.94,8.9,14.8,16.76,NA,NA,NA,NA,NA,10,2025-10-07,"","DATE: Oct-07<br><b>Maximum temperature</b><br>10-90 percentile<br>1.9 to 16.8 °C","Historical daily maximum<br>21.0 °C<br>2025-10-07","DATE: Oct-07</b><br>Normal: 11.4 °C<br>Period: 1991-2020","3063686","LAC+LA+BICHE+CLIMATE",2004,2026
"10-07","TMIN",2001-10-07,0.647058823529412,-5.4,5.9,2.82867408140696,-2.74,-0.8,2,3.98,NA,NA,NA,NA,NA,10,2023-10-07,"","DATE: Oct-07<br><b>Minimum temperature</b><br>10-90 percentile<br>-2.7 to 4.0 °C","Historical daily maximum<br>5.9 °C<br>2023-10-07","DATE: Oct-07</b><br>Normal: 0.6 °C<br>Period: 1991-2020","3063686","LAC+LA+BICHE+CLIMATE",2004,2026
"10-07","VPD",2001-10-07,0.772489975082447,0.110259125017142,1.70192430460712,0.43652739797953,0.257265707455036,0.434686263705599,0.992877140426276,1.27085558528314,NA,NA,NA,NA,NA,10,2025-10-07,"","DATE: Oct-07<br><b>Vapour pressure deficit</b><br>10-90 percentile<br>0.3 to 1.3 kPa","Historical daily maximum<br>1.7 kPa<br>2025-10-07","DATE: Oct-07</b><br>Normal: 0.8 kPa<br>Period: 1991-2020","3063686","LAC+LA+BICHE+CLIMATE",2004,2026
"10-08","TMAX",2001-10-08,8.6625,-2.4,20.5,7.13917595618243,-0.55,2.025,13.15,17.85,NA,NA,NA,NA,NA,10,2023-10-08,"","DATE: Oct-08<br><b>Maximum temperature</b><br>10-90 percentile<br>-0.6 to 17.8 °C","Historical daily maximum<br>20.5 °C<br>2023-10-08","DATE: Oct-08</b><br>Normal: 8.7 °C<br>Period: 1991-2020","3063686","LAC+LA+BICHE+CLIMATE",2004,2026
"10-08","TMIN",2001-10-08,-0.988235294117647,-6.5,3.7,3.28212628355103,-4.98,-2.8,1.8,3.52,NA,NA,NA,NA,NA,10,2023-10-08,"","DATE: Oct-08<br><b>Minimum temperature</b><br>10-90 percentile<br>-5.0 to 3.5 °C","Historical daily maximum<br>3.7 °C<br>2023-10-08","DATE: Oct-08</b><br>Normal: -1.0 °C<br>Period: 1991-2020","3063686","LAC+LA+BICHE+CLIMATE",2004,2026
"10-08","VPD",2001-10-08,0.662255130804038,0.128102937113683,1.70040793943471,0.52701562265561,0.134226325637137,0.220506624900193,0.926066153567934,1.48264489995353,NA,NA,NA,NA,NA,10,2023-10-08,"","DATE: Oct-08<br><b>Vapour pressure deficit</b><br>10-90 percentile<br>0.1 to 1.5 kPa","Historical daily maximum<br>1.7 kPa<br>2023-10-08","DATE: Oct-08</b><br>Normal: 0.7 kPa<br>Period: 1991-2020","3063686","LAC+LA+BICHE+CLIMATE",2004,2026
"10-09","TMAX",2001-10-09,10.94,-2,21.5,6.81990783347861,1.1,7.85,14.6,19.06,NA,NA,NA,NA,NA,10,2022-10-09,"","DATE: Oct-09<br><b>Maximum temperature</b><br>10-90 percentile<br>1.1 to 19.1 °C","Historical daily maximum<br>21.5 °C<br>2022-10-09","DATE: Oct-09</b><br>Normal: 10.9 °C<br>Period: 1991-2020","3063686","LAC+LA+BICHE+CLIMATE",2004,2026
"10-09","TMIN",2001-10-09,-1.48666666666667,-6.1,4.9,3.46201152648627,-5.62,-4,0.15,3.48,NA,NA,NA,NA,NA,10,2023-10-09,"","DATE: Oct-09<br><b>Minimum temperature</b><br>10-90 percentile<br>-5.6 to 3.5 °C","Historical daily maximum<br>4.9 °C<br>2023-10-09","DATE: Oct-09</b><br>Normal: -1.5 °C<br>Period: 1991-2020","3063686","LAC+LA+BICHE+CLIMATE",2004,2026
"10-09","VPD",2001-10-09,0.852286785874046,0.0647932604003643,1.86893576149398,0.540061202066669,0.202814248901537,0.422029001634116,1.16277531094635,1.55756227987386,NA,NA,NA,NA,NA,10,2022-10-09,"","DATE: Oct-09<br><b>Vapour pressure deficit</b><br>10-90 percentile<br>0.2 to 1.6 kPa","Historical daily maximum<br>1.9 kPa<br>2022-10-09","DATE: Oct-09</b><br>Normal: 0.9 kPa<br>Period: 1991-2020","3063686","LAC+LA+BICHE+CLIMATE",2004,2026
"10-10","TMAX",2001-10-10,10.325,-2.5,24.5,7.91458569140967,0.9,5.325,14.825,20.9,NA,NA,NA,NA,NA,10,2015-10-10,"","DATE: Oct-10<br><b>Maximum temperature</b><br>10-90 percentile<br>0.9 to 20.9 °C","Historical daily maximum<br>24.5 °C<br>2015-10-10","DATE: Oct-10</b><br>Normal: 10.3 °C<br>Period: 1991-2020","3063686","LAC+LA+BICHE+CLIMATE",2004,2026
"10-10","TMIN",2001-10-10,0.21875,-9,7.7,5.0311322449988,-5.65,-2.775,4,6.25,NA,NA,NA,NA,NA,10,2023-10-10,"","DATE: Oct-10<br><b>Minimum temperature</b><br>10-90 percentile<br>-5.6 to 6.2 °C","Historical daily maximum<br>7.7 °C<br>2023-10-10","DATE: Oct-10</b><br>Normal: 0.2 °C<br>Period: 1991-2020","3063686","LAC+LA+BICHE+CLIMATE",2004,2026
"10-10","VPD",2001-10-10,0.750475540025047,0.0923378638089366,2.02360319365926,0.574934931817881,0.16925464788542,0.395784171480816,1.04970329382601,1.59981604654852,NA,NA,NA,NA,NA,10,2015-10-10,"","DATE: Oct-10<br><b>Vapour pressure deficit</b><br>10-90 percentile<br>0.2 to 1.6 kPa","Historical daily maximum<br>2.0 kPa<br>2015-10-10","DATE: Oct-10</b><br>Normal: 0.8 kPa<br>Period: 1991-2020","3063686","LAC+LA+BICHE+CLIMATE",2004,2026
"10-11","TMAX",2001-10-11,8.3,-3.5,16.5,6.39249560031135,0.85,3.175,13.25,15.9,NA,NA,NA,NA,NA,10,2023-10-11,"","DATE: Oct-11<br><b>Maximum temperature</b><br>10-90 percentile<br>0.8 to 15.9 °C","Historical daily maximum<br>16.5 °C<br>2023-10-11","DATE: Oct-11</b><br>Normal: 8.3 °C<br>Period: 1991-2020","3063686","LAC+LA+BICHE+CLIMATE",2004,2026
"10-11","TMIN",2001-10-11,-0.775,-8.4,7.3,4.52128300375015,-6.7,-3.3,1.55,4.3,NA,NA,NA,NA,NA,10,2023-10-11,"","DATE: Oct-11<br><b>Minimum temperature</b><br>10-90 percentile<br>-6.7 to 4.3 °C","Historical daily maximum<br>7.3 °C<br>2023-10-11","DATE: Oct-11</b><br>Normal: -0.8 °C<br>Period: 1991-2020","3063686","LAC+LA+BICHE+CLIMATE",2004,2026
"10-11","VPD",2001-10-11,0.574915608130995,0.0814027122927833,1.07869795446688,0.323938463373157,0.210905887823815,0.252449814007754,0.845939780513212,0.89939376394674,NA,NA,NA,NA,NA,10,2011-10-11,"","DATE: Oct-11<br><b>Vapour pressure deficit</b><br>10-90 percentile<br>0.2 to 0.9 kPa","Historical daily maximum<br>1.1 kPa<br>2011-10-11","DATE: Oct-11</b><br>Normal: 0.6 kPa<br>Period: 1991-2020","3063686","LAC+LA+BICHE+CLIMATE",2004,2026
"10-12","TMAX",2001-10-12,8.92666666666667,-2.3,17,5.90912933720438,2.2,3.15,12.65,15.42,NA,NA,NA,NA,NA,10,2005-10-12,"","DATE: Oct-12<br><b>Maximum temperature</b><br>10-90 percentile<br>2.2 to 15.4 °C","Historical daily maximum<br>17.0 °C<br>2005-10-12","DATE: Oct-12</b><br>Normal: 8.9 °C<br>Period: 1991-2020","3063686","LAC+LA+BICHE+CLIMATE",2004,2026
"10-12","TMIN",2001-10-12,-0.6875,-6.6,4.1,2.66930078235231,-3.1,-2.175,1.15,2.45,NA,NA,NA,NA,NA,10,2014-10-12,"","DATE: Oct-12<br><b>Minimum temperature</b><br>10-90 percentile<br>-3.1 to 2.4 °C","Historical daily maximum<br>4.1 °C<br>2014-10-12","DATE: Oct-12</b><br>Normal: -0.7 °C<br>Period: 1991-2020","3063686","LAC+LA+BICHE+CLIMATE",2004,2026
"10-12","VPD",2001-10-12,0.619691658353537,0.121003557945252,1.36579692910615,0.38343247075621,0.168490034573308,0.234970392718313,0.837510019895683,1.00852926153582,NA,NA,NA,NA,NA,10,2005-10-12,"","DATE: Oct-12<br><b>Vapour pressure deficit</b><br>10-90 percentile<br>0.2 to 1.0 kPa","Historical daily maximum<br>1.4 kPa<br>2005-10-12","DATE: Oct-12</b><br>Normal: 0.6 kPa<br>Period: 1991-2020","3063686","LAC+LA+BICHE+CLIMATE",2004,2026
"10-13","TMAX",2001-10-13,9.0625,-0.7,18.4,6.45279009421506,0.45,4.4,14.1,17.05,NA,NA,NA,NA,NA,10,2004-10-13,"","DATE: Oct-13<br><b>Maximum temperature</b><br>10-90 percentile<br>0.4 to 17.0 °C","Historical daily maximum<br>18.4 °C<br>2004-10-13","DATE: Oct-13</b><br>Normal: 9.1 °C<br>Period: 1991-2020","3063686","LAC+LA+BICHE+CLIMATE",2004,2026
"10-13","TMIN",2001-10-13,-0.26875,-5.4,5.2,3.38756918748533,-4.9,-2.225,2.5,4.1,NA,NA,NA,NA,NA,10,2011-10-13,"","DATE: Oct-13<br><b>Minimum temperature</b><br>10-90 percentile<br>-4.9 to 4.1 °C","Historical daily maximum<br>5.2 °C<br>2011-10-13","DATE: Oct-13</b><br>Normal: -0.3 °C<br>Period: 1991-2020","3063686","LAC+LA+BICHE+CLIMATE",2004,2026
"10-13","VPD",2001-10-13,0.628507542135156,0.0968421158151512,1.47384830222825,0.466764335241096,0.113641034851508,0.221277046696518,0.878325068650696,1.27607970718581,NA,NA,NA,NA,NA,10,2004-10-13,"","DATE: Oct-13<br><b>Vapour pressure deficit</b><br>10-90 percentile<br>0.1 to 1.3 kPa","Historical daily maximum<br>1.5 kPa<br>2004-10-13","DATE: Oct-13</b><br>Normal: 0.6 kPa<br>Period: 1991-2020","3063686","LAC+LA+BICHE+CLIMATE",2004,2026
"10-14","TMAX",2001-10-14,9.4125,-0.9,18.6,5.82361571534386,1.55,5.05,13.05,15.8,NA,NA,NA,NA,NA,10,2007-10-14,"","DATE: Oct-14<br><b>Maximum temperature</b><br>10-90 percentile<br>1.6 to 15.8 °C","Historical daily maximum<br>18.6 °C<br>2007-10-14","DATE: Oct-14</b><br>Normal: 9.4 °C<br>Period: 1991-2020","3063686","LAC+LA+BICHE+CLIMATE",2004,2026
"10-14","TMIN",2001-10-14,-0.825,-6.5,4.1,3.36798653995727,-5.1,-3.75,1.625,3,NA,NA,NA,NA,NA,10,2014-10-14,"","DATE: Oct-14<br><b>Minimum temperature</b><br>10-90 percentile<br>-5.1 to 3.0 °C","Historical daily maximum<br>4.1 °C<br>2014-10-14","DATE: Oct-14</b><br>Normal: -0.8 °C<br>Period: 1991-2020","3063686","LAC+LA+BICHE+CLIMATE",2004,2026
"10-14","VPD",2001-10-14,0.664356302443906,0.0445224183088161,1.43751148032526,0.392817961751965,0.18649172527769,0.360596763947283,0.83777968586731,1.17050475058127,NA,NA,NA,NA,NA,10,2007-10-14,"","DATE: Oct-14<br><b>Vapour pressure deficit</b><br>10-90 percentile<br>0.2 to 1.2 kPa","Historical daily maximum<br>1.4 kPa<br>2007-10-14","DATE: Oct-14</b><br>Normal: 0.7 kPa<br>Period: 1991-2020","3063686","LAC+LA+BICHE+CLIMATE",2004,2026
"10-15","TMAX",2001-10-15,8.875,-0.5,19.5,5.91004794114791,2.05,3.55,12.625,15.85,NA,NA,NA,NA,NA,10,2007-10-15,"","DATE: Oct-15<br><b>Maximum temperature</b><br>10-90 percentile<br>2.0 to 15.8 °C","Historical daily maximum<br>19.5 °C<br>2007-10-15","DATE: Oct-15</b><br>Normal: 8.9 °C<br>Period: 1991-2020","3063686","LAC+LA+BICHE+CLIMATE",2004,2026
"10-15","TMIN",2001-10-15,0.65,-3.2,6.5,3.22572989156459,-2.55,-1.7,1.7,6.3,NA,NA,NA,NA,NA,10,2005-10-15,"","DATE: Oct-15<br><b>Minimum temperature</b><br>10-90 percentile<br>-2.5 to 6.3 °C","Historical daily maximum<br>6.5 °C<br>2005-10-15","DATE: Oct-15</b><br>Normal: 0.6 °C<br>Period: 1991-2020","3063686","LAC+LA+BICHE+CLIMATE",2004,2026
"10-15","VPD",2001-10-15,0.558969339310923,0.0769305146249203,1.32527697971142,0.393485728582362,0.151111093300023,0.255129956615863,0.865281379759178,1.10527845111862,NA,NA,NA,NA,NA,10,2007-10-15,"","DATE: Oct-15<br><b>Vapour pressure deficit</b><br>10-90 percentile<br>0.2 to 1.1 kPa","Historical daily maximum<br>1.3 kPa<br>2007-10-15","DATE: Oct-15</b><br>Normal: 0.6 kPa<br>Period: 1991-2020","3063686","LAC+LA+BICHE+CLIMATE",2004,2026
"10-16","TMAX",2001-10-16,8.7875,-1.6,15.4,5.72222276159652,0.1,6.825,12.35,14.8,NA,NA,NA,NA,NA,10,2023-10-16,"","DATE: Oct-16<br><b>Maximum temperature</b><br>10-90 percentile<br>0.1 to 14.8 °C","Historical daily maximum<br>15.4 °C<br>2023-10-16","DATE: Oct-16</b><br>Normal: 8.8 °C<br>Period: 1991-2020","3063686","LAC+LA+BICHE+CLIMATE",2004,2026
"10-16","TMIN",2001-10-16,-1.10625,-6,5.5,3.43617398666986,-5.15,-3,2.15,3.3,NA,NA,NA,NA,NA,10,2007-10-16,"","DATE: Oct-16<br><b>Minimum temperature</b><br>10-90 percentile<br>-5.2 to 3.3 °C","Historical daily maximum<br>5.5 °C<br>2007-10-16","DATE: Oct-16</b><br>Normal: -1.1 °C<br>Period: 1991-2020","3063686","LAC+LA+BICHE+CLIMATE",2004,2026
"10-16","VPD",2001-10-16,0.618706048233325,0.0988023575990814,1.02186425195129,0.321835083252468,0.118692578854051,0.454124714486985,0.831141498366955,0.950229236156274,NA,NA,NA,NA,NA,10,2025-10-16,"","DATE: Oct-16<br><b>Vapour pressure deficit</b><br>10-90 percentile<br>0.1 to 1.0 kPa","Historical daily maximum<br>1.0 kPa<br>2025-10-16","DATE: Oct-16</b><br>Normal: 0.6 kPa<br>Period: 1991-2020","3063686","LAC+LA+BICHE+CLIMATE",2004,2026
"10-17","TMAX",2001-10-17,8.90625,-4.5,22.8,7.35032595649109,-0.9,5.075,12.55,16.05,NA,NA,NA,NA,NA,10,2018-10-17,"","DATE: Oct-17<br><b>Maximum temperature</b><br>10-90 percentile<br>-0.9 to 16.0 °C","Historical daily maximum<br>22.8 °C<br>2018-10-17","DATE: Oct-17</b><br>Normal: 8.9 °C<br>Period: 1991-2020","3063686","LAC+LA+BICHE+CLIMATE",2004,2026
"10-17","TMIN",2001-10-17,-1.13125,-7.1,2.9,3.1137798573438,-4.95,-3.675,1.6,2.3,NA,NA,NA,NA,NA,10,2023-10-17,"","DATE: Oct-17<br><b>Minimum temperature</b><br>10-90 percentile<br>-5.0 to 2.3 °C","Historical daily maximum<br>2.9 °C<br>2023-10-17","DATE: Oct-17</b><br>Normal: -1.1 °C<br>Period: 1991-2020","3063686","LAC+LA+BICHE+CLIMATE",2004,2026
"10-17","VPD",2001-10-17,0.682624073033875,0.0636193372601851,2.16037168103921,0.552019510273683,0.073661643897982,0.385231374067508,0.886999493611682,1.21074733190802,NA,NA,NA,NA,NA,10,2018-10-17,"","DATE: Oct-17<br><b>Vapour pressure deficit</b><br>10-90 percentile<br>0.1 to 1.2 kPa","Historical daily maximum<br>2.2 kPa<br>2018-10-17","DATE: Oct-17</b><br>Normal: 0.7 kPa<br>Period: 1991-2020","3063686","LAC+LA+BICHE+CLIMATE",2004,2026
"10-18","TMAX",2001-10-18,9.35,-2.4,18.1,6.93397432934389,-1.15,5.325,15,16.5,NA,NA,NA,NA,NA,10,2014-10-18,"","DATE: Oct-18<br><b>Maximum temperature</b><br>10-90 percentile<br>-1.1 to 16.5 °C","Historical daily maximum<br>18.1 °C<br>2014-10-18","DATE: Oct-18</b><br>Normal: 9.3 °C<br>Period: 1991-2020","3063686","LAC+LA+BICHE+CLIMATE",2004,2026
"10-18","TMIN",2001-10-18,-1.65,-9.1,5.6,3.94799527186478,-7,-3.425,0.425,3.15,NA,NA,NA,NA,NA,10,2018-10-18,"","DATE: Oct-18<br><b>Minimum temperature</b><br>10-90 percentile<br>-7.0 to 3.1 °C","Historical daily maximum<br>5.6 °C<br>2018-10-18","DATE: Oct-18</b><br>Normal: -1.6 °C<br>Period: 1991-2020","3063686","LAC+LA+BICHE+CLIMATE",2004,2026
"10-18","VPD",2001-10-18,0.715871774167938,0.0636193372601851,1.29745295784184,0.421743349937698,0.137735344356302,0.324421987241396,0.964574413371579,1.24191028585452,NA,NA,NA,NA,NA,10,2014-10-18,"","DATE: Oct-18<br><b>Vapour pressure deficit</b><br>10-90 percentile<br>0.1 to 1.2 kPa","Historical daily maximum<br>1.3 kPa<br>2014-10-18","DATE: Oct-18</b><br>Normal: 0.7 kPa<br>Period: 1991-2020","3063686","LAC+LA+BICHE+CLIMATE",2004,2026
"10-19","TMAX",2001-10-19,8.1875,-3.3,19.2,6.3881009175915,-0.65,3.975,11.775,15.55,NA,NA,NA,NA,NA,10,2023-10-19,"","DATE: Oct-19<br><b>Maximum temperature</b><br>10-90 percentile<br>-0.6 to 15.6 °C","Historical daily maximum<br>19.2 °C<br>2023-10-19","DATE: Oct-19</b><br>Normal: 8.2 °C<br>Period: 1991-2020","3063686","LAC+LA+BICHE+CLIMATE",2004,2026
"10-19","TMIN",2001-10-19,-2.0875,-11.1,2.5,3.48613922078087,-5.85,-3.225,0.05,1.75,NA,NA,NA,NA,NA,10,2023-10-19,"","DATE: Oct-19<br><b>Minimum temperature</b><br>10-90 percentile<br>-5.8 to 1.8 °C","Historical daily maximum<br>2.5 °C<br>2023-10-19","DATE: Oct-19</b><br>Normal: -2.1 °C<br>Period: 1991-2020","3063686","LAC+LA+BICHE+CLIMATE",2004,2026
"10-19","VPD",2001-10-19,0.632562614662334,0.122965592668007,1.62299456749091,0.441894136106056,0.19360349429986,0.299637998699074,0.813115552073278,1.25721790456964,NA,NA,NA,NA,NA,10,2014-10-19,"","DATE: Oct-19<br><b>Vapour pressure deficit</b><br>10-90 percentile<br>0.2 to 1.3 kPa","Historical daily maximum<br>1.6 kPa<br>2014-10-19","DATE: Oct-19</b><br>Normal: 0.6 kPa<br>Period: 1991-2020","3063686","LAC+LA+BICHE+CLIMATE",2004,2026
"10-20","TMAX",2001-10-20,7.22352941176471,-2.8,19.6,5.73460214528487,0.1,3.8,9.9,13.38,NA,NA,NA,NA,NA,10,2014-10-20,"","DATE: Oct-20<br><b>Maximum temperature</b><br>10-90 percentile<br>0.1 to 13.4 °C","Historical daily maximum<br>19.6 °C<br>2014-10-20","DATE: Oct-20</b><br>Normal: 7.2 °C<br>Period: 1991-2020","3063686","LAC+LA+BICHE+CLIMATE",2004,2026
"10-20","TMIN",2001-10-20,-1.98235294117647,-9.6,2.5,3.4364289775357,-6.42,-3,-0.1,2.12,NA,NA,NA,NA,NA,10,2022-10-20,"","DATE: Oct-20<br><b>Minimum temperature</b><br>10-90 percentile<br>-6.4 to 2.1 °C","Historical daily maximum<br>2.5 °C<br>2022-10-20","DATE: Oct-20</b><br>Normal: -2.0 °C<br>Period: 1991-2020","3063686","LAC+LA+BICHE+CLIMATE",2004,2026
"10-20","VPD",2001-10-20,0.543171206708132,0.108753310422095,1.54971186276482,0.371938833049599,0.182780681612908,0.28223053718773,0.692348197370034,0.909294015911302,NA,NA,NA,NA,NA,10,2014-10-20,"","DATE: Oct-20<br><b>Vapour pressure deficit</b><br>10-90 percentile<br>0.2 to 0.9 kPa","Historical daily maximum<br>1.5 kPa<br>2014-10-20","DATE: Oct-20</b><br>Normal: 0.5 kPa<br>Period: 1991-2020","3063686","LAC+LA+BICHE+CLIMATE",2004,2026
"10-21","TMAX",2001-10-21,7.41764705882353,-3.5,15.5,6.24652256200576,-1.4,2.8,12.1,14.38,NA,NA,NA,NA,NA,10,2010-10-21,"","DATE: Oct-21<br><b>Maximum temperature</b><br>10-90 percentile<br>-1.4 to 14.4 °C","Historical daily maximum<br>15.5 °C<br>2010-10-21","DATE: Oct-21</b><br>Normal: 7.4 °C<br>Period: 1991-2020","3063686","LAC+LA+BICHE+CLIMATE",2004,2026
"10-21","TMIN",2001-10-21,-2.47647058823529,-8.5,2.4,3.19658595453116,-5.88,-4.7,-0.7,2.18,NA,NA,NA,NA,NA,10,2022-10-21,"","DATE: Oct-21<br><b>Minimum temperature</b><br>10-90 percentile<br>-5.9 to 2.2 °C","Historical daily maximum<br>2.4 °C<br>2022-10-21","DATE: Oct-21</b><br>Normal: -2.5 °C<br>Period: 1991-2020","3063686","LAC+LA+BICHE+CLIMATE",2004,2026
"10-21","VPD",2001-10-21,0.585212977195443,0.0558525980127162,1.19846298328318,0.342116516753848,0.15124121215554,0.285930926449758,0.831463869894166,0.956934202625258,NA,NA,NA,NA,NA,10,2015-10-21,"","DATE: Oct-21<br><b>Vapour pressure deficit</b><br>10-90 percentile<br>0.2 to 1.0 kPa","Historical daily maximum<br>1.2 kPa<br>2015-10-21","DATE: Oct-21</b><br>Normal: 0.6 kPa<br>Period: 1991-2020","3063686","LAC+LA+BICHE+CLIMATE",2004,2026
"10-22","TMAX",2001-10-22,7.24705882352941,-5.3,16.5,6.26589156136807,-1.8,3.8,12.3,13.62,NA,NA,NA,NA,NA,10,2014-10-22,"","DATE: Oct-22<br><b>Maximum temperature</b><br>10-90 percentile<br>-1.8 to 13.6 °C","Historical daily maximum<br>16.5 °C<br>2014-10-22","DATE: Oct-22</b><br>Normal: 7.2 °C<br>Period: 1991-2020","3063686","LAC+LA+BICHE+CLIMATE",2004,2026
"10-22","TMIN",2001-10-22,-2.57058823529412,-11.6,2.5,3.76791797712648,-7.22,-3.9,-1.2,2.04,NA,NA,NA,NA,NA,10,2007-10-22,"","DATE: Oct-22<br><b>Minimum temperature</b><br>10-90 percentile<br>-7.2 to 2.0 °C","Historical daily maximum<br>2.5 °C<br>2007-10-22","DATE: Oct-22</b><br>Normal: -2.6 °C<br>Period: 1991-2020","3063686","LAC+LA+BICHE+CLIMATE",2004,2026
"10-22","VPD",2001-10-22,0.572247009411634,0.0876117914146707,1.33793848693546,0.36634453430267,0.152204798708191,0.216931508033471,0.816173332561827,0.95736212498096,NA,NA,NA,NA,NA,10,2014-10-22,"","DATE: Oct-22<br><b>Vapour pressure deficit</b><br>10-90 percentile<br>0.2 to 1.0 kPa","Historical daily maximum<br>1.3 kPa<br>2014-10-22","DATE: Oct-22</b><br>Normal: 0.6 kPa<br>Period: 1991-2020","3063686","LAC+LA+BICHE+CLIMATE",2004,2026
"10-23","TMAX",2001-10-23,6.47647058823529,-6,13,5.49403419762799,-0.8,4.1,10.7,12.02,NA,NA,NA,NA,NA,10,2025-10-23,"","DATE: Oct-23<br><b>Maximum temperature</b><br>10-90 percentile<br>-0.8 to 12.0 °C","Historical daily maximum<br>13.0 °C<br>2025-10-23","DATE: Oct-23</b><br>Normal: 6.5 °C<br>Period: 1991-2020","3063686","LAC+LA+BICHE+CLIMATE",2004,2026
"10-23","TMIN",2001-10-23,-1.85294117647059,-8.7,5,3.81905054415669,-6.32,-3.5,-0.2,3.06,NA,NA,NA,NA,NA,10,2007-10-23,"","DATE: Oct-23<br><b>Minimum temperature</b><br>10-90 percentile<br>-6.3 to 3.1 °C","Historical daily maximum<br>5.0 °C<br>2007-10-23","DATE: Oct-23</b><br>Normal: -1.9 °C<br>Period: 1991-2020","3063686","LAC+LA+BICHE+CLIMATE",2004,2026
"10-23","VPD",2001-10-23,0.46949854874252,0.0711959802751285,0.917395640167305,0.265260777860406,0.160685142712116,0.220709220714889,0.684798337316919,0.766738341060431,NA,NA,NA,NA,NA,10,2018-10-23,"","DATE: Oct-23<br><b>Vapour pressure deficit</b><br>10-90 percentile<br>0.2 to 0.8 kPa","Historical daily maximum<br>0.9 kPa<br>2018-10-23","DATE: Oct-23</b><br>Normal: 0.5 kPa<br>Period: 1991-2020","3063686","LAC+LA+BICHE+CLIMATE",2004,2026
"10-24","TMAX",2001-10-24,7.87058823529412,-4.4,18.4,6.77124108877781,-2,2.6,12.3,15.56,NA,NA,NA,NA,NA,10,2007-10-24,"","DATE: Oct-24<br><b>Maximum temperature</b><br>10-90 percentile<br>-2.0 to 15.6 °C","Historical daily maximum<br>18.4 °C<br>2007-10-24","DATE: Oct-24</b><br>Normal: 7.9 °C<br>Period: 1991-2020","3063686","LAC+LA+BICHE+CLIMATE",2004,2026
"10-24","TMIN",2001-10-24,-1.25882352941176,-8.6,4.9,3.61127727118976,-5.26,-2.7,0.6,3.54,NA,NA,NA,NA,NA,10,2017-10-24,"","DATE: Oct-24<br><b>Minimum temperature</b><br>10-90 percentile<br>-5.3 to 3.5 °C","Historical daily maximum<br>4.9 °C<br>2017-10-24","DATE: Oct-24</b><br>Normal: -1.3 °C<br>Period: 1991-2020","3063686","LAC+LA+BICHE+CLIMATE",2004,2026
"10-24","VPD",2001-10-24,0.581528980345028,0.0474742040692964,1.25626739287602,0.410054667643476,0.100781189193977,0.138929750208348,0.944871946390271,1.09196729687527,NA,NA,NA,NA,NA,10,2007-10-24,"","DATE: Oct-24<br><b>Vapour pressure deficit</b><br>10-90 percentile<br>0.1 to 1.1 kPa","Historical daily maximum<br>1.3 kPa<br>2007-10-24","DATE: Oct-24</b><br>Normal: 0.6 kPa<br>Period: 1991-2020","3063686","LAC+LA+BICHE+CLIMATE",2004,2026
"10-25","TMAX",2001-10-25,6.15294117647059,-1.7,15.9,5.00363838209992,-1.32,3.8,9.2,10.94,NA,NA,NA,NA,NA,10,2005-10-25,"","DATE: Oct-25<br><b>Maximum temperature</b><br>10-90 percentile<br>-1.3 to 10.9 °C","Historical daily maximum<br>15.9 °C<br>2005-10-25","DATE: Oct-25</b><br>Normal: 6.2 °C<br>Period: 1991-2020","3063686","LAC+LA+BICHE+CLIMATE",2004,2026
"10-25","TMIN",2001-10-25,-2.85882352941176,-12.4,1.7,3.48390205508303,-6.1,-3.7,-0.8,0.5,NA,NA,NA,NA,NA,10,2006-10-25,"","DATE: Oct-25<br><b>Minimum temperature</b><br>10-90 percentile<br>-6.1 to 0.5 °C","Historical daily maximum<br>1.7 °C<br>2006-10-25","DATE: Oct-25</b><br>Normal: -2.9 °C<br>Period: 1991-2020","3063686","LAC+LA+BICHE+CLIMATE",2004,2026
"10-25","VPD",2001-10-25,0.484223737705691,0.0883860812054795,1.22206725283398,0.303946615111361,0.126519146825529,0.269304870619146,0.60890269746188,0.838266087940787,NA,NA,NA,NA,NA,10,2005-10-25,"","DATE: Oct-25<br><b>Vapour pressure deficit</b><br>10-90 percentile<br>0.1 to 0.8 kPa","Historical daily maximum<br>1.2 kPa<br>2005-10-25","DATE: Oct-25</b><br>Normal: 0.5 kPa<br>Period: 1991-2020","3063686","LAC+LA+BICHE+CLIMATE",2004,2026
"10-26","TMAX",2001-10-26,4.6,-3,14.3,5.34169916786784,-1.92,0.6,9.3,10.7,NA,NA,NA,NA,NA,10,2005-10-26,"","DATE: Oct-26<br><b>Maximum temperature</b><br>10-90 percentile<br>-1.9 to 10.7 °C","Historical daily maximum<br>14.3 °C<br>2005-10-26","DATE: Oct-26</b><br>Normal: 4.6 °C<br>Period: 1991-2020","3063686","LAC+LA+BICHE+CLIMATE",2004,2026
"10-26","TMIN",2001-10-26,-3.44705882352941,-10,5.2,3.99078902710022,-7.42,-6.5,-1.1,1.16,NA,NA,NA,NA,NA,10,2005-10-26,"","DATE: Oct-26<br><b>Minimum temperature</b><br>10-90 percentile<br>-7.4 to 1.2 °C","Historical daily maximum<br>5.2 °C<br>2005-10-26","DATE: Oct-26</b><br>Normal: -3.4 °C<br>Period: 1991-2020","3063686","LAC+LA+BICHE+CLIMATE",2004,2026
"10-26","VPD",2001-10-26,0.406967578814463,0.125149754272148,0.770952019834035,0.249043256209521,0.148388845362703,0.175747144265777,0.702886516663243,0.763602385495783,NA,NA,NA,NA,NA,10,2021-10-26,"","DATE: Oct-26<br><b>Vapour pressure deficit</b><br>10-90 percentile<br>0.1 to 0.8 kPa","Historical daily maximum<br>0.8 kPa<br>2021-10-26","DATE: Oct-26</b><br>Normal: 0.4 kPa<br>Period: 1991-2020","3063686","LAC+LA+BICHE+CLIMATE",2004,2026
"10-27","TMAX",2001-10-27,4.04705882352941,-3.6,11.2,4.6689288984545,-2.82,1.1,7.6,9.26,NA,NA,NA,NA,NA,10,2022-10-27,"","DATE: Oct-27<br><b>Maximum temperature</b><br>10-90 percentile<br>-2.8 to 9.3 °C","Historical daily maximum<br>11.2 °C<br>2022-10-27","DATE: Oct-27</b><br>Normal: 4.0 °C<br>Period: 1991-2020","3063686","LAC+LA+BICHE+CLIMATE",2004,2026
"10-27","TMIN",2001-10-27,-3.98823529411765,-10.5,1.3,4.24173937685668,-9.92,-7.7,-0.6,0.5,NA,NA,NA,NA,NA,10,2022-10-27,"","DATE: Oct-27<br><b>Minimum temperature</b><br>10-90 percentile<br>-9.9 to 0.5 °C","Historical daily maximum<br>1.3 °C<br>2022-10-27","DATE: Oct-27</b><br>Normal: -4.0 °C<br>Period: 1991-2020","3063686","LAC+LA+BICHE+CLIMATE",2004,2026
"10-27","VPD",2001-10-27,0.378599765812728,0.0810883509326745,0.937021518976348,0.232599921720937,0.164514688569917,0.193548173660625,0.480846453708696,0.650420033280944,NA,NA,NA,NA,NA,10,2022-10-27,"","DATE: Oct-27<br><b>Vapour pressure deficit</b><br>10-90 percentile<br>0.2 to 0.7 kPa","Historical daily maximum<br>0.9 kPa<br>2022-10-27","DATE: Oct-27</b><br>Normal: 0.4 kPa<br>Period: 1991-2020","3063686","LAC+LA+BICHE+CLIMATE",2004,2026
"10-28","TMAX",2001-10-28,3.64705882352941,-6.4,13.2,5.56946111027122,-2.46,0.2,7.2,11.26,NA,NA,NA,NA,NA,10,2008-10-28,"","DATE: Oct-28<br><b>Maximum temperature</b><br>10-90 percentile<br>-2.5 to 11.3 °C","Historical daily maximum<br>13.2 °C<br>2008-10-28","DATE: Oct-28</b><br>Normal: 3.6 °C<br>Period: 1991-2020","3063686","LAC+LA+BICHE+CLIMATE",2004,2026
"10-28","TMIN",2001-10-28,-5.12941176470588,-13.5,1.1,3.97189575421523,-9.44,-8.4,-2.3,-0.32,NA,NA,NA,NA,NA,10,2021-10-28,"","DATE: Oct-28<br><b>Minimum temperature</b><br>10-90 percentile<br>-9.4 to -0.3 °C","Historical daily maximum<br>1.1 °C<br>2021-10-28","DATE: Oct-28</b><br>Normal: -5.1 °C<br>Period: 1991-2020","3063686","LAC+LA+BICHE+CLIMATE",2004,2026
"10-28","VPD",2001-10-28,0.412451060893416,0.0788507929938906,1.03870969153273,0.281511280875028,0.0956614337978925,0.18566668449445,0.575450928142811,0.76676450815507,NA,NA,NA,NA,NA,10,2008-10-28,"","DATE: Oct-28<br><b>Vapour pressure deficit</b><br>10-90 percentile<br>0.1 to 0.8 kPa","Historical daily maximum<br>1.0 kPa<br>2008-10-28","DATE: Oct-28</b><br>Normal: 0.4 kPa<br>Period: 1991-2020","3063686","LAC+LA+BICHE+CLIMATE",2004,2026
"10-29","TMAX",2001-10-29,2.85,-5.1,9.9,4.60420098026429,-4.25,0.25,5.75,8.2,NA,NA,NA,NA,NA,10,2008-10-29,"","DATE: Oct-29<br><b>Maximum temperature</b><br>10-90 percentile<br>-4.2 to 8.2 °C","Historical daily maximum<br>9.9 °C<br>2008-10-29","DATE: Oct-29</b><br>Normal: 2.8 °C<br>Period: 1991-2020","3063686","LAC+LA+BICHE+CLIMATE",2004,2026
"10-29","TMIN",2001-10-29,-3.90588235294118,-11.7,1.6,3.96113471562053,-8.72,-7.5,-1,0.64,NA,NA,NA,NA,NA,10,2007-10-29,"","DATE: Oct-29<br><b>Minimum temperature</b><br>10-90 percentile<br>-8.7 to 0.6 °C","Historical daily maximum<br>1.6 °C<br>2007-10-29","DATE: Oct-29</b><br>Normal: -3.9 °C<br>Period: 1991-2020","3063686","LAC+LA+BICHE+CLIMATE",2004,2026
"10-29","VPD",2001-10-29,0.313779606631344,0.070362640343223,0.70776055942459,0.209824420830767,0.100755812659717,0.147024616393349,0.408160064109877,0.618629848905836,NA,NA,NA,NA,NA,10,2008-10-29,"","DATE: Oct-29<br><b>Vapour pressure deficit</b><br>10-90 percentile<br>0.1 to 0.6 kPa","Historical daily maximum<br>0.7 kPa<br>2008-10-29","DATE: Oct-29</b><br>Normal: 0.3 kPa<br>Period: 1991-2020","3063686","LAC+LA+BICHE+CLIMATE",2004,2026
"10-30","TMAX",2001-10-30,4.37647058823529,-4.9,12.1,4.49868444822549,-1.74,1.7,7,9.12,NA,NA,NA,NA,NA,10,2022-10-30,"","DATE: Oct-30<br><b>Maximum temperature</b><br>10-90 percentile<br>-1.7 to 9.1 °C","Historical daily maximum<br>12.1 °C<br>2022-10-30","DATE: Oct-30</b><br>Normal: 4.4 °C<br>Period: 1991-2020","3063686","LAC+LA+BICHE+CLIMATE",2004,2026
"10-30","TMIN",2001-10-30,-3.51176470588235,-11.5,1.5,3.48063973159769,-8.72,-4.2,-1.3,-0.22,NA,NA,NA,NA,NA,10,2016-10-30,"","DATE: Oct-30<br><b>Minimum temperature</b><br>10-90 percentile<br>-8.7 to -0.2 °C","Historical daily maximum<br>1.5 °C<br>2016-10-30","DATE: Oct-30</b><br>Normal: -3.5 °C<br>Period: 1991-2020","3063686","LAC+LA+BICHE+CLIMATE",2004,2026
"10-30","VPD",2001-10-30,0.384791355887513,0.0708865193424014,0.884429128028362,0.240390526957607,0.105213992791663,0.134110165270853,0.593403433982045,0.615850912738787,NA,NA,NA,NA,NA,10,2022-10-30,"","DATE: Oct-30<br><b>Vapour pressure deficit</b><br>10-90 percentile<br>0.1 to 0.6 kPa","Historical daily maximum<br>0.9 kPa<br>2022-10-30","DATE: Oct-30</b><br>Normal: 0.4 kPa<br>Period: 1991-2020","3063686","LAC+LA+BICHE+CLIMATE",2004,2026
"10-31","TMAX",2001-10-31,3.76470588235294,-9.2,9.4,4.95579725882609,-2.1,2.2,7,8.62,NA,NA,NA,NA,NA,10,2007-10-31,"","DATE: Oct-31<br><b>Maximum temperature</b><br>10-90 percentile<br>-2.1 to 8.6 °C","Historical daily maximum<br>9.4 °C<br>2007-10-31","DATE: Oct-31</b><br>Normal: 3.8 °C<br>Period: 1991-2020","3063686","LAC+LA+BICHE+CLIMATE",2004,2026
"10-31","TMIN",2001-10-31,-3.08235294117647,-10.9,0.3,3.10488230334856,-6.7,-4.6,-0.7,-0.16,NA,NA,NA,NA,NA,10,2014-10-31,"","DATE: Oct-31<br><b>Minimum temperature</b><br>10-90 percentile<br>-6.7 to -0.2 °C","Historical daily maximum<br>0.3 °C<br>2014-10-31","DATE: Oct-31</b><br>Normal: -3.1 °C<br>Period: 1991-2020","3063686","LAC+LA+BICHE+CLIMATE",2004,2026
"10-31","VPD",2001-10-31,0.33988498301139,0.0384114867809765,0.73785068463043,0.203026405681179,0.106416775542365,0.160433412160585,0.470670594632662,0.5591582021362,NA,NA,NA,NA,NA,10,2010-10-31,"","DATE: Oct-31<br><b>Vapour pressure deficit</b><br>10-90 percentile<br>0.1 to 0.6 kPa","Historical daily maximum<br>0.7 kPa<br>2010-10-31","DATE: Oct-31</b><br>Normal: 0.3 kPa<br>Period: 1991-2020","3063686","LAC+LA+BICHE+CLIMATE",2004,2026
