"MD","PLOT_DATE","clim_mean","clim_min","clim_max","q10","q25","q75","q90","PRECIP","PRECIP_CUM","ECCC_SOURCE","ECCC_AES","ECCC_STATION_ID","ECCC_STATION_NAME","hover_bar","pct_normal","hover_value","hover_mean","hover_band25","hover_band10","AES","NAME","por_start","por_end"
"04-01",2001-04-01,0.22,0,1.5,0,0,0.15,0.650000000000001,0,0,"NA (ECCC AES NA; station_id 30347)",NA,30347,"","DATE: Apr-01<br><b>Daily precipitation</b><br>Value: 0.0 mm<br>Weather station: NA (ECCC AES NA; station_id 30347)",0,"DATE: Apr-01<br><b>Cumulative precipitation</b><br>Value: 0.0 mm<br>Anomaly: -0.2 mm<br>Percent of normal: <b>0%</b><br>Weather station: NA (ECCC AES NA; station_id 30347)","DATE: Apr-01<br><b>Normal cumulative precipitation</b><br>0.2 mm<br>Period: 1991-2020","DATE: Apr-01<br><b>25-75 percentile</b><br>0.0 to 0.1 mm","DATE: Apr-01<br><b>10-90 percentile</b><br>0.0 to 0.7 mm","3034485","MEDICINE+HAT+RCS",2000,2026
"04-02",2001-04-02,1.995,0,15.7,0,0,0.825,6.99,7.6,7.6,"NA (ECCC AES NA; station_id 30347)",NA,30347,"","DATE: Apr-02<br><b>Daily precipitation</b><br>Value: 7.6 mm<br>Weather station: NA (ECCC AES NA; station_id 30347)",380.952380952381,"DATE: Apr-02<br><b>Cumulative precipitation</b><br>Value: 7.6 mm<br>Anomaly: +5.6 mm<br>Percent of normal: <b>381%</b><br>Weather station: NA (ECCC AES NA; station_id 30347)","DATE: Apr-02<br><b>Normal cumulative precipitation</b><br>2.0 mm<br>Period: 1991-2020","DATE: Apr-02<br><b>25-75 percentile</b><br>0.0 to 0.8 mm","DATE: Apr-02<br><b>10-90 percentile</b><br>0.0 to 7.0 mm","3034485","MEDICINE+HAT+RCS",2000,2026
"04-03",2001-04-03,2.595,0,18.3,0,0,1.35,10.18,1.6,9.2,"NA (ECCC AES NA; station_id 30347)",NA,30347,"","DATE: Apr-03<br><b>Daily precipitation</b><br>Value: 1.6 mm<br>Weather station: NA (ECCC AES NA; station_id 30347)",354.527938342967,"DATE: Apr-03<br><b>Cumulative precipitation</b><br>Value: 9.2 mm<br>Anomaly: +6.6 mm<br>Percent of normal: <b>355%</b><br>Weather station: NA (ECCC AES NA; station_id 30347)","DATE: Apr-03<br><b>Normal cumulative precipitation</b><br>2.6 mm<br>Period: 1991-2020","DATE: Apr-03<br><b>25-75 percentile</b><br>0.0 to 1.4 mm","DATE: Apr-03<br><b>10-90 percentile</b><br>0.0 to 10.2 mm","3034485","MEDICINE+HAT+RCS",2000,2026
"04-04",2001-04-04,3.12,0,18.3,0,0,2.925,10.24,0,9.2,"NA (ECCC AES NA; station_id 30347)",NA,30347,"","DATE: Apr-04<br><b>Daily precipitation</b><br>Value: 0.0 mm<br>Weather station: NA (ECCC AES NA; station_id 30347)",294.871794871795,"DATE: Apr-04<br><b>Cumulative precipitation</b><br>Value: 9.2 mm<br>Anomaly: +6.1 mm<br>Percent of normal: <b>295%</b><br>Weather station: NA (ECCC AES NA; station_id 30347)","DATE: Apr-04<br><b>Normal cumulative precipitation</b><br>3.1 mm<br>Period: 1991-2020","DATE: Apr-04<br><b>25-75 percentile</b><br>0.0 to 2.9 mm","DATE: Apr-04<br><b>10-90 percentile</b><br>0.0 to 10.2 mm","3034485","MEDICINE+HAT+RCS",2000,2026
"04-05",2001-04-05,3.655,0,18.3,0,0,6.075,10.4,0.3,9.5,"NA (ECCC AES NA; station_id 30347)",NA,30347,"","DATE: Apr-05<br><b>Daily precipitation</b><br>Value: 0.3 mm<br>Weather station: NA (ECCC AES NA; station_id 30347)",259.917920656635,"DATE: Apr-05<br><b>Cumulative precipitation</b><br>Value: 9.5 mm<br>Anomaly: +5.8 mm<br>Percent of normal: <b>260%</b><br>Weather station: NA (ECCC AES NA; station_id 30347)","DATE: Apr-05<br><b>Normal cumulative precipitation</b><br>3.7 mm<br>Period: 1991-2020","DATE: Apr-05<br><b>25-75 percentile</b><br>0.0 to 6.1 mm","DATE: Apr-05<br><b>10-90 percentile</b><br>0.0 to 10.4 mm","3034485","MEDICINE+HAT+RCS",2000,2026
"04-06",2001-04-06,3.95,0,18.3,0,0,7.575,10.4,0.1,9.6,"NA (ECCC AES NA; station_id 30347)",NA,30347,"","DATE: Apr-06<br><b>Daily precipitation</b><br>Value: 0.1 mm<br>Weather station: NA (ECCC AES NA; station_id 30347)",243.037974683544,"DATE: Apr-06<br><b>Cumulative precipitation</b><br>Value: 9.6 mm<br>Anomaly: +5.6 mm<br>Percent of normal: <b>243%</b><br>Weather station: NA (ECCC AES NA; station_id 30347)","DATE: Apr-06<br><b>Normal cumulative precipitation</b><br>4.0 mm<br>Period: 1991-2020","DATE: Apr-06<br><b>25-75 percentile</b><br>0.0 to 7.6 mm","DATE: Apr-06<br><b>10-90 percentile</b><br>0.0 to 10.4 mm","3034485","MEDICINE+HAT+RCS",2000,2026
"04-07",2001-04-07,4.17,0,21.3,0,0,7.7,10.4,0.6,10.2,"NA (ECCC AES NA; station_id 30347)",NA,30347,"","DATE: Apr-07<br><b>Daily precipitation</b><br>Value: 0.6 mm<br>Weather station: NA (ECCC AES NA; station_id 30347)",244.604316546763,"DATE: Apr-07<br><b>Cumulative precipitation</b><br>Value: 10.2 mm<br>Anomaly: +6.0 mm<br>Percent of normal: <b>245%</b><br>Weather station: NA (ECCC AES NA; station_id 30347)","DATE: Apr-07<br><b>Normal cumulative precipitation</b><br>4.2 mm<br>Period: 1991-2020","DATE: Apr-07<br><b>25-75 percentile</b><br>0.0 to 7.7 mm","DATE: Apr-07<br><b>10-90 percentile</b><br>0.0 to 10.4 mm","3034485","MEDICINE+HAT+RCS",2000,2026
"04-08",2001-04-08,4.435,0,22,0,0,7.7,10.4,0,10.2,"NA (ECCC AES NA; station_id 30347)",NA,30347,"","DATE: Apr-08<br><b>Daily precipitation</b><br>Value: 0.0 mm<br>Weather station: NA (ECCC AES NA; station_id 30347)",229.988726042841,"DATE: Apr-08<br><b>Cumulative precipitation</b><br>Value: 10.2 mm<br>Anomaly: +5.8 mm<br>Percent of normal: <b>230%</b><br>Weather station: NA (ECCC AES NA; station_id 30347)","DATE: Apr-08<br><b>Normal cumulative precipitation</b><br>4.4 mm<br>Period: 1991-2020","DATE: Apr-08<br><b>25-75 percentile</b><br>0.0 to 7.7 mm","DATE: Apr-08<br><b>10-90 percentile</b><br>0.0 to 10.4 mm","3034485","MEDICINE+HAT+RCS",2000,2026
"04-09",2001-04-09,4.655,0,22,0,0.15,7.7,10.55,0,10.2,"NA (ECCC AES NA; station_id 30347)",NA,30347,"","DATE: Apr-09<br><b>Daily precipitation</b><br>Value: 0.0 mm<br>Weather station: NA (ECCC AES NA; station_id 30347)",219.119226638024,"DATE: Apr-09<br><b>Cumulative precipitation</b><br>Value: 10.2 mm<br>Anomaly: +5.5 mm<br>Percent of normal: <b>219%</b><br>Weather station: NA (ECCC AES NA; station_id 30347)","DATE: Apr-09<br><b>Normal cumulative precipitation</b><br>4.7 mm<br>Period: 1991-2020","DATE: Apr-09<br><b>25-75 percentile</b><br>0.2 to 7.7 mm","DATE: Apr-09<br><b>10-90 percentile</b><br>0.0 to 10.6 mm","3034485","MEDICINE+HAT+RCS",2000,2026
"04-10",2001-04-10,4.975,0,22.3,0,0.15,7.7,11.02,0,10.2,"NA (ECCC AES NA; station_id 30347)",NA,30347,"","DATE: Apr-10<br><b>Daily precipitation</b><br>Value: 0.0 mm<br>Weather station: NA (ECCC AES NA; station_id 30347)",205.025125628141,"DATE: Apr-10<br><b>Cumulative precipitation</b><br>Value: 10.2 mm<br>Anomaly: +5.2 mm<br>Percent of normal: <b>205%</b><br>Weather station: NA (ECCC AES NA; station_id 30347)","DATE: Apr-10<br><b>Normal cumulative precipitation</b><br>5.0 mm<br>Period: 1991-2020","DATE: Apr-10<br><b>25-75 percentile</b><br>0.2 to 7.7 mm","DATE: Apr-10<br><b>10-90 percentile</b><br>0.0 to 11.0 mm","3034485","MEDICINE+HAT+RCS",2000,2026
"04-11",2001-04-11,5.265,0,22.3,0,0.15,7.7,12.82,0,10.2,"NA (ECCC AES NA; station_id 30347)",NA,30347,"","DATE: Apr-11<br><b>Daily precipitation</b><br>Value: 0.0 mm<br>Weather station: NA (ECCC AES NA; station_id 30347)",193.732193732194,"DATE: Apr-11<br><b>Cumulative precipitation</b><br>Value: 10.2 mm<br>Anomaly: +4.9 mm<br>Percent of normal: <b>194%</b><br>Weather station: NA (ECCC AES NA; station_id 30347)","DATE: Apr-11<br><b>Normal cumulative precipitation</b><br>5.3 mm<br>Period: 1991-2020","DATE: Apr-11<br><b>25-75 percentile</b><br>0.2 to 7.7 mm","DATE: Apr-11<br><b>10-90 percentile</b><br>0.0 to 12.8 mm","3034485","MEDICINE+HAT+RCS",2000,2026
"04-12",2001-04-12,5.785,0,22.3,0,0.15,8.675,13.63,1.4,11.6,"NA (ECCC AES NA; station_id 30347)",NA,30347,"","DATE: Apr-12<br><b>Daily precipitation</b><br>Value: 1.4 mm<br>Weather station: NA (ECCC AES NA; station_id 30347)",200.518582541054,"DATE: Apr-12<br><b>Cumulative precipitation</b><br>Value: 11.6 mm<br>Anomaly: +5.8 mm<br>Percent of normal: <b>201%</b><br>Weather station: NA (ECCC AES NA; station_id 30347)","DATE: Apr-12<br><b>Normal cumulative precipitation</b><br>5.8 mm<br>Period: 1991-2020","DATE: Apr-12<br><b>25-75 percentile</b><br>0.2 to 8.7 mm","DATE: Apr-12<br><b>10-90 percentile</b><br>0.0 to 13.6 mm","3034485","MEDICINE+HAT+RCS",2000,2026
"04-13",2001-04-13,7.35,0,22.3,0,0.5,12.375,21.55,0,11.6,"NA (ECCC AES NA; station_id 30347)",NA,30347,"","DATE: Apr-13<br><b>Daily precipitation</b><br>Value: 0.0 mm<br>Weather station: NA (ECCC AES NA; station_id 30347)",157.823129251701,"DATE: Apr-13<br><b>Cumulative precipitation</b><br>Value: 11.6 mm<br>Anomaly: +4.2 mm<br>Percent of normal: <b>158%</b><br>Weather station: NA (ECCC AES NA; station_id 30347)","DATE: Apr-13<br><b>Normal cumulative precipitation</b><br>7.3 mm<br>Period: 1991-2020","DATE: Apr-13<br><b>25-75 percentile</b><br>0.5 to 12.4 mm","DATE: Apr-13<br><b>10-90 percentile</b><br>0.0 to 21.6 mm","3034485","MEDICINE+HAT+RCS",2000,2026
"04-14",2001-04-14,9.13,0,26.4,0,0.825,15.325,22.7,0,11.6,"NA (ECCC AES NA; station_id 30347)",NA,30347,"","DATE: Apr-14<br><b>Daily precipitation</b><br>Value: 0.0 mm<br>Weather station: NA (ECCC AES NA; station_id 30347)",127.053669222344,"DATE: Apr-14<br><b>Cumulative precipitation</b><br>Value: 11.6 mm<br>Anomaly: +2.5 mm<br>Percent of normal: <b>127%</b><br>Weather station: NA (ECCC AES NA; station_id 30347)","DATE: Apr-14<br><b>Normal cumulative precipitation</b><br>9.1 mm<br>Period: 1991-2020","DATE: Apr-14<br><b>25-75 percentile</b><br>0.8 to 15.3 mm","DATE: Apr-14<br><b>10-90 percentile</b><br>0.0 to 22.7 mm","3034485","MEDICINE+HAT+RCS",2000,2026
"04-15",2001-04-15,9.65,0,26.4,0,1.8,15.675,22.9,0,11.6,"NA (ECCC AES NA; station_id 30347)",NA,30347,"","DATE: Apr-15<br><b>Daily precipitation</b><br>Value: 0.0 mm<br>Weather station: NA (ECCC AES NA; station_id 30347)",120.20725388601,"DATE: Apr-15<br><b>Cumulative precipitation</b><br>Value: 11.6 mm<br>Anomaly: +1.9 mm<br>Percent of normal: <b>120%</b><br>Weather station: NA (ECCC AES NA; station_id 30347)","DATE: Apr-15<br><b>Normal cumulative precipitation</b><br>9.6 mm<br>Period: 1991-2020","DATE: Apr-15<br><b>25-75 percentile</b><br>1.8 to 15.7 mm","DATE: Apr-15<br><b>10-90 percentile</b><br>0.0 to 22.9 mm","3034485","MEDICINE+HAT+RCS",2000,2026
"04-16",2001-04-16,9.825,0,26.4,0.18,1.8,15.975,23.74,1.7,13.3,"NA (ECCC AES NA; station_id 30347)",NA,30347,"","DATE: Apr-16<br><b>Daily precipitation</b><br>Value: 1.7 mm<br>Weather station: NA (ECCC AES NA; station_id 30347)",135.368956743003,"DATE: Apr-16<br><b>Cumulative precipitation</b><br>Value: 13.3 mm<br>Anomaly: +3.5 mm<br>Percent of normal: <b>135%</b><br>Weather station: NA (ECCC AES NA; station_id 30347)","DATE: Apr-16<br><b>Normal cumulative precipitation</b><br>9.8 mm<br>Period: 1991-2020","DATE: Apr-16<br><b>25-75 percentile</b><br>1.8 to 16.0 mm","DATE: Apr-16<br><b>10-90 percentile</b><br>0.2 to 23.7 mm","3034485","MEDICINE+HAT+RCS",2000,2026
"04-17",2001-04-17,10.01,0,26.4,0.18,1.8,15.975,24.1,0,13.3,"NA (ECCC AES NA; station_id 30347)",NA,30347,"","DATE: Apr-17<br><b>Daily precipitation</b><br>Value: 0.0 mm<br>Weather station: NA (ECCC AES NA; station_id 30347)",132.867132867133,"DATE: Apr-17<br><b>Cumulative precipitation</b><br>Value: 13.3 mm<br>Anomaly: +3.3 mm<br>Percent of normal: <b>133%</b><br>Weather station: NA (ECCC AES NA; station_id 30347)","DATE: Apr-17<br><b>Normal cumulative precipitation</b><br>10.0 mm<br>Period: 1991-2020","DATE: Apr-17<br><b>25-75 percentile</b><br>1.8 to 16.0 mm","DATE: Apr-17<br><b>10-90 percentile</b><br>0.2 to 24.1 mm","3034485","MEDICINE+HAT+RCS",2000,2026
"04-18",2001-04-18,10.335,0,26.4,0.18,2.05,15.975,25.94,0,13.3,"NA (ECCC AES NA; station_id 30347)",NA,30347,"","DATE: Apr-18<br><b>Daily precipitation</b><br>Value: 0.0 mm<br>Weather station: NA (ECCC AES NA; station_id 30347)",128.688921141751,"DATE: Apr-18<br><b>Cumulative precipitation</b><br>Value: 13.3 mm<br>Anomaly: +3.0 mm<br>Percent of normal: <b>129%</b><br>Weather station: NA (ECCC AES NA; station_id 30347)","DATE: Apr-18<br><b>Normal cumulative precipitation</b><br>10.3 mm<br>Period: 1991-2020","DATE: Apr-18<br><b>25-75 percentile</b><br>2.0 to 16.0 mm","DATE: Apr-18<br><b>10-90 percentile</b><br>0.2 to 25.9 mm","3034485","MEDICINE+HAT+RCS",2000,2026
"04-19",2001-04-19,11.615,0,39.7,0.18,2.65,15.975,25.95,0,13.3,"NA (ECCC AES NA; station_id 30347)",NA,30347,"","DATE: Apr-19<br><b>Daily precipitation</b><br>Value: 0.0 mm<br>Weather station: NA (ECCC AES NA; station_id 30347)",114.507102884201,"DATE: Apr-19<br><b>Cumulative precipitation</b><br>Value: 13.3 mm<br>Anomaly: +1.7 mm<br>Percent of normal: <b>115%</b><br>Weather station: NA (ECCC AES NA; station_id 30347)","DATE: Apr-19<br><b>Normal cumulative precipitation</b><br>11.6 mm<br>Period: 1991-2020","DATE: Apr-19<br><b>25-75 percentile</b><br>2.6 to 16.0 mm","DATE: Apr-19<br><b>10-90 percentile</b><br>0.2 to 26.0 mm","3034485","MEDICINE+HAT+RCS",2000,2026
"04-20",2001-04-20,12.825,0,51.3,0.18,2.65,23.55,25.95,0,13.3,"NA (ECCC AES NA; station_id 30347)",NA,30347,"","DATE: Apr-20<br><b>Daily precipitation</b><br>Value: 0.0 mm<br>Weather station: NA (ECCC AES NA; station_id 30347)",103.703703703704,"DATE: Apr-20<br><b>Cumulative precipitation</b><br>Value: 13.3 mm<br>Anomaly: +0.5 mm<br>Percent of normal: <b>104%</b><br>Weather station: NA (ECCC AES NA; station_id 30347)","DATE: Apr-20<br><b>Normal cumulative precipitation</b><br>12.8 mm<br>Period: 1991-2020","DATE: Apr-20<br><b>25-75 percentile</b><br>2.6 to 23.5 mm","DATE: Apr-20<br><b>10-90 percentile</b><br>0.2 to 26.0 mm","3034485","MEDICINE+HAT+RCS",2000,2026
"04-21",2001-04-21,13.71,0,54.7,0.18,2.65,25.375,26.42,0,13.3,"NA (ECCC AES NA; station_id 30347)",NA,30347,"","DATE: Apr-21<br><b>Daily precipitation</b><br>Value: 0.0 mm<br>Weather station: NA (ECCC AES NA; station_id 30347)",97.0094821298322,"DATE: Apr-21<br><b>Cumulative precipitation</b><br>Value: 13.3 mm<br>Anomaly: -0.4 mm<br>Percent of normal: <b>97%</b><br>Weather station: NA (ECCC AES NA; station_id 30347)","DATE: Apr-21<br><b>Normal cumulative precipitation</b><br>13.7 mm<br>Period: 1991-2020","DATE: Apr-21<br><b>25-75 percentile</b><br>2.6 to 25.4 mm","DATE: Apr-21<br><b>10-90 percentile</b><br>0.2 to 26.4 mm","3034485","MEDICINE+HAT+RCS",2000,2026
"04-22",2001-04-22,14.48,0,54.7,0.47,4.025,25.375,26.84,0,13.3,"NA (ECCC AES NA; station_id 30347)",NA,30347,"","DATE: Apr-22<br><b>Daily precipitation</b><br>Value: 0.0 mm<br>Weather station: NA (ECCC AES NA; station_id 30347)",91.8508287292818,"DATE: Apr-22<br><b>Cumulative precipitation</b><br>Value: 13.3 mm<br>Anomaly: -1.2 mm<br>Percent of normal: <b>92%</b><br>Weather station: NA (ECCC AES NA; station_id 30347)","DATE: Apr-22<br><b>Normal cumulative precipitation</b><br>14.5 mm<br>Period: 1991-2020","DATE: Apr-22<br><b>25-75 percentile</b><br>4.0 to 25.4 mm","DATE: Apr-22<br><b>10-90 percentile</b><br>0.5 to 26.8 mm","3034485","MEDICINE+HAT+RCS",2000,2026
"04-23",2001-04-23,15.585,0,54.7,0.56,4.625,25.375,29.72,0.2,13.5,"NA (ECCC AES NA; station_id 30347)",NA,30347,"","DATE: Apr-23<br><b>Daily precipitation</b><br>Value: 0.2 mm<br>Weather station: NA (ECCC AES NA; station_id 30347)",86.6217516843118,"DATE: Apr-23<br><b>Cumulative precipitation</b><br>Value: 13.5 mm<br>Anomaly: -2.1 mm<br>Percent of normal: <b>87%</b><br>Weather station: NA (ECCC AES NA; station_id 30347)","DATE: Apr-23<br><b>Normal cumulative precipitation</b><br>15.6 mm<br>Period: 1991-2020","DATE: Apr-23<br><b>25-75 percentile</b><br>4.6 to 25.4 mm","DATE: Apr-23<br><b>10-90 percentile</b><br>0.6 to 29.7 mm","3034485","MEDICINE+HAT+RCS",2000,2026
"04-24",2001-04-24,16.465,0,54.7,1.23,5.3,25.625,33.13,2.6,16.1,"NA (ECCC AES NA; station_id 30347)",NA,30347,"","DATE: Apr-24<br><b>Daily precipitation</b><br>Value: 2.6 mm<br>Weather station: NA (ECCC AES NA; station_id 30347)",97.7831764348618,"DATE: Apr-24<br><b>Cumulative precipitation</b><br>Value: 16.1 mm<br>Anomaly: -0.4 mm<br>Percent of normal: <b>98%</b><br>Weather station: NA (ECCC AES NA; station_id 30347)","DATE: Apr-24<br><b>Normal cumulative precipitation</b><br>16.5 mm<br>Period: 1991-2020","DATE: Apr-24<br><b>25-75 percentile</b><br>5.3 to 25.6 mm","DATE: Apr-24<br><b>10-90 percentile</b><br>1.2 to 33.1 mm","3034485","MEDICINE+HAT+RCS",2000,2026
"04-25",2001-04-25,17.905,0,54.7,1.23,5.3,27.8,35.99,0.7,16.8,"NA (ECCC AES NA; station_id 30347)",NA,30347,"","DATE: Apr-25<br><b>Daily precipitation</b><br>Value: 0.7 mm<br>Weather station: NA (ECCC AES NA; station_id 30347)",93.8285395141022,"DATE: Apr-25<br><b>Cumulative precipitation</b><br>Value: 16.8 mm<br>Anomaly: -1.1 mm<br>Percent of normal: <b>94%</b><br>Weather station: NA (ECCC AES NA; station_id 30347)","DATE: Apr-25<br><b>Normal cumulative precipitation</b><br>17.9 mm<br>Period: 1991-2020","DATE: Apr-25<br><b>25-75 percentile</b><br>5.3 to 27.8 mm","DATE: Apr-25<br><b>10-90 percentile</b><br>1.2 to 36.0 mm","3034485","MEDICINE+HAT+RCS",2000,2026
"04-26",2001-04-26,19.035,0,54.7,1.23,5.65,30.175,37.82,0,16.8,"NA (ECCC AES NA; station_id 30347)",NA,30347,"","DATE: Apr-26<br><b>Daily precipitation</b><br>Value: 0.0 mm<br>Weather station: NA (ECCC AES NA; station_id 30347)",88.2584712371946,"DATE: Apr-26<br><b>Cumulative precipitation</b><br>Value: 16.8 mm<br>Anomaly: -2.2 mm<br>Percent of normal: <b>88%</b><br>Weather station: NA (ECCC AES NA; station_id 30347)","DATE: Apr-26<br><b>Normal cumulative precipitation</b><br>19.0 mm<br>Period: 1991-2020","DATE: Apr-26<br><b>25-75 percentile</b><br>5.6 to 30.2 mm","DATE: Apr-26<br><b>10-90 percentile</b><br>1.2 to 37.8 mm","3034485","MEDICINE+HAT+RCS",2000,2026
"04-27",2001-04-27,20.58,0,54.7,5.36,7.1,30.225,37.82,0,16.8,"NA (ECCC AES NA; station_id 30347)",NA,30347,"","DATE: Apr-27<br><b>Daily precipitation</b><br>Value: 0.0 mm<br>Weather station: NA (ECCC AES NA; station_id 30347)",81.6326530612245,"DATE: Apr-27<br><b>Cumulative precipitation</b><br>Value: 16.8 mm<br>Anomaly: -3.8 mm<br>Percent of normal: <b>82%</b><br>Weather station: NA (ECCC AES NA; station_id 30347)","DATE: Apr-27<br><b>Normal cumulative precipitation</b><br>20.6 mm<br>Period: 1991-2020","DATE: Apr-27<br><b>25-75 percentile</b><br>7.1 to 30.2 mm","DATE: Apr-27<br><b>10-90 percentile</b><br>5.4 to 37.8 mm","3034485","MEDICINE+HAT+RCS",2000,2026
"04-28",2001-04-28,21.505,0,54.7,5.86,8.9,30.9,38.72,0,16.8,"NA (ECCC AES NA; station_id 30347)",NA,30347,"","DATE: Apr-28<br><b>Daily precipitation</b><br>Value: 0.0 mm<br>Weather station: NA (ECCC AES NA; station_id 30347)",78.1213671239247,"DATE: Apr-28<br><b>Cumulative precipitation</b><br>Value: 16.8 mm<br>Anomaly: -4.7 mm<br>Percent of normal: <b>78%</b><br>Weather station: NA (ECCC AES NA; station_id 30347)","DATE: Apr-28<br><b>Normal cumulative precipitation</b><br>21.5 mm<br>Period: 1991-2020","DATE: Apr-28<br><b>25-75 percentile</b><br>8.9 to 30.9 mm","DATE: Apr-28<br><b>10-90 percentile</b><br>5.9 to 38.7 mm","3034485","MEDICINE+HAT+RCS",2000,2026
"04-29",2001-04-29,22.84,0,54.7,5.99,8.9,33.425,42.34,0,16.8,"NA (ECCC AES NA; station_id 30347)",NA,30347,"","DATE: Apr-29<br><b>Daily precipitation</b><br>Value: 0.0 mm<br>Weather station: NA (ECCC AES NA; station_id 30347)",73.5551663747811,"DATE: Apr-29<br><b>Cumulative precipitation</b><br>Value: 16.8 mm<br>Anomaly: -6.0 mm<br>Percent of normal: <b>74%</b><br>Weather station: NA (ECCC AES NA; station_id 30347)","DATE: Apr-29<br><b>Normal cumulative precipitation</b><br>22.8 mm<br>Period: 1991-2020","DATE: Apr-29<br><b>25-75 percentile</b><br>8.9 to 33.4 mm","DATE: Apr-29<br><b>10-90 percentile</b><br>6.0 to 42.3 mm","3034485","MEDICINE+HAT+RCS",2000,2026
"04-30",2001-04-30,23.405,0,54.7,6.44,8.9,34.2,44.63,0,16.8,"NA (ECCC AES NA; station_id 30347)",NA,30347,"","DATE: Apr-30<br><b>Daily precipitation</b><br>Value: 0.0 mm<br>Weather station: NA (ECCC AES NA; station_id 30347)",71.7795342875454,"DATE: Apr-30<br><b>Cumulative precipitation</b><br>Value: 16.8 mm<br>Anomaly: -6.6 mm<br>Percent of normal: <b>72%</b><br>Weather station: NA (ECCC AES NA; station_id 30347)","DATE: Apr-30<br><b>Normal cumulative precipitation</b><br>23.4 mm<br>Period: 1991-2020","DATE: Apr-30<br><b>25-75 percentile</b><br>8.9 to 34.2 mm","DATE: Apr-30<br><b>10-90 percentile</b><br>6.4 to 44.6 mm","3034485","MEDICINE+HAT+RCS",2000,2026
"05-01",2001-05-01,23.98,0,54.7,7.13,8.9,35,44.63,0,16.8,"NA (ECCC AES NA; station_id 30347)",NA,30347,"","DATE: May-01<br><b>Daily precipitation</b><br>Value: 0.0 mm<br>Weather station: NA (ECCC AES NA; station_id 30347)",70.0583819849875,"DATE: May-01<br><b>Cumulative precipitation</b><br>Value: 16.8 mm<br>Anomaly: -7.2 mm<br>Percent of normal: <b>70%</b><br>Weather station: NA (ECCC AES NA; station_id 30347)","DATE: May-01<br><b>Normal cumulative precipitation</b><br>24.0 mm<br>Period: 1991-2020","DATE: May-01<br><b>25-75 percentile</b><br>8.9 to 35.0 mm","DATE: May-01<br><b>10-90 percentile</b><br>7.1 to 44.6 mm","3034485","MEDICINE+HAT+RCS",2000,2026
"05-02",2001-05-02,25.465,0,60.9,7.13,9.4,37.875,44.81,0,16.8,"NA (ECCC AES NA; station_id 30347)",NA,30347,"","DATE: May-02<br><b>Daily precipitation</b><br>Value: 0.0 mm<br>Weather station: NA (ECCC AES NA; station_id 30347)",65.972903985863,"DATE: May-02<br><b>Cumulative precipitation</b><br>Value: 16.8 mm<br>Anomaly: -8.7 mm<br>Percent of normal: <b>66%</b><br>Weather station: NA (ECCC AES NA; station_id 30347)","DATE: May-02<br><b>Normal cumulative precipitation</b><br>25.5 mm<br>Period: 1991-2020","DATE: May-02<br><b>25-75 percentile</b><br>9.4 to 37.9 mm","DATE: May-02<br><b>10-90 percentile</b><br>7.1 to 44.8 mm","3034485","MEDICINE+HAT+RCS",2000,2026
"05-03",2001-05-03,26.165,0,65.7,7.22,9.65,38.025,45.12,0,16.8,"NA (ECCC AES NA; station_id 30347)",NA,30347,"","DATE: May-03<br><b>Daily precipitation</b><br>Value: 0.0 mm<br>Weather station: NA (ECCC AES NA; station_id 30347)",64.207911331932,"DATE: May-03<br><b>Cumulative precipitation</b><br>Value: 16.8 mm<br>Anomaly: -9.4 mm<br>Percent of normal: <b>64%</b><br>Weather station: NA (ECCC AES NA; station_id 30347)","DATE: May-03<br><b>Normal cumulative precipitation</b><br>26.2 mm<br>Period: 1991-2020","DATE: May-03<br><b>25-75 percentile</b><br>9.6 to 38.0 mm","DATE: May-03<br><b>10-90 percentile</b><br>7.2 to 45.1 mm","3034485","MEDICINE+HAT+RCS",2000,2026
"05-04",2001-05-04,28.765,0,70.7,7.28,10.625,41.975,51.3,0.3,17.1,"NA (ECCC AES NA; station_id 30347)",NA,30347,"","DATE: May-04<br><b>Daily precipitation</b><br>Value: 0.3 mm<br>Weather station: NA (ECCC AES NA; station_id 30347)",59.4472449156961,"DATE: May-04<br><b>Cumulative precipitation</b><br>Value: 17.1 mm<br>Anomaly: -11.7 mm<br>Percent of normal: <b>59%</b><br>Weather station: NA (ECCC AES NA; station_id 30347)","DATE: May-04<br><b>Normal cumulative precipitation</b><br>28.8 mm<br>Period: 1991-2020","DATE: May-04<br><b>25-75 percentile</b><br>10.6 to 42.0 mm","DATE: May-04<br><b>10-90 percentile</b><br>7.3 to 51.3 mm","3034485","MEDICINE+HAT+RCS",2000,2026
"05-05",2001-05-05,30.24,0,77.7,7.28,10.925,42.125,65.93,0,17.1,"NA (ECCC AES NA; station_id 30347)",NA,30347,"","DATE: May-05<br><b>Daily precipitation</b><br>Value: 0.0 mm<br>Weather station: NA (ECCC AES NA; station_id 30347)",56.547619047619,"DATE: May-05<br><b>Cumulative precipitation</b><br>Value: 17.1 mm<br>Anomaly: -13.1 mm<br>Percent of normal: <b>57%</b><br>Weather station: NA (ECCC AES NA; station_id 30347)","DATE: May-05<br><b>Normal cumulative precipitation</b><br>30.2 mm<br>Period: 1991-2020","DATE: May-05<br><b>25-75 percentile</b><br>10.9 to 42.1 mm","DATE: May-05<br><b>10-90 percentile</b><br>7.3 to 65.9 mm","3034485","MEDICINE+HAT+RCS",2000,2026
"05-06",2001-05-06,31.965,0,85.8,7.28,11.45,46.075,66.13,0,17.1,"NA (ECCC AES NA; station_id 30347)",NA,30347,"","DATE: May-06<br><b>Daily precipitation</b><br>Value: 0.0 mm<br>Weather station: NA (ECCC AES NA; station_id 30347)",53.4960112623182,"DATE: May-06<br><b>Cumulative precipitation</b><br>Value: 17.1 mm<br>Anomaly: -14.9 mm<br>Percent of normal: <b>53%</b><br>Weather station: NA (ECCC AES NA; station_id 30347)","DATE: May-06<br><b>Normal cumulative precipitation</b><br>32.0 mm<br>Period: 1991-2020","DATE: May-06<br><b>25-75 percentile</b><br>11.4 to 46.1 mm","DATE: May-06<br><b>10-90 percentile</b><br>7.3 to 66.1 mm","3034485","MEDICINE+HAT+RCS",2000,2026
"05-07",2001-05-07,32.885,0,86.6,10.36,12.35,49.375,66.18,0,17.1,"NA (ECCC AES NA; station_id 30347)",NA,30347,"","DATE: May-07<br><b>Daily precipitation</b><br>Value: 0.0 mm<br>Weather station: NA (ECCC AES NA; station_id 30347)",51.9993918199787,"DATE: May-07<br><b>Cumulative precipitation</b><br>Value: 17.1 mm<br>Anomaly: -15.8 mm<br>Percent of normal: <b>52%</b><br>Weather station: NA (ECCC AES NA; station_id 30347)","DATE: May-07<br><b>Normal cumulative precipitation</b><br>32.9 mm<br>Period: 1991-2020","DATE: May-07<br><b>25-75 percentile</b><br>12.3 to 49.4 mm","DATE: May-07<br><b>10-90 percentile</b><br>10.4 to 66.2 mm","3034485","MEDICINE+HAT+RCS",2000,2026
"05-08",2001-05-08,34.08,0,87.7,10.41,12.725,52.425,66.24,0,17.1,"NA (ECCC AES NA; station_id 30347)",NA,30347,"","DATE: May-08<br><b>Daily precipitation</b><br>Value: 0.0 mm<br>Weather station: NA (ECCC AES NA; station_id 30347)",50.1760563380282,"DATE: May-08<br><b>Cumulative precipitation</b><br>Value: 17.1 mm<br>Anomaly: -17.0 mm<br>Percent of normal: <b>50%</b><br>Weather station: NA (ECCC AES NA; station_id 30347)","DATE: May-08<br><b>Normal cumulative precipitation</b><br>34.1 mm<br>Period: 1991-2020","DATE: May-08<br><b>25-75 percentile</b><br>12.7 to 52.4 mm","DATE: May-08<br><b>10-90 percentile</b><br>10.4 to 66.2 mm","3034485","MEDICINE+HAT+RCS",2000,2026
"05-09",2001-05-09,35.01,0,89.6,10.73,14.15,52.425,66.36,0,17.1,"NA (ECCC AES NA; station_id 30347)",NA,30347,"","DATE: May-09<br><b>Daily precipitation</b><br>Value: 0.0 mm<br>Weather station: NA (ECCC AES NA; station_id 30347)",48.8431876606684,"DATE: May-09<br><b>Cumulative precipitation</b><br>Value: 17.1 mm<br>Anomaly: -17.9 mm<br>Percent of normal: <b>49%</b><br>Weather station: NA (ECCC AES NA; station_id 30347)","DATE: May-09<br><b>Normal cumulative precipitation</b><br>35.0 mm<br>Period: 1991-2020","DATE: May-09<br><b>25-75 percentile</b><br>14.2 to 52.4 mm","DATE: May-09<br><b>10-90 percentile</b><br>10.7 to 66.4 mm","3034485","MEDICINE+HAT+RCS",2000,2026
"05-10",2001-05-10,35.63,0,89.8,11.72,15.35,54.1,66.4,0,17.1,"NA (ECCC AES NA; station_id 30347)",NA,30347,"","DATE: May-10<br><b>Daily precipitation</b><br>Value: 0.0 mm<br>Weather station: NA (ECCC AES NA; station_id 30347)",47.9932641032837,"DATE: May-10<br><b>Cumulative precipitation</b><br>Value: 17.1 mm<br>Anomaly: -18.5 mm<br>Percent of normal: <b>48%</b><br>Weather station: NA (ECCC AES NA; station_id 30347)","DATE: May-10<br><b>Normal cumulative precipitation</b><br>35.6 mm<br>Period: 1991-2020","DATE: May-10<br><b>25-75 percentile</b><br>15.4 to 54.1 mm","DATE: May-10<br><b>10-90 percentile</b><br>11.7 to 66.4 mm","3034485","MEDICINE+HAT+RCS",2000,2026
"05-11",2001-05-11,36.16,0,89.8,11.72,16.625,54.15,66.4,0.4,17.5,"NA (ECCC AES NA; station_id 30347)",NA,30347,"","DATE: May-11<br><b>Daily precipitation</b><br>Value: 0.4 mm<br>Weather station: NA (ECCC AES NA; station_id 30347)",48.396017699115,"DATE: May-11<br><b>Cumulative precipitation</b><br>Value: 17.5 mm<br>Anomaly: -18.7 mm<br>Percent of normal: <b>48%</b><br>Weather station: NA (ECCC AES NA; station_id 30347)","DATE: May-11<br><b>Normal cumulative precipitation</b><br>36.2 mm<br>Period: 1991-2020","DATE: May-11<br><b>25-75 percentile</b><br>16.6 to 54.2 mm","DATE: May-11<br><b>10-90 percentile</b><br>11.7 to 66.4 mm","3034485","MEDICINE+HAT+RCS",2000,2026
"05-12",2001-05-12,37.325,0,89.8,11.72,16.625,58.175,66.4,0,17.5,"NA (ECCC AES NA; station_id 30347)",NA,30347,"","DATE: May-12<br><b>Daily precipitation</b><br>Value: 0.0 mm<br>Weather station: NA (ECCC AES NA; station_id 30347)",46.8854655056932,"DATE: May-12<br><b>Cumulative precipitation</b><br>Value: 17.5 mm<br>Anomaly: -19.8 mm<br>Percent of normal: <b>47%</b><br>Weather station: NA (ECCC AES NA; station_id 30347)","DATE: May-12<br><b>Normal cumulative precipitation</b><br>37.3 mm<br>Period: 1991-2020","DATE: May-12<br><b>25-75 percentile</b><br>16.6 to 58.2 mm","DATE: May-12<br><b>10-90 percentile</b><br>11.7 to 66.4 mm","3034485","MEDICINE+HAT+RCS",2000,2026
"05-13",2001-05-13,37.75,0,89.8,12.62,16.675,58.225,70.72,0.3,17.8,"NA (ECCC AES NA; station_id 30347)",NA,30347,"","DATE: May-13<br><b>Daily precipitation</b><br>Value: 0.3 mm<br>Weather station: NA (ECCC AES NA; station_id 30347)",47.1523178807947,"DATE: May-13<br><b>Cumulative precipitation</b><br>Value: 17.8 mm<br>Anomaly: -19.9 mm<br>Percent of normal: <b>47%</b><br>Weather station: NA (ECCC AES NA; station_id 30347)","DATE: May-13<br><b>Normal cumulative precipitation</b><br>37.8 mm<br>Period: 1991-2020","DATE: May-13<br><b>25-75 percentile</b><br>16.7 to 58.2 mm","DATE: May-13<br><b>10-90 percentile</b><br>12.6 to 70.7 mm","3034485","MEDICINE+HAT+RCS",2000,2026
"05-14",2001-05-14,38.55,0,89.8,12.62,16.925,59.375,72.7,NA,17.8,"NA (ECCC AES NA; station_id 30347)",NA,30347,"","",46.1738002594034,"DATE: May-14<br><b>Cumulative precipitation</b><br>Value: 17.8 mm<br>Anomaly: -20.7 mm<br>Percent of normal: <b>46%</b><br>Weather station: NA (ECCC AES NA; station_id 30347)","DATE: May-14<br><b>Normal cumulative precipitation</b><br>38.5 mm<br>Period: 1991-2020","DATE: May-14<br><b>25-75 percentile</b><br>16.9 to 59.4 mm","DATE: May-14<br><b>10-90 percentile</b><br>12.6 to 72.7 mm","3034485","MEDICINE+HAT+RCS",2000,2026
"05-15",2001-05-15,39.02,0,89.8,12.64,19.925,59.525,72.7,0,17.8,"NA (ECCC AES NA; station_id 30347)",NA,30347,"","DATE: May-15<br><b>Daily precipitation</b><br>Value: 0.0 mm<br>Weather station: NA (ECCC AES NA; station_id 30347)",45.6176319835982,"DATE: May-15<br><b>Cumulative precipitation</b><br>Value: 17.8 mm<br>Anomaly: -21.2 mm<br>Percent of normal: <b>46%</b><br>Weather station: NA (ECCC AES NA; station_id 30347)","DATE: May-15<br><b>Normal cumulative precipitation</b><br>39.0 mm<br>Period: 1991-2020","DATE: May-15<br><b>25-75 percentile</b><br>19.9 to 59.5 mm","DATE: May-15<br><b>10-90 percentile</b><br>12.6 to 72.7 mm","3034485","MEDICINE+HAT+RCS",2000,2026
"05-16",2001-05-16,39.07,0,89.8,13.11,19.925,59.525,72.7,0.3,18.1,"NA (ECCC AES NA; station_id 30347)",NA,30347,"","DATE: May-16<br><b>Daily precipitation</b><br>Value: 0.3 mm<br>Weather station: NA (ECCC AES NA; station_id 30347)",46.3271051958024,"DATE: May-16<br><b>Cumulative precipitation</b><br>Value: 18.1 mm<br>Anomaly: -21.0 mm<br>Percent of normal: <b>46%</b><br>Weather station: NA (ECCC AES NA; station_id 30347)","DATE: May-16<br><b>Normal cumulative precipitation</b><br>39.1 mm<br>Period: 1991-2020","DATE: May-16<br><b>25-75 percentile</b><br>19.9 to 59.5 mm","DATE: May-16<br><b>10-90 percentile</b><br>13.1 to 72.7 mm","3034485","MEDICINE+HAT+RCS",2000,2026
"05-17",2001-05-17,40.22,0,89.8,13.17,25.65,60.95,72.84,11.5,29.6,"NA (ECCC AES NA; station_id 30347)",NA,30347,"","DATE: May-17<br><b>Daily precipitation</b><br>Value: 11.5 mm<br>Weather station: NA (ECCC AES NA; station_id 30347)",73.5952262555942,"DATE: May-17<br><b>Cumulative precipitation</b><br>Value: 29.6 mm<br>Anomaly: -10.6 mm<br>Percent of normal: <b>74%</b><br>Weather station: NA (ECCC AES NA; station_id 30347)","DATE: May-17<br><b>Normal cumulative precipitation</b><br>40.2 mm<br>Period: 1991-2020","DATE: May-17<br><b>25-75 percentile</b><br>25.6 to 61.0 mm","DATE: May-17<br><b>10-90 percentile</b><br>13.2 to 72.8 mm","3034485","MEDICINE+HAT+RCS",2000,2026
"05-18",2001-05-18,40.88,0,89.8,13.8,25.65,64.85,72.84,0,29.6,"NA (ECCC AES NA; station_id 30347)",NA,30347,"","DATE: May-18<br><b>Daily precipitation</b><br>Value: 0.0 mm<br>Weather station: NA (ECCC AES NA; station_id 30347)",72.4070450097847,"DATE: May-18<br><b>Cumulative precipitation</b><br>Value: 29.6 mm<br>Anomaly: -11.3 mm<br>Percent of normal: <b>72%</b><br>Weather station: NA (ECCC AES NA; station_id 30347)","DATE: May-18<br><b>Normal cumulative precipitation</b><br>40.9 mm<br>Period: 1991-2020","DATE: May-18<br><b>25-75 percentile</b><br>25.6 to 64.8 mm","DATE: May-18<br><b>10-90 percentile</b><br>13.8 to 72.8 mm","3034485","MEDICINE+HAT+RCS",2000,2026
"05-19",2001-05-19,41.505,0,89.8,15.33,25.65,64.85,72.84,0,29.6,"NA (ECCC AES NA; station_id 30347)",NA,30347,"","DATE: May-19<br><b>Daily precipitation</b><br>Value: 0.0 mm<br>Weather station: NA (ECCC AES NA; station_id 30347)",71.3167088302614,"DATE: May-19<br><b>Cumulative precipitation</b><br>Value: 29.6 mm<br>Anomaly: -11.9 mm<br>Percent of normal: <b>71%</b><br>Weather station: NA (ECCC AES NA; station_id 30347)","DATE: May-19<br><b>Normal cumulative precipitation</b><br>41.5 mm<br>Period: 1991-2020","DATE: May-19<br><b>25-75 percentile</b><br>25.6 to 64.8 mm","DATE: May-19<br><b>10-90 percentile</b><br>15.3 to 72.8 mm","3034485","MEDICINE+HAT+RCS",2000,2026
"05-20",2001-05-20,43.345,0,89.8,16.05,26.775,65,72.84,9.7,39.3,"NA (ECCC AES NA; station_id 30347)",NA,30347,"","DATE: May-20<br><b>Daily precipitation</b><br>Value: 9.7 mm<br>Weather station: NA (ECCC AES NA; station_id 30347)",90.6678971046257,"DATE: May-20<br><b>Cumulative precipitation</b><br>Value: 39.3 mm<br>Anomaly: -4.0 mm<br>Percent of normal: <b>91%</b><br>Weather station: NA (ECCC AES NA; station_id 30347)","DATE: May-20<br><b>Normal cumulative precipitation</b><br>43.3 mm<br>Period: 1991-2020","DATE: May-20<br><b>25-75 percentile</b><br>26.8 to 65.0 mm","DATE: May-20<br><b>10-90 percentile</b><br>16.0 to 72.8 mm","3034485","MEDICINE+HAT+RCS",2000,2026
"05-21",2001-05-21,46.765,0,92.7,16.05,26.775,73.125,80.89,0,39.3,"NA (ECCC AES NA; station_id 30347)",NA,30347,"","DATE: May-21<br><b>Daily precipitation</b><br>Value: 0.0 mm<br>Weather station: NA (ECCC AES NA; station_id 30347)",84.0372073131615,"DATE: May-21<br><b>Cumulative precipitation</b><br>Value: 39.3 mm<br>Anomaly: -7.5 mm<br>Percent of normal: <b>84%</b><br>Weather station: NA (ECCC AES NA; station_id 30347)","DATE: May-21<br><b>Normal cumulative precipitation</b><br>46.8 mm<br>Period: 1991-2020","DATE: May-21<br><b>25-75 percentile</b><br>26.8 to 73.1 mm","DATE: May-21<br><b>10-90 percentile</b><br>16.0 to 80.9 mm","3034485","MEDICINE+HAT+RCS",2000,2026
"05-22",2001-05-22,50.36,0,112.6,16.05,29.425,73.125,84.27,0,39.3,"NA (ECCC AES NA; station_id 30347)",NA,30347,"","DATE: May-22<br><b>Daily precipitation</b><br>Value: 0.0 mm<br>Weather station: NA (ECCC AES NA; station_id 30347)",78.0381254964257,"DATE: May-22<br><b>Cumulative precipitation</b><br>Value: 39.3 mm<br>Anomaly: -11.1 mm<br>Percent of normal: <b>78%</b><br>Weather station: NA (ECCC AES NA; station_id 30347)","DATE: May-22<br><b>Normal cumulative precipitation</b><br>50.4 mm<br>Period: 1991-2020","DATE: May-22<br><b>25-75 percentile</b><br>29.4 to 73.1 mm","DATE: May-22<br><b>10-90 percentile</b><br>16.0 to 84.3 mm","3034485","MEDICINE+HAT+RCS",2000,2026
"05-23",2001-05-23,51.995,0,113.2,16.07,29.625,73.125,89.25,0,39.3,"","3034485",30347,"MEDICINE HAT RCS","DATE: May-23<br><b>Daily precipitation</b><br>Value: 0.0 mm<br>Weather station: ",75.5841907875757,"DATE: May-23<br><b>Cumulative precipitation</b><br>Value: 39.3 mm<br>Anomaly: -12.7 mm<br>Percent of normal: <b>76%</b><br>Weather station: ","DATE: May-23<br><b>Normal cumulative precipitation</b><br>52.0 mm<br>Period: 1991-2020","DATE: May-23<br><b>25-75 percentile</b><br>29.6 to 73.1 mm","DATE: May-23<br><b>10-90 percentile</b><br>16.1 to 89.3 mm","3034485","MEDICINE+HAT+RCS",2000,2026
"05-24",2001-05-24,53.7,0,113.2,16.25,29.875,75.125,98.51,0,39.3,"","3034485",30347,"MEDICINE HAT RCS","DATE: May-24<br><b>Daily precipitation</b><br>Value: 0.0 mm<br>Weather station: ",73.1843575418994,"DATE: May-24<br><b>Cumulative precipitation</b><br>Value: 39.3 mm<br>Anomaly: -14.4 mm<br>Percent of normal: <b>73%</b><br>Weather station: ","DATE: May-24<br><b>Normal cumulative precipitation</b><br>53.7 mm<br>Period: 1991-2020","DATE: May-24<br><b>25-75 percentile</b><br>29.9 to 75.1 mm","DATE: May-24<br><b>10-90 percentile</b><br>16.2 to 98.5 mm","3034485","MEDICINE+HAT+RCS",2000,2026
"05-25",2001-05-25,54.335,0,113.2,16.25,29.875,76.175,99.07,0,39.3,"","3034485",30347,"MEDICINE HAT RCS","DATE: May-25<br><b>Daily precipitation</b><br>Value: 0.0 mm<br>Weather station: ",72.3290696604399,"DATE: May-25<br><b>Cumulative precipitation</b><br>Value: 39.3 mm<br>Anomaly: -15.0 mm<br>Percent of normal: <b>72%</b><br>Weather station: ","DATE: May-25<br><b>Normal cumulative precipitation</b><br>54.3 mm<br>Period: 1991-2020","DATE: May-25<br><b>25-75 percentile</b><br>29.9 to 76.2 mm","DATE: May-25<br><b>10-90 percentile</b><br>16.2 to 99.1 mm","3034485","MEDICINE+HAT+RCS",2000,2026
"05-26",2001-05-26,56.195,0,113.2,17.06,29.875,79.1,99.07,0,39.3,"","3034485",30347,"MEDICINE HAT RCS","DATE: May-26<br><b>Daily precipitation</b><br>Value: 0.0 mm<br>Weather station: ",69.9350476020998,"DATE: May-26<br><b>Cumulative precipitation</b><br>Value: 39.3 mm<br>Anomaly: -16.9 mm<br>Percent of normal: <b>70%</b><br>Weather station: ","DATE: May-26<br><b>Normal cumulative precipitation</b><br>56.2 mm<br>Period: 1991-2020","DATE: May-26<br><b>25-75 percentile</b><br>29.9 to 79.1 mm","DATE: May-26<br><b>10-90 percentile</b><br>17.1 to 99.1 mm","3034485","MEDICINE+HAT+RCS",2000,2026
"05-27",2001-05-27,60.78,0,146.7,18.14,29.875,86.8,105.71,0,39.3,"","3034485",30347,"MEDICINE HAT RCS","DATE: May-27<br><b>Daily precipitation</b><br>Value: 0.0 mm<br>Weather station: ",64.6594274432379,"DATE: May-27<br><b>Cumulative precipitation</b><br>Value: 39.3 mm<br>Anomaly: -21.5 mm<br>Percent of normal: <b>65%</b><br>Weather station: ","DATE: May-27<br><b>Normal cumulative precipitation</b><br>60.8 mm<br>Period: 1991-2020","DATE: May-27<br><b>25-75 percentile</b><br>29.9 to 86.8 mm","DATE: May-27<br><b>10-90 percentile</b><br>18.1 to 105.7 mm","3034485","MEDICINE+HAT+RCS",2000,2026
"05-28",2001-05-28,63.665,0,158.1,19.4,29.875,90.25,105.76,0,39.3,"","3034485",30347,"MEDICINE HAT RCS","DATE: May-28<br><b>Daily precipitation</b><br>Value: 0.0 mm<br>Weather station: ",61.7293646430535,"DATE: May-28<br><b>Cumulative precipitation</b><br>Value: 39.3 mm<br>Anomaly: -24.4 mm<br>Percent of normal: <b>62%</b><br>Weather station: ","DATE: May-28<br><b>Normal cumulative precipitation</b><br>63.7 mm<br>Period: 1991-2020","DATE: May-28<br><b>25-75 percentile</b><br>29.9 to 90.2 mm","DATE: May-28<br><b>10-90 percentile</b><br>19.4 to 105.8 mm","3034485","MEDICINE+HAT+RCS",2000,2026
"05-29",2001-05-29,64.83,0,168.2,19.4,29.875,92.35,107.04,0,39.3,"","3034485",30347,"MEDICINE HAT RCS","DATE: May-29<br><b>Daily precipitation</b><br>Value: 0.0 mm<br>Weather station: ",60.6200832947709,"DATE: May-29<br><b>Cumulative precipitation</b><br>Value: 39.3 mm<br>Anomaly: -25.5 mm<br>Percent of normal: <b>61%</b><br>Weather station: ","DATE: May-29<br><b>Normal cumulative precipitation</b><br>64.8 mm<br>Period: 1991-2020","DATE: May-29<br><b>25-75 percentile</b><br>29.9 to 92.4 mm","DATE: May-29<br><b>10-90 percentile</b><br>19.4 to 107.0 mm","3034485","MEDICINE+HAT+RCS",2000,2026
"05-30",2001-05-30,65.82,0,168.2,19.45,29.875,92.35,108.4,22.8,62.1,"","3034485",30347,"MEDICINE HAT RCS","DATE: May-30<br><b>Daily precipitation</b><br>Value: 22.8 mm<br>Weather station: ",94.3482224247949,"DATE: May-30<br><b>Cumulative precipitation</b><br>Value: 62.1 mm<br>Anomaly: -3.7 mm<br>Percent of normal: <b>94%</b><br>Weather station: ","DATE: May-30<br><b>Normal cumulative precipitation</b><br>65.8 mm<br>Period: 1991-2020","DATE: May-30<br><b>25-75 percentile</b><br>29.9 to 92.4 mm","DATE: May-30<br><b>10-90 percentile</b><br>19.5 to 108.4 mm","3034485","MEDICINE+HAT+RCS",2000,2026
"05-31",2001-05-31,66.525,0,168.2,25.09,29.875,93.875,109.19,32.2,94.3,"","3034485",30347,"MEDICINE HAT RCS","DATE: May-31<br><b>Daily precipitation</b><br>Value: 32.2 mm<br>Weather station: ",141.751221345359,"DATE: May-31<br><b>Cumulative precipitation</b><br>Value: 94.3 mm<br>Anomaly: +27.8 mm<br>Percent of normal: <b>142%</b><br>Weather station: ","DATE: May-31<br><b>Normal cumulative precipitation</b><br>66.5 mm<br>Period: 1991-2020","DATE: May-31<br><b>25-75 percentile</b><br>29.9 to 93.9 mm","DATE: May-31<br><b>10-90 percentile</b><br>25.1 to 109.2 mm","3034485","MEDICINE+HAT+RCS",2000,2026
"06-01",2001-06-01,68.1,0,168.2,25.99,42.1,93.875,109.48,9.9,104.2,"","3034479",48949,"MEDICINE HAT","DATE: Jun-01<br><b>Daily precipitation</b><br>Value: 9.9 mm<br>Weather station: ",153.010279001468,"DATE: Jun-01<br><b>Cumulative precipitation</b><br>Value: 104.2 mm<br>Anomaly: +36.1 mm<br>Percent of normal: <b>153%</b><br>Weather station: ","DATE: Jun-01<br><b>Normal cumulative precipitation</b><br>68.1 mm<br>Period: 1991-2020","DATE: Jun-01<br><b>25-75 percentile</b><br>42.1 to 93.9 mm","DATE: Jun-01<br><b>10-90 percentile</b><br>26.0 to 109.5 mm","3034485","MEDICINE+HAT+RCS",2000,2026
"06-02",2001-06-02,70.775,0,168.2,25.99,47.625,95.225,112.36,0.6,104.8,"","3034485",30347,"MEDICINE HAT RCS","DATE: Jun-02<br><b>Daily precipitation</b><br>Value: 0.6 mm<br>Weather station: ",148.074885199576,"DATE: Jun-02<br><b>Cumulative precipitation</b><br>Value: 104.8 mm<br>Anomaly: +34.0 mm<br>Percent of normal: <b>148%</b><br>Weather station: ","DATE: Jun-02<br><b>Normal cumulative precipitation</b><br>70.8 mm<br>Period: 1991-2020","DATE: Jun-02<br><b>25-75 percentile</b><br>47.6 to 95.2 mm","DATE: Jun-02<br><b>10-90 percentile</b><br>26.0 to 112.4 mm","3034485","MEDICINE+HAT+RCS",2000,2026
"06-03",2001-06-03,72.85,0,168.2,25.99,47.625,95.6,112.72,0.3,105.1,"","3034485",30347,"MEDICINE HAT RCS","DATE: Jun-03<br><b>Daily precipitation</b><br>Value: 0.3 mm<br>Weather station: ",144.2690459849,"DATE: Jun-03<br><b>Cumulative precipitation</b><br>Value: 105.1 mm<br>Anomaly: +32.3 mm<br>Percent of normal: <b>144%</b><br>Weather station: ","DATE: Jun-03<br><b>Normal cumulative precipitation</b><br>72.8 mm<br>Period: 1991-2020","DATE: Jun-03<br><b>25-75 percentile</b><br>47.6 to 95.6 mm","DATE: Jun-03<br><b>10-90 percentile</b><br>26.0 to 112.7 mm","3034485","MEDICINE+HAT+RCS",2000,2026
"06-04",2001-06-04,74.29,0,168.2,26.97,47.625,96.85,112.9,6.7,111.8,"","3034485",30347,"MEDICINE HAT RCS","DATE: Jun-04<br><b>Daily precipitation</b><br>Value: 6.7 mm<br>Weather station: ",150.491317808588,"DATE: Jun-04<br><b>Cumulative precipitation</b><br>Value: 111.8 mm<br>Anomaly: +37.5 mm<br>Percent of normal: <b>150%</b><br>Weather station: ","DATE: Jun-04<br><b>Normal cumulative precipitation</b><br>74.3 mm<br>Period: 1991-2020","DATE: Jun-04<br><b>25-75 percentile</b><br>47.6 to 96.8 mm","DATE: Jun-04<br><b>10-90 percentile</b><br>27.0 to 112.9 mm","3034485","MEDICINE+HAT+RCS",2000,2026
"06-05",2001-06-05,76.515,0,168.4,29.97,48.075,97.85,112.9,0,111.8,"","3034485",30347,"MEDICINE HAT RCS","DATE: Jun-05<br><b>Daily precipitation</b><br>Value: 0.0 mm<br>Weather station: ",146.115140822061,"DATE: Jun-05<br><b>Cumulative precipitation</b><br>Value: 111.8 mm<br>Anomaly: +35.3 mm<br>Percent of normal: <b>146%</b><br>Weather station: ","DATE: Jun-05<br><b>Normal cumulative precipitation</b><br>76.5 mm<br>Period: 1991-2020","DATE: Jun-05<br><b>25-75 percentile</b><br>48.1 to 97.8 mm","DATE: Jun-05<br><b>10-90 percentile</b><br>30.0 to 112.9 mm","3034485","MEDICINE+HAT+RCS",2000,2026
"06-06",2001-06-06,81.15,0,168.4,30.6,59.525,107.425,117.4,0.3,112.1,"","3034485",30347,"MEDICINE HAT RCS","DATE: Jun-06<br><b>Daily precipitation</b><br>Value: 0.3 mm<br>Weather station: ",138.139248305607,"DATE: Jun-06<br><b>Cumulative precipitation</b><br>Value: 112.1 mm<br>Anomaly: +31.0 mm<br>Percent of normal: <b>138%</b><br>Weather station: ","DATE: Jun-06<br><b>Normal cumulative precipitation</b><br>81.2 mm<br>Period: 1991-2020","DATE: Jun-06<br><b>25-75 percentile</b><br>59.5 to 107.4 mm","DATE: Jun-06<br><b>10-90 percentile</b><br>30.6 to 117.4 mm","3034485","MEDICINE+HAT+RCS",2000,2026
"06-07",2001-06-07,84.16,0,168.4,31.68,66.1,109.975,121.92,0,112.1,"","3034485",30347,"MEDICINE HAT RCS","DATE: Jun-07<br><b>Daily precipitation</b><br>Value: 0.0 mm<br>Weather station: ",133.198669201521,"DATE: Jun-07<br><b>Cumulative precipitation</b><br>Value: 112.1 mm<br>Anomaly: +27.9 mm<br>Percent of normal: <b>133%</b><br>Weather station: ","DATE: Jun-07<br><b>Normal cumulative precipitation</b><br>84.2 mm<br>Period: 1991-2020","DATE: Jun-07<br><b>25-75 percentile</b><br>66.1 to 110.0 mm","DATE: Jun-07<br><b>10-90 percentile</b><br>31.7 to 121.9 mm","3034485","MEDICINE+HAT+RCS",2000,2026
"06-08",2001-06-08,87.505,0,169,36,71.2,110.975,127.36,0,112.1,"","3034485",30347,"MEDICINE HAT RCS","DATE: Jun-08<br><b>Daily precipitation</b><br>Value: 0.0 mm<br>Weather station: ",128.106965316268,"DATE: Jun-08<br><b>Cumulative precipitation</b><br>Value: 112.1 mm<br>Anomaly: +24.6 mm<br>Percent of normal: <b>128%</b><br>Weather station: ","DATE: Jun-08<br><b>Normal cumulative precipitation</b><br>87.5 mm<br>Period: 1991-2020","DATE: Jun-08<br><b>25-75 percentile</b><br>71.2 to 111.0 mm","DATE: Jun-08<br><b>10-90 percentile</b><br>36.0 to 127.4 mm","3034485","MEDICINE+HAT+RCS",2000,2026
"06-09",2001-06-09,90.78,0,173.1,36,73.075,113.375,127.93,0,112.1,"","3034485",30347,"MEDICINE HAT RCS","DATE: Jun-09<br><b>Daily precipitation</b><br>Value: 0.0 mm<br>Weather station: ",123.485349195858,"DATE: Jun-09<br><b>Cumulative precipitation</b><br>Value: 112.1 mm<br>Anomaly: +21.3 mm<br>Percent of normal: <b>123%</b><br>Weather station: ","DATE: Jun-09<br><b>Normal cumulative precipitation</b><br>90.8 mm<br>Period: 1991-2020","DATE: Jun-09<br><b>25-75 percentile</b><br>73.1 to 113.4 mm","DATE: Jun-09<br><b>10-90 percentile</b><br>36.0 to 127.9 mm","3034485","MEDICINE+HAT+RCS",2000,2026
"06-10",2001-06-10,95.48,0,176.6,36.23,73.075,122.325,142.26,6.6,118.7,"","3034485",30347,"MEDICINE HAT RCS","DATE: Jun-10<br><b>Daily precipitation</b><br>Value: 6.6 mm<br>Weather station: ",124.319229157939,"DATE: Jun-10<br><b>Cumulative precipitation</b><br>Value: 118.7 mm<br>Anomaly: +23.2 mm<br>Percent of normal: <b>124%</b><br>Weather station: ","DATE: Jun-10<br><b>Normal cumulative precipitation</b><br>95.5 mm<br>Period: 1991-2020","DATE: Jun-10<br><b>25-75 percentile</b><br>73.1 to 122.3 mm","DATE: Jun-10<br><b>10-90 percentile</b><br>36.2 to 142.3 mm","3034485","MEDICINE+HAT+RCS",2000,2026
"06-11",2001-06-11,98.115,0,178.3,36.23,73.075,129.3,151.49,7.7,126.4,"","3034485",30347,"MEDICINE HAT RCS","DATE: Jun-11<br><b>Daily precipitation</b><br>Value: 7.7 mm<br>Weather station: ",128.828415634714,"DATE: Jun-11<br><b>Cumulative precipitation</b><br>Value: 126.4 mm<br>Anomaly: +28.3 mm<br>Percent of normal: <b>129%</b><br>Weather station: ","DATE: Jun-11<br><b>Normal cumulative precipitation</b><br>98.1 mm<br>Period: 1991-2020","DATE: Jun-11<br><b>25-75 percentile</b><br>73.1 to 129.3 mm","DATE: Jun-11<br><b>10-90 percentile</b><br>36.2 to 151.5 mm","3034485","MEDICINE+HAT+RCS",2000,2026
"06-12",2001-06-12,99.22,0,178.3,36.86,73.075,129.3,154.91,0,126.4,"","3034485",30347,"MEDICINE HAT RCS","DATE: Jun-12<br><b>Daily precipitation</b><br>Value: 0.0 mm<br>Weather station: ",127.393670630921,"DATE: Jun-12<br><b>Cumulative precipitation</b><br>Value: 126.4 mm<br>Anomaly: +27.2 mm<br>Percent of normal: <b>127%</b><br>Weather station: ","DATE: Jun-12<br><b>Normal cumulative precipitation</b><br>99.2 mm<br>Period: 1991-2020","DATE: Jun-12<br><b>25-75 percentile</b><br>73.1 to 129.3 mm","DATE: Jun-12<br><b>10-90 percentile</b><br>36.9 to 154.9 mm","3034485","MEDICINE+HAT+RCS",2000,2026
"06-13",2001-06-13,101.83,0,178.3,38.05,75.325,130.45,155.65,0,126.4,"","3034485",30347,"MEDICINE HAT RCS","DATE: Jun-13<br><b>Daily precipitation</b><br>Value: 0.0 mm<br>Weather station: ",124.128449376412,"DATE: Jun-13<br><b>Cumulative precipitation</b><br>Value: 126.4 mm<br>Anomaly: +24.6 mm<br>Percent of normal: <b>124%</b><br>Weather station: ","DATE: Jun-13<br><b>Normal cumulative precipitation</b><br>101.8 mm<br>Period: 1991-2020","DATE: Jun-13<br><b>25-75 percentile</b><br>75.3 to 130.4 mm","DATE: Jun-13<br><b>10-90 percentile</b><br>38.0 to 155.6 mm","3034485","MEDICINE+HAT+RCS",2000,2026
"06-14",2001-06-14,104.72,0,181.5,38.7,77.125,132.5,155.67,0,126.4,"","3034485",30347,"MEDICINE HAT RCS","DATE: Jun-14<br><b>Daily precipitation</b><br>Value: 0.0 mm<br>Weather station: ",120.70282658518,"DATE: Jun-14<br><b>Cumulative precipitation</b><br>Value: 126.4 mm<br>Anomaly: +21.7 mm<br>Percent of normal: <b>121%</b><br>Weather station: ","DATE: Jun-14<br><b>Normal cumulative precipitation</b><br>104.7 mm<br>Period: 1991-2020","DATE: Jun-14<br><b>25-75 percentile</b><br>77.1 to 132.5 mm","DATE: Jun-14<br><b>10-90 percentile</b><br>38.7 to 155.7 mm","3034485","MEDICINE+HAT+RCS",2000,2026
"06-15",2001-06-15,105.84,0,184.4,38.7,77.125,140.8,155.67,0.4,126.8,"","3034485",30347,"MEDICINE HAT RCS","DATE: Jun-15<br><b>Daily precipitation</b><br>Value: 0.4 mm<br>Weather station: ",119.803476946334,"DATE: Jun-15<br><b>Cumulative precipitation</b><br>Value: 126.8 mm<br>Anomaly: +21.0 mm<br>Percent of normal: <b>120%</b><br>Weather station: ","DATE: Jun-15<br><b>Normal cumulative precipitation</b><br>105.8 mm<br>Period: 1991-2020","DATE: Jun-15<br><b>25-75 percentile</b><br>77.1 to 140.8 mm","DATE: Jun-15<br><b>10-90 percentile</b><br>38.7 to 155.7 mm","3034485","MEDICINE+HAT+RCS",2000,2026
"06-16",2001-06-16,107.815,0,195.5,39.15,77.625,140.85,155.79,16.5,143.3,"","3034479",48949,"MEDICINE HAT","DATE: Jun-16<br><b>Daily precipitation</b><br>Value: 16.5 mm<br>Weather station: ",132.912859991652,"DATE: Jun-16<br><b>Cumulative precipitation</b><br>Value: 143.3 mm<br>Anomaly: +35.5 mm<br>Percent of normal: <b>133%</b><br>Weather station: ","DATE: Jun-16<br><b>Normal cumulative precipitation</b><br>107.8 mm<br>Period: 1991-2020","DATE: Jun-16<br><b>25-75 percentile</b><br>77.6 to 140.8 mm","DATE: Jun-16<br><b>10-90 percentile</b><br>39.1 to 155.8 mm","3034485","MEDICINE+HAT+RCS",2000,2026
"06-17",2001-06-17,113.545,0,215.2,39.22,80.95,147.675,164.11,0,143.3,"","3034485",30347,"MEDICINE HAT RCS","DATE: Jun-17<br><b>Daily precipitation</b><br>Value: 0.0 mm<br>Weather station: ",126.205469197235,"DATE: Jun-17<br><b>Cumulative precipitation</b><br>Value: 143.3 mm<br>Anomaly: +29.8 mm<br>Percent of normal: <b>126%</b><br>Weather station: ","DATE: Jun-17<br><b>Normal cumulative precipitation</b><br>113.5 mm<br>Period: 1991-2020","DATE: Jun-17<br><b>25-75 percentile</b><br>80.9 to 147.7 mm","DATE: Jun-17<br><b>10-90 percentile</b><br>39.2 to 164.1 mm","3034485","MEDICINE+HAT+RCS",2000,2026
"06-18",2001-06-18,118.015,0,251.7,41.74,82.375,147.775,175.68,0,143.3,"","3034479",48949,"MEDICINE HAT","DATE: Jun-18<br><b>Daily precipitation</b><br>Value: 0.0 mm<br>Weather station: ",121.425242553913,"DATE: Jun-18<br><b>Cumulative precipitation</b><br>Value: 143.3 mm<br>Anomaly: +25.3 mm<br>Percent of normal: <b>121%</b><br>Weather station: ","DATE: Jun-18<br><b>Normal cumulative precipitation</b><br>118.0 mm<br>Period: 1991-2020","DATE: Jun-18<br><b>25-75 percentile</b><br>82.4 to 147.8 mm","DATE: Jun-18<br><b>10-90 percentile</b><br>41.7 to 175.7 mm","3034485","MEDICINE+HAT+RCS",2000,2026
"06-19",2001-06-19,121.26,0,251.9,41.81,85.575,154.425,178.63,0,143.3,"","3034485",30347,"MEDICINE HAT RCS","DATE: Jun-19<br><b>Daily precipitation</b><br>Value: 0.0 mm<br>Weather station: ",118.175820550882,"DATE: Jun-19<br><b>Cumulative precipitation</b><br>Value: 143.3 mm<br>Anomaly: +22.0 mm<br>Percent of normal: <b>118%</b><br>Weather station: ","DATE: Jun-19<br><b>Normal cumulative precipitation</b><br>121.3 mm<br>Period: 1991-2020","DATE: Jun-19<br><b>25-75 percentile</b><br>85.6 to 154.4 mm","DATE: Jun-19<br><b>10-90 percentile</b><br>41.8 to 178.6 mm","3034485","MEDICINE+HAT+RCS",2000,2026
"06-20",2001-06-20,122.845,0,251.9,41.83,89.325,163.575,178.81,9.8,153.1,"","3034485",30347,"MEDICINE HAT RCS","DATE: Jun-20<br><b>Daily precipitation</b><br>Value: 9.8 mm<br>Weather station: ",124.628597012495,"DATE: Jun-20<br><b>Cumulative precipitation</b><br>Value: 153.1 mm<br>Anomaly: +30.3 mm<br>Percent of normal: <b>125%</b><br>Weather station: ","DATE: Jun-20<br><b>Normal cumulative precipitation</b><br>122.8 mm<br>Period: 1991-2020","DATE: Jun-20<br><b>25-75 percentile</b><br>89.3 to 163.6 mm","DATE: Jun-20<br><b>10-90 percentile</b><br>41.8 to 178.8 mm","3034485","MEDICINE+HAT+RCS",2000,2026
"06-21",2001-06-21,125.345,0,258.7,41.83,89.525,164.325,178.81,0,153.1,"","3034485",30347,"MEDICINE HAT RCS","DATE: Jun-21<br><b>Daily precipitation</b><br>Value: 0.0 mm<br>Weather station: ",122.142885635646,"DATE: Jun-21<br><b>Cumulative precipitation</b><br>Value: 153.1 mm<br>Anomaly: +27.8 mm<br>Percent of normal: <b>122%</b><br>Weather station: ","DATE: Jun-21<br><b>Normal cumulative precipitation</b><br>125.3 mm<br>Period: 1991-2020","DATE: Jun-21<br><b>25-75 percentile</b><br>89.5 to 164.3 mm","DATE: Jun-21<br><b>10-90 percentile</b><br>41.8 to 178.8 mm","3034485","MEDICINE+HAT+RCS",2000,2026
"06-22",2001-06-22,126.66,0,259.5,42.19,90.35,165.625,178.81,0.8,153.9,"","3034485",30347,"MEDICINE HAT RCS","DATE: Jun-22<br><b>Daily precipitation</b><br>Value: 0.8 mm<br>Weather station: ",121.506395073425,"DATE: Jun-22<br><b>Cumulative precipitation</b><br>Value: 153.9 mm<br>Anomaly: +27.2 mm<br>Percent of normal: <b>122%</b><br>Weather station: ","DATE: Jun-22<br><b>Normal cumulative precipitation</b><br>126.7 mm<br>Period: 1991-2020","DATE: Jun-22<br><b>25-75 percentile</b><br>90.4 to 165.6 mm","DATE: Jun-22<br><b>10-90 percentile</b><br>42.2 to 178.8 mm","3034485","MEDICINE+HAT+RCS",2000,2026
"06-23",2001-06-23,127.41,0,259.5,44.91,90.95,165.625,178.83,0,153.9,"","3034485",30347,"MEDICINE HAT RCS","DATE: Jun-23<br><b>Daily precipitation</b><br>Value: 0.0 mm<br>Weather station: ",120.791146691782,"DATE: Jun-23<br><b>Cumulative precipitation</b><br>Value: 153.9 mm<br>Anomaly: +26.5 mm<br>Percent of normal: <b>121%</b><br>Weather station: ","DATE: Jun-23<br><b>Normal cumulative precipitation</b><br>127.4 mm<br>Period: 1991-2020","DATE: Jun-23<br><b>25-75 percentile</b><br>91.0 to 165.6 mm","DATE: Jun-23<br><b>10-90 percentile</b><br>44.9 to 178.8 mm","3034485","MEDICINE+HAT+RCS",2000,2026
"06-24",2001-06-24,128.235,0,259.5,47.79,98.8,165.625,178.83,0,153.9,"","3034485",30347,"MEDICINE HAT RCS","DATE: Jun-24<br><b>Daily precipitation</b><br>Value: 0.0 mm<br>Weather station: ",120.014036729442,"DATE: Jun-24<br><b>Cumulative precipitation</b><br>Value: 153.9 mm<br>Anomaly: +25.7 mm<br>Percent of normal: <b>120%</b><br>Weather station: ","DATE: Jun-24<br><b>Normal cumulative precipitation</b><br>128.2 mm<br>Period: 1991-2020","DATE: Jun-24<br><b>25-75 percentile</b><br>98.8 to 165.6 mm","DATE: Jun-24<br><b>10-90 percentile</b><br>47.8 to 178.8 mm","3034485","MEDICINE+HAT+RCS",2000,2026
"06-25",2001-06-25,129.34,0,259.5,47.79,98.95,170.375,179.1,0,153.9,"","3034485",30347,"MEDICINE HAT RCS","DATE: Jun-25<br><b>Daily precipitation</b><br>Value: 0.0 mm<br>Weather station: ",118.988711922066,"DATE: Jun-25<br><b>Cumulative precipitation</b><br>Value: 153.9 mm<br>Anomaly: +24.6 mm<br>Percent of normal: <b>119%</b><br>Weather station: ","DATE: Jun-25<br><b>Normal cumulative precipitation</b><br>129.3 mm<br>Period: 1991-2020","DATE: Jun-25<br><b>25-75 percentile</b><br>99.0 to 170.4 mm","DATE: Jun-25<br><b>10-90 percentile</b><br>47.8 to 179.1 mm","3034485","MEDICINE+HAT+RCS",2000,2026
"06-26",2001-06-26,130.22,0,259.7,47.79,98.95,171.75,186.03,7.2,161.1,"","3034479",48949,"MEDICINE HAT","DATE: Jun-26<br><b>Daily precipitation</b><br>Value: 7.2 mm<br>Weather station: ",123.713715251113,"DATE: Jun-26<br><b>Cumulative precipitation</b><br>Value: 161.1 mm<br>Anomaly: +30.9 mm<br>Percent of normal: <b>124%</b><br>Weather station: ","DATE: Jun-26<br><b>Normal cumulative precipitation</b><br>130.2 mm<br>Period: 1991-2020","DATE: Jun-26<br><b>25-75 percentile</b><br>99.0 to 171.8 mm","DATE: Jun-26<br><b>10-90 percentile</b><br>47.8 to 186.0 mm","3034485","MEDICINE+HAT+RCS",2000,2026
"06-27",2001-06-27,133.075,0,259.7,51.21,102.5,171.8,186.05,0.2,161.3,"","3034479",48949,"MEDICINE HAT","DATE: Jun-27<br><b>Daily precipitation</b><br>Value: 0.2 mm<br>Weather station: ",121.209844072891,"DATE: Jun-27<br><b>Cumulative precipitation</b><br>Value: 161.3 mm<br>Anomaly: +28.2 mm<br>Percent of normal: <b>121%</b><br>Weather station: ","DATE: Jun-27<br><b>Normal cumulative precipitation</b><br>133.1 mm<br>Period: 1991-2020","DATE: Jun-27<br><b>25-75 percentile</b><br>102.5 to 171.8 mm","DATE: Jun-27<br><b>10-90 percentile</b><br>51.2 to 186.1 mm","3034485","MEDICINE+HAT+RCS",2000,2026
"06-28",2001-06-28,134.89,0,259.7,51.25,105.25,172.6,187.06,28.2,189.5,"","3034479",48949,"MEDICINE HAT","DATE: Jun-28<br><b>Daily precipitation</b><br>Value: 28.2 mm<br>Weather station: ",140.484839498851,"DATE: Jun-28<br><b>Cumulative precipitation</b><br>Value: 189.5 mm<br>Anomaly: +54.6 mm<br>Percent of normal: <b>140%</b><br>Weather station: ","DATE: Jun-28<br><b>Normal cumulative precipitation</b><br>134.9 mm<br>Period: 1991-2020","DATE: Jun-28<br><b>25-75 percentile</b><br>105.2 to 172.6 mm","DATE: Jun-28<br><b>10-90 percentile</b><br>51.2 to 187.1 mm","3034485","MEDICINE+HAT+RCS",2000,2026
"06-29",2001-06-29,135.955,0,259.7,52.06,105.25,172.65,195.16,3.2,192.7,"","3034479",48949,"MEDICINE HAT","DATE: Jun-29<br><b>Daily precipitation</b><br>Value: 3.2 mm<br>Weather station: ",141.738075098378,"DATE: Jun-29<br><b>Cumulative precipitation</b><br>Value: 192.7 mm<br>Anomaly: +56.7 mm<br>Percent of normal: <b>142%</b><br>Weather station: ","DATE: Jun-29<br><b>Normal cumulative precipitation</b><br>136.0 mm<br>Period: 1991-2020","DATE: Jun-29<br><b>25-75 percentile</b><br>105.2 to 172.6 mm","DATE: Jun-29<br><b>10-90 percentile</b><br>52.1 to 195.2 mm","3034485","MEDICINE+HAT+RCS",2000,2026
"06-30",2001-06-30,136.71,0,259.7,52.45,106,174.675,195.16,0.2,192.9,"","3034479",48949,"MEDICINE HAT","DATE: Jun-30<br><b>Daily precipitation</b><br>Value: 0.2 mm<br>Weather station: ",141.101601931095,"DATE: Jun-30<br><b>Cumulative precipitation</b><br>Value: 192.9 mm<br>Anomaly: +56.2 mm<br>Percent of normal: <b>141%</b><br>Weather station: ","DATE: Jun-30<br><b>Normal cumulative precipitation</b><br>136.7 mm<br>Period: 1991-2020","DATE: Jun-30<br><b>25-75 percentile</b><br>106.0 to 174.7 mm","DATE: Jun-30<br><b>10-90 percentile</b><br>52.4 to 195.2 mm","3034485","MEDICINE+HAT+RCS",2000,2026
"07-01",2001-07-01,137.37,0,259.7,53.1,106,175.025,195.16,0,192.9,"","3034479",48949,"MEDICINE HAT","DATE: Jul-01<br><b>Daily precipitation</b><br>Value: 0.0 mm<br>Weather station: ",140.423673291112,"DATE: Jul-01<br><b>Cumulative precipitation</b><br>Value: 192.9 mm<br>Anomaly: +55.5 mm<br>Percent of normal: <b>140%</b><br>Weather station: ","DATE: Jul-01<br><b>Normal cumulative precipitation</b><br>137.4 mm<br>Period: 1991-2020","DATE: Jul-01<br><b>25-75 percentile</b><br>106.0 to 175.0 mm","DATE: Jul-01<br><b>10-90 percentile</b><br>53.1 to 195.2 mm","3034485","MEDICINE+HAT+RCS",2000,2026
"07-02",2001-07-02,137.9,0,264.8,54.09,106,175.025,199.12,0,192.9,"","3034479",48949,"MEDICINE HAT","DATE: Jul-02<br><b>Daily precipitation</b><br>Value: 0.0 mm<br>Weather station: ",139.883973894126,"DATE: Jul-02<br><b>Cumulative precipitation</b><br>Value: 192.9 mm<br>Anomaly: +55.0 mm<br>Percent of normal: <b>140%</b><br>Weather station: ","DATE: Jul-02<br><b>Normal cumulative precipitation</b><br>137.9 mm<br>Period: 1991-2020","DATE: Jul-02<br><b>25-75 percentile</b><br>106.0 to 175.0 mm","DATE: Jul-02<br><b>10-90 percentile</b><br>54.1 to 199.1 mm","3034485","MEDICINE+HAT+RCS",2000,2026
"07-03",2001-07-03,138.68,0,265,61.56,106,175.025,199.3,0,192.9,"","3034479",48949,"MEDICINE HAT","DATE: Jul-03<br><b>Daily precipitation</b><br>Value: 0.0 mm<br>Weather station: ",139.097202192097,"DATE: Jul-03<br><b>Cumulative precipitation</b><br>Value: 192.9 mm<br>Anomaly: +54.2 mm<br>Percent of normal: <b>139%</b><br>Weather station: ","DATE: Jul-03<br><b>Normal cumulative precipitation</b><br>138.7 mm<br>Period: 1991-2020","DATE: Jul-03<br><b>25-75 percentile</b><br>106.0 to 175.0 mm","DATE: Jul-03<br><b>10-90 percentile</b><br>61.6 to 199.3 mm","3034485","MEDICINE+HAT+RCS",2000,2026
"07-04",2001-07-04,138.99,0,265,63.79,106.05,175.025,199.3,0,192.9,"","3034479",48949,"MEDICINE HAT","DATE: Jul-04<br><b>Daily precipitation</b><br>Value: 0.0 mm<br>Weather station: ",138.78696309087,"DATE: Jul-04<br><b>Cumulative precipitation</b><br>Value: 192.9 mm<br>Anomaly: +53.9 mm<br>Percent of normal: <b>139%</b><br>Weather station: ","DATE: Jul-04<br><b>Normal cumulative precipitation</b><br>139.0 mm<br>Period: 1991-2020","DATE: Jul-04<br><b>25-75 percentile</b><br>106.0 to 175.0 mm","DATE: Jul-04<br><b>10-90 percentile</b><br>63.8 to 199.3 mm","3034485","MEDICINE+HAT+RCS",2000,2026
"07-05",2001-07-05,139.445,0,266.4,63.98,106.05,175.025,199.3,4.8,197.7,"","3034479",48949,"MEDICINE HAT","DATE: Jul-05<br><b>Daily precipitation</b><br>Value: 4.8 mm<br>Weather station: ",141.776327584352,"DATE: Jul-05<br><b>Cumulative precipitation</b><br>Value: 197.7 mm<br>Anomaly: +58.3 mm<br>Percent of normal: <b>142%</b><br>Weather station: ","DATE: Jul-05<br><b>Normal cumulative precipitation</b><br>139.4 mm<br>Period: 1991-2020","DATE: Jul-05<br><b>25-75 percentile</b><br>106.0 to 175.0 mm","DATE: Jul-05<br><b>10-90 percentile</b><br>64.0 to 199.3 mm","3034485","MEDICINE+HAT+RCS",2000,2026
"07-06",2001-07-06,145.005,0,270.5,64,119.125,177.425,199.3,0,197.7,NA,"3034479",48949,"MEDICINE HAT","DATE: Jul-06<br><b>Daily precipitation</b><br>Value: 0.0 mm<br>Weather station: NA",136.340126202545,"DATE: Jul-06<br><b>Cumulative precipitation</b><br>Value: 197.7 mm<br>Anomaly: +52.7 mm<br>Percent of normal: <b>136%</b><br>Weather station: NA","DATE: Jul-06<br><b>Normal cumulative precipitation</b><br>145.0 mm<br>Period: 1991-2020","DATE: Jul-06<br><b>25-75 percentile</b><br>119.1 to 177.4 mm","DATE: Jul-06<br><b>10-90 percentile</b><br>64.0 to 199.3 mm","3034485","MEDICINE+HAT+RCS",2000,2026
"07-07",2001-07-07,146.305,0,271.5,64,121.25,177.425,199.3,0,197.7,NA,"3034479",48949,"MEDICINE HAT","DATE: Jul-07<br><b>Daily precipitation</b><br>Value: 0.0 mm<br>Weather station: NA",135.128669560165,"DATE: Jul-07<br><b>Cumulative precipitation</b><br>Value: 197.7 mm<br>Anomaly: +51.4 mm<br>Percent of normal: <b>135%</b><br>Weather station: NA","DATE: Jul-07<br><b>Normal cumulative precipitation</b><br>146.3 mm<br>Period: 1991-2020","DATE: Jul-07<br><b>25-75 percentile</b><br>121.2 to 177.4 mm","DATE: Jul-07<br><b>10-90 percentile</b><br>64.0 to 199.3 mm","3034485","MEDICINE+HAT+RCS",2000,2026
"07-08",2001-07-08,149.62,0,271.5,64,121.45,177.65,203.22,0,197.7,NA,"3034479",48949,"MEDICINE HAT","DATE: Jul-08<br><b>Daily precipitation</b><br>Value: 0.0 mm<br>Weather station: NA",132.13474134474,"DATE: Jul-08<br><b>Cumulative precipitation</b><br>Value: 197.7 mm<br>Anomaly: +48.1 mm<br>Percent of normal: <b>132%</b><br>Weather station: NA","DATE: Jul-08<br><b>Normal cumulative precipitation</b><br>149.6 mm<br>Period: 1991-2020","DATE: Jul-08<br><b>25-75 percentile</b><br>121.4 to 177.6 mm","DATE: Jul-08<br><b>10-90 percentile</b><br>64.0 to 203.2 mm","3034485","MEDICINE+HAT+RCS",2000,2026
"07-09",2001-07-09,150.29,0,271.5,64.18,121.45,183.25,203.24,0,197.7,NA,"3034485",30347,"MEDICINE HAT RCS","DATE: Jul-09<br><b>Daily precipitation</b><br>Value: 0.0 mm<br>Weather station: NA",131.54567835518,"DATE: Jul-09<br><b>Cumulative precipitation</b><br>Value: 197.7 mm<br>Anomaly: +47.4 mm<br>Percent of normal: <b>132%</b><br>Weather station: NA","DATE: Jul-09<br><b>Normal cumulative precipitation</b><br>150.3 mm<br>Period: 1991-2020","DATE: Jul-09<br><b>25-75 percentile</b><br>121.4 to 183.3 mm","DATE: Jul-09<br><b>10-90 percentile</b><br>64.2 to 203.2 mm","3034485","MEDICINE+HAT+RCS",2000,2026
"07-10",2001-07-10,151.255,0,271.5,64.2,121.45,183.25,203.24,0,197.7,NA,"3034485",30347,"MEDICINE HAT RCS","DATE: Jul-10<br><b>Daily precipitation</b><br>Value: 0.0 mm<br>Weather station: NA",130.706422928168,"DATE: Jul-10<br><b>Cumulative precipitation</b><br>Value: 197.7 mm<br>Anomaly: +46.4 mm<br>Percent of normal: <b>131%</b><br>Weather station: NA","DATE: Jul-10<br><b>Normal cumulative precipitation</b><br>151.3 mm<br>Period: 1991-2020","DATE: Jul-10<br><b>25-75 percentile</b><br>121.4 to 183.3 mm","DATE: Jul-10<br><b>10-90 percentile</b><br>64.2 to 203.2 mm","3034485","MEDICINE+HAT+RCS",2000,2026
"07-11",2001-07-11,152.53,0,271.5,64.38,121.8,186.4,203.24,0,197.7,NA,"3034485",30347,"MEDICINE HAT RCS","DATE: Jul-11<br><b>Daily precipitation</b><br>Value: 0.0 mm<br>Weather station: NA",129.613846456435,"DATE: Jul-11<br><b>Cumulative precipitation</b><br>Value: 197.7 mm<br>Anomaly: +45.2 mm<br>Percent of normal: <b>130%</b><br>Weather station: NA","DATE: Jul-11<br><b>Normal cumulative precipitation</b><br>152.5 mm<br>Period: 1991-2020","DATE: Jul-11<br><b>25-75 percentile</b><br>121.8 to 186.4 mm","DATE: Jul-11<br><b>10-90 percentile</b><br>64.4 to 203.2 mm","3034485","MEDICINE+HAT+RCS",2000,2026
"07-12",2001-07-12,153.365,0,271.5,64.38,125.475,187.725,203.24,0,197.7,NA,"3034485",30347,"MEDICINE HAT RCS","DATE: Jul-12<br><b>Daily precipitation</b><br>Value: 0.0 mm<br>Weather station: NA",128.908160271248,"DATE: Jul-12<br><b>Cumulative precipitation</b><br>Value: 197.7 mm<br>Anomaly: +44.3 mm<br>Percent of normal: <b>129%</b><br>Weather station: NA","DATE: Jul-12<br><b>Normal cumulative precipitation</b><br>153.4 mm<br>Period: 1991-2020","DATE: Jul-12<br><b>25-75 percentile</b><br>125.5 to 187.7 mm","DATE: Jul-12<br><b>10-90 percentile</b><br>64.4 to 203.2 mm","3034485","MEDICINE+HAT+RCS",2000,2026
"07-13",2001-07-13,154.195,0,271.5,64.38,125.475,189.675,203.24,0,197.7,NA,"3034485",30347,"MEDICINE HAT RCS","DATE: Jul-13<br><b>Daily precipitation</b><br>Value: 0.0 mm<br>Weather station: NA",128.214274133403,"DATE: Jul-13<br><b>Cumulative precipitation</b><br>Value: 197.7 mm<br>Anomaly: +43.5 mm<br>Percent of normal: <b>128%</b><br>Weather station: NA","DATE: Jul-13<br><b>Normal cumulative precipitation</b><br>154.2 mm<br>Period: 1991-2020","DATE: Jul-13<br><b>25-75 percentile</b><br>125.5 to 189.7 mm","DATE: Jul-13<br><b>10-90 percentile</b><br>64.4 to 203.2 mm","3034485","MEDICINE+HAT+RCS",2000,2026
"07-14",2001-07-14,155.76,0,273.5,64.38,125.475,192.775,215.21,0.3,198,NA,"3034485",30347,"MEDICINE HAT RCS","DATE: Jul-14<br><b>Daily precipitation</b><br>Value: 0.3 mm<br>Weather station: NA",127.118644067797,"DATE: Jul-14<br><b>Cumulative precipitation</b><br>Value: 198.0 mm<br>Anomaly: +42.2 mm<br>Percent of normal: <b>127%</b><br>Weather station: NA","DATE: Jul-14<br><b>Normal cumulative precipitation</b><br>155.8 mm<br>Period: 1991-2020","DATE: Jul-14<br><b>25-75 percentile</b><br>125.5 to 192.8 mm","DATE: Jul-14<br><b>10-90 percentile</b><br>64.4 to 215.2 mm","3034485","MEDICINE+HAT+RCS",2000,2026
"07-15",2001-07-15,159.18,0,273.5,64.38,125.675,204.4,234.74,0.2,198.2,NA,"3034485",30347,"MEDICINE HAT RCS","DATE: Jul-15<br><b>Daily precipitation</b><br>Value: 0.2 mm<br>Weather station: NA",124.513129790175,"DATE: Jul-15<br><b>Cumulative precipitation</b><br>Value: 198.2 mm<br>Anomaly: +39.0 mm<br>Percent of normal: <b>125%</b><br>Weather station: NA","DATE: Jul-15<br><b>Normal cumulative precipitation</b><br>159.2 mm<br>Period: 1991-2020","DATE: Jul-15<br><b>25-75 percentile</b><br>125.7 to 204.4 mm","DATE: Jul-15<br><b>10-90 percentile</b><br>64.4 to 234.7 mm","3034485","MEDICINE+HAT+RCS",2000,2026
"07-16",2001-07-16,160.61,0,273.7,64.78,126.525,204.9,244.14,0,198.2,NA,"3034485",30347,"MEDICINE HAT RCS","DATE: Jul-16<br><b>Daily precipitation</b><br>Value: 0.0 mm<br>Weather station: NA",123.404520266484,"DATE: Jul-16<br><b>Cumulative precipitation</b><br>Value: 198.2 mm<br>Anomaly: +37.6 mm<br>Percent of normal: <b>123%</b><br>Weather station: NA","DATE: Jul-16<br><b>Normal cumulative precipitation</b><br>160.6 mm<br>Period: 1991-2020","DATE: Jul-16<br><b>25-75 percentile</b><br>126.5 to 204.9 mm","DATE: Jul-16<br><b>10-90 percentile</b><br>64.8 to 244.1 mm","3034485","MEDICINE+HAT+RCS",2000,2026
"07-17",2001-07-17,162.125,0,273.7,65.84,126.525,205.55,244.14,0,198.2,NA,"3034485",30347,"MEDICINE HAT RCS","DATE: Jul-17<br><b>Daily precipitation</b><br>Value: 0.0 mm<br>Weather station: NA",122.25134926754,"DATE: Jul-17<br><b>Cumulative precipitation</b><br>Value: 198.2 mm<br>Anomaly: +36.1 mm<br>Percent of normal: <b>122%</b><br>Weather station: NA","DATE: Jul-17<br><b>Normal cumulative precipitation</b><br>162.1 mm<br>Period: 1991-2020","DATE: Jul-17<br><b>25-75 percentile</b><br>126.5 to 205.6 mm","DATE: Jul-17<br><b>10-90 percentile</b><br>65.8 to 244.1 mm","3034485","MEDICINE+HAT+RCS",2000,2026
"07-18",2001-07-18,162.77,0,279.7,65.84,126.525,205.55,244.73,0,198.2,NA,"3034485",30347,"MEDICINE HAT RCS","DATE: Jul-18<br><b>Daily precipitation</b><br>Value: 0.0 mm<br>Weather station: NA",121.766910364318,"DATE: Jul-18<br><b>Cumulative precipitation</b><br>Value: 198.2 mm<br>Anomaly: +35.4 mm<br>Percent of normal: <b>122%</b><br>Weather station: NA","DATE: Jul-18<br><b>Normal cumulative precipitation</b><br>162.8 mm<br>Period: 1991-2020","DATE: Jul-18<br><b>25-75 percentile</b><br>126.5 to 205.6 mm","DATE: Jul-18<br><b>10-90 percentile</b><br>65.8 to 244.7 mm","3034485","MEDICINE+HAT+RCS",2000,2026
"07-19",2001-07-19,163.74,0,281.6,70.88,126.675,205.6,245.59,0,198.2,NA,"3034485",30347,"MEDICINE HAT RCS","DATE: Jul-19<br><b>Daily precipitation</b><br>Value: 0.0 mm<br>Weather station: NA",121.045560034201,"DATE: Jul-19<br><b>Cumulative precipitation</b><br>Value: 198.2 mm<br>Anomaly: +34.5 mm<br>Percent of normal: <b>121%</b><br>Weather station: NA","DATE: Jul-19<br><b>Normal cumulative precipitation</b><br>163.7 mm<br>Period: 1991-2020","DATE: Jul-19<br><b>25-75 percentile</b><br>126.7 to 205.6 mm","DATE: Jul-19<br><b>10-90 percentile</b><br>70.9 to 245.6 mm","3034485","MEDICINE+HAT+RCS",2000,2026
"07-20",2001-07-20,164.21,0,281.6,71,129.6,205.6,246.13,0,198.2,NA,"3034485",30347,"MEDICINE HAT RCS","DATE: Jul-20<br><b>Daily precipitation</b><br>Value: 0.0 mm<br>Weather station: NA",120.699104804823,"DATE: Jul-20<br><b>Cumulative precipitation</b><br>Value: 198.2 mm<br>Anomaly: +34.0 mm<br>Percent of normal: <b>121%</b><br>Weather station: NA","DATE: Jul-20<br><b>Normal cumulative precipitation</b><br>164.2 mm<br>Period: 1991-2020","DATE: Jul-20<br><b>25-75 percentile</b><br>129.6 to 205.6 mm","DATE: Jul-20<br><b>10-90 percentile</b><br>71.0 to 246.1 mm","3034485","MEDICINE+HAT+RCS",2000,2026
"07-21",2001-07-21,165.13,0,281.6,71,129.75,205.6,246.13,0,198.2,NA,"3034485",30347,"MEDICINE HAT RCS","DATE: Jul-21<br><b>Daily precipitation</b><br>Value: 0.0 mm<br>Weather station: NA",120.026645673106,"DATE: Jul-21<br><b>Cumulative precipitation</b><br>Value: 198.2 mm<br>Anomaly: +33.1 mm<br>Percent of normal: <b>120%</b><br>Weather station: NA","DATE: Jul-21<br><b>Normal cumulative precipitation</b><br>165.1 mm<br>Period: 1991-2020","DATE: Jul-21<br><b>25-75 percentile</b><br>129.8 to 205.6 mm","DATE: Jul-21<br><b>10-90 percentile</b><br>71.0 to 246.1 mm","3034485","MEDICINE+HAT+RCS",2000,2026
"07-22",2001-07-22,166.275,0,283.9,71,139.9,205.6,246.75,0,198.2,NA,"3034485",30347,"MEDICINE HAT RCS","DATE: Jul-22<br><b>Daily precipitation</b><br>Value: 0.0 mm<br>Weather station: NA",119.200120282664,"DATE: Jul-22<br><b>Cumulative precipitation</b><br>Value: 198.2 mm<br>Anomaly: +31.9 mm<br>Percent of normal: <b>119%</b><br>Weather station: NA","DATE: Jul-22<br><b>Normal cumulative precipitation</b><br>166.3 mm<br>Period: 1991-2020","DATE: Jul-22<br><b>25-75 percentile</b><br>139.9 to 205.6 mm","DATE: Jul-22<br><b>10-90 percentile</b><br>71.0 to 246.8 mm","3034485","MEDICINE+HAT+RCS",2000,2026
"07-23",2001-07-23,167.855,0,286.1,73.79,139.9,211.05,246.77,3.3,201.5,NA,"3034485",30347,"MEDICINE HAT RCS","DATE: Jul-23<br><b>Daily precipitation</b><br>Value: 3.3 mm<br>Weather station: NA",120.044085669179,"DATE: Jul-23<br><b>Cumulative precipitation</b><br>Value: 201.5 mm<br>Anomaly: +33.6 mm<br>Percent of normal: <b>120%</b><br>Weather station: NA","DATE: Jul-23<br><b>Normal cumulative precipitation</b><br>167.9 mm<br>Period: 1991-2020","DATE: Jul-23<br><b>25-75 percentile</b><br>139.9 to 211.0 mm","DATE: Jul-23<br><b>10-90 percentile</b><br>73.8 to 246.8 mm","3034485","MEDICINE+HAT+RCS",2000,2026
"07-24",2001-07-24,168.61,0,286.1,75.23,139.9,211.575,246.77,0,201.5,NA,"3034485",30347,"MEDICINE HAT RCS","DATE: Jul-24<br><b>Daily precipitation</b><br>Value: 0.0 mm<br>Weather station: NA",119.506553585197,"DATE: Jul-24<br><b>Cumulative precipitation</b><br>Value: 201.5 mm<br>Anomaly: +32.9 mm<br>Percent of normal: <b>120%</b><br>Weather station: NA","DATE: Jul-24<br><b>Normal cumulative precipitation</b><br>168.6 mm<br>Period: 1991-2020","DATE: Jul-24<br><b>25-75 percentile</b><br>139.9 to 211.6 mm","DATE: Jul-24<br><b>10-90 percentile</b><br>75.2 to 246.8 mm","3034485","MEDICINE+HAT+RCS",2000,2026
"07-25",2001-07-25,168.835,0,286.1,75.23,139.9,211.575,246.77,0,201.5,NA,"3034485",30347,"MEDICINE HAT RCS","DATE: Jul-25<br><b>Daily precipitation</b><br>Value: 0.0 mm<br>Weather station: NA",119.347291734534,"DATE: Jul-25<br><b>Cumulative precipitation</b><br>Value: 201.5 mm<br>Anomaly: +32.7 mm<br>Percent of normal: <b>119%</b><br>Weather station: NA","DATE: Jul-25<br><b>Normal cumulative precipitation</b><br>168.8 mm<br>Period: 1991-2020","DATE: Jul-25<br><b>25-75 percentile</b><br>139.9 to 211.6 mm","DATE: Jul-25<br><b>10-90 percentile</b><br>75.2 to 246.8 mm","3034485","MEDICINE+HAT+RCS",2000,2026
"07-26",2001-07-26,169.82,0,286.1,75.23,142.05,213.325,247.51,0,201.5,NA,"3034485",30347,"MEDICINE HAT RCS","DATE: Jul-26<br><b>Daily precipitation</b><br>Value: 0.0 mm<br>Weather station: NA",118.655046519845,"DATE: Jul-26<br><b>Cumulative precipitation</b><br>Value: 201.5 mm<br>Anomaly: +31.7 mm<br>Percent of normal: <b>119%</b><br>Weather station: NA","DATE: Jul-26<br><b>Normal cumulative precipitation</b><br>169.8 mm<br>Period: 1991-2020","DATE: Jul-26<br><b>25-75 percentile</b><br>142.0 to 213.3 mm","DATE: Jul-26<br><b>10-90 percentile</b><br>75.2 to 247.5 mm","3034485","MEDICINE+HAT+RCS",2000,2026
"07-27",2001-07-27,170.055,0,286.1,75.86,143,213.325,248.23,0,201.5,NA,"3034485",30347,"MEDICINE HAT RCS","DATE: Jul-27<br><b>Daily precipitation</b><br>Value: 0.0 mm<br>Weather station: NA",118.491076416453,"DATE: Jul-27<br><b>Cumulative precipitation</b><br>Value: 201.5 mm<br>Anomaly: +31.4 mm<br>Percent of normal: <b>118%</b><br>Weather station: NA","DATE: Jul-27<br><b>Normal cumulative precipitation</b><br>170.1 mm<br>Period: 1991-2020","DATE: Jul-27<br><b>25-75 percentile</b><br>143.0 to 213.3 mm","DATE: Jul-27<br><b>10-90 percentile</b><br>75.9 to 248.2 mm","3034485","MEDICINE+HAT+RCS",2000,2026
"07-28",2001-07-28,170.66,0,286.1,75.86,146.6,214.825,252.04,0,201.5,NA,"3034485",30347,"MEDICINE HAT RCS","DATE: Jul-28<br><b>Daily precipitation</b><br>Value: 0.0 mm<br>Weather station: NA",118.071018399156,"DATE: Jul-28<br><b>Cumulative precipitation</b><br>Value: 201.5 mm<br>Anomaly: +30.8 mm<br>Percent of normal: <b>118%</b><br>Weather station: NA","DATE: Jul-28<br><b>Normal cumulative precipitation</b><br>170.7 mm<br>Period: 1991-2020","DATE: Jul-28<br><b>25-75 percentile</b><br>146.6 to 214.8 mm","DATE: Jul-28<br><b>10-90 percentile</b><br>75.9 to 252.0 mm","3034485","MEDICINE+HAT+RCS",2000,2026
"07-29",2001-07-29,170.71,0,286.1,75.86,146.6,214.825,252.12,0,201.5,NA,"3034485",30347,"MEDICINE HAT RCS","DATE: Jul-29<br><b>Daily precipitation</b><br>Value: 0.0 mm<br>Weather station: NA",118.036436061156,"DATE: Jul-29<br><b>Cumulative precipitation</b><br>Value: 201.5 mm<br>Anomaly: +30.8 mm<br>Percent of normal: <b>118%</b><br>Weather station: NA","DATE: Jul-29<br><b>Normal cumulative precipitation</b><br>170.7 mm<br>Period: 1991-2020","DATE: Jul-29<br><b>25-75 percentile</b><br>146.6 to 214.8 mm","DATE: Jul-29<br><b>10-90 percentile</b><br>75.9 to 252.1 mm","3034485","MEDICINE+HAT+RCS",2000,2026
"07-30",2001-07-30,170.895,0,286.1,75.86,147.2,215.65,252.12,0,201.5,NA,"3034485",30347,"MEDICINE HAT RCS","DATE: Jul-30<br><b>Daily precipitation</b><br>Value: 0.0 mm<br>Weather station: NA",117.908657362708,"DATE: Jul-30<br><b>Cumulative precipitation</b><br>Value: 201.5 mm<br>Anomaly: +30.6 mm<br>Percent of normal: <b>118%</b><br>Weather station: NA","DATE: Jul-30<br><b>Normal cumulative precipitation</b><br>170.9 mm<br>Period: 1991-2020","DATE: Jul-30<br><b>25-75 percentile</b><br>147.2 to 215.6 mm","DATE: Jul-30<br><b>10-90 percentile</b><br>75.9 to 252.1 mm","3034485","MEDICINE+HAT+RCS",2000,2026
"07-31",2001-07-31,171.515,0,286.1,75.86,148.2,217.05,252.66,0,201.5,NA,"3034485",30347,"MEDICINE HAT RCS","DATE: Jul-31<br><b>Daily precipitation</b><br>Value: 0.0 mm<br>Weather station: NA",117.482435938548,"DATE: Jul-31<br><b>Cumulative precipitation</b><br>Value: 201.5 mm<br>Anomaly: +30.0 mm<br>Percent of normal: <b>117%</b><br>Weather station: NA","DATE: Jul-31<br><b>Normal cumulative precipitation</b><br>171.5 mm<br>Period: 1991-2020","DATE: Jul-31<br><b>25-75 percentile</b><br>148.2 to 217.0 mm","DATE: Jul-31<br><b>10-90 percentile</b><br>75.9 to 252.7 mm","3034485","MEDICINE+HAT+RCS",2000,2026
"08-01",2001-08-01,165.071428571429,0,306.5,65.8,144.4,217,250.2,0,201.5,NA,"3034485",30347,"MEDICINE HAT RCS","DATE: Aug-01<br><b>Daily precipitation</b><br>Value: 0.0 mm<br>Weather station: NA",122.068368671571,"DATE: Aug-01<br><b>Cumulative precipitation</b><br>Value: 201.5 mm<br>Anomaly: +36.4 mm<br>Percent of normal: <b>122%</b><br>Weather station: NA","DATE: Aug-01<br><b>Normal cumulative precipitation</b><br>165.1 mm<br>Period: 1991-2020","DATE: Aug-01<br><b>25-75 percentile</b><br>144.4 to 217.0 mm","DATE: Aug-01<br><b>10-90 percentile</b><br>65.8 to 250.2 mm","3034485","MEDICINE+HAT+RCS",2000,2026
"08-02",2001-08-02,165.657142857143,0,308.8,65.8,144.4,217.6,250.8,0,201.5,NA,"3034485",30347,"MEDICINE HAT RCS","DATE: Aug-02<br><b>Daily precipitation</b><br>Value: 0.0 mm<br>Weather station: NA",121.636771300448,"DATE: Aug-02<br><b>Cumulative precipitation</b><br>Value: 201.5 mm<br>Anomaly: +35.8 mm<br>Percent of normal: <b>122%</b><br>Weather station: NA","DATE: Aug-02<br><b>Normal cumulative precipitation</b><br>165.7 mm<br>Period: 1991-2020","DATE: Aug-02<br><b>25-75 percentile</b><br>144.4 to 217.6 mm","DATE: Aug-02<br><b>10-90 percentile</b><br>65.8 to 250.8 mm","3034485","MEDICINE+HAT+RCS",2000,2026
"08-03",2001-08-03,166.561904761905,0,309.6,65.8,146.4,217.6,250.8,2,203.5,NA,"3034485",30347,"MEDICINE HAT RCS","DATE: Aug-03<br><b>Daily precipitation</b><br>Value: 2.0 mm<br>Weather station: NA",122.17679684373,"DATE: Aug-03<br><b>Cumulative precipitation</b><br>Value: 203.5 mm<br>Anomaly: +36.9 mm<br>Percent of normal: <b>122%</b><br>Weather station: NA","DATE: Aug-03<br><b>Normal cumulative precipitation</b><br>166.6 mm<br>Period: 1991-2020","DATE: Aug-03<br><b>25-75 percentile</b><br>146.4 to 217.6 mm","DATE: Aug-03<br><b>10-90 percentile</b><br>65.8 to 250.8 mm","3034485","MEDICINE+HAT+RCS",2000,2026
"08-04",2001-08-04,168.152380952381,0,309.6,65.8,146.4,217.8,257.2,0,203.5,NA,"3034485",30347,"MEDICINE HAT RCS","DATE: Aug-04<br><b>Daily precipitation</b><br>Value: 0.0 mm<br>Weather station: NA",121.021182600816,"DATE: Aug-04<br><b>Cumulative precipitation</b><br>Value: 203.5 mm<br>Anomaly: +35.3 mm<br>Percent of normal: <b>121%</b><br>Weather station: NA","DATE: Aug-04<br><b>Normal cumulative precipitation</b><br>168.2 mm<br>Period: 1991-2020","DATE: Aug-04<br><b>25-75 percentile</b><br>146.4 to 217.8 mm","DATE: Aug-04<br><b>10-90 percentile</b><br>65.8 to 257.2 mm","3034485","MEDICINE+HAT+RCS",2000,2026
"08-05",2001-08-05,169.190476190476,0,309.6,65.8,147.2,218.4,265.8,0,203.5,NA,"3034485",30347,"MEDICINE HAT RCS","DATE: Aug-05<br><b>Daily precipitation</b><br>Value: 0.0 mm<br>Weather station: NA",120.278637770898,"DATE: Aug-05<br><b>Cumulative precipitation</b><br>Value: 203.5 mm<br>Anomaly: +34.3 mm<br>Percent of normal: <b>120%</b><br>Weather station: NA","DATE: Aug-05<br><b>Normal cumulative precipitation</b><br>169.2 mm<br>Period: 1991-2020","DATE: Aug-05<br><b>25-75 percentile</b><br>147.2 to 218.4 mm","DATE: Aug-05<br><b>10-90 percentile</b><br>65.8 to 265.8 mm","3034485","MEDICINE+HAT+RCS",2000,2026
"08-06",2001-08-06,170.042857142857,0,309.6,79.2,147.2,218.4,266,0,203.5,NA,"3034485",30347,"MEDICINE HAT RCS","DATE: Aug-06<br><b>Daily precipitation</b><br>Value: 0.0 mm<br>Weather station: NA",119.675712005377,"DATE: Aug-06<br><b>Cumulative precipitation</b><br>Value: 203.5 mm<br>Anomaly: +33.5 mm<br>Percent of normal: <b>120%</b><br>Weather station: NA","DATE: Aug-06<br><b>Normal cumulative precipitation</b><br>170.0 mm<br>Period: 1991-2020","DATE: Aug-06<br><b>25-75 percentile</b><br>147.2 to 218.4 mm","DATE: Aug-06<br><b>10-90 percentile</b><br>79.2 to 266.0 mm","3034485","MEDICINE+HAT+RCS",2000,2026
"08-07",2001-08-07,173.371428571429,0,324.4,79.2,153.4,218.6,266,NA,NA,NA,NA,NA,NA,"",NA,"","DATE: Aug-07<br><b>Normal cumulative precipitation</b><br>173.4 mm<br>Period: 1991-2020","DATE: Aug-07<br><b>25-75 percentile</b><br>153.4 to 218.6 mm","DATE: Aug-07<br><b>10-90 percentile</b><br>79.2 to 266.0 mm","3034485","MEDICINE+HAT+RCS",2000,2026
"08-08",2001-08-08,173.790476190476,0,327.2,79.2,153.4,218.6,266,NA,NA,NA,NA,NA,NA,"",NA,"","DATE: Aug-08<br><b>Normal cumulative precipitation</b><br>173.8 mm<br>Period: 1991-2020","DATE: Aug-08<br><b>25-75 percentile</b><br>153.4 to 218.6 mm","DATE: Aug-08<br><b>10-90 percentile</b><br>79.2 to 266.0 mm","3034485","MEDICINE+HAT+RCS",2000,2026
"08-09",2001-08-09,174.790476190476,0,338.8,79.3,153.4,218.6,266,NA,NA,NA,NA,NA,NA,"",NA,"","DATE: Aug-09<br><b>Normal cumulative precipitation</b><br>174.8 mm<br>Period: 1991-2020","DATE: Aug-09<br><b>25-75 percentile</b><br>153.4 to 218.6 mm","DATE: Aug-09<br><b>10-90 percentile</b><br>79.3 to 266.0 mm","3034485","MEDICINE+HAT+RCS",2000,2026
"08-10",2001-08-10,176.919047619048,0,342.1,79.3,153.4,221.6,273.4,NA,NA,NA,NA,NA,NA,"",NA,"","DATE: Aug-10<br><b>Normal cumulative precipitation</b><br>176.9 mm<br>Period: 1991-2020","DATE: Aug-10<br><b>25-75 percentile</b><br>153.4 to 221.6 mm","DATE: Aug-10<br><b>10-90 percentile</b><br>79.3 to 273.4 mm","3034485","MEDICINE+HAT+RCS",2000,2026
"08-11",2001-08-11,177.795238095238,0,342.3,79.3,160.4,222,274.2,NA,NA,NA,NA,NA,NA,"",NA,"","DATE: Aug-11<br><b>Normal cumulative precipitation</b><br>177.8 mm<br>Period: 1991-2020","DATE: Aug-11<br><b>25-75 percentile</b><br>160.4 to 222.0 mm","DATE: Aug-11<br><b>10-90 percentile</b><br>79.3 to 274.2 mm","3034485","MEDICINE+HAT+RCS",2000,2026
"08-12",2001-08-12,179.033333333333,0,342.3,79.5,160.4,224.2,274.2,NA,NA,NA,NA,NA,NA,"",NA,"","DATE: Aug-12<br><b>Normal cumulative precipitation</b><br>179.0 mm<br>Period: 1991-2020","DATE: Aug-12<br><b>25-75 percentile</b><br>160.4 to 224.2 mm","DATE: Aug-12<br><b>10-90 percentile</b><br>79.5 to 274.2 mm","3034485","MEDICINE+HAT+RCS",2000,2026
"08-13",2001-08-13,179.452380952381,0,342.3,79.5,160.4,224.2,274.2,NA,NA,NA,NA,NA,NA,"",NA,"","DATE: Aug-13<br><b>Normal cumulative precipitation</b><br>179.5 mm<br>Period: 1991-2020","DATE: Aug-13<br><b>25-75 percentile</b><br>160.4 to 224.2 mm","DATE: Aug-13<br><b>10-90 percentile</b><br>79.5 to 274.2 mm","3034485","MEDICINE+HAT+RCS",2000,2026
"08-14",2001-08-14,181.814285714286,0,342.3,79.5,160.4,232.5,280,NA,NA,NA,NA,NA,NA,"",NA,"","DATE: Aug-14<br><b>Normal cumulative precipitation</b><br>181.8 mm<br>Period: 1991-2020","DATE: Aug-14<br><b>25-75 percentile</b><br>160.4 to 232.5 mm","DATE: Aug-14<br><b>10-90 percentile</b><br>79.5 to 280.0 mm","3034485","MEDICINE+HAT+RCS",2000,2026
"08-15",2001-08-15,182.252380952381,0,342.3,79.6,160.4,232.5,281.6,NA,NA,NA,NA,NA,NA,"",NA,"","DATE: Aug-15<br><b>Normal cumulative precipitation</b><br>182.3 mm<br>Period: 1991-2020","DATE: Aug-15<br><b>25-75 percentile</b><br>160.4 to 232.5 mm","DATE: Aug-15<br><b>10-90 percentile</b><br>79.6 to 281.6 mm","3034485","MEDICINE+HAT+RCS",2000,2026
"08-16",2001-08-16,183.6,0,342.3,79.6,160.8,232.5,300.8,NA,NA,NA,NA,NA,NA,"",NA,"","DATE: Aug-16<br><b>Normal cumulative precipitation</b><br>183.6 mm<br>Period: 1991-2020","DATE: Aug-16<br><b>25-75 percentile</b><br>160.8 to 232.5 mm","DATE: Aug-16<br><b>10-90 percentile</b><br>79.6 to 300.8 mm","3034485","MEDICINE+HAT+RCS",2000,2026
"08-17",2001-08-17,183.695238095238,0,342.3,79.6,160.8,232.5,300.8,NA,NA,NA,NA,NA,NA,"",NA,"","DATE: Aug-17<br><b>Normal cumulative precipitation</b><br>183.7 mm<br>Period: 1991-2020","DATE: Aug-17<br><b>25-75 percentile</b><br>160.8 to 232.5 mm","DATE: Aug-17<br><b>10-90 percentile</b><br>79.6 to 300.8 mm","3034485","MEDICINE+HAT+RCS",2000,2026
"08-18",2001-08-18,183.895238095238,0,343.2,79.8,160.8,232.5,301.4,NA,NA,NA,NA,NA,NA,"",NA,"","DATE: Aug-18<br><b>Normal cumulative precipitation</b><br>183.9 mm<br>Period: 1991-2020","DATE: Aug-18<br><b>25-75 percentile</b><br>160.8 to 232.5 mm","DATE: Aug-18<br><b>10-90 percentile</b><br>79.8 to 301.4 mm","3034485","MEDICINE+HAT+RCS",2000,2026
"08-19",2001-08-19,184.328571428571,0,343.8,79.8,160.8,232.5,301.4,NA,NA,NA,NA,NA,NA,"",NA,"","DATE: Aug-19<br><b>Normal cumulative precipitation</b><br>184.3 mm<br>Period: 1991-2020","DATE: Aug-19<br><b>25-75 percentile</b><br>160.8 to 232.5 mm","DATE: Aug-19<br><b>10-90 percentile</b><br>79.8 to 301.4 mm","3034485","MEDICINE+HAT+RCS",2000,2026
"08-20",2001-08-20,185.566666666667,0,343.8,79.8,161.1,232.5,301.4,NA,NA,NA,NA,NA,NA,"",NA,"","DATE: Aug-20<br><b>Normal cumulative precipitation</b><br>185.6 mm<br>Period: 1991-2020","DATE: Aug-20<br><b>25-75 percentile</b><br>161.1 to 232.5 mm","DATE: Aug-20<br><b>10-90 percentile</b><br>79.8 to 301.4 mm","3034485","MEDICINE+HAT+RCS",2000,2026
"08-21",2001-08-21,186.661904761905,0,344.2,79.8,161.1,232.7,301.4,NA,NA,NA,NA,NA,NA,"",NA,"","DATE: Aug-21<br><b>Normal cumulative precipitation</b><br>186.7 mm<br>Period: 1991-2020","DATE: Aug-21<br><b>25-75 percentile</b><br>161.1 to 232.7 mm","DATE: Aug-21<br><b>10-90 percentile</b><br>79.8 to 301.4 mm","3034485","MEDICINE+HAT+RCS",2000,2026
"08-22",2001-08-22,189.409523809524,0,344.4,79.8,161.3,241.7,301.4,NA,NA,NA,NA,NA,NA,"",NA,"","DATE: Aug-22<br><b>Normal cumulative precipitation</b><br>189.4 mm<br>Period: 1991-2020","DATE: Aug-22<br><b>25-75 percentile</b><br>161.3 to 241.7 mm","DATE: Aug-22<br><b>10-90 percentile</b><br>79.8 to 301.4 mm","3034485","MEDICINE+HAT+RCS",2000,2026
"08-23",2001-08-23,191.133333333333,0,345.8,79.8,161.3,241.7,301.4,NA,NA,NA,NA,NA,NA,"",NA,"","DATE: Aug-23<br><b>Normal cumulative precipitation</b><br>191.1 mm<br>Period: 1991-2020","DATE: Aug-23<br><b>25-75 percentile</b><br>161.3 to 241.7 mm","DATE: Aug-23<br><b>10-90 percentile</b><br>79.8 to 301.4 mm","3034485","MEDICINE+HAT+RCS",2000,2026
"08-24",2001-08-24,191.847619047619,0,346,79.8,161.3,243.6,301.4,NA,NA,NA,NA,NA,NA,"",NA,"","DATE: Aug-24<br><b>Normal cumulative precipitation</b><br>191.8 mm<br>Period: 1991-2020","DATE: Aug-24<br><b>25-75 percentile</b><br>161.3 to 243.6 mm","DATE: Aug-24<br><b>10-90 percentile</b><br>79.8 to 301.4 mm","3034485","MEDICINE+HAT+RCS",2000,2026
"08-25",2001-08-25,194.533333333333,0,347.4,79.8,161.3,248.8,301.4,NA,NA,NA,NA,NA,NA,"",NA,"","DATE: Aug-25<br><b>Normal cumulative precipitation</b><br>194.5 mm<br>Period: 1991-2020","DATE: Aug-25<br><b>25-75 percentile</b><br>161.3 to 248.8 mm","DATE: Aug-25<br><b>10-90 percentile</b><br>79.8 to 301.4 mm","3034485","MEDICINE+HAT+RCS",2000,2026
"08-26",2001-08-26,196.090476190476,0,348.2,79.8,161.3,256,320.6,NA,NA,NA,NA,NA,NA,"",NA,"","DATE: Aug-26<br><b>Normal cumulative precipitation</b><br>196.1 mm<br>Period: 1991-2020","DATE: Aug-26<br><b>25-75 percentile</b><br>161.3 to 256.0 mm","DATE: Aug-26<br><b>10-90 percentile</b><br>79.8 to 320.6 mm","3034485","MEDICINE+HAT+RCS",2000,2026
"08-27",2001-08-27,196.557142857143,0,348.2,88.2,161.5,256.2,320.6,NA,NA,NA,NA,NA,NA,"",NA,"","DATE: Aug-27<br><b>Normal cumulative precipitation</b><br>196.6 mm<br>Period: 1991-2020","DATE: Aug-27<br><b>25-75 percentile</b><br>161.5 to 256.2 mm","DATE: Aug-27<br><b>10-90 percentile</b><br>88.2 to 320.6 mm","3034485","MEDICINE+HAT+RCS",2000,2026
"08-28",2001-08-28,197.409523809524,0,348.2,88.4,161.5,259.4,320.6,NA,NA,NA,NA,NA,NA,"",NA,"","DATE: Aug-28<br><b>Normal cumulative precipitation</b><br>197.4 mm<br>Period: 1991-2020","DATE: Aug-28<br><b>25-75 percentile</b><br>161.5 to 259.4 mm","DATE: Aug-28<br><b>10-90 percentile</b><br>88.4 to 320.6 mm","3034485","MEDICINE+HAT+RCS",2000,2026
"08-29",2001-08-29,198.028571428571,0,348.2,88.4,161.5,259.6,320.6,NA,NA,NA,NA,NA,NA,"",NA,"","DATE: Aug-29<br><b>Normal cumulative precipitation</b><br>198.0 mm<br>Period: 1991-2020","DATE: Aug-29<br><b>25-75 percentile</b><br>161.5 to 259.6 mm","DATE: Aug-29<br><b>10-90 percentile</b><br>88.4 to 320.6 mm","3034485","MEDICINE+HAT+RCS",2000,2026
"08-30",2001-08-30,198.295238095238,0,348.2,88.4,161.5,259.6,320.6,NA,NA,NA,NA,NA,NA,"",NA,"","DATE: Aug-30<br><b>Normal cumulative precipitation</b><br>198.3 mm<br>Period: 1991-2020","DATE: Aug-30<br><b>25-75 percentile</b><br>161.5 to 259.6 mm","DATE: Aug-30<br><b>10-90 percentile</b><br>88.4 to 320.6 mm","3034485","MEDICINE+HAT+RCS",2000,2026
"08-31",2001-08-31,199.895238095238,0,348.2,88.4,162.8,259.6,328.2,NA,NA,NA,NA,NA,NA,"",NA,"","DATE: Aug-31<br><b>Normal cumulative precipitation</b><br>199.9 mm<br>Period: 1991-2020","DATE: Aug-31<br><b>25-75 percentile</b><br>162.8 to 259.6 mm","DATE: Aug-31<br><b>10-90 percentile</b><br>88.4 to 328.2 mm","3034485","MEDICINE+HAT+RCS",2000,2026
"09-01",2001-09-01,201.2,0,348.2,88.4,162.8,270.2,331.4,NA,NA,NA,NA,NA,NA,"",NA,"","DATE: Sep-01<br><b>Normal cumulative precipitation</b><br>201.2 mm<br>Period: 1991-2020","DATE: Sep-01<br><b>25-75 percentile</b><br>162.8 to 270.2 mm","DATE: Sep-01<br><b>10-90 percentile</b><br>88.4 to 331.4 mm","3034485","MEDICINE+HAT+RCS",2000,2026
"09-02",2001-09-02,202.009523809524,0,348.2,88.4,162.8,270.4,331.6,NA,NA,NA,NA,NA,NA,"",NA,"","DATE: Sep-02<br><b>Normal cumulative precipitation</b><br>202.0 mm<br>Period: 1991-2020","DATE: Sep-02<br><b>25-75 percentile</b><br>162.8 to 270.4 mm","DATE: Sep-02<br><b>10-90 percentile</b><br>88.4 to 331.6 mm","3034485","MEDICINE+HAT+RCS",2000,2026
"09-03",2001-09-03,203.980952380952,0,348.2,88.4,162.8,270.4,334.2,NA,NA,NA,NA,NA,NA,"",NA,"","DATE: Sep-03<br><b>Normal cumulative precipitation</b><br>204.0 mm<br>Period: 1991-2020","DATE: Sep-03<br><b>25-75 percentile</b><br>162.8 to 270.4 mm","DATE: Sep-03<br><b>10-90 percentile</b><br>88.4 to 334.2 mm","3034485","MEDICINE+HAT+RCS",2000,2026
"09-04",2001-09-04,204.580952380952,0,348.2,88.4,162.8,270.4,334.2,NA,NA,NA,NA,NA,NA,"",NA,"","DATE: Sep-04<br><b>Normal cumulative precipitation</b><br>204.6 mm<br>Period: 1991-2020","DATE: Sep-04<br><b>25-75 percentile</b><br>162.8 to 270.4 mm","DATE: Sep-04<br><b>10-90 percentile</b><br>88.4 to 334.2 mm","3034485","MEDICINE+HAT+RCS",2000,2026
"09-05",2001-09-05,205.790476190476,0,348.2,88.4,162.8,270.4,339.4,NA,NA,NA,NA,NA,NA,"",NA,"","DATE: Sep-05<br><b>Normal cumulative precipitation</b><br>205.8 mm<br>Period: 1991-2020","DATE: Sep-05<br><b>25-75 percentile</b><br>162.8 to 270.4 mm","DATE: Sep-05<br><b>10-90 percentile</b><br>88.4 to 339.4 mm","3034485","MEDICINE+HAT+RCS",2000,2026
"09-06",2001-09-06,206.87619047619,0,348.2,88.4,162.8,270.4,339.4,NA,NA,NA,NA,NA,NA,"",NA,"","DATE: Sep-06<br><b>Normal cumulative precipitation</b><br>206.9 mm<br>Period: 1991-2020","DATE: Sep-06<br><b>25-75 percentile</b><br>162.8 to 270.4 mm","DATE: Sep-06<br><b>10-90 percentile</b><br>88.4 to 339.4 mm","3034485","MEDICINE+HAT+RCS",2000,2026
"09-07",2001-09-07,208.228571428571,0.8,349.2,88.4,162.8,270.4,339.4,NA,NA,NA,NA,NA,NA,"",NA,"","DATE: Sep-07<br><b>Normal cumulative precipitation</b><br>208.2 mm<br>Period: 1991-2020","DATE: Sep-07<br><b>25-75 percentile</b><br>162.8 to 270.4 mm","DATE: Sep-07<br><b>10-90 percentile</b><br>88.4 to 339.4 mm","3034485","MEDICINE+HAT+RCS",2000,2026
"09-08",2001-09-08,209.028571428571,0.8,349.2,88.4,163.4,270.4,339.4,NA,NA,NA,NA,NA,NA,"",NA,"","DATE: Sep-08<br><b>Normal cumulative precipitation</b><br>209.0 mm<br>Period: 1991-2020","DATE: Sep-08<br><b>25-75 percentile</b><br>163.4 to 270.4 mm","DATE: Sep-08<br><b>10-90 percentile</b><br>88.4 to 339.4 mm","3034485","MEDICINE+HAT+RCS",2000,2026
"09-09",2001-09-09,211.190476190476,1,354.8,88.8,164.4,270.4,349.2,NA,NA,NA,NA,NA,NA,"",NA,"","DATE: Sep-09<br><b>Normal cumulative precipitation</b><br>211.2 mm<br>Period: 1991-2020","DATE: Sep-09<br><b>25-75 percentile</b><br>164.4 to 270.4 mm","DATE: Sep-09<br><b>10-90 percentile</b><br>88.8 to 349.2 mm","3034485","MEDICINE+HAT+RCS",2000,2026
"09-10",2001-09-10,213.347619047619,1.8,355.4,88.8,164.4,274.8,349.2,NA,NA,NA,NA,NA,NA,"",NA,"","DATE: Sep-10<br><b>Normal cumulative precipitation</b><br>213.3 mm<br>Period: 1991-2020","DATE: Sep-10<br><b>25-75 percentile</b><br>164.4 to 274.8 mm","DATE: Sep-10<br><b>10-90 percentile</b><br>88.8 to 349.2 mm","3034485","MEDICINE+HAT+RCS",2000,2026
"09-11",2001-09-11,214.457142857143,2.8,355.4,88.8,165.4,284.1,349.2,NA,NA,NA,NA,NA,NA,"",NA,"","DATE: Sep-11<br><b>Normal cumulative precipitation</b><br>214.5 mm<br>Period: 1991-2020","DATE: Sep-11<br><b>25-75 percentile</b><br>165.4 to 284.1 mm","DATE: Sep-11<br><b>10-90 percentile</b><br>88.8 to 349.2 mm","3034485","MEDICINE+HAT+RCS",2000,2026
"09-12",2001-09-12,214.847619047619,2.8,355.4,88.8,166.4,284.3,349.2,NA,NA,NA,NA,NA,NA,"",NA,"","DATE: Sep-12<br><b>Normal cumulative precipitation</b><br>214.8 mm<br>Period: 1991-2020","DATE: Sep-12<br><b>25-75 percentile</b><br>166.4 to 284.3 mm","DATE: Sep-12<br><b>10-90 percentile</b><br>88.8 to 349.2 mm","3034485","MEDICINE+HAT+RCS",2000,2026
"09-13",2001-09-13,215.271428571429,2.8,356.4,88.8,166.6,284.3,349.2,NA,NA,NA,NA,NA,NA,"",NA,"","DATE: Sep-13<br><b>Normal cumulative precipitation</b><br>215.3 mm<br>Period: 1991-2020","DATE: Sep-13<br><b>25-75 percentile</b><br>166.6 to 284.3 mm","DATE: Sep-13<br><b>10-90 percentile</b><br>88.8 to 349.2 mm","3034485","MEDICINE+HAT+RCS",2000,2026
"09-14",2001-09-14,216.114285714286,2.8,359.9,88.8,166.6,284.3,349.2,NA,NA,NA,NA,NA,NA,"",NA,"","DATE: Sep-14<br><b>Normal cumulative precipitation</b><br>216.1 mm<br>Period: 1991-2020","DATE: Sep-14<br><b>25-75 percentile</b><br>166.6 to 284.3 mm","DATE: Sep-14<br><b>10-90 percentile</b><br>88.8 to 349.2 mm","3034485","MEDICINE+HAT+RCS",2000,2026
"09-15",2001-09-15,217.042857142857,2.8,361.9,88.8,167.2,284.3,349.2,NA,NA,NA,NA,NA,NA,"",NA,"","DATE: Sep-15<br><b>Normal cumulative precipitation</b><br>217.0 mm<br>Period: 1991-2020","DATE: Sep-15<br><b>25-75 percentile</b><br>167.2 to 284.3 mm","DATE: Sep-15<br><b>10-90 percentile</b><br>88.8 to 349.2 mm","3034485","MEDICINE+HAT+RCS",2000,2026
"09-16",2001-09-16,218.409523809524,2.8,371,92.6,174.2,284.3,349.2,NA,NA,NA,NA,NA,NA,"",NA,"","DATE: Sep-16<br><b>Normal cumulative precipitation</b><br>218.4 mm<br>Period: 1991-2020","DATE: Sep-16<br><b>25-75 percentile</b><br>174.2 to 284.3 mm","DATE: Sep-16<br><b>10-90 percentile</b><br>92.6 to 349.2 mm","3034485","MEDICINE+HAT+RCS",2000,2026
"09-17",2001-09-17,219.1,2.8,371.2,92.8,174.2,284.3,351.6,NA,NA,NA,NA,NA,NA,"",NA,"","DATE: Sep-17<br><b>Normal cumulative precipitation</b><br>219.1 mm<br>Period: 1991-2020","DATE: Sep-17<br><b>25-75 percentile</b><br>174.2 to 284.3 mm","DATE: Sep-17<br><b>10-90 percentile</b><br>92.8 to 351.6 mm","3034485","MEDICINE+HAT+RCS",2000,2026
"09-18",2001-09-18,221.495238095238,2.8,371.2,92.8,174.2,294.8,352.2,NA,NA,NA,NA,NA,NA,"",NA,"","DATE: Sep-18<br><b>Normal cumulative precipitation</b><br>221.5 mm<br>Period: 1991-2020","DATE: Sep-18<br><b>25-75 percentile</b><br>174.2 to 294.8 mm","DATE: Sep-18<br><b>10-90 percentile</b><br>92.8 to 352.2 mm","3034485","MEDICINE+HAT+RCS",2000,2026
"09-19",2001-09-19,223.552380952381,2.8,371.6,92.8,174.2,294.8,352.4,NA,NA,NA,NA,NA,NA,"",NA,"","DATE: Sep-19<br><b>Normal cumulative precipitation</b><br>223.6 mm<br>Period: 1991-2020","DATE: Sep-19<br><b>25-75 percentile</b><br>174.2 to 294.8 mm","DATE: Sep-19<br><b>10-90 percentile</b><br>92.8 to 352.4 mm","3034485","MEDICINE+HAT+RCS",2000,2026
"09-20",2001-09-20,225.009523809524,2.8,372.2,93.3,174.2,294.8,353.4,NA,NA,NA,NA,NA,NA,"",NA,"","DATE: Sep-20<br><b>Normal cumulative precipitation</b><br>225.0 mm<br>Period: 1991-2020","DATE: Sep-20<br><b>25-75 percentile</b><br>174.2 to 294.8 mm","DATE: Sep-20<br><b>10-90 percentile</b><br>93.3 to 353.4 mm","3034485","MEDICINE+HAT+RCS",2000,2026
"09-21",2001-09-21,225.72380952381,2.8,372.4,93.3,174.2,294.8,353.4,NA,NA,NA,NA,NA,NA,"",NA,"","DATE: Sep-21<br><b>Normal cumulative precipitation</b><br>225.7 mm<br>Period: 1991-2020","DATE: Sep-21<br><b>25-75 percentile</b><br>174.2 to 294.8 mm","DATE: Sep-21<br><b>10-90 percentile</b><br>93.3 to 353.4 mm","3034485","MEDICINE+HAT+RCS",2000,2026
"09-22",2001-09-22,226.595238095238,2.8,372.4,93.7,174.2,294.8,354.2,NA,NA,NA,NA,NA,NA,"",NA,"","DATE: Sep-22<br><b>Normal cumulative precipitation</b><br>226.6 mm<br>Period: 1991-2020","DATE: Sep-22<br><b>25-75 percentile</b><br>174.2 to 294.8 mm","DATE: Sep-22<br><b>10-90 percentile</b><br>93.7 to 354.2 mm","3034485","MEDICINE+HAT+RCS",2000,2026
"09-23",2001-09-23,228.128571428571,2.8,372.4,94.1,174.2,294.8,356.8,NA,NA,NA,NA,NA,NA,"",NA,"","DATE: Sep-23<br><b>Normal cumulative precipitation</b><br>228.1 mm<br>Period: 1991-2020","DATE: Sep-23<br><b>25-75 percentile</b><br>174.2 to 294.8 mm","DATE: Sep-23<br><b>10-90 percentile</b><br>94.1 to 356.8 mm","3034485","MEDICINE+HAT+RCS",2000,2026
"09-24",2001-09-24,228.319047619048,2.8,372.4,94.4,174.2,294.8,360.2,NA,NA,NA,NA,NA,NA,"",NA,"","DATE: Sep-24<br><b>Normal cumulative precipitation</b><br>228.3 mm<br>Period: 1991-2020","DATE: Sep-24<br><b>25-75 percentile</b><br>174.2 to 294.8 mm","DATE: Sep-24<br><b>10-90 percentile</b><br>94.4 to 360.2 mm","3034485","MEDICINE+HAT+RCS",2000,2026
"09-25",2001-09-25,228.495238095238,2.8,372.4,94.4,174.4,294.8,360.2,NA,NA,NA,NA,NA,NA,"",NA,"","DATE: Sep-25<br><b>Normal cumulative precipitation</b><br>228.5 mm<br>Period: 1991-2020","DATE: Sep-25<br><b>25-75 percentile</b><br>174.4 to 294.8 mm","DATE: Sep-25<br><b>10-90 percentile</b><br>94.4 to 360.2 mm","3034485","MEDICINE+HAT+RCS",2000,2026
"09-26",2001-09-26,228.828571428571,2.8,372.4,95.7,174.4,294.8,360.2,NA,NA,NA,NA,NA,NA,"",NA,"","DATE: Sep-26<br><b>Normal cumulative precipitation</b><br>228.8 mm<br>Period: 1991-2020","DATE: Sep-26<br><b>25-75 percentile</b><br>174.4 to 294.8 mm","DATE: Sep-26<br><b>10-90 percentile</b><br>95.7 to 360.2 mm","3034485","MEDICINE+HAT+RCS",2000,2026
"09-27",2001-09-27,229.104761904762,2.8,372.4,101.1,174.4,294.8,360.2,NA,NA,NA,NA,NA,NA,"",NA,"","DATE: Sep-27<br><b>Normal cumulative precipitation</b><br>229.1 mm<br>Period: 1991-2020","DATE: Sep-27<br><b>25-75 percentile</b><br>174.4 to 294.8 mm","DATE: Sep-27<br><b>10-90 percentile</b><br>101.1 to 360.2 mm","3034485","MEDICINE+HAT+RCS",2000,2026
"09-28",2001-09-28,229.266666666667,2.8,374.3,101.3,174.4,294.8,360.2,NA,NA,NA,NA,NA,NA,"",NA,"","DATE: Sep-28<br><b>Normal cumulative precipitation</b><br>229.3 mm<br>Period: 1991-2020","DATE: Sep-28<br><b>25-75 percentile</b><br>174.4 to 294.8 mm","DATE: Sep-28<br><b>10-90 percentile</b><br>101.3 to 360.2 mm","3034485","MEDICINE+HAT+RCS",2000,2026
"09-29",2001-09-29,230.128571428571,2.8,374.7,101.3,174.4,294.8,360.2,NA,NA,NA,NA,NA,NA,"",NA,"","DATE: Sep-29<br><b>Normal cumulative precipitation</b><br>230.1 mm<br>Period: 1991-2020","DATE: Sep-29<br><b>25-75 percentile</b><br>174.4 to 294.8 mm","DATE: Sep-29<br><b>10-90 percentile</b><br>101.3 to 360.2 mm","3034485","MEDICINE+HAT+RCS",2000,2026
"09-30",2001-09-30,232.338095238095,2.8,385.8,102.1,175.3,296.2,370.6,NA,NA,NA,NA,NA,NA,"",NA,"","DATE: Sep-30<br><b>Normal cumulative precipitation</b><br>232.3 mm<br>Period: 1991-2020","DATE: Sep-30<br><b>25-75 percentile</b><br>175.3 to 296.2 mm","DATE: Sep-30<br><b>10-90 percentile</b><br>102.1 to 370.6 mm","3034485","MEDICINE+HAT+RCS",2000,2026
"10-01",2001-10-01,232.566666666667,2.8,385.8,102.1,175.5,300.2,371.2,NA,NA,NA,NA,NA,NA,"",NA,"","DATE: Oct-01<br><b>Normal cumulative precipitation</b><br>232.6 mm<br>Period: 1991-2020","DATE: Oct-01<br><b>25-75 percentile</b><br>175.5 to 300.2 mm","DATE: Oct-01<br><b>10-90 percentile</b><br>102.1 to 371.2 mm","3034485","MEDICINE+HAT+RCS",2000,2026
"10-02",2001-10-02,234.7,2.8,385.8,113.8,175.5,300.2,371.4,NA,NA,NA,NA,NA,NA,"",NA,"","DATE: Oct-02<br><b>Normal cumulative precipitation</b><br>234.7 mm<br>Period: 1991-2020","DATE: Oct-02<br><b>25-75 percentile</b><br>175.5 to 300.2 mm","DATE: Oct-02<br><b>10-90 percentile</b><br>113.8 to 371.4 mm","3034485","MEDICINE+HAT+RCS",2000,2026
"10-03",2001-10-03,235.933333333333,2.8,385.8,117.2,175.5,300.2,371.4,NA,NA,NA,NA,NA,NA,"",NA,"","DATE: Oct-03<br><b>Normal cumulative precipitation</b><br>235.9 mm<br>Period: 1991-2020","DATE: Oct-03<br><b>25-75 percentile</b><br>175.5 to 300.2 mm","DATE: Oct-03<br><b>10-90 percentile</b><br>117.2 to 371.4 mm","3034485","MEDICINE+HAT+RCS",2000,2026
"10-04",2001-10-04,236.752380952381,2.8,385.8,117.2,175.5,300.2,374.7,NA,NA,NA,NA,NA,NA,"",NA,"","DATE: Oct-04<br><b>Normal cumulative precipitation</b><br>236.8 mm<br>Period: 1991-2020","DATE: Oct-04<br><b>25-75 percentile</b><br>175.5 to 300.2 mm","DATE: Oct-04<br><b>10-90 percentile</b><br>117.2 to 374.7 mm","3034485","MEDICINE+HAT+RCS",2000,2026
"10-05",2001-10-05,237.642857142857,2.8,385.8,117.2,175.5,300.2,382.2,NA,NA,NA,NA,NA,NA,"",NA,"","DATE: Oct-05<br><b>Normal cumulative precipitation</b><br>237.6 mm<br>Period: 1991-2020","DATE: Oct-05<br><b>25-75 percentile</b><br>175.5 to 300.2 mm","DATE: Oct-05<br><b>10-90 percentile</b><br>117.2 to 382.2 mm","3034485","MEDICINE+HAT+RCS",2000,2026
"10-06",2001-10-06,237.980952380952,2.8,385.8,117.2,180.7,300.2,382.4,NA,NA,NA,NA,NA,NA,"",NA,"","DATE: Oct-06<br><b>Normal cumulative precipitation</b><br>238.0 mm<br>Period: 1991-2020","DATE: Oct-06<br><b>25-75 percentile</b><br>180.7 to 300.2 mm","DATE: Oct-06<br><b>10-90 percentile</b><br>117.2 to 382.4 mm","3034485","MEDICINE+HAT+RCS",2000,2026
"10-07",2001-10-07,238.357142857143,2.8,385.8,117.2,185.7,300.2,382.4,NA,NA,NA,NA,NA,NA,"",NA,"","DATE: Oct-07<br><b>Normal cumulative precipitation</b><br>238.4 mm<br>Period: 1991-2020","DATE: Oct-07<br><b>25-75 percentile</b><br>185.7 to 300.2 mm","DATE: Oct-07<br><b>10-90 percentile</b><br>117.2 to 382.4 mm","3034485","MEDICINE+HAT+RCS",2000,2026
"10-08",2001-10-08,238.566666666667,2.8,385.8,118.1,185.7,300.2,382.4,NA,NA,NA,NA,NA,NA,"",NA,"","DATE: Oct-08<br><b>Normal cumulative precipitation</b><br>238.6 mm<br>Period: 1991-2020","DATE: Oct-08<br><b>25-75 percentile</b><br>185.7 to 300.2 mm","DATE: Oct-08<br><b>10-90 percentile</b><br>118.1 to 382.4 mm","3034485","MEDICINE+HAT+RCS",2000,2026
"10-09",2001-10-09,238.628571428571,2.8,385.8,118.8,185.7,300.2,382.4,NA,NA,NA,NA,NA,NA,"",NA,"","DATE: Oct-09<br><b>Normal cumulative precipitation</b><br>238.6 mm<br>Period: 1991-2020","DATE: Oct-09<br><b>25-75 percentile</b><br>185.7 to 300.2 mm","DATE: Oct-09<br><b>10-90 percentile</b><br>118.8 to 382.4 mm","3034485","MEDICINE+HAT+RCS",2000,2026
"10-10",2001-10-10,239.338095238095,2.8,394,118.8,185.7,300.2,382.4,NA,NA,NA,NA,NA,NA,"",NA,"","DATE: Oct-10<br><b>Normal cumulative precipitation</b><br>239.3 mm<br>Period: 1991-2020","DATE: Oct-10<br><b>25-75 percentile</b><br>185.7 to 300.2 mm","DATE: Oct-10<br><b>10-90 percentile</b><br>118.8 to 382.4 mm","3034485","MEDICINE+HAT+RCS",2000,2026
"10-11",2001-10-11,239.87619047619,5,394,118.8,185.7,300.2,383.3,NA,NA,NA,NA,NA,NA,"",NA,"","DATE: Oct-11<br><b>Normal cumulative precipitation</b><br>239.9 mm<br>Period: 1991-2020","DATE: Oct-11<br><b>25-75 percentile</b><br>185.7 to 300.2 mm","DATE: Oct-11<br><b>10-90 percentile</b><br>118.8 to 383.3 mm","3034485","MEDICINE+HAT+RCS",2000,2026
"10-12",2001-10-12,239.995238095238,5,394,118.8,185.7,300.2,383.3,NA,NA,NA,NA,NA,NA,"",NA,"","DATE: Oct-12<br><b>Normal cumulative precipitation</b><br>240.0 mm<br>Period: 1991-2020","DATE: Oct-12<br><b>25-75 percentile</b><br>185.7 to 300.2 mm","DATE: Oct-12<br><b>10-90 percentile</b><br>118.8 to 383.3 mm","3034485","MEDICINE+HAT+RCS",2000,2026
"10-13",2001-10-13,240.27619047619,5,394,118.8,185.7,300.2,383.3,NA,NA,NA,NA,NA,NA,"",NA,"","DATE: Oct-13<br><b>Normal cumulative precipitation</b><br>240.3 mm<br>Period: 1991-2020","DATE: Oct-13<br><b>25-75 percentile</b><br>185.7 to 300.2 mm","DATE: Oct-13<br><b>10-90 percentile</b><br>118.8 to 383.3 mm","3034485","MEDICINE+HAT+RCS",2000,2026
"10-14",2001-10-14,241.17619047619,5,394,118.8,185.7,305.1,383.3,NA,NA,NA,NA,NA,NA,"",NA,"","DATE: Oct-14<br><b>Normal cumulative precipitation</b><br>241.2 mm<br>Period: 1991-2020","DATE: Oct-14<br><b>25-75 percentile</b><br>185.7 to 305.1 mm","DATE: Oct-14<br><b>10-90 percentile</b><br>118.8 to 383.3 mm","3034485","MEDICINE+HAT+RCS",2000,2026
"10-15",2001-10-15,241.52380952381,5,394,118.8,185.7,305.1,383.3,NA,NA,NA,NA,NA,NA,"",NA,"","DATE: Oct-15<br><b>Normal cumulative precipitation</b><br>241.5 mm<br>Period: 1991-2020","DATE: Oct-15<br><b>25-75 percentile</b><br>185.7 to 305.1 mm","DATE: Oct-15<br><b>10-90 percentile</b><br>118.8 to 383.3 mm","3034485","MEDICINE+HAT+RCS",2000,2026
"10-16",2001-10-16,241.904761904762,5,394,118.8,185.7,305.1,383.5,NA,NA,NA,NA,NA,NA,"",NA,"","DATE: Oct-16<br><b>Normal cumulative precipitation</b><br>241.9 mm<br>Period: 1991-2020","DATE: Oct-16<br><b>25-75 percentile</b><br>185.7 to 305.1 mm","DATE: Oct-16<br><b>10-90 percentile</b><br>118.8 to 383.5 mm","3034485","MEDICINE+HAT+RCS",2000,2026
"10-17",2001-10-17,242.266666666667,5.8,394,118.8,185.7,305.1,383.5,NA,NA,NA,NA,NA,NA,"",NA,"","DATE: Oct-17<br><b>Normal cumulative precipitation</b><br>242.3 mm<br>Period: 1991-2020","DATE: Oct-17<br><b>25-75 percentile</b><br>185.7 to 305.1 mm","DATE: Oct-17<br><b>10-90 percentile</b><br>118.8 to 383.5 mm","3034485","MEDICINE+HAT+RCS",2000,2026
"10-18",2001-10-18,242.82380952381,5.8,394,118.8,185.7,313.6,383.5,NA,NA,NA,NA,NA,NA,"",NA,"","DATE: Oct-18<br><b>Normal cumulative precipitation</b><br>242.8 mm<br>Period: 1991-2020","DATE: Oct-18<br><b>25-75 percentile</b><br>185.7 to 313.6 mm","DATE: Oct-18<br><b>10-90 percentile</b><br>118.8 to 383.5 mm","3034485","MEDICINE+HAT+RCS",2000,2026
"10-19",2001-10-19,242.852380952381,5.8,394,118.8,185.7,313.6,383.5,NA,NA,NA,NA,NA,NA,"",NA,"","DATE: Oct-19<br><b>Normal cumulative precipitation</b><br>242.9 mm<br>Period: 1991-2020","DATE: Oct-19<br><b>25-75 percentile</b><br>185.7 to 313.6 mm","DATE: Oct-19<br><b>10-90 percentile</b><br>118.8 to 383.5 mm","3034485","MEDICINE+HAT+RCS",2000,2026
"10-20",2001-10-20,243.433333333333,6.6,394,118.8,185.7,313.8,383.5,NA,NA,NA,NA,NA,NA,"",NA,"","DATE: Oct-20<br><b>Normal cumulative precipitation</b><br>243.4 mm<br>Period: 1991-2020","DATE: Oct-20<br><b>25-75 percentile</b><br>185.7 to 313.8 mm","DATE: Oct-20<br><b>10-90 percentile</b><br>118.8 to 383.5 mm","3034485","MEDICINE+HAT+RCS",2000,2026
"10-21",2001-10-21,243.97619047619,7.4,394,118.8,185.7,314,383.5,NA,NA,NA,NA,NA,NA,"",NA,"","DATE: Oct-21<br><b>Normal cumulative precipitation</b><br>244.0 mm<br>Period: 1991-2020","DATE: Oct-21<br><b>25-75 percentile</b><br>185.7 to 314.0 mm","DATE: Oct-21<br><b>10-90 percentile</b><br>118.8 to 383.5 mm","3034485","MEDICINE+HAT+RCS",2000,2026
"10-22",2001-10-22,244.204761904762,7.4,394,118.8,185.7,314,383.9,NA,NA,NA,NA,NA,NA,"",NA,"","DATE: Oct-22<br><b>Normal cumulative precipitation</b><br>244.2 mm<br>Period: 1991-2020","DATE: Oct-22<br><b>25-75 percentile</b><br>185.7 to 314.0 mm","DATE: Oct-22<br><b>10-90 percentile</b><br>118.8 to 383.9 mm","3034485","MEDICINE+HAT+RCS",2000,2026
"10-23",2001-10-23,245.366666666667,13.4,394,118.8,185.7,314,383.9,NA,NA,NA,NA,NA,NA,"",NA,"","DATE: Oct-23<br><b>Normal cumulative precipitation</b><br>245.4 mm<br>Period: 1991-2020","DATE: Oct-23<br><b>25-75 percentile</b><br>185.7 to 314.0 mm","DATE: Oct-23<br><b>10-90 percentile</b><br>118.8 to 383.9 mm","3034485","MEDICINE+HAT+RCS",2000,2026
"10-24",2001-10-24,245.485714285714,13.6,394,118.8,185.7,314,383.9,NA,NA,NA,NA,NA,NA,"",NA,"","DATE: Oct-24<br><b>Normal cumulative precipitation</b><br>245.5 mm<br>Period: 1991-2020","DATE: Oct-24<br><b>25-75 percentile</b><br>185.7 to 314.0 mm","DATE: Oct-24<br><b>10-90 percentile</b><br>118.8 to 383.9 mm","3034485","MEDICINE+HAT+RCS",2000,2026
"10-25",2001-10-25,245.819047619048,13.6,394,118.8,185.7,314,385.8,NA,NA,NA,NA,NA,NA,"",NA,"","DATE: Oct-25<br><b>Normal cumulative precipitation</b><br>245.8 mm<br>Period: 1991-2020","DATE: Oct-25<br><b>25-75 percentile</b><br>185.7 to 314.0 mm","DATE: Oct-25<br><b>10-90 percentile</b><br>118.8 to 385.8 mm","3034485","MEDICINE+HAT+RCS",2000,2026
"10-26",2001-10-26,246.37619047619,13.6,394,118.8,185.7,314.2,385.8,NA,NA,NA,NA,NA,NA,"",NA,"","DATE: Oct-26<br><b>Normal cumulative precipitation</b><br>246.4 mm<br>Period: 1991-2020","DATE: Oct-26<br><b>25-75 percentile</b><br>185.7 to 314.2 mm","DATE: Oct-26<br><b>10-90 percentile</b><br>118.8 to 385.8 mm","3034485","MEDICINE+HAT+RCS",2000,2026
"10-27",2001-10-27,248.152380952381,13.6,394,118.8,185.9,320,385.8,NA,NA,NA,NA,NA,NA,"",NA,"","DATE: Oct-27<br><b>Normal cumulative precipitation</b><br>248.2 mm<br>Period: 1991-2020","DATE: Oct-27<br><b>25-75 percentile</b><br>185.9 to 320.0 mm","DATE: Oct-27<br><b>10-90 percentile</b><br>118.8 to 385.8 mm","3034485","MEDICINE+HAT+RCS",2000,2026
"10-28",2001-10-28,248.561904761905,13.6,394,118.8,186.1,320.2,385.8,NA,NA,NA,NA,NA,NA,"",NA,"","DATE: Oct-28<br><b>Normal cumulative precipitation</b><br>248.6 mm<br>Period: 1991-2020","DATE: Oct-28<br><b>25-75 percentile</b><br>186.1 to 320.2 mm","DATE: Oct-28<br><b>10-90 percentile</b><br>118.8 to 385.8 mm","3034485","MEDICINE+HAT+RCS",2000,2026
"10-29",2001-10-29,249.7,13.6,394,118.8,186.1,320.2,385.8,NA,NA,NA,NA,NA,NA,"",NA,"","DATE: Oct-29<br><b>Normal cumulative precipitation</b><br>249.7 mm<br>Period: 1991-2020","DATE: Oct-29<br><b>25-75 percentile</b><br>186.1 to 320.2 mm","DATE: Oct-29<br><b>10-90 percentile</b><br>118.8 to 385.8 mm","3034485","MEDICINE+HAT+RCS",2000,2026
"10-30",2001-10-30,249.814285714286,13.6,394,118.8,186.1,320.2,385.8,NA,NA,NA,NA,NA,NA,"",NA,"","DATE: Oct-30<br><b>Normal cumulative precipitation</b><br>249.8 mm<br>Period: 1991-2020","DATE: Oct-30<br><b>25-75 percentile</b><br>186.1 to 320.2 mm","DATE: Oct-30<br><b>10-90 percentile</b><br>118.8 to 385.8 mm","3034485","MEDICINE+HAT+RCS",2000,2026
"10-31",2001-10-31,250.214285714286,17.8,394,118.8,186.1,320.2,385.8,NA,NA,NA,NA,NA,NA,"",NA,"","DATE: Oct-31<br><b>Normal cumulative precipitation</b><br>250.2 mm<br>Period: 1991-2020","DATE: Oct-31<br><b>25-75 percentile</b><br>186.1 to 320.2 mm","DATE: Oct-31<br><b>10-90 percentile</b><br>118.8 to 385.8 mm","3034485","MEDICINE+HAT+RCS",2000,2026
