"MD","PLOT_DATE","clim_mean","clim_min","clim_max","q10","q25","q75","q90","PRECIP","PRECIP_CUM","ECCC_SOURCE","ECCC_AES","ECCC_STATION_ID","ECCC_STATION_NAME","hover_bar","pct_normal","hover_value","hover_mean","hover_band25","hover_band10","AES","NAME","por_start","por_end"
"04-01",2001-04-01,0.530769230769231,0,3.9,0,0,0.55,1.75,NA,0,"NA (ECCC AES NA; station_id 8804)",NA,8804,"","",0,"DATE: Apr-01<br><b>Cumulative precipitation</b><br>Value: 0.0 mm<br>Anomaly: -0.5 mm<br>Percent of normal: <b>0%</b><br>Weather station: NA (ECCC AES NA; station_id 8804)","DATE: Apr-01<br><b>Normal cumulative precipitation</b><br>0.5 mm<br>Period: 1991-2020","DATE: Apr-01<br><b>25-75 percentile</b><br>0.0 to 0.5 mm","DATE: Apr-01<br><b>10-90 percentile</b><br>0.0 to 1.8 mm","3044533","MILK+RIVER",1994,2026
"04-02",2001-04-02,1.47692307692308,0,10.8,0,0,1.475,5.05,NA,0,"NA (ECCC AES NA; station_id 8804)",NA,8804,"","",0,"DATE: Apr-02<br><b>Cumulative precipitation</b><br>Value: 0.0 mm<br>Anomaly: -1.5 mm<br>Percent of normal: <b>0%</b><br>Weather station: NA (ECCC AES NA; station_id 8804)","DATE: Apr-02<br><b>Normal cumulative precipitation</b><br>1.5 mm<br>Period: 1991-2020","DATE: Apr-02<br><b>25-75 percentile</b><br>0.0 to 1.5 mm","DATE: Apr-02<br><b>10-90 percentile</b><br>0.0 to 5.0 mm","3044533","MILK+RIVER",1994,2026
"04-03",2001-04-03,2.22307692307692,0,10.8,0,0,4.25,7.8,0,0,"NA (ECCC AES NA; station_id 8804)",NA,8804,"","DATE: Apr-03<br><b>Daily precipitation</b><br>Value: 0.0 mm<br>Weather station: NA (ECCC AES NA; station_id 8804)",0,"DATE: Apr-03<br><b>Cumulative precipitation</b><br>Value: 0.0 mm<br>Anomaly: -2.2 mm<br>Percent of normal: <b>0%</b><br>Weather station: NA (ECCC AES NA; station_id 8804)","DATE: Apr-03<br><b>Normal cumulative precipitation</b><br>2.2 mm<br>Period: 1991-2020","DATE: Apr-03<br><b>25-75 percentile</b><br>0.0 to 4.2 mm","DATE: Apr-03<br><b>10-90 percentile</b><br>0.0 to 7.8 mm","3044533","MILK+RIVER",1994,2026
"04-04",2001-04-04,3.23846153846154,0,15.9,0,0,4.975,10.55,0,0,"NA (ECCC AES NA; station_id 8804)",NA,8804,"","DATE: Apr-04<br><b>Daily precipitation</b><br>Value: 0.0 mm<br>Weather station: NA (ECCC AES NA; station_id 8804)",0,"DATE: Apr-04<br><b>Cumulative precipitation</b><br>Value: 0.0 mm<br>Anomaly: -3.2 mm<br>Percent of normal: <b>0%</b><br>Weather station: NA (ECCC AES NA; station_id 8804)","DATE: Apr-04<br><b>Normal cumulative precipitation</b><br>3.2 mm<br>Period: 1991-2020","DATE: Apr-04<br><b>25-75 percentile</b><br>0.0 to 5.0 mm","DATE: Apr-04<br><b>10-90 percentile</b><br>0.0 to 10.6 mm","3044533","MILK+RIVER",1994,2026
"04-05",2001-04-05,4.53461538461538,0,33.3,0,0.05,7.125,10.55,0,0,"NA (ECCC AES NA; station_id 8804)",NA,8804,"","DATE: Apr-05<br><b>Daily precipitation</b><br>Value: 0.0 mm<br>Weather station: NA (ECCC AES NA; station_id 8804)",0,"DATE: Apr-05<br><b>Cumulative precipitation</b><br>Value: 0.0 mm<br>Anomaly: -4.5 mm<br>Percent of normal: <b>0%</b><br>Weather station: NA (ECCC AES NA; station_id 8804)","DATE: Apr-05<br><b>Normal cumulative precipitation</b><br>4.5 mm<br>Period: 1991-2020","DATE: Apr-05<br><b>25-75 percentile</b><br>0.0 to 7.1 mm","DATE: Apr-05<br><b>10-90 percentile</b><br>0.0 to 10.6 mm","3044533","MILK+RIVER",1994,2026
"04-06",2001-04-06,5.15769230769231,0,36.1,0,0.05,7.125,12.85,0,0,"NA (ECCC AES NA; station_id 8804)",NA,8804,"","DATE: Apr-06<br><b>Daily precipitation</b><br>Value: 0.0 mm<br>Weather station: NA (ECCC AES NA; station_id 8804)",0,"DATE: Apr-06<br><b>Cumulative precipitation</b><br>Value: 0.0 mm<br>Anomaly: -5.2 mm<br>Percent of normal: <b>0%</b><br>Weather station: NA (ECCC AES NA; station_id 8804)","DATE: Apr-06<br><b>Normal cumulative precipitation</b><br>5.2 mm<br>Period: 1991-2020","DATE: Apr-06<br><b>25-75 percentile</b><br>0.0 to 7.1 mm","DATE: Apr-06<br><b>10-90 percentile</b><br>0.0 to 12.8 mm","3044533","MILK+RIVER",1994,2026
"04-07",2001-04-07,5.57692307692308,0,37.3,0,0.2,8.325,13,NA,0,"NA (ECCC AES NA; station_id 8804)",NA,8804,"","",0,"DATE: Apr-07<br><b>Cumulative precipitation</b><br>Value: 0.0 mm<br>Anomaly: -5.6 mm<br>Percent of normal: <b>0%</b><br>Weather station: NA (ECCC AES NA; station_id 8804)","DATE: Apr-07<br><b>Normal cumulative precipitation</b><br>5.6 mm<br>Period: 1991-2020","DATE: Apr-07<br><b>25-75 percentile</b><br>0.2 to 8.3 mm","DATE: Apr-07<br><b>10-90 percentile</b><br>0.0 to 13.0 mm","3044533","MILK+RIVER",1994,2026
"04-08",2001-04-08,6.42307692307692,0,37.3,0,0.2,9.375,17.85,0,0,"NA (ECCC AES NA; station_id 8804)",NA,8804,"","DATE: Apr-08<br><b>Daily precipitation</b><br>Value: 0.0 mm<br>Weather station: NA (ECCC AES NA; station_id 8804)",0,"DATE: Apr-08<br><b>Cumulative precipitation</b><br>Value: 0.0 mm<br>Anomaly: -6.4 mm<br>Percent of normal: <b>0%</b><br>Weather station: NA (ECCC AES NA; station_id 8804)","DATE: Apr-08<br><b>Normal cumulative precipitation</b><br>6.4 mm<br>Period: 1991-2020","DATE: Apr-08<br><b>25-75 percentile</b><br>0.2 to 9.4 mm","DATE: Apr-08<br><b>10-90 percentile</b><br>0.0 to 17.8 mm","3044533","MILK+RIVER",1994,2026
"04-09",2001-04-09,6.70769230769231,0,38.1,0,0.2,10.5,18.3,0,0,"NA (ECCC AES NA; station_id 8804)",NA,8804,"","DATE: Apr-09<br><b>Daily precipitation</b><br>Value: 0.0 mm<br>Weather station: NA (ECCC AES NA; station_id 8804)",0,"DATE: Apr-09<br><b>Cumulative precipitation</b><br>Value: 0.0 mm<br>Anomaly: -6.7 mm<br>Percent of normal: <b>0%</b><br>Weather station: NA (ECCC AES NA; station_id 8804)","DATE: Apr-09<br><b>Normal cumulative precipitation</b><br>6.7 mm<br>Period: 1991-2020","DATE: Apr-09<br><b>25-75 percentile</b><br>0.2 to 10.5 mm","DATE: Apr-09<br><b>10-90 percentile</b><br>0.0 to 18.3 mm","3044533","MILK+RIVER",1994,2026
"04-10",2001-04-10,7.25769230769231,0,38.1,0,0.2,11.025,19,0,0,"NA (ECCC AES NA; station_id 8804)",NA,8804,"","DATE: Apr-10<br><b>Daily precipitation</b><br>Value: 0.0 mm<br>Weather station: NA (ECCC AES NA; station_id 8804)",0,"DATE: Apr-10<br><b>Cumulative precipitation</b><br>Value: 0.0 mm<br>Anomaly: -7.3 mm<br>Percent of normal: <b>0%</b><br>Weather station: NA (ECCC AES NA; station_id 8804)","DATE: Apr-10<br><b>Normal cumulative precipitation</b><br>7.3 mm<br>Period: 1991-2020","DATE: Apr-10<br><b>25-75 percentile</b><br>0.2 to 11.0 mm","DATE: Apr-10<br><b>10-90 percentile</b><br>0.0 to 19.0 mm","3044533","MILK+RIVER",1994,2026
"04-11",2001-04-11,7.83076923076923,0,38.1,0,0.525,11.4,20.6,0,0,"NA (ECCC AES NA; station_id 8804)",NA,8804,"","DATE: Apr-11<br><b>Daily precipitation</b><br>Value: 0.0 mm<br>Weather station: NA (ECCC AES NA; station_id 8804)",0,"DATE: Apr-11<br><b>Cumulative precipitation</b><br>Value: 0.0 mm<br>Anomaly: -7.8 mm<br>Percent of normal: <b>0%</b><br>Weather station: NA (ECCC AES NA; station_id 8804)","DATE: Apr-11<br><b>Normal cumulative precipitation</b><br>7.8 mm<br>Period: 1991-2020","DATE: Apr-11<br><b>25-75 percentile</b><br>0.5 to 11.4 mm","DATE: Apr-11<br><b>10-90 percentile</b><br>0.0 to 20.6 mm","3044533","MILK+RIVER",1994,2026
"04-12",2001-04-12,9.18076923076923,0,38.1,0.1,1.375,15.025,21.2,NA,0,"NA (ECCC AES NA; station_id 8804)",NA,8804,"","",0,"DATE: Apr-12<br><b>Cumulative precipitation</b><br>Value: 0.0 mm<br>Anomaly: -9.2 mm<br>Percent of normal: <b>0%</b><br>Weather station: NA (ECCC AES NA; station_id 8804)","DATE: Apr-12<br><b>Normal cumulative precipitation</b><br>9.2 mm<br>Period: 1991-2020","DATE: Apr-12<br><b>25-75 percentile</b><br>1.4 to 15.0 mm","DATE: Apr-12<br><b>10-90 percentile</b><br>0.1 to 21.2 mm","3044533","MILK+RIVER",1994,2026
"04-13",2001-04-13,10.7615384615385,0,38.1,0.1,1.725,18,23.3,0,0,"NA (ECCC AES NA; station_id 8804)",NA,8804,"","DATE: Apr-13<br><b>Daily precipitation</b><br>Value: 0.0 mm<br>Weather station: NA (ECCC AES NA; station_id 8804)",0,"DATE: Apr-13<br><b>Cumulative precipitation</b><br>Value: 0.0 mm<br>Anomaly: -10.8 mm<br>Percent of normal: <b>0%</b><br>Weather station: NA (ECCC AES NA; station_id 8804)","DATE: Apr-13<br><b>Normal cumulative precipitation</b><br>10.8 mm<br>Period: 1991-2020","DATE: Apr-13<br><b>25-75 percentile</b><br>1.7 to 18.0 mm","DATE: Apr-13<br><b>10-90 percentile</b><br>0.1 to 23.3 mm","3044533","MILK+RIVER",1994,2026
"04-14",2001-04-14,13.2615384615385,0,38.1,0.2,1.95,20.55,26.9,0,0,"NA (ECCC AES NA; station_id 8804)",NA,8804,"","DATE: Apr-14<br><b>Daily precipitation</b><br>Value: 0.0 mm<br>Weather station: NA (ECCC AES NA; station_id 8804)",0,"DATE: Apr-14<br><b>Cumulative precipitation</b><br>Value: 0.0 mm<br>Anomaly: -13.3 mm<br>Percent of normal: <b>0%</b><br>Weather station: NA (ECCC AES NA; station_id 8804)","DATE: Apr-14<br><b>Normal cumulative precipitation</b><br>13.3 mm<br>Period: 1991-2020","DATE: Apr-14<br><b>25-75 percentile</b><br>2.0 to 20.6 mm","DATE: Apr-14<br><b>10-90 percentile</b><br>0.2 to 26.9 mm","3044533","MILK+RIVER",1994,2026
"04-15",2001-04-15,13.8269230769231,0,38.1,0.2,2.525,20.6,29.6,0,0,"NA (ECCC AES NA; station_id 8804)",NA,8804,"","DATE: Apr-15<br><b>Daily precipitation</b><br>Value: 0.0 mm<br>Weather station: NA (ECCC AES NA; station_id 8804)",0,"DATE: Apr-15<br><b>Cumulative precipitation</b><br>Value: 0.0 mm<br>Anomaly: -13.8 mm<br>Percent of normal: <b>0%</b><br>Weather station: NA (ECCC AES NA; station_id 8804)","DATE: Apr-15<br><b>Normal cumulative precipitation</b><br>13.8 mm<br>Period: 1991-2020","DATE: Apr-15<br><b>25-75 percentile</b><br>2.5 to 20.6 mm","DATE: Apr-15<br><b>10-90 percentile</b><br>0.2 to 29.6 mm","3044533","MILK+RIVER",1994,2026
"04-16",2001-04-16,14.3192307692308,0,38.1,0.2,2.625,22.3,30.3,0.2,0.2,"NA (ECCC AES NA; station_id 8804)",NA,8804,"","DATE: Apr-16<br><b>Daily precipitation</b><br>Value: 0.2 mm<br>Weather station: NA (ECCC AES NA; station_id 8804)",1.39672307279076,"DATE: Apr-16<br><b>Cumulative precipitation</b><br>Value: 0.2 mm<br>Anomaly: -14.1 mm<br>Percent of normal: <b>1%</b><br>Weather station: NA (ECCC AES NA; station_id 8804)","DATE: Apr-16<br><b>Normal cumulative precipitation</b><br>14.3 mm<br>Period: 1991-2020","DATE: Apr-16<br><b>25-75 percentile</b><br>2.6 to 22.3 mm","DATE: Apr-16<br><b>10-90 percentile</b><br>0.2 to 30.3 mm","3044533","MILK+RIVER",1994,2026
"04-17",2001-04-17,14.6192307692308,0,39.1,0.2,2.725,23.575,30.3,0,0.2,"NA (ECCC AES NA; station_id 8804)",NA,8804,"","DATE: Apr-17<br><b>Daily precipitation</b><br>Value: 0.0 mm<br>Weather station: NA (ECCC AES NA; station_id 8804)",1.36806103656932,"DATE: Apr-17<br><b>Cumulative precipitation</b><br>Value: 0.2 mm<br>Anomaly: -14.4 mm<br>Percent of normal: <b>1%</b><br>Weather station: NA (ECCC AES NA; station_id 8804)","DATE: Apr-17<br><b>Normal cumulative precipitation</b><br>14.6 mm<br>Period: 1991-2020","DATE: Apr-17<br><b>25-75 percentile</b><br>2.7 to 23.6 mm","DATE: Apr-17<br><b>10-90 percentile</b><br>0.2 to 30.3 mm","3044533","MILK+RIVER",1994,2026
"04-18",2001-04-18,15.8538461538462,0,41.4,0.2,4.225,25,34.15,0,0.2,"NA (ECCC AES NA; station_id 8804)",NA,8804,"","DATE: Apr-18<br><b>Daily precipitation</b><br>Value: 0.0 mm<br>Weather station: NA (ECCC AES NA; station_id 8804)",1.26152353226589,"DATE: Apr-18<br><b>Cumulative precipitation</b><br>Value: 0.2 mm<br>Anomaly: -15.7 mm<br>Percent of normal: <b>1%</b><br>Weather station: NA (ECCC AES NA; station_id 8804)","DATE: Apr-18<br><b>Normal cumulative precipitation</b><br>15.9 mm<br>Period: 1991-2020","DATE: Apr-18<br><b>25-75 percentile</b><br>4.2 to 25.0 mm","DATE: Apr-18<br><b>10-90 percentile</b><br>0.2 to 34.1 mm","3044533","MILK+RIVER",1994,2026
"04-19",2001-04-19,16.1961538461538,0,46.1,0.2,5.425,25,34.15,0,0.2,"NA (ECCC AES NA; station_id 8804)",NA,8804,"","DATE: Apr-19<br><b>Daily precipitation</b><br>Value: 0.0 mm<br>Weather station: NA (ECCC AES NA; station_id 8804)",1.23486107812871,"DATE: Apr-19<br><b>Cumulative precipitation</b><br>Value: 0.2 mm<br>Anomaly: -16.0 mm<br>Percent of normal: <b>1%</b><br>Weather station: NA (ECCC AES NA; station_id 8804)","DATE: Apr-19<br><b>Normal cumulative precipitation</b><br>16.2 mm<br>Period: 1991-2020","DATE: Apr-19<br><b>25-75 percentile</b><br>5.4 to 25.0 mm","DATE: Apr-19<br><b>10-90 percentile</b><br>0.2 to 34.1 mm","3044533","MILK+RIVER",1994,2026
"04-20",2001-04-20,16.4538461538462,0,46.7,0.2,5.65,25,34.25,0,0.2,"NA (ECCC AES NA; station_id 8804)",NA,8804,"","DATE: Apr-20<br><b>Daily precipitation</b><br>Value: 0.0 mm<br>Weather station: NA (ECCC AES NA; station_id 8804)",1.21552127162225,"DATE: Apr-20<br><b>Cumulative precipitation</b><br>Value: 0.2 mm<br>Anomaly: -16.3 mm<br>Percent of normal: <b>1%</b><br>Weather station: NA (ECCC AES NA; station_id 8804)","DATE: Apr-20<br><b>Normal cumulative precipitation</b><br>16.5 mm<br>Period: 1991-2020","DATE: Apr-20<br><b>25-75 percentile</b><br>5.6 to 25.0 mm","DATE: Apr-20<br><b>10-90 percentile</b><br>0.2 to 34.2 mm","3044533","MILK+RIVER",1994,2026
"04-21",2001-04-21,17.8115384615385,0,46.7,0.2,5.65,28.025,36.05,NA,0.2,"NA (ECCC AES NA; station_id 8804)",NA,8804,"","",1.12286763118117,"DATE: Apr-21<br><b>Cumulative precipitation</b><br>Value: 0.2 mm<br>Anomaly: -17.6 mm<br>Percent of normal: <b>1%</b><br>Weather station: NA (ECCC AES NA; station_id 8804)","DATE: Apr-21<br><b>Normal cumulative precipitation</b><br>17.8 mm<br>Period: 1991-2020","DATE: Apr-21<br><b>25-75 percentile</b><br>5.6 to 28.0 mm","DATE: Apr-21<br><b>10-90 percentile</b><br>0.2 to 36.0 mm","3044533","MILK+RIVER",1994,2026
"04-22",2001-04-22,18.3538461538462,0,46.7,0.2,6,29.075,36.15,0,0.2,"NA (ECCC AES NA; station_id 8804)",NA,8804,"","DATE: Apr-22<br><b>Daily precipitation</b><br>Value: 0.0 mm<br>Weather station: NA (ECCC AES NA; station_id 8804)",1.0896898575021,"DATE: Apr-22<br><b>Cumulative precipitation</b><br>Value: 0.2 mm<br>Anomaly: -18.2 mm<br>Percent of normal: <b>1%</b><br>Weather station: NA (ECCC AES NA; station_id 8804)","DATE: Apr-22<br><b>Normal cumulative precipitation</b><br>18.4 mm<br>Period: 1991-2020","DATE: Apr-22<br><b>25-75 percentile</b><br>6.0 to 29.1 mm","DATE: Apr-22<br><b>10-90 percentile</b><br>0.2 to 36.1 mm","3044533","MILK+RIVER",1994,2026
"04-23",2001-04-23,19.8269230769231,0,46.7,2.05,10.35,29.225,41.85,0,0.2,"NA (ECCC AES NA; station_id 8804)",NA,8804,"","DATE: Apr-23<br><b>Daily precipitation</b><br>Value: 0.0 mm<br>Weather station: NA (ECCC AES NA; station_id 8804)",1.00872938894277,"DATE: Apr-23<br><b>Cumulative precipitation</b><br>Value: 0.2 mm<br>Anomaly: -19.6 mm<br>Percent of normal: <b>1%</b><br>Weather station: NA (ECCC AES NA; station_id 8804)","DATE: Apr-23<br><b>Normal cumulative precipitation</b><br>19.8 mm<br>Period: 1991-2020","DATE: Apr-23<br><b>25-75 percentile</b><br>10.3 to 29.2 mm","DATE: Apr-23<br><b>10-90 percentile</b><br>2.0 to 41.8 mm","3044533","MILK+RIVER",1994,2026
"04-24",2001-04-24,20.5807692307692,0,55.6,2.05,10.7,30.175,44.15,4.8,5,"NA (ECCC AES NA; station_id 8804)",NA,8804,"","DATE: Apr-24<br><b>Daily precipitation</b><br>Value: 4.8 mm<br>Weather station: NA (ECCC AES NA; station_id 8804)",24.2945243879649,"DATE: Apr-24<br><b>Cumulative precipitation</b><br>Value: 5.0 mm<br>Anomaly: -15.6 mm<br>Percent of normal: <b>24%</b><br>Weather station: NA (ECCC AES NA; station_id 8804)","DATE: Apr-24<br><b>Normal cumulative precipitation</b><br>20.6 mm<br>Period: 1991-2020","DATE: Apr-24<br><b>25-75 percentile</b><br>10.7 to 30.2 mm","DATE: Apr-24<br><b>10-90 percentile</b><br>2.0 to 44.1 mm","3044533","MILK+RIVER",1994,2026
"04-25",2001-04-25,21.3038461538462,0,60.2,2.25,10.7,32.55,45.3,1.9,6.9,"NA (ECCC AES NA; station_id 8804)",NA,8804,"","DATE: Apr-25<br><b>Daily precipitation</b><br>Value: 1.9 mm<br>Weather station: NA (ECCC AES NA; station_id 8804)",32.3885177829933,"DATE: Apr-25<br><b>Cumulative precipitation</b><br>Value: 6.9 mm<br>Anomaly: -14.4 mm<br>Percent of normal: <b>32%</b><br>Weather station: NA (ECCC AES NA; station_id 8804)","DATE: Apr-25<br><b>Normal cumulative precipitation</b><br>21.3 mm<br>Period: 1991-2020","DATE: Apr-25<br><b>25-75 percentile</b><br>10.7 to 32.6 mm","DATE: Apr-25<br><b>10-90 percentile</b><br>2.2 to 45.3 mm","3044533","MILK+RIVER",1994,2026
"04-26",2001-04-26,22.7038461538462,0,60.2,2.25,12.05,32.925,46.35,0.7,7.6,"NA (ECCC AES NA; station_id 8804)",NA,8804,"","DATE: Apr-26<br><b>Daily precipitation</b><br>Value: 0.7 mm<br>Weather station: NA (ECCC AES NA; station_id 8804)",33.4745044892428,"DATE: Apr-26<br><b>Cumulative precipitation</b><br>Value: 7.6 mm<br>Anomaly: -15.1 mm<br>Percent of normal: <b>33%</b><br>Weather station: NA (ECCC AES NA; station_id 8804)","DATE: Apr-26<br><b>Normal cumulative precipitation</b><br>22.7 mm<br>Period: 1991-2020","DATE: Apr-26<br><b>25-75 percentile</b><br>12.0 to 32.9 mm","DATE: Apr-26<br><b>10-90 percentile</b><br>2.2 to 46.4 mm","3044533","MILK+RIVER",1994,2026
"04-27",2001-04-27,24.0153846153846,0,60.9,3,12.8,37.075,46.35,0,7.6,"NA (ECCC AES NA; station_id 8804)",NA,8804,"","DATE: Apr-27<br><b>Daily precipitation</b><br>Value: 0.0 mm<br>Weather station: NA (ECCC AES NA; station_id 8804)",31.6463805253043,"DATE: Apr-27<br><b>Cumulative precipitation</b><br>Value: 7.6 mm<br>Anomaly: -16.4 mm<br>Percent of normal: <b>32%</b><br>Weather station: NA (ECCC AES NA; station_id 8804)","DATE: Apr-27<br><b>Normal cumulative precipitation</b><br>24.0 mm<br>Period: 1991-2020","DATE: Apr-27<br><b>25-75 percentile</b><br>12.8 to 37.1 mm","DATE: Apr-27<br><b>10-90 percentile</b><br>3.0 to 46.4 mm","3044533","MILK+RIVER",1994,2026
"04-28",2001-04-28,25.3653846153846,0,63.2,5.55,13.225,42.575,46.7,NA,7.6,"NA (ECCC AES NA; station_id 8804)",NA,8804,"","",29.9620924943139,"DATE: Apr-28<br><b>Cumulative precipitation</b><br>Value: 7.6 mm<br>Anomaly: -17.8 mm<br>Percent of normal: <b>30%</b><br>Weather station: NA (ECCC AES NA; station_id 8804)","DATE: Apr-28<br><b>Normal cumulative precipitation</b><br>25.4 mm<br>Period: 1991-2020","DATE: Apr-28<br><b>25-75 percentile</b><br>13.2 to 42.6 mm","DATE: Apr-28<br><b>10-90 percentile</b><br>5.5 to 46.7 mm","3044533","MILK+RIVER",1994,2026
"04-29",2001-04-29,26.8923076923077,0,63.2,5.85,13.575,42.575,57.6,0,7.6,"NA (ECCC AES NA; station_id 8804)",NA,8804,"","DATE: Apr-29<br><b>Daily precipitation</b><br>Value: 0.0 mm<br>Weather station: NA (ECCC AES NA; station_id 8804)",28.2608695652174,"DATE: Apr-29<br><b>Cumulative precipitation</b><br>Value: 7.6 mm<br>Anomaly: -19.3 mm<br>Percent of normal: <b>28%</b><br>Weather station: NA (ECCC AES NA; station_id 8804)","DATE: Apr-29<br><b>Normal cumulative precipitation</b><br>26.9 mm<br>Period: 1991-2020","DATE: Apr-29<br><b>25-75 percentile</b><br>13.6 to 42.6 mm","DATE: Apr-29<br><b>10-90 percentile</b><br>5.8 to 57.6 mm","3044533","MILK+RIVER",1994,2026
"04-30",2001-04-30,27.6615384615385,0,64.3,6.25,14.45,43.45,57.6,0,7.6,"NA (ECCC AES NA; station_id 8804)",NA,8804,"","DATE: Apr-30<br><b>Daily precipitation</b><br>Value: 0.0 mm<br>Weather station: NA (ECCC AES NA; station_id 8804)",27.4749721913237,"DATE: Apr-30<br><b>Cumulative precipitation</b><br>Value: 7.6 mm<br>Anomaly: -20.1 mm<br>Percent of normal: <b>27%</b><br>Weather station: NA (ECCC AES NA; station_id 8804)","DATE: Apr-30<br><b>Normal cumulative precipitation</b><br>27.7 mm<br>Period: 1991-2020","DATE: Apr-30<br><b>25-75 percentile</b><br>14.4 to 43.4 mm","DATE: Apr-30<br><b>10-90 percentile</b><br>6.2 to 57.6 mm","3044533","MILK+RIVER",1994,2026
"05-01",2001-05-01,28.1384615384615,0,64.9,6.25,14.725,43.875,57.6,0,7.6,"NA (ECCC AES NA; station_id 8804)",NA,8804,"","DATE: May-01<br><b>Daily precipitation</b><br>Value: 0.0 mm<br>Weather station: NA (ECCC AES NA; station_id 8804)",27.0092946965555,"DATE: May-01<br><b>Cumulative precipitation</b><br>Value: 7.6 mm<br>Anomaly: -20.5 mm<br>Percent of normal: <b>27%</b><br>Weather station: NA (ECCC AES NA; station_id 8804)","DATE: May-01<br><b>Normal cumulative precipitation</b><br>28.1 mm<br>Period: 1991-2020","DATE: May-01<br><b>25-75 percentile</b><br>14.7 to 43.9 mm","DATE: May-01<br><b>10-90 percentile</b><br>6.2 to 57.6 mm","3044533","MILK+RIVER",1994,2026
"05-02",2001-05-02,28.5307692307692,0,64.9,6.5,14.725,45.075,58.05,NA,7.6,"NA (ECCC AES NA; station_id 8804)",NA,8804,"","",26.6379077918576,"DATE: May-02<br><b>Cumulative precipitation</b><br>Value: 7.6 mm<br>Anomaly: -20.9 mm<br>Percent of normal: <b>27%</b><br>Weather station: NA (ECCC AES NA; station_id 8804)","DATE: May-02<br><b>Normal cumulative precipitation</b><br>28.5 mm<br>Period: 1991-2020","DATE: May-02<br><b>25-75 percentile</b><br>14.7 to 45.1 mm","DATE: May-02<br><b>10-90 percentile</b><br>6.5 to 58.0 mm","3044533","MILK+RIVER",1994,2026
"05-03",2001-05-03,29.8307692307692,0,65.5,6.5,14.8,45.075,61.25,0,7.6,"NA (ECCC AES NA; station_id 8804)",NA,8804,"","DATE: May-03<br><b>Daily precipitation</b><br>Value: 0.0 mm<br>Weather station: NA (ECCC AES NA; station_id 8804)",25.4770500257865,"DATE: May-03<br><b>Cumulative precipitation</b><br>Value: 7.6 mm<br>Anomaly: -22.2 mm<br>Percent of normal: <b>25%</b><br>Weather station: NA (ECCC AES NA; station_id 8804)","DATE: May-03<br><b>Normal cumulative precipitation</b><br>29.8 mm<br>Period: 1991-2020","DATE: May-03<br><b>25-75 percentile</b><br>14.8 to 45.1 mm","DATE: May-03<br><b>10-90 percentile</b><br>6.5 to 61.2 mm","3044533","MILK+RIVER",1994,2026
"05-04",2001-05-04,30.9192307692308,0,78.3,7.65,14.8,45.075,64.35,0,7.6,"NA (ECCC AES NA; station_id 8804)",NA,8804,"","DATE: May-04<br><b>Daily precipitation</b><br>Value: 0.0 mm<br>Weather station: NA (ECCC AES NA; station_id 8804)",24.5801716631422,"DATE: May-04<br><b>Cumulative precipitation</b><br>Value: 7.6 mm<br>Anomaly: -23.3 mm<br>Percent of normal: <b>25%</b><br>Weather station: NA (ECCC AES NA; station_id 8804)","DATE: May-04<br><b>Normal cumulative precipitation</b><br>30.9 mm<br>Period: 1991-2020","DATE: May-04<br><b>25-75 percentile</b><br>14.8 to 45.1 mm","DATE: May-04<br><b>10-90 percentile</b><br>7.6 to 64.3 mm","3044533","MILK+RIVER",1994,2026
"05-05",2001-05-05,32.1192307692308,0,81.7,8.2,14.8,45.075,64.8,0,7.6,"NA (ECCC AES NA; station_id 8804)",NA,8804,"","DATE: May-05<br><b>Daily precipitation</b><br>Value: 0.0 mm<br>Weather station: NA (ECCC AES NA; station_id 8804)",23.6618369057598,"DATE: May-05<br><b>Cumulative precipitation</b><br>Value: 7.6 mm<br>Anomaly: -24.5 mm<br>Percent of normal: <b>24%</b><br>Weather station: NA (ECCC AES NA; station_id 8804)","DATE: May-05<br><b>Normal cumulative precipitation</b><br>32.1 mm<br>Period: 1991-2020","DATE: May-05<br><b>25-75 percentile</b><br>14.8 to 45.1 mm","DATE: May-05<br><b>10-90 percentile</b><br>8.2 to 64.8 mm","3044533","MILK+RIVER",1994,2026
"05-06",2001-05-06,33.2576923076923,0,84.8,8.95,14.8,45.075,64.8,0,7.6,"NA (ECCC AES NA; station_id 8804)",NA,8804,"","DATE: May-06<br><b>Daily precipitation</b><br>Value: 0.0 mm<br>Weather station: NA (ECCC AES NA; station_id 8804)",22.8518561350757,"DATE: May-06<br><b>Cumulative precipitation</b><br>Value: 7.6 mm<br>Anomaly: -25.7 mm<br>Percent of normal: <b>23%</b><br>Weather station: NA (ECCC AES NA; station_id 8804)","DATE: May-06<br><b>Normal cumulative precipitation</b><br>33.3 mm<br>Period: 1991-2020","DATE: May-06<br><b>25-75 percentile</b><br>14.8 to 45.1 mm","DATE: May-06<br><b>10-90 percentile</b><br>8.9 to 64.8 mm","3044533","MILK+RIVER",1994,2026
"05-07",2001-05-07,35.3,0,85,9.55,17,52.775,65.25,0,7.6,"NA (ECCC AES NA; station_id 8804)",NA,8804,"","DATE: May-07<br><b>Daily precipitation</b><br>Value: 0.0 mm<br>Weather station: NA (ECCC AES NA; station_id 8804)",21.5297450424929,"DATE: May-07<br><b>Cumulative precipitation</b><br>Value: 7.6 mm<br>Anomaly: -27.7 mm<br>Percent of normal: <b>22%</b><br>Weather station: NA (ECCC AES NA; station_id 8804)","DATE: May-07<br><b>Normal cumulative precipitation</b><br>35.3 mm<br>Period: 1991-2020","DATE: May-07<br><b>25-75 percentile</b><br>17.0 to 52.8 mm","DATE: May-07<br><b>10-90 percentile</b><br>9.6 to 65.2 mm","3044533","MILK+RIVER",1994,2026
"05-08",2001-05-08,35.6153846153846,0,89,9.55,17,52.825,66.75,NA,7.6,"NA (ECCC AES NA; station_id 8804)",NA,8804,"","",21.3390928725702,"DATE: May-08<br><b>Cumulative precipitation</b><br>Value: 7.6 mm<br>Anomaly: -28.0 mm<br>Percent of normal: <b>21%</b><br>Weather station: NA (ECCC AES NA; station_id 8804)","DATE: May-08<br><b>Normal cumulative precipitation</b><br>35.6 mm<br>Period: 1991-2020","DATE: May-08<br><b>25-75 percentile</b><br>17.0 to 52.8 mm","DATE: May-08<br><b>10-90 percentile</b><br>9.6 to 66.8 mm","3044533","MILK+RIVER",1994,2026
"05-09",2001-05-09,36.7346153846154,0,89,9.65,17,52.825,69.45,0,7.6,"NA (ECCC AES NA; station_id 8804)",NA,8804,"","DATE: May-09<br><b>Daily precipitation</b><br>Value: 0.0 mm<br>Weather station: NA (ECCC AES NA; station_id 8804)",20.6889330960109,"DATE: May-09<br><b>Cumulative precipitation</b><br>Value: 7.6 mm<br>Anomaly: -29.1 mm<br>Percent of normal: <b>21%</b><br>Weather station: NA (ECCC AES NA; station_id 8804)","DATE: May-09<br><b>Normal cumulative precipitation</b><br>36.7 mm<br>Period: 1991-2020","DATE: May-09<br><b>25-75 percentile</b><br>17.0 to 52.8 mm","DATE: May-09<br><b>10-90 percentile</b><br>9.6 to 69.4 mm","3044533","MILK+RIVER",1994,2026
"05-10",2001-05-10,37.6346153846154,0,89.2,9.65,17.9,52.975,69.45,0,7.6,"NA (ECCC AES NA; station_id 8804)",NA,8804,"","DATE: May-10<br><b>Daily precipitation</b><br>Value: 0.0 mm<br>Weather station: NA (ECCC AES NA; station_id 8804)",20.1941747572816,"DATE: May-10<br><b>Cumulative precipitation</b><br>Value: 7.6 mm<br>Anomaly: -30.0 mm<br>Percent of normal: <b>20%</b><br>Weather station: NA (ECCC AES NA; station_id 8804)","DATE: May-10<br><b>Normal cumulative precipitation</b><br>37.6 mm<br>Period: 1991-2020","DATE: May-10<br><b>25-75 percentile</b><br>17.9 to 53.0 mm","DATE: May-10<br><b>10-90 percentile</b><br>9.6 to 69.4 mm","3044533","MILK+RIVER",1994,2026
"05-11",2001-05-11,38.4461538461538,1.4,89.2,10.05,19.525,53.125,69.45,0,7.6,"NA (ECCC AES NA; station_id 8804)",NA,8804,"","DATE: May-11<br><b>Daily precipitation</b><br>Value: 0.0 mm<br>Weather station: NA (ECCC AES NA; station_id 8804)",19.7679071628651,"DATE: May-11<br><b>Cumulative precipitation</b><br>Value: 7.6 mm<br>Anomaly: -30.8 mm<br>Percent of normal: <b>20%</b><br>Weather station: NA (ECCC AES NA; station_id 8804)","DATE: May-11<br><b>Normal cumulative precipitation</b><br>38.4 mm<br>Period: 1991-2020","DATE: May-11<br><b>25-75 percentile</b><br>19.5 to 53.1 mm","DATE: May-11<br><b>10-90 percentile</b><br>10.0 to 69.4 mm","3044533","MILK+RIVER",1994,2026
"05-12",2001-05-12,39.8038461538462,2,89.2,10.25,19.525,53.125,75.1,0,7.6,"NA (ECCC AES NA; station_id 8804)",NA,8804,"","DATE: May-12<br><b>Daily precipitation</b><br>Value: 0.0 mm<br>Weather station: NA (ECCC AES NA; station_id 8804)",19.0936322349986,"DATE: May-12<br><b>Cumulative precipitation</b><br>Value: 7.6 mm<br>Anomaly: -32.2 mm<br>Percent of normal: <b>19%</b><br>Weather station: NA (ECCC AES NA; station_id 8804)","DATE: May-12<br><b>Normal cumulative precipitation</b><br>39.8 mm<br>Period: 1991-2020","DATE: May-12<br><b>25-75 percentile</b><br>19.5 to 53.1 mm","DATE: May-12<br><b>10-90 percentile</b><br>10.2 to 75.1 mm","3044533","MILK+RIVER",1994,2026
"05-13",2001-05-13,40.1769230769231,2,89.2,10.25,20.05,53.125,75.1,0,7.6,"NA (ECCC AES NA; station_id 8804)",NA,8804,"","DATE: May-13<br><b>Daily precipitation</b><br>Value: 0.0 mm<br>Weather station: NA (ECCC AES NA; station_id 8804)",18.9163316101857,"DATE: May-13<br><b>Cumulative precipitation</b><br>Value: 7.6 mm<br>Anomaly: -32.6 mm<br>Percent of normal: <b>19%</b><br>Weather station: NA (ECCC AES NA; station_id 8804)","DATE: May-13<br><b>Normal cumulative precipitation</b><br>40.2 mm<br>Period: 1991-2020","DATE: May-13<br><b>25-75 percentile</b><br>20.0 to 53.1 mm","DATE: May-13<br><b>10-90 percentile</b><br>10.2 to 75.1 mm","3044533","MILK+RIVER",1994,2026
"05-14",2001-05-14,40.5538461538462,3.8,89.6,10.6,20.05,53.125,76.05,0.8,8.4,"NA (ECCC AES NA; station_id 8804)",NA,8804,"","DATE: May-14<br><b>Daily precipitation</b><br>Value: 0.8 mm<br>Weather station: NA (ECCC AES NA; station_id 8804)",20.7132018209408,"DATE: May-14<br><b>Cumulative precipitation</b><br>Value: 8.4 mm<br>Anomaly: -32.2 mm<br>Percent of normal: <b>21%</b><br>Weather station: NA (ECCC AES NA; station_id 8804)","DATE: May-14<br><b>Normal cumulative precipitation</b><br>40.6 mm<br>Period: 1991-2020","DATE: May-14<br><b>25-75 percentile</b><br>20.0 to 53.1 mm","DATE: May-14<br><b>10-90 percentile</b><br>10.6 to 76.0 mm","3044533","MILK+RIVER",1994,2026
"05-15",2001-05-15,41.4076923076923,6.6,89.8,14.8,20.2,53.3,77.85,NA,8.4,"NA (ECCC AES NA; station_id 8804)",NA,8804,"","",20.2860858257477,"DATE: May-15<br><b>Cumulative precipitation</b><br>Value: 8.4 mm<br>Anomaly: -33.0 mm<br>Percent of normal: <b>20%</b><br>Weather station: NA (ECCC AES NA; station_id 8804)","DATE: May-15<br><b>Normal cumulative precipitation</b><br>41.4 mm<br>Period: 1991-2020","DATE: May-15<br><b>25-75 percentile</b><br>20.2 to 53.3 mm","DATE: May-15<br><b>10-90 percentile</b><br>14.8 to 77.8 mm","3044533","MILK+RIVER",1994,2026
"05-16",2001-05-16,42.2269230769231,6.6,89.8,16.75,23.475,53.3,78.1,0,8.4,"NA (ECCC AES NA; station_id 8804)",NA,8804,"","DATE: May-16<br><b>Daily precipitation</b><br>Value: 0.0 mm<br>Weather station: NA (ECCC AES NA; station_id 8804)",19.8925220876218,"DATE: May-16<br><b>Cumulative precipitation</b><br>Value: 8.4 mm<br>Anomaly: -33.8 mm<br>Percent of normal: <b>20%</b><br>Weather station: NA (ECCC AES NA; station_id 8804)","DATE: May-16<br><b>Normal cumulative precipitation</b><br>42.2 mm<br>Period: 1991-2020","DATE: May-16<br><b>25-75 percentile</b><br>23.5 to 53.3 mm","DATE: May-16<br><b>10-90 percentile</b><br>16.8 to 78.1 mm","3044533","MILK+RIVER",1994,2026
"05-17",2001-05-17,44.4538461538462,6.6,89.8,16.95,27.35,57.425,82.25,5,13.4,"NA (ECCC AES NA; station_id 8804)",NA,8804,"","DATE: May-17<br><b>Daily precipitation</b><br>Value: 5.0 mm<br>Weather station: NA (ECCC AES NA; station_id 8804)",30.1436234642672,"DATE: May-17<br><b>Cumulative precipitation</b><br>Value: 13.4 mm<br>Anomaly: -31.1 mm<br>Percent of normal: <b>30%</b><br>Weather station: NA (ECCC AES NA; station_id 8804)","DATE: May-17<br><b>Normal cumulative precipitation</b><br>44.5 mm<br>Period: 1991-2020","DATE: May-17<br><b>25-75 percentile</b><br>27.3 to 57.4 mm","DATE: May-17<br><b>10-90 percentile</b><br>17.0 to 82.2 mm","3044533","MILK+RIVER",1994,2026
"05-18",2001-05-18,46.45,6.8,89.8,19.35,27.35,67.525,82.9,0,13.4,"NA (ECCC AES NA; station_id 8804)",NA,8804,"","DATE: May-18<br><b>Daily precipitation</b><br>Value: 0.0 mm<br>Weather station: NA (ECCC AES NA; station_id 8804)",28.8482238966631,"DATE: May-18<br><b>Cumulative precipitation</b><br>Value: 13.4 mm<br>Anomaly: -33.0 mm<br>Percent of normal: <b>29%</b><br>Weather station: NA (ECCC AES NA; station_id 8804)","DATE: May-18<br><b>Normal cumulative precipitation</b><br>46.4 mm<br>Period: 1991-2020","DATE: May-18<br><b>25-75 percentile</b><br>27.3 to 67.5 mm","DATE: May-18<br><b>10-90 percentile</b><br>19.4 to 82.9 mm","3044533","MILK+RIVER",1994,2026
"05-19",2001-05-19,46.8961538461538,6.8,89.8,19.35,27.875,67.575,84.85,0,13.4,"NA (ECCC AES NA; station_id 8804)",NA,8804,"","DATE: May-19<br><b>Daily precipitation</b><br>Value: 0.0 mm<br>Weather station: NA (ECCC AES NA; station_id 8804)",28.5737718362995,"DATE: May-19<br><b>Cumulative precipitation</b><br>Value: 13.4 mm<br>Anomaly: -33.5 mm<br>Percent of normal: <b>29%</b><br>Weather station: NA (ECCC AES NA; station_id 8804)","DATE: May-19<br><b>Normal cumulative precipitation</b><br>46.9 mm<br>Period: 1991-2020","DATE: May-19<br><b>25-75 percentile</b><br>27.9 to 67.6 mm","DATE: May-19<br><b>10-90 percentile</b><br>19.4 to 84.8 mm","3044533","MILK+RIVER",1994,2026
"05-20",2001-05-20,48.4269230769231,6.8,90.5,25.45,29.7,68.025,85.15,NA,13.4,"NA (ECCC AES NA; station_id 8804)",NA,8804,"","",27.6705583353189,"DATE: May-20<br><b>Cumulative precipitation</b><br>Value: 13.4 mm<br>Anomaly: -35.0 mm<br>Percent of normal: <b>28%</b><br>Weather station: NA (ECCC AES NA; station_id 8804)","DATE: May-20<br><b>Normal cumulative precipitation</b><br>48.4 mm<br>Period: 1991-2020","DATE: May-20<br><b>25-75 percentile</b><br>29.7 to 68.0 mm","DATE: May-20<br><b>10-90 percentile</b><br>25.4 to 85.2 mm","3044533","MILK+RIVER",1994,2026
"05-21",2001-05-21,53.6961538461538,6.8,118.4,25.45,34.975,75.125,89.1,0,13.4,"NA (ECCC AES NA; station_id 8804)",NA,8804,"","DATE: May-21<br><b>Daily precipitation</b><br>Value: 0.0 mm<br>Weather station: NA (ECCC AES NA; station_id 8804)",24.9552324332068,"DATE: May-21<br><b>Cumulative precipitation</b><br>Value: 13.4 mm<br>Anomaly: -40.3 mm<br>Percent of normal: <b>25%</b><br>Weather station: NA (ECCC AES NA; station_id 8804)","DATE: May-21<br><b>Normal cumulative precipitation</b><br>53.7 mm<br>Period: 1991-2020","DATE: May-21<br><b>25-75 percentile</b><br>35.0 to 75.1 mm","DATE: May-21<br><b>10-90 percentile</b><br>25.4 to 89.1 mm","3044533","MILK+RIVER",1994,2026
"05-22",2001-05-22,57.2115384615385,6.8,123.8,25.55,34.975,78.125,89.1,0,13.4,"NA (ECCC AES NA; station_id 8804)",NA,8804,"","DATE: May-22<br><b>Daily precipitation</b><br>Value: 0.0 mm<br>Weather station: NA (ECCC AES NA; station_id 8804)",23.4218487394958,"DATE: May-22<br><b>Cumulative precipitation</b><br>Value: 13.4 mm<br>Anomaly: -43.8 mm<br>Percent of normal: <b>23%</b><br>Weather station: NA (ECCC AES NA; station_id 8804)","DATE: May-22<br><b>Normal cumulative precipitation</b><br>57.2 mm<br>Period: 1991-2020","DATE: May-22<br><b>25-75 percentile</b><br>35.0 to 78.1 mm","DATE: May-22<br><b>10-90 percentile</b><br>25.6 to 89.1 mm","3044533","MILK+RIVER",1994,2026
"05-23",2001-05-23,60.4076923076923,6.8,126.2,27.1,37.75,82.225,89.45,0,13.4,"MILK RIVER (ECCC AES 3044533; station_id 8804)","3044533",8804,"MILK RIVER","DATE: May-23<br><b>Daily precipitation</b><br>Value: 0.0 mm<br>Weather station: MILK RIVER (ECCC AES 3044533; station_id 8804)",22.1826053737425,"DATE: May-23<br><b>Cumulative precipitation</b><br>Value: 13.4 mm<br>Anomaly: -47.0 mm<br>Percent of normal: <b>22%</b><br>Weather station: MILK RIVER (ECCC AES 3044533; station_id 8804)","DATE: May-23<br><b>Normal cumulative precipitation</b><br>60.4 mm<br>Period: 1991-2020","DATE: May-23<br><b>25-75 percentile</b><br>37.8 to 82.2 mm","DATE: May-23<br><b>10-90 percentile</b><br>27.1 to 89.4 mm","3044533","MILK+RIVER",1994,2026
"05-24",2001-05-24,62.4461538461538,6.8,126.2,27.2,38.65,87.55,93,0,13.4,"MILK RIVER (ECCC AES 3044533; station_id 8804)","3044533",8804,"MILK RIVER","DATE: May-24<br><b>Daily precipitation</b><br>Value: 0.0 mm<br>Weather station: MILK RIVER (ECCC AES 3044533; station_id 8804)",21.4584873121458,"DATE: May-24<br><b>Cumulative precipitation</b><br>Value: 13.4 mm<br>Anomaly: -49.0 mm<br>Percent of normal: <b>21%</b><br>Weather station: MILK RIVER (ECCC AES 3044533; station_id 8804)","DATE: May-24<br><b>Normal cumulative precipitation</b><br>62.4 mm<br>Period: 1991-2020","DATE: May-24<br><b>25-75 percentile</b><br>38.7 to 87.5 mm","DATE: May-24<br><b>10-90 percentile</b><br>27.2 to 93.0 mm","3044533","MILK+RIVER",1994,2026
"05-25",2001-05-25,65.7692307692308,6.8,126.2,27.2,40.45,90.75,103.4,0,13.4,"MILK RIVER (ECCC AES 3044533; station_id 8804)","3044533",8804,"MILK RIVER","DATE: May-25<br><b>Daily precipitation</b><br>Value: 0.0 mm<br>Weather station: MILK RIVER (ECCC AES 3044533; station_id 8804)",20.374269005848,"DATE: May-25<br><b>Cumulative precipitation</b><br>Value: 13.4 mm<br>Anomaly: -52.4 mm<br>Percent of normal: <b>20%</b><br>Weather station: MILK RIVER (ECCC AES 3044533; station_id 8804)","DATE: May-25<br><b>Normal cumulative precipitation</b><br>65.8 mm<br>Period: 1991-2020","DATE: May-25<br><b>25-75 percentile</b><br>40.4 to 90.8 mm","DATE: May-25<br><b>10-90 percentile</b><br>27.2 to 103.4 mm","3044533","MILK+RIVER",1994,2026
"05-26",2001-05-26,67.3961538461539,6.8,129.8,29,40.45,91.675,103.9,0,13.4,"MILK RIVER (ECCC AES 3044533; station_id 8804)","3044533",8804,"MILK RIVER","DATE: May-26<br><b>Daily precipitation</b><br>Value: 0.0 mm<br>Weather station: MILK RIVER (ECCC AES 3044533; station_id 8804)",19.8824402214233,"DATE: May-26<br><b>Cumulative precipitation</b><br>Value: 13.4 mm<br>Anomaly: -54.0 mm<br>Percent of normal: <b>20%</b><br>Weather station: MILK RIVER (ECCC AES 3044533; station_id 8804)","DATE: May-26<br><b>Normal cumulative precipitation</b><br>67.4 mm<br>Period: 1991-2020","DATE: May-26<br><b>25-75 percentile</b><br>40.4 to 91.7 mm","DATE: May-26<br><b>10-90 percentile</b><br>29.0 to 103.9 mm","3044533","MILK+RIVER",1994,2026
"05-27",2001-05-27,70.6846153846154,6.8,141.5,29.1,40.45,94.925,116.4,0,13.4,"MILK RIVER (ECCC AES 3044533; station_id 8804)","3044533",8804,"MILK RIVER","DATE: May-27<br><b>Daily precipitation</b><br>Value: 0.0 mm<br>Weather station: MILK RIVER (ECCC AES 3044533; station_id 8804)",18.9574491239526,"DATE: May-27<br><b>Cumulative precipitation</b><br>Value: 13.4 mm<br>Anomaly: -57.3 mm<br>Percent of normal: <b>19%</b><br>Weather station: MILK RIVER (ECCC AES 3044533; station_id 8804)","DATE: May-27<br><b>Normal cumulative precipitation</b><br>70.7 mm<br>Period: 1991-2020","DATE: May-27<br><b>25-75 percentile</b><br>40.4 to 94.9 mm","DATE: May-27<br><b>10-90 percentile</b><br>29.1 to 116.4 mm","3044533","MILK+RIVER",1994,2026
"05-28",2001-05-28,73.2269230769231,6.8,153.2,31.1,44.725,101.375,116.4,0.8,14.2,"MILK RIVER (ECCC AES 3044533; station_id 8804)","3044533",8804,"MILK RIVER","DATE: May-28<br><b>Daily precipitation</b><br>Value: 0.8 mm<br>Weather station: MILK RIVER (ECCC AES 3044533; station_id 8804)",19.3917747780871,"DATE: May-28<br><b>Cumulative precipitation</b><br>Value: 14.2 mm<br>Anomaly: -59.0 mm<br>Percent of normal: <b>19%</b><br>Weather station: MILK RIVER (ECCC AES 3044533; station_id 8804)","DATE: May-28<br><b>Normal cumulative precipitation</b><br>73.2 mm<br>Period: 1991-2020","DATE: May-28<br><b>25-75 percentile</b><br>44.7 to 101.4 mm","DATE: May-28<br><b>10-90 percentile</b><br>31.1 to 116.4 mm","3044533","MILK+RIVER",1994,2026
"05-29",2001-05-29,74.5307692307692,7.6,161.1,31.1,45.975,102.375,116.4,5.7,19.9,"MILK RIVER (ECCC AES 3044533; station_id 8804)","3044533",8804,"MILK RIVER","DATE: May-29<br><b>Daily precipitation</b><br>Value: 5.7 mm<br>Weather station: MILK RIVER (ECCC AES 3044533; station_id 8804)",26.7003818763546,"DATE: May-29<br><b>Cumulative precipitation</b><br>Value: 19.9 mm<br>Anomaly: -54.6 mm<br>Percent of normal: <b>27%</b><br>Weather station: MILK RIVER (ECCC AES 3044533; station_id 8804)","DATE: May-29<br><b>Normal cumulative precipitation</b><br>74.5 mm<br>Period: 1991-2020","DATE: May-29<br><b>25-75 percentile</b><br>46.0 to 102.4 mm","DATE: May-29<br><b>10-90 percentile</b><br>31.1 to 116.4 mm","3044533","MILK+RIVER",1994,2026
"05-30",2001-05-30,76.4961538461538,7.6,162.6,31.1,48.025,102.525,119,0.7,20.6,"MILK RIVER (ECCC AES 3044533; station_id 8804)","3044533",8804,"MILK RIVER","DATE: May-30<br><b>Daily precipitation</b><br>Value: 0.7 mm<br>Weather station: MILK RIVER (ECCC AES 3044533; station_id 8804)",26.9294584946453,"DATE: May-30<br><b>Cumulative precipitation</b><br>Value: 20.6 mm<br>Anomaly: -55.9 mm<br>Percent of normal: <b>27%</b><br>Weather station: MILK RIVER (ECCC AES 3044533; station_id 8804)","DATE: May-30<br><b>Normal cumulative precipitation</b><br>76.5 mm<br>Period: 1991-2020","DATE: May-30<br><b>25-75 percentile</b><br>48.0 to 102.5 mm","DATE: May-30<br><b>10-90 percentile</b><br>31.1 to 119.0 mm","3044533","MILK+RIVER",1994,2026
"05-31",2001-05-31,77.2653846153846,10,162.8,31.2,48.175,102.525,119.1,NA,20.6,"MILK RIVER (ECCC AES 3044533; station_id 8804)","3044533",8804,"MILK RIVER","",26.6613569615212,"DATE: May-31<br><b>Cumulative precipitation</b><br>Value: 20.6 mm<br>Anomaly: -56.7 mm<br>Percent of normal: <b>27%</b><br>Weather station: MILK RIVER (ECCC AES 3044533; station_id 8804)","DATE: May-31<br><b>Normal cumulative precipitation</b><br>77.3 mm<br>Period: 1991-2020","DATE: May-31<br><b>25-75 percentile</b><br>48.2 to 102.5 mm","DATE: May-31<br><b>10-90 percentile</b><br>31.2 to 119.1 mm","3044533","MILK+RIVER",1994,2026
"06-01",2001-06-01,78.9769230769231,10,164.3,33,48.375,103.725,120.6,24.6,45.2,"MILK RIVER (ECCC AES 3044533; station_id 8804)","3044533",8804,"MILK RIVER","DATE: Jun-01<br><b>Daily precipitation</b><br>Value: 24.6 mm<br>Weather station: MILK RIVER (ECCC AES 3044533; station_id 8804)",57.2319080549333,"DATE: Jun-01<br><b>Cumulative precipitation</b><br>Value: 45.2 mm<br>Anomaly: -33.8 mm<br>Percent of normal: <b>57%</b><br>Weather station: MILK RIVER (ECCC AES 3044533; station_id 8804)","DATE: Jun-01<br><b>Normal cumulative precipitation</b><br>79.0 mm<br>Period: 1991-2020","DATE: Jun-01<br><b>25-75 percentile</b><br>48.4 to 103.7 mm","DATE: Jun-01<br><b>10-90 percentile</b><br>33.0 to 120.6 mm","3044533","MILK+RIVER",1994,2026
"06-02",2001-06-02,85.1230769230769,12.2,164.3,42.05,59.1,103.725,122.75,9.3,54.5,"MILK RIVER (ECCC AES 3044533; station_id 8804)","3044533",8804,"MILK RIVER","DATE: Jun-02<br><b>Daily precipitation</b><br>Value: 9.3 mm<br>Weather station: MILK RIVER (ECCC AES 3044533; station_id 8804)",64.0249412615218,"DATE: Jun-02<br><b>Cumulative precipitation</b><br>Value: 54.5 mm<br>Anomaly: -30.6 mm<br>Percent of normal: <b>64%</b><br>Weather station: MILK RIVER (ECCC AES 3044533; station_id 8804)","DATE: Jun-02<br><b>Normal cumulative precipitation</b><br>85.1 mm<br>Period: 1991-2020","DATE: Jun-02<br><b>25-75 percentile</b><br>59.1 to 103.7 mm","DATE: Jun-02<br><b>10-90 percentile</b><br>42.0 to 122.8 mm","3044533","MILK+RIVER",1994,2026
"06-03",2001-06-03,90.3461538461539,12.2,164.3,44.45,64.425,107.45,130.8,0,54.5,"MILK RIVER (ECCC AES 3044533; station_id 8804)","3044533",8804,"MILK RIVER","DATE: Jun-03<br><b>Daily precipitation</b><br>Value: 0.0 mm<br>Weather station: MILK RIVER (ECCC AES 3044533; station_id 8804)",60.3235419327373,"DATE: Jun-03<br><b>Cumulative precipitation</b><br>Value: 54.5 mm<br>Anomaly: -35.8 mm<br>Percent of normal: <b>60%</b><br>Weather station: MILK RIVER (ECCC AES 3044533; station_id 8804)","DATE: Jun-03<br><b>Normal cumulative precipitation</b><br>90.3 mm<br>Period: 1991-2020","DATE: Jun-03<br><b>25-75 percentile</b><br>64.4 to 107.4 mm","DATE: Jun-03<br><b>10-90 percentile</b><br>44.4 to 130.8 mm","3044533","MILK+RIVER",1994,2026
"06-04",2001-06-04,92.0307692307692,12.4,164.3,47.55,66.3,110.575,133,0,54.5,"MILK RIVER (ECCC AES 3044533; station_id 8804)","3044533",8804,"MILK RIVER","DATE: Jun-04<br><b>Daily precipitation</b><br>Value: 0.0 mm<br>Weather station: MILK RIVER (ECCC AES 3044533; station_id 8804)",59.2193246405884,"DATE: Jun-04<br><b>Cumulative precipitation</b><br>Value: 54.5 mm<br>Anomaly: -37.5 mm<br>Percent of normal: <b>59%</b><br>Weather station: MILK RIVER (ECCC AES 3044533; station_id 8804)","DATE: Jun-04<br><b>Normal cumulative precipitation</b><br>92.0 mm<br>Period: 1991-2020","DATE: Jun-04<br><b>25-75 percentile</b><br>66.3 to 110.6 mm","DATE: Jun-04<br><b>10-90 percentile</b><br>47.5 to 133.0 mm","3044533","MILK+RIVER",1994,2026
"06-05",2001-06-05,95.9153846153846,12.6,164.3,49.8,66.3,120.475,140.55,0,54.5,"MILK RIVER (ECCC AES 3044533; station_id 8804)","3044533",8804,"MILK RIVER","DATE: Jun-05<br><b>Daily precipitation</b><br>Value: 0.0 mm<br>Weather station: MILK RIVER (ECCC AES 3044533; station_id 8804)",56.820915871361,"DATE: Jun-05<br><b>Cumulative precipitation</b><br>Value: 54.5 mm<br>Anomaly: -41.4 mm<br>Percent of normal: <b>57%</b><br>Weather station: MILK RIVER (ECCC AES 3044533; station_id 8804)","DATE: Jun-05<br><b>Normal cumulative precipitation</b><br>95.9 mm<br>Period: 1991-2020","DATE: Jun-05<br><b>25-75 percentile</b><br>66.3 to 120.5 mm","DATE: Jun-05<br><b>10-90 percentile</b><br>49.8 to 140.6 mm","3044533","MILK+RIVER",1994,2026
"06-06",2001-06-06,98.4307692307692,12.6,166.6,56.55,70.575,127.925,141.1,0,54.5,"MILK RIVER (ECCC AES 3044533; station_id 8804)","3044533",8804,"MILK RIVER","DATE: Jun-06<br><b>Daily precipitation</b><br>Value: 0.0 mm<br>Weather station: MILK RIVER (ECCC AES 3044533; station_id 8804)",55.368865270397,"DATE: Jun-06<br><b>Cumulative precipitation</b><br>Value: 54.5 mm<br>Anomaly: -43.9 mm<br>Percent of normal: <b>55%</b><br>Weather station: MILK RIVER (ECCC AES 3044533; station_id 8804)","DATE: Jun-06<br><b>Normal cumulative precipitation</b><br>98.4 mm<br>Period: 1991-2020","DATE: Jun-06<br><b>25-75 percentile</b><br>70.6 to 127.9 mm","DATE: Jun-06<br><b>10-90 percentile</b><br>56.5 to 141.1 mm","3044533","MILK+RIVER",1994,2026
"06-07",2001-06-07,101.396153846154,12.6,166.6,57.2,70.575,130.15,155.3,NA,54.5,"MILK RIVER (ECCC AES 3044533; station_id 8804)","3044533",8804,"MILK RIVER","",53.7495732655616,"DATE: Jun-07<br><b>Cumulative precipitation</b><br>Value: 54.5 mm<br>Anomaly: -46.9 mm<br>Percent of normal: <b>54%</b><br>Weather station: MILK RIVER (ECCC AES 3044533; station_id 8804)","DATE: Jun-07<br><b>Normal cumulative precipitation</b><br>101.4 mm<br>Period: 1991-2020","DATE: Jun-07<br><b>25-75 percentile</b><br>70.6 to 130.2 mm","DATE: Jun-07<br><b>10-90 percentile</b><br>57.2 to 155.3 mm","3044533","MILK+RIVER",1994,2026
"06-08",2001-06-08,106.803846153846,14.2,187.5,57.2,71.075,136.35,164.95,0,54.5,"MILK RIVER (ECCC AES 3044533; station_id 8804)","3044533",8804,"MILK RIVER","DATE: Jun-08<br><b>Daily precipitation</b><br>Value: 0.0 mm<br>Weather station: MILK RIVER (ECCC AES 3044533; station_id 8804)",51.0281248874644,"DATE: Jun-08<br><b>Cumulative precipitation</b><br>Value: 54.5 mm<br>Anomaly: -52.3 mm<br>Percent of normal: <b>51%</b><br>Weather station: MILK RIVER (ECCC AES 3044533; station_id 8804)","DATE: Jun-08<br><b>Normal cumulative precipitation</b><br>106.8 mm<br>Period: 1991-2020","DATE: Jun-08<br><b>25-75 percentile</b><br>71.1 to 136.3 mm","DATE: Jun-08<br><b>10-90 percentile</b><br>57.2 to 164.9 mm","3044533","MILK+RIVER",1994,2026
"06-09",2001-06-09,110.726923076923,15.2,247.7,57.3,72.225,136.8,165.85,NA,54.5,"MILK RIVER (ECCC AES 3044533; station_id 8804)","3044533",8804,"MILK RIVER","",49.2201882663517,"DATE: Jun-09<br><b>Cumulative precipitation</b><br>Value: 54.5 mm<br>Anomaly: -56.2 mm<br>Percent of normal: <b>49%</b><br>Weather station: MILK RIVER (ECCC AES 3044533; station_id 8804)","DATE: Jun-09<br><b>Normal cumulative precipitation</b><br>110.7 mm<br>Period: 1991-2020","DATE: Jun-09<br><b>25-75 percentile</b><br>72.2 to 136.8 mm","DATE: Jun-09<br><b>10-90 percentile</b><br>57.3 to 165.9 mm","3044533","MILK+RIVER",1994,2026
"06-10",2001-06-10,115.815384615385,15.2,320.5,57.3,74.45,147.45,165.85,NA,54.5,"MILK RIVER (ECCC AES 3044533; station_id 8804)","3044533",8804,"MILK RIVER","",47.057651434644,"DATE: Jun-10<br><b>Cumulative precipitation</b><br>Value: 54.5 mm<br>Anomaly: -61.3 mm<br>Percent of normal: <b>47%</b><br>Weather station: MILK RIVER (ECCC AES 3044533; station_id 8804)","DATE: Jun-10<br><b>Normal cumulative precipitation</b><br>115.8 mm<br>Period: 1991-2020","DATE: Jun-10<br><b>25-75 percentile</b><br>74.4 to 147.4 mm","DATE: Jun-10<br><b>10-90 percentile</b><br>57.3 to 165.9 mm","3044533","MILK+RIVER",1994,2026
"06-11",2001-06-11,118.8,15.2,330.3,58.55,74.85,156.425,165.85,0,54.5,"MILK RIVER (ECCC AES 3044533; station_id 8804)","3044533",8804,"MILK RIVER","DATE: Jun-11<br><b>Daily precipitation</b><br>Value: 0.0 mm<br>Weather station: MILK RIVER (ECCC AES 3044533; station_id 8804)",45.8754208754209,"DATE: Jun-11<br><b>Cumulative precipitation</b><br>Value: 54.5 mm<br>Anomaly: -64.3 mm<br>Percent of normal: <b>46%</b><br>Weather station: MILK RIVER (ECCC AES 3044533; station_id 8804)","DATE: Jun-11<br><b>Normal cumulative precipitation</b><br>118.8 mm<br>Period: 1991-2020","DATE: Jun-11<br><b>25-75 percentile</b><br>74.8 to 156.4 mm","DATE: Jun-11<br><b>10-90 percentile</b><br>58.5 to 165.9 mm","3044533","MILK+RIVER",1994,2026
"06-12",2001-06-12,120.288461538462,15.2,330.3,58.55,78.15,157.475,170.6,0,54.5,"MILK RIVER (ECCC AES 3044533; station_id 8804)","3044533",8804,"MILK RIVER","DATE: Jun-12<br><b>Daily precipitation</b><br>Value: 0.0 mm<br>Weather station: MILK RIVER (ECCC AES 3044533; station_id 8804)",45.3077537969624,"DATE: Jun-12<br><b>Cumulative precipitation</b><br>Value: 54.5 mm<br>Anomaly: -65.8 mm<br>Percent of normal: <b>45%</b><br>Weather station: MILK RIVER (ECCC AES 3044533; station_id 8804)","DATE: Jun-12<br><b>Normal cumulative precipitation</b><br>120.3 mm<br>Period: 1991-2020","DATE: Jun-12<br><b>25-75 percentile</b><br>78.2 to 157.5 mm","DATE: Jun-12<br><b>10-90 percentile</b><br>58.5 to 170.6 mm","3044533","MILK+RIVER",1994,2026
"06-13",2001-06-13,122.815384615385,15.2,330.3,59.2,78.25,161.725,180.35,0,54.5,"MILK RIVER (ECCC AES 3044533; station_id 8804)","3044533",8804,"MILK RIVER","DATE: Jun-13<br><b>Daily precipitation</b><br>Value: 0.0 mm<br>Weather station: MILK RIVER (ECCC AES 3044533; station_id 8804)",44.3755480395841,"DATE: Jun-13<br><b>Cumulative precipitation</b><br>Value: 54.5 mm<br>Anomaly: -68.3 mm<br>Percent of normal: <b>44%</b><br>Weather station: MILK RIVER (ECCC AES 3044533; station_id 8804)","DATE: Jun-13<br><b>Normal cumulative precipitation</b><br>122.8 mm<br>Period: 1991-2020","DATE: Jun-13<br><b>25-75 percentile</b><br>78.2 to 161.7 mm","DATE: Jun-13<br><b>10-90 percentile</b><br>59.2 to 180.4 mm","3044533","MILK+RIVER",1994,2026
"06-14",2001-06-14,125.453846153846,15.4,330.3,59.75,78.7,164.85,181.15,0,54.5,"MILK RIVER (ECCC AES 3044533; station_id 8804)","3044533",8804,"MILK RIVER","DATE: Jun-14<br><b>Daily precipitation</b><br>Value: 0.0 mm<br>Weather station: MILK RIVER (ECCC AES 3044533; station_id 8804)",43.4422711386351,"DATE: Jun-14<br><b>Cumulative precipitation</b><br>Value: 54.5 mm<br>Anomaly: -71.0 mm<br>Percent of normal: <b>43%</b><br>Weather station: MILK RIVER (ECCC AES 3044533; station_id 8804)","DATE: Jun-14<br><b>Normal cumulative precipitation</b><br>125.5 mm<br>Period: 1991-2020","DATE: Jun-14<br><b>25-75 percentile</b><br>78.7 to 164.8 mm","DATE: Jun-14<br><b>10-90 percentile</b><br>59.8 to 181.1 mm","3044533","MILK+RIVER",1994,2026
"06-15",2001-06-15,127.669230769231,16.6,330.3,59.75,89.65,167.925,182.1,0,54.5,"MILK RIVER (ECCC AES 3044533; station_id 8804)","3044533",8804,"MILK RIVER","DATE: Jun-15<br><b>Daily precipitation</b><br>Value: 0.0 mm<br>Weather station: MILK RIVER (ECCC AES 3044533; station_id 8804)",42.6884376694583,"DATE: Jun-15<br><b>Cumulative precipitation</b><br>Value: 54.5 mm<br>Anomaly: -73.2 mm<br>Percent of normal: <b>43%</b><br>Weather station: MILK RIVER (ECCC AES 3044533; station_id 8804)","DATE: Jun-15<br><b>Normal cumulative precipitation</b><br>127.7 mm<br>Period: 1991-2020","DATE: Jun-15<br><b>25-75 percentile</b><br>89.6 to 167.9 mm","DATE: Jun-15<br><b>10-90 percentile</b><br>59.8 to 182.1 mm","3044533","MILK+RIVER",1994,2026
"06-16",2001-06-16,130.676923076923,23.4,330.3,59.75,89.65,173.55,188.15,0,54.5,"MILK RIVER (ECCC AES 3044533; station_id 8804)","3044533",8804,"MILK RIVER","DATE: Jun-16<br><b>Daily precipitation</b><br>Value: 0.0 mm<br>Weather station: MILK RIVER (ECCC AES 3044533; station_id 8804)",41.7059100541559,"DATE: Jun-16<br><b>Cumulative precipitation</b><br>Value: 54.5 mm<br>Anomaly: -76.2 mm<br>Percent of normal: <b>42%</b><br>Weather station: MILK RIVER (ECCC AES 3044533; station_id 8804)","DATE: Jun-16<br><b>Normal cumulative precipitation</b><br>130.7 mm<br>Period: 1991-2020","DATE: Jun-16<br><b>25-75 percentile</b><br>89.6 to 173.5 mm","DATE: Jun-16<br><b>10-90 percentile</b><br>59.8 to 188.1 mm","3044533","MILK+RIVER",1994,2026
"06-17",2001-06-17,134.919230769231,25.2,330.3,59.85,101.85,173.675,196,NA,54.5,"MILK RIVER (ECCC AES 3044533; station_id 8804)","3044533",8804,"MILK RIVER","",40.3945380427036,"DATE: Jun-17<br><b>Cumulative precipitation</b><br>Value: 54.5 mm<br>Anomaly: -80.4 mm<br>Percent of normal: <b>40%</b><br>Weather station: MILK RIVER (ECCC AES 3044533; station_id 8804)","DATE: Jun-17<br><b>Normal cumulative precipitation</b><br>134.9 mm<br>Period: 1991-2020","DATE: Jun-17<br><b>25-75 percentile</b><br>101.8 to 173.7 mm","DATE: Jun-17<br><b>10-90 percentile</b><br>59.8 to 196.0 mm","3044533","MILK+RIVER",1994,2026
"06-18",2001-06-18,137.226923076923,25.2,338.7,59.85,101.85,174.075,196,3.6,58.1,"MILK RIVER (ECCC AES 3044533; station_id 8804)","3044533",8804,"MILK RIVER","DATE: Jun-18<br><b>Daily precipitation</b><br>Value: 3.6 mm<br>Weather station: MILK RIVER (ECCC AES 3044533; station_id 8804)",42.3386305670002,"DATE: Jun-18<br><b>Cumulative precipitation</b><br>Value: 58.1 mm<br>Anomaly: -79.1 mm<br>Percent of normal: <b>42%</b><br>Weather station: MILK RIVER (ECCC AES 3044533; station_id 8804)","DATE: Jun-18<br><b>Normal cumulative precipitation</b><br>137.2 mm<br>Period: 1991-2020","DATE: Jun-18<br><b>25-75 percentile</b><br>101.8 to 174.1 mm","DATE: Jun-18<br><b>10-90 percentile</b><br>59.8 to 196.0 mm","3044533","MILK+RIVER",1994,2026
"06-19",2001-06-19,140.938461538462,25.4,344.9,60.05,107.55,181.7,196,0,58.1,"MILK RIVER (ECCC AES 3044533; station_id 8804)","3044533",8804,"MILK RIVER","DATE: Jun-19<br><b>Daily precipitation</b><br>Value: 0.0 mm<br>Weather station: MILK RIVER (ECCC AES 3044533; station_id 8804)",41.2236655386966,"DATE: Jun-19<br><b>Cumulative precipitation</b><br>Value: 58.1 mm<br>Anomaly: -82.8 mm<br>Percent of normal: <b>41%</b><br>Weather station: MILK RIVER (ECCC AES 3044533; station_id 8804)","DATE: Jun-19<br><b>Normal cumulative precipitation</b><br>140.9 mm<br>Period: 1991-2020","DATE: Jun-19<br><b>25-75 percentile</b><br>107.6 to 181.7 mm","DATE: Jun-19<br><b>10-90 percentile</b><br>60.0 to 196.0 mm","3044533","MILK+RIVER",1994,2026
"06-20",2001-06-20,141.765384615385,25.6,345.7,60.3,107.6,185.5,196.05,0,58.1,"MILK RIVER (ECCC AES 3044533; station_id 8804)","3044533",8804,"MILK RIVER","DATE: Jun-20<br><b>Daily precipitation</b><br>Value: 0.0 mm<br>Weather station: MILK RIVER (ECCC AES 3044533; station_id 8804)",40.9832062725522,"DATE: Jun-20<br><b>Cumulative precipitation</b><br>Value: 58.1 mm<br>Anomaly: -83.7 mm<br>Percent of normal: <b>41%</b><br>Weather station: MILK RIVER (ECCC AES 3044533; station_id 8804)","DATE: Jun-20<br><b>Normal cumulative precipitation</b><br>141.8 mm<br>Period: 1991-2020","DATE: Jun-20<br><b>25-75 percentile</b><br>107.6 to 185.5 mm","DATE: Jun-20<br><b>10-90 percentile</b><br>60.3 to 196.0 mm","3044533","MILK+RIVER",1994,2026
"06-21",2001-06-21,143.157692307692,25.6,345.7,60.4,107.6,186.25,197.55,0.5,58.6,"MILK RIVER (ECCC AES 3044533; station_id 8804)","3044533",8804,"MILK RIVER","DATE: Jun-21<br><b>Daily precipitation</b><br>Value: 0.5 mm<br>Weather station: MILK RIVER (ECCC AES 3044533; station_id 8804)",40.9338814110314,"DATE: Jun-21<br><b>Cumulative precipitation</b><br>Value: 58.6 mm<br>Anomaly: -84.6 mm<br>Percent of normal: <b>41%</b><br>Weather station: MILK RIVER (ECCC AES 3044533; station_id 8804)","DATE: Jun-21<br><b>Normal cumulative precipitation</b><br>143.2 mm<br>Period: 1991-2020","DATE: Jun-21<br><b>25-75 percentile</b><br>107.6 to 186.2 mm","DATE: Jun-21<br><b>10-90 percentile</b><br>60.4 to 197.6 mm","3044533","MILK+RIVER",1994,2026
"06-22",2001-06-22,147.315384615385,47.8,345.7,75.25,107.95,186.25,198.05,0,58.6,"MILK RIVER (ECCC AES 3044533; station_id 8804)","3044533",8804,"MILK RIVER","DATE: Jun-22<br><b>Daily precipitation</b><br>Value: 0.0 mm<br>Weather station: MILK RIVER (ECCC AES 3044533; station_id 8804)",39.7786016396011,"DATE: Jun-22<br><b>Cumulative precipitation</b><br>Value: 58.6 mm<br>Anomaly: -88.7 mm<br>Percent of normal: <b>40%</b><br>Weather station: MILK RIVER (ECCC AES 3044533; station_id 8804)","DATE: Jun-22<br><b>Normal cumulative precipitation</b><br>147.3 mm<br>Period: 1991-2020","DATE: Jun-22<br><b>25-75 percentile</b><br>107.9 to 186.2 mm","DATE: Jun-22<br><b>10-90 percentile</b><br>75.2 to 198.0 mm","3044533","MILK+RIVER",1994,2026
"06-23",2001-06-23,148.642307692308,49.2,348.5,77.95,107.95,186.9,198.05,0,58.6,"","3044533",8804,"MILK RIVER","DATE: Jun-23<br><b>Daily precipitation</b><br>Value: 0.0 mm<br>Weather station: ",39.4234998835615,"DATE: Jun-23<br><b>Cumulative precipitation</b><br>Value: 58.6 mm<br>Anomaly: -90.0 mm<br>Percent of normal: <b>39%</b><br>Weather station: ","DATE: Jun-23<br><b>Normal cumulative precipitation</b><br>148.6 mm<br>Period: 1991-2020","DATE: Jun-23<br><b>25-75 percentile</b><br>107.9 to 186.9 mm","DATE: Jun-23<br><b>10-90 percentile</b><br>78.0 to 198.0 mm","3044533","MILK+RIVER",1994,2026
"06-24",2001-06-24,150.276923076923,52.6,348.5,81.95,110.85,190.575,204.65,0,58.6,"","3044533",8804,"MILK RIVER","DATE: Jun-24<br><b>Daily precipitation</b><br>Value: 0.0 mm<br>Weather station: ",38.9946764946765,"DATE: Jun-24<br><b>Cumulative precipitation</b><br>Value: 58.6 mm<br>Anomaly: -91.7 mm<br>Percent of normal: <b>39%</b><br>Weather station: ","DATE: Jun-24<br><b>Normal cumulative precipitation</b><br>150.3 mm<br>Period: 1991-2020","DATE: Jun-24<br><b>25-75 percentile</b><br>110.8 to 190.6 mm","DATE: Jun-24<br><b>10-90 percentile</b><br>82.0 to 204.6 mm","3044533","MILK+RIVER",1994,2026
"06-25",2001-06-25,151.038461538462,55.4,348.5,81.95,112.575,190.575,204.75,NA,58.6,"","3044533",8804,"MILK RIVER","",38.7980646804176,"DATE: Jun-25<br><b>Cumulative precipitation</b><br>Value: 58.6 mm<br>Anomaly: -92.4 mm<br>Percent of normal: <b>39%</b><br>Weather station: ","DATE: Jun-25<br><b>Normal cumulative precipitation</b><br>151.0 mm<br>Period: 1991-2020","DATE: Jun-25<br><b>25-75 percentile</b><br>112.6 to 190.6 mm","DATE: Jun-25<br><b>10-90 percentile</b><br>82.0 to 204.8 mm","3044533","MILK+RIVER",1994,2026
"06-26",2001-06-26,153.730769230769,57,348.5,82,119.925,190.575,212.75,3.5,62.1,"","3044533",8804,"MILK RIVER","DATE: Jun-26<br><b>Daily precipitation</b><br>Value: 3.5 mm<br>Weather station: ",40.3952964723543,"DATE: Jun-26<br><b>Cumulative precipitation</b><br>Value: 62.1 mm<br>Anomaly: -91.6 mm<br>Percent of normal: <b>40%</b><br>Weather station: ","DATE: Jun-26<br><b>Normal cumulative precipitation</b><br>153.7 mm<br>Period: 1991-2020","DATE: Jun-26<br><b>25-75 percentile</b><br>119.9 to 190.6 mm","DATE: Jun-26<br><b>10-90 percentile</b><br>82.0 to 212.8 mm","3044533","MILK+RIVER",1994,2026
"06-27",2001-06-27,157.111538461538,57.6,348.9,85.5,122.725,193.3,218.7,0,62.1,"","3044533",8804,"MILK RIVER","DATE: Jun-27<br><b>Daily precipitation</b><br>Value: 0.0 mm<br>Weather station: ",39.5260593894587,"DATE: Jun-27<br><b>Cumulative precipitation</b><br>Value: 62.1 mm<br>Anomaly: -95.0 mm<br>Percent of normal: <b>40%</b><br>Weather station: ","DATE: Jun-27<br><b>Normal cumulative precipitation</b><br>157.1 mm<br>Period: 1991-2020","DATE: Jun-27<br><b>25-75 percentile</b><br>122.7 to 193.3 mm","DATE: Jun-27<br><b>10-90 percentile</b><br>85.5 to 218.7 mm","3044533","MILK+RIVER",1994,2026
"06-28",2001-06-28,157.565384615385,58,349.1,85.5,122.725,193.3,221.6,46.4,108.5,"","3044533",8804,"MILK RIVER","DATE: Jun-28<br><b>Daily precipitation</b><br>Value: 46.4 mm<br>Weather station: ",68.8603021944492,"DATE: Jun-28<br><b>Cumulative precipitation</b><br>Value: 108.5 mm<br>Anomaly: -49.1 mm<br>Percent of normal: <b>69%</b><br>Weather station: ","DATE: Jun-28<br><b>Normal cumulative precipitation</b><br>157.6 mm<br>Period: 1991-2020","DATE: Jun-28<br><b>25-75 percentile</b><br>122.7 to 193.3 mm","DATE: Jun-28<br><b>10-90 percentile</b><br>85.5 to 221.6 mm","3044533","MILK+RIVER",1994,2026
"06-29",2001-06-29,159.926923076923,59,349.5,85.5,126.7,193.475,226.4,4.9,113.4,"","3044533",8804,"MILK RIVER","DATE: Jun-29<br><b>Daily precipitation</b><br>Value: 4.9 mm<br>Weather station: ",70.9073855847623,"DATE: Jun-29<br><b>Cumulative precipitation</b><br>Value: 113.4 mm<br>Anomaly: -46.5 mm<br>Percent of normal: <b>71%</b><br>Weather station: ","DATE: Jun-29<br><b>Normal cumulative precipitation</b><br>159.9 mm<br>Period: 1991-2020","DATE: Jun-29<br><b>25-75 percentile</b><br>126.7 to 193.5 mm","DATE: Jun-29<br><b>10-90 percentile</b><br>85.5 to 226.4 mm","3044533","MILK+RIVER",1994,2026
"06-30",2001-06-30,161.546153846154,59,349.5,85.5,127.6,193.475,226.8,1.1,114.5,"","3044533",8804,"MILK RIVER","DATE: Jun-30<br><b>Daily precipitation</b><br>Value: 1.1 mm<br>Weather station: ",70.8775772582258,"DATE: Jun-30<br><b>Cumulative precipitation</b><br>Value: 114.5 mm<br>Anomaly: -47.0 mm<br>Percent of normal: <b>71%</b><br>Weather station: ","DATE: Jun-30<br><b>Normal cumulative precipitation</b><br>161.5 mm<br>Period: 1991-2020","DATE: Jun-30<br><b>25-75 percentile</b><br>127.6 to 193.5 mm","DATE: Jun-30<br><b>10-90 percentile</b><br>85.5 to 226.8 mm","3044533","MILK+RIVER",1994,2026
"07-01",2001-07-01,162.192307692308,61,349.5,85.5,127.6,194.1,226.9,1.8,116.3,"","3044533",8804,"MILK RIVER","DATE: Jul-01<br><b>Daily precipitation</b><br>Value: 1.8 mm<br>Weather station: ",71.7050035570311,"DATE: Jul-01<br><b>Cumulative precipitation</b><br>Value: 116.3 mm<br>Anomaly: -45.9 mm<br>Percent of normal: <b>72%</b><br>Weather station: ","DATE: Jul-01<br><b>Normal cumulative precipitation</b><br>162.2 mm<br>Period: 1991-2020","DATE: Jul-01<br><b>25-75 percentile</b><br>127.6 to 194.1 mm","DATE: Jul-01<br><b>10-90 percentile</b><br>85.5 to 226.9 mm","3044533","MILK+RIVER",1994,2026
"07-02",2001-07-02,162.842307692308,61,349.5,87.25,127.675,195.175,227.4,NA,116.3,"","3044533",8804,"MILK RIVER","",71.4187864616547,"DATE: Jul-02<br><b>Cumulative precipitation</b><br>Value: 116.3 mm<br>Anomaly: -46.5 mm<br>Percent of normal: <b>71%</b><br>Weather station: ","DATE: Jul-02<br><b>Normal cumulative precipitation</b><br>162.8 mm<br>Period: 1991-2020","DATE: Jul-02<br><b>25-75 percentile</b><br>127.7 to 195.2 mm","DATE: Jul-02<br><b>10-90 percentile</b><br>87.2 to 227.4 mm","3044533","MILK+RIVER",1994,2026
"07-03",2001-07-03,164.488461538462,61.4,349.5,88.05,127.675,202.075,227.4,0,116.3,"","3044533",8804,"MILK RIVER","DATE: Jul-03<br><b>Daily precipitation</b><br>Value: 0.0 mm<br>Weather station: ",70.7040475132696,"DATE: Jul-03<br><b>Cumulative precipitation</b><br>Value: 116.3 mm<br>Anomaly: -48.2 mm<br>Percent of normal: <b>71%</b><br>Weather station: ","DATE: Jul-03<br><b>Normal cumulative precipitation</b><br>164.5 mm<br>Period: 1991-2020","DATE: Jul-03<br><b>25-75 percentile</b><br>127.7 to 202.1 mm","DATE: Jul-03<br><b>10-90 percentile</b><br>88.1 to 227.4 mm","3044533","MILK+RIVER",1994,2026
"07-04",2001-07-04,165.438461538462,61.4,349.5,89.55,127.975,204.25,227.4,0,116.3,"","3044533",8804,"MILK RIVER","DATE: Jul-04<br><b>Daily precipitation</b><br>Value: 0.0 mm<br>Weather station: ",70.2980424977914,"DATE: Jul-04<br><b>Cumulative precipitation</b><br>Value: 116.3 mm<br>Anomaly: -49.1 mm<br>Percent of normal: <b>70%</b><br>Weather station: ","DATE: Jul-04<br><b>Normal cumulative precipitation</b><br>165.4 mm<br>Period: 1991-2020","DATE: Jul-04<br><b>25-75 percentile</b><br>128.0 to 204.2 mm","DATE: Jul-04<br><b>10-90 percentile</b><br>89.6 to 227.4 mm","3044533","MILK+RIVER",1994,2026
"07-05",2001-07-05,167.184615384615,61.4,349.5,93.25,127.975,208.45,230.2,0,116.3,"","3044533",8804,"MILK RIVER","DATE: Jul-05<br><b>Daily precipitation</b><br>Value: 0.0 mm<br>Weather station: ",69.5638170608264,"DATE: Jul-05<br><b>Cumulative precipitation</b><br>Value: 116.3 mm<br>Anomaly: -50.9 mm<br>Percent of normal: <b>70%</b><br>Weather station: ","DATE: Jul-05<br><b>Normal cumulative precipitation</b><br>167.2 mm<br>Period: 1991-2020","DATE: Jul-05<br><b>25-75 percentile</b><br>128.0 to 208.4 mm","DATE: Jul-05<br><b>10-90 percentile</b><br>93.2 to 230.2 mm","3044533","MILK+RIVER",1994,2026
"07-06",2001-07-06,167.788461538462,62.6,349.5,93.85,127.975,215.575,230.6,0,116.3,"","3044533",8804,"MILK RIVER","DATE: Jul-06<br><b>Daily precipitation</b><br>Value: 0.0 mm<br>Weather station: ",69.3134670487106,"DATE: Jul-06<br><b>Cumulative precipitation</b><br>Value: 116.3 mm<br>Anomaly: -51.5 mm<br>Percent of normal: <b>69%</b><br>Weather station: ","DATE: Jul-06<br><b>Normal cumulative precipitation</b><br>167.8 mm<br>Period: 1991-2020","DATE: Jul-06<br><b>25-75 percentile</b><br>128.0 to 215.6 mm","DATE: Jul-06<br><b>10-90 percentile</b><br>93.8 to 230.6 mm","3044533","MILK+RIVER",1994,2026
"07-07",2001-07-07,169.273076923077,62.6,374.9,94.45,127.975,215.95,230.6,3.2,119.5,"","3044533",8804,"MILK RIVER","DATE: Jul-07<br><b>Daily precipitation</b><br>Value: 3.2 mm<br>Weather station: ",70.5959873667947,"DATE: Jul-07<br><b>Cumulative precipitation</b><br>Value: 119.5 mm<br>Anomaly: -49.8 mm<br>Percent of normal: <b>71%</b><br>Weather station: ","DATE: Jul-07<br><b>Normal cumulative precipitation</b><br>169.3 mm<br>Period: 1991-2020","DATE: Jul-07<br><b>25-75 percentile</b><br>128.0 to 215.9 mm","DATE: Jul-07<br><b>10-90 percentile</b><br>94.4 to 230.6 mm","3044533","MILK+RIVER",1994,2026
"07-08",2001-07-08,170.546153846154,62.6,388.1,94.45,127.975,216.1,234.65,0,119.5,"","3044533",8804,"MILK RIVER","DATE: Jul-08<br><b>Daily precipitation</b><br>Value: 0.0 mm<br>Weather station: ",70.0690090658969,"DATE: Jul-08<br><b>Cumulative precipitation</b><br>Value: 119.5 mm<br>Anomaly: -51.0 mm<br>Percent of normal: <b>70%</b><br>Weather station: ","DATE: Jul-08<br><b>Normal cumulative precipitation</b><br>170.5 mm<br>Period: 1991-2020","DATE: Jul-08<br><b>25-75 percentile</b><br>128.0 to 216.1 mm","DATE: Jul-08<br><b>10-90 percentile</b><br>94.4 to 234.6 mm","3044533","MILK+RIVER",1994,2026
"07-09",2001-07-09,170.596153846154,62.6,388.1,94.45,127.975,216.1,234.75,NA,119.5,"","3044533",8804,"MILK RIVER","",70.0484725510089,"DATE: Jul-09<br><b>Cumulative precipitation</b><br>Value: 119.5 mm<br>Anomaly: -51.1 mm<br>Percent of normal: <b>70%</b><br>Weather station: ","DATE: Jul-09<br><b>Normal cumulative precipitation</b><br>170.6 mm<br>Period: 1991-2020","DATE: Jul-09<br><b>25-75 percentile</b><br>128.0 to 216.1 mm","DATE: Jul-09<br><b>10-90 percentile</b><br>94.4 to 234.8 mm","3044533","MILK+RIVER",1994,2026
"07-10",2001-07-10,172.688461538462,62.6,388.1,94.45,128.25,224.9,235.7,0,119.5,"","3044533",8804,"MILK RIVER","DATE: Jul-10<br><b>Daily precipitation</b><br>Value: 0.0 mm<br>Weather station: ",69.1997594601216,"DATE: Jul-10<br><b>Cumulative precipitation</b><br>Value: 119.5 mm<br>Anomaly: -53.2 mm<br>Percent of normal: <b>69%</b><br>Weather station: ","DATE: Jul-10<br><b>Normal cumulative precipitation</b><br>172.7 mm<br>Period: 1991-2020","DATE: Jul-10<br><b>25-75 percentile</b><br>128.2 to 224.9 mm","DATE: Jul-10<br><b>10-90 percentile</b><br>94.4 to 235.7 mm","3044533","MILK+RIVER",1994,2026
"07-11",2001-07-11,173.242307692308,62.6,388.1,94.45,128.25,224.9,235.85,0,119.5,"","3044533",8804,"MILK RIVER","DATE: Jul-11<br><b>Daily precipitation</b><br>Value: 0.0 mm<br>Weather station: ",68.9785316253358,"DATE: Jul-11<br><b>Cumulative precipitation</b><br>Value: 119.5 mm<br>Anomaly: -53.7 mm<br>Percent of normal: <b>69%</b><br>Weather station: ","DATE: Jul-11<br><b>Normal cumulative precipitation</b><br>173.2 mm<br>Period: 1991-2020","DATE: Jul-11<br><b>25-75 percentile</b><br>128.2 to 224.9 mm","DATE: Jul-11<br><b>10-90 percentile</b><br>94.4 to 235.8 mm","3044533","MILK+RIVER",1994,2026
"07-12",2001-07-12,173.361538461538,62.6,388.1,94.45,128.25,224.9,235.85,0,119.5,"","3044533",8804,"MILK RIVER","DATE: Jul-12<br><b>Daily precipitation</b><br>Value: 0.0 mm<br>Weather station: ",68.9310910946444,"DATE: Jul-12<br><b>Cumulative precipitation</b><br>Value: 119.5 mm<br>Anomaly: -53.9 mm<br>Percent of normal: <b>69%</b><br>Weather station: ","DATE: Jul-12<br><b>Normal cumulative precipitation</b><br>173.4 mm<br>Period: 1991-2020","DATE: Jul-12<br><b>25-75 percentile</b><br>128.2 to 224.9 mm","DATE: Jul-12<br><b>10-90 percentile</b><br>94.4 to 235.8 mm","3044533","MILK+RIVER",1994,2026
"07-13",2001-07-13,173.415384615385,62.6,388.1,94.55,128.25,224.9,235.85,0,119.5,"","3044533",8804,"MILK RIVER","DATE: Jul-13<br><b>Daily precipitation</b><br>Value: 0.0 mm<br>Weather station: ",68.9096877217885,"DATE: Jul-13<br><b>Cumulative precipitation</b><br>Value: 119.5 mm<br>Anomaly: -53.9 mm<br>Percent of normal: <b>69%</b><br>Weather station: ","DATE: Jul-13<br><b>Normal cumulative precipitation</b><br>173.4 mm<br>Period: 1991-2020","DATE: Jul-13<br><b>25-75 percentile</b><br>128.2 to 224.9 mm","DATE: Jul-13<br><b>10-90 percentile</b><br>94.6 to 235.8 mm","3044533","MILK+RIVER",1994,2026
"07-14",2001-07-14,174.25,62.6,388.1,94.75,128.25,227.525,235.85,0,119.5,"","3044533",8804,"MILK RIVER","DATE: Jul-14<br><b>Daily precipitation</b><br>Value: 0.0 mm<br>Weather station: ",68.5796269727403,"DATE: Jul-14<br><b>Cumulative precipitation</b><br>Value: 119.5 mm<br>Anomaly: -54.8 mm<br>Percent of normal: <b>69%</b><br>Weather station: ","DATE: Jul-14<br><b>Normal cumulative precipitation</b><br>174.2 mm<br>Period: 1991-2020","DATE: Jul-14<br><b>25-75 percentile</b><br>128.2 to 227.5 mm","DATE: Jul-14<br><b>10-90 percentile</b><br>94.8 to 235.8 mm","3044533","MILK+RIVER",1994,2026
"07-15",2001-07-15,175.919230769231,62.6,388.1,96.15,128.65,229.1,245.2,0,119.5,"","3044533",8804,"MILK RIVER","DATE: Jul-15<br><b>Daily precipitation</b><br>Value: 0.0 mm<br>Weather station: ",67.9289009379304,"DATE: Jul-15<br><b>Cumulative precipitation</b><br>Value: 119.5 mm<br>Anomaly: -56.4 mm<br>Percent of normal: <b>68%</b><br>Weather station: ","DATE: Jul-15<br><b>Normal cumulative precipitation</b><br>175.9 mm<br>Period: 1991-2020","DATE: Jul-15<br><b>25-75 percentile</b><br>128.6 to 229.1 mm","DATE: Jul-15<br><b>10-90 percentile</b><br>96.2 to 245.2 mm","3044533","MILK+RIVER",1994,2026
"07-16",2001-07-16,176.323076923077,62.6,388.1,97.1,128.65,229.25,245.5,0,119.5,"","3044533",8804,"MILK RIVER","DATE: Jul-16<br><b>Daily precipitation</b><br>Value: 0.0 mm<br>Weather station: ",67.7733182095803,"DATE: Jul-16<br><b>Cumulative precipitation</b><br>Value: 119.5 mm<br>Anomaly: -56.8 mm<br>Percent of normal: <b>68%</b><br>Weather station: ","DATE: Jul-16<br><b>Normal cumulative precipitation</b><br>176.3 mm<br>Period: 1991-2020","DATE: Jul-16<br><b>25-75 percentile</b><br>128.6 to 229.2 mm","DATE: Jul-16<br><b>10-90 percentile</b><br>97.1 to 245.5 mm","3044533","MILK+RIVER",1994,2026
"07-17",2001-07-17,177.484615384615,62.6,390.5,101.55,129.725,229.875,245.5,0,119.5,"","3044533",8804,"MILK RIVER","DATE: Jul-17<br><b>Daily precipitation</b><br>Value: 0.0 mm<br>Weather station: ",67.3297793958306,"DATE: Jul-17<br><b>Cumulative precipitation</b><br>Value: 119.5 mm<br>Anomaly: -58.0 mm<br>Percent of normal: <b>67%</b><br>Weather station: ","DATE: Jul-17<br><b>Normal cumulative precipitation</b><br>177.5 mm<br>Period: 1991-2020","DATE: Jul-17<br><b>25-75 percentile</b><br>129.7 to 229.9 mm","DATE: Jul-17<br><b>10-90 percentile</b><br>101.5 to 245.5 mm","3044533","MILK+RIVER",1994,2026
"07-18",2001-07-18,177.788461538462,62.6,390.5,101.75,130.025,229.875,247.9,0,119.5,"","3044533",8804,"MILK RIVER","DATE: Jul-18<br><b>Daily precipitation</b><br>Value: 0.0 mm<br>Weather station: ",67.2147106544078,"DATE: Jul-18<br><b>Cumulative precipitation</b><br>Value: 119.5 mm<br>Anomaly: -58.3 mm<br>Percent of normal: <b>67%</b><br>Weather station: ","DATE: Jul-18<br><b>Normal cumulative precipitation</b><br>177.8 mm<br>Period: 1991-2020","DATE: Jul-18<br><b>25-75 percentile</b><br>130.0 to 229.9 mm","DATE: Jul-18<br><b>10-90 percentile</b><br>101.8 to 247.9 mm","3044533","MILK+RIVER",1994,2026
"07-19",2001-07-19,178.119230769231,62.6,391.1,101.75,130.7,229.875,250.8,0,119.5,"","3044533",8804,"MILK RIVER","DATE: Jul-19<br><b>Daily precipitation</b><br>Value: 0.0 mm<br>Weather station: ",67.0898922502213,"DATE: Jul-19<br><b>Cumulative precipitation</b><br>Value: 119.5 mm<br>Anomaly: -58.6 mm<br>Percent of normal: <b>67%</b><br>Weather station: ","DATE: Jul-19<br><b>Normal cumulative precipitation</b><br>178.1 mm<br>Period: 1991-2020","DATE: Jul-19<br><b>25-75 percentile</b><br>130.7 to 229.9 mm","DATE: Jul-19<br><b>10-90 percentile</b><br>101.8 to 250.8 mm","3044533","MILK+RIVER",1994,2026
"07-20",2001-07-20,179.319230769231,63.2,391.5,101.75,130.7,229.875,251.95,0,119.5,"","3044533",8804,"MILK RIVER","DATE: Jul-20<br><b>Daily precipitation</b><br>Value: 0.0 mm<br>Weather station: ",66.6409282971924,"DATE: Jul-20<br><b>Cumulative precipitation</b><br>Value: 119.5 mm<br>Anomaly: -59.8 mm<br>Percent of normal: <b>67%</b><br>Weather station: ","DATE: Jul-20<br><b>Normal cumulative precipitation</b><br>179.3 mm<br>Period: 1991-2020","DATE: Jul-20<br><b>25-75 percentile</b><br>130.7 to 229.9 mm","DATE: Jul-20<br><b>10-90 percentile</b><br>101.8 to 252.0 mm","3044533","MILK+RIVER",1994,2026
"07-21",2001-07-21,180.280769230769,63.2,391.5,101.75,130.7,229.875,251.95,0,119.5,"","3044533",8804,"MILK RIVER","DATE: Jul-21<br><b>Daily precipitation</b><br>Value: 0.0 mm<br>Weather station: ",66.2854948477802,"DATE: Jul-21<br><b>Cumulative precipitation</b><br>Value: 119.5 mm<br>Anomaly: -60.8 mm<br>Percent of normal: <b>66%</b><br>Weather station: ","DATE: Jul-21<br><b>Normal cumulative precipitation</b><br>180.3 mm<br>Period: 1991-2020","DATE: Jul-21<br><b>25-75 percentile</b><br>130.7 to 229.9 mm","DATE: Jul-21<br><b>10-90 percentile</b><br>101.8 to 252.0 mm","3044533","MILK+RIVER",1994,2026
"07-22",2001-07-22,180.776923076923,63.4,391.5,101.75,130.7,229.875,253.4,0,119.5,"","3044533",8804,"MILK RIVER","DATE: Jul-22<br><b>Daily precipitation</b><br>Value: 0.0 mm<br>Weather station: ",66.1035700608485,"DATE: Jul-22<br><b>Cumulative precipitation</b><br>Value: 119.5 mm<br>Anomaly: -61.3 mm<br>Percent of normal: <b>66%</b><br>Weather station: ","DATE: Jul-22<br><b>Normal cumulative precipitation</b><br>180.8 mm<br>Period: 1991-2020","DATE: Jul-22<br><b>25-75 percentile</b><br>130.7 to 229.9 mm","DATE: Jul-22<br><b>10-90 percentile</b><br>101.8 to 253.4 mm","3044533","MILK+RIVER",1994,2026
"07-23",2001-07-23,182.169230769231,63.4,391.5,105.3,130.7,229.875,253.4,0,119.5,"","3044533",8804,"MILK RIVER","DATE: Jul-23<br><b>Daily precipitation</b><br>Value: 0.0 mm<br>Weather station: ",65.5983447343974,"DATE: Jul-23<br><b>Cumulative precipitation</b><br>Value: 119.5 mm<br>Anomaly: -62.7 mm<br>Percent of normal: <b>66%</b><br>Weather station: ","DATE: Jul-23<br><b>Normal cumulative precipitation</b><br>182.2 mm<br>Period: 1991-2020","DATE: Jul-23<br><b>25-75 percentile</b><br>130.7 to 229.9 mm","DATE: Jul-23<br><b>10-90 percentile</b><br>105.3 to 253.4 mm","3044533","MILK+RIVER",1994,2026
"07-24",2001-07-24,182.830769230769,63.4,391.5,106.4,131.025,229.875,253.4,0,119.5,"","3044533",8804,"MILK RIVER","DATE: Jul-24<br><b>Daily precipitation</b><br>Value: 0.0 mm<br>Weather station: ",65.3609895658028,"DATE: Jul-24<br><b>Cumulative precipitation</b><br>Value: 119.5 mm<br>Anomaly: -63.3 mm<br>Percent of normal: <b>65%</b><br>Weather station: ","DATE: Jul-24<br><b>Normal cumulative precipitation</b><br>182.8 mm<br>Period: 1991-2020","DATE: Jul-24<br><b>25-75 percentile</b><br>131.0 to 229.9 mm","DATE: Jul-24<br><b>10-90 percentile</b><br>106.4 to 253.4 mm","3044533","MILK+RIVER",1994,2026
"07-25",2001-07-25,183.157692307692,63.4,391.5,108.5,131.225,229.975,253.4,NA,119.5,"","3044533",8804,"MILK RIVER","",65.2443249826757,"DATE: Jul-25<br><b>Cumulative precipitation</b><br>Value: 119.5 mm<br>Anomaly: -63.7 mm<br>Percent of normal: <b>65%</b><br>Weather station: ","DATE: Jul-25<br><b>Normal cumulative precipitation</b><br>183.2 mm<br>Period: 1991-2020","DATE: Jul-25<br><b>25-75 percentile</b><br>131.2 to 230.0 mm","DATE: Jul-25<br><b>10-90 percentile</b><br>108.5 to 253.4 mm","3044533","MILK+RIVER",1994,2026
"07-26",2001-07-26,184.326923076923,63.4,391.7,108.5,131.225,229.975,253.4,0,119.5,"","3044533",8804,"MILK RIVER","DATE: Jul-26<br><b>Daily precipitation</b><br>Value: 0.0 mm<br>Weather station: ",64.830464267084,"DATE: Jul-26<br><b>Cumulative precipitation</b><br>Value: 119.5 mm<br>Anomaly: -64.8 mm<br>Percent of normal: <b>65%</b><br>Weather station: ","DATE: Jul-26<br><b>Normal cumulative precipitation</b><br>184.3 mm<br>Period: 1991-2020","DATE: Jul-26<br><b>25-75 percentile</b><br>131.2 to 230.0 mm","DATE: Jul-26<br><b>10-90 percentile</b><br>108.5 to 253.4 mm","3044533","MILK+RIVER",1994,2026
"07-27",2001-07-27,185.030769230769,63.4,399.7,109.2,131.375,229.975,256.4,0,119.5,"","3044533",8804,"MILK RIVER","DATE: Jul-27<br><b>Daily precipitation</b><br>Value: 0.0 mm<br>Weather station: ",64.5838529974225,"DATE: Jul-27<br><b>Cumulative precipitation</b><br>Value: 119.5 mm<br>Anomaly: -65.5 mm<br>Percent of normal: <b>65%</b><br>Weather station: ","DATE: Jul-27<br><b>Normal cumulative precipitation</b><br>185.0 mm<br>Period: 1991-2020","DATE: Jul-27<br><b>25-75 percentile</b><br>131.4 to 230.0 mm","DATE: Jul-27<br><b>10-90 percentile</b><br>109.2 to 256.4 mm","3044533","MILK+RIVER",1994,2026
"07-28",2001-07-28,185.407692307692,63.4,399.7,109.2,131.375,229.975,258.5,0,119.5,"","3044533",8804,"MILK RIVER","DATE: Jul-28<br><b>Daily precipitation</b><br>Value: 0.0 mm<br>Weather station: ",64.4525577728913,"DATE: Jul-28<br><b>Cumulative precipitation</b><br>Value: 119.5 mm<br>Anomaly: -65.9 mm<br>Percent of normal: <b>64%</b><br>Weather station: ","DATE: Jul-28<br><b>Normal cumulative precipitation</b><br>185.4 mm<br>Period: 1991-2020","DATE: Jul-28<br><b>25-75 percentile</b><br>131.4 to 230.0 mm","DATE: Jul-28<br><b>10-90 percentile</b><br>109.2 to 258.5 mm","3044533","MILK+RIVER",1994,2026
"07-29",2001-07-29,185.903846153846,63.4,400.3,109.2,131.375,230.125,259.9,0,119.5,"","3044533",8804,"MILK RIVER","DATE: Jul-29<br><b>Daily precipitation</b><br>Value: 0.0 mm<br>Weather station: ",64.2805420502741,"DATE: Jul-29<br><b>Cumulative precipitation</b><br>Value: 119.5 mm<br>Anomaly: -66.4 mm<br>Percent of normal: <b>64%</b><br>Weather station: ","DATE: Jul-29<br><b>Normal cumulative precipitation</b><br>185.9 mm<br>Period: 1991-2020","DATE: Jul-29<br><b>25-75 percentile</b><br>131.4 to 230.1 mm","DATE: Jul-29<br><b>10-90 percentile</b><br>109.2 to 259.9 mm","3044533","MILK+RIVER",1994,2026
"07-30",2001-07-30,186.034615384615,63.4,400.3,109.3,131.575,230.125,260.1,0,119.5,"","3044533",8804,"MILK RIVER","DATE: Jul-30<br><b>Daily precipitation</b><br>Value: 0.0 mm<br>Weather station: ",64.2353573569848,"DATE: Jul-30<br><b>Cumulative precipitation</b><br>Value: 119.5 mm<br>Anomaly: -66.5 mm<br>Percent of normal: <b>64%</b><br>Weather station: ","DATE: Jul-30<br><b>Normal cumulative precipitation</b><br>186.0 mm<br>Period: 1991-2020","DATE: Jul-30<br><b>25-75 percentile</b><br>131.6 to 230.1 mm","DATE: Jul-30<br><b>10-90 percentile</b><br>109.3 to 260.1 mm","3044533","MILK+RIVER",1994,2026
"07-31",2001-07-31,187.75,63.4,404.9,113.1,134.25,230.125,260.2,0,119.5,"","3044533",8804,"MILK RIVER","DATE: Jul-31<br><b>Daily precipitation</b><br>Value: 0.0 mm<br>Weather station: ",63.6484687083888,"DATE: Jul-31<br><b>Cumulative precipitation</b><br>Value: 119.5 mm<br>Anomaly: -68.2 mm<br>Percent of normal: <b>64%</b><br>Weather station: ","DATE: Jul-31<br><b>Normal cumulative precipitation</b><br>187.8 mm<br>Period: 1991-2020","DATE: Jul-31<br><b>25-75 percentile</b><br>134.2 to 230.1 mm","DATE: Jul-31<br><b>10-90 percentile</b><br>113.1 to 260.2 mm","3044533","MILK+RIVER",1994,2026
"08-01",2001-08-01,188.180769230769,63.4,404.9,113.1,134.4,230.125,261.45,0,119.5,"","3044533",8804,"MILK RIVER","DATE: Aug-01<br><b>Daily precipitation</b><br>Value: 0.0 mm<br>Weather station: ",63.502769432011,"DATE: Aug-01<br><b>Cumulative precipitation</b><br>Value: 119.5 mm<br>Anomaly: -68.7 mm<br>Percent of normal: <b>64%</b><br>Weather station: ","DATE: Aug-01<br><b>Normal cumulative precipitation</b><br>188.2 mm<br>Period: 1991-2020","DATE: Aug-01<br><b>25-75 percentile</b><br>134.4 to 230.1 mm","DATE: Aug-01<br><b>10-90 percentile</b><br>113.1 to 261.5 mm","3044533","MILK+RIVER",1994,2026
"08-02",2001-08-02,190.05,63.4,404.9,113.1,134.4,230.125,273.5,0,119.5,"","3044533",8804,"MILK RIVER","DATE: Aug-02<br><b>Daily precipitation</b><br>Value: 0.0 mm<br>Weather station: ",62.8781899500132,"DATE: Aug-02<br><b>Cumulative precipitation</b><br>Value: 119.5 mm<br>Anomaly: -70.6 mm<br>Percent of normal: <b>63%</b><br>Weather station: ","DATE: Aug-02<br><b>Normal cumulative precipitation</b><br>190.0 mm<br>Period: 1991-2020","DATE: Aug-02<br><b>25-75 percentile</b><br>134.4 to 230.1 mm","DATE: Aug-02<br><b>10-90 percentile</b><br>113.1 to 273.5 mm","3044533","MILK+RIVER",1994,2026
"08-03",2001-08-03,190.469230769231,63.4,404.9,113.1,134.85,230.125,273.6,0,119.5,"","3044533",8804,"MILK RIVER","DATE: Aug-03<br><b>Daily precipitation</b><br>Value: 0.0 mm<br>Weather station: ",62.7397924154921,"DATE: Aug-03<br><b>Cumulative precipitation</b><br>Value: 119.5 mm<br>Anomaly: -71.0 mm<br>Percent of normal: <b>63%</b><br>Weather station: ","DATE: Aug-03<br><b>Normal cumulative precipitation</b><br>190.5 mm<br>Period: 1991-2020","DATE: Aug-03<br><b>25-75 percentile</b><br>134.9 to 230.1 mm","DATE: Aug-03<br><b>10-90 percentile</b><br>113.1 to 273.6 mm","3044533","MILK+RIVER",1994,2026
"08-04",2001-08-04,191.146153846154,64.4,404.9,113.1,134.85,230.125,273.6,0,119.5,"","3044533",8804,"MILK RIVER","DATE: Aug-04<br><b>Daily precipitation</b><br>Value: 0.0 mm<br>Weather station: ",62.5176063423075,"DATE: Aug-04<br><b>Cumulative precipitation</b><br>Value: 119.5 mm<br>Anomaly: -71.6 mm<br>Percent of normal: <b>63%</b><br>Weather station: ","DATE: Aug-04<br><b>Normal cumulative precipitation</b><br>191.1 mm<br>Period: 1991-2020","DATE: Aug-04<br><b>25-75 percentile</b><br>134.9 to 230.1 mm","DATE: Aug-04<br><b>10-90 percentile</b><br>113.1 to 273.6 mm","3044533","MILK+RIVER",1994,2026
"08-05",2001-08-05,191.469230769231,65,410.5,113.2,135.9,230.125,273.6,0,119.5,"","3044533",8804,"MILK RIVER","DATE: Aug-05<br><b>Daily precipitation</b><br>Value: 0.0 mm<br>Weather station: ",62.4121168293761,"DATE: Aug-05<br><b>Cumulative precipitation</b><br>Value: 119.5 mm<br>Anomaly: -72.0 mm<br>Percent of normal: <b>62%</b><br>Weather station: ","DATE: Aug-05<br><b>Normal cumulative precipitation</b><br>191.5 mm<br>Period: 1991-2020","DATE: Aug-05<br><b>25-75 percentile</b><br>135.9 to 230.1 mm","DATE: Aug-05<br><b>10-90 percentile</b><br>113.2 to 273.6 mm","3044533","MILK+RIVER",1994,2026
"08-06",2001-08-06,191.746153846154,65,411.3,113.3,135.9,230.125,273.6,0,119.5,NA,"3044533",8804,"MILK RIVER","DATE: Aug-06<br><b>Daily precipitation</b><br>Value: 0.0 mm<br>Weather station: NA",62.3219801821318,"DATE: Aug-06<br><b>Cumulative precipitation</b><br>Value: 119.5 mm<br>Anomaly: -72.2 mm<br>Percent of normal: <b>62%</b><br>Weather station: NA","DATE: Aug-06<br><b>Normal cumulative precipitation</b><br>191.7 mm<br>Period: 1991-2020","DATE: Aug-06<br><b>25-75 percentile</b><br>135.9 to 230.1 mm","DATE: Aug-06<br><b>10-90 percentile</b><br>113.3 to 273.6 mm","3044533","MILK+RIVER",1994,2026
"08-07",2001-08-07,193.192307692308,66.4,411.3,113.4,136.45,230.625,274.45,NA,NA,NA,NA,NA,NA,"",NA,"","DATE: Aug-07<br><b>Normal cumulative precipitation</b><br>193.2 mm<br>Period: 1991-2020","DATE: Aug-07<br><b>25-75 percentile</b><br>136.4 to 230.6 mm","DATE: Aug-07<br><b>10-90 percentile</b><br>113.4 to 274.5 mm","3044533","MILK+RIVER",1994,2026
"08-08",2001-08-08,193.873076923077,66.4,411.3,113.4,136.45,234.675,274.7,NA,NA,NA,NA,NA,NA,"",NA,"","DATE: Aug-08<br><b>Normal cumulative precipitation</b><br>193.9 mm<br>Period: 1991-2020","DATE: Aug-08<br><b>25-75 percentile</b><br>136.4 to 234.7 mm","DATE: Aug-08<br><b>10-90 percentile</b><br>113.4 to 274.7 mm","3044533","MILK+RIVER",1994,2026
"08-09",2001-08-09,195.084615384615,66.4,411.3,113.4,136.45,243.15,274.7,NA,NA,NA,NA,NA,NA,"",NA,"","DATE: Aug-09<br><b>Normal cumulative precipitation</b><br>195.1 mm<br>Period: 1991-2020","DATE: Aug-09<br><b>25-75 percentile</b><br>136.4 to 243.1 mm","DATE: Aug-09<br><b>10-90 percentile</b><br>113.4 to 274.7 mm","3044533","MILK+RIVER",1994,2026
"08-10",2001-08-10,196.415384615385,66.4,420.9,113.4,136.45,243.3,274.7,NA,NA,NA,NA,NA,NA,"",NA,"","DATE: Aug-10<br><b>Normal cumulative precipitation</b><br>196.4 mm<br>Period: 1991-2020","DATE: Aug-10<br><b>25-75 percentile</b><br>136.4 to 243.3 mm","DATE: Aug-10<br><b>10-90 percentile</b><br>113.4 to 274.7 mm","3044533","MILK+RIVER",1994,2026
"08-11",2001-08-11,199.323076923077,71.8,421.9,122.2,136.7,243.3,274.7,NA,NA,NA,NA,NA,NA,"",NA,"","DATE: Aug-11<br><b>Normal cumulative precipitation</b><br>199.3 mm<br>Period: 1991-2020","DATE: Aug-11<br><b>25-75 percentile</b><br>136.7 to 243.3 mm","DATE: Aug-11<br><b>10-90 percentile</b><br>122.2 to 274.7 mm","3044533","MILK+RIVER",1994,2026
"08-12",2001-08-12,200.842307692308,71.8,421.9,122.3,136.7,244.05,274.8,NA,NA,NA,NA,NA,NA,"",NA,"","DATE: Aug-12<br><b>Normal cumulative precipitation</b><br>200.8 mm<br>Period: 1991-2020","DATE: Aug-12<br><b>25-75 percentile</b><br>136.7 to 244.0 mm","DATE: Aug-12<br><b>10-90 percentile</b><br>122.3 to 274.8 mm","3044533","MILK+RIVER",1994,2026
"08-13",2001-08-13,201.919230769231,71.8,421.9,122.5,137.25,244.2,274.8,NA,NA,NA,NA,NA,NA,"",NA,"","DATE: Aug-13<br><b>Normal cumulative precipitation</b><br>201.9 mm<br>Period: 1991-2020","DATE: Aug-13<br><b>25-75 percentile</b><br>137.2 to 244.2 mm","DATE: Aug-13<br><b>10-90 percentile</b><br>122.5 to 274.8 mm","3044533","MILK+RIVER",1994,2026
"08-14",2001-08-14,202.876923076923,71.8,423.1,123.95,137.25,250.2,275,NA,NA,NA,NA,NA,NA,"",NA,"","DATE: Aug-14<br><b>Normal cumulative precipitation</b><br>202.9 mm<br>Period: 1991-2020","DATE: Aug-14<br><b>25-75 percentile</b><br>137.2 to 250.2 mm","DATE: Aug-14<br><b>10-90 percentile</b><br>124.0 to 275.0 mm","3044533","MILK+RIVER",1994,2026
"08-15",2001-08-15,203.465384615385,71.8,423.3,124.05,137.25,251.7,275.5,NA,NA,NA,NA,NA,NA,"",NA,"","DATE: Aug-15<br><b>Normal cumulative precipitation</b><br>203.5 mm<br>Period: 1991-2020","DATE: Aug-15<br><b>25-75 percentile</b><br>137.2 to 251.7 mm","DATE: Aug-15<br><b>10-90 percentile</b><br>124.0 to 275.5 mm","3044533","MILK+RIVER",1994,2026
"08-16",2001-08-16,204.526923076923,71.8,434.1,126.95,138.15,251.7,275.6,NA,NA,NA,NA,NA,NA,"",NA,"","DATE: Aug-16<br><b>Normal cumulative precipitation</b><br>204.5 mm<br>Period: 1991-2020","DATE: Aug-16<br><b>25-75 percentile</b><br>138.2 to 251.7 mm","DATE: Aug-16<br><b>10-90 percentile</b><br>126.9 to 275.6 mm","3044533","MILK+RIVER",1994,2026
"08-17",2001-08-17,204.880769230769,71.8,434.1,127.6,138.15,251.7,275.9,NA,NA,NA,NA,NA,NA,"",NA,"","DATE: Aug-17<br><b>Normal cumulative precipitation</b><br>204.9 mm<br>Period: 1991-2020","DATE: Aug-17<br><b>25-75 percentile</b><br>138.2 to 251.7 mm","DATE: Aug-17<br><b>10-90 percentile</b><br>127.6 to 275.9 mm","3044533","MILK+RIVER",1994,2026
"08-18",2001-08-18,205.473076923077,71.8,435.5,129.95,138.15,253.375,276.4,NA,NA,NA,NA,NA,NA,"",NA,"","DATE: Aug-18<br><b>Normal cumulative precipitation</b><br>205.5 mm<br>Period: 1991-2020","DATE: Aug-18<br><b>25-75 percentile</b><br>138.2 to 253.4 mm","DATE: Aug-18<br><b>10-90 percentile</b><br>129.9 to 276.4 mm","3044533","MILK+RIVER",1994,2026
"08-19",2001-08-19,205.807692307692,71.8,435.5,130.3,139.5,253.425,276.4,NA,NA,NA,NA,NA,NA,"",NA,"","DATE: Aug-19<br><b>Normal cumulative precipitation</b><br>205.8 mm<br>Period: 1991-2020","DATE: Aug-19<br><b>25-75 percentile</b><br>139.5 to 253.4 mm","DATE: Aug-19<br><b>10-90 percentile</b><br>130.3 to 276.4 mm","3044533","MILK+RIVER",1994,2026
"08-20",2001-08-20,205.996153846154,71.8,435.5,130.3,139.875,253.425,276.4,NA,NA,NA,NA,NA,NA,"",NA,"","DATE: Aug-20<br><b>Normal cumulative precipitation</b><br>206.0 mm<br>Period: 1991-2020","DATE: Aug-20<br><b>25-75 percentile</b><br>139.9 to 253.4 mm","DATE: Aug-20<br><b>10-90 percentile</b><br>130.3 to 276.4 mm","3044533","MILK+RIVER",1994,2026
"08-21",2001-08-21,206.384615384615,71.8,435.5,130.8,139.875,253.425,276.4,NA,NA,NA,NA,NA,NA,"",NA,"","DATE: Aug-21<br><b>Normal cumulative precipitation</b><br>206.4 mm<br>Period: 1991-2020","DATE: Aug-21<br><b>25-75 percentile</b><br>139.9 to 253.4 mm","DATE: Aug-21<br><b>10-90 percentile</b><br>130.8 to 276.4 mm","3044533","MILK+RIVER",1994,2026
"08-22",2001-08-22,207.373076923077,71.8,435.5,131.45,139.875,253.425,276.4,NA,NA,NA,NA,NA,NA,"",NA,"","DATE: Aug-22<br><b>Normal cumulative precipitation</b><br>207.4 mm<br>Period: 1991-2020","DATE: Aug-22<br><b>25-75 percentile</b><br>139.9 to 253.4 mm","DATE: Aug-22<br><b>10-90 percentile</b><br>131.4 to 276.4 mm","3044533","MILK+RIVER",1994,2026
"08-23",2001-08-23,208.738461538462,71.8,435.5,131.45,139.875,253.575,276.6,NA,NA,NA,NA,NA,NA,"",NA,"","DATE: Aug-23<br><b>Normal cumulative precipitation</b><br>208.7 mm<br>Period: 1991-2020","DATE: Aug-23<br><b>25-75 percentile</b><br>139.9 to 253.6 mm","DATE: Aug-23<br><b>10-90 percentile</b><br>131.4 to 276.6 mm","3044533","MILK+RIVER",1994,2026
"08-24",2001-08-24,210.357692307692,71.8,435.5,131.45,139.875,254.625,294.55,NA,NA,NA,NA,NA,NA,"",NA,"","DATE: Aug-24<br><b>Normal cumulative precipitation</b><br>210.4 mm<br>Period: 1991-2020","DATE: Aug-24<br><b>25-75 percentile</b><br>139.9 to 254.6 mm","DATE: Aug-24<br><b>10-90 percentile</b><br>131.4 to 294.6 mm","3044533","MILK+RIVER",1994,2026
"08-25",2001-08-25,210.9,71.8,435.5,131.45,142.525,254.625,294.65,NA,NA,NA,NA,NA,NA,"",NA,"","DATE: Aug-25<br><b>Normal cumulative precipitation</b><br>210.9 mm<br>Period: 1991-2020","DATE: Aug-25<br><b>25-75 percentile</b><br>142.5 to 254.6 mm","DATE: Aug-25<br><b>10-90 percentile</b><br>131.4 to 294.6 mm","3044533","MILK+RIVER",1994,2026
"08-26",2001-08-26,211.673076923077,71.8,436.1,131.55,142.525,254.625,294.65,NA,NA,NA,NA,NA,NA,"",NA,"","DATE: Aug-26<br><b>Normal cumulative precipitation</b><br>211.7 mm<br>Period: 1991-2020","DATE: Aug-26<br><b>25-75 percentile</b><br>142.5 to 254.6 mm","DATE: Aug-26<br><b>10-90 percentile</b><br>131.6 to 294.6 mm","3044533","MILK+RIVER",1994,2026
"08-27",2001-08-27,213.042307692308,71.8,438.9,131.55,147.525,254.625,294.65,NA,NA,NA,NA,NA,NA,"",NA,"","DATE: Aug-27<br><b>Normal cumulative precipitation</b><br>213.0 mm<br>Period: 1991-2020","DATE: Aug-27<br><b>25-75 percentile</b><br>147.5 to 254.6 mm","DATE: Aug-27<br><b>10-90 percentile</b><br>131.6 to 294.6 mm","3044533","MILK+RIVER",1994,2026
"08-28",2001-08-28,213.653846153846,71.8,438.9,131.55,147.575,254.625,294.65,NA,NA,NA,NA,NA,NA,"",NA,"","DATE: Aug-28<br><b>Normal cumulative precipitation</b><br>213.7 mm<br>Period: 1991-2020","DATE: Aug-28<br><b>25-75 percentile</b><br>147.6 to 254.6 mm","DATE: Aug-28<br><b>10-90 percentile</b><br>131.6 to 294.6 mm","3044533","MILK+RIVER",1994,2026
"08-29",2001-08-29,213.988461538462,71.8,438.9,131.55,147.8,254.625,294.65,NA,NA,NA,NA,NA,NA,"",NA,"","DATE: Aug-29<br><b>Normal cumulative precipitation</b><br>214.0 mm<br>Period: 1991-2020","DATE: Aug-29<br><b>25-75 percentile</b><br>147.8 to 254.6 mm","DATE: Aug-29<br><b>10-90 percentile</b><br>131.6 to 294.6 mm","3044533","MILK+RIVER",1994,2026
"08-30",2001-08-30,214.473076923077,76.8,438.9,131.55,148.4,254.625,294.65,NA,NA,NA,NA,NA,NA,"",NA,"","DATE: Aug-30<br><b>Normal cumulative precipitation</b><br>214.5 mm<br>Period: 1991-2020","DATE: Aug-30<br><b>25-75 percentile</b><br>148.4 to 254.6 mm","DATE: Aug-30<br><b>10-90 percentile</b><br>131.6 to 294.6 mm","3044533","MILK+RIVER",1994,2026
"08-31",2001-08-31,215.734615384615,76.8,438.9,131.55,148.4,258.025,294.65,NA,NA,NA,NA,NA,NA,"",NA,"","DATE: Aug-31<br><b>Normal cumulative precipitation</b><br>215.7 mm<br>Period: 1991-2020","DATE: Aug-31<br><b>25-75 percentile</b><br>148.4 to 258.0 mm","DATE: Aug-31<br><b>10-90 percentile</b><br>131.6 to 294.6 mm","3044533","MILK+RIVER",1994,2026
"09-01",2001-09-01,216.719230769231,77.2,440.3,131.55,148.4,267.6,294.65,NA,NA,NA,NA,NA,NA,"",NA,"","DATE: Sep-01<br><b>Normal cumulative precipitation</b><br>216.7 mm<br>Period: 1991-2020","DATE: Sep-01<br><b>25-75 percentile</b><br>148.4 to 267.6 mm","DATE: Sep-01<br><b>10-90 percentile</b><br>131.6 to 294.6 mm","3044533","MILK+RIVER",1994,2026
"09-02",2001-09-02,217.169230769231,87.6,440.3,131.65,148.4,267.6,294.65,NA,NA,NA,NA,NA,NA,"",NA,"","DATE: Sep-02<br><b>Normal cumulative precipitation</b><br>217.2 mm<br>Period: 1991-2020","DATE: Sep-02<br><b>25-75 percentile</b><br>148.4 to 267.6 mm","DATE: Sep-02<br><b>10-90 percentile</b><br>131.6 to 294.6 mm","3044533","MILK+RIVER",1994,2026
"09-03",2001-09-03,218.057692307692,87.8,440.3,135.75,148.55,267.6,296.75,NA,NA,NA,NA,NA,NA,"",NA,"","DATE: Sep-03<br><b>Normal cumulative precipitation</b><br>218.1 mm<br>Period: 1991-2020","DATE: Sep-03<br><b>25-75 percentile</b><br>148.5 to 267.6 mm","DATE: Sep-03<br><b>10-90 percentile</b><br>135.8 to 296.8 mm","3044533","MILK+RIVER",1994,2026
"09-04",2001-09-04,219.130769230769,87.8,443.1,137.1,154.55,267.75,296.75,NA,NA,NA,NA,NA,NA,"",NA,"","DATE: Sep-04<br><b>Normal cumulative precipitation</b><br>219.1 mm<br>Period: 1991-2020","DATE: Sep-04<br><b>25-75 percentile</b><br>154.5 to 267.8 mm","DATE: Sep-04<br><b>10-90 percentile</b><br>137.1 to 296.8 mm","3044533","MILK+RIVER",1994,2026
"09-05",2001-09-05,221.584615384615,88.4,446.1,137.1,160.35,268.125,298.45,NA,NA,NA,NA,NA,NA,"",NA,"","DATE: Sep-05<br><b>Normal cumulative precipitation</b><br>221.6 mm<br>Period: 1991-2020","DATE: Sep-05<br><b>25-75 percentile</b><br>160.3 to 268.1 mm","DATE: Sep-05<br><b>10-90 percentile</b><br>137.1 to 298.5 mm","3044533","MILK+RIVER",1994,2026
"09-06",2001-09-06,223.134615384615,89.6,448.1,137.3,160.35,268.275,302.1,NA,NA,NA,NA,NA,NA,"",NA,"","DATE: Sep-06<br><b>Normal cumulative precipitation</b><br>223.1 mm<br>Period: 1991-2020","DATE: Sep-06<br><b>25-75 percentile</b><br>160.3 to 268.3 mm","DATE: Sep-06<br><b>10-90 percentile</b><br>137.3 to 302.1 mm","3044533","MILK+RIVER",1994,2026
"09-07",2001-09-07,224.680769230769,89.6,457.9,137.3,162.15,269,305.05,NA,NA,NA,NA,NA,NA,"",NA,"","DATE: Sep-07<br><b>Normal cumulative precipitation</b><br>224.7 mm<br>Period: 1991-2020","DATE: Sep-07<br><b>25-75 percentile</b><br>162.2 to 269.0 mm","DATE: Sep-07<br><b>10-90 percentile</b><br>137.3 to 305.0 mm","3044533","MILK+RIVER",1994,2026
"09-08",2001-09-08,225.2,89.6,457.9,138.7,162.3,269,308.85,NA,NA,NA,NA,NA,NA,"",NA,"","DATE: Sep-08<br><b>Normal cumulative precipitation</b><br>225.2 mm<br>Period: 1991-2020","DATE: Sep-08<br><b>25-75 percentile</b><br>162.3 to 269.0 mm","DATE: Sep-08<br><b>10-90 percentile</b><br>138.7 to 308.8 mm","3044533","MILK+RIVER",1994,2026
"09-09",2001-09-09,226.857692307692,89.6,457.9,138.95,163.425,269.75,310.75,NA,NA,NA,NA,NA,NA,"",NA,"","DATE: Sep-09<br><b>Normal cumulative precipitation</b><br>226.9 mm<br>Period: 1991-2020","DATE: Sep-09<br><b>25-75 percentile</b><br>163.4 to 269.8 mm","DATE: Sep-09<br><b>10-90 percentile</b><br>138.9 to 310.8 mm","3044533","MILK+RIVER",1994,2026
"09-10",2001-09-10,229.265384615385,89.6,457.9,138.95,165.225,278.25,325.9,NA,NA,NA,NA,NA,NA,"",NA,"","DATE: Sep-10<br><b>Normal cumulative precipitation</b><br>229.3 mm<br>Period: 1991-2020","DATE: Sep-10<br><b>25-75 percentile</b><br>165.2 to 278.2 mm","DATE: Sep-10<br><b>10-90 percentile</b><br>138.9 to 325.9 mm","3044533","MILK+RIVER",1994,2026
"09-11",2001-09-11,230.4,89.8,457.9,138.95,165.375,278.475,326,NA,NA,NA,NA,NA,NA,"",NA,"","DATE: Sep-11<br><b>Normal cumulative precipitation</b><br>230.4 mm<br>Period: 1991-2020","DATE: Sep-11<br><b>25-75 percentile</b><br>165.4 to 278.5 mm","DATE: Sep-11<br><b>10-90 percentile</b><br>138.9 to 326.0 mm","3044533","MILK+RIVER",1994,2026
"09-12",2001-09-12,231.365384615385,89.8,457.9,140.2,165.5,278.475,326,NA,NA,NA,NA,NA,NA,"",NA,"","DATE: Sep-12<br><b>Normal cumulative precipitation</b><br>231.4 mm<br>Period: 1991-2020","DATE: Sep-12<br><b>25-75 percentile</b><br>165.5 to 278.5 mm","DATE: Sep-12<br><b>10-90 percentile</b><br>140.2 to 326.0 mm","3044533","MILK+RIVER",1994,2026
"09-13",2001-09-13,232.638461538462,89.8,457.9,140.2,165.5,278.475,326,NA,NA,NA,NA,NA,NA,"",NA,"","DATE: Sep-13<br><b>Normal cumulative precipitation</b><br>232.6 mm<br>Period: 1991-2020","DATE: Sep-13<br><b>25-75 percentile</b><br>165.5 to 278.5 mm","DATE: Sep-13<br><b>10-90 percentile</b><br>140.2 to 326.0 mm","3044533","MILK+RIVER",1994,2026
"09-14",2001-09-14,233.123076923077,89.8,457.9,140.2,165.725,278.475,326,NA,NA,NA,NA,NA,NA,"",NA,"","DATE: Sep-14<br><b>Normal cumulative precipitation</b><br>233.1 mm<br>Period: 1991-2020","DATE: Sep-14<br><b>25-75 percentile</b><br>165.7 to 278.5 mm","DATE: Sep-14<br><b>10-90 percentile</b><br>140.2 to 326.0 mm","3044533","MILK+RIVER",1994,2026
"09-15",2001-09-15,233.642307692308,89.8,457.9,140.2,165.875,278.475,326,NA,NA,NA,NA,NA,NA,"",NA,"","DATE: Sep-15<br><b>Normal cumulative precipitation</b><br>233.6 mm<br>Period: 1991-2020","DATE: Sep-15<br><b>25-75 percentile</b><br>165.9 to 278.5 mm","DATE: Sep-15<br><b>10-90 percentile</b><br>140.2 to 326.0 mm","3044533","MILK+RIVER",1994,2026
"09-16",2001-09-16,234.138461538462,89.8,457.9,140.35,169.375,278.475,326.35,NA,NA,NA,NA,NA,NA,"",NA,"","DATE: Sep-16<br><b>Normal cumulative precipitation</b><br>234.1 mm<br>Period: 1991-2020","DATE: Sep-16<br><b>25-75 percentile</b><br>169.4 to 278.5 mm","DATE: Sep-16<br><b>10-90 percentile</b><br>140.3 to 326.4 mm","3044533","MILK+RIVER",1994,2026
"09-17",2001-09-17,236.484615384615,89.8,458.1,154.15,176,278.475,328.05,NA,NA,NA,NA,NA,NA,"",NA,"","DATE: Sep-17<br><b>Normal cumulative precipitation</b><br>236.5 mm<br>Period: 1991-2020","DATE: Sep-17<br><b>25-75 percentile</b><br>176.0 to 278.5 mm","DATE: Sep-17<br><b>10-90 percentile</b><br>154.2 to 328.0 mm","3044533","MILK+RIVER",1994,2026
"09-18",2001-09-18,237.846153846154,91.8,458.5,154.75,176.8,278.775,333.8,NA,NA,NA,NA,NA,NA,"",NA,"","DATE: Sep-18<br><b>Normal cumulative precipitation</b><br>237.8 mm<br>Period: 1991-2020","DATE: Sep-18<br><b>25-75 percentile</b><br>176.8 to 278.8 mm","DATE: Sep-18<br><b>10-90 percentile</b><br>154.8 to 333.8 mm","3044533","MILK+RIVER",1994,2026
"09-19",2001-09-19,239.407692307692,92.8,458.5,157.3,181.8,278.825,334.2,NA,NA,NA,NA,NA,NA,"",NA,"","DATE: Sep-19<br><b>Normal cumulative precipitation</b><br>239.4 mm<br>Period: 1991-2020","DATE: Sep-19<br><b>25-75 percentile</b><br>181.8 to 278.8 mm","DATE: Sep-19<br><b>10-90 percentile</b><br>157.3 to 334.2 mm","3044533","MILK+RIVER",1994,2026
"09-20",2001-09-20,240.573076923077,94.8,461.9,157.3,181.95,278.875,334.45,NA,NA,NA,NA,NA,NA,"",NA,"","DATE: Sep-20<br><b>Normal cumulative precipitation</b><br>240.6 mm<br>Period: 1991-2020","DATE: Sep-20<br><b>25-75 percentile</b><br>182.0 to 278.9 mm","DATE: Sep-20<br><b>10-90 percentile</b><br>157.3 to 334.4 mm","3044533","MILK+RIVER",1994,2026
"09-21",2001-09-21,241.896153846154,98.4,461.9,157.3,182.55,278.975,335.25,NA,NA,NA,NA,NA,NA,"",NA,"","DATE: Sep-21<br><b>Normal cumulative precipitation</b><br>241.9 mm<br>Period: 1991-2020","DATE: Sep-21<br><b>25-75 percentile</b><br>182.5 to 279.0 mm","DATE: Sep-21<br><b>10-90 percentile</b><br>157.3 to 335.2 mm","3044533","MILK+RIVER",1994,2026
"09-22",2001-09-22,242.734615384615,99,462.1,157.3,182.65,279.125,335.25,NA,NA,NA,NA,NA,NA,"",NA,"","DATE: Sep-22<br><b>Normal cumulative precipitation</b><br>242.7 mm<br>Period: 1991-2020","DATE: Sep-22<br><b>25-75 percentile</b><br>182.6 to 279.1 mm","DATE: Sep-22<br><b>10-90 percentile</b><br>157.3 to 335.2 mm","3044533","MILK+RIVER",1994,2026
"09-23",2001-09-23,244.111538461538,99,462.7,157.3,187.475,279.125,335.35,NA,NA,NA,NA,NA,NA,"",NA,"","DATE: Sep-23<br><b>Normal cumulative precipitation</b><br>244.1 mm<br>Period: 1991-2020","DATE: Sep-23<br><b>25-75 percentile</b><br>187.5 to 279.1 mm","DATE: Sep-23<br><b>10-90 percentile</b><br>157.3 to 335.4 mm","3044533","MILK+RIVER",1994,2026
"09-24",2001-09-24,244.326923076923,99,466.5,157.45,187.475,279.125,335.35,NA,NA,NA,NA,NA,NA,"",NA,"","DATE: Sep-24<br><b>Normal cumulative precipitation</b><br>244.3 mm<br>Period: 1991-2020","DATE: Sep-24<br><b>25-75 percentile</b><br>187.5 to 279.1 mm","DATE: Sep-24<br><b>10-90 percentile</b><br>157.4 to 335.4 mm","3044533","MILK+RIVER",1994,2026
"09-25",2001-09-25,244.869230769231,99,466.7,157.55,187.525,281.375,339.8,NA,NA,NA,NA,NA,NA,"",NA,"","DATE: Sep-25<br><b>Normal cumulative precipitation</b><br>244.9 mm<br>Period: 1991-2020","DATE: Sep-25<br><b>25-75 percentile</b><br>187.5 to 281.4 mm","DATE: Sep-25<br><b>10-90 percentile</b><br>157.6 to 339.8 mm","3044533","MILK+RIVER",1994,2026
"09-26",2001-09-26,245.123076923077,99,466.7,157.65,187.725,283.475,339.9,NA,NA,NA,NA,NA,NA,"",NA,"","DATE: Sep-26<br><b>Normal cumulative precipitation</b><br>245.1 mm<br>Period: 1991-2020","DATE: Sep-26<br><b>25-75 percentile</b><br>187.7 to 283.5 mm","DATE: Sep-26<br><b>10-90 percentile</b><br>157.6 to 339.9 mm","3044533","MILK+RIVER",1994,2026
"09-27",2001-09-27,245.553846153846,99,469.5,157.75,187.725,283.625,339.9,NA,NA,NA,NA,NA,NA,"",NA,"","DATE: Sep-27<br><b>Normal cumulative precipitation</b><br>245.6 mm<br>Period: 1991-2020","DATE: Sep-27<br><b>25-75 percentile</b><br>187.7 to 283.6 mm","DATE: Sep-27<br><b>10-90 percentile</b><br>157.8 to 339.9 mm","3044533","MILK+RIVER",1994,2026
"09-28",2001-09-28,245.980769230769,99,469.7,162.2,187.725,283.625,340.6,NA,NA,NA,NA,NA,NA,"",NA,"","DATE: Sep-28<br><b>Normal cumulative precipitation</b><br>246.0 mm<br>Period: 1991-2020","DATE: Sep-28<br><b>25-75 percentile</b><br>187.7 to 283.6 mm","DATE: Sep-28<br><b>10-90 percentile</b><br>162.2 to 340.6 mm","3044533","MILK+RIVER",1994,2026
"09-29",2001-09-29,246.969230769231,99,469.7,163.4,189.55,283.825,340.7,NA,NA,NA,NA,NA,NA,"",NA,"","DATE: Sep-29<br><b>Normal cumulative precipitation</b><br>247.0 mm<br>Period: 1991-2020","DATE: Sep-29<br><b>25-75 percentile</b><br>189.5 to 283.8 mm","DATE: Sep-29<br><b>10-90 percentile</b><br>163.4 to 340.7 mm","3044533","MILK+RIVER",1994,2026
"09-30",2001-09-30,247.6,99,478.9,163.4,190.4,283.825,340.7,NA,NA,NA,NA,NA,NA,"",NA,"","DATE: Sep-30<br><b>Normal cumulative precipitation</b><br>247.6 mm<br>Period: 1991-2020","DATE: Sep-30<br><b>25-75 percentile</b><br>190.4 to 283.8 mm","DATE: Sep-30<br><b>10-90 percentile</b><br>163.4 to 340.7 mm","3044533","MILK+RIVER",1994,2026
"10-01",2001-10-01,248.126923076923,99,479.1,163.4,191.75,283.825,340.7,NA,NA,NA,NA,NA,NA,"",NA,"","DATE: Oct-01<br><b>Normal cumulative precipitation</b><br>248.1 mm<br>Period: 1991-2020","DATE: Oct-01<br><b>25-75 percentile</b><br>191.8 to 283.8 mm","DATE: Oct-01<br><b>10-90 percentile</b><br>163.4 to 340.7 mm","3044533","MILK+RIVER",1994,2026
"10-02",2001-10-02,249.742307692308,99,479.1,163.55,191.9,291.4,340.7,NA,NA,NA,NA,NA,NA,"",NA,"","DATE: Oct-02<br><b>Normal cumulative precipitation</b><br>249.7 mm<br>Period: 1991-2020","DATE: Oct-02<br><b>25-75 percentile</b><br>191.9 to 291.4 mm","DATE: Oct-02<br><b>10-90 percentile</b><br>163.6 to 340.7 mm","3044533","MILK+RIVER",1994,2026
"10-03",2001-10-03,251.696153846154,99,479.1,163.55,196.65,291.55,340.7,NA,NA,NA,NA,NA,NA,"",NA,"","DATE: Oct-03<br><b>Normal cumulative precipitation</b><br>251.7 mm<br>Period: 1991-2020","DATE: Oct-03<br><b>25-75 percentile</b><br>196.6 to 291.6 mm","DATE: Oct-03<br><b>10-90 percentile</b><br>163.6 to 340.7 mm","3044533","MILK+RIVER",1994,2026
"10-04",2001-10-04,252.980769230769,99,483.3,166.25,196.825,291.55,341.4,NA,NA,NA,NA,NA,NA,"",NA,"","DATE: Oct-04<br><b>Normal cumulative precipitation</b><br>253.0 mm<br>Period: 1991-2020","DATE: Oct-04<br><b>25-75 percentile</b><br>196.8 to 291.6 mm","DATE: Oct-04<br><b>10-90 percentile</b><br>166.2 to 341.4 mm","3044533","MILK+RIVER",1994,2026
"10-05",2001-10-05,253.423076923077,99.6,483.3,166.45,196.825,291.55,342.25,NA,NA,NA,NA,NA,NA,"",NA,"","DATE: Oct-05<br><b>Normal cumulative precipitation</b><br>253.4 mm<br>Period: 1991-2020","DATE: Oct-05<br><b>25-75 percentile</b><br>196.8 to 291.6 mm","DATE: Oct-05<br><b>10-90 percentile</b><br>166.4 to 342.2 mm","3044533","MILK+RIVER",1994,2026
"10-06",2001-10-06,255.030769230769,99.6,483.3,166.95,196.825,293.8,342.25,NA,NA,NA,NA,NA,NA,"",NA,"","DATE: Oct-06<br><b>Normal cumulative precipitation</b><br>255.0 mm<br>Period: 1991-2020","DATE: Oct-06<br><b>25-75 percentile</b><br>196.8 to 293.8 mm","DATE: Oct-06<br><b>10-90 percentile</b><br>166.9 to 342.2 mm","3044533","MILK+RIVER",1994,2026
"10-07",2001-10-07,255.492307692308,99.6,486.7,167.35,197.2,296.125,342.25,NA,NA,NA,NA,NA,NA,"",NA,"","DATE: Oct-07<br><b>Normal cumulative precipitation</b><br>255.5 mm<br>Period: 1991-2020","DATE: Oct-07<br><b>25-75 percentile</b><br>197.2 to 296.1 mm","DATE: Oct-07<br><b>10-90 percentile</b><br>167.3 to 342.2 mm","3044533","MILK+RIVER",1994,2026
"10-08",2001-10-08,255.896153846154,99.6,486.7,167.65,199.075,296.125,342.25,NA,NA,NA,NA,NA,NA,"",NA,"","DATE: Oct-08<br><b>Normal cumulative precipitation</b><br>255.9 mm<br>Period: 1991-2020","DATE: Oct-08<br><b>25-75 percentile</b><br>199.1 to 296.1 mm","DATE: Oct-08<br><b>10-90 percentile</b><br>167.6 to 342.2 mm","3044533","MILK+RIVER",1994,2026
"10-09",2001-10-09,256.015384615385,99.6,486.7,167.75,199.075,296.175,342.25,NA,NA,NA,NA,NA,NA,"",NA,"","DATE: Oct-09<br><b>Normal cumulative precipitation</b><br>256.0 mm<br>Period: 1991-2020","DATE: Oct-09<br><b>25-75 percentile</b><br>199.1 to 296.2 mm","DATE: Oct-09<br><b>10-90 percentile</b><br>167.8 to 342.2 mm","3044533","MILK+RIVER",1994,2026
"10-10",2001-10-10,256.761538461538,99.6,486.7,167.75,199.075,296.175,342.25,NA,NA,NA,NA,NA,NA,"",NA,"","DATE: Oct-10<br><b>Normal cumulative precipitation</b><br>256.8 mm<br>Period: 1991-2020","DATE: Oct-10<br><b>25-75 percentile</b><br>199.1 to 296.2 mm","DATE: Oct-10<br><b>10-90 percentile</b><br>167.8 to 342.2 mm","3044533","MILK+RIVER",1994,2026
"10-11",2001-10-11,257.315384615385,101.2,488.6,167.85,199.075,296.175,345.5,NA,NA,NA,NA,NA,NA,"",NA,"","DATE: Oct-11<br><b>Normal cumulative precipitation</b><br>257.3 mm<br>Period: 1991-2020","DATE: Oct-11<br><b>25-75 percentile</b><br>199.1 to 296.2 mm","DATE: Oct-11<br><b>10-90 percentile</b><br>167.8 to 345.5 mm","3044533","MILK+RIVER",1994,2026
"10-12",2001-10-12,257.942307692308,101.2,488.6,167.85,199.075,296.275,345.6,NA,NA,NA,NA,NA,NA,"",NA,"","DATE: Oct-12<br><b>Normal cumulative precipitation</b><br>257.9 mm<br>Period: 1991-2020","DATE: Oct-12<br><b>25-75 percentile</b><br>199.1 to 296.3 mm","DATE: Oct-12<br><b>10-90 percentile</b><br>167.8 to 345.6 mm","3044533","MILK+RIVER",1994,2026
"10-13",2001-10-13,258.284615384615,106.6,488.6,168.2,199.225,296.275,345.6,NA,NA,NA,NA,NA,NA,"",NA,"","DATE: Oct-13<br><b>Normal cumulative precipitation</b><br>258.3 mm<br>Period: 1991-2020","DATE: Oct-13<br><b>25-75 percentile</b><br>199.2 to 296.3 mm","DATE: Oct-13<br><b>10-90 percentile</b><br>168.2 to 345.6 mm","3044533","MILK+RIVER",1994,2026
"10-14",2001-10-14,259.426923076923,106.8,488.6,171.4,199.875,296.275,345.6,NA,NA,NA,NA,NA,NA,"",NA,"","DATE: Oct-14<br><b>Normal cumulative precipitation</b><br>259.4 mm<br>Period: 1991-2020","DATE: Oct-14<br><b>25-75 percentile</b><br>199.9 to 296.3 mm","DATE: Oct-14<br><b>10-90 percentile</b><br>171.4 to 345.6 mm","3044533","MILK+RIVER",1994,2026
"10-15",2001-10-15,259.8,106.8,488.6,171.5,199.875,296.275,345.7,NA,NA,NA,NA,NA,NA,"",NA,"","DATE: Oct-15<br><b>Normal cumulative precipitation</b><br>259.8 mm<br>Period: 1991-2020","DATE: Oct-15<br><b>25-75 percentile</b><br>199.9 to 296.3 mm","DATE: Oct-15<br><b>10-90 percentile</b><br>171.5 to 345.7 mm","3044533","MILK+RIVER",1994,2026
"10-16",2001-10-16,260.496153846154,106.8,488.6,171.5,199.875,296.275,349.2,NA,NA,NA,NA,NA,NA,"",NA,"","DATE: Oct-16<br><b>Normal cumulative precipitation</b><br>260.5 mm<br>Period: 1991-2020","DATE: Oct-16<br><b>25-75 percentile</b><br>199.9 to 296.3 mm","DATE: Oct-16<br><b>10-90 percentile</b><br>171.5 to 349.2 mm","3044533","MILK+RIVER",1994,2026
"10-17",2001-10-17,260.761538461538,106.8,488.6,171.5,199.875,296.275,349.5,NA,NA,NA,NA,NA,NA,"",NA,"","DATE: Oct-17<br><b>Normal cumulative precipitation</b><br>260.8 mm<br>Period: 1991-2020","DATE: Oct-17<br><b>25-75 percentile</b><br>199.9 to 296.3 mm","DATE: Oct-17<br><b>10-90 percentile</b><br>171.5 to 349.5 mm","3044533","MILK+RIVER",1994,2026
"10-18",2001-10-18,261.492307692308,106.8,488.6,171.5,199.875,300.925,349.5,NA,NA,NA,NA,NA,NA,"",NA,"","DATE: Oct-18<br><b>Normal cumulative precipitation</b><br>261.5 mm<br>Period: 1991-2020","DATE: Oct-18<br><b>25-75 percentile</b><br>199.9 to 300.9 mm","DATE: Oct-18<br><b>10-90 percentile</b><br>171.5 to 349.5 mm","3044533","MILK+RIVER",1994,2026
"10-19",2001-10-19,261.692307692308,106.8,488.6,171.5,199.875,301.075,349.5,NA,NA,NA,NA,NA,NA,"",NA,"","DATE: Oct-19<br><b>Normal cumulative precipitation</b><br>261.7 mm<br>Period: 1991-2020","DATE: Oct-19<br><b>25-75 percentile</b><br>199.9 to 301.1 mm","DATE: Oct-19<br><b>10-90 percentile</b><br>171.5 to 349.5 mm","3044533","MILK+RIVER",1994,2026
"10-20",2001-10-20,262.076923076923,106.8,488.6,172.35,199.875,301.075,349.6,NA,NA,NA,NA,NA,NA,"",NA,"","DATE: Oct-20<br><b>Normal cumulative precipitation</b><br>262.1 mm<br>Period: 1991-2020","DATE: Oct-20<br><b>25-75 percentile</b><br>199.9 to 301.1 mm","DATE: Oct-20<br><b>10-90 percentile</b><br>172.4 to 349.6 mm","3044533","MILK+RIVER",1994,2026
"10-21",2001-10-21,262.692307692308,106.8,489.3,172.35,199.875,301.075,349.6,NA,NA,NA,NA,NA,NA,"",NA,"","DATE: Oct-21<br><b>Normal cumulative precipitation</b><br>262.7 mm<br>Period: 1991-2020","DATE: Oct-21<br><b>25-75 percentile</b><br>199.9 to 301.1 mm","DATE: Oct-21<br><b>10-90 percentile</b><br>172.4 to 349.6 mm","3044533","MILK+RIVER",1994,2026
"10-22",2001-10-22,263.061538461538,107,489.3,172.35,200.475,301.525,349.6,NA,NA,NA,NA,NA,NA,"",NA,"","DATE: Oct-22<br><b>Normal cumulative precipitation</b><br>263.1 mm<br>Period: 1991-2020","DATE: Oct-22<br><b>25-75 percentile</b><br>200.5 to 301.5 mm","DATE: Oct-22<br><b>10-90 percentile</b><br>172.4 to 349.6 mm","3044533","MILK+RIVER",1994,2026
"10-23",2001-10-23,263.430769230769,107,489.3,172.35,200.725,302.875,349.6,NA,NA,NA,NA,NA,NA,"",NA,"","DATE: Oct-23<br><b>Normal cumulative precipitation</b><br>263.4 mm<br>Period: 1991-2020","DATE: Oct-23<br><b>25-75 percentile</b><br>200.7 to 302.9 mm","DATE: Oct-23<br><b>10-90 percentile</b><br>172.4 to 349.6 mm","3044533","MILK+RIVER",1994,2026
"10-24",2001-10-24,263.830769230769,107,489.3,175.7,200.725,302.875,349.6,NA,NA,NA,NA,NA,NA,"",NA,"","DATE: Oct-24<br><b>Normal cumulative precipitation</b><br>263.8 mm<br>Period: 1991-2020","DATE: Oct-24<br><b>25-75 percentile</b><br>200.7 to 302.9 mm","DATE: Oct-24<br><b>10-90 percentile</b><br>175.7 to 349.6 mm","3044533","MILK+RIVER",1994,2026
"10-25",2001-10-25,264.211538461538,107,489.3,175.8,202.625,302.925,349.6,NA,NA,NA,NA,NA,NA,"",NA,"","DATE: Oct-25<br><b>Normal cumulative precipitation</b><br>264.2 mm<br>Period: 1991-2020","DATE: Oct-25<br><b>25-75 percentile</b><br>202.6 to 302.9 mm","DATE: Oct-25<br><b>10-90 percentile</b><br>175.8 to 349.6 mm","3044533","MILK+RIVER",1994,2026
"10-26",2001-10-26,264.4,107,489.3,175.95,202.725,302.925,349.7,NA,NA,NA,NA,NA,NA,"",NA,"","DATE: Oct-26<br><b>Normal cumulative precipitation</b><br>264.4 mm<br>Period: 1991-2020","DATE: Oct-26<br><b>25-75 percentile</b><br>202.7 to 302.9 mm","DATE: Oct-26<br><b>10-90 percentile</b><br>175.9 to 349.7 mm","3044533","MILK+RIVER",1994,2026
"10-27",2001-10-27,265.188461538462,107,489.3,180.15,202.725,302.925,351.55,NA,NA,NA,NA,NA,NA,"",NA,"","DATE: Oct-27<br><b>Normal cumulative precipitation</b><br>265.2 mm<br>Period: 1991-2020","DATE: Oct-27<br><b>25-75 percentile</b><br>202.7 to 302.9 mm","DATE: Oct-27<br><b>10-90 percentile</b><br>180.2 to 351.6 mm","3044533","MILK+RIVER",1994,2026
"10-28",2001-10-28,265.734615384615,107,491.2,182.95,203.6,302.925,352.25,NA,NA,NA,NA,NA,NA,"",NA,"","DATE: Oct-28<br><b>Normal cumulative precipitation</b><br>265.7 mm<br>Period: 1991-2020","DATE: Oct-28<br><b>25-75 percentile</b><br>203.6 to 302.9 mm","DATE: Oct-28<br><b>10-90 percentile</b><br>182.9 to 352.2 mm","3044533","MILK+RIVER",1994,2026
"10-29",2001-10-29,266.080769230769,107.4,491.2,185.45,203.65,302.925,352.25,NA,NA,NA,NA,NA,NA,"",NA,"","DATE: Oct-29<br><b>Normal cumulative precipitation</b><br>266.1 mm<br>Period: 1991-2020","DATE: Oct-29<br><b>25-75 percentile</b><br>203.6 to 302.9 mm","DATE: Oct-29<br><b>10-90 percentile</b><br>185.4 to 352.2 mm","3044533","MILK+RIVER",1994,2026
"10-30",2001-10-30,266.146153846154,108.1,491.2,185.95,203.65,302.925,352.25,NA,NA,NA,NA,NA,NA,"",NA,"","DATE: Oct-30<br><b>Normal cumulative precipitation</b><br>266.1 mm<br>Period: 1991-2020","DATE: Oct-30<br><b>25-75 percentile</b><br>203.6 to 302.9 mm","DATE: Oct-30<br><b>10-90 percentile</b><br>185.9 to 352.2 mm","3044533","MILK+RIVER",1994,2026
"10-31",2001-10-31,267.203846153846,108.3,491.2,185.95,203.65,312.875,352.25,NA,NA,NA,NA,NA,NA,"",NA,"","DATE: Oct-31<br><b>Normal cumulative precipitation</b><br>267.2 mm<br>Period: 1991-2020","DATE: Oct-31<br><b>25-75 percentile</b><br>203.6 to 312.9 mm","DATE: Oct-31<br><b>10-90 percentile</b><br>185.9 to 352.2 mm","3044533","MILK+RIVER",1994,2026
