"MD","variable","PLOT_DATE","clim_mean","clim_min","clim_max","clim_sd","q10","q25","q75","q90","value","ECCC_SOURCE","ECCC_AES","ECCC_STATION_ID","ECCC_STATION_NAME","MONTH","clim_max_date","hover_value","hover_band","hover_histmax","hover_mean","AES","NAME","por_start","por_end"
"04-01","TMAX",2001-04-01,8.28461538461539,-8.6,19.7,7.4992635535867,-0.4,4.125,12.5,18.05,NA,NA,NA,NA,NA,4,2021-04-01,"","DATE: Apr-01<br><b>Maximum temperature</b><br>10-90 percentile<br>-0.4 to 18.0 °C","Historical daily maximum<br>19.7 °C<br>2021-04-01","DATE: Apr-01</b><br>Normal: 8.3 °C<br>Period: 1991-2020","3036682","VAUXHALL+CDA+CS",1994,2026
"04-01","TMIN",2001-04-01,-3.9,-15.7,3.8,5.20146133312553,-13.75,-5.5,-0.85,0.9,NA,NA,NA,NA,NA,4,2021-04-01,"","DATE: Apr-01<br><b>Minimum temperature</b><br>10-90 percentile<br>-13.8 to 0.9 °C","Historical daily maximum<br>3.8 °C<br>2021-04-01","DATE: Apr-01</b><br>Normal: -3.9 °C<br>Period: 1991-2020","3036682","VAUXHALL+CDA+CS",1994,2026
"04-01","VPD",2001-04-01,0.726681276186906,0.120544056519985,1.69761603222942,0.472686873299299,0.233010599938986,0.362787264028673,1.01183515136105,1.5130219551963,NA,NA,NA,NA,NA,4,2016-04-01,"","DATE: Apr-01<br><b>Vapour pressure deficit</b><br>10-90 percentile<br>0.2 to 1.5 kPa","Historical daily maximum<br>1.7 kPa<br>2016-04-01","DATE: Apr-01</b><br>Normal: 0.7 kPa<br>Period: 1991-2020","3036682","VAUXHALL+CDA+CS",1994,2026
"04-02","TMAX",2001-04-02,8.44444444444444,-7.7,24.2,7.91558022234695,-3.2,6.15,13.05,15.22,NA,NA,NA,NA,NA,4,2016-04-02,"","DATE: Apr-02<br><b>Maximum temperature</b><br>10-90 percentile<br>-3.2 to 15.2 °C","Historical daily maximum<br>24.2 °C<br>2016-04-02","DATE: Apr-02</b><br>Normal: 8.4 °C<br>Period: 1991-2020","3036682","VAUXHALL+CDA+CS",1994,2026
"04-02","TMIN",2001-04-02,-4.9962962962963,-17,2.6,4.68979919870953,-10.48,-7,-2.1,-0.519999999999999,NA,NA,NA,NA,NA,4,1998-04-02,"","DATE: Apr-02<br><b>Minimum temperature</b><br>10-90 percentile<br>-10.5 to -0.5 °C","Historical daily maximum<br>2.6 °C<br>1998-04-02","DATE: Apr-02</b><br>Normal: -5.0 °C<br>Period: 1991-2020","3036682","VAUXHALL+CDA+CS",1994,2026
"04-02","VPD",2001-04-02,0.794391911680202,0.12950127168688,2.41355676612136,0.546532311651199,0.157886396899336,0.46721843394414,0.985601473596343,1.29715835662665,NA,NA,NA,NA,NA,4,2016-04-02,"","DATE: Apr-02<br><b>Vapour pressure deficit</b><br>10-90 percentile<br>0.2 to 1.3 kPa","Historical daily maximum<br>2.4 kPa<br>2016-04-02","DATE: Apr-02</b><br>Normal: 0.8 kPa<br>Period: 1991-2020","3036682","VAUXHALL+CDA+CS",1994,2026
"04-03","TMAX",2001-04-03,8.35555555555556,-4.5,19.7,7.05840106830333,-0.54,2.9,14.4,17.3,NA,NA,NA,NA,NA,4,1998-04-03,"","DATE: Apr-03<br><b>Maximum temperature</b><br>10-90 percentile<br>-0.5 to 17.3 °C","Historical daily maximum<br>19.7 °C<br>1998-04-03","DATE: Apr-03</b><br>Normal: 8.4 °C<br>Period: 1991-2020","3036682","VAUXHALL+CDA+CS",1994,2026
"04-03","TMIN",2001-04-03,-4.94074074074074,-20,2.7,4.87483800592856,-10.22,-6.35,-2.2,-0.339999999999998,NA,NA,NA,NA,NA,4,2024-04-03,"","DATE: Apr-03<br><b>Minimum temperature</b><br>10-90 percentile<br>-10.2 to -0.3 °C","Historical daily maximum<br>2.7 °C<br>2024-04-03","DATE: Apr-03</b><br>Normal: -4.9 °C<br>Period: 1991-2020","3036682","VAUXHALL+CDA+CS",1994,2026
"04-03","VPD",2001-04-03,0.761447360120701,0.175480267639835,1.74840747838847,0.507680458140999,0.26590478020244,0.360695179897915,1.13846179042926,1.51145152604291,NA,NA,NA,NA,NA,4,2000-04-03,"","DATE: Apr-03<br><b>Vapour pressure deficit</b><br>10-90 percentile<br>0.3 to 1.5 kPa","Historical daily maximum<br>1.7 kPa<br>2000-04-03","DATE: Apr-03</b><br>Normal: 0.8 kPa<br>Period: 1991-2020","3036682","VAUXHALL+CDA+CS",1994,2026
"04-04","TMAX",2001-04-04,10.1346153846154,-2.2,20.1,6.96442056786879,0,6.225,15.125,19.15,NA,NA,NA,NA,NA,4,2004-04-04,"","DATE: Apr-04<br><b>Maximum temperature</b><br>10-90 percentile<br>0.0 to 19.1 °C","Historical daily maximum<br>20.1 °C<br>2004-04-04","DATE: Apr-04</b><br>Normal: 10.1 °C<br>Period: 1991-2020","3036682","VAUXHALL+CDA+CS",1994,2026
"04-04","TMIN",2001-04-04,-3.95185185185185,-16.2,3.8,4.53366640304854,-8.96,-6.5,-0.3,1.36,NA,NA,NA,NA,NA,4,1998-04-04,"","DATE: Apr-04<br><b>Minimum temperature</b><br>10-90 percentile<br>-9.0 to 1.4 °C","Historical daily maximum<br>3.8 °C<br>1998-04-04","DATE: Apr-04</b><br>Normal: -4.0 °C<br>Period: 1991-2020","3036682","VAUXHALL+CDA+CS",1994,2026
"04-04","VPD",2001-04-04,0.860547695111239,0.200602192063805,1.78392972812564,0.48579232523023,0.258695908316638,0.496938000816755,1.15743494296219,1.62400436268635,NA,NA,NA,NA,NA,4,1995-04-04,"","DATE: Apr-04<br><b>Vapour pressure deficit</b><br>10-90 percentile<br>0.3 to 1.6 kPa","Historical daily maximum<br>1.8 kPa<br>1995-04-04","DATE: Apr-04</b><br>Normal: 0.9 kPa<br>Period: 1991-2020","3036682","VAUXHALL+CDA+CS",1994,2026
"04-05","TMAX",2001-04-05,9.00384615384615,-7.2,19.4,6.02219101452159,2.35,4.875,12.275,16.4,NA,NA,NA,NA,NA,4,1996-04-05,"","DATE: Apr-05<br><b>Maximum temperature</b><br>10-90 percentile<br>2.4 to 16.4 °C","Historical daily maximum<br>19.4 °C<br>1996-04-05","DATE: Apr-05</b><br>Normal: 9.0 °C<br>Period: 1991-2020","3036682","VAUXHALL+CDA+CS",1994,2026
"04-05","TMIN",2001-04-05,-2.61538461538462,-12.7,5.6,4.1676556774947,-7.2,-4.675,0.025,1.15,NA,NA,NA,NA,NA,4,2006-04-05,"","DATE: Apr-05<br><b>Minimum temperature</b><br>10-90 percentile<br>-7.2 to 1.1 °C","Historical daily maximum<br>5.6 °C<br>2006-04-05","DATE: Apr-05</b><br>Normal: -2.6 °C<br>Period: 1991-2020","3036682","VAUXHALL+CDA+CS",1994,2026
"04-05","VPD",2001-04-05,0.7015306784141,0.125766945396743,1.70153217849156,0.420660149342562,0.214609485050312,0.406561981634282,0.913022783703464,1.3066048413806,NA,NA,NA,NA,NA,4,1996-04-05,"","DATE: Apr-05<br><b>Vapour pressure deficit</b><br>10-90 percentile<br>0.2 to 1.3 kPa","Historical daily maximum<br>1.7 kPa<br>1996-04-05","DATE: Apr-05</b><br>Normal: 0.7 kPa<br>Period: 1991-2020","3036682","VAUXHALL+CDA+CS",1994,2026
"04-06","TMAX",2001-04-06,10.1074074074074,-9.4,20.9,7.18518379005479,0.9,6.1,14.6,19,NA,NA,NA,NA,NA,4,2005-04-06,"","DATE: Apr-06<br><b>Maximum temperature</b><br>10-90 percentile<br>0.9 to 19.0 °C","Historical daily maximum<br>20.9 °C<br>2005-04-06","DATE: Apr-06</b><br>Normal: 10.1 °C<br>Period: 1991-2020","3036682","VAUXHALL+CDA+CS",1994,2026
"04-06","TMIN",2001-04-06,-2.02222222222222,-14.7,7.1,4.98438587632444,-8.48,-4.95,0.8,3.76,NA,NA,NA,NA,NA,4,2016-04-06,"","DATE: Apr-06<br><b>Minimum temperature</b><br>10-90 percentile<br>-8.5 to 3.8 °C","Historical daily maximum<br>7.1 °C<br>2016-04-06","DATE: Apr-06</b><br>Normal: -2.0 °C<br>Period: 1991-2020","3036682","VAUXHALL+CDA+CS",1994,2026
"04-06","VPD",2001-04-06,0.796066433019884,0.104346702237504,1.83377807953459,0.467752013287951,0.318819781116242,0.409369558205068,1.09040960258145,1.44924364123054,NA,NA,NA,NA,NA,4,2005-04-06,"","DATE: Apr-06<br><b>Vapour pressure deficit</b><br>10-90 percentile<br>0.3 to 1.4 kPa","Historical daily maximum<br>1.8 kPa<br>2005-04-06","DATE: Apr-06</b><br>Normal: 0.8 kPa<br>Period: 1991-2020","3036682","VAUXHALL+CDA+CS",1994,2026
"04-07","TMAX",2001-04-07,11.3444444444444,-4.1,25.9,7.38982321706597,0.1,7.7,16.6,18.74,NA,NA,NA,NA,NA,4,2005-04-07,"","DATE: Apr-07<br><b>Maximum temperature</b><br>10-90 percentile<br>0.1 to 18.7 °C","Historical daily maximum<br>25.9 °C<br>2005-04-07","DATE: Apr-07</b><br>Normal: 11.3 °C<br>Period: 1991-2020","3036682","VAUXHALL+CDA+CS",1994,2026
"04-07","TMIN",2001-04-07,-2.42962962962963,-14,4.1,4.16309932759189,-6.96,-4.55,0.25,2.3,NA,NA,NA,NA,NA,4,2021-04-07,"","DATE: Apr-07<br><b>Minimum temperature</b><br>10-90 percentile<br>-7.0 to 2.3 °C","Historical daily maximum<br>4.1 °C<br>2021-04-07","DATE: Apr-07</b><br>Normal: -2.4 °C<br>Period: 1991-2020","3036682","VAUXHALL+CDA+CS",1994,2026
"04-07","VPD",2001-04-07,0.943331969496017,0.119602308675983,2.76124495255825,0.595422510219781,0.235157377522408,0.608946776268547,1.22416259102959,1.61811061423532,NA,NA,NA,NA,NA,4,2005-04-07,"","DATE: Apr-07<br><b>Vapour pressure deficit</b><br>10-90 percentile<br>0.2 to 1.6 kPa","Historical daily maximum<br>2.8 kPa<br>2005-04-07","DATE: Apr-07</b><br>Normal: 0.9 kPa<br>Period: 1991-2020","3036682","VAUXHALL+CDA+CS",1994,2026
"04-08","TMAX",2001-04-08,12.7769230769231,-4.2,28.4,7.2248076897483,3.2,9.3,16.775,20.25,NA,NA,NA,NA,NA,4,2016-04-08,"","DATE: Apr-08<br><b>Maximum temperature</b><br>10-90 percentile<br>3.2 to 20.2 °C","Historical daily maximum<br>28.4 °C<br>2016-04-08","DATE: Apr-08</b><br>Normal: 12.8 °C<br>Period: 1991-2020","3036682","VAUXHALL+CDA+CS",1994,2026
"04-08","TMIN",2001-04-08,-1.62307692307692,-13.2,6.7,4.70950593521721,-7.25,-3.875,1.175,4,NA,NA,NA,NA,NA,4,2014-04-08,"","DATE: Apr-08<br><b>Minimum temperature</b><br>10-90 percentile<br>-7.2 to 4.0 °C","Historical daily maximum<br>6.7 °C<br>2014-04-08","DATE: Apr-08</b><br>Normal: -1.6 °C<br>Period: 1991-2020","3036682","VAUXHALL+CDA+CS",1994,2026
"04-08","VPD",2001-04-08,1.04269448284129,0.0944061737718486,3.27561745700962,0.620115262622027,0.387570902105382,0.650129861134223,1.27530088363403,1.52310652044079,NA,NA,NA,NA,NA,4,2016-04-08,"","DATE: Apr-08<br><b>Vapour pressure deficit</b><br>10-90 percentile<br>0.4 to 1.5 kPa","Historical daily maximum<br>3.3 kPa<br>2016-04-08","DATE: Apr-08</b><br>Normal: 1.0 kPa<br>Period: 1991-2020","3036682","VAUXHALL+CDA+CS",1994,2026
"04-09","TMAX",2001-04-09,11.9153846153846,-0.3,24.7,6.08642373205759,2.8,8.4,16.45,17.9,NA,NA,NA,NA,NA,4,1996-04-09,"","DATE: Apr-09<br><b>Maximum temperature</b><br>10-90 percentile<br>2.8 to 17.9 °C","Historical daily maximum<br>24.7 °C<br>1996-04-09","DATE: Apr-09</b><br>Normal: 11.9 °C<br>Period: 1991-2020","3036682","VAUXHALL+CDA+CS",1994,2026
"04-09","TMIN",2001-04-09,-2.15555555555556,-13.3,6.4,4.87855064647856,-9.34,-5.05,0.95,2.84,NA,NA,NA,NA,NA,4,2006-04-09,"","DATE: Apr-09<br><b>Minimum temperature</b><br>10-90 percentile<br>-9.3 to 2.8 °C","Historical daily maximum<br>6.4 °C<br>2006-04-09","DATE: Apr-09</b><br>Normal: -2.2 °C<br>Period: 1991-2020","3036682","VAUXHALL+CDA+CS",1994,2026
"04-09","VPD",2001-04-09,0.94304598798899,0.18566668449445,2.28682932113004,0.486020539970332,0.393780195147981,0.549200619959146,1.31372219095851,1.44471275524578,NA,NA,NA,NA,NA,4,1996-04-09,"","DATE: Apr-09<br><b>Vapour pressure deficit</b><br>10-90 percentile<br>0.4 to 1.4 kPa","Historical daily maximum<br>2.3 kPa<br>1996-04-09","DATE: Apr-09</b><br>Normal: 0.9 kPa<br>Period: 1991-2020","3036682","VAUXHALL+CDA+CS",1994,2026
"04-10","TMAX",2001-04-10,11.6384615384615,2.4,21.3,5.05545858834404,5.05,7.825,15.15,17.2,NA,NA,NA,NA,NA,4,2003-04-10,"","DATE: Apr-10<br><b>Maximum temperature</b><br>10-90 percentile<br>5.0 to 17.2 °C","Historical daily maximum<br>21.3 °C<br>2003-04-10","DATE: Apr-10</b><br>Normal: 11.6 °C<br>Period: 1991-2020","3036682","VAUXHALL+CDA+CS",1994,2026
"04-10","TMIN",2001-04-10,-3.10384615384615,-13.2,1.5,3.50125472015171,-6.9,-4.25,-0.625,0.65,NA,NA,NA,NA,NA,4,2023-04-10,"","DATE: Apr-10<br><b>Minimum temperature</b><br>10-90 percentile<br>-6.9 to 0.6 °C","Historical daily maximum<br>1.5 °C<br>2023-04-10","DATE: Apr-10</b><br>Normal: -3.1 °C<br>Period: 1991-2020","3036682","VAUXHALL+CDA+CS",1994,2026
"04-10","VPD",2001-04-10,0.934321582394474,0.330332102377729,2.01739211291401,0.411927289089101,0.382974217434908,0.660833951003005,1.09548806870413,1.43776003916285,NA,NA,NA,NA,NA,4,2003-04-10,"","DATE: Apr-10<br><b>Vapour pressure deficit</b><br>10-90 percentile<br>0.4 to 1.4 kPa","Historical daily maximum<br>2.0 kPa<br>2003-04-10","DATE: Apr-10</b><br>Normal: 0.9 kPa<br>Period: 1991-2020","3036682","VAUXHALL+CDA+CS",1994,2026
"04-11","TMAX",2001-04-11,12.4538461538462,-0.9,21.4,5.95323312288244,4.35,7.575,16.8,18.9,NA,NA,NA,NA,NA,4,2003-04-11,"","DATE: Apr-11<br><b>Maximum temperature</b><br>10-90 percentile<br>4.3 to 18.9 °C","Historical daily maximum<br>21.4 °C<br>2003-04-11","DATE: Apr-11</b><br>Normal: 12.5 °C<br>Period: 1991-2020","3036682","VAUXHALL+CDA+CS",1994,2026
"04-11","TMIN",2001-04-11,-2.25,-12,2.7,4.20392673580309,-8.45,-4.275,1.075,2.25,NA,NA,NA,NA,NA,4,2003-04-11,"","DATE: Apr-11<br><b>Minimum temperature</b><br>10-90 percentile<br>-8.4 to 2.2 °C","Historical daily maximum<br>2.7 °C<br>2003-04-11","DATE: Apr-11</b><br>Normal: -2.2 °C<br>Period: 1991-2020","3036682","VAUXHALL+CDA+CS",1994,2026
"04-11","VPD",2001-04-11,0.996553243629734,0.245302974734291,2.03762563375921,0.499382594057994,0.32061284371437,0.664399636579904,1.33006207130407,1.66160311327967,NA,NA,NA,NA,NA,4,2016-04-11,"","DATE: Apr-11<br><b>Vapour pressure deficit</b><br>10-90 percentile<br>0.3 to 1.7 kPa","Historical daily maximum<br>2.0 kPa<br>2016-04-11","DATE: Apr-11</b><br>Normal: 1.0 kPa<br>Period: 1991-2020","3036682","VAUXHALL+CDA+CS",1994,2026
"04-12","TMAX",2001-04-12,11.7769230769231,0.4,24.4,6.25359465858207,3.3,8.675,15.625,18.65,NA,NA,NA,NA,NA,4,2004-04-12,"","DATE: Apr-12<br><b>Maximum temperature</b><br>10-90 percentile<br>3.3 to 18.6 °C","Historical daily maximum<br>24.4 °C<br>2004-04-12","DATE: Apr-12</b><br>Normal: 11.8 °C<br>Period: 1991-2020","3036682","VAUXHALL+CDA+CS",1994,2026
"04-12","TMIN",2001-04-12,-2.09230769230769,-11.9,3,3.5254415980893,-6.4,-3.65,0.1,1.55,NA,NA,NA,NA,NA,4,2024-04-12,"","DATE: Apr-12<br><b>Minimum temperature</b><br>10-90 percentile<br>-6.4 to 1.5 °C","Historical daily maximum<br>3.0 °C<br>2024-04-12","DATE: Apr-12</b><br>Normal: -2.1 °C<br>Period: 1991-2020","3036682","VAUXHALL+CDA+CS",1994,2026
"04-12","VPD",2001-04-12,0.945473377072196,0.0935423486791335,2.42292565902172,0.604339775110916,0.299134595600308,0.506377358208377,1.18627228029469,1.68674626349588,NA,NA,NA,NA,NA,4,2004-04-12,"","DATE: Apr-12<br><b>Vapour pressure deficit</b><br>10-90 percentile<br>0.3 to 1.7 kPa","Historical daily maximum<br>2.4 kPa<br>2004-04-12","DATE: Apr-12</b><br>Normal: 0.9 kPa<br>Period: 1991-2020","3036682","VAUXHALL+CDA+CS",1994,2026
"04-13","TMAX",2001-04-13,12.1769230769231,0.7,25.6,5.82987531203251,4.2,8.575,15.4,18.5,NA,NA,NA,NA,NA,4,2008-04-13,"","DATE: Apr-13<br><b>Maximum temperature</b><br>10-90 percentile<br>4.2 to 18.5 °C","Historical daily maximum<br>25.6 °C<br>2008-04-13","DATE: Apr-13</b><br>Normal: 12.2 °C<br>Period: 1991-2020","3036682","VAUXHALL+CDA+CS",1994,2026
"04-13","TMIN",2001-04-13,-0.796153846153846,-10.3,6.5,4.61480060407648,-6.4,-3.95,2.125,4.75,NA,NA,NA,NA,NA,4,2002-04-13,"","DATE: Apr-13<br><b>Minimum temperature</b><br>10-90 percentile<br>-6.4 to 4.8 °C","Historical daily maximum<br>6.5 °C<br>2002-04-13","DATE: Apr-13</b><br>Normal: -0.8 °C<br>Period: 1991-2020","3036682","VAUXHALL+CDA+CS",1994,2026
"04-13","VPD",2001-04-13,0.904381676325135,0.0803455518101809,2.561835405488,0.497433434289547,0.433208682377273,0.611271634239876,1.16397635094102,1.387359240434,NA,NA,NA,NA,NA,4,2008-04-13,"","DATE: Apr-13<br><b>Vapour pressure deficit</b><br>10-90 percentile<br>0.4 to 1.4 kPa","Historical daily maximum<br>2.6 kPa<br>2008-04-13","DATE: Apr-13</b><br>Normal: 0.9 kPa<br>Period: 1991-2020","3036682","VAUXHALL+CDA+CS",1994,2026
"04-14","TMAX",2001-04-14,10.4730769230769,-5.2,19.8,5.81243891613892,4.9,7.625,14.375,17.6,NA,NA,NA,NA,NA,4,2007-04-14,"","DATE: Apr-14<br><b>Maximum temperature</b><br>10-90 percentile<br>4.9 to 17.6 °C","Historical daily maximum<br>19.8 °C<br>2007-04-14","DATE: Apr-14</b><br>Normal: 10.5 °C<br>Period: 1991-2020","3036682","VAUXHALL+CDA+CS",1994,2026
"04-14","TMIN",2001-04-14,-0.507692307692308,-10.4,8.3,4.18702023658096,-5.85,-2.15,2.275,3.45,NA,NA,NA,NA,NA,4,2007-04-14,"","DATE: Apr-14<br><b>Minimum temperature</b><br>10-90 percentile<br>-5.8 to 3.4 °C","Historical daily maximum<br>8.3 °C<br>2007-04-14","DATE: Apr-14</b><br>Normal: -0.5 °C<br>Period: 1991-2020","3036682","VAUXHALL+CDA+CS",1994,2026
"04-14","VPD",2001-04-14,0.732112208161874,0.131854973593052,1.64202129171485,0.388373870761859,0.270584651775888,0.414409120188126,0.959091944238536,1.25730818068909,NA,NA,NA,NA,NA,4,2015-04-14,"","DATE: Apr-14<br><b>Vapour pressure deficit</b><br>10-90 percentile<br>0.3 to 1.3 kPa","Historical daily maximum<br>1.6 kPa<br>2015-04-14","DATE: Apr-14</b><br>Normal: 0.7 kPa<br>Period: 1991-2020","3036682","VAUXHALL+CDA+CS",1994,2026
"04-15","TMAX",2001-04-15,9.93461538461538,-0.9,21.9,5.27643381898739,2.65,6.375,12.975,14.7,NA,NA,NA,NA,NA,4,1996-04-15,"","DATE: Apr-15<br><b>Maximum temperature</b><br>10-90 percentile<br>2.6 to 14.7 °C","Historical daily maximum<br>21.9 °C<br>1996-04-15","DATE: Apr-15</b><br>Normal: 9.9 °C<br>Period: 1991-2020","3036682","VAUXHALL+CDA+CS",1994,2026
"04-15","TMIN",2001-04-15,-1.74615384615385,-8.9,3.9,3.54347070192271,-6.2,-3.95,1.075,2.35,NA,NA,NA,NA,NA,4,2014-04-15,"","DATE: Apr-15<br><b>Minimum temperature</b><br>10-90 percentile<br>-6.2 to 2.4 °C","Historical daily maximum<br>3.9 °C<br>2014-04-15","DATE: Apr-15</b><br>Normal: -1.7 °C<br>Period: 1991-2020","3036682","VAUXHALL+CDA+CS",1994,2026
"04-15","VPD",2001-04-15,0.733839261250014,0.232104043188803,2.01705884427302,0.389669580176047,0.335249255743194,0.428809090456295,0.872735942339725,1.02359486604861,NA,NA,NA,NA,NA,4,1996-04-15,"","DATE: Apr-15<br><b>Vapour pressure deficit</b><br>10-90 percentile<br>0.3 to 1.0 kPa","Historical daily maximum<br>2.0 kPa<br>1996-04-15","DATE: Apr-15</b><br>Normal: 0.7 kPa<br>Period: 1991-2020","3036682","VAUXHALL+CDA+CS",1994,2026
"04-16","TMAX",2001-04-16,12.6115384615385,1.3,22.7,5.82740607289912,4.2,9.5,17.05,20.3,NA,NA,NA,NA,NA,4,1997-04-16,"","DATE: Apr-16<br><b>Maximum temperature</b><br>10-90 percentile<br>4.2 to 20.3 °C","Historical daily maximum<br>22.7 °C<br>1997-04-16","DATE: Apr-16</b><br>Normal: 12.6 °C<br>Period: 1991-2020","3036682","VAUXHALL+CDA+CS",1994,2026
"04-16","TMIN",2001-04-16,-2.41923076923077,-7.6,3.6,3.00266804435911,-5.65,-4.775,-1.45,2.25,NA,NA,NA,NA,NA,4,1997-04-16,"","DATE: Apr-16<br><b>Minimum temperature</b><br>10-90 percentile<br>-5.6 to 2.2 °C","Historical daily maximum<br>3.6 °C<br>1997-04-16","DATE: Apr-16</b><br>Normal: -2.4 °C<br>Period: 1991-2020","3036682","VAUXHALL+CDA+CS",1994,2026
"04-16","VPD",2001-04-16,1.02845201148745,0.127832223489796,2.01633940960651,0.548430360524093,0.355119620011566,0.715394712714649,1.46630151029248,1.85166111834662,NA,NA,NA,NA,NA,4,2015-04-16,"","DATE: Apr-16<br><b>Vapour pressure deficit</b><br>10-90 percentile<br>0.4 to 1.9 kPa","Historical daily maximum<br>2.0 kPa<br>2015-04-16","DATE: Apr-16</b><br>Normal: 1.0 kPa<br>Period: 1991-2020","3036682","VAUXHALL+CDA+CS",1994,2026
"04-17","TMAX",2001-04-17,14.6038461538462,1.9,23.2,5.26843284244799,8.55,11.3,18.25,20.3,NA,NA,NA,NA,NA,4,1999-04-17,"","DATE: Apr-17<br><b>Maximum temperature</b><br>10-90 percentile<br>8.6 to 20.3 °C","Historical daily maximum<br>23.2 °C<br>1999-04-17","DATE: Apr-17</b><br>Normal: 14.6 °C<br>Period: 1991-2020","3036682","VAUXHALL+CDA+CS",1994,2026
"04-17","TMIN",2001-04-17,-0.557692307692308,-8.7,6.7,3.40578015461046,-4.75,-2.325,1.375,3.6,NA,NA,NA,NA,NA,4,2005-04-17,"","DATE: Apr-17<br><b>Minimum temperature</b><br>10-90 percentile<br>-4.8 to 3.6 °C","Historical daily maximum<br>6.7 °C<br>2005-04-17","DATE: Apr-17</b><br>Normal: -0.6 °C<br>Period: 1991-2020","3036682","VAUXHALL+CDA+CS",1994,2026
"04-17","VPD",2001-04-17,1.13921310303199,0.210980916672339,2.2546747459018,0.531674561677951,0.581094586299407,0.74103126132287,1.44606581257001,1.82059619924749,NA,NA,NA,NA,NA,4,1999-04-17,"","DATE: Apr-17<br><b>Vapour pressure deficit</b><br>10-90 percentile<br>0.6 to 1.8 kPa","Historical daily maximum<br>2.3 kPa<br>1999-04-17","DATE: Apr-17</b><br>Normal: 1.1 kPa<br>Period: 1991-2020","3036682","VAUXHALL+CDA+CS",1994,2026
"04-18","TMAX",2001-04-18,14.2769230769231,3,23.9,4.98263445918383,8.1,11.725,16.65,21.1,NA,NA,NA,NA,NA,4,1999-04-18,"","DATE: Apr-18<br><b>Maximum temperature</b><br>10-90 percentile<br>8.1 to 21.1 °C","Historical daily maximum<br>23.9 °C<br>1999-04-18","DATE: Apr-18</b><br>Normal: 14.3 °C<br>Period: 1991-2020","3036682","VAUXHALL+CDA+CS",1994,2026
"04-18","TMIN",2001-04-18,-1.34230769230769,-7.2,3.3,2.64849739692877,-4.45,-2.425,0.55,2,NA,NA,NA,NA,NA,4,2009-04-18,"","DATE: Apr-18<br><b>Minimum temperature</b><br>10-90 percentile<br>-4.4 to 2.0 °C","Historical daily maximum<br>3.3 °C<br>2009-04-18","DATE: Apr-18</b><br>Normal: -1.3 °C<br>Period: 1991-2020","3036682","VAUXHALL+CDA+CS",1994,2026
"04-18","VPD",2001-04-18,1.13635535566375,0.241878599244617,2.42681685470052,0.525586026123391,0.523045891905438,0.793885021685244,1.36188612921986,1.82788538868438,NA,NA,NA,NA,NA,4,1999-04-18,"","DATE: Apr-18<br><b>Vapour pressure deficit</b><br>10-90 percentile<br>0.5 to 1.8 kPa","Historical daily maximum<br>2.4 kPa<br>1999-04-18","DATE: Apr-18</b><br>Normal: 1.1 kPa<br>Period: 1991-2020","3036682","VAUXHALL+CDA+CS",1994,2026
"04-19","TMAX",2001-04-19,14.7461538461538,-2.2,27.3,5.76397298877993,7.85,14.175,16.8,20.05,NA,NA,NA,NA,NA,4,2016-04-19,"","DATE: Apr-19<br><b>Maximum temperature</b><br>10-90 percentile<br>7.8 to 20.0 °C","Historical daily maximum<br>27.3 °C<br>2016-04-19","DATE: Apr-19</b><br>Normal: 14.7 °C<br>Period: 1991-2020","3036682","VAUXHALL+CDA+CS",1994,2026
"04-19","TMIN",2001-04-19,-0.461538461538462,-10,9.4,3.73449615590397,-3.65,-2.4,0.725,2.95,NA,NA,NA,NA,NA,4,1999-04-19,"","DATE: Apr-19<br><b>Minimum temperature</b><br>10-90 percentile<br>-3.6 to 3.0 °C","Historical daily maximum<br>9.4 °C<br>1999-04-19","DATE: Apr-19</b><br>Normal: -0.5 °C<br>Period: 1991-2020","3036682","VAUXHALL+CDA+CS",1994,2026
"04-19","VPD",2001-04-19,1.1596958989118,0.157260138445932,2.99518685199883,0.563897543685706,0.591409414136161,0.861292067037096,1.32839738471354,1.72968820258458,NA,NA,NA,NA,NA,4,2016-04-19,"","DATE: Apr-19<br><b>Vapour pressure deficit</b><br>10-90 percentile<br>0.6 to 1.7 kPa","Historical daily maximum<br>3.0 kPa<br>2016-04-19","DATE: Apr-19</b><br>Normal: 1.2 kPa<br>Period: 1991-2020","3036682","VAUXHALL+CDA+CS",1994,2026
"04-20","TMAX",2001-04-20,15.5423076923077,-6.4,23.3,7.08176097178791,7.5,13.475,20.3,22.7,NA,NA,NA,NA,NA,4,2009-04-20,"","DATE: Apr-20<br><b>Maximum temperature</b><br>10-90 percentile<br>7.5 to 22.7 °C","Historical daily maximum<br>23.3 °C<br>2009-04-20","DATE: Apr-20</b><br>Normal: 15.5 °C<br>Period: 1991-2020","3036682","VAUXHALL+CDA+CS",1994,2026
"04-20","TMIN",2001-04-20,-0.0807692307692308,-10,5.7,3.36226343176964,-4.2,-2.1,2.4,3.25,NA,NA,NA,NA,NA,4,2010-04-20,"","DATE: Apr-20<br><b>Minimum temperature</b><br>10-90 percentile<br>-4.2 to 3.2 °C","Historical daily maximum<br>5.7 °C<br>2010-04-20","DATE: Apr-20</b><br>Normal: -0.1 °C<br>Period: 1991-2020","3036682","VAUXHALL+CDA+CS",1994,2026
"04-20","VPD",2001-04-20,1.27805079826202,0.04225242395049,2.21567520113661,0.618937452595972,0.49896257110993,0.859463935251476,1.78747193293631,2.0517052709244,NA,NA,NA,NA,NA,4,2006-04-20,"","DATE: Apr-20<br><b>Vapour pressure deficit</b><br>10-90 percentile<br>0.5 to 2.1 kPa","Historical daily maximum<br>2.2 kPa<br>2006-04-20","DATE: Apr-20</b><br>Normal: 1.3 kPa<br>Period: 1991-2020","3036682","VAUXHALL+CDA+CS",1994,2026
"04-21","TMAX",2001-04-21,16.5423076923077,-0.9,27.3,7.37667529863817,9.4,10.95,22.425,25.5,NA,NA,NA,NA,NA,4,2009-04-21,"","DATE: Apr-21<br><b>Maximum temperature</b><br>10-90 percentile<br>9.4 to 25.5 °C","Historical daily maximum<br>27.3 °C<br>2009-04-21","DATE: Apr-21</b><br>Normal: 16.5 °C<br>Period: 1991-2020","3036682","VAUXHALL+CDA+CS",1994,2026
"04-21","TMIN",2001-04-21,-0.434615384615385,-9,5.1,3.63064096905131,-4.5,-2.225,2.075,3.8,NA,NA,NA,NA,NA,4,2010-04-21,"","DATE: Apr-21<br><b>Minimum temperature</b><br>10-90 percentile<br>-4.5 to 3.8 °C","Historical daily maximum<br>5.1 °C<br>2010-04-21","DATE: Apr-21</b><br>Normal: -0.4 °C<br>Period: 1991-2020","3036682","VAUXHALL+CDA+CS",1994,2026
"04-21","VPD",2001-04-21,1.4401079468057,0.251524125248912,2.90763808170493,0.763790831530886,0.592488832914163,0.840534772937577,1.90016407260504,2.59582905280686,NA,NA,NA,NA,NA,4,2009-04-21,"","DATE: Apr-21<br><b>Vapour pressure deficit</b><br>10-90 percentile<br>0.6 to 2.6 kPa","Historical daily maximum<br>2.9 kPa<br>2009-04-21","DATE: Apr-21</b><br>Normal: 1.4 kPa<br>Period: 1991-2020","3036682","VAUXHALL+CDA+CS",1994,2026
"04-22","TMAX",2001-04-22,17.1115384615385,0.2,26.9,6.04432473800519,11.1,13.6,22.45,23.5,NA,NA,NA,NA,NA,4,2012-04-22,"","DATE: Apr-22<br><b>Maximum temperature</b><br>10-90 percentile<br>11.1 to 23.5 °C","Historical daily maximum<br>26.9 °C<br>2012-04-22","DATE: Apr-22</b><br>Normal: 17.1 °C<br>Period: 1991-2020","3036682","VAUXHALL+CDA+CS",1994,2026
"04-22","TMIN",2001-04-22,0.115384615384615,-7.8,5.3,3.74675243993433,-6.2,-0.975,2.95,4.6,NA,NA,NA,NA,NA,4,2015-04-22,"","DATE: Apr-22<br><b>Minimum temperature</b><br>10-90 percentile<br>-6.2 to 4.6 °C","Historical daily maximum<br>5.3 °C<br>2015-04-22","DATE: Apr-22</b><br>Normal: 0.1 °C<br>Period: 1991-2020","3036682","VAUXHALL+CDA+CS",1994,2026
"04-22","VPD",2001-04-22,1.43165088873329,0.277480317266024,2.86368967697203,0.618286920870278,0.773194938782681,0.963717124089946,2.0380978804073,2.10981793022532,NA,NA,NA,NA,NA,4,2012-04-22,"","DATE: Apr-22<br><b>Vapour pressure deficit</b><br>10-90 percentile<br>0.8 to 2.1 kPa","Historical daily maximum<br>2.9 kPa<br>2012-04-22","DATE: Apr-22</b><br>Normal: 1.4 kPa<br>Period: 1991-2020","3036682","VAUXHALL+CDA+CS",1994,2026
"04-23","TMAX",2001-04-23,14.9576923076923,-2,30.5,7.34967607868119,6.35,11.85,17.275,24.25,NA,NA,NA,NA,NA,4,2012-04-23,"","DATE: Apr-23<br><b>Maximum temperature</b><br>10-90 percentile<br>6.3 to 24.2 °C","Historical daily maximum<br>30.5 °C<br>2012-04-23","DATE: Apr-23</b><br>Normal: 15.0 °C<br>Period: 1991-2020","3036682","VAUXHALL+CDA+CS",1994,2026
"04-23","TMIN",2001-04-23,0.669230769230769,-7.8,8.9,3.98886141456624,-4.25,-1.9,3.6,4.55,NA,NA,NA,NA,NA,4,1998-04-23,"","DATE: Apr-23<br><b>Minimum temperature</b><br>10-90 percentile<br>-4.2 to 4.5 °C","Historical daily maximum<br>8.9 °C<br>1998-04-23","DATE: Apr-23</b><br>Normal: 0.7 °C<br>Period: 1991-2020","3036682","VAUXHALL+CDA+CS",1994,2026
"04-23","VPD",2001-04-23,1.19422461743994,0.187794086846629,3.5756321880605,0.738521160428204,0.393665271090748,0.794558216389529,1.3915875881823,2.05220436990083,NA,NA,NA,NA,NA,4,2012-04-23,"","DATE: Apr-23<br><b>Vapour pressure deficit</b><br>10-90 percentile<br>0.4 to 2.1 kPa","Historical daily maximum<br>3.6 kPa<br>2012-04-23","DATE: Apr-23</b><br>Normal: 1.2 kPa<br>Period: 1991-2020","3036682","VAUXHALL+CDA+CS",1994,2026
"04-24","TMAX",2001-04-24,15.5961538461538,3,25.5,5.75009431360779,6.45,14.375,19.2,22.65,NA,NA,NA,NA,NA,4,2012-04-24,"","DATE: Apr-24<br><b>Maximum temperature</b><br>10-90 percentile<br>6.4 to 22.6 °C","Historical daily maximum<br>25.5 °C<br>2012-04-24","DATE: Apr-24</b><br>Normal: 15.6 °C<br>Period: 1991-2020","3036682","VAUXHALL+CDA+CS",1994,2026
"04-24","TMIN",2001-04-24,0.75,-7.6,8.8,3.89145217110528,-4.45,-1.775,3.05,5.1,NA,NA,NA,NA,NA,4,2012-04-24,"","DATE: Apr-24<br><b>Minimum temperature</b><br>10-90 percentile<br>-4.4 to 5.1 °C","Historical daily maximum<br>8.8 °C<br>2012-04-24","DATE: Apr-24</b><br>Normal: 0.8 °C<br>Period: 1991-2020","3036682","VAUXHALL+CDA+CS",1994,2026
"04-24","VPD",2001-04-24,1.20320818451505,0.178423490810886,2.13763926841393,0.567999667640238,0.396120137379982,0.967687511059395,1.53459003001273,2.04568206625538,NA,NA,NA,NA,NA,4,2018-04-24,"","DATE: Apr-24<br><b>Vapour pressure deficit</b><br>10-90 percentile<br>0.4 to 2.0 kPa","Historical daily maximum<br>2.1 kPa<br>2018-04-24","DATE: Apr-24</b><br>Normal: 1.2 kPa<br>Period: 1991-2020","3036682","VAUXHALL+CDA+CS",1994,2026
"04-25","TMAX",2001-04-25,14.3307692307692,3.6,26.7,5.95750076664833,6,10.025,17.725,21.1,NA,NA,NA,NA,NA,4,1999-04-25,"","DATE: Apr-25<br><b>Maximum temperature</b><br>10-90 percentile<br>6.0 to 21.1 °C","Historical daily maximum<br>26.7 °C<br>1999-04-25","DATE: Apr-25</b><br>Normal: 14.3 °C<br>Period: 1991-2020","3036682","VAUXHALL+CDA+CS",1994,2026
"04-25","TMIN",2001-04-25,0.784615384615385,-4.4,8.9,3.9152718738491,-3.25,-2.375,3.625,6.6,NA,NA,NA,NA,NA,4,2003-04-25,"","DATE: Apr-25<br><b>Minimum temperature</b><br>10-90 percentile<br>-3.2 to 6.6 °C","Historical daily maximum<br>8.9 °C<br>2003-04-25","DATE: Apr-25</b><br>Normal: 0.8 °C<br>Period: 1991-2020","3036682","VAUXHALL+CDA+CS",1994,2026
"04-25","VPD",2001-04-25,1.06640536510551,0.180866131256302,2.75599093838396,0.626603354666331,0.366698172799722,0.606674034736428,1.42214737244883,1.82399625420703,NA,NA,NA,NA,NA,4,1999-04-25,"","DATE: Apr-25<br><b>Vapour pressure deficit</b><br>10-90 percentile<br>0.4 to 1.8 kPa","Historical daily maximum<br>2.8 kPa<br>1999-04-25","DATE: Apr-25</b><br>Normal: 1.1 kPa<br>Period: 1991-2020","3036682","VAUXHALL+CDA+CS",1994,2026
"04-26","TMAX",2001-04-26,15.4961538461538,3.1,27.2,6.0923874314906,8.55,11.7,20.1,23.25,NA,NA,NA,NA,NA,4,2004-04-26,"","DATE: Apr-26<br><b>Maximum temperature</b><br>10-90 percentile<br>8.6 to 23.2 °C","Historical daily maximum<br>27.2 °C<br>2004-04-26","DATE: Apr-26</b><br>Normal: 15.5 °C<br>Period: 1991-2020","3036682","VAUXHALL+CDA+CS",1994,2026
"04-26","TMIN",2001-04-26,0.896153846153846,-6.9,7.2,3.18188381550688,-2.2,-0.4,2.925,4.75,NA,NA,NA,NA,NA,4,2012-04-26,"","DATE: Apr-26<br><b>Minimum temperature</b><br>10-90 percentile<br>-2.2 to 4.8 °C","Historical daily maximum<br>7.2 °C<br>2012-04-26","DATE: Apr-26</b><br>Normal: 0.9 °C<br>Period: 1991-2020","3036682","VAUXHALL+CDA+CS",1994,2026
"04-26","VPD",2001-04-26,1.20936125011035,0.15679211756668,3.00979596368916,0.696054049379717,0.489755529086853,0.75008633228624,1.627794161369,2.19113671451029,NA,NA,NA,NA,NA,4,2004-04-26,"","DATE: Apr-26<br><b>Vapour pressure deficit</b><br>10-90 percentile<br>0.5 to 2.2 kPa","Historical daily maximum<br>3.0 kPa<br>2004-04-26","DATE: Apr-26</b><br>Normal: 1.2 kPa<br>Period: 1991-2020","3036682","VAUXHALL+CDA+CS",1994,2026
"04-27","TMAX",2001-04-27,15.6576923076923,1.4,27.3,6.91706140362643,7.35,10.275,20.575,23.05,NA,NA,NA,NA,NA,4,2001-04-27,"","DATE: Apr-27<br><b>Maximum temperature</b><br>10-90 percentile<br>7.3 to 23.0 °C","Historical daily maximum<br>27.3 °C<br>2001-04-27","DATE: Apr-27</b><br>Normal: 15.7 °C<br>Period: 1991-2020","3036682","VAUXHALL+CDA+CS",1994,2026
"04-27","TMIN",2001-04-27,1.21923076923077,-6.6,9,4.12979604637025,-3.25,-1.45,3.075,7.5,NA,NA,NA,NA,NA,4,2013-04-27,"","DATE: Apr-27<br><b>Minimum temperature</b><br>10-90 percentile<br>-3.2 to 7.5 °C","Historical daily maximum<br>9.0 °C<br>2013-04-27","DATE: Apr-27</b><br>Normal: 1.2 °C<br>Period: 1991-2020","3036682","VAUXHALL+CDA+CS",1994,2026
"04-27","VPD",2001-04-27,1.23010558623102,0.148499971779684,2.69996319287031,0.698080110436034,0.415937733978114,0.758625639333223,1.77410138571786,2.09571336940851,NA,NA,NA,NA,NA,4,2004-04-27,"","DATE: Apr-27<br><b>Vapour pressure deficit</b><br>10-90 percentile<br>0.4 to 2.1 kPa","Historical daily maximum<br>2.7 kPa<br>2004-04-27","DATE: Apr-27</b><br>Normal: 1.2 kPa<br>Period: 1991-2020","3036682","VAUXHALL+CDA+CS",1994,2026
"04-28","TMAX",2001-04-28,14.8269230769231,2.5,28.4,7.50208278772276,6.1,9.675,20,25.25,NA,NA,NA,NA,NA,4,2018-04-28,"","DATE: Apr-28<br><b>Maximum temperature</b><br>10-90 percentile<br>6.1 to 25.2 °C","Historical daily maximum<br>28.4 °C<br>2018-04-28","DATE: Apr-28</b><br>Normal: 14.8 °C<br>Period: 1991-2020","3036682","VAUXHALL+CDA+CS",1994,2026
"04-28","TMIN",2001-04-28,1.53846153846154,-7.2,8.1,3.50063730461491,-2.05,0.025,2.775,6.3,NA,NA,NA,NA,NA,4,2001-04-28,"","DATE: Apr-28<br><b>Minimum temperature</b><br>10-90 percentile<br>-2.0 to 6.3 °C","Historical daily maximum<br>8.1 °C<br>2001-04-28","DATE: Apr-28</b><br>Normal: 1.5 °C<br>Period: 1991-2020","3036682","VAUXHALL+CDA+CS",1994,2026
"04-28","VPD",2001-04-28,1.1604619056952,0.306980704905303,3.09128778197988,0.843760047902433,0.368696979827284,0.524367992745622,1.53587708998831,2.41776660566994,NA,NA,NA,NA,NA,4,2015-04-28,"","DATE: Apr-28<br><b>Vapour pressure deficit</b><br>10-90 percentile<br>0.4 to 2.4 kPa","Historical daily maximum<br>3.1 kPa<br>2015-04-28","DATE: Apr-28</b><br>Normal: 1.2 kPa<br>Period: 1991-2020","3036682","VAUXHALL+CDA+CS",1994,2026
"04-29","TMAX",2001-04-29,14.6461538461538,1.6,25.2,6.49616691714311,7.1,8.875,17.5,23.35,NA,NA,NA,NA,NA,4,1998-04-29,"","DATE: Apr-29<br><b>Maximum temperature</b><br>10-90 percentile<br>7.1 to 23.4 °C","Historical daily maximum<br>25.2 °C<br>1998-04-29","DATE: Apr-29</b><br>Normal: 14.6 °C<br>Period: 1991-2020","3036682","VAUXHALL+CDA+CS",1994,2026
"04-29","TMIN",2001-04-29,0.811538461538462,-7.6,6,3.69587087686536,-3.1,-1.825,3.875,5.45,NA,NA,NA,NA,NA,4,2018-04-29,"","DATE: Apr-29<br><b>Minimum temperature</b><br>10-90 percentile<br>-3.1 to 5.4 °C","Historical daily maximum<br>6.0 °C<br>2018-04-29","DATE: Apr-29</b><br>Normal: 0.8 °C<br>Period: 1991-2020","3036682","VAUXHALL+CDA+CS",1994,2026
"04-29","VPD",2001-04-29,1.12479028961238,0.0614299674676272,2.39604862976405,0.634948910140015,0.47072606747314,0.640066373763103,1.40836144173005,2.00500603583356,NA,NA,NA,NA,NA,4,2021-04-29,"","DATE: Apr-29<br><b>Vapour pressure deficit</b><br>10-90 percentile<br>0.5 to 2.0 kPa","Historical daily maximum<br>2.4 kPa<br>2021-04-29","DATE: Apr-29</b><br>Normal: 1.1 kPa<br>Period: 1991-2020","3036682","VAUXHALL+CDA+CS",1994,2026
"04-30","TMAX",2001-04-30,14.0346153846154,3.2,23.6,4.67905480264485,8.7,11.975,16.275,19.7,NA,NA,NA,NA,NA,4,2021-04-30,"","DATE: Apr-30<br><b>Maximum temperature</b><br>10-90 percentile<br>8.7 to 19.7 °C","Historical daily maximum<br>23.6 °C<br>2021-04-30","DATE: Apr-30</b><br>Normal: 14.0 °C<br>Period: 1991-2020","3036682","VAUXHALL+CDA+CS",1994,2026
"04-30","TMIN",2001-04-30,0.657692307692308,-6.5,8.9,3.56293958151671,-4,-1.6,2.7,4.2,NA,NA,NA,NA,NA,4,2021-04-30,"","DATE: Apr-30<br><b>Minimum temperature</b><br>10-90 percentile<br>-4.0 to 4.2 °C","Historical daily maximum<br>8.9 °C<br>2021-04-30","DATE: Apr-30</b><br>Normal: 0.7 °C<br>Period: 1991-2020","3036682","VAUXHALL+CDA+CS",1994,2026
"04-30","VPD",2001-04-30,1.0052577752653,0.344204031999825,1.77269530249039,0.397604142868374,0.605658644456983,0.771016587862709,1.06270465413024,1.6820096501317,NA,NA,NA,NA,NA,4,2023-04-30,"","DATE: Apr-30<br><b>Vapour pressure deficit</b><br>10-90 percentile<br>0.6 to 1.7 kPa","Historical daily maximum<br>1.8 kPa<br>2023-04-30","DATE: Apr-30</b><br>Normal: 1.0 kPa<br>Period: 1991-2020","3036682","VAUXHALL+CDA+CS",1994,2026
"05-01","TMAX",2001-05-01,16.1423076923077,6.8,26.5,5.28992802044966,9.95,13.425,20.525,22.95,NA,NA,NA,NA,NA,5,2000-05-01,"","DATE: May-01<br><b>Maximum temperature</b><br>10-90 percentile<br>9.9 to 23.0 °C","Historical daily maximum<br>26.5 °C<br>2000-05-01","DATE: May-01</b><br>Normal: 16.1 °C<br>Period: 1991-2020","3036682","VAUXHALL+CDA+CS",1994,2026
"05-01","TMIN",2001-05-01,0.684615384615385,-8.4,8.6,4.26696072704611,-3.85,-1.6,3.925,6.15,NA,NA,NA,NA,NA,5,2015-05-01,"","DATE: May-01<br><b>Minimum temperature</b><br>10-90 percentile<br>-3.8 to 6.2 °C","Historical daily maximum<br>8.6 °C<br>2015-05-01","DATE: May-01</b><br>Normal: 0.7 °C<br>Period: 1991-2020","3036682","VAUXHALL+CDA+CS",1994,2026
"05-01","VPD",2001-05-01,1.25766764209093,0.167495546032337,2.46708254868474,0.609183398003096,0.672898890585541,0.879126346650226,1.64863463155933,2.18516700426735,NA,NA,NA,NA,NA,5,2000-05-01,"","DATE: May-01<br><b>Vapour pressure deficit</b><br>10-90 percentile<br>0.7 to 2.2 kPa","Historical daily maximum<br>2.5 kPa<br>2000-05-01","DATE: May-01</b><br>Normal: 1.3 kPa<br>Period: 1991-2020","3036682","VAUXHALL+CDA+CS",1994,2026
"05-02","TMAX",2001-05-02,16.7038461538462,7.1,27.8,5.53233988610467,11.5,12.525,20.6,24.65,NA,NA,NA,NA,NA,5,1998-05-02,"","DATE: May-02<br><b>Maximum temperature</b><br>10-90 percentile<br>11.5 to 24.6 °C","Historical daily maximum<br>27.8 °C<br>1998-05-02","DATE: May-02</b><br>Normal: 16.7 °C<br>Period: 1991-2020","3036682","VAUXHALL+CDA+CS",1994,2026
"05-02","TMIN",2001-05-02,1.95,-7.4,7.8,3.60169404586231,-3.3,0.3,3.825,5.85,NA,NA,NA,NA,NA,5,2004-05-02,"","DATE: May-02<br><b>Minimum temperature</b><br>10-90 percentile<br>-3.3 to 5.8 °C","Historical daily maximum<br>7.8 °C<br>2004-05-02","DATE: May-02</b><br>Normal: 2.0 °C<br>Period: 1991-2020","3036682","VAUXHALL+CDA+CS",1994,2026
"05-02","VPD",2001-05-02,1.28257787854165,0.234705995800721,2.98372975815237,0.701752501689172,0.684099726191739,0.737238834989702,1.73089967329025,2.18682666555915,NA,NA,NA,NA,NA,5,1998-05-02,"","DATE: May-02<br><b>Vapour pressure deficit</b><br>10-90 percentile<br>0.7 to 2.2 kPa","Historical daily maximum<br>3.0 kPa<br>1998-05-02","DATE: May-02</b><br>Normal: 1.3 kPa<br>Period: 1991-2020","3036682","VAUXHALL+CDA+CS",1994,2026
"05-03","TMAX",2001-05-03,16.2846153846154,4.4,30.3,6.98911681445902,7.65,10.3,20.9,23.55,NA,NA,NA,NA,NA,5,2016-05-03,"","DATE: May-03<br><b>Maximum temperature</b><br>10-90 percentile<br>7.6 to 23.6 °C","Historical daily maximum<br>30.3 °C<br>2016-05-03","DATE: May-03</b><br>Normal: 16.3 °C<br>Period: 1991-2020","3036682","VAUXHALL+CDA+CS",1994,2026
"05-03","TMIN",2001-05-03,1.61153846153846,-4.8,8.3,3.45384735309213,-2.8,-0.55,4.4,5.5,NA,NA,NA,NA,NA,5,1998-05-03,"","DATE: May-03<br><b>Minimum temperature</b><br>10-90 percentile<br>-2.8 to 5.5 °C","Historical daily maximum<br>8.3 °C<br>1998-05-03","DATE: May-03</b><br>Normal: 1.6 °C<br>Period: 1991-2020","3036682","VAUXHALL+CDA+CS",1994,2026
"05-03","VPD",2001-05-03,1.30628792047478,0.243197523098745,3.46241401694117,0.86187142029772,0.343233318830439,0.521837482662281,1.96507426379463,2.1070448416194,NA,NA,NA,NA,NA,5,2016-05-03,"","DATE: May-03<br><b>Vapour pressure deficit</b><br>10-90 percentile<br>0.3 to 2.1 kPa","Historical daily maximum<br>3.5 kPa<br>2016-05-03","DATE: May-03</b><br>Normal: 1.3 kPa<br>Period: 1991-2020","3036682","VAUXHALL+CDA+CS",1994,2026
"05-04","TMAX",2001-05-04,16.6153846153846,3.6,30,7.2402592388777,6.3,11.025,21.45,24.35,NA,NA,NA,NA,NA,5,2016-05-04,"","DATE: May-04<br><b>Maximum temperature</b><br>10-90 percentile<br>6.3 to 24.4 °C","Historical daily maximum<br>30.0 °C<br>2016-05-04","DATE: May-04</b><br>Normal: 16.6 °C<br>Period: 1991-2020","3036682","VAUXHALL+CDA+CS",1994,2026
"05-04","TMIN",2001-05-04,2.17692307692308,-4.2,8.1,3.27771965760438,-1.55,0.025,4.975,6.3,NA,NA,NA,NA,NA,5,2017-05-04,"","DATE: May-04<br><b>Minimum temperature</b><br>10-90 percentile<br>-1.6 to 6.3 °C","Historical daily maximum<br>8.1 °C<br>2017-05-04","DATE: May-04</b><br>Normal: 2.2 °C<br>Period: 1991-2020","3036682","VAUXHALL+CDA+CS",1994,2026
"05-04","VPD",2001-05-04,1.32764483192703,0.184278080306336,3.32720064044612,0.819328880305428,0.326738380434627,0.678533016840426,1.87236909204749,2.23407383818409,NA,NA,NA,NA,NA,5,2016-05-04,"","DATE: May-04<br><b>Vapour pressure deficit</b><br>10-90 percentile<br>0.3 to 2.2 kPa","Historical daily maximum<br>3.3 kPa<br>2016-05-04","DATE: May-04</b><br>Normal: 1.3 kPa<br>Period: 1991-2020","3036682","VAUXHALL+CDA+CS",1994,2026
"05-05","TMAX",2001-05-05,16.5538461538462,0.2,30.6,7.16364325014755,8.2,11.2,20.675,23.6,NA,NA,NA,NA,NA,5,2017-05-05,"","DATE: May-05<br><b>Maximum temperature</b><br>10-90 percentile<br>8.2 to 23.6 °C","Historical daily maximum<br>30.6 °C<br>2017-05-05","DATE: May-05</b><br>Normal: 16.6 °C<br>Period: 1991-2020","3036682","VAUXHALL+CDA+CS",1994,2026
"05-05","TMIN",2001-05-05,2.35769230769231,-1.8,9.8,2.93995552033334,-1.1,0.075,3.675,5.95,NA,NA,NA,NA,NA,5,2016-05-05,"","DATE: May-05<br><b>Minimum temperature</b><br>10-90 percentile<br>-1.1 to 6.0 °C","Historical daily maximum<br>9.8 °C<br>2016-05-05","DATE: May-05</b><br>Normal: 2.4 °C<br>Period: 1991-2020","3036682","VAUXHALL+CDA+CS",1994,2026
"05-05","VPD",2001-05-05,1.30328725111622,0.0844787884699308,3.31852312083567,0.759378195468919,0.411905890432526,0.71825267010609,1.62378489166518,2.18180827787722,NA,NA,NA,NA,NA,5,2017-05-05,"","DATE: May-05<br><b>Vapour pressure deficit</b><br>10-90 percentile<br>0.4 to 2.2 kPa","Historical daily maximum<br>3.3 kPa<br>2017-05-05","DATE: May-05</b><br>Normal: 1.3 kPa<br>Period: 1991-2020","3036682","VAUXHALL+CDA+CS",1994,2026
"05-06","TMAX",2001-05-06,15.8576923076923,1.1,27,7.08311643710157,4.65,12.175,19.975,24.8,NA,NA,NA,NA,NA,5,2017-05-06,"","DATE: May-06<br><b>Maximum temperature</b><br>10-90 percentile<br>4.6 to 24.8 °C","Historical daily maximum<br>27.0 °C<br>2017-05-06","DATE: May-06</b><br>Normal: 15.9 °C<br>Period: 1991-2020","3036682","VAUXHALL+CDA+CS",1994,2026
"05-06","TMIN",2001-05-06,2.5,-3.6,12.2,4.28242921716168,-1.35,-0.5,5.05,8.45,NA,NA,NA,NA,NA,5,2017-05-06,"","DATE: May-06<br><b>Minimum temperature</b><br>10-90 percentile<br>-1.4 to 8.4 °C","Historical daily maximum<br>12.2 °C<br>2017-05-06","DATE: May-06</b><br>Normal: 2.5 °C<br>Period: 1991-2020","3036682","VAUXHALL+CDA+CS",1994,2026
"05-06","VPD",2001-05-06,1.19099757987093,0.114211541602058,2.84293259897292,0.714987961719283,0.290248568259641,0.826688831305964,1.58643713889368,1.98562746564351,NA,NA,NA,NA,NA,5,2013-05-06,"","DATE: May-06<br><b>Vapour pressure deficit</b><br>10-90 percentile<br>0.3 to 2.0 kPa","Historical daily maximum<br>2.8 kPa<br>2013-05-06","DATE: May-06</b><br>Normal: 1.2 kPa<br>Period: 1991-2020","3036682","VAUXHALL+CDA+CS",1994,2026
"05-07","TMAX",2001-05-07,15.6307692307692,2.7,26.8,6.54466312231694,6.7,11.95,19.85,23.15,NA,NA,NA,NA,NA,5,2016-05-07,"","DATE: May-07<br><b>Maximum temperature</b><br>10-90 percentile<br>6.7 to 23.1 °C","Historical daily maximum<br>26.8 °C<br>2016-05-07","DATE: May-07</b><br>Normal: 15.6 °C<br>Period: 1991-2020","3036682","VAUXHALL+CDA+CS",1994,2026
"05-07","TMIN",2001-05-07,2.16153846153846,-4.2,9.9,3.70719051823096,-2.95,-0.475,4.75,6.75,NA,NA,NA,NA,NA,5,2018-05-07,"","DATE: May-07<br><b>Minimum temperature</b><br>10-90 percentile<br>-3.0 to 6.8 °C","Historical daily maximum<br>9.9 °C<br>2018-05-07","DATE: May-07</b><br>Normal: 2.2 °C<br>Period: 1991-2020","3036682","VAUXHALL+CDA+CS",1994,2026
"05-07","VPD",2001-05-07,1.16998814298673,0.135414189523436,2.78193635115186,0.692203076306563,0.32778059107842,0.609883553335208,1.60826345097793,2.03566217173387,NA,NA,NA,NA,NA,5,2016-05-07,"","DATE: May-07<br><b>Vapour pressure deficit</b><br>10-90 percentile<br>0.3 to 2.0 kPa","Historical daily maximum<br>2.8 kPa<br>2016-05-07","DATE: May-07</b><br>Normal: 1.2 kPa<br>Period: 1991-2020","3036682","VAUXHALL+CDA+CS",1994,2026
"05-08","TMAX",2001-05-08,16.5730769230769,1.3,26.8,6.58194850738337,9.6,12.85,22.075,24.35,NA,NA,NA,NA,NA,5,2012-05-08,"","DATE: May-08<br><b>Maximum temperature</b><br>10-90 percentile<br>9.6 to 24.4 °C","Historical daily maximum<br>26.8 °C<br>2012-05-08","DATE: May-08</b><br>Normal: 16.6 °C<br>Period: 1991-2020","3036682","VAUXHALL+CDA+CS",1994,2026
"05-08","TMIN",2001-05-08,2.39615384615385,-4.1,12.2,4.25699243778805,-3.05,-0.475,4.95,7.35,NA,NA,NA,NA,NA,5,2007-05-08,"","DATE: May-08<br><b>Minimum temperature</b><br>10-90 percentile<br>-3.0 to 7.3 °C","Historical daily maximum<br>12.2 °C<br>2007-05-08","DATE: May-08</b><br>Normal: 2.4 °C<br>Period: 1991-2020","3036682","VAUXHALL+CDA+CS",1994,2026
"05-08","VPD",2001-05-08,1.26623705033424,0.152754521912914,2.63297172412657,0.675504133908003,0.575094508428945,0.782945918446234,1.85545691797333,2.09675339033331,NA,NA,NA,NA,NA,5,2012-05-08,"","DATE: May-08<br><b>Vapour pressure deficit</b><br>10-90 percentile<br>0.6 to 2.1 kPa","Historical daily maximum<br>2.6 kPa<br>2012-05-08","DATE: May-08</b><br>Normal: 1.3 kPa<br>Period: 1991-2020","3036682","VAUXHALL+CDA+CS",1994,2026
"05-09","TMAX",2001-05-09,15.5423076923077,4.4,26.3,5.24169232801187,9.6,11.925,18.25,22.5,NA,NA,NA,NA,NA,5,2013-05-09,"","DATE: May-09<br><b>Maximum temperature</b><br>10-90 percentile<br>9.6 to 22.5 °C","Historical daily maximum<br>26.3 °C<br>2013-05-09","DATE: May-09</b><br>Normal: 15.5 °C<br>Period: 1991-2020","3036682","VAUXHALL+CDA+CS",1994,2026
"05-09","TMIN",2001-05-09,1.65384615384615,-4.4,6.6,2.96826289526124,-3.1,0.125,3.4,5.15,NA,NA,NA,NA,NA,5,2018-05-09,"","DATE: May-09<br><b>Minimum temperature</b><br>10-90 percentile<br>-3.1 to 5.2 °C","Historical daily maximum<br>6.6 °C<br>2018-05-09","DATE: May-09</b><br>Normal: 1.7 °C<br>Period: 1991-2020","3036682","VAUXHALL+CDA+CS",1994,2026
"05-09","VPD",2001-05-09,1.15054563081592,0.37948973092203,2.6196308886403,0.581128427250567,0.566587277292415,0.789289712916053,1.40763277435093,1.90488564027443,NA,NA,NA,NA,NA,5,2013-05-09,"","DATE: May-09<br><b>Vapour pressure deficit</b><br>10-90 percentile<br>0.6 to 1.9 kPa","Historical daily maximum<br>2.6 kPa<br>2013-05-09","DATE: May-09</b><br>Normal: 1.2 kPa<br>Period: 1991-2020","3036682","VAUXHALL+CDA+CS",1994,2026
"05-10","TMAX",2001-05-10,15.2692307692308,3.8,24.9,4.74727452172458,10,12.125,17.85,20,NA,NA,NA,NA,NA,5,2024-05-10,"","DATE: May-10<br><b>Maximum temperature</b><br>10-90 percentile<br>10.0 to 20.0 °C","Historical daily maximum<br>24.9 °C<br>2024-05-10","DATE: May-10</b><br>Normal: 15.3 °C<br>Period: 1991-2020","3036682","VAUXHALL+CDA+CS",1994,2026
"05-10","TMIN",2001-05-10,1.78461538461538,-3.1,5.9,2.70919800792667,-1.4,0.025,4.1,5.15,NA,NA,NA,NA,NA,5,1998-05-10,"","DATE: May-10<br><b>Minimum temperature</b><br>10-90 percentile<br>-1.4 to 5.2 °C","Historical daily maximum<br>5.9 °C<br>1998-05-10","DATE: May-10</b><br>Normal: 1.8 °C<br>Period: 1991-2020","3036682","VAUXHALL+CDA+CS",1994,2026
"05-10","VPD",2001-05-10,1.09703955853296,0.186624226755147,2.36940801835104,0.490235116148255,0.559969451922368,0.815642133211223,1.33714979285047,1.58524074926932,NA,NA,NA,NA,NA,5,2024-05-10,"","DATE: May-10<br><b>Vapour pressure deficit</b><br>10-90 percentile<br>0.6 to 1.6 kPa","Historical daily maximum<br>2.4 kPa<br>2024-05-10","DATE: May-10</b><br>Normal: 1.1 kPa<br>Period: 1991-2020","3036682","VAUXHALL+CDA+CS",1994,2026
"05-11","TMAX",2001-05-11,17.2576923076923,5.5,28.9,6.05964837771454,9.45,12.625,21.775,24,NA,NA,NA,NA,NA,5,2013-05-11,"","DATE: May-11<br><b>Maximum temperature</b><br>10-90 percentile<br>9.4 to 24.0 °C","Historical daily maximum<br>28.9 °C<br>2013-05-11","DATE: May-11</b><br>Normal: 17.3 °C<br>Period: 1991-2020","3036682","VAUXHALL+CDA+CS",1994,2026
"05-11","TMIN",2001-05-11,0.911538461538462,-3.9,6.2,2.49035369746178,-1.95,-0.7,2.375,4,NA,NA,NA,NA,NA,5,2024-05-11,"","DATE: May-11<br><b>Minimum temperature</b><br>10-90 percentile<br>-2.0 to 4.0 °C","Historical daily maximum<br>6.2 °C<br>2024-05-11","DATE: May-11</b><br>Normal: 0.9 °C<br>Period: 1991-2020","3036682","VAUXHALL+CDA+CS",1994,2026
"05-11","VPD",2001-05-11,1.43142665462099,0.287969634952501,3.2819797699299,0.739474789291322,0.586007892287348,0.906850142397425,1.92804378420377,2.21470392795647,NA,NA,NA,NA,NA,5,2013-05-11,"","DATE: May-11<br><b>Vapour pressure deficit</b><br>10-90 percentile<br>0.6 to 2.2 kPa","Historical daily maximum<br>3.3 kPa<br>2013-05-11","DATE: May-11</b><br>Normal: 1.4 kPa<br>Period: 1991-2020","3036682","VAUXHALL+CDA+CS",1994,2026
"05-12","TMAX",2001-05-12,19.1538461538462,6.7,29.2,6.32754175137427,11.25,14.575,23.7,28.6,NA,NA,NA,NA,NA,5,1997-05-12,"","DATE: May-12<br><b>Maximum temperature</b><br>10-90 percentile<br>11.2 to 28.6 °C","Historical daily maximum<br>29.2 °C<br>1997-05-12","DATE: May-12</b><br>Normal: 19.2 °C<br>Period: 1991-2020","3036682","VAUXHALL+CDA+CS",1994,2026
"05-12","TMIN",2001-05-12,2.58076923076923,-3.8,9.9,3.25392307601384,-0.5,0.075,4.225,6.75,NA,NA,NA,NA,NA,5,2017-05-12,"","DATE: May-12<br><b>Minimum temperature</b><br>10-90 percentile<br>-0.5 to 6.8 °C","Historical daily maximum<br>9.9 °C<br>2017-05-12","DATE: May-12</b><br>Normal: 2.6 °C<br>Period: 1991-2020","3036682","VAUXHALL+CDA+CS",1994,2026
"05-12","VPD",2001-05-12,1.61283002931188,0.405266376439921,3.35160073151768,0.830495603208369,0.686465821206158,1.01714218450716,1.99760934076257,2.91080578100953,NA,NA,NA,NA,NA,5,1997-05-12,"","DATE: May-12<br><b>Vapour pressure deficit</b><br>10-90 percentile<br>0.7 to 2.9 kPa","Historical daily maximum<br>3.4 kPa<br>1997-05-12","DATE: May-12</b><br>Normal: 1.6 kPa<br>Period: 1991-2020","3036682","VAUXHALL+CDA+CS",1994,2026
"05-13","TMAX",2001-05-13,18.9384615384615,10.3,27.6,4.87483964233302,12.9,15.75,22.45,26,NA,NA,NA,NA,NA,5,2001-05-13,"","DATE: May-13<br><b>Maximum temperature</b><br>10-90 percentile<br>12.9 to 26.0 °C","Historical daily maximum<br>27.6 °C<br>2001-05-13","DATE: May-13</b><br>Normal: 18.9 °C<br>Period: 1991-2020","3036682","VAUXHALL+CDA+CS",1994,2026
"05-13","TMIN",2001-05-13,3.12692307692308,-3,13.2,4.17923990144693,-0.95,-0.15,5.175,8.3,NA,NA,NA,NA,NA,5,2001-05-13,"","DATE: May-13<br><b>Minimum temperature</b><br>10-90 percentile<br>-0.9 to 8.3 °C","Historical daily maximum<br>13.2 °C<br>2001-05-13","DATE: May-13</b><br>Normal: 3.1 °C<br>Period: 1991-2020","3036682","VAUXHALL+CDA+CS",1994,2026
"05-13","VPD",2001-05-13,1.48104405321374,0.62050933270166,2.71041891262149,0.571879977679231,0.863167453574485,1.05031793925571,1.86313927420592,2.26270066651747,NA,NA,NA,NA,NA,5,2012-05-13,"","DATE: May-13<br><b>Vapour pressure deficit</b><br>10-90 percentile<br>0.9 to 2.3 kPa","Historical daily maximum<br>2.7 kPa<br>2012-05-13","DATE: May-13</b><br>Normal: 1.5 kPa<br>Period: 1991-2020","3036682","VAUXHALL+CDA+CS",1994,2026
"05-14","TMAX",2001-05-14,20.1846153846154,7.1,29,4.97792666138763,13.95,16.85,23.825,25,NA,NA,NA,NA,NA,5,2018-05-14,"","DATE: May-14<br><b>Maximum temperature</b><br>10-90 percentile<br>13.9 to 25.0 °C","Historical daily maximum<br>29.0 °C<br>2018-05-14","DATE: May-14</b><br>Normal: 20.2 °C<br>Period: 1991-2020","3036682","VAUXHALL+CDA+CS",1994,2026
"05-14","TMIN",2001-05-14,4.56538461538462,-1.3,10.8,3.27743098266826,0.25,2.525,5.75,9.15,NA,NA,NA,NA,NA,5,2019-05-14,"","DATE: May-14<br><b>Minimum temperature</b><br>10-90 percentile<br>0.2 to 9.1 °C","Historical daily maximum<br>10.8 °C<br>2019-05-14","DATE: May-14</b><br>Normal: 4.6 °C<br>Period: 1991-2020","3036682","VAUXHALL+CDA+CS",1994,2026
"05-14","VPD",2001-05-14,1.59015864515518,0.16050644019715,3.09615013733441,0.669188347945876,0.871542608989271,1.13725591477875,1.8939232915817,2.368640197455,NA,NA,NA,NA,NA,5,2018-05-14,"","DATE: May-14<br><b>Vapour pressure deficit</b><br>10-90 percentile<br>0.9 to 2.4 kPa","Historical daily maximum<br>3.1 kPa<br>2018-05-14","DATE: May-14</b><br>Normal: 1.6 kPa<br>Period: 1991-2020","3036682","VAUXHALL+CDA+CS",1994,2026
"05-15","TMAX",2001-05-15,20.2346153846154,7.9,30.8,6.03906895524085,13.35,17.075,23.275,28.9,NA,NA,NA,NA,NA,5,2012-05-15,"","DATE: May-15<br><b>Maximum temperature</b><br>10-90 percentile<br>13.4 to 28.9 °C","Historical daily maximum<br>30.8 °C<br>2012-05-15","DATE: May-15</b><br>Normal: 20.2 °C<br>Period: 1991-2020","3036682","VAUXHALL+CDA+CS",1994,2026
"05-15","TMIN",2001-05-15,5.26538461538462,-2.2,9.9,3.37875033794358,1.15,2.625,8.375,9,NA,NA,NA,NA,NA,5,2001-05-15,"","DATE: May-15<br><b>Minimum temperature</b><br>10-90 percentile<br>1.1 to 9.0 °C","Historical daily maximum<br>9.9 °C<br>2001-05-15","DATE: May-15</b><br>Normal: 5.3 °C<br>Period: 1991-2020","3036682","VAUXHALL+CDA+CS",1994,2026
"05-15","VPD",2001-05-15,1.60477487483527,0.217232121980242,3.45350851331816,0.86545370318449,0.686615831851204,1.11765181681974,1.88265861567214,2.96801387758087,NA,NA,NA,NA,NA,5,2012-05-15,"","DATE: May-15<br><b>Vapour pressure deficit</b><br>10-90 percentile<br>0.7 to 3.0 kPa","Historical daily maximum<br>3.5 kPa<br>2012-05-15","DATE: May-15</b><br>Normal: 1.6 kPa<br>Period: 1991-2020","3036682","VAUXHALL+CDA+CS",1994,2026
"05-16","TMAX",2001-05-16,21.4230769230769,10.1,30.7,5.76751646324882,14.55,17.425,25.725,29.25,NA,NA,NA,NA,NA,5,2006-05-16,"","DATE: May-16<br><b>Maximum temperature</b><br>10-90 percentile<br>14.6 to 29.2 °C","Historical daily maximum<br>30.7 °C<br>2006-05-16","DATE: May-16</b><br>Normal: 21.4 °C<br>Period: 1991-2020","3036682","VAUXHALL+CDA+CS",1994,2026
"05-16","TMIN",2001-05-16,5.00769230769231,-0.3,10.4,2.71675145376578,1.75,2.85,6.65,8.85,NA,NA,NA,NA,NA,5,2012-05-16,"","DATE: May-16<br><b>Minimum temperature</b><br>10-90 percentile<br>1.8 to 8.9 °C","Historical daily maximum<br>10.4 °C<br>2012-05-16","DATE: May-16</b><br>Normal: 5.0 °C<br>Period: 1991-2020","3036682","VAUXHALL+CDA+CS",1994,2026
"05-16","VPD",2001-05-16,1.80078516406445,0.499693433387142,3.28378825218306,0.82933403723845,0.871100236763074,1.06734768808236,2.4034827185821,3.0062627323361,NA,NA,NA,NA,NA,5,2006-05-16,"","DATE: May-16<br><b>Vapour pressure deficit</b><br>10-90 percentile<br>0.9 to 3.0 kPa","Historical daily maximum<br>3.3 kPa<br>2006-05-16","DATE: May-16</b><br>Normal: 1.8 kPa<br>Period: 1991-2020","3036682","VAUXHALL+CDA+CS",1994,2026
"05-17","TMAX",2001-05-17,20.3038461538462,7.7,31.8,6.28486949867574,12.5,16.7,24.225,29,NA,NA,NA,NA,NA,5,2006-05-17,"","DATE: May-17<br><b>Maximum temperature</b><br>10-90 percentile<br>12.5 to 29.0 °C","Historical daily maximum<br>31.8 °C<br>2006-05-17","DATE: May-17</b><br>Normal: 20.3 °C<br>Period: 1991-2020","3036682","VAUXHALL+CDA+CS",1994,2026
"05-17","TMIN",2001-05-17,5.30769230769231,-0.1,10.2,2.85277732421205,1.55,3.225,7.775,8.85,NA,NA,NA,NA,NA,5,2005-05-17,"","DATE: May-17<br><b>Minimum temperature</b><br>10-90 percentile<br>1.5 to 8.8 °C","Historical daily maximum<br>10.2 °C<br>2005-05-17","DATE: May-17</b><br>Normal: 5.3 °C<br>Period: 1991-2020","3036682","VAUXHALL+CDA+CS",1994,2026
"05-17","VPD",2001-05-17,1.63011643500299,0.243491097353319,3.65025508433775,0.895607897210608,0.691721453459887,0.979453798011814,1.95334654305997,2.85421201860957,NA,NA,NA,NA,NA,5,2006-05-17,"","DATE: May-17<br><b>Vapour pressure deficit</b><br>10-90 percentile<br>0.7 to 2.9 kPa","Historical daily maximum<br>3.7 kPa<br>2006-05-17","DATE: May-17</b><br>Normal: 1.6 kPa<br>Period: 1991-2020","3036682","VAUXHALL+CDA+CS",1994,2026
"05-18","TMAX",2001-05-18,18.9807692307692,9,31.7,6.07019072061293,10.8,14.75,21.925,27.25,NA,NA,NA,NA,NA,5,2006-05-18,"","DATE: May-18<br><b>Maximum temperature</b><br>10-90 percentile<br>10.8 to 27.2 °C","Historical daily maximum<br>31.7 °C<br>2006-05-18","DATE: May-18</b><br>Normal: 19.0 °C<br>Period: 1991-2020","3036682","VAUXHALL+CDA+CS",1994,2026
"05-18","TMIN",2001-05-18,5.43846153846154,-0.9,12.6,3.56685597388814,0.15,3.275,7.7,9.8,NA,NA,NA,NA,NA,5,2008-05-18,"","DATE: May-18<br><b>Minimum temperature</b><br>10-90 percentile<br>0.1 to 9.8 °C","Historical daily maximum<br>12.6 °C<br>2008-05-18","DATE: May-18</b><br>Normal: 5.4 °C<br>Period: 1991-2020","3036682","VAUXHALL+CDA+CS",1994,2026
"05-18","VPD",2001-05-18,1.40892227748174,0.498106423332902,3.42189241700248,0.771435933422182,0.558100392247294,0.676563737418767,1.74306978734346,2.36359228750675,NA,NA,NA,NA,NA,5,2006-05-18,"","DATE: May-18<br><b>Vapour pressure deficit</b><br>10-90 percentile<br>0.6 to 2.4 kPa","Historical daily maximum<br>3.4 kPa<br>2006-05-18","DATE: May-18</b><br>Normal: 1.4 kPa<br>Period: 1991-2020","3036682","VAUXHALL+CDA+CS",1994,2026
"05-19","TMAX",2001-05-19,19.6076923076923,14.3,29.7,3.781420164639,15.15,16.5,22.175,24.05,NA,NA,NA,NA,NA,5,2023-05-19,"","DATE: May-19<br><b>Maximum temperature</b><br>10-90 percentile<br>15.1 to 24.0 °C","Historical daily maximum<br>29.7 °C<br>2023-05-19","DATE: May-19</b><br>Normal: 19.6 °C<br>Period: 1991-2020","3036682","VAUXHALL+CDA+CS",1994,2026
"05-19","TMIN",2001-05-19,4.96153846153846,-3.4,11.2,3.81827991881967,-0.25,3.225,7.925,9.8,NA,NA,NA,NA,NA,5,2008-05-19,"","DATE: May-19<br><b>Minimum temperature</b><br>10-90 percentile<br>-0.2 to 9.8 °C","Historical daily maximum<br>11.2 °C<br>2008-05-19","DATE: May-19</b><br>Normal: 5.0 °C<br>Period: 1991-2020","3036682","VAUXHALL+CDA+CS",1994,2026
"05-19","VPD",2001-05-19,1.4412603055914,0.647347976361609,2.84913169733947,0.516757065787012,0.820695179016729,1.04847926248777,1.67114199316475,2.08638243449568,NA,NA,NA,NA,NA,5,2023-05-19,"","DATE: May-19<br><b>Vapour pressure deficit</b><br>10-90 percentile<br>0.8 to 2.1 kPa","Historical daily maximum<br>2.8 kPa<br>2023-05-19","DATE: May-19</b><br>Normal: 1.4 kPa<br>Period: 1991-2020","3036682","VAUXHALL+CDA+CS",1994,2026
"05-20","TMAX",2001-05-20,19.6307692307692,9.9,29,5.08682763464769,12.3,16.625,22.125,26.2,NA,NA,NA,NA,NA,5,2006-05-20,"","DATE: May-20<br><b>Maximum temperature</b><br>10-90 percentile<br>12.3 to 26.2 °C","Historical daily maximum<br>29.0 °C<br>2006-05-20","DATE: May-20</b><br>Normal: 19.6 °C<br>Period: 1991-2020","3036682","VAUXHALL+CDA+CS",1994,2026
"05-20","TMIN",2001-05-20,5.28076923076923,-0.6,11.7,3.41397354773223,0.65,2.5,7.825,9.15,NA,NA,NA,NA,NA,5,2008-05-20,"","DATE: May-20<br><b>Minimum temperature</b><br>10-90 percentile<br>0.6 to 9.2 °C","Historical daily maximum<br>11.7 °C<br>2008-05-20","DATE: May-20</b><br>Normal: 5.3 °C<br>Period: 1991-2020","3036682","VAUXHALL+CDA+CS",1994,2026
"05-20","VPD",2001-05-20,1.46973918317827,0.398190998589877,2.65764962892243,0.644545753108045,0.719963220552212,0.963477120304391,1.93696214231816,2.37933635303181,NA,NA,NA,NA,NA,5,2006-05-20,"","DATE: May-20<br><b>Vapour pressure deficit</b><br>10-90 percentile<br>0.7 to 2.4 kPa","Historical daily maximum<br>2.7 kPa<br>2006-05-20","DATE: May-20</b><br>Normal: 1.5 kPa<br>Period: 1991-2020","3036682","VAUXHALL+CDA+CS",1994,2026
"05-21","TMAX",2001-05-21,18.5384615384615,7.4,26.4,6.27375976097759,8.85,13.5,23.65,25.8,NA,NA,NA,NA,NA,5,2023-05-21,"","DATE: May-21<br><b>Maximum temperature</b><br>10-90 percentile<br>8.9 to 25.8 °C","Historical daily maximum<br>26.4 °C<br>2023-05-21","DATE: May-21</b><br>Normal: 18.5 °C<br>Period: 1991-2020","3036682","VAUXHALL+CDA+CS",1994,2026
"05-21","TMIN",2001-05-21,5.34230769230769,-2.7,13,3.46896792454737,1.05,3.625,6.725,9.8,NA,NA,NA,NA,NA,5,2006-05-21,"","DATE: May-21<br><b>Minimum temperature</b><br>10-90 percentile<br>1.0 to 9.8 °C","Historical daily maximum<br>13.0 °C<br>2006-05-21","DATE: May-21</b><br>Normal: 5.3 °C<br>Period: 1991-2020","3036682","VAUXHALL+CDA+CS",1994,2026
"05-21","VPD",2001-05-21,1.35338506523123,0.167237708595074,2.47687540552065,0.737692271768513,0.222545857182329,0.832355816314471,1.98958106111207,2.19453530391019,NA,NA,NA,NA,NA,5,2023-05-21,"","DATE: May-21<br><b>Vapour pressure deficit</b><br>10-90 percentile<br>0.2 to 2.2 kPa","Historical daily maximum<br>2.5 kPa<br>2023-05-21","DATE: May-21</b><br>Normal: 1.4 kPa<br>Period: 1991-2020","3036682","VAUXHALL+CDA+CS",1994,2026
"05-22","TMAX",2001-05-22,18.5384615384615,5.5,29.2,6.81240497463719,8.65,15.275,22.925,27.05,NA,NA,NA,NA,NA,5,2006-05-22,"","DATE: May-22<br><b>Maximum temperature</b><br>10-90 percentile<br>8.6 to 27.0 °C","Historical daily maximum<br>29.2 °C<br>2006-05-22","DATE: May-22</b><br>Normal: 18.5 °C<br>Period: 1991-2020","3036682","VAUXHALL+CDA+CS",1994,2026
"05-22","TMIN",2001-05-22,5.89230769230769,-0.8,13.3,3.94481158758419,1.75,3.1,8.425,11.75,NA,NA,NA,NA,NA,5,1998-05-22,"","DATE: May-22<br><b>Minimum temperature</b><br>10-90 percentile<br>1.8 to 11.8 °C","Historical daily maximum<br>13.3 °C<br>1998-05-22","DATE: May-22</b><br>Normal: 5.9 °C<br>Period: 1991-2020","3036682","VAUXHALL+CDA+CS",1994,2026
"05-22","VPD",2001-05-22,1.3360609439003,0.0964362625753237,2.92720863193644,0.81425029825316,0.24050838621626,0.682192291765079,1.71070639708412,2.53020395045688,NA,NA,NA,NA,NA,5,2006-05-22,"","DATE: May-22<br><b>Vapour pressure deficit</b><br>10-90 percentile<br>0.2 to 2.5 kPa","Historical daily maximum<br>2.9 kPa<br>2006-05-22","DATE: May-22</b><br>Normal: 1.3 kPa<br>Period: 1991-2020","3036682","VAUXHALL+CDA+CS",1994,2026
"05-23","TMAX",2001-05-23,19.8038461538462,9.6,33.1,6.88595560655053,10.7,15.25,25.1,29.4,NA,NA,NA,NA,NA,5,2001-05-23,"","DATE: May-23<br><b>Maximum temperature</b><br>10-90 percentile<br>10.7 to 29.4 °C","Historical daily maximum<br>33.1 °C<br>2001-05-23","DATE: May-23</b><br>Normal: 19.8 °C<br>Period: 1991-2020","3036682","VAUXHALL+CDA+CS",1994,2026
"05-23","TMIN",2001-05-23,5.62692307692308,0.2,12.9,3.02569763093508,2.35,3.15,7.975,9.3,NA,NA,NA,NA,NA,5,2006-05-23,"","DATE: May-23<br><b>Minimum temperature</b><br>10-90 percentile<br>2.4 to 9.3 °C","Historical daily maximum<br>12.9 °C<br>2006-05-23","DATE: May-23</b><br>Normal: 5.6 °C<br>Period: 1991-2020","3036682","VAUXHALL+CDA+CS",1994,2026
"05-23","VPD",2001-05-23,1.56500419254957,0.419449329509052,4.09045436871783,0.984287383172251,0.580318970036853,0.836629716384378,2.13579690557701,2.97322014856973,NA,NA,NA,NA,NA,5,2001-05-23,"","DATE: May-23<br><b>Vapour pressure deficit</b><br>10-90 percentile<br>0.6 to 3.0 kPa","Historical daily maximum<br>4.1 kPa<br>2001-05-23","DATE: May-23</b><br>Normal: 1.6 kPa<br>Period: 1991-2020","3036682","VAUXHALL+CDA+CS",1994,2026
"05-24","TMAX",2001-05-24,19.4730769230769,8,33.2,6.92788901136892,10.25,14.725,23.775,29.4,NA,NA,NA,NA,NA,5,2001-05-24,"","DATE: May-24<br><b>Maximum temperature</b><br>10-90 percentile<br>10.2 to 29.4 °C","Historical daily maximum<br>33.2 °C<br>2001-05-24","DATE: May-24</b><br>Normal: 19.5 °C<br>Period: 1991-2020","3036682","VAUXHALL+CDA+CS",1994,2026
"05-24","TMIN",2001-05-24,5.65,-2,11.9,3.83502281609901,0.75,2.875,8.775,10.25,NA,NA,NA,NA,NA,5,2001-05-24,"","DATE: May-24<br><b>Minimum temperature</b><br>10-90 percentile<br>0.8 to 10.2 °C","Historical daily maximum<br>11.9 °C<br>2001-05-24","DATE: May-24</b><br>Normal: 5.6 °C<br>Period: 1991-2020","3036682","VAUXHALL+CDA+CS",1994,2026
"05-24","VPD",2001-05-24,1.50571769540763,0.194349972592559,3.69351096350767,0.960196380437293,0.46618276352447,0.828149531929171,1.85575176377046,3.09561315201652,NA,NA,NA,NA,NA,5,2001-05-24,"","DATE: May-24<br><b>Vapour pressure deficit</b><br>10-90 percentile<br>0.5 to 3.1 kPa","Historical daily maximum<br>3.7 kPa<br>2001-05-24","DATE: May-24</b><br>Normal: 1.5 kPa<br>Period: 1991-2020","3036682","VAUXHALL+CDA+CS",1994,2026
"05-25","TMAX",2001-05-25,20.3153846153846,8.6,31.9,5.76948471235983,14.15,16.7,23.225,28.1,NA,NA,NA,NA,NA,5,1999-05-25,"","DATE: May-25<br><b>Maximum temperature</b><br>10-90 percentile<br>14.1 to 28.1 °C","Historical daily maximum<br>31.9 °C<br>1999-05-25","DATE: May-25</b><br>Normal: 20.3 °C<br>Period: 1991-2020","3036682","VAUXHALL+CDA+CS",1994,2026
"05-25","TMIN",2001-05-25,6.77307692307692,0.5,12.2,3.21528321518434,2.65,5.025,8.5,11.05,NA,NA,NA,NA,NA,5,2003-05-25,"","DATE: May-25<br><b>Minimum temperature</b><br>10-90 percentile<br>2.6 to 11.0 °C","Historical daily maximum<br>12.2 °C<br>2003-05-25","DATE: May-25</b><br>Normal: 6.8 °C<br>Period: 1991-2020","3036682","VAUXHALL+CDA+CS",1994,2026
"05-25","VPD",2001-05-25,1.50718707949249,0.121936206671381,3.41525836126818,0.801373433448647,0.660104933650851,1.06188204741101,1.76545955476157,2.6720449449902,NA,NA,NA,NA,NA,5,1999-05-25,"","DATE: May-25<br><b>Vapour pressure deficit</b><br>10-90 percentile<br>0.7 to 2.7 kPa","Historical daily maximum<br>3.4 kPa<br>1999-05-25","DATE: May-25</b><br>Normal: 1.5 kPa<br>Period: 1991-2020","3036682","VAUXHALL+CDA+CS",1994,2026
"05-26","TMAX",2001-05-26,20.0923076923077,11.7,27.5,4.37098827057892,13.15,18.65,22.175,24.4,NA,NA,NA,NA,NA,5,1998-05-26,"","DATE: May-26<br><b>Maximum temperature</b><br>10-90 percentile<br>13.1 to 24.4 °C","Historical daily maximum<br>27.5 °C<br>1998-05-26","DATE: May-26</b><br>Normal: 20.1 °C<br>Period: 1991-2020","3036682","VAUXHALL+CDA+CS",1994,2026
"05-26","TMIN",2001-05-26,6.55,1.9,12.6,2.82336678453225,3.45,5.025,7.5,11.15,NA,NA,NA,NA,NA,5,2018-05-26,"","DATE: May-26<br><b>Minimum temperature</b><br>10-90 percentile<br>3.4 to 11.1 °C","Historical daily maximum<br>12.6 °C<br>2018-05-26","DATE: May-26</b><br>Normal: 6.6 °C<br>Period: 1991-2020","3036682","VAUXHALL+CDA+CS",1994,2026
"05-26","VPD",2001-05-26,1.43430152348592,0.431850514290414,2.49927441049014,0.546610206355615,0.541318812269983,1.09315907776932,1.75670337155664,1.91695483715205,NA,NA,NA,NA,NA,5,2009-05-26,"","DATE: May-26<br><b>Vapour pressure deficit</b><br>10-90 percentile<br>0.5 to 1.9 kPa","Historical daily maximum<br>2.5 kPa<br>2009-05-26","DATE: May-26</b><br>Normal: 1.4 kPa<br>Period: 1991-2020","3036682","VAUXHALL+CDA+CS",1994,2026
"05-27","TMAX",2001-05-27,20.2538461538462,7.2,28.1,5.94610667709423,10.75,17.575,24.525,26.75,NA,NA,NA,NA,NA,5,2001-05-27,"","DATE: May-27<br><b>Maximum temperature</b><br>10-90 percentile<br>10.8 to 26.8 °C","Historical daily maximum<br>28.1 °C<br>2001-05-27","DATE: May-27</b><br>Normal: 20.3 °C<br>Period: 1991-2020","3036682","VAUXHALL+CDA+CS",1994,2026
"05-27","TMIN",2001-05-27,6.56153846153846,1.2,11.7,2.68791025491208,3.75,4.925,7.9,10.05,NA,NA,NA,NA,NA,5,2015-05-27,"","DATE: May-27<br><b>Minimum temperature</b><br>10-90 percentile<br>3.8 to 10.0 °C","Historical daily maximum<br>11.7 °C<br>2015-05-27","DATE: May-27</b><br>Normal: 6.6 °C<br>Period: 1991-2020","3036682","VAUXHALL+CDA+CS",1994,2026
"05-27","VPD",2001-05-27,1.5151886187492,0.21945272645817,2.59850132306407,0.742716394381139,0.307269870295322,1.11196355213251,2.17902697092254,2.26858292185209,NA,NA,NA,NA,NA,5,2001-05-27,"","DATE: May-27<br><b>Vapour pressure deficit</b><br>10-90 percentile<br>0.3 to 2.3 kPa","Historical daily maximum<br>2.6 kPa<br>2001-05-27","DATE: May-27</b><br>Normal: 1.5 kPa<br>Period: 1991-2020","3036682","VAUXHALL+CDA+CS",1994,2026
"05-28","TMAX",2001-05-28,20.3423076923077,8.7,31.1,5.33517932796438,14.75,18.125,22.725,27.75,NA,NA,NA,NA,NA,5,2018-05-28,"","DATE: May-28<br><b>Maximum temperature</b><br>10-90 percentile<br>14.8 to 27.8 °C","Historical daily maximum<br>31.1 °C<br>2018-05-28","DATE: May-28</b><br>Normal: 20.3 °C<br>Period: 1991-2020","3036682","VAUXHALL+CDA+CS",1994,2026
"05-28","TMIN",2001-05-28,6.65384615384615,2.2,12.9,2.7523416603657,3.65,4.45,8.65,9.9,NA,NA,NA,NA,NA,5,2001-05-28,"","DATE: May-28<br><b>Minimum temperature</b><br>10-90 percentile<br>3.6 to 9.9 °C","Historical daily maximum<br>12.9 °C<br>2001-05-28","DATE: May-28</b><br>Normal: 6.7 °C<br>Period: 1991-2020","3036682","VAUXHALL+CDA+CS",1994,2026
"05-28","VPD",2001-05-28,1.50442412956804,0.163676157067344,3.28201686097186,0.772407571131134,0.779530828412703,1.01281229383698,1.82355812035829,2.61128005217089,NA,NA,NA,NA,NA,5,2018-05-28,"","DATE: May-28<br><b>Vapour pressure deficit</b><br>10-90 percentile<br>0.8 to 2.6 kPa","Historical daily maximum<br>3.3 kPa<br>2018-05-28","DATE: May-28</b><br>Normal: 1.5 kPa<br>Period: 1991-2020","3036682","VAUXHALL+CDA+CS",1994,2026
"05-29","TMAX",2001-05-29,20.4884615384615,4.7,29.6,5.50819948244992,15,17.1,24.8,26.4,NA,NA,NA,NA,NA,5,1995-05-29,"","DATE: May-29<br><b>Maximum temperature</b><br>10-90 percentile<br>15.0 to 26.4 °C","Historical daily maximum<br>29.6 °C<br>1995-05-29","DATE: May-29</b><br>Normal: 20.5 °C<br>Period: 1991-2020","3036682","VAUXHALL+CDA+CS",1994,2026
"05-29","TMIN",2001-05-29,6.78846153846154,0.2,12.7,3.3055501113221,2.85,4.6,8.575,11.3,NA,NA,NA,NA,NA,5,2003-05-29,"","DATE: May-29<br><b>Minimum temperature</b><br>10-90 percentile<br>2.8 to 11.3 °C","Historical daily maximum<br>12.7 °C<br>2003-05-29","DATE: May-29</b><br>Normal: 6.8 °C<br>Period: 1991-2020","3036682","VAUXHALL+CDA+CS",1994,2026
"05-29","VPD",2001-05-29,1.51203519307502,0.23446349766503,3.15849906439742,0.729962425676503,0.760037755107831,0.999870264040339,2.02854483410648,2.45464032088532,NA,NA,NA,NA,NA,5,1995-05-29,"","DATE: May-29<br><b>Vapour pressure deficit</b><br>10-90 percentile<br>0.8 to 2.5 kPa","Historical daily maximum<br>3.2 kPa<br>1995-05-29","DATE: May-29</b><br>Normal: 1.5 kPa<br>Period: 1991-2020","3036682","VAUXHALL+CDA+CS",1994,2026
"05-30","TMAX",2001-05-30,21.7076923076923,9.3,32,5.5564681643593,15.45,18.725,24.975,29.1,NA,NA,NA,NA,NA,5,2009-05-30,"","DATE: May-30<br><b>Maximum temperature</b><br>10-90 percentile<br>15.4 to 29.1 °C","Historical daily maximum<br>32.0 °C<br>2009-05-30","DATE: May-30</b><br>Normal: 21.7 °C<br>Period: 1991-2020","3036682","VAUXHALL+CDA+CS",1994,2026
"05-30","TMIN",2001-05-30,6.98076923076923,1.2,11.2,2.67955507213705,3.05,5.575,8.65,10.15,NA,NA,NA,NA,NA,5,2023-05-30,"","DATE: May-30<br><b>Minimum temperature</b><br>10-90 percentile<br>3.0 to 10.2 °C","Historical daily maximum<br>11.2 °C<br>2023-05-30","DATE: May-30</b><br>Normal: 7.0 °C<br>Period: 1991-2020","3036682","VAUXHALL+CDA+CS",1994,2026
"05-30","VPD",2001-05-30,1.71000164455209,0.408375169104894,3.54317336966326,0.854120334398078,0.71897394789318,1.25317855127262,2.09612660395238,3.02879485843609,NA,NA,NA,NA,NA,5,2009-05-30,"","DATE: May-30<br><b>Vapour pressure deficit</b><br>10-90 percentile<br>0.7 to 3.0 kPa","Historical daily maximum<br>3.5 kPa<br>2009-05-30","DATE: May-30</b><br>Normal: 1.7 kPa<br>Period: 1991-2020","3036682","VAUXHALL+CDA+CS",1994,2026
"05-31","TMAX",2001-05-31,21.3961538461538,9.1,31.8,5.22038165418819,14.85,18.825,24.25,27.5,NA,NA,NA,NA,NA,5,2017-05-31,"","DATE: May-31<br><b>Maximum temperature</b><br>10-90 percentile<br>14.8 to 27.5 °C","Historical daily maximum<br>31.8 °C<br>2017-05-31","DATE: May-31</b><br>Normal: 21.4 °C<br>Period: 1991-2020","3036682","VAUXHALL+CDA+CS",1994,2026
"05-31","TMIN",2001-05-31,7.28461538461538,1.4,14.3,3.16021420890323,4.2,4.95,8.9,11.2,NA,NA,NA,NA,NA,5,1997-05-31,"","DATE: May-31<br><b>Minimum temperature</b><br>10-90 percentile<br>4.2 to 11.2 °C","Historical daily maximum<br>14.3 °C<br>1997-05-31","DATE: May-31</b><br>Normal: 7.3 °C<br>Period: 1991-2020","3036682","VAUXHALL+CDA+CS",1994,2026
"05-31","VPD",2001-05-31,1.61214012233907,0.318316857126695,3.44843317806492,0.721117909782408,0.649631782367507,1.2526253938233,2.00249096954592,2.40647272938261,NA,NA,NA,NA,NA,5,2017-05-31,"","DATE: May-31<br><b>Vapour pressure deficit</b><br>10-90 percentile<br>0.6 to 2.4 kPa","Historical daily maximum<br>3.4 kPa<br>2017-05-31","DATE: May-31</b><br>Normal: 1.6 kPa<br>Period: 1991-2020","3036682","VAUXHALL+CDA+CS",1994,2026
"06-01","TMAX",2001-06-01,22.15,14.9,28.8,3.96184300547106,16.65,19.5,25.65,27,NA,NA,NA,NA,NA,6,2021-06-01,"","DATE: Jun-01<br><b>Maximum temperature</b><br>10-90 percentile<br>16.6 to 27.0 °C","Historical daily maximum<br>28.8 °C<br>2021-06-01","DATE: Jun-01</b><br>Normal: 22.1 °C<br>Period: 1991-2020","3036682","VAUXHALL+CDA+CS",1994,2026
"06-01","TMIN",2001-06-01,7.29230769230769,0.2,12.6,2.79856006931037,5.05,5.5,8.775,10.9,NA,NA,NA,NA,NA,6,2017-06-01,"","DATE: Jun-01<br><b>Minimum temperature</b><br>10-90 percentile<br>5.0 to 10.9 °C","Historical daily maximum<br>12.6 °C<br>2017-06-01","DATE: Jun-01</b><br>Normal: 7.3 °C<br>Period: 1991-2020","3036682","VAUXHALL+CDA+CS",1994,2026
"06-01","VPD",2001-06-01,1.69512884641746,0.561757256666405,2.97820609065367,0.62782872720298,0.930251333162331,1.27630079459865,2.17139627837724,2.49454827095231,NA,NA,NA,NA,NA,6,2019-06-01,"","DATE: Jun-01<br><b>Vapour pressure deficit</b><br>10-90 percentile<br>0.9 to 2.5 kPa","Historical daily maximum<br>3.0 kPa<br>2019-06-01","DATE: Jun-01</b><br>Normal: 1.7 kPa<br>Period: 1991-2020","3036682","VAUXHALL+CDA+CS",1994,2026
"06-02","TMAX",2001-06-02,21.2461538461538,11.4,30.5,4.95606543695547,14.75,17.675,23.725,28.25,NA,NA,NA,NA,NA,6,2021-06-02,"","DATE: Jun-02<br><b>Maximum temperature</b><br>10-90 percentile<br>14.8 to 28.2 °C","Historical daily maximum<br>30.5 °C<br>2021-06-02","DATE: Jun-02</b><br>Normal: 21.2 °C<br>Period: 1991-2020","3036682","VAUXHALL+CDA+CS",1994,2026
"06-02","TMIN",2001-06-02,8.23076923076923,0.9,13.9,3.06630321146089,4.5,6.35,10.45,10.95,NA,NA,NA,NA,NA,6,2006-06-02,"","DATE: Jun-02<br><b>Minimum temperature</b><br>10-90 percentile<br>4.5 to 10.9 °C","Historical daily maximum<br>13.9 °C<br>2006-06-02","DATE: Jun-02</b><br>Normal: 8.2 °C<br>Period: 1991-2020","3036682","VAUXHALL+CDA+CS",1994,2026
"06-02","VPD",2001-06-02,1.51391828070849,0.311248043517413,3.13831670116209,0.782098067297763,0.59845167330067,0.819197459576072,1.99491878019995,2.43775337736744,NA,NA,NA,NA,NA,6,2021-06-02,"","DATE: Jun-02<br><b>Vapour pressure deficit</b><br>10-90 percentile<br>0.6 to 2.4 kPa","Historical daily maximum<br>3.1 kPa<br>2021-06-02","DATE: Jun-02</b><br>Normal: 1.5 kPa<br>Period: 1991-2020","3036682","VAUXHALL+CDA+CS",1994,2026
"06-03","TMAX",2001-06-03,21.8576923076923,12.9,29.6,4.92163981428329,15.9,18.1,25.775,28.45,NA,NA,NA,NA,NA,6,2021-06-03,"","DATE: Jun-03<br><b>Maximum temperature</b><br>10-90 percentile<br>15.9 to 28.4 °C","Historical daily maximum<br>29.6 °C<br>2021-06-03","DATE: Jun-03</b><br>Normal: 21.9 °C<br>Period: 1991-2020","3036682","VAUXHALL+CDA+CS",1994,2026
"06-03","TMIN",2001-06-03,7.96923076923077,0.9,15.6,3.2318130182013,3.8,6.125,9.875,10.9,NA,NA,NA,NA,NA,6,2006-06-03,"","DATE: Jun-03<br><b>Minimum temperature</b><br>10-90 percentile<br>3.8 to 10.9 °C","Historical daily maximum<br>15.6 °C<br>2006-06-03","DATE: Jun-03</b><br>Normal: 8.0 °C<br>Period: 1991-2020","3036682","VAUXHALL+CDA+CS",1994,2026
"06-03","VPD",2001-06-03,1.62811638611012,0.209785614494736,3.20940865959445,0.83121264510845,0.647506585677173,0.883758457932027,2.32161600883591,2.67745229596884,NA,NA,NA,NA,NA,6,2021-06-03,"","DATE: Jun-03<br><b>Vapour pressure deficit</b><br>10-90 percentile<br>0.6 to 2.7 kPa","Historical daily maximum<br>3.2 kPa<br>2021-06-03","DATE: Jun-03</b><br>Normal: 1.6 kPa<br>Period: 1991-2020","3036682","VAUXHALL+CDA+CS",1994,2026
"06-04","TMAX",2001-06-04,22.8423076923077,16.4,28.4,3.70676927546596,18.35,19.325,25.4,27.85,NA,NA,NA,NA,NA,6,2021-06-04,"","DATE: Jun-04<br><b>Maximum temperature</b><br>10-90 percentile<br>18.4 to 27.8 °C","Historical daily maximum<br>28.4 °C<br>2021-06-04","DATE: Jun-04</b><br>Normal: 22.8 °C<br>Period: 1991-2020","3036682","VAUXHALL+CDA+CS",1994,2026
"06-04","TMIN",2001-06-04,8.77307692307692,3.8,15,2.88562751474374,4.75,6.825,10.525,12.5,NA,NA,NA,NA,NA,6,1997-06-04,"","DATE: Jun-04<br><b>Minimum temperature</b><br>10-90 percentile<br>4.8 to 12.5 °C","Historical daily maximum<br>15.0 °C<br>1997-06-04","DATE: Jun-04</b><br>Normal: 8.8 °C<br>Period: 1991-2020","3036682","VAUXHALL+CDA+CS",1994,2026
"06-04","VPD",2001-06-04,1.69260226640812,0.637303493384554,2.78097704248108,0.563434172348557,1.01712903749436,1.29751093408459,2.01278415562929,2.48893471426645,NA,NA,NA,NA,NA,6,2021-06-04,"","DATE: Jun-04<br><b>Vapour pressure deficit</b><br>10-90 percentile<br>1.0 to 2.5 kPa","Historical daily maximum<br>2.8 kPa<br>2021-06-04","DATE: Jun-04</b><br>Normal: 1.7 kPa<br>Period: 1991-2020","3036682","VAUXHALL+CDA+CS",1994,2026
"06-05","TMAX",2001-06-05,22.2653846153846,10.9,28.6,4.19065076642684,17.4,19.45,25.5,26.85,NA,NA,NA,NA,NA,6,2023-06-05,"","DATE: Jun-05<br><b>Maximum temperature</b><br>10-90 percentile<br>17.4 to 26.8 °C","Historical daily maximum<br>28.6 °C<br>2023-06-05","DATE: Jun-05</b><br>Normal: 22.3 °C<br>Period: 1991-2020","3036682","VAUXHALL+CDA+CS",1994,2026
"06-05","TMIN",2001-06-05,8.88846153846154,3,13.8,2.9256557450359,5.8,6.95,11.075,12.85,NA,NA,NA,NA,NA,6,2012-06-05,"","DATE: Jun-05<br><b>Minimum temperature</b><br>10-90 percentile<br>5.8 to 12.8 °C","Historical daily maximum<br>13.8 °C<br>2012-06-05","DATE: Jun-05</b><br>Normal: 8.9 °C<br>Period: 1991-2020","3036682","VAUXHALL+CDA+CS",1994,2026
"06-05","VPD",2001-06-05,1.59904495997499,0.546247422493211,2.60129515957402,0.588133137010796,0.869697688366956,1.15933670821259,1.99979066032198,2.37107286576586,NA,NA,NA,NA,NA,6,2004-06-05,"","DATE: Jun-05<br><b>Vapour pressure deficit</b><br>10-90 percentile<br>0.9 to 2.4 kPa","Historical daily maximum<br>2.6 kPa<br>2004-06-05","DATE: Jun-05</b><br>Normal: 1.6 kPa<br>Period: 1991-2020","3036682","VAUXHALL+CDA+CS",1994,2026
"06-06","TMAX",2001-06-06,20.0423076923077,9.2,31.4,5.10679336389661,14.15,16.05,22.725,26.4,NA,NA,NA,NA,NA,6,2016-06-06,"","DATE: Jun-06<br><b>Maximum temperature</b><br>10-90 percentile<br>14.2 to 26.4 °C","Historical daily maximum<br>31.4 °C<br>2016-06-06","DATE: Jun-06</b><br>Normal: 20.0 °C<br>Period: 1991-2020","3036682","VAUXHALL+CDA+CS",1994,2026
"06-06","TMIN",2001-06-06,8.55,2.5,14.9,2.45523929587321,6.05,7.35,9.45,11.3,NA,NA,NA,NA,NA,6,2000-06-06,"","DATE: Jun-06<br><b>Minimum temperature</b><br>10-90 percentile<br>6.0 to 11.3 °C","Historical daily maximum<br>14.9 °C<br>2000-06-06","DATE: Jun-06</b><br>Normal: 8.6 °C<br>Period: 1991-2020","3036682","VAUXHALL+CDA+CS",1994,2026
"06-06","VPD",2001-06-06,1.3180013268031,0.277750351485274,3.45558961879792,0.757836952885741,0.553364692994641,0.739751530764448,1.66942808415622,2.439035985118,NA,NA,NA,NA,NA,6,2016-06-06,"","DATE: Jun-06<br><b>Vapour pressure deficit</b><br>10-90 percentile<br>0.6 to 2.4 kPa","Historical daily maximum<br>3.5 kPa<br>2016-06-06","DATE: Jun-06</b><br>Normal: 1.3 kPa<br>Period: 1991-2020","3036682","VAUXHALL+CDA+CS",1994,2026
"06-07","TMAX",2001-06-07,21.1923076923077,12.1,34.1,6.46943107711478,13.45,16.6,26.875,29.05,NA,NA,NA,NA,NA,6,1996-06-07,"","DATE: Jun-07<br><b>Maximum temperature</b><br>10-90 percentile<br>13.4 to 29.0 °C","Historical daily maximum<br>34.1 °C<br>1996-06-07","DATE: Jun-07</b><br>Normal: 21.2 °C<br>Period: 1991-2020","3036682","VAUXHALL+CDA+CS",1994,2026
"06-07","TMIN",2001-06-07,7.53461538461538,-0.9,12.8,3.41876495918538,2.9,5.15,10.025,11,NA,NA,NA,NA,NA,6,2006-06-07,"","DATE: Jun-07<br><b>Minimum temperature</b><br>10-90 percentile<br>2.9 to 11.0 °C","Historical daily maximum<br>12.8 °C<br>2006-06-07","DATE: Jun-07</b><br>Normal: 7.5 °C<br>Period: 1991-2020","3036682","VAUXHALL+CDA+CS",1994,2026
"06-07","VPD",2001-06-07,1.62933079138813,0.370597912292821,4.09608112311443,0.991806732336342,0.547539655507396,0.900199358094198,2.10671301395626,2.86625063260343,NA,NA,NA,NA,NA,6,1996-06-07,"","DATE: Jun-07<br><b>Vapour pressure deficit</b><br>10-90 percentile<br>0.5 to 2.9 kPa","Historical daily maximum<br>4.1 kPa<br>1996-06-07","DATE: Jun-07</b><br>Normal: 1.6 kPa<br>Period: 1991-2020","3036682","VAUXHALL+CDA+CS",1994,2026
"06-08","TMAX",2001-06-08,21.3230769230769,12.4,33.8,5.90642414273189,15.2,17.425,25.05,29.95,NA,NA,NA,NA,NA,6,2015-06-08,"","DATE: Jun-08<br><b>Maximum temperature</b><br>10-90 percentile<br>15.2 to 30.0 °C","Historical daily maximum<br>33.8 °C<br>2015-06-08","DATE: Jun-08</b><br>Normal: 21.3 °C<br>Period: 1991-2020","3036682","VAUXHALL+CDA+CS",1994,2026
"06-08","TMIN",2001-06-08,8.23461538461538,-0.8,16.4,4.36760275736632,2.35,5.85,11.275,13.3,NA,NA,NA,NA,NA,6,1996-06-08,"","DATE: Jun-08<br><b>Minimum temperature</b><br>10-90 percentile<br>2.4 to 13.3 °C","Historical daily maximum<br>16.4 °C<br>1996-06-08","DATE: Jun-08</b><br>Normal: 8.2 °C<br>Period: 1991-2020","3036682","VAUXHALL+CDA+CS",1994,2026
"06-08","VPD",2001-06-08,1.55555497218563,0.403209022050713,3.99059460169844,0.857435561374428,0.733686655744251,0.947851582890351,1.97540732791453,2.75630702512317,NA,NA,NA,NA,NA,6,2015-06-08,"","DATE: Jun-08<br><b>Vapour pressure deficit</b><br>10-90 percentile<br>0.7 to 2.8 kPa","Historical daily maximum<br>4.0 kPa<br>2015-06-08","DATE: Jun-08</b><br>Normal: 1.6 kPa<br>Period: 1991-2020","3036682","VAUXHALL+CDA+CS",1994,2026
"06-09","TMAX",2001-06-09,20.3038461538462,8.9,31.5,4.96519733901731,15.8,17.15,23.8,25.95,NA,NA,NA,NA,NA,6,2018-06-09,"","DATE: Jun-09<br><b>Maximum temperature</b><br>10-90 percentile<br>15.8 to 26.0 °C","Historical daily maximum<br>31.5 °C<br>2018-06-09","DATE: Jun-09</b><br>Normal: 20.3 °C<br>Period: 1991-2020","3036682","VAUXHALL+CDA+CS",1994,2026
"06-09","TMIN",2001-06-09,8.06923076923077,2.3,16.4,3.1222772754218,4.7,6.1,9.825,11.65,NA,NA,NA,NA,NA,6,1996-06-09,"","DATE: Jun-09<br><b>Minimum temperature</b><br>10-90 percentile<br>4.7 to 11.6 °C","Historical daily maximum<br>16.4 °C<br>1996-06-09","DATE: Jun-09</b><br>Normal: 8.1 °C<br>Period: 1991-2020","3036682","VAUXHALL+CDA+CS",1994,2026
"06-09","VPD",2001-06-09,1.38007078688543,0.179004359604363,3.4023107012,0.696871334042208,0.595767257386439,0.931266662714883,1.8080724697018,2.17712988160435,NA,NA,NA,NA,NA,6,2018-06-09,"","DATE: Jun-09<br><b>Vapour pressure deficit</b><br>10-90 percentile<br>0.6 to 2.2 kPa","Historical daily maximum<br>3.4 kPa<br>2018-06-09","DATE: Jun-09</b><br>Normal: 1.4 kPa<br>Period: 1991-2020","3036682","VAUXHALL+CDA+CS",1994,2026
"06-10","TMAX",2001-06-10,20.1461538461538,8.8,27.8,4.26579237837293,15.2,17.875,23.025,24.4,NA,NA,NA,NA,NA,6,1998-06-10,"","DATE: Jun-10<br><b>Maximum temperature</b><br>10-90 percentile<br>15.2 to 24.4 °C","Historical daily maximum<br>27.8 °C<br>1998-06-10","DATE: Jun-10</b><br>Normal: 20.1 °C<br>Period: 1991-2020","3036682","VAUXHALL+CDA+CS",1994,2026
"06-10","TMIN",2001-06-10,7.78846153846154,1.5,14,2.86333049759568,4,6.05,9.875,10.45,NA,NA,NA,NA,NA,6,2015-06-10,"","DATE: Jun-10<br><b>Minimum temperature</b><br>10-90 percentile<br>4.0 to 10.4 °C","Historical daily maximum<br>14.0 °C<br>2015-06-10","DATE: Jun-10</b><br>Normal: 7.8 °C<br>Period: 1991-2020","3036682","VAUXHALL+CDA+CS",1994,2026
"06-10","VPD",2001-06-10,1.35186317081864,0.210400523775053,2.44937005259336,0.600778914812939,0.498192782089439,0.834394634879464,1.74757743431969,2.02170686743006,NA,NA,NA,NA,NA,6,1998-06-10,"","DATE: Jun-10<br><b>Vapour pressure deficit</b><br>10-90 percentile<br>0.5 to 2.0 kPa","Historical daily maximum<br>2.4 kPa<br>1998-06-10","DATE: Jun-10</b><br>Normal: 1.4 kPa<br>Period: 1991-2020","3036682","VAUXHALL+CDA+CS",1994,2026
"06-11","TMAX",2001-06-11,20.5807692307692,9.3,32.1,4.44540384943993,15.5,18.2,22.925,24.6,NA,NA,NA,NA,NA,6,2015-06-11,"","DATE: Jun-11<br><b>Maximum temperature</b><br>10-90 percentile<br>15.5 to 24.6 °C","Historical daily maximum<br>32.1 °C<br>2015-06-11","DATE: Jun-11</b><br>Normal: 20.6 °C<br>Period: 1991-2020","3036682","VAUXHALL+CDA+CS",1994,2026
"06-11","TMIN",2001-06-11,9.08076923076923,4.7,14.1,2.33409840936825,6.2,7.075,11.125,11.6,NA,NA,NA,NA,NA,6,1997-06-11,"","DATE: Jun-11<br><b>Minimum temperature</b><br>10-90 percentile<br>6.2 to 11.6 °C","Historical daily maximum<br>14.1 °C<br>1997-06-11","DATE: Jun-11</b><br>Normal: 9.1 °C<br>Period: 1991-2020","3036682","VAUXHALL+CDA+CS",1994,2026
"06-11","VPD",2001-06-11,1.33404964792301,0.183353753083578,3.38836799242316,0.614720580651718,0.776041920458319,0.896297577104893,1.63100898919187,1.8419625066289,NA,NA,NA,NA,NA,6,2015-06-11,"","DATE: Jun-11<br><b>Vapour pressure deficit</b><br>10-90 percentile<br>0.8 to 1.8 kPa","Historical daily maximum<br>3.4 kPa<br>2015-06-11","DATE: Jun-11</b><br>Normal: 1.3 kPa<br>Period: 1991-2020","3036682","VAUXHALL+CDA+CS",1994,2026
"06-12","TMAX",2001-06-12,22.5230769230769,16.1,30.2,3.34584012676131,18.85,20.475,24.575,26.95,NA,NA,NA,NA,NA,6,2020-06-12,"","DATE: Jun-12<br><b>Maximum temperature</b><br>10-90 percentile<br>18.8 to 27.0 °C","Historical daily maximum<br>30.2 °C<br>2020-06-12","DATE: Jun-12</b><br>Normal: 22.5 °C<br>Period: 1991-2020","3036682","VAUXHALL+CDA+CS",1994,2026
"06-12","TMIN",2001-06-12,7.25769230769231,2.9,13.6,2.64108660621693,4.35,5.575,8.15,10.5,NA,NA,NA,NA,NA,6,2023-06-12,"","DATE: Jun-12<br><b>Minimum temperature</b><br>10-90 percentile<br>4.3 to 10.5 °C","Historical daily maximum<br>13.6 °C<br>2023-06-12","DATE: Jun-12</b><br>Normal: 7.3 °C<br>Period: 1991-2020","3036682","VAUXHALL+CDA+CS",1994,2026
"06-12","VPD",2001-06-12,1.74302698427099,0.525919491835524,3.06402042314436,0.598366097055748,1.02358043217387,1.39869916184455,1.94928680638973,2.56803820440167,NA,NA,NA,NA,NA,6,2020-06-12,"","DATE: Jun-12<br><b>Vapour pressure deficit</b><br>10-90 percentile<br>1.0 to 2.6 kPa","Historical daily maximum<br>3.1 kPa<br>2020-06-12","DATE: Jun-12</b><br>Normal: 1.7 kPa<br>Period: 1991-2020","3036682","VAUXHALL+CDA+CS",1994,2026
"06-13","TMAX",2001-06-13,23.1538461538462,15.9,30.9,4.01957517847155,18.2,19.925,25.7,28.3,NA,NA,NA,NA,NA,6,2019-06-13,"","DATE: Jun-13<br><b>Maximum temperature</b><br>10-90 percentile<br>18.2 to 28.3 °C","Historical daily maximum<br>30.9 °C<br>2019-06-13","DATE: Jun-13</b><br>Normal: 23.2 °C<br>Period: 1991-2020","3036682","VAUXHALL+CDA+CS",1994,2026
"06-13","TMIN",2001-06-13,8.85769230769231,4.9,13.2,2.28843581110296,5.95,6.75,10.4,11.7,NA,NA,NA,NA,NA,6,2006-06-13,"","DATE: Jun-13<br><b>Minimum temperature</b><br>10-90 percentile<br>6.0 to 11.7 °C","Historical daily maximum<br>13.2 °C<br>2006-06-13","DATE: Jun-13</b><br>Normal: 8.9 °C<br>Period: 1991-2020","3036682","VAUXHALL+CDA+CS",1994,2026
"06-13","VPD",2001-06-13,1.75789323649982,0.545437535998536,3.26358481291023,0.723294225360047,0.854915812926912,1.34846226228083,2.00871172726138,2.82373734375384,NA,NA,NA,NA,NA,6,2021-06-13,"","DATE: Jun-13<br><b>Vapour pressure deficit</b><br>10-90 percentile<br>0.9 to 2.8 kPa","Historical daily maximum<br>3.3 kPa<br>2021-06-13","DATE: Jun-13</b><br>Normal: 1.8 kPa<br>Period: 1991-2020","3036682","VAUXHALL+CDA+CS",1994,2026
"06-14","TMAX",2001-06-14,21.2230769230769,14.9,30.3,3.22494126362732,17.35,19,22.975,24.95,NA,NA,NA,NA,NA,6,2021-06-14,"","DATE: Jun-14<br><b>Maximum temperature</b><br>10-90 percentile<br>17.4 to 25.0 °C","Historical daily maximum<br>30.3 °C<br>2021-06-14","DATE: Jun-14</b><br>Normal: 21.2 °C<br>Period: 1991-2020","3036682","VAUXHALL+CDA+CS",1994,2026
"06-14","TMIN",2001-06-14,8.87692307692308,3.6,13.9,2.52749800273831,5.9,6.625,10.375,11.6,NA,NA,NA,NA,NA,6,2006-06-14,"","DATE: Jun-14<br><b>Minimum temperature</b><br>10-90 percentile<br>5.9 to 11.6 °C","Historical daily maximum<br>13.9 °C<br>2006-06-14","DATE: Jun-14</b><br>Normal: 8.9 °C<br>Period: 1991-2020","3036682","VAUXHALL+CDA+CS",1994,2026
"06-14","VPD",2001-06-14,1.41134841112365,0.606928580632342,3.15296081937158,0.536879449268999,0.868766597182631,1.11707080418738,1.60195043225696,2.04142958838422,NA,NA,NA,NA,NA,6,2021-06-14,"","DATE: Jun-14<br><b>Vapour pressure deficit</b><br>10-90 percentile<br>0.9 to 2.0 kPa","Historical daily maximum<br>3.2 kPa<br>2021-06-14","DATE: Jun-14</b><br>Normal: 1.4 kPa<br>Period: 1991-2020","3036682","VAUXHALL+CDA+CS",1994,2026
"06-15","TMAX",2001-06-15,21.1269230769231,13.9,30.2,4.42479899586932,16.15,18.925,24.05,27.85,NA,NA,NA,NA,NA,6,2009-06-15,"","DATE: Jun-15<br><b>Maximum temperature</b><br>10-90 percentile<br>16.1 to 27.8 °C","Historical daily maximum<br>30.2 °C<br>2009-06-15","DATE: Jun-15</b><br>Normal: 21.1 °C<br>Period: 1991-2020","3036682","VAUXHALL+CDA+CS",1994,2026
"06-15","TMIN",2001-06-15,8.23461538461538,2.4,11.5,2.09875054405088,5.6,7.45,9.225,10.4,NA,NA,NA,NA,NA,6,2021-06-15,"","DATE: Jun-15<br><b>Minimum temperature</b><br>10-90 percentile<br>5.6 to 10.4 °C","Historical daily maximum<br>11.5 °C<br>2021-06-15","DATE: Jun-15</b><br>Normal: 8.2 °C<br>Period: 1991-2020","3036682","VAUXHALL+CDA+CS",1994,2026
"06-15","VPD",2001-06-15,1.48800036277053,0.455619563477021,3.15934226134061,0.732879352071626,0.708672966170098,1.00240969533902,1.89212321391394,2.6149886938632,NA,NA,NA,NA,NA,6,2009-06-15,"","DATE: Jun-15<br><b>Vapour pressure deficit</b><br>10-90 percentile<br>0.7 to 2.6 kPa","Historical daily maximum<br>3.2 kPa<br>2009-06-15","DATE: Jun-15</b><br>Normal: 1.5 kPa<br>Period: 1991-2020","3036682","VAUXHALL+CDA+CS",1994,2026
"06-16","TMAX",2001-06-16,21.9346153846154,13.5,28.3,4.46720873098111,15.3,19.525,25.85,26.8,NA,NA,NA,NA,NA,6,2002-06-16,"","DATE: Jun-16<br><b>Maximum temperature</b><br>10-90 percentile<br>15.3 to 26.8 °C","Historical daily maximum<br>28.3 °C<br>2002-06-16","DATE: Jun-16</b><br>Normal: 21.9 °C<br>Period: 1991-2020","3036682","VAUXHALL+CDA+CS",1994,2026
"06-16","TMIN",2001-06-16,8.91923076923077,4.9,14.4,2.71190253966019,5.3,6.525,10.5,12.5,NA,NA,NA,NA,NA,6,2002-06-16,"","DATE: Jun-16<br><b>Minimum temperature</b><br>10-90 percentile<br>5.3 to 12.5 °C","Historical daily maximum<br>14.4 °C<br>2002-06-16","DATE: Jun-16</b><br>Normal: 8.9 °C<br>Period: 1991-2020","3036682","VAUXHALL+CDA+CS",1994,2026
"06-16","VPD",2001-06-16,1.55556755538431,0.459997785602267,2.52499587307842,0.668763925419217,0.605482783879979,1.15938182193309,2.15235352765284,2.44523518172089,NA,NA,NA,NA,NA,6,2009-06-16,"","DATE: Jun-16<br><b>Vapour pressure deficit</b><br>10-90 percentile<br>0.6 to 2.4 kPa","Historical daily maximum<br>2.5 kPa<br>2009-06-16","DATE: Jun-16</b><br>Normal: 1.6 kPa<br>Period: 1991-2020","3036682","VAUXHALL+CDA+CS",1994,2026
"06-17","TMAX",2001-06-17,21.8115384615385,12.3,28.4,4.59620077220975,15.55,18.2,25.7,27.15,NA,NA,NA,NA,NA,6,2009-06-17,"","DATE: Jun-17<br><b>Maximum temperature</b><br>10-90 percentile<br>15.6 to 27.1 °C","Historical daily maximum<br>28.4 °C<br>2009-06-17","DATE: Jun-17</b><br>Normal: 21.8 °C<br>Period: 1991-2020","3036682","VAUXHALL+CDA+CS",1994,2026
"06-17","TMIN",2001-06-17,8.88076923076923,1.7,14,2.79642904158417,6.55,7.8,10.675,11.5,NA,NA,NA,NA,NA,6,2002-06-17,"","DATE: Jun-17<br><b>Minimum temperature</b><br>10-90 percentile<br>6.6 to 11.5 °C","Historical daily maximum<br>14.0 °C<br>2002-06-17","DATE: Jun-17</b><br>Normal: 8.9 °C<br>Period: 1991-2020","3036682","VAUXHALL+CDA+CS",1994,2026
"06-17","VPD",2001-06-17,1.54294127653226,0.266886840913178,2.77397767318438,0.688076895238136,0.713639185776467,1.14654074649913,1.97884473291546,2.43652785112339,NA,NA,NA,NA,NA,6,2009-06-17,"","DATE: Jun-17<br><b>Vapour pressure deficit</b><br>10-90 percentile<br>0.7 to 2.4 kPa","Historical daily maximum<br>2.8 kPa<br>2009-06-17","DATE: Jun-17</b><br>Normal: 1.5 kPa<br>Period: 1991-2020","3036682","VAUXHALL+CDA+CS",1994,2026
"06-18","TMAX",2001-06-18,21.3192307692308,12.8,32.4,4.61129215997158,15.75,17.975,23.65,25.85,NA,NA,NA,NA,NA,6,2003-06-18,"","DATE: Jun-18<br><b>Maximum temperature</b><br>10-90 percentile<br>15.8 to 25.8 °C","Historical daily maximum<br>32.4 °C<br>2003-06-18","DATE: Jun-18</b><br>Normal: 21.3 °C<br>Period: 1991-2020","3036682","VAUXHALL+CDA+CS",1994,2026
"06-18","TMIN",2001-06-18,8.61538461538461,1.7,14.9,2.77152554492176,5.9,7.025,9.975,11.4,NA,NA,NA,NA,NA,6,2003-06-18,"","DATE: Jun-18<br><b>Minimum temperature</b><br>10-90 percentile<br>5.9 to 11.4 °C","Historical daily maximum<br>14.9 °C<br>2003-06-18","DATE: Jun-18</b><br>Normal: 8.6 °C<br>Period: 1991-2020","3036682","VAUXHALL+CDA+CS",1994,2026
"06-18","VPD",2001-06-18,1.48843130777295,0.33022764726517,3.16891316024334,0.688517657380261,0.636490897714942,1.03316712051188,1.86835721064519,2.19353200625691,NA,NA,NA,NA,NA,6,2003-06-18,"","DATE: Jun-18<br><b>Vapour pressure deficit</b><br>10-90 percentile<br>0.6 to 2.2 kPa","Historical daily maximum<br>3.2 kPa<br>2003-06-18","DATE: Jun-18</b><br>Normal: 1.5 kPa<br>Period: 1991-2020","3036682","VAUXHALL+CDA+CS",1994,2026
"06-19","TMAX",2001-06-19,21.8961538461538,16.7,26,2.49647443715825,18.8,19.7,23.5,25.1,NA,NA,NA,NA,NA,6,2015-06-19,"","DATE: Jun-19<br><b>Maximum temperature</b><br>10-90 percentile<br>18.8 to 25.1 °C","Historical daily maximum<br>26.0 °C<br>2015-06-19","DATE: Jun-19</b><br>Normal: 21.9 °C<br>Period: 1991-2020","3036682","VAUXHALL+CDA+CS",1994,2026
"06-19","TMIN",2001-06-19,8.73076923076923,2.2,18,3.26518228964562,5.25,7.125,10.475,12.4,NA,NA,NA,NA,NA,6,2003-06-19,"","DATE: Jun-19<br><b>Minimum temperature</b><br>10-90 percentile<br>5.2 to 12.4 °C","Historical daily maximum<br>18.0 °C<br>2003-06-19","DATE: Jun-19</b><br>Normal: 8.7 °C<br>Period: 1991-2020","3036682","VAUXHALL+CDA+CS",1994,2026
"06-19","VPD",2001-06-19,1.50095185821524,0.579941989550091,2.18579882344298,0.460621443952719,0.951568256819786,1.12724120469056,1.88152595503088,2.06413232273764,NA,NA,NA,NA,NA,6,2009-06-19,"","DATE: Jun-19<br><b>Vapour pressure deficit</b><br>10-90 percentile<br>1.0 to 2.1 kPa","Historical daily maximum<br>2.2 kPa<br>2009-06-19","DATE: Jun-19</b><br>Normal: 1.5 kPa<br>Period: 1991-2020","3036682","VAUXHALL+CDA+CS",1994,2026
"06-20","TMAX",2001-06-20,23.0653846153846,18.2,29.5,3.22216601778273,19,20.5,25.8,26.9,NA,NA,NA,NA,NA,6,2017-06-20,"","DATE: Jun-20<br><b>Maximum temperature</b><br>10-90 percentile<br>19.0 to 26.9 °C","Historical daily maximum<br>29.5 °C<br>2017-06-20","DATE: Jun-20</b><br>Normal: 23.1 °C<br>Period: 1991-2020","3036682","VAUXHALL+CDA+CS",1994,2026
"06-20","TMIN",2001-06-20,8.19615384615385,3.2,12.7,2.28236382187078,5.2,7.45,9.175,11.1,NA,NA,NA,NA,NA,6,2017-06-20,"","DATE: Jun-20<br><b>Minimum temperature</b><br>10-90 percentile<br>5.2 to 11.1 °C","Historical daily maximum<br>12.7 °C<br>2017-06-20","DATE: Jun-20</b><br>Normal: 8.2 °C<br>Period: 1991-2020","3036682","VAUXHALL+CDA+CS",1994,2026
"06-20","VPD",2001-06-20,1.76759140960721,0.837220037592802,2.65925175807219,0.544774580961915,1.1674995084259,1.36045631601882,2.19465555708467,2.52145383714133,NA,NA,NA,NA,NA,6,2001-06-20,"","DATE: Jun-20<br><b>Vapour pressure deficit</b><br>10-90 percentile<br>1.2 to 2.5 kPa","Historical daily maximum<br>2.7 kPa<br>2001-06-20","DATE: Jun-20</b><br>Normal: 1.8 kPa<br>Period: 1991-2020","3036682","VAUXHALL+CDA+CS",1994,2026
"06-21","TMAX",2001-06-21,23.1692307692308,17.4,31,4.09416846070303,18.4,19.825,25.125,29.5,NA,NA,NA,NA,NA,6,2001-06-21,"","DATE: Jun-21<br><b>Maximum temperature</b><br>10-90 percentile<br>18.4 to 29.5 °C","Historical daily maximum<br>31.0 °C<br>2001-06-21","DATE: Jun-21</b><br>Normal: 23.2 °C<br>Period: 1991-2020","3036682","VAUXHALL+CDA+CS",1994,2026
"06-21","TMIN",2001-06-21,9.25384615384615,5.8,13.7,1.88493623642409,7.3,7.8,10.35,11.7,NA,NA,NA,NA,NA,6,2020-06-21,"","DATE: Jun-21<br><b>Minimum temperature</b><br>10-90 percentile<br>7.3 to 11.7 °C","Historical daily maximum<br>13.7 °C<br>2020-06-21","DATE: Jun-21</b><br>Normal: 9.3 °C<br>Period: 1991-2020","3036682","VAUXHALL+CDA+CS",1994,2026
"06-21","VPD",2001-06-21,1.73755519789025,0.747033466420469,3.30517171453973,0.732799862240463,1.0182245196833,1.20491715083767,2.14177704374702,2.95271627354416,NA,NA,NA,NA,NA,6,2001-06-21,"","DATE: Jun-21<br><b>Vapour pressure deficit</b><br>10-90 percentile<br>1.0 to 3.0 kPa","Historical daily maximum<br>3.3 kPa<br>2001-06-21","DATE: Jun-21</b><br>Normal: 1.7 kPa<br>Period: 1991-2020","3036682","VAUXHALL+CDA+CS",1994,2026
"06-22","TMAX",2001-06-22,23.1307692307692,10.1,31.1,4.98315315684912,16.2,21.225,26.475,28.25,NA,NA,NA,NA,NA,6,2021-06-22,"","DATE: Jun-22<br><b>Maximum temperature</b><br>10-90 percentile<br>16.2 to 28.2 °C","Historical daily maximum<br>31.1 °C<br>2021-06-22","DATE: Jun-22</b><br>Normal: 23.1 °C<br>Period: 1991-2020","3036682","VAUXHALL+CDA+CS",1994,2026
"06-22","TMIN",2001-06-22,9.32307692307692,4.6,13.7,2.59002821487453,6.2,7.625,10.9,13,NA,NA,NA,NA,NA,6,2018-06-22,"","DATE: Jun-22<br><b>Minimum temperature</b><br>10-90 percentile<br>6.2 to 13.0 °C","Historical daily maximum<br>13.7 °C<br>2018-06-22","DATE: Jun-22</b><br>Normal: 9.3 °C<br>Period: 1991-2020","3036682","VAUXHALL+CDA+CS",1994,2026
"06-22","VPD",2001-06-22,1.74526904094146,0.288078977978516,2.9606540423424,0.705267345628435,0.827846143586611,1.4571566500499,2.30280999928138,2.54360413713774,NA,NA,NA,NA,NA,6,2021-06-22,"","DATE: Jun-22<br><b>Vapour pressure deficit</b><br>10-90 percentile<br>0.8 to 2.5 kPa","Historical daily maximum<br>3.0 kPa<br>2021-06-22","DATE: Jun-22</b><br>Normal: 1.7 kPa<br>Period: 1991-2020","3036682","VAUXHALL+CDA+CS",1994,2026
"06-23","TMAX",2001-06-23,23.3423076923077,15,29.6,3.43093842287186,20.2,21.35,25.35,26.85,NA,NA,NA,NA,NA,6,2024-06-23,"","DATE: Jun-23<br><b>Maximum temperature</b><br>10-90 percentile<br>20.2 to 26.8 °C","Historical daily maximum<br>29.6 °C<br>2024-06-23","DATE: Jun-23</b><br>Normal: 23.3 °C<br>Period: 1991-2020","3036682","VAUXHALL+CDA+CS",1994,2026
"06-23","TMIN",2001-06-23,9.23076923076923,4.9,14.2,2.53515588960825,6.4,7.575,10.625,13.15,NA,NA,NA,NA,NA,6,2021-06-23,"","DATE: Jun-23<br><b>Minimum temperature</b><br>10-90 percentile<br>6.4 to 13.1 °C","Historical daily maximum<br>14.2 °C<br>2021-06-23","DATE: Jun-23</b><br>Normal: 9.2 °C<br>Period: 1991-2020","3036682","VAUXHALL+CDA+CS",1994,2026
"06-23","VPD",2001-06-23,1.73800328269449,0.70348780613962,2.85677469245528,0.537470351848351,1.19102690030798,1.37674413669454,2.06748796831171,2.31297837510015,NA,NA,NA,NA,NA,6,2024-06-23,"","DATE: Jun-23<br><b>Vapour pressure deficit</b><br>10-90 percentile<br>1.2 to 2.3 kPa","Historical daily maximum<br>2.9 kPa<br>2024-06-23","DATE: Jun-23</b><br>Normal: 1.7 kPa<br>Period: 1991-2020","3036682","VAUXHALL+CDA+CS",1994,2026
"06-24","TMAX",2001-06-24,22.6192307692308,11.1,28.3,4.11047629656411,18.55,20.825,25.3,27.05,NA,NA,NA,NA,NA,6,1995-06-24,"","DATE: Jun-24<br><b>Maximum temperature</b><br>10-90 percentile<br>18.6 to 27.0 °C","Historical daily maximum<br>28.3 °C<br>1995-06-24","DATE: Jun-24</b><br>Normal: 22.6 °C<br>Period: 1991-2020","3036682","VAUXHALL+CDA+CS",1994,2026
"06-24","TMIN",2001-06-24,9.5,5,15.7,2.81254333299951,5.85,7.725,11.55,13,NA,NA,NA,NA,NA,6,2020-06-24,"","DATE: Jun-24<br><b>Minimum temperature</b><br>10-90 percentile<br>5.8 to 13.0 °C","Historical daily maximum<br>15.7 °C<br>2020-06-24","DATE: Jun-24</b><br>Normal: 9.5 °C<br>Period: 1991-2020","3036682","VAUXHALL+CDA+CS",1994,2026
"06-24","VPD",2001-06-24,1.60724225360327,0.241368372656726,2.79541551516621,0.584052236838903,1.11009835773664,1.23500433409058,2.04060314633751,2.24963286710805,NA,NA,NA,NA,NA,6,1995-06-24,"","DATE: Jun-24<br><b>Vapour pressure deficit</b><br>10-90 percentile<br>1.1 to 2.2 kPa","Historical daily maximum<br>2.8 kPa<br>1995-06-24","DATE: Jun-24</b><br>Normal: 1.6 kPa<br>Period: 1991-2020","3036682","VAUXHALL+CDA+CS",1994,2026
"06-25","TMAX",2001-06-25,24.3576923076923,16.6,30.5,3.56428652910207,20.15,22.05,26.425,28.9,NA,NA,NA,NA,NA,6,2015-06-25,"","DATE: Jun-25<br><b>Maximum temperature</b><br>10-90 percentile<br>20.1 to 28.9 °C","Historical daily maximum<br>30.5 °C<br>2015-06-25","DATE: Jun-25</b><br>Normal: 24.4 °C<br>Period: 1991-2020","3036682","VAUXHALL+CDA+CS",1994,2026
"06-25","TMIN",2001-06-25,8.95384615384615,4.5,14.2,2.94295508212147,5.3,6.075,11.55,12.5,NA,NA,NA,NA,NA,6,2018-06-25,"","DATE: Jun-25<br><b>Minimum temperature</b><br>10-90 percentile<br>5.3 to 12.5 °C","Historical daily maximum<br>14.2 °C<br>2018-06-25","DATE: Jun-25</b><br>Normal: 9.0 °C<br>Period: 1991-2020","3036682","VAUXHALL+CDA+CS",1994,2026
"06-25","VPD",2001-06-25,1.94247186120933,1.00846522112939,3.17084588570769,0.537598118677207,1.2390377355541,1.58991909615148,2.37058206083182,2.57684171699763,NA,NA,NA,NA,NA,6,2015-06-25,"","DATE: Jun-25<br><b>Vapour pressure deficit</b><br>10-90 percentile<br>1.2 to 2.6 kPa","Historical daily maximum<br>3.2 kPa<br>2015-06-25","DATE: Jun-25</b><br>Normal: 1.9 kPa<br>Period: 1991-2020","3036682","VAUXHALL+CDA+CS",1994,2026
"06-26","TMAX",2001-06-26,23.3769230769231,14.9,33,4.85594956253112,18.35,19.85,25.8,30.2,NA,NA,NA,NA,NA,6,2017-06-26,"","DATE: Jun-26<br><b>Maximum temperature</b><br>10-90 percentile<br>18.4 to 30.2 °C","Historical daily maximum<br>33.0 °C<br>2017-06-26","DATE: Jun-26</b><br>Normal: 23.4 °C<br>Period: 1991-2020","3036682","VAUXHALL+CDA+CS",1994,2026
"06-26","TMIN",2001-06-26,9.66538461538462,5.1,13.4,2.2052559593285,7.05,8.425,10.95,13,NA,NA,NA,NA,NA,6,2021-06-26,"","DATE: Jun-26<br><b>Minimum temperature</b><br>10-90 percentile<br>7.0 to 13.0 °C","Historical daily maximum<br>13.4 °C<br>2021-06-26","DATE: Jun-26</b><br>Normal: 9.7 °C<br>Period: 1991-2020","3036682","VAUXHALL+CDA+CS",1994,2026
"06-26","VPD",2001-06-26,1.76846810114695,0.454397720497238,3.71743365650102,0.822390110856926,0.912724567546098,1.15991094527878,2.26468905620206,2.75554848545712,NA,NA,NA,NA,NA,6,2017-06-26,"","DATE: Jun-26<br><b>Vapour pressure deficit</b><br>10-90 percentile<br>0.9 to 2.8 kPa","Historical daily maximum<br>3.7 kPa<br>2017-06-26","DATE: Jun-26</b><br>Normal: 1.8 kPa<br>Period: 1991-2020","3036682","VAUXHALL+CDA+CS",1994,2026
"06-27","TMAX",2001-06-27,23.8807692307692,14.1,33.5,4.51690329591141,18.3,22.175,25.7,28.9,NA,NA,NA,NA,NA,6,2015-06-27,"","DATE: Jun-27<br><b>Maximum temperature</b><br>10-90 percentile<br>18.3 to 28.9 °C","Historical daily maximum<br>33.5 °C<br>2015-06-27","DATE: Jun-27</b><br>Normal: 23.9 °C<br>Period: 1991-2020","3036682","VAUXHALL+CDA+CS",1994,2026
"06-27","TMIN",2001-06-27,9.44615384615385,4.4,15,2.86917838681819,6.1,6.8,11.675,12.6,NA,NA,NA,NA,NA,6,2002-06-27,"","DATE: Jun-27<br><b>Minimum temperature</b><br>10-90 percentile<br>6.1 to 12.6 °C","Historical daily maximum<br>15.0 °C<br>2002-06-27","DATE: Jun-27</b><br>Normal: 9.4 °C<br>Period: 1991-2020","3036682","VAUXHALL+CDA+CS",1994,2026
"06-27","VPD",2001-06-27,1.85197483586857,0.339291547881212,3.64553367305982,0.755522458957539,0.797644329360241,1.47529825026946,2.16344697849358,2.67843507470387,NA,NA,NA,NA,NA,6,2015-06-27,"","DATE: Jun-27<br><b>Vapour pressure deficit</b><br>10-90 percentile<br>0.8 to 2.7 kPa","Historical daily maximum<br>3.6 kPa<br>2015-06-27","DATE: Jun-27</b><br>Normal: 1.9 kPa<br>Period: 1991-2020","3036682","VAUXHALL+CDA+CS",1994,2026
"06-28","TMAX",2001-06-28,24.9384615384615,14.8,34.6,4.78790784565258,19.25,22.325,28.05,28.7,NA,NA,NA,NA,NA,6,2015-06-28,"","DATE: Jun-28<br><b>Maximum temperature</b><br>10-90 percentile<br>19.2 to 28.7 °C","Historical daily maximum<br>34.6 °C<br>2015-06-28","DATE: Jun-28</b><br>Normal: 24.9 °C<br>Period: 1991-2020","3036682","VAUXHALL+CDA+CS",1994,2026
"06-28","TMIN",2001-06-28,10.4653846153846,5.2,15.6,2.79684712598916,7.05,7.9,12.2,13.95,NA,NA,NA,NA,NA,6,2002-06-28,"","DATE: Jun-28<br><b>Minimum temperature</b><br>10-90 percentile<br>7.0 to 13.9 °C","Historical daily maximum<br>15.6 °C<br>2002-06-28","DATE: Jun-28</b><br>Normal: 10.5 °C<br>Period: 1991-2020","3036682","VAUXHALL+CDA+CS",1994,2026
"06-28","VPD",2001-06-28,1.97679886419382,0.353243440432899,3.93181128022793,0.863414956432633,0.872414650304504,1.50756184469201,2.46385379637575,2.86907747203552,NA,NA,NA,NA,NA,6,2015-06-28,"","DATE: Jun-28<br><b>Vapour pressure deficit</b><br>10-90 percentile<br>0.9 to 2.9 kPa","Historical daily maximum<br>3.9 kPa<br>2015-06-28","DATE: Jun-28</b><br>Normal: 2.0 kPa<br>Period: 1991-2020","3036682","VAUXHALL+CDA+CS",1994,2026
"06-29","TMAX",2001-06-29,24.4038461538462,11.6,33.5,4.6558763531031,19.75,21.425,28.475,29.4,NA,NA,NA,NA,NA,6,2021-06-29,"","DATE: Jun-29<br><b>Maximum temperature</b><br>10-90 percentile<br>19.8 to 29.4 °C","Historical daily maximum<br>33.5 °C<br>2021-06-29","DATE: Jun-29</b><br>Normal: 24.4 °C<br>Period: 1991-2020","3036682","VAUXHALL+CDA+CS",1994,2026
"06-29","TMIN",2001-06-29,11.0730769230769,4.6,16,2.69763714273179,7.95,10,12.9,14.9,NA,NA,NA,NA,NA,6,2006-06-29,"","DATE: Jun-29<br><b>Minimum temperature</b><br>10-90 percentile<br>8.0 to 14.9 °C","Historical daily maximum<br>16.0 °C<br>2006-06-29","DATE: Jun-29</b><br>Normal: 11.1 °C<br>Period: 1991-2020","3036682","VAUXHALL+CDA+CS",1994,2026
"06-29","VPD",2001-06-29,1.8171196354998,0.329215917925072,3.9032344946683,0.810880002023795,0.893985351708331,1.26053783079133,2.40475462160332,2.73073355869551,NA,NA,NA,NA,NA,6,2021-06-29,"","DATE: Jun-29<br><b>Vapour pressure deficit</b><br>10-90 percentile<br>0.9 to 2.7 kPa","Historical daily maximum<br>3.9 kPa<br>2021-06-29","DATE: Jun-29</b><br>Normal: 1.8 kPa<br>Period: 1991-2020","3036682","VAUXHALL+CDA+CS",1994,2026
"06-30","TMAX",2001-06-30,25.1807692307692,14,34.2,4.15326562894975,20.85,23.175,28.075,29.4,NA,NA,NA,NA,NA,6,2021-06-30,"","DATE: Jun-30<br><b>Maximum temperature</b><br>10-90 percentile<br>20.8 to 29.4 °C","Historical daily maximum<br>34.2 °C<br>2021-06-30","DATE: Jun-30</b><br>Normal: 25.2 °C<br>Period: 1991-2020","3036682","VAUXHALL+CDA+CS",1994,2026
"06-30","TMIN",2001-06-30,10.7230769230769,5.3,16.1,2.64700701809537,7.55,8.95,12.2,14.45,NA,NA,NA,NA,NA,6,2013-06-30,"","DATE: Jun-30<br><b>Minimum temperature</b><br>10-90 percentile<br>7.6 to 14.4 °C","Historical daily maximum<br>16.1 °C<br>2013-06-30","DATE: Jun-30</b><br>Normal: 10.7 °C<br>Period: 1991-2020","3036682","VAUXHALL+CDA+CS",1994,2026
"06-30","VPD",2001-06-30,1.97619338236321,0.561824931779217,4.06606707389155,0.724554737496432,1.17948513340075,1.65577904863524,2.21418163519718,2.77286298145849,NA,NA,NA,NA,NA,6,2021-06-30,"","DATE: Jun-30<br><b>Vapour pressure deficit</b><br>10-90 percentile<br>1.2 to 2.8 kPa","Historical daily maximum<br>4.1 kPa<br>2021-06-30","DATE: Jun-30</b><br>Normal: 2.0 kPa<br>Period: 1991-2020","3036682","VAUXHALL+CDA+CS",1994,2026
"07-01","TMAX",2001-07-01,25.2423076923077,14.9,31.7,3.83052717801851,20.75,22.175,27.925,29.1,NA,NA,NA,NA,NA,7,2021-07-01,"","DATE: Jul-01<br><b>Maximum temperature</b><br>10-90 percentile<br>20.8 to 29.1 °C","Historical daily maximum<br>31.7 °C<br>2021-07-01","DATE: Jul-01</b><br>Normal: 25.2 °C<br>Period: 1991-2020","3036682","VAUXHALL+CDA+CS",1994,2026
"07-01","TMIN",2001-07-01,10.3038461538462,4.7,14.8,2.97798331348324,6.8,8,12.725,13.85,NA,NA,NA,NA,NA,7,2021-07-01,"","DATE: Jul-01<br><b>Minimum temperature</b><br>10-90 percentile<br>6.8 to 13.8 °C","Historical daily maximum<br>14.8 °C<br>2021-07-01","DATE: Jul-01</b><br>Normal: 10.3 °C<br>Period: 1991-2020","3036682","VAUXHALL+CDA+CS",1994,2026
"07-01","VPD",2001-07-01,2.00748652693567,0.685639389685154,3.02354102495297,0.627298061127064,1.41649708507101,1.51401182622924,2.56893837886168,2.83461388130653,NA,NA,NA,NA,NA,7,2021-07-01,"","DATE: Jul-01<br><b>Vapour pressure deficit</b><br>10-90 percentile<br>1.4 to 2.8 kPa","Historical daily maximum<br>3.0 kPa<br>2021-07-01","DATE: Jul-01</b><br>Normal: 2.0 kPa<br>Period: 1991-2020","3036682","VAUXHALL+CDA+CS",1994,2026
"07-02","TMAX",2001-07-02,24.8923076923077,17.6,34.5,4.27456880416475,19.55,20.95,27.675,29.75,NA,NA,NA,NA,NA,7,2021-07-02,"","DATE: Jul-02<br><b>Maximum temperature</b><br>10-90 percentile<br>19.6 to 29.8 °C","Historical daily maximum<br>34.5 °C<br>2021-07-02","DATE: Jul-02</b><br>Normal: 24.9 °C<br>Period: 1991-2020","3036682","VAUXHALL+CDA+CS",1994,2026
"07-02","TMIN",2001-07-02,10.5807692307692,6.1,15.5,2.4756444382454,7.2,9.025,11.7,14,NA,NA,NA,NA,NA,7,2021-07-02,"","DATE: Jul-02<br><b>Minimum temperature</b><br>10-90 percentile<br>7.2 to 14.0 °C","Historical daily maximum<br>15.5 °C<br>2021-07-02","DATE: Jul-02</b><br>Normal: 10.6 °C<br>Period: 1991-2020","3036682","VAUXHALL+CDA+CS",1994,2026
"07-02","VPD",2001-07-02,1.94307339400976,0.979220161890592,3.70812300453995,0.746272587848863,1.06335713447437,1.26674307175011,2.42208294595441,2.88146474124844,NA,NA,NA,NA,NA,7,2021-07-02,"","DATE: Jul-02<br><b>Vapour pressure deficit</b><br>10-90 percentile<br>1.1 to 2.9 kPa","Historical daily maximum<br>3.7 kPa<br>2021-07-02","DATE: Jul-02</b><br>Normal: 1.9 kPa<br>Period: 1991-2020","3036682","VAUXHALL+CDA+CS",1994,2026
"07-03","TMAX",2001-07-03,25.552,17.8,33,4.46748624321702,19.94,22.4,29.1,31.14,NA,NA,NA,NA,NA,7,1996-07-03,"","DATE: Jul-03<br><b>Maximum temperature</b><br>10-90 percentile<br>19.9 to 31.1 °C","Historical daily maximum<br>33.0 °C<br>1996-07-03","DATE: Jul-03</b><br>Normal: 25.6 °C<br>Period: 1991-2020","3036682","VAUXHALL+CDA+CS",1994,2026
"07-03","TMIN",2001-07-03,10.1769230769231,3.1,17.1,3.42161455366413,6.05,7.975,12.125,14.4,NA,NA,NA,NA,NA,7,2013-07-03,"","DATE: Jul-03<br><b>Minimum temperature</b><br>10-90 percentile<br>6.0 to 14.4 °C","Historical daily maximum<br>17.1 °C<br>2013-07-03","DATE: Jul-03</b><br>Normal: 10.2 °C<br>Period: 1991-2020","3036682","VAUXHALL+CDA+CS",1994,2026
"07-03","VPD",2001-07-03,2.12654078780254,0.654002551981889,3.2814180026328,0.758150256150667,1.22997958362391,1.5059650268196,2.76477693351573,3.19013995296009,NA,NA,NA,NA,NA,7,2017-07-03,"","DATE: Jul-03<br><b>Vapour pressure deficit</b><br>10-90 percentile<br>1.2 to 3.2 kPa","Historical daily maximum<br>3.3 kPa<br>2017-07-03","DATE: Jul-03</b><br>Normal: 2.1 kPa<br>Period: 1991-2020","3036682","VAUXHALL+CDA+CS",1994,2026
"07-04","TMAX",2001-07-04,25.3576923076923,14.9,36,4.61000417153157,19.45,23.15,28.625,30.1,NA,NA,NA,NA,NA,7,2001-07-04,"","DATE: Jul-04<br><b>Maximum temperature</b><br>10-90 percentile<br>19.4 to 30.1 °C","Historical daily maximum<br>36.0 °C<br>2001-07-04","DATE: Jul-04</b><br>Normal: 25.4 °C<br>Period: 1991-2020","3036682","VAUXHALL+CDA+CS",1994,2026
"07-04","TMIN",2001-07-04,10.5730769230769,5.4,15.4,2.66076044653519,7.3,8.725,12.2,14.25,NA,NA,NA,NA,NA,7,2013-07-04,"","DATE: Jul-04<br><b>Minimum temperature</b><br>10-90 percentile<br>7.3 to 14.2 °C","Historical daily maximum<br>15.4 °C<br>2013-07-04","DATE: Jul-04</b><br>Normal: 10.6 °C<br>Period: 1991-2020","3036682","VAUXHALL+CDA+CS",1994,2026
"07-04","VPD",2001-07-04,2.04393855891997,0.482796011210983,4.25748617359426,0.754657280174618,1.20175264666993,1.6470812608977,2.38783467994757,2.82662207380184,NA,NA,NA,NA,NA,7,2001-07-04,"","DATE: Jul-04<br><b>Vapour pressure deficit</b><br>10-90 percentile<br>1.2 to 2.8 kPa","Historical daily maximum<br>4.3 kPa<br>2001-07-04","DATE: Jul-04</b><br>Normal: 2.0 kPa<br>Period: 1991-2020","3036682","VAUXHALL+CDA+CS",1994,2026
"07-05","TMAX",2001-07-05,25.164,17.6,35.7,4.59563923736405,18.9,23.1,27.8,31.12,NA,NA,NA,NA,NA,7,2007-07-05,"","DATE: Jul-05<br><b>Maximum temperature</b><br>10-90 percentile<br>18.9 to 31.1 °C","Historical daily maximum<br>35.7 °C<br>2007-07-05","DATE: Jul-05</b><br>Normal: 25.2 °C<br>Period: 1991-2020","3036682","VAUXHALL+CDA+CS",1994,2026
"07-05","TMIN",2001-07-05,9.84230769230769,5.2,14,2.53190411776166,6.35,8.15,11.175,13.7,NA,NA,NA,NA,NA,7,1998-07-05,"","DATE: Jul-05<br><b>Minimum temperature</b><br>10-90 percentile<br>6.3 to 13.7 °C","Historical daily maximum<br>14.0 °C<br>1998-07-05","DATE: Jul-05</b><br>Normal: 9.8 °C<br>Period: 1991-2020","3036682","VAUXHALL+CDA+CS",1994,2026
"07-05","VPD",2001-07-05,2.06057796971791,0.70863279003637,4.57418619178655,0.906124646387726,1.05838677245192,1.51376106203078,2.51250225918112,3.04001669137313,NA,NA,NA,NA,NA,7,2007-07-05,"","DATE: Jul-05<br><b>Vapour pressure deficit</b><br>10-90 percentile<br>1.1 to 3.0 kPa","Historical daily maximum<br>4.6 kPa<br>2007-07-05","DATE: Jul-05</b><br>Normal: 2.1 kPa<br>Period: 1991-2020","3036682","VAUXHALL+CDA+CS",1994,2026
"07-06","TMAX",2001-07-06,26.5153846153846,20,35.3,3.6579439369889,22.1,23.975,28.875,30.25,NA,NA,NA,NA,NA,7,2018-07-06,"","DATE: Jul-06<br><b>Maximum temperature</b><br>10-90 percentile<br>22.1 to 30.2 °C","Historical daily maximum<br>35.3 °C<br>2018-07-06","DATE: Jul-06</b><br>Normal: 26.5 °C<br>Period: 1991-2020","3036682","VAUXHALL+CDA+CS",1994,2026
"07-06","TMIN",2001-07-06,10.1538461538462,4.6,17.4,3.14467559779775,6,7.775,12.25,13.2,NA,NA,NA,NA,NA,7,2006-07-06,"","DATE: Jul-06<br><b>Minimum temperature</b><br>10-90 percentile<br>6.0 to 13.2 °C","Historical daily maximum<br>17.4 °C<br>2006-07-06","DATE: Jul-06</b><br>Normal: 10.2 °C<br>Period: 1991-2020","3036682","VAUXHALL+CDA+CS",1994,2026
"07-06","VPD",2001-07-06,2.27032419503412,1.18490299334507,4.17917117981896,0.692813845137079,1.48740858494687,1.89901831836965,2.62730401478775,2.97051923318509,NA,NA,NA,NA,NA,7,2018-07-06,"","DATE: Jul-06<br><b>Vapour pressure deficit</b><br>10-90 percentile<br>1.5 to 3.0 kPa","Historical daily maximum<br>4.2 kPa<br>2018-07-06","DATE: Jul-06</b><br>Normal: 2.3 kPa<br>Period: 1991-2020","3036682","VAUXHALL+CDA+CS",1994,2026
"07-07","TMAX",2001-07-07,26.2692307692308,21,36.9,3.51917822575319,22.65,23.525,27.65,30.45,NA,NA,NA,NA,NA,7,2017-07-07,"","DATE: Jul-07<br><b>Maximum temperature</b><br>10-90 percentile<br>22.6 to 30.4 °C","Historical daily maximum<br>36.9 °C<br>2017-07-07","DATE: Jul-07</b><br>Normal: 26.3 °C<br>Period: 1991-2020","3036682","VAUXHALL+CDA+CS",1994,2026
"07-07","TMIN",2001-07-07,10.2461538461538,4.3,15.3,2.82180520507434,6.85,7.825,12.475,13.8,NA,NA,NA,NA,NA,7,2018-07-07,"","DATE: Jul-07<br><b>Minimum temperature</b><br>10-90 percentile<br>6.8 to 13.8 °C","Historical daily maximum<br>15.3 °C<br>2018-07-07","DATE: Jul-07</b><br>Normal: 10.2 °C<br>Period: 1991-2020","3036682","VAUXHALL+CDA+CS",1994,2026
"07-07","VPD",2001-07-07,2.21340452951922,1.24138290399477,4.92800396885036,0.794268665806499,1.38501427795042,1.7497294830574,2.48534872195909,3.08556768866887,NA,NA,NA,NA,NA,7,2017-07-07,"","DATE: Jul-07<br><b>Vapour pressure deficit</b><br>10-90 percentile<br>1.4 to 3.1 kPa","Historical daily maximum<br>4.9 kPa<br>2017-07-07","DATE: Jul-07</b><br>Normal: 2.2 kPa<br>Period: 1991-2020","3036682","VAUXHALL+CDA+CS",1994,2026
"07-08","TMAX",2001-07-08,25.6576923076923,18.5,32.1,4.14334870141755,19.6,22.525,28.95,30.45,NA,NA,NA,NA,NA,7,2017-07-08,"","DATE: Jul-08<br><b>Maximum temperature</b><br>10-90 percentile<br>19.6 to 30.4 °C","Historical daily maximum<br>32.1 °C<br>2017-07-08","DATE: Jul-08</b><br>Normal: 25.7 °C<br>Period: 1991-2020","3036682","VAUXHALL+CDA+CS",1994,2026
"07-08","TMIN",2001-07-08,10.6461538461538,7.2,15.6,2.1423782615086,8.35,9.4,11.7,13.75,NA,NA,NA,NA,NA,7,2017-07-08,"","DATE: Jul-08<br><b>Minimum temperature</b><br>10-90 percentile<br>8.4 to 13.8 °C","Historical daily maximum<br>15.6 °C<br>2017-07-08","DATE: Jul-08</b><br>Normal: 10.6 °C<br>Period: 1991-2020","3036682","VAUXHALL+CDA+CS",1994,2026
"07-08","VPD",2001-07-08,2.0832022978514,0.808663415161298,3.33360717527824,0.783220537152546,1.13584629820273,1.40906656422678,2.78337365189208,3.13035357026382,NA,NA,NA,NA,NA,7,2024-07-08,"","DATE: Jul-08<br><b>Vapour pressure deficit</b><br>10-90 percentile<br>1.1 to 3.1 kPa","Historical daily maximum<br>3.3 kPa<br>2024-07-08","DATE: Jul-08</b><br>Normal: 2.1 kPa<br>Period: 1991-2020","3036682","VAUXHALL+CDA+CS",1994,2026
"07-09","TMAX",2001-07-09,27.3115384615385,19.8,34.7,4.50176204818308,21.4,23.75,31.6,33.15,NA,NA,NA,NA,NA,7,2017-07-09,"","DATE: Jul-09<br><b>Maximum temperature</b><br>10-90 percentile<br>21.4 to 33.1 °C","Historical daily maximum<br>34.7 °C<br>2017-07-09","DATE: Jul-09</b><br>Normal: 27.3 °C<br>Period: 1991-2020","3036682","VAUXHALL+CDA+CS",1994,2026
"07-09","TMIN",2001-07-09,10.7730769230769,4.6,14.8,2.49119372065806,8.25,9.2,12.65,13.3,NA,NA,NA,NA,NA,7,1995-07-09,"","DATE: Jul-09<br><b>Minimum temperature</b><br>10-90 percentile<br>8.2 to 13.3 °C","Historical daily maximum<br>14.8 °C<br>1995-07-09","DATE: Jul-09</b><br>Normal: 10.8 °C<br>Period: 1991-2020","3036682","VAUXHALL+CDA+CS",1994,2026
"07-09","VPD",2001-07-09,2.42954602056576,1.02272336132694,3.99270417258234,0.903744312305792,1.33595431249346,1.75434243842167,3.26300662543676,3.65697491479101,NA,NA,NA,NA,NA,7,2017-07-09,"","DATE: Jul-09<br><b>Vapour pressure deficit</b><br>10-90 percentile<br>1.3 to 3.7 kPa","Historical daily maximum<br>4.0 kPa<br>2017-07-09","DATE: Jul-09</b><br>Normal: 2.4 kPa<br>Period: 1991-2020","3036682","VAUXHALL+CDA+CS",1994,2026
"07-10","TMAX",2001-07-10,26.9769230769231,22.1,33.5,3.51047662773108,23.5,23.925,30.125,32.05,NA,NA,NA,NA,NA,7,2024-07-10,"","DATE: Jul-10<br><b>Maximum temperature</b><br>10-90 percentile<br>23.5 to 32.0 °C","Historical daily maximum<br>33.5 °C<br>2024-07-10","DATE: Jul-10</b><br>Normal: 27.0 °C<br>Period: 1991-2020","3036682","VAUXHALL+CDA+CS",1994,2026
"07-10","TMIN",2001-07-10,11.0153846153846,6.8,15.5,2.59332871926292,7.7,8.875,12.775,14.7,NA,NA,NA,NA,NA,7,2012-07-10,"","DATE: Jul-10<br><b>Minimum temperature</b><br>10-90 percentile<br>7.7 to 14.7 °C","Historical daily maximum<br>15.5 °C<br>2012-07-10","DATE: Jul-10</b><br>Normal: 11.0 °C<br>Period: 1991-2020","3036682","VAUXHALL+CDA+CS",1994,2026
"07-10","VPD",2001-07-10,2.2946713011786,1.42502147927584,3.81596560558342,0.688534989068397,1.56826321584193,1.75047462440266,2.94861347744831,3.19245109193896,NA,NA,NA,NA,NA,7,2024-07-10,"","DATE: Jul-10<br><b>Vapour pressure deficit</b><br>10-90 percentile<br>1.6 to 3.2 kPa","Historical daily maximum<br>3.8 kPa<br>2024-07-10","DATE: Jul-10</b><br>Normal: 2.3 kPa<br>Period: 1991-2020","3036682","VAUXHALL+CDA+CS",1994,2026
"07-11","TMAX",2001-07-11,26.3615384615385,19.3,32.7,3.94350878513812,20.8,23.35,29.025,31.6,NA,NA,NA,NA,NA,7,2024-07-11,"","DATE: Jul-11<br><b>Maximum temperature</b><br>10-90 percentile<br>20.8 to 31.6 °C","Historical daily maximum<br>32.7 °C<br>2024-07-11","DATE: Jul-11</b><br>Normal: 26.4 °C<br>Period: 1991-2020","3036682","VAUXHALL+CDA+CS",1994,2026
"07-11","TMIN",2001-07-11,10.7461538461538,5,15.2,2.56471920790261,7.95,9,12.575,14.05,NA,NA,NA,NA,NA,7,2001-07-11,"","DATE: Jul-11<br><b>Minimum temperature</b><br>10-90 percentile<br>7.9 to 14.0 °C","Historical daily maximum<br>15.2 °C<br>2001-07-11","DATE: Jul-11</b><br>Normal: 10.7 °C<br>Period: 1991-2020","3036682","VAUXHALL+CDA+CS",1994,2026
"07-11","VPD",2001-07-11,2.2047375581048,0.874364638992741,3.37837140621506,0.729362155553112,1.28855255230137,1.7081040094195,2.78589551956169,3.11637475831555,NA,NA,NA,NA,NA,7,2024-07-11,"","DATE: Jul-11<br><b>Vapour pressure deficit</b><br>10-90 percentile<br>1.3 to 3.1 kPa","Historical daily maximum<br>3.4 kPa<br>2024-07-11","DATE: Jul-11</b><br>Normal: 2.2 kPa<br>Period: 1991-2020","3036682","VAUXHALL+CDA+CS",1994,2026
"07-12","TMAX",2001-07-12,27.8230769230769,21.1,35.1,3.62748482475753,24.05,24.7,30.475,32.75,NA,NA,NA,NA,NA,7,2002-07-12,"","DATE: Jul-12<br><b>Maximum temperature</b><br>10-90 percentile<br>24.0 to 32.8 °C","Historical daily maximum<br>35.1 °C<br>2002-07-12","DATE: Jul-12</b><br>Normal: 27.8 °C<br>Period: 1991-2020","3036682","VAUXHALL+CDA+CS",1994,2026
"07-12","TMIN",2001-07-12,10.8730769230769,5.7,17.5,3.21304312978307,6.7,8.45,12.6,15.05,NA,NA,NA,NA,NA,7,2015-07-12,"","DATE: Jul-12<br><b>Minimum temperature</b><br>10-90 percentile<br>6.7 to 15.0 °C","Historical daily maximum<br>17.5 °C<br>2015-07-12","DATE: Jul-12</b><br>Normal: 10.9 °C<br>Period: 1991-2020","3036682","VAUXHALL+CDA+CS",1994,2026
"07-12","VPD",2001-07-12,2.48501541927927,1.03369231355253,3.93747634012759,0.807350561425178,1.4524175093719,1.918047578403,2.956214051056,3.66948670376163,NA,NA,NA,NA,NA,7,2002-07-12,"","DATE: Jul-12<br><b>Vapour pressure deficit</b><br>10-90 percentile<br>1.5 to 3.7 kPa","Historical daily maximum<br>3.9 kPa<br>2002-07-12","DATE: Jul-12</b><br>Normal: 2.5 kPa<br>Period: 1991-2020","3036682","VAUXHALL+CDA+CS",1994,2026
"07-13","TMAX",2001-07-13,27.3730769230769,15.6,35.9,4.74986801436063,21.2,24.925,30.25,33.15,NA,NA,NA,NA,NA,7,2000-07-13,"","DATE: Jul-13<br><b>Maximum temperature</b><br>10-90 percentile<br>21.2 to 33.1 °C","Historical daily maximum<br>35.9 °C<br>2000-07-13","DATE: Jul-13</b><br>Normal: 27.4 °C<br>Period: 1991-2020","3036682","VAUXHALL+CDA+CS",1994,2026
"07-13","TMIN",2001-07-13,11.7807692307692,6.8,16,2.38109541694897,8.3,10.175,13.6,14.3,NA,NA,NA,NA,NA,7,2012-07-13,"","DATE: Jul-13<br><b>Minimum temperature</b><br>10-90 percentile<br>8.3 to 14.3 °C","Historical daily maximum<br>16.0 °C<br>2012-07-13","DATE: Jul-13</b><br>Normal: 11.8 °C<br>Period: 1991-2020","3036682","VAUXHALL+CDA+CS",1994,2026
"07-13","VPD",2001-07-13,2.36348083678083,0.756646779396286,4.67226313128858,0.96918814352628,1.21313177315081,1.6900401317026,2.9512918260541,3.58197928425392,NA,NA,NA,NA,NA,7,2000-07-13,"","DATE: Jul-13<br><b>Vapour pressure deficit</b><br>10-90 percentile<br>1.2 to 3.6 kPa","Historical daily maximum<br>4.7 kPa<br>2000-07-13","DATE: Jul-13</b><br>Normal: 2.4 kPa<br>Period: 1991-2020","3036682","VAUXHALL+CDA+CS",1994,2026
"07-14","TMAX",2001-07-14,26.9115384615385,16.4,35.1,4.1294384047303,22.5,23.325,29.275,31.55,NA,NA,NA,NA,NA,7,2007-07-14,"","DATE: Jul-14<br><b>Maximum temperature</b><br>10-90 percentile<br>22.5 to 31.5 °C","Historical daily maximum<br>35.1 °C<br>2007-07-14","DATE: Jul-14</b><br>Normal: 26.9 °C<br>Period: 1991-2020","3036682","VAUXHALL+CDA+CS",1994,2026
"07-14","TMIN",2001-07-14,11.55,7.1,17.3,2.41250906734047,8.55,9.75,12.9,14.15,NA,NA,NA,NA,NA,7,2002-07-14,"","DATE: Jul-14<br><b>Minimum temperature</b><br>10-90 percentile<br>8.6 to 14.2 °C","Historical daily maximum<br>17.3 °C<br>2002-07-14","DATE: Jul-14</b><br>Normal: 11.6 °C<br>Period: 1991-2020","3036682","VAUXHALL+CDA+CS",1994,2026
"07-14","VPD",2001-07-14,2.25733410169672,0.603998519689716,3.91526885236826,0.811051242029656,1.20757335930498,1.81861388813724,2.76142127171271,2.96628229815826,NA,NA,NA,NA,NA,7,2021-07-14,"","DATE: Jul-14<br><b>Vapour pressure deficit</b><br>10-90 percentile<br>1.2 to 3.0 kPa","Historical daily maximum<br>3.9 kPa<br>2021-07-14","DATE: Jul-14</b><br>Normal: 2.3 kPa<br>Period: 1991-2020","3036682","VAUXHALL+CDA+CS",1994,2026
"07-15","TMAX",2001-07-15,26.8807692307692,13.4,33.6,4.26277085762481,22.85,24.65,29.275,31.75,NA,NA,NA,NA,NA,7,2021-07-15,"","DATE: Jul-15<br><b>Maximum temperature</b><br>10-90 percentile<br>22.8 to 31.8 °C","Historical daily maximum<br>33.6 °C<br>2021-07-15","DATE: Jul-15</b><br>Normal: 26.9 °C<br>Period: 1991-2020","3036682","VAUXHALL+CDA+CS",1994,2026
"07-15","TMIN",2001-07-15,10.4615384615385,4.1,16.6,2.41993006891967,7.95,9.2,11.475,12.8,NA,NA,NA,NA,NA,7,2012-07-15,"","DATE: Jul-15<br><b>Minimum temperature</b><br>10-90 percentile<br>8.0 to 12.8 °C","Historical daily maximum<br>16.6 °C<br>2012-07-15","DATE: Jul-15</b><br>Normal: 10.5 °C<br>Period: 1991-2020","3036682","VAUXHALL+CDA+CS",1994,2026
"07-15","VPD",2001-07-15,2.34788769137999,0.718410817394797,3.6360056355403,0.759630876371056,1.39066769714254,1.65377235679134,2.76686529825254,3.31053963659965,NA,NA,NA,NA,NA,7,2021-07-15,"","DATE: Jul-15<br><b>Vapour pressure deficit</b><br>10-90 percentile<br>1.4 to 3.3 kPa","Historical daily maximum<br>3.6 kPa<br>2021-07-15","DATE: Jul-15</b><br>Normal: 2.3 kPa<br>Period: 1991-2020","3036682","VAUXHALL+CDA+CS",1994,2026
"07-16","TMAX",2001-07-16,26.4692307692308,14.8,32.8,4.76149297853261,21.15,22.975,30.325,31.1,NA,NA,NA,NA,NA,7,2018-07-16,"","DATE: Jul-16<br><b>Maximum temperature</b><br>10-90 percentile<br>21.1 to 31.1 °C","Historical daily maximum<br>32.8 °C<br>2018-07-16","DATE: Jul-16</b><br>Normal: 26.5 °C<br>Period: 1991-2020","3036682","VAUXHALL+CDA+CS",1994,2026
"07-16","TMIN",2001-07-16,10.9307692307692,4.8,15.5,2.87565912176937,7.65,9.225,12.775,14.9,NA,NA,NA,NA,NA,7,2024-07-16,"","DATE: Jul-16<br><b>Minimum temperature</b><br>10-90 percentile<br>7.6 to 14.9 °C","Historical daily maximum<br>15.5 °C<br>2024-07-16","DATE: Jul-16</b><br>Normal: 10.9 °C<br>Period: 1991-2020","3036682","VAUXHALL+CDA+CS",1994,2026
"07-16","VPD",2001-07-16,2.23741173588114,0.761271270665015,3.88652253617726,0.859471165384624,0.979134454556078,1.4263633125115,2.81347866897328,3.15431576600536,NA,NA,NA,NA,NA,7,2018-07-16,"","DATE: Jul-16<br><b>Vapour pressure deficit</b><br>10-90 percentile<br>1.0 to 3.2 kPa","Historical daily maximum<br>3.9 kPa<br>2018-07-16","DATE: Jul-16</b><br>Normal: 2.2 kPa<br>Period: 1991-2020","3036682","VAUXHALL+CDA+CS",1994,2026
"07-17","TMAX",2001-07-17,27.5346153846154,15.6,35.2,4.88540211713978,22.7,23.95,31.975,34.1,NA,NA,NA,NA,NA,7,2018-07-17,"","DATE: Jul-17<br><b>Maximum temperature</b><br>10-90 percentile<br>22.7 to 34.1 °C","Historical daily maximum<br>35.2 °C<br>2018-07-17","DATE: Jul-17</b><br>Normal: 27.5 °C<br>Period: 1991-2020","3036682","VAUXHALL+CDA+CS",1994,2026
"07-17","TMIN",2001-07-17,11.0807692307692,6.3,15,2.59106452729672,7.6,9.1,13.3,14.2,NA,NA,NA,NA,NA,7,2024-07-17,"","DATE: Jul-17<br><b>Minimum temperature</b><br>10-90 percentile<br>7.6 to 14.2 °C","Historical daily maximum<br>15.0 °C<br>2024-07-17","DATE: Jul-17</b><br>Normal: 11.1 °C<br>Period: 1991-2020","3036682","VAUXHALL+CDA+CS",1994,2026
"07-17","VPD",2001-07-17,2.46755006461019,0.817637591074801,4.49771325653772,0.967611611138345,1.56744083109428,1.78910260253209,3.38128501281095,3.77302654970757,NA,NA,NA,NA,NA,7,2018-07-17,"","DATE: Jul-17<br><b>Vapour pressure deficit</b><br>10-90 percentile<br>1.6 to 3.8 kPa","Historical daily maximum<br>4.5 kPa<br>2018-07-17","DATE: Jul-17</b><br>Normal: 2.5 kPa<br>Period: 1991-2020","3036682","VAUXHALL+CDA+CS",1994,2026
"07-18","TMAX",2001-07-18,27.1961538461538,18.1,34.4,3.95873522926005,23.3,24.45,29.825,32.65,NA,NA,NA,NA,NA,7,2004-07-18,"","DATE: Jul-18<br><b>Maximum temperature</b><br>10-90 percentile<br>23.3 to 32.6 °C","Historical daily maximum<br>34.4 °C<br>2004-07-18","DATE: Jul-18</b><br>Normal: 27.2 °C<br>Period: 1991-2020","3036682","VAUXHALL+CDA+CS",1994,2026
"07-18","TMIN",2001-07-18,11.6038461538462,4.6,16.3,2.86614455591211,8.15,10.175,13.275,15.7,NA,NA,NA,NA,NA,7,2024-07-18,"","DATE: Jul-18<br><b>Minimum temperature</b><br>10-90 percentile<br>8.2 to 15.7 °C","Historical daily maximum<br>16.3 °C<br>2024-07-18","DATE: Jul-18</b><br>Normal: 11.6 °C<br>Period: 1991-2020","3036682","VAUXHALL+CDA+CS",1994,2026
"07-18","VPD",2001-07-18,2.30122969077559,0.815735025697018,3.63217400889152,0.753661956083123,1.47987801704527,1.78058563578713,3.03123577189824,3.26995234618433,NA,NA,NA,NA,NA,7,2004-07-18,"","DATE: Jul-18<br><b>Vapour pressure deficit</b><br>10-90 percentile<br>1.5 to 3.3 kPa","Historical daily maximum<br>3.6 kPa<br>2004-07-18","DATE: Jul-18</b><br>Normal: 2.3 kPa<br>Period: 1991-2020","3036682","VAUXHALL+CDA+CS",1994,2026
"07-19","TMAX",2001-07-19,27.0769230769231,20.4,32.7,3.5585736122562,22.2,24.3,29.625,31.5,NA,NA,NA,NA,NA,7,2024-07-19,"","DATE: Jul-19<br><b>Maximum temperature</b><br>10-90 percentile<br>22.2 to 31.5 °C","Historical daily maximum<br>32.7 °C<br>2024-07-19","DATE: Jul-19</b><br>Normal: 27.1 °C<br>Period: 1991-2020","3036682","VAUXHALL+CDA+CS",1994,2026
"07-19","TMIN",2001-07-19,11.2769230769231,4.3,19.4,3.19578568646994,7.4,9.4,13.075,14.15,NA,NA,NA,NA,NA,7,2007-07-19,"","DATE: Jul-19<br><b>Minimum temperature</b><br>10-90 percentile<br>7.4 to 14.2 °C","Historical daily maximum<br>19.4 °C<br>2007-07-19","DATE: Jul-19</b><br>Normal: 11.3 °C<br>Period: 1991-2020","3036682","VAUXHALL+CDA+CS",1994,2026
"07-19","VPD",2001-07-19,2.2836129434616,1.04878243928189,3.20598358489647,0.598113714340103,1.59220608496899,1.72871047528795,2.81557423770675,2.99961132957279,NA,NA,NA,NA,NA,7,2024-07-19,"","DATE: Jul-19<br><b>Vapour pressure deficit</b><br>10-90 percentile<br>1.6 to 3.0 kPa","Historical daily maximum<br>3.2 kPa<br>2024-07-19","DATE: Jul-19</b><br>Normal: 2.3 kPa<br>Period: 1991-2020","3036682","VAUXHALL+CDA+CS",1994,2026
"07-20","TMAX",2001-07-20,27.1653846153846,19.8,33.1,3.3897424454011,23.4,24.35,29.475,31.75,NA,NA,NA,NA,NA,7,2024-07-20,"","DATE: Jul-20<br><b>Maximum temperature</b><br>10-90 percentile<br>23.4 to 31.8 °C","Historical daily maximum<br>33.1 °C<br>2024-07-20","DATE: Jul-20</b><br>Normal: 27.2 °C<br>Period: 1991-2020","3036682","VAUXHALL+CDA+CS",1994,2026
"07-20","TMIN",2001-07-20,11.9423076923077,8.1,15.4,2.00602553860574,8.95,10.875,13.175,14.05,NA,NA,NA,NA,NA,7,2021-07-20,"","DATE: Jul-20<br><b>Minimum temperature</b><br>10-90 percentile<br>8.9 to 14.0 °C","Historical daily maximum<br>15.4 °C<br>2021-07-20","DATE: Jul-20</b><br>Normal: 11.9 °C<br>Period: 1991-2020","3036682","VAUXHALL+CDA+CS",1994,2026
"07-20","VPD",2001-07-20,2.25204476379687,1.12206771291193,3.65586762248765,0.719009437921149,1.44493291175277,1.72481528672732,2.69719225239431,3.33759300130081,NA,NA,NA,NA,NA,7,2003-07-20,"","DATE: Jul-20<br><b>Vapour pressure deficit</b><br>10-90 percentile<br>1.4 to 3.3 kPa","Historical daily maximum<br>3.7 kPa<br>2003-07-20","DATE: Jul-20</b><br>Normal: 2.3 kPa<br>Period: 1991-2020","3036682","VAUXHALL+CDA+CS",1994,2026
"07-21","TMAX",2001-07-21,27.36,21.7,32.3,3.06267856622271,23.62,24.7,29.6,31.48,NA,NA,NA,NA,NA,7,2023-07-21,"","DATE: Jul-21<br><b>Maximum temperature</b><br>10-90 percentile<br>23.6 to 31.5 °C","Historical daily maximum<br>32.3 °C<br>2023-07-21","DATE: Jul-21</b><br>Normal: 27.4 °C<br>Period: 1991-2020","3036682","VAUXHALL+CDA+CS",1994,2026
"07-21","TMIN",2001-07-21,10.9076923076923,5.4,14.2,2.10920327648581,8.3,9.55,12.375,13.3,NA,NA,NA,NA,NA,7,2021-07-21,"","DATE: Jul-21<br><b>Minimum temperature</b><br>10-90 percentile<br>8.3 to 13.3 °C","Historical daily maximum<br>14.2 °C<br>2021-07-21","DATE: Jul-21</b><br>Normal: 10.9 °C<br>Period: 1991-2020","3036682","VAUXHALL+CDA+CS",1994,2026
"07-21","VPD",2001-07-21,2.38332236881626,1.19340612117334,3.53763637806105,0.63385945678992,1.61458782939931,1.91440508716597,2.87124553480195,3.10733793617713,NA,NA,NA,NA,NA,7,2023-07-21,"","DATE: Jul-21<br><b>Vapour pressure deficit</b><br>10-90 percentile<br>1.6 to 3.1 kPa","Historical daily maximum<br>3.5 kPa<br>2023-07-21","DATE: Jul-21</b><br>Normal: 2.4 kPa<br>Period: 1991-2020","3036682","VAUXHALL+CDA+CS",1994,2026
"07-22","TMAX",2001-07-22,28.2115384615385,19.3,36.1,4.15704961943703,23.7,25.45,30.725,34.45,NA,NA,NA,NA,NA,7,2007-07-22,"","DATE: Jul-22<br><b>Maximum temperature</b><br>10-90 percentile<br>23.7 to 34.4 °C","Historical daily maximum<br>36.1 °C<br>2007-07-22","DATE: Jul-22</b><br>Normal: 28.2 °C<br>Period: 1991-2020","3036682","VAUXHALL+CDA+CS",1994,2026
"07-22","TMIN",2001-07-22,11.0846153846154,7.2,16.8,2.55338086586272,8,9.2,12.55,14.1,NA,NA,NA,NA,NA,7,2007-07-22,"","DATE: Jul-22<br><b>Minimum temperature</b><br>10-90 percentile<br>8.0 to 14.1 °C","Historical daily maximum<br>16.8 °C<br>2007-07-22","DATE: Jul-22</b><br>Normal: 11.1 °C<br>Period: 1991-2020","3036682","VAUXHALL+CDA+CS",1994,2026
"07-22","VPD",2001-07-22,2.58507233248713,1.15138866749817,4.11827883345845,0.873589461625696,1.53758842785595,2.12026573928239,3.22266972636875,4.06321656092151,NA,NA,NA,NA,NA,7,2023-07-22,"","DATE: Jul-22<br><b>Vapour pressure deficit</b><br>10-90 percentile<br>1.5 to 4.1 kPa","Historical daily maximum<br>4.1 kPa<br>2023-07-22","DATE: Jul-22</b><br>Normal: 2.6 kPa<br>Period: 1991-2020","3036682","VAUXHALL+CDA+CS",1994,2026
"07-23","TMAX",2001-07-23,28.6615384615385,21.2,37.7,4.20552749824104,23.05,26.75,31.175,34.65,NA,NA,NA,NA,NA,7,2007-07-23,"","DATE: Jul-23<br><b>Maximum temperature</b><br>10-90 percentile<br>23.0 to 34.7 °C","Historical daily maximum<br>37.7 °C<br>2007-07-23","DATE: Jul-23</b><br>Normal: 28.7 °C<br>Period: 1991-2020","3036682","VAUXHALL+CDA+CS",1994,2026
"07-23","TMIN",2001-07-23,12.1307692307692,5.4,17.6,2.83319879016905,8.75,10.2,14.2,14.85,NA,NA,NA,NA,NA,7,2006-07-23,"","DATE: Jul-23<br><b>Minimum temperature</b><br>10-90 percentile<br>8.8 to 14.8 °C","Historical daily maximum<br>17.6 °C<br>2006-07-23","DATE: Jul-23</b><br>Normal: 12.1 °C<br>Period: 1991-2020","3036682","VAUXHALL+CDA+CS",1994,2026
"07-23","VPD",2001-07-23,2.59234296936831,1.09655427110672,4.92978341703311,0.914304108145276,1.6050189195341,2.05425607012294,2.93939230704054,3.98016058322447,NA,NA,NA,NA,NA,7,2007-07-23,"","DATE: Jul-23<br><b>Vapour pressure deficit</b><br>10-90 percentile<br>1.6 to 4.0 kPa","Historical daily maximum<br>4.9 kPa<br>2007-07-23","DATE: Jul-23</b><br>Normal: 2.6 kPa<br>Period: 1991-2020","3036682","VAUXHALL+CDA+CS",1994,2026
"07-24","TMAX",2001-07-24,26.55,19,33.5,3.71378513110277,21.95,23.825,28.875,29.9,NA,NA,NA,NA,NA,7,2023-07-24,"","DATE: Jul-24<br><b>Maximum temperature</b><br>10-90 percentile<br>21.9 to 29.9 °C","Historical daily maximum<br>33.5 °C<br>2023-07-24","DATE: Jul-24</b><br>Normal: 26.6 °C<br>Period: 1991-2020","3036682","VAUXHALL+CDA+CS",1994,2026
"07-24","TMIN",2001-07-24,11.9076923076923,6.8,18.2,2.82176158835903,8.9,9.425,14.35,15.2,NA,NA,NA,NA,NA,7,2007-07-24,"","DATE: Jul-24<br><b>Minimum temperature</b><br>10-90 percentile<br>8.9 to 15.2 °C","Historical daily maximum<br>18.2 °C<br>2007-07-24","DATE: Jul-24</b><br>Normal: 11.9 °C<br>Period: 1991-2020","3036682","VAUXHALL+CDA+CS",1994,2026
"07-24","VPD",2001-07-24,2.12645399900187,0.98728240502458,3.72207111752114,0.709889893179609,1.14130445773765,1.70479686865277,2.56887232132002,2.95539062911346,NA,NA,NA,NA,NA,7,2023-07-24,"","DATE: Jul-24<br><b>Vapour pressure deficit</b><br>10-90 percentile<br>1.1 to 3.0 kPa","Historical daily maximum<br>3.7 kPa<br>2023-07-24","DATE: Jul-24</b><br>Normal: 2.1 kPa<br>Period: 1991-2020","3036682","VAUXHALL+CDA+CS",1994,2026
"07-25","TMAX",2001-07-25,26.5653846153846,19.1,34.6,4.41560345209506,21.4,22.9,29.625,32.65,NA,NA,NA,NA,NA,7,2004-07-25,"","DATE: Jul-25<br><b>Maximum temperature</b><br>10-90 percentile<br>21.4 to 32.6 °C","Historical daily maximum<br>34.6 °C<br>2004-07-25","DATE: Jul-25</b><br>Normal: 26.6 °C<br>Period: 1991-2020","3036682","VAUXHALL+CDA+CS",1994,2026
"07-25","TMIN",2001-07-25,10.65,7.1,13.9,2.16208232960727,7.7,8.425,12.325,13.35,NA,NA,NA,NA,NA,7,2023-07-25,"","DATE: Jul-25<br><b>Minimum temperature</b><br>10-90 percentile<br>7.7 to 13.4 °C","Historical daily maximum<br>13.9 °C<br>2023-07-25","DATE: Jul-25</b><br>Normal: 10.6 °C<br>Period: 1991-2020","3036682","VAUXHALL+CDA+CS",1994,2026
"07-25","VPD",2001-07-25,2.28162007075817,0.93050358595635,4.30412521464105,0.891400851175452,1.22240110602314,1.47817881722689,2.87671777059476,3.51121822655659,NA,NA,NA,NA,NA,7,2004-07-25,"","DATE: Jul-25<br><b>Vapour pressure deficit</b><br>10-90 percentile<br>1.2 to 3.5 kPa","Historical daily maximum<br>4.3 kPa<br>2004-07-25","DATE: Jul-25</b><br>Normal: 2.3 kPa<br>Period: 1991-2020","3036682","VAUXHALL+CDA+CS",1994,2026
"07-26","TMAX",2001-07-26,27.608,21.9,33.4,3.26086900483087,24.2,25.8,30.4,32.36,NA,NA,NA,NA,NA,7,2017-07-26,"","DATE: Jul-26<br><b>Maximum temperature</b><br>10-90 percentile<br>24.2 to 32.4 °C","Historical daily maximum<br>33.4 °C<br>2017-07-26","DATE: Jul-26</b><br>Normal: 27.6 °C<br>Period: 1991-2020","3036682","VAUXHALL+CDA+CS",1994,2026
"07-26","TMIN",2001-07-26,10.6346153846154,5.3,14.4,2.19762459172486,8.15,9.55,12.2,13.25,NA,NA,NA,NA,NA,7,2009-07-26,"","DATE: Jul-26<br><b>Minimum temperature</b><br>10-90 percentile<br>8.1 to 13.2 °C","Historical daily maximum<br>14.4 °C<br>2009-07-26","DATE: Jul-26</b><br>Normal: 10.6 °C<br>Period: 1991-2020","3036682","VAUXHALL+CDA+CS",1994,2026
"07-26","VPD",2001-07-26,2.46180904131978,1.20669062328944,4.05664306445474,0.732052398919665,1.71476820389884,2.06063493531412,3.08852287416708,3.49147308180452,NA,NA,NA,NA,NA,7,2017-07-26,"","DATE: Jul-26<br><b>Vapour pressure deficit</b><br>10-90 percentile<br>1.7 to 3.5 kPa","Historical daily maximum<br>4.1 kPa<br>2017-07-26","DATE: Jul-26</b><br>Normal: 2.5 kPa<br>Period: 1991-2020","3036682","VAUXHALL+CDA+CS",1994,2026
"07-27","TMAX",2001-07-27,28.0925925925926,19.8,36.2,4.23864328129849,23.22,24.55,31.05,33.3,NA,NA,NA,NA,NA,7,2007-07-27,"","DATE: Jul-27<br><b>Maximum temperature</b><br>10-90 percentile<br>23.2 to 33.3 °C","Historical daily maximum<br>36.2 °C<br>2007-07-27","DATE: Jul-27</b><br>Normal: 28.1 °C<br>Period: 1991-2020","3036682","VAUXHALL+CDA+CS",1994,2026
"07-27","TMIN",2001-07-27,10.8740740740741,6.7,15.1,2.2495456964587,8.4,9.15,11.85,14.2,NA,NA,NA,NA,NA,7,2006-07-27,"","DATE: Jul-27<br><b>Minimum temperature</b><br>10-90 percentile<br>8.4 to 14.2 °C","Historical daily maximum<br>15.1 °C<br>2006-07-27","DATE: Jul-27</b><br>Normal: 10.9 °C<br>Period: 1991-2020","3036682","VAUXHALL+CDA+CS",1994,2026
"07-27","VPD",2001-07-27,2.58318916886747,1.19208464071943,4.38703002156883,0.928440229342158,1.29447239145702,1.92281253329491,3.27612629737497,3.7370323375664,NA,NA,NA,NA,NA,7,2007-07-27,"","DATE: Jul-27<br><b>Vapour pressure deficit</b><br>10-90 percentile<br>1.3 to 3.7 kPa","Historical daily maximum<br>4.4 kPa<br>2007-07-27","DATE: Jul-27</b><br>Normal: 2.6 kPa<br>Period: 1991-2020","3036682","VAUXHALL+CDA+CS",1994,2026
"07-28","TMAX",2001-07-28,28.5333333333333,21.1,35.3,3.55690011970233,24.4,25.75,30.85,33.06,NA,NA,NA,NA,NA,7,2007-07-28,"","DATE: Jul-28<br><b>Maximum temperature</b><br>10-90 percentile<br>24.4 to 33.1 °C","Historical daily maximum<br>35.3 °C<br>2007-07-28","DATE: Jul-28</b><br>Normal: 28.5 °C<br>Period: 1991-2020","3036682","VAUXHALL+CDA+CS",1994,2026
"07-28","TMIN",2001-07-28,11.2,5.3,15.4,2.73692696847564,7.08,9.7,13.55,14.22,NA,NA,NA,NA,NA,7,2021-07-28,"","DATE: Jul-28<br><b>Minimum temperature</b><br>10-90 percentile<br>7.1 to 14.2 °C","Historical daily maximum<br>15.4 °C<br>2021-07-28","DATE: Jul-28</b><br>Normal: 11.2 °C<br>Period: 1991-2020","3036682","VAUXHALL+CDA+CS",1994,2026
"07-28","VPD",2001-07-28,2.61991694300391,1.15429478432553,4.00022856547696,0.704670947332529,1.88671734770677,2.14308046445732,3.05514850563605,3.66957961858879,NA,NA,NA,NA,NA,7,2007-07-28,"","DATE: Jul-28<br><b>Vapour pressure deficit</b><br>10-90 percentile<br>1.9 to 3.7 kPa","Historical daily maximum<br>4.0 kPa<br>2007-07-28","DATE: Jul-28</b><br>Normal: 2.6 kPa<br>Period: 1991-2020","3036682","VAUXHALL+CDA+CS",1994,2026
"07-29","TMAX",2001-07-29,29.3037037037037,17.4,36.5,3.90359612127877,25.02,27.85,31.55,33.88,NA,NA,NA,NA,NA,7,2007-07-29,"","DATE: Jul-29<br><b>Maximum temperature</b><br>10-90 percentile<br>25.0 to 33.9 °C","Historical daily maximum<br>36.5 °C<br>2007-07-29","DATE: Jul-29</b><br>Normal: 29.3 °C<br>Period: 1991-2020","3036682","VAUXHALL+CDA+CS",1994,2026
"07-29","TMIN",2001-07-29,11.3777777777778,7,14.4,2.12119946716172,8.88,9.9,13.15,14.04,NA,NA,NA,NA,NA,7,2021-07-29,"","DATE: Jul-29<br><b>Minimum temperature</b><br>10-90 percentile<br>8.9 to 14.0 °C","Historical daily maximum<br>14.4 °C<br>2021-07-29","DATE: Jul-29</b><br>Normal: 11.4 °C<br>Period: 1991-2020","3036682","VAUXHALL+CDA+CS",1994,2026
"07-29","VPD",2001-07-29,2.80220964848397,0.985538762925984,4.69409104662147,0.79369560290842,1.9873133449092,2.29386264597558,3.2110992122547,3.76301576341032,NA,NA,NA,NA,NA,7,2007-07-29,"","DATE: Jul-29<br><b>Vapour pressure deficit</b><br>10-90 percentile<br>2.0 to 3.8 kPa","Historical daily maximum<br>4.7 kPa<br>2007-07-29","DATE: Jul-29</b><br>Normal: 2.8 kPa<br>Period: 1991-2020","3036682","VAUXHALL+CDA+CS",1994,2026
"07-30","TMAX",2001-07-30,28.6777777777778,19.4,34.7,4.12733228549287,23.12,25.95,31.45,33.38,NA,NA,NA,NA,NA,7,2014-07-30,"","DATE: Jul-30<br><b>Maximum temperature</b><br>10-90 percentile<br>23.1 to 33.4 °C","Historical daily maximum<br>34.7 °C<br>2014-07-30","DATE: Jul-30</b><br>Normal: 28.7 °C<br>Period: 1991-2020","3036682","VAUXHALL+CDA+CS",1994,2026
"07-30","TMIN",2001-07-30,10.7259259259259,4.1,15.7,2.89011479577603,7.46,8.95,12.15,15.04,NA,NA,NA,NA,NA,7,1996-07-30,"","DATE: Jul-30<br><b>Minimum temperature</b><br>10-90 percentile<br>7.5 to 15.0 °C","Historical daily maximum<br>15.7 °C<br>1996-07-30","DATE: Jul-30</b><br>Normal: 10.7 °C<br>Period: 1991-2020","3036682","VAUXHALL+CDA+CS",1994,2026
"07-30","VPD",2001-07-30,2.71376388489454,1.04122897550081,4.24335307777844,0.887463197505181,1.41859163719172,2.06024255681999,3.35744622047138,3.77424285947228,NA,NA,NA,NA,NA,7,2014-07-30,"","DATE: Jul-30<br><b>Vapour pressure deficit</b><br>10-90 percentile<br>1.4 to 3.8 kPa","Historical daily maximum<br>4.2 kPa<br>2014-07-30","DATE: Jul-30</b><br>Normal: 2.7 kPa<br>Period: 1991-2020","3036682","VAUXHALL+CDA+CS",1994,2026
"07-31","TMAX",2001-07-31,27.3925925925926,14.8,34.4,5.02623317634786,19.68,25.4,30.75,32.14,NA,NA,NA,NA,NA,7,2005-07-31,"","DATE: Jul-31<br><b>Maximum temperature</b><br>10-90 percentile<br>19.7 to 32.1 °C","Historical daily maximum<br>34.4 °C<br>2005-07-31","DATE: Jul-31</b><br>Normal: 27.4 °C<br>Period: 1991-2020","3036682","VAUXHALL+CDA+CS",1994,2026
"07-31","TMIN",2001-07-31,10.8740740740741,6.2,15.6,2.70136612057287,6.4,8.95,12.85,13.82,NA,NA,NA,NA,NA,7,2020-07-31,"","DATE: Jul-31<br><b>Minimum temperature</b><br>10-90 percentile<br>6.4 to 13.8 °C","Historical daily maximum<br>15.6 °C<br>2020-07-31","DATE: Jul-31</b><br>Normal: 10.9 °C<br>Period: 1991-2020","3036682","VAUXHALL+CDA+CS",1994,2026
"07-31","VPD",2001-07-31,2.45247225430103,0.722188189787826,4.22727711132573,0.903457603886042,0.96030065634592,2.09061986616896,3.04434852358671,3.30204632913042,NA,NA,NA,NA,NA,7,2005-07-31,"","DATE: Jul-31<br><b>Vapour pressure deficit</b><br>10-90 percentile<br>1.0 to 3.3 kPa","Historical daily maximum<br>4.2 kPa<br>2005-07-31","DATE: Jul-31</b><br>Normal: 2.5 kPa<br>Period: 1991-2020","3036682","VAUXHALL+CDA+CS",1994,2026
"08-01","TMAX",2001-08-01,27.8222222222222,13.9,35.4,5.06331704391296,21.84,25.15,31.85,33.44,NA,NA,NA,NA,NA,8,2000-08-01,"","DATE: Aug-01<br><b>Maximum temperature</b><br>10-90 percentile<br>21.8 to 33.4 °C","Historical daily maximum<br>35.4 °C<br>2000-08-01","DATE: Aug-01</b><br>Normal: 27.8 °C<br>Period: 1991-2020","3036682","VAUXHALL+CDA+CS",1994,2026
"08-01","TMIN",2001-08-01,10.9037037037037,2.4,16.2,3.44232496135986,6.72,8.3,13.2,14.9,NA,NA,NA,NA,NA,8,1998-08-01,"","DATE: Aug-01<br><b>Minimum temperature</b><br>10-90 percentile<br>6.7 to 14.9 °C","Historical daily maximum<br>16.2 °C<br>1998-08-01","DATE: Aug-01</b><br>Normal: 10.9 °C<br>Period: 1991-2020","3036682","VAUXHALL+CDA+CS",1994,2026
"08-01","VPD",2001-08-01,2.53864141663497,0.658831077318687,4.08626450791295,0.964826924735917,1.31195869102765,1.9550306103582,3.29950146032859,3.69238108087804,NA,NA,NA,NA,NA,8,2000-08-01,"","DATE: Aug-01<br><b>Vapour pressure deficit</b><br>10-90 percentile<br>1.3 to 3.7 kPa","Historical daily maximum<br>4.1 kPa<br>2000-08-01","DATE: Aug-01</b><br>Normal: 2.5 kPa<br>Period: 1991-2020","3036682","VAUXHALL+CDA+CS",1994,2026
"08-02","TMAX",2001-08-02,27,16.9,34.3,4.51714681902364,20.28,24.55,29.7,32.3,NA,NA,NA,NA,NA,8,2019-08-02,"","DATE: Aug-02<br><b>Maximum temperature</b><br>10-90 percentile<br>20.3 to 32.3 °C","Historical daily maximum<br>34.3 °C<br>2019-08-02","DATE: Aug-02</b><br>Normal: 27.0 °C<br>Period: 1991-2020","3036682","VAUXHALL+CDA+CS",1994,2026
"08-02","TMIN",2001-08-02,11.3111111111111,5,17.1,2.93916960189744,7.54,9.1,13.3,14.42,NA,NA,NA,NA,NA,8,2020-08-02,"","DATE: Aug-02<br><b>Minimum temperature</b><br>10-90 percentile<br>7.5 to 14.4 °C","Historical daily maximum<br>17.1 °C<br>2020-08-02","DATE: Aug-02</b><br>Normal: 11.3 °C<br>Period: 1991-2020","3036682","VAUXHALL+CDA+CS",1994,2026
"08-02","VPD",2001-08-02,2.30560502166599,0.57745563130254,4.01541559151024,0.887242080162472,1.05593853124701,1.78796990323503,2.87892540905047,3.27998270106981,NA,NA,NA,NA,NA,8,2019-08-02,"","DATE: Aug-02<br><b>Vapour pressure deficit</b><br>10-90 percentile<br>1.1 to 3.3 kPa","Historical daily maximum<br>4.0 kPa<br>2019-08-02","DATE: Aug-02</b><br>Normal: 2.3 kPa<br>Period: 1991-2020","3036682","VAUXHALL+CDA+CS",1994,2026
"08-03","TMAX",2001-08-03,26.1925925925926,10.3,37.3,6.17538076844883,19.26,21.45,29.45,33.06,NA,NA,NA,NA,NA,8,2001-08-03,"","DATE: Aug-03<br><b>Maximum temperature</b><br>10-90 percentile<br>19.3 to 33.1 °C","Historical daily maximum<br>37.3 °C<br>2001-08-03","DATE: Aug-03</b><br>Normal: 26.2 °C<br>Period: 1991-2020","3036682","VAUXHALL+CDA+CS",1994,2026
"08-03","TMIN",2001-08-03,10.6777777777778,4.9,15.9,2.78931109958291,7.3,8,13.05,13.7,NA,NA,NA,NA,NA,8,2021-08-03,"","DATE: Aug-03<br><b>Minimum temperature</b><br>10-90 percentile<br>7.3 to 13.7 °C","Historical daily maximum<br>15.9 °C<br>2021-08-03","DATE: Aug-03</b><br>Normal: 10.7 °C<br>Period: 1991-2020","3036682","VAUXHALL+CDA+CS",1994,2026
"08-03","VPD",2001-08-03,2.27964671244367,0.386627217328634,5.07406198248994,1.13721429407908,0.920097381537342,1.42011096775717,2.92290734728854,3.7223432164181,NA,NA,NA,NA,NA,8,2001-08-03,"","DATE: Aug-03<br><b>Vapour pressure deficit</b><br>10-90 percentile<br>0.9 to 3.7 kPa","Historical daily maximum<br>5.1 kPa<br>2001-08-03","DATE: Aug-03</b><br>Normal: 2.3 kPa<br>Period: 1991-2020","3036682","VAUXHALL+CDA+CS",1994,2026
"08-04","TMAX",2001-08-04,26.6769230769231,13.5,36.4,4.93820272506568,22.75,25.2,28.75,31,NA,NA,NA,NA,NA,8,1997-08-04,"","DATE: Aug-04<br><b>Maximum temperature</b><br>10-90 percentile<br>22.8 to 31.0 °C","Historical daily maximum<br>36.4 °C<br>1997-08-04","DATE: Aug-04</b><br>Normal: 26.7 °C<br>Period: 1991-2020","3036682","VAUXHALL+CDA+CS",1994,2026
"08-04","TMIN",2001-08-04,10.2481481481481,6,14.9,2.47221021796759,6.94,8.4,12.25,13.3,NA,NA,NA,NA,NA,8,2015-08-04,"","DATE: Aug-04<br><b>Minimum temperature</b><br>10-90 percentile<br>6.9 to 13.3 °C","Historical daily maximum<br>14.9 °C<br>2015-08-04","DATE: Aug-04</b><br>Normal: 10.2 °C<br>Period: 1991-2020","3036682","VAUXHALL+CDA+CS",1994,2026
"08-04","VPD",2001-08-04,2.34374628314192,0.252103156385712,4.82811283438823,0.941529437114189,1.51253992711963,1.76718893365766,2.72014459388401,3.29339021816638,NA,NA,NA,NA,NA,8,1997-08-04,"","DATE: Aug-04<br><b>Vapour pressure deficit</b><br>10-90 percentile<br>1.5 to 3.3 kPa","Historical daily maximum<br>4.8 kPa<br>1997-08-04","DATE: Aug-04</b><br>Normal: 2.3 kPa<br>Period: 1991-2020","3036682","VAUXHALL+CDA+CS",1994,2026
"08-05","TMAX",2001-08-05,27.6444444444444,17.6,37.4,5.19950687997158,21.06,23.65,31.25,33.86,NA,NA,NA,NA,NA,8,1997-08-05,"","DATE: Aug-05<br><b>Maximum temperature</b><br>10-90 percentile<br>21.1 to 33.9 °C","Historical daily maximum<br>37.4 °C<br>1997-08-05","DATE: Aug-05</b><br>Normal: 27.6 °C<br>Period: 1991-2020","3036682","VAUXHALL+CDA+CS",1994,2026
"08-05","TMIN",2001-08-05,10.8222222222222,6.8,14,1.813270172354,8.56,9.8,12.05,12.74,NA,NA,NA,NA,NA,8,1997-08-05,"","DATE: Aug-05<br><b>Minimum temperature</b><br>10-90 percentile<br>8.6 to 12.7 °C","Historical daily maximum<br>14.0 °C<br>1997-08-05","DATE: Aug-05</b><br>Normal: 10.8 °C<br>Period: 1991-2020","3036682","VAUXHALL+CDA+CS",1994,2026
"08-05","VPD",2001-08-05,2.54085740438072,0.751378949593121,4.81421655652517,1.10462661099857,1.20727874124401,1.74104116970204,3.26908523674561,4.04970258164013,NA,NA,NA,NA,NA,8,1997-08-05,"","DATE: Aug-05<br><b>Vapour pressure deficit</b><br>10-90 percentile<br>1.2 to 4.0 kPa","Historical daily maximum<br>4.8 kPa<br>1997-08-05","DATE: Aug-05</b><br>Normal: 2.5 kPa<br>Period: 1991-2020","3036682","VAUXHALL+CDA+CS",1994,2026
"08-06","TMAX",2001-08-06,27.9148148148148,18.4,36.5,4.30980132539627,22.84,25.2,31,33.04,NA,NA,NA,NA,NA,8,1997-08-06,"","DATE: Aug-06<br><b>Maximum temperature</b><br>10-90 percentile<br>22.8 to 33.0 °C","Historical daily maximum<br>36.5 °C<br>1997-08-06","DATE: Aug-06</b><br>Normal: 27.9 °C<br>Period: 1991-2020","3036682","VAUXHALL+CDA+CS",1994,2026
"08-06","TMIN",2001-08-06,11.2407407407407,6.9,16.2,2.21450797786903,8.5,9.95,12.55,13.84,NA,NA,NA,NA,NA,8,1998-08-06,"","DATE: Aug-06<br><b>Minimum temperature</b><br>10-90 percentile<br>8.5 to 13.8 °C","Historical daily maximum<br>16.2 °C<br>1998-08-06","DATE: Aug-06</b><br>Normal: 11.2 °C<br>Period: 1991-2020","3036682","VAUXHALL+CDA+CS",1994,2026
"08-06","VPD",2001-08-06,2.51377828826203,0.896716604542771,4.548351838044,0.908192793019034,1.44381995361754,1.95520626447431,3.14134150207378,3.649202215592,NA,NA,NA,NA,NA,8,1997-08-06,"","DATE: Aug-06<br><b>Vapour pressure deficit</b><br>10-90 percentile<br>1.4 to 3.6 kPa","Historical daily maximum<br>4.5 kPa<br>1997-08-06","DATE: Aug-06</b><br>Normal: 2.5 kPa<br>Period: 1991-2020","3036682","VAUXHALL+CDA+CS",1994,2026
"08-07","TMAX",2001-08-07,26.7814814814815,16.9,34.1,4.73757784892701,19.32,23.8,30.75,31.36,NA,NA,NA,NA,NA,8,2006-08-07,"","DATE: Aug-07<br><b>Maximum temperature</b><br>10-90 percentile<br>19.3 to 31.4 °C","Historical daily maximum<br>34.1 °C<br>2006-08-07","DATE: Aug-07</b><br>Normal: 26.8 °C<br>Period: 1991-2020","3036682","VAUXHALL+CDA+CS",1994,2026
"08-07","TMIN",2001-08-07,10.9666666666667,5.5,15.5,2.30284105467071,8.18,9.4,12.15,13.62,NA,NA,NA,NA,NA,8,2016-08-07,"","DATE: Aug-07<br><b>Minimum temperature</b><br>10-90 percentile<br>8.2 to 13.6 °C","Historical daily maximum<br>15.5 °C<br>2016-08-07","DATE: Aug-07</b><br>Normal: 11.0 °C<br>Period: 1991-2020","3036682","VAUXHALL+CDA+CS",1994,2026
"08-07","VPD",2001-08-07,2.30774973140952,0.48549465276924,4.23909599572056,0.938780584993664,0.995534603691877,1.72875790405068,3.04731114962225,3.3678100018207,NA,NA,NA,NA,NA,8,2006-08-07,"","DATE: Aug-07<br><b>Vapour pressure deficit</b><br>10-90 percentile<br>1.0 to 3.4 kPa","Historical daily maximum<br>4.2 kPa<br>2006-08-07","DATE: Aug-07</b><br>Normal: 2.3 kPa<br>Period: 1991-2020","3036682","VAUXHALL+CDA+CS",1994,2026
"08-08","TMAX",2001-08-08,25.8555555555556,15.9,35.3,5.04169792319194,19.8,23.15,30.15,32.36,NA,NA,NA,NA,NA,8,2012-08-08,"","DATE: Aug-08<br><b>Maximum temperature</b><br>10-90 percentile<br>19.8 to 32.4 °C","Historical daily maximum<br>35.3 °C<br>2012-08-08","DATE: Aug-08</b><br>Normal: 25.9 °C<br>Period: 1991-2020","3036682","VAUXHALL+CDA+CS",1994,2026
"08-08","TMIN",2001-08-08,10.7518518518519,6.4,13.7,1.9871452988512,8.06,9,12.3,13.02,NA,NA,NA,NA,NA,8,2016-08-08,"","DATE: Aug-08<br><b>Minimum temperature</b><br>10-90 percentile<br>8.1 to 13.0 °C","Historical daily maximum<br>13.7 °C<br>2016-08-08","DATE: Aug-08</b><br>Normal: 10.8 °C<br>Period: 1991-2020","3036682","VAUXHALL+CDA+CS",1994,2026
"08-08","VPD",2001-08-08,2.15815825289433,0.666377431183126,4.41257122058794,1.02808928296356,1.02968559678306,1.40992882436674,3.0850771510187,3.51349676862843,NA,NA,NA,NA,NA,8,2012-08-08,"","DATE: Aug-08<br><b>Vapour pressure deficit</b><br>10-90 percentile<br>1.0 to 3.5 kPa","Historical daily maximum<br>4.4 kPa<br>2012-08-08","DATE: Aug-08</b><br>Normal: 2.2 kPa<br>Period: 1991-2020","3036682","VAUXHALL+CDA+CS",1994,2026
"08-09","TMAX",2001-08-09,26.8185185185185,17,35.9,5.20318223908268,20.36,23.1,31.3,33.02,NA,NA,NA,NA,NA,8,2018-08-09,"","DATE: Aug-09<br><b>Maximum temperature</b><br>10-90 percentile<br>20.4 to 33.0 °C","Historical daily maximum<br>35.9 °C<br>2018-08-09","DATE: Aug-09</b><br>Normal: 26.8 °C<br>Period: 1991-2020","3036682","VAUXHALL+CDA+CS",1994,2026
"08-09","TMIN",2001-08-09,9.75185185185185,5.1,13.8,2.20844016835593,6.76,8.45,11.2,12.28,NA,NA,NA,NA,NA,8,2008-08-09,"","DATE: Aug-09<br><b>Minimum temperature</b><br>10-90 percentile<br>6.8 to 12.3 °C","Historical daily maximum<br>13.8 °C<br>2008-08-09","DATE: Aug-09</b><br>Normal: 9.8 °C<br>Period: 1991-2020","3036682","VAUXHALL+CDA+CS",1994,2026
"08-09","VPD",2001-08-09,2.44662292445081,0.805088570727317,4.5957645146146,1.04537188910447,1.13422846090488,1.58766628649038,3.11737467183932,3.82376602658277,NA,NA,NA,NA,NA,8,2018-08-09,"","DATE: Aug-09<br><b>Vapour pressure deficit</b><br>10-90 percentile<br>1.1 to 3.8 kPa","Historical daily maximum<br>4.6 kPa<br>2018-08-09","DATE: Aug-09</b><br>Normal: 2.4 kPa<br>Period: 1991-2020","3036682","VAUXHALL+CDA+CS",1994,2026
"08-10","TMAX",2001-08-10,26.8,14.2,39.9,5.6704361519945,20.88,23.1,30,33.66,NA,NA,NA,NA,NA,8,2018-08-10,"","DATE: Aug-10<br><b>Maximum temperature</b><br>10-90 percentile<br>20.9 to 33.7 °C","Historical daily maximum<br>39.9 °C<br>2018-08-10","DATE: Aug-10</b><br>Normal: 26.8 °C<br>Period: 1991-2020","3036682","VAUXHALL+CDA+CS",1994,2026
"08-10","TMIN",2001-08-10,10.0185185185185,2.5,14.8,2.96025428183212,5.32,9.2,11.85,12.32,NA,NA,NA,NA,NA,8,2022-08-10,"","DATE: Aug-10<br><b>Minimum temperature</b><br>10-90 percentile<br>5.3 to 12.3 °C","Historical daily maximum<br>14.8 °C<br>2022-08-10","DATE: Aug-10</b><br>Normal: 10.0 °C<br>Period: 1991-2020","3036682","VAUXHALL+CDA+CS",1994,2026
"08-10","VPD",2001-08-10,2.44071438276714,0.415977519066932,5.93383149475839,1.19624822643462,1.06765703243464,1.72438592726274,3.00229670496399,3.91889061716262,NA,NA,NA,NA,NA,8,2018-08-10,"","DATE: Aug-10<br><b>Vapour pressure deficit</b><br>10-90 percentile<br>1.1 to 3.9 kPa","Historical daily maximum<br>5.9 kPa<br>2018-08-10","DATE: Aug-10</b><br>Normal: 2.4 kPa<br>Period: 1991-2020","3036682","VAUXHALL+CDA+CS",1994,2026
"08-11","TMAX",2001-08-11,25.837037037037,17.5,33.8,4.37687525947873,20.38,23,29.25,31.46,NA,NA,NA,NA,NA,8,2022-08-11,"","DATE: Aug-11<br><b>Maximum temperature</b><br>10-90 percentile<br>20.4 to 31.5 °C","Historical daily maximum<br>33.8 °C<br>2022-08-11","DATE: Aug-11</b><br>Normal: 25.8 °C<br>Period: 1991-2020","3036682","VAUXHALL+CDA+CS",1994,2026
"08-11","TMIN",2001-08-11,10.8074074074074,3.5,14.9,2.75693892763555,7.3,9.5,12.3,13.48,NA,NA,NA,NA,NA,8,2013-08-11,"","DATE: Aug-11<br><b>Minimum temperature</b><br>10-90 percentile<br>7.3 to 13.5 °C","Historical daily maximum<br>14.9 °C<br>2013-08-11","DATE: Aug-11</b><br>Normal: 10.8 °C<br>Period: 1991-2020","3036682","VAUXHALL+CDA+CS",1994,2026
"08-11","VPD",2001-08-11,2.10931618835487,0.462573181540004,4.02409597056078,0.853991516933959,0.989487746435046,1.58921284966368,2.61101500070057,3.26696376993529,NA,NA,NA,NA,NA,8,1996-08-11,"","DATE: Aug-11<br><b>Vapour pressure deficit</b><br>10-90 percentile<br>1.0 to 3.3 kPa","Historical daily maximum<br>4.0 kPa<br>1996-08-11","DATE: Aug-11</b><br>Normal: 2.1 kPa<br>Period: 1991-2020","3036682","VAUXHALL+CDA+CS",1994,2026
"08-12","TMAX",2001-08-12,26.3666666666667,15.4,34.1,4.89072906315927,20.42,23.4,30.05,32.78,NA,NA,NA,NA,NA,8,2001-08-12,"","DATE: Aug-12<br><b>Maximum temperature</b><br>10-90 percentile<br>20.4 to 32.8 °C","Historical daily maximum<br>34.1 °C<br>2001-08-12","DATE: Aug-12</b><br>Normal: 26.4 °C<br>Period: 1991-2020","3036682","VAUXHALL+CDA+CS",1994,2026
"08-12","TMIN",2001-08-12,10.4333333333333,5.2,13.7,2.36155098969365,7.66,8.4,12.4,12.98,NA,NA,NA,NA,NA,8,2021-08-12,"","DATE: Aug-12<br><b>Minimum temperature</b><br>10-90 percentile<br>7.7 to 13.0 °C","Historical daily maximum<br>13.7 °C<br>2021-08-12","DATE: Aug-12</b><br>Normal: 10.4 °C<br>Period: 1991-2020","3036682","VAUXHALL+CDA+CS",1994,2026
"08-12","VPD",2001-08-12,2.27604552447538,0.537374698685679,4.20088840863148,0.983760508852272,1.00849787346833,1.606457917218,3.12635047724233,3.64860524544824,NA,NA,NA,NA,NA,8,2001-08-12,"","DATE: Aug-12<br><b>Vapour pressure deficit</b><br>10-90 percentile<br>1.0 to 3.6 kPa","Historical daily maximum<br>4.2 kPa<br>2001-08-12","DATE: Aug-12</b><br>Normal: 2.3 kPa<br>Period: 1991-2020","3036682","VAUXHALL+CDA+CS",1994,2026
"08-13","TMAX",2001-08-13,26.9592592592593,16.7,37,5.50602881179833,19.68,22.6,30.85,32.64,NA,NA,NA,NA,NA,8,2015-08-13,"","DATE: Aug-13<br><b>Maximum temperature</b><br>10-90 percentile<br>19.7 to 32.6 °C","Historical daily maximum<br>37.0 °C<br>2015-08-13","DATE: Aug-13</b><br>Normal: 27.0 °C<br>Period: 1991-2020","3036682","VAUXHALL+CDA+CS",1994,2026
"08-13","TMIN",2001-08-13,9.92592592592593,1.5,16.3,2.81159585023723,7.02,9.25,11.5,12.32,NA,NA,NA,NA,NA,8,2014-08-13,"","DATE: Aug-13<br><b>Minimum temperature</b><br>10-90 percentile<br>7.0 to 12.3 °C","Historical daily maximum<br>16.3 °C<br>2014-08-13","DATE: Aug-13</b><br>Normal: 9.9 °C<br>Period: 1991-2020","3036682","VAUXHALL+CDA+CS",1994,2026
"08-13","VPD",2001-08-13,2.47151805949509,0.568497822086961,4.89064124094223,1.08553043143964,1.11349829252088,1.69741049040244,3.04944788720397,3.63831208017238,NA,NA,NA,NA,NA,8,2015-08-13,"","DATE: Aug-13<br><b>Vapour pressure deficit</b><br>10-90 percentile<br>1.1 to 3.6 kPa","Historical daily maximum<br>4.9 kPa<br>2015-08-13","DATE: Aug-13</b><br>Normal: 2.5 kPa<br>Period: 1991-2020","3036682","VAUXHALL+CDA+CS",1994,2026
"08-14","TMAX",2001-08-14,27.3222222222222,19.5,37.8,4.5335784247472,21.4,23.65,30.3,32.76,NA,NA,NA,NA,NA,8,1994-08-14,"","DATE: Aug-14<br><b>Maximum temperature</b><br>10-90 percentile<br>21.4 to 32.8 °C","Historical daily maximum<br>37.8 °C<br>1994-08-14","DATE: Aug-14</b><br>Normal: 27.3 °C<br>Period: 1991-2020","3036682","VAUXHALL+CDA+CS",1994,2026
"08-14","TMIN",2001-08-14,10.4222222222222,5.4,15.5,2.7512701029683,6.5,8.7,12.9,13.64,NA,NA,NA,NA,NA,8,2001-08-14,"","DATE: Aug-14<br><b>Minimum temperature</b><br>10-90 percentile<br>6.5 to 13.6 °C","Historical daily maximum<br>15.5 °C<br>2001-08-14","DATE: Aug-14</b><br>Normal: 10.4 °C<br>Period: 1991-2020","3036682","VAUXHALL+CDA+CS",1994,2026
"08-14","VPD",2001-08-14,2.46145183493079,0.945414601670321,4.99587011928163,0.98097232303061,1.25918087367941,1.92309567959831,2.9724179884425,3.75259175865344,NA,NA,NA,NA,NA,8,1994-08-14,"","DATE: Aug-14<br><b>Vapour pressure deficit</b><br>10-90 percentile<br>1.3 to 3.8 kPa","Historical daily maximum<br>5.0 kPa<br>1994-08-14","DATE: Aug-14</b><br>Normal: 2.5 kPa<br>Period: 1991-2020","3036682","VAUXHALL+CDA+CS",1994,2026
"08-15","TMAX",2001-08-15,25.5592592592593,11.3,34.5,5.69772284198219,18.6,22.1,28.9,32.12,NA,NA,NA,NA,NA,8,2003-08-15,"","DATE: Aug-15<br><b>Maximum temperature</b><br>10-90 percentile<br>18.6 to 32.1 °C","Historical daily maximum<br>34.5 °C<br>2003-08-15","DATE: Aug-15</b><br>Normal: 25.6 °C<br>Period: 1991-2020","3036682","VAUXHALL+CDA+CS",1994,2026
"08-15","TMIN",2001-08-15,10.3444444444444,5.3,16.8,2.64420023292391,7.88,8.2,11.7,14.22,NA,NA,NA,NA,NA,8,1994-08-15,"","DATE: Aug-15<br><b>Minimum temperature</b><br>10-90 percentile<br>7.9 to 14.2 °C","Historical daily maximum<br>16.8 °C<br>1994-08-15","DATE: Aug-15</b><br>Normal: 10.3 °C<br>Period: 1991-2020","3036682","VAUXHALL+CDA+CS",1994,2026
"08-15","VPD",2001-08-15,2.15368367228343,0.183282804363051,4.38167644548285,1.01447147479917,0.986324934747356,1.36227197625675,2.64430365313643,3.28902074097795,NA,NA,NA,NA,NA,8,2003-08-15,"","DATE: Aug-15<br><b>Vapour pressure deficit</b><br>10-90 percentile<br>1.0 to 3.3 kPa","Historical daily maximum<br>4.4 kPa<br>2003-08-15","DATE: Aug-15</b><br>Normal: 2.2 kPa<br>Period: 1991-2020","3036682","VAUXHALL+CDA+CS",1994,2026
"08-16","TMAX",2001-08-16,25.7192307692308,14.8,33.4,5.63844086469082,18.7,20.575,29.925,32.25,NA,NA,NA,NA,NA,8,2022-08-16,"","DATE: Aug-16<br><b>Maximum temperature</b><br>10-90 percentile<br>18.7 to 32.2 °C","Historical daily maximum<br>33.4 °C<br>2022-08-16","DATE: Aug-16</b><br>Normal: 25.7 °C<br>Period: 1991-2020","3036682","VAUXHALL+CDA+CS",1994,2026
"08-16","TMIN",2001-08-16,9.51153846153846,3.4,16.2,3.17418675229759,5.75,7.675,11.375,13.65,NA,NA,NA,NA,NA,8,2021-08-16,"","DATE: Aug-16<br><b>Minimum temperature</b><br>10-90 percentile<br>5.8 to 13.6 °C","Historical daily maximum<br>16.2 °C<br>2021-08-16","DATE: Aug-16</b><br>Normal: 9.5 °C<br>Period: 1991-2020","3036682","VAUXHALL+CDA+CS",1994,2026
"08-16","VPD",2001-08-16,2.24639298426977,0.626540806345278,4.06401539497852,1.04426811633448,0.965919097772855,1.2836964371502,3.12433964782481,3.56801344317498,NA,NA,NA,NA,NA,8,2022-08-16,"","DATE: Aug-16<br><b>Vapour pressure deficit</b><br>10-90 percentile<br>1.0 to 3.6 kPa","Historical daily maximum<br>4.1 kPa<br>2022-08-16","DATE: Aug-16</b><br>Normal: 2.2 kPa<br>Period: 1991-2020","3036682","VAUXHALL+CDA+CS",1994,2026
"08-17","TMAX",2001-08-17,26.4730769230769,13.2,35.7,5.13945971419625,20.5,24.225,28.55,32.65,NA,NA,NA,NA,NA,8,2020-08-17,"","DATE: Aug-17<br><b>Maximum temperature</b><br>10-90 percentile<br>20.5 to 32.7 °C","Historical daily maximum<br>35.7 °C<br>2020-08-17","DATE: Aug-17</b><br>Normal: 26.5 °C<br>Period: 1991-2020","3036682","VAUXHALL+CDA+CS",1994,2026
"08-17","TMIN",2001-08-17,9.41153846153846,4.7,15.3,2.79633001243801,6.1,6.9,11.075,13,NA,NA,NA,NA,NA,8,2014-08-17,"","DATE: Aug-17<br><b>Minimum temperature</b><br>10-90 percentile<br>6.1 to 13.0 °C","Historical daily maximum<br>15.3 °C<br>2014-08-17","DATE: Aug-17</b><br>Normal: 9.4 °C<br>Period: 1991-2020","3036682","VAUXHALL+CDA+CS",1994,2026
"08-17","VPD",2001-08-17,2.38856219941855,0.361639367568882,4.65648254650188,1.02482470232814,1.29410624766594,1.801018227419,2.91409344403111,3.60423065476991,NA,NA,NA,NA,NA,8,2020-08-17,"","DATE: Aug-17<br><b>Vapour pressure deficit</b><br>10-90 percentile<br>1.3 to 3.6 kPa","Historical daily maximum<br>4.7 kPa<br>2020-08-17","DATE: Aug-17</b><br>Normal: 2.4 kPa<br>Period: 1991-2020","3036682","VAUXHALL+CDA+CS",1994,2026
"08-18","TMAX",2001-08-18,26.7333333333333,15.8,37.2,5.57294287676559,19.8,22.15,30.3,33.56,NA,NA,NA,NA,NA,8,2008-08-18,"","DATE: Aug-18<br><b>Maximum temperature</b><br>10-90 percentile<br>19.8 to 33.6 °C","Historical daily maximum<br>37.2 °C<br>2008-08-18","DATE: Aug-18</b><br>Normal: 26.7 °C<br>Period: 1991-2020","3036682","VAUXHALL+CDA+CS",1994,2026
"08-18","TMIN",2001-08-18,9.55925925925926,5.2,15.4,2.72174424549621,6.34,7.7,11.35,13.48,NA,NA,NA,NA,NA,8,2001-08-18,"","DATE: Aug-18<br><b>Minimum temperature</b><br>10-90 percentile<br>6.3 to 13.5 °C","Historical daily maximum<br>15.4 °C<br>2001-08-18","DATE: Aug-18</b><br>Normal: 9.6 °C<br>Period: 1991-2020","3036682","VAUXHALL+CDA+CS",1994,2026
"08-18","VPD",2001-08-18,2.45863296385109,0.558972759254878,4.76551859241781,1.03777518357394,1.1800139406599,1.61010116302222,3.11047550387583,3.75818037604332,NA,NA,NA,NA,NA,8,2008-08-18,"","DATE: Aug-18<br><b>Vapour pressure deficit</b><br>10-90 percentile<br>1.2 to 3.8 kPa","Historical daily maximum<br>4.8 kPa<br>2008-08-18","DATE: Aug-18</b><br>Normal: 2.5 kPa<br>Period: 1991-2020","3036682","VAUXHALL+CDA+CS",1994,2026
"08-19","TMAX",2001-08-19,26.7,21.9,33.7,3.43757517400319,22.52,23.85,29,31.68,NA,NA,NA,NA,NA,8,2024-08-19,"","DATE: Aug-19<br><b>Maximum temperature</b><br>10-90 percentile<br>22.5 to 31.7 °C","Historical daily maximum<br>33.7 °C<br>2024-08-19","DATE: Aug-19</b><br>Normal: 26.7 °C<br>Period: 1991-2020","3036682","VAUXHALL+CDA+CS",1994,2026
"08-19","TMIN",2001-08-19,9.63333333333333,4.2,15.5,3.23466797725469,5.56,7.15,12.5,13.7,NA,NA,NA,NA,NA,8,2001-08-19,"","DATE: Aug-19<br><b>Minimum temperature</b><br>10-90 percentile<br>5.6 to 13.7 °C","Historical daily maximum<br>15.5 °C<br>2001-08-19","DATE: Aug-19</b><br>Normal: 9.6 °C<br>Period: 1991-2020","3036682","VAUXHALL+CDA+CS",1994,2026
"08-19","VPD",2001-08-19,2.34226583335114,1.50233372120439,4.12119741039629,0.681555526070278,1.6265593927958,1.78113151383554,2.80554952212738,3.25064164277046,NA,NA,NA,NA,NA,8,2012-08-19,"","DATE: Aug-19<br><b>Vapour pressure deficit</b><br>10-90 percentile<br>1.6 to 3.3 kPa","Historical daily maximum<br>4.1 kPa<br>2012-08-19","DATE: Aug-19</b><br>Normal: 2.3 kPa<br>Period: 1991-2020","3036682","VAUXHALL+CDA+CS",1994,2026
"08-20","TMAX",2001-08-20,26.3481481481481,20.3,32.6,3.54903782956304,22.56,23.9,29.5,31.02,NA,NA,NA,NA,NA,8,2022-08-20,"","DATE: Aug-20<br><b>Maximum temperature</b><br>10-90 percentile<br>22.6 to 31.0 °C","Historical daily maximum<br>32.6 °C<br>2022-08-20","DATE: Aug-20</b><br>Normal: 26.3 °C<br>Period: 1991-2020","3036682","VAUXHALL+CDA+CS",1994,2026
"08-20","TMIN",2001-08-20,8.8037037037037,3.8,13.4,2.65800409235685,4.96,7.2,10.85,12.3,NA,NA,NA,NA,NA,8,2024-08-20,"","DATE: Aug-20<br><b>Minimum temperature</b><br>10-90 percentile<br>5.0 to 12.3 °C","Historical daily maximum<br>13.4 °C<br>2024-08-20","DATE: Aug-20</b><br>Normal: 8.8 °C<br>Period: 1991-2020","3036682","VAUXHALL+CDA+CS",1994,2026
"08-20","VPD",2001-08-20,2.34632503571936,1.09529444911408,3.62566490453519,0.797353488423848,1.33678601237353,1.55847520676069,3.03998430502851,3.43654883445399,NA,NA,NA,NA,NA,8,2022-08-20,"","DATE: Aug-20<br><b>Vapour pressure deficit</b><br>10-90 percentile<br>1.3 to 3.4 kPa","Historical daily maximum<br>3.6 kPa<br>2022-08-20","DATE: Aug-20</b><br>Normal: 2.3 kPa<br>Period: 1991-2020","3036682","VAUXHALL+CDA+CS",1994,2026
"08-21","TMAX",2001-08-21,27.4888888888889,14.4,34.4,5.40251603303308,22.24,24.15,31.6,32.74,NA,NA,NA,NA,NA,8,2019-08-21,"","DATE: Aug-21<br><b>Maximum temperature</b><br>10-90 percentile<br>22.2 to 32.7 °C","Historical daily maximum<br>34.4 °C<br>2019-08-21","DATE: Aug-21</b><br>Normal: 27.5 °C<br>Period: 1991-2020","3036682","VAUXHALL+CDA+CS",1994,2026
"08-21","TMIN",2001-08-21,9.04074074074074,3.4,14.6,2.98718535636414,5.34,6.7,11.5,13.22,NA,NA,NA,NA,NA,8,2022-08-21,"","DATE: Aug-21<br><b>Minimum temperature</b><br>10-90 percentile<br>5.3 to 13.2 °C","Historical daily maximum<br>14.6 °C<br>2022-08-21","DATE: Aug-21</b><br>Normal: 9.0 °C<br>Period: 1991-2020","3036682","VAUXHALL+CDA+CS",1994,2026
"08-21","VPD",2001-08-21,2.6432001606724,0.283590658869375,3.98479543717669,1.00593411333412,1.58874756942809,1.93545761807131,3.412775591133,3.84699521998496,NA,NA,NA,NA,NA,8,2011-08-21,"","DATE: Aug-21<br><b>Vapour pressure deficit</b><br>10-90 percentile<br>1.6 to 3.8 kPa","Historical daily maximum<br>4.0 kPa<br>2011-08-21","DATE: Aug-21</b><br>Normal: 2.6 kPa<br>Period: 1991-2020","3036682","VAUXHALL+CDA+CS",1994,2026
"08-22","TMAX",2001-08-22,26.5222222222222,12.8,33.7,5.18417216396611,20.42,22.75,30.85,32.18,NA,NA,NA,NA,NA,8,2011-08-22,"","DATE: Aug-22<br><b>Maximum temperature</b><br>10-90 percentile<br>20.4 to 32.2 °C","Historical daily maximum<br>33.7 °C<br>2011-08-22","DATE: Aug-22</b><br>Normal: 26.5 °C<br>Period: 1991-2020","3036682","VAUXHALL+CDA+CS",1994,2026
"08-22","TMIN",2001-08-22,9.43333333333333,4.3,13.5,2.23950543990958,6.78,7.9,10.75,12.2,NA,NA,NA,NA,NA,8,2022-08-22,"","DATE: Aug-22<br><b>Minimum temperature</b><br>10-90 percentile<br>6.8 to 12.2 °C","Historical daily maximum<br>13.5 °C<br>2022-08-22","DATE: Aug-22</b><br>Normal: 9.4 °C<br>Period: 1991-2020","3036682","VAUXHALL+CDA+CS",1994,2026
"08-22","VPD",2001-08-22,2.40281282850742,0.337960427393654,3.93568621489158,1.04052925610591,1.2149535823154,1.40794504937635,3.36281622744356,3.69352484512128,NA,NA,NA,NA,NA,8,2011-08-22,"","DATE: Aug-22<br><b>Vapour pressure deficit</b><br>10-90 percentile<br>1.2 to 3.7 kPa","Historical daily maximum<br>3.9 kPa<br>2011-08-22","DATE: Aug-22</b><br>Normal: 2.4 kPa<br>Period: 1991-2020","3036682","VAUXHALL+CDA+CS",1994,2026
"08-23","TMAX",2001-08-23,26.5851851851852,12.5,35.7,6.1814675693189,16.56,26.15,30.4,33.1,NA,NA,NA,NA,NA,8,1997-08-23,"","DATE: Aug-23<br><b>Maximum temperature</b><br>10-90 percentile<br>16.6 to 33.1 °C","Historical daily maximum<br>35.7 °C<br>1997-08-23","DATE: Aug-23</b><br>Normal: 26.6 °C<br>Period: 1991-2020","3036682","VAUXHALL+CDA+CS",1994,2026
"08-23","TMIN",2001-08-23,8.6,2.8,13.7,2.53483423824609,5.88,7.1,10.15,11.78,NA,NA,NA,NA,NA,8,2022-08-23,"","DATE: Aug-23<br><b>Minimum temperature</b><br>10-90 percentile<br>5.9 to 11.8 °C","Historical daily maximum<br>13.7 °C<br>2022-08-23","DATE: Aug-23</b><br>Normal: 8.6 °C<br>Period: 1991-2020","3036682","VAUXHALL+CDA+CS",1994,2026
"08-23","VPD",2001-08-23,2.53014201789672,0.237879098229901,4.86923162645009,1.23850118836508,0.577801739484857,1.98286100131494,3.20957323514961,4.01293559153207,NA,NA,NA,NA,NA,8,1997-08-23,"","DATE: Aug-23<br><b>Vapour pressure deficit</b><br>10-90 percentile<br>0.6 to 4.0 kPa","Historical daily maximum<br>4.9 kPa<br>1997-08-23","DATE: Aug-23</b><br>Normal: 2.5 kPa<br>Period: 1991-2020","3036682","VAUXHALL+CDA+CS",1994,2026
"08-24","TMAX",2001-08-24,25.3444444444444,10.8,34.2,5.38261684523096,19.56,22.5,28.9,31.34,NA,NA,NA,NA,NA,8,1999-08-24,"","DATE: Aug-24<br><b>Maximum temperature</b><br>10-90 percentile<br>19.6 to 31.3 °C","Historical daily maximum<br>34.2 °C<br>1999-08-24","DATE: Aug-24</b><br>Normal: 25.3 °C<br>Period: 1991-2020","3036682","VAUXHALL+CDA+CS",1994,2026
"08-24","TMIN",2001-08-24,8.72962962962963,4.4,13.1,2.37013709678361,6.2,7.25,10.4,11.84,NA,NA,NA,NA,NA,8,2022-08-24,"","DATE: Aug-24<br><b>Minimum temperature</b><br>10-90 percentile<br>6.2 to 11.8 °C","Historical daily maximum<br>13.1 °C<br>2022-08-24","DATE: Aug-24</b><br>Normal: 8.7 °C<br>Period: 1991-2020","3036682","VAUXHALL+CDA+CS",1994,2026
"08-24","VPD",2001-08-24,2.22670606806337,0.251472651119442,4.01278536742623,0.95980082195344,1.03048199520562,1.60449506506482,2.71439413334506,3.50780984117265,NA,NA,NA,NA,NA,8,1999-08-24,"","DATE: Aug-24<br><b>Vapour pressure deficit</b><br>10-90 percentile<br>1.0 to 3.5 kPa","Historical daily maximum<br>4.0 kPa<br>1999-08-24","DATE: Aug-24</b><br>Normal: 2.2 kPa<br>Period: 1991-2020","3036682","VAUXHALL+CDA+CS",1994,2026
"08-25","TMAX",2001-08-25,25.9185185185185,14.8,33.2,4.35015800217356,20.76,22.8,29.25,30.72,NA,NA,NA,NA,NA,8,1996-08-25,"","DATE: Aug-25<br><b>Maximum temperature</b><br>10-90 percentile<br>20.8 to 30.7 °C","Historical daily maximum<br>33.2 °C<br>1996-08-25","DATE: Aug-25</b><br>Normal: 25.9 °C<br>Period: 1991-2020","3036682","VAUXHALL+CDA+CS",1994,2026
"08-25","TMIN",2001-08-25,8.83333333333333,4.5,13.9,2.72269662707341,5.14,6.35,10.7,12.32,NA,NA,NA,NA,NA,8,1999-08-25,"","DATE: Aug-25<br><b>Minimum temperature</b><br>10-90 percentile<br>5.1 to 12.3 °C","Historical daily maximum<br>13.9 °C<br>1999-08-25","DATE: Aug-25</b><br>Normal: 8.8 °C<br>Period: 1991-2020","3036682","VAUXHALL+CDA+CS",1994,2026
"08-25","VPD",2001-08-25,2.28404317474317,0.496090991454236,3.74773098197267,0.7649169932379,1.42354483135284,1.78645703568561,2.72953470810022,3.36098410069877,NA,NA,NA,NA,NA,8,1996-08-25,"","DATE: Aug-25<br><b>Vapour pressure deficit</b><br>10-90 percentile<br>1.4 to 3.4 kPa","Historical daily maximum<br>3.7 kPa<br>1996-08-25","DATE: Aug-25</b><br>Normal: 2.3 kPa<br>Period: 1991-2020","3036682","VAUXHALL+CDA+CS",1994,2026
"08-26","TMAX",2001-08-26,26.337037037037,15.7,35.3,4.74334741815785,19.66,23.15,29.05,31.06,NA,NA,NA,NA,NA,8,2010-08-26,"","DATE: Aug-26<br><b>Maximum temperature</b><br>10-90 percentile<br>19.7 to 31.1 °C","Historical daily maximum<br>35.3 °C<br>2010-08-26","DATE: Aug-26</b><br>Normal: 26.3 °C<br>Period: 1991-2020","3036682","VAUXHALL+CDA+CS",1994,2026
"08-26","TMIN",2001-08-26,8.38888888888889,3.8,14.1,2.12663210324779,5.94,7.35,9.25,10.32,NA,NA,NA,NA,NA,8,2013-08-26,"","DATE: Aug-26<br><b>Minimum temperature</b><br>10-90 percentile<br>5.9 to 10.3 °C","Historical daily maximum<br>14.1 °C<br>2013-08-26","DATE: Aug-26</b><br>Normal: 8.4 °C<br>Period: 1991-2020","3036682","VAUXHALL+CDA+CS",1994,2026
"08-26","VPD",2001-08-26,2.42875504272215,0.635675353265562,4.52916443660005,0.979910885861581,1.1955072959958,1.61739181969384,2.9022363866036,3.3939287797904,NA,NA,NA,NA,NA,8,2010-08-26,"","DATE: Aug-26<br><b>Vapour pressure deficit</b><br>10-90 percentile<br>1.2 to 3.4 kPa","Historical daily maximum<br>4.5 kPa<br>2010-08-26","DATE: Aug-26</b><br>Normal: 2.4 kPa<br>Period: 1991-2020","3036682","VAUXHALL+CDA+CS",1994,2026
"08-27","TMAX",2001-08-27,26.5222222222222,11.4,35.5,5.72842664218298,20.56,22.95,30.9,32.94,NA,NA,NA,NA,NA,8,1996-08-27,"","DATE: Aug-27<br><b>Maximum temperature</b><br>10-90 percentile<br>20.6 to 32.9 °C","Historical daily maximum<br>35.5 °C<br>1996-08-27","DATE: Aug-27</b><br>Normal: 26.5 °C<br>Period: 1991-2020","3036682","VAUXHALL+CDA+CS",1994,2026
"08-27","TMIN",2001-08-27,8.05555555555556,3.5,12.5,2.15430398064564,5.38,6.9,9.2,10.8,NA,NA,NA,NA,NA,8,2002-08-27,"","DATE: Aug-27<br><b>Minimum temperature</b><br>10-90 percentile<br>5.4 to 10.8 °C","Historical daily maximum<br>12.5 °C<br>2002-08-27","DATE: Aug-27</b><br>Normal: 8.1 °C<br>Period: 1991-2020","3036682","VAUXHALL+CDA+CS",1994,2026
"08-27","VPD",2001-08-27,2.53803606655349,0.562946878498539,4.72169672754501,1.07576908726411,1.30797076011896,1.68542044858396,3.25515563869975,3.98031403403496,NA,NA,NA,NA,NA,8,1996-08-27,"","DATE: Aug-27<br><b>Vapour pressure deficit</b><br>10-90 percentile<br>1.3 to 4.0 kPa","Historical daily maximum<br>4.7 kPa<br>1996-08-27","DATE: Aug-27</b><br>Normal: 2.5 kPa<br>Period: 1991-2020","3036682","VAUXHALL+CDA+CS",1994,2026
"08-28","TMAX",2001-08-28,26.1037037037037,16.3,34.3,4.95087261006983,19.96,22.35,29.45,32.24,NA,NA,NA,NA,NA,8,2012-08-28,"","DATE: Aug-28<br><b>Maximum temperature</b><br>10-90 percentile<br>20.0 to 32.2 °C","Historical daily maximum<br>34.3 °C<br>2012-08-28","DATE: Aug-28</b><br>Normal: 26.1 °C<br>Period: 1991-2020","3036682","VAUXHALL+CDA+CS",1994,2026
"08-28","TMIN",2001-08-28,8.11111111111111,2.4,12.4,2.73373980717502,4.22,6.8,9.95,11.08,NA,NA,NA,NA,NA,8,1997-08-28,"","DATE: Aug-28<br><b>Minimum temperature</b><br>10-90 percentile<br>4.2 to 11.1 °C","Historical daily maximum<br>12.4 °C<br>1997-08-28","DATE: Aug-28</b><br>Normal: 8.1 °C<br>Period: 1991-2020","3036682","VAUXHALL+CDA+CS",1994,2026
"08-28","VPD",2001-08-28,2.40592029370684,0.728423153893132,4.18899956754957,0.926501401979392,1.339096029531,1.68027853061592,3.02649851168996,3.54638119812841,NA,NA,NA,NA,NA,8,2012-08-28,"","DATE: Aug-28<br><b>Vapour pressure deficit</b><br>10-90 percentile<br>1.3 to 3.5 kPa","Historical daily maximum<br>4.2 kPa<br>2012-08-28","DATE: Aug-28</b><br>Normal: 2.4 kPa<br>Period: 1991-2020","3036682","VAUXHALL+CDA+CS",1994,2026
"08-29","TMAX",2001-08-29,26.8259259259259,11.6,33.4,4.96097017439382,22.9,23.9,30.85,32.32,NA,NA,NA,NA,NA,8,1996-08-29,"","DATE: Aug-29<br><b>Maximum temperature</b><br>10-90 percentile<br>22.9 to 32.3 °C","Historical daily maximum<br>33.4 °C<br>1996-08-29","DATE: Aug-29</b><br>Normal: 26.8 °C<br>Period: 1991-2020","3036682","VAUXHALL+CDA+CS",1994,2026
"08-29","TMIN",2001-08-29,8.73703703703704,2.5,15.9,2.66864243046018,6.06,7.15,10.15,11.72,NA,NA,NA,NA,NA,8,1999-08-29,"","DATE: Aug-29<br><b>Minimum temperature</b><br>10-90 percentile<br>6.1 to 11.7 °C","Historical daily maximum<br>15.9 °C<br>1999-08-29","DATE: Aug-29</b><br>Normal: 8.7 °C<br>Period: 1991-2020","3036682","VAUXHALL+CDA+CS",1994,2026
"08-29","VPD",2001-08-29,2.50345311686669,0.384589306674078,3.92029490471781,0.868206520475886,1.65515527497929,1.91509179510737,3.12480790489875,3.62983220502345,NA,NA,NA,NA,NA,8,1998-08-29,"","DATE: Aug-29<br><b>Vapour pressure deficit</b><br>10-90 percentile<br>1.7 to 3.6 kPa","Historical daily maximum<br>3.9 kPa<br>1998-08-29","DATE: Aug-29</b><br>Normal: 2.5 kPa<br>Period: 1991-2020","3036682","VAUXHALL+CDA+CS",1994,2026
"08-30","TMAX",2001-08-30,24.6481481481481,11,35.1,5.58875040184575,18.76,22.1,28.1,32.12,NA,NA,NA,NA,NA,8,2017-08-30,"","DATE: Aug-30<br><b>Maximum temperature</b><br>10-90 percentile<br>18.8 to 32.1 °C","Historical daily maximum<br>35.1 °C<br>2017-08-30","DATE: Aug-30</b><br>Normal: 24.6 °C<br>Period: 1991-2020","3036682","VAUXHALL+CDA+CS",1994,2026
"08-30","TMIN",2001-08-30,8.46296296296296,2.6,12.2,2.7640756068013,4.66,6.7,10.5,11.62,NA,NA,NA,NA,NA,8,2004-08-30,"","DATE: Aug-30<br><b>Minimum temperature</b><br>10-90 percentile<br>4.7 to 11.6 °C","Historical daily maximum<br>12.2 °C<br>2004-08-30","DATE: Aug-30</b><br>Normal: 8.5 °C<br>Period: 1991-2020","3036682","VAUXHALL+CDA+CS",1994,2026
"08-30","VPD",2001-08-30,2.12365432811997,0.2900293640384,4.34981899523857,1.01888870281491,1.1146212660979,1.42368428924142,2.77902221765377,3.62501702275286,NA,NA,NA,NA,NA,8,2017-08-30,"","DATE: Aug-30<br><b>Vapour pressure deficit</b><br>10-90 percentile<br>1.1 to 3.6 kPa","Historical daily maximum<br>4.3 kPa<br>2017-08-30","DATE: Aug-30</b><br>Normal: 2.1 kPa<br>Period: 1991-2020","3036682","VAUXHALL+CDA+CS",1994,2026
"08-31","TMAX",2001-08-31,24.2740740740741,10.7,32.3,5.76158315533504,18,20.65,29.75,31.94,NA,NA,NA,NA,NA,8,2022-08-31,"","DATE: Aug-31<br><b>Maximum temperature</b><br>10-90 percentile<br>18.0 to 31.9 °C","Historical daily maximum<br>32.3 °C<br>2022-08-31","DATE: Aug-31</b><br>Normal: 24.3 °C<br>Period: 1991-2020","3036682","VAUXHALL+CDA+CS",1994,2026
"08-31","TMIN",2001-08-31,7.81111111111111,-0.1,14.6,3.54892544228134,3.46,6,10.6,12.58,NA,NA,NA,NA,NA,8,2016-08-31,"","DATE: Aug-31<br><b>Minimum temperature</b><br>10-90 percentile<br>3.5 to 12.6 °C","Historical daily maximum<br>14.6 °C<br>2016-08-31","DATE: Aug-31</b><br>Normal: 7.8 °C<br>Period: 1991-2020","3036682","VAUXHALL+CDA+CS",1994,2026
"08-31","VPD",2001-08-31,2.09619073330283,0.332055007564429,3.65520367449288,0.945703529357802,1.03612628577112,1.54872936992563,2.92253744323914,3.39712538403194,NA,NA,NA,NA,NA,8,2022-08-31,"","DATE: Aug-31<br><b>Vapour pressure deficit</b><br>10-90 percentile<br>1.0 to 3.4 kPa","Historical daily maximum<br>3.7 kPa<br>2022-08-31","DATE: Aug-31</b><br>Normal: 2.1 kPa<br>Period: 1991-2020","3036682","VAUXHALL+CDA+CS",1994,2026
"09-01","TMAX",2001-09-01,24.0111111111111,9.8,34.3,5.02657042688255,18.8,21.5,26.35,29.94,NA,NA,NA,NA,NA,9,1998-09-01,"","DATE: Sep-01<br><b>Maximum temperature</b><br>10-90 percentile<br>18.8 to 29.9 °C","Historical daily maximum<br>34.3 °C<br>1998-09-01","DATE: Sep-01</b><br>Normal: 24.0 °C<br>Period: 1991-2020","3036682","VAUXHALL+CDA+CS",1994,2026
"09-01","TMIN",2001-09-01,8.27037037037037,3,14.6,3.20969862170348,4.24,5.75,10.9,12.1,NA,NA,NA,NA,NA,9,2001-09-01,"","DATE: Sep-01<br><b>Minimum temperature</b><br>10-90 percentile<br>4.2 to 12.1 °C","Historical daily maximum<br>14.6 °C<br>2001-09-01","DATE: Sep-01</b><br>Normal: 8.3 °C<br>Period: 1991-2020","3036682","VAUXHALL+CDA+CS",1994,2026
"09-01","VPD",2001-09-01,1.98271145532303,0.357390660669108,4.25291841433829,0.832106595135724,1.08687531925122,1.47737097192904,2.28240729647993,2.89642401990023,NA,NA,NA,NA,NA,9,1998-09-01,"","DATE: Sep-01<br><b>Vapour pressure deficit</b><br>10-90 percentile<br>1.1 to 2.9 kPa","Historical daily maximum<br>4.3 kPa<br>1998-09-01","DATE: Sep-01</b><br>Normal: 2.0 kPa<br>Period: 1991-2020","3036682","VAUXHALL+CDA+CS",1994,2026
"09-02","TMAX",2001-09-02,25.3111111111111,15,36.5,5.54709441151459,18.96,22.1,28.1,33,NA,NA,NA,NA,NA,9,1998-09-02,"","DATE: Sep-02<br><b>Maximum temperature</b><br>10-90 percentile<br>19.0 to 33.0 °C","Historical daily maximum<br>36.5 °C<br>1998-09-02","DATE: Sep-02</b><br>Normal: 25.3 °C<br>Period: 1991-2020","3036682","VAUXHALL+CDA+CS",1994,2026
"09-02","TMIN",2001-09-02,7.31851851851852,0.8,11.7,2.87282185544203,3.2,6,9.55,10.62,NA,NA,NA,NA,NA,9,2009-09-02,"","DATE: Sep-02<br><b>Minimum temperature</b><br>10-90 percentile<br>3.2 to 10.6 °C","Historical daily maximum<br>11.7 °C<br>2009-09-02","DATE: Sep-02</b><br>Normal: 7.3 °C<br>Period: 1991-2020","3036682","VAUXHALL+CDA+CS",1994,2026
"09-02","VPD",2001-09-02,2.33856936558686,0.392632093009944,4.83621328781112,1.09641862576586,1.35125318909427,1.60943757565309,2.85005252675175,3.7375526058151,NA,NA,NA,NA,NA,9,1998-09-02,"","DATE: Sep-02<br><b>Vapour pressure deficit</b><br>10-90 percentile<br>1.4 to 3.7 kPa","Historical daily maximum<br>4.8 kPa<br>1998-09-02","DATE: Sep-02</b><br>Normal: 2.3 kPa<br>Period: 1991-2020","3036682","VAUXHALL+CDA+CS",1994,2026
"09-03","TMAX",2001-09-03,24.5148148148148,11.7,34.2,6.09354663076525,16.6,18.9,29.45,30.82,NA,NA,NA,NA,NA,9,2022-09-03,"","DATE: Sep-03<br><b>Maximum temperature</b><br>10-90 percentile<br>16.6 to 30.8 °C","Historical daily maximum<br>34.2 °C<br>2022-09-03","DATE: Sep-03</b><br>Normal: 24.5 °C<br>Period: 1991-2020","3036682","VAUXHALL+CDA+CS",1994,2026
"09-03","TMIN",2001-09-03,7.84074074074074,2.9,16.4,3.35390234930312,3.78,5.95,9.95,11.18,NA,NA,NA,NA,NA,9,1997-09-03,"","DATE: Sep-03<br><b>Minimum temperature</b><br>10-90 percentile<br>3.8 to 11.2 °C","Historical daily maximum<br>16.4 °C<br>1997-09-03","DATE: Sep-03</b><br>Normal: 7.8 °C<br>Period: 1991-2020","3036682","VAUXHALL+CDA+CS",1994,2026
"09-03","VPD",2001-09-03,2.15901622007406,0.280172382959538,4.17528736163893,1.01645853518133,0.896244844758064,1.25243542025338,2.82115184044794,3.45457862456323,NA,NA,NA,NA,NA,9,2022-09-03,"","DATE: Sep-03<br><b>Vapour pressure deficit</b><br>10-90 percentile<br>0.9 to 3.5 kPa","Historical daily maximum<br>4.2 kPa<br>2022-09-03","DATE: Sep-03</b><br>Normal: 2.2 kPa<br>Period: 1991-2020","3036682","VAUXHALL+CDA+CS",1994,2026
"09-04","TMAX",2001-09-04,23.2074074074074,12.2,34.2,6.42805903986133,14.68,18.2,28.95,31.16,NA,NA,NA,NA,NA,9,2003-09-04,"","DATE: Sep-04<br><b>Maximum temperature</b><br>10-90 percentile<br>14.7 to 31.2 °C","Historical daily maximum<br>34.2 °C<br>2003-09-04","DATE: Sep-04</b><br>Normal: 23.2 °C<br>Period: 1991-2020","3036682","VAUXHALL+CDA+CS",1994,2026
"09-04","TMIN",2001-09-04,7.25925925925926,3.1,12,2.73302583219226,3.66,5.15,9.65,10.86,NA,NA,NA,NA,NA,9,2022-09-04,"","DATE: Sep-04<br><b>Minimum temperature</b><br>10-90 percentile<br>3.7 to 10.9 °C","Historical daily maximum<br>12.0 °C<br>2022-09-04","DATE: Sep-04</b><br>Normal: 7.3 °C<br>Period: 1991-2020","3036682","VAUXHALL+CDA+CS",1994,2026
"09-04","VPD",2001-09-04,1.99023315377285,0.333698763806385,4.05731571368725,1.07809537331008,0.669204989609932,1.20684398530696,2.95339382246498,3.55144554822943,NA,NA,NA,NA,NA,9,2003-09-04,"","DATE: Sep-04<br><b>Vapour pressure deficit</b><br>10-90 percentile<br>0.7 to 3.6 kPa","Historical daily maximum<br>4.1 kPa<br>2003-09-04","DATE: Sep-04</b><br>Normal: 2.0 kPa<br>Period: 1991-2020","3036682","VAUXHALL+CDA+CS",1994,2026
"09-05","TMAX",2001-09-05,22.8296296296296,8.9,33.9,6.48618738402051,15.38,18.3,27.15,31.38,NA,NA,NA,NA,NA,9,2003-09-05,"","DATE: Sep-05<br><b>Maximum temperature</b><br>10-90 percentile<br>15.4 to 31.4 °C","Historical daily maximum<br>33.9 °C<br>2003-09-05","DATE: Sep-05</b><br>Normal: 22.8 °C<br>Period: 1991-2020","3036682","VAUXHALL+CDA+CS",1994,2026
"09-05","TMIN",2001-09-05,6.38518518518519,1.2,13.8,2.81502885675928,3.64,4.85,8.35,9.1,NA,NA,NA,NA,NA,9,1995-09-05,"","DATE: Sep-05<br><b>Minimum temperature</b><br>10-90 percentile<br>3.6 to 9.1 °C","Historical daily maximum<br>13.8 °C<br>1995-09-05","DATE: Sep-05</b><br>Normal: 6.4 °C<br>Period: 1991-2020","3036682","VAUXHALL+CDA+CS",1994,2026
"09-05","VPD",2001-09-05,1.98418060796673,0.243358307945607,4.20224514704502,1.13311265028041,0.417884295913903,1.16443963898374,2.6963776830724,3.52008706313149,NA,NA,NA,NA,NA,9,2003-09-05,"","DATE: Sep-05<br><b>Vapour pressure deficit</b><br>10-90 percentile<br>0.4 to 3.5 kPa","Historical daily maximum<br>4.2 kPa<br>2003-09-05","DATE: Sep-05</b><br>Normal: 2.0 kPa<br>Period: 1991-2020","3036682","VAUXHALL+CDA+CS",1994,2026
"09-06","TMAX",2001-09-06,22.8407407407407,14,32.1,5.44873021617523,16.24,18.9,27.1,30.76,NA,NA,NA,NA,NA,9,2024-09-06,"","DATE: Sep-06<br><b>Maximum temperature</b><br>10-90 percentile<br>16.2 to 30.8 °C","Historical daily maximum<br>32.1 °C<br>2024-09-06","DATE: Sep-06</b><br>Normal: 22.8 °C<br>Period: 1991-2020","3036682","VAUXHALL+CDA+CS",1994,2026
"09-06","TMIN",2001-09-06,6.45925925925926,1.4,15.6,3.38847132077843,2.62,3.7,8.1,10.18,NA,NA,NA,NA,NA,9,2013-09-06,"","DATE: Sep-06<br><b>Minimum temperature</b><br>10-90 percentile<br>2.6 to 10.2 °C","Historical daily maximum<br>15.6 °C<br>2013-09-06","DATE: Sep-06</b><br>Normal: 6.5 °C<br>Period: 1991-2020","3036682","VAUXHALL+CDA+CS",1994,2026
"09-06","VPD",2001-09-06,1.92451226477601,0.471545900321544,3.77983595592069,1.0170596104648,0.705920246967676,1.19715292725667,2.58797904972459,3.5431859816814,NA,NA,NA,NA,NA,9,2024-09-06,"","DATE: Sep-06<br><b>Vapour pressure deficit</b><br>10-90 percentile<br>0.7 to 3.5 kPa","Historical daily maximum<br>3.8 kPa<br>2024-09-06","DATE: Sep-06</b><br>Normal: 1.9 kPa<br>Period: 1991-2020","3036682","VAUXHALL+CDA+CS",1994,2026
"09-07","TMAX",2001-09-07,22.9,12.2,35.7,6.41116814029058,15.48,17.75,27.75,31.82,NA,NA,NA,NA,NA,9,1998-09-07,"","DATE: Sep-07<br><b>Maximum temperature</b><br>10-90 percentile<br>15.5 to 31.8 °C","Historical daily maximum<br>35.7 °C<br>1998-09-07","DATE: Sep-07</b><br>Normal: 22.9 °C<br>Period: 1991-2020","3036682","VAUXHALL+CDA+CS",1994,2026
"09-07","TMIN",2001-09-07,6.32222222222222,0.4,14.1,2.96224100891062,3.18,4.6,8.15,9.86,NA,NA,NA,NA,NA,9,2013-09-07,"","DATE: Sep-07<br><b>Minimum temperature</b><br>10-90 percentile<br>3.2 to 9.9 °C","Historical daily maximum<br>14.1 °C<br>2013-09-07","DATE: Sep-07</b><br>Normal: 6.3 °C<br>Period: 1991-2020","3036682","VAUXHALL+CDA+CS",1994,2026
"09-07","VPD",2001-09-07,2.00227718651893,0.636087128318627,4.7340501921917,1.15698119702798,0.707328183675559,1.02602735449475,2.9038577752347,3.59121795502118,NA,NA,NA,NA,NA,9,1998-09-07,"","DATE: Sep-07<br><b>Vapour pressure deficit</b><br>10-90 percentile<br>0.7 to 3.6 kPa","Historical daily maximum<br>4.7 kPa<br>1998-09-07","DATE: Sep-07</b><br>Normal: 2.0 kPa<br>Period: 1991-2020","3036682","VAUXHALL+CDA+CS",1994,2026
"09-08","TMAX",2001-09-08,23.1962962962963,13.9,33.9,5.19981371570777,17.18,19.4,27.35,30.46,NA,NA,NA,NA,NA,9,2017-09-08,"","DATE: Sep-08<br><b>Maximum temperature</b><br>10-90 percentile<br>17.2 to 30.5 °C","Historical daily maximum<br>33.9 °C<br>2017-09-08","DATE: Sep-08</b><br>Normal: 23.2 °C<br>Period: 1991-2020","3036682","VAUXHALL+CDA+CS",1994,2026
"09-08","TMIN",2001-09-08,5.98888888888889,-0.2,13.5,3.92382597172839,0.46,3.2,8.7,10.5,NA,NA,NA,NA,NA,9,1998-09-08,"","DATE: Sep-08<br><b>Minimum temperature</b><br>10-90 percentile<br>0.5 to 10.5 °C","Historical daily maximum<br>13.5 °C<br>1998-09-08","DATE: Sep-08</b><br>Normal: 6.0 °C<br>Period: 1991-2020","3036682","VAUXHALL+CDA+CS",1994,2026
"09-08","VPD",2001-09-08,2.00079375003912,0.782070536588117,4.06175198488284,0.922904212367912,0.918722239774737,1.40050241903146,2.44040068000609,3.29344578366049,NA,NA,NA,NA,NA,9,2017-09-08,"","DATE: Sep-08<br><b>Vapour pressure deficit</b><br>10-90 percentile<br>0.9 to 3.3 kPa","Historical daily maximum<br>4.1 kPa<br>2017-09-08","DATE: Sep-08</b><br>Normal: 2.0 kPa<br>Period: 1991-2020","3036682","VAUXHALL+CDA+CS",1994,2026
"09-09","TMAX",2001-09-09,21.4222222222222,6.2,32.8,6.50723463263025,13.16,18.15,25.75,29.58,NA,NA,NA,NA,NA,9,2017-09-09,"","DATE: Sep-09<br><b>Maximum temperature</b><br>10-90 percentile<br>13.2 to 29.6 °C","Historical daily maximum<br>32.8 °C<br>2017-09-09","DATE: Sep-09</b><br>Normal: 21.4 °C<br>Period: 1991-2020","3036682","VAUXHALL+CDA+CS",1994,2026
"09-09","TMIN",2001-09-09,6.12962962962963,0.4,11.5,2.90408396980936,2.64,4.1,8.55,9.48,NA,NA,NA,NA,NA,9,2018-09-09,"","DATE: Sep-09<br><b>Minimum temperature</b><br>10-90 percentile<br>2.6 to 9.5 °C","Historical daily maximum<br>11.5 °C<br>2018-09-09","DATE: Sep-09</b><br>Normal: 6.1 °C<br>Period: 1991-2020","3036682","VAUXHALL+CDA+CS",1994,2026
"09-09","VPD",2001-09-09,1.7607857383672,0.245281699886731,3.84135121221132,1.01248058975486,0.467951848861288,1.15116571463538,2.35364519201454,3.08060216032209,NA,NA,NA,NA,NA,9,2017-09-09,"","DATE: Sep-09<br><b>Vapour pressure deficit</b><br>10-90 percentile<br>0.5 to 3.1 kPa","Historical daily maximum<br>3.8 kPa<br>2017-09-09","DATE: Sep-09</b><br>Normal: 1.8 kPa<br>Period: 1991-2020","3036682","VAUXHALL+CDA+CS",1994,2026
"09-10","TMAX",2001-09-10,20.7851851851852,5.4,29.8,6.42912266437795,11.54,16.55,24.85,27.94,NA,NA,NA,NA,NA,9,1997-09-10,"","DATE: Sep-10<br><b>Maximum temperature</b><br>10-90 percentile<br>11.5 to 27.9 °C","Historical daily maximum<br>29.8 °C<br>1997-09-10","DATE: Sep-10</b><br>Normal: 20.8 °C<br>Period: 1991-2020","3036682","VAUXHALL+CDA+CS",1994,2026
"09-10","TMIN",2001-09-10,6.17037037037037,1.5,11.7,2.32971025184461,3.54,4.65,7.3,8.84,NA,NA,NA,NA,NA,9,2017-09-10,"","DATE: Sep-10<br><b>Minimum temperature</b><br>10-90 percentile<br>3.5 to 8.8 °C","Historical daily maximum<br>11.7 °C<br>2017-09-10","DATE: Sep-10</b><br>Normal: 6.2 °C<br>Period: 1991-2020","3036682","VAUXHALL+CDA+CS",1994,2026
"09-10","VPD",2001-09-10,1.65100282203782,0.195310530334474,3.2595232075236,0.884577504857564,0.334060455294144,0.935450894541634,2.19506693944531,2.71726417055705,NA,NA,NA,NA,NA,9,1997-09-10,"","DATE: Sep-10<br><b>Vapour pressure deficit</b><br>10-90 percentile<br>0.3 to 2.7 kPa","Historical daily maximum<br>3.3 kPa<br>1997-09-10","DATE: Sep-10</b><br>Normal: 1.7 kPa<br>Period: 1991-2020","3036682","VAUXHALL+CDA+CS",1994,2026
"09-11","TMAX",2001-09-11,22.5407407407407,9.9,31.8,6.62682539492439,12.26,18.3,28,30.16,NA,NA,NA,NA,NA,9,2017-09-11,"","DATE: Sep-11<br><b>Maximum temperature</b><br>10-90 percentile<br>12.3 to 30.2 °C","Historical daily maximum<br>31.8 °C<br>2017-09-11","DATE: Sep-11</b><br>Normal: 22.5 °C<br>Period: 1991-2020","3036682","VAUXHALL+CDA+CS",1994,2026
"09-11","TMIN",2001-09-11,5.1962962962963,-1.2,10.3,2.7379781256475,1.26,4.75,6.85,7.82,NA,NA,NA,NA,NA,9,1997-09-11,"","DATE: Sep-11<br><b>Minimum temperature</b><br>10-90 percentile<br>1.3 to 7.8 °C","Historical daily maximum<br>10.3 °C<br>1997-09-11","DATE: Sep-11</b><br>Normal: 5.2 °C<br>Period: 1991-2020","3036682","VAUXHALL+CDA+CS",1994,2026
"09-11","VPD",2001-09-11,2.01462920267589,0.298157882895752,3.62853211567896,1.02369702254428,0.577994907740349,1.3495937077818,2.79495567157656,3.40022095814887,NA,NA,NA,NA,NA,9,2017-09-11,"","DATE: Sep-11<br><b>Vapour pressure deficit</b><br>10-90 percentile<br>0.6 to 3.4 kPa","Historical daily maximum<br>3.6 kPa<br>2017-09-11","DATE: Sep-11</b><br>Normal: 2.0 kPa<br>Period: 1991-2020","3036682","VAUXHALL+CDA+CS",1994,2026
"09-12","TMAX",2001-09-12,21.4259259259259,11,31.3,5.53982730865201,14,18.5,26.3,28.22,NA,NA,NA,NA,NA,9,2015-09-12,"","DATE: Sep-12<br><b>Maximum temperature</b><br>10-90 percentile<br>14.0 to 28.2 °C","Historical daily maximum<br>31.3 °C<br>2015-09-12","DATE: Sep-12</b><br>Normal: 21.4 °C<br>Period: 1991-2020","3036682","VAUXHALL+CDA+CS",1994,2026
"09-12","TMIN",2001-09-12,5.44814814814815,-1.7,11.2,3.47467434781474,1.14,2.7,8,9.3,NA,NA,NA,NA,NA,9,2022-09-12,"","DATE: Sep-12<br><b>Minimum temperature</b><br>10-90 percentile<br>1.1 to 9.3 °C","Historical daily maximum<br>11.2 °C<br>2022-09-12","DATE: Sep-12</b><br>Normal: 5.4 °C<br>Period: 1991-2020","3036682","VAUXHALL+CDA+CS",1994,2026
"09-12","VPD",2001-09-12,1.7541980229892,0.495442001018474,3.53311446043094,0.786710287070669,0.887686904134119,1.08693668415058,2.27578775573448,2.81229874769963,NA,NA,NA,NA,NA,9,2015-09-12,"","DATE: Sep-12<br><b>Vapour pressure deficit</b><br>10-90 percentile<br>0.9 to 2.8 kPa","Historical daily maximum<br>3.5 kPa<br>2015-09-12","DATE: Sep-12</b><br>Normal: 1.8 kPa<br>Period: 1991-2020","3036682","VAUXHALL+CDA+CS",1994,2026
"09-13","TMAX",2001-09-13,19.6925925925926,9.2,30.9,5.13119613629939,13.74,16.15,23.45,25.6,NA,NA,NA,NA,NA,9,2013-09-13,"","DATE: Sep-13<br><b>Maximum temperature</b><br>10-90 percentile<br>13.7 to 25.6 °C","Historical daily maximum<br>30.9 °C<br>2013-09-13","DATE: Sep-13</b><br>Normal: 19.7 °C<br>Period: 1991-2020","3036682","VAUXHALL+CDA+CS",1994,2026
"09-13","TMIN",2001-09-13,5.05925925925926,-2.3,10.4,3.30201095595947,1.2,2.3,7.5,8.84,NA,NA,NA,NA,NA,9,2022-09-13,"","DATE: Sep-13<br><b>Minimum temperature</b><br>10-90 percentile<br>1.2 to 8.8 °C","Historical daily maximum<br>10.4 °C<br>2022-09-13","DATE: Sep-13</b><br>Normal: 5.1 °C<br>Period: 1991-2020","3036682","VAUXHALL+CDA+CS",1994,2026
"09-13","VPD",2001-09-13,1.49957231001398,0.456550687539767,3.4302987366226,0.747961065295979,0.567858392388901,0.989143021467634,1.75947121646585,2.59232198666844,NA,NA,NA,NA,NA,9,2013-09-13,"","DATE: Sep-13<br><b>Vapour pressure deficit</b><br>10-90 percentile<br>0.6 to 2.6 kPa","Historical daily maximum<br>3.4 kPa<br>2013-09-13","DATE: Sep-13</b><br>Normal: 1.5 kPa<br>Period: 1991-2020","3036682","VAUXHALL+CDA+CS",1994,2026
"09-14","TMAX",2001-09-14,21.0814814814815,9.6,30.1,6.3758581345233,10.02,18.85,24.95,27.08,NA,NA,NA,NA,NA,9,2012-09-14,"","DATE: Sep-14<br><b>Maximum temperature</b><br>10-90 percentile<br>10.0 to 27.1 °C","Historical daily maximum<br>30.1 °C<br>2012-09-14","DATE: Sep-14</b><br>Normal: 21.1 °C<br>Period: 1991-2020","3036682","VAUXHALL+CDA+CS",1994,2026
"09-14","TMIN",2001-09-14,5.53333333333333,-0.3,11.4,2.96245739988845,1.8,3.4,7.6,8.72,NA,NA,NA,NA,NA,9,1996-09-14,"","DATE: Sep-14<br><b>Minimum temperature</b><br>10-90 percentile<br>1.8 to 8.7 °C","Historical daily maximum<br>11.4 °C<br>1996-09-14","DATE: Sep-14</b><br>Normal: 5.5 °C<br>Period: 1991-2020","3036682","VAUXHALL+CDA+CS",1994,2026
"09-14","VPD",2001-09-14,1.729479640903,0.148746065254649,3.34522284717268,0.935528680373288,0.283606194020571,1.12400345951742,2.34497436906176,2.77220855839064,NA,NA,NA,NA,NA,9,2012-09-14,"","DATE: Sep-14<br><b>Vapour pressure deficit</b><br>10-90 percentile<br>0.3 to 2.8 kPa","Historical daily maximum<br>3.3 kPa<br>2012-09-14","DATE: Sep-14</b><br>Normal: 1.7 kPa<br>Period: 1991-2020","3036682","VAUXHALL+CDA+CS",1994,2026
"09-15","TMAX",2001-09-15,22.0111111111111,9.4,29.3,6.2937901833311,11.52,17.4,27.7,28.58,NA,NA,NA,NA,NA,9,2007-09-15,"","DATE: Sep-15<br><b>Maximum temperature</b><br>10-90 percentile<br>11.5 to 28.6 °C","Historical daily maximum<br>29.3 °C<br>2007-09-15","DATE: Sep-15</b><br>Normal: 22.0 °C<br>Period: 1991-2020","3036682","VAUXHALL+CDA+CS",1994,2026
"09-15","TMIN",2001-09-15,5.44814814814815,-0.8,12,2.72712448876247,2.22,4,7.35,8.34,NA,NA,NA,NA,NA,9,2019-09-15,"","DATE: Sep-15<br><b>Minimum temperature</b><br>10-90 percentile<br>2.2 to 8.3 °C","Historical daily maximum<br>12.0 °C<br>2019-09-15","DATE: Sep-15</b><br>Normal: 5.4 °C<br>Period: 1991-2020","3036682","VAUXHALL+CDA+CS",1994,2026
"09-15","VPD",2001-09-15,1.88864662871057,0.366193821544464,3.49950904330384,0.949290257038019,0.636889985320847,1.01392471796636,2.7264308191526,2.97099757734177,NA,NA,NA,NA,NA,9,2007-09-15,"","DATE: Sep-15<br><b>Vapour pressure deficit</b><br>10-90 percentile<br>0.6 to 3.0 kPa","Historical daily maximum<br>3.5 kPa<br>2007-09-15","DATE: Sep-15</b><br>Normal: 1.9 kPa<br>Period: 1991-2020","3036682","VAUXHALL+CDA+CS",1994,2026
"09-16","TMAX",2001-09-16,21.0481481481481,4.5,33.5,7.87832324850772,10.78,15.45,27.7,29.08,NA,NA,NA,NA,NA,9,2009-09-16,"","DATE: Sep-16<br><b>Maximum temperature</b><br>10-90 percentile<br>10.8 to 29.1 °C","Historical daily maximum<br>33.5 °C<br>2009-09-16","DATE: Sep-16</b><br>Normal: 21.0 °C<br>Period: 1991-2020","3036682","VAUXHALL+CDA+CS",1994,2026
"09-16","TMIN",2001-09-16,5.51851851851852,-0.8,14.1,3.23645544919807,2.86,3.45,7.5,9.44,NA,NA,NA,NA,NA,9,2013-09-16,"","DATE: Sep-16<br><b>Minimum temperature</b><br>10-90 percentile<br>2.9 to 9.4 °C","Historical daily maximum<br>14.1 °C<br>2013-09-16","DATE: Sep-16</b><br>Normal: 5.5 °C<br>Period: 1991-2020","3036682","VAUXHALL+CDA+CS",1994,2026
"09-16","VPD",2001-09-16,1.80863752328001,0.222581876514236,4.01711203092568,1.09551701387958,0.41185207281271,0.849351499468059,2.79027251662833,2.97959998324964,NA,NA,NA,NA,NA,9,2009-09-16,"","DATE: Sep-16<br><b>Vapour pressure deficit</b><br>10-90 percentile<br>0.4 to 3.0 kPa","Historical daily maximum<br>4.0 kPa<br>2009-09-16","DATE: Sep-16</b><br>Normal: 1.8 kPa<br>Period: 1991-2020","3036682","VAUXHALL+CDA+CS",1994,2026
"09-17","TMAX",2001-09-17,20.1296296296296,4.5,31.7,6.99768174880437,9.86,16.65,24.9,28.68,NA,NA,NA,NA,NA,9,1994-09-17,"","DATE: Sep-17<br><b>Maximum temperature</b><br>10-90 percentile<br>9.9 to 28.7 °C","Historical daily maximum<br>31.7 °C<br>1994-09-17","DATE: Sep-17</b><br>Normal: 20.1 °C<br>Period: 1991-2020","3036682","VAUXHALL+CDA+CS",1994,2026
"09-17","TMIN",2001-09-17,5.24814814814815,-2.7,10.7,3.61209191151166,0.62,3.25,7.6,9.62,NA,NA,NA,NA,NA,9,2016-09-17,"","DATE: Sep-17<br><b>Minimum temperature</b><br>10-90 percentile<br>0.6 to 9.6 °C","Historical daily maximum<br>10.7 °C<br>2016-09-17","DATE: Sep-17</b><br>Normal: 5.2 °C<br>Period: 1991-2020","3036682","VAUXHALL+CDA+CS",1994,2026
"09-17","VPD",2001-09-17,1.62610124379091,0.290772151290255,3.65207540543022,0.932278712897809,0.40417074772894,0.884821318766678,2.22073061304941,2.90464764077999,NA,NA,NA,NA,NA,9,1994-09-17,"","DATE: Sep-17<br><b>Vapour pressure deficit</b><br>10-90 percentile<br>0.4 to 2.9 kPa","Historical daily maximum<br>3.7 kPa<br>1994-09-17","DATE: Sep-17</b><br>Normal: 1.6 kPa<br>Period: 1991-2020","3036682","VAUXHALL+CDA+CS",1994,2026
"09-18","TMAX",2001-09-18,19.5296296296296,8.3,31.2,6.22815041162764,10.46,16.35,22.95,28.66,NA,NA,NA,NA,NA,9,2008-09-18,"","DATE: Sep-18<br><b>Maximum temperature</b><br>10-90 percentile<br>10.5 to 28.7 °C","Historical daily maximum<br>31.2 °C<br>2008-09-18","DATE: Sep-18</b><br>Normal: 19.5 °C<br>Period: 1991-2020","3036682","VAUXHALL+CDA+CS",1994,2026
"09-18","TMIN",2001-09-18,4.64444444444444,-3.4,10,3.39222338403288,0.3,2.9,6.85,8.74,NA,NA,NA,NA,NA,9,2014-09-18,"","DATE: Sep-18<br><b>Minimum temperature</b><br>10-90 percentile<br>0.3 to 8.7 °C","Historical daily maximum<br>10.0 °C<br>2014-09-18","DATE: Sep-18</b><br>Normal: 4.6 °C<br>Period: 1991-2020","3036682","VAUXHALL+CDA+CS",1994,2026
"09-18","VPD",2001-09-18,1.54632289062107,0.437549374274891,3.64703019674139,0.87834813944242,0.531146719720313,0.842601908144527,1.94544082383815,2.89688520991777,NA,NA,NA,NA,NA,9,2008-09-18,"","DATE: Sep-18<br><b>Vapour pressure deficit</b><br>10-90 percentile<br>0.5 to 2.9 kPa","Historical daily maximum<br>3.6 kPa<br>2008-09-18","DATE: Sep-18</b><br>Normal: 1.5 kPa<br>Period: 1991-2020","3036682","VAUXHALL+CDA+CS",1994,2026
"09-19","TMAX",2001-09-19,18.4777777777778,7.8,32.9,6.38678523523577,10.7,13.25,23.6,25.7,NA,NA,NA,NA,NA,9,2009-09-19,"","DATE: Sep-19<br><b>Maximum temperature</b><br>10-90 percentile<br>10.7 to 25.7 °C","Historical daily maximum<br>32.9 °C<br>2009-09-19","DATE: Sep-19</b><br>Normal: 18.5 °C<br>Period: 1991-2020","3036682","VAUXHALL+CDA+CS",1994,2026
"09-19","TMIN",2001-09-19,4.51481481481482,-2.7,9.2,3.10702723412883,0.16,2.75,6.95,7.58,NA,NA,NA,NA,NA,9,2024-09-19,"","DATE: Sep-19<br><b>Minimum temperature</b><br>10-90 percentile<br>0.2 to 7.6 °C","Historical daily maximum<br>9.2 °C<br>2024-09-19","DATE: Sep-19</b><br>Normal: 4.5 °C<br>Period: 1991-2020","3036682","VAUXHALL+CDA+CS",1994,2026
"09-19","VPD",2001-09-19,1.41558527919426,0.295255104466589,3.97229036707466,0.891678967988516,0.460443865053545,0.65233591358013,2.12544452449949,2.43219911456481,NA,NA,NA,NA,NA,9,2009-09-19,"","DATE: Sep-19<br><b>Vapour pressure deficit</b><br>10-90 percentile<br>0.5 to 2.4 kPa","Historical daily maximum<br>4.0 kPa<br>2009-09-19","DATE: Sep-19</b><br>Normal: 1.4 kPa<br>Period: 1991-2020","3036682","VAUXHALL+CDA+CS",1994,2026
"09-20","TMAX",2001-09-20,18.0888888888889,5.8,28.9,5.36479502320691,12.06,15.15,21.15,25.18,NA,NA,NA,NA,NA,9,1999-09-20,"","DATE: Sep-20<br><b>Maximum temperature</b><br>10-90 percentile<br>12.1 to 25.2 °C","Historical daily maximum<br>28.9 °C<br>1999-09-20","DATE: Sep-20</b><br>Normal: 18.1 °C<br>Period: 1991-2020","3036682","VAUXHALL+CDA+CS",1994,2026
"09-20","TMIN",2001-09-20,3.76296296296296,-4.1,14.1,3.34309255125667,0.8,1.5,5.35,6.34,NA,NA,NA,NA,NA,9,2015-09-20,"","DATE: Sep-20<br><b>Minimum temperature</b><br>10-90 percentile<br>0.8 to 6.3 °C","Historical daily maximum<br>14.1 °C<br>2015-09-20","DATE: Sep-20</b><br>Normal: 3.8 °C<br>Period: 1991-2020","3036682","VAUXHALL+CDA+CS",1994,2026
"09-20","VPD",2001-09-20,1.35571121628108,0.258869965132778,3.26678172133001,0.67395667494418,0.659017552649985,1.0101443161093,1.58006239702132,2.30520079483667,NA,NA,NA,NA,NA,9,1999-09-20,"","DATE: Sep-20<br><b>Vapour pressure deficit</b><br>10-90 percentile<br>0.7 to 2.3 kPa","Historical daily maximum<br>3.3 kPa<br>1999-09-20","DATE: Sep-20</b><br>Normal: 1.4 kPa<br>Period: 1991-2020","3036682","VAUXHALL+CDA+CS",1994,2026
"09-21","TMAX",2001-09-21,18.5666666666667,6,29.2,5.94836758473087,11.68,14.85,23.25,26.3,NA,NA,NA,NA,NA,9,1999-09-21,"","DATE: Sep-21<br><b>Maximum temperature</b><br>10-90 percentile<br>11.7 to 26.3 °C","Historical daily maximum<br>29.2 °C<br>1999-09-21","DATE: Sep-21</b><br>Normal: 18.6 °C<br>Period: 1991-2020","3036682","VAUXHALL+CDA+CS",1994,2026
"09-21","TMIN",2001-09-21,2.8037037037037,-5.3,7.5,3.11207097524876,-0.84,0.7,4.95,5.64,NA,NA,NA,NA,NA,9,2008-09-21,"","DATE: Sep-21<br><b>Minimum temperature</b><br>10-90 percentile<br>-0.8 to 5.6 °C","Historical daily maximum<br>7.5 °C<br>2008-09-21","DATE: Sep-21</b><br>Normal: 2.8 °C<br>Period: 1991-2020","3036682","VAUXHALL+CDA+CS",1994,2026
"09-21","VPD",2001-09-21,1.50093006362497,0.243491097353319,3.13634370893616,0.805867662115774,0.564175110600823,0.824606871829804,1.9959717585302,2.64450637989957,NA,NA,NA,NA,NA,9,1999-09-21,"","DATE: Sep-21<br><b>Vapour pressure deficit</b><br>10-90 percentile<br>0.6 to 2.6 kPa","Historical daily maximum<br>3.1 kPa<br>1999-09-21","DATE: Sep-21</b><br>Normal: 1.5 kPa<br>Period: 1991-2020","3036682","VAUXHALL+CDA+CS",1994,2026
"09-22","TMAX",2001-09-22,18.5307692307692,1.4,29.8,8.10677589332624,8.55,11.725,24.55,28.25,NA,NA,NA,NA,NA,9,2014-09-22,"","DATE: Sep-22<br><b>Maximum temperature</b><br>10-90 percentile<br>8.6 to 28.2 °C","Historical daily maximum<br>29.8 °C<br>2014-09-22","DATE: Sep-22</b><br>Normal: 18.5 °C<br>Period: 1991-2020","3036682","VAUXHALL+CDA+CS",1994,2026
"09-22","TMIN",2001-09-22,4.50769230769231,-2.8,13.8,3.31021728313089,1.1,2.7,5.875,8.1,NA,NA,NA,NA,NA,9,2011-09-22,"","DATE: Sep-22<br><b>Minimum temperature</b><br>10-90 percentile<br>1.1 to 8.1 °C","Historical daily maximum<br>13.8 °C<br>2011-09-22","DATE: Sep-22</b><br>Normal: 4.5 °C<br>Period: 1991-2020","3036682","VAUXHALL+CDA+CS",1994,2026
"09-22","VPD",2001-09-22,1.49706119807853,0.17892459178434,3.30388474223397,0.996447815574882,0.358115956435788,0.621100952317281,2.23759520091797,2.8253497217799,NA,NA,NA,NA,NA,9,2014-09-22,"","DATE: Sep-22<br><b>Vapour pressure deficit</b><br>10-90 percentile<br>0.4 to 2.8 kPa","Historical daily maximum<br>3.3 kPa<br>2014-09-22","DATE: Sep-22</b><br>Normal: 1.5 kPa<br>Period: 1991-2020","3036682","VAUXHALL+CDA+CS",1994,2026
"09-23","TMAX",2001-09-23,20.5074074074074,8.9,34.4,7.5503910202323,11.6,14,24.85,30.68,NA,NA,NA,NA,NA,9,2009-09-23,"","DATE: Sep-23<br><b>Maximum temperature</b><br>10-90 percentile<br>11.6 to 30.7 °C","Historical daily maximum<br>34.4 °C<br>2009-09-23","DATE: Sep-23</b><br>Normal: 20.5 °C<br>Period: 1991-2020","3036682","VAUXHALL+CDA+CS",1994,2026
"09-23","TMIN",2001-09-23,4.12592592592593,-4.1,17.5,5.00919098278298,-0.52,-0.1,7.85,9.86,NA,NA,NA,NA,NA,9,2011-09-23,"","DATE: Sep-23<br><b>Minimum temperature</b><br>10-90 percentile<br>-0.5 to 9.9 °C","Historical daily maximum<br>17.5 °C<br>2011-09-23","DATE: Sep-23</b><br>Normal: 4.1 °C<br>Period: 1991-2020","3036682","VAUXHALL+CDA+CS",1994,2026
"09-23","VPD",2001-09-23,1.77398557437828,0.366275045525968,4.4020992102782,1.06616861909574,0.746636906092922,0.86213154097634,2.29766260513651,3.29536404563709,NA,NA,NA,NA,NA,9,2009-09-23,"","DATE: Sep-23<br><b>Vapour pressure deficit</b><br>10-90 percentile<br>0.7 to 3.3 kPa","Historical daily maximum<br>4.4 kPa<br>2009-09-23","DATE: Sep-23</b><br>Normal: 1.8 kPa<br>Period: 1991-2020","3036682","VAUXHALL+CDA+CS",1994,2026
"09-24","TMAX",2001-09-24,21.637037037037,10.3,34.5,6.58507333924163,14.54,16.45,26,31.74,22.6,"VAUXHALL CDA CS (ECCC AES 3036682; station_id 10889)","3036682",10889,"VAUXHALL CDA CS",9,2001-09-24,"DATE: Sep-24<br>Value: 22.6 °C<br>Anomaly: +1.0 °C<br>Weather station: VAUXHALL CDA CS (ECCC AES 3036682; station_id 10889)","DATE: Sep-24<br><b>Maximum temperature</b><br>10-90 percentile<br>14.5 to 31.7 °C","Historical daily maximum<br>34.5 °C<br>2001-09-24","DATE: Sep-24</b><br>Normal: 21.6 °C<br>Period: 1991-2020","3036682","VAUXHALL+CDA+CS",1994,2026
"09-24","TMIN",2001-09-24,3.59259259259259,-3.8,10,4.51347775905471,-2.72,-1.4,7,9.24,2.6,"VAUXHALL CDA CS (ECCC AES 3036682; station_id 10889)","3036682",10889,"VAUXHALL CDA CS",9,2014-09-24,"DATE: Sep-24<br>Value: 2.6 °C<br>Anomaly: -1.0 °C<br>Weather station: VAUXHALL CDA CS (ECCC AES 3036682; station_id 10889)","DATE: Sep-24<br><b>Minimum temperature</b><br>10-90 percentile<br>-2.7 to 9.2 °C","Historical daily maximum<br>10.0 °C<br>2014-09-24","DATE: Sep-24</b><br>Normal: 3.6 °C<br>Period: 1991-2020","3036682","VAUXHALL+CDA+CS",1994,2026
"09-24","VPD",2001-09-24,1.94709155978876,0.355898373591148,4.49447444602939,1.05368608500194,1.00722534581113,1.16696839283723,2.63285344748144,3.46470608787717,2.00565846020674,"VAUXHALL CDA CS (ECCC AES 3036682; station_id 10889)","3036682",10889,"VAUXHALL CDA CS",9,2001-09-24,"DATE: Sep-24<br>Value: 2.0 kPa<br>Anomaly: +0.1 kPa<br>Weather station: VAUXHALL CDA CS (ECCC AES 3036682; station_id 10889)","DATE: Sep-24<br><b>Vapour pressure deficit</b><br>10-90 percentile<br>1.0 to 3.5 kPa","Historical daily maximum<br>4.5 kPa<br>2001-09-24","DATE: Sep-24</b><br>Normal: 1.9 kPa<br>Period: 1991-2020","3036682","VAUXHALL+CDA+CS",1994,2026
"09-25","TMAX",2001-09-25,22.5777777777778,12.1,34.4,6.2484049246639,14.16,19.15,26.5,31.06,29.3,"VAUXHALL CDA CS (ECCC AES 3036682; station_id 10889)","3036682",10889,"VAUXHALL CDA CS",9,2011-09-25,"DATE: Sep-25<br>Value: 29.3 °C<br>Anomaly: +6.7 °C<br>Weather station: VAUXHALL CDA CS (ECCC AES 3036682; station_id 10889)","DATE: Sep-25<br><b>Maximum temperature</b><br>10-90 percentile<br>14.2 to 31.1 °C","Historical daily maximum<br>34.4 °C<br>2011-09-25","DATE: Sep-25</b><br>Normal: 22.6 °C<br>Period: 1991-2020","3036682","VAUXHALL+CDA+CS",1994,2026
"09-25","TMIN",2001-09-25,4.25185185185185,-1.3,10.1,3.38394062167972,0.04,1.2,7.1,8.8,NA,NA,NA,NA,NA,9,2024-09-25,"","DATE: Sep-25<br><b>Minimum temperature</b><br>10-90 percentile<br>0.0 to 8.8 °C","Historical daily maximum<br>10.1 °C<br>2024-09-25","DATE: Sep-25</b><br>Normal: 4.3 °C<br>Period: 1991-2020","3036682","VAUXHALL+CDA+CS",1994,2026
"09-25","VPD",2001-09-25,2.06117295906388,0.27919835134071,4.29081865994617,1.05413506183458,0.865486100337303,1.4258634524499,2.61218169122595,3.50212373884197,NA,NA,NA,NA,NA,9,2011-09-25,"","DATE: Sep-25<br><b>Vapour pressure deficit</b><br>10-90 percentile<br>0.9 to 3.5 kPa","Historical daily maximum<br>4.3 kPa<br>2011-09-25","DATE: Sep-25</b><br>Normal: 2.1 kPa<br>Period: 1991-2020","3036682","VAUXHALL+CDA+CS",1994,2026
"09-26","TMAX",2001-09-26,19.8666666666667,9.1,27,4.65394786919995,14.08,17.2,23.4,25.88,18.1,"VAUXHALL CDA CS (ECCC AES 3036682; station_id 10889)","3036682",10889,"VAUXHALL CDA CS",9,2021-09-26,"DATE: Sep-26<br>Value: 18.1 °C<br>Anomaly: -1.8 °C<br>Weather station: VAUXHALL CDA CS (ECCC AES 3036682; station_id 10889)","DATE: Sep-26<br><b>Maximum temperature</b><br>10-90 percentile<br>14.1 to 25.9 °C","Historical daily maximum<br>27.0 °C<br>2021-09-26","DATE: Sep-26</b><br>Normal: 19.9 °C<br>Period: 1991-2020","3036682","VAUXHALL+CDA+CS",1994,2026
"09-26","TMIN",2001-09-26,4.84074074074074,-3.6,12.8,3.65926214286425,0.68,2.4,6.8,9.08,3.8,"VAUXHALL CDA CS (ECCC AES 3036682; station_id 10889)","3036682",10889,"VAUXHALL CDA CS",9,2011-09-26,"DATE: Sep-26<br>Value: 3.8 °C<br>Anomaly: -1.0 °C<br>Weather station: VAUXHALL CDA CS (ECCC AES 3036682; station_id 10889)","DATE: Sep-26<br><b>Minimum temperature</b><br>10-90 percentile<br>0.7 to 9.1 °C","Historical daily maximum<br>12.8 °C<br>2011-09-26","DATE: Sep-26</b><br>Normal: 4.8 °C<br>Period: 1991-2020","3036682","VAUXHALL+CDA+CS",1994,2026
"09-26","VPD",2001-09-26,1.51192364616941,0.687713960430775,2.7155334762137,0.608574619732991,0.753493311655268,1.06824011991108,1.88812002983285,2.39492346839164,1.27511883951332,"VAUXHALL CDA CS (ECCC AES 3036682; station_id 10889)","3036682",10889,"VAUXHALL CDA CS",9,2021-09-26,"DATE: Sep-26<br>Value: 1.3 kPa<br>Anomaly: -0.2 kPa<br>Weather station: VAUXHALL CDA CS (ECCC AES 3036682; station_id 10889)","DATE: Sep-26<br><b>Vapour pressure deficit</b><br>10-90 percentile<br>0.8 to 2.4 kPa","Historical daily maximum<br>2.7 kPa<br>2021-09-26","DATE: Sep-26</b><br>Normal: 1.5 kPa<br>Period: 1991-2020","3036682","VAUXHALL+CDA+CS",1994,2026
"09-27","TMAX",2001-09-27,19.2518518518519,8,27.8,5.99142787465626,10.3,15.75,23.85,25.7,15.8,"VAUXHALL CDA CS (ECCC AES 3036682; station_id 10889)","3036682",10889,"VAUXHALL CDA CS",9,2022-09-27,"DATE: Sep-27<br>Value: 15.8 °C<br>Anomaly: -3.5 °C<br>Weather station: VAUXHALL CDA CS (ECCC AES 3036682; station_id 10889)","DATE: Sep-27<br><b>Maximum temperature</b><br>10-90 percentile<br>10.3 to 25.7 °C","Historical daily maximum<br>27.8 °C<br>2022-09-27","DATE: Sep-27</b><br>Normal: 19.3 °C<br>Period: 1991-2020","3036682","VAUXHALL+CDA+CS",1994,2026
"09-27","TMIN",2001-09-27,2.60740740740741,-1.3,9.8,3.12962592086633,-0.8,0.15,4.5,6.48,-1,"VAUXHALL CDA CS (ECCC AES 3036682; station_id 10889)","3036682",10889,"VAUXHALL CDA CS",9,1997-09-27,"DATE: Sep-27<br>Value: -1.0 °C<br>Anomaly: -3.6 °C<br>Weather station: VAUXHALL CDA CS (ECCC AES 3036682; station_id 10889)","DATE: Sep-27<br><b>Minimum temperature</b><br>10-90 percentile<br>-0.8 to 6.5 °C","Historical daily maximum<br>9.8 °C<br>1997-09-27","DATE: Sep-27</b><br>Normal: 2.6 °C<br>Period: 1991-2020","3036682","VAUXHALL+CDA+CS",1994,2026
"09-27","VPD",2001-09-27,1.6054363619543,0.453020957616714,3.06988648670497,0.731898472334616,0.578246265759154,1.1448002275263,2.12829857532244,2.46170160382346,1.22743639051051,"VAUXHALL CDA CS (ECCC AES 3036682; station_id 10889)","3036682",10889,"VAUXHALL CDA CS",9,2022-09-27,"DATE: Sep-27<br>Value: 1.2 kPa<br>Anomaly: -0.4 kPa<br>Weather station: VAUXHALL CDA CS (ECCC AES 3036682; station_id 10889)","DATE: Sep-27<br><b>Vapour pressure deficit</b><br>10-90 percentile<br>0.6 to 2.5 kPa","Historical daily maximum<br>3.1 kPa<br>2022-09-27","DATE: Sep-27</b><br>Normal: 1.6 kPa<br>Period: 1991-2020","3036682","VAUXHALL+CDA+CS",1994,2026
"09-28","TMAX",2001-09-28,19.4925925925926,1.5,28.3,5.76187242041802,14.14,17,23.1,24.88,NA,NA,NA,NA,NA,9,2022-09-28,"","DATE: Sep-28<br><b>Maximum temperature</b><br>10-90 percentile<br>14.1 to 24.9 °C","Historical daily maximum<br>28.3 °C<br>2022-09-28","DATE: Sep-28</b><br>Normal: 19.5 °C<br>Period: 1991-2020","3036682","VAUXHALL+CDA+CS",1994,2026
"09-28","TMIN",2001-09-28,3.26296296296296,-5,9.4,3.75286025771812,-1.84,0.2,5.5,7.62,NA,NA,NA,NA,NA,9,1997-09-28,"","DATE: Sep-28<br><b>Minimum temperature</b><br>10-90 percentile<br>-1.8 to 7.6 °C","Historical daily maximum<br>9.4 °C<br>1997-09-28","DATE: Sep-28</b><br>Normal: 3.3 °C<br>Period: 1991-2020","3036682","VAUXHALL+CDA+CS",1994,2026
"09-28","VPD",2001-09-28,1.58351524631399,0.104646831379861,2.87040290124375,0.683169535630588,0.689547623304381,1.23518115298458,1.98729729945141,2.42273035927226,NA,NA,NA,NA,NA,9,2022-09-28,"","DATE: Sep-28<br><b>Vapour pressure deficit</b><br>10-90 percentile<br>0.7 to 2.4 kPa","Historical daily maximum<br>2.9 kPa<br>2022-09-28","DATE: Sep-28</b><br>Normal: 1.6 kPa<br>Period: 1991-2020","3036682","VAUXHALL+CDA+CS",1994,2026
"09-29","TMAX",2001-09-29,18.7925925925926,0,26.9,6.18627052592618,11.52,15.7,23.55,24.28,NA,NA,NA,NA,NA,9,2006-09-29,"","DATE: Sep-29<br><b>Maximum temperature</b><br>10-90 percentile<br>11.5 to 24.3 °C","Historical daily maximum<br>26.9 °C<br>2006-09-29","DATE: Sep-29</b><br>Normal: 18.8 °C<br>Period: 1991-2020","3036682","VAUXHALL+CDA+CS",1994,2026
"09-29","TMIN",2001-09-29,4.29259259259259,-2.2,14.7,3.77521531998517,-1.4,1.85,6.65,7.5,NA,NA,NA,NA,NA,9,2005-09-29,"","DATE: Sep-29<br><b>Minimum temperature</b><br>10-90 percentile<br>-1.4 to 7.5 °C","Historical daily maximum<br>14.7 °C<br>2005-09-29","DATE: Sep-29</b><br>Normal: 4.3 °C<br>Period: 1991-2020","3036682","VAUXHALL+CDA+CS",1994,2026
"09-29","VPD",2001-09-29,1.43710532091502,0.051328153529785,2.69026530487959,0.710196874695452,0.534347770916071,0.941711627280517,1.9387326766871,2.40052820684105,NA,NA,NA,NA,NA,9,2006-09-29,"","DATE: Sep-29<br><b>Vapour pressure deficit</b><br>10-90 percentile<br>0.5 to 2.4 kPa","Historical daily maximum<br>2.7 kPa<br>2006-09-29","DATE: Sep-29</b><br>Normal: 1.4 kPa<br>Period: 1991-2020","3036682","VAUXHALL+CDA+CS",1994,2026
"09-30","TMAX",2001-09-30,17.1962962962963,0.3,30.7,8.07281675565415,5.66,13.3,22.7,26.22,NA,NA,NA,NA,NA,9,2011-09-30,"","DATE: Sep-30<br><b>Maximum temperature</b><br>10-90 percentile<br>5.7 to 26.2 °C","Historical daily maximum<br>30.7 °C<br>2011-09-30","DATE: Sep-30</b><br>Normal: 17.2 °C<br>Period: 1991-2020","3036682","VAUXHALL+CDA+CS",1994,2026
"09-30","TMIN",2001-09-30,2.4962962962963,-10.4,12.1,4.46460278890273,-2.88,0.6,5.45,7.12,NA,NA,NA,NA,NA,9,1997-09-30,"","DATE: Sep-30<br><b>Minimum temperature</b><br>10-90 percentile<br>-2.9 to 7.1 °C","Historical daily maximum<br>12.1 °C<br>1997-09-30","DATE: Sep-30</b><br>Normal: 2.5 °C<br>Period: 1991-2020","3036682","VAUXHALL+CDA+CS",1994,2026
"09-30","VPD",2001-09-30,1.40728749936337,0.160686033867593,3.44175757669555,0.868610645217151,0.312157612063281,0.825605198388894,2.04910351956359,2.54764010382269,NA,NA,NA,NA,NA,9,2011-09-30,"","DATE: Sep-30<br><b>Vapour pressure deficit</b><br>10-90 percentile<br>0.3 to 2.5 kPa","Historical daily maximum<br>3.4 kPa<br>2011-09-30","DATE: Sep-30</b><br>Normal: 1.4 kPa<br>Period: 1991-2020","3036682","VAUXHALL+CDA+CS",1994,2026
"10-01","TMAX",2001-10-01,15.8666666666667,0,28,7.14541272964152,4.62,13.25,21.3,23.94,NA,NA,NA,NA,NA,10,2008-10-01,"","DATE: Oct-01<br><b>Maximum temperature</b><br>10-90 percentile<br>4.6 to 23.9 °C","Historical daily maximum<br>28.0 °C<br>2008-10-01","DATE: Oct-01</b><br>Normal: 15.9 °C<br>Period: 1991-2020","3036682","VAUXHALL+CDA+CS",1994,2026
"10-01","TMIN",2001-10-01,1.05555555555556,-16.4,9.6,4.94542005164167,-2.92,-0.25,3.8,4.88,NA,NA,NA,NA,NA,10,1997-10-01,"","DATE: Oct-01<br><b>Minimum temperature</b><br>10-90 percentile<br>-2.9 to 4.9 °C","Historical daily maximum<br>9.6 °C<br>1997-10-01","DATE: Oct-01</b><br>Normal: 1.1 °C<br>Period: 1991-2020","3036682","VAUXHALL+CDA+CS",1994,2026
"10-01","VPD",2001-10-01,1.26454179254743,0.138047650698484,3.0058777116716,0.759124546849365,0.39387482057817,0.649966066055142,1.9410313300675,2.11087090300567,NA,NA,NA,NA,NA,10,2008-10-01,"","DATE: Oct-01<br><b>Vapour pressure deficit</b><br>10-90 percentile<br>0.4 to 2.1 kPa","Historical daily maximum<br>3.0 kPa<br>2008-10-01","DATE: Oct-01</b><br>Normal: 1.3 kPa<br>Period: 1991-2020","3036682","VAUXHALL+CDA+CS",1994,2026
"10-02","TMAX",2001-10-02,14.5962962962963,1.6,29.4,7.42363592657738,4.12,10.35,20.25,22.58,NA,NA,NA,NA,NA,10,2010-10-02,"","DATE: Oct-02<br><b>Maximum temperature</b><br>10-90 percentile<br>4.1 to 22.6 °C","Historical daily maximum<br>29.4 °C<br>2010-10-02","DATE: Oct-02</b><br>Normal: 14.6 °C<br>Period: 1991-2020","3036682","VAUXHALL+CDA+CS",1994,2026
"10-02","TMIN",2001-10-02,0.411111111111111,-8.4,11,4.52738108481929,-4.52,-2.3,3.4,5.6,NA,NA,NA,NA,NA,10,1997-10-02,"","DATE: Oct-02<br><b>Minimum temperature</b><br>10-90 percentile<br>-4.5 to 5.6 °C","Historical daily maximum<br>11.0 °C<br>1997-10-02","DATE: Oct-02</b><br>Normal: 0.4 °C<br>Period: 1991-2020","3036682","VAUXHALL+CDA+CS",1994,2026
"10-02","VPD",2001-10-02,1.16744939351021,0.153355323811087,3.18968069138982,0.777635061612312,0.349424180718925,0.588824495549781,1.5503662122609,2.04575140441717,NA,NA,NA,NA,NA,10,2010-10-02,"","DATE: Oct-02<br><b>Vapour pressure deficit</b><br>10-90 percentile<br>0.3 to 2.0 kPa","Historical daily maximum<br>3.2 kPa<br>2010-10-02","DATE: Oct-02</b><br>Normal: 1.2 kPa<br>Period: 1991-2020","3036682","VAUXHALL+CDA+CS",1994,2026
"10-03","TMAX",2001-10-03,12.7407407407407,0.1,26.5,7.3698585342471,3.92,7.4,17.9,22.6,NA,NA,NA,NA,NA,10,2011-10-03,"","DATE: Oct-03<br><b>Maximum temperature</b><br>10-90 percentile<br>3.9 to 22.6 °C","Historical daily maximum<br>26.5 °C<br>2011-10-03","DATE: Oct-03</b><br>Normal: 12.7 °C<br>Period: 1991-2020","3036682","VAUXHALL+CDA+CS",1994,2026
"10-03","TMIN",2001-10-03,0.1,-8.8,8,4.08486888971407,-5.48,-2.1,2.65,4.92,NA,NA,NA,NA,NA,10,2021-10-03,"","DATE: Oct-03<br><b>Minimum temperature</b><br>10-90 percentile<br>-5.5 to 4.9 °C","Historical daily maximum<br>8.0 °C<br>2021-10-03","DATE: Oct-03</b><br>Normal: 0.1 °C<br>Period: 1991-2020","3036682","VAUXHALL+CDA+CS",1994,2026
"10-03","VPD",2001-10-03,0.985342903662974,0.165333224400537,2.78129536496082,0.730844276084277,0.330761133910464,0.385710044827703,1.59976899768335,1.98242300555134,NA,NA,NA,NA,NA,10,2011-10-03,"","DATE: Oct-03<br><b>Vapour pressure deficit</b><br>10-90 percentile<br>0.3 to 2.0 kPa","Historical daily maximum<br>2.8 kPa<br>2011-10-03","DATE: Oct-03</b><br>Normal: 1.0 kPa<br>Period: 1991-2020","3036682","VAUXHALL+CDA+CS",1994,2026
"10-04","TMAX",2001-10-04,13.6592592592593,0.1,26.6,7.08895453175406,6.56,7.35,19.25,22.88,NA,NA,NA,NA,NA,10,2020-10-04,"","DATE: Oct-04<br><b>Maximum temperature</b><br>10-90 percentile<br>6.6 to 22.9 °C","Historical daily maximum<br>26.6 °C<br>2020-10-04","DATE: Oct-04</b><br>Normal: 13.7 °C<br>Period: 1991-2020","3036682","VAUXHALL+CDA+CS",1994,2026
"10-04","TMIN",2001-10-04,0.292592592592593,-7.4,7.6,4.14032012195322,-4.26,-2.4,3.55,5.64,NA,NA,NA,NA,NA,10,2014-10-04,"","DATE: Oct-04<br><b>Minimum temperature</b><br>10-90 percentile<br>-4.3 to 5.6 °C","Historical daily maximum<br>7.6 °C<br>2014-10-04","DATE: Oct-04</b><br>Normal: 0.3 °C<br>Period: 1991-2020","3036682","VAUXHALL+CDA+CS",1994,2026
"10-04","VPD",2001-10-04,1.06091486438874,0.198587314349036,2.61021193110629,0.699987341337192,0.35657291994427,0.564885938417117,1.4893231203267,1.99131655537438,NA,NA,NA,NA,NA,10,2020-10-04,"","DATE: Oct-04<br><b>Vapour pressure deficit</b><br>10-90 percentile<br>0.4 to 2.0 kPa","Historical daily maximum<br>2.6 kPa<br>2020-10-04","DATE: Oct-04</b><br>Normal: 1.1 kPa<br>Period: 1991-2020","3036682","VAUXHALL+CDA+CS",1994,2026
"10-05","TMAX",2001-10-05,14.637037037037,4.6,26.2,6.53141215430053,5.96,9.2,18.35,24.44,NA,NA,NA,NA,NA,10,2021-10-05,"","DATE: Oct-05<br><b>Maximum temperature</b><br>10-90 percentile<br>6.0 to 24.4 °C","Historical daily maximum<br>26.2 °C<br>2021-10-05","DATE: Oct-05</b><br>Normal: 14.6 °C<br>Period: 1991-2020","3036682","VAUXHALL+CDA+CS",1994,2026
"10-05","TMIN",2001-10-05,0.122222222222222,-9.1,8.9,4.27509184186846,-3.86,-2.4,2.05,6.16,NA,NA,NA,NA,NA,10,2020-10-05,"","DATE: Oct-05<br><b>Minimum temperature</b><br>10-90 percentile<br>-3.9 to 6.2 °C","Historical daily maximum<br>8.9 °C<br>2020-10-05","DATE: Oct-05</b><br>Normal: 0.1 °C<br>Period: 1991-2020","3036682","VAUXHALL+CDA+CS",1994,2026
"10-05","VPD",2001-10-05,1.1524408006125,0.315871205233439,2.7399229960139,0.696326484548865,0.418898474190855,0.644277282947896,1.60253789723378,2.17706782947946,NA,NA,NA,NA,NA,10,2021-10-05,"","DATE: Oct-05<br><b>Vapour pressure deficit</b><br>10-90 percentile<br>0.4 to 2.2 kPa","Historical daily maximum<br>2.7 kPa<br>2021-10-05","DATE: Oct-05</b><br>Normal: 1.2 kPa<br>Period: 1991-2020","3036682","VAUXHALL+CDA+CS",1994,2026
"10-06","TMAX",2001-10-06,17.3814814814815,6.6,27.3,4.85093464721665,11.68,14.9,21.55,22.4,NA,NA,NA,NA,NA,10,2003-10-06,"","DATE: Oct-06<br><b>Maximum temperature</b><br>10-90 percentile<br>11.7 to 22.4 °C","Historical daily maximum<br>27.3 °C<br>2003-10-06","DATE: Oct-06</b><br>Normal: 17.4 °C<br>Period: 1991-2020","3036682","VAUXHALL+CDA+CS",1994,2026
"10-06","TMIN",2001-10-06,1.03333333333333,-9.1,10.8,4.48801823662824,-3.72,-1.85,3.2,7.68,NA,NA,NA,NA,NA,10,2004-10-06,"","DATE: Oct-06<br><b>Minimum temperature</b><br>10-90 percentile<br>-3.7 to 7.7 °C","Historical daily maximum<br>10.8 °C<br>2004-10-06","DATE: Oct-06</b><br>Normal: 1.0 °C<br>Period: 1991-2020","3036682","VAUXHALL+CDA+CS",1994,2026
"10-06","VPD",2001-10-06,1.37417103548941,0.175868794580631,2.95750999356976,0.570707836241695,0.779008022180269,0.975526133756964,1.75835686597279,2.00275174968078,NA,NA,NA,NA,NA,10,2003-10-06,"","DATE: Oct-06<br><b>Vapour pressure deficit</b><br>10-90 percentile<br>0.8 to 2.0 kPa","Historical daily maximum<br>3.0 kPa<br>2003-10-06","DATE: Oct-06</b><br>Normal: 1.4 kPa<br>Period: 1991-2020","3036682","VAUXHALL+CDA+CS",1994,2026
"10-07","TMAX",2001-10-07,16.5296296296296,1.8,25.6,5.64765538927539,9.36,14.05,19.75,22.9,NA,NA,NA,NA,NA,10,1998-10-07,"","DATE: Oct-07<br><b>Maximum temperature</b><br>10-90 percentile<br>9.4 to 22.9 °C","Historical daily maximum<br>25.6 °C<br>1998-10-07","DATE: Oct-07</b><br>Normal: 16.5 °C<br>Period: 1991-2020","3036682","VAUXHALL+CDA+CS",1994,2026
"10-07","TMIN",2001-10-07,2.04814814814815,-7.3,7.3,3.91519430408587,-4.02,-0.55,4.95,6.12,NA,NA,NA,NA,NA,10,2011-10-07,"","DATE: Oct-07<br><b>Minimum temperature</b><br>10-90 percentile<br>-4.0 to 6.1 °C","Historical daily maximum<br>7.3 °C<br>2011-10-07","DATE: Oct-07</b><br>Normal: 2.0 °C<br>Period: 1991-2020","3036682","VAUXHALL+CDA+CS",1994,2026
"10-07","VPD",2001-10-07,1.24726181836591,0.272679311326318,2.53569362332654,0.585376300758228,0.388140701214795,0.892148744313477,1.46459144802357,1.99527399525678,NA,NA,NA,NA,NA,10,1998-10-07,"","DATE: Oct-07<br><b>Vapour pressure deficit</b><br>10-90 percentile<br>0.4 to 2.0 kPa","Historical daily maximum<br>2.5 kPa<br>1998-10-07","DATE: Oct-07</b><br>Normal: 1.2 kPa<br>Period: 1991-2020","3036682","VAUXHALL+CDA+CS",1994,2026
"10-08","TMAX",2001-10-08,15.8333333333333,5.2,26.4,6.25429083479125,7.24,11.65,20.7,24.2,NA,NA,NA,NA,NA,10,2004-10-08,"","DATE: Oct-08<br><b>Maximum temperature</b><br>10-90 percentile<br>7.2 to 24.2 °C","Historical daily maximum<br>26.4 °C<br>2004-10-08","DATE: Oct-08</b><br>Normal: 15.8 °C<br>Period: 1991-2020","3036682","VAUXHALL+CDA+CS",1994,2026
"10-08","TMIN",2001-10-08,1.20740740740741,-7,7.9,3.75242751438482,-3.16,-1.7,3.8,5.76,NA,NA,NA,NA,NA,10,1999-10-08,"","DATE: Oct-08<br><b>Minimum temperature</b><br>10-90 percentile<br>-3.2 to 5.8 °C","Historical daily maximum<br>7.9 °C<br>1999-10-08","DATE: Oct-08</b><br>Normal: 1.2 °C<br>Period: 1991-2020","3036682","VAUXHALL+CDA+CS",1994,2026
"10-08","VPD",2001-10-08,1.23437798159786,0.361045516819428,2.76005105433587,0.683245326655135,0.502846330638246,0.726489268776102,1.67836583990115,2.12973955605091,NA,NA,NA,NA,NA,10,2000-10-08,"","DATE: Oct-08<br><b>Vapour pressure deficit</b><br>10-90 percentile<br>0.5 to 2.1 kPa","Historical daily maximum<br>2.8 kPa<br>2000-10-08","DATE: Oct-08</b><br>Normal: 1.2 kPa<br>Period: 1991-2020","3036682","VAUXHALL+CDA+CS",1994,2026
"10-09","TMAX",2001-10-09,14.2307692307692,-4.8,27.1,7.60467062959438,2.5,12.525,17.85,21.75,NA,NA,NA,NA,NA,10,2015-10-09,"","DATE: Oct-09<br><b>Maximum temperature</b><br>10-90 percentile<br>2.5 to 21.8 °C","Historical daily maximum<br>27.1 °C<br>2015-10-09","DATE: Oct-09</b><br>Normal: 14.2 °C<br>Period: 1991-2020","3036682","VAUXHALL+CDA+CS",1994,2026
"10-09","TMIN",2001-10-09,-0.588461538461538,-11.3,8.2,4.2497366434241,-5.15,-2.95,2.45,3.15,NA,NA,NA,NA,NA,10,2015-10-09,"","DATE: Oct-09<br><b>Minimum temperature</b><br>10-90 percentile<br>-5.2 to 3.2 °C","Historical daily maximum<br>8.2 °C<br>2015-10-09","DATE: Oct-09</b><br>Normal: -0.6 °C<br>Period: 1991-2020","3036682","VAUXHALL+CDA+CS",1994,2026
"10-09","VPD",2001-10-09,1.16741698854644,0.121173520940964,2.55213806464604,0.629271562996993,0.320750051463295,0.791631629344657,1.40671697627134,1.87515214805859,NA,NA,NA,NA,NA,10,2000-10-09,"","DATE: Oct-09<br><b>Vapour pressure deficit</b><br>10-90 percentile<br>0.3 to 1.9 kPa","Historical daily maximum<br>2.6 kPa<br>2000-10-09","DATE: Oct-09</b><br>Normal: 1.2 kPa<br>Period: 1991-2020","3036682","VAUXHALL+CDA+CS",1994,2026
"10-10","TMAX",2001-10-10,13.5,-2.6,25.8,8.09750578882164,1.55,9.025,18.525,24.8,NA,NA,NA,NA,NA,10,2015-10-10,"","DATE: Oct-10<br><b>Maximum temperature</b><br>10-90 percentile<br>1.6 to 24.8 °C","Historical daily maximum<br>25.8 °C<br>2015-10-10","DATE: Oct-10</b><br>Normal: 13.5 °C<br>Period: 1991-2020","3036682","VAUXHALL+CDA+CS",1994,2026
"10-10","TMIN",2001-10-10,0.561538461538462,-13.1,16.5,5.79193072631757,-5.15,-1.35,2.2,7.2,NA,NA,NA,NA,NA,10,2015-10-10,"","DATE: Oct-10<br><b>Minimum temperature</b><br>10-90 percentile<br>-5.2 to 7.2 °C","Historical daily maximum<br>16.5 °C<br>2015-10-10","DATE: Oct-10</b><br>Normal: 0.6 °C<br>Period: 1991-2020","3036682","VAUXHALL+CDA+CS",1994,2026
"10-10","VPD",2001-10-10,1.03878142977529,0.112267464469661,2.52310647386975,0.646893188661591,0.181331809431672,0.592472269728503,1.42232092617825,1.79703445503278,NA,NA,NA,NA,NA,10,1996-10-10,"","DATE: Oct-10<br><b>Vapour pressure deficit</b><br>10-90 percentile<br>0.2 to 1.8 kPa","Historical daily maximum<br>2.5 kPa<br>1996-10-10","DATE: Oct-10</b><br>Normal: 1.0 kPa<br>Period: 1991-2020","3036682","VAUXHALL+CDA+CS",1994,2026
"10-11","TMAX",2001-10-11,10.6538461538462,-3.1,22,6.60764592085446,2.2,6.15,15.5,19.1,NA,NA,NA,NA,NA,10,1996-10-11,"","DATE: Oct-11<br><b>Maximum temperature</b><br>10-90 percentile<br>2.2 to 19.1 °C","Historical daily maximum<br>22.0 °C<br>1996-10-11","DATE: Oct-11</b><br>Normal: 10.7 °C<br>Period: 1991-2020","3036682","VAUXHALL+CDA+CS",1994,2026
"10-11","TMIN",2001-10-11,0.266666666666667,-8.8,5,4.0873162155813,-6.2,-2,3.6,4.72,NA,NA,NA,NA,NA,10,2022-10-11,"","DATE: Oct-11<br><b>Minimum temperature</b><br>10-90 percentile<br>-6.2 to 4.7 °C","Historical daily maximum<br>5.0 °C<br>2022-10-11","DATE: Oct-11</b><br>Normal: 0.3 °C<br>Period: 1991-2020","3036682","VAUXHALL+CDA+CS",1994,2026
"10-11","VPD",2001-10-11,0.751905618616751,0.14104579408384,1.77769064604404,0.484733305897254,0.222415545060461,0.380634842004759,1.01151699892542,1.43985951325218,NA,NA,NA,NA,NA,10,1996-10-11,"","DATE: Oct-11<br><b>Vapour pressure deficit</b><br>10-90 percentile<br>0.2 to 1.4 kPa","Historical daily maximum<br>1.8 kPa<br>1996-10-11","DATE: Oct-11</b><br>Normal: 0.8 kPa<br>Period: 1991-2020","3036682","VAUXHALL+CDA+CS",1994,2026
"10-12","TMAX",2001-10-12,12.3740740740741,-0.9,21.9,5.35821386662159,6.46,8.8,16.5,17.9,NA,NA,NA,NA,NA,10,2015-10-12,"","DATE: Oct-12<br><b>Maximum temperature</b><br>10-90 percentile<br>6.5 to 17.9 °C","Historical daily maximum<br>21.9 °C<br>2015-10-12","DATE: Oct-12</b><br>Normal: 12.4 °C<br>Period: 1991-2020","3036682","VAUXHALL+CDA+CS",1994,2026
"10-12","TMIN",2001-10-12,-0.992592592592593,-10.2,6.1,4.13660264969715,-7.46,-3.35,1.45,3.42,NA,NA,NA,NA,NA,10,2011-10-12,"","DATE: Oct-12<br><b>Minimum temperature</b><br>10-90 percentile<br>-7.5 to 3.4 °C","Historical daily maximum<br>6.1 °C<br>2011-10-12","DATE: Oct-12</b><br>Normal: -1.0 °C<br>Period: 1991-2020","3036682","VAUXHALL+CDA+CS",1994,2026
"10-12","VPD",2001-10-12,0.922104966348835,0.207781264092783,2.01705884427302,0.444078273453528,0.394130545629667,0.576671408501959,1.15824426711825,1.42027432361207,NA,NA,NA,NA,NA,10,2015-10-12,"","DATE: Oct-12<br><b>Vapour pressure deficit</b><br>10-90 percentile<br>0.4 to 1.4 kPa","Historical daily maximum<br>2.0 kPa<br>2015-10-12","DATE: Oct-12</b><br>Normal: 0.9 kPa<br>Period: 1991-2020","3036682","VAUXHALL+CDA+CS",1994,2026
"10-13","TMAX",2001-10-13,13.4111111111111,1.1,23.7,6.07626741026312,5.8,9.4,18.85,20.36,NA,NA,NA,NA,NA,10,2004-10-13,"","DATE: Oct-13<br><b>Maximum temperature</b><br>10-90 percentile<br>5.8 to 20.4 °C","Historical daily maximum<br>23.7 °C<br>2004-10-13","DATE: Oct-13</b><br>Normal: 13.4 °C<br>Period: 1991-2020","3036682","VAUXHALL+CDA+CS",1994,2026
"10-13","TMIN",2001-10-13,-0.922222222222222,-8,4.3,3.01347401532279,-5.4,-2.3,1.65,2.24,NA,NA,NA,NA,NA,10,1998-10-13,"","DATE: Oct-13<br><b>Minimum temperature</b><br>10-90 percentile<br>-5.4 to 2.2 °C","Historical daily maximum<br>4.3 °C<br>1998-10-13","DATE: Oct-13</b><br>Normal: -0.9 °C<br>Period: 1991-2020","3036682","VAUXHALL+CDA+CS",1994,2026
"10-13","VPD",2001-10-13,1.05620778770274,0.152391069972671,2.38335530276631,0.567697555601159,0.442984138355206,0.647603919958311,1.54960779886606,1.74651512265695,NA,NA,NA,NA,NA,10,2004-10-13,"","DATE: Oct-13<br><b>Vapour pressure deficit</b><br>10-90 percentile<br>0.4 to 1.7 kPa","Historical daily maximum<br>2.4 kPa<br>2004-10-13","DATE: Oct-13</b><br>Normal: 1.1 kPa<br>Period: 1991-2020","3036682","VAUXHALL+CDA+CS",1994,2026
"10-14","TMAX",2001-10-14,13.9407407407407,2.5,23.1,5.10401495501029,8.02,10.15,17.8,19.84,NA,NA,NA,NA,NA,10,2024-10-14,"","DATE: Oct-14<br><b>Maximum temperature</b><br>10-90 percentile<br>8.0 to 19.8 °C","Historical daily maximum<br>23.1 °C<br>2024-10-14","DATE: Oct-14</b><br>Normal: 13.9 °C<br>Period: 1991-2020","3036682","VAUXHALL+CDA+CS",1994,2026
"10-14","TMIN",2001-10-14,-0.533333333333333,-6.5,7.4,3.63010913165049,-4.42,-2.85,1.3,5.28,NA,NA,NA,NA,NA,10,2004-10-14,"","DATE: Oct-14<br><b>Minimum temperature</b><br>10-90 percentile<br>-4.4 to 5.3 °C","Historical daily maximum<br>7.4 °C<br>2004-10-14","DATE: Oct-14</b><br>Normal: -0.5 °C<br>Period: 1991-2020","3036682","VAUXHALL+CDA+CS",1994,2026
"10-14","VPD",2001-10-14,1.05959310953068,0.16769549416006,1.89136579774287,0.457803118400475,0.472943823505849,0.781495123840865,1.4145237123309,1.61676243321294,NA,NA,NA,NA,NA,10,2024-10-14,"","DATE: Oct-14<br><b>Vapour pressure deficit</b><br>10-90 percentile<br>0.5 to 1.6 kPa","Historical daily maximum<br>1.9 kPa<br>2024-10-14","DATE: Oct-14</b><br>Normal: 1.1 kPa<br>Period: 1991-2020","3036682","VAUXHALL+CDA+CS",1994,2026
"10-15","TMAX",2001-10-15,13.3888888888889,5.4,23.2,4.83022004064263,7.44,9.4,16.3,19.96,NA,NA,NA,NA,NA,10,2005-10-15,"","DATE: Oct-15<br><b>Maximum temperature</b><br>10-90 percentile<br>7.4 to 20.0 °C","Historical daily maximum<br>23.2 °C<br>2005-10-15","DATE: Oct-15</b><br>Normal: 13.4 °C<br>Period: 1991-2020","3036682","VAUXHALL+CDA+CS",1994,2026
"10-15","TMIN",2001-10-15,-0.455555555555556,-9.4,9,3.80993976666837,-4.4,-2.9,1.45,4.4,NA,NA,NA,NA,NA,10,2012-10-15,"","DATE: Oct-15<br><b>Minimum temperature</b><br>10-90 percentile<br>-4.4 to 4.4 °C","Historical daily maximum<br>9.0 °C<br>2012-10-15","DATE: Oct-15</b><br>Normal: -0.5 °C<br>Period: 1991-2020","3036682","VAUXHALL+CDA+CS",1994,2026
"10-15","VPD",2001-10-15,0.991155578859218,0.29342882889446,1.97129194257793,0.45728423075625,0.376270042452222,0.534607745922648,1.29346520950409,1.47384256009795,NA,NA,NA,NA,NA,10,2005-10-15,"","DATE: Oct-15<br><b>Vapour pressure deficit</b><br>10-90 percentile<br>0.4 to 1.5 kPa","Historical daily maximum<br>2.0 kPa<br>2005-10-15","DATE: Oct-15</b><br>Normal: 1.0 kPa<br>Period: 1991-2020","3036682","VAUXHALL+CDA+CS",1994,2026
"10-16","TMAX",2001-10-16,13.9888888888889,3.7,25.1,5.41382371152656,7.18,9.85,17,20.42,NA,NA,NA,NA,NA,10,1997-10-16,"","DATE: Oct-16<br><b>Maximum temperature</b><br>10-90 percentile<br>7.2 to 20.4 °C","Historical daily maximum<br>25.1 °C<br>1997-10-16","DATE: Oct-16</b><br>Normal: 14.0 °C<br>Period: 1991-2020","3036682","VAUXHALL+CDA+CS",1994,2026
"10-16","TMIN",2001-10-16,0.0111111111111111,-6.4,9.1,3.92637367763312,-5.06,-2.8,2.05,3.82,NA,NA,NA,NA,NA,10,1997-10-16,"","DATE: Oct-16<br><b>Minimum temperature</b><br>10-90 percentile<br>-5.1 to 3.8 °C","Historical daily maximum<br>9.1 °C<br>1997-10-16","DATE: Oct-16</b><br>Normal: 0.0 °C<br>Period: 1991-2020","3036682","VAUXHALL+CDA+CS",1994,2026
"10-16","VPD",2001-10-16,1.04857849133421,0.180988413356989,2.16180528666177,0.480842286946768,0.455463789851776,0.770306404306074,1.29158042291509,1.62224088397688,NA,NA,NA,NA,NA,10,2001-10-16,"","DATE: Oct-16<br><b>Vapour pressure deficit</b><br>10-90 percentile<br>0.5 to 1.6 kPa","Historical daily maximum<br>2.2 kPa<br>2001-10-16","DATE: Oct-16</b><br>Normal: 1.0 kPa<br>Period: 1991-2020","3036682","VAUXHALL+CDA+CS",1994,2026
"10-17","TMAX",2001-10-17,14.5222222222222,-2.9,23.8,7.22811462455051,4.88,11.1,20.95,22.54,NA,NA,NA,NA,NA,10,2021-10-17,"","DATE: Oct-17<br><b>Maximum temperature</b><br>10-90 percentile<br>4.9 to 22.5 °C","Historical daily maximum<br>23.8 °C<br>2021-10-17","DATE: Oct-17</b><br>Normal: 14.5 °C<br>Period: 1991-2020","3036682","VAUXHALL+CDA+CS",1994,2026
"10-17","TMIN",2001-10-17,-0.325925925925926,-9.5,7.9,4.37524439691813,-5.72,-3,3.55,5.18,NA,NA,NA,NA,NA,10,2009-10-17,"","DATE: Oct-17<br><b>Minimum temperature</b><br>10-90 percentile<br>-5.7 to 5.2 °C","Historical daily maximum<br>7.9 °C<br>2009-10-17","DATE: Oct-17</b><br>Normal: -0.3 °C<br>Period: 1991-2020","3036682","VAUXHALL+CDA+CS",1994,2026
"10-17","VPD",2001-10-17,1.17258105469726,0.0721172871718287,2.25896502672886,0.59792578694353,0.379594076021523,0.753598533113628,1.59480435996139,1.97058559479608,NA,NA,NA,NA,NA,10,2022-10-17,"","DATE: Oct-17<br><b>Vapour pressure deficit</b><br>10-90 percentile<br>0.4 to 2.0 kPa","Historical daily maximum<br>2.3 kPa<br>2022-10-17","DATE: Oct-17</b><br>Normal: 1.2 kPa<br>Period: 1991-2020","3036682","VAUXHALL+CDA+CS",1994,2026
"10-18","TMAX",2001-10-18,13.3222222222222,-3.7,25.5,5.99457019267201,6.98,11.15,16.35,19.68,NA,NA,NA,NA,NA,10,2003-10-18,"","DATE: Oct-18<br><b>Maximum temperature</b><br>10-90 percentile<br>7.0 to 19.7 °C","Historical daily maximum<br>25.5 °C<br>2003-10-18","DATE: Oct-18</b><br>Normal: 13.3 °C<br>Period: 1991-2020","3036682","VAUXHALL+CDA+CS",1994,2026
"10-18","TMIN",2001-10-18,-0.255555555555556,-8.7,8.7,3.88273628072279,-4.6,-2.45,1.55,5.16,NA,NA,NA,NA,NA,10,2003-10-18,"","DATE: Oct-18<br><b>Minimum temperature</b><br>10-90 percentile<br>-4.6 to 5.2 °C","Historical daily maximum<br>8.7 °C<br>2003-10-18","DATE: Oct-18</b><br>Normal: -0.3 °C<br>Period: 1991-2020","3036682","VAUXHALL+CDA+CS",1994,2026
"10-18","VPD",2001-10-18,1.00260109522154,0.148064538098175,2.13835712401188,0.469242034277311,0.362219100792043,0.788845120293527,1.37072503011918,1.53201625597172,NA,NA,NA,NA,NA,10,2022-10-18,"","DATE: Oct-18<br><b>Vapour pressure deficit</b><br>10-90 percentile<br>0.4 to 1.5 kPa","Historical daily maximum<br>2.1 kPa<br>2022-10-18","DATE: Oct-18</b><br>Normal: 1.0 kPa<br>Period: 1991-2020","3036682","VAUXHALL+CDA+CS",1994,2026
"10-19","TMAX",2001-10-19,14.3666666666667,-1.3,24.8,6.23624640555272,5.92,12.85,18.2,19.98,NA,NA,NA,NA,NA,10,2022-10-19,"","DATE: Oct-19<br><b>Maximum temperature</b><br>10-90 percentile<br>5.9 to 20.0 °C","Historical daily maximum<br>24.8 °C<br>2022-10-19","DATE: Oct-19</b><br>Normal: 14.4 °C<br>Period: 1991-2020","3036682","VAUXHALL+CDA+CS",1994,2026
"10-19","TMIN",2001-10-19,-0.422222222222222,-7.3,7,3.9528308583687,-5.86,-3.2,2.6,4.18,NA,NA,NA,NA,NA,10,2024-10-19,"","DATE: Oct-19<br><b>Minimum temperature</b><br>10-90 percentile<br>-5.9 to 4.2 °C","Historical daily maximum<br>7.0 °C<br>2024-10-19","DATE: Oct-19</b><br>Normal: -0.4 °C<br>Period: 1991-2020","3036682","VAUXHALL+CDA+CS",1994,2026
"10-19","VPD",2001-10-19,1.12660425388849,0.176921200769418,2.2639946731465,0.480688661265242,0.46158440742957,0.979255983226687,1.32501598253903,1.65606563084824,NA,NA,NA,NA,NA,10,2022-10-19,"","DATE: Oct-19<br><b>Vapour pressure deficit</b><br>10-90 percentile<br>0.5 to 1.7 kPa","Historical daily maximum<br>2.3 kPa<br>2022-10-19","DATE: Oct-19</b><br>Normal: 1.1 kPa<br>Period: 1991-2020","3036682","VAUXHALL+CDA+CS",1994,2026
"10-20","TMAX",2001-10-20,13.9,1.8,26.7,6.00634280125218,6.26,10.25,18.55,20.8,NA,NA,NA,NA,NA,10,2014-10-20,"","DATE: Oct-20<br><b>Maximum temperature</b><br>10-90 percentile<br>6.3 to 20.8 °C","Historical daily maximum<br>26.7 °C<br>2014-10-20","DATE: Oct-20</b><br>Normal: 13.9 °C<br>Period: 1991-2020","3036682","VAUXHALL+CDA+CS",1994,2026
"10-20","TMIN",2001-10-20,-0.77037037037037,-9,3.8,2.96347182240109,-3.74,-2.5,0.8,3.22,NA,NA,NA,NA,NA,10,2024-10-20,"","DATE: Oct-20<br><b>Minimum temperature</b><br>10-90 percentile<br>-3.7 to 3.2 °C","Historical daily maximum<br>3.8 °C<br>2024-10-20","DATE: Oct-20</b><br>Normal: -0.8 °C<br>Period: 1991-2020","3036682","VAUXHALL+CDA+CS",1994,2026
"10-20","VPD",2001-10-20,1.10372039045455,0.230980705961458,2.75066330222952,0.623605079473624,0.399102212143408,0.699483108064346,1.57465469116936,1.78748033849132,NA,NA,NA,NA,NA,10,2014-10-20,"","DATE: Oct-20<br><b>Vapour pressure deficit</b><br>10-90 percentile<br>0.4 to 1.8 kPa","Historical daily maximum<br>2.8 kPa<br>2014-10-20","DATE: Oct-20</b><br>Normal: 1.1 kPa<br>Period: 1991-2020","3036682","VAUXHALL+CDA+CS",1994,2026
"10-21","TMAX",2001-10-21,13.0038461538462,-1.9,26.8,7.19046484000754,3.2,9.85,15.825,22.6,NA,NA,NA,NA,NA,10,2003-10-21,"","DATE: Oct-21<br><b>Maximum temperature</b><br>10-90 percentile<br>3.2 to 22.6 °C","Historical daily maximum<br>26.8 °C<br>2003-10-21","DATE: Oct-21</b><br>Normal: 13.0 °C<br>Period: 1991-2020","3036682","VAUXHALL+CDA+CS",1994,2026
"10-21","TMIN",2001-10-21,-1.66923076923077,-8.8,13.4,4.50464375779211,-6.2,-4.3,-0.05,3.45,NA,NA,NA,NA,NA,10,2003-10-21,"","DATE: Oct-21<br><b>Minimum temperature</b><br>10-90 percentile<br>-6.2 to 3.4 °C","Historical daily maximum<br>13.4 °C<br>2003-10-21","DATE: Oct-21</b><br>Normal: -1.7 °C<br>Period: 1991-2020","3036682","VAUXHALL+CDA+CS",1994,2026
"10-21","VPD",2001-10-21,1.06898646940808,0.13289531029183,2.50094062084608,0.626145070955561,0.315985155018,0.69847994655491,1.32360113881192,2.02279955773089,NA,NA,NA,NA,NA,10,1998-10-21,"","DATE: Oct-21<br><b>Vapour pressure deficit</b><br>10-90 percentile<br>0.3 to 2.0 kPa","Historical daily maximum<br>2.5 kPa<br>1998-10-21","DATE: Oct-21</b><br>Normal: 1.1 kPa<br>Period: 1991-2020","3036682","VAUXHALL+CDA+CS",1994,2026
"10-22","TMAX",2001-10-22,13.3074074074074,-4.5,24.8,6.5100470236944,4.96,11.15,16.45,19.94,NA,NA,NA,NA,NA,10,1999-10-22,"","DATE: Oct-22<br><b>Maximum temperature</b><br>10-90 percentile<br>5.0 to 19.9 °C","Historical daily maximum<br>24.8 °C<br>1999-10-22","DATE: Oct-22</b><br>Normal: 13.3 °C<br>Period: 1991-2020","3036682","VAUXHALL+CDA+CS",1994,2026
"10-22","TMIN",2001-10-22,-1.99259259259259,-13.5,6.6,4.14542620300475,-6.22,-4.75,0.25,2.74,NA,NA,NA,NA,NA,10,2007-10-22,"","DATE: Oct-22<br><b>Minimum temperature</b><br>10-90 percentile<br>-6.2 to 2.7 °C","Historical daily maximum<br>6.6 °C<br>2007-10-22","DATE: Oct-22</b><br>Normal: -2.0 °C<br>Period: 1991-2020","3036682","VAUXHALL+CDA+CS",1994,2026
"10-22","VPD",2001-10-22,1.08932030108518,0.221929838771832,2.56248332813682,0.566699897816415,0.414118884570511,0.793806149871268,1.34695706249856,1.71281462596537,NA,NA,NA,NA,NA,10,1999-10-22,"","DATE: Oct-22<br><b>Vapour pressure deficit</b><br>10-90 percentile<br>0.4 to 1.7 kPa","Historical daily maximum<br>2.6 kPa<br>1999-10-22","DATE: Oct-22</b><br>Normal: 1.1 kPa<br>Period: 1991-2020","3036682","VAUXHALL+CDA+CS",1994,2026
"10-23","TMAX",2001-10-23,12.2703703703704,-6.9,24.3,7.40669213070776,4.26,7.8,17.15,20.26,NA,NA,NA,NA,NA,10,1999-10-23,"","DATE: Oct-23<br><b>Maximum temperature</b><br>10-90 percentile<br>4.3 to 20.3 °C","Historical daily maximum<br>24.3 °C<br>1999-10-23","DATE: Oct-23</b><br>Normal: 12.3 °C<br>Period: 1991-2020","3036682","VAUXHALL+CDA+CS",1994,2026
"10-23","TMIN",2001-10-23,-1.72222222222222,-12.2,8,4.76060220280306,-6.96,-4.85,0.35,4.24,NA,NA,NA,NA,NA,10,2007-10-23,"","DATE: Oct-23<br><b>Minimum temperature</b><br>10-90 percentile<br>-7.0 to 4.2 °C","Historical daily maximum<br>8.0 °C<br>2007-10-23","DATE: Oct-23</b><br>Normal: -1.7 °C<br>Period: 1991-2020","3036682","VAUXHALL+CDA+CS",1994,2026
"10-23","VPD",2001-10-23,0.995442174324824,0.124599809276008,2.43170266308691,0.561279774894194,0.367293168143512,0.583722104679713,1.17915447361159,1.74697649184441,NA,NA,NA,NA,NA,10,1999-10-23,"","DATE: Oct-23<br><b>Vapour pressure deficit</b><br>10-90 percentile<br>0.4 to 1.7 kPa","Historical daily maximum<br>2.4 kPa<br>1999-10-23","DATE: Oct-23</b><br>Normal: 1.0 kPa<br>Period: 1991-2020","3036682","VAUXHALL+CDA+CS",1994,2026
"10-24","TMAX",2001-10-24,12.3111111111111,-7.4,24.9,7.35565367765782,3.76,8.3,16.85,19.86,NA,NA,NA,NA,NA,10,2007-10-24,"","DATE: Oct-24<br><b>Maximum temperature</b><br>10-90 percentile<br>3.8 to 19.9 °C","Historical daily maximum<br>24.9 °C<br>2007-10-24","DATE: Oct-24</b><br>Normal: 12.3 °C<br>Period: 1991-2020","3036682","VAUXHALL+CDA+CS",1994,2026
"10-24","TMIN",2001-10-24,-2.97777777777778,-17.8,6.2,5.03314654093879,-8.34,-5.35,-0.45,3.94,NA,NA,NA,NA,NA,10,2007-10-24,"","DATE: Oct-24<br><b>Minimum temperature</b><br>10-90 percentile<br>-8.3 to 3.9 °C","Historical daily maximum<br>6.2 °C<br>2007-10-24","DATE: Oct-24</b><br>Normal: -3.0 °C<br>Period: 1991-2020","3036682","VAUXHALL+CDA+CS",1994,2026
"10-24","VPD",2001-10-24,1.04534971913826,0.199784390711075,2.20082113478711,0.537247164789761,0.33210373008128,0.748625733402605,1.34389603778178,1.76128199782544,NA,NA,NA,NA,NA,10,2007-10-24,"","DATE: Oct-24<br><b>Vapour pressure deficit</b><br>10-90 percentile<br>0.3 to 1.8 kPa","Historical daily maximum<br>2.2 kPa<br>2007-10-24","DATE: Oct-24</b><br>Normal: 1.0 kPa<br>Period: 1991-2020","3036682","VAUXHALL+CDA+CS",1994,2026
"10-25","TMAX",2001-10-25,11.8461538461538,-7.4,22.1,6.44814582770773,5.95,9.675,15.675,18.95,NA,NA,NA,NA,NA,10,2017-10-25,"","DATE: Oct-25<br><b>Maximum temperature</b><br>10-90 percentile<br>6.0 to 19.0 °C","Historical daily maximum<br>22.1 °C<br>2017-10-25","DATE: Oct-25</b><br>Normal: 11.8 °C<br>Period: 1991-2020","3036682","VAUXHALL+CDA+CS",1994,2026
"10-25","TMIN",2001-10-25,-3.53461538461538,-21.2,2.3,4.87868361816524,-7.25,-5.825,0.225,1.45,NA,NA,NA,NA,NA,10,2021-10-25,"","DATE: Oct-25<br><b>Minimum temperature</b><br>10-90 percentile<br>-7.2 to 1.5 °C","Historical daily maximum<br>2.3 °C<br>2021-10-25","DATE: Oct-25</b><br>Normal: -3.5 °C<br>Period: 1991-2020","3036682","VAUXHALL+CDA+CS",1994,2026
"10-25","VPD",2001-10-25,0.9912254469717,0.119649540887785,1.99862572157496,0.448846408782603,0.4235037338506,0.748967859632611,1.28623443943218,1.54460759072431,NA,NA,NA,NA,NA,10,2017-10-25,"","DATE: Oct-25<br><b>Vapour pressure deficit</b><br>10-90 percentile<br>0.4 to 1.5 kPa","Historical daily maximum<br>2.0 kPa<br>2017-10-25","DATE: Oct-25</b><br>Normal: 1.0 kPa<br>Period: 1991-2020","3036682","VAUXHALL+CDA+CS",1994,2026
"10-26","TMAX",2001-10-26,11.3962962962963,-1.2,24.6,6.63855182779877,2.44,6.45,15.3,18.72,NA,NA,NA,NA,NA,10,2003-10-26,"","DATE: Oct-26<br><b>Maximum temperature</b><br>10-90 percentile<br>2.4 to 18.7 °C","Historical daily maximum<br>24.6 °C<br>2003-10-26","DATE: Oct-26</b><br>Normal: 11.4 °C<br>Period: 1991-2020","3036682","VAUXHALL+CDA+CS",1994,2026
"10-26","TMIN",2001-10-26,-2.6,-17.9,8.5,5.81490128231571,-8.56,-6.45,2.2,4.38,NA,NA,NA,NA,NA,10,2003-10-26,"","DATE: Oct-26<br><b>Minimum temperature</b><br>10-90 percentile<br>-8.6 to 4.4 °C","Historical daily maximum<br>8.5 °C<br>2003-10-26","DATE: Oct-26</b><br>Normal: -2.6 °C<br>Period: 1991-2020","3036682","VAUXHALL+CDA+CS",1994,2026
"10-26","VPD",2001-10-26,0.912925306137833,0.173413840914975,1.98322843863351,0.44990254264201,0.349489408119463,0.613891426199248,1.16535356654575,1.46066550392432,NA,NA,NA,NA,NA,10,2003-10-26,"","DATE: Oct-26<br><b>Vapour pressure deficit</b><br>10-90 percentile<br>0.3 to 1.5 kPa","Historical daily maximum<br>2.0 kPa<br>2003-10-26","DATE: Oct-26</b><br>Normal: 0.9 kPa<br>Period: 1991-2020","3036682","VAUXHALL+CDA+CS",1994,2026
"10-27","TMAX",2001-10-27,11.2,-2,21,6.1227193556207,4.44,7.45,16.5,18.2,NA,NA,NA,NA,NA,10,2024-10-27,"","DATE: Oct-27<br><b>Maximum temperature</b><br>10-90 percentile<br>4.4 to 18.2 °C","Historical daily maximum<br>21.0 °C<br>2024-10-27","DATE: Oct-27</b><br>Normal: 11.2 °C<br>Period: 1991-2020","3036682","VAUXHALL+CDA+CS",1994,2026
"10-27","TMIN",2001-10-27,-3.04814814814815,-9.1,5.3,4.20049176336903,-8.34,-5.75,-0.3,2.54000000000001,NA,NA,NA,NA,NA,10,2003-10-27,"","DATE: Oct-27<br><b>Minimum temperature</b><br>10-90 percentile<br>-8.3 to 2.5 °C","Historical daily maximum<br>5.3 °C<br>2003-10-27","DATE: Oct-27</b><br>Normal: -3.0 °C<br>Period: 1991-2020","3036682","VAUXHALL+CDA+CS",1994,2026
"10-27","VPD",2001-10-27,0.911523394451374,0.137162974213963,1.82075694321983,0.482221520388228,0.357973486905129,0.523271781859241,1.28644345025485,1.65840577324801,NA,NA,NA,NA,NA,10,2001-10-27,"","DATE: Oct-27<br><b>Vapour pressure deficit</b><br>10-90 percentile<br>0.4 to 1.7 kPa","Historical daily maximum<br>1.8 kPa<br>2001-10-27","DATE: Oct-27</b><br>Normal: 0.9 kPa<br>Period: 1991-2020","3036682","VAUXHALL+CDA+CS",1994,2026
"10-28","TMAX",2001-10-28,10.6185185185185,-4.5,24.5,6.92231825535998,2.64,6.75,16.15,18.08,NA,NA,NA,NA,NA,10,2008-10-28,"","DATE: Oct-28<br><b>Maximum temperature</b><br>10-90 percentile<br>2.6 to 18.1 °C","Historical daily maximum<br>24.5 °C<br>2008-10-28","DATE: Oct-28</b><br>Normal: 10.6 °C<br>Period: 1991-2020","3036682","VAUXHALL+CDA+CS",1994,2026
"10-28","TMIN",2001-10-28,-3.25925925925926,-10.1,3.2,4.22868039602639,-8.3,-6.8,0.55,2.5,NA,NA,NA,NA,NA,10,2021-10-28,"","DATE: Oct-28<br><b>Minimum temperature</b><br>10-90 percentile<br>-8.3 to 2.5 °C","Historical daily maximum<br>3.2 °C<br>2021-10-28","DATE: Oct-28</b><br>Normal: -3.3 °C<br>Period: 1991-2020","3036682","VAUXHALL+CDA+CS",1994,2026
"10-28","VPD",2001-10-28,0.897525003091951,0.153988527871312,2.66297191106075,0.616217175245319,0.263845301688816,0.408132786353634,1.14485085676991,1.47737416861957,NA,NA,NA,NA,NA,10,2008-10-28,"","DATE: Oct-28<br><b>Vapour pressure deficit</b><br>10-90 percentile<br>0.3 to 1.5 kPa","Historical daily maximum<br>2.7 kPa<br>2008-10-28","DATE: Oct-28</b><br>Normal: 0.9 kPa<br>Period: 1991-2020","3036682","VAUXHALL+CDA+CS",1994,2026
"10-29","TMAX",2001-10-29,8.82592592592593,-6,23.5,7.45074041713525,-1.36,3.15,14.05,14.86,NA,NA,NA,NA,NA,10,2008-10-29,"","DATE: Oct-29<br><b>Maximum temperature</b><br>10-90 percentile<br>-1.4 to 14.9 °C","Historical daily maximum<br>23.5 °C<br>2008-10-29","DATE: Oct-29</b><br>Normal: 8.8 °C<br>Period: 1991-2020","3036682","VAUXHALL+CDA+CS",1994,2026
"10-29","TMIN",2001-10-29,-3.00740740740741,-16.1,7.2,5.95379167653986,-12.22,-4.95,-0.2,3.24000000000001,NA,NA,NA,NA,NA,10,2008-10-29,"","DATE: Oct-29<br><b>Minimum temperature</b><br>10-90 percentile<br>-12.2 to 3.2 °C","Historical daily maximum<br>7.2 °C<br>2008-10-29","DATE: Oct-29</b><br>Normal: -3.0 °C<br>Period: 1991-2020","3036682","VAUXHALL+CDA+CS",1994,2026
"10-29","VPD",2001-10-29,0.725412973193264,0.216469502931314,1.87983008063106,0.411865380463118,0.258280181238925,0.329470412559278,0.979274291403385,1.15848091840856,NA,NA,NA,NA,NA,10,2008-10-29,"","DATE: Oct-29<br><b>Vapour pressure deficit</b><br>10-90 percentile<br>0.3 to 1.2 kPa","Historical daily maximum<br>1.9 kPa<br>2008-10-29","DATE: Oct-29</b><br>Normal: 0.7 kPa<br>Period: 1991-2020","3036682","VAUXHALL+CDA+CS",1994,2026
"10-30","TMAX",2001-10-30,9.22692307692308,-6.1,17.4,6.64767975716687,-1.65,7,13.925,15.55,NA,NA,NA,NA,NA,10,2011-10-30,"","DATE: Oct-30<br><b>Maximum temperature</b><br>10-90 percentile<br>-1.6 to 15.6 °C","Historical daily maximum<br>17.4 °C<br>2011-10-30","DATE: Oct-30</b><br>Normal: 9.2 °C<br>Period: 1991-2020","3036682","VAUXHALL+CDA+CS",1994,2026
"10-30","TMIN",2001-10-30,-5.03076923076923,-20,7.6,6.96492752184941,-14.6,-9.975,0.25,2.45,NA,NA,NA,NA,NA,10,1999-10-30,"","DATE: Oct-30<br><b>Minimum temperature</b><br>10-90 percentile<br>-14.6 to 2.4 °C","Historical daily maximum<br>7.6 °C<br>1999-10-30","DATE: Oct-30</b><br>Normal: -5.0 °C<br>Period: 1991-2020","3036682","VAUXHALL+CDA+CS",1994,2026
"10-30","VPD",2001-10-30,0.786894067714579,0.227532088437603,1.52277279059064,0.305460235787571,0.359528945812759,0.649384758628621,0.922513760569908,1.12560502537414,NA,NA,NA,NA,NA,10,2011-10-30,"","DATE: Oct-30<br><b>Vapour pressure deficit</b><br>10-90 percentile<br>0.4 to 1.1 kPa","Historical daily maximum<br>1.5 kPa<br>2011-10-30","DATE: Oct-30</b><br>Normal: 0.8 kPa<br>Period: 1991-2020","3036682","VAUXHALL+CDA+CS",1994,2026
"10-31","TMAX",2001-10-31,9.12307692307692,-10,19.6,7.5314969397754,-2,6.3,14.525,16.25,NA,NA,NA,NA,NA,10,2008-10-31,"","DATE: Oct-31<br><b>Maximum temperature</b><br>10-90 percentile<br>-2.0 to 16.2 °C","Historical daily maximum<br>19.6 °C<br>2008-10-31","DATE: Oct-31</b><br>Normal: 9.1 °C<br>Period: 1991-2020","3036682","VAUXHALL+CDA+CS",1994,2026
"10-31","TMIN",2001-10-31,-4.04074074074074,-20.2,5,6.68622345166418,-14.64,-5.95,0.5,1.84,NA,NA,NA,NA,NA,10,2009-10-31,"","DATE: Oct-31<br><b>Minimum temperature</b><br>10-90 percentile<br>-14.6 to 1.8 °C","Historical daily maximum<br>5.0 °C<br>2009-10-31","DATE: Oct-31</b><br>Normal: -4.0 °C<br>Period: 1991-2020","3036682","VAUXHALL+CDA+CS",1994,2026
"10-31","VPD",2001-10-31,0.771596731149357,0.163238306175521,1.79137929392342,0.408466193421902,0.279520445902031,0.414575327102258,1.05104699707965,1.23739974962737,NA,NA,NA,NA,NA,10,2008-10-31,"","DATE: Oct-31<br><b>Vapour pressure deficit</b><br>10-90 percentile<br>0.3 to 1.2 kPa","Historical daily maximum<br>1.8 kPa<br>2008-10-31","DATE: Oct-31</b><br>Normal: 0.8 kPa<br>Period: 1991-2020","3036682","VAUXHALL+CDA+CS",1994,2026
