"MD","variable","PLOT_DATE","clim_mean","clim_min","clim_max","clim_sd","q10","q25","q75","q90","value","ECCC_SOURCE","ECCC_AES","ECCC_STATION_ID","ECCC_STATION_NAME","MONTH","clim_max_date","hover_value","hover_band","hover_histmax","hover_mean","AES","NAME","por_start","por_end"
"04-01","TMAX",2001-04-01,3.96,-8.9,18.8,6.87778031554989,-4.53,0.05,8.175,11.31,-1.1,"NA (ECCC AES NA; station_id 2855)",NA,2855,"",4,2012-04-01,"DATE: Apr-01<br>Value: -1.1 °C<br>Anomaly: -5.1 °C<br>Weather station: NA (ECCC AES NA; station_id 2855)","DATE: Apr-01<br><b>Maximum temperature</b><br>10-90 percentile<br>-4.5 to 11.3 °C","Historical daily maximum<br>18.8 °C<br>2012-04-01","DATE: Apr-01</b><br>Normal: 4.0 °C<br>Period: 1991-2020","4010879","BROADVIEW",1967,2026
"04-01","TMIN",2001-04-01,-7.66666666666667,-23.1,5.4,7.21283976470186,-17.37,-12.625,-2.725,-1.04,-11.5,"NA (ECCC AES NA; station_id 2855)",NA,2855,"",4,2012-04-01,"DATE: Apr-01<br>Value: -11.5 °C<br>Anomaly: -3.8 °C<br>Weather station: NA (ECCC AES NA; station_id 2855)","DATE: Apr-01<br><b>Minimum temperature</b><br>10-90 percentile<br>-17.4 to -1.0 °C","Historical daily maximum<br>5.4 °C<br>2012-04-01","DATE: Apr-01</b><br>Normal: -7.7 °C<br>Period: 1991-2020","4010879","BROADVIEW",1967,2026
"04-01","VPD",2001-04-01,0.507003515030135,0.107999988718658,1.27315545160961,0.296721582723657,0.154432444530583,0.26779722967634,0.671037705472374,0.834154281478796,0.310137910457878,"NA (ECCC AES NA; station_id 2855)",NA,2855,"",4,2021-04-01,"DATE: Apr-01<br>Value: 0.3 kPa<br>Anomaly: -0.2 kPa<br>Weather station: NA (ECCC AES NA; station_id 2855)","DATE: Apr-01<br><b>Vapour pressure deficit</b><br>10-90 percentile<br>0.2 to 0.8 kPa","Historical daily maximum<br>1.3 kPa<br>2021-04-01","DATE: Apr-01</b><br>Normal: 0.5 kPa<br>Period: 1991-2020","4010879","BROADVIEW",1967,2026
"04-02","TMAX",2001-04-02,3.84333333333333,-10.6,20.6,8.26082083812137,-8.21,-0.7,8.5,15.55,0.1,"NA (ECCC AES NA; station_id 2855)",NA,2855,"",4,1991-04-02,"DATE: Apr-02<br>Value: 0.1 °C<br>Anomaly: -3.7 °C<br>Weather station: NA (ECCC AES NA; station_id 2855)","DATE: Apr-02<br><b>Maximum temperature</b><br>10-90 percentile<br>-8.2 to 15.6 °C","Historical daily maximum<br>20.6 °C<br>1991-04-02","DATE: Apr-02</b><br>Normal: 3.8 °C<br>Period: 1991-2020","4010879","BROADVIEW",1967,2026
"04-02","TMIN",2001-04-02,-7.43333333333333,-21.3,2,5.97029042979418,-17.02,-10.6,-1.975,-1.08,-2.5,"NA (ECCC AES NA; station_id 2855)",NA,2855,"",4,1991-04-02,"DATE: Apr-02<br>Value: -2.5 °C<br>Anomaly: +4.9 °C<br>Weather station: NA (ECCC AES NA; station_id 2855)","DATE: Apr-02<br><b>Minimum temperature</b><br>10-90 percentile<br>-17.0 to -1.1 °C","Historical daily maximum<br>2.0 °C<br>1991-04-02","DATE: Apr-02</b><br>Normal: -7.4 °C<br>Period: 1991-2020","4010879","BROADVIEW",1967,2026
"04-02","VPD",2001-04-02,0.54717118200919,0.0442229335284178,1.8604072932741,0.447000469714186,0.140505340418285,0.292498976754919,0.553604621969525,1.1966476213136,0.107052130313721,"NA (ECCC AES NA; station_id 2855)",NA,2855,"",4,2016-04-02,"DATE: Apr-02<br>Value: 0.1 kPa<br>Anomaly: -0.4 kPa<br>Weather station: NA (ECCC AES NA; station_id 2855)","DATE: Apr-02<br><b>Vapour pressure deficit</b><br>10-90 percentile<br>0.1 to 1.2 kPa","Historical daily maximum<br>1.9 kPa<br>2016-04-02","DATE: Apr-02</b><br>Normal: 0.5 kPa<br>Period: 1991-2020","4010879","BROADVIEW",1967,2026
"04-03","TMAX",2001-04-03,3.86,-8.8,16.1,7.12381145561647,-5.57,-0.925,9.5,12.48,4.6,"NA (ECCC AES NA; station_id 2855)",NA,2855,"",4,1988-04-03,"DATE: Apr-03<br>Value: 4.6 °C<br>Anomaly: +0.7 °C<br>Weather station: NA (ECCC AES NA; station_id 2855)","DATE: Apr-03<br><b>Maximum temperature</b><br>10-90 percentile<br>-5.6 to 12.5 °C","Historical daily maximum<br>16.1 °C<br>1988-04-03","DATE: Apr-03</b><br>Normal: 3.9 °C<br>Period: 1991-2020","4010879","BROADVIEW",1967,2026
"04-03","TMIN",2001-04-03,-8.19333333333333,-20.6,-0.2,6.08457253950561,-18.6,-12.1,-4.075,-1.3,-6,"NA (ECCC AES NA; station_id 2855)",NA,2855,"",4,1990-04-03,"DATE: Apr-03<br>Value: -6.0 °C<br>Anomaly: +2.2 °C<br>Weather station: NA (ECCC AES NA; station_id 2855)","DATE: Apr-03<br><b>Minimum temperature</b><br>10-90 percentile<br>-18.6 to -1.3 °C","Historical daily maximum<br>-0.2 °C<br>1990-04-03","DATE: Apr-03</b><br>Normal: -8.2 °C<br>Period: 1991-2020","4010879","BROADVIEW",1967,2026
"04-03","VPD",2001-04-03,0.532942191597531,0.0481361696522365,1.33663946522739,0.330833655081124,0.171009017344075,0.280197687056691,0.681188738190041,1.04962706226714,0.458005177685717,"NA (ECCC AES NA; station_id 2855)",NA,2855,"",4,1988-04-03,"DATE: Apr-03<br>Value: 0.5 kPa<br>Anomaly: -0.1 kPa<br>Weather station: NA (ECCC AES NA; station_id 2855)","DATE: Apr-03<br><b>Vapour pressure deficit</b><br>10-90 percentile<br>0.2 to 1.0 kPa","Historical daily maximum<br>1.3 kPa<br>1988-04-03","DATE: Apr-03</b><br>Normal: 0.5 kPa<br>Period: 1991-2020","4010879","BROADVIEW",1967,2026
"04-04","TMAX",2001-04-04,5.15666666666667,-6.6,18.6,8.04065889105481,-3.44,-1.775,12.15,16.72,6.1,"NA (ECCC AES NA; station_id 2855)",NA,2855,"",4,1991-04-04,"DATE: Apr-04<br>Value: 6.1 °C<br>Anomaly: +0.9 °C<br>Weather station: NA (ECCC AES NA; station_id 2855)","DATE: Apr-04<br><b>Maximum temperature</b><br>10-90 percentile<br>-3.4 to 16.7 °C","Historical daily maximum<br>18.6 °C<br>1991-04-04","DATE: Apr-04</b><br>Normal: 5.2 °C<br>Period: 1991-2020","4010879","BROADVIEW",1967,2026
"04-04","TMIN",2001-04-04,-7.42,-20.5,1.7,6.92314459147596,-17.15,-13.3,-1.85,0.21,-4.6,"NA (ECCC AES NA; station_id 2855)",NA,2855,"",4,1988-04-04,"DATE: Apr-04<br>Value: -4.6 °C<br>Anomaly: +2.8 °C<br>Weather station: NA (ECCC AES NA; station_id 2855)","DATE: Apr-04<br><b>Minimum temperature</b><br>10-90 percentile<br>-17.2 to 0.2 °C","Historical daily maximum<br>1.7 °C<br>1988-04-04","DATE: Apr-04</b><br>Normal: -7.4 °C<br>Period: 1991-2020","4010879","BROADVIEW",1967,2026
"04-04","VPD",2001-04-04,0.616936692410549,0.122973262109843,1.53235291446929,0.433666645053472,0.245575234926378,0.294388710085556,0.825323213563548,1.36991664221509,0.507458710405595,"NA (ECCC AES NA; station_id 2855)",NA,2855,"",4,1991-04-04,"DATE: Apr-04<br>Value: 0.5 kPa<br>Anomaly: -0.1 kPa<br>Weather station: NA (ECCC AES NA; station_id 2855)","DATE: Apr-04<br><b>Vapour pressure deficit</b><br>10-90 percentile<br>0.2 to 1.4 kPa","Historical daily maximum<br>1.5 kPa<br>1991-04-04","DATE: Apr-04</b><br>Normal: 0.6 kPa<br>Period: 1991-2020","4010879","BROADVIEW",1967,2026
"04-05","TMAX",2001-04-05,4.29666666666667,-7.7,19.5,7.08833346170789,-3.69,-0.75,8.625,13.96,2.7,"NA (ECCC AES NA; station_id 2855)",NA,2855,"",4,1987-04-05,"DATE: Apr-05<br>Value: 2.7 °C<br>Anomaly: -1.6 °C<br>Weather station: NA (ECCC AES NA; station_id 2855)","DATE: Apr-05<br><b>Maximum temperature</b><br>10-90 percentile<br>-3.7 to 14.0 °C","Historical daily maximum<br>19.5 °C<br>1987-04-05","DATE: Apr-05</b><br>Normal: 4.3 °C<br>Period: 1991-2020","4010879","BROADVIEW",1967,2026
"04-05","TMIN",2001-04-05,-6.15333333333333,-19.5,6,5.69608052377539,-12.63,-10.675,-1.8,0.230000000000002,-7.8,"NA (ECCC AES NA; station_id 2855)",NA,2855,"",4,1991-04-05,"DATE: Apr-05<br>Value: -7.8 °C<br>Anomaly: -1.6 °C<br>Weather station: NA (ECCC AES NA; station_id 2855)","DATE: Apr-05<br><b>Minimum temperature</b><br>10-90 percentile<br>-12.6 to 0.2 °C","Historical daily maximum<br>6.0 °C<br>1991-04-05","DATE: Apr-05</b><br>Normal: -6.2 °C<br>Period: 1991-2020","4010879","BROADVIEW",1967,2026
"04-05","VPD",2001-04-05,0.507583407393998,0.0951736301879963,1.42413586913813,0.35076319534609,0.186322507888923,0.253798829598884,0.629214575816527,0.988277773641468,0.402167324049225,"NA (ECCC AES NA; station_id 2855)",NA,2855,"",4,1987-04-05,"DATE: Apr-05<br>Value: 0.4 kPa<br>Anomaly: -0.1 kPa<br>Weather station: NA (ECCC AES NA; station_id 2855)","DATE: Apr-05<br><b>Vapour pressure deficit</b><br>10-90 percentile<br>0.2 to 1.0 kPa","Historical daily maximum<br>1.4 kPa<br>1987-04-05","DATE: Apr-05</b><br>Normal: 0.5 kPa<br>Period: 1991-2020","4010879","BROADVIEW",1967,2026
"04-06","TMAX",2001-04-06,5.29,-10.5,17.8,7.08346058033102,-1.44,1.05,9.9,15.84,0.7,"NA (ECCC AES NA; station_id 2855)",NA,2855,"",4,1987-04-06,"DATE: Apr-06<br>Value: 0.7 °C<br>Anomaly: -4.6 °C<br>Weather station: NA (ECCC AES NA; station_id 2855)","DATE: Apr-06<br><b>Maximum temperature</b><br>10-90 percentile<br>-1.4 to 15.8 °C","Historical daily maximum<br>17.8 °C<br>1987-04-06","DATE: Apr-06</b><br>Normal: 5.3 °C<br>Period: 1991-2020","4010879","BROADVIEW",1967,2026
"04-06","TMIN",2001-04-06,-6.29,-21.6,3,5.40780725528793,-13.3,-9.175,-2.85,-1.12,-10.9,"NA (ECCC AES NA; station_id 2855)",NA,2855,"",4,1984-04-06,"DATE: Apr-06<br>Value: -10.9 °C<br>Anomaly: -4.6 °C<br>Weather station: NA (ECCC AES NA; station_id 2855)","DATE: Apr-06<br><b>Minimum temperature</b><br>10-90 percentile<br>-13.3 to -1.1 °C","Historical daily maximum<br>3.0 °C<br>1984-04-06","DATE: Apr-06</b><br>Normal: -6.3 °C<br>Period: 1991-2020","4010879","BROADVIEW",1967,2026
"04-06","VPD",2001-04-06,0.576174664209942,0.128602162570146,1.44560119691495,0.381563499383108,0.164035039328064,0.257969850914335,0.728652471866084,1.26223623298991,0.376676706788037,"NA (ECCC AES NA; station_id 2855)",NA,2855,"",4,1987-04-06,"DATE: Apr-06<br>Value: 0.4 kPa<br>Anomaly: -0.2 kPa<br>Weather station: NA (ECCC AES NA; station_id 2855)","DATE: Apr-06<br><b>Vapour pressure deficit</b><br>10-90 percentile<br>0.2 to 1.3 kPa","Historical daily maximum<br>1.4 kPa<br>1987-04-06","DATE: Apr-06</b><br>Normal: 0.6 kPa<br>Period: 1991-2020","4010879","BROADVIEW",1967,2026
"04-07","TMAX",2001-04-07,5.85333333333333,-12.8,23.8,7.61422141890371,-1.58,1.9,8.8,15.18,5.6,"NA (ECCC AES NA; station_id 2855)",NA,2855,"",4,2005-04-07,"DATE: Apr-07<br>Value: 5.6 °C<br>Anomaly: -0.3 °C<br>Weather station: NA (ECCC AES NA; station_id 2855)","DATE: Apr-07<br><b>Maximum temperature</b><br>10-90 percentile<br>-1.6 to 15.2 °C","Historical daily maximum<br>23.8 °C<br>2005-04-07","DATE: Apr-07</b><br>Normal: 5.9 °C<br>Period: 1991-2020","4010879","BROADVIEW",1967,2026
"04-07","TMIN",2001-04-07,-5.64333333333333,-22.9,4.7,5.64866070994638,-11.86,-7.9,-2.275,0.770000000000001,-5,"NA (ECCC AES NA; station_id 2855)",NA,2855,"",4,1987-04-07,"DATE: Apr-07<br>Value: -5.0 °C<br>Anomaly: +0.6 °C<br>Weather station: NA (ECCC AES NA; station_id 2855)","DATE: Apr-07<br><b>Minimum temperature</b><br>10-90 percentile<br>-11.9 to 0.8 °C","Historical daily maximum<br>4.7 °C<br>1987-04-07","DATE: Apr-07</b><br>Normal: -5.6 °C<br>Period: 1991-2020","4010879","BROADVIEW",1967,2026
"04-07","VPD",2001-04-07,0.611575919970205,0.0670644981693314,2.21699039480445,0.47715749501515,0.225604808376218,0.304773144953527,0.769115283387011,1.14942057155385,0.48835097072424,"NA (ECCC AES NA; station_id 2855)",NA,2855,"",4,2005-04-07,"DATE: Apr-07<br>Value: 0.5 kPa<br>Anomaly: -0.1 kPa<br>Weather station: NA (ECCC AES NA; station_id 2855)","DATE: Apr-07<br><b>Vapour pressure deficit</b><br>10-90 percentile<br>0.2 to 1.1 kPa","Historical daily maximum<br>2.2 kPa<br>2005-04-07","DATE: Apr-07</b><br>Normal: 0.6 kPa<br>Period: 1991-2020","4010879","BROADVIEW",1967,2026
"04-08","TMAX",2001-04-08,6.53,-8.2,22.4,7.83969343172603,-3.76,1.575,11.775,16.46,1.4,"NA (ECCC AES NA; station_id 2855)",NA,2855,"",4,1977-04-08,"DATE: Apr-08<br>Value: 1.4 °C<br>Anomaly: -5.1 °C<br>Weather station: NA (ECCC AES NA; station_id 2855)","DATE: Apr-08<br><b>Maximum temperature</b><br>10-90 percentile<br>-3.8 to 16.5 °C","Historical daily maximum<br>22.4 °C<br>1977-04-08","DATE: Apr-08</b><br>Normal: 6.5 °C<br>Period: 1991-2020","4010879","BROADVIEW",1967,2026
"04-08","TMIN",2001-04-08,-5.88,-16.8,5.3,5.30155474918638,-14.17,-7.55,-2.925,-0.999999999999999,-6,"NA (ECCC AES NA; station_id 2855)",NA,2855,"",4,2005-04-08,"DATE: Apr-08<br>Value: -6.0 °C<br>Anomaly: -0.1 °C<br>Weather station: NA (ECCC AES NA; station_id 2855)","DATE: Apr-08<br><b>Minimum temperature</b><br>10-90 percentile<br>-14.2 to -1.0 °C","Historical daily maximum<br>5.3 °C<br>2005-04-08","DATE: Apr-08</b><br>Normal: -5.9 °C<br>Period: 1991-2020","4010879","BROADVIEW",1967,2026
"04-08","VPD",2001-04-08,0.671671586468968,0.149144894864811,1.81833453653276,0.442443412132786,0.188110718632972,0.295910252426674,0.891365597213838,1.31328677711674,0.285662945993647,"NA (ECCC AES NA; station_id 2855)",NA,2855,"",4,1977-04-08,"DATE: Apr-08<br>Value: 0.3 kPa<br>Anomaly: -0.4 kPa<br>Weather station: NA (ECCC AES NA; station_id 2855)","DATE: Apr-08<br><b>Vapour pressure deficit</b><br>10-90 percentile<br>0.2 to 1.3 kPa","Historical daily maximum<br>1.8 kPa<br>1977-04-08","DATE: Apr-08</b><br>Normal: 0.7 kPa<br>Period: 1991-2020","4010879","BROADVIEW",1967,2026
"04-09","TMAX",2001-04-09,6.14,-4.2,21.9,6.58397217910073,-2.52,0.475,10.875,12.96,5.5,"NA (ECCC AES NA; station_id 2855)",NA,2855,"",4,1977-04-09,"DATE: Apr-09<br>Value: 5.5 °C<br>Anomaly: -0.6 °C<br>Weather station: NA (ECCC AES NA; station_id 2855)","DATE: Apr-09<br><b>Maximum temperature</b><br>10-90 percentile<br>-2.5 to 13.0 °C","Historical daily maximum<br>21.9 °C<br>1977-04-09","DATE: Apr-09</b><br>Normal: 6.1 °C<br>Period: 1991-2020","4010879","BROADVIEW",1967,2026
"04-09","TMIN",2001-04-09,-5.12,-18,5.9,5.90110451379728,-12.54,-8.7,-0.6,1.99,-5.9,"NA (ECCC AES NA; station_id 2855)",NA,2855,"",4,2005-04-09,"DATE: Apr-09<br>Value: -5.9 °C<br>Anomaly: -0.8 °C<br>Weather station: NA (ECCC AES NA; station_id 2855)","DATE: Apr-09<br><b>Minimum temperature</b><br>10-90 percentile<br>-12.5 to 2.0 °C","Historical daily maximum<br>5.9 °C<br>2005-04-09","DATE: Apr-09</b><br>Normal: -5.1 °C<br>Period: 1991-2020","4010879","BROADVIEW",1967,2026
"04-09","VPD",2001-04-09,0.579555253426059,0.0734715135877546,1.699203660216,0.341674321264236,0.263014990137784,0.341301567528646,0.725673727552113,0.929583776389556,0.50998261879143,"NA (ECCC AES NA; station_id 2855)",NA,2855,"",4,1977-04-09,"DATE: Apr-09<br>Value: 0.5 kPa<br>Anomaly: -0.1 kPa<br>Weather station: NA (ECCC AES NA; station_id 2855)","DATE: Apr-09<br><b>Vapour pressure deficit</b><br>10-90 percentile<br>0.3 to 0.9 kPa","Historical daily maximum<br>1.7 kPa<br>1977-04-09","DATE: Apr-09</b><br>Normal: 0.6 kPa<br>Period: 1991-2020","4010879","BROADVIEW",1967,2026
"04-10","TMAX",2001-04-10,6.87333333333333,-1.2,18.8,5.35137322584576,0.77,2.525,11,14.03,10.4,"NA (ECCC AES NA; station_id 2855)",NA,2855,"",4,1971-04-10,"DATE: Apr-10<br>Value: 10.4 °C<br>Anomaly: +3.5 °C<br>Weather station: NA (ECCC AES NA; station_id 2855)","DATE: Apr-10<br><b>Maximum temperature</b><br>10-90 percentile<br>0.8 to 14.0 °C","Historical daily maximum<br>18.8 °C<br>1971-04-10","DATE: Apr-10</b><br>Normal: 6.9 °C<br>Period: 1991-2020","4010879","BROADVIEW",1967,2026
"04-10","TMIN",2001-04-10,-4.62333333333333,-22.4,3.2,5.31067132150517,-9.9,-8.3,-0.525,0.83,-4.9,"NA (ECCC AES NA; station_id 2855)",NA,2855,"",4,1986-04-10,"DATE: Apr-10<br>Value: -4.9 °C<br>Anomaly: -0.3 °C<br>Weather station: NA (ECCC AES NA; station_id 2855)","DATE: Apr-10<br><b>Minimum temperature</b><br>10-90 percentile<br>-9.9 to 0.8 °C","Historical daily maximum<br>3.2 °C<br>1986-04-10","DATE: Apr-10</b><br>Normal: -4.6 °C<br>Period: 1991-2020","4010879","BROADVIEW",1967,2026
"04-10","VPD",2001-04-10,0.592474436386028,0.134555538197773,1.59819241874934,0.351253249699373,0.241494612517132,0.371157769085598,0.684874032682926,1.03047662091081,0.836881742047969,"NA (ECCC AES NA; station_id 2855)",NA,2855,"",4,1971-04-10,"DATE: Apr-10<br>Value: 0.8 kPa<br>Anomaly: +0.2 kPa<br>Weather station: NA (ECCC AES NA; station_id 2855)","DATE: Apr-10<br><b>Vapour pressure deficit</b><br>10-90 percentile<br>0.2 to 1.0 kPa","Historical daily maximum<br>1.6 kPa<br>1971-04-10","DATE: Apr-10</b><br>Normal: 0.6 kPa<br>Period: 1991-2020","4010879","BROADVIEW",1967,2026
"04-11","TMAX",2001-04-11,7.84666666666667,-3.6,21.6,6.21415144335247,0.33,4.025,10.7,17.17,15.3,"NA (ECCC AES NA; station_id 2855)",NA,2855,"",4,1988-04-11,"DATE: Apr-11<br>Value: 15.3 °C<br>Anomaly: +7.5 °C<br>Weather station: NA (ECCC AES NA; station_id 2855)","DATE: Apr-11<br><b>Maximum temperature</b><br>10-90 percentile<br>0.3 to 17.2 °C","Historical daily maximum<br>21.6 °C<br>1988-04-11","DATE: Apr-11</b><br>Normal: 7.8 °C<br>Period: 1991-2020","4010879","BROADVIEW",1967,2026
"04-11","TMIN",2001-04-11,-3.76333333333333,-12.5,4,4.49325036589046,-10.56,-6.875,-0.95,1.31,-0.2,"NA (ECCC AES NA; station_id 2855)",NA,2855,"",4,1994-04-11,"DATE: Apr-11<br>Value: -0.2 °C<br>Anomaly: +3.6 °C<br>Weather station: NA (ECCC AES NA; station_id 2855)","DATE: Apr-11<br><b>Minimum temperature</b><br>10-90 percentile<br>-10.6 to 1.3 °C","Historical daily maximum<br>4.0 °C<br>1994-04-11","DATE: Apr-11</b><br>Normal: -3.8 °C<br>Period: 1991-2020","4010879","BROADVIEW",1967,2026
"04-11","VPD",2001-04-11,0.664210409473973,0.171265892354543,1.92816778667954,0.438503174111001,0.229076521100305,0.322798133781529,0.727074049739829,1.19100526253181,1.13659734461435,"NA (ECCC AES NA; station_id 2855)",NA,2855,"",4,1988-04-11,"DATE: Apr-11<br>Value: 1.1 kPa<br>Anomaly: +0.5 kPa<br>Weather station: NA (ECCC AES NA; station_id 2855)","DATE: Apr-11<br><b>Vapour pressure deficit</b><br>10-90 percentile<br>0.2 to 1.2 kPa","Historical daily maximum<br>1.9 kPa<br>1988-04-11","DATE: Apr-11</b><br>Normal: 0.7 kPa<br>Period: 1991-2020","4010879","BROADVIEW",1967,2026
"04-12","TMAX",2001-04-12,9.48666666666667,-2.4,21.4,6.41677399522121,1.69,4.875,14.6,16.29,5.4,"NA (ECCC AES NA; station_id 2855)",NA,2855,"",4,2003-04-12,"DATE: Apr-12<br>Value: 5.4 °C<br>Anomaly: -4.1 °C<br>Weather station: NA (ECCC AES NA; station_id 2855)","DATE: Apr-12<br><b>Maximum temperature</b><br>10-90 percentile<br>1.7 to 16.3 °C","Historical daily maximum<br>21.4 °C<br>2003-04-12","DATE: Apr-12</b><br>Normal: 9.5 °C<br>Period: 1991-2020","4010879","BROADVIEW",1967,2026
"04-12","TMIN",2001-04-12,-2.41666666666667,-13,5.4,4.39279059316539,-7.9,-4.175,0.025,2.77,-2,"NA (ECCC AES NA; station_id 2855)",NA,2855,"",4,2003-04-12,"DATE: Apr-12<br>Value: -2.0 °C<br>Anomaly: +0.4 °C<br>Weather station: NA (ECCC AES NA; station_id 2855)","DATE: Apr-12<br><b>Minimum temperature</b><br>10-90 percentile<br>-7.9 to 2.8 °C","Historical daily maximum<br>5.4 °C<br>2003-04-12","DATE: Apr-12</b><br>Normal: -2.4 °C<br>Period: 1991-2020","4010879","BROADVIEW",1967,2026
"04-12","VPD",2001-04-12,0.747100002610275,0.0838616449974934,1.65180120856804,0.424232469733536,0.251968130843473,0.387606017012975,1.09455215877516,1.25638366683096,0.369559385448544,"NA (ECCC AES NA; station_id 2855)",NA,2855,"",4,2003-04-12,"DATE: Apr-12<br>Value: 0.4 kPa<br>Anomaly: -0.4 kPa<br>Weather station: NA (ECCC AES NA; station_id 2855)","DATE: Apr-12<br><b>Vapour pressure deficit</b><br>10-90 percentile<br>0.3 to 1.3 kPa","Historical daily maximum<br>1.7 kPa<br>2003-04-12","DATE: Apr-12</b><br>Normal: 0.7 kPa<br>Period: 1991-2020","4010879","BROADVIEW",1967,2026
"04-13","TMAX",2001-04-13,9.11,-8.3,20.2,7.15095122681422,-1.9,4.975,14.175,17.42,6,"NA (ECCC AES NA; station_id 2855)",NA,2855,"",4,2016-04-13,"DATE: Apr-13<br>Value: 6.0 °C<br>Anomaly: -3.1 °C<br>Weather station: NA (ECCC AES NA; station_id 2855)","DATE: Apr-13<br><b>Maximum temperature</b><br>10-90 percentile<br>-1.9 to 17.4 °C","Historical daily maximum<br>20.2 °C<br>2016-04-13","DATE: Apr-13</b><br>Normal: 9.1 °C<br>Period: 1991-2020","4010879","BROADVIEW",1967,2026
"04-13","TMIN",2001-04-13,-2.80666666666667,-13.6,4.2,4.88071033081593,-9.28,-4.925,1.125,2.43,-4.3,"NA (ECCC AES NA; station_id 2855)",NA,2855,"",4,1994-04-13,"DATE: Apr-13<br>Value: -4.3 °C<br>Anomaly: -1.5 °C<br>Weather station: NA (ECCC AES NA; station_id 2855)","DATE: Apr-13<br><b>Minimum temperature</b><br>10-90 percentile<br>-9.3 to 2.4 °C","Historical daily maximum<br>4.2 °C<br>1994-04-13","DATE: Apr-13</b><br>Normal: -2.8 °C<br>Period: 1991-2020","4010879","BROADVIEW",1967,2026
"04-13","VPD",2001-04-13,0.74154222881536,0.107565579736036,1.7870124349136,0.442454023435362,0.265429267888955,0.301832756093096,1.0426270039641,1.33525437305943,0.491008038739398,"NA (ECCC AES NA; station_id 2855)",NA,2855,"",4,2016-04-13,"DATE: Apr-13<br>Value: 0.5 kPa<br>Anomaly: -0.3 kPa<br>Weather station: NA (ECCC AES NA; station_id 2855)","DATE: Apr-13<br><b>Vapour pressure deficit</b><br>10-90 percentile<br>0.3 to 1.3 kPa","Historical daily maximum<br>1.8 kPa<br>2016-04-13","DATE: Apr-13</b><br>Normal: 0.7 kPa<br>Period: 1991-2020","4010879","BROADVIEW",1967,2026
"04-14","TMAX",2001-04-14,10.38,-3.6,26.7,8.01078583256177,-0.53,3.375,17.875,19.03,15.8,"NA (ECCC AES NA; station_id 2855)",NA,2855,"",4,2008-04-14,"DATE: Apr-14<br>Value: 15.8 °C<br>Anomaly: +5.4 °C<br>Weather station: NA (ECCC AES NA; station_id 2855)","DATE: Apr-14<br><b>Maximum temperature</b><br>10-90 percentile<br>-0.5 to 19.0 °C","Historical daily maximum<br>26.7 °C<br>2008-04-14","DATE: Apr-14</b><br>Normal: 10.4 °C<br>Period: 1991-2020","4010879","BROADVIEW",1967,2026
"04-14","TMIN",2001-04-14,-2.5,-15.6,6.7,5.55294268057875,-9.4,-4.375,0.875,2.72,0,"NA (ECCC AES NA; station_id 2855)",NA,2855,"",4,2008-04-14,"DATE: Apr-14<br>Value: 0.0 °C<br>Anomaly: +2.5 °C<br>Weather station: NA (ECCC AES NA; station_id 2855)","DATE: Apr-14<br><b>Minimum temperature</b><br>10-90 percentile<br>-9.4 to 2.7 °C","Historical daily maximum<br>6.7 °C<br>2008-04-14","DATE: Apr-14</b><br>Normal: -2.5 °C<br>Period: 1991-2020","4010879","BROADVIEW",1967,2026
"04-14","VPD",2001-04-14,0.873959067471383,0.151397277963122,2.52166194593728,0.608154679517646,0.33713104978858,0.397007391640828,1.31587792587396,1.66539486645526,1.18438828168672,"NA (ECCC AES NA; station_id 2855)",NA,2855,"",4,2008-04-14,"DATE: Apr-14<br>Value: 1.2 kPa<br>Anomaly: +0.3 kPa<br>Weather station: NA (ECCC AES NA; station_id 2855)","DATE: Apr-14<br><b>Vapour pressure deficit</b><br>10-90 percentile<br>0.3 to 1.7 kPa","Historical daily maximum<br>2.5 kPa<br>2008-04-14","DATE: Apr-14</b><br>Normal: 0.9 kPa<br>Period: 1991-2020","4010879","BROADVIEW",1967,2026
"04-15","TMAX",2001-04-15,8.53333333333333,-5.6,26.4,7.2560715757663,1.1,2.95,13.45,17.83,15.7,"NA (ECCC AES NA; station_id 2855)",NA,2855,"",4,2006-04-15,"DATE: Apr-15<br>Value: 15.7 °C<br>Anomaly: +7.2 °C<br>Weather station: NA (ECCC AES NA; station_id 2855)","DATE: Apr-15<br><b>Maximum temperature</b><br>10-90 percentile<br>1.1 to 17.8 °C","Historical daily maximum<br>26.4 °C<br>2006-04-15","DATE: Apr-15</b><br>Normal: 8.5 °C<br>Period: 1991-2020","4010879","BROADVIEW",1967,2026
"04-15","TMIN",2001-04-15,-2.37333333333333,-11.5,4.8,4.38657303467134,-8.7,-5.425,0.3,2.99,-5.8,"NA (ECCC AES NA; station_id 2855)",NA,2855,"",4,2015-04-15,"DATE: Apr-15<br>Value: -5.8 °C<br>Anomaly: -3.4 °C<br>Weather station: NA (ECCC AES NA; station_id 2855)","DATE: Apr-15<br><b>Minimum temperature</b><br>10-90 percentile<br>-8.7 to 3.0 °C","Historical daily maximum<br>4.8 °C<br>2015-04-15","DATE: Apr-15</b><br>Normal: -2.4 °C<br>Period: 1991-2020","4010879","BROADVIEW",1967,2026
"04-15","VPD",2001-04-15,0.698924241997522,0.103024153469228,2.63986265531046,0.543230558282809,0.188682502528753,0.362030588116539,0.878836625164665,1.18591319902177,1.3874692903324,"NA (ECCC AES NA; station_id 2855)",NA,2855,"",4,2006-04-15,"DATE: Apr-15<br>Value: 1.4 kPa<br>Anomaly: +0.7 kPa<br>Weather station: NA (ECCC AES NA; station_id 2855)","DATE: Apr-15<br><b>Vapour pressure deficit</b><br>10-90 percentile<br>0.2 to 1.2 kPa","Historical daily maximum<br>2.6 kPa<br>2006-04-15","DATE: Apr-15</b><br>Normal: 0.7 kPa<br>Period: 1991-2020","4010879","BROADVIEW",1967,2026
"04-16","TMAX",2001-04-16,8.72333333333333,-1.3,21.6,6.356516251106,-0.22,3.425,13.375,16.99,-5.6,"NA (ECCC AES NA; station_id 2855)",NA,2855,"",4,1977-04-16,"DATE: Apr-16<br>Value: -5.6 °C<br>Anomaly: -14.3 °C<br>Weather station: NA (ECCC AES NA; station_id 2855)","DATE: Apr-16<br><b>Maximum temperature</b><br>10-90 percentile<br>-0.2 to 17.0 °C","Historical daily maximum<br>21.6 °C<br>1977-04-16","DATE: Apr-16</b><br>Normal: 8.7 °C<br>Period: 1991-2020","4010879","BROADVIEW",1967,2026
"04-16","TMIN",2001-04-16,-3.43666666666667,-11,8.7,3.95452454383787,-8.64,-6.275,-0.925,0.0100000000000001,-11,"NA (ECCC AES NA; station_id 2855)",NA,2855,"",4,2006-04-16,"DATE: Apr-16<br>Value: -11.0 °C<br>Anomaly: -7.6 °C<br>Weather station: NA (ECCC AES NA; station_id 2855)","DATE: Apr-16<br><b>Minimum temperature</b><br>10-90 percentile<br>-8.6 to 0.0 °C","Historical daily maximum<br>8.7 °C<br>2006-04-16","DATE: Apr-16</b><br>Normal: -3.4 °C<br>Period: 1991-2020","4010879","BROADVIEW",1967,2026
"04-16","VPD",2001-04-16,0.724948713607324,0.182426965457763,1.57355193685469,0.430575188982345,0.233192777561634,0.372130135331947,1.0482976303225,1.37861573633815,0.138537286132124,"NA (ECCC AES NA; station_id 2855)",NA,2855,"",4,1977-04-16,"DATE: Apr-16<br>Value: 0.1 kPa<br>Anomaly: -0.6 kPa<br>Weather station: NA (ECCC AES NA; station_id 2855)","DATE: Apr-16<br><b>Vapour pressure deficit</b><br>10-90 percentile<br>0.2 to 1.4 kPa","Historical daily maximum<br>1.6 kPa<br>1977-04-16","DATE: Apr-16</b><br>Normal: 0.7 kPa<br>Period: 1991-2020","4010879","BROADVIEW",1967,2026
"04-17","TMAX",2001-04-17,11.6266666666667,-0.5,25.8,6.70501270709451,3.72,7.175,15.525,19.07,-6.4,"NA (ECCC AES NA; station_id 2855)",NA,2855,"",4,1994-04-17,"DATE: Apr-17<br>Value: -6.4 °C<br>Anomaly: -18.0 °C<br>Weather station: NA (ECCC AES NA; station_id 2855)","DATE: Apr-17<br><b>Maximum temperature</b><br>10-90 percentile<br>3.7 to 19.1 °C","Historical daily maximum<br>25.8 °C<br>1994-04-17","DATE: Apr-17</b><br>Normal: 11.6 °C<br>Period: 1991-2020","4010879","BROADVIEW",1967,2026
"04-17","TMIN",2001-04-17,-2.22666666666667,-11.6,5,4.52486870324534,-8.64,-5.075,1.4,2.97,-11,"NA (ECCC AES NA; station_id 2855)",NA,2855,"",4,1987-04-17,"DATE: Apr-17<br>Value: -11.0 °C<br>Anomaly: -8.8 °C<br>Weather station: NA (ECCC AES NA; station_id 2855)","DATE: Apr-17<br><b>Minimum temperature</b><br>10-90 percentile<br>-8.6 to 3.0 °C","Historical daily maximum<br>5.0 °C<br>1987-04-17","DATE: Apr-17</b><br>Normal: -2.2 °C<br>Period: 1991-2020","4010879","BROADVIEW",1967,2026
"04-17","VPD",2001-04-17,0.943171077228523,0.214533459088729,2.64599255211318,0.592501585187996,0.316821930835524,0.464813145976619,1.18016164318832,1.61997757144889,0.114619848793696,"NA (ECCC AES NA; station_id 2855)",NA,2855,"",4,1994-04-17,"DATE: Apr-17<br>Value: 0.1 kPa<br>Anomaly: -0.8 kPa<br>Weather station: NA (ECCC AES NA; station_id 2855)","DATE: Apr-17<br><b>Vapour pressure deficit</b><br>10-90 percentile<br>0.3 to 1.6 kPa","Historical daily maximum<br>2.6 kPa<br>1994-04-17","DATE: Apr-17</b><br>Normal: 0.9 kPa<br>Period: 1991-2020","4010879","BROADVIEW",1967,2026
"04-18","TMAX",2001-04-18,10.16,2,20.7,5.89456792602161,3.83,4.95,15.05,17.93,0.6,"NA (ECCC AES NA; station_id 2855)",NA,2855,"",4,1980-04-18,"DATE: Apr-18<br>Value: 0.6 °C<br>Anomaly: -9.6 °C<br>Weather station: NA (ECCC AES NA; station_id 2855)","DATE: Apr-18<br><b>Maximum temperature</b><br>10-90 percentile<br>3.8 to 17.9 °C","Historical daily maximum<br>20.7 °C<br>1980-04-18","DATE: Apr-18</b><br>Normal: 10.2 °C<br>Period: 1991-2020","4010879","BROADVIEW",1967,2026
"04-18","TMIN",2001-04-18,-1.19333333333333,-10.2,7.9,3.68706343607066,-4.59,-3.1,1.175,2.96,-11.1,"NA (ECCC AES NA; station_id 2855)",NA,2855,"",4,2005-04-18,"DATE: Apr-18<br>Value: -11.1 °C<br>Anomaly: -9.9 °C<br>Weather station: NA (ECCC AES NA; station_id 2855)","DATE: Apr-18<br><b>Minimum temperature</b><br>10-90 percentile<br>-4.6 to 3.0 °C","Historical daily maximum<br>7.9 °C<br>2005-04-18","DATE: Apr-18</b><br>Normal: -1.2 °C<br>Period: 1991-2020","4010879","BROADVIEW",1967,2026
"04-18","VPD",2001-04-18,0.749679712419252,0.242594627508251,1.90627479169962,0.455230147195424,0.306274323205232,0.402662100372763,0.963722366388571,1.54403079764727,0.376264767730541,"NA (ECCC AES NA; station_id 2855)",NA,2855,"",4,1980-04-18,"DATE: Apr-18<br>Value: 0.4 kPa<br>Anomaly: -0.4 kPa<br>Weather station: NA (ECCC AES NA; station_id 2855)","DATE: Apr-18<br><b>Vapour pressure deficit</b><br>10-90 percentile<br>0.3 to 1.5 kPa","Historical daily maximum<br>1.9 kPa<br>1980-04-18","DATE: Apr-18</b><br>Normal: 0.7 kPa<br>Period: 1991-2020","4010879","BROADVIEW",1967,2026
"04-19","TMAX",2001-04-19,10.95,-1.5,24.1,6.347345358766,3.71,5.825,14.75,19.03,7,"NA (ECCC AES NA; station_id 2855)",NA,2855,"",4,2019-04-19,"DATE: Apr-19<br>Value: 7.0 °C<br>Anomaly: -3.9 °C<br>Weather station: NA (ECCC AES NA; station_id 2855)","DATE: Apr-19<br><b>Maximum temperature</b><br>10-90 percentile<br>3.7 to 19.0 °C","Historical daily maximum<br>24.1 °C<br>2019-04-19","DATE: Apr-19</b><br>Normal: 10.9 °C<br>Period: 1991-2020","4010879","BROADVIEW",1967,2026
"04-19","TMIN",2001-04-19,-2.96333333333333,-11.4,4,3.81995516613276,-7.21,-6.7,-0.05,1.03,-11,"NA (ECCC AES NA; station_id 2855)",NA,2855,"",4,1969-04-19,"DATE: Apr-19<br>Value: -11.0 °C<br>Anomaly: -8.0 °C<br>Weather station: NA (ECCC AES NA; station_id 2855)","DATE: Apr-19<br><b>Minimum temperature</b><br>10-90 percentile<br>-7.2 to 1.0 °C","Historical daily maximum<br>4.0 °C<br>1969-04-19","DATE: Apr-19</b><br>Normal: -3.0 °C<br>Period: 1991-2020","4010879","BROADVIEW",1967,2026
"04-19","VPD",2001-04-19,0.902978906566914,0.089560145263603,2.18861344851691,0.529153336375599,0.35828814975258,0.470030184043866,1.15579529675844,1.56209963633778,0.738027443368586,"NA (ECCC AES NA; station_id 2855)",NA,2855,"",4,2019-04-19,"DATE: Apr-19<br>Value: 0.7 kPa<br>Anomaly: -0.2 kPa<br>Weather station: NA (ECCC AES NA; station_id 2855)","DATE: Apr-19<br><b>Vapour pressure deficit</b><br>10-90 percentile<br>0.4 to 1.6 kPa","Historical daily maximum<br>2.2 kPa<br>2019-04-19","DATE: Apr-19</b><br>Normal: 0.9 kPa<br>Period: 1991-2020","4010879","BROADVIEW",1967,2026
"04-20","TMAX",2001-04-20,11.8633333333333,-1,22.6,6.21014094644499,4.66,8.5,15.825,18.93,12.8,"NA (ECCC AES NA; station_id 2855)",NA,2855,"",4,1980-04-20,"DATE: Apr-20<br>Value: 12.8 °C<br>Anomaly: +0.9 °C<br>Weather station: NA (ECCC AES NA; station_id 2855)","DATE: Apr-20<br><b>Maximum temperature</b><br>10-90 percentile<br>4.7 to 18.9 °C","Historical daily maximum<br>22.6 °C<br>1980-04-20","DATE: Apr-20</b><br>Normal: 11.9 °C<br>Period: 1991-2020","4010879","BROADVIEW",1967,2026
"04-20","TMIN",2001-04-20,-1.60333333333333,-9.7,5.2,3.73727573040276,-5.22,-4.15,1.55,2.71,0.6,"NA (ECCC AES NA; station_id 2855)",NA,2855,"",4,1980-04-20,"DATE: Apr-20<br>Value: 0.6 °C<br>Anomaly: +2.2 °C<br>Weather station: NA (ECCC AES NA; station_id 2855)","DATE: Apr-20<br><b>Minimum temperature</b><br>10-90 percentile<br>-5.2 to 2.7 °C","Historical daily maximum<br>5.2 °C<br>1980-04-20","DATE: Apr-20</b><br>Normal: -1.6 °C<br>Period: 1991-2020","4010879","BROADVIEW",1967,2026
"04-20","VPD",2001-04-20,0.9251522367221,0.136882207276136,1.99510300280105,0.486484586308669,0.302720019161229,0.536846764653103,1.29160311702613,1.47382319544633,0.84029616015523,"NA (ECCC AES NA; station_id 2855)",NA,2855,"",4,1980-04-20,"DATE: Apr-20<br>Value: 0.8 kPa<br>Anomaly: -0.1 kPa<br>Weather station: NA (ECCC AES NA; station_id 2855)","DATE: Apr-20<br><b>Vapour pressure deficit</b><br>10-90 percentile<br>0.3 to 1.5 kPa","Historical daily maximum<br>2.0 kPa<br>1980-04-20","DATE: Apr-20</b><br>Normal: 0.9 kPa<br>Period: 1991-2020","4010879","BROADVIEW",1967,2026
"04-21","TMAX",2001-04-21,12.7933333333333,-0.2,23.8,6.22037438352905,4.36,9,17.6,19.65,25.6,"NA (ECCC AES NA; station_id 2855)",NA,2855,"",4,1980-04-21,"DATE: Apr-21<br>Value: 25.6 °C<br>Anomaly: +12.8 °C<br>Weather station: NA (ECCC AES NA; station_id 2855)","DATE: Apr-21<br><b>Maximum temperature</b><br>10-90 percentile<br>4.4 to 19.6 °C","Historical daily maximum<br>23.8 °C<br>1980-04-21","DATE: Apr-21</b><br>Normal: 12.8 °C<br>Period: 1991-2020","4010879","BROADVIEW",1967,2026
"04-21","TMIN",2001-04-21,-1.83,-9.7,6.3,3.24410871878708,-6.37,-3.35,-0.1,0.91,0.3,"NA (ECCC AES NA; station_id 2855)",NA,2855,"",4,1980-04-21,"DATE: Apr-21<br>Value: 0.3 °C<br>Anomaly: +2.1 °C<br>Weather station: NA (ECCC AES NA; station_id 2855)","DATE: Apr-21<br><b>Minimum temperature</b><br>10-90 percentile<br>-6.4 to 0.9 °C","Historical daily maximum<br>6.3 °C<br>1980-04-21","DATE: Apr-21</b><br>Normal: -1.8 °C<br>Period: 1991-2020","4010879","BROADVIEW",1967,2026
"04-21","VPD",2001-04-21,1.03278789165332,0.261256679246342,2.18670718035734,0.525273900947227,0.442845080556358,0.646560231246959,1.4313418507672,1.68269332777841,2.65850606290635,"NA (ECCC AES NA; station_id 2855)",NA,2855,"",4,1980-04-21,"DATE: Apr-21<br>Value: 2.7 kPa<br>Anomaly: +1.6 kPa<br>Weather station: NA (ECCC AES NA; station_id 2855)","DATE: Apr-21<br><b>Vapour pressure deficit</b><br>10-90 percentile<br>0.4 to 1.7 kPa","Historical daily maximum<br>2.2 kPa<br>1980-04-21","DATE: Apr-21</b><br>Normal: 1.0 kPa<br>Period: 1991-2020","4010879","BROADVIEW",1967,2026
"04-22","TMAX",2001-04-22,13.8433333333333,-0.6,25.2,6.10249713349935,6.25,10.325,18.25,20.26,18.2,"NA (ECCC AES NA; station_id 2855)",NA,2855,"",4,1989-04-22,"DATE: Apr-22<br>Value: 18.2 °C<br>Anomaly: +4.4 °C<br>Weather station: NA (ECCC AES NA; station_id 2855)","DATE: Apr-22<br><b>Maximum temperature</b><br>10-90 percentile<br>6.2 to 20.3 °C","Historical daily maximum<br>25.2 °C<br>1989-04-22","DATE: Apr-22</b><br>Normal: 13.8 °C<br>Period: 1991-2020","4010879","BROADVIEW",1967,2026
"04-22","TMIN",2001-04-22,-1.68,-11.1,6.3,3.51689518242127,-5.42,-3.625,1.38777878078145e-17,3.21,-0.3,"NA (ECCC AES NA; station_id 2855)",NA,2855,"",4,1989-04-22,"DATE: Apr-22<br>Value: -0.3 °C<br>Anomaly: +1.4 °C<br>Weather station: NA (ECCC AES NA; station_id 2855)","DATE: Apr-22<br><b>Minimum temperature</b><br>10-90 percentile<br>-5.4 to 3.2 °C","Historical daily maximum<br>6.3 °C<br>1989-04-22","DATE: Apr-22</b><br>Normal: -1.7 °C<br>Period: 1991-2020","4010879","BROADVIEW",1967,2026
"04-22","VPD",2001-04-22,1.12861872148455,0.186266037140298,2.25100236231627,0.523787301282055,0.52612138129845,0.737942282962733,1.55656557541675,1.64263845576576,1.49249546225162,"NA (ECCC AES NA; station_id 2855)",NA,2855,"",4,1990-04-22,"DATE: Apr-22<br>Value: 1.5 kPa<br>Anomaly: +0.4 kPa<br>Weather station: NA (ECCC AES NA; station_id 2855)","DATE: Apr-22<br><b>Vapour pressure deficit</b><br>10-90 percentile<br>0.5 to 1.6 kPa","Historical daily maximum<br>2.3 kPa<br>1990-04-22","DATE: Apr-22</b><br>Normal: 1.1 kPa<br>Period: 1991-2020","4010879","BROADVIEW",1967,2026
"04-23","TMAX",2001-04-23,13.5033333333333,3.2,23.9,5.89801154880906,5.54,9.2,18.5,21.9,6,"NA (ECCC AES NA; station_id 2855)",NA,2855,"",4,1982-04-23,"DATE: Apr-23<br>Value: 6.0 °C<br>Anomaly: -7.5 °C<br>Weather station: NA (ECCC AES NA; station_id 2855)","DATE: Apr-23<br><b>Maximum temperature</b><br>10-90 percentile<br>5.5 to 21.9 °C","Historical daily maximum<br>23.9 °C<br>1982-04-23","DATE: Apr-23</b><br>Normal: 13.5 °C<br>Period: 1991-2020","4010879","BROADVIEW",1967,2026
"04-23","TMIN",2001-04-23,-1.13333333333333,-11.5,5.7,4.16672643635292,-5.81,-3.175,1.8,3.7,-3.1,"NA (ECCC AES NA; station_id 2855)",NA,2855,"",4,1990-04-23,"DATE: Apr-23<br>Value: -3.1 °C<br>Anomaly: -2.0 °C<br>Weather station: NA (ECCC AES NA; station_id 2855)","DATE: Apr-23<br><b>Minimum temperature</b><br>10-90 percentile<br>-5.8 to 3.7 °C","Historical daily maximum<br>5.7 °C<br>1990-04-23","DATE: Apr-23</b><br>Normal: -1.1 °C<br>Period: 1991-2020","4010879","BROADVIEW",1967,2026
"04-23","VPD",2001-04-23,1.06297033582683,0.258810342609354,2.08044173322632,0.51707739870677,0.507494009155573,0.653838660598186,1.46094779802134,1.72562590170248,0.449126057511224,"NA (ECCC AES NA; station_id 2855)",NA,2855,"",4,1982-04-23,"DATE: Apr-23<br>Value: 0.4 kPa<br>Anomaly: -0.6 kPa<br>Weather station: NA (ECCC AES NA; station_id 2855)","DATE: Apr-23<br><b>Vapour pressure deficit</b><br>10-90 percentile<br>0.5 to 1.7 kPa","Historical daily maximum<br>2.1 kPa<br>1982-04-23","DATE: Apr-23</b><br>Normal: 1.1 kPa<br>Period: 1991-2020","4010879","BROADVIEW",1967,2026
"04-24","TMAX",2001-04-24,12,-1.5,24.7,6.88772020738157,2.06,8.725,17.275,18.61,-0.9,"NA (ECCC AES NA; station_id 2855)",NA,2855,"",4,1991-04-24,"DATE: Apr-24<br>Value: -0.9 °C<br>Anomaly: -12.9 °C<br>Weather station: NA (ECCC AES NA; station_id 2855)","DATE: Apr-24<br><b>Maximum temperature</b><br>10-90 percentile<br>2.1 to 18.6 °C","Historical daily maximum<br>24.7 °C<br>1991-04-24","DATE: Apr-24</b><br>Normal: 12.0 °C<br>Period: 1991-2020","4010879","BROADVIEW",1967,2026
"04-24","TMIN",2001-04-24,-0.746666666666667,-10.4,7.9,4.2204537534556,-6.33,-3.175,1.425,4.38,-6.4,"NA (ECCC AES NA; station_id 2855)",NA,2855,"",4,2003-04-24,"DATE: Apr-24<br>Value: -6.4 °C<br>Anomaly: -5.7 °C<br>Weather station: NA (ECCC AES NA; station_id 2855)","DATE: Apr-24<br><b>Minimum temperature</b><br>10-90 percentile<br>-6.3 to 4.4 °C","Historical daily maximum<br>7.9 °C<br>2003-04-24","DATE: Apr-24</b><br>Normal: -0.7 °C<br>Period: 1991-2020","4010879","BROADVIEW",1967,2026
"04-24","VPD",2001-04-24,0.921112340285693,0.103127492864711,2.51836365159711,0.557340276225194,0.282154761937896,0.570375478931141,1.1794532802719,1.51743381902339,0.19348159136303,"NA (ECCC AES NA; station_id 2855)",NA,2855,"",4,1991-04-24,"DATE: Apr-24<br>Value: 0.2 kPa<br>Anomaly: -0.7 kPa<br>Weather station: NA (ECCC AES NA; station_id 2855)","DATE: Apr-24<br><b>Vapour pressure deficit</b><br>10-90 percentile<br>0.3 to 1.5 kPa","Historical daily maximum<br>2.5 kPa<br>1991-04-24","DATE: Apr-24</b><br>Normal: 0.9 kPa<br>Period: 1991-2020","4010879","BROADVIEW",1967,2026
"04-25","TMAX",2001-04-25,12.1533333333333,2.7,22.7,5.65976320531433,4.96,7.875,15.85,20.3,-0.3,"NA (ECCC AES NA; station_id 2855)",NA,2855,"",4,1977-04-25,"DATE: Apr-25<br>Value: -0.3 °C<br>Anomaly: -12.5 °C<br>Weather station: NA (ECCC AES NA; station_id 2855)","DATE: Apr-25<br><b>Maximum temperature</b><br>10-90 percentile<br>5.0 to 20.3 °C","Historical daily maximum<br>22.7 °C<br>1977-04-25","DATE: Apr-25</b><br>Normal: 12.2 °C<br>Period: 1991-2020","4010879","BROADVIEW",1967,2026
"04-25","TMIN",2001-04-25,-0.94,-11.8,7.7,5.00086889002025,-7.59,-3.65,3.35,4.91,-7.7,"NA (ECCC AES NA; station_id 2855)",NA,2855,"",4,2001-04-25,"DATE: Apr-25<br>Value: -7.7 °C<br>Anomaly: -6.8 °C<br>Weather station: NA (ECCC AES NA; station_id 2855)","DATE: Apr-25<br><b>Minimum temperature</b><br>10-90 percentile<br>-7.6 to 4.9 °C","Historical daily maximum<br>7.7 °C<br>2001-04-25","DATE: Apr-25</b><br>Normal: -0.9 °C<br>Period: 1991-2020","4010879","BROADVIEW",1967,2026
"04-25","VPD",2001-04-25,0.899957249712804,0.231264678120577,1.9165318818218,0.41670839684267,0.462013441193805,0.615680083566062,1.07660840073611,1.43769853231061,0.255324787837962,"NA (ECCC AES NA; station_id 2855)",NA,2855,"",4,1977-04-25,"DATE: Apr-25<br>Value: 0.3 kPa<br>Anomaly: -0.6 kPa<br>Weather station: NA (ECCC AES NA; station_id 2855)","DATE: Apr-25<br><b>Vapour pressure deficit</b><br>10-90 percentile<br>0.5 to 1.4 kPa","Historical daily maximum<br>1.9 kPa<br>1977-04-25","DATE: Apr-25</b><br>Normal: 0.9 kPa<br>Period: 1991-2020","4010879","BROADVIEW",1967,2026
"04-26","TMAX",2001-04-26,12.58,3.2,19.9,5.18880758343678,6.06,7.725,17.6,18.82,2.9,"NA (ECCC AES NA; station_id 2855)",NA,2855,"",4,1977-04-26,"DATE: Apr-26<br>Value: 2.9 °C<br>Anomaly: -9.7 °C<br>Weather station: NA (ECCC AES NA; station_id 2855)","DATE: Apr-26<br><b>Maximum temperature</b><br>10-90 percentile<br>6.1 to 18.8 °C","Historical daily maximum<br>19.9 °C<br>1977-04-26","DATE: Apr-26</b><br>Normal: 12.6 °C<br>Period: 1991-2020","4010879","BROADVIEW",1967,2026
"04-26","TMIN",2001-04-26,-0.88,-9.3,7.2,4.34014142467811,-6.67,-3.45,2.175,4.85,-4.8,"NA (ECCC AES NA; station_id 2855)",NA,2855,"",4,1974-04-26,"DATE: Apr-26<br>Value: -4.8 °C<br>Anomaly: -3.9 °C<br>Weather station: NA (ECCC AES NA; station_id 2855)","DATE: Apr-26<br><b>Minimum temperature</b><br>10-90 percentile<br>-6.7 to 4.8 °C","Historical daily maximum<br>7.2 °C<br>1974-04-26","DATE: Apr-26</b><br>Normal: -0.9 °C<br>Period: 1991-2020","4010879","BROADVIEW",1967,2026
"04-26","VPD",2001-04-26,0.93091900118806,0.331226542114113,1.78857668402671,0.417796175910969,0.453153363622464,0.561260236742867,1.30577159578333,1.44437407908835,0.324788309727667,"NA (ECCC AES NA; station_id 2855)",NA,2855,"",4,1977-04-26,"DATE: Apr-26<br>Value: 0.3 kPa<br>Anomaly: -0.6 kPa<br>Weather station: NA (ECCC AES NA; station_id 2855)","DATE: Apr-26<br><b>Vapour pressure deficit</b><br>10-90 percentile<br>0.5 to 1.4 kPa","Historical daily maximum<br>1.8 kPa<br>1977-04-26","DATE: Apr-26</b><br>Normal: 0.9 kPa<br>Period: 1991-2020","4010879","BROADVIEW",1967,2026
"04-27","TMAX",2001-04-27,12.92,2.6,24.9,5.98333317324624,4.93,8.1,17.625,19.82,5,"NA (ECCC AES NA; station_id 2855)",NA,2855,"",4,2004-04-27,"DATE: Apr-27<br>Value: 5.0 °C<br>Anomaly: -7.9 °C<br>Weather station: NA (ECCC AES NA; station_id 2855)","DATE: Apr-27<br><b>Maximum temperature</b><br>10-90 percentile<br>4.9 to 19.8 °C","Historical daily maximum<br>24.9 °C<br>2004-04-27","DATE: Apr-27</b><br>Normal: 12.9 °C<br>Period: 1991-2020","4010879","BROADVIEW",1967,2026
"04-27","TMIN",2001-04-27,-0.0433333333333333,-8.2,9.6,4.27572807539402,-6.62,-2.875,2.625,4.84,-6.1,"NA (ECCC AES NA; station_id 2855)",NA,2855,"",4,2004-04-27,"DATE: Apr-27<br>Value: -6.1 °C<br>Anomaly: -6.1 °C<br>Weather station: NA (ECCC AES NA; station_id 2855)","DATE: Apr-27<br><b>Minimum temperature</b><br>10-90 percentile<br>-6.6 to 4.8 °C","Historical daily maximum<br>9.6 °C<br>2004-04-27","DATE: Apr-27</b><br>Normal: 0.0 °C<br>Period: 1991-2020","4010879","BROADVIEW",1967,2026
"04-27","VPD",2001-04-27,0.954455816114796,0.183303354142554,1.95352424444666,0.493879230800262,0.307312377643356,0.657500020086122,1.2405628610279,1.63686014018928,0.485043154239318,"NA (ECCC AES NA; station_id 2855)",NA,2855,"",4,1980-04-27,"DATE: Apr-27<br>Value: 0.5 kPa<br>Anomaly: -0.5 kPa<br>Weather station: NA (ECCC AES NA; station_id 2855)","DATE: Apr-27<br><b>Vapour pressure deficit</b><br>10-90 percentile<br>0.3 to 1.6 kPa","Historical daily maximum<br>2.0 kPa<br>1980-04-27","DATE: Apr-27</b><br>Normal: 1.0 kPa<br>Period: 1991-2020","4010879","BROADVIEW",1967,2026
"04-28","TMAX",2001-04-28,13.1633333333333,0.4,29.3,7.53911562239339,2.68,8.4,18.775,24.01,6,"NA (ECCC AES NA; station_id 2855)",NA,2855,"",4,2001-04-28,"DATE: Apr-28<br>Value: 6.0 °C<br>Anomaly: -7.2 °C<br>Weather station: NA (ECCC AES NA; station_id 2855)","DATE: Apr-28<br><b>Maximum temperature</b><br>10-90 percentile<br>2.7 to 24.0 °C","Historical daily maximum<br>29.3 °C<br>2001-04-28","DATE: Apr-28</b><br>Normal: 13.2 °C<br>Period: 1991-2020","4010879","BROADVIEW",1967,2026
"04-28","TMIN",2001-04-28,0.206666666666667,-7.4,8.7,3.87511364312409,-4.05,-1.8,2.65,5.7,-3.6,"NA (ECCC AES NA; station_id 2855)",NA,2855,"",4,1987-04-28,"DATE: Apr-28<br>Value: -3.6 °C<br>Anomaly: -3.8 °C<br>Weather station: NA (ECCC AES NA; station_id 2855)","DATE: Apr-28<br><b>Minimum temperature</b><br>10-90 percentile<br>-4.0 to 5.7 °C","Historical daily maximum<br>8.7 °C<br>1987-04-28","DATE: Apr-28</b><br>Normal: 0.2 °C<br>Period: 1991-2020","4010879","BROADVIEW",1967,2026
"04-28","VPD",2001-04-28,1.03371430183269,0.0699869938370086,2.95064971044838,0.715995071294954,0.220585961606493,0.595009392962812,1.36716269500102,1.94310441562997,0.466984008787712,"NA (ECCC AES NA; station_id 2855)",NA,2855,"",4,2001-04-28,"DATE: Apr-28<br>Value: 0.5 kPa<br>Anomaly: -0.6 kPa<br>Weather station: NA (ECCC AES NA; station_id 2855)","DATE: Apr-28<br><b>Vapour pressure deficit</b><br>10-90 percentile<br>0.2 to 1.9 kPa","Historical daily maximum<br>3.0 kPa<br>2001-04-28","DATE: Apr-28</b><br>Normal: 1.0 kPa<br>Period: 1991-2020","4010879","BROADVIEW",1967,2026
"04-29","TMAX",2001-04-29,13.89,1.2,25.8,6.67488085906847,5.99,9.825,19.125,22.31,9.6,"NA (ECCC AES NA; station_id 2855)",NA,2855,"",4,1988-04-29,"DATE: Apr-29<br>Value: 9.6 °C<br>Anomaly: -4.3 °C<br>Weather station: NA (ECCC AES NA; station_id 2855)","DATE: Apr-29<br><b>Maximum temperature</b><br>10-90 percentile<br>6.0 to 22.3 °C","Historical daily maximum<br>25.8 °C<br>1988-04-29","DATE: Apr-29</b><br>Normal: 13.9 °C<br>Period: 1991-2020","4010879","BROADVIEW",1967,2026
"04-29","TMIN",2001-04-29,0.273333333333333,-6.9,9.4,4.1205066087368,-4.39,-3.4,3.575,5.37,-5.7,"NA (ECCC AES NA; station_id 2855)",NA,2855,"",4,1998-04-29,"DATE: Apr-29<br>Value: -5.7 °C<br>Anomaly: -6.0 °C<br>Weather station: NA (ECCC AES NA; station_id 2855)","DATE: Apr-29<br><b>Minimum temperature</b><br>10-90 percentile<br>-4.4 to 5.4 °C","Historical daily maximum<br>9.4 °C<br>1998-04-29","DATE: Apr-29</b><br>Normal: 0.3 °C<br>Period: 1991-2020","4010879","BROADVIEW",1967,2026
"04-29","VPD",2001-04-29,1.06907941378662,0.178423490810886,2.36717692319656,0.623478643869019,0.308284374591111,0.636330934376028,1.44003782924927,2.03000363395356,0.796126367451983,"NA (ECCC AES NA; station_id 2855)",NA,2855,"",4,1988-04-29,"DATE: Apr-29<br>Value: 0.8 kPa<br>Anomaly: -0.3 kPa<br>Weather station: NA (ECCC AES NA; station_id 2855)","DATE: Apr-29<br><b>Vapour pressure deficit</b><br>10-90 percentile<br>0.3 to 2.0 kPa","Historical daily maximum<br>2.4 kPa<br>1988-04-29","DATE: Apr-29</b><br>Normal: 1.1 kPa<br>Period: 1991-2020","4010879","BROADVIEW",1967,2026
"04-30","TMAX",2001-04-30,13.02,-0.2,26.6,6.77390530664906,2.34,9.625,17.775,20.21,12.4,"NA (ECCC AES NA; station_id 2855)",NA,2855,"",4,1968-04-30,"DATE: Apr-30<br>Value: 12.4 °C<br>Anomaly: -0.6 °C<br>Weather station: NA (ECCC AES NA; station_id 2855)","DATE: Apr-30<br><b>Maximum temperature</b><br>10-90 percentile<br>2.3 to 20.2 °C","Historical daily maximum<br>26.6 °C<br>1968-04-30","DATE: Apr-30</b><br>Normal: 13.0 °C<br>Period: 1991-2020","4010879","BROADVIEW",1967,2026
"04-30","TMIN",2001-04-30,0.0966666666666667,-7.9,10.5,4.30080051356387,-4.66,-3,3.225,5.82,-6.6,"NA (ECCC AES NA; station_id 2855)",NA,2855,"",4,1992-04-30,"DATE: Apr-30<br>Value: -6.6 °C<br>Anomaly: -6.7 °C<br>Weather station: NA (ECCC AES NA; station_id 2855)","DATE: Apr-30<br><b>Minimum temperature</b><br>10-90 percentile<br>-4.7 to 5.8 °C","Historical daily maximum<br>10.5 °C<br>1992-04-30","DATE: Apr-30</b><br>Normal: 0.1 °C<br>Period: 1991-2020","4010879","BROADVIEW",1967,2026
"04-30","VPD",2001-04-30,0.98105355830009,0.12481665411749,2.21280600016182,0.534301627597016,0.310999719593625,0.653583343317386,1.28362683560693,1.71511254082154,1.06731669774676,"NA (ECCC AES NA; station_id 2855)",NA,2855,"",4,1968-04-30,"DATE: Apr-30<br>Value: 1.1 kPa<br>Anomaly: +0.1 kPa<br>Weather station: NA (ECCC AES NA; station_id 2855)","DATE: Apr-30<br><b>Vapour pressure deficit</b><br>10-90 percentile<br>0.3 to 1.7 kPa","Historical daily maximum<br>2.2 kPa<br>1968-04-30","DATE: Apr-30</b><br>Normal: 1.0 kPa<br>Period: 1991-2020","4010879","BROADVIEW",1967,2026
"05-01","TMAX",2001-05-01,11.9758620689655,-1.5,24.3,6.93967141937333,2,6.8,17.3,20.62,20.3,"NA (ECCC AES NA; station_id 2855)",NA,2855,"",5,1980-05-01,"DATE: May-01<br>Value: 20.3 °C<br>Anomaly: +8.3 °C<br>Weather station: NA (ECCC AES NA; station_id 2855)","DATE: May-01<br><b>Maximum temperature</b><br>10-90 percentile<br>2.0 to 20.6 °C","Historical daily maximum<br>24.3 °C<br>1980-05-01","DATE: May-01</b><br>Normal: 12.0 °C<br>Period: 1991-2020","4010879","BROADVIEW",1967,2026
"05-01","TMIN",2001-05-01,-0.53,-8.7,9.6,4.49199671446436,-5.19,-3.925,2.575,5.64,-0.5,"NA (ECCC AES NA; station_id 2855)",NA,2855,"",5,1999-05-01,"DATE: May-01<br>Value: -0.5 °C<br>Anomaly: +0.0 °C<br>Weather station: NA (ECCC AES NA; station_id 2855)","DATE: May-01<br><b>Minimum temperature</b><br>10-90 percentile<br>-5.2 to 5.6 °C","Historical daily maximum<br>9.6 °C<br>1999-05-01","DATE: May-01</b><br>Normal: -0.5 °C<br>Period: 1991-2020","4010879","BROADVIEW",1967,2026
"05-01","VPD",2001-05-01,0.912089425413013,0.0642819032053107,2.086295500902,0.557033758358304,0.316076426921145,0.451874362581064,1.29466416463201,1.82020585484297,1.79313118025208,"NA (ECCC AES NA; station_id 2855)",NA,2855,"",5,1980-05-01,"DATE: May-01<br>Value: 1.8 kPa<br>Anomaly: +0.9 kPa<br>Weather station: NA (ECCC AES NA; station_id 2855)","DATE: May-01<br><b>Vapour pressure deficit</b><br>10-90 percentile<br>0.3 to 1.8 kPa","Historical daily maximum<br>2.1 kPa<br>1980-05-01","DATE: May-01</b><br>Normal: 0.9 kPa<br>Period: 1991-2020","4010879","BROADVIEW",1967,2026
"05-02","TMAX",2001-05-02,14.1133333333333,3.6,25,5.05608089561357,6.98,10.775,17.775,19.66,16.7,"NA (ECCC AES NA; station_id 2855)",NA,2855,"",5,1980-05-02,"DATE: May-02<br>Value: 16.7 °C<br>Anomaly: +2.6 °C<br>Weather station: NA (ECCC AES NA; station_id 2855)","DATE: May-02<br><b>Maximum temperature</b><br>10-90 percentile<br>7.0 to 19.7 °C","Historical daily maximum<br>25.0 °C<br>1980-05-02","DATE: May-02</b><br>Normal: 14.1 °C<br>Period: 1991-2020","4010879","BROADVIEW",1967,2026
"05-02","TMIN",2001-05-02,-0.206666666666667,-10.6,11.6,5.39756863100756,-7.69,-3.525,3.475,6.21,1,"NA (ECCC AES NA; station_id 2855)",NA,2855,"",5,1999-05-02,"DATE: May-02<br>Value: 1.0 °C<br>Anomaly: +1.2 °C<br>Weather station: NA (ECCC AES NA; station_id 2855)","DATE: May-02<br><b>Minimum temperature</b><br>10-90 percentile<br>-7.7 to 6.2 °C","Historical daily maximum<br>11.6 °C<br>1999-05-02","DATE: May-02</b><br>Normal: -0.2 °C<br>Period: 1991-2020","4010879","BROADVIEW",1967,2026
"05-02","VPD",2001-05-02,1.04332569587,0.2102718698513,2.15207702522892,0.406749613802235,0.553315203811499,0.784032014851632,1.28398184213313,1.47603903283815,1.24448614488486,"NA (ECCC AES NA; station_id 2855)",NA,2855,"",5,1980-05-02,"DATE: May-02<br>Value: 1.2 kPa<br>Anomaly: +0.2 kPa<br>Weather station: NA (ECCC AES NA; station_id 2855)","DATE: May-02<br><b>Vapour pressure deficit</b><br>10-90 percentile<br>0.6 to 1.5 kPa","Historical daily maximum<br>2.2 kPa<br>1980-05-02","DATE: May-02</b><br>Normal: 1.0 kPa<br>Period: 1991-2020","4010879","BROADVIEW",1967,2026
"05-03","TMAX",2001-05-03,14.6655172413793,1.1,25.7,5.22844390003025,7.7,13,17.6,20.14,22.2,"NA (ECCC AES NA; station_id 2855)",NA,2855,"",5,1985-05-03,"DATE: May-03<br>Value: 22.2 °C<br>Anomaly: +7.5 °C<br>Weather station: NA (ECCC AES NA; station_id 2855)","DATE: May-03<br><b>Maximum temperature</b><br>10-90 percentile<br>7.7 to 20.1 °C","Historical daily maximum<br>25.7 °C<br>1985-05-03","DATE: May-03</b><br>Normal: 14.7 °C<br>Period: 1991-2020","4010879","BROADVIEW",1967,2026
"05-03","TMIN",2001-05-03,0.593103448275862,-7.2,8.9,3.84697757378464,-3.06,-1.8,3.1,4.7,-0.9,"NA (ECCC AES NA; station_id 2855)",NA,2855,"",5,1977-05-03,"DATE: May-03<br>Value: -0.9 °C<br>Anomaly: -1.5 °C<br>Weather station: NA (ECCC AES NA; station_id 2855)","DATE: May-03<br><b>Minimum temperature</b><br>10-90 percentile<br>-3.1 to 4.7 °C","Historical daily maximum<br>8.9 °C<br>1977-05-03","DATE: May-03</b><br>Normal: 0.6 °C<br>Period: 1991-2020","4010879","BROADVIEW",1967,2026
"05-03","VPD",2001-05-03,1.0881515803299,0.157021547379004,2.49473156672128,0.487625208104306,0.359744292158678,0.8967965447621,1.27179126997206,1.54860968340552,2.10440123665208,"NA (ECCC AES NA; station_id 2855)",NA,2855,"",5,1982-05-03,"DATE: May-03<br>Value: 2.1 kPa<br>Anomaly: +1.0 kPa<br>Weather station: NA (ECCC AES NA; station_id 2855)","DATE: May-03<br><b>Vapour pressure deficit</b><br>10-90 percentile<br>0.4 to 1.5 kPa","Historical daily maximum<br>2.5 kPa<br>1982-05-03","DATE: May-03</b><br>Normal: 1.1 kPa<br>Period: 1991-2020","4010879","BROADVIEW",1967,2026
"05-04","TMAX",2001-05-04,14.9689655172414,-0.1,29.7,6.53365482101687,7.08,10,19.3,21.9,5.6,"NA (ECCC AES NA; station_id 2855)",NA,2855,"",5,2016-05-04,"DATE: May-04<br>Value: 5.6 °C<br>Anomaly: -9.4 °C<br>Weather station: NA (ECCC AES NA; station_id 2855)","DATE: May-04<br><b>Maximum temperature</b><br>10-90 percentile<br>7.1 to 21.9 °C","Historical daily maximum<br>29.7 °C<br>2016-05-04","DATE: May-04</b><br>Normal: 15.0 °C<br>Period: 1991-2020","4010879","BROADVIEW",1967,2026
"05-04","TMIN",2001-05-04,0.63448275862069,-8.2,8.9,4.03796942092619,-3.36,-2.2,3.4,5.24,0.1,"NA (ECCC AES NA; station_id 2855)",NA,2855,"",5,1977-05-04,"DATE: May-04<br>Value: 0.1 °C<br>Anomaly: -0.5 °C<br>Weather station: NA (ECCC AES NA; station_id 2855)","DATE: May-04<br><b>Minimum temperature</b><br>10-90 percentile<br>-3.4 to 5.2 °C","Historical daily maximum<br>8.9 °C<br>1977-05-04","DATE: May-04</b><br>Normal: 0.6 °C<br>Period: 1991-2020","4010879","BROADVIEW",1967,2026
"05-04","VPD",2001-05-04,1.16760374419838,0.113075272935535,3.30435665048307,0.718746757675913,0.412230451690117,0.627777129712318,1.62012342540766,1.92203083847532,0.29426791028874,"NA (ECCC AES NA; station_id 2855)",NA,2855,"",5,2016-05-04,"DATE: May-04<br>Value: 0.3 kPa<br>Anomaly: -0.9 kPa<br>Weather station: NA (ECCC AES NA; station_id 2855)","DATE: May-04<br><b>Vapour pressure deficit</b><br>10-90 percentile<br>0.4 to 1.9 kPa","Historical daily maximum<br>3.3 kPa<br>2016-05-04","DATE: May-04</b><br>Normal: 1.2 kPa<br>Period: 1991-2020","4010879","BROADVIEW",1967,2026
"05-05","TMAX",2001-05-05,16.8862068965517,3.7,31.9,7.33454274248772,5.1,13.4,20.7,26.6,3.5,"NA (ECCC AES NA; station_id 2855)",NA,2855,"",5,2016-05-05,"DATE: May-05<br>Value: 3.5 °C<br>Anomaly: -13.4 °C<br>Weather station: NA (ECCC AES NA; station_id 2855)","DATE: May-05<br><b>Maximum temperature</b><br>10-90 percentile<br>5.1 to 26.6 °C","Historical daily maximum<br>31.9 °C<br>2016-05-05","DATE: May-05</b><br>Normal: 16.9 °C<br>Period: 1991-2020","4010879","BROADVIEW",1967,2026
"05-05","TMIN",2001-05-05,2.38965517241379,-5.5,10.9,4.10264242615016,-3.22,0.1,5.5,6.82,-3.4,"NA (ECCC AES NA; station_id 2855)",NA,2855,"",5,1992-05-05,"DATE: May-05<br>Value: -3.4 °C<br>Anomaly: -5.8 °C<br>Weather station: NA (ECCC AES NA; station_id 2855)","DATE: May-05<br><b>Minimum temperature</b><br>10-90 percentile<br>-3.2 to 6.8 °C","Historical daily maximum<br>10.9 °C<br>1992-05-05","DATE: May-05</b><br>Normal: 2.4 °C<br>Period: 1991-2020","4010879","BROADVIEW",1967,2026
"05-05","VPD",2001-05-05,1.34948864658353,0.231318372917393,3.67692664315168,0.83314073791599,0.403378367218516,0.685031157204876,1.72594620612248,2.61075582861541,0.309883516282901,"NA (ECCC AES NA; station_id 2855)",NA,2855,"",5,2016-05-05,"DATE: May-05<br>Value: 0.3 kPa<br>Anomaly: -1.0 kPa<br>Weather station: NA (ECCC AES NA; station_id 2855)","DATE: May-05<br><b>Vapour pressure deficit</b><br>10-90 percentile<br>0.4 to 2.6 kPa","Historical daily maximum<br>3.7 kPa<br>2016-05-05","DATE: May-05</b><br>Normal: 1.3 kPa<br>Period: 1991-2020","4010879","BROADVIEW",1967,2026
"05-06","TMAX",2001-05-06,16.4896551724138,5.9,32.3,6.65831085548549,8.58,10.6,19.8,25.24,9.6,"NA (ECCC AES NA; station_id 2855)",NA,2855,"",5,1992-05-06,"DATE: May-06<br>Value: 9.6 °C<br>Anomaly: -6.9 °C<br>Weather station: NA (ECCC AES NA; station_id 2855)","DATE: May-06<br><b>Maximum temperature</b><br>10-90 percentile<br>8.6 to 25.2 °C","Historical daily maximum<br>32.3 °C<br>1992-05-06","DATE: May-06</b><br>Normal: 16.5 °C<br>Period: 1991-2020","4010879","BROADVIEW",1967,2026
"05-06","TMIN",2001-05-06,2.36206896551724,-5.3,12.9,4.21920894693911,-2.9,-0.6,5.4,7.4,-4.9,"NA (ECCC AES NA; station_id 2855)",NA,2855,"",5,1992-05-06,"DATE: May-06<br>Value: -4.9 °C<br>Anomaly: -7.3 °C<br>Weather station: NA (ECCC AES NA; station_id 2855)","DATE: May-06<br><b>Minimum temperature</b><br>10-90 percentile<br>-2.9 to 7.4 °C","Historical daily maximum<br>12.9 °C<br>1992-05-06","DATE: May-06</b><br>Normal: 2.4 °C<br>Period: 1991-2020","4010879","BROADVIEW",1967,2026
"05-06","VPD",2001-05-06,1.27143426025972,0.283003025069036,3.34797600468257,0.755842635084168,0.377278097101434,0.674948854486443,1.65721640597772,2.24929502753925,0.771047583807528,"NA (ECCC AES NA; station_id 2855)",NA,2855,"",5,1992-05-06,"DATE: May-06<br>Value: 0.8 kPa<br>Anomaly: -0.5 kPa<br>Weather station: NA (ECCC AES NA; station_id 2855)","DATE: May-06<br><b>Vapour pressure deficit</b><br>10-90 percentile<br>0.4 to 2.2 kPa","Historical daily maximum<br>3.3 kPa<br>1992-05-06","DATE: May-06</b><br>Normal: 1.3 kPa<br>Period: 1991-2020","4010879","BROADVIEW",1967,2026
"05-07","TMAX",2001-05-07,15.7241379310345,7.8,26.8,5.93366034780832,8.72,11.1,19.8,25.26,15,"NA (ECCC AES NA; station_id 2855)",NA,2855,"",5,2018-05-07,"DATE: May-07<br>Value: 15.0 °C<br>Anomaly: -0.7 °C<br>Weather station: NA (ECCC AES NA; station_id 2855)","DATE: May-07<br><b>Maximum temperature</b><br>10-90 percentile<br>8.7 to 25.3 °C","Historical daily maximum<br>26.8 °C<br>2018-05-07","DATE: May-07</b><br>Normal: 15.7 °C<br>Period: 1991-2020","4010879","BROADVIEW",1967,2026
"05-07","TMIN",2001-05-07,2.21034482758621,-6.1,10,4.19449850804481,-3.28,-0.9,5.5,7.26,-6.3,"NA (ECCC AES NA; station_id 2855)",NA,2855,"",5,1993-05-07,"DATE: May-07<br>Value: -6.3 °C<br>Anomaly: -8.5 °C<br>Weather station: NA (ECCC AES NA; station_id 2855)","DATE: May-07<br><b>Minimum temperature</b><br>10-90 percentile<br>-3.3 to 7.3 °C","Historical daily maximum<br>10.0 °C<br>1993-05-07","DATE: May-07</b><br>Normal: 2.2 °C<br>Period: 1991-2020","4010879","BROADVIEW",1967,2026
"05-07","VPD",2001-05-07,1.15759188949106,0.154273871918037,2.58861018941619,0.683965836467387,0.460594496607827,0.624700534842242,1.46774990943441,2.31020971679161,1.32397640722208,"NA (ECCC AES NA; station_id 2855)",NA,2855,"",5,2018-05-07,"DATE: May-07<br>Value: 1.3 kPa<br>Anomaly: +0.2 kPa<br>Weather station: NA (ECCC AES NA; station_id 2855)","DATE: May-07<br><b>Vapour pressure deficit</b><br>10-90 percentile<br>0.5 to 2.3 kPa","Historical daily maximum<br>2.6 kPa<br>2018-05-07","DATE: May-07</b><br>Normal: 1.2 kPa<br>Period: 1991-2020","4010879","BROADVIEW",1967,2026
"05-08","TMAX",2001-05-08,14.3172413793103,0.9,25.3,5.46436958627155,7.94,12.2,18.1,21.08,16.9,"NA (ECCC AES NA; station_id 2855)",NA,2855,"",5,1987-05-08,"DATE: May-08<br>Value: 16.9 °C<br>Anomaly: +2.6 °C<br>Weather station: NA (ECCC AES NA; station_id 2855)","DATE: May-08<br><b>Maximum temperature</b><br>10-90 percentile<br>7.9 to 21.1 °C","Historical daily maximum<br>25.3 °C<br>1987-05-08","DATE: May-08</b><br>Normal: 14.3 °C<br>Period: 1991-2020","4010879","BROADVIEW",1967,2026
"05-08","TMIN",2001-05-08,1.0448275862069,-5.8,8.1,3.97650117268368,-3.92,-2,4.1,6.3,0.7,"NA (ECCC AES NA; station_id 2855)",NA,2855,"",5,1985-05-08,"DATE: May-08<br>Value: 0.7 °C<br>Anomaly: -0.3 °C<br>Weather station: NA (ECCC AES NA; station_id 2855)","DATE: May-08<br><b>Minimum temperature</b><br>10-90 percentile<br>-3.9 to 6.3 °C","Historical daily maximum<br>8.1 °C<br>1985-05-08","DATE: May-08</b><br>Normal: 1.0 °C<br>Period: 1991-2020","4010879","BROADVIEW",1967,2026
"05-08","VPD",2001-05-08,1.03499801570353,0.108753310422095,2.40582461474596,0.549433759157403,0.409143111945733,0.69129095471613,1.47620539510062,1.69387840074291,1.28285709832599,"NA (ECCC AES NA; station_id 2855)",NA,2855,"",5,1987-05-08,"DATE: May-08<br>Value: 1.3 kPa<br>Anomaly: +0.2 kPa<br>Weather station: NA (ECCC AES NA; station_id 2855)","DATE: May-08<br><b>Vapour pressure deficit</b><br>10-90 percentile<br>0.4 to 1.7 kPa","Historical daily maximum<br>2.4 kPa<br>1987-05-08","DATE: May-08</b><br>Normal: 1.0 kPa<br>Period: 1991-2020","4010879","BROADVIEW",1967,2026
"05-09","TMAX",2001-05-09,14.4535714285714,3.4,24.7,5.47583798037356,7.91,10.05,18.825,21.02,12.7,"NA (ECCC AES NA; station_id 2855)",NA,2855,"",5,1977-05-09,"DATE: May-09<br>Value: 12.7 °C<br>Anomaly: -1.8 °C<br>Weather station: NA (ECCC AES NA; station_id 2855)","DATE: May-09<br><b>Maximum temperature</b><br>10-90 percentile<br>7.9 to 21.0 °C","Historical daily maximum<br>24.7 °C<br>1977-05-09","DATE: May-09</b><br>Normal: 14.5 °C<br>Period: 1991-2020","4010879","BROADVIEW",1967,2026
"05-09","TMIN",2001-05-09,1.81379310344828,-6.6,11.3,4.59524009460807,-3.54,-2.5,4.2,7.44,-2.5,"NA (ECCC AES NA; station_id 2855)",NA,2855,"",5,1977-05-09,"DATE: May-09<br>Value: -2.5 °C<br>Anomaly: -4.3 °C<br>Weather station: NA (ECCC AES NA; station_id 2855)","DATE: May-09<br><b>Minimum temperature</b><br>10-90 percentile<br>-3.5 to 7.4 °C","Historical daily maximum<br>11.3 °C<br>1977-05-09","DATE: May-09</b><br>Normal: 1.8 °C<br>Period: 1991-2020","4010879","BROADVIEW",1967,2026
"05-09","VPD",2001-05-09,1.01740903373034,0.302914034120133,1.88488336481862,0.486426204004724,0.361890049490571,0.541187495970272,1.29425704798945,1.73466315896676,0.960423019787438,"NA (ECCC AES NA; station_id 2855)",NA,2855,"",5,1989-05-09,"DATE: May-09<br>Value: 1.0 kPa<br>Anomaly: -0.1 kPa<br>Weather station: NA (ECCC AES NA; station_id 2855)","DATE: May-09<br><b>Vapour pressure deficit</b><br>10-90 percentile<br>0.4 to 1.7 kPa","Historical daily maximum<br>1.9 kPa<br>1989-05-09","DATE: May-09</b><br>Normal: 1.0 kPa<br>Period: 1991-2020","4010879","BROADVIEW",1967,2026
"05-10","TMAX",2001-05-10,13.8103448275862,4.1,24.5,5.31361760194544,6.88,11.4,15.5,21.88,16.7,"NA (ECCC AES NA; station_id 2855)",NA,2855,"",5,1977-05-10,"DATE: May-10<br>Value: 16.7 °C<br>Anomaly: +2.9 °C<br>Weather station: NA (ECCC AES NA; station_id 2855)","DATE: May-10<br><b>Maximum temperature</b><br>10-90 percentile<br>6.9 to 21.9 °C","Historical daily maximum<br>24.5 °C<br>1977-05-10","DATE: May-10</b><br>Normal: 13.8 °C<br>Period: 1991-2020","4010879","BROADVIEW",1967,2026
"05-10","TMIN",2001-05-10,0.768965517241379,-5.4,8.1,4.35603878444919,-5.06,-3.7,4.4,6.38,-4.8,"NA (ECCC AES NA; station_id 2855)",NA,2855,"",5,1977-05-10,"DATE: May-10<br>Value: -4.8 °C<br>Anomaly: -5.6 °C<br>Weather station: NA (ECCC AES NA; station_id 2855)","DATE: May-10<br><b>Minimum temperature</b><br>10-90 percentile<br>-5.1 to 6.4 °C","Historical daily maximum<br>8.1 °C<br>1977-05-10","DATE: May-10</b><br>Normal: 0.8 °C<br>Period: 1991-2020","4010879","BROADVIEW",1967,2026
"05-10","VPD",2001-05-10,0.987312538225043,0.190191547491535,2.19623019759302,0.492613297610821,0.438913341971345,0.676643485870398,1.27891522651556,1.63278338832572,1.47357843599677,"NA (ECCC AES NA; station_id 2855)",NA,2855,"",5,1989-05-10,"DATE: May-10<br>Value: 1.5 kPa<br>Anomaly: +0.5 kPa<br>Weather station: NA (ECCC AES NA; station_id 2855)","DATE: May-10<br><b>Vapour pressure deficit</b><br>10-90 percentile<br>0.4 to 1.6 kPa","Historical daily maximum<br>2.2 kPa<br>1989-05-10","DATE: May-10</b><br>Normal: 1.0 kPa<br>Period: 1991-2020","4010879","BROADVIEW",1967,2026
"05-11","TMAX",2001-05-11,14.4931034482759,4.5,28.7,5.47010910275646,7.98,10.8,17.6,20.86,24,"NA (ECCC AES NA; station_id 2855)",NA,2855,"",5,1989-05-11,"DATE: May-11<br>Value: 24.0 °C<br>Anomaly: +9.5 °C<br>Weather station: NA (ECCC AES NA; station_id 2855)","DATE: May-11<br><b>Maximum temperature</b><br>10-90 percentile<br>8.0 to 20.9 °C","Historical daily maximum<br>28.7 °C<br>1989-05-11","DATE: May-11</b><br>Normal: 14.5 °C<br>Period: 1991-2020","4010879","BROADVIEW",1967,2026
"05-11","TMIN",2001-05-11,0.868965517241379,-8.5,11.3,4.15993676533978,-3.84,-1.2,3.7,5.12,6.6,"NA (ECCC AES NA; station_id 2855)",NA,2855,"",5,1977-05-11,"DATE: May-11<br>Value: 6.6 °C<br>Anomaly: +5.7 °C<br>Weather station: NA (ECCC AES NA; station_id 2855)","DATE: May-11<br><b>Minimum temperature</b><br>10-90 percentile<br>-3.8 to 5.1 °C","Historical daily maximum<br>11.3 °C<br>1977-05-11","DATE: May-11</b><br>Normal: 0.9 °C<br>Period: 1991-2020","4010879","BROADVIEW",1967,2026
"05-11","VPD",2001-05-11,1.06693373366814,0.282857898308433,2.59763134354988,0.537623572340938,0.522270861905985,0.727038264714126,1.31429190056174,1.79554347975816,2.00924602053491,"NA (ECCC AES NA; station_id 2855)",NA,2855,"",5,1993-05-11,"DATE: May-11<br>Value: 2.0 kPa<br>Anomaly: +0.9 kPa<br>Weather station: NA (ECCC AES NA; station_id 2855)","DATE: May-11<br><b>Vapour pressure deficit</b><br>10-90 percentile<br>0.5 to 1.8 kPa","Historical daily maximum<br>2.6 kPa<br>1993-05-11","DATE: May-11</b><br>Normal: 1.1 kPa<br>Period: 1991-2020","4010879","BROADVIEW",1967,2026
"05-12","TMAX",2001-05-12,14.9620689655172,0.9,29.2,6.9366734407528,6.42,11.5,19.9,22.9,22,"NA (ECCC AES NA; station_id 2855)",NA,2855,"",5,1987-05-12,"DATE: May-12<br>Value: 22.0 °C<br>Anomaly: +7.0 °C<br>Weather station: NA (ECCC AES NA; station_id 2855)","DATE: May-12<br><b>Maximum temperature</b><br>10-90 percentile<br>6.4 to 22.9 °C","Historical daily maximum<br>29.2 °C<br>1987-05-12","DATE: May-12</b><br>Normal: 15.0 °C<br>Period: 1991-2020","4010879","BROADVIEW",1967,2026
"05-12","TMIN",2001-05-12,0.462068965517241,-7.9,10.1,4.22123998311798,-3.52,-1.8,3.2,5.16,4.5,"NA (ECCC AES NA; station_id 2855)",NA,2855,"",5,1987-05-12,"DATE: May-12<br>Value: 4.5 °C<br>Anomaly: +4.0 °C<br>Weather station: NA (ECCC AES NA; station_id 2855)","DATE: May-12<br><b>Minimum temperature</b><br>10-90 percentile<br>-3.5 to 5.2 °C","Historical daily maximum<br>10.1 °C<br>1987-05-12","DATE: May-12</b><br>Normal: 0.5 °C<br>Period: 1991-2020","4010879","BROADVIEW",1967,2026
"05-12","VPD",2001-05-12,1.18843555029447,0.127035971549243,3.00831669197475,0.675786529292533,0.298824302697532,0.787781226988537,1.57113973168351,2.15628125848883,1.80160144743193,"NA (ECCC AES NA; station_id 2855)",NA,2855,"",5,2025-05-12,"DATE: May-12<br>Value: 1.8 kPa<br>Anomaly: +0.6 kPa<br>Weather station: NA (ECCC AES NA; station_id 2855)","DATE: May-12<br><b>Vapour pressure deficit</b><br>10-90 percentile<br>0.3 to 2.2 kPa","Historical daily maximum<br>3.0 kPa<br>2025-05-12","DATE: May-12</b><br>Normal: 1.2 kPa<br>Period: 1991-2020","4010879","BROADVIEW",1967,2026
"05-13","TMAX",2001-05-13,16.8571428571429,6.7,30.9,6.39655165037171,9.65,12.125,20.075,26.77,26.8,"NA (ECCC AES NA; station_id 2855)",NA,2855,"",5,2001-05-13,"DATE: May-13<br>Value: 26.8 °C<br>Anomaly: +9.9 °C<br>Weather station: NA (ECCC AES NA; station_id 2855)","DATE: May-13<br><b>Maximum temperature</b><br>10-90 percentile<br>9.6 to 26.8 °C","Historical daily maximum<br>30.9 °C<br>2001-05-13","DATE: May-13</b><br>Normal: 16.9 °C<br>Period: 1991-2020","4010879","BROADVIEW",1967,2026
"05-13","TMIN",2001-05-13,1.93448275862069,-12.9,10.8,4.82887711452591,-2,-0.6,5.1,8.14,3.3,"NA (ECCC AES NA; station_id 2855)",NA,2855,"",5,1977-05-13,"DATE: May-13<br>Value: 3.3 °C<br>Anomaly: +1.4 °C<br>Weather station: NA (ECCC AES NA; station_id 2855)","DATE: May-13<br><b>Minimum temperature</b><br>10-90 percentile<br>-2.0 to 8.1 °C","Historical daily maximum<br>10.8 °C<br>1977-05-13","DATE: May-13</b><br>Normal: 1.9 °C<br>Period: 1991-2020","4010879","BROADVIEW",1967,2026
"05-13","VPD",2001-05-13,1.32600318781174,0.344548565618541,3.31123930923188,0.725197772007397,0.643928817147199,0.773330588827679,1.61008063520493,2.48179497876919,2.74966694048627,"NA (ECCC AES NA; station_id 2855)",NA,2855,"",5,2001-05-13,"DATE: May-13<br>Value: 2.7 kPa<br>Anomaly: +1.4 kPa<br>Weather station: NA (ECCC AES NA; station_id 2855)","DATE: May-13<br><b>Vapour pressure deficit</b><br>10-90 percentile<br>0.6 to 2.5 kPa","Historical daily maximum<br>3.3 kPa<br>2001-05-13","DATE: May-13</b><br>Normal: 1.3 kPa<br>Period: 1991-2020","4010879","BROADVIEW",1967,2026
"05-14","TMAX",2001-05-14,17.26,7.1,27.7,5.27849247026276,10.59,13.525,20.675,22.21,18.4,"NA (ECCC AES NA; station_id 2855)",NA,2855,"",5,2001-05-14,"DATE: May-14<br>Value: 18.4 °C<br>Anomaly: +1.1 °C<br>Weather station: NA (ECCC AES NA; station_id 2855)","DATE: May-14<br><b>Maximum temperature</b><br>10-90 percentile<br>10.6 to 22.2 °C","Historical daily maximum<br>27.7 °C<br>2001-05-14","DATE: May-14</b><br>Normal: 17.3 °C<br>Period: 1991-2020","4010879","BROADVIEW",1967,2026
"05-14","TMIN",2001-05-14,3.6,-6.8,15.7,4.60457044310512,-2.27,1.25,6.675,7.85,10.5,"NA (ECCC AES NA; station_id 2855)",NA,2855,"",5,2001-05-14,"DATE: May-14<br>Value: 10.5 °C<br>Anomaly: +6.9 °C<br>Weather station: NA (ECCC AES NA; station_id 2855)","DATE: May-14<br><b>Minimum temperature</b><br>10-90 percentile<br>-2.3 to 7.8 °C","Historical daily maximum<br>15.7 °C<br>2001-05-14","DATE: May-14</b><br>Normal: 3.6 °C<br>Period: 1991-2020","4010879","BROADVIEW",1967,2026
"05-14","VPD",2001-05-14,1.23593276460676,0.283216096456358,2.51488589911172,0.515815295021786,0.674897206189459,0.817160749089404,1.5774091294184,1.85172950950339,0.846757915074097,"NA (ECCC AES NA; station_id 2855)",NA,2855,"",5,2002-05-14,"DATE: May-14<br>Value: 0.8 kPa<br>Anomaly: -0.4 kPa<br>Weather station: NA (ECCC AES NA; station_id 2855)","DATE: May-14<br><b>Vapour pressure deficit</b><br>10-90 percentile<br>0.7 to 1.9 kPa","Historical daily maximum<br>2.5 kPa<br>2002-05-14","DATE: May-14</b><br>Normal: 1.2 kPa<br>Period: 1991-2020","4010879","BROADVIEW",1967,2026
"05-15","TMAX",2001-05-15,17.4633333333333,2.5,30.6,5.44657331902732,12.36,14.05,19.975,22.49,11,"NA (ECCC AES NA; station_id 2855)",NA,2855,"",5,2018-05-15,"DATE: May-15<br>Value: 11.0 °C<br>Anomaly: -6.5 °C<br>Weather station: NA (ECCC AES NA; station_id 2855)","DATE: May-15<br><b>Maximum temperature</b><br>10-90 percentile<br>12.4 to 22.5 °C","Historical daily maximum<br>30.6 °C<br>2018-05-15","DATE: May-15</b><br>Normal: 17.5 °C<br>Period: 1991-2020","4010879","BROADVIEW",1967,2026
"05-15","TMIN",2001-05-15,1.88,-4.6,10.4,4.11166549021784,-3.34,-0.8,5.425,7.75,-0.9,"NA (ECCC AES NA; station_id 2855)",NA,2855,"",5,1977-05-15,"DATE: May-15<br>Value: -0.9 °C<br>Anomaly: -2.8 °C<br>Weather station: NA (ECCC AES NA; station_id 2855)","DATE: May-15<br><b>Minimum temperature</b><br>10-90 percentile<br>-3.3 to 7.8 °C","Historical daily maximum<br>10.4 °C<br>1977-05-15","DATE: May-15</b><br>Normal: 1.9 °C<br>Period: 1991-2020","4010879","BROADVIEW",1967,2026
"05-15","VPD",2001-05-15,1.36866117479654,0.270147290217002,3.47542752840391,0.673040889008191,0.595365588660971,0.948745691151212,1.5924200691789,1.78800054110869,0.740781716341536,"NA (ECCC AES NA; station_id 2855)",NA,2855,"",5,2018-05-15,"DATE: May-15<br>Value: 0.7 kPa<br>Anomaly: -0.6 kPa<br>Weather station: NA (ECCC AES NA; station_id 2855)","DATE: May-15<br><b>Vapour pressure deficit</b><br>10-90 percentile<br>0.6 to 1.8 kPa","Historical daily maximum<br>3.5 kPa<br>2018-05-15","DATE: May-15</b><br>Normal: 1.4 kPa<br>Period: 1991-2020","4010879","BROADVIEW",1967,2026
"05-16","TMAX",2001-05-16,18.6166666666667,9.1,26.1,4.53196184460103,13.08,15.6,21.5,23.88,12.6,"NA (ECCC AES NA; station_id 2855)",NA,2855,"",5,1984-05-16,"DATE: May-16<br>Value: 12.6 °C<br>Anomaly: -6.0 °C<br>Weather station: NA (ECCC AES NA; station_id 2855)","DATE: May-16<br><b>Maximum temperature</b><br>10-90 percentile<br>13.1 to 23.9 °C","Historical daily maximum<br>26.1 °C<br>1984-05-16","DATE: May-16</b><br>Normal: 18.6 °C<br>Period: 1991-2020","4010879","BROADVIEW",1967,2026
"05-16","TMIN",2001-05-16,2.82666666666667,-6.6,9.6,4.08613579646179,-3.89,0.9,5.825,6.66,-2,"NA (ECCC AES NA; station_id 2855)",NA,2855,"",5,1978-05-16,"DATE: May-16<br>Value: -2.0 °C<br>Anomaly: -4.8 °C<br>Weather station: NA (ECCC AES NA; station_id 2855)","DATE: May-16<br><b>Minimum temperature</b><br>10-90 percentile<br>-3.9 to 6.7 °C","Historical daily maximum<br>9.6 °C<br>1978-05-16","DATE: May-16</b><br>Normal: 2.8 °C<br>Period: 1991-2020","4010879","BROADVIEW",1967,2026
"05-16","VPD",2001-05-16,1.44346197140543,0.39807302493904,2.58511384602634,0.523311246141527,0.854762286248032,1.15866741242477,1.71425484041434,2.16851283865069,0.931618194410028,"NA (ECCC AES NA; station_id 2855)",NA,2855,"",5,1984-05-16,"DATE: May-16<br>Value: 0.9 kPa<br>Anomaly: -0.5 kPa<br>Weather station: NA (ECCC AES NA; station_id 2855)","DATE: May-16<br><b>Vapour pressure deficit</b><br>10-90 percentile<br>0.9 to 2.2 kPa","Historical daily maximum<br>2.6 kPa<br>1984-05-16","DATE: May-16</b><br>Normal: 1.4 kPa<br>Period: 1991-2020","4010879","BROADVIEW",1967,2026
"05-17","TMAX",2001-05-17,18.8689655172414,7.8,29.1,5.49376942208664,11.84,15.3,23,25.34,5.4,"NA (ECCC AES NA; station_id 2855)",NA,2855,"",5,2021-05-17,"DATE: May-17<br>Value: 5.4 °C<br>Anomaly: -13.5 °C<br>Weather station: NA (ECCC AES NA; station_id 2855)","DATE: May-17<br><b>Maximum temperature</b><br>10-90 percentile<br>11.8 to 25.3 °C","Historical daily maximum<br>29.1 °C<br>2021-05-17","DATE: May-17</b><br>Normal: 18.9 °C<br>Period: 1991-2020","4010879","BROADVIEW",1967,2026
"05-17","TMIN",2001-05-17,3.6,-4.4,9.5,3.78353966726835,-1.13,1.7,6.875,8.5,0.2,"NA (ECCC AES NA; station_id 2855)",NA,2855,"",5,1989-05-17,"DATE: May-17<br>Value: 0.2 °C<br>Anomaly: -3.4 °C<br>Weather station: NA (ECCC AES NA; station_id 2855)","DATE: May-17<br><b>Minimum temperature</b><br>10-90 percentile<br>-1.1 to 8.5 °C","Historical daily maximum<br>9.5 °C<br>1989-05-17","DATE: May-17</b><br>Normal: 3.6 °C<br>Period: 1991-2020","4010879","BROADVIEW",1967,2026
"05-17","VPD",2001-05-17,1.48264981428765,0.311315330094539,2.87304506822236,0.700864351201154,0.696354800658308,0.961803750146001,2.05703243979224,2.43680214861681,0.277221521639607,"NA (ECCC AES NA; station_id 2855)",NA,2855,"",5,2021-05-17,"DATE: May-17<br>Value: 0.3 kPa<br>Anomaly: -1.2 kPa<br>Weather station: NA (ECCC AES NA; station_id 2855)","DATE: May-17<br><b>Vapour pressure deficit</b><br>10-90 percentile<br>0.7 to 2.4 kPa","Historical daily maximum<br>2.9 kPa<br>2021-05-17","DATE: May-17</b><br>Normal: 1.5 kPa<br>Period: 1991-2020","4010879","BROADVIEW",1967,2026
"05-18","TMAX",2001-05-18,17.8862068965517,3,30.4,6.13169308580609,11.54,14.5,22.1,24.8,5.7,"NA (ECCC AES NA; station_id 2855)",NA,2855,"",5,1992-05-18,"DATE: May-18<br>Value: 5.7 °C<br>Anomaly: -12.2 °C<br>Weather station: NA (ECCC AES NA; station_id 2855)","DATE: May-18<br><b>Maximum temperature</b><br>10-90 percentile<br>11.5 to 24.8 °C","Historical daily maximum<br>30.4 °C<br>1992-05-18","DATE: May-18</b><br>Normal: 17.9 °C<br>Period: 1991-2020","4010879","BROADVIEW",1967,2026
"05-18","TMIN",2001-05-18,4.57666666666667,-4.2,13,4.39048212994124,-1.31,1.65,8.325,9.31,0.1,"NA (ECCC AES NA; station_id 2855)",NA,2855,"",5,2021-05-18,"DATE: May-18<br>Value: 0.1 °C<br>Anomaly: -4.5 °C<br>Weather station: NA (ECCC AES NA; station_id 2855)","DATE: May-18<br><b>Minimum temperature</b><br>10-90 percentile<br>-1.3 to 9.3 °C","Historical daily maximum<br>13.0 °C<br>2021-05-18","DATE: May-18</b><br>Normal: 4.6 °C<br>Period: 1991-2020","4010879","BROADVIEW",1967,2026
"05-18","VPD",2001-05-18,1.30263556044887,0.241953461767948,3.16985429885604,0.716783120441282,0.576906644066679,0.770236828722038,1.61676328150789,2.29717099739128,0.300604865850117,"NA (ECCC AES NA; station_id 2855)",NA,2855,"",5,1992-05-18,"DATE: May-18<br>Value: 0.3 kPa<br>Anomaly: -1.0 kPa<br>Weather station: NA (ECCC AES NA; station_id 2855)","DATE: May-18<br><b>Vapour pressure deficit</b><br>10-90 percentile<br>0.6 to 2.3 kPa","Historical daily maximum<br>3.2 kPa<br>1992-05-18","DATE: May-18</b><br>Normal: 1.3 kPa<br>Period: 1991-2020","4010879","BROADVIEW",1967,2026
"05-19","TMAX",2001-05-19,17.4793103448276,7.2,29.4,6.08806674160577,9.76,13.4,20.8,26.94,11.6,"NA (ECCC AES NA; station_id 2855)",NA,2855,"",5,1980-05-19,"DATE: May-19<br>Value: 11.6 °C<br>Anomaly: -5.9 °C<br>Weather station: NA (ECCC AES NA; station_id 2855)","DATE: May-19<br><b>Maximum temperature</b><br>10-90 percentile<br>9.8 to 26.9 °C","Historical daily maximum<br>29.4 °C<br>1980-05-19","DATE: May-19</b><br>Normal: 17.5 °C<br>Period: 1991-2020","4010879","BROADVIEW",1967,2026
"05-19","TMIN",2001-05-19,3.96896551724138,-2.9,12.3,4.40292949947417,-2,-1.2,6.3,8.3,-2.5,"NA (ECCC AES NA; station_id 2855)",NA,2855,"",5,1992-05-19,"DATE: May-19<br>Value: -2.5 °C<br>Anomaly: -6.5 °C<br>Weather station: NA (ECCC AES NA; station_id 2855)","DATE: May-19<br><b>Minimum temperature</b><br>10-90 percentile<br>-2.0 to 8.3 °C","Historical daily maximum<br>12.3 °C<br>1992-05-19","DATE: May-19</b><br>Normal: 4.0 °C<br>Period: 1991-2020","4010879","BROADVIEW",1967,2026
"05-19","VPD",2001-05-19,1.28196915656831,0.279569016480888,2.68514804515744,0.713310268745056,0.449938919946782,0.744541906120754,1.55199156025957,2.3888185209646,0.857788423422096,"NA (ECCC AES NA; station_id 2855)",NA,2855,"",5,1980-05-19,"DATE: May-19<br>Value: 0.9 kPa<br>Anomaly: -0.4 kPa<br>Weather station: NA (ECCC AES NA; station_id 2855)","DATE: May-19<br><b>Vapour pressure deficit</b><br>10-90 percentile<br>0.4 to 2.4 kPa","Historical daily maximum<br>2.7 kPa<br>1980-05-19","DATE: May-19</b><br>Normal: 1.3 kPa<br>Period: 1991-2020","4010879","BROADVIEW",1967,2026
"05-20","TMAX",2001-05-20,18.8933333333333,9.1,32.4,6.08853831806738,11.26,13.825,23.825,25.67,18.9,"NA (ECCC AES NA; station_id 2855)",NA,2855,"",5,1992-05-20,"DATE: May-20<br>Value: 18.9 °C<br>Anomaly: +0.0 °C<br>Weather station: NA (ECCC AES NA; station_id 2855)","DATE: May-20<br><b>Maximum temperature</b><br>10-90 percentile<br>11.3 to 25.7 °C","Historical daily maximum<br>32.4 °C<br>1992-05-20","DATE: May-20</b><br>Normal: 18.9 °C<br>Period: 1991-2020","4010879","BROADVIEW",1967,2026
"05-20","TMIN",2001-05-20,4.71666666666667,-1.2,12.9,4.12812751518278,0.0700000000000001,1.4,8.5,10.7,2.1,"NA (ECCC AES NA; station_id 2855)",NA,2855,"",5,1980-05-20,"DATE: May-20<br>Value: 2.1 °C<br>Anomaly: -2.6 °C<br>Weather station: NA (ECCC AES NA; station_id 2855)","DATE: May-20<br><b>Minimum temperature</b><br>10-90 percentile<br>0.1 to 10.7 °C","Historical daily maximum<br>12.9 °C<br>1980-05-20","DATE: May-20</b><br>Normal: 4.7 °C<br>Period: 1991-2020","4010879","BROADVIEW",1967,2026
"05-20","VPD",2001-05-20,1.43288140615101,0.295230724125545,3.74590758928152,0.764618083223535,0.4673816551656,0.773934113101599,1.9678318442321,2.24206655322823,1.47301444902259,"NA (ECCC AES NA; station_id 2855)",NA,2855,"",5,1992-05-20,"DATE: May-20<br>Value: 1.5 kPa<br>Anomaly: +0.0 kPa<br>Weather station: NA (ECCC AES NA; station_id 2855)","DATE: May-20<br><b>Vapour pressure deficit</b><br>10-90 percentile<br>0.5 to 2.2 kPa","Historical daily maximum<br>3.7 kPa<br>1992-05-20","DATE: May-20</b><br>Normal: 1.4 kPa<br>Period: 1991-2020","4010879","BROADVIEW",1967,2026
"05-21","TMAX",2001-05-21,18.4833333333333,7.3,29.7,6.28918520753783,9.1,13.75,23.175,26.83,17.3,"NA (ECCC AES NA; station_id 2855)",NA,2855,"",5,1980-05-21,"DATE: May-21<br>Value: 17.3 °C<br>Anomaly: -1.2 °C<br>Weather station: NA (ECCC AES NA; station_id 2855)","DATE: May-21<br><b>Maximum temperature</b><br>10-90 percentile<br>9.1 to 26.8 °C","Historical daily maximum<br>29.7 °C<br>1980-05-21","DATE: May-21</b><br>Normal: 18.5 °C<br>Period: 1991-2020","4010879","BROADVIEW",1967,2026
"05-21","TMIN",2001-05-21,4.83333333333333,-1.1,15,3.97633806005175,0.82,1.625,7.275,9.45,6.9,"NA (ECCC AES NA; station_id 2855)",NA,2855,"",5,1991-05-21,"DATE: May-21<br>Value: 6.9 °C<br>Anomaly: +2.1 °C<br>Weather station: NA (ECCC AES NA; station_id 2855)","DATE: May-21<br><b>Minimum temperature</b><br>10-90 percentile<br>0.8 to 9.4 °C","Historical daily maximum<br>15.0 °C<br>1991-05-21","DATE: May-21</b><br>Normal: 4.8 °C<br>Period: 1991-2020","4010879","BROADVIEW",1967,2026
"05-21","VPD",2001-05-21,1.37482673002777,0.190746449392248,2.78838532656036,0.791214033780814,0.336357779910544,0.729169674325075,1.97657546136042,2.46808685708795,0.97987704808509,"NA (ECCC AES NA; station_id 2855)",NA,2855,"",5,1980-05-21,"DATE: May-21<br>Value: 1.0 kPa<br>Anomaly: -0.4 kPa<br>Weather station: NA (ECCC AES NA; station_id 2855)","DATE: May-21<br><b>Vapour pressure deficit</b><br>10-90 percentile<br>0.3 to 2.5 kPa","Historical daily maximum<br>2.8 kPa<br>1980-05-21","DATE: May-21</b><br>Normal: 1.4 kPa<br>Period: 1991-2020","4010879","BROADVIEW",1967,2026
"05-22","TMAX",2001-05-22,18.4566666666667,7.8,28.6,6.2829645612689,9.75,13.35,22.475,26.02,13.2,"NA (ECCC AES NA; station_id 2855)",NA,2855,"",5,1980-05-22,"DATE: May-22<br>Value: 13.2 °C<br>Anomaly: -5.3 °C<br>Weather station: NA (ECCC AES NA; station_id 2855)","DATE: May-22<br><b>Maximum temperature</b><br>10-90 percentile<br>9.8 to 26.0 °C","Historical daily maximum<br>28.6 °C<br>1980-05-22","DATE: May-22</b><br>Normal: 18.5 °C<br>Period: 1991-2020","4010879","BROADVIEW",1967,2026
"05-22","TMIN",2001-05-22,5.28,-2.3,11.7,3.76448008957779,-0.29,3.125,8.375,9.71,8.6,"NA (ECCC AES NA; station_id 2855)",NA,2855,"",5,1980-05-22,"DATE: May-22<br>Value: 8.6 °C<br>Anomaly: +3.3 °C<br>Weather station: NA (ECCC AES NA; station_id 2855)","DATE: May-22<br><b>Minimum temperature</b><br>10-90 percentile<br>-0.3 to 9.7 °C","Historical daily maximum<br>11.7 °C<br>1980-05-22","DATE: May-22</b><br>Normal: 5.3 °C<br>Period: 1991-2020","4010879","BROADVIEW",1967,2026
"05-22","VPD",2001-05-22,1.34706750966339,0.166230859287367,2.77657057197694,0.749238127774273,0.450514817238469,0.668212209166318,1.7073008403458,2.3891454112149,0.400075113834326,"NA (ECCC AES NA; station_id 2855)",NA,2855,"",5,1980-05-22,"DATE: May-22<br>Value: 0.4 kPa<br>Anomaly: -0.9 kPa<br>Weather station: NA (ECCC AES NA; station_id 2855)","DATE: May-22<br><b>Vapour pressure deficit</b><br>10-90 percentile<br>0.5 to 2.4 kPa","Historical daily maximum<br>2.8 kPa<br>1980-05-22","DATE: May-22</b><br>Normal: 1.3 kPa<br>Period: 1991-2020","4010879","BROADVIEW",1967,2026
"05-23","TMAX",2001-05-23,18.78,6.7,30.5,6.28788654806838,9.9,14.325,22.825,26.04,16.6,"BROADVIEW (ECCC AES 4010879; station_id 2855)","4010879",2855,"BROADVIEW",5,1980-05-23,"DATE: May-23<br>Value: 16.6 °C<br>Anomaly: -2.2 °C<br>Weather station: BROADVIEW (ECCC AES 4010879; station_id 2855)","DATE: May-23<br><b>Maximum temperature</b><br>10-90 percentile<br>9.9 to 26.0 °C","Historical daily maximum<br>30.5 °C<br>1980-05-23","DATE: May-23</b><br>Normal: 18.8 °C<br>Period: 1991-2020","4010879","BROADVIEW",1967,2026
"05-23","TMIN",2001-05-23,4.47,-5,12.2,4.13939442514199,-0.62,2.625,6.75,9.24,6.7,"BROADVIEW (ECCC AES 4010879; station_id 2855)","4010879",2855,"BROADVIEW",5,1980-05-23,"DATE: May-23<br>Value: 6.7 °C<br>Anomaly: +2.2 °C<br>Weather station: BROADVIEW (ECCC AES 4010879; station_id 2855)","DATE: May-23<br><b>Minimum temperature</b><br>10-90 percentile<br>-0.6 to 9.2 °C","Historical daily maximum<br>12.2 °C<br>1980-05-23","DATE: May-23</b><br>Normal: 4.5 °C<br>Period: 1991-2020","4010879","BROADVIEW",1967,2026
"05-23","VPD",2001-05-23,1.44172989188437,0.255308011324901,3.10501172746725,0.778627535393811,0.558125625905373,0.780212062908881,1.91651404844935,2.36931198349952,0.90774558874446,"BROADVIEW (ECCC AES 4010879; station_id 2855)","4010879",2855,"BROADVIEW",5,1980-05-23,"DATE: May-23<br>Value: 0.9 kPa<br>Anomaly: -0.5 kPa<br>Weather station: BROADVIEW (ECCC AES 4010879; station_id 2855)","DATE: May-23<br><b>Vapour pressure deficit</b><br>10-90 percentile<br>0.6 to 2.4 kPa","Historical daily maximum<br>3.1 kPa<br>1980-05-23","DATE: May-23</b><br>Normal: 1.4 kPa<br>Period: 1991-2020","4010879","BROADVIEW",1967,2026
"05-24","TMAX",2001-05-24,17.32,4.9,31.5,6.27800759081612,9.17,13.475,21.375,24.26,27.9,"BROADVIEW (ECCC AES 4010879; station_id 2855)","4010879",2855,"BROADVIEW",5,2014-05-24,"DATE: May-24<br>Value: 27.9 °C<br>Anomaly: +10.6 °C<br>Weather station: BROADVIEW (ECCC AES 4010879; station_id 2855)","DATE: May-24<br><b>Maximum temperature</b><br>10-90 percentile<br>9.2 to 24.3 °C","Historical daily maximum<br>31.5 °C<br>2014-05-24","DATE: May-24</b><br>Normal: 17.3 °C<br>Period: 1991-2020","4010879","BROADVIEW",1967,2026
"05-24","TMIN",2001-05-24,4.86333333333333,-0.7,14.3,4.16160474132137,0.38,0.85,7.075,9.96,4.9,"BROADVIEW (ECCC AES 4010879; station_id 2855)","4010879",2855,"BROADVIEW",5,2006-05-24,"DATE: May-24<br>Value: 4.9 °C<br>Anomaly: +0.0 °C<br>Weather station: BROADVIEW (ECCC AES 4010879; station_id 2855)","DATE: May-24<br><b>Minimum temperature</b><br>10-90 percentile<br>0.4 to 10.0 °C","Historical daily maximum<br>14.3 °C<br>2006-05-24","DATE: May-24</b><br>Normal: 4.9 °C<br>Period: 1991-2020","4010879","BROADVIEW",1967,2026
"05-24","VPD",2001-05-24,1.21521449909032,0.218949771891477,3.03380855840536,0.670177177893885,0.540512472382039,0.816387177569491,1.48840730209146,2.29609643928487,2.89173656470748,"BROADVIEW (ECCC AES 4010879; station_id 2855)","4010879",2855,"BROADVIEW",5,2014-05-24,"DATE: May-24<br>Value: 2.9 kPa<br>Anomaly: +1.7 kPa<br>Weather station: BROADVIEW (ECCC AES 4010879; station_id 2855)","DATE: May-24<br><b>Vapour pressure deficit</b><br>10-90 percentile<br>0.5 to 2.3 kPa","Historical daily maximum<br>3.0 kPa<br>2014-05-24","DATE: May-24</b><br>Normal: 1.2 kPa<br>Period: 1991-2020","4010879","BROADVIEW",1967,2026
"05-25","TMAX",2001-05-25,17.7758620689655,10.4,25.9,4.4242558028291,12.9,14.7,20.8,24.44,25.9,"BROADVIEW (ECCC AES 4010879; station_id 2855)","4010879",2855,"BROADVIEW",5,1977-05-25,"DATE: May-25<br>Value: 25.9 °C<br>Anomaly: +8.1 °C<br>Weather station: BROADVIEW (ECCC AES 4010879; station_id 2855)","DATE: May-25<br><b>Maximum temperature</b><br>10-90 percentile<br>12.9 to 24.4 °C","Historical daily maximum<br>25.9 °C<br>1977-05-25","DATE: May-25</b><br>Normal: 17.8 °C<br>Period: 1991-2020","4010879","BROADVIEW",1967,2026
"05-25","TMIN",2001-05-25,4.34,-2.8,11.9,3.8789973820119,0.0600000000000005,0.675,7.25,9.07,8.7,"BROADVIEW (ECCC AES 4010879; station_id 2855)","4010879",2855,"BROADVIEW",5,1977-05-25,"DATE: May-25<br>Value: 8.7 °C<br>Anomaly: +4.4 °C<br>Weather station: BROADVIEW (ECCC AES 4010879; station_id 2855)","DATE: May-25<br><b>Minimum temperature</b><br>10-90 percentile<br>0.1 to 9.1 °C","Historical daily maximum<br>11.9 °C<br>1977-05-25","DATE: May-25</b><br>Normal: 4.3 °C<br>Period: 1991-2020","4010879","BROADVIEW",1967,2026
"05-25","VPD",2001-05-25,1.23616303786887,0.545462148702952,2.33286156702354,0.541547570287543,0.658593455477146,0.860078878292984,1.72009423702692,2.07198659094272,2.21662071983531,"BROADVIEW (ECCC AES 4010879; station_id 2855)","4010879",2855,"BROADVIEW",5,1980-05-25,"DATE: May-25<br>Value: 2.2 kPa<br>Anomaly: +1.0 kPa<br>Weather station: BROADVIEW (ECCC AES 4010879; station_id 2855)","DATE: May-25<br><b>Vapour pressure deficit</b><br>10-90 percentile<br>0.7 to 2.1 kPa","Historical daily maximum<br>2.3 kPa<br>1980-05-25","DATE: May-25</b><br>Normal: 1.2 kPa<br>Period: 1991-2020","4010879","BROADVIEW",1967,2026
"05-26","TMAX",2001-05-26,18.9896551724138,8.2,30.2,4.97086833658913,13.76,15.4,21.8,26.52,28.2,"BROADVIEW (ECCC AES 4010879; station_id 2855)","4010879",2855,"BROADVIEW",5,1969-05-26,"DATE: May-26<br>Value: 28.2 °C<br>Anomaly: +9.2 °C<br>Weather station: BROADVIEW (ECCC AES 4010879; station_id 2855)","DATE: May-26<br><b>Maximum temperature</b><br>10-90 percentile<br>13.8 to 26.5 °C","Historical daily maximum<br>30.2 °C<br>1969-05-26","DATE: May-26</b><br>Normal: 19.0 °C<br>Period: 1991-2020","4010879","BROADVIEW",1967,2026
"05-26","TMIN",2001-05-26,5.5448275862069,0.2,12.4,3.48769123458245,1.04,2.8,7.5,10.34,10.8,"BROADVIEW (ECCC AES 4010879; station_id 2855)","4010879",2855,"BROADVIEW",5,2023-05-26,"DATE: May-26<br>Value: 10.8 °C<br>Anomaly: +5.3 °C<br>Weather station: BROADVIEW (ECCC AES 4010879; station_id 2855)","DATE: May-26<br><b>Minimum temperature</b><br>10-90 percentile<br>1.0 to 10.3 °C","Historical daily maximum<br>12.4 °C<br>2023-05-26","DATE: May-26</b><br>Normal: 5.5 °C<br>Period: 1991-2020","4010879","BROADVIEW",1967,2026
"05-26","VPD",2001-05-26,1.35945367176964,0.227262043684931,2.85199409278695,0.629750754845944,0.775353920532871,0.887848676497688,1.70232807094155,2.29521147261972,2.5288079316603,"BROADVIEW (ECCC AES 4010879; station_id 2855)","4010879",2855,"BROADVIEW",5,1969-05-26,"DATE: May-26<br>Value: 2.5 kPa<br>Anomaly: +1.2 kPa<br>Weather station: BROADVIEW (ECCC AES 4010879; station_id 2855)","DATE: May-26<br><b>Vapour pressure deficit</b><br>10-90 percentile<br>0.8 to 2.3 kPa","Historical daily maximum<br>2.9 kPa<br>1969-05-26","DATE: May-26</b><br>Normal: 1.4 kPa<br>Period: 1991-2020","4010879","BROADVIEW",1967,2026
"05-27","TMAX",2001-05-27,18.7758620689655,7.6,26.5,5.39501457514341,10.46,16.7,22.2,24.66,29.8,"BROADVIEW (ECCC AES 4010879; station_id 2855)","4010879",2855,"BROADVIEW",5,2026-05-27,"DATE: May-27<br>Value: 29.8 °C<br>Anomaly: +11.0 °C<br>Weather station: BROADVIEW (ECCC AES 4010879; station_id 2855)","DATE: May-27<br><b>Maximum temperature</b><br>10-90 percentile<br>10.5 to 24.7 °C","Historical daily maximum<br>26.5 °C<br>2026-05-27","DATE: May-27</b><br>Normal: 18.8 °C<br>Period: 1991-2020","4010879","BROADVIEW",1967,2026
"05-27","TMIN",2001-05-27,6.17666666666667,-2.9,12.6,3.91017094020315,1.56,3.95,9.05,10.81,13,"BROADVIEW (ECCC AES 4010879; station_id 2855)","4010879",2855,"BROADVIEW",5,2023-05-27,"DATE: May-27<br>Value: 13.0 °C<br>Anomaly: +6.8 °C<br>Weather station: BROADVIEW (ECCC AES 4010879; station_id 2855)","DATE: May-27<br><b>Minimum temperature</b><br>10-90 percentile<br>1.6 to 10.8 °C","Historical daily maximum<br>12.6 °C<br>2023-05-27","DATE: May-27</b><br>Normal: 6.2 °C<br>Period: 1991-2020","4010879","BROADVIEW",1967,2026
"05-27","VPD",2001-05-27,1.28607395899536,0.256211129571462,2.44638166651989,0.608999244580784,0.3362892541643,0.898633754858155,1.67945063740305,1.97045569526217,2.69686170816036,"BROADVIEW (ECCC AES 4010879; station_id 2855)","4010879",2855,"BROADVIEW",5,1980-05-27,"DATE: May-27<br>Value: 2.7 kPa<br>Anomaly: +1.4 kPa<br>Weather station: BROADVIEW (ECCC AES 4010879; station_id 2855)","DATE: May-27<br><b>Vapour pressure deficit</b><br>10-90 percentile<br>0.3 to 2.0 kPa","Historical daily maximum<br>2.4 kPa<br>1980-05-27","DATE: May-27</b><br>Normal: 1.3 kPa<br>Period: 1991-2020","4010879","BROADVIEW",1967,2026
"05-28","TMAX",2001-05-28,19.3033333333333,10.1,28.6,5.39747599591112,12.55,14.775,22.475,26.31,33.8,"BROADVIEW (ECCC AES 4010879; station_id 2855)","4010879",2855,"BROADVIEW",5,2026-05-28,"DATE: May-28<br>Value: 33.8 °C<br>Anomaly: +14.5 °C<br>Weather station: BROADVIEW (ECCC AES 4010879; station_id 2855)","DATE: May-28<br><b>Maximum temperature</b><br>10-90 percentile<br>12.5 to 26.3 °C","Historical daily maximum<br>28.6 °C<br>2026-05-28","DATE: May-28</b><br>Normal: 19.3 °C<br>Period: 1991-2020","4010879","BROADVIEW",1967,2026
"05-28","TMIN",2001-05-28,6.13,-1.1,11.3,3.39879796195757,1.66,4.475,8.45,11.01,15.4,"BROADVIEW (ECCC AES 4010879; station_id 2855)","4010879",2855,"BROADVIEW",5,2026-05-28,"DATE: May-28<br>Value: 15.4 °C<br>Anomaly: +9.3 °C<br>Weather station: BROADVIEW (ECCC AES 4010879; station_id 2855)","DATE: May-28<br><b>Minimum temperature</b><br>10-90 percentile<br>1.7 to 11.0 °C","Historical daily maximum<br>11.3 °C<br>2026-05-28","DATE: May-28</b><br>Normal: 6.1 °C<br>Period: 1991-2020","4010879","BROADVIEW",1967,2026
"05-28","VPD",2001-05-28,1.38130785972643,0.332986335016567,2.70633358862579,0.712300499209247,0.457764553386858,0.730369591775406,1.70025357843649,2.43709897228415,3.51054968610164,"BROADVIEW (ECCC AES 4010879; station_id 2855)","4010879",2855,"BROADVIEW",5,2026-05-28,"DATE: May-28<br>Value: 3.5 kPa<br>Anomaly: +2.1 kPa<br>Weather station: BROADVIEW (ECCC AES 4010879; station_id 2855)","DATE: May-28<br><b>Vapour pressure deficit</b><br>10-90 percentile<br>0.5 to 2.4 kPa","Historical daily maximum<br>2.7 kPa<br>2026-05-28","DATE: May-28</b><br>Normal: 1.4 kPa<br>Period: 1991-2020","4010879","BROADVIEW",1967,2026
"05-29","TMAX",2001-05-29,19.4633333333333,8.7,30.3,5.81166978992496,11.98,15.75,22.45,28.26,28.7,"BROADVIEW (ECCC AES 4010879; station_id 2855)","4010879",2855,"BROADVIEW",5,1988-05-29,"DATE: May-29<br>Value: 28.7 °C<br>Anomaly: +9.2 °C<br>Weather station: BROADVIEW (ECCC AES 4010879; station_id 2855)","DATE: May-29<br><b>Maximum temperature</b><br>10-90 percentile<br>12.0 to 28.3 °C","Historical daily maximum<br>30.3 °C<br>1988-05-29","DATE: May-29</b><br>Normal: 19.5 °C<br>Period: 1991-2020","4010879","BROADVIEW",1967,2026
"05-29","TMIN",2001-05-29,6.76,0.2,13,3.31886977022663,2.15,4.25,8.4,11.35,14.8,"BROADVIEW (ECCC AES 4010879; station_id 2855)","4010879",2855,"BROADVIEW",5,2026-05-29,"DATE: May-29<br>Value: 14.8 °C<br>Anomaly: +8.0 °C<br>Weather station: BROADVIEW (ECCC AES 4010879; station_id 2855)","DATE: May-29<br><b>Minimum temperature</b><br>10-90 percentile<br>2.2 to 11.4 °C","Historical daily maximum<br>13.0 °C<br>2026-05-29","DATE: May-29</b><br>Normal: 6.8 °C<br>Period: 1991-2020","4010879","BROADVIEW",1967,2026
"05-29","VPD",2001-05-29,1.38277165797398,0.196344311255584,3.2142782708818,0.749305502777006,0.507523117269515,0.872248886352304,1.70450115573192,2.49408875742543,2.25324197491663,"BROADVIEW (ECCC AES 4010879; station_id 2855)","4010879",2855,"BROADVIEW",5,1988-05-29,"DATE: May-29<br>Value: 2.3 kPa<br>Anomaly: +0.9 kPa<br>Weather station: BROADVIEW (ECCC AES 4010879; station_id 2855)","DATE: May-29<br><b>Vapour pressure deficit</b><br>10-90 percentile<br>0.5 to 2.5 kPa","Historical daily maximum<br>3.2 kPa<br>1988-05-29","DATE: May-29</b><br>Normal: 1.4 kPa<br>Period: 1991-2020","4010879","BROADVIEW",1967,2026
"05-30","TMAX",2001-05-30,19.3566666666667,10.4,31.3,5.06663755285041,12.97,15.75,23.6,24.78,24.2,"BROADVIEW (ECCC AES 4010879; station_id 2855)","4010879",2855,"BROADVIEW",5,1984-05-30,"DATE: May-30<br>Value: 24.2 °C<br>Anomaly: +4.8 °C<br>Weather station: BROADVIEW (ECCC AES 4010879; station_id 2855)","DATE: May-30<br><b>Maximum temperature</b><br>10-90 percentile<br>13.0 to 24.8 °C","Historical daily maximum<br>31.3 °C<br>1984-05-30","DATE: May-30</b><br>Normal: 19.4 °C<br>Period: 1991-2020","4010879","BROADVIEW",1967,2026
"05-30","TMIN",2001-05-30,6.50333333333333,-2.1,14.1,3.97548377739965,1.56,2.925,9.575,10.65,15.2,"BROADVIEW (ECCC AES 4010879; station_id 2855)","4010879",2855,"BROADVIEW",5,1986-05-30,"DATE: May-30<br>Value: 15.2 °C<br>Anomaly: +8.7 °C<br>Weather station: BROADVIEW (ECCC AES 4010879; station_id 2855)","DATE: May-30<br><b>Minimum temperature</b><br>10-90 percentile<br>1.6 to 10.6 °C","Historical daily maximum<br>14.1 °C<br>1986-05-30","DATE: May-30</b><br>Normal: 6.5 °C<br>Period: 1991-2020","4010879","BROADVIEW",1967,2026
"05-30","VPD",2001-05-30,1.344788951995,0.367268846912473,3.3501361862515,0.692492229033502,0.407611971590505,0.897155545868726,1.78082102641167,2.10934992609177,1.29249695578913,"BROADVIEW (ECCC AES 4010879; station_id 2855)","4010879",2855,"BROADVIEW",5,1984-05-30,"DATE: May-30<br>Value: 1.3 kPa<br>Anomaly: -0.1 kPa<br>Weather station: BROADVIEW (ECCC AES 4010879; station_id 2855)","DATE: May-30<br><b>Vapour pressure deficit</b><br>10-90 percentile<br>0.4 to 2.1 kPa","Historical daily maximum<br>3.4 kPa<br>1984-05-30","DATE: May-30</b><br>Normal: 1.3 kPa<br>Period: 1991-2020","4010879","BROADVIEW",1967,2026
"05-31","TMAX",2001-05-31,19.3344827586207,11.3,28.8,5.31475546152065,12.8,14.5,22.6,27.16,24.9,"BROADVIEW (ECCC AES 4010879; station_id 2855)","4010879",2855,"BROADVIEW",5,1972-05-31,"DATE: May-31<br>Value: 24.9 °C<br>Anomaly: +5.6 °C<br>Weather station: BROADVIEW (ECCC AES 4010879; station_id 2855)","DATE: May-31<br><b>Maximum temperature</b><br>10-90 percentile<br>12.8 to 27.2 °C","Historical daily maximum<br>28.8 °C<br>1972-05-31","DATE: May-31</b><br>Normal: 19.3 °C<br>Period: 1991-2020","4010879","BROADVIEW",1967,2026
"05-31","TMIN",2001-05-31,6.46333333333333,-0.7,15,3.63075781330159,2.23,4,8.2,9.43,16.1,"BROADVIEW (ECCC AES 4010879; station_id 2855)","4010879",2855,"BROADVIEW",5,1988-05-31,"DATE: May-31<br>Value: 16.1 °C<br>Anomaly: +9.6 °C<br>Weather station: BROADVIEW (ECCC AES 4010879; station_id 2855)","DATE: May-31<br><b>Minimum temperature</b><br>10-90 percentile<br>2.2 to 9.4 °C","Historical daily maximum<br>15.0 °C<br>1988-05-31","DATE: May-31</b><br>Normal: 6.5 °C<br>Period: 1991-2020","4010879","BROADVIEW",1967,2026
"05-31","VPD",2001-05-31,1.34879353610551,0.251652702222657,2.75899191521136,0.684241923999834,0.415954317506073,0.840186671880091,1.7241280891478,2.26619654841978,1.31902443481394,"BROADVIEW (ECCC AES 4010879; station_id 2855)","4010879",2855,"BROADVIEW",5,2002-05-31,"DATE: May-31<br>Value: 1.3 kPa<br>Anomaly: 0.0 kPa<br>Weather station: BROADVIEW (ECCC AES 4010879; station_id 2855)","DATE: May-31<br><b>Vapour pressure deficit</b><br>10-90 percentile<br>0.4 to 2.3 kPa","Historical daily maximum<br>2.8 kPa<br>2002-05-31","DATE: May-31</b><br>Normal: 1.3 kPa<br>Period: 1991-2020","4010879","BROADVIEW",1967,2026
"06-01","TMAX",2001-06-01,19.77,11,29.5,4.48000538792779,13.56,17.025,22.325,24.82,17.4,"BROADVIEW (ECCC AES 4010879; station_id 2855)","4010879",2855,"BROADVIEW",6,1972-06-01,"DATE: Jun-01<br>Value: 17.4 °C<br>Anomaly: -2.4 °C<br>Weather station: BROADVIEW (ECCC AES 4010879; station_id 2855)","DATE: Jun-01<br><b>Maximum temperature</b><br>10-90 percentile<br>13.6 to 24.8 °C","Historical daily maximum<br>29.5 °C<br>1972-06-01","DATE: Jun-01</b><br>Normal: 19.8 °C<br>Period: 1991-2020","4010879","BROADVIEW",1967,2026
"06-01","TMIN",2001-06-01,6.61333333333333,0.6,14.1,3.57700831781911,1.68,3.75,8.225,11.39,8.9,"BROADVIEW (ECCC AES 4010879; station_id 2855)","4010879",2855,"BROADVIEW",6,2023-06-01,"DATE: Jun-01<br>Value: 8.9 °C<br>Anomaly: +2.3 °C<br>Weather station: BROADVIEW (ECCC AES 4010879; station_id 2855)","DATE: Jun-01<br><b>Minimum temperature</b><br>10-90 percentile<br>1.7 to 11.4 °C","Historical daily maximum<br>14.1 °C<br>2023-06-01","DATE: Jun-01</b><br>Normal: 6.6 °C<br>Period: 1991-2020","4010879","BROADVIEW",1967,2026
"06-01","VPD",2001-06-01,1.38040518930982,0.207362848902271,3.1549083425644,0.608915767084501,0.636929271911311,1.07902396264293,1.68702479978104,2.06544930162098,0.847069491052509,"BROADVIEW (ECCC AES 4010879; station_id 2855)","4010879",2855,"BROADVIEW",6,2017-06-01,"DATE: Jun-01<br>Value: 0.8 kPa<br>Anomaly: -0.5 kPa<br>Weather station: BROADVIEW (ECCC AES 4010879; station_id 2855)","DATE: Jun-01<br><b>Vapour pressure deficit</b><br>10-90 percentile<br>0.6 to 2.1 kPa","Historical daily maximum<br>3.2 kPa<br>2017-06-01","DATE: Jun-01</b><br>Normal: 1.4 kPa<br>Period: 1991-2020","4010879","BROADVIEW",1967,2026
"06-02","TMAX",2001-06-02,20.0166666666667,9,29.9,5.55903013950761,12.96,17.575,25.475,26.22,22.5,"BROADVIEW (ECCC AES 4010879; station_id 2855)","4010879",2855,"BROADVIEW",6,2021-06-02,"DATE: Jun-02<br>Value: 22.5 °C<br>Anomaly: +2.5 °C<br>Weather station: BROADVIEW (ECCC AES 4010879; station_id 2855)","DATE: Jun-02<br><b>Maximum temperature</b><br>10-90 percentile<br>13.0 to 26.2 °C","Historical daily maximum<br>29.9 °C<br>2021-06-02","DATE: Jun-02</b><br>Normal: 20.0 °C<br>Period: 1991-2020","4010879","BROADVIEW",1967,2026
"06-02","TMIN",2001-06-02,7.16333333333333,-1,14.7,4.20693051616212,1.65,3.525,10.225,12.62,10.6,"BROADVIEW (ECCC AES 4010879; station_id 2855)","4010879",2855,"BROADVIEW",6,2023-06-02,"DATE: Jun-02<br>Value: 10.6 °C<br>Anomaly: +3.4 °C<br>Weather station: BROADVIEW (ECCC AES 4010879; station_id 2855)","DATE: Jun-02<br><b>Minimum temperature</b><br>10-90 percentile<br>1.6 to 12.6 °C","Historical daily maximum<br>14.7 °C<br>2023-06-02","DATE: Jun-02</b><br>Normal: 7.2 °C<br>Period: 1991-2020","4010879","BROADVIEW",1967,2026
"06-02","VPD",2001-06-02,1.40875368711144,0.300364276280664,3.03933347915963,0.685989946069673,0.542597749044981,0.919769762763512,1.81827627401474,2.27253877955464,1.44737170003602,"BROADVIEW (ECCC AES 4010879; station_id 2855)","4010879",2855,"BROADVIEW",6,2021-06-02,"DATE: Jun-02<br>Value: 1.4 kPa<br>Anomaly: +0.0 kPa<br>Weather station: BROADVIEW (ECCC AES 4010879; station_id 2855)","DATE: Jun-02<br><b>Vapour pressure deficit</b><br>10-90 percentile<br>0.5 to 2.3 kPa","Historical daily maximum<br>3.0 kPa<br>2021-06-02","DATE: Jun-02</b><br>Normal: 1.4 kPa<br>Period: 1991-2020","4010879","BROADVIEW",1967,2026
"06-03","TMAX",2001-06-03,21.1366666666667,12.1,33.6,4.91629825231821,16.07,17.35,24.85,26.47,19.4,"BROADVIEW (ECCC AES 4010879; station_id 2855)","4010879",2855,"BROADVIEW",6,2021-06-03,"DATE: Jun-03<br>Value: 19.4 °C<br>Anomaly: -1.7 °C<br>Weather station: BROADVIEW (ECCC AES 4010879; station_id 2855)","DATE: Jun-03<br><b>Maximum temperature</b><br>10-90 percentile<br>16.1 to 26.5 °C","Historical daily maximum<br>33.6 °C<br>2021-06-03","DATE: Jun-03</b><br>Normal: 21.1 °C<br>Period: 1991-2020","4010879","BROADVIEW",1967,2026
"06-03","TMIN",2001-06-03,8.27,0.1,15.7,3.88730471291285,3.8,6.025,10.625,12.41,11.1,"BROADVIEW (ECCC AES 4010879; station_id 2855)","4010879",2855,"BROADVIEW",6,2023-06-03,"DATE: Jun-03<br>Value: 11.1 °C<br>Anomaly: +2.8 °C<br>Weather station: BROADVIEW (ECCC AES 4010879; station_id 2855)","DATE: Jun-03<br><b>Minimum temperature</b><br>10-90 percentile<br>3.8 to 12.4 °C","Historical daily maximum<br>15.7 °C<br>2023-06-03","DATE: Jun-03</b><br>Normal: 8.3 °C<br>Period: 1991-2020","4010879","BROADVIEW",1967,2026
"06-03","VPD",2001-06-03,1.48266932166402,0.316953089139447,3.41819462478523,0.670907100988286,0.719503774093453,1.00500623661783,1.96591970581812,2.14767086752123,0.931365502789232,"BROADVIEW (ECCC AES 4010879; station_id 2855)","4010879",2855,"BROADVIEW",6,2021-06-03,"DATE: Jun-03<br>Value: 0.9 kPa<br>Anomaly: -0.6 kPa<br>Weather station: BROADVIEW (ECCC AES 4010879; station_id 2855)","DATE: Jun-03<br><b>Vapour pressure deficit</b><br>10-90 percentile<br>0.7 to 2.1 kPa","Historical daily maximum<br>3.4 kPa<br>2021-06-03","DATE: Jun-03</b><br>Normal: 1.5 kPa<br>Period: 1991-2020","4010879","BROADVIEW",1967,2026
"06-04","TMAX",2001-06-04,20.79,9.1,28,4.54155905176732,16.74,18.925,24.625,25.41,16.4,"BROADVIEW (ECCC AES 4010879; station_id 2855)","4010879",2855,"BROADVIEW",6,1988-06-04,"DATE: Jun-04<br>Value: 16.4 °C<br>Anomaly: -4.4 °C<br>Weather station: BROADVIEW (ECCC AES 4010879; station_id 2855)","DATE: Jun-04<br><b>Maximum temperature</b><br>10-90 percentile<br>16.7 to 25.4 °C","Historical daily maximum<br>28.0 °C<br>1988-06-04","DATE: Jun-04</b><br>Normal: 20.8 °C<br>Period: 1991-2020","4010879","BROADVIEW",1967,2026
"06-04","TMIN",2001-06-04,7.83333333333333,1.1,14.6,3.47913319895803,3.48,5.5,10.55,12.29,10,"BROADVIEW (ECCC AES 4010879; station_id 2855)","4010879",2855,"BROADVIEW",6,2023-06-04,"DATE: Jun-04<br>Value: 10.0 °C<br>Anomaly: +2.2 °C<br>Weather station: BROADVIEW (ECCC AES 4010879; station_id 2855)","DATE: Jun-04<br><b>Minimum temperature</b><br>10-90 percentile<br>3.5 to 12.3 °C","Historical daily maximum<br>14.6 °C<br>2023-06-04","DATE: Jun-04</b><br>Normal: 7.8 °C<br>Period: 1991-2020","4010879","BROADVIEW",1967,2026
"06-04","VPD",2001-06-04,1.4459488097143,0.289598808870264,2.81860702575,0.59216633407967,0.639183226424463,1.11410984067821,1.88461054781268,2.15958646800409,0.637303493384554,"BROADVIEW (ECCC AES 4010879; station_id 2855)","4010879",2855,"BROADVIEW",6,1988-06-04,"DATE: Jun-04<br>Value: 0.6 kPa<br>Anomaly: -0.8 kPa<br>Weather station: BROADVIEW (ECCC AES 4010879; station_id 2855)","DATE: Jun-04<br><b>Vapour pressure deficit</b><br>10-90 percentile<br>0.6 to 2.2 kPa","Historical daily maximum<br>2.8 kPa<br>1988-06-04","DATE: Jun-04</b><br>Normal: 1.4 kPa<br>Period: 1991-2020","4010879","BROADVIEW",1967,2026
"06-05","TMAX",2001-06-05,21.5533333333333,8.4,29.7,4.68046072985109,16.23,19.55,23.975,26.59,24,"BROADVIEW (ECCC AES 4010879; station_id 2855)","4010879",2855,"BROADVIEW",6,1988-06-05,"DATE: Jun-05<br>Value: 24.0 °C<br>Anomaly: +2.4 °C<br>Weather station: BROADVIEW (ECCC AES 4010879; station_id 2855)","DATE: Jun-05<br><b>Maximum temperature</b><br>10-90 percentile<br>16.2 to 26.6 °C","Historical daily maximum<br>29.7 °C<br>1988-06-05","DATE: Jun-05</b><br>Normal: 21.6 °C<br>Period: 1991-2020","4010879","BROADVIEW",1967,2026
"06-05","TMIN",2001-06-05,7.95333333333333,-1,14.2,3.75754260611661,3.25,5.275,10.6,12.45,6.8,"BROADVIEW (ECCC AES 4010879; station_id 2855)","4010879",2855,"BROADVIEW",6,1988-06-05,"DATE: Jun-05<br>Value: 6.8 °C<br>Anomaly: -1.2 °C<br>Weather station: BROADVIEW (ECCC AES 4010879; station_id 2855)","DATE: Jun-05<br><b>Minimum temperature</b><br>10-90 percentile<br>3.2 to 12.4 °C","Historical daily maximum<br>14.2 °C<br>1988-06-05","DATE: Jun-05</b><br>Normal: 8.0 °C<br>Period: 1991-2020","4010879","BROADVIEW",1967,2026
"06-05","VPD",2001-06-05,1.5577138228842,0.328294459665149,2.81361141627054,0.598698639977519,0.711805554481888,1.13950702293352,1.92554335651598,2.07055235520646,1.99573489144293,"BROADVIEW (ECCC AES 4010879; station_id 2855)","4010879",2855,"BROADVIEW",6,1988-06-05,"DATE: Jun-05<br>Value: 2.0 kPa<br>Anomaly: +0.4 kPa<br>Weather station: BROADVIEW (ECCC AES 4010879; station_id 2855)","DATE: Jun-05<br><b>Vapour pressure deficit</b><br>10-90 percentile<br>0.7 to 2.1 kPa","Historical daily maximum<br>2.8 kPa<br>1988-06-05","DATE: Jun-05</b><br>Normal: 1.6 kPa<br>Period: 1991-2020","4010879","BROADVIEW",1967,2026
"06-06","TMAX",2001-06-06,19.6233333333333,10.5,28.6,4.64518165884588,13.26,16.675,22.65,24.84,23.9,"BROADVIEW (ECCC AES 4010879; station_id 2855)","4010879",2855,"BROADVIEW",6,1988-06-06,"DATE: Jun-06<br>Value: 23.9 °C<br>Anomaly: +4.3 °C<br>Weather station: BROADVIEW (ECCC AES 4010879; station_id 2855)","DATE: Jun-06<br><b>Maximum temperature</b><br>10-90 percentile<br>13.3 to 24.8 °C","Historical daily maximum<br>28.6 °C<br>1988-06-06","DATE: Jun-06</b><br>Normal: 19.6 °C<br>Period: 1991-2020","4010879","BROADVIEW",1967,2026
"06-06","TMIN",2001-06-06,7.99,-0.8,15.1,3.43153228064424,3.37,6.7,9.875,12.03,9.5,"BROADVIEW (ECCC AES 4010879; station_id 2855)","4010879",2855,"BROADVIEW",6,2023-06-06,"DATE: Jun-06<br>Value: 9.5 °C<br>Anomaly: +1.5 °C<br>Weather station: BROADVIEW (ECCC AES 4010879; station_id 2855)","DATE: Jun-06<br><b>Minimum temperature</b><br>10-90 percentile<br>3.4 to 12.0 °C","Historical daily maximum<br>15.1 °C<br>2023-06-06","DATE: Jun-06</b><br>Normal: 8.0 °C<br>Period: 1991-2020","4010879","BROADVIEW",1967,2026
"06-06","VPD",2001-06-06,1.26702480559852,0.285160264275603,2.99814488036696,0.596960534266727,0.552158175631519,0.786534925167817,1.69804634907402,1.86795180483725,1.77863366528275,"BROADVIEW (ECCC AES 4010879; station_id 2855)","4010879",2855,"BROADVIEW",6,1988-06-06,"DATE: Jun-06<br>Value: 1.8 kPa<br>Anomaly: +0.5 kPa<br>Weather station: BROADVIEW (ECCC AES 4010879; station_id 2855)","DATE: Jun-06<br><b>Vapour pressure deficit</b><br>10-90 percentile<br>0.6 to 1.9 kPa","Historical daily maximum<br>3.0 kPa<br>1988-06-06","DATE: Jun-06</b><br>Normal: 1.3 kPa<br>Period: 1991-2020","4010879","BROADVIEW",1967,2026
"06-07","TMAX",2001-06-07,20.4466666666667,9.8,29.2,5.36937248843291,12.84,16.675,24.4,26.77,25.5,"BROADVIEW (ECCC AES 4010879; station_id 2855)","4010879",2855,"BROADVIEW",6,1988-06-07,"DATE: Jun-07<br>Value: 25.5 °C<br>Anomaly: +5.1 °C<br>Weather station: BROADVIEW (ECCC AES 4010879; station_id 2855)","DATE: Jun-07<br><b>Maximum temperature</b><br>10-90 percentile<br>12.8 to 26.8 °C","Historical daily maximum<br>29.2 °C<br>1988-06-07","DATE: Jun-07</b><br>Normal: 20.4 °C<br>Period: 1991-2020","4010879","BROADVIEW",1967,2026
"06-07","TMIN",2001-06-07,8.62333333333333,3.8,15.1,3.33101241038831,4.1,6,11.125,13.06,14.1,"BROADVIEW (ECCC AES 4010879; station_id 2855)","4010879",2855,"BROADVIEW",6,1988-06-07,"DATE: Jun-07<br>Value: 14.1 °C<br>Anomaly: +5.5 °C<br>Weather station: BROADVIEW (ECCC AES 4010879; station_id 2855)","DATE: Jun-07<br><b>Minimum temperature</b><br>10-90 percentile<br>4.1 to 13.1 °C","Historical daily maximum<br>15.1 °C<br>1988-06-07","DATE: Jun-07</b><br>Normal: 8.6 °C<br>Period: 1991-2020","4010879","BROADVIEW",1967,2026
"06-07","VPD",2001-06-07,1.36917712661273,0.262515214291509,2.74819437465808,0.616470002056487,0.518622703366089,0.905622711567213,1.8471657118796,1.95447734037453,1.65434818014909,"BROADVIEW (ECCC AES 4010879; station_id 2855)","4010879",2855,"BROADVIEW",6,1988-06-07,"DATE: Jun-07<br>Value: 1.7 kPa<br>Anomaly: +0.3 kPa<br>Weather station: BROADVIEW (ECCC AES 4010879; station_id 2855)","DATE: Jun-07<br><b>Vapour pressure deficit</b><br>10-90 percentile<br>0.5 to 2.0 kPa","Historical daily maximum<br>2.7 kPa<br>1988-06-07","DATE: Jun-07</b><br>Normal: 1.4 kPa<br>Period: 1991-2020","4010879","BROADVIEW",1967,2026
"06-08","TMAX",2001-06-08,19.94,7.2,31.5,6.07082338334135,12.31,16.75,24.075,29.26,21.9,"BROADVIEW (ECCC AES 4010879; station_id 2855)","4010879",2855,"BROADVIEW",6,1970-06-08,"DATE: Jun-08<br>Value: 21.9 °C<br>Anomaly: +2.0 °C<br>Weather station: BROADVIEW (ECCC AES 4010879; station_id 2855)","DATE: Jun-08<br><b>Maximum temperature</b><br>10-90 percentile<br>12.3 to 29.3 °C","Historical daily maximum<br>31.5 °C<br>1970-06-08","DATE: Jun-08</b><br>Normal: 19.9 °C<br>Period: 1991-2020","4010879","BROADVIEW",1967,2026
"06-08","TMIN",2001-06-08,8.39666666666667,0.3,17.4,3.96079784137361,4,4.9,11.1,13.25,9.9,"BROADVIEW (ECCC AES 4010879; station_id 2855)","4010879",2855,"BROADVIEW",6,1997-06-08,"DATE: Jun-08<br>Value: 9.9 °C<br>Anomaly: +1.5 °C<br>Weather station: BROADVIEW (ECCC AES 4010879; station_id 2855)","DATE: Jun-08<br><b>Minimum temperature</b><br>10-90 percentile<br>4.0 to 13.2 °C","Historical daily maximum<br>17.4 °C<br>1997-06-08","DATE: Jun-08</b><br>Normal: 8.4 °C<br>Period: 1991-2020","4010879","BROADVIEW",1967,2026
"06-08","VPD",2001-06-08,1.33472312039893,0.157709422542061,2.83833307178183,0.757754817052806,0.417863292784908,0.923176392444057,1.64715065243042,2.42913374181864,1.40810064244751,"BROADVIEW (ECCC AES 4010879; station_id 2855)","4010879",2855,"BROADVIEW",6,1970-06-08,"DATE: Jun-08<br>Value: 1.4 kPa<br>Anomaly: +0.1 kPa<br>Weather station: BROADVIEW (ECCC AES 4010879; station_id 2855)","DATE: Jun-08<br><b>Vapour pressure deficit</b><br>10-90 percentile<br>0.4 to 2.4 kPa","Historical daily maximum<br>2.8 kPa<br>1970-06-08","DATE: Jun-08</b><br>Normal: 1.3 kPa<br>Period: 1991-2020","4010879","BROADVIEW",1967,2026
"06-09","TMAX",2001-06-09,20.2586206896552,12,32.1,5.51760282067308,13.26,16.3,23.3,28.06,23.7,"BROADVIEW (ECCC AES 4010879; station_id 2855)","4010879",2855,"BROADVIEW",6,1996-06-09,"DATE: Jun-09<br>Value: 23.7 °C<br>Anomaly: +3.4 °C<br>Weather station: BROADVIEW (ECCC AES 4010879; station_id 2855)","DATE: Jun-09<br><b>Maximum temperature</b><br>10-90 percentile<br>13.3 to 28.1 °C","Historical daily maximum<br>32.1 °C<br>1996-06-09","DATE: Jun-09</b><br>Normal: 20.3 °C<br>Period: 1991-2020","4010879","BROADVIEW",1967,2026
"06-09","TMIN",2001-06-09,8.67666666666667,2.3,16.1,3.71666177000863,4.25,5.725,10.75,14.52,7.6,"BROADVIEW (ECCC AES 4010879; station_id 2855)","4010879",2855,"BROADVIEW",6,1996-06-09,"DATE: Jun-09<br>Value: 7.6 °C<br>Anomaly: -1.1 °C<br>Weather station: BROADVIEW (ECCC AES 4010879; station_id 2855)","DATE: Jun-09<br><b>Minimum temperature</b><br>10-90 percentile<br>4.2 to 14.5 °C","Historical daily maximum<br>16.1 °C<br>1996-06-09","DATE: Jun-09</b><br>Normal: 8.7 °C<br>Period: 1991-2020","4010879","BROADVIEW",1967,2026
"06-09","VPD",2001-06-09,1.33585458907526,0.300216761058149,2.95177692586151,0.720518719094868,0.423721566966193,0.880005761484211,1.66339114240471,2.41905591762051,1.88671593941229,"BROADVIEW (ECCC AES 4010879; station_id 2855)","4010879",2855,"BROADVIEW",6,1996-06-09,"DATE: Jun-09<br>Value: 1.9 kPa<br>Anomaly: +0.6 kPa<br>Weather station: BROADVIEW (ECCC AES 4010879; station_id 2855)","DATE: Jun-09<br><b>Vapour pressure deficit</b><br>10-90 percentile<br>0.4 to 2.4 kPa","Historical daily maximum<br>3.0 kPa<br>1996-06-09","DATE: Jun-09</b><br>Normal: 1.3 kPa<br>Period: 1991-2020","4010879","BROADVIEW",1967,2026
"06-10","TMAX",2001-06-10,20.7633333333333,10.5,30.7,5.5489348672443,12.46,18.525,24.9,27.91,19.7,"BROADVIEW (ECCC AES 4010879; station_id 2855)","4010879",2855,"BROADVIEW",6,1980-06-10,"DATE: Jun-10<br>Value: 19.7 °C<br>Anomaly: -1.1 °C<br>Weather station: BROADVIEW (ECCC AES 4010879; station_id 2855)","DATE: Jun-10<br><b>Maximum temperature</b><br>10-90 percentile<br>12.5 to 27.9 °C","Historical daily maximum<br>30.7 °C<br>1980-06-10","DATE: Jun-10</b><br>Normal: 20.8 °C<br>Period: 1991-2020","4010879","BROADVIEW",1967,2026
"06-10","TMIN",2001-06-10,8.57333333333333,2.5,16,3.50604732085749,4.13,6.45,10.35,14.23,11.8,"BROADVIEW (ECCC AES 4010879; station_id 2855)","4010879",2855,"BROADVIEW",6,1996-06-10,"DATE: Jun-10<br>Value: 11.8 °C<br>Anomaly: +3.2 °C<br>Weather station: BROADVIEW (ECCC AES 4010879; station_id 2855)","DATE: Jun-10<br><b>Minimum temperature</b><br>10-90 percentile<br>4.1 to 14.2 °C","Historical daily maximum<br>16.0 °C<br>1996-06-10","DATE: Jun-10</b><br>Normal: 8.6 °C<br>Period: 1991-2020","4010879","BROADVIEW",1967,2026
"06-10","VPD",2001-06-10,1.42771733444039,0.200478043049355,2.6554061352061,0.663057748602986,0.352675709644828,1.10665962989356,1.93732814546258,2.22645430183299,0.911034587881482,"BROADVIEW (ECCC AES 4010879; station_id 2855)","4010879",2855,"BROADVIEW",6,1980-06-10,"DATE: Jun-10<br>Value: 0.9 kPa<br>Anomaly: -0.5 kPa<br>Weather station: BROADVIEW (ECCC AES 4010879; station_id 2855)","DATE: Jun-10<br><b>Vapour pressure deficit</b><br>10-90 percentile<br>0.4 to 2.2 kPa","Historical daily maximum<br>2.7 kPa<br>1980-06-10","DATE: Jun-10</b><br>Normal: 1.4 kPa<br>Period: 1991-2020","4010879","BROADVIEW",1967,2026
"06-11","TMAX",2001-06-11,20.3310344827586,10.7,27.8,4.87919075903517,12.56,17.7,22.7,26.56,17.4,"BROADVIEW (ECCC AES 4010879; station_id 2855)","4010879",2855,"BROADVIEW",6,1980-06-11,"DATE: Jun-11<br>Value: 17.4 °C<br>Anomaly: -2.9 °C<br>Weather station: BROADVIEW (ECCC AES 4010879; station_id 2855)","DATE: Jun-11<br><b>Maximum temperature</b><br>10-90 percentile<br>12.6 to 26.6 °C","Historical daily maximum<br>27.8 °C<br>1980-06-11","DATE: Jun-11</b><br>Normal: 20.3 °C<br>Period: 1991-2020","4010879","BROADVIEW",1967,2026
"06-11","TMIN",2001-06-11,8.54666666666667,3.9,14.1,2.69017796274975,5.57,6.825,10.25,12.71,10.1,"BROADVIEW (ECCC AES 4010879; station_id 2855)","4010879",2855,"BROADVIEW",6,1980-06-11,"DATE: Jun-11<br>Value: 10.1 °C<br>Anomaly: +1.6 °C<br>Weather station: BROADVIEW (ECCC AES 4010879; station_id 2855)","DATE: Jun-11<br><b>Minimum temperature</b><br>10-90 percentile<br>5.6 to 12.7 °C","Historical daily maximum<br>14.1 °C<br>1980-06-11","DATE: Jun-11</b><br>Normal: 8.5 °C<br>Period: 1991-2020","4010879","BROADVIEW",1967,2026
"06-11","VPD",2001-06-11,1.34160503980302,0.161765392851237,2.26750449882072,0.591884798433526,0.492334580713561,0.993481919379362,1.72089981949349,2.1306832025376,0.751181666470295,"BROADVIEW (ECCC AES 4010879; station_id 2855)","4010879",2855,"BROADVIEW",6,1986-06-11,"DATE: Jun-11<br>Value: 0.8 kPa<br>Anomaly: -0.6 kPa<br>Weather station: BROADVIEW (ECCC AES 4010879; station_id 2855)","DATE: Jun-11<br><b>Vapour pressure deficit</b><br>10-90 percentile<br>0.5 to 2.1 kPa","Historical daily maximum<br>2.3 kPa<br>1986-06-11","DATE: Jun-11</b><br>Normal: 1.3 kPa<br>Period: 1991-2020","4010879","BROADVIEW",1967,2026
"06-12","TMAX",2001-06-12,21.19,13,27.7,3.81370938986505,15.26,19.375,23.175,25.9,14.8,"BROADVIEW (ECCC AES 4010879; station_id 2855)","4010879",2855,"BROADVIEW",6,1979-06-12,"DATE: Jun-12<br>Value: 14.8 °C<br>Anomaly: -6.4 °C<br>Weather station: BROADVIEW (ECCC AES 4010879; station_id 2855)","DATE: Jun-12<br><b>Maximum temperature</b><br>10-90 percentile<br>15.3 to 25.9 °C","Historical daily maximum<br>27.7 °C<br>1979-06-12","DATE: Jun-12</b><br>Normal: 21.2 °C<br>Period: 1991-2020","4010879","BROADVIEW",1967,2026
"06-12","TMIN",2001-06-12,8.67,2,12.8,2.86261876729972,4.87,7.25,11.075,11.83,8.4,"BROADVIEW (ECCC AES 4010879; station_id 2855)","4010879",2855,"BROADVIEW",6,1976-06-12,"DATE: Jun-12<br>Value: 8.4 °C<br>Anomaly: -0.3 °C<br>Weather station: BROADVIEW (ECCC AES 4010879; station_id 2855)","DATE: Jun-12<br><b>Minimum temperature</b><br>10-90 percentile<br>4.9 to 11.8 °C","Historical daily maximum<br>12.8 °C<br>1976-06-12","DATE: Jun-12</b><br>Normal: 8.7 °C<br>Period: 1991-2020","4010879","BROADVIEW",1967,2026
"06-12","VPD",2001-06-12,1.4328782987844,0.261555380325136,2.62001313441118,0.561816446955964,0.662106933412342,0.973508403806482,1.70368539831276,2.07801989997457,0.581164416044282,"BROADVIEW (ECCC AES 4010879; station_id 2855)","4010879",2855,"BROADVIEW",6,1979-06-12,"DATE: Jun-12<br>Value: 0.6 kPa<br>Anomaly: -0.9 kPa<br>Weather station: BROADVIEW (ECCC AES 4010879; station_id 2855)","DATE: Jun-12<br><b>Vapour pressure deficit</b><br>10-90 percentile<br>0.7 to 2.1 kPa","Historical daily maximum<br>2.6 kPa<br>1979-06-12","DATE: Jun-12</b><br>Normal: 1.4 kPa<br>Period: 1991-2020","4010879","BROADVIEW",1967,2026
"06-13","TMAX",2001-06-13,21.3466666666667,12.3,28.6,4.22877934073696,15.69,18.7,24.45,26.91,19.1,"BROADVIEW (ECCC AES 4010879; station_id 2855)","4010879",2855,"BROADVIEW",6,1979-06-13,"DATE: Jun-13<br>Value: 19.1 °C<br>Anomaly: -2.2 °C<br>Weather station: BROADVIEW (ECCC AES 4010879; station_id 2855)","DATE: Jun-13<br><b>Maximum temperature</b><br>10-90 percentile<br>15.7 to 26.9 °C","Historical daily maximum<br>28.6 °C<br>1979-06-13","DATE: Jun-13</b><br>Normal: 21.3 °C<br>Period: 1991-2020","4010879","BROADVIEW",1967,2026
"06-13","TMIN",2001-06-13,9.09666666666667,4,14.1,2.6465961657132,5.19,6.9,10.975,11.42,8.4,"BROADVIEW (ECCC AES 4010879; station_id 2855)","4010879",2855,"BROADVIEW",6,1979-06-13,"DATE: Jun-13<br>Value: 8.4 °C<br>Anomaly: -0.7 °C<br>Weather station: BROADVIEW (ECCC AES 4010879; station_id 2855)","DATE: Jun-13<br><b>Minimum temperature</b><br>10-90 percentile<br>5.2 to 11.4 °C","Historical daily maximum<br>14.1 °C<br>1979-06-13","DATE: Jun-13</b><br>Normal: 9.1 °C<br>Period: 1991-2020","4010879","BROADVIEW",1967,2026
"06-13","VPD",2001-06-13,1.44051246259759,0.218949377813658,2.52144874053654,0.633250328212501,0.637848996329048,0.986135827511653,1.91382134377557,2.30852709031692,1.10879252201718,"BROADVIEW (ECCC AES 4010879; station_id 2855)","4010879",2855,"BROADVIEW",6,1979-06-13,"DATE: Jun-13<br>Value: 1.1 kPa<br>Anomaly: -0.3 kPa<br>Weather station: BROADVIEW (ECCC AES 4010879; station_id 2855)","DATE: Jun-13<br><b>Vapour pressure deficit</b><br>10-90 percentile<br>0.6 to 2.3 kPa","Historical daily maximum<br>2.5 kPa<br>1979-06-13","DATE: Jun-13</b><br>Normal: 1.4 kPa<br>Period: 1991-2020","4010879","BROADVIEW",1967,2026
"06-14","TMAX",2001-06-14,20.7633333333333,11.8,28,4.45564216768321,15.68,18.15,23.575,26.96,22.3,"BROADVIEW (ECCC AES 4010879; station_id 2855)","4010879",2855,"BROADVIEW",6,1987-06-14,"DATE: Jun-14<br>Value: 22.3 °C<br>Anomaly: +1.5 °C<br>Weather station: BROADVIEW (ECCC AES 4010879; station_id 2855)","DATE: Jun-14<br><b>Maximum temperature</b><br>10-90 percentile<br>15.7 to 27.0 °C","Historical daily maximum<br>28.0 °C<br>1987-06-14","DATE: Jun-14</b><br>Normal: 20.8 °C<br>Period: 1991-2020","4010879","BROADVIEW",1967,2026
"06-14","TMIN",2001-06-14,9.41666666666667,5.8,15.3,2.59297237685372,6.29,7.125,10.825,12.46,6.5,"BROADVIEW (ECCC AES 4010879; station_id 2855)","4010879",2855,"BROADVIEW",6,2020-06-14,"DATE: Jun-14<br>Value: 6.5 °C<br>Anomaly: -2.9 °C<br>Weather station: BROADVIEW (ECCC AES 4010879; station_id 2855)","DATE: Jun-14<br><b>Minimum temperature</b><br>10-90 percentile<br>6.3 to 12.5 °C","Historical daily maximum<br>15.3 °C<br>2020-06-14","DATE: Jun-14</b><br>Normal: 9.4 °C<br>Period: 1991-2020","4010879","BROADVIEW",1967,2026
"06-14","VPD",2001-06-14,1.33268481063562,0.212637444378084,2.77807193801911,0.621720239317042,0.534041766393473,0.938435086886619,1.72977176974905,2.15209701111939,1.72468742621985,"BROADVIEW (ECCC AES 4010879; station_id 2855)","4010879",2855,"BROADVIEW",6,1987-06-14,"DATE: Jun-14<br>Value: 1.7 kPa<br>Anomaly: +0.4 kPa<br>Weather station: BROADVIEW (ECCC AES 4010879; station_id 2855)","DATE: Jun-14<br><b>Vapour pressure deficit</b><br>10-90 percentile<br>0.5 to 2.2 kPa","Historical daily maximum<br>2.8 kPa<br>1987-06-14","DATE: Jun-14</b><br>Normal: 1.3 kPa<br>Period: 1991-2020","4010879","BROADVIEW",1967,2026
"06-15","TMAX",2001-06-15,21.14,13.8,29.4,3.73082222609958,16.73,18.55,23.375,25.7,20.2,"BROADVIEW (ECCC AES 4010879; station_id 2855)","4010879",2855,"BROADVIEW",6,1987-06-15,"DATE: Jun-15<br>Value: 20.2 °C<br>Anomaly: -0.9 °C<br>Weather station: BROADVIEW (ECCC AES 4010879; station_id 2855)","DATE: Jun-15<br><b>Maximum temperature</b><br>10-90 percentile<br>16.7 to 25.7 °C","Historical daily maximum<br>29.4 °C<br>1987-06-15","DATE: Jun-15</b><br>Normal: 21.1 °C<br>Period: 1991-2020","4010879","BROADVIEW",1967,2026
"06-15","TMIN",2001-06-15,9.04333333333333,4.6,15.8,2.82972928318098,6.26,6.85,10.475,12.86,10.4,"BROADVIEW (ECCC AES 4010879; station_id 2855)","4010879",2855,"BROADVIEW",6,1987-06-15,"DATE: Jun-15<br>Value: 10.4 °C<br>Anomaly: +1.4 °C<br>Weather station: BROADVIEW (ECCC AES 4010879; station_id 2855)","DATE: Jun-15<br><b>Minimum temperature</b><br>10-90 percentile<br>6.3 to 12.9 °C","Historical daily maximum<br>15.8 °C<br>1987-06-15","DATE: Jun-15</b><br>Normal: 9.0 °C<br>Period: 1991-2020","4010879","BROADVIEW",1967,2026
"06-15","VPD",2001-06-15,1.39502156191289,0.475627497333236,2.53694260525551,0.494042540297849,0.856862919191633,1.02514200809026,1.76181531213551,1.98789676134358,1.10612010446905,"BROADVIEW (ECCC AES 4010879; station_id 2855)","4010879",2855,"BROADVIEW",6,1987-06-15,"DATE: Jun-15<br>Value: 1.1 kPa<br>Anomaly: -0.3 kPa<br>Weather station: BROADVIEW (ECCC AES 4010879; station_id 2855)","DATE: Jun-15<br><b>Vapour pressure deficit</b><br>10-90 percentile<br>0.9 to 2.0 kPa","Historical daily maximum<br>2.5 kPa<br>1987-06-15","DATE: Jun-15</b><br>Normal: 1.4 kPa<br>Period: 1991-2020","4010879","BROADVIEW",1967,2026
"06-16","TMAX",2001-06-16,21.1866666666667,12.8,32.5,4.42420718269413,14.34,18.55,23.525,25.79,16.2,"BROADVIEW (ECCC AES 4010879; station_id 2855)","4010879",2855,"BROADVIEW",6,1987-06-16,"DATE: Jun-16<br>Value: 16.2 °C<br>Anomaly: -5.0 °C<br>Weather station: BROADVIEW (ECCC AES 4010879; station_id 2855)","DATE: Jun-16<br><b>Maximum temperature</b><br>10-90 percentile<br>14.3 to 25.8 °C","Historical daily maximum<br>32.5 °C<br>1987-06-16","DATE: Jun-16</b><br>Normal: 21.2 °C<br>Period: 1991-2020","4010879","BROADVIEW",1967,2026
"06-16","TMIN",2001-06-16,8.82333333333333,2.2,18,3.26324181243695,4.61,7.5,10.6,11.71,7.2,"BROADVIEW (ECCC AES 4010879; station_id 2855)","4010879",2855,"BROADVIEW",6,1995-06-16,"DATE: Jun-16<br>Value: 7.2 °C<br>Anomaly: -1.6 °C<br>Weather station: BROADVIEW (ECCC AES 4010879; station_id 2855)","DATE: Jun-16<br><b>Minimum temperature</b><br>10-90 percentile<br>4.6 to 11.7 °C","Historical daily maximum<br>18.0 °C<br>1995-06-16","DATE: Jun-16</b><br>Normal: 8.8 °C<br>Period: 1991-2020","4010879","BROADVIEW",1967,2026
"06-16","VPD",2001-06-16,1.43701088816146,0.265518012944512,2.82678972759162,0.599474170701573,0.654040053250194,1.03586127161768,1.75718651566302,2.06488163531804,0.825944438139863,"BROADVIEW (ECCC AES 4010879; station_id 2855)","4010879",2855,"BROADVIEW",6,1987-06-16,"DATE: Jun-16<br>Value: 0.8 kPa<br>Anomaly: -0.6 kPa<br>Weather station: BROADVIEW (ECCC AES 4010879; station_id 2855)","DATE: Jun-16<br><b>Vapour pressure deficit</b><br>10-90 percentile<br>0.7 to 2.1 kPa","Historical daily maximum<br>2.8 kPa<br>1987-06-16","DATE: Jun-16</b><br>Normal: 1.4 kPa<br>Period: 1991-2020","4010879","BROADVIEW",1967,2026
"06-17","TMAX",2001-06-17,21.0466666666667,11.4,33.1,4.32926953568886,16.34,18.675,23.5,25.96,18.5,"BROADVIEW (ECCC AES 4010879; station_id 2855)","4010879",2855,"BROADVIEW",6,1995-06-17,"DATE: Jun-17<br>Value: 18.5 °C<br>Anomaly: -2.5 °C<br>Weather station: BROADVIEW (ECCC AES 4010879; station_id 2855)","DATE: Jun-17<br><b>Maximum temperature</b><br>10-90 percentile<br>16.3 to 26.0 °C","Historical daily maximum<br>33.1 °C<br>1995-06-17","DATE: Jun-17</b><br>Normal: 21.0 °C<br>Period: 1991-2020","4010879","BROADVIEW",1967,2026
"06-17","TMIN",2001-06-17,9.56666666666667,0.8,20,4.00967221408033,5.13,7.45,11.275,13.81,10.4,"BROADVIEW (ECCC AES 4010879; station_id 2855)","4010879",2855,"BROADVIEW",6,1995-06-17,"DATE: Jun-17<br>Value: 10.4 °C<br>Anomaly: +0.8 °C<br>Weather station: BROADVIEW (ECCC AES 4010879; station_id 2855)","DATE: Jun-17<br><b>Minimum temperature</b><br>10-90 percentile<br>5.1 to 13.8 °C","Historical daily maximum<br>20.0 °C<br>1995-06-17","DATE: Jun-17</b><br>Normal: 9.6 °C<br>Period: 1991-2020","4010879","BROADVIEW",1967,2026
"06-17","VPD",2001-06-17,1.34097808063044,0.500210313432137,2.72015022460717,0.556634507861324,0.670962567940111,0.96006273129288,1.76469364298188,1.89748360903562,0.868509710247944,"BROADVIEW (ECCC AES 4010879; station_id 2855)","4010879",2855,"BROADVIEW",6,1995-06-17,"DATE: Jun-17<br>Value: 0.9 kPa<br>Anomaly: -0.5 kPa<br>Weather station: BROADVIEW (ECCC AES 4010879; station_id 2855)","DATE: Jun-17<br><b>Vapour pressure deficit</b><br>10-90 percentile<br>0.7 to 1.9 kPa","Historical daily maximum<br>2.7 kPa<br>1995-06-17","DATE: Jun-17</b><br>Normal: 1.3 kPa<br>Period: 1991-2020","4010879","BROADVIEW",1967,2026
"06-18","TMAX",2001-06-18,20.8866666666667,10.1,29.5,4.74310631034814,14.21,17.525,24.2,26.02,19.8,"BROADVIEW (ECCC AES 4010879; station_id 2855)","4010879",2855,"BROADVIEW",6,2022-06-18,"DATE: Jun-18<br>Value: 19.8 °C<br>Anomaly: -1.1 °C<br>Weather station: BROADVIEW (ECCC AES 4010879; station_id 2855)","DATE: Jun-18<br><b>Maximum temperature</b><br>10-90 percentile<br>14.2 to 26.0 °C","Historical daily maximum<br>29.5 °C<br>2022-06-18","DATE: Jun-18</b><br>Normal: 20.9 °C<br>Period: 1991-2020","4010879","BROADVIEW",1967,2026
"06-18","TMIN",2001-06-18,8.91,1.7,17.3,3.7776429432778,4.78,6.125,11.625,12.54,8.4,"BROADVIEW (ECCC AES 4010879; station_id 2855)","4010879",2855,"BROADVIEW",6,1995-06-18,"DATE: Jun-18<br>Value: 8.4 °C<br>Anomaly: -0.5 °C<br>Weather station: BROADVIEW (ECCC AES 4010879; station_id 2855)","DATE: Jun-18<br><b>Minimum temperature</b><br>10-90 percentile<br>4.8 to 12.5 °C","Historical daily maximum<br>17.3 °C<br>1995-06-18","DATE: Jun-18</b><br>Normal: 8.9 °C<br>Period: 1991-2020","4010879","BROADVIEW",1967,2026
"06-18","VPD",2001-06-18,1.3845231411576,0.180512816021821,2.67340434455273,0.642791737448679,0.480313878462536,0.966877655836672,1.8433271236322,2.16069542834202,1.20714113750198,"BROADVIEW (ECCC AES 4010879; station_id 2855)","4010879",2855,"BROADVIEW",6,1987-06-18,"DATE: Jun-18<br>Value: 1.2 kPa<br>Anomaly: -0.2 kPa<br>Weather station: BROADVIEW (ECCC AES 4010879; station_id 2855)","DATE: Jun-18<br><b>Vapour pressure deficit</b><br>10-90 percentile<br>0.5 to 2.2 kPa","Historical daily maximum<br>2.7 kPa<br>1987-06-18","DATE: Jun-18</b><br>Normal: 1.4 kPa<br>Period: 1991-2020","4010879","BROADVIEW",1967,2026
"06-19","TMAX",2001-06-19,21.6233333333333,13.4,29.8,4.06496242789892,16.66,19,23.6,26.16,18.2,"BROADVIEW (ECCC AES 4010879; station_id 2855)","4010879",2855,"BROADVIEW",6,1989-06-19,"DATE: Jun-19<br>Value: 18.2 °C<br>Anomaly: -3.4 °C<br>Weather station: BROADVIEW (ECCC AES 4010879; station_id 2855)","DATE: Jun-19<br><b>Maximum temperature</b><br>10-90 percentile<br>16.7 to 26.2 °C","Historical daily maximum<br>29.8 °C<br>1989-06-19","DATE: Jun-19</b><br>Normal: 21.6 °C<br>Period: 1991-2020","4010879","BROADVIEW",1967,2026
"06-19","TMIN",2001-06-19,9.4,3.5,13.5,2.6146800424025,5.98,7.325,11.875,12.1,8.5,"BROADVIEW (ECCC AES 4010879; station_id 2855)","4010879",2855,"BROADVIEW",6,2022-06-19,"DATE: Jun-19<br>Value: 8.5 °C<br>Anomaly: -0.9 °C<br>Weather station: BROADVIEW (ECCC AES 4010879; station_id 2855)","DATE: Jun-19<br><b>Minimum temperature</b><br>10-90 percentile<br>6.0 to 12.1 °C","Historical daily maximum<br>13.5 °C<br>2022-06-19","DATE: Jun-19</b><br>Normal: 9.4 °C<br>Period: 1991-2020","4010879","BROADVIEW",1967,2026
"06-19","VPD",2001-06-19,1.45603472615033,0.144071615495104,2.81045882773304,0.633101051153463,0.688853802431521,0.994258583387345,1.87030867971117,2.27987963141013,0.980234910198932,"BROADVIEW (ECCC AES 4010879; station_id 2855)","4010879",2855,"BROADVIEW",6,1989-06-19,"DATE: Jun-19<br>Value: 1.0 kPa<br>Anomaly: -0.5 kPa<br>Weather station: BROADVIEW (ECCC AES 4010879; station_id 2855)","DATE: Jun-19<br><b>Vapour pressure deficit</b><br>10-90 percentile<br>0.7 to 2.3 kPa","Historical daily maximum<br>2.8 kPa<br>1989-06-19","DATE: Jun-19</b><br>Normal: 1.5 kPa<br>Period: 1991-2020","4010879","BROADVIEW",1967,2026
"06-20","TMAX",2001-06-20,21.7033333333333,15.1,31.2,4.5448328623973,15.99,17.925,24.35,28.62,20.3,"BROADVIEW (ECCC AES 4010879; station_id 2855)","4010879",2855,"BROADVIEW",6,1988-06-20,"DATE: Jun-20<br>Value: 20.3 °C<br>Anomaly: -1.4 °C<br>Weather station: BROADVIEW (ECCC AES 4010879; station_id 2855)","DATE: Jun-20<br><b>Maximum temperature</b><br>10-90 percentile<br>16.0 to 28.6 °C","Historical daily maximum<br>31.2 °C<br>1988-06-20","DATE: Jun-20</b><br>Normal: 21.7 °C<br>Period: 1991-2020","4010879","BROADVIEW",1967,2026
"06-20","TMIN",2001-06-20,10.0466666666667,5.4,17.9,2.57638256600932,7.13,8.2,11.225,13.13,6.1,"BROADVIEW (ECCC AES 4010879; station_id 2855)","4010879",2855,"BROADVIEW",6,2003-06-20,"DATE: Jun-20<br>Value: 6.1 °C<br>Anomaly: -3.9 °C<br>Weather station: BROADVIEW (ECCC AES 4010879; station_id 2855)","DATE: Jun-20<br><b>Minimum temperature</b><br>10-90 percentile<br>7.1 to 13.1 °C","Historical daily maximum<br>17.9 °C<br>2003-06-20","DATE: Jun-20</b><br>Normal: 10.0 °C<br>Period: 1991-2020","4010879","BROADVIEW",1967,2026
"06-20","VPD",2001-06-20,1.4364649579082,0.45606612228687,3.1123537819339,0.740206465109453,0.631338373559131,0.843726356110842,1.84536147483559,2.46239863534646,1.44045621600889,"BROADVIEW (ECCC AES 4010879; station_id 2855)","4010879",2855,"BROADVIEW",6,1988-06-20,"DATE: Jun-20<br>Value: 1.4 kPa<br>Anomaly: +0.0 kPa<br>Weather station: BROADVIEW (ECCC AES 4010879; station_id 2855)","DATE: Jun-20<br><b>Vapour pressure deficit</b><br>10-90 percentile<br>0.6 to 2.5 kPa","Historical daily maximum<br>3.1 kPa<br>1988-06-20","DATE: Jun-20</b><br>Normal: 1.4 kPa<br>Period: 1991-2020","4010879","BROADVIEW",1967,2026
"06-21","TMAX",2001-06-21,22.4333333333333,13.8,28.6,4.08971235253004,17.33,19.9,25.325,28.01,17.5,"BROADVIEW (ECCC AES 4010879; station_id 2855)","4010879",2855,"BROADVIEW",6,1987-06-21,"DATE: Jun-21<br>Value: 17.5 °C<br>Anomaly: -4.9 °C<br>Weather station: BROADVIEW (ECCC AES 4010879; station_id 2855)","DATE: Jun-21<br><b>Maximum temperature</b><br>10-90 percentile<br>17.3 to 28.0 °C","Historical daily maximum<br>28.6 °C<br>1987-06-21","DATE: Jun-21</b><br>Normal: 22.4 °C<br>Period: 1991-2020","4010879","BROADVIEW",1967,2026
"06-21","TMIN",2001-06-21,10.2066666666667,4.5,14.9,2.5247646982658,6.98,8.725,12.15,13.11,8.7,"BROADVIEW (ECCC AES 4010879; station_id 2855)","4010879",2855,"BROADVIEW",6,1984-06-21,"DATE: Jun-21<br>Value: 8.7 °C<br>Anomaly: -1.5 °C<br>Weather station: BROADVIEW (ECCC AES 4010879; station_id 2855)","DATE: Jun-21<br><b>Minimum temperature</b><br>10-90 percentile<br>7.0 to 13.1 °C","Historical daily maximum<br>14.9 °C<br>1984-06-21","DATE: Jun-21</b><br>Normal: 10.2 °C<br>Period: 1991-2020","4010879","BROADVIEW",1967,2026
"06-21","VPD",2001-06-21,1.52426164945008,0.445333828178916,2.79323652629814,0.606399458132398,0.701441250935705,1.06908889368198,2.00699388410875,2.21711918812471,0.874987479587343,"BROADVIEW (ECCC AES 4010879; station_id 2855)","4010879",2855,"BROADVIEW",6,1980-06-21,"DATE: Jun-21<br>Value: 0.9 kPa<br>Anomaly: -0.6 kPa<br>Weather station: BROADVIEW (ECCC AES 4010879; station_id 2855)","DATE: Jun-21<br><b>Vapour pressure deficit</b><br>10-90 percentile<br>0.7 to 2.2 kPa","Historical daily maximum<br>2.8 kPa<br>1980-06-21","DATE: Jun-21</b><br>Normal: 1.5 kPa<br>Period: 1991-2020","4010879","BROADVIEW",1967,2026
"06-22","TMAX",2001-06-22,22.6724137931034,10.2,31.8,4.55262063868745,18.14,20.8,25.7,28.38,20.1,"BROADVIEW (ECCC AES 4010879; station_id 2855)","4010879",2855,"BROADVIEW",6,2005-06-22,"DATE: Jun-22<br>Value: 20.1 °C<br>Anomaly: -2.6 °C<br>Weather station: BROADVIEW (ECCC AES 4010879; station_id 2855)","DATE: Jun-22<br><b>Maximum temperature</b><br>10-90 percentile<br>18.1 to 28.4 °C","Historical daily maximum<br>31.8 °C<br>2005-06-22","DATE: Jun-22</b><br>Normal: 22.7 °C<br>Period: 1991-2020","4010879","BROADVIEW",1967,2026
"06-22","TMIN",2001-06-22,11.08,3.4,17.9,3.25411145772703,6.93,8.675,13.3,15.21,11.1,"BROADVIEW (ECCC AES 4010879; station_id 2855)","4010879",2855,"BROADVIEW",6,2005-06-22,"DATE: Jun-22<br>Value: 11.1 °C<br>Anomaly: +0.0 °C<br>Weather station: BROADVIEW (ECCC AES 4010879; station_id 2855)","DATE: Jun-22<br><b>Minimum temperature</b><br>10-90 percentile<br>6.9 to 15.2 °C","Historical daily maximum<br>17.9 °C<br>2005-06-22","DATE: Jun-22</b><br>Normal: 11.1 °C<br>Period: 1991-2020","4010879","BROADVIEW",1967,2026
"06-22","VPD",2001-06-22,1.50223103566028,0.289807274789746,2.65025372254865,0.604089458279889,0.861508938862835,1.12623340623933,1.93905634210096,2.402597522407,1.03132962967998,"BROADVIEW (ECCC AES 4010879; station_id 2855)","4010879",2855,"BROADVIEW",6,1970-06-22,"DATE: Jun-22<br>Value: 1.0 kPa<br>Anomaly: -0.5 kPa<br>Weather station: BROADVIEW (ECCC AES 4010879; station_id 2855)","DATE: Jun-22<br><b>Vapour pressure deficit</b><br>10-90 percentile<br>0.9 to 2.4 kPa","Historical daily maximum<br>2.7 kPa<br>1970-06-22","DATE: Jun-22</b><br>Normal: 1.5 kPa<br>Period: 1991-2020","4010879","BROADVIEW",1967,2026
"06-23","TMAX",2001-06-23,21.8379310344828,9.5,28.6,4.29720954250741,15.88,19.6,24.5,25.52,16.7,"","4010879",2855,"BROADVIEW",6,1988-06-23,"DATE: Jun-23<br>Value: 16.7 °C<br>Anomaly: -5.1 °C<br>Weather station: ","DATE: Jun-23<br><b>Maximum temperature</b><br>10-90 percentile<br>15.9 to 25.5 °C","Historical daily maximum<br>28.6 °C<br>1988-06-23","DATE: Jun-23</b><br>Normal: 21.8 °C<br>Period: 1991-2020","4010879","BROADVIEW",1967,2026
"06-23","TMIN",2001-06-23,10.4137931034483,2.2,15.3,2.78282027266418,7.42,8.4,12.6,13.22,11.1,"","4010879",2855,"BROADVIEW",6,2007-06-23,"DATE: Jun-23<br>Value: 11.1 °C<br>Anomaly: +0.7 °C<br>Weather station: ","DATE: Jun-23<br><b>Minimum temperature</b><br>10-90 percentile<br>7.4 to 13.2 °C","Historical daily maximum<br>15.3 °C<br>2007-06-23","DATE: Jun-23</b><br>Normal: 10.4 °C<br>Period: 1991-2020","4010879","BROADVIEW",1967,2026
"06-23","VPD",2001-06-23,1.40920974051955,0.206013997681785,2.38743317352304,0.539273652417357,0.633186965297583,1.19830900289805,1.74060695130894,2.01601230749689,0.579729809563806,"","4010879",2855,"BROADVIEW",6,1988-06-23,"DATE: Jun-23<br>Value: 0.6 kPa<br>Anomaly: -0.8 kPa<br>Weather station: ","DATE: Jun-23<br><b>Vapour pressure deficit</b><br>10-90 percentile<br>0.6 to 2.0 kPa","Historical daily maximum<br>2.4 kPa<br>1988-06-23","DATE: Jun-23</b><br>Normal: 1.4 kPa<br>Period: 1991-2020","4010879","BROADVIEW",1967,2026
"06-24","TMAX",2001-06-24,22.1333333333333,15,30.2,3.91331355611913,16.76,19.025,24.95,26.4,21.1,"","4010879",2855,"BROADVIEW",6,1990-06-24,"DATE: Jun-24<br>Value: 21.1 °C<br>Anomaly: -1.0 °C<br>Weather station: ","DATE: Jun-24<br><b>Maximum temperature</b><br>10-90 percentile<br>16.8 to 26.4 °C","Historical daily maximum<br>30.2 °C<br>1990-06-24","DATE: Jun-24</b><br>Normal: 22.1 °C<br>Period: 1991-2020","4010879","BROADVIEW",1967,2026
"06-24","TMIN",2001-06-24,9.82333333333333,0.7,15.5,3.58085747131676,4.78,8.1,12.55,13.45,8.7,"","4010879",2855,"BROADVIEW",6,1990-06-24,"DATE: Jun-24<br>Value: 8.7 °C<br>Anomaly: -1.1 °C<br>Weather station: ","DATE: Jun-24<br><b>Minimum temperature</b><br>10-90 percentile<br>4.8 to 13.4 °C","Historical daily maximum<br>15.5 °C<br>1990-06-24","DATE: Jun-24</b><br>Normal: 9.8 °C<br>Period: 1991-2020","4010879","BROADVIEW",1967,2026
"06-24","VPD",2001-06-24,1.48654346852703,0.857094024188543,3.07222484065823,0.497129750922644,0.94733486245642,1.0545042973008,1.75725021292487,2.01282712301076,1.37732326017641,"","4010879",2855,"BROADVIEW",6,1986-06-24,"DATE: Jun-24<br>Value: 1.4 kPa<br>Anomaly: -0.1 kPa<br>Weather station: ","DATE: Jun-24<br><b>Vapour pressure deficit</b><br>10-90 percentile<br>0.9 to 2.0 kPa","Historical daily maximum<br>3.1 kPa<br>1986-06-24","DATE: Jun-24</b><br>Normal: 1.5 kPa<br>Period: 1991-2020","4010879","BROADVIEW",1967,2026
"06-25","TMAX",2001-06-25,21.4433333333333,10.2,28.7,4.61180519172664,17.29,18.65,24.65,27.32,23.1,"","4010879",2855,"BROADVIEW",6,1974-06-25,"DATE: Jun-25<br>Value: 23.1 °C<br>Anomaly: +1.7 °C<br>Weather station: ","DATE: Jun-25<br><b>Maximum temperature</b><br>10-90 percentile<br>17.3 to 27.3 °C","Historical daily maximum<br>28.7 °C<br>1974-06-25","DATE: Jun-25</b><br>Normal: 21.4 °C<br>Period: 1991-2020","4010879","BROADVIEW",1967,2026
"06-25","TMIN",2001-06-25,10.0033333333333,3.3,15,3.20156032361521,5.68,7.625,12.575,13.62,8.8,"","4010879",2855,"BROADVIEW",6,1975-06-25,"DATE: Jun-25<br>Value: 8.8 °C<br>Anomaly: -1.2 °C<br>Weather station: ","DATE: Jun-25<br><b>Minimum temperature</b><br>10-90 percentile<br>5.7 to 13.6 °C","Historical daily maximum<br>15.0 °C<br>1975-06-25","DATE: Jun-25</b><br>Normal: 10.0 °C<br>Period: 1991-2020","4010879","BROADVIEW",1967,2026
"06-25","VPD",2001-06-25,1.38737830957813,0.200625720114858,3.02088908463683,0.635737484090841,0.720617236409276,0.969333386707989,1.71689552008149,2.17709693092551,1.69383441999348,"","4010879",2855,"BROADVIEW",6,1974-06-25,"DATE: Jun-25<br>Value: 1.7 kPa<br>Anomaly: +0.3 kPa<br>Weather station: ","DATE: Jun-25<br><b>Vapour pressure deficit</b><br>10-90 percentile<br>0.7 to 2.2 kPa","Historical daily maximum<br>3.0 kPa<br>1974-06-25","DATE: Jun-25</b><br>Normal: 1.4 kPa<br>Period: 1991-2020","4010879","BROADVIEW",1967,2026
"06-26","TMAX",2001-06-26,22.9233333333333,11.8,30,4.60724192559057,16.28,21.45,25.175,28.8,24.3,"","4010879",2855,"BROADVIEW",6,1974-06-26,"DATE: Jun-26<br>Value: 24.3 °C<br>Anomaly: +1.4 °C<br>Weather station: ","DATE: Jun-26<br><b>Maximum temperature</b><br>10-90 percentile<br>16.3 to 28.8 °C","Historical daily maximum<br>30.0 °C<br>1974-06-26","DATE: Jun-26</b><br>Normal: 22.9 °C<br>Period: 1991-2020","4010879","BROADVIEW",1967,2026
"06-26","TMIN",2001-06-26,10.6733333333333,2.7,15.8,3.39623862259547,6.23,8.6,13.1,14.39,10.8,"","4010879",2855,"BROADVIEW",6,1974-06-26,"DATE: Jun-26<br>Value: 10.8 °C<br>Anomaly: +0.1 °C<br>Weather station: ","DATE: Jun-26<br><b>Minimum temperature</b><br>10-90 percentile<br>6.2 to 14.4 °C","Historical daily maximum<br>15.8 °C<br>1974-06-26","DATE: Jun-26</b><br>Normal: 10.7 °C<br>Period: 1991-2020","4010879","BROADVIEW",1967,2026
"06-26","VPD",2001-06-26,1.57307892900018,0.258798420530379,2.90394289935917,0.643981604755663,0.737909605705395,1.2287882781043,1.95319448361561,2.3683063995754,1.7427076288278,"","4010879",2855,"BROADVIEW",6,1974-06-26,"DATE: Jun-26<br>Value: 1.7 kPa<br>Anomaly: +0.2 kPa<br>Weather station: ","DATE: Jun-26<br><b>Vapour pressure deficit</b><br>10-90 percentile<br>0.7 to 2.4 kPa","Historical daily maximum<br>2.9 kPa<br>1974-06-26","DATE: Jun-26</b><br>Normal: 1.6 kPa<br>Period: 1991-2020","4010879","BROADVIEW",1967,2026
"06-27","TMAX",2001-06-27,22.0833333333333,14.5,34,4.98453355015729,15.49,17.825,24.925,28.26,20.5,"","4010879",2855,"BROADVIEW",6,1988-06-27,"DATE: Jun-27<br>Value: 20.5 °C<br>Anomaly: -1.6 °C<br>Weather station: ","DATE: Jun-27<br><b>Maximum temperature</b><br>10-90 percentile<br>15.5 to 28.3 °C","Historical daily maximum<br>34.0 °C<br>1988-06-27","DATE: Jun-27</b><br>Normal: 22.1 °C<br>Period: 1991-2020","4010879","BROADVIEW",1967,2026
"06-27","TMIN",2001-06-27,10.63,0.6,17.2,4.00009913670252,5.55,7.825,12.575,15.41,14.4,"","4010879",2855,"BROADVIEW",6,1988-06-27,"DATE: Jun-27<br>Value: 14.4 °C<br>Anomaly: +3.8 °C<br>Weather station: ","DATE: Jun-27<br><b>Minimum temperature</b><br>10-90 percentile<br>5.6 to 15.4 °C","Historical daily maximum<br>17.2 °C<br>1988-06-27","DATE: Jun-27</b><br>Normal: 10.6 °C<br>Period: 1991-2020","4010879","BROADVIEW",1967,2026
"06-27","VPD",2001-06-27,1.44471309171536,0.291834164762577,3.5806963143986,0.714549369307244,0.595837589742633,0.939160997486891,1.94555458766176,2.17771296961757,0.771064841212248,"","4010879",2855,"BROADVIEW",6,2020-06-27,"DATE: Jun-27<br>Value: 0.8 kPa<br>Anomaly: -0.7 kPa<br>Weather station: ","DATE: Jun-27<br><b>Vapour pressure deficit</b><br>10-90 percentile<br>0.6 to 2.2 kPa","Historical daily maximum<br>3.6 kPa<br>2020-06-27","DATE: Jun-27</b><br>Normal: 1.4 kPa<br>Period: 1991-2020","4010879","BROADVIEW",1967,2026
"06-28","TMAX",2001-06-28,22.8433333333333,12.6,33.5,4.69039247922766,15.68,20.75,25.95,28.14,24.3,"","4010879",2855,"BROADVIEW",6,2002-06-28,"DATE: Jun-28<br>Value: 24.3 °C<br>Anomaly: +1.5 °C<br>Weather station: ","DATE: Jun-28<br><b>Maximum temperature</b><br>10-90 percentile<br>15.7 to 28.1 °C","Historical daily maximum<br>33.5 °C<br>2002-06-28","DATE: Jun-28</b><br>Normal: 22.8 °C<br>Period: 1991-2020","4010879","BROADVIEW",1967,2026
"06-28","TMIN",2001-06-28,10.42,3.5,18.1,3.6413714733458,6.14,8.425,13.2,14.84,13,"","4010879",2855,"BROADVIEW",6,2002-06-28,"DATE: Jun-28<br>Value: 13.0 °C<br>Anomaly: +2.6 °C<br>Weather station: ","DATE: Jun-28<br><b>Minimum temperature</b><br>10-90 percentile<br>6.1 to 14.8 °C","Historical daily maximum<br>18.1 °C<br>2002-06-28","DATE: Jun-28</b><br>Normal: 10.4 °C<br>Period: 1991-2020","4010879","BROADVIEW",1967,2026
"06-28","VPD",2001-06-28,1.58184430367958,0.102042418486437,3.09594876723125,0.671413047057768,0.777780615285826,1.12722561000153,1.96801707082151,2.39113280410457,1.54030081246457,"","4010879",2855,"BROADVIEW",6,2002-06-28,"DATE: Jun-28<br>Value: 1.5 kPa<br>Anomaly: 0.0 kPa<br>Weather station: ","DATE: Jun-28<br><b>Vapour pressure deficit</b><br>10-90 percentile<br>0.8 to 2.4 kPa","Historical daily maximum<br>3.1 kPa<br>2002-06-28","DATE: Jun-28</b><br>Normal: 1.6 kPa<br>Period: 1991-2020","4010879","BROADVIEW",1967,2026
"06-29","TMAX",2001-06-29,23.3607142857143,11.8,32.8,4.97015830180222,18.04,21.475,26.2,28.98,21.5,"","4010879",2855,"BROADVIEW",6,2002-06-29,"DATE: Jun-29<br>Value: 21.5 °C<br>Anomaly: -1.9 °C<br>Weather station: ","DATE: Jun-29<br><b>Maximum temperature</b><br>10-90 percentile<br>18.0 to 29.0 °C","Historical daily maximum<br>32.8 °C<br>2002-06-29","DATE: Jun-29</b><br>Normal: 23.4 °C<br>Period: 1991-2020","4010879","BROADVIEW",1967,2026
"06-29","TMIN",2001-06-29,11.4566666666667,2.3,17,3.28420287219702,7.37,8.925,13.775,14.85,11,"","4010879",2855,"BROADVIEW",6,2011-06-29,"DATE: Jun-29<br>Value: 11.0 °C<br>Anomaly: -0.5 °C<br>Weather station: ","DATE: Jun-29<br><b>Minimum temperature</b><br>10-90 percentile<br>7.4 to 14.8 °C","Historical daily maximum<br>17.0 °C<br>2011-06-29","DATE: Jun-29</b><br>Normal: 11.5 °C<br>Period: 1991-2020","4010879","BROADVIEW",1967,2026
"06-29","VPD",2001-06-29,1.61372149341074,0.276367458005153,3.23542809789318,0.732453049224603,0.723434578430975,1.22132306369394,2.21032531445086,2.46300692882453,1.25170558154964,"","4010879",2855,"BROADVIEW",6,2002-06-29,"DATE: Jun-29<br>Value: 1.3 kPa<br>Anomaly: -0.4 kPa<br>Weather station: ","DATE: Jun-29<br><b>Vapour pressure deficit</b><br>10-90 percentile<br>0.7 to 2.5 kPa","Historical daily maximum<br>3.2 kPa<br>2002-06-29","DATE: Jun-29</b><br>Normal: 1.6 kPa<br>Period: 1991-2020","4010879","BROADVIEW",1967,2026
"06-30","TMAX",2001-06-30,22.24,12.6,29.6,4.0494018289636,17.49,19.95,24.7,26.99,19.5,"","4010879",2855,"BROADVIEW",6,1989-06-30,"DATE: Jun-30<br>Value: 19.5 °C<br>Anomaly: -2.7 °C<br>Weather station: ","DATE: Jun-30<br><b>Maximum temperature</b><br>10-90 percentile<br>17.5 to 27.0 °C","Historical daily maximum<br>29.6 °C<br>1989-06-30","DATE: Jun-30</b><br>Normal: 22.2 °C<br>Period: 1991-2020","4010879","BROADVIEW",1967,2026
"06-30","TMIN",2001-06-30,11.58,4.6,17.3,3.20295122531145,7.42,9.45,13.8,14.99,13.6,"","4010879",2855,"BROADVIEW",6,1978-06-30,"DATE: Jun-30<br>Value: 13.6 °C<br>Anomaly: +2.0 °C<br>Weather station: ","DATE: Jun-30<br><b>Minimum temperature</b><br>10-90 percentile<br>7.4 to 15.0 °C","Historical daily maximum<br>17.3 °C<br>1978-06-30","DATE: Jun-30</b><br>Normal: 11.6 °C<br>Period: 1991-2020","4010879","BROADVIEW",1967,2026
"06-30","VPD",2001-06-30,1.36093692620168,0.378931072212099,2.53767321094466,0.539424635135971,0.804761458993427,0.948379355475374,1.60257442318743,2.09587385688058,0.709301759919146,"","4010879",2855,"BROADVIEW",6,1989-06-30,"DATE: Jun-30<br>Value: 0.7 kPa<br>Anomaly: -0.7 kPa<br>Weather station: ","DATE: Jun-30<br><b>Vapour pressure deficit</b><br>10-90 percentile<br>0.8 to 2.1 kPa","Historical daily maximum<br>2.5 kPa<br>1989-06-30","DATE: Jun-30</b><br>Normal: 1.4 kPa<br>Period: 1991-2020","4010879","BROADVIEW",1967,2026
"07-01","TMAX",2001-07-01,22.48,11.2,30.9,4.71310718214055,15.95,20.425,25.6,27.31,18,"","4010879",2855,"BROADVIEW",7,1981-07-01,"DATE: Jul-01<br>Value: 18.0 °C<br>Anomaly: -4.5 °C<br>Weather station: ","DATE: Jul-01<br><b>Maximum temperature</b><br>10-90 percentile<br>15.9 to 27.3 °C","Historical daily maximum<br>30.9 °C<br>1981-07-01","DATE: Jul-01</b><br>Normal: 22.5 °C<br>Period: 1991-2020","4010879","BROADVIEW",1967,2026
"07-01","TMIN",2001-07-01,10.69,5.2,18.5,3.42328235308826,5.67,8.725,12.775,14.91,14.2,"","4010879",2855,"BROADVIEW",7,2010-07-01,"DATE: Jul-01<br>Value: 14.2 °C<br>Anomaly: +3.5 °C<br>Weather station: ","DATE: Jul-01<br><b>Minimum temperature</b><br>10-90 percentile<br>5.7 to 14.9 °C","Historical daily maximum<br>18.5 °C<br>2010-07-01","DATE: Jul-01</b><br>Normal: 10.7 °C<br>Period: 1991-2020","4010879","BROADVIEW",1967,2026
"07-01","VPD",2001-07-01,1.49807180367264,0.197627306457063,2.56588335539474,0.561689461626651,0.87317046090561,1.23596726276985,1.85128530830104,2.1533808704802,0.444517832235112,"","4010879",2855,"BROADVIEW",7,1981-07-01,"DATE: Jul-01<br>Value: 0.4 kPa<br>Anomaly: -1.1 kPa<br>Weather station: ","DATE: Jul-01<br><b>Vapour pressure deficit</b><br>10-90 percentile<br>0.9 to 2.2 kPa","Historical daily maximum<br>2.6 kPa<br>1981-07-01","DATE: Jul-01</b><br>Normal: 1.5 kPa<br>Period: 1991-2020","4010879","BROADVIEW",1967,2026
"07-02","TMAX",2001-07-02,23.3310344827586,14.4,30.7,3.92556669687647,18.58,19.4,26,27.82,19.9,"","4010879",2855,"BROADVIEW",7,2021-07-02,"DATE: Jul-02<br>Value: 19.9 °C<br>Anomaly: -3.4 °C<br>Weather station: ","DATE: Jul-02<br><b>Maximum temperature</b><br>10-90 percentile<br>18.6 to 27.8 °C","Historical daily maximum<br>30.7 °C<br>2021-07-02","DATE: Jul-02</b><br>Normal: 23.3 °C<br>Period: 1991-2020","4010879","BROADVIEW",1967,2026
"07-02","TMIN",2001-07-02,11.17,6.9,16.2,2.49829597098116,8.52,9.6,12.875,14.37,11.4,"","4010879",2855,"BROADVIEW",7,1982-07-02,"DATE: Jul-02<br>Value: 11.4 °C<br>Anomaly: +0.2 °C<br>Weather station: ","DATE: Jul-02<br><b>Minimum temperature</b><br>10-90 percentile<br>8.5 to 14.4 °C","Historical daily maximum<br>16.2 °C<br>1982-07-02","DATE: Jul-02</b><br>Normal: 11.2 °C<br>Period: 1991-2020","4010879","BROADVIEW",1967,2026
"07-02","VPD",2001-07-02,1.58989815916217,0.523172830477087,2.89895031072051,0.553094466019967,0.897415844798412,1.10611623618009,1.97234428271307,2.19555124376498,0.975817792657705,"","4010879",2855,"BROADVIEW",7,2021-07-02,"DATE: Jul-02<br>Value: 1.0 kPa<br>Anomaly: -0.6 kPa<br>Weather station: ","DATE: Jul-02<br><b>Vapour pressure deficit</b><br>10-90 percentile<br>0.9 to 2.2 kPa","Historical daily maximum<br>2.9 kPa<br>2021-07-02","DATE: Jul-02</b><br>Normal: 1.6 kPa<br>Period: 1991-2020","4010879","BROADVIEW",1967,2026
"07-03","TMAX",2001-07-03,23.3466666666667,16.5,30.4,4.0220712911713,17.45,21.35,26.225,28.75,23.2,"","4010879",2855,"BROADVIEW",7,2021-07-03,"DATE: Jul-03<br>Value: 23.2 °C<br>Anomaly: -0.1 °C<br>Weather station: ","DATE: Jul-03<br><b>Maximum temperature</b><br>10-90 percentile<br>17.5 to 28.8 °C","Historical daily maximum<br>30.4 °C<br>2021-07-03","DATE: Jul-03</b><br>Normal: 23.3 °C<br>Period: 1991-2020","4010879","BROADVIEW",1967,2026
"07-03","TMIN",2001-07-03,10.83,5.3,15.4,2.79854025988673,6.88,9.525,12.65,14.72,14.3,"","4010879",2855,"BROADVIEW",7,2025-07-03,"DATE: Jul-03<br>Value: 14.3 °C<br>Anomaly: +3.5 °C<br>Weather station: ","DATE: Jul-03<br><b>Minimum temperature</b><br>10-90 percentile<br>6.9 to 14.7 °C","Historical daily maximum<br>15.4 °C<br>2025-07-03","DATE: Jul-03</b><br>Normal: 10.8 °C<br>Period: 1991-2020","4010879","BROADVIEW",1967,2026
"07-03","VPD",2001-07-03,1.62369585985475,0.520190053717473,3.07210822748145,0.650554969819309,0.761184117021376,1.1492321312333,2.14169457485842,2.46454162692073,1.21360896207737,"","4010879",2855,"BROADVIEW",7,2021-07-03,"DATE: Jul-03<br>Value: 1.2 kPa<br>Anomaly: -0.4 kPa<br>Weather station: ","DATE: Jul-03<br><b>Vapour pressure deficit</b><br>10-90 percentile<br>0.8 to 2.5 kPa","Historical daily maximum<br>3.1 kPa<br>2021-07-03","DATE: Jul-03</b><br>Normal: 1.6 kPa<br>Period: 1991-2020","4010879","BROADVIEW",1967,2026
"07-04","TMAX",2001-07-04,23.39,14.8,29.5,3.60261877930007,18.9,21.425,25.975,28.03,26,"","4010879",2855,"BROADVIEW",7,1981-07-04,"DATE: Jul-04<br>Value: 26.0 °C<br>Anomaly: +2.6 °C<br>Weather station: ","DATE: Jul-04<br><b>Maximum temperature</b><br>10-90 percentile<br>18.9 to 28.0 °C","Historical daily maximum<br>29.5 °C<br>1981-07-04","DATE: Jul-04</b><br>Normal: 23.4 °C<br>Period: 1991-2020","4010879","BROADVIEW",1967,2026
"07-04","TMIN",2001-07-04,11.4533333333333,5.1,19.3,2.92005353438566,7.67,10.025,13.375,14.61,15.2,"","4010879",2855,"BROADVIEW",7,1996-07-04,"DATE: Jul-04<br>Value: 15.2 °C<br>Anomaly: +3.7 °C<br>Weather station: ","DATE: Jul-04<br><b>Minimum temperature</b><br>10-90 percentile<br>7.7 to 14.6 °C","Historical daily maximum<br>19.3 °C<br>1996-07-04","DATE: Jul-04</b><br>Normal: 11.5 °C<br>Period: 1991-2020","4010879","BROADVIEW",1967,2026
"07-04","VPD",2001-07-04,1.55867184295671,0.624000252963698,2.66803434406476,0.536697734098748,0.83782408943674,1.20349335562736,1.87419816513392,2.19055191802138,1.6340109661357,"","4010879",2855,"BROADVIEW",7,1981-07-04,"DATE: Jul-04<br>Value: 1.6 kPa<br>Anomaly: +0.1 kPa<br>Weather station: ","DATE: Jul-04<br><b>Vapour pressure deficit</b><br>10-90 percentile<br>0.8 to 2.2 kPa","Historical daily maximum<br>2.7 kPa<br>1981-07-04","DATE: Jul-04</b><br>Normal: 1.6 kPa<br>Period: 1991-2020","4010879","BROADVIEW",1967,2026
"07-05","TMAX",2001-07-05,23.3833333333333,15.3,31.2,3.59981640655736,18.5,21.25,25.45,27.03,29.6,"","4010879",2855,"BROADVIEW",7,1981-07-05,"DATE: Jul-05<br>Value: 29.6 °C<br>Anomaly: +6.2 °C<br>Weather station: ","DATE: Jul-05<br><b>Maximum temperature</b><br>10-90 percentile<br>18.5 to 27.0 °C","Historical daily maximum<br>31.2 °C<br>1981-07-05","DATE: Jul-05</b><br>Normal: 23.4 °C<br>Period: 1991-2020","4010879","BROADVIEW",1967,2026
"07-05","TMIN",2001-07-05,11.05,5.3,17.2,2.77162345056542,7.35,9.625,12.45,14.72,15.4,"","4010879",2855,"BROADVIEW",7,2014-07-05,"DATE: Jul-05<br>Value: 15.4 °C<br>Anomaly: +4.3 °C<br>Weather station: ","DATE: Jul-05<br><b>Minimum temperature</b><br>10-90 percentile<br>7.4 to 14.7 °C","Historical daily maximum<br>17.2 °C<br>2014-07-05","DATE: Jul-05</b><br>Normal: 11.0 °C<br>Period: 1991-2020","4010879","BROADVIEW",1967,2026
"07-05","VPD",2001-07-05,1.59572863270139,0.468847004167094,3.4190000913328,0.567900424659596,1.0105247187429,1.15997175042451,1.94333102857205,2.04483360452394,2.39691984322907,"","4010879",2855,"BROADVIEW",7,1985-07-05,"DATE: Jul-05<br>Value: 2.4 kPa<br>Anomaly: +0.8 kPa<br>Weather station: ","DATE: Jul-05<br><b>Vapour pressure deficit</b><br>10-90 percentile<br>1.0 to 2.0 kPa","Historical daily maximum<br>3.4 kPa<br>1985-07-05","DATE: Jul-05</b><br>Normal: 1.6 kPa<br>Period: 1991-2020","4010879","BROADVIEW",1967,2026
"07-06","TMAX",2001-07-06,23.748275862069,18.3,30.2,3.15680904550049,20.02,21.7,25.8,28.32,22.8,"","4010879",2855,"BROADVIEW",7,1981-07-06,"DATE: Jul-06<br>Value: 22.8 °C<br>Anomaly: -0.9 °C<br>Weather station: ","DATE: Jul-06<br><b>Maximum temperature</b><br>10-90 percentile<br>20.0 to 28.3 °C","Historical daily maximum<br>30.2 °C<br>1981-07-06","DATE: Jul-06</b><br>Normal: 23.7 °C<br>Period: 1991-2020","4010879","BROADVIEW",1967,2026
"07-06","TMIN",2001-07-06,11.2233333333333,6.8,15.8,2.61938178193638,7.7,9.2,13.15,14.91,12.7,"","4010879",2855,"BROADVIEW",7,1981-07-06,"DATE: Jul-06<br>Value: 12.7 °C<br>Anomaly: +1.5 °C<br>Weather station: ","DATE: Jul-06<br><b>Minimum temperature</b><br>10-90 percentile<br>7.7 to 14.9 °C","Historical daily maximum<br>15.8 °C<br>1981-07-06","DATE: Jul-06</b><br>Normal: 11.2 °C<br>Period: 1991-2020","4010879","BROADVIEW",1967,2026
"07-06","VPD",2001-07-06,1.62224835329853,0.823622522546081,2.67251167205837,0.522136897980907,0.977917076162582,1.21862496253048,1.94574498348788,2.46459815090802,1.30700079156549,"","4010879",2855,"BROADVIEW",7,1981-07-06,"DATE: Jul-06<br>Value: 1.3 kPa<br>Anomaly: -0.3 kPa<br>Weather station: ","DATE: Jul-06<br><b>Vapour pressure deficit</b><br>10-90 percentile<br>1.0 to 2.5 kPa","Historical daily maximum<br>2.7 kPa<br>1981-07-06","DATE: Jul-06</b><br>Normal: 1.6 kPa<br>Period: 1991-2020","4010879","BROADVIEW",1967,2026
"07-07","TMAX",2001-07-07,23.4344827586207,16.1,31.2,4.19100020980919,17.74,20.7,26.8,28.5,23,"","4010879",2855,"BROADVIEW",7,1981-07-07,"DATE: Jul-07<br>Value: 23.0 °C<br>Anomaly: -0.4 °C<br>Weather station: ","DATE: Jul-07<br><b>Maximum temperature</b><br>10-90 percentile<br>17.7 to 28.5 °C","Historical daily maximum<br>31.2 °C<br>1981-07-07","DATE: Jul-07</b><br>Normal: 23.4 °C<br>Period: 1991-2020","4010879","BROADVIEW",1967,2026
"07-07","TMIN",2001-07-07,11.24,5.8,17.7,3.35277548432278,6.39,8.25,14.275,14.85,9.3,"","4010879",2855,"BROADVIEW",7,2018-07-07,"DATE: Jul-07<br>Value: 9.3 °C<br>Anomaly: -1.9 °C<br>Weather station: ","DATE: Jul-07<br><b>Minimum temperature</b><br>10-90 percentile<br>6.4 to 14.8 °C","Historical daily maximum<br>17.7 °C<br>2018-07-07","DATE: Jul-07</b><br>Normal: 11.2 °C<br>Period: 1991-2020","4010879","BROADVIEW",1967,2026
"07-07","VPD",2001-07-07,1.60987170273517,0.669832677930157,2.86048805861232,0.604608029812137,0.971348814880972,1.19471330647198,2.14522097689975,2.40426060149407,1.63790128359086,"","4010879",2855,"BROADVIEW",7,1981-07-07,"DATE: Jul-07<br>Value: 1.6 kPa<br>Anomaly: +0.0 kPa<br>Weather station: ","DATE: Jul-07<br><b>Vapour pressure deficit</b><br>10-90 percentile<br>1.0 to 2.4 kPa","Historical daily maximum<br>2.9 kPa<br>1981-07-07","DATE: Jul-07</b><br>Normal: 1.6 kPa<br>Period: 1991-2020","4010879","BROADVIEW",1967,2026
"07-08","TMAX",2001-07-08,23.7633333333333,19.2,28,2.45953224223118,20.87,21.95,25.975,27.21,24.1,"","4010879",2855,"BROADVIEW",7,1979-07-08,"DATE: Jul-08<br>Value: 24.1 °C<br>Anomaly: +0.3 °C<br>Weather station: ","DATE: Jul-08<br><b>Maximum temperature</b><br>10-90 percentile<br>20.9 to 27.2 °C","Historical daily maximum<br>28.0 °C<br>1979-07-08","DATE: Jul-08</b><br>Normal: 23.8 °C<br>Period: 1991-2020","4010879","BROADVIEW",1967,2026
"07-08","TMIN",2001-07-08,10.59,3.9,15.3,2.75935399736218,7.3,8.8,12.9,14.32,10.1,"","4010879",2855,"BROADVIEW",7,1974-07-08,"DATE: Jul-08<br>Value: 10.1 °C<br>Anomaly: -0.5 °C<br>Weather station: ","DATE: Jul-08<br><b>Minimum temperature</b><br>10-90 percentile<br>7.3 to 14.3 °C","Historical daily maximum<br>15.3 °C<br>1974-07-08","DATE: Jul-08</b><br>Normal: 10.6 °C<br>Period: 1991-2020","4010879","BROADVIEW",1967,2026
"07-08","VPD",2001-07-08,1.67331866396295,1.09232033719471,2.54371484156342,0.350728039014242,1.32467078856891,1.42828882342107,1.85433410611146,2.11963544811211,1.76565902191132,"","4010879",2855,"BROADVIEW",7,1970-07-08,"DATE: Jul-08<br>Value: 1.8 kPa<br>Anomaly: +0.1 kPa<br>Weather station: ","DATE: Jul-08<br><b>Vapour pressure deficit</b><br>10-90 percentile<br>1.3 to 2.1 kPa","Historical daily maximum<br>2.5 kPa<br>1970-07-08","DATE: Jul-08</b><br>Normal: 1.7 kPa<br>Period: 1991-2020","4010879","BROADVIEW",1967,2026
"07-09","TMAX",2001-07-09,23.7333333333333,15.4,32.4,4.44997739888358,17.59,20.925,26.675,27.75,25,"","4010879",2855,"BROADVIEW",7,2025-07-09,"DATE: Jul-09<br>Value: 25.0 °C<br>Anomaly: +1.3 °C<br>Weather station: ","DATE: Jul-09<br><b>Maximum temperature</b><br>10-90 percentile<br>17.6 to 27.8 °C","Historical daily maximum<br>32.4 °C<br>2025-07-09","DATE: Jul-09</b><br>Normal: 23.7 °C<br>Period: 1991-2020","4010879","BROADVIEW",1967,2026
"07-09","TMIN",2001-07-09,11.3566666666667,6.1,19.9,3.43477985374291,7.7,8.125,13.45,15.32,14.2,"","4010879",2855,"BROADVIEW",7,2005-07-09,"DATE: Jul-09<br>Value: 14.2 °C<br>Anomaly: +2.8 °C<br>Weather station: ","DATE: Jul-09<br><b>Minimum temperature</b><br>10-90 percentile<br>7.7 to 15.3 °C","Historical daily maximum<br>19.9 °C<br>2005-07-09","DATE: Jul-09</b><br>Normal: 11.4 °C<br>Period: 1991-2020","4010879","BROADVIEW",1967,2026
"07-09","VPD",2001-07-09,1.65027063205046,0.399562048059381,3.57630144624748,0.680407936161124,0.774603916156555,1.1586514611758,2.09549743562636,2.3832468456194,1.54830634708147,"","4010879",2855,"BROADVIEW",7,2015-07-09,"DATE: Jul-09<br>Value: 1.5 kPa<br>Anomaly: -0.1 kPa<br>Weather station: ","DATE: Jul-09<br><b>Vapour pressure deficit</b><br>10-90 percentile<br>0.8 to 2.4 kPa","Historical daily maximum<br>3.6 kPa<br>2015-07-09","DATE: Jul-09</b><br>Normal: 1.7 kPa<br>Period: 1991-2020","4010879","BROADVIEW",1967,2026
"07-10","TMAX",2001-07-10,25.0233333333333,16,31.9,3.97203008403836,18.61,23.6,27.475,29.71,27.9,"","4010879",2855,"BROADVIEW",7,1968-07-10,"DATE: Jul-10<br>Value: 27.9 °C<br>Anomaly: +2.9 °C<br>Weather station: ","DATE: Jul-10<br><b>Maximum temperature</b><br>10-90 percentile<br>18.6 to 29.7 °C","Historical daily maximum<br>31.9 °C<br>1968-07-10","DATE: Jul-10</b><br>Normal: 25.0 °C<br>Period: 1991-2020","4010879","BROADVIEW",1967,2026
"07-10","TMIN",2001-07-10,11.9233333333333,3.7,19.4,3.60532970737082,6.69,9.775,14.575,15.85,12.8,"","4010879",2855,"BROADVIEW",7,1997-07-10,"DATE: Jul-10<br>Value: 12.8 °C<br>Anomaly: +0.9 °C<br>Weather station: ","DATE: Jul-10<br><b>Minimum temperature</b><br>10-90 percentile<br>6.7 to 15.8 °C","Historical daily maximum<br>19.4 °C<br>1997-07-10","DATE: Jul-10</b><br>Normal: 11.9 °C<br>Period: 1991-2020","4010879","BROADVIEW",1967,2026
"07-10","VPD",2001-07-10,1.81653756718907,0.843615223854905,3.00054363790714,0.545444791269663,1.14501568265857,1.5424827355173,2.17651228707818,2.62871827289456,2.27968898563073,"","4010879",2855,"BROADVIEW",7,1980-07-10,"DATE: Jul-10<br>Value: 2.3 kPa<br>Anomaly: +0.5 kPa<br>Weather station: ","DATE: Jul-10<br><b>Vapour pressure deficit</b><br>10-90 percentile<br>1.1 to 2.6 kPa","Historical daily maximum<br>3.0 kPa<br>1980-07-10","DATE: Jul-10</b><br>Normal: 1.8 kPa<br>Period: 1991-2020","4010879","BROADVIEW",1967,2026
"07-11","TMAX",2001-07-11,23.7866666666667,16.5,31.3,4.33253396694275,18.14,20.275,26.775,29.45,31.5,"","4010879",2855,"BROADVIEW",7,2021-07-11,"DATE: Jul-11<br>Value: 31.5 °C<br>Anomaly: +7.7 °C<br>Weather station: ","DATE: Jul-11<br><b>Maximum temperature</b><br>10-90 percentile<br>18.1 to 29.4 °C","Historical daily maximum<br>31.3 °C<br>2021-07-11","DATE: Jul-11</b><br>Normal: 23.8 °C<br>Period: 1991-2020","4010879","BROADVIEW",1967,2026
"07-11","TMIN",2001-07-11,12.59,1.6,19.3,3.78976389037993,8.97,11,14.325,17.37,17.1,"","4010879",2855,"BROADVIEW",7,1998-07-11,"DATE: Jul-11<br>Value: 17.1 °C<br>Anomaly: +4.5 °C<br>Weather station: ","DATE: Jul-11<br><b>Minimum temperature</b><br>10-90 percentile<br>9.0 to 17.4 °C","Historical daily maximum<br>19.3 °C<br>1998-07-11","DATE: Jul-11</b><br>Normal: 12.6 °C<br>Period: 1991-2020","4010879","BROADVIEW",1967,2026
"07-11","VPD",2001-07-11,1.53533306649483,0.329708591317081,2.63357403588078,0.639164702530478,0.837409038263546,1.04552546009247,1.97931559405777,2.34483529602542,2.67202563996722,"","4010879",2855,"BROADVIEW",7,1984-07-11,"DATE: Jul-11<br>Value: 2.7 kPa<br>Anomaly: +1.1 kPa<br>Weather station: ","DATE: Jul-11<br><b>Vapour pressure deficit</b><br>10-90 percentile<br>0.8 to 2.3 kPa","Historical daily maximum<br>2.6 kPa<br>1984-07-11","DATE: Jul-11</b><br>Normal: 1.5 kPa<br>Period: 1991-2020","4010879","BROADVIEW",1967,2026
"07-12","TMAX",2001-07-12,24.6166666666667,18.6,30.6,3.61100648242176,19.46,22.825,26.95,29.63,33.1,"","4010879",2855,"BROADVIEW",7,1968-07-12,"DATE: Jul-12<br>Value: 33.1 °C<br>Anomaly: +8.5 °C<br>Weather station: ","DATE: Jul-12<br><b>Maximum temperature</b><br>10-90 percentile<br>19.5 to 29.6 °C","Historical daily maximum<br>30.6 °C<br>1968-07-12","DATE: Jul-12</b><br>Normal: 24.6 °C<br>Period: 1991-2020","4010879","BROADVIEW",1967,2026
"07-12","TMIN",2001-07-12,11.9166666666667,4.6,18.8,3.37353629392612,8.07,9.725,14.275,15.83,20.2,"","4010879",2855,"BROADVIEW",7,2026-07-12,"DATE: Jul-12<br>Value: 20.2 °C<br>Anomaly: +8.3 °C<br>Weather station: ","DATE: Jul-12<br><b>Minimum temperature</b><br>10-90 percentile<br>8.1 to 15.8 °C","Historical daily maximum<br>18.8 °C<br>2026-07-12","DATE: Jul-12</b><br>Normal: 11.9 °C<br>Period: 1991-2020","4010879","BROADVIEW",1967,2026
"07-12","VPD",2001-07-12,1.73296430461525,0.494679599282264,2.80694926404651,0.571499648356677,1.23417326110068,1.30035385085454,1.97129178630301,2.6439670805666,2.69104379803134,"","4010879",2855,"BROADVIEW",7,1968-07-12,"DATE: Jul-12<br>Value: 2.7 kPa<br>Anomaly: +1.0 kPa<br>Weather station: ","DATE: Jul-12<br><b>Vapour pressure deficit</b><br>10-90 percentile<br>1.2 to 2.6 kPa","Historical daily maximum<br>2.8 kPa<br>1968-07-12","DATE: Jul-12</b><br>Normal: 1.7 kPa<br>Period: 1991-2020","4010879","BROADVIEW",1967,2026
"07-13","TMAX",2001-07-13,24.6866666666667,17.4,31.8,3.90170018938105,19.57,22.7,27.875,30,28.4,"","4010879",2855,"BROADVIEW",7,2002-07-13,"DATE: Jul-13<br>Value: 28.4 °C<br>Anomaly: +3.7 °C<br>Weather station: ","DATE: Jul-13<br><b>Maximum temperature</b><br>10-90 percentile<br>19.6 to 30.0 °C","Historical daily maximum<br>31.8 °C<br>2002-07-13","DATE: Jul-13</b><br>Normal: 24.7 °C<br>Period: 1991-2020","4010879","BROADVIEW",1967,2026
"07-13","TMIN",2001-07-13,12.3666666666667,6.4,18.3,2.77244238562485,8.73,10.925,14.2,15.83,15.5,"","4010879",2855,"BROADVIEW",7,2003-07-13,"DATE: Jul-13<br>Value: 15.5 °C<br>Anomaly: +3.1 °C<br>Weather station: ","DATE: Jul-13<br><b>Minimum temperature</b><br>10-90 percentile<br>8.7 to 15.8 °C","Historical daily maximum<br>18.3 °C<br>2003-07-13","DATE: Jul-13</b><br>Normal: 12.4 °C<br>Period: 1991-2020","4010879","BROADVIEW",1967,2026
"07-13","VPD",2001-07-13,1.72304345729086,0.594055011037293,2.87136769713359,0.595154181821922,1.00224087116996,1.2773490879631,2.20896869380304,2.45610892516914,2.10784081840867,"","4010879",2855,"BROADVIEW",7,1981-07-13,"DATE: Jul-13<br>Value: 2.1 kPa<br>Anomaly: +0.4 kPa<br>Weather station: ","DATE: Jul-13<br><b>Vapour pressure deficit</b><br>10-90 percentile<br>1.0 to 2.5 kPa","Historical daily maximum<br>2.9 kPa<br>1981-07-13","DATE: Jul-13</b><br>Normal: 1.7 kPa<br>Period: 1991-2020","4010879","BROADVIEW",1967,2026
"07-14","TMAX",2001-07-14,25.13,18.1,32.5,3.42013812989859,20.58,23,27.675,29.41,26.2,"","4010879",2855,"BROADVIEW",7,1983-07-14,"DATE: Jul-14<br>Value: 26.2 °C<br>Anomaly: +1.1 °C<br>Weather station: ","DATE: Jul-14<br><b>Maximum temperature</b><br>10-90 percentile<br>20.6 to 29.4 °C","Historical daily maximum<br>32.5 °C<br>1983-07-14","DATE: Jul-14</b><br>Normal: 25.1 °C<br>Period: 1991-2020","4010879","BROADVIEW",1967,2026
"07-14","TMIN",2001-07-14,12.3433333333333,5.9,16.2,2.63827050629154,9.58,11,14.025,16.1,13.5,"","4010879",2855,"BROADVIEW",7,2022-07-14,"DATE: Jul-14<br>Value: 13.5 °C<br>Anomaly: +1.2 °C<br>Weather station: ","DATE: Jul-14<br><b>Minimum temperature</b><br>10-90 percentile<br>9.6 to 16.1 °C","Historical daily maximum<br>16.2 °C<br>2022-07-14","DATE: Jul-14</b><br>Normal: 12.3 °C<br>Period: 1991-2020","4010879","BROADVIEW",1967,2026
"07-14","VPD",2001-07-14,1.79551656765804,0.772988866140267,3.08407380121936,0.521042312388322,1.2677806181802,1.4570645117063,2.14963450894576,2.45884220917164,1.85391936675678,"","4010879",2855,"BROADVIEW",7,1975-07-14,"DATE: Jul-14<br>Value: 1.9 kPa<br>Anomaly: +0.1 kPa<br>Weather station: ","DATE: Jul-14<br><b>Vapour pressure deficit</b><br>10-90 percentile<br>1.3 to 2.5 kPa","Historical daily maximum<br>3.1 kPa<br>1975-07-14","DATE: Jul-14</b><br>Normal: 1.8 kPa<br>Period: 1991-2020","4010879","BROADVIEW",1967,2026
"07-15","TMAX",2001-07-15,24.32,13.4,31.2,4.36801856759979,18.22,22.175,27.425,28.97,20.5,"","4010879",2855,"BROADVIEW",7,1975-07-15,"DATE: Jul-15<br>Value: 20.5 °C<br>Anomaly: -3.8 °C<br>Weather station: ","DATE: Jul-15<br><b>Maximum temperature</b><br>10-90 percentile<br>18.2 to 29.0 °C","Historical daily maximum<br>31.2 °C<br>1975-07-15","DATE: Jul-15</b><br>Normal: 24.3 °C<br>Period: 1991-2020","4010879","BROADVIEW",1967,2026
"07-15","TMIN",2001-07-15,11.85,6.4,19.1,2.88393289892765,8.76,9.875,13.525,15.91,16.2,"","4010879",2855,"BROADVIEW",7,2002-07-15,"DATE: Jul-15<br>Value: 16.2 °C<br>Anomaly: +4.3 °C<br>Weather station: ","DATE: Jul-15<br><b>Minimum temperature</b><br>10-90 percentile<br>8.8 to 15.9 °C","Historical daily maximum<br>19.1 °C<br>2002-07-15","DATE: Jul-15</b><br>Normal: 11.8 °C<br>Period: 1991-2020","4010879","BROADVIEW",1967,2026
"07-15","VPD",2001-07-15,1.716436962925,0.461105436830907,3.20551824429787,0.667357802509157,0.708405122706759,1.40247929195688,2.09311703099748,2.24047733217049,0.569996150042895,"","4010879",2855,"BROADVIEW",7,2021-07-15,"DATE: Jul-15<br>Value: 0.6 kPa<br>Anomaly: -1.1 kPa<br>Weather station: ","DATE: Jul-15<br><b>Vapour pressure deficit</b><br>10-90 percentile<br>0.7 to 2.2 kPa","Historical daily maximum<br>3.2 kPa<br>2021-07-15","DATE: Jul-15</b><br>Normal: 1.7 kPa<br>Period: 1991-2020","4010879","BROADVIEW",1967,2026
"07-16","TMAX",2001-07-16,24.1566666666667,15.3,30.6,3.68470120749373,19.97,21.8,26.825,28.74,22.8,"","4010879",2855,"BROADVIEW",7,2021-07-16,"DATE: Jul-16<br>Value: 22.8 °C<br>Anomaly: -1.4 °C<br>Weather station: ","DATE: Jul-16<br><b>Maximum temperature</b><br>10-90 percentile<br>20.0 to 28.7 °C","Historical daily maximum<br>30.6 °C<br>2021-07-16","DATE: Jul-16</b><br>Normal: 24.2 °C<br>Period: 1991-2020","4010879","BROADVIEW",1967,2026
"07-16","TMIN",2001-07-16,11.5066666666667,4.4,16.7,3.16695582466859,7.75,9.725,13.925,15.45,15.2,"","4010879",2855,"BROADVIEW",7,1975-07-16,"DATE: Jul-16<br>Value: 15.2 °C<br>Anomaly: +3.7 °C<br>Weather station: ","DATE: Jul-16<br><b>Minimum temperature</b><br>10-90 percentile<br>7.8 to 15.4 °C","Historical daily maximum<br>16.7 °C<br>1975-07-16","DATE: Jul-16</b><br>Normal: 11.5 °C<br>Period: 1991-2020","4010879","BROADVIEW",1967,2026
"07-16","VPD",2001-07-16,1.69084647893125,0.621160286689924,2.64992291279953,0.538868061759071,0.991794528078471,1.36590610470274,2.11672987469255,2.41491854151589,1.04820237103511,"","4010879",2855,"BROADVIEW",7,1970-07-16,"DATE: Jul-16<br>Value: 1.0 kPa<br>Anomaly: -0.6 kPa<br>Weather station: ","DATE: Jul-16<br><b>Vapour pressure deficit</b><br>10-90 percentile<br>1.0 to 2.4 kPa","Historical daily maximum<br>2.6 kPa<br>1970-07-16","DATE: Jul-16</b><br>Normal: 1.7 kPa<br>Period: 1991-2020","4010879","BROADVIEW",1967,2026
"07-17","TMAX",2001-07-17,24.7620689655172,16.7,31.4,3.75351395296113,20.96,21.9,27.8,29.62,28.2,"","4010879",2855,"BROADVIEW",7,2011-07-17,"DATE: Jul-17<br>Value: 28.2 °C<br>Anomaly: +3.4 °C<br>Weather station: ","DATE: Jul-17<br><b>Maximum temperature</b><br>10-90 percentile<br>21.0 to 29.6 °C","Historical daily maximum<br>31.4 °C<br>2011-07-17","DATE: Jul-17</b><br>Normal: 24.8 °C<br>Period: 1991-2020","4010879","BROADVIEW",1967,2026
"07-17","TMIN",2001-07-17,11.3896551724138,2.6,17.9,3.69327040783893,7.06,9.7,13.4,16.04,14.3,"","4010879",2855,"BROADVIEW",7,2001-07-17,"DATE: Jul-17<br>Value: 14.3 °C<br>Anomaly: +2.9 °C<br>Weather station: ","DATE: Jul-17<br><b>Minimum temperature</b><br>10-90 percentile<br>7.1 to 16.0 °C","Historical daily maximum<br>17.9 °C<br>2001-07-17","DATE: Jul-17</b><br>Normal: 11.4 °C<br>Period: 1991-2020","4010879","BROADVIEW",1967,2026
"07-17","VPD",2001-07-17,1.80851263920498,0.738706716631493,3.0585035232876,0.638674664160092,1.03048287702482,1.28160381858348,2.20871722785454,2.73984020805446,2.19417807720378,"","4010879",2855,"BROADVIEW",7,2011-07-17,"DATE: Jul-17<br>Value: 2.2 kPa<br>Anomaly: +0.4 kPa<br>Weather station: ","DATE: Jul-17<br><b>Vapour pressure deficit</b><br>10-90 percentile<br>1.0 to 2.7 kPa","Historical daily maximum<br>3.1 kPa<br>2011-07-17","DATE: Jul-17</b><br>Normal: 1.8 kPa<br>Period: 1991-2020","4010879","BROADVIEW",1967,2026
"07-18","TMAX",2001-07-18,24.9566666666667,16.3,32,3.8986012817449,21.48,22.45,27.35,30.25,29.8,"","4010879",2855,"BROADVIEW",7,1974-07-18,"DATE: Jul-18<br>Value: 29.8 °C<br>Anomaly: +4.8 °C<br>Weather station: ","DATE: Jul-18<br><b>Maximum temperature</b><br>10-90 percentile<br>21.5 to 30.2 °C","Historical daily maximum<br>32.0 °C<br>1974-07-18","DATE: Jul-18</b><br>Normal: 25.0 °C<br>Period: 1991-2020","4010879","BROADVIEW",1967,2026
"07-18","TMIN",2001-07-18,12.5466666666667,6.3,17.5,3.24087401295022,8.02,10.7,15.475,16.62,16.5,"","4010879",2855,"BROADVIEW",7,2012-07-18,"DATE: Jul-18<br>Value: 16.5 °C<br>Anomaly: +4.0 °C<br>Weather station: ","DATE: Jul-18<br><b>Minimum temperature</b><br>10-90 percentile<br>8.0 to 16.6 °C","Historical daily maximum<br>17.5 °C<br>2012-07-18","DATE: Jul-18</b><br>Normal: 12.5 °C<br>Period: 1991-2020","4010879","BROADVIEW",1967,2026
"07-18","VPD",2001-07-18,1.75026601908651,0.439571475740889,3.33360717527824,0.671376595983912,1.03678202136931,1.40012131331748,2.16412342058314,2.72720984144507,2.3174567768208,"","4010879",2855,"BROADVIEW",7,1974-07-18,"DATE: Jul-18<br>Value: 2.3 kPa<br>Anomaly: +0.6 kPa<br>Weather station: ","DATE: Jul-18<br><b>Vapour pressure deficit</b><br>10-90 percentile<br>1.0 to 2.7 kPa","Historical daily maximum<br>3.3 kPa<br>1974-07-18","DATE: Jul-18</b><br>Normal: 1.8 kPa<br>Period: 1991-2020","4010879","BROADVIEW",1967,2026
"07-19","TMAX",2001-07-19,24.57,14.8,34.4,4.83287235217461,18.83,21.925,28.35,31.5,28.8,"","4010879",2855,"BROADVIEW",7,2011-07-19,"DATE: Jul-19<br>Value: 28.8 °C<br>Anomaly: +4.2 °C<br>Weather station: ","DATE: Jul-19<br><b>Maximum temperature</b><br>10-90 percentile<br>18.8 to 31.5 °C","Historical daily maximum<br>34.4 °C<br>2011-07-19","DATE: Jul-19</b><br>Normal: 24.6 °C<br>Period: 1991-2020","4010879","BROADVIEW",1967,2026
"07-19","TMIN",2001-07-19,12.4433333333333,7.1,22,3.51515765412212,8.6,10.225,14.125,15.7,15.2,"","4010879",2855,"BROADVIEW",7,2011-07-19,"DATE: Jul-19<br>Value: 15.2 °C<br>Anomaly: +2.8 °C<br>Weather station: ","DATE: Jul-19<br><b>Minimum temperature</b><br>10-90 percentile<br>8.6 to 15.7 °C","Historical daily maximum<br>22.0 °C<br>2011-07-19","DATE: Jul-19</b><br>Normal: 12.4 °C<br>Period: 1991-2020","4010879","BROADVIEW",1967,2026
"07-19","VPD",2001-07-19,1.72050824689605,0.300891783021379,3.24701047672158,0.735824887892975,0.890042850737989,1.25273077600469,2.21996331938994,2.8199834108178,2.23218376708387,"","4010879",2855,"BROADVIEW",7,1967-07-19,"DATE: Jul-19<br>Value: 2.2 kPa<br>Anomaly: +0.5 kPa<br>Weather station: ","DATE: Jul-19<br><b>Vapour pressure deficit</b><br>10-90 percentile<br>0.9 to 2.8 kPa","Historical daily maximum<br>3.2 kPa<br>1967-07-19","DATE: Jul-19</b><br>Normal: 1.7 kPa<br>Period: 1991-2020","4010879","BROADVIEW",1967,2026
"07-20","TMAX",2001-07-20,24.27,17.6,30.9,3.41054652309669,20.3,21.5,26.45,29.05,22.7,"","4010879",2855,"BROADVIEW",7,1989-07-20,"DATE: Jul-20<br>Value: 22.7 °C<br>Anomaly: -1.6 °C<br>Weather station: ","DATE: Jul-20<br><b>Maximum temperature</b><br>10-90 percentile<br>20.3 to 29.0 °C","Historical daily maximum<br>30.9 °C<br>1989-07-20","DATE: Jul-20</b><br>Normal: 24.3 °C<br>Period: 1991-2020","4010879","BROADVIEW",1967,2026
"07-20","TMIN",2001-07-20,11.2166666666667,4.5,16.5,3.4911793613811,6.6,8.775,13.975,15.47,13.5,"","4010879",2855,"BROADVIEW",7,1974-07-20,"DATE: Jul-20<br>Value: 13.5 °C<br>Anomaly: +2.3 °C<br>Weather station: ","DATE: Jul-20<br><b>Minimum temperature</b><br>10-90 percentile<br>6.6 to 15.5 °C","Historical daily maximum<br>16.5 °C<br>1974-07-20","DATE: Jul-20</b><br>Normal: 11.2 °C<br>Period: 1991-2020","4010879","BROADVIEW",1967,2026
"07-20","VPD",2001-07-20,1.72466733048931,0.730840181733243,2.77117171587088,0.566147232118347,1.10645209119156,1.32385089517718,2.18119333355832,2.43164027169074,1.21139438382099,"","4010879",2855,"BROADVIEW",7,1984-07-20,"DATE: Jul-20<br>Value: 1.2 kPa<br>Anomaly: -0.5 kPa<br>Weather station: ","DATE: Jul-20<br><b>Vapour pressure deficit</b><br>10-90 percentile<br>1.1 to 2.4 kPa","Historical daily maximum<br>2.8 kPa<br>1984-07-20","DATE: Jul-20</b><br>Normal: 1.7 kPa<br>Period: 1991-2020","4010879","BROADVIEW",1967,2026
"07-21","TMAX",2001-07-21,23.9066666666667,17.9,29.9,3.29701362608266,19.56,21.625,26.975,28.02,23.3,"","4010879",2855,"BROADVIEW",7,1989-07-21,"DATE: Jul-21<br>Value: 23.3 °C<br>Anomaly: -0.6 °C<br>Weather station: ","DATE: Jul-21<br><b>Maximum temperature</b><br>10-90 percentile<br>19.6 to 28.0 °C","Historical daily maximum<br>29.9 °C<br>1989-07-21","DATE: Jul-21</b><br>Normal: 23.9 °C<br>Period: 1991-2020","4010879","BROADVIEW",1967,2026
"07-21","TMIN",2001-07-21,11.63,6.1,16.7,2.73636431331291,7.84,10.325,13.85,14.61,12.3,"","4010879",2855,"BROADVIEW",7,2021-07-21,"DATE: Jul-21<br>Value: 12.3 °C<br>Anomaly: +0.7 °C<br>Weather station: ","DATE: Jul-21<br><b>Minimum temperature</b><br>10-90 percentile<br>7.8 to 14.6 °C","Historical daily maximum<br>16.7 °C<br>2021-07-21","DATE: Jul-21</b><br>Normal: 11.6 °C<br>Period: 1991-2020","4010879","BROADVIEW",1967,2026
"07-21","VPD",2001-07-21,1.6289469965674,0.694061438632372,2.54610198934853,0.526554357676447,0.869524404136983,1.22248645170429,2.01933020520132,2.24282059204096,1.43026972527547,"","4010879",2855,"BROADVIEW",7,1989-07-21,"DATE: Jul-21<br>Value: 1.4 kPa<br>Anomaly: -0.2 kPa<br>Weather station: ","DATE: Jul-21<br><b>Vapour pressure deficit</b><br>10-90 percentile<br>0.9 to 2.2 kPa","Historical daily maximum<br>2.5 kPa<br>1989-07-21","DATE: Jul-21</b><br>Normal: 1.6 kPa<br>Period: 1991-2020","4010879","BROADVIEW",1967,2026
"07-22","TMAX",2001-07-22,24.5433333333333,19.4,32,3.41797311719754,19.95,21.7,27.4,28.27,26,"","4010879",2855,"BROADVIEW",7,1988-07-22,"DATE: Jul-22<br>Value: 26.0 °C<br>Anomaly: +1.5 °C<br>Weather station: ","DATE: Jul-22<br><b>Maximum temperature</b><br>10-90 percentile<br>19.9 to 28.3 °C","Historical daily maximum<br>32.0 °C<br>1988-07-22","DATE: Jul-22</b><br>Normal: 24.5 °C<br>Period: 1991-2020","4010879","BROADVIEW",1967,2026
"07-22","TMIN",2001-07-22,11.3333333333333,6.6,16.1,2.76845946621798,7.74,9.4,13.35,15.21,11.9,"","4010879",2855,"BROADVIEW",7,2021-07-22,"DATE: Jul-22<br>Value: 11.9 °C<br>Anomaly: +0.6 °C<br>Weather station: ","DATE: Jul-22<br><b>Minimum temperature</b><br>10-90 percentile<br>7.7 to 15.2 °C","Historical daily maximum<br>16.1 °C<br>2021-07-22","DATE: Jul-22</b><br>Normal: 11.3 °C<br>Period: 1991-2020","4010879","BROADVIEW",1967,2026
"07-22","VPD",2001-07-22,1.77625657888299,0.822279597687155,3.01992513835212,0.57645744241284,1.1032776250807,1.3662684352758,2.14804254792241,2.43606655540401,1.96809765073772,"","4010879",2855,"BROADVIEW",7,1985-07-22,"DATE: Jul-22<br>Value: 2.0 kPa<br>Anomaly: +0.2 kPa<br>Weather station: ","DATE: Jul-22<br><b>Vapour pressure deficit</b><br>10-90 percentile<br>1.1 to 2.4 kPa","Historical daily maximum<br>3.0 kPa<br>1985-07-22","DATE: Jul-22</b><br>Normal: 1.8 kPa<br>Period: 1991-2020","4010879","BROADVIEW",1967,2026
"07-23","TMAX",2001-07-23,25.0275862068966,15.9,33.2,4.05945954809998,21.28,22.5,27.5,30.16,29.4,"","4010879",2855,"BROADVIEW",7,2003-07-23,"DATE: Jul-23<br>Value: 29.4 °C<br>Anomaly: +4.4 °C<br>Weather station: ","DATE: Jul-23<br><b>Maximum temperature</b><br>10-90 percentile<br>21.3 to 30.2 °C","Historical daily maximum<br>33.2 °C<br>2003-07-23","DATE: Jul-23</b><br>Normal: 25.0 °C<br>Period: 1991-2020","4010879","BROADVIEW",1967,2026
"07-23","TMIN",2001-07-23,12.17,4.4,18.1,3.36381864286245,8.65,10,15.125,16.67,11.9,"","4010879",2855,"BROADVIEW",7,2007-07-23,"DATE: Jul-23<br>Value: 11.9 °C<br>Anomaly: -0.3 °C<br>Weather station: ","DATE: Jul-23<br><b>Minimum temperature</b><br>10-90 percentile<br>8.6 to 16.7 °C","Historical daily maximum<br>18.1 °C<br>2007-07-23","DATE: Jul-23</b><br>Normal: 12.2 °C<br>Period: 1991-2020","4010879","BROADVIEW",1967,2026
"07-23","VPD",2001-07-23,1.78888856310636,0.458677157869265,3.5806666707784,0.658800077553249,1.09687900087817,1.38390928684429,2.1136918682304,2.38876579668184,2.70586597627649,"","4010879",2855,"BROADVIEW",7,2006-07-23,"DATE: Jul-23<br>Value: 2.7 kPa<br>Anomaly: +0.9 kPa<br>Weather station: ","DATE: Jul-23<br><b>Vapour pressure deficit</b><br>10-90 percentile<br>1.1 to 2.4 kPa","Historical daily maximum<br>3.6 kPa<br>2006-07-23","DATE: Jul-23</b><br>Normal: 1.8 kPa<br>Period: 1991-2020","4010879","BROADVIEW",1967,2026
"07-24","TMAX",2001-07-24,25.57,20,35.1,3.61950177558297,21.67,23.5,27.975,30.18,27,"","4010879",2855,"BROADVIEW",7,2007-07-24,"DATE: Jul-24<br>Value: 27.0 °C<br>Anomaly: +1.4 °C<br>Weather station: ","DATE: Jul-24<br><b>Maximum temperature</b><br>10-90 percentile<br>21.7 to 30.2 °C","Historical daily maximum<br>35.1 °C<br>2007-07-24","DATE: Jul-24</b><br>Normal: 25.6 °C<br>Period: 1991-2020","4010879","BROADVIEW",1967,2026
"07-24","TMIN",2001-07-24,11.7033333333333,6.8,19.2,3.12128215623813,8.3,9.45,13.5,15.74,14,"","4010879",2855,"BROADVIEW",7,2003-07-24,"DATE: Jul-24<br>Value: 14.0 °C<br>Anomaly: +2.3 °C<br>Weather station: ","DATE: Jul-24<br><b>Minimum temperature</b><br>10-90 percentile<br>8.3 to 15.7 °C","Historical daily maximum<br>19.2 °C<br>2003-07-24","DATE: Jul-24</b><br>Normal: 11.7 °C<br>Period: 1991-2020","4010879","BROADVIEW",1967,2026
"07-24","VPD",2001-07-24,1.94159045826035,1.1266792443289,3.55058766298488,0.584339045504281,1.29608191545208,1.48898017973988,2.32884417379319,2.5888197036403,1.96673531638555,"","4010879",2855,"BROADVIEW",7,2007-07-24,"DATE: Jul-24<br>Value: 2.0 kPa<br>Anomaly: +0.0 kPa<br>Weather station: ","DATE: Jul-24<br><b>Vapour pressure deficit</b><br>10-90 percentile<br>1.3 to 2.6 kPa","Historical daily maximum<br>3.6 kPa<br>2007-07-24","DATE: Jul-24</b><br>Normal: 1.9 kPa<br>Period: 1991-2020","4010879","BROADVIEW",1967,2026
"07-25","TMAX",2001-07-25,25.048275862069,16.5,29.9,3.40331988019001,21.54,23.3,28.1,29.1,30.4,"","4010879",2855,"BROADVIEW",7,1975-07-25,"DATE: Jul-25<br>Value: 30.4 °C<br>Anomaly: +5.4 °C<br>Weather station: ","DATE: Jul-25<br><b>Maximum temperature</b><br>10-90 percentile<br>21.5 to 29.1 °C","Historical daily maximum<br>29.9 °C<br>1975-07-25","DATE: Jul-25</b><br>Normal: 25.0 °C<br>Period: 1991-2020","4010879","BROADVIEW",1967,2026
"07-25","TMIN",2001-07-25,10.7586206896552,4.2,15.7,2.79789681743005,7.14,9.3,12.7,13.7,12.2,"","4010879",2855,"BROADVIEW",7,2023-07-25,"DATE: Jul-25<br>Value: 12.2 °C<br>Anomaly: +1.4 °C<br>Weather station: ","DATE: Jul-25<br><b>Minimum temperature</b><br>10-90 percentile<br>7.1 to 13.7 °C","Historical daily maximum<br>15.7 °C<br>2023-07-25","DATE: Jul-25</b><br>Normal: 10.8 °C<br>Period: 1991-2020","4010879","BROADVIEW",1967,2026
"07-25","VPD",2001-07-25,1.92024068527387,0.697720916725822,2.86161787634696,0.602035017240863,1.25632285429309,1.5082953553253,2.4651084430556,2.76950544780543,2.92022241667867,"","4010879",2855,"BROADVIEW",7,1975-07-25,"DATE: Jul-25<br>Value: 2.9 kPa<br>Anomaly: +1.0 kPa<br>Weather station: ","DATE: Jul-25<br><b>Vapour pressure deficit</b><br>10-90 percentile<br>1.3 to 2.8 kPa","Historical daily maximum<br>2.9 kPa<br>1975-07-25","DATE: Jul-25</b><br>Normal: 1.9 kPa<br>Period: 1991-2020","4010879","BROADVIEW",1967,2026
"07-26","TMAX",2001-07-26,24.9266666666667,17.8,31.4,3.42565708102571,20.77,22.075,27.1,28.72,30.9,"","4010879",2855,"BROADVIEW",7,1995-07-26,"DATE: Jul-26<br>Value: 30.9 °C<br>Anomaly: +6.0 °C<br>Weather station: ","DATE: Jul-26<br><b>Maximum temperature</b><br>10-90 percentile<br>20.8 to 28.7 °C","Historical daily maximum<br>31.4 °C<br>1995-07-26","DATE: Jul-26</b><br>Normal: 24.9 °C<br>Period: 1991-2020","4010879","BROADVIEW",1967,2026
"07-26","TMIN",2001-07-26,10.9,-0.5,16.9,3.68669555807515,7.27,8.475,13.15,15.11,16.5,"","4010879",2855,"BROADVIEW",7,1995-07-26,"DATE: Jul-26<br>Value: 16.5 °C<br>Anomaly: +5.6 °C<br>Weather station: ","DATE: Jul-26<br><b>Minimum temperature</b><br>10-90 percentile<br>7.3 to 15.1 °C","Historical daily maximum<br>16.9 °C<br>1995-07-26","DATE: Jul-26</b><br>Normal: 10.9 °C<br>Period: 1991-2020","4010879","BROADVIEW",1967,2026
"07-26","VPD",2001-07-26,1.87332834483111,0.579148136300678,3.22256150887951,0.581550398704639,1.20034148034363,1.57726411499956,2.2074526762062,2.58681856131253,2.58990283017214,"","4010879",2855,"BROADVIEW",7,1984-07-26,"DATE: Jul-26<br>Value: 2.6 kPa<br>Anomaly: +0.7 kPa<br>Weather station: ","DATE: Jul-26<br><b>Vapour pressure deficit</b><br>10-90 percentile<br>1.2 to 2.6 kPa","Historical daily maximum<br>3.2 kPa<br>1984-07-26","DATE: Jul-26</b><br>Normal: 1.9 kPa<br>Period: 1991-2020","4010879","BROADVIEW",1967,2026
"07-27","TMAX",2001-07-27,24.4233333333333,16.9,30.9,3.57565362564311,19.79,21.425,26.6,29.41,NA,NA,NA,NA,NA,7,1988-07-27,"","DATE: Jul-27<br><b>Maximum temperature</b><br>10-90 percentile<br>19.8 to 29.4 °C","Historical daily maximum<br>30.9 °C<br>1988-07-27","DATE: Jul-27</b><br>Normal: 24.4 °C<br>Period: 1991-2020","4010879","BROADVIEW",1967,2026
"07-27","TMIN",2001-07-27,10.68,3.9,15.9,2.68487461981708,7.64,9.375,12.2,13.81,NA,NA,NA,NA,NA,7,2000-07-27,"","DATE: Jul-27<br><b>Minimum temperature</b><br>10-90 percentile<br>7.6 to 13.8 °C","Historical daily maximum<br>15.9 °C<br>2000-07-27","DATE: Jul-27</b><br>Normal: 10.7 °C<br>Period: 1991-2020","4010879","BROADVIEW",1967,2026
"07-27","VPD",2001-07-27,1.81731885676753,0.916724954341647,3.11905069310519,0.659317389593043,1.03770663758293,1.2034264867518,2.1641766489101,2.78458728383618,NA,NA,NA,NA,NA,7,1988-07-27,"","DATE: Jul-27<br><b>Vapour pressure deficit</b><br>10-90 percentile<br>1.0 to 2.8 kPa","Historical daily maximum<br>3.1 kPa<br>1988-07-27","DATE: Jul-27</b><br>Normal: 1.8 kPa<br>Period: 1991-2020","4010879","BROADVIEW",1967,2026
"07-28","TMAX",2001-07-28,25.22,14.3,33.5,4.6154463302682,19.79,21.525,29.025,30.96,29.9,"","4010879",2855,"BROADVIEW",7,1975-07-28,"DATE: Jul-28<br>Value: 29.9 °C<br>Anomaly: +4.7 °C<br>Weather station: ","DATE: Jul-28<br><b>Maximum temperature</b><br>10-90 percentile<br>19.8 to 31.0 °C","Historical daily maximum<br>33.5 °C<br>1975-07-28","DATE: Jul-28</b><br>Normal: 25.2 °C<br>Period: 1991-2020","4010879","BROADVIEW",1967,2026
"07-28","TMIN",2001-07-28,10.7966666666667,5.7,16.6,2.8485305750126,7.53,8.225,13.175,14,15.9,"","4010879",2855,"BROADVIEW",7,1975-07-28,"DATE: Jul-28<br>Value: 15.9 °C<br>Anomaly: +5.1 °C<br>Weather station: ","DATE: Jul-28<br><b>Minimum temperature</b><br>10-90 percentile<br>7.5 to 14.0 °C","Historical daily maximum<br>16.6 °C<br>1975-07-28","DATE: Jul-28</b><br>Normal: 10.8 °C<br>Period: 1991-2020","4010879","BROADVIEW",1967,2026
"07-28","VPD",2001-07-28,1.99546175433282,0.489666243000646,3.58469104134233,0.769127582910409,1.1067339734378,1.42324453615433,2.47309814834239,2.88993919830629,2.41208326749759,"","4010879",2855,"BROADVIEW",7,1975-07-28,"DATE: Jul-28<br>Value: 2.4 kPa<br>Anomaly: +0.4 kPa<br>Weather station: ","DATE: Jul-28<br><b>Vapour pressure deficit</b><br>10-90 percentile<br>1.1 to 2.9 kPa","Historical daily maximum<br>3.6 kPa<br>1975-07-28","DATE: Jul-28</b><br>Normal: 2.0 kPa<br>Period: 1991-2020","4010879","BROADVIEW",1967,2026
"07-29","TMAX",2001-07-29,25.3033333333333,14.1,32.3,4.58434241765369,20.21,22.325,28.2,30.54,31.5,"","4010879",2855,"BROADVIEW",7,1975-07-29,"DATE: Jul-29<br>Value: 31.5 °C<br>Anomaly: +6.2 °C<br>Weather station: ","DATE: Jul-29<br><b>Maximum temperature</b><br>10-90 percentile<br>20.2 to 30.5 °C","Historical daily maximum<br>32.3 °C<br>1975-07-29","DATE: Jul-29</b><br>Normal: 25.3 °C<br>Period: 1991-2020","4010879","BROADVIEW",1967,2026
"07-29","TMIN",2001-07-29,11.1766666666667,5.1,18.6,3.54485380597665,6.41,8.475,13.5,15.22,15,"","4010879",2855,"BROADVIEW",7,2000-07-29,"DATE: Jul-29<br>Value: 15.0 °C<br>Anomaly: +3.8 °C<br>Weather station: ","DATE: Jul-29<br><b>Minimum temperature</b><br>10-90 percentile<br>6.4 to 15.2 °C","Historical daily maximum<br>18.6 °C<br>2000-07-29","DATE: Jul-29</b><br>Normal: 11.2 °C<br>Period: 1991-2020","4010879","BROADVIEW",1967,2026
"07-29","VPD",2001-07-29,1.96306384787291,0.531995427673091,3.1076720789442,0.694351287235431,1.1576443269256,1.45229793092492,2.38958377655151,2.8788854924118,2.91672267090973,"","4010879",2855,"BROADVIEW",7,1975-07-29,"DATE: Jul-29<br>Value: 2.9 kPa<br>Anomaly: +1.0 kPa<br>Weather station: ","DATE: Jul-29<br><b>Vapour pressure deficit</b><br>10-90 percentile<br>1.2 to 2.9 kPa","Historical daily maximum<br>3.1 kPa<br>1975-07-29","DATE: Jul-29</b><br>Normal: 2.0 kPa<br>Period: 1991-2020","4010879","BROADVIEW",1967,2026
"07-30","TMAX",2001-07-30,25.73,19.7,33.9,3.75904885255061,21.92,23.15,27.75,31.02,26.4,"","4010879",2855,"BROADVIEW",7,2007-07-30,"DATE: Jul-30<br>Value: 26.4 °C<br>Anomaly: +0.7 °C<br>Weather station: ","DATE: Jul-30<br><b>Maximum temperature</b><br>10-90 percentile<br>21.9 to 31.0 °C","Historical daily maximum<br>33.9 °C<br>2007-07-30","DATE: Jul-30</b><br>Normal: 25.7 °C<br>Period: 1991-2020","4010879","BROADVIEW",1967,2026
"07-30","TMIN",2001-07-30,11.1233333333333,4.8,17.9,2.87398357844915,7.86,9.425,13.175,14.75,12.7,"","4010879",2855,"BROADVIEW",7,1984-07-30,"DATE: Jul-30<br>Value: 12.7 °C<br>Anomaly: +1.6 °C<br>Weather station: ","DATE: Jul-30<br><b>Minimum temperature</b><br>10-90 percentile<br>7.9 to 14.8 °C","Historical daily maximum<br>17.9 °C<br>1984-07-30","DATE: Jul-30</b><br>Normal: 11.1 °C<br>Period: 1991-2020","4010879","BROADVIEW",1967,2026
"07-30","VPD",2001-07-30,2.03587232793036,1.08669525088417,3.51266907300117,0.677107085428465,1.28065610229744,1.55266886790918,2.40719194582682,3.24022770293589,1.97311599259189,"","4010879",2855,"BROADVIEW",7,1988-07-30,"DATE: Jul-30<br>Value: 2.0 kPa<br>Anomaly: -0.1 kPa<br>Weather station: ","DATE: Jul-30<br><b>Vapour pressure deficit</b><br>10-90 percentile<br>1.3 to 3.2 kPa","Historical daily maximum<br>3.5 kPa<br>1988-07-30","DATE: Jul-30</b><br>Normal: 2.0 kPa<br>Period: 1991-2020","4010879","BROADVIEW",1967,2026
"07-31","TMAX",2001-07-31,25.0466666666667,16.6,31.1,3.88646930750275,20.78,22.975,27.825,29.81,25.6,"","4010879",2855,"BROADVIEW",7,1989-07-31,"DATE: Jul-31<br>Value: 25.6 °C<br>Anomaly: +0.6 °C<br>Weather station: ","DATE: Jul-31<br><b>Maximum temperature</b><br>10-90 percentile<br>20.8 to 29.8 °C","Historical daily maximum<br>31.1 °C<br>1989-07-31","DATE: Jul-31</b><br>Normal: 25.0 °C<br>Period: 1991-2020","4010879","BROADVIEW",1967,2026
"07-31","TMIN",2001-07-31,11.0333333333333,5.6,16.4,2.52986756275056,8.77,9.325,13.2,14.42,8.5,"","4010879",2855,"BROADVIEW",7,1987-07-31,"DATE: Jul-31<br>Value: 8.5 °C<br>Anomaly: -2.5 °C<br>Weather station: ","DATE: Jul-31<br><b>Minimum temperature</b><br>10-90 percentile<br>8.8 to 14.4 °C","Historical daily maximum<br>16.4 °C<br>1987-07-31","DATE: Jul-31</b><br>Normal: 11.0 °C<br>Period: 1991-2020","4010879","BROADVIEW",1967,2026
"07-31","VPD",2001-07-31,1.91541155928196,0.712662080644026,3.3623930283669,0.607182359537255,1.31212288012269,1.53853796143491,2.29876387561495,2.51532345831978,2.17291827888789,"","4010879",2855,"BROADVIEW",7,1989-07-31,"DATE: Jul-31<br>Value: 2.2 kPa<br>Anomaly: +0.3 kPa<br>Weather station: ","DATE: Jul-31<br><b>Vapour pressure deficit</b><br>10-90 percentile<br>1.3 to 2.5 kPa","Historical daily maximum<br>3.4 kPa<br>1989-07-31","DATE: Jul-31</b><br>Normal: 1.9 kPa<br>Period: 1991-2020","4010879","BROADVIEW",1967,2026
"08-01","TMAX",2001-08-01,25.4433333333333,13.6,34.7,4.07918884206105,21.29,22.2,28.125,29.05,28.3,"","4010879",2855,"BROADVIEW",8,1989-08-01,"DATE: Aug-01<br>Value: 28.3 °C<br>Anomaly: +2.9 °C<br>Weather station: ","DATE: Aug-01<br><b>Maximum temperature</b><br>10-90 percentile<br>21.3 to 29.0 °C","Historical daily maximum<br>34.7 °C<br>1989-08-01","DATE: Aug-01</b><br>Normal: 25.4 °C<br>Period: 1991-2020","4010879","BROADVIEW",1967,2026
"08-01","TMIN",2001-08-01,10.5533333333333,4.5,17.5,3.51790820814295,6.52,7.475,12.7,14.59,15.5,"","4010879",2855,"BROADVIEW",8,2005-08-01,"DATE: Aug-01<br>Value: 15.5 °C<br>Anomaly: +4.9 °C<br>Weather station: ","DATE: Aug-01<br><b>Minimum temperature</b><br>10-90 percentile<br>6.5 to 14.6 °C","Historical daily maximum<br>17.5 °C<br>2005-08-01","DATE: Aug-01</b><br>Normal: 10.6 °C<br>Period: 1991-2020","4010879","BROADVIEW",1967,2026
"08-01","VPD",2001-08-01,2.02688271502638,0.715248596282657,3.53013099104234,0.645042097565196,1.39387433085252,1.65902036723054,2.35571429100686,2.83614235612603,2.08543847426846,"","4010879",2855,"BROADVIEW",8,1989-08-01,"DATE: Aug-01<br>Value: 2.1 kPa<br>Anomaly: +0.1 kPa<br>Weather station: ","DATE: Aug-01<br><b>Vapour pressure deficit</b><br>10-90 percentile<br>1.4 to 2.8 kPa","Historical daily maximum<br>3.5 kPa<br>1989-08-01","DATE: Aug-01</b><br>Normal: 2.0 kPa<br>Period: 1991-2020","4010879","BROADVIEW",1967,2026
"08-02","TMAX",2001-08-02,24.3133333333333,14.7,32,4.02866738755388,19.68,22.225,27.175,28.41,25.9,"","4010879",2855,"BROADVIEW",8,1989-08-02,"DATE: Aug-02<br>Value: 25.9 °C<br>Anomaly: +1.6 °C<br>Weather station: ","DATE: Aug-02<br><b>Maximum temperature</b><br>10-90 percentile<br>19.7 to 28.4 °C","Historical daily maximum<br>32.0 °C<br>1989-08-02","DATE: Aug-02</b><br>Normal: 24.3 °C<br>Period: 1991-2020","4010879","BROADVIEW",1967,2026
"08-02","TMIN",2001-08-02,10.49,1.9,16.7,3.57552503981511,6.27,8.725,13.25,14.87,13,"","4010879",2855,"BROADVIEW",8,1998-08-02,"DATE: Aug-02<br>Value: 13.0 °C<br>Anomaly: +2.5 °C<br>Weather station: ","DATE: Aug-02<br><b>Minimum temperature</b><br>10-90 percentile<br>6.3 to 14.9 °C","Historical daily maximum<br>16.7 °C<br>1998-08-02","DATE: Aug-02</b><br>Normal: 10.5 °C<br>Period: 1991-2020","4010879","BROADVIEW",1967,2026
"08-02","VPD",2001-08-02,1.81431939360735,0.493231489811097,2.9824279245876,0.594042667947652,0.877117885697285,1.43051172115013,2.17288124554191,2.44282781923354,1.84384931239094,"","4010879",2855,"BROADVIEW",8,2024-08-02,"DATE: Aug-02<br>Value: 1.8 kPa<br>Anomaly: +0.0 kPa<br>Weather station: ","DATE: Aug-02<br><b>Vapour pressure deficit</b><br>10-90 percentile<br>0.9 to 2.4 kPa","Historical daily maximum<br>3.0 kPa<br>2024-08-02","DATE: Aug-02</b><br>Normal: 1.8 kPa<br>Period: 1991-2020","4010879","BROADVIEW",1967,2026
"08-03","TMAX",2001-08-03,24.3433333333333,16.6,32.7,3.82060505528977,19.51,22.35,26.6,29.22,16.3,"","4010879",2855,"BROADVIEW",8,1983-08-03,"DATE: Aug-03<br>Value: 16.3 °C<br>Anomaly: -8.0 °C<br>Weather station: ","DATE: Aug-03<br><b>Maximum temperature</b><br>10-90 percentile<br>19.5 to 29.2 °C","Historical daily maximum<br>32.7 °C<br>1983-08-03","DATE: Aug-03</b><br>Normal: 24.3 °C<br>Period: 1991-2020","4010879","BROADVIEW",1967,2026
"08-03","TMIN",2001-08-03,10.0433333333333,3.1,16.7,3.91475399617584,5.29,6.675,13.2,15.22,9.2,"","4010879",2855,"BROADVIEW",8,1984-08-03,"DATE: Aug-03<br>Value: 9.2 °C<br>Anomaly: -0.8 °C<br>Weather station: ","DATE: Aug-03<br><b>Minimum temperature</b><br>10-90 percentile<br>5.3 to 15.2 °C","Historical daily maximum<br>16.7 °C<br>1984-08-03","DATE: Aug-03</b><br>Normal: 10.0 °C<br>Period: 1991-2020","4010879","BROADVIEW",1967,2026
"08-03","VPD",2001-08-03,1.84582724753519,0.510758622263515,3.09269612621622,0.61541558670681,1.06247477502134,1.42730024064273,2.16177639013601,2.54017111812321,0.689758085706709,"","4010879",2855,"BROADVIEW",8,1983-08-03,"DATE: Aug-03<br>Value: 0.7 kPa<br>Anomaly: -1.2 kPa<br>Weather station: ","DATE: Aug-03<br><b>Vapour pressure deficit</b><br>10-90 percentile<br>1.1 to 2.5 kPa","Historical daily maximum<br>3.1 kPa<br>1983-08-03","DATE: Aug-03</b><br>Normal: 1.8 kPa<br>Period: 1991-2020","4010879","BROADVIEW",1967,2026
"08-04","TMAX",2001-08-04,23.9413793103448,17.1,30.5,3.36351402568582,19.28,22.4,25.6,27.98,20.5,"","4010879",2855,"BROADVIEW",8,1983-08-04,"DATE: Aug-04<br>Value: 20.5 °C<br>Anomaly: -3.4 °C<br>Weather station: ","DATE: Aug-04<br><b>Maximum temperature</b><br>10-90 percentile<br>19.3 to 28.0 °C","Historical daily maximum<br>30.5 °C<br>1983-08-04","DATE: Aug-04</b><br>Normal: 23.9 °C<br>Period: 1991-2020","4010879","BROADVIEW",1967,2026
"08-04","TMIN",2001-08-04,10.17,2.1,19,3.6184536609651,6.37,7.575,12.175,13.74,7.7,"","4010879",2855,"BROADVIEW",8,2001-08-04,"DATE: Aug-04<br>Value: 7.7 °C<br>Anomaly: -2.5 °C<br>Weather station: ","DATE: Aug-04<br><b>Minimum temperature</b><br>10-90 percentile<br>6.4 to 13.7 °C","Historical daily maximum<br>19.0 °C<br>2001-08-04","DATE: Aug-04</b><br>Normal: 10.2 °C<br>Period: 1991-2020","4010879","BROADVIEW",1967,2026
"08-04","VPD",2001-08-04,1.75550255490644,0.869628530383619,2.80870097944016,0.501507722943525,0.978700405004225,1.41064394798386,2.02437603146703,2.37263220185746,1.36059542323836,"","4010879",2855,"BROADVIEW",8,1983-08-04,"DATE: Aug-04<br>Value: 1.4 kPa<br>Anomaly: -0.4 kPa<br>Weather station: ","DATE: Aug-04<br><b>Vapour pressure deficit</b><br>10-90 percentile<br>1.0 to 2.4 kPa","Historical daily maximum<br>2.8 kPa<br>1983-08-04","DATE: Aug-04</b><br>Normal: 1.8 kPa<br>Period: 1991-2020","4010879","BROADVIEW",1967,2026
"08-05","TMAX",2001-08-05,24.8724137931034,20,33.5,3.25322878644368,21.34,23,26.3,28.72,22.9,"","4010879",2855,"BROADVIEW",8,1988-08-05,"DATE: Aug-05<br>Value: 22.9 °C<br>Anomaly: -2.0 °C<br>Weather station: ","DATE: Aug-05<br><b>Maximum temperature</b><br>10-90 percentile<br>21.3 to 28.7 °C","Historical daily maximum<br>33.5 °C<br>1988-08-05","DATE: Aug-05</b><br>Normal: 24.9 °C<br>Period: 1991-2020","4010879","BROADVIEW",1967,2026
"08-05","TMIN",2001-08-05,10.7655172413793,4.3,17.8,3.14020880357489,6.76,9.2,12.9,13.96,10.2,"","4010879",2855,"BROADVIEW",8,1984-08-05,"DATE: Aug-05<br>Value: 10.2 °C<br>Anomaly: -0.6 °C<br>Weather station: ","DATE: Aug-05<br><b>Minimum temperature</b><br>10-90 percentile<br>6.8 to 14.0 °C","Historical daily maximum<br>17.8 °C<br>1984-08-05","DATE: Aug-05</b><br>Normal: 10.8 °C<br>Period: 1991-2020","4010879","BROADVIEW",1967,2026
"08-05","VPD",2001-08-05,1.8793204918675,1.02135288556939,3.77199743761688,0.58800641792386,1.23848524846851,1.50732294537593,2.08242887192241,2.34580071877089,1.54797261082296,"","4010879",2855,"BROADVIEW",8,2005-08-05,"DATE: Aug-05<br>Value: 1.5 kPa<br>Anomaly: -0.3 kPa<br>Weather station: ","DATE: Aug-05<br><b>Vapour pressure deficit</b><br>10-90 percentile<br>1.2 to 2.3 kPa","Historical daily maximum<br>3.8 kPa<br>2005-08-05","DATE: Aug-05</b><br>Normal: 1.9 kPa<br>Period: 1991-2020","4010879","BROADVIEW",1967,2026
"08-06","TMAX",2001-08-06,24.8448275862069,17.3,35.4,4.54356579657247,18.84,22.1,27.4,30.98,22.6,NA,"4010879",2855,"BROADVIEW",8,1988-08-06,"DATE: Aug-06<br>Value: 22.6 °C<br>Anomaly: -2.2 °C<br>Weather station: NA","DATE: Aug-06<br><b>Maximum temperature</b><br>10-90 percentile<br>18.8 to 31.0 °C","Historical daily maximum<br>35.4 °C<br>1988-08-06","DATE: Aug-06</b><br>Normal: 24.8 °C<br>Period: 1991-2020","4010879","BROADVIEW",1967,2026
"08-06","TMIN",2001-08-06,10.98,3.7,20.2,3.44957768529664,6.75,8.6,13.05,14.55,10.3,NA,"4010879",2855,"BROADVIEW",8,1995-08-06,"DATE: Aug-06<br>Value: 10.3 °C<br>Anomaly: -0.7 °C<br>Weather station: NA","DATE: Aug-06<br><b>Minimum temperature</b><br>10-90 percentile<br>6.8 to 14.6 °C","Historical daily maximum<br>20.2 °C<br>1995-08-06","DATE: Aug-06</b><br>Normal: 11.0 °C<br>Period: 1991-2020","4010879","BROADVIEW",1967,2026
"08-06","VPD",2001-08-06,1.89987663674696,0.457398135592492,3.38079919120308,0.820221903271444,0.857464012974491,1.47303405064323,2.38082695343894,3.10444139509153,1.48931278575627,NA,"4010879",2855,"BROADVIEW",8,1988-08-06,"DATE: Aug-06<br>Value: 1.5 kPa<br>Anomaly: -0.4 kPa<br>Weather station: NA","DATE: Aug-06<br><b>Vapour pressure deficit</b><br>10-90 percentile<br>0.9 to 3.1 kPa","Historical daily maximum<br>3.4 kPa<br>1988-08-06","DATE: Aug-06</b><br>Normal: 1.9 kPa<br>Period: 1991-2020","4010879","BROADVIEW",1967,2026
"08-07","TMAX",2001-08-07,25.8689655172414,16.6,34.5,5.15302293029995,18.5,21.4,29.2,32.68,NA,NA,NA,NA,NA,8,1971-08-07,"","DATE: Aug-07<br><b>Maximum temperature</b><br>10-90 percentile<br>18.5 to 32.7 °C","Historical daily maximum<br>34.5 °C<br>1971-08-07","DATE: Aug-07</b><br>Normal: 25.9 °C<br>Period: 1991-2020","4010879","BROADVIEW",1967,2026
"08-07","TMIN",2001-08-07,11.7586206896552,5.2,19.5,3.64285183038345,6.98,9.4,13.9,16.32,NA,NA,NA,NA,NA,8,1998-08-07,"","DATE: Aug-07<br><b>Minimum temperature</b><br>10-90 percentile<br>7.0 to 16.3 °C","Historical daily maximum<br>19.5 °C<br>1998-08-07","DATE: Aug-07</b><br>Normal: 11.8 °C<br>Period: 1991-2020","4010879","BROADVIEW",1967,2026
"08-07","VPD",2001-08-07,2.05131192763776,0.572198962220855,3.93884599368249,0.967021235071504,0.861055435911206,1.12760237748848,2.57755191822668,3.35726435346027,NA,NA,NA,NA,NA,8,2005-08-07,"","DATE: Aug-07<br><b>Vapour pressure deficit</b><br>10-90 percentile<br>0.9 to 3.4 kPa","Historical daily maximum<br>3.9 kPa<br>2005-08-07","DATE: Aug-07</b><br>Normal: 2.1 kPa<br>Period: 1991-2020","4010879","BROADVIEW",1967,2026
"08-08","TMAX",2001-08-08,24.7931034482759,17.4,33.4,4.35233361333588,19.24,22,28.4,29.18,NA,NA,NA,NA,NA,8,2003-08-08,"","DATE: Aug-08<br><b>Maximum temperature</b><br>10-90 percentile<br>19.2 to 29.2 °C","Historical daily maximum<br>33.4 °C<br>2003-08-08","DATE: Aug-08</b><br>Normal: 24.8 °C<br>Period: 1991-2020","4010879","BROADVIEW",1967,2026
"08-08","TMIN",2001-08-08,12,1.7,16.8,3.46296734855281,8.18,10.3,14.3,16.26,NA,NA,NA,NA,NA,8,2016-08-08,"","DATE: Aug-08<br><b>Minimum temperature</b><br>10-90 percentile<br>8.2 to 16.3 °C","Historical daily maximum<br>16.8 °C<br>2016-08-08","DATE: Aug-08</b><br>Normal: 12.0 °C<br>Period: 1991-2020","4010879","BROADVIEW",1967,2026
"08-08","VPD",2001-08-08,1.7866597290206,0.79380280323386,3.31417927720543,0.702062174402223,0.977134851254219,1.30174927176778,2.23886977567849,2.6200796791927,NA,NA,NA,NA,NA,8,1971-08-08,"","DATE: Aug-08<br><b>Vapour pressure deficit</b><br>10-90 percentile<br>1.0 to 2.6 kPa","Historical daily maximum<br>3.3 kPa<br>1971-08-08","DATE: Aug-08</b><br>Normal: 1.8 kPa<br>Period: 1991-2020","4010879","BROADVIEW",1967,2026
"08-09","TMAX",2001-08-09,23.9066666666667,14.1,31.1,4.44824129007326,19.21,20.975,27.8,28.79,NA,NA,NA,NA,NA,8,1989-08-09,"","DATE: Aug-09<br><b>Maximum temperature</b><br>10-90 percentile<br>19.2 to 28.8 °C","Historical daily maximum<br>31.1 °C<br>1989-08-09","DATE: Aug-09</b><br>Normal: 23.9 °C<br>Period: 1991-2020","4010879","BROADVIEW",1967,2026
"08-09","TMIN",2001-08-09,10.5166666666667,5.9,15.2,2.78544038904435,6.6,7.7,12.575,13.82,NA,NA,NA,NA,NA,8,1983-08-09,"","DATE: Aug-09<br><b>Minimum temperature</b><br>10-90 percentile<br>6.6 to 13.8 °C","Historical daily maximum<br>15.2 °C<br>1983-08-09","DATE: Aug-09</b><br>Normal: 10.5 °C<br>Period: 1991-2020","4010879","BROADVIEW",1967,2026
"08-09","VPD",2001-08-09,1.76499290476322,0.364491283786234,3.35456781990467,0.723797395904221,0.914408755852257,1.30487454190133,2.27683856560404,2.61627189518424,NA,NA,NA,NA,NA,8,1989-08-09,"","DATE: Aug-09<br><b>Vapour pressure deficit</b><br>10-90 percentile<br>0.9 to 2.6 kPa","Historical daily maximum<br>3.4 kPa<br>1989-08-09","DATE: Aug-09</b><br>Normal: 1.8 kPa<br>Period: 1991-2020","4010879","BROADVIEW",1967,2026
"08-10","TMAX",2001-08-10,24.7466666666667,14.6,34.4,4.8455975990536,19.16,20.55,28.175,29.75,NA,NA,NA,NA,NA,8,1969-08-10,"","DATE: Aug-10<br><b>Maximum temperature</b><br>10-90 percentile<br>19.2 to 29.8 °C","Historical daily maximum<br>34.4 °C<br>1969-08-10","DATE: Aug-10</b><br>Normal: 24.7 °C<br>Period: 1991-2020","4010879","BROADVIEW",1967,2026
"08-10","TMIN",2001-08-10,10.7666666666667,4.5,16.9,3.17786887311491,7.28,8.425,13.475,14.33,NA,NA,NA,NA,NA,8,2000-08-10,"","DATE: Aug-10<br><b>Minimum temperature</b><br>10-90 percentile<br>7.3 to 14.3 °C","Historical daily maximum<br>16.9 °C<br>2000-08-10","DATE: Aug-10</b><br>Normal: 10.8 °C<br>Period: 1991-2020","4010879","BROADVIEW",1967,2026
"08-10","VPD",2001-08-10,1.91186661216987,0.589153554912272,4.12616499881845,0.797730320110289,0.790522200715695,1.46625047555906,2.40490871199012,2.68032065096732,NA,NA,NA,NA,NA,8,1978-08-10,"","DATE: Aug-10<br><b>Vapour pressure deficit</b><br>10-90 percentile<br>0.8 to 2.7 kPa","Historical daily maximum<br>4.1 kPa<br>1978-08-10","DATE: Aug-10</b><br>Normal: 1.9 kPa<br>Period: 1991-2020","4010879","BROADVIEW",1967,2026
"08-11","TMAX",2001-08-11,24.9466666666667,16.1,39.4,5.13377815657431,19.1,21.9,27,31.38,NA,NA,NA,NA,NA,8,2018-08-11,"","DATE: Aug-11<br><b>Maximum temperature</b><br>10-90 percentile<br>19.1 to 31.4 °C","Historical daily maximum<br>39.4 °C<br>2018-08-11","DATE: Aug-11</b><br>Normal: 24.9 °C<br>Period: 1991-2020","4010879","BROADVIEW",1967,2026
"08-11","TMIN",2001-08-11,10.65,4.7,18.2,3.84723366804666,4.8,8,13.15,15.64,NA,NA,NA,NA,NA,8,2000-08-11,"","DATE: Aug-11<br><b>Minimum temperature</b><br>10-90 percentile<br>4.8 to 15.6 °C","Historical daily maximum<br>18.2 °C<br>2000-08-11","DATE: Aug-11</b><br>Normal: 10.6 °C<br>Period: 1991-2020","4010879","BROADVIEW",1967,2026
"08-11","VPD",2001-08-11,1.97199109836932,0.845143788434846,5.32471058176173,0.902503409402079,0.965005267434016,1.49593204332829,2.19060482730007,3.01066914328216,NA,NA,NA,NA,NA,8,2018-08-11,"","DATE: Aug-11<br><b>Vapour pressure deficit</b><br>10-90 percentile<br>1.0 to 3.0 kPa","Historical daily maximum<br>5.3 kPa<br>2018-08-11","DATE: Aug-11</b><br>Normal: 2.0 kPa<br>Period: 1991-2020","4010879","BROADVIEW",1967,2026
"08-12","TMAX",2001-08-12,24.1566666666667,15.1,34.9,4.87942077776008,19.31,20.725,26.975,30.42,NA,NA,NA,NA,NA,8,2018-08-12,"","DATE: Aug-12<br><b>Maximum temperature</b><br>10-90 percentile<br>19.3 to 30.4 °C","Historical daily maximum<br>34.9 °C<br>2018-08-12","DATE: Aug-12</b><br>Normal: 24.2 °C<br>Period: 1991-2020","4010879","BROADVIEW",1967,2026
"08-12","TMIN",2001-08-12,9.91,2.1,19.1,3.9440352170212,4.86,7,11.7,15.28,NA,NA,NA,NA,NA,8,2003-08-12,"","DATE: Aug-12<br><b>Minimum temperature</b><br>10-90 percentile<br>4.9 to 15.3 °C","Historical daily maximum<br>19.1 °C<br>2003-08-12","DATE: Aug-12</b><br>Normal: 9.9 °C<br>Period: 1991-2020","4010879","BROADVIEW",1967,2026
"08-12","VPD",2001-08-12,1.86828693430367,0.446639516407756,3.77339198767342,0.737474268259814,1.04968583731263,1.36727264539969,2.23822920362821,2.74289875919656,NA,NA,NA,NA,NA,8,2018-08-12,"","DATE: Aug-12<br><b>Vapour pressure deficit</b><br>10-90 percentile<br>1.0 to 2.7 kPa","Historical daily maximum<br>3.8 kPa<br>2018-08-12","DATE: Aug-12</b><br>Normal: 1.9 kPa<br>Period: 1991-2020","4010879","BROADVIEW",1967,2026
"08-13","TMAX",2001-08-13,23.66,17.2,32.8,3.6695015164611,19.55,21.075,25.375,28.77,NA,NA,NA,NA,NA,8,1984-08-13,"","DATE: Aug-13<br><b>Maximum temperature</b><br>10-90 percentile<br>19.6 to 28.8 °C","Historical daily maximum<br>32.8 °C<br>1984-08-13","DATE: Aug-13</b><br>Normal: 23.7 °C<br>Period: 1991-2020","4010879","BROADVIEW",1967,2026
"08-13","TMIN",2001-08-13,9.60666666666667,3.6,19,3.56679449765553,4.59,7.225,11.675,13.01,NA,NA,NA,NA,NA,8,2003-08-13,"","DATE: Aug-13<br><b>Minimum temperature</b><br>10-90 percentile<br>4.6 to 13.0 °C","Historical daily maximum<br>19.0 °C<br>2003-08-13","DATE: Aug-13</b><br>Normal: 9.6 °C<br>Period: 1991-2020","4010879","BROADVIEW",1967,2026
"08-13","VPD",2001-08-13,1.75948991209311,0.709557894083702,2.82949126284715,0.564957061500293,1.12421067247314,1.36201956856511,2.15121101071568,2.51084145310634,NA,NA,NA,NA,NA,8,1970-08-13,"","DATE: Aug-13<br><b>Vapour pressure deficit</b><br>10-90 percentile<br>1.1 to 2.5 kPa","Historical daily maximum<br>2.8 kPa<br>1970-08-13","DATE: Aug-13</b><br>Normal: 1.8 kPa<br>Period: 1991-2020","4010879","BROADVIEW",1967,2026
"08-14","TMAX",2001-08-14,25.0066666666667,16.3,36.4,4.33811760649894,20.62,22.375,28.15,29.21,NA,NA,NA,NA,NA,8,2015-08-14,"","DATE: Aug-14<br><b>Maximum temperature</b><br>10-90 percentile<br>20.6 to 29.2 °C","Historical daily maximum<br>36.4 °C<br>2015-08-14","DATE: Aug-14</b><br>Normal: 25.0 °C<br>Period: 1991-2020","4010879","BROADVIEW",1967,2026
"08-14","TMIN",2001-08-14,10.3633333333333,5.3,17.4,3.27608716709992,6.49,8.05,12.65,15.35,NA,NA,NA,NA,NA,8,2014-08-14,"","DATE: Aug-14<br><b>Minimum temperature</b><br>10-90 percentile<br>6.5 to 15.4 °C","Historical daily maximum<br>17.4 °C<br>2014-08-14","DATE: Aug-14</b><br>Normal: 10.4 °C<br>Period: 1991-2020","4010879","BROADVIEW",1967,2026
"08-14","VPD",2001-08-14,1.97623993002869,0.384792207269251,4.27744170809067,0.772386874564262,1.03600124326606,1.42831452955956,2.44095041174376,2.77452071122404,NA,NA,NA,NA,NA,8,2021-08-14,"","DATE: Aug-14<br><b>Vapour pressure deficit</b><br>10-90 percentile<br>1.0 to 2.8 kPa","Historical daily maximum<br>4.3 kPa<br>2021-08-14","DATE: Aug-14</b><br>Normal: 2.0 kPa<br>Period: 1991-2020","4010879","BROADVIEW",1967,2026
"08-15","TMAX",2001-08-15,24.7266666666667,15.4,33.4,4.70772903252494,18.49,21.05,28.1,31.06,NA,NA,NA,NA,NA,8,2003-08-15,"","DATE: Aug-15<br><b>Maximum temperature</b><br>10-90 percentile<br>18.5 to 31.1 °C","Historical daily maximum<br>33.4 °C<br>2003-08-15","DATE: Aug-15</b><br>Normal: 24.7 °C<br>Period: 1991-2020","4010879","BROADVIEW",1967,2026
"08-15","TMIN",2001-08-15,10.33,4,16,2.84849022321021,7.18,9.05,12.75,13.31,NA,NA,NA,NA,NA,8,2022-08-15,"","DATE: Aug-15<br><b>Minimum temperature</b><br>10-90 percentile<br>7.2 to 13.3 °C","Historical daily maximum<br>16.0 °C<br>2022-08-15","DATE: Aug-15</b><br>Normal: 10.3 °C<br>Period: 1991-2020","4010879","BROADVIEW",1967,2026
"08-15","VPD",2001-08-15,1.94627712891536,0.319210402478775,3.64634161887495,0.866736928990401,0.921966228805307,1.35266828641077,2.41192940329849,3.41860989733777,NA,NA,NA,NA,NA,8,2003-08-15,"","DATE: Aug-15<br><b>Vapour pressure deficit</b><br>10-90 percentile<br>0.9 to 3.4 kPa","Historical daily maximum<br>3.6 kPa<br>2003-08-15","DATE: Aug-15</b><br>Normal: 1.9 kPa<br>Period: 1991-2020","4010879","BROADVIEW",1967,2026
"08-16","TMAX",2001-08-16,23.1733333333333,14.9,34.1,4.47644666143177,18.52,19.9,26.7,28.16,NA,NA,NA,NA,NA,8,2021-08-16,"","DATE: Aug-16<br><b>Maximum temperature</b><br>10-90 percentile<br>18.5 to 28.2 °C","Historical daily maximum<br>34.1 °C<br>2021-08-16","DATE: Aug-16</b><br>Normal: 23.2 °C<br>Period: 1991-2020","4010879","BROADVIEW",1967,2026
"08-16","TMIN",2001-08-16,10.04,1.4,14.8,3.01451660218145,5.98,8.55,12.125,13.33,NA,NA,NA,NA,NA,8,2022-08-16,"","DATE: Aug-16<br><b>Minimum temperature</b><br>10-90 percentile<br>6.0 to 13.3 °C","Historical daily maximum<br>14.8 °C<br>2022-08-16","DATE: Aug-16</b><br>Normal: 10.0 °C<br>Period: 1991-2020","4010879","BROADVIEW",1967,2026
"08-16","VPD",2001-08-16,1.6778994209631,0.546337559831422,3.7503440271843,0.776862083567156,0.801627309701674,1.08743104768386,2.33059873953128,2.68907196041146,NA,NA,NA,NA,NA,8,2021-08-16,"","DATE: Aug-16<br><b>Vapour pressure deficit</b><br>10-90 percentile<br>0.8 to 2.7 kPa","Historical daily maximum<br>3.8 kPa<br>2021-08-16","DATE: Aug-16</b><br>Normal: 1.7 kPa<br>Period: 1991-2020","4010879","BROADVIEW",1967,2026
"08-17","TMAX",2001-08-17,23.4733333333333,15.5,34.2,4.44149193117725,18.25,20.3,25.675,29.32,NA,NA,NA,NA,NA,8,2003-08-17,"","DATE: Aug-17<br><b>Maximum temperature</b><br>10-90 percentile<br>18.2 to 29.3 °C","Historical daily maximum<br>34.2 °C<br>2003-08-17","DATE: Aug-17</b><br>Normal: 23.5 °C<br>Period: 1991-2020","4010879","BROADVIEW",1967,2026
"08-17","TMIN",2001-08-17,9.85,2.5,18.3,3.51888991116468,5.08,7.825,11.6,14.3,NA,NA,NA,NA,NA,8,1973-08-17,"","DATE: Aug-17<br><b>Minimum temperature</b><br>10-90 percentile<br>5.1 to 14.3 °C","Historical daily maximum<br>18.3 °C<br>1973-08-17","DATE: Aug-17</b><br>Normal: 9.8 °C<br>Period: 1991-2020","4010879","BROADVIEW",1967,2026
"08-17","VPD",2001-08-17,1.73520002149346,0.882604044831526,3.27553612815272,0.668257775839637,0.940280049762831,1.19838351568459,2.05539753177514,2.55473248873168,NA,NA,NA,NA,NA,8,2003-08-17,"","DATE: Aug-17<br><b>Vapour pressure deficit</b><br>10-90 percentile<br>0.9 to 2.6 kPa","Historical daily maximum<br>3.3 kPa<br>2003-08-17","DATE: Aug-17</b><br>Normal: 1.7 kPa<br>Period: 1991-2020","4010879","BROADVIEW",1967,2026
"08-18","TMAX",2001-08-18,23.3133333333333,13.6,33.2,4.3875005321413,17.55,20.525,25.275,28.27,NA,NA,NA,NA,NA,8,1983-08-18,"","DATE: Aug-18<br><b>Maximum temperature</b><br>10-90 percentile<br>17.6 to 28.3 °C","Historical daily maximum<br>33.2 °C<br>1983-08-18","DATE: Aug-18</b><br>Normal: 23.3 °C<br>Period: 1991-2020","4010879","BROADVIEW",1967,2026
"08-18","TMIN",2001-08-18,9.24666666666667,3.3,15,3.28630736419374,4.07,6.975,11.475,13.26,NA,NA,NA,NA,NA,8,2018-08-18,"","DATE: Aug-18<br><b>Minimum temperature</b><br>10-90 percentile<br>4.1 to 13.3 °C","Historical daily maximum<br>15.0 °C<br>2018-08-18","DATE: Aug-18</b><br>Normal: 9.2 °C<br>Period: 1991-2020","4010879","BROADVIEW",1967,2026
"08-18","VPD",2001-08-18,1.75724081031851,0.615975219792277,3.57925659661041,0.693772255737256,1.03783756414728,1.37435963950813,2.08211652656979,2.36884319025296,NA,NA,NA,NA,NA,8,1983-08-18,"","DATE: Aug-18<br><b>Vapour pressure deficit</b><br>10-90 percentile<br>1.0 to 2.4 kPa","Historical daily maximum<br>3.6 kPa<br>1983-08-18","DATE: Aug-18</b><br>Normal: 1.8 kPa<br>Period: 1991-2020","4010879","BROADVIEW",1967,2026
"08-19","TMAX",2001-08-19,24.3933333333333,15.4,34.8,5.00606069461417,19.25,21.3,27.075,31.4,NA,NA,NA,NA,NA,8,2020-08-19,"","DATE: Aug-19<br><b>Maximum temperature</b><br>10-90 percentile<br>19.2 to 31.4 °C","Historical daily maximum<br>34.8 °C<br>2020-08-19","DATE: Aug-19</b><br>Normal: 24.4 °C<br>Period: 1991-2020","4010879","BROADVIEW",1967,2026
"08-19","TMIN",2001-08-19,9.86333333333333,1.9,15.2,3.21563886861279,6.35,7.725,12.275,13.24,NA,NA,NA,NA,NA,8,1984-08-19,"","DATE: Aug-19<br><b>Minimum temperature</b><br>10-90 percentile<br>6.4 to 13.2 °C","Historical daily maximum<br>15.2 °C<br>1984-08-19","DATE: Aug-19</b><br>Normal: 9.9 °C<br>Period: 1991-2020","4010879","BROADVIEW",1967,2026
"08-19","VPD",2001-08-19,1.93471331789337,0.648483345964482,4.08253631647785,0.866768130736688,1.10485211246525,1.236607117742,2.36094788254381,3.08607296384675,NA,NA,NA,NA,NA,8,2020-08-19,"","DATE: Aug-19<br><b>Vapour pressure deficit</b><br>10-90 percentile<br>1.1 to 3.1 kPa","Historical daily maximum<br>4.1 kPa<br>2020-08-19","DATE: Aug-19</b><br>Normal: 1.9 kPa<br>Period: 1991-2020","4010879","BROADVIEW",1967,2026
"08-20","TMAX",2001-08-20,23.98,17,30.9,3.73505297012709,20.2,20.85,26.975,28.98,NA,NA,NA,NA,NA,8,1969-08-20,"","DATE: Aug-20<br><b>Maximum temperature</b><br>10-90 percentile<br>20.2 to 29.0 °C","Historical daily maximum<br>30.9 °C<br>1969-08-20","DATE: Aug-20</b><br>Normal: 24.0 °C<br>Period: 1991-2020","4010879","BROADVIEW",1967,2026
"08-20","TMIN",2001-08-20,9.07333333333333,-2.9,16.5,3.78061601743213,4.83,8,11.075,12.96,NA,NA,NA,NA,NA,8,2025-08-20,"","DATE: Aug-20<br><b>Minimum temperature</b><br>10-90 percentile<br>4.8 to 13.0 °C","Historical daily maximum<br>16.5 °C<br>2025-08-20","DATE: Aug-20</b><br>Normal: 9.1 °C<br>Period: 1991-2020","4010879","BROADVIEW",1967,2026
"08-20","VPD",2001-08-20,1.86019988068998,0.960891116294344,3.0147578416128,0.546280598133449,1.29311148053155,1.49694200177471,2.26108072725816,2.58292301416922,NA,NA,NA,NA,NA,8,1971-08-20,"","DATE: Aug-20<br><b>Vapour pressure deficit</b><br>10-90 percentile<br>1.3 to 2.6 kPa","Historical daily maximum<br>3.0 kPa<br>1971-08-20","DATE: Aug-20</b><br>Normal: 1.9 kPa<br>Period: 1991-2020","4010879","BROADVIEW",1967,2026
"08-21","TMAX",2001-08-21,24.1566666666667,16.5,30.2,3.27389711183027,20.85,21.7,27.075,28.41,NA,NA,NA,NA,NA,8,1969-08-21,"","DATE: Aug-21<br><b>Maximum temperature</b><br>10-90 percentile<br>20.8 to 28.4 °C","Historical daily maximum<br>30.2 °C<br>1969-08-21","DATE: Aug-21</b><br>Normal: 24.2 °C<br>Period: 1991-2020","4010879","BROADVIEW",1967,2026
"08-21","TMIN",2001-08-21,8.19666666666667,2,14.4,3.62838268647895,2.88,6,10.95,12.5,NA,NA,NA,NA,NA,8,1969-08-21,"","DATE: Aug-21<br><b>Minimum temperature</b><br>10-90 percentile<br>2.9 to 12.5 °C","Historical daily maximum<br>14.4 °C<br>1969-08-21","DATE: Aug-21</b><br>Normal: 8.2 °C<br>Period: 1991-2020","4010879","BROADVIEW",1967,2026
"08-21","VPD",2001-08-21,1.94543743565205,0.908194159223616,2.8874571776317,0.528003417258255,1.22671585527896,1.56100835773183,2.31881119739352,2.67253214557363,NA,NA,NA,NA,NA,8,1971-08-21,"","DATE: Aug-21<br><b>Vapour pressure deficit</b><br>10-90 percentile<br>1.2 to 2.7 kPa","Historical daily maximum<br>2.9 kPa<br>1971-08-21","DATE: Aug-21</b><br>Normal: 1.9 kPa<br>Period: 1991-2020","4010879","BROADVIEW",1967,2026
"08-22","TMAX",2001-08-22,23.9333333333333,13,33.5,5.38275236180393,15.93,21,27.025,30.8,NA,NA,NA,NA,NA,8,2016-08-22,"","DATE: Aug-22<br><b>Maximum temperature</b><br>10-90 percentile<br>15.9 to 30.8 °C","Historical daily maximum<br>33.5 °C<br>2016-08-22","DATE: Aug-22</b><br>Normal: 23.9 °C<br>Period: 1991-2020","4010879","BROADVIEW",1967,2026
"08-22","TMIN",2001-08-22,10.1366666666667,2.6,17.9,3.54025942292499,6.14,8.2,12.5,13.83,NA,NA,NA,NA,NA,8,2010-08-22,"","DATE: Aug-22<br><b>Minimum temperature</b><br>10-90 percentile<br>6.1 to 13.8 °C","Historical daily maximum<br>17.9 °C<br>2010-08-22","DATE: Aug-22</b><br>Normal: 10.1 °C<br>Period: 1991-2020","4010879","BROADVIEW",1967,2026
"08-22","VPD",2001-08-22,1.83280272870852,0.487018422372115,3.92008362246731,0.987262624130231,0.587626211810289,0.88071704264155,2.46837429140746,3.33004127173838,NA,NA,NA,NA,NA,8,2016-08-22,"","DATE: Aug-22<br><b>Vapour pressure deficit</b><br>10-90 percentile<br>0.6 to 3.3 kPa","Historical daily maximum<br>3.9 kPa<br>2016-08-22","DATE: Aug-22</b><br>Normal: 1.8 kPa<br>Period: 1991-2020","4010879","BROADVIEW",1967,2026
"08-23","TMAX",2001-08-23,23.82,8.1,34.7,6.57096014608058,13.78,20.075,28.675,31.16,NA,NA,NA,NA,NA,8,1976-08-23,"","DATE: Aug-23<br><b>Maximum temperature</b><br>10-90 percentile<br>13.8 to 31.2 °C","Historical daily maximum<br>34.7 °C<br>1976-08-23","DATE: Aug-23</b><br>Normal: 23.8 °C<br>Period: 1991-2020","4010879","BROADVIEW",1967,2026
"08-23","TMIN",2001-08-23,10.6166666666667,4.6,16.8,3.18185408249638,6.09,9.225,12.625,14.29,NA,NA,NA,NA,NA,8,1976-08-23,"","DATE: Aug-23<br><b>Minimum temperature</b><br>10-90 percentile<br>6.1 to 14.3 °C","Historical daily maximum<br>16.8 °C<br>1976-08-23","DATE: Aug-23</b><br>Normal: 10.6 °C<br>Period: 1991-2020","4010879","BROADVIEW",1967,2026
"08-23","VPD",2001-08-23,1.83319610470129,0.219889713161145,3.81376155824035,0.964513852070436,0.366323069906518,1.18474149533014,2.50801747153507,2.90500597072856,NA,NA,NA,NA,NA,8,1989-08-23,"","DATE: Aug-23<br><b>Vapour pressure deficit</b><br>10-90 percentile<br>0.4 to 2.9 kPa","Historical daily maximum<br>3.8 kPa<br>1989-08-23","DATE: Aug-23</b><br>Normal: 1.8 kPa<br>Period: 1991-2020","4010879","BROADVIEW",1967,2026
"08-24","TMAX",2001-08-24,23.44,10.4,30,5.48210883158838,16.9,19.275,27.925,29.23,NA,NA,NA,NA,NA,8,1984-08-24,"","DATE: Aug-24<br><b>Maximum temperature</b><br>10-90 percentile<br>16.9 to 29.2 °C","Historical daily maximum<br>30.0 °C<br>1984-08-24","DATE: Aug-24</b><br>Normal: 23.4 °C<br>Period: 1991-2020","4010879","BROADVIEW",1967,2026
"08-24","TMIN",2001-08-24,9.74666666666667,1.4,15.1,3.43046526786426,4.57,7.825,11.65,13.7,NA,NA,NA,NA,NA,8,1989-08-24,"","DATE: Aug-24<br><b>Minimum temperature</b><br>10-90 percentile<br>4.6 to 13.7 °C","Historical daily maximum<br>15.1 °C<br>1989-08-24","DATE: Aug-24</b><br>Normal: 9.7 °C<br>Period: 1991-2020","4010879","BROADVIEW",1967,2026
"08-24","VPD",2001-08-24,1.77736693040857,0.416839322370756,3.11644128454154,0.771884710729067,0.811979005475088,1.11046125347326,2.33860306572753,2.67909451738183,NA,NA,NA,NA,NA,8,1984-08-24,"","DATE: Aug-24<br><b>Vapour pressure deficit</b><br>10-90 percentile<br>0.8 to 2.7 kPa","Historical daily maximum<br>3.1 kPa<br>1984-08-24","DATE: Aug-24</b><br>Normal: 1.8 kPa<br>Period: 1991-2020","4010879","BROADVIEW",1967,2026
"08-25","TMAX",2001-08-25,23.9566666666667,13.3,32.1,4.85234982772004,17.72,22,26.475,30.52,NA,NA,NA,NA,NA,8,1984-08-25,"","DATE: Aug-25<br><b>Maximum temperature</b><br>10-90 percentile<br>17.7 to 30.5 °C","Historical daily maximum<br>32.1 °C<br>1984-08-25","DATE: Aug-25</b><br>Normal: 24.0 °C<br>Period: 1991-2020","4010879","BROADVIEW",1967,2026
"08-25","TMIN",2001-08-25,9.08,0.2,15.3,3.99079976428544,3.94,6.175,12.35,13.93,NA,NA,NA,NA,NA,8,1981-08-25,"","DATE: Aug-25<br><b>Minimum temperature</b><br>10-90 percentile<br>3.9 to 13.9 °C","Historical daily maximum<br>15.3 °C<br>1981-08-25","DATE: Aug-25</b><br>Normal: 9.1 °C<br>Period: 1991-2020","4010879","BROADVIEW",1967,2026
"08-25","VPD",2001-08-25,1.89168715725077,0.666268680927463,3.57010814368945,0.689790408262006,1.21397986108276,1.35469899679615,2.30615370902059,2.81156224135942,NA,NA,NA,NA,NA,8,1984-08-25,"","DATE: Aug-25<br><b>Vapour pressure deficit</b><br>10-90 percentile<br>1.2 to 2.8 kPa","Historical daily maximum<br>3.6 kPa<br>1984-08-25","DATE: Aug-25</b><br>Normal: 1.9 kPa<br>Period: 1991-2020","4010879","BROADVIEW",1967,2026
"08-26","TMAX",2001-08-26,23.3466666666667,13.8,31.3,4.32847295947653,18.11,20.525,25.525,29.75,NA,NA,NA,NA,NA,8,1984-08-26,"","DATE: Aug-26<br><b>Maximum temperature</b><br>10-90 percentile<br>18.1 to 29.8 °C","Historical daily maximum<br>31.3 °C<br>1984-08-26","DATE: Aug-26</b><br>Normal: 23.3 °C<br>Period: 1991-2020","4010879","BROADVIEW",1967,2026
"08-26","TMIN",2001-08-26,8.73333333333333,1.1,14.2,3.09753331599164,4.93,7.5,10.125,12.62,NA,NA,NA,NA,NA,8,2002-08-26,"","DATE: Aug-26<br><b>Minimum temperature</b><br>10-90 percentile<br>4.9 to 12.6 °C","Historical daily maximum<br>14.2 °C<br>2002-08-26","DATE: Aug-26</b><br>Normal: 8.7 °C<br>Period: 1991-2020","4010879","BROADVIEW",1967,2026
"08-26","VPD",2001-08-26,1.80378793785477,0.374480757963603,3.11252812511302,0.722943588445135,0.823033157223707,1.28379219985293,2.24188364066305,2.94555842197619,NA,NA,NA,NA,NA,8,1971-08-26,"","DATE: Aug-26<br><b>Vapour pressure deficit</b><br>10-90 percentile<br>0.8 to 2.9 kPa","Historical daily maximum<br>3.1 kPa<br>1971-08-26","DATE: Aug-26</b><br>Normal: 1.8 kPa<br>Period: 1991-2020","4010879","BROADVIEW",1967,2026
"08-27","TMAX",2001-08-27,23.7033333333333,16.1,31.6,4.49455481538558,17.18,20.85,26.725,29.57,NA,NA,NA,NA,NA,8,1984-08-27,"","DATE: Aug-27<br><b>Maximum temperature</b><br>10-90 percentile<br>17.2 to 29.6 °C","Historical daily maximum<br>31.6 °C<br>1984-08-27","DATE: Aug-27</b><br>Normal: 23.7 °C<br>Period: 1991-2020","4010879","BROADVIEW",1967,2026
"08-27","TMIN",2001-08-27,9.29333333333333,4.8,15.2,2.65511001568716,5.85,7.125,10.8,12.29,NA,NA,NA,NA,NA,8,1984-08-27,"","DATE: Aug-27<br><b>Minimum temperature</b><br>10-90 percentile<br>5.8 to 12.3 °C","Historical daily maximum<br>15.2 °C<br>1984-08-27","DATE: Aug-27</b><br>Normal: 9.3 °C<br>Period: 1991-2020","4010879","BROADVIEW",1967,2026
"08-27","VPD",2001-08-27,1.8344822088832,0.666268680927463,3.37863278830844,0.779174888437842,0.942575890774907,1.11745396861854,2.52665689278538,2.93777960679316,NA,NA,NA,NA,NA,8,1967-08-27,"","DATE: Aug-27<br><b>Vapour pressure deficit</b><br>10-90 percentile<br>0.9 to 2.9 kPa","Historical daily maximum<br>3.4 kPa<br>1967-08-27","DATE: Aug-27</b><br>Normal: 1.8 kPa<br>Period: 1991-2020","4010879","BROADVIEW",1967,2026
"08-28","TMAX",2001-08-28,23.62,11.3,32.3,5.47668412139291,17.88,20.5,27.3,31.2,NA,NA,NA,NA,NA,8,2001-08-28,"","DATE: Aug-28<br><b>Maximum temperature</b><br>10-90 percentile<br>17.9 to 31.2 °C","Historical daily maximum<br>32.3 °C<br>2001-08-28","DATE: Aug-28</b><br>Normal: 23.6 °C<br>Period: 1991-2020","4010879","BROADVIEW",1967,2026
"08-28","TMIN",2001-08-28,8.31,2.7,17.1,3.49031665394812,4.39,5.75,10.775,12.75,NA,NA,NA,NA,NA,8,1991-08-28,"","DATE: Aug-28<br><b>Minimum temperature</b><br>10-90 percentile<br>4.4 to 12.8 °C","Historical daily maximum<br>17.1 °C<br>1991-08-28","DATE: Aug-28</b><br>Normal: 8.3 °C<br>Period: 1991-2020","4010879","BROADVIEW",1967,2026
"08-28","VPD",2001-08-28,1.9259262163801,0.266353333518722,3.64906938914487,0.811806915226119,1.1792287904792,1.45512187598934,2.32736717473832,3.32480819758055,NA,NA,NA,NA,NA,8,2017-08-28,"","DATE: Aug-28<br><b>Vapour pressure deficit</b><br>10-90 percentile<br>1.2 to 3.3 kPa","Historical daily maximum<br>3.6 kPa<br>2017-08-28","DATE: Aug-28</b><br>Normal: 1.9 kPa<br>Period: 1991-2020","4010879","BROADVIEW",1967,2026
"08-29","TMAX",2001-08-29,23.0566666666667,13.2,34.7,5.08735303665278,15.6,19.675,26.675,29.12,NA,NA,NA,NA,NA,8,1972-08-29,"","DATE: Aug-29<br><b>Maximum temperature</b><br>10-90 percentile<br>15.6 to 29.1 °C","Historical daily maximum<br>34.7 °C<br>1972-08-29","DATE: Aug-29</b><br>Normal: 23.1 °C<br>Period: 1991-2020","4010879","BROADVIEW",1967,2026
"08-29","TMIN",2001-08-29,8.53666666666667,1.5,15.5,3.71655043372706,4.48,6.025,11.75,13.39,NA,NA,NA,NA,NA,8,1981-08-29,"","DATE: Aug-29<br><b>Minimum temperature</b><br>10-90 percentile<br>4.5 to 13.4 °C","Historical daily maximum<br>15.5 °C<br>1981-08-29","DATE: Aug-29</b><br>Normal: 8.5 °C<br>Period: 1991-2020","4010879","BROADVIEW",1967,2026
"08-29","VPD",2001-08-29,1.78963222192939,0.431460953719168,3.91064659551692,0.787544928557369,0.834289328516152,1.27590972937814,2.36378841151062,2.71502899043423,NA,NA,NA,NA,NA,8,1972-08-29,"","DATE: Aug-29<br><b>Vapour pressure deficit</b><br>10-90 percentile<br>0.8 to 2.7 kPa","Historical daily maximum<br>3.9 kPa<br>1972-08-29","DATE: Aug-29</b><br>Normal: 1.8 kPa<br>Period: 1991-2020","4010879","BROADVIEW",1967,2026
"08-30","TMAX",2001-08-30,22.7333333333333,10.7,31.4,5.97969745130934,13.66,19.5,26.475,30.23,NA,NA,NA,NA,NA,8,1983-08-30,"","DATE: Aug-30<br><b>Maximum temperature</b><br>10-90 percentile<br>13.7 to 30.2 °C","Historical daily maximum<br>31.4 °C<br>1983-08-30","DATE: Aug-30</b><br>Normal: 22.7 °C<br>Period: 1991-2020","4010879","BROADVIEW",1967,2026
"08-30","TMIN",2001-08-30,9.04333333333333,0.8,17.2,3.99125624794771,3.9,6.425,11.9,14.57,NA,NA,NA,NA,NA,8,1996-08-30,"","DATE: Aug-30<br><b>Minimum temperature</b><br>10-90 percentile<br>3.9 to 14.6 °C","Historical daily maximum<br>17.2 °C<br>1996-08-30","DATE: Aug-30</b><br>Normal: 9.0 °C<br>Period: 1991-2020","4010879","BROADVIEW",1967,2026
"08-30","VPD",2001-08-30,1.72499528937861,0.242873452889541,3.15467729390292,0.783250913561885,0.700262251123546,1.04859479609564,2.3043876877063,2.641247898641,NA,NA,NA,NA,NA,8,1983-08-30,"","DATE: Aug-30<br><b>Vapour pressure deficit</b><br>10-90 percentile<br>0.7 to 2.6 kPa","Historical daily maximum<br>3.2 kPa<br>1983-08-30","DATE: Aug-30</b><br>Normal: 1.7 kPa<br>Period: 1991-2020","4010879","BROADVIEW",1967,2026
"08-31","TMAX",2001-08-31,22.1566666666667,14.5,31.5,4.76341541719611,16.17,18.4,24.275,28.89,NA,NA,NA,NA,NA,8,1983-08-31,"","DATE: Aug-31<br><b>Maximum temperature</b><br>10-90 percentile<br>16.2 to 28.9 °C","Historical daily maximum<br>31.5 °C<br>1983-08-31","DATE: Aug-31</b><br>Normal: 22.2 °C<br>Period: 1991-2020","4010879","BROADVIEW",1967,2026
"08-31","TMIN",2001-08-31,8.71666666666667,3.2,15.5,3.3934097726413,4.54,5.525,11.375,13.28,NA,NA,NA,NA,NA,8,1983-08-31,"","DATE: Aug-31<br><b>Minimum temperature</b><br>10-90 percentile<br>4.5 to 13.3 °C","Historical daily maximum<br>15.5 °C<br>1983-08-31","DATE: Aug-31</b><br>Normal: 8.7 °C<br>Period: 1991-2020","4010879","BROADVIEW",1967,2026
"08-31","VPD",2001-08-31,1.61495569790951,0.423256536205298,3.16733051503005,0.683553966054171,0.905319213686898,1.20956100324605,2.04356841937241,2.79459377932606,NA,NA,NA,NA,NA,8,1983-08-31,"","DATE: Aug-31<br><b>Vapour pressure deficit</b><br>10-90 percentile<br>0.9 to 2.8 kPa","Historical daily maximum<br>3.2 kPa<br>1983-08-31","DATE: Aug-31</b><br>Normal: 1.6 kPa<br>Period: 1991-2020","4010879","BROADVIEW",1967,2026
"09-01","TMAX",2001-09-01,22.82,9,32.9,5.83363611693664,17.03,19.325,27.175,29.56,NA,NA,NA,NA,NA,9,2022-09-01,"","DATE: Sep-01<br><b>Maximum temperature</b><br>10-90 percentile<br>17.0 to 29.6 °C","Historical daily maximum<br>32.9 °C<br>2022-09-01","DATE: Sep-01</b><br>Normal: 22.8 °C<br>Period: 1991-2020","4010879","BROADVIEW",1967,2026
"09-01","TMIN",2001-09-01,8.40666666666667,1.5,15,3.8112296262975,3.28,6.2,10.35,14.17,NA,NA,NA,NA,NA,9,2007-09-01,"","DATE: Sep-01<br><b>Minimum temperature</b><br>10-90 percentile<br>3.3 to 14.2 °C","Historical daily maximum<br>15.0 °C<br>2007-09-01","DATE: Sep-01</b><br>Normal: 8.4 °C<br>Period: 1991-2020","4010879","BROADVIEW",1967,2026
"09-01","VPD",2001-09-01,1.78805874226927,0.132359785700182,3.30760344330192,0.834099127850816,0.872996405751643,1.22247146892544,2.41244563681316,2.98322891288507,NA,NA,NA,NA,NA,9,2022-09-01,"","DATE: Sep-01<br><b>Vapour pressure deficit</b><br>10-90 percentile<br>0.9 to 3.0 kPa","Historical daily maximum<br>3.3 kPa<br>2022-09-01","DATE: Sep-01</b><br>Normal: 1.8 kPa<br>Period: 1991-2020","4010879","BROADVIEW",1967,2026
"09-02","TMAX",2001-09-02,20.89,9.7,31.7,5.03089420995156,14.77,17.475,24.375,26.84,NA,NA,NA,NA,NA,9,2023-09-02,"","DATE: Sep-02<br><b>Maximum temperature</b><br>10-90 percentile<br>14.8 to 26.8 °C","Historical daily maximum<br>31.7 °C<br>2023-09-02","DATE: Sep-02</b><br>Normal: 20.9 °C<br>Period: 1991-2020","4010879","BROADVIEW",1967,2026
"09-02","TMIN",2001-09-02,7.3,-0.3,16.5,3.09582588835911,3.36,5.85,8.75,10.22,NA,NA,NA,NA,NA,9,2016-09-02,"","DATE: Sep-02<br><b>Minimum temperature</b><br>10-90 percentile<br>3.4 to 10.2 °C","Historical daily maximum<br>16.5 °C<br>2016-09-02","DATE: Sep-02</b><br>Normal: 7.3 °C<br>Period: 1991-2020","4010879","BROADVIEW",1967,2026
"09-02","VPD",2001-09-02,1.5273867317639,0.116024394181249,3.68657759477501,0.738784756763973,0.649400332324405,0.987795204174321,1.89351271368434,2.35084109496753,NA,NA,NA,NA,NA,9,2015-09-02,"","DATE: Sep-02<br><b>Vapour pressure deficit</b><br>10-90 percentile<br>0.6 to 2.4 kPa","Historical daily maximum<br>3.7 kPa<br>2015-09-02","DATE: Sep-02</b><br>Normal: 1.5 kPa<br>Period: 1991-2020","4010879","BROADVIEW",1967,2026
"09-03","TMAX",2001-09-03,21.58,12,29.1,4.55944642737887,15.59,18.475,25.1,27.2,NA,NA,NA,NA,NA,9,1978-09-03,"","DATE: Sep-03<br><b>Maximum temperature</b><br>10-90 percentile<br>15.6 to 27.2 °C","Historical daily maximum<br>29.1 °C<br>1978-09-03","DATE: Sep-03</b><br>Normal: 21.6 °C<br>Period: 1991-2020","4010879","BROADVIEW",1967,2026
"09-03","TMIN",2001-09-03,7.7,0.4,16.4,3.38821486921948,4.81,5.975,10.125,11.1,NA,NA,NA,NA,NA,9,2015-09-03,"","DATE: Sep-03<br><b>Minimum temperature</b><br>10-90 percentile<br>4.8 to 11.1 °C","Historical daily maximum<br>16.4 °C<br>2015-09-03","DATE: Sep-03</b><br>Normal: 7.7 °C<br>Period: 1991-2020","4010879","BROADVIEW",1967,2026
"09-03","VPD",2001-09-03,1.58505065727525,0.363753149403636,3.03388461314607,0.669676957114118,0.877050939250057,1.12900165418002,2.0820829650203,2.41632826603733,NA,NA,NA,NA,NA,9,1978-09-03,"","DATE: Sep-03<br><b>Vapour pressure deficit</b><br>10-90 percentile<br>0.9 to 2.4 kPa","Historical daily maximum<br>3.0 kPa<br>1978-09-03","DATE: Sep-03</b><br>Normal: 1.6 kPa<br>Period: 1991-2020","4010879","BROADVIEW",1967,2026
"09-04","TMAX",2001-09-04,21.01,11.4,34,5.90133532522002,14.34,15.55,26.25,28.42,NA,NA,NA,NA,NA,9,1998-09-04,"","DATE: Sep-04<br><b>Maximum temperature</b><br>10-90 percentile<br>14.3 to 28.4 °C","Historical daily maximum<br>34.0 °C<br>1998-09-04","DATE: Sep-04</b><br>Normal: 21.0 °C<br>Period: 1991-2020","4010879","BROADVIEW",1967,2026
"09-04","TMIN",2001-09-04,7.79666666666667,2.1,12.6,3.08405055342677,3.58,5.425,10.275,11.91,NA,NA,NA,NA,NA,9,1978-09-04,"","DATE: Sep-04<br><b>Minimum temperature</b><br>10-90 percentile<br>3.6 to 11.9 °C","Historical daily maximum<br>12.6 °C<br>1978-09-04","DATE: Sep-04</b><br>Normal: 7.8 °C<br>Period: 1991-2020","4010879","BROADVIEW",1967,2026
"09-04","VPD",2001-09-04,1.55417468816139,0.379308846214224,4.06639244636471,0.901722405796857,0.575219715891752,0.811603484851694,2.12046694272753,2.56132646825948,NA,NA,NA,NA,NA,9,1998-09-04,"","DATE: Sep-04<br><b>Vapour pressure deficit</b><br>10-90 percentile<br>0.6 to 2.6 kPa","Historical daily maximum<br>4.1 kPa<br>1998-09-04","DATE: Sep-04</b><br>Normal: 1.6 kPa<br>Period: 1991-2020","4010879","BROADVIEW",1967,2026
"09-05","TMAX",2001-09-05,20.3466666666667,11,31.7,5.36198196329609,13.97,16,24.45,26.61,NA,NA,NA,NA,NA,9,2022-09-05,"","DATE: Sep-05<br><b>Maximum temperature</b><br>10-90 percentile<br>14.0 to 26.6 °C","Historical daily maximum<br>31.7 °C<br>2022-09-05","DATE: Sep-05</b><br>Normal: 20.3 °C<br>Period: 1991-2020","4010879","BROADVIEW",1967,2026
"09-05","TMIN",2001-09-05,7.89,-4,13.2,3.68139310213047,2.44,6.625,10.225,10.88,NA,NA,NA,NA,NA,9,1978-09-05,"","DATE: Sep-05<br><b>Minimum temperature</b><br>10-90 percentile<br>2.4 to 10.9 °C","Historical daily maximum<br>13.2 °C<br>1978-09-05","DATE: Sep-05</b><br>Normal: 7.9 °C<br>Period: 1991-2020","4010879","BROADVIEW",1967,2026
"09-05","VPD",2001-09-05,1.41129836911947,0.314879605711724,3.3087643349265,0.837080699766597,0.373773416929006,0.844055511721642,1.87912582826101,2.44862007265783,NA,NA,NA,NA,NA,9,2022-09-05,"","DATE: Sep-05<br><b>Vapour pressure deficit</b><br>10-90 percentile<br>0.4 to 2.4 kPa","Historical daily maximum<br>3.3 kPa<br>2022-09-05","DATE: Sep-05</b><br>Normal: 1.4 kPa<br>Period: 1991-2020","4010879","BROADVIEW",1967,2026
"09-06","TMAX",2001-09-06,20.4066666666667,8.1,31.6,6.02110846326794,12.11,17,24.125,28.01,NA,NA,NA,NA,NA,9,1976-09-06,"","DATE: Sep-06<br><b>Maximum temperature</b><br>10-90 percentile<br>12.1 to 28.0 °C","Historical daily maximum<br>31.6 °C<br>1976-09-06","DATE: Sep-06</b><br>Normal: 20.4 °C<br>Period: 1991-2020","4010879","BROADVIEW",1967,2026
"09-06","TMIN",2001-09-06,6.76666666666667,0.6,15.2,3.59082483400482,2.18,4.125,8.875,11.53,NA,NA,NA,NA,NA,9,2013-09-06,"","DATE: Sep-06<br><b>Minimum temperature</b><br>10-90 percentile<br>2.2 to 11.5 °C","Historical daily maximum<br>15.2 °C<br>2013-09-06","DATE: Sep-06</b><br>Normal: 6.8 °C<br>Period: 1991-2020","4010879","BROADVIEW",1967,2026
"09-06","VPD",2001-09-06,1.52666825583907,0.229269268510811,3.30032170843913,0.859145264271962,0.544421090073521,0.890988613770471,1.96788927045459,2.94148001100199,NA,NA,NA,NA,NA,9,1976-09-06,"","DATE: Sep-06<br><b>Vapour pressure deficit</b><br>10-90 percentile<br>0.5 to 2.9 kPa","Historical daily maximum<br>3.3 kPa<br>1976-09-06","DATE: Sep-06</b><br>Normal: 1.5 kPa<br>Period: 1991-2020","4010879","BROADVIEW",1967,2026
"09-07","TMAX",2001-09-07,19.59,8.6,29.1,5.10715184814393,13.25,15.725,23.45,25.58,NA,NA,NA,NA,NA,9,1980-09-07,"","DATE: Sep-07<br><b>Maximum temperature</b><br>10-90 percentile<br>13.2 to 25.6 °C","Historical daily maximum<br>29.1 °C<br>1980-09-07","DATE: Sep-07</b><br>Normal: 19.6 °C<br>Period: 1991-2020","4010879","BROADVIEW",1967,2026
"09-07","TMIN",2001-09-07,5.77666666666667,-2.2,12.8,3.67551857315525,1.04,3.325,7.6,9.44,NA,NA,NA,NA,NA,9,2003-09-07,"","DATE: Sep-07<br><b>Minimum temperature</b><br>10-90 percentile<br>1.0 to 9.4 °C","Historical daily maximum<br>12.8 °C<br>2003-09-07","DATE: Sep-07</b><br>Normal: 5.8 °C<br>Period: 1991-2020","4010879","BROADVIEW",1967,2026
"09-07","VPD",2001-09-07,1.43014042446985,0.274580593677294,2.97783856603682,0.63914454289224,0.741087906002049,0.923510663755025,1.88025309546709,2.25784714439845,NA,NA,NA,NA,NA,9,1980-09-07,"","DATE: Sep-07<br><b>Vapour pressure deficit</b><br>10-90 percentile<br>0.7 to 2.3 kPa","Historical daily maximum<br>3.0 kPa<br>1980-09-07","DATE: Sep-07</b><br>Normal: 1.4 kPa<br>Period: 1991-2020","4010879","BROADVIEW",1967,2026
"09-08","TMAX",2001-09-08,20.2466666666667,10.7,32.2,5.20104321984663,14.46,16.85,24.4,26.76,NA,NA,NA,NA,NA,9,2024-09-08,"","DATE: Sep-08<br><b>Maximum temperature</b><br>10-90 percentile<br>14.5 to 26.8 °C","Historical daily maximum<br>32.2 °C<br>2024-09-08","DATE: Sep-08</b><br>Normal: 20.2 °C<br>Period: 1991-2020","4010879","BROADVIEW",1967,2026
"09-08","TMIN",2001-09-08,6.12333333333333,-2,15.5,4.46593878097341,1.55,2.625,9.625,11.49,NA,NA,NA,NA,NA,9,1991-09-08,"","DATE: Sep-08<br><b>Minimum temperature</b><br>10-90 percentile<br>1.6 to 11.5 °C","Historical daily maximum<br>15.5 °C<br>1991-09-08","DATE: Sep-08</b><br>Normal: 6.1 °C<br>Period: 1991-2020","4010879","BROADVIEW",1967,2026
"09-08","VPD",2001-09-08,1.49946184386943,0.643740983877027,3.23080275594091,0.682343045815504,0.73062337285326,1.03603341330706,1.861356964276,2.38202689945903,NA,NA,NA,NA,NA,9,2024-09-08,"","DATE: Sep-08<br><b>Vapour pressure deficit</b><br>10-90 percentile<br>0.7 to 2.4 kPa","Historical daily maximum<br>3.2 kPa<br>2024-09-08","DATE: Sep-08</b><br>Normal: 1.5 kPa<br>Period: 1991-2020","4010879","BROADVIEW",1967,2026
"09-09","TMAX",2001-09-09,20.2166666666667,8.8,32.4,5.87913219806281,13.07,16.175,23.6,27.36,NA,NA,NA,NA,NA,9,1998-09-09,"","DATE: Sep-09<br><b>Maximum temperature</b><br>10-90 percentile<br>13.1 to 27.4 °C","Historical daily maximum<br>32.4 °C<br>1998-09-09","DATE: Sep-09</b><br>Normal: 20.2 °C<br>Period: 1991-2020","4010879","BROADVIEW",1967,2026
"09-09","TMIN",2001-09-09,6.24333333333333,-2.8,13.9,3.57970171492208,2.24,3.575,9.075,10.21,NA,NA,NA,NA,NA,9,1998-09-09,"","DATE: Sep-09<br><b>Minimum temperature</b><br>10-90 percentile<br>2.2 to 10.2 °C","Historical daily maximum<br>13.9 °C<br>1998-09-09","DATE: Sep-09</b><br>Normal: 6.2 °C<br>Period: 1991-2020","4010879","BROADVIEW",1967,2026
"09-09","VPD",2001-09-09,1.529260258155,0.325074998069873,3.27505085343272,0.813523411537058,0.565734192048109,0.882357436754834,2.03118155396062,2.76488493414884,NA,NA,NA,NA,NA,9,2024-09-09,"","DATE: Sep-09<br><b>Vapour pressure deficit</b><br>10-90 percentile<br>0.6 to 2.8 kPa","Historical daily maximum<br>3.3 kPa<br>2024-09-09","DATE: Sep-09</b><br>Normal: 1.5 kPa<br>Period: 1991-2020","4010879","BROADVIEW",1967,2026
"09-10","TMAX",2001-09-10,20.78,9.1,29.5,5.19219573511286,14.76,17.25,25.175,27.3,NA,NA,NA,NA,NA,9,1982-09-10,"","DATE: Sep-10<br><b>Maximum temperature</b><br>10-90 percentile<br>14.8 to 27.3 °C","Historical daily maximum<br>29.5 °C<br>1982-09-10","DATE: Sep-10</b><br>Normal: 20.8 °C<br>Period: 1991-2020","4010879","BROADVIEW",1967,2026
"09-10","TMIN",2001-09-10,6.24333333333333,-1.3,16,4.30241979494726,1.48,3.25,8.275,13.02,NA,NA,NA,NA,NA,9,1998-09-10,"","DATE: Sep-10<br><b>Minimum temperature</b><br>10-90 percentile<br>1.5 to 13.0 °C","Historical daily maximum<br>16.0 °C<br>1998-09-10","DATE: Sep-10</b><br>Normal: 6.2 °C<br>Period: 1991-2020","4010879","BROADVIEW",1967,2026
"09-10","VPD",2001-09-10,1.56944131552601,0.17056241077737,2.853168578087,0.640359738133728,0.719877304481461,1.22760090786844,1.92284408168835,2.44232793617241,NA,NA,NA,NA,NA,9,1982-09-10,"","DATE: Sep-10<br><b>Vapour pressure deficit</b><br>10-90 percentile<br>0.7 to 2.4 kPa","Historical daily maximum<br>2.9 kPa<br>1982-09-10","DATE: Sep-10</b><br>Normal: 1.6 kPa<br>Period: 1991-2020","4010879","BROADVIEW",1967,2026
"09-11","TMAX",2001-09-11,19.68,7.7,29.3,5.52058217819524,13.24,15.1,23.85,26.36,NA,NA,NA,NA,NA,9,1969-09-11,"","DATE: Sep-11<br><b>Maximum temperature</b><br>10-90 percentile<br>13.2 to 26.4 °C","Historical daily maximum<br>29.3 °C<br>1969-09-11","DATE: Sep-11</b><br>Normal: 19.7 °C<br>Period: 1991-2020","4010879","BROADVIEW",1967,2026
"09-11","TMIN",2001-09-11,6.1,-1.9,10.6,2.89375069821992,1.99,4.075,8.45,9.12,NA,NA,NA,NA,NA,9,2025-09-11,"","DATE: Sep-11<br><b>Minimum temperature</b><br>10-90 percentile<br>2.0 to 9.1 °C","Historical daily maximum<br>10.6 °C<br>2025-09-11","DATE: Sep-11</b><br>Normal: 6.1 °C<br>Period: 1991-2020","4010879","BROADVIEW",1967,2026
"09-11","VPD",2001-09-11,1.44940374139676,0.293279527124576,2.94300842461786,0.748255444134801,0.415614016031586,0.932651615707718,1.83106977259638,2.34968402867676,NA,NA,NA,NA,NA,9,1969-09-11,"","DATE: Sep-11<br><b>Vapour pressure deficit</b><br>10-90 percentile<br>0.4 to 2.3 kPa","Historical daily maximum<br>2.9 kPa<br>1969-09-11","DATE: Sep-11</b><br>Normal: 1.4 kPa<br>Period: 1991-2020","4010879","BROADVIEW",1967,2026
"09-12","TMAX",2001-09-12,19.0866666666667,8,30.1,5.53252036681253,12.58,15.8,23.15,26.2,NA,NA,NA,NA,NA,9,2017-09-12,"","DATE: Sep-12<br><b>Maximum temperature</b><br>10-90 percentile<br>12.6 to 26.2 °C","Historical daily maximum<br>30.1 °C<br>2017-09-12","DATE: Sep-12</b><br>Normal: 19.1 °C<br>Period: 1991-2020","4010879","BROADVIEW",1967,2026
"09-12","TMIN",2001-09-12,5.69666666666667,-0.9,13.8,3.59803426536111,1.33,4.1,8,10.33,NA,NA,NA,NA,NA,9,2025-09-12,"","DATE: Sep-12<br><b>Minimum temperature</b><br>10-90 percentile<br>1.3 to 10.3 °C","Historical daily maximum<br>13.8 °C<br>2025-09-12","DATE: Sep-12</b><br>Normal: 5.7 °C<br>Period: 1991-2020","4010879","BROADVIEW",1967,2026
"09-12","VPD",2001-09-12,1.38064931116286,0.130725025477314,2.89240467823683,0.709150066431591,0.714189292742128,0.949991806975624,1.80890920951679,2.25134164854648,NA,NA,NA,NA,NA,9,2017-09-12,"","DATE: Sep-12<br><b>Vapour pressure deficit</b><br>10-90 percentile<br>0.7 to 2.3 kPa","Historical daily maximum<br>2.9 kPa<br>2017-09-12","DATE: Sep-12</b><br>Normal: 1.4 kPa<br>Period: 1991-2020","4010879","BROADVIEW",1967,2026
"09-13","TMAX",2001-09-13,17.68,6.9,28.6,5.9705253046774,11.5,13.825,20.375,25.87,NA,NA,NA,NA,NA,9,1969-09-13,"","DATE: Sep-13<br><b>Maximum temperature</b><br>10-90 percentile<br>11.5 to 25.9 °C","Historical daily maximum<br>28.6 °C<br>1969-09-13","DATE: Sep-13</b><br>Normal: 17.7 °C<br>Period: 1991-2020","4010879","BROADVIEW",1967,2026
"09-13","TMIN",2001-09-13,4.09666666666667,-1.5,10,3.23115046590736,0.17,1.825,6.575,7.87,NA,NA,NA,NA,NA,9,2025-09-13,"","DATE: Sep-13<br><b>Minimum temperature</b><br>10-90 percentile<br>0.2 to 7.9 °C","Historical daily maximum<br>10.0 °C<br>2025-09-13","DATE: Sep-13</b><br>Normal: 4.1 °C<br>Period: 1991-2020","4010879","BROADVIEW",1967,2026
"09-13","VPD",2001-09-13,1.31157490278125,0.435527963642866,3.03117211769296,0.718383605549656,0.578641333810571,0.872585735966276,1.57578024003733,2.46663800970658,NA,NA,NA,NA,NA,9,1969-09-13,"","DATE: Sep-13<br><b>Vapour pressure deficit</b><br>10-90 percentile<br>0.6 to 2.5 kPa","Historical daily maximum<br>3.0 kPa<br>1969-09-13","DATE: Sep-13</b><br>Normal: 1.3 kPa<br>Period: 1991-2020","4010879","BROADVIEW",1967,2026
"09-14","TMAX",2001-09-14,17.61,11.4,25.8,4.05576218441759,12.49,13.8,20.45,22.4,NA,NA,NA,NA,NA,9,1968-09-14,"","DATE: Sep-14<br><b>Maximum temperature</b><br>10-90 percentile<br>12.5 to 22.4 °C","Historical daily maximum<br>25.8 °C<br>1968-09-14","DATE: Sep-14</b><br>Normal: 17.6 °C<br>Period: 1991-2020","4010879","BROADVIEW",1967,2026
"09-14","TMIN",2001-09-14,3.17333333333333,-5.1,14.2,4.63524230913205,-2.17,-0.2,6.1,8.98,NA,NA,NA,NA,NA,9,2009-09-14,"","DATE: Sep-14<br><b>Minimum temperature</b><br>10-90 percentile<br>-2.2 to 9.0 °C","Historical daily maximum<br>14.2 °C<br>2009-09-14","DATE: Sep-14</b><br>Normal: 3.2 °C<br>Period: 1991-2020","4010879","BROADVIEW",1967,2026
"09-14","VPD",2001-09-14,1.26644375378549,0.36201166765126,2.2972227136301,0.433970403972228,0.745004813997499,0.875285575051024,1.61259636461382,1.68365801203683,NA,NA,NA,NA,NA,9,1968-09-14,"","DATE: Sep-14<br><b>Vapour pressure deficit</b><br>10-90 percentile<br>0.7 to 1.7 kPa","Historical daily maximum<br>2.3 kPa<br>1968-09-14","DATE: Sep-14</b><br>Normal: 1.3 kPa<br>Period: 1991-2020","4010879","BROADVIEW",1967,2026
"09-15","TMAX",2001-09-15,19.31,10.9,29.5,5.46028608572216,12.49,14.925,22.775,27.75,NA,NA,NA,NA,NA,9,2002-09-15,"","DATE: Sep-15<br><b>Maximum temperature</b><br>10-90 percentile<br>12.5 to 27.8 °C","Historical daily maximum<br>29.5 °C<br>2002-09-15","DATE: Sep-15</b><br>Normal: 19.3 °C<br>Period: 1991-2020","4010879","BROADVIEW",1967,2026
"09-15","TMIN",2001-09-15,4.46333333333333,-1.9,10.5,3.38948509296063,-0.25,1.825,6.575,8.81,NA,NA,NA,NA,NA,9,2025-09-15,"","DATE: Sep-15<br><b>Minimum temperature</b><br>10-90 percentile<br>-0.2 to 8.8 °C","Historical daily maximum<br>10.5 °C<br>2025-09-15","DATE: Sep-15</b><br>Normal: 4.5 °C<br>Period: 1991-2020","4010879","BROADVIEW",1967,2026
"09-15","VPD",2001-09-15,1.49354773556638,0.309013942477887,2.96178616481162,0.751468310087411,0.721494712880463,0.825483121179323,2.02758851338101,2.63669164072596,NA,NA,NA,NA,NA,9,1998-09-15,"","DATE: Sep-15<br><b>Vapour pressure deficit</b><br>10-90 percentile<br>0.7 to 2.6 kPa","Historical daily maximum<br>3.0 kPa<br>1998-09-15","DATE: Sep-15</b><br>Normal: 1.5 kPa<br>Period: 1991-2020","4010879","BROADVIEW",1967,2026
"09-16","TMAX",2001-09-16,18.3966666666667,9.3,30.3,6.12504656327598,11.8,12.925,22.65,27.55,NA,NA,NA,NA,NA,9,1979-09-16,"","DATE: Sep-16<br><b>Maximum temperature</b><br>10-90 percentile<br>11.8 to 27.6 °C","Historical daily maximum<br>30.3 °C<br>1979-09-16","DATE: Sep-16</b><br>Normal: 18.4 °C<br>Period: 1991-2020","4010879","BROADVIEW",1967,2026
"09-16","TMIN",2001-09-16,4.41333333333333,-2.3,11.1,2.91284116940161,0.49,2.475,6.075,7.62,NA,NA,NA,NA,NA,9,2025-09-16,"","DATE: Sep-16<br><b>Minimum temperature</b><br>10-90 percentile<br>0.5 to 7.6 °C","Historical daily maximum<br>11.1 °C<br>2025-09-16","DATE: Sep-16</b><br>Normal: 4.4 °C<br>Period: 1991-2020","4010879","BROADVIEW",1967,2026
"09-16","VPD",2001-09-16,1.40088182921487,0.280788470122847,3.14654337000022,0.842713727026753,0.57240653018342,0.684391412285806,1.93513944514348,2.75567558579575,NA,NA,NA,NA,NA,9,1979-09-16,"","DATE: Sep-16<br><b>Vapour pressure deficit</b><br>10-90 percentile<br>0.6 to 2.8 kPa","Historical daily maximum<br>3.1 kPa<br>1979-09-16","DATE: Sep-16</b><br>Normal: 1.4 kPa<br>Period: 1991-2020","4010879","BROADVIEW",1967,2026
"09-17","TMAX",2001-09-17,17.9,7.2,29.4,7.1309686779367,8.08,13.3,24.6,27.9,NA,NA,NA,NA,NA,9,1989-09-17,"","DATE: Sep-17<br><b>Maximum temperature</b><br>10-90 percentile<br>8.1 to 27.9 °C","Historical daily maximum<br>29.4 °C<br>1989-09-17","DATE: Sep-17</b><br>Normal: 17.9 °C<br>Period: 1991-2020","4010879","BROADVIEW",1967,2026
"09-17","TMIN",2001-09-17,4.92666666666667,-3.6,15.6,4.29915254947742,-0.61,2.45,7.75,10.53,NA,NA,NA,NA,NA,9,2019-09-17,"","DATE: Sep-17<br><b>Minimum temperature</b><br>10-90 percentile<br>-0.6 to 10.5 °C","Historical daily maximum<br>15.6 °C<br>2019-09-17","DATE: Sep-17</b><br>Normal: 4.9 °C<br>Period: 1991-2020","4010879","BROADVIEW",1967,2026
"09-17","VPD",2001-09-17,1.34720176500882,0.202439596451677,2.9665673729982,0.866326994830734,0.483432486301355,0.656820088820144,2.1040776324347,2.64168222674351,NA,NA,NA,NA,NA,9,1989-09-17,"","DATE: Sep-17<br><b>Vapour pressure deficit</b><br>10-90 percentile<br>0.5 to 2.6 kPa","Historical daily maximum<br>3.0 kPa<br>1989-09-17","DATE: Sep-17</b><br>Normal: 1.3 kPa<br>Period: 1991-2020","4010879","BROADVIEW",1967,2026
"09-18","TMAX",2001-09-18,17.44,2.2,27.6,6.29255717988076,9.28,14.3,21.725,25.68,NA,NA,NA,NA,NA,9,2021-09-18,"","DATE: Sep-18<br><b>Maximum temperature</b><br>10-90 percentile<br>9.3 to 25.7 °C","Historical daily maximum<br>27.6 °C<br>2021-09-18","DATE: Sep-18</b><br>Normal: 17.4 °C<br>Period: 1991-2020","4010879","BROADVIEW",1967,2026
"09-18","TMIN",2001-09-18,4.29666666666667,-2.7,11.5,4.17574964018094,-0.94,0.675,6.675,9.64,NA,NA,NA,NA,NA,9,2024-09-18,"","DATE: Sep-18<br><b>Minimum temperature</b><br>10-90 percentile<br>-0.9 to 9.6 °C","Historical daily maximum<br>11.5 °C<br>2024-09-18","DATE: Sep-18</b><br>Normal: 4.3 °C<br>Period: 1991-2020","4010879","BROADVIEW",1967,2026
"09-18","VPD",2001-09-18,1.26116224781541,0.196834491292891,2.61115230611077,0.70747038063953,0.418973104280004,0.696909482604632,1.74189498765765,2.32789157422251,NA,NA,NA,NA,NA,9,2021-09-18,"","DATE: Sep-18<br><b>Vapour pressure deficit</b><br>10-90 percentile<br>0.4 to 2.3 kPa","Historical daily maximum<br>2.6 kPa<br>2021-09-18","DATE: Sep-18</b><br>Normal: 1.3 kPa<br>Period: 1991-2020","4010879","BROADVIEW",1967,2026
"09-19","TMAX",2001-09-19,17.2133333333333,6.4,31.3,6.02430326967837,9.5,13.525,21.975,23.92,NA,NA,NA,NA,NA,9,2009-09-19,"","DATE: Sep-19<br><b>Maximum temperature</b><br>10-90 percentile<br>9.5 to 23.9 °C","Historical daily maximum<br>31.3 °C<br>2009-09-19","DATE: Sep-19</b><br>Normal: 17.2 °C<br>Period: 1991-2020","4010879","BROADVIEW",1967,2026
"09-19","TMIN",2001-09-19,3.83666666666667,-3.8,11.1,3.96053665236324,-2.03,0.9,6.675,8.96,NA,NA,NA,NA,NA,9,1969-09-19,"","DATE: Sep-19<br><b>Minimum temperature</b><br>10-90 percentile<br>-2.0 to 9.0 °C","Historical daily maximum<br>11.1 °C<br>1969-09-19","DATE: Sep-19</b><br>Normal: 3.8 °C<br>Period: 1991-2020","4010879","BROADVIEW",1967,2026
"09-19","VPD",2001-09-19,1.25725130657078,0.225021416021316,3.66666520066174,0.775681018448748,0.408757830501151,0.590858445404222,1.79228874229732,2.05850982963371,NA,NA,NA,NA,NA,9,2009-09-19,"","DATE: Sep-19<br><b>Vapour pressure deficit</b><br>10-90 percentile<br>0.4 to 2.1 kPa","Historical daily maximum<br>3.7 kPa<br>2009-09-19","DATE: Sep-19</b><br>Normal: 1.3 kPa<br>Period: 1991-2020","4010879","BROADVIEW",1967,2026
"09-20","TMAX",2001-09-20,18.0766666666667,8.9,30.5,4.90732621441785,12.41,15.075,20.75,23.63,NA,NA,NA,NA,NA,9,1995-09-20,"","DATE: Sep-20<br><b>Maximum temperature</b><br>10-90 percentile<br>12.4 to 23.6 °C","Historical daily maximum<br>30.5 °C<br>1995-09-20","DATE: Sep-20</b><br>Normal: 18.1 °C<br>Period: 1991-2020","4010879","BROADVIEW",1967,2026
"09-20","TMIN",2001-09-20,4.41666666666667,-3.2,12.8,4.40814945404479,-0.859999999999999,0.675,7.675,9.9,NA,NA,NA,NA,NA,9,2019-09-20,"","DATE: Sep-20<br><b>Minimum temperature</b><br>10-90 percentile<br>-0.9 to 9.9 °C","Historical daily maximum<br>12.8 °C<br>2019-09-20","DATE: Sep-20</b><br>Normal: 4.4 °C<br>Period: 1991-2020","4010879","BROADVIEW",1967,2026
"09-20","VPD",2001-09-20,1.28838059701246,0.204783460740071,3.88391507833053,0.712423552409352,0.673982167130478,0.860159920077088,1.59482975154919,1.988903910473,NA,NA,NA,NA,NA,9,1995-09-20,"","DATE: Sep-20<br><b>Vapour pressure deficit</b><br>10-90 percentile<br>0.7 to 2.0 kPa","Historical daily maximum<br>3.9 kPa<br>1995-09-20","DATE: Sep-20</b><br>Normal: 1.3 kPa<br>Period: 1991-2020","4010879","BROADVIEW",1967,2026
"09-21","TMAX",2001-09-21,15.1166666666667,5.8,25.9,4.98999573860182,9.87,10.675,16.95,22.07,NA,NA,NA,NA,NA,9,2025-09-21,"","DATE: Sep-21<br><b>Maximum temperature</b><br>10-90 percentile<br>9.9 to 22.1 °C","Historical daily maximum<br>25.9 °C<br>2025-09-21","DATE: Sep-21</b><br>Normal: 15.1 °C<br>Period: 1991-2020","4010879","BROADVIEW",1967,2026
"09-21","TMIN",2001-09-21,2.60333333333333,-6.4,9.1,3.56665431300901,-2.05,1.525,4.45,7.47,NA,NA,NA,NA,NA,9,1968-09-21,"","DATE: Sep-21<br><b>Minimum temperature</b><br>10-90 percentile<br>-2.0 to 7.5 °C","Historical daily maximum<br>9.1 °C<br>1968-09-21","DATE: Sep-21</b><br>Normal: 2.6 °C<br>Period: 1991-2020","4010879","BROADVIEW",1967,2026
"09-21","VPD",2001-09-21,1.0392507226467,0.165398306317976,2.31190910111112,0.54928924945951,0.452665807732005,0.540175762483079,1.34639284028084,1.79245483910888,NA,NA,NA,NA,NA,9,2025-09-21,"","DATE: Sep-21<br><b>Vapour pressure deficit</b><br>10-90 percentile<br>0.5 to 1.8 kPa","Historical daily maximum<br>2.3 kPa<br>2025-09-21","DATE: Sep-21</b><br>Normal: 1.0 kPa<br>Period: 1991-2020","4010879","BROADVIEW",1967,2026
"09-22","TMAX",2001-09-22,16.16,3.6,25.4,6.01839708296784,8.16,12.325,20.9,23.57,NA,NA,NA,NA,NA,9,1987-09-22,"","DATE: Sep-22<br><b>Maximum temperature</b><br>10-90 percentile<br>8.2 to 23.6 °C","Historical daily maximum<br>25.4 °C<br>1987-09-22","DATE: Sep-22</b><br>Normal: 16.2 °C<br>Period: 1991-2020","4010879","BROADVIEW",1967,2026
"09-22","TMIN",2001-09-22,1.72,-6.8,11.2,3.70418216577443,-2.84,-0.6,4.475,5.94,NA,NA,NA,NA,NA,9,2025-09-22,"","DATE: Sep-22<br><b>Minimum temperature</b><br>10-90 percentile<br>-2.8 to 5.9 °C","Historical daily maximum<br>11.2 °C<br>2025-09-22","DATE: Sep-22</b><br>Normal: 1.7 °C<br>Period: 1991-2020","4010879","BROADVIEW",1967,2026
"09-22","VPD",2001-09-22,1.23647803205326,0.231838640411766,2.40759845554079,0.63564023887161,0.421683796773252,0.770247179801972,1.54082561116134,2.10135990592228,NA,NA,NA,NA,NA,9,1987-09-22,"","DATE: Sep-22<br><b>Vapour pressure deficit</b><br>10-90 percentile<br>0.4 to 2.1 kPa","Historical daily maximum<br>2.4 kPa<br>1987-09-22","DATE: Sep-22</b><br>Normal: 1.2 kPa<br>Period: 1991-2020","4010879","BROADVIEW",1967,2026
"09-23","TMAX",2001-09-23,17.38,1.3,29.1,7.09542834847029,8.99,13.125,21.125,27.26,NA,NA,NA,NA,NA,9,1994-09-23,"","DATE: Sep-23<br><b>Maximum temperature</b><br>10-90 percentile<br>9.0 to 27.3 °C","Historical daily maximum<br>29.1 °C<br>1994-09-23","DATE: Sep-23</b><br>Normal: 17.4 °C<br>Period: 1991-2020","4010879","BROADVIEW",1967,2026
"09-23","TMIN",2001-09-23,3.63333333333333,-4.8,10.7,4.10225617765717,-1.91,0.35,6.2,8.4,NA,NA,NA,NA,NA,9,2023-09-23,"","DATE: Sep-23<br><b>Minimum temperature</b><br>10-90 percentile<br>-1.9 to 8.4 °C","Historical daily maximum<br>10.7 °C<br>2023-09-23","DATE: Sep-23</b><br>Normal: 3.6 °C<br>Period: 1991-2020","4010879","BROADVIEW",1967,2026
"09-23","VPD",2001-09-23,1.33638786850262,0.131826505263021,2.96754505777113,0.856841063944077,0.458019640103333,0.739666938405598,1.94745792391261,2.59412142314938,NA,NA,NA,NA,NA,9,1992-09-23,"","DATE: Sep-23<br><b>Vapour pressure deficit</b><br>10-90 percentile<br>0.5 to 2.6 kPa","Historical daily maximum<br>3.0 kPa<br>1992-09-23","DATE: Sep-23</b><br>Normal: 1.3 kPa<br>Period: 1991-2020","4010879","BROADVIEW",1967,2026
"09-24","TMAX",2001-09-24,18.7103448275862,5.4,30.7,6.8057929540936,9.9,15.3,21.5,29.12,NA,NA,NA,NA,NA,9,1992-09-24,"","DATE: Sep-24<br><b>Maximum temperature</b><br>10-90 percentile<br>9.9 to 29.1 °C","Historical daily maximum<br>30.7 °C<br>1992-09-24","DATE: Sep-24</b><br>Normal: 18.7 °C<br>Period: 1991-2020","4010879","BROADVIEW",1967,2026
"09-24","TMIN",2001-09-24,4.58666666666667,-2.7,14.1,3.69927610190979,0.09,1.675,7.35,8.47,NA,NA,NA,NA,NA,9,1992-09-24,"","DATE: Sep-24<br><b>Minimum temperature</b><br>10-90 percentile<br>0.1 to 8.5 °C","Historical daily maximum<br>14.1 °C<br>1992-09-24","DATE: Sep-24</b><br>Normal: 4.6 °C<br>Period: 1991-2020","4010879","BROADVIEW",1967,2026
"09-24","VPD",2001-09-24,1.45957693179737,0.23143403760047,3.03879325588054,0.85908726774997,0.518206598081572,0.715939568496743,1.7681717548357,2.83569393464179,NA,NA,NA,NA,NA,9,2011-09-24,"","DATE: Sep-24<br><b>Vapour pressure deficit</b><br>10-90 percentile<br>0.5 to 2.8 kPa","Historical daily maximum<br>3.0 kPa<br>2011-09-24","DATE: Sep-24</b><br>Normal: 1.5 kPa<br>Period: 1991-2020","4010879","BROADVIEW",1967,2026
"09-25","TMAX",2001-09-25,18.93,9.1,32.7,6.06903673547555,11.96,14.45,22.6,27.14,NA,NA,NA,NA,NA,9,2014-09-25,"","DATE: Sep-25<br><b>Maximum temperature</b><br>10-90 percentile<br>12.0 to 27.1 °C","Historical daily maximum<br>32.7 °C<br>2014-09-25","DATE: Sep-25</b><br>Normal: 18.9 °C<br>Period: 1991-2020","4010879","BROADVIEW",1967,2026
"09-25","TMIN",2001-09-25,3.78666666666667,-3.5,12.2,4.06776506741456,-2.26,1.2,5.575,9.2,NA,NA,NA,NA,NA,9,2015-09-25,"","DATE: Sep-25<br><b>Minimum temperature</b><br>10-90 percentile<br>-2.3 to 9.2 °C","Historical daily maximum<br>12.2 °C<br>2015-09-25","DATE: Sep-25</b><br>Normal: 3.8 °C<br>Period: 1991-2020","4010879","BROADVIEW",1967,2026
"09-25","VPD",2001-09-25,1.4973115231558,0.325074998069873,3.65075468902821,0.795928572332602,0.666668913043851,0.81498486055511,1.70247435238452,2.69947807293768,NA,NA,NA,NA,NA,9,2014-09-25,"","DATE: Sep-25<br><b>Vapour pressure deficit</b><br>10-90 percentile<br>0.7 to 2.7 kPa","Historical daily maximum<br>3.7 kPa<br>2014-09-25","DATE: Sep-25</b><br>Normal: 1.5 kPa<br>Period: 1991-2020","4010879","BROADVIEW",1967,2026
"09-26","TMAX",2001-09-26,18.0333333333333,7.9,31,6.20246521252991,10.92,13.825,22.75,26.72,NA,NA,NA,NA,NA,9,2014-09-26,"","DATE: Sep-26<br><b>Maximum temperature</b><br>10-90 percentile<br>10.9 to 26.7 °C","Historical daily maximum<br>31.0 °C<br>2014-09-26","DATE: Sep-26</b><br>Normal: 18.0 °C<br>Period: 1991-2020","4010879","BROADVIEW",1967,2026
"09-26","TMIN",2001-09-26,4.43333333333333,-4.3,14.1,4.49039844122095,-0.689999999999999,1.775,6.225,10.62,NA,NA,NA,NA,NA,9,2014-09-26,"","DATE: Sep-26<br><b>Minimum temperature</b><br>10-90 percentile<br>-0.7 to 10.6 °C","Historical daily maximum<br>14.1 °C<br>2014-09-26","DATE: Sep-26</b><br>Normal: 4.4 °C<br>Period: 1991-2020","4010879","BROADVIEW",1967,2026
"09-26","VPD",2001-09-26,1.33256553737276,0.394420477483367,2.88358381194319,0.721899922452477,0.585126173645389,0.767094693507885,1.9361794954059,2.37129512349817,NA,NA,NA,NA,NA,9,1983-09-26,"","DATE: Sep-26<br><b>Vapour pressure deficit</b><br>10-90 percentile<br>0.6 to 2.4 kPa","Historical daily maximum<br>2.9 kPa<br>1983-09-26","DATE: Sep-26</b><br>Normal: 1.3 kPa<br>Period: 1991-2020","4010879","BROADVIEW",1967,2026
"09-27","TMAX",2001-09-27,15.56,6.7,27.1,5.69698044642042,7.84,11.45,19.45,23.09,NA,NA,NA,NA,NA,9,2021-09-27,"","DATE: Sep-27<br><b>Maximum temperature</b><br>10-90 percentile<br>7.8 to 23.1 °C","Historical daily maximum<br>27.1 °C<br>2021-09-27","DATE: Sep-27</b><br>Normal: 15.6 °C<br>Period: 1991-2020","4010879","BROADVIEW",1967,2026
"09-27","TMIN",2001-09-27,2.38333333333333,-6.7,9.2,3.96528759954766,-2.13,-0.6,5.25,7.33,NA,NA,NA,NA,NA,9,1989-09-27,"","DATE: Sep-27<br><b>Minimum temperature</b><br>10-90 percentile<br>-2.1 to 7.3 °C","Historical daily maximum<br>9.2 °C<br>1989-09-27","DATE: Sep-27</b><br>Normal: 2.4 °C<br>Period: 1991-2020","4010879","BROADVIEW",1967,2026
"09-27","VPD",2001-09-27,1.12206647686834,0.339941043086063,2.70789171306249,0.647264158005016,0.449856760961258,0.627808668128196,1.27153434023875,2.04007134346566,NA,NA,NA,NA,NA,9,2024-09-27,"","DATE: Sep-27<br><b>Vapour pressure deficit</b><br>10-90 percentile<br>0.4 to 2.0 kPa","Historical daily maximum<br>2.7 kPa<br>2024-09-27","DATE: Sep-27</b><br>Normal: 1.1 kPa<br>Period: 1991-2020","4010879","BROADVIEW",1967,2026
"09-28","TMAX",2001-09-28,16.54,6.5,27.6,6.0216047809476,8.7,11.175,20.675,25.38,NA,NA,NA,NA,NA,9,2021-09-28,"","DATE: Sep-28<br><b>Maximum temperature</b><br>10-90 percentile<br>8.7 to 25.4 °C","Historical daily maximum<br>27.6 °C<br>2021-09-28","DATE: Sep-28</b><br>Normal: 16.5 °C<br>Period: 1991-2020","4010879","BROADVIEW",1967,2026
"09-28","TMIN",2001-09-28,1.88,-6.7,10.4,4.90955437264229,-3.81,-1.7,5.425,9.11,NA,NA,NA,NA,NA,9,2001-09-28,"","DATE: Sep-28<br><b>Minimum temperature</b><br>10-90 percentile<br>-3.8 to 9.1 °C","Historical daily maximum<br>10.4 °C<br>2001-09-28","DATE: Sep-28</b><br>Normal: 1.9 °C<br>Period: 1991-2020","4010879","BROADVIEW",1967,2026
"09-28","VPD",2001-09-28,1.26357744072489,0.209135076999719,2.69349247581175,0.625434326794491,0.583373067352312,0.765795660527326,1.66814332734644,2.07314724571939,NA,NA,NA,NA,NA,9,2021-09-28,"","DATE: Sep-28<br><b>Vapour pressure deficit</b><br>10-90 percentile<br>0.6 to 2.1 kPa","Historical daily maximum<br>2.7 kPa<br>2021-09-28","DATE: Sep-28</b><br>Normal: 1.3 kPa<br>Period: 1991-2020","4010879","BROADVIEW",1967,2026
"09-29","TMAX",2001-09-29,17.2033333333333,3.1,28.2,5.55489739396429,9.75,13.8,20.55,23.53,NA,NA,NA,NA,NA,9,2012-09-29,"","DATE: Sep-29<br><b>Maximum temperature</b><br>10-90 percentile<br>9.8 to 23.5 °C","Historical daily maximum<br>28.2 °C<br>2012-09-29","DATE: Sep-29</b><br>Normal: 17.2 °C<br>Period: 1991-2020","4010879","BROADVIEW",1967,2026
"09-29","TMIN",2001-09-29,2.38,-6.3,8.1,4.04538050722993,-4.34,0.45,5.625,7.42,NA,NA,NA,NA,NA,9,2024-09-29,"","DATE: Sep-29<br><b>Minimum temperature</b><br>10-90 percentile<br>-4.3 to 7.4 °C","Historical daily maximum<br>8.1 °C<br>2024-09-29","DATE: Sep-29</b><br>Normal: 2.4 °C<br>Period: 1991-2020","4010879","BROADVIEW",1967,2026
"09-29","VPD",2001-09-29,1.31252196301045,0.143413301436903,2.88906261466032,0.598542410145965,0.711515042393366,0.830929571123502,1.70587783091167,2.21904106953748,NA,NA,NA,NA,NA,9,2012-09-29,"","DATE: Sep-29<br><b>Vapour pressure deficit</b><br>10-90 percentile<br>0.7 to 2.2 kPa","Historical daily maximum<br>2.9 kPa<br>2012-09-29","DATE: Sep-29</b><br>Normal: 1.3 kPa<br>Period: 1991-2020","4010879","BROADVIEW",1967,2026
"09-30","TMAX",2001-09-30,15.6166666666667,2.5,29.3,6.52576238554881,5.09,11.675,20.775,21.23,NA,NA,NA,NA,NA,9,1992-09-30,"","DATE: Sep-30<br><b>Maximum temperature</b><br>10-90 percentile<br>5.1 to 21.2 °C","Historical daily maximum<br>29.3 °C<br>1992-09-30","DATE: Sep-30</b><br>Normal: 15.6 °C<br>Period: 1991-2020","4010879","BROADVIEW",1967,2026
"09-30","TMIN",2001-09-30,2.31333333333333,-8,9.9,3.97064516023602,-1.96,0.7,4.4,7.77,NA,NA,NA,NA,NA,9,2025-09-30,"","DATE: Sep-30<br><b>Minimum temperature</b><br>10-90 percentile<br>-2.0 to 7.8 °C","Historical daily maximum<br>9.9 °C<br>2025-09-30","DATE: Sep-30</b><br>Normal: 2.3 °C<br>Period: 1991-2020","4010879","BROADVIEW",1967,2026
"09-30","VPD",2001-09-30,1.15802813262689,0.111546041953219,3.33386596410291,0.704406562131442,0.419338668475794,0.749816769902726,1.48494147499819,1.88800499607479,NA,NA,NA,NA,NA,9,1992-09-30,"","DATE: Sep-30<br><b>Vapour pressure deficit</b><br>10-90 percentile<br>0.4 to 1.9 kPa","Historical daily maximum<br>3.3 kPa<br>1992-09-30","DATE: Sep-30</b><br>Normal: 1.2 kPa<br>Period: 1991-2020","4010879","BROADVIEW",1967,2026
"10-01","TMAX",2001-10-01,14.5533333333333,2.4,31.7,7.48155125594968,4.15,8.175,20.775,22.12,NA,NA,NA,NA,NA,10,1992-10-01,"","DATE: Oct-01<br><b>Maximum temperature</b><br>10-90 percentile<br>4.2 to 22.1 °C","Historical daily maximum<br>31.7 °C<br>1992-10-01","DATE: Oct-01</b><br>Normal: 14.6 °C<br>Period: 1991-2020","4010879","BROADVIEW",1967,2026
"10-01","TMIN",2001-10-01,1.93666666666667,-8.4,9.4,4.96806930745518,-4.72,-1.575,5.45,7.42,NA,NA,NA,NA,NA,10,2011-10-01,"","DATE: Oct-01<br><b>Minimum temperature</b><br>10-90 percentile<br>-4.7 to 7.4 °C","Historical daily maximum<br>9.4 °C<br>2011-10-01","DATE: Oct-01</b><br>Normal: 1.9 °C<br>Period: 1991-2020","4010879","BROADVIEW",1967,2026
"10-01","VPD",2001-10-01,1.08439857953992,0.215472032561096,3.50322384169144,0.717394820499047,0.312205062542721,0.483799083484559,1.49843267861753,1.80488485079085,NA,NA,NA,NA,NA,10,1992-10-01,"","DATE: Oct-01<br><b>Vapour pressure deficit</b><br>10-90 percentile<br>0.3 to 1.8 kPa","Historical daily maximum<br>3.5 kPa<br>1992-10-01","DATE: Oct-01</b><br>Normal: 1.1 kPa<br>Period: 1991-2020","4010879","BROADVIEW",1967,2026
"10-02","TMAX",2001-10-02,13.9433333333333,1.3,29.4,6.41822208346234,4.84,11.275,17.65,21.45,NA,NA,NA,NA,NA,10,1997-10-02,"","DATE: Oct-02<br><b>Maximum temperature</b><br>10-90 percentile<br>4.8 to 21.5 °C","Historical daily maximum<br>29.4 °C<br>1997-10-02","DATE: Oct-02</b><br>Normal: 13.9 °C<br>Period: 1991-2020","4010879","BROADVIEW",1967,2026
"10-02","TMIN",2001-10-02,0.976666666666667,-8.5,10.2,4.32456362824189,-4.12,-1.175,3.075,5.82,NA,NA,NA,NA,NA,10,2011-10-02,"","DATE: Oct-02<br><b>Minimum temperature</b><br>10-90 percentile<br>-4.1 to 5.8 °C","Historical daily maximum<br>10.2 °C<br>2011-10-02","DATE: Oct-02</b><br>Normal: 1.0 °C<br>Period: 1991-2020","4010879","BROADVIEW",1967,2026
"10-02","VPD",2001-10-02,1.03297680618769,0.242862813508002,3.10420834402825,0.684462132742481,0.349139793139015,0.566255774147932,1.26846910832604,1.73015238094477,NA,NA,NA,NA,NA,10,1997-10-02,"","DATE: Oct-02<br><b>Vapour pressure deficit</b><br>10-90 percentile<br>0.3 to 1.7 kPa","Historical daily maximum<br>3.1 kPa<br>1997-10-02","DATE: Oct-02</b><br>Normal: 1.0 kPa<br>Period: 1991-2020","4010879","BROADVIEW",1967,2026
"10-03","TMAX",2001-10-03,12.16,1.8,24.9,6.42235320499077,4.18,7.45,16.9,21.42,NA,NA,NA,NA,NA,10,1987-10-03,"","DATE: Oct-03<br><b>Maximum temperature</b><br>10-90 percentile<br>4.2 to 21.4 °C","Historical daily maximum<br>24.9 °C<br>1987-10-03","DATE: Oct-03</b><br>Normal: 12.2 °C<br>Period: 1991-2020","4010879","BROADVIEW",1967,2026
"10-03","TMIN",2001-10-03,-0.176666666666667,-6.6,6.9,3.84382023812099,-5.43,-2.55,2.275,5.05,NA,NA,NA,NA,NA,10,1987-10-03,"","DATE: Oct-03<br><b>Minimum temperature</b><br>10-90 percentile<br>-5.4 to 5.1 °C","Historical daily maximum<br>6.9 °C<br>1987-10-03","DATE: Oct-03</b><br>Normal: -0.2 °C<br>Period: 1991-2020","4010879","BROADVIEW",1967,2026
"10-03","VPD",2001-10-03,0.906522853038712,0.261460693409519,2.27664671889073,0.559619146081209,0.309763558108969,0.46296060582122,1.10887668260766,1.74159943853783,NA,NA,NA,NA,NA,10,1987-10-03,"","DATE: Oct-03<br><b>Vapour pressure deficit</b><br>10-90 percentile<br>0.3 to 1.7 kPa","Historical daily maximum<br>2.3 kPa<br>1987-10-03","DATE: Oct-03</b><br>Normal: 0.9 kPa<br>Period: 1991-2020","4010879","BROADVIEW",1967,2026
"10-04","TMAX",2001-10-04,12.72,3.5,25.7,7.02102261929768,4.4,6.5,18.575,23.08,NA,NA,NA,NA,NA,10,2021-10-04,"","DATE: Oct-04<br><b>Maximum temperature</b><br>10-90 percentile<br>4.4 to 23.1 °C","Historical daily maximum<br>25.7 °C<br>2021-10-04","DATE: Oct-04</b><br>Normal: 12.7 °C<br>Period: 1991-2020","4010879","BROADVIEW",1967,2026
"10-04","TMIN",2001-10-04,-0.77,-12.1,7.3,5.19762213536815,-6.32,-4.025,3,6.61,NA,NA,NA,NA,NA,10,1975-10-04,"","DATE: Oct-04<br><b>Minimum temperature</b><br>10-90 percentile<br>-6.3 to 6.6 °C","Historical daily maximum<br>7.3 °C<br>1975-10-04","DATE: Oct-04</b><br>Normal: -0.8 °C<br>Period: 1991-2020","4010879","BROADVIEW",1967,2026
"10-04","VPD",2001-10-04,0.99818730798198,0.11178925822036,2.34302002813018,0.694415595401695,0.275096781096955,0.453765568245918,1.59578121693159,2.00138353330529,NA,NA,NA,NA,NA,10,2021-10-04,"","DATE: Oct-04<br><b>Vapour pressure deficit</b><br>10-90 percentile<br>0.3 to 2.0 kPa","Historical daily maximum<br>2.3 kPa<br>2021-10-04","DATE: Oct-04</b><br>Normal: 1.0 kPa<br>Period: 1991-2020","4010879","BROADVIEW",1967,2026
"10-05","TMAX",2001-10-05,12.21,1,28,7.6299026070523,4.56,5.45,18.075,22.09,NA,NA,NA,NA,NA,10,2021-10-05,"","DATE: Oct-05<br><b>Maximum temperature</b><br>10-90 percentile<br>4.6 to 22.1 °C","Historical daily maximum<br>28.0 °C<br>2021-10-05","DATE: Oct-05</b><br>Normal: 12.2 °C<br>Period: 1991-2020","4010879","BROADVIEW",1967,2026
"10-05","TMIN",2001-10-05,0.646666666666667,-8.7,10.2,5.1653843421665,-5.79,-1.575,4.375,7.19,NA,NA,NA,NA,NA,10,2011-10-05,"","DATE: Oct-05<br><b>Minimum temperature</b><br>10-90 percentile<br>-5.8 to 7.2 °C","Historical daily maximum<br>10.2 °C<br>2011-10-05","DATE: Oct-05</b><br>Normal: 0.6 °C<br>Period: 1991-2020","4010879","BROADVIEW",1967,2026
"10-05","VPD",2001-10-05,0.906677085636667,0.0697176911647561,2.68575670757315,0.725160557802205,0.232426706794665,0.400563505483498,1.31567496646573,1.8508460071892,NA,NA,NA,NA,NA,10,2021-10-05,"","DATE: Oct-05<br><b>Vapour pressure deficit</b><br>10-90 percentile<br>0.2 to 1.9 kPa","Historical daily maximum<br>2.7 kPa<br>2021-10-05","DATE: Oct-05</b><br>Normal: 0.9 kPa<br>Period: 1991-2020","4010879","BROADVIEW",1967,2026
"10-06","TMAX",2001-10-06,12.7133333333333,1.3,26.9,6.44808088708856,5.3,9.225,16.4,21.47,NA,NA,NA,NA,NA,10,2021-10-06,"","DATE: Oct-06<br><b>Maximum temperature</b><br>10-90 percentile<br>5.3 to 21.5 °C","Historical daily maximum<br>26.9 °C<br>2021-10-06","DATE: Oct-06</b><br>Normal: 12.7 °C<br>Period: 1991-2020","4010879","BROADVIEW",1967,2026
"10-06","TMIN",2001-10-06,-0.0833333333333334,-12.9,14.6,5.7895913341178,-6.24,-2.925,3.3,5.63,NA,NA,NA,NA,NA,10,2011-10-06,"","DATE: Oct-06<br><b>Minimum temperature</b><br>10-90 percentile<br>-6.2 to 5.6 °C","Historical daily maximum<br>14.6 °C<br>2011-10-06","DATE: Oct-06</b><br>Normal: -0.1 °C<br>Period: 1991-2020","4010879","BROADVIEW",1967,2026
"10-06","VPD",2001-10-06,0.934931799895471,0.10429409882794,2.82867122647777,0.628038214839469,0.409269880371083,0.522141378845663,1.03870684096644,1.60667284119948,NA,NA,NA,NA,NA,10,2021-10-06,"","DATE: Oct-06<br><b>Vapour pressure deficit</b><br>10-90 percentile<br>0.4 to 1.6 kPa","Historical daily maximum<br>2.8 kPa<br>2021-10-06","DATE: Oct-06</b><br>Normal: 0.9 kPa<br>Period: 1991-2020","4010879","BROADVIEW",1967,2026
"10-07","TMAX",2001-10-07,13.5733333333333,3.2,26.2,6.04864951204318,5.75,10.3,17.675,20.52,NA,NA,NA,NA,NA,10,2003-10-07,"","DATE: Oct-07<br><b>Maximum temperature</b><br>10-90 percentile<br>5.8 to 20.5 °C","Historical daily maximum<br>26.2 °C<br>2003-10-07","DATE: Oct-07</b><br>Normal: 13.6 °C<br>Period: 1991-2020","4010879","BROADVIEW",1967,2026
"10-07","TMIN",2001-10-07,0.396666666666667,-10.7,6.3,4.17756597449572,-5.44,-1.9,3.075,5.45,NA,NA,NA,NA,NA,10,2021-10-07,"","DATE: Oct-07<br><b>Minimum temperature</b><br>10-90 percentile<br>-5.4 to 5.5 °C","Historical daily maximum<br>6.3 °C<br>2021-10-07","DATE: Oct-07</b><br>Normal: 0.4 °C<br>Period: 1991-2020","4010879","BROADVIEW",1967,2026
"10-07","VPD",2001-10-07,1.00820046368154,0.164473927270317,2.67009269931861,0.595431274008703,0.387149734856631,0.647633513242426,1.3617757982627,1.56643972888817,NA,NA,NA,NA,NA,10,2003-10-07,"","DATE: Oct-07<br><b>Vapour pressure deficit</b><br>10-90 percentile<br>0.4 to 1.6 kPa","Historical daily maximum<br>2.7 kPa<br>2003-10-07","DATE: Oct-07</b><br>Normal: 1.0 kPa<br>Period: 1991-2020","4010879","BROADVIEW",1967,2026
"10-08","TMAX",2001-10-08,12.9933333333333,4.4,25.9,5.41103172859078,6.75,8.225,17.4,19,NA,NA,NA,NA,NA,10,2010-10-08,"","DATE: Oct-08<br><b>Maximum temperature</b><br>10-90 percentile<br>6.8 to 19.0 °C","Historical daily maximum<br>25.9 °C<br>2010-10-08","DATE: Oct-08</b><br>Normal: 13.0 °C<br>Period: 1991-2020","4010879","BROADVIEW",1967,2026
"10-08","TMIN",2001-10-08,0.683333333333333,-9.8,5.8,3.70620014843099,-3.94,-0.75,3.075,5.12,NA,NA,NA,NA,NA,10,1981-10-08,"","DATE: Oct-08<br><b>Minimum temperature</b><br>10-90 percentile<br>-3.9 to 5.1 °C","Historical daily maximum<br>5.8 °C<br>1981-10-08","DATE: Oct-08</b><br>Normal: 0.7 °C<br>Period: 1991-2020","4010879","BROADVIEW",1967,2026
"10-08","VPD",2001-10-08,0.919247882295651,0.320630914288082,2.41937995777984,0.510942779393792,0.366523318198926,0.489008295215472,1.27975793295161,1.55644895580434,NA,NA,NA,NA,NA,10,2024-10-08,"","DATE: Oct-08<br><b>Vapour pressure deficit</b><br>10-90 percentile<br>0.4 to 1.6 kPa","Historical daily maximum<br>2.4 kPa<br>2024-10-08","DATE: Oct-08</b><br>Normal: 0.9 kPa<br>Period: 1991-2020","4010879","BROADVIEW",1967,2026
"10-09","TMAX",2001-10-09,12.7666666666667,-0.2,24.8,6.02822861460023,4.69,9.55,15.95,21.22,NA,NA,NA,NA,NA,10,2024-10-09,"","DATE: Oct-09<br><b>Maximum temperature</b><br>10-90 percentile<br>4.7 to 21.2 °C","Historical daily maximum<br>24.8 °C<br>2024-10-09","DATE: Oct-09</b><br>Normal: 12.8 °C<br>Period: 1991-2020","4010879","BROADVIEW",1967,2026
"10-09","TMIN",2001-10-09,0.213333333333333,-5.8,6.7,3.69517237088809,-4.55,-2.575,3.325,5.15,NA,NA,NA,NA,NA,10,1984-10-09,"","DATE: Oct-09<br><b>Minimum temperature</b><br>10-90 percentile<br>-4.5 to 5.2 °C","Historical daily maximum<br>6.7 °C<br>1984-10-09","DATE: Oct-09</b><br>Normal: 0.2 °C<br>Period: 1991-2020","4010879","BROADVIEW",1967,2026
"10-09","VPD",2001-10-09,0.933839578438204,0.180790058819653,2.38315767286264,0.578581133817275,0.282148108542976,0.391116870819322,1.15657882310225,1.73113227824369,NA,NA,NA,NA,NA,10,2024-10-09,"","DATE: Oct-09<br><b>Vapour pressure deficit</b><br>10-90 percentile<br>0.3 to 1.7 kPa","Historical daily maximum<br>2.4 kPa<br>2024-10-09","DATE: Oct-09</b><br>Normal: 0.9 kPa<br>Period: 1991-2020","4010879","BROADVIEW",1967,2026
"10-10","TMAX",2001-10-10,13.58,-1.2,24.2,7.10077217753403,4.62,7.875,19.425,21.47,NA,NA,NA,NA,NA,10,1974-10-10,"","DATE: Oct-10<br><b>Maximum temperature</b><br>10-90 percentile<br>4.6 to 21.5 °C","Historical daily maximum<br>24.2 °C<br>1974-10-10","DATE: Oct-10</b><br>Normal: 13.6 °C<br>Period: 1991-2020","4010879","BROADVIEW",1967,2026
"10-10","TMIN",2001-10-10,0.483333333333333,-7.4,11.4,4.06711651930569,-3.84,-2.475,3.225,5,NA,NA,NA,NA,NA,10,2015-10-10,"","DATE: Oct-10<br><b>Minimum temperature</b><br>10-90 percentile<br>-3.8 to 5.0 °C","Historical daily maximum<br>11.4 °C<br>2015-10-10","DATE: Oct-10</b><br>Normal: 0.5 °C<br>Period: 1991-2020","4010879","BROADVIEW",1967,2026
"10-10","VPD",2001-10-10,1.03510254770739,0.173128453898982,2.21237105838698,0.608844487525038,0.338350461043878,0.425898292829622,1.48952952632754,1.86281336636626,NA,NA,NA,NA,NA,10,1974-10-10,"","DATE: Oct-10<br><b>Vapour pressure deficit</b><br>10-90 percentile<br>0.3 to 1.9 kPa","Historical daily maximum<br>2.2 kPa<br>1974-10-10","DATE: Oct-10</b><br>Normal: 1.0 kPa<br>Period: 1991-2020","4010879","BROADVIEW",1967,2026
"10-11","TMAX",2001-10-11,10.84,-1.3,21.4,6.80444074065631,2.3,5.225,16.175,19.45,NA,NA,NA,NA,NA,10,2025-10-11,"","DATE: Oct-11<br><b>Maximum temperature</b><br>10-90 percentile<br>2.3 to 19.4 °C","Historical daily maximum<br>21.4 °C<br>2025-10-11","DATE: Oct-11</b><br>Normal: 10.8 °C<br>Period: 1991-2020","4010879","BROADVIEW",1967,2026
"10-11","TMIN",2001-10-11,0.316666666666667,-9.9,7.8,4.65225813418886,-6.94,-2.125,3.65,6.22,NA,NA,NA,NA,NA,10,1984-10-11,"","DATE: Oct-11<br><b>Minimum temperature</b><br>10-90 percentile<br>-6.9 to 6.2 °C","Historical daily maximum<br>7.8 °C<br>1984-10-11","DATE: Oct-11</b><br>Normal: 0.3 °C<br>Period: 1991-2020","4010879","BROADVIEW",1967,2026
"10-11","VPD",2001-10-11,0.757209489151537,0.0815593565533267,2.00553896953775,0.501717918323842,0.241760103220763,0.365651042859134,0.957582049235939,1.48339247743651,NA,NA,NA,NA,NA,10,2000-10-11,"","DATE: Oct-11<br><b>Vapour pressure deficit</b><br>10-90 percentile<br>0.2 to 1.5 kPa","Historical daily maximum<br>2.0 kPa<br>2000-10-11","DATE: Oct-11</b><br>Normal: 0.8 kPa<br>Period: 1991-2020","4010879","BROADVIEW",1967,2026
"10-12","TMAX",2001-10-12,9.18,-2,19.6,5.15313095318658,2.78,6.05,12.8,14.77,NA,NA,NA,NA,NA,10,1987-10-12,"","DATE: Oct-12<br><b>Maximum temperature</b><br>10-90 percentile<br>2.8 to 14.8 °C","Historical daily maximum<br>19.6 °C<br>1987-10-12","DATE: Oct-12</b><br>Normal: 9.2 °C<br>Period: 1991-2020","4010879","BROADVIEW",1967,2026
"10-12","TMIN",2001-10-12,-0.91,-9.1,5.5,3.58294330943439,-5.79,-3.65,0.675,3.86,NA,NA,NA,NA,NA,10,1984-10-12,"","DATE: Oct-12<br><b>Minimum temperature</b><br>10-90 percentile<br>-5.8 to 3.9 °C","Historical daily maximum<br>5.5 °C<br>1984-10-12","DATE: Oct-12</b><br>Normal: -0.9 °C<br>Period: 1991-2020","4010879","BROADVIEW",1967,2026
"10-12","VPD",2001-10-12,0.632780118628943,0.0753583515107645,1.43867602820381,0.322151528499271,0.273167032413013,0.399306752310232,0.856553201105772,0.955294315443633,NA,NA,NA,NA,NA,10,1987-10-12,"","DATE: Oct-12<br><b>Vapour pressure deficit</b><br>10-90 percentile<br>0.3 to 1.0 kPa","Historical daily maximum<br>1.4 kPa<br>1987-10-12","DATE: Oct-12</b><br>Normal: 0.6 kPa<br>Period: 1991-2020","4010879","BROADVIEW",1967,2026
"10-13","TMAX",2001-10-13,9.10333333333333,0.8,17.9,5.06356037568043,1.84,5.15,12.125,16.52,NA,NA,NA,NA,NA,10,1988-10-13,"","DATE: Oct-13<br><b>Maximum temperature</b><br>10-90 percentile<br>1.8 to 16.5 °C","Historical daily maximum<br>17.9 °C<br>1988-10-13","DATE: Oct-13</b><br>Normal: 9.1 °C<br>Period: 1991-2020","4010879","BROADVIEW",1967,2026
"10-13","TMIN",2001-10-13,-2.19666666666667,-8.2,3.7,3.06678348103355,-6.56,-4.55,0.05,1.84,NA,NA,NA,NA,NA,10,1988-10-13,"","DATE: Oct-13<br><b>Minimum temperature</b><br>10-90 percentile<br>-6.6 to 1.8 °C","Historical daily maximum<br>3.7 °C<br>1988-10-13","DATE: Oct-13</b><br>Normal: -2.2 °C<br>Period: 1991-2020","4010879","BROADVIEW",1967,2026
"10-13","VPD",2001-10-13,0.683261303812641,0.118996382131948,1.49299330059715,0.385394785200932,0.213814710001388,0.477627949761974,0.910051652673378,1.3055139751345,NA,NA,NA,NA,NA,10,1988-10-13,"","DATE: Oct-13<br><b>Vapour pressure deficit</b><br>10-90 percentile<br>0.2 to 1.3 kPa","Historical daily maximum<br>1.5 kPa<br>1988-10-13","DATE: Oct-13</b><br>Normal: 0.7 kPa<br>Period: 1991-2020","4010879","BROADVIEW",1967,2026
"10-14","TMAX",2001-10-14,9.51333333333333,-2.1,20.3,5.12463511456877,2.45,6.95,13.525,15.46,NA,NA,NA,NA,NA,10,1988-10-14,"","DATE: Oct-14<br><b>Maximum temperature</b><br>10-90 percentile<br>2.5 to 15.5 °C","Historical daily maximum<br>20.3 °C<br>1988-10-14","DATE: Oct-14</b><br>Normal: 9.5 °C<br>Period: 1991-2020","4010879","BROADVIEW",1967,2026
"10-14","TMIN",2001-10-14,-1.76,-13.4,4.4,4.33753465652457,-6.61,-3.575,1.725,2.73,NA,NA,NA,NA,NA,10,1988-10-14,"","DATE: Oct-14<br><b>Minimum temperature</b><br>10-90 percentile<br>-6.6 to 2.7 °C","Historical daily maximum<br>4.4 °C<br>1988-10-14","DATE: Oct-14</b><br>Normal: -1.8 °C<br>Period: 1991-2020","4010879","BROADVIEW",1967,2026
"10-14","VPD",2001-10-14,0.689374756689679,0.138215982128141,1.79313118025208,0.391407809191336,0.276207805126212,0.403493133092945,0.919143025476169,1.14443577196119,NA,NA,NA,NA,NA,10,1988-10-14,"","DATE: Oct-14<br><b>Vapour pressure deficit</b><br>10-90 percentile<br>0.3 to 1.1 kPa","Historical daily maximum<br>1.8 kPa<br>1988-10-14","DATE: Oct-14</b><br>Normal: 0.7 kPa<br>Period: 1991-2020","4010879","BROADVIEW",1967,2026
"10-15","TMAX",2001-10-15,10.62,-1.1,21.3,5.68448584397435,3.24,6.55,15.5,17.32,NA,NA,NA,NA,NA,10,1986-10-15,"","DATE: Oct-15<br><b>Maximum temperature</b><br>10-90 percentile<br>3.2 to 17.3 °C","Historical daily maximum<br>21.3 °C<br>1986-10-15","DATE: Oct-15</b><br>Normal: 10.6 °C<br>Period: 1991-2020","4010879","BROADVIEW",1967,2026
"10-15","TMIN",2001-10-15,-2.04666666666667,-10.7,9.6,4.32233440546236,-7.22,-4.6,0.5,3.15,NA,NA,NA,NA,NA,10,1994-10-15,"","DATE: Oct-15<br><b>Minimum temperature</b><br>10-90 percentile<br>-7.2 to 3.2 °C","Historical daily maximum<br>9.6 °C<br>1994-10-15","DATE: Oct-15</b><br>Normal: -2.0 °C<br>Period: 1991-2020","4010879","BROADVIEW",1967,2026
"10-15","VPD",2001-10-15,0.808350768836978,0.131426148183627,1.70261085282621,0.426319855672277,0.31285958688555,0.45995267371111,1.08093846409121,1.3582861117656,NA,NA,NA,NA,NA,10,1986-10-15,"","DATE: Oct-15<br><b>Vapour pressure deficit</b><br>10-90 percentile<br>0.3 to 1.4 kPa","Historical daily maximum<br>1.7 kPa<br>1986-10-15","DATE: Oct-15</b><br>Normal: 0.8 kPa<br>Period: 1991-2020","4010879","BROADVIEW",1967,2026
"10-16","TMAX",2001-10-16,9.58333333333333,-1.4,18.5,5.78088904589247,2.99,4.525,13.225,17.48,NA,NA,NA,NA,NA,10,2024-10-16,"","DATE: Oct-16<br><b>Maximum temperature</b><br>10-90 percentile<br>3.0 to 17.5 °C","Historical daily maximum<br>18.5 °C<br>2024-10-16","DATE: Oct-16</b><br>Normal: 9.6 °C<br>Period: 1991-2020","4010879","BROADVIEW",1967,2026
"10-16","TMIN",2001-10-16,-2.59666666666667,-13.1,10.3,5.0462333739501,-8.33,-6.275,0.5,1.9,NA,NA,NA,NA,NA,10,1994-10-16,"","DATE: Oct-16<br><b>Minimum temperature</b><br>10-90 percentile<br>-8.3 to 1.9 °C","Historical daily maximum<br>10.3 °C<br>1994-10-16","DATE: Oct-16</b><br>Normal: -2.6 °C<br>Period: 1991-2020","4010879","BROADVIEW",1967,2026
"10-16","VPD",2001-10-16,0.735322192355498,0.156634670440442,1.58564573494463,0.412012122197502,0.301779728602206,0.396331593642256,0.935339789871171,1.32778852707694,NA,NA,NA,NA,NA,10,2024-10-16,"","DATE: Oct-16<br><b>Vapour pressure deficit</b><br>10-90 percentile<br>0.3 to 1.3 kPa","Historical daily maximum<br>1.6 kPa<br>2024-10-16","DATE: Oct-16</b><br>Normal: 0.7 kPa<br>Period: 1991-2020","4010879","BROADVIEW",1967,2026
"10-17","TMAX",2001-10-17,9.94333333333333,-3,23.4,7.31836062918811,-1.33,6.9,14.025,17.83,NA,NA,NA,NA,NA,10,1997-10-17,"","DATE: Oct-17<br><b>Maximum temperature</b><br>10-90 percentile<br>-1.3 to 17.8 °C","Historical daily maximum<br>23.4 °C<br>1997-10-17","DATE: Oct-17</b><br>Normal: 9.9 °C<br>Period: 1991-2020","4010879","BROADVIEW",1967,2026
"10-17","TMIN",2001-10-17,-2.40666666666667,-13.2,8.9,4.70025188857916,-6.61,-5.175,1.225,1.99,NA,NA,NA,NA,NA,10,1994-10-17,"","DATE: Oct-17<br><b>Minimum temperature</b><br>10-90 percentile<br>-6.6 to 2.0 °C","Historical daily maximum<br>8.9 °C<br>1994-10-17","DATE: Oct-17</b><br>Normal: -2.4 °C<br>Period: 1991-2020","4010879","BROADVIEW",1967,2026
"10-17","VPD",2001-10-17,0.810248505394343,0.0805905492718868,2.22142112076928,0.596328729680492,0.13109821702965,0.358205847789199,1.18672693940326,1.54140551887227,NA,NA,NA,NA,NA,10,1997-10-17,"","DATE: Oct-17<br><b>Vapour pressure deficit</b><br>10-90 percentile<br>0.1 to 1.5 kPa","Historical daily maximum<br>2.2 kPa<br>1997-10-17","DATE: Oct-17</b><br>Normal: 0.8 kPa<br>Period: 1991-2020","4010879","BROADVIEW",1967,2026
"10-18","TMAX",2001-10-18,9.03,-2.3,23.4,6.8456958539025,-0.39,4.9,13.225,18.89,NA,NA,NA,NA,NA,10,2000-10-18,"","DATE: Oct-18<br><b>Maximum temperature</b><br>10-90 percentile<br>-0.4 to 18.9 °C","Historical daily maximum<br>23.4 °C<br>2000-10-18","DATE: Oct-18</b><br>Normal: 9.0 °C<br>Period: 1991-2020","4010879","BROADVIEW",1967,2026
"10-18","TMIN",2001-10-18,-2.05666666666667,-15.1,6.1,4.63373561472021,-7.79,-5.025,0.4,2.83,NA,NA,NA,NA,NA,10,1975-10-18,"","DATE: Oct-18<br><b>Minimum temperature</b><br>10-90 percentile<br>-7.8 to 2.8 °C","Historical daily maximum<br>6.1 °C<br>1975-10-18","DATE: Oct-18</b><br>Normal: -2.1 °C<br>Period: 1991-2020","4010879","BROADVIEW",1967,2026
"10-18","VPD",2001-10-18,0.709568639599132,0.0813763272734489,2.14160819571366,0.532493219232891,0.187621165572915,0.302867344423027,0.911951814538863,1.55737828289068,NA,NA,NA,NA,NA,10,2000-10-18,"","DATE: Oct-18<br><b>Vapour pressure deficit</b><br>10-90 percentile<br>0.2 to 1.6 kPa","Historical daily maximum<br>2.1 kPa<br>2000-10-18","DATE: Oct-18</b><br>Normal: 0.7 kPa<br>Period: 1991-2020","4010879","BROADVIEW",1967,2026
"10-19","TMAX",2001-10-19,9.44333333333333,-0.8,23.2,6.48253267520168,0.46,4.25,13.2,17.74,NA,NA,NA,NA,NA,10,1978-10-19,"","DATE: Oct-19<br><b>Maximum temperature</b><br>10-90 percentile<br>0.5 to 17.7 °C","Historical daily maximum<br>23.2 °C<br>1978-10-19","DATE: Oct-19</b><br>Normal: 9.4 °C<br>Period: 1991-2020","4010879","BROADVIEW",1967,2026
"10-19","TMIN",2001-10-19,-2.85666666666667,-11.8,3.6,4.00651911293318,-8.47,-5.875,0.4,1.22,NA,NA,NA,NA,NA,10,1985-10-19,"","DATE: Oct-19<br><b>Minimum temperature</b><br>10-90 percentile<br>-8.5 to 1.2 °C","Historical daily maximum<br>3.6 °C<br>1985-10-19","DATE: Oct-19</b><br>Normal: -2.9 °C<br>Period: 1991-2020","4010879","BROADVIEW",1967,2026
"10-19","VPD",2001-10-19,0.7710504684021,0.118274168011951,2.32394966089745,0.545869482929626,0.222405876990852,0.358334454124439,0.957693458268904,1.47265224428498,NA,NA,NA,NA,NA,10,2017-10-19,"","DATE: Oct-19<br><b>Vapour pressure deficit</b><br>10-90 percentile<br>0.2 to 1.5 kPa","Historical daily maximum<br>2.3 kPa<br>2017-10-19","DATE: Oct-19</b><br>Normal: 0.8 kPa<br>Period: 1991-2020","4010879","BROADVIEW",1967,2026
"10-20","TMAX",2001-10-20,8.54,-4,25.1,7.08011299344862,-0.00999999999999961,3.975,12.225,17.73,NA,NA,NA,NA,NA,10,2017-10-20,"","DATE: Oct-20<br><b>Maximum temperature</b><br>10-90 percentile<br>0.0 to 17.7 °C","Historical daily maximum<br>25.1 °C<br>2017-10-20","DATE: Oct-20</b><br>Normal: 8.5 °C<br>Period: 1991-2020","4010879","BROADVIEW",1967,2026
"10-20","TMIN",2001-10-20,-2.92,-13.2,5.1,5.08265475026042,-9.54,-6.075,1.2,3.12,NA,NA,NA,NA,NA,10,2015-10-20,"","DATE: Oct-20<br><b>Minimum temperature</b><br>10-90 percentile<br>-9.5 to 3.1 °C","Historical daily maximum<br>5.1 °C<br>2015-10-20","DATE: Oct-20</b><br>Normal: -2.9 °C<br>Period: 1991-2020","4010879","BROADVIEW",1967,2026
"10-20","VPD",2001-10-20,0.70685445670093,0.100094626234223,2.35025197958713,0.527197037881008,0.253732680131756,0.302348004001726,0.911801566783134,1.28963380470722,NA,NA,NA,NA,NA,10,2017-10-20,"","DATE: Oct-20<br><b>Vapour pressure deficit</b><br>10-90 percentile<br>0.3 to 1.3 kPa","Historical daily maximum<br>2.4 kPa<br>2017-10-20","DATE: Oct-20</b><br>Normal: 0.7 kPa<br>Period: 1991-2020","4010879","BROADVIEW",1967,2026
"10-21","TMAX",2001-10-21,9.13,-3,23.5,7.07707079479093,0.28,2.575,14.3,17.69,NA,NA,NA,NA,NA,10,2024-10-21,"","DATE: Oct-21<br><b>Maximum temperature</b><br>10-90 percentile<br>0.3 to 17.7 °C","Historical daily maximum<br>23.5 °C<br>2024-10-21","DATE: Oct-21</b><br>Normal: 9.1 °C<br>Period: 1991-2020","4010879","BROADVIEW",1967,2026
"10-21","TMIN",2001-10-21,-2.75,-15.5,4.9,4.75965443544251,-8.72,-5.925,0.225,2.83,NA,NA,NA,NA,NA,10,1989-10-21,"","DATE: Oct-21<br><b>Minimum temperature</b><br>10-90 percentile<br>-8.7 to 2.8 °C","Historical daily maximum<br>4.9 °C<br>1989-10-21","DATE: Oct-21</b><br>Normal: -2.8 °C<br>Period: 1991-2020","4010879","BROADVIEW",1967,2026
"10-21","VPD",2001-10-21,0.749450458190421,0.0610595372974093,2.27126566603841,0.511028700178573,0.235583198498589,0.330277882536609,1.08633963991399,1.31494505870961,NA,NA,NA,NA,NA,10,2024-10-21,"","DATE: Oct-21<br><b>Vapour pressure deficit</b><br>10-90 percentile<br>0.2 to 1.3 kPa","Historical daily maximum<br>2.3 kPa<br>2024-10-21","DATE: Oct-21</b><br>Normal: 0.7 kPa<br>Period: 1991-2020","4010879","BROADVIEW",1967,2026
"10-22","TMAX",2001-10-22,8.12333333333333,-1.6,20.8,5.84068272658631,0.900000000000001,4,12.175,15.25,NA,NA,NA,NA,NA,10,1989-10-22,"","DATE: Oct-22<br><b>Maximum temperature</b><br>10-90 percentile<br>0.9 to 15.2 °C","Historical daily maximum<br>20.8 °C<br>1989-10-22","DATE: Oct-22</b><br>Normal: 8.1 °C<br>Period: 1991-2020","4010879","BROADVIEW",1967,2026
"10-22","TMIN",2001-10-22,-4.06333333333333,-12.2,4.6,4.54710846608027,-10.24,-7.225,-1.175,1.38,NA,NA,NA,NA,NA,10,1998-10-22,"","DATE: Oct-22<br><b>Minimum temperature</b><br>10-90 percentile<br>-10.2 to 1.4 °C","Historical daily maximum<br>4.6 °C<br>1998-10-22","DATE: Oct-22</b><br>Normal: -4.1 °C<br>Period: 1991-2020","4010879","BROADVIEW",1967,2026
"10-22","VPD",2001-10-22,0.681397900447195,0.0973881280876672,1.60836411814439,0.375778246286164,0.273571389704737,0.395839644116541,0.856574695689203,1.19363174615416,NA,NA,NA,NA,NA,10,1989-10-22,"","DATE: Oct-22<br><b>Vapour pressure deficit</b><br>10-90 percentile<br>0.3 to 1.2 kPa","Historical daily maximum<br>1.6 kPa<br>1989-10-22","DATE: Oct-22</b><br>Normal: 0.7 kPa<br>Period: 1991-2020","4010879","BROADVIEW",1967,2026
"10-23","TMAX",2001-10-23,8.28,-5.1,20.5,6.75203162274013,-0.469999999999999,3.925,12.425,17.08,NA,NA,NA,NA,NA,10,1989-10-23,"","DATE: Oct-23<br><b>Maximum temperature</b><br>10-90 percentile<br>-0.5 to 17.1 °C","Historical daily maximum<br>20.5 °C<br>1989-10-23","DATE: Oct-23</b><br>Normal: 8.3 °C<br>Period: 1991-2020","4010879","BROADVIEW",1967,2026
"10-23","TMIN",2001-10-23,-3.47,-12,2.1,3.89253485356354,-8.55,-6.55,-0.125,0.750000000000001,NA,NA,NA,NA,NA,10,1982-10-23,"","DATE: Oct-23<br><b>Minimum temperature</b><br>10-90 percentile<br>-8.6 to 0.8 °C","Historical daily maximum<br>2.1 °C<br>1982-10-23","DATE: Oct-23</b><br>Normal: -3.5 °C<br>Period: 1991-2020","4010879","BROADVIEW",1967,2026
"10-23","VPD",2001-10-23,0.700840307386628,0.0960575760668533,1.74539282640845,0.440219732946116,0.15371178846169,0.317168531708277,1.02158197568761,1.37998673796282,NA,NA,NA,NA,NA,10,1989-10-23,"","DATE: Oct-23<br><b>Vapour pressure deficit</b><br>10-90 percentile<br>0.2 to 1.4 kPa","Historical daily maximum<br>1.7 kPa<br>1989-10-23","DATE: Oct-23</b><br>Normal: 0.7 kPa<br>Period: 1991-2020","4010879","BROADVIEW",1967,2026
"10-24","TMAX",2001-10-24,9.14333333333333,-5.7,22.4,7.66774180367441,-2.03,3.875,14.5,20.01,NA,NA,NA,NA,NA,10,1999-10-24,"","DATE: Oct-24<br><b>Maximum temperature</b><br>10-90 percentile<br>-2.0 to 20.0 °C","Historical daily maximum<br>22.4 °C<br>1999-10-24","DATE: Oct-24</b><br>Normal: 9.1 °C<br>Period: 1991-2020","4010879","BROADVIEW",1967,2026
"10-24","TMIN",2001-10-24,-3.46666666666667,-12.9,5.9,4.46521678303979,-8.62,-6,-1.075,1.58,NA,NA,NA,NA,NA,10,2000-10-24,"","DATE: Oct-24<br><b>Minimum temperature</b><br>10-90 percentile<br>-8.6 to 1.6 °C","Historical daily maximum<br>5.9 °C<br>2000-10-24","DATE: Oct-24</b><br>Normal: -3.5 °C<br>Period: 1991-2020","4010879","BROADVIEW",1967,2026
"10-24","VPD",2001-10-24,0.795365483703878,0.0777474263880347,1.86433079040096,0.526822913103946,0.203584747013715,0.34441204008998,1.13180971992017,1.49279760001871,NA,NA,NA,NA,NA,10,1992-10-24,"","DATE: Oct-24<br><b>Vapour pressure deficit</b><br>10-90 percentile<br>0.2 to 1.5 kPa","Historical daily maximum<br>1.9 kPa<br>1992-10-24","DATE: Oct-24</b><br>Normal: 0.8 kPa<br>Period: 1991-2020","4010879","BROADVIEW",1967,2026
"10-25","TMAX",2001-10-25,7.88333333333333,-5.1,15.2,5.06639253644379,0.75,5.525,10.925,14.03,NA,NA,NA,NA,NA,10,2025-10-25,"","DATE: Oct-25<br><b>Maximum temperature</b><br>10-90 percentile<br>0.8 to 14.0 °C","Historical daily maximum<br>15.2 °C<br>2025-10-25","DATE: Oct-25</b><br>Normal: 7.9 °C<br>Period: 1991-2020","4010879","BROADVIEW",1967,2026
"10-25","TMIN",2001-10-25,-2.63666666666667,-15.1,4.1,4.34879954369759,-6.82,-5.05,0.6,1.91,NA,NA,NA,NA,NA,10,2010-10-25,"","DATE: Oct-25<br><b>Minimum temperature</b><br>10-90 percentile<br>-6.8 to 1.9 °C","Historical daily maximum<br>4.1 °C<br>2010-10-25","DATE: Oct-25</b><br>Normal: -2.6 °C<br>Period: 1991-2020","4010879","BROADVIEW",1967,2026
"10-25","VPD",2001-10-25,0.591528346154133,0.103902703402136,1.24144551658436,0.323587592329236,0.255313451952156,0.358641999203041,0.815824527539118,1.05474396436075,NA,NA,NA,NA,NA,10,2025-10-25,"","DATE: Oct-25<br><b>Vapour pressure deficit</b><br>10-90 percentile<br>0.3 to 1.1 kPa","Historical daily maximum<br>1.2 kPa<br>2025-10-25","DATE: Oct-25</b><br>Normal: 0.6 kPa<br>Period: 1991-2020","4010879","BROADVIEW",1967,2026
"10-26","TMAX",2001-10-26,7.33666666666667,-3.5,18.1,5.76526359916145,0.0300000000000003,3.025,10.475,14.16,NA,NA,NA,NA,NA,10,1974-10-26,"","DATE: Oct-26<br><b>Maximum temperature</b><br>10-90 percentile<br>0.0 to 14.2 °C","Historical daily maximum<br>18.1 °C<br>1974-10-26","DATE: Oct-26</b><br>Normal: 7.3 °C<br>Period: 1991-2020","4010879","BROADVIEW",1967,2026
"10-26","TMIN",2001-10-26,-4.72,-17.2,3.3,4.57138023373459,-10.42,-6.2,-1.725,-0.359999999999998,NA,NA,NA,NA,NA,10,2025-10-26,"","DATE: Oct-26<br><b>Minimum temperature</b><br>10-90 percentile<br>-10.4 to -0.4 °C","Historical daily maximum<br>3.3 °C<br>2025-10-26","DATE: Oct-26</b><br>Normal: -4.7 °C<br>Period: 1991-2020","4010879","BROADVIEW",1967,2026
"10-26","VPD",2001-10-26,0.643330919697903,0.120133288984817,1.44815984174105,0.375073843109856,0.243917755071265,0.361808953019765,0.786614091671593,1.16759012903709,NA,NA,NA,NA,NA,10,1974-10-26,"","DATE: Oct-26<br><b>Vapour pressure deficit</b><br>10-90 percentile<br>0.2 to 1.2 kPa","Historical daily maximum<br>1.4 kPa<br>1974-10-26","DATE: Oct-26</b><br>Normal: 0.6 kPa<br>Period: 1991-2020","4010879","BROADVIEW",1967,2026
"10-27","TMAX",2001-10-27,7.08,-4.2,17.6,5.29602323153567,-0.35,4.025,10.15,13,NA,NA,NA,NA,NA,10,1986-10-27,"","DATE: Oct-27<br><b>Maximum temperature</b><br>10-90 percentile<br>-0.3 to 13.0 °C","Historical daily maximum<br>17.6 °C<br>1986-10-27","DATE: Oct-27</b><br>Normal: 7.1 °C<br>Period: 1991-2020","4010879","BROADVIEW",1967,2026
"10-27","TMIN",2001-10-27,-3.32,-12.4,6,4.58140168281612,-8.62,-7.375,-0.425,1.53,NA,NA,NA,NA,NA,10,1994-10-27,"","DATE: Oct-27<br><b>Minimum temperature</b><br>10-90 percentile<br>-8.6 to 1.5 °C","Historical daily maximum<br>6.0 °C<br>1994-10-27","DATE: Oct-27</b><br>Normal: -3.3 °C<br>Period: 1991-2020","4010879","BROADVIEW",1967,2026
"10-27","VPD",2001-10-27,0.561898429949297,0.125905394757369,1.31148721266698,0.309940026808305,0.211238465105433,0.319642846187225,0.735679972516481,0.878345005239985,NA,NA,NA,NA,NA,10,1986-10-27,"","DATE: Oct-27<br><b>Vapour pressure deficit</b><br>10-90 percentile<br>0.2 to 0.9 kPa","Historical daily maximum<br>1.3 kPa<br>1986-10-27","DATE: Oct-27</b><br>Normal: 0.6 kPa<br>Period: 1991-2020","4010879","BROADVIEW",1967,2026
"10-28","TMAX",2001-10-28,4.88,-7.5,16,6.44463957955329,-3.27,-0.3,8.875,13.1,NA,NA,NA,NA,NA,10,1985-10-28,"","DATE: Oct-28<br><b>Maximum temperature</b><br>10-90 percentile<br>-3.3 to 13.1 °C","Historical daily maximum<br>16.0 °C<br>1985-10-28","DATE: Oct-28</b><br>Normal: 4.9 °C<br>Period: 1991-2020","4010879","BROADVIEW",1967,2026
"10-28","TMIN",2001-10-28,-4.16,-15.7,5.8,5.4765707871082,-12.28,-8.25,-0.3,1.55,NA,NA,NA,NA,NA,10,2004-10-28,"","DATE: Oct-28<br><b>Minimum temperature</b><br>10-90 percentile<br>-12.3 to 1.6 °C","Historical daily maximum<br>5.8 °C<br>2004-10-28","DATE: Oct-28</b><br>Normal: -4.2 °C<br>Period: 1991-2020","4010879","BROADVIEW",1967,2026
"10-28","VPD",2001-10-28,0.459205307028771,0.0576014763172186,1.42504011186171,0.360421797214043,0.12294824339981,0.186235509745157,0.56788352306193,1.01735948399012,NA,NA,NA,NA,NA,10,1985-10-28,"","DATE: Oct-28<br><b>Vapour pressure deficit</b><br>10-90 percentile<br>0.1 to 1.0 kPa","Historical daily maximum<br>1.4 kPa<br>1985-10-28","DATE: Oct-28</b><br>Normal: 0.5 kPa<br>Period: 1991-2020","4010879","BROADVIEW",1967,2026
"10-29","TMAX",2001-10-29,3.98666666666667,-9.5,19.1,6.56247079905928,-5.89,0.2,6.8,11.74,NA,NA,NA,NA,NA,10,2008-10-29,"","DATE: Oct-29<br><b>Maximum temperature</b><br>10-90 percentile<br>-5.9 to 11.7 °C","Historical daily maximum<br>19.1 °C<br>2008-10-29","DATE: Oct-29</b><br>Normal: 4.0 °C<br>Period: 1991-2020","4010879","BROADVIEW",1967,2026
"10-29","TMIN",2001-10-29,-4.69,-16.2,8.2,5.76417891990608,-13.39,-9.55,-0.9,0.260000000000001,NA,NA,NA,NA,NA,10,2000-10-29,"","DATE: Oct-29<br><b>Minimum temperature</b><br>10-90 percentile<br>-13.4 to 0.3 °C","Historical daily maximum<br>8.2 °C<br>2000-10-29","DATE: Oct-29</b><br>Normal: -4.7 °C<br>Period: 1991-2020","4010879","BROADVIEW",1967,2026
"10-29","VPD",2001-10-29,0.423254590614419,0.0557723325753582,1.67190228684491,0.353540015977909,0.112662471868373,0.186987340066941,0.474339754460114,0.727571427348856,NA,NA,NA,NA,NA,10,2008-10-29,"","DATE: Oct-29<br><b>Vapour pressure deficit</b><br>10-90 percentile<br>0.1 to 0.7 kPa","Historical daily maximum<br>1.7 kPa<br>2008-10-29","DATE: Oct-29</b><br>Normal: 0.4 kPa<br>Period: 1991-2020","4010879","BROADVIEW",1967,2026
"10-30","TMAX",2001-10-30,3.67,-8.5,13.2,6.20373358106452,-4.76,-1.55,7.675,12.04,NA,NA,NA,NA,NA,10,1983-10-30,"","DATE: Oct-30<br><b>Maximum temperature</b><br>10-90 percentile<br>-4.8 to 12.0 °C","Historical daily maximum<br>13.2 °C<br>1983-10-30","DATE: Oct-30</b><br>Normal: 3.7 °C<br>Period: 1991-2020","4010879","BROADVIEW",1967,2026
"10-30","TMIN",2001-10-30,-5.09666666666667,-19.1,5.2,5.46199933921721,-13.32,-8.225,-1.325,0.450000000000001,NA,NA,NA,NA,NA,10,2000-10-30,"","DATE: Oct-30<br><b>Minimum temperature</b><br>10-90 percentile<br>-13.3 to 0.5 °C","Historical daily maximum<br>5.2 °C<br>2000-10-30","DATE: Oct-30</b><br>Normal: -5.1 °C<br>Period: 1991-2020","4010879","BROADVIEW",1967,2026
"10-30","VPD",2001-10-30,0.411111904823229,0.0557877059925566,1.00019560430727,0.259217530018426,0.152691723034363,0.201381664054179,0.529890187442692,0.771271229946464,NA,NA,NA,NA,NA,10,1983-10-30,"","DATE: Oct-30<br><b>Vapour pressure deficit</b><br>10-90 percentile<br>0.2 to 0.8 kPa","Historical daily maximum<br>1.0 kPa<br>1983-10-30","DATE: Oct-30</b><br>Normal: 0.4 kPa<br>Period: 1991-2020","4010879","BROADVIEW",1967,2026
"10-31","TMAX",2001-10-31,4.39333333333333,-9.7,21.8,6.14597896768809,-3.71,1.125,8.425,9.8,NA,NA,NA,NA,NA,10,1999-10-31,"","DATE: Oct-31<br><b>Maximum temperature</b><br>10-90 percentile<br>-3.7 to 9.8 °C","Historical daily maximum<br>21.8 °C<br>1999-10-31","DATE: Oct-31</b><br>Normal: 4.4 °C<br>Period: 1991-2020","4010879","BROADVIEW",1967,2026
"10-31","TMIN",2001-10-31,-5.51,-15.7,3.8,4.7337635388113,-11.79,-8.425,-1.35,0.200000000000001,NA,NA,NA,NA,NA,10,1983-10-31,"","DATE: Oct-31<br><b>Minimum temperature</b><br>10-90 percentile<br>-11.8 to 0.2 °C","Historical daily maximum<br>3.8 °C<br>1983-10-31","DATE: Oct-31</b><br>Normal: -5.5 °C<br>Period: 1991-2020","4010879","BROADVIEW",1967,2026
"10-31","VPD",2001-10-31,0.476812337433369,0.0606701713774514,1.95040829266132,0.359487366318675,0.125906968090785,0.248471021703576,0.615895511277094,0.744979568023534,NA,NA,NA,NA,NA,10,1999-10-31,"","DATE: Oct-31<br><b>Vapour pressure deficit</b><br>10-90 percentile<br>0.1 to 0.7 kPa","Historical daily maximum<br>2.0 kPa<br>1999-10-31","DATE: Oct-31</b><br>Normal: 0.5 kPa<br>Period: 1991-2020","4010879","BROADVIEW",1967,2026
