"AES","NAME","MD","variable","por_start","por_end","clim_mean","clim_sd","clim_max","clim_max_date","value","rec_all_val","rec_all_date","value_record"
"407N51G","NIPAWIN","04-01","BUI",1994,2026,8.9,NA,8.9,2012-04-01,NA,192.4,2021-08-03,NA
"407N51G","NIPAWIN","04-02","BUI",1994,2026,15.9,13.0107647738325,25.1,2010-04-02,NA,192.4,2021-08-03,NA
"407N51G","NIPAWIN","04-03","BUI",1994,2026,17.4,12.3036579926459,26.1,2010-04-03,NA,192.4,2021-08-03,NA
"407N51G","NIPAWIN","04-04","BUI",1994,2026,19.8,10.4651803615609,27.2,2010-04-04,NA,192.4,2021-08-03,NA
"407N51G","NIPAWIN","04-05","BUI",1994,2026,21.65,8.41457069611992,27.6,2010-04-05,NA,192.4,2021-08-03,NA
"407N51G","NIPAWIN","04-06","BUI",1994,2026,28.8,NA,28.8,2010-04-06,NA,192.4,2021-08-03,NA
"407N51G","NIPAWIN","04-07","BUI",1994,2026,30,NA,30,2010-04-07,NA,192.4,2021-08-03,NA
"407N51G","NIPAWIN","04-08","BUI",1994,2026,31.7,NA,31.7,2010-04-08,NA,192.4,2021-08-03,NA
"407N51G","NIPAWIN","04-09","BUI",1994,2026,31.9,NA,31.9,2010-04-09,NA,192.4,2021-08-03,NA
"407N51G","NIPAWIN","04-10","BUI",1994,2026,30.1,NA,30.1,2010-04-10,NA,192.4,2021-08-03,NA
"407N51G","NIPAWIN","04-11","BUI",1994,2026,NA,NA,15.7,2024-04-11,NA,192.4,2021-08-03,NA
"407N51G","NIPAWIN","04-12","BUI",1994,2026,31.3,NA,31.3,2010-04-12,NA,192.4,2021-08-03,NA
"407N51G","NIPAWIN","04-13","BUI",1994,2026,22.2,NA,22.2,2010-04-13,NA,192.4,2021-08-03,NA
"407N51G","NIPAWIN","04-14","BUI",1994,2026,10.4,NA,22.3,2024-04-14,NA,192.4,2021-08-03,NA
"407N51G","NIPAWIN","04-15","BUI",1994,2026,10.75,3.18198051533946,26.1,2024-04-15,NA,192.4,2021-08-03,NA
"407N51G","NIPAWIN","04-16","BUI",1994,2026,12.55,2.1920310216783,18.6,2023-04-16,NA,192.4,2021-08-03,NA
"407N51G","NIPAWIN","04-17","BUI",1994,2026,15.05,1.34350288425444,20.1,2023-04-17,NA,192.4,2021-08-03,NA
"407N51G","NIPAWIN","04-18","BUI",1994,2026,14.1333333333333,2.66333124739176,21.1,2023-04-18,NA,192.4,2021-08-03,NA
"407N51G","NIPAWIN","04-19","BUI",1994,2026,17.4666666666667,2.25462487641145,21.3,2023-04-19,NA,192.4,2021-08-03,NA
"407N51G","NIPAWIN","04-20","BUI",1994,2026,19.1666666666667,4.84183160935336,22.4,2010-04-20,NA,192.4,2021-08-03,NA
"407N51G","NIPAWIN","04-21","BUI",1994,2026,31.76,30.8052430602325,85.4,2000-04-21,NA,192.4,2021-08-03,NA
"407N51G","NIPAWIN","04-22","BUI",1994,2026,29.7714285714286,26.3731374878375,87.7,2000-04-22,NA,192.4,2021-08-03,NA
"407N51G","NIPAWIN","04-23","BUI",1994,2026,32.2714285714286,26.6656904583221,90.8,2000-04-23,NA,192.4,2021-08-03,NA
"407N51G","NIPAWIN","04-24","BUI",1994,2026,31.5428571428571,27.4006604021909,91.5,2000-04-24,NA,192.4,2021-08-03,NA
"407N51G","NIPAWIN","04-25","BUI",1994,2026,35.0666666666667,28.960225597648,92,2000-04-25,NA,192.4,2021-08-03,NA
"407N51G","NIPAWIN","04-26","BUI",1994,2026,33.7285714285714,27.5031946196385,93.4,2000-04-26,NA,192.4,2021-08-03,NA
"407N51G","NIPAWIN","04-27","BUI",1994,2026,31.0888888888889,25.10485234195,94.6,2000-04-27,NA,192.4,2021-08-03,NA
"407N51G","NIPAWIN","04-28","BUI",1994,2026,33.0777777777778,24.758724612638,96,2000-04-28,NA,192.4,2021-08-03,NA
"407N51G","NIPAWIN","04-29","BUI",1994,2026,33.07,24.3615840572361,97.6,2000-04-29,NA,192.4,2021-08-03,NA
"407N51G","NIPAWIN","04-30","BUI",1994,2026,33.2636363636364,24.8800431160106,100.6,2000-04-30,NA,192.4,2021-08-03,NA
"407N51G","NIPAWIN","05-01","BUI",1994,2026,34.1083333333333,24.6707208994178,103.5,2000-05-01,NA,192.4,2021-08-03,NA
"407N51G","NIPAWIN","05-02","BUI",1994,2026,32.3615384615385,25.6755246120223,106.6,2000-05-02,NA,192.4,2021-08-03,NA
"407N51G","NIPAWIN","05-03","BUI",1994,2026,33.7769230769231,26.3548905596334,108.4,2000-05-03,NA,192.4,2021-08-03,NA
"407N51G","NIPAWIN","05-04","BUI",1994,2026,30.66875,25.918531819273,109.3,2000-05-04,NA,192.4,2021-08-03,NA
"407N51G","NIPAWIN","05-05","BUI",1994,2026,35.3,26.0621564725561,112.7,2000-05-05,NA,192.4,2021-08-03,NA
"407N51G","NIPAWIN","05-06","BUI",1994,2026,35.4411764705882,25.8483814489304,116.2,2000-05-06,NA,192.4,2021-08-03,NA
"407N51G","NIPAWIN","05-07","BUI",1994,2026,36.5,26.0752996147695,117.3,2000-05-07,NA,192.4,2021-08-03,NA
"407N51G","NIPAWIN","05-08","BUI",1994,2026,36.84375,27.1561894418197,118.5,2000-05-08,21,192.4,2021-08-03,NA
"407N51G","NIPAWIN","05-09","BUI",1994,2026,35.5157894736842,26.5156193624708,119.8,2000-05-09,22.6,192.4,2021-08-03,NA
"407N51G","NIPAWIN","05-10","BUI",1994,2026,35.5947368421053,25.6007264151324,120.6,2000-05-10,24.4,192.4,2021-08-03,NA
"407N51G","NIPAWIN","05-11","BUI",1994,2026,37.7764705882353,26.8832784787255,121.1,2000-05-11,23.8,192.4,2021-08-03,NA
"407N51G","NIPAWIN","05-12","BUI",1994,2026,41.5235294117647,26.1691261177118,122,2000-05-12,27.2,192.4,2021-08-03,NA
"407N51G","NIPAWIN","05-13","BUI",1994,2026,41.6611111111111,26.4884023209468,124,2000-05-13,31.4,192.4,2021-08-03,NA
"407N51G","NIPAWIN","05-14","BUI",1994,2026,43.2315789473684,26.4490716625908,125.5,2000-05-14,33.4,192.4,2021-08-03,NA
"407N51G","NIPAWIN","05-15","BUI",1994,2026,43.685,26.5182811818961,127.5,2000-05-15,22.1,192.4,2021-08-03,NA
"407N51G","NIPAWIN","05-16","BUI",1994,2026,45.115,27.1018211662301,129.3,2000-05-16,15.1,192.4,2021-08-03,NA
"407N51G","NIPAWIN","05-17","BUI",1994,2026,48.5526315789474,27.4264140407473,130.3,2000-05-17,15.9,192.4,2021-08-03,NA
"407N51G","NIPAWIN","05-18","BUI",1994,2026,50.3105263157895,27.105163401849,131,2000-05-18,17.7,192.4,2021-08-03,NA
"407N51G","NIPAWIN","05-19","BUI",1994,2026,50.7947368421053,27.7866969306499,133.6,2000-05-19,20.6,192.4,2021-08-03,NA
"407N51G","NIPAWIN","05-20","BUI",1994,2026,50.595,25.5042715720534,137.6,2000-05-20,24,192.4,2021-08-03,NA
"407N51G","NIPAWIN","05-21","BUI",1994,2026,52.415,25.9303170459843,140.4,2000-05-21,27.7,192.4,2021-08-03,NA
"407N51G","NIPAWIN","05-22","BUI",1994,2026,53.275,25.5564982981464,141.3,2000-05-22,30.1,192.4,2021-08-03,NA
"407N51G","NIPAWIN","05-23","BUI",1994,2026,52.885,27.9780604835477,143.6,2000-05-23,32.4,192.4,2021-08-03,NA
"407N51G","NIPAWIN","05-24","BUI",1994,2026,52.0736842105263,30.3790469111207,144.9,2000-05-24,36.9,192.4,2021-08-03,NA
"407N51G","NIPAWIN","05-25","BUI",1994,2026,51.535,31.6787206513341,147.4,2000-05-25,40.7,192.4,2021-08-03,NA
"407N51G","NIPAWIN","05-26","BUI",1994,2026,52.2,33.0823374723066,150,2000-05-26,45.5,192.4,2021-08-03,NA
"407N51G","NIPAWIN","05-27","BUI",1994,2026,47.77,26.4894835140685,138.3,2025-05-27,49.9,192.4,2021-08-03,NA
"407N51G","NIPAWIN","05-28","BUI",1994,2026,47.9157894736842,28.7629828301334,143.1,2025-05-28,55.7,192.4,2021-08-03,NA
"407N51G","NIPAWIN","05-29","BUI",1994,2026,47.1105263157895,31.162208143427,148.1,2025-05-29,60.4,192.4,2021-08-03,NA
"407N51G","NIPAWIN","05-30","BUI",1994,2026,46.5894736842105,31.8767573761622,153.5,2025-05-30,64.6,192.4,2021-08-03,NA
"407N51G","NIPAWIN","05-31","BUI",1994,2026,48.055,30.5903747331704,157.2,2025-05-31,68.9,192.4,2021-08-03,NA
"407N51G","NIPAWIN","06-01","BUI",1994,2026,49.62,30.713730857027,159.8,2025-06-01,73.6,192.4,2021-08-03,NA
"407N51G","NIPAWIN","06-02","BUI",1994,2026,50.96,31.9926702131663,163.3,2025-06-02,76.7,192.4,2021-08-03,NA
"407N51G","NIPAWIN","06-03","BUI",1994,2026,52.87,32.953238000792,166.2,2025-06-03,78.1,192.4,2021-08-03,NA
"407N51G","NIPAWIN","06-04","BUI",1994,2026,53.875,34.227011109264,169.2,2025-06-04,79.6,192.4,2021-08-03,NA
"407N51G","NIPAWIN","06-05","BUI",1994,2026,56.705,35.6031411239898,173.1,2025-06-05,81.7,192.4,2021-08-03,NA
"407N51G","NIPAWIN","06-06","BUI",1994,2026,57.06,34.2753617202303,178,2025-06-06,85.3,192.4,2021-08-03,NA
"407N51G","NIPAWIN","06-07","BUI",1994,2026,50.595,28.5196418926362,179.7,2025-06-07,89.1,192.4,2021-08-03,NA
"407N51G","NIPAWIN","06-08","BUI",1994,2026,50.5714285714286,29.1924843556889,127.1,2025-06-08,51.6,192.4,2021-08-03,NA
"407N51G","NIPAWIN","06-09","BUI",1994,2026,48.447619047619,25.9785222645096,129.6,2025-06-09,57.1,192.4,2021-08-03,NA
"407N51G","NIPAWIN","06-10","BUI",1994,2026,45.87,27.4501097687384,132.8,2025-06-10,58.2,192.4,2021-08-03,NA
"407N51G","NIPAWIN","06-11","BUI",1994,2026,42.8,27.3543800014396,136.1,2025-06-11,60,192.4,2021-08-03,NA
"407N51G","NIPAWIN","06-12","BUI",1994,2026,39.28,22.446699440886,139.1,2025-06-12,61.3,192.4,2021-08-03,NA
"407N51G","NIPAWIN","06-13","BUI",1994,2026,38.7714285714286,21.8558949223577,140.5,2025-06-13,65.1,192.4,2021-08-03,NA
"407N51G","NIPAWIN","06-14","BUI",1994,2026,38.5714285714286,21.9465519582722,142.8,2025-06-14,69.5,192.4,2021-08-03,NA
"407N51G","NIPAWIN","06-15","BUI",1994,2026,36.86,23.9152098706638,89.9,2001-06-15,73.2,192.4,2021-08-03,NA
"407N51G","NIPAWIN","06-16","BUI",1994,2026,35.9619047619048,26.4860808008749,92.8,2001-06-16,76.5,192.4,2021-08-03,NA
"407N51G","NIPAWIN","06-17","BUI",1994,2026,35.5619047619048,28.6115269811046,94.7,2001-06-17,78.4,192.4,2021-08-03,NA
"407N51G","NIPAWIN","06-18","BUI",1994,2026,33.1,27.0044440787068,98.9,2001-06-18,80.4,192.4,2021-08-03,NA
"407N51G","NIPAWIN","06-19","BUI",1994,2026,34.8428571428571,28.0478978076535,101.7,2001-06-19,49,192.4,2021-08-03,NA
"407N51G","NIPAWIN","06-20","BUI",1994,2026,35.6666666666667,29.2334796651602,105.9,2001-06-20,51.9,192.4,2021-08-03,NA
"407N51G","NIPAWIN","06-21","BUI",1994,2026,35.547619047619,28.9613297182229,111.4,2001-06-21,54.9,192.4,2021-08-03,NA
"407N51G","NIPAWIN","06-22","BUI",1994,2026,33.5904761904762,29.4446243780067,115.5,2001-06-22,56.2,192.4,2021-08-03,NA
"407N51G","NIPAWIN","06-23","BUI",1994,2026,36.3666666666667,29.3248756746441,117.2,2001-06-23,55.1,192.4,2021-08-03,NA
"407N51G","NIPAWIN","06-24","BUI",1994,2026,37.5190476190476,29.8123400464911,118.2,2001-06-24,59.1,192.4,2021-08-03,NA
"407N51G","NIPAWIN","06-25","BUI",1994,2026,36.2380952380952,28.2797184602407,99.2,2008-06-25,56.8,192.4,2021-08-03,NA
"407N51G","NIPAWIN","06-26","BUI",1994,2026,35.6142857142857,29.5244692706624,94.3,2008-06-26,51.1,192.4,2021-08-03,NA
"407N51G","NIPAWIN","06-27","BUI",1994,2026,34.6,28.4714418321236,94.4,2002-06-27,25.1,192.4,2021-08-03,NA
"407N51G","NIPAWIN","06-28","BUI",1994,2026,37.4333333333333,28.7362894844365,99.5,2002-06-28,13.4,192.4,2021-08-03,NA
"407N51G","NIPAWIN","06-29","BUI",1994,2026,39.4857142857143,30.0149843530575,104.8,2002-06-29,6.8,192.4,2021-08-03,NA
"407N51G","NIPAWIN","06-30","BUI",1994,2026,39.7095238095238,29.858883180084,105.4,2018-06-30,3.7,192.4,2021-08-03,NA
"407N51G","NIPAWIN","07-01","BUI",1994,2026,40.2619047619048,30.2031699692346,102.1,2018-07-01,1.3,192.4,2021-08-03,NA
"407N51G","NIPAWIN","07-02","BUI",1994,2026,37.6380952380952,28.5067093188687,102.4,2002-07-02,3.3,192.4,2021-08-03,NA
"407N51G","NIPAWIN","07-03","BUI",1994,2026,36.9428571428571,28.3780297312652,105.4,2002-07-03,5.4,192.4,2021-08-03,NA
"407N51G","NIPAWIN","07-04","BUI",1994,2026,34.9619047619048,27.3530524108458,101.9,2001-07-04,7.8,192.4,2021-08-03,NA
"407N51G","NIPAWIN","07-05","BUI",1994,2026,37.552380952381,28.0381457847629,106.4,2001-07-05,5.6,192.4,2021-08-03,NA
"407N51G","NIPAWIN","07-06","BUI",1994,2026,37.8333333333333,27.4845835575752,110.9,2001-07-06,9.5,192.4,2021-08-03,NA
"407N51G","NIPAWIN","07-07","BUI",1994,2026,38.5238095238095,29.7273595322878,116.1,2001-07-07,14,192.4,2021-08-03,NA
"407N51G","NIPAWIN","07-08","BUI",1994,2026,36.352380952381,30.7676879054572,121.2,2001-07-08,18.1,192.4,2021-08-03,NA
"407N51G","NIPAWIN","07-09","BUI",1994,2026,35.752380952381,32.0918310329532,126.4,2001-07-09,20.3,192.4,2021-08-03,NA
"407N51G","NIPAWIN","07-10","BUI",1994,2026,37.0619047619048,33.2781681615812,131.3,2001-07-10,23.5,192.4,2021-08-03,NA
"407N51G","NIPAWIN","07-11","BUI",1994,2026,38.2238095238095,34.386216784664,135.5,2001-07-11,16,192.4,2021-08-03,NA
"407N51G","NIPAWIN","07-12","BUI",1994,2026,40.1142857142857,35.3532500021467,138.2,2002-07-12,9.3,192.4,2021-08-03,NA
"407N51G","NIPAWIN","07-13","BUI",1994,2026,41.0809523809524,36.1778056140449,144.4,2002-07-13,13.6,192.4,2021-08-03,NA
"407N51G","NIPAWIN","07-14","BUI",1994,2026,40.5809523809524,37.5627557435237,149.3,2002-07-14,18.6,192.4,2021-08-03,NA
"407N51G","NIPAWIN","07-15","BUI",1994,2026,39.8952380952381,37.1747693495263,154.7,2002-07-15,22.1,192.4,2021-08-03,NA
"407N51G","NIPAWIN","07-16","BUI",1994,2026,41.3428571428571,37.6053662584022,159.5,2002-07-16,18.8,192.4,2021-08-03,NA
"407N51G","NIPAWIN","07-17","BUI",1994,2026,40.9190476190476,35.5045154740579,161.9,2002-07-17,14.9,192.4,2021-08-03,NA
"407N51G","NIPAWIN","07-18","BUI",1994,2026,38.1095238095238,32.5664383186419,136.6,2002-07-18,17.9,192.4,2021-08-03,NA
"407N51G","NIPAWIN","07-19","BUI",1994,2026,37.3190476190476,33.8121667310396,137.3,2002-07-19,13.5,192.4,2021-08-03,NA
"407N51G","NIPAWIN","07-20","BUI",1994,2026,38.1142857142857,34.2797066165142,138.7,2002-07-20,16.1,192.4,2021-08-03,NA
"407N51G","NIPAWIN","07-21","BUI",1994,2026,37.9333333333333,35.9961294215549,139.4,2002-07-21,19.3,192.4,2021-08-03,NA
"407N51G","NIPAWIN","07-22","BUI",1994,2026,38.2285714285714,36.6915132265916,143,2002-07-22,22.9,192.4,2021-08-03,NA
"407N51G","NIPAWIN","07-23","BUI",1994,2026,36.747619047619,32.6967524235606,147.7,2002-07-23,26.4,192.4,2021-08-03,NA
"407N51G","NIPAWIN","07-24","BUI",1994,2026,38.9904761904762,33.7962409856763,152.4,2002-07-24,30.4,192.4,2021-08-03,NA
"407N51G","NIPAWIN","07-25","BUI",1994,2026,40.5333333333333,34.6487854524994,157.7,2002-07-25,32.9,192.4,2021-08-03,NA
"407N51G","NIPAWIN","07-26","BUI",1994,2026,39.1190476190476,30.3323691631171,155.8,2021-07-26,34.8,192.4,2021-08-03,NA
"407N51G","NIPAWIN","07-27","BUI",1994,2026,38.1619047619048,26.2355193619352,160.4,2021-07-27,36.4,192.4,2021-08-03,NA
"407N51G","NIPAWIN","07-28","BUI",1994,2026,37.147619047619,28.5567963722757,164.2,2021-07-28,39.2,192.4,2021-08-03,NA
"407N51G","NIPAWIN","07-29","BUI",1994,2026,36.2857142857143,27.1900034151209,169.9,2021-07-29,42.1,192.4,2021-08-03,NA
"407N51G","NIPAWIN","07-30","BUI",1994,2026,37.9809523809524,26.3172874561118,175,2021-07-30,45.7,192.4,2021-08-03,NA
"407N51G","NIPAWIN","07-31","BUI",1994,2026,38.7619047619048,25.9571661818172,179.1,2021-07-31,47.3,192.4,2021-08-03,NA
"407N51G","NIPAWIN","08-01","BUI",1994,2026,41.4238095238095,26.0125912734949,184,2021-08-01,50.5,192.4,2021-08-03,NA
"407N51G","NIPAWIN","08-02","BUI",1994,2026,43.0333333333333,26.5124561920116,189.5,2021-08-02,52.3,192.4,2021-08-03,NA
"407N51G","NIPAWIN","08-03","BUI",1994,2026,43.7238095238095,27.6981390126107,192.4,2021-08-03,54.3,192.4,2021-08-03,NA
"407N51G","NIPAWIN","08-04","BUI",1994,2026,45.4047619047619,28.2328262168433,131.6,2002-08-04,56.7,192.4,2021-08-03,NA
"407N51G","NIPAWIN","08-05","BUI",1994,2026,45.3428571428571,30.1850885608867,134.8,2002-08-05,58.3,192.4,2021-08-03,NA
"407N51G","NIPAWIN","08-06","BUI",1994,2026,44.8238095238095,25.9301543528361,109.4,2003-08-06,58.7,192.4,2021-08-03,NA
"407N51G","NIPAWIN","08-07","BUI",1994,2026,46.447619047619,26.4921614642448,110.9,2003-08-07,61,192.4,2021-08-03,NA
"407N51G","NIPAWIN","08-08","BUI",1994,2026,42.8904761904762,22.3581507455761,110.1,2025-08-08,NA,192.4,2021-08-03,NA
"407N51G","NIPAWIN","08-09","BUI",1994,2026,44.5238095238095,22.4041715928508,87.8,2017-08-09,NA,192.4,2021-08-03,NA
"407N51G","NIPAWIN","08-10","BUI",1994,2026,47.3095238095238,22.5440436648332,91.4,2017-08-10,NA,192.4,2021-08-03,NA
"407N51G","NIPAWIN","08-11","BUI",1994,2026,43.3952380952381,25.0832509095308,94.6,2017-08-11,NA,192.4,2021-08-03,NA
"407N51G","NIPAWIN","08-12","BUI",1994,2026,44.4095238095238,25.523986850841,98.6,2017-08-12,NA,192.4,2021-08-03,NA
"407N51G","NIPAWIN","08-13","BUI",1994,2026,45.7857142857143,26.4082616942934,102.7,2017-08-13,NA,192.4,2021-08-03,NA
"407N51G","NIPAWIN","08-14","BUI",1994,2026,44.4809523809524,26.8005712448003,106.7,2017-08-14,NA,192.4,2021-08-03,NA
"407N51G","NIPAWIN","08-15","BUI",1994,2026,43.7190476190476,27.1672158869403,109,2017-08-15,NA,192.4,2021-08-03,NA
"407N51G","NIPAWIN","08-16","BUI",1994,2026,42.3857142857143,29.3155468261175,112.2,2017-08-16,NA,192.4,2021-08-03,NA
"407N51G","NIPAWIN","08-17","BUI",1994,2026,44.1619047619048,29.9455752355916,115.1,2017-08-17,NA,192.4,2021-08-03,NA
"407N51G","NIPAWIN","08-18","BUI",1994,2026,43.0809523809524,30.5534060138574,119.2,2017-08-18,NA,192.4,2021-08-03,NA
"407N51G","NIPAWIN","08-19","BUI",1994,2026,45.7285714285714,31.4867931497817,125,2003-08-19,NA,192.4,2021-08-03,NA
"407N51G","NIPAWIN","08-20","BUI",1994,2026,46.5142857142857,32.1707831069479,126,2003-08-20,NA,192.4,2021-08-03,NA
"407N51G","NIPAWIN","08-21","BUI",1994,2026,46,33.5049250111084,130.2,2003-08-21,NA,192.4,2021-08-03,NA
"407N51G","NIPAWIN","08-22","BUI",1994,2026,48.947619047619,34.5638918388485,136,2003-08-22,NA,192.4,2021-08-03,NA
"407N51G","NIPAWIN","08-23","BUI",1994,2026,48.247619047619,35.2202160562314,137.9,2003-08-23,NA,192.4,2021-08-03,NA
"407N51G","NIPAWIN","08-24","BUI",1994,2026,46.6285714285714,37.3236271396168,141.9,2003-08-24,NA,192.4,2021-08-03,NA
"407N51G","NIPAWIN","08-25","BUI",1994,2026,48.3285714285714,37.4026087707414,145.9,2003-08-25,NA,192.4,2021-08-03,NA
"407N51G","NIPAWIN","08-26","BUI",1994,2026,49.3380952380952,38.8805539594085,148.7,2003-08-26,NA,192.4,2021-08-03,NA
"407N51G","NIPAWIN","08-27","BUI",1994,2026,48.552380952381,39.1819297514507,149.3,2003-08-27,NA,192.4,2021-08-03,NA
"407N51G","NIPAWIN","08-28","BUI",1994,2026,47.752380952381,33.3613641664669,149.5,2017-08-28,NA,192.4,2021-08-03,NA
"407N51G","NIPAWIN","08-29","BUI",1994,2026,49.8761904761905,33.0238232911016,153.2,2017-08-29,NA,192.4,2021-08-03,NA
"407N51G","NIPAWIN","08-30","BUI",1994,2026,51.6047619047619,33.5328268446082,156.5,2017-08-30,NA,192.4,2021-08-03,NA
"407N51G","NIPAWIN","08-31","BUI",1994,2026,48.8904761904762,33.3193322976602,159.7,2017-08-31,NA,192.4,2021-08-03,NA
"407N51G","NIPAWIN","09-01","BUI",1994,2026,48.8380952380952,29.1901092185431,131.5,2017-09-01,NA,192.4,2021-08-03,NA
"407N51G","NIPAWIN","09-02","BUI",1994,2026,49.0238095238095,31.589727836148,134.9,2017-09-02,NA,192.4,2021-08-03,NA
"407N51G","NIPAWIN","09-03","BUI",1994,2026,50.0476190476191,32.5866325208301,137.9,2017-09-03,NA,192.4,2021-08-03,NA
"407N51G","NIPAWIN","09-04","BUI",1994,2026,52.3857142857143,33.2274628239095,140.1,2017-09-04,NA,192.4,2021-08-03,NA
"407N51G","NIPAWIN","09-05","BUI",1994,2026,52.7190476190476,34.7065068689953,142.4,2017-09-05,NA,192.4,2021-08-03,NA
"407N51G","NIPAWIN","09-06","BUI",1994,2026,50.6476190476191,37.2018496723969,145.8,2017-09-06,NA,192.4,2021-08-03,NA
"407N51G","NIPAWIN","09-07","BUI",1994,2026,52.3380952380953,37.3251319648099,148.1,2017-09-07,NA,192.4,2021-08-03,NA
"407N51G","NIPAWIN","09-08","BUI",1994,2026,53.38,39.4261147758157,151.2,2017-09-08,NA,192.4,2021-08-03,NA
"407N51G","NIPAWIN","09-09","BUI",1994,2026,54.7857142857143,39.0858962506207,155.1,2017-09-09,NA,192.4,2021-08-03,NA
"407N51G","NIPAWIN","09-10","BUI",1994,2026,55.915,41.942671086791,157.5,2017-09-10,NA,192.4,2021-08-03,NA
"407N51G","NIPAWIN","09-11","BUI",1994,2026,54.3809523809524,42.3815127036261,160.9,2017-09-11,NA,192.4,2021-08-03,NA
"407N51G","NIPAWIN","09-12","BUI",1994,2026,53.5904761904762,41.209864168205,164,2017-09-12,NA,192.4,2021-08-03,NA
"407N51G","NIPAWIN","09-13","BUI",1994,2026,54.1476190476191,41.9498464722771,165.3,2017-09-13,NA,192.4,2021-08-03,NA
"407N51G","NIPAWIN","09-14","BUI",1994,2026,53.49,42.3333376156926,166.3,2017-09-14,NA,192.4,2021-08-03,NA
"407N51G","NIPAWIN","09-15","BUI",1994,2026,53.08,42.8278635322478,167.7,2017-09-15,NA,192.4,2021-08-03,NA
"407N51G","NIPAWIN","09-16","BUI",1994,2026,55.14,43.694506459472,169.1,2017-09-16,NA,192.4,2021-08-03,NA
"407N51G","NIPAWIN","09-17","BUI",1994,2026,52.1833333333333,45.5886628063446,170.6,2017-09-17,NA,192.4,2021-08-03,NA
"407N51G","NIPAWIN","09-18","BUI",1994,2026,54.8,43.6330753346346,172.6,2017-09-18,NA,192.4,2021-08-03,NA
"407N51G","NIPAWIN","09-19","BUI",1994,2026,52.1105263157895,39.2277381274589,131.8,2017-09-19,NA,192.4,2021-08-03,NA
"407N51G","NIPAWIN","09-20","BUI",1994,2026,46.4277777777778,34.0211492276678,116.2,2001-09-20,NA,192.4,2021-08-03,NA
"407N51G","NIPAWIN","09-21","BUI",1994,2026,47.7052631578947,34.9674050396177,118.5,2001-09-21,NA,192.4,2021-08-03,NA
"407N51G","NIPAWIN","09-22","BUI",1994,2026,46.6166666666667,35.1334807639129,119,2001-09-22,NA,192.4,2021-08-03,NA
"407N51G","NIPAWIN","09-23","BUI",1994,2026,50.4333333333333,34.7999154833321,120.6,2001-09-23,NA,192.4,2021-08-03,NA
"407N51G","NIPAWIN","09-24","BUI",1994,2026,50.8777777777778,36.2982993533817,122.7,2001-09-24,NA,192.4,2021-08-03,NA
"407N51G","NIPAWIN","09-25","BUI",1994,2026,48.8055555555556,37.0823800274029,125.5,2001-09-25,NA,192.4,2021-08-03,NA
"407N51G","NIPAWIN","09-26","BUI",1994,2026,46.678947368421,35.7112117306996,128.6,2001-09-26,NA,192.4,2021-08-03,NA
"407N51G","NIPAWIN","09-27","BUI",1994,2026,47.8105263157895,36.1273195293295,132.3,2001-09-27,NA,192.4,2021-08-03,NA
"407N51G","NIPAWIN","09-28","BUI",1994,2026,48.05,37.0482237408616,133.4,2001-09-28,NA,192.4,2021-08-03,NA
"407N51G","NIPAWIN","09-29","BUI",1994,2026,52.2611111111111,35.6621918578286,134.6,2001-09-29,NA,192.4,2021-08-03,NA
"407N51G","NIPAWIN","09-30","BUI",1994,2026,47.1388888888889,30.4469285399421,108.3,2021-09-30,NA,192.4,2021-08-03,NA
"407N51G","NIPAWIN","10-01","BUI",1994,2026,49.3333333333333,31.919646137196,111.5,2021-10-01,NA,192.4,2021-08-03,NA
"407N51G","NIPAWIN","10-02","BUI",1994,2026,52.1615384615385,42.3261451599666,141,2001-10-02,NA,192.4,2021-08-03,NA
"407N51G","NIPAWIN","10-03","BUI",1994,2026,43.6375,37.7029066076697,142.1,2001-10-03,NA,192.4,2021-08-03,NA
"407N51G","NIPAWIN","10-04","BUI",1994,2026,51.32,40.5010617144785,142.4,2001-10-04,NA,192.4,2021-08-03,NA
"407N51G","NIPAWIN","10-05","BUI",1994,2026,41.9133333333333,41.8504286830181,142.8,2001-10-05,NA,192.4,2021-08-03,NA
"407N51G","NIPAWIN","10-06","BUI",1994,2026,48.4230769230769,41.6216921377574,144,2001-10-06,NA,192.4,2021-08-03,NA
"407N51G","NIPAWIN","10-07","BUI",1994,2026,47.25,38.1241480779134,145.7,2001-10-07,NA,192.4,2021-08-03,NA
"407N51G","NIPAWIN","10-08","BUI",1994,2026,45.8,37.9474825063723,147.3,2001-10-08,NA,192.4,2021-08-03,NA
"407N51G","NIPAWIN","10-09","BUI",1994,2026,44.0933333333333,36.4130562664914,149.1,2001-10-09,NA,192.4,2021-08-03,NA
"407N51G","NIPAWIN","10-10","BUI",1994,2026,48.2846153846154,38.4348549746591,150.1,2001-10-10,NA,192.4,2021-08-03,NA
"407N51G","NIPAWIN","10-11","BUI",1994,2026,48.675,40.4205646355237,151.9,2001-10-11,NA,192.4,2021-08-03,NA
"407N51G","NIPAWIN","10-12","BUI",1994,2026,50.1916666666667,39.2323256867074,152.6,2001-10-12,NA,192.4,2021-08-03,NA
"407N51G","NIPAWIN","10-13","BUI",1994,2026,55.0454545454545,39.9487011963184,153.3,2001-10-13,NA,192.4,2021-08-03,NA
"407N51G","NIPAWIN","10-14","BUI",1994,2026,54.0272727272727,40.8222265661512,153.5,2001-10-14,NA,192.4,2021-08-03,NA
"407N51G","NIPAWIN","10-15","BUI",1994,2026,52.9636363636364,40.8797326979341,153.8,2001-10-15,NA,192.4,2021-08-03,NA
"407N51G","NIPAWIN","10-16","BUI",1994,2026,41.0666666666667,25.3022726252011,101.7,2000-10-16,NA,192.4,2021-08-03,NA
"407N51G","NIPAWIN","10-17","BUI",1994,2026,52.99,44.3712231569566,154.6,2001-10-17,NA,192.4,2021-08-03,NA
"407N51G","NIPAWIN","10-18","BUI",1994,2026,52.97,45.3277704920259,155.1,2001-10-18,NA,192.4,2021-08-03,NA
"407N51G","NIPAWIN","10-19","BUI",1994,2026,53.72,45.3248962737062,155.2,2001-10-19,NA,192.4,2021-08-03,NA
"407N51G","NIPAWIN","10-20","BUI",1994,2026,52.17,46.8599106083465,155.4,2001-10-20,NA,192.4,2021-08-03,NA
"407N51G","NIPAWIN","10-21","BUI",1994,2026,43,32.4036594053379,107.3,2000-10-21,NA,192.4,2021-08-03,NA
"407N51G","NIPAWIN","10-22","BUI",1994,2026,48.7857142857143,31.3693283623472,107.9,2000-10-22,NA,192.4,2021-08-03,NA
"407N51G","NIPAWIN","10-23","BUI",1994,2026,44.475,32.5009780072627,109.2,2000-10-23,NA,192.4,2021-08-03,NA
"407N51G","NIPAWIN","10-24","BUI",1994,2026,42.25,30.9970044635653,110.1,2000-10-24,NA,192.4,2021-08-03,NA
"407N51G","NIPAWIN","10-25","BUI",1994,2026,42.9,30.9924414748407,110.9,2000-10-25,NA,192.4,2021-08-03,NA
"407N51G","NIPAWIN","10-26","BUI",1994,2026,42.7714285714286,33.2625772846761,111,2000-10-26,NA,192.4,2021-08-03,NA
"407N51G","NIPAWIN","10-27","BUI",1994,2026,39.4875,32.4083074667151,111.4,2000-10-27,NA,192.4,2021-08-03,NA
"407N51G","NIPAWIN","10-28","BUI",1994,2026,42.5428571428571,33.6812438974007,111.6,2000-10-28,NA,192.4,2021-08-03,NA
"407N51G","NIPAWIN","10-29","BUI",1994,2026,49.64,38.4345287469484,111.7,2000-10-29,NA,192.4,2021-08-03,NA
"407N51G","NIPAWIN","10-30","BUI",1994,2026,40.0333333333333,37.7009637365766,111.8,2000-10-30,NA,192.4,2021-08-03,NA
"407N51G","NIPAWIN","10-31","BUI",1994,2026,39.9666666666667,37.9609097186391,111.9,2000-10-31,NA,192.4,2021-08-03,NA
"407N51G","NIPAWIN","04-01","DC",1994,2026,142.9,67.8822509939086,190.9,2012-04-01,NA,872.8,2001-10-26,NA
"407N51G","NIPAWIN","04-02","DC",1994,2026,141.95,66.5387481096541,189,2012-04-02,NA,872.8,2001-10-26,NA
"407N51G","NIPAWIN","04-03","DC",1994,2026,144.6,66.7508801440101,191.8,2012-04-03,NA,872.8,2001-10-26,NA
"407N51G","NIPAWIN","04-04","DC",1994,2026,147.8,67.5994082814339,195.6,2012-04-04,NA,872.8,2001-10-26,NA
"407N51G","NIPAWIN","04-05","DC",1994,2026,150.3,69.013621843807,199.1,2012-04-05,NA,872.8,2001-10-26,NA
"407N51G","NIPAWIN","04-06","DC",1994,2026,140.35,51.2652416360247,176.6,2012-04-06,NA,872.8,2001-10-26,NA
"407N51G","NIPAWIN","04-07","DC",1994,2026,128.2,30.2641702347842,149.6,2012-04-07,NA,872.8,2001-10-26,NA
"407N51G","NIPAWIN","04-08","DC",1994,2026,122.5,17.5362481734264,134.9,2012-04-08,NA,872.8,2001-10-26,NA
"407N51G","NIPAWIN","04-09","DC",1994,2026,123.4,16.8291413922398,325.7,2024-04-09,NA,872.8,2001-10-26,NA
"407N51G","NIPAWIN","04-10","DC",1994,2026,124.2,16.4048773235279,325.7,2024-04-10,NA,872.8,2001-10-26,NA
"407N51G","NIPAWIN","04-11","DC",1994,2026,125.2,15.6977705423414,327.6,2024-04-11,NA,872.8,2001-10-26,NA
"407N51G","NIPAWIN","04-12","DC",1994,2026,116.3,NA,329.7,2024-04-12,NA,872.8,2001-10-26,NA
"407N51G","NIPAWIN","04-13","DC",1994,2026,110,NA,332.7,2024-04-13,NA,872.8,2001-10-26,NA
"407N51G","NIPAWIN","04-14","DC",1994,2026,119.3,66.8923015002474,335.8,2024-04-14,NA,872.8,2001-10-26,NA
"407N51G","NIPAWIN","04-15","DC",1994,2026,120.6,65.0538238691624,339.2,2024-04-15,NA,872.8,2001-10-26,NA
"407N51G","NIPAWIN","04-16","DC",1994,2026,123.45,64.4174277660945,317.2,2024-04-16,NA,872.8,2001-10-26,NA
"407N51G","NIPAWIN","04-17","DC",1994,2026,103.966666666667,60.0788093534928,251.8,2024-04-17,NA,872.8,2001-10-26,NA
"407N51G","NIPAWIN","04-18","DC",1994,2026,104.166666666667,57.4700211704618,241.7,2024-04-18,NA,872.8,2001-10-26,NA
"407N51G","NIPAWIN","04-19","DC",1994,2026,115.275,49.1679011144466,242.2,2024-04-19,NA,872.8,2001-10-26,NA
"407N51G","NIPAWIN","04-20","DC",1994,2026,134.26,55.639671098956,278.1,2025-04-20,NA,872.8,2001-10-26,NA
"407N51G","NIPAWIN","04-21","DC",1994,2026,171.971428571429,107.170311720577,345.8,2009-04-21,NA,872.8,2001-10-26,NA
"407N51G","NIPAWIN","04-22","DC",1994,2026,175.157142857143,106.334187935064,345.8,2009-04-22,NA,872.8,2001-10-26,NA
"407N51G","NIPAWIN","04-23","DC",1994,2026,178.557142857143,106.186594526535,347.2,2009-04-23,NA,872.8,2001-10-26,NA
"407N51G","NIPAWIN","04-24","DC",1994,2026,178.2,108.446100283351,348,2009-04-24,NA,872.8,2001-10-26,NA
"407N51G","NIPAWIN","04-25","DC",1994,2026,195.65,109.709460459368,349.7,2009-04-25,NA,872.8,2001-10-26,NA
"407N51G","NIPAWIN","04-26","DC",1994,2026,189.255555555556,105.728734399773,352.4,2009-04-26,NA,872.8,2001-10-26,NA
"407N51G","NIPAWIN","04-27","DC",1994,2026,189.755555555556,107.601616055605,354.1,2009-04-27,NA,872.8,2001-10-26,NA
"407N51G","NIPAWIN","04-28","DC",1994,2026,188.35,102.391820962419,356.1,2009-04-28,NA,872.8,2001-10-26,NA
"407N51G","NIPAWIN","04-29","DC",1994,2026,180.4,103.522722143499,358.3,2009-04-29,NA,872.8,2001-10-26,NA
"407N51G","NIPAWIN","04-30","DC",1994,2026,173.691666666667,104.872836055979,360.8,2009-04-30,NA,872.8,2001-10-26,NA
"407N51G","NIPAWIN","05-01","DC",1994,2026,161.907692307692,110.768327765194,364.5,2009-05-01,NA,872.8,2001-10-26,NA
"407N51G","NIPAWIN","05-02","DC",1994,2026,164.576923076923,112.1119987174,368.4,2009-05-02,NA,872.8,2001-10-26,NA
"407N51G","NIPAWIN","05-03","DC",1994,2026,155.329411764706,108.240044373062,374.2,2009-05-03,NA,872.8,2001-10-26,NA
"407N51G","NIPAWIN","05-04","DC",1994,2026,157.455555555556,105.709225053625,380.6,2009-05-04,NA,872.8,2001-10-26,NA
"407N51G","NIPAWIN","05-05","DC",1994,2026,162.383333333333,105.839730391813,386.5,2009-05-05,NA,872.8,2001-10-26,NA
"407N51G","NIPAWIN","05-06","DC",1994,2026,165.422222222222,106.439187584248,389,2009-05-06,NA,872.8,2001-10-26,NA
"407N51G","NIPAWIN","05-07","DC",1994,2026,167.133333333333,107.717571891116,391.3,2009-05-07,NA,872.8,2001-10-26,NA
"407N51G","NIPAWIN","05-08","DC",1994,2026,165.542105263158,106.211007568213,393.5,2009-05-08,67,872.8,2001-10-26,NA
"407N51G","NIPAWIN","05-09","DC",1994,2026,167.7,108.087094511787,397.1,2009-05-09,71.1,872.8,2001-10-26,NA
"407N51G","NIPAWIN","05-10","DC",1994,2026,170.689473684211,108.45780999867,402.2,2009-05-10,75.7,872.8,2001-10-26,NA
"407N51G","NIPAWIN","05-11","DC",1994,2026,173.505263157895,109.220243716204,408,2009-05-11,79.5,872.8,2001-10-26,NA
"407N51G","NIPAWIN","05-12","DC",1994,2026,186.165,113.342412162159,413,2009-05-12,85.6,872.8,2001-10-26,NA
"407N51G","NIPAWIN","05-13","DC",1994,2026,189.79,113.880195126744,415.1,2009-05-13,92.4,872.8,2001-10-26,NA
"407N51G","NIPAWIN","05-14","DC",1994,2026,194.365,114.514335002447,418.1,2009-05-14,98.2,872.8,2001-10-26,NA
"407N51G","NIPAWIN","05-15","DC",1994,2026,198.35,113.753993567837,421.5,2009-05-15,88.8,872.8,2001-10-26,NA
"407N51G","NIPAWIN","05-16","DC",1994,2026,201.56,114.307007659198,426.4,2009-05-16,83.8,872.8,2001-10-26,NA
"407N51G","NIPAWIN","05-17","DC",1994,2026,206.615,114.328834485168,431.8,2009-05-17,87.2,872.8,2001-10-26,NA
"407N51G","NIPAWIN","05-18","DC",1994,2026,211.125,114.18991049079,434.4,2009-05-18,91.1,872.8,2001-10-26,NA
"407N51G","NIPAWIN","05-19","DC",1994,2026,214.445,114.565832488069,437.8,2009-05-19,95.9,872.8,2001-10-26,NA
"407N51G","NIPAWIN","05-20","DC",1994,2026,217.935,111.792746563498,420.8,2009-05-20,101.6,872.8,2001-10-26,NA
"407N51G","NIPAWIN","05-21","DC",1994,2026,222.42,112.003860835711,424.9,2009-05-21,107.5,872.8,2001-10-26,NA
"407N51G","NIPAWIN","05-22","DC",1994,2026,225.935,110.692729162641,422.1,2025-05-22,112.8,872.8,2001-10-26,NA
"407N51G","NIPAWIN","05-23","DC",1994,2026,226.215,114.831814200733,428.1,2025-05-23,118.2,872.8,2001-10-26,NA
"407N51G","NIPAWIN","05-24","DC",1994,2026,225.25,119.120631029399,434.3,2025-05-24,125.2,872.8,2001-10-26,NA
"407N51G","NIPAWIN","05-25","DC",1994,2026,228.26,121.947186152557,441.2,2025-05-25,131.2,872.8,2001-10-26,NA
"407N51G","NIPAWIN","05-26","DC",1994,2026,230.18,126.411152905696,448.1,2025-05-26,138.4,872.8,2001-10-26,NA
"407N51G","NIPAWIN","05-27","DC",1994,2026,228.65,120.550004911698,455.1,2025-05-27,145.4,872.8,2001-10-26,NA
"407N51G","NIPAWIN","05-28","DC",1994,2026,232.69,121.594121655007,462.6,2025-05-28,154.1,872.8,2001-10-26,NA
"407N51G","NIPAWIN","05-29","DC",1994,2026,231.97,126.848787310345,470.3,2025-05-29,162.1,872.8,2001-10-26,NA
"407N51G","NIPAWIN","05-30","DC",1994,2026,229.56,132.762309965473,477.8,2025-05-30,169.8,872.8,2001-10-26,NA
"407N51G","NIPAWIN","05-31","DC",1994,2026,232.35,132.309380261806,484.2,2025-05-31,177.5,872.8,2001-10-26,NA
"407N51G","NIPAWIN","06-01","DC",1994,2026,237.335,131.421276315599,491.1,2025-06-01,186.2,872.8,2001-10-26,NA
"407N51G","NIPAWIN","06-02","DC",1994,2026,238.14,129.798035018782,497.9,2025-06-02,193.6,872.8,2001-10-26,NA
"407N51G","NIPAWIN","06-03","DC",1994,2026,244.155,130.113587926695,504.1,2025-06-03,199.5,872.8,2001-10-26,NA
"407N51G","NIPAWIN","06-04","DC",1994,2026,248.42,133.044173906738,510.2,2025-06-04,205.2,872.8,2001-10-26,NA
"407N51G","NIPAWIN","06-05","DC",1994,2026,254.16,134.800099172227,517.4,2025-06-05,211.7,872.8,2001-10-26,NA
"407N51G","NIPAWIN","06-06","DC",1994,2026,259.13,135.876050714961,525.5,2025-06-06,219.1,872.8,2001-10-26,NA
"407N51G","NIPAWIN","06-07","DC",1994,2026,247.119047619048,134.665736618665,531.3,2025-06-07,227,872.8,2001-10-26,NA
"407N51G","NIPAWIN","06-08","DC",1994,2026,252.671428571429,134.168163671033,523.4,2025-06-08,178.1,872.8,2001-10-26,NA
"407N51G","NIPAWIN","06-09","DC",1994,2026,253.938095238095,131.685019938452,529.9,2025-06-09,186.4,872.8,2001-10-26,NA
"407N51G","NIPAWIN","06-10","DC",1994,2026,248.885714285714,136.443835645713,536.4,2025-06-10,192.3,872.8,2001-10-26,NA
"407N51G","NIPAWIN","06-11","DC",1994,2026,248.566666666667,136.74446362955,543.2,2025-06-11,198.5,872.8,2001-10-26,NA
"407N51G","NIPAWIN","06-12","DC",1994,2026,247.866666666667,137.48396755016,549.9,2025-06-12,203.8,872.8,2001-10-26,NA
"407N51G","NIPAWIN","06-13","DC",1994,2026,250.171428571429,139.821450939608,555.9,2025-06-13,210.6,872.8,2001-10-26,NA
"407N51G","NIPAWIN","06-14","DC",1994,2026,251.252380952381,141.683963873995,562.7,2025-06-14,218.3,872.8,2001-10-26,NA
"407N51G","NIPAWIN","06-15","DC",1994,2026,245.609523809524,142.117085196545,520.2,2001-06-15,225.4,872.8,2001-10-26,NA
"407N51G","NIPAWIN","06-16","DC",1994,2026,245.204761904762,145.811784421529,526.1,2001-06-16,232.3,872.8,2001-10-26,NA
"407N51G","NIPAWIN","06-17","DC",1994,2026,242.985714285714,151.245242191992,532,2001-06-17,238.3,872.8,2001-10-26,NA
"407N51G","NIPAWIN","06-18","DC",1994,2026,235.861904761905,154.380984827117,538.8,2001-06-18,244.6,872.8,2001-10-26,NA
"407N51G","NIPAWIN","06-19","DC",1994,2026,240.942857142857,155.505419749373,545,2001-06-19,218.7,872.8,2001-10-26,NA
"407N51G","NIPAWIN","06-20","DC",1994,2026,240.942857142857,156.412709110956,552,2001-06-20,225.3,872.8,2001-10-26,NA
"407N51G","NIPAWIN","06-21","DC",1994,2026,241.771428571429,157.408478624428,559.9,2001-06-21,232,872.8,2001-10-26,NA
"407N51G","NIPAWIN","06-22","DC",1994,2026,236.814285714286,154.648592899238,567.6,2001-06-22,238.2,872.8,2001-10-26,NA
"407N51G","NIPAWIN","06-23","DC",1994,2026,243.67619047619,154.683890256102,574.1,2001-06-23,244.8,872.8,2001-10-26,NA
"407N51G","NIPAWIN","06-24","DC",1994,2026,248.638095238095,154.949554617593,580.3,2001-06-24,252.2,872.8,2001-10-26,NA
"407N51G","NIPAWIN","06-25","DC",1994,2026,242.271428571429,158.426986788417,567,2001-06-25,259.5,872.8,2001-10-26,NA
"407N51G","NIPAWIN","06-26","DC",1994,2026,244.928571428571,160.336403049517,572.8,2001-06-26,266.9,872.8,2001-10-26,NA
"407N51G","NIPAWIN","06-27","DC",1994,2026,245.985714285714,159.803114130214,579.6,2001-06-27,221,872.8,2001-10-26,NA
"407N51G","NIPAWIN","06-28","DC",1994,2026,252.523809523809,160.348707212631,585.6,2001-06-28,202,872.8,2001-10-26,NA
"407N51G","NIPAWIN","06-29","DC",1994,2026,256.866666666667,163.241294816395,592,2001-06-29,179.7,872.8,2001-10-26,NA
"407N51G","NIPAWIN","06-30","DC",1994,2026,256.161904761905,171.668152189597,597.1,2001-06-30,144.4,872.8,2001-10-26,NA
"407N51G","NIPAWIN","07-01","DC",1994,2026,257.12380952381,172.19812689098,603.7,2001-07-01,128.5,872.8,2001-10-26,NA
"407N51G","NIPAWIN","07-02","DC",1994,2026,250.3,169.99828528547,611,2001-07-02,135.6,872.8,2001-10-26,NA
"407N51G","NIPAWIN","07-03","DC",1994,2026,252.214285714286,170.288925904518,618.2,2001-07-03,142.6,872.8,2001-10-26,NA
"407N51G","NIPAWIN","07-04","DC",1994,2026,251.571428571429,170.859041735745,625.8,2001-07-04,150.1,872.8,2001-10-26,NA
"407N51G","NIPAWIN","07-05","DC",1994,2026,258.357142857143,171.478979969641,634.1,2001-07-05,115.5,872.8,2001-10-26,NA
"407N51G","NIPAWIN","07-06","DC",1994,2026,262.6,171.362805182455,641.7,2001-07-06,122.8,872.8,2001-10-26,NA
"407N51G","NIPAWIN","07-07","DC",1994,2026,252.652380952381,171.969592134911,649.7,2001-07-07,130.7,872.8,2001-10-26,NA
"407N51G","NIPAWIN","07-08","DC",1994,2026,248.423809523809,173.36331476054,657.9,2001-07-08,138.5,872.8,2001-10-26,NA
"407N51G","NIPAWIN","07-09","DC",1994,2026,244.895238095238,168.69457156705,666,2001-07-09,145.9,872.8,2001-10-26,NA
"407N51G","NIPAWIN","07-10","DC",1994,2026,249.414285714286,167.699714626216,674.2,2001-07-10,153.8,872.8,2001-10-26,NA
"407N51G","NIPAWIN","07-11","DC",1994,2026,254.390476190476,166.320632829369,682.4,2001-07-11,134,872.8,2001-10-26,NA
"407N51G","NIPAWIN","07-12","DC",1994,2026,255.809523809524,170.183242138472,689.1,2001-07-12,76,872.8,2001-10-26,NA
"407N51G","NIPAWIN","07-13","DC",1994,2026,260.604761904762,172.265322906819,696.8,2001-07-13,83.8,872.8,2001-10-26,NA
"407N51G","NIPAWIN","07-14","DC",1994,2026,261.195238095238,171.779979846868,704.8,2001-07-14,91.9,872.8,2001-10-26,NA
"407N51G","NIPAWIN","07-15","DC",1994,2026,257.652380952381,174.39219483408,713,2001-07-15,100.2,872.8,2001-10-26,NA
"407N51G","NIPAWIN","07-16","DC",1994,2026,261.414285714286,177.228364788807,721.5,2001-07-16,104.5,872.8,2001-10-26,NA
"407N51G","NIPAWIN","07-17","DC",1994,2026,266.147619047619,178.235980147241,729,2001-07-17,108.3,872.8,2001-10-26,NA
"407N51G","NIPAWIN","07-18","DC",1994,2026,265.819047619048,182.816992150751,735.8,2001-07-18,116.7,872.8,2001-10-26,NA
"407N51G","NIPAWIN","07-19","DC",1994,2026,264.661904761905,189.992764273249,743.8,2001-07-19,115,872.8,2001-10-26,NA
"407N51G","NIPAWIN","07-20","DC",1994,2026,268.471428571429,187.878838996991,752.1,2001-07-20,122.3,872.8,2001-10-26,NA
"407N51G","NIPAWIN","07-21","DC",1994,2026,267.180952380952,193.517602866116,760.3,2001-07-21,130.1,872.8,2001-10-26,NA
"407N51G","NIPAWIN","07-22","DC",1994,2026,270.538095238095,195.733015805179,768.3,2001-07-22,138.2,872.8,2001-10-26,NA
"407N51G","NIPAWIN","07-23","DC",1994,2026,271.028571428571,181.208179017552,750.1,2002-07-23,146.7,872.8,2001-10-26,NA
"407N51G","NIPAWIN","07-24","DC",1994,2026,274.914285714286,181.836072564588,758.7,2002-07-24,154.8,872.8,2001-10-26,NA
"407N51G","NIPAWIN","07-25","DC",1994,2026,279.752380952381,184.349794193125,767.7,2002-07-25,163.1,872.8,2001-10-26,NA
"407N51G","NIPAWIN","07-26","DC",1994,2026,282.176190476191,185.202413334065,776.9,2002-07-26,171,872.8,2001-10-26,NA
"407N51G","NIPAWIN","07-27","DC",1994,2026,283.352380952381,174.749725662296,763.4,2002-07-27,178.6,872.8,2001-10-26,NA
"407N51G","NIPAWIN","07-28","DC",1994,2026,276.157142857143,172.776744880289,771.3,2002-07-28,186.7,872.8,2001-10-26,NA
"407N51G","NIPAWIN","07-29","DC",1994,2026,276.357142857143,172.24642687565,779,2002-07-29,195,872.8,2001-10-26,NA
"407N51G","NIPAWIN","07-30","DC",1994,2026,283.052380952381,171.696510212199,786.6,2002-07-30,203,872.8,2001-10-26,NA
"407N51G","NIPAWIN","07-31","DC",1994,2026,288.109523809524,171.022428075273,793.8,2002-07-31,210.2,872.8,2001-10-26,NA
"407N51G","NIPAWIN","08-01","DC",1994,2026,294.985714285714,170.992111764591,799.3,2002-08-01,217.9,872.8,2001-10-26,NA
"407N51G","NIPAWIN","08-02","DC",1994,2026,299.252380952381,171.64060306072,805,2002-08-02,224.8,872.8,2001-10-26,NA
"407N51G","NIPAWIN","08-03","DC",1994,2026,298.571428571429,179.670081379336,810.1,2002-08-03,230.6,872.8,2001-10-26,NA
"407N51G","NIPAWIN","08-04","DC",1994,2026,303.985714285714,180.328825443173,816,2002-08-04,236.9,872.8,2001-10-26,NA
"407N51G","NIPAWIN","08-05","DC",1994,2026,303.766666666667,181.53345788954,822.6,2002-08-05,243.2,872.8,2001-10-26,NA
"407N51G","NIPAWIN","08-06","DC",1994,2026,306.661904761905,176.07345193467,784.1,2002-08-06,249.2,872.8,2001-10-26,NA
"407N51G","NIPAWIN","08-07","DC",1994,2026,312.319047619048,177.23168063032,790.6,2002-08-07,255.6,872.8,2001-10-26,NA
"407N51G","NIPAWIN","08-08","DC",1994,2026,311.057142857143,170.319163840798,755.9,2002-08-08,NA,872.8,2001-10-26,NA
"407N51G","NIPAWIN","08-09","DC",1994,2026,317.309523809524,170.923819009411,763.1,2002-08-09,NA,872.8,2001-10-26,NA
"407N51G","NIPAWIN","08-10","DC",1994,2026,324.047619047619,171.180076583251,770.9,2002-08-10,NA,872.8,2001-10-26,NA
"407N51G","NIPAWIN","08-11","DC",1994,2026,318.585714285714,174.897447910809,777.4,2002-08-11,NA,872.8,2001-10-26,NA
"407N51G","NIPAWIN","08-12","DC",1994,2026,322.552380952381,174.71531020219,784,2002-08-12,NA,872.8,2001-10-26,NA
"407N51G","NIPAWIN","08-13","DC",1994,2026,328.404761904762,175.255064052913,790.5,2002-08-13,NA,872.8,2001-10-26,NA
"407N51G","NIPAWIN","08-14","DC",1994,2026,327.233333333333,161.961709466569,674.8,2002-08-14,NA,872.8,2001-10-26,NA
"407N51G","NIPAWIN","08-15","DC",1994,2026,328.571428571429,161.820824194098,667.3,2002-08-15,NA,872.8,2001-10-26,NA
"407N51G","NIPAWIN","08-16","DC",1994,2026,322.852380952381,158.022133320138,630.7,2003-08-16,NA,872.8,2001-10-26,NA
"407N51G","NIPAWIN","08-17","DC",1994,2026,325.642857142857,158.616299828954,638.2,2003-08-17,NA,872.8,2001-10-26,NA
"407N51G","NIPAWIN","08-18","DC",1994,2026,323.104761904762,155.003185374335,646.3,2003-08-18,NA,872.8,2001-10-26,NA
"407N51G","NIPAWIN","08-19","DC",1994,2026,328.947619047619,155.992626809884,654.8,2003-08-19,NA,872.8,2001-10-26,NA
"407N51G","NIPAWIN","08-20","DC",1994,2026,333.771428571429,156.769914661127,660.8,2003-08-20,NA,872.8,2001-10-26,NA
"407N51G","NIPAWIN","08-21","DC",1994,2026,332.809523809524,158.978605179319,668,2003-08-21,NA,872.8,2001-10-26,NA
"407N51G","NIPAWIN","08-22","DC",1994,2026,339.566666666667,159.486313937383,676.4,2003-08-22,NA,872.8,2001-10-26,NA
"407N51G","NIPAWIN","08-23","DC",1994,2026,341.666666666667,158.645385477591,683.4,2003-08-23,NA,872.8,2001-10-26,NA
"407N51G","NIPAWIN","08-24","DC",1994,2026,338.6,161.198179270115,690.4,2003-08-24,NA,872.8,2001-10-26,NA
"407N51G","NIPAWIN","08-25","DC",1994,2026,343.619047619048,161.35542637001,697.4,2003-08-25,NA,872.8,2001-10-26,NA
"407N51G","NIPAWIN","08-26","DC",1994,2026,346.942857142857,164.952403957713,703.6,2003-08-26,NA,872.8,2001-10-26,NA
"407N51G","NIPAWIN","08-27","DC",1994,2026,346.680952380952,161.134796425377,708.8,2003-08-27,NA,872.8,2001-10-26,NA
"407N51G","NIPAWIN","08-28","DC",1994,2026,348.6,152.609137996386,683.7,2001-08-28,NA,872.8,2001-10-26,NA
"407N51G","NIPAWIN","08-29","DC",1994,2026,354.190476190476,152.182672813832,690.1,2001-08-29,NA,872.8,2001-10-26,NA
"407N51G","NIPAWIN","08-30","DC",1994,2026,359.371428571429,151.686103987337,696,2001-08-30,NA,872.8,2001-10-26,NA
"407N51G","NIPAWIN","08-31","DC",1994,2026,354.871428571429,148.883589232854,702.8,2001-08-31,NA,872.8,2001-10-26,NA
"407N51G","NIPAWIN","09-01","DC",1994,2026,359.271428571429,149.317561401388,708.5,2001-09-01,NA,872.8,2001-10-26,NA
"407N51G","NIPAWIN","09-02","DC",1994,2026,358.361904761905,146.27266824732,713.8,2001-09-02,NA,872.8,2001-10-26,NA
"407N51G","NIPAWIN","09-03","DC",1994,2026,360.252380952381,148.790522611649,719.3,2001-09-03,NA,872.8,2001-10-26,NA
"407N51G","NIPAWIN","09-04","DC",1994,2026,365.238095238095,149.107865239197,725.1,2001-09-04,NA,872.8,2001-10-26,NA
"407N51G","NIPAWIN","09-05","DC",1994,2026,367.904761904762,150.721984050737,730.1,2001-09-05,NA,872.8,2001-10-26,NA
"407N51G","NIPAWIN","09-06","DC",1994,2026,362.690476190476,158.899958794085,735.4,2001-09-06,NA,872.8,2001-10-26,NA
"407N51G","NIPAWIN","09-07","DC",1994,2026,367.271428571429,159.040158899748,739.7,2001-09-07,NA,872.8,2001-10-26,NA
"407N51G","NIPAWIN","09-08","DC",1994,2026,369.790476190476,159.598223375957,744.3,2001-09-08,NA,872.8,2001-10-26,NA
"407N51G","NIPAWIN","09-09","DC",1994,2026,374.638095238095,159.973849351044,748.7,2001-09-09,NA,872.8,2001-10-26,NA
"407N51G","NIPAWIN","09-10","DC",1994,2026,370.828571428571,166.171117053648,752.7,2001-09-10,NA,872.8,2001-10-26,NA
"407N51G","NIPAWIN","09-11","DC",1994,2026,364.228571428571,170.945257737257,756.5,2001-09-11,NA,872.8,2001-10-26,NA
"407N51G","NIPAWIN","09-12","DC",1994,2026,366.728571428571,170.039978072385,742.6,2001-09-12,NA,872.8,2001-10-26,NA
"407N51G","NIPAWIN","09-13","DC",1994,2026,369.742857142857,170.874028370108,747,2001-09-13,NA,872.8,2001-10-26,NA
"407N51G","NIPAWIN","09-14","DC",1994,2026,370.914285714286,170.40610401542,751.9,2001-09-14,NA,872.8,2001-10-26,NA
"407N51G","NIPAWIN","09-15","DC",1994,2026,373.07619047619,172.217728195334,757.4,2001-09-15,NA,872.8,2001-10-26,NA
"407N51G","NIPAWIN","09-16","DC",1994,2026,364.495238095238,179.118495628426,762.8,2001-09-16,NA,872.8,2001-10-26,NA
"407N51G","NIPAWIN","09-17","DC",1994,2026,360.014285714286,179.691572661921,767.2,2001-09-17,NA,872.8,2001-10-26,NA
"407N51G","NIPAWIN","09-18","DC",1994,2026,364.347619047619,179.827318889672,772,2001-09-18,NA,872.8,2001-10-26,NA
"407N51G","NIPAWIN","09-19","DC",1994,2026,366.72380952381,179.708591627562,776.7,2001-09-19,NA,872.8,2001-10-26,NA
"407N51G","NIPAWIN","09-20","DC",1994,2026,360.195238095238,179.111910481103,780.8,2001-09-20,NA,872.8,2001-10-26,NA
"407N51G","NIPAWIN","09-21","DC",1994,2026,360.528571428571,180.193624034973,785.5,2001-09-21,NA,872.8,2001-10-26,NA
"407N51G","NIPAWIN","09-22","DC",1994,2026,369.745,180.717774953684,788.1,2001-09-22,NA,872.8,2001-10-26,NA
"407N51G","NIPAWIN","09-23","DC",1994,2026,373.105,181.48555829162,792,2001-09-23,NA,872.8,2001-10-26,NA
"407N51G","NIPAWIN","09-24","DC",1994,2026,374.165,183.179929591817,796.6,2001-09-24,NA,872.8,2001-10-26,NA
"407N51G","NIPAWIN","09-25","DC",1994,2026,353.96,170.059863763199,802,2001-09-25,NA,872.8,2001-10-26,NA
"407N51G","NIPAWIN","09-26","DC",1994,2026,353.33,173.121500078626,807.7,2001-09-26,NA,872.8,2001-10-26,NA
"407N51G","NIPAWIN","09-27","DC",1994,2026,356.015,173.208457539342,813.6,2001-09-27,NA,872.8,2001-10-26,NA
"407N51G","NIPAWIN","09-28","DC",1994,2026,359.385,173.817891014827,818.2,2001-09-28,NA,872.8,2001-10-26,NA
"407N51G","NIPAWIN","09-29","DC",1994,2026,363.63,173.754839690264,822.4,2001-09-29,NA,872.8,2001-10-26,NA
"407N51G","NIPAWIN","09-30","DC",1994,2026,364.14,170.433374542355,827.5,2001-09-30,NA,872.8,2001-10-26,NA
"407N51G","NIPAWIN","10-01","DC",1994,2026,357.475,169.307567757617,831,2001-10-01,NA,872.8,2001-10-26,NA
"407N51G","NIPAWIN","10-02","DC",1994,2026,367.866666666667,181.395345401511,834.1,2001-10-02,NA,872.8,2001-10-26,NA
"407N51G","NIPAWIN","10-03","DC",1994,2026,361.642857142857,172.237509188413,836.6,2001-10-03,NA,872.8,2001-10-26,NA
"407N51G","NIPAWIN","10-04","DC",1994,2026,362.885714285714,172.887056443547,837.8,2001-10-04,NA,872.8,2001-10-26,NA
"407N51G","NIPAWIN","10-05","DC",1994,2026,362.314285714286,175.436476497091,839,2001-10-05,NA,872.8,2001-10-26,NA
"407N51G","NIPAWIN","10-06","DC",1994,2026,363.561904761905,176.721975080041,841.2,2001-10-06,NA,872.8,2001-10-26,NA
"407N51G","NIPAWIN","10-07","DC",1994,2026,369.035,181.439232323982,844.1,2001-10-07,NA,872.8,2001-10-26,NA
"407N51G","NIPAWIN","10-08","DC",1994,2026,361.777777777778,196.155288290127,847.1,2001-10-08,NA,872.8,2001-10-26,NA
"407N51G","NIPAWIN","10-09","DC",1994,2026,360.911111111111,194.993580252964,850.6,2001-10-09,NA,872.8,2001-10-26,NA
"407N51G","NIPAWIN","10-10","DC",1994,2026,361.566666666667,197.27500065227,853.1,2001-10-10,NA,872.8,2001-10-26,NA
"407N51G","NIPAWIN","10-11","DC",1994,2026,355.3,200.237537065356,856.3,2001-10-11,NA,872.8,2001-10-26,NA
"407N51G","NIPAWIN","10-12","DC",1994,2026,356.217647058824,200.380869331675,858.5,2001-10-12,NA,872.8,2001-10-26,NA
"407N51G","NIPAWIN","10-13","DC",1994,2026,373.23125,196.730847331237,860.5,2001-10-13,NA,872.8,2001-10-26,NA
"407N51G","NIPAWIN","10-14","DC",1994,2026,377.773333333333,203.029038973903,862,2001-10-14,NA,872.8,2001-10-26,NA
"407N51G","NIPAWIN","10-15","DC",1994,2026,378.313333333333,201.674316187074,863.5,2001-10-15,NA,872.8,2001-10-26,NA
"407N51G","NIPAWIN","10-16","DC",1994,2026,380.086666666667,201.550904121964,864.7,2001-10-16,NA,872.8,2001-10-26,NA
"407N51G","NIPAWIN","10-17","DC",1994,2026,379.726666666667,203.370251605527,866.6,2001-10-17,NA,872.8,2001-10-26,NA
"407N51G","NIPAWIN","10-18","DC",1994,2026,397.314285714286,200.345892653922,868.3,2001-10-18,NA,872.8,2001-10-26,NA
"407N51G","NIPAWIN","10-19","DC",1994,2026,386.675,207.601743402208,869.3,2001-10-19,NA,872.8,2001-10-26,NA
"407N51G","NIPAWIN","10-20","DC",1994,2026,398.2,215.92936345018,870.1,2001-10-20,NA,872.8,2001-10-26,NA
"407N51G","NIPAWIN","10-21","DC",1994,2026,398.072727272727,215.430346473792,870.7,2001-10-21,NA,872.8,2001-10-26,NA
"407N51G","NIPAWIN","10-22","DC",1994,2026,399.8,215.292066737258,871.1,2001-10-22,NA,872.8,2001-10-26,NA
"407N51G","NIPAWIN","10-23","DC",1994,2026,414.33,223.227064518022,871.3,2001-10-23,NA,872.8,2001-10-26,NA
"407N51G","NIPAWIN","10-24","DC",1994,2026,408.05,227.394548209836,871.5,2001-10-24,NA,872.8,2001-10-26,NA
"407N51G","NIPAWIN","10-25","DC",1994,2026,408.17,229.499721858945,872.1,2001-10-25,NA,872.8,2001-10-26,NA
"407N51G","NIPAWIN","10-26","DC",1994,2026,409.25,229.338906182289,872.8,2001-10-26,NA,872.8,2001-10-26,NA
"407N51G","NIPAWIN","10-27","DC",1994,2026,378.1875,130.179024396625,629.5,2021-10-27,NA,872.8,2001-10-26,NA
"407N51G","NIPAWIN","10-28","DC",1994,2026,377.3875,133.62906481857,631.8,2021-10-28,NA,872.8,2001-10-26,NA
"407N51G","NIPAWIN","10-29","DC",1994,2026,378.7625,133.813451571315,633.3,2021-10-29,NA,872.8,2001-10-26,NA
"407N51G","NIPAWIN","10-30","DC",1994,2026,378.4625,133.595219519904,634.7,2021-10-30,NA,872.8,2001-10-26,NA
"407N51G","NIPAWIN","10-31","DC",1994,2026,379.625,133.45103703499,635.7,2021-10-31,NA,872.8,2001-10-26,NA
"407N51G","NIPAWIN","04-01","DMC",1994,2026,11.35,9.40452018978108,18,2010-04-01,NA,158.1,2021-08-03,NA
"407N51G","NIPAWIN","04-02","DMC",1994,2026,11.1,10.7480230740355,18.7,2010-04-02,NA,158.1,2021-08-03,NA
"407N51G","NIPAWIN","04-03","DMC",1994,2026,12.1,10.6066017177982,19.6,2010-04-03,NA,158.1,2021-08-03,NA
"407N51G","NIPAWIN","04-04","DMC",1994,2026,13.7,9.75807358037436,20.6,2010-04-04,NA,158.1,2021-08-03,NA
"407N51G","NIPAWIN","04-05","DMC",1994,2026,14.8,8.62670273047588,20.9,2010-04-05,NA,158.1,2021-08-03,NA
"407N51G","NIPAWIN","04-06","DMC",1994,2026,13.2,12.5865007051205,22.1,2010-04-06,NA,158.1,2021-08-03,NA
"407N51G","NIPAWIN","04-07","DMC",1994,2026,12.35,15.2027957955108,23.1,2010-04-07,NA,158.1,2021-08-03,NA
"407N51G","NIPAWIN","04-08","DMC",1994,2026,12.45,17.3241161390704,24.7,2010-04-08,NA,158.1,2021-08-03,NA
"407N51G","NIPAWIN","04-09","DMC",1994,2026,12.5,17.3948268171891,24.8,2010-04-09,NA,158.1,2021-08-03,NA
"407N51G","NIPAWIN","04-10","DMC",1994,2026,11.4,15.8391918985787,22.6,2010-04-10,NA,158.1,2021-08-03,NA
"407N51G","NIPAWIN","04-11","DMC",1994,2026,11.5,15.980613254816,22.8,2010-04-11,NA,158.1,2021-08-03,NA
"407N51G","NIPAWIN","04-12","DMC",1994,2026,23.6,NA,23.6,2010-04-12,NA,158.1,2021-08-03,NA
"407N51G","NIPAWIN","04-13","DMC",1994,2026,14.9,NA,14.9,2010-04-13,NA,158.1,2021-08-03,NA
"407N51G","NIPAWIN","04-14","DMC",1994,2026,7.35,1.48492424049175,12.1,2024-04-14,NA,158.1,2021-08-03,NA
"407N51G","NIPAWIN","04-15","DMC",1994,2026,6.1,1.5556349186104,14.4,2024-04-15,NA,158.1,2021-08-03,NA
"407N51G","NIPAWIN","04-16","DMC",1994,2026,7.25,0.777817459305202,10.9,2023-04-16,NA,158.1,2021-08-03,NA
"407N51G","NIPAWIN","04-17","DMC",1994,2026,8.03333333333333,1.76162803489651,11.9,2023-04-17,NA,158.1,2021-08-03,NA
"407N51G","NIPAWIN","04-18","DMC",1994,2026,9,2.26053091109146,12.6,2023-04-18,NA,158.1,2021-08-03,NA
"407N51G","NIPAWIN","04-19","DMC",1994,2026,10.15,3.19426569548204,13.7,2010-04-19,NA,158.1,2021-08-03,NA
"407N51G","NIPAWIN","04-20","DMC",1994,2026,11.74,3.42534669778112,16,2010-04-20,NA,158.1,2021-08-03,NA
"407N51G","NIPAWIN","04-21","DMC",1994,2026,19.2571428571429,21.9826338384687,67.8,2000-04-21,NA,158.1,2021-08-03,NA
"407N51G","NIPAWIN","04-22","DMC",1994,2026,21.4857142857143,22.1752435966649,70.2,2000-04-22,NA,158.1,2021-08-03,NA
"407N51G","NIPAWIN","04-23","DMC",1994,2026,23.5428571428571,22.7306589685134,73.5,2000-04-23,NA,158.1,2021-08-03,NA
"407N51G","NIPAWIN","04-24","DMC",1994,2026,22.7,23.2274263174665,74,2000-04-24,NA,158.1,2021-08-03,NA
"407N51G","NIPAWIN","04-25","DMC",1994,2026,21.175,22.3238341560891,74.3,2000-04-25,NA,158.1,2021-08-03,NA
"407N51G","NIPAWIN","04-26","DMC",1994,2026,21.9555555555556,20.9212279223228,75.6,2000-04-26,NA,158.1,2021-08-03,NA
"407N51G","NIPAWIN","04-27","DMC",1994,2026,22.0555555555556,21.5327141293841,76.8,2000-04-27,NA,158.1,2021-08-03,NA
"407N51G","NIPAWIN","04-28","DMC",1994,2026,22.18,20.6941108101368,78.2,2000-04-28,NA,158.1,2021-08-03,NA
"407N51G","NIPAWIN","04-29","DMC",1994,2026,21.9545454545455,20.738194889448,79.8,2000-04-29,NA,158.1,2021-08-03,NA
"407N51G","NIPAWIN","04-30","DMC",1994,2026,23.3083333333333,20.6376733331561,83.1,2000-04-30,NA,158.1,2021-08-03,NA
"407N51G","NIPAWIN","05-01","DMC",1994,2026,23.4307692307692,21.1273276672412,86.2,2000-05-01,NA,158.1,2021-08-03,NA
"407N51G","NIPAWIN","05-02","DMC",1994,2026,23.6769230769231,22.1174197502841,89.3,2000-05-02,NA,158.1,2021-08-03,NA
"407N51G","NIPAWIN","05-03","DMC",1994,2026,20.9117647058823,21.0635610223242,91,2000-05-03,NA,158.1,2021-08-03,NA
"407N51G","NIPAWIN","05-04","DMC",1994,2026,22.7222222222222,20.6833708583818,91.4,2000-05-04,NA,158.1,2021-08-03,NA
"407N51G","NIPAWIN","05-05","DMC",1994,2026,25.2388888888889,21.4911237187079,95.2,2000-05-05,NA,158.1,2021-08-03,NA
"407N51G","NIPAWIN","05-06","DMC",1994,2026,25.8777777777778,22.2806050069814,99,2000-05-06,NA,158.1,2021-08-03,NA
"407N51G","NIPAWIN","05-07","DMC",1994,2026,26.4277777777778,22.9145164766677,99.8,2000-05-07,NA,158.1,2021-08-03,NA
"407N51G","NIPAWIN","05-08","DMC",1994,2026,25.8526315789474,23.3393175283696,100.7,2000-05-08,17.3,158.1,2021-08-03,NA
"407N51G","NIPAWIN","05-09","DMC",1994,2026,26.7631578947368,23.6667655051062,101.8,2000-05-09,18.7,158.1,2021-08-03,NA
"407N51G","NIPAWIN","05-10","DMC",1994,2026,26.1368421052632,21.6232953220548,102.3,2000-05-10,20.5,158.1,2021-08-03,NA
"407N51G","NIPAWIN","05-11","DMC",1994,2026,26.7421052631579,21.3236258066929,102.4,2000-05-11,19,158.1,2021-08-03,NA
"407N51G","NIPAWIN","05-12","DMC",1994,2026,27.605,21.4975267855336,103.1,2000-05-12,22.6,158.1,2021-08-03,NA
"407N51G","NIPAWIN","05-13","DMC",1994,2026,28.825,21.4542076599391,105.2,2000-05-13,27.3,158.1,2021-08-03,NA
"407N51G","NIPAWIN","05-14","DMC",1994,2026,31.12,21.7151802348398,106.6,2000-05-14,29.1,158.1,2021-08-03,NA
"407N51G","NIPAWIN","05-15","DMC",1994,2026,32.555,22.2679017280125,108.6,2000-05-15,16.1,158.1,2021-08-03,NA
"407N51G","NIPAWIN","05-16","DMC",1994,2026,34.07,22.9165557254093,110.3,2000-05-16,9.7,158.1,2021-08-03,NA
"407N51G","NIPAWIN","05-17","DMC",1994,2026,36.155,22.38901222522,111,2000-05-17,10.3,158.1,2021-08-03,NA
"407N51G","NIPAWIN","05-18","DMC",1994,2026,37.48,22.0914748977495,111.4,2000-05-18,11.7,158.1,2021-08-03,NA
"407N51G","NIPAWIN","05-19","DMC",1994,2026,37.86,22.7778840105924,113.9,2000-05-19,14,158.1,2021-08-03,NA
"407N51G","NIPAWIN","05-20","DMC",1994,2026,38.315,22.3070032666166,118.4,2000-05-20,17,158.1,2021-08-03,NA
"407N51G","NIPAWIN","05-21","DMC",1994,2026,39.905,22.9418825226748,121.5,2000-05-21,20.4,158.1,2021-08-03,NA
"407N51G","NIPAWIN","05-22","DMC",1994,2026,40.835,22.6946150580172,121.9,2000-05-22,22.6,158.1,2021-08-03,NA
"407N51G","NIPAWIN","05-23","DMC",1994,2026,40.38,24.6953138533567,124.1,2000-05-23,24.6,158.1,2021-08-03,NA
"407N51G","NIPAWIN","05-24","DMC",1994,2026,38.375,26.4342257210928,125.1,2000-05-24,29.2,158.1,2021-08-03,NA
"407N51G","NIPAWIN","05-25","DMC",1994,2026,38.955,27.8607906904082,127.6,2000-05-25,33.2,158.1,2021-08-03,NA
"407N51G","NIPAWIN","05-26","DMC",1994,2026,39.02,28.6725542709584,130.2,2000-05-26,38.6,158.1,2021-08-03,NA
"407N51G","NIPAWIN","05-27","DMC",1994,2026,34.565,21.2098853566469,111.4,2025-05-27,43.7,158.1,2021-08-03,NA
"407N51G","NIPAWIN","05-28","DMC",1994,2026,35.03,22.0091392500097,116.7,2025-05-28,50.7,158.1,2021-08-03,NA
"407N51G","NIPAWIN","05-29","DMC",1994,2026,34.59,23.908265472316,122.2,2025-05-29,56.6,158.1,2021-08-03,NA
"407N51G","NIPAWIN","05-30","DMC",1994,2026,34.335,24.5708486882964,128.2,2025-05-30,61.6,158.1,2021-08-03,NA
"407N51G","NIPAWIN","05-31","DMC",1994,2026,34.73,24.0005942908877,132.3,2025-05-31,67,158.1,2021-08-03,NA
"407N51G","NIPAWIN","06-01","DMC",1994,2026,36.01,24.0266277722294,134.7,2025-06-01,72.7,158.1,2021-08-03,NA
"407N51G","NIPAWIN","06-02","DMC",1994,2026,37.605,25.2535661890189,138.4,2025-06-02,75.9,158.1,2021-08-03,NA
"407N51G","NIPAWIN","06-03","DMC",1994,2026,39.12,26.1549552515489,141.3,2025-06-03,76.4,158.1,2021-08-03,NA
"407N51G","NIPAWIN","06-04","DMC",1994,2026,39.96,27.4858317568965,144.5,2025-06-04,77.2,158.1,2021-08-03,NA
"407N51G","NIPAWIN","06-05","DMC",1994,2026,42.44,28.9404724800481,148.8,2025-06-05,79,158.1,2021-08-03,NA
"407N51G","NIPAWIN","06-06","DMC",1994,2026,41.625,25.8763024081067,154.3,2025-06-06,83.1,158.1,2021-08-03,NA
"407N51G","NIPAWIN","06-07","DMC",1994,2026,34.8857142857143,22.0352963609361,155.7,2025-06-07,87.4,158.1,2021-08-03,NA
"407N51G","NIPAWIN","06-08","DMC",1994,2026,36.452380952381,22.5114552849792,91.3,2025-06-08,40.5,158.1,2021-08-03,NA
"407N51G","NIPAWIN","06-09","DMC",1994,2026,34.4523809523809,20.6123899402185,93.3,2025-06-09,46.2,158.1,2021-08-03,NA
"407N51G","NIPAWIN","06-10","DMC",1994,2026,31.1571428571429,21.1318615230313,96.2,2025-06-10,46.8,158.1,2021-08-03,NA
"407N51G","NIPAWIN","06-11","DMC",1994,2026,29.0380952380952,21.6919680110053,99,2025-06-11,48.3,158.1,2021-08-03,NA
"407N51G","NIPAWIN","06-12","DMC",1994,2026,25.5952380952381,15.0412258872233,101.7,2025-06-12,49.1,158.1,2021-08-03,NA
"407N51G","NIPAWIN","06-13","DMC",1994,2026,25.2857142857143,14.1848963942034,102.7,2025-06-13,53,158.1,2021-08-03,NA
"407N51G","NIPAWIN","06-14","DMC",1994,2026,25.0857142857143,13.9951164952024,104.6,2025-06-14,57.7,158.1,2021-08-03,NA
"407N51G","NIPAWIN","06-15","DMC",1994,2026,22.9285714285714,15.5238250072958,61.6,2026-06-15,61.6,158.1,2021-08-03,NA
"407N51G","NIPAWIN","06-16","DMC",1994,2026,23.3428571428571,17.5061295387807,65,2026-06-16,65,158.1,2021-08-03,NA
"407N51G","NIPAWIN","06-17","DMC",1994,2026,22.8714285714286,19.1355727078429,66.5,2026-06-17,66.5,158.1,2021-08-03,NA
"407N51G","NIPAWIN","06-18","DMC",1994,2026,20.8714285714286,17.8188142943671,68.2,2026-06-18,68.2,158.1,2021-08-03,NA
"407N51G","NIPAWIN","06-19","DMC",1994,2026,22.1095238095238,18.7132013499001,66.3,2001-06-19,34,158.1,2021-08-03,NA
"407N51G","NIPAWIN","06-20","DMC",1994,2026,22.9761904761905,19.7111872996505,69.7,2001-06-20,36.5,158.1,2021-08-03,NA
"407N51G","NIPAWIN","06-21","DMC",1994,2026,22.6571428571429,19.2904269374364,74.1,2001-06-21,39,158.1,2021-08-03,NA
"407N51G","NIPAWIN","06-22","DMC",1994,2026,21.3571428571429,20.0329870820248,77.4,2001-06-22,39.9,158.1,2021-08-03,NA
"407N51G","NIPAWIN","06-23","DMC",1994,2026,23.3190476190476,20.0276463681487,78.7,2001-06-23,38.3,158.1,2021-08-03,NA
"407N51G","NIPAWIN","06-24","DMC",1994,2026,24.1619047619048,20.4769254574625,79.3,2001-06-24,41.8,158.1,2021-08-03,NA
"407N51G","NIPAWIN","06-25","DMC",1994,2026,23.3571428571429,19.1830803425459,70.1,2008-06-25,39.1,158.1,2021-08-03,NA
"407N51G","NIPAWIN","06-26","DMC",1994,2026,22.7904761904762,19.8265202383551,64.8,2008-06-26,33.6,158.1,2021-08-03,NA
"407N51G","NIPAWIN","06-27","DMC",1994,2026,21.9380952380952,19.0105096246912,67,2018-06-27,14.6,158.1,2021-08-03,NA
"407N51G","NIPAWIN","06-28","DMC",1994,2026,23.8952380952381,19.3519372722856,70.3,2018-06-28,7.3,158.1,2021-08-03,NA
"407N51G","NIPAWIN","06-29","DMC",1994,2026,25.4285714285714,20.3805579623607,73.5,2018-06-29,3.6,158.1,2021-08-03,NA
"407N51G","NIPAWIN","06-30","DMC",1994,2026,25.4904761904762,20.1381951714126,77.6,2018-06-30,1.9,158.1,2021-08-03,NA
"407N51G","NIPAWIN","07-01","DMC",1994,2026,26.0428571428571,20.2260864091047,73.5,2018-07-01,0.6,158.1,2021-08-03,NA
"407N51G","NIPAWIN","07-02","DMC",1994,2026,24.2714285714286,18.3001951589906,67.8,2023-07-02,1.7,158.1,2021-08-03,NA
"407N51G","NIPAWIN","07-03","DMC",1994,2026,23.8095238095238,18.3007077666932,69.3,2023-07-03,2.9,158.1,2021-08-03,NA
"407N51G","NIPAWIN","07-04","DMC",1994,2026,22.3285714285714,17.55355071936,64,2001-07-04,4.2,158.1,2021-08-03,NA
"407N51G","NIPAWIN","07-05","DMC",1994,2026,24.2428571428571,18.1359745100331,67.3,2001-07-05,3,158.1,2021-08-03,NA
"407N51G","NIPAWIN","07-06","DMC",1994,2026,24.5047619047619,17.9149791010338,70.8,2001-07-06,5.2,158.1,2021-08-03,NA
"407N51G","NIPAWIN","07-07","DMC",1994,2026,25.1428571428571,19.6602790272308,74.7,2001-07-07,8.1,158.1,2021-08-03,NA
"407N51G","NIPAWIN","07-08","DMC",1994,2026,23.5095238095238,20.4520880293897,78.7,2001-07-08,10.8,158.1,2021-08-03,NA
"407N51G","NIPAWIN","07-09","DMC",1994,2026,22.9619047619048,21.2646296979392,82.8,2001-07-09,12.3,158.1,2021-08-03,NA
"407N51G","NIPAWIN","07-10","DMC",1994,2026,23.8666666666667,22.3000971597286,86.8,2001-07-10,14.5,158.1,2021-08-03,NA
"407N51G","NIPAWIN","07-11","DMC",1994,2026,24.8761904761905,23.2923786840654,90.1,2001-07-11,9.4,158.1,2021-08-03,NA
"407N51G","NIPAWIN","07-12","DMC",1994,2026,26.4142857142857,24.0593908009801,93.5,2002-07-12,5.5,158.1,2021-08-03,NA
"407N51G","NIPAWIN","07-13","DMC",1994,2026,27.052380952381,24.8895082122492,98.7,2002-07-13,8.5,158.1,2021-08-03,NA
"407N51G","NIPAWIN","07-14","DMC",1994,2026,26.7095238095238,26.0097271181746,102.8,2002-07-14,12.5,158.1,2021-08-03,NA
"407N51G","NIPAWIN","07-15","DMC",1994,2026,26.1619047619048,25.5867246084855,107.4,2002-07-15,15.3,158.1,2021-08-03,NA
"407N51G","NIPAWIN","07-16","DMC",1994,2026,26.952380952381,26.0411716143421,111.7,2002-07-16,12.2,158.1,2021-08-03,NA
"407N51G","NIPAWIN","07-17","DMC",1994,2026,26.5380952380952,24.5901703164186,113.5,2002-07-17,9,158.1,2021-08-03,NA
"407N51G","NIPAWIN","07-18","DMC",1994,2026,24.1142857142857,21.405333113836,99,2021-07-18,11.1,158.1,2021-08-03,NA
"407N51G","NIPAWIN","07-19","DMC",1994,2026,23.4523809523809,21.9618673852571,99.8,2021-07-19,7.9,158.1,2021-08-03,NA
"407N51G","NIPAWIN","07-20","DMC",1994,2026,23.9380952380952,22.2458642491245,101.6,2021-07-20,9.6,158.1,2021-08-03,NA
"407N51G","NIPAWIN","07-21","DMC",1994,2026,23.8238095238095,23.4071763517496,103,2021-07-21,11.9,158.1,2021-08-03,NA
"407N51G","NIPAWIN","07-22","DMC",1994,2026,23.8238095238095,23.9390247245351,105,2021-07-22,14.5,158.1,2021-08-03,NA
"407N51G","NIPAWIN","07-23","DMC",1994,2026,22.9190476190476,21.6443669126084,109.7,2021-07-23,17,158.1,2021-08-03,NA
"407N51G","NIPAWIN","07-24","DMC",1994,2026,24.5333333333333,22.4821781269817,113.5,2021-07-24,20.2,158.1,2021-08-03,NA
"407N51G","NIPAWIN","07-25","DMC",1994,2026,25.4904761904762,23.1817148796612,117.4,2021-07-25,22,158.1,2021-08-03,NA
"407N51G","NIPAWIN","07-26","DMC",1994,2026,24.3095238095238,19.6087966168734,120.9,2021-07-26,23.3,158.1,2021-08-03,NA
"407N51G","NIPAWIN","07-27","DMC",1994,2026,23.7333333333333,16.9943029669749,125.4,2021-07-27,24.5,158.1,2021-08-03,NA
"407N51G","NIPAWIN","07-28","DMC",1994,2026,23.3190476190476,18.5788217884671,129,2021-07-28,26.6,158.1,2021-08-03,NA
"407N51G","NIPAWIN","07-29","DMC",1994,2026,22.652380952381,17.2933981347686,135,2021-07-29,28.9,158.1,2021-08-03,NA
"407N51G","NIPAWIN","07-30","DMC",1994,2026,23.647619047619,16.5566185873692,140.2,2021-07-30,31.8,158.1,2021-08-03,NA
"407N51G","NIPAWIN","07-31","DMC",1994,2026,24.1809523809524,16.4703254080671,144.3,2021-07-31,32.9,158.1,2021-08-03,NA
"407N51G","NIPAWIN","08-01","DMC",1994,2026,25.9761904761905,16.6011717888198,149.4,2021-08-01,35.5,158.1,2021-08-03,NA
"407N51G","NIPAWIN","08-02","DMC",1994,2026,27.2190476190476,17.1072387908633,155.4,2021-08-02,36.9,158.1,2021-08-03,NA
"407N51G","NIPAWIN","08-03","DMC",1994,2026,27.8190476190476,17.8506755907898,158.1,2021-08-03,38.5,158.1,2021-08-03,NA
"407N51G","NIPAWIN","08-04","DMC",1994,2026,28.9,18.251712248444,83.7,2024-08-04,40.5,158.1,2021-08-03,NA
"407N51G","NIPAWIN","08-05","DMC",1994,2026,29.0761904761905,19.718035012696,86.6,2024-08-05,41.6,158.1,2021-08-03,NA
"407N51G","NIPAWIN","08-06","DMC",1994,2026,28.7809523809524,17.1106872757239,70.9,2003-08-06,41.6,158.1,2021-08-03,NA
"407N51G","NIPAWIN","08-07","DMC",1994,2026,29.9,17.4791590186713,71.9,2003-08-07,43.4,158.1,2021-08-03,NA
"407N51G","NIPAWIN","08-08","DMC",1994,2026,27.4666666666667,15.2166137275457,73,2025-08-08,NA,158.1,2021-08-03,NA
"407N51G","NIPAWIN","08-09","DMC",1994,2026,28.2809523809524,15.0605318314998,64.3,2017-08-09,NA,158.1,2021-08-03,NA
"407N51G","NIPAWIN","08-10","DMC",1994,2026,30.1857142857143,15.1835531320665,67.5,2017-08-10,NA,158.1,2021-08-03,NA
"407N51G","NIPAWIN","08-11","DMC",1994,2026,27.3428571428571,16.8755613663241,70.4,2017-08-11,NA,158.1,2021-08-03,NA
"407N51G","NIPAWIN","08-12","DMC",1994,2026,28.1380952380952,17.3565686755901,74,2017-08-12,NA,158.1,2021-08-03,NA
"407N51G","NIPAWIN","08-13","DMC",1994,2026,29.1285714285714,18.1779851154396,77.9,2017-08-13,NA,158.1,2021-08-03,NA
"407N51G","NIPAWIN","08-14","DMC",1994,2026,28.3761904761905,19.119333271898,81.8,2017-08-14,NA,158.1,2021-08-03,NA
"407N51G","NIPAWIN","08-15","DMC",1994,2026,27.8857142857143,19.6333717357535,83.6,2017-08-15,NA,158.1,2021-08-03,NA
"407N51G","NIPAWIN","08-16","DMC",1994,2026,27.1190476190476,21.2601885938864,86.6,2017-08-16,NA,158.1,2021-08-03,NA
"407N51G","NIPAWIN","08-17","DMC",1994,2026,28.447619047619,21.8105850230483,89.3,2017-08-17,NA,158.1,2021-08-03,NA
"407N51G","NIPAWIN","08-18","DMC",1994,2026,27.8619047619048,22.694084607899,93.2,2017-08-18,NA,158.1,2021-08-03,NA
"407N51G","NIPAWIN","08-19","DMC",1994,2026,29.7761904761905,23.4089065264037,95.1,2017-08-19,NA,158.1,2021-08-03,NA
"407N51G","NIPAWIN","08-20","DMC",1994,2026,30.3095238095238,24.0585723758062,98.4,2017-08-20,NA,158.1,2021-08-03,NA
"407N51G","NIPAWIN","08-21","DMC",1994,2026,30.0333333333333,25.114086352749,100.9,2017-08-21,NA,158.1,2021-08-03,NA
"407N51G","NIPAWIN","08-22","DMC",1994,2026,32.1809523809524,26.1218992235943,104.6,2017-08-22,NA,158.1,2021-08-03,NA
"407N51G","NIPAWIN","08-23","DMC",1994,2026,31.852380952381,26.9144500045537,107.3,2017-08-23,NA,158.1,2021-08-03,NA
"407N51G","NIPAWIN","08-24","DMC",1994,2026,30.9285714285714,28.4381810750467,109.5,2017-08-24,NA,158.1,2021-08-03,NA
"407N51G","NIPAWIN","08-25","DMC",1994,2026,32.0476190476191,28.5939087752552,111.1,2017-08-25,NA,158.1,2021-08-03,NA
"407N51G","NIPAWIN","08-26","DMC",1994,2026,32.5333333333333,29.7266266726202,114.7,2017-08-26,NA,158.1,2021-08-03,NA
"407N51G","NIPAWIN","08-27","DMC",1994,2026,32.1285714285714,30.2923776362494,118.7,2017-08-27,NA,158.1,2021-08-03,NA
"407N51G","NIPAWIN","08-28","DMC",1994,2026,31.3047619047619,26.8165336348768,121.9,2017-08-28,NA,158.1,2021-08-03,NA
"407N51G","NIPAWIN","08-29","DMC",1994,2026,32.8380952380952,27.0080076308949,125.7,2017-08-29,NA,158.1,2021-08-03,NA
"407N51G","NIPAWIN","08-30","DMC",1994,2026,34.0761904761905,27.5057431232444,129,2017-08-30,NA,158.1,2021-08-03,NA
"407N51G","NIPAWIN","08-31","DMC",1994,2026,31.8238095238095,26.7576326449465,132,2017-08-31,NA,158.1,2021-08-03,NA
"407N51G","NIPAWIN","09-01","DMC",1994,2026,31.0761904761905,20.8367680978098,96.9,2017-09-01,NA,158.1,2021-08-03,NA
"407N51G","NIPAWIN","09-02","DMC",1994,2026,31.3238095238095,22.4767191725551,100.1,2017-09-02,NA,158.1,2021-08-03,NA
"407N51G","NIPAWIN","09-03","DMC",1994,2026,32.1190476190476,23.3029315547984,103,2017-09-03,NA,158.1,2021-08-03,NA
"407N51G","NIPAWIN","09-04","DMC",1994,2026,33.7761904761905,23.8200525768082,104.9,2017-09-04,NA,158.1,2021-08-03,NA
"407N51G","NIPAWIN","09-05","DMC",1994,2026,34.1142857142857,24.8607981713035,107,2017-09-05,NA,158.1,2021-08-03,NA
"407N51G","NIPAWIN","09-06","DMC",1994,2026,32.5619047619048,26.3276371174945,110.4,2017-09-06,NA,158.1,2021-08-03,NA
"407N51G","NIPAWIN","09-07","DMC",1994,2026,33.7,26.5824942396307,112.4,2017-09-07,NA,158.1,2021-08-03,NA
"407N51G","NIPAWIN","09-08","DMC",1994,2026,33.847619047619,27.7215010244326,115.4,2017-09-08,NA,158.1,2021-08-03,NA
"407N51G","NIPAWIN","09-09","DMC",1994,2026,35.5619047619048,28.2819814756759,119.1,2017-09-09,NA,158.1,2021-08-03,NA
"407N51G","NIPAWIN","09-10","DMC",1994,2026,36.0571428571429,29.6133512360316,121.4,2017-09-10,NA,158.1,2021-08-03,NA
"407N51G","NIPAWIN","09-11","DMC",1994,2026,35.8095238095238,30.7205941472802,124.7,2017-09-11,NA,158.1,2021-08-03,NA
"407N51G","NIPAWIN","09-12","DMC",1994,2026,35.0714285714286,30.1754393979134,127.7,2017-09-12,NA,158.1,2021-08-03,NA
"407N51G","NIPAWIN","09-13","DMC",1994,2026,35.4190476190476,30.7730502070825,128.8,2017-09-13,NA,158.1,2021-08-03,NA
"407N51G","NIPAWIN","09-14","DMC",1994,2026,35.1,30.4525860970788,129.7,2017-09-14,NA,158.1,2021-08-03,NA
"407N51G","NIPAWIN","09-15","DMC",1994,2026,34.8619047619048,30.8991339068019,130.8,2017-09-15,NA,158.1,2021-08-03,NA
"407N51G","NIPAWIN","09-16","DMC",1994,2026,34.8571428571429,32.0389695750124,132.1,2017-09-16,NA,158.1,2021-08-03,NA
"407N51G","NIPAWIN","09-17","DMC",1994,2026,34.0809523809524,32.1130132352543,133.4,2017-09-17,NA,158.1,2021-08-03,NA
"407N51G","NIPAWIN","09-18","DMC",1994,2026,34.8904761904762,32.2850569886736,135.3,2017-09-18,NA,158.1,2021-08-03,NA
"407N51G","NIPAWIN","09-19","DMC",1994,2026,33.2333333333333,26.4833406754762,91.5,2017-09-19,NA,158.1,2021-08-03,NA
"407N51G","NIPAWIN","09-20","DMC",1994,2026,30.9380952380952,23.8368721981403,74.4,2013-09-20,NA,158.1,2021-08-03,NA
"407N51G","NIPAWIN","09-21","DMC",1994,2026,29.8571428571428,23.895534549965,76.5,2013-09-21,NA,158.1,2021-08-03,NA
"407N51G","NIPAWIN","09-22","DMC",1994,2026,30.875,23.3929785912017,78.3,2013-09-22,NA,158.1,2021-08-03,NA
"407N51G","NIPAWIN","09-23","DMC",1994,2026,31.54,23.7214404461893,80.1,2013-09-23,NA,158.1,2021-08-03,NA
"407N51G","NIPAWIN","09-24","DMC",1994,2026,31.865,24.8380072723872,81.9,2013-09-24,NA,158.1,2021-08-03,NA
"407N51G","NIPAWIN","09-25","DMC",1994,2026,30.375,24.5130443255272,78,2001-09-25,NA,158.1,2021-08-03,NA
"407N51G","NIPAWIN","09-26","DMC",1994,2026,30.125,23.4313527026009,80.3,2001-09-26,NA,158.1,2021-08-03,NA
"407N51G","NIPAWIN","09-27","DMC",1994,2026,30.135,23.6086575333354,83,2001-09-27,NA,158.1,2021-08-03,NA
"407N51G","NIPAWIN","09-28","DMC",1994,2026,31.035,23.7959146206146,83.8,2001-09-28,NA,158.1,2021-08-03,NA
"407N51G","NIPAWIN","09-29","DMC",1994,2026,32.3,23.9171596623803,84.6,2001-09-29,NA,158.1,2021-08-03,NA
"407N51G","NIPAWIN","09-30","DMC",1994,2026,31.68,24.9137374913816,86.6,2001-09-30,NA,158.1,2021-08-03,NA
"407N51G","NIPAWIN","10-01","DMC",1994,2026,30.18,26.0109612521944,88.4,2001-10-01,NA,158.1,2021-08-03,NA
"407N51G","NIPAWIN","10-02","DMC",1994,2026,29.4952380952381,25.6656867469093,89.4,2001-10-02,NA,158.1,2021-08-03,NA
"407N51G","NIPAWIN","10-03","DMC",1994,2026,27.0190476190476,24.7957580857617,90.2,2001-10-03,NA,158.1,2021-08-03,NA
"407N51G","NIPAWIN","10-04","DMC",1994,2026,27.3,25.179535341225,90.4,2001-10-04,NA,158.1,2021-08-03,NA
"407N51G","NIPAWIN","10-05","DMC",1994,2026,27.8142857142857,25.4742278727793,90.7,2001-10-05,NA,158.1,2021-08-03,NA
"407N51G","NIPAWIN","10-06","DMC",1994,2026,27.9428571428571,24.7407269785787,91.6,2001-10-06,NA,158.1,2021-08-03,NA
"407N51G","NIPAWIN","10-07","DMC",1994,2026,28,23.4731201253914,92.9,2001-10-07,NA,158.1,2021-08-03,NA
"407N51G","NIPAWIN","10-08","DMC",1994,2026,25.1444444444444,24.0503447993437,94.1,2001-10-08,NA,158.1,2021-08-03,NA
"407N51G","NIPAWIN","10-09","DMC",1994,2026,24.1166666666667,23.117633961978,95.5,2001-10-09,NA,158.1,2021-08-03,NA
"407N51G","NIPAWIN","10-10","DMC",1994,2026,24.85,23.2970901995229,96.2,2001-10-10,NA,158.1,2021-08-03,NA
"407N51G","NIPAWIN","10-11","DMC",1994,2026,25.0529411764706,24.2378608185381,97.6,2001-10-11,NA,158.1,2021-08-03,NA
"407N51G","NIPAWIN","10-12","DMC",1994,2026,24.9647058823529,24.5178491403832,98.1,2001-10-12,NA,158.1,2021-08-03,NA
"407N51G","NIPAWIN","10-13","DMC",1994,2026,26.83125,24.6133221040964,98.6,2001-10-13,NA,158.1,2021-08-03,NA
"407N51G","NIPAWIN","10-14","DMC",1994,2026,28.78,24.573685112331,98.7,2001-10-14,NA,158.1,2021-08-03,NA
"407N51G","NIPAWIN","10-15","DMC",1994,2026,28.4266666666667,24.5260930051086,98.9,2001-10-15,NA,158.1,2021-08-03,NA
"407N51G","NIPAWIN","10-16","DMC",1994,2026,28.6666666666667,24.5683497517397,99.1,2001-10-16,NA,158.1,2021-08-03,NA
"407N51G","NIPAWIN","10-17","DMC",1994,2026,28.5,25.0988901291329,99.4,2001-10-17,NA,158.1,2021-08-03,NA
"407N51G","NIPAWIN","10-18","DMC",1994,2026,30.4428571428571,25.4754697785843,99.8,2001-10-18,NA,158.1,2021-08-03,NA
"407N51G","NIPAWIN","10-19","DMC",1994,2026,32.9083333333333,27.1939317540223,99.9,2001-10-19,NA,158.1,2021-08-03,NA
"407N51G","NIPAWIN","10-20","DMC",1994,2026,32.1909090909091,29.4007977628314,100,2001-10-20,NA,158.1,2021-08-03,NA
"407N51G","NIPAWIN","10-21","DMC",1994,2026,31.3181818181818,30.1432519208468,100,2001-10-21,NA,158.1,2021-08-03,NA
"407N51G","NIPAWIN","10-22","DMC",1994,2026,31.6272727272727,30.1053513817424,100,2001-10-22,NA,158.1,2021-08-03,NA
"407N51G","NIPAWIN","10-23","DMC",1994,2026,31.63,31.9123121485527,100,2001-10-23,NA,158.1,2021-08-03,NA
"407N51G","NIPAWIN","10-24","DMC",1994,2026,30.39,31.9152854357351,100,2001-10-24,NA,158.1,2021-08-03,NA
"407N51G","NIPAWIN","10-25","DMC",1994,2026,30.71,31.8732716307009,100,2001-10-25,NA,158.1,2021-08-03,NA
"407N51G","NIPAWIN","10-26","DMC",1994,2026,30.86,31.8051777755342,100,2001-10-26,NA,158.1,2021-08-03,NA
"407N51G","NIPAWIN","10-27","DMC",1994,2026,23.9125,22.4079346597201,74.7,2000-10-27,NA,158.1,2021-08-03,NA
"407N51G","NIPAWIN","10-28","DMC",1994,2026,23.2375,22.9114405296319,74.8,2000-10-28,NA,158.1,2021-08-03,NA
"407N51G","NIPAWIN","10-29","DMC",1994,2026,23.3875,22.887953007142,74.8,2000-10-29,NA,158.1,2021-08-03,NA
"407N51G","NIPAWIN","10-30","DMC",1994,2026,21.9,22.5146301641526,74.8,2000-10-30,NA,158.1,2021-08-03,NA
"407N51G","NIPAWIN","10-31","DMC",1994,2026,21.9,22.5959541258417,74.8,2000-10-31,NA,158.1,2021-08-03,NA
"407N51G","NIPAWIN","04-01","FFMC",1994,2026,78.25,9.54594154601839,85,2010-04-01,NA,95.9,2015-05-22,NA
"407N51G","NIPAWIN","04-02","FFMC",1994,2026,74.85,14.3542676580869,85,2010-04-02,NA,95.9,2015-05-22,NA
"407N51G","NIPAWIN","04-03","FFMC",1994,2026,81.65,5.02045814642449,85.2,2010-04-03,NA,95.9,2015-05-22,NA
"407N51G","NIPAWIN","04-04","FFMC",1994,2026,86.6,1.69705627484771,87.8,2012-04-04,NA,95.9,2015-05-22,NA
"407N51G","NIPAWIN","04-05","FFMC",1994,2026,86.85,2.75771644662753,88.8,2012-04-05,NA,95.9,2015-05-22,NA
"407N51G","NIPAWIN","04-06","FFMC",1994,2026,58.05,39.8101117808026,86.2,2010-04-06,NA,95.9,2015-05-22,NA
"407N51G","NIPAWIN","04-07","FFMC",1994,2026,48.45,53.3865619795843,86.2,2010-04-07,NA,95.9,2015-05-22,NA
"407N51G","NIPAWIN","04-08","FFMC",1994,2026,57.55,42.3556961930742,87.5,2010-04-08,NA,95.9,2015-05-22,NA
"407N51G","NIPAWIN","04-09","FFMC",1994,2026,65.25,22.9809703885628,85,2024-04-09,NA,95.9,2015-05-22,NA
"407N51G","NIPAWIN","04-10","FFMC",1994,2026,61.9,7.63675323681471,88.4,2024-04-10,NA,95.9,2015-05-22,NA
"407N51G","NIPAWIN","04-11","FFMC",1994,2026,68.6,6.78822509939086,85.7,2024-04-11,NA,95.9,2015-05-22,NA
"407N51G","NIPAWIN","04-12","FFMC",1994,2026,81.2,NA,84.6,2024-04-12,NA,95.9,2015-05-22,NA
"407N51G","NIPAWIN","04-13","FFMC",1994,2026,46.4,NA,85.2,2024-04-13,NA,95.9,2015-05-22,NA
"407N51G","NIPAWIN","04-14","FFMC",1994,2026,50.7,48.5075251893972,89.7,2024-04-14,NA,95.9,2015-05-22,NA
"407N51G","NIPAWIN","04-15","FFMC",1994,2026,55.5,12.3036579926459,91.3,2024-04-15,NA,95.9,2015-05-22,NA
"407N51G","NIPAWIN","04-16","FFMC",1994,2026,74.9,1.27279220613578,84.5,2023-04-16,NA,95.9,2015-05-22,NA
"407N51G","NIPAWIN","04-17","FFMC",1994,2026,84.3,2.9137604568667,86.8,2010-04-17,NA,95.9,2015-05-22,NA
"407N51G","NIPAWIN","04-18","FFMC",1994,2026,81.3,13.3401649165218,89.3,2010-04-18,NA,95.9,2015-05-22,NA
"407N51G","NIPAWIN","04-19","FFMC",1994,2026,87.275,2.8860295678781,90.2,2016-04-19,NA,95.9,2015-05-22,NA
"407N51G","NIPAWIN","04-20","FFMC",1994,2026,89.38,1.95754948851875,91.2,2016-04-20,NA,95.9,2015-05-22,NA
"407N51G","NIPAWIN","04-21","FFMC",1994,2026,81.8142857142857,17.1390809332967,90.4,2019-04-21,NA,95.9,2015-05-22,NA
"407N51G","NIPAWIN","04-22","FFMC",1994,2026,87.4142857142857,5.85104793218803,92.5,2010-04-22,NA,95.9,2015-05-22,NA
"407N51G","NIPAWIN","04-23","FFMC",1994,2026,89.0571428571428,1.85728937150994,91.6,2019-04-23,NA,95.9,2015-05-22,NA
"407N51G","NIPAWIN","04-24","FFMC",1994,2026,77.6571428571429,23.8053815444363,93,2019-04-24,NA,95.9,2015-05-22,NA
"407N51G","NIPAWIN","04-25","FFMC",1994,2026,78.35,15.4757875405422,92.7,2024-04-25,NA,95.9,2015-05-22,NA
"407N51G","NIPAWIN","04-26","FFMC",1994,2026,83.6444444444444,8.76528823130065,91.9,2025-04-26,NA,95.9,2015-05-22,NA
"407N51G","NIPAWIN","04-27","FFMC",1994,2026,78.9222222222222,19.3916075776209,91.4,2001-04-27,NA,95.9,2015-05-22,NA
"407N51G","NIPAWIN","04-28","FFMC",1994,2026,85.2,6.03600309255499,91.4,2001-04-28,NA,95.9,2015-05-22,NA
"407N51G","NIPAWIN","04-29","FFMC",1994,2026,84.8,11.9046209515465,92.6,2016-04-29,NA,95.9,2015-05-22,NA
"407N51G","NIPAWIN","04-30","FFMC",1994,2026,83.7833333333333,19.4489931187538,93,2016-04-30,NA,95.9,2015-05-22,NA
"407N51G","NIPAWIN","05-01","FFMC",1994,2026,82.2461538461538,23.5577169021326,93,2015-05-01,NA,95.9,2015-05-22,NA
"407N51G","NIPAWIN","05-02","FFMC",1994,2026,76.4615384615385,22.3832354848273,93.5,2016-05-02,NA,95.9,2015-05-22,NA
"407N51G","NIPAWIN","05-03","FFMC",1994,2026,79.5352941176471,18.1786599195482,93.5,2023-05-03,NA,95.9,2015-05-22,NA
"407N51G","NIPAWIN","05-04","FFMC",1994,2026,82.6166666666667,13.4920564865144,95.4,2016-05-04,NA,95.9,2015-05-22,NA
"407N51G","NIPAWIN","05-05","FFMC",1994,2026,85.4166666666667,10.5729538418162,95.5,2016-05-05,NA,95.9,2015-05-22,NA
"407N51G","NIPAWIN","05-06","FFMC",1994,2026,81.2277777777778,15.9351924832154,94,2005-05-06,NA,95.9,2015-05-22,NA
"407N51G","NIPAWIN","05-07","FFMC",1994,2026,79.7333333333333,16.0006985141642,93.6,2025-05-07,NA,95.9,2015-05-22,NA
"407N51G","NIPAWIN","05-08","FFMC",1994,2026,79.7578947368421,17.5734432150546,95.6,2016-05-08,87.3,95.9,2015-05-22,NA
"407N51G","NIPAWIN","05-09","FFMC",1994,2026,80.5631578947368,16.3167674673875,93.3,2018-05-09,87.3,95.9,2015-05-22,NA
"407N51G","NIPAWIN","05-10","FFMC",1994,2026,79.9315789473684,12.5232695691562,93.7,2024-05-10,87.3,95.9,2015-05-22,NA
"407N51G","NIPAWIN","05-11","FFMC",1994,2026,81.9157894736842,16.7700878934255,94.6,2021-05-11,65.9,95.9,2015-05-22,NA
"407N51G","NIPAWIN","05-12","FFMC",1994,2026,85.255,15.7116274409147,94.7,2021-05-12,87.8,95.9,2015-05-22,NA
"407N51G","NIPAWIN","05-13","FFMC",1994,2026,85.495,11.5496855733005,93.9,2019-05-13,92.8,95.9,2015-05-22,NA
"407N51G","NIPAWIN","05-14","FFMC",1994,2026,85.775,12.7574075488879,94.3,2023-05-14,87.8,95.9,2015-05-22,NA
"407N51G","NIPAWIN","05-15","FFMC",1994,2026,84.325,14.4433876693946,94.4,2023-05-15,32.5,95.9,2015-05-22,NA
"407N51G","NIPAWIN","05-16","FFMC",1994,2026,84.285,15.9234443179661,94.5,2006-05-16,26.8,95.9,2015-05-22,NA
"407N51G","NIPAWIN","05-17","FFMC",1994,2026,86.745,10.3687016392705,94.3,2008-05-17,53.2,95.9,2015-05-22,NA
"407N51G","NIPAWIN","05-18","FFMC",1994,2026,85.425,10.5997455282265,95,2021-05-18,74.4,95.9,2015-05-22,NA
"407N51G","NIPAWIN","05-19","FFMC",1994,2026,83.68,16.4395735634282,94,2023-05-19,85.7,95.9,2015-05-22,NA
"407N51G","NIPAWIN","05-20","FFMC",1994,2026,84.1,14.277402093039,95.5,2018-05-20,88.8,95.9,2015-05-22,NA
"407N51G","NIPAWIN","05-21","FFMC",1994,2026,84.2,15.115206703324,95.8,2015-05-21,90.4,95.9,2015-05-22,NA
"407N51G","NIPAWIN","05-22","FFMC",1994,2026,83.435,17.2628068401405,95.9,2015-05-22,89.3,95.9,2015-05-22,NA
"407N51G","NIPAWIN","05-23","FFMC",1994,2026,78.81,23.6275686434301,95.7,2014-05-23,88.1,95.9,2015-05-22,NA
"407N51G","NIPAWIN","05-24","FFMC",1994,2026,73.445,25.7243786687791,95.8,2014-05-24,91.8,95.9,2015-05-22,NA
"407N51G","NIPAWIN","05-25","FFMC",1994,2026,73.62,21.3339511971929,95.1,2015-05-25,92.7,95.9,2015-05-22,NA
"407N51G","NIPAWIN","05-26","FFMC",1994,2026,75.89,19.5154702466369,94.8,2025-05-26,94.2,95.9,2015-05-22,NA
"407N51G","NIPAWIN","05-27","FFMC",1994,2026,73.135,23.006092442518,94.9,2025-05-27,94.3,95.9,2015-05-22,NA
"407N51G","NIPAWIN","05-28","FFMC",1994,2026,71.965,23.2708372952297,95.3,2026-05-28,95.3,95.9,2015-05-22,NA
"407N51G","NIPAWIN","05-29","FFMC",1994,2026,70.23,25.0040649326843,95.1,2026-05-29,95.1,95.9,2015-05-22,NA
"407N51G","NIPAWIN","05-30","FFMC",1994,2026,71.75,25.6841237056341,94.8,2025-05-30,93.5,95.9,2015-05-22,NA
"407N51G","NIPAWIN","05-31","FFMC",1994,2026,75.865,23.2057224113273,94.6,2021-05-31,93.6,95.9,2015-05-22,NA
"407N51G","NIPAWIN","06-01","FFMC",1994,2026,80.44,14.2748730292077,94,2017-06-01,93.7,95.9,2015-05-22,NA
"407N51G","NIPAWIN","06-02","FFMC",1994,2026,81.495,19.3290203144337,93.2,2021-06-02,90.8,95.9,2015-05-22,NA
"407N51G","NIPAWIN","06-03","FFMC",1994,2026,81.005,17.6851550891225,94.2,2022-06-03,82.4,95.9,2015-05-22,NA
"407N51G","NIPAWIN","06-04","FFMC",1994,2026,77.885,21.0356908485004,93.8,2013-06-04,82.4,95.9,2015-05-22,NA
"407N51G","NIPAWIN","06-05","FFMC",1994,2026,79.89,20.7669499572353,94.8,2013-06-05,84.1,95.9,2015-05-22,NA
"407N51G","NIPAWIN","06-06","FFMC",1994,2026,79.26,13.4875146943971,94,2025-06-06,90.3,95.9,2015-05-22,NA
"407N51G","NIPAWIN","06-07","FFMC",1994,2026,70.7619047619048,22.7877703207329,92.2,2017-06-07,90.7,95.9,2015-05-22,NA
"407N51G","NIPAWIN","06-08","FFMC",1994,2026,77.5285714285714,14.6856100607752,92.2,2022-06-08,57.6,95.9,2015-05-22,NA
"407N51G","NIPAWIN","06-09","FFMC",1994,2026,77.3571428571429,17.3021840074764,92.6,2022-06-09,91.7,95.9,2015-05-22,NA
"407N51G","NIPAWIN","06-10","FFMC",1994,2026,73,23.798781481412,92.3,2011-06-10,83,95.9,2015-05-22,NA
"407N51G","NIPAWIN","06-11","FFMC",1994,2026,68.6,23.0977488080549,91.9,2011-06-11,83.7,95.9,2015-05-22,NA
"407N51G","NIPAWIN","06-12","FFMC",1994,2026,68.2952380952381,22.0103720139046,91.9,2019-06-12,83.4,95.9,2015-05-22,NA
"407N51G","NIPAWIN","06-13","FFMC",1994,2026,73.4142857142857,21.9736270495857,91.9,2019-06-13,90.7,95.9,2015-05-22,NA
"407N51G","NIPAWIN","06-14","FFMC",1994,2026,73.3380952380952,23.4255517798509,92.4,2026-06-14,92.4,95.9,2015-05-22,NA
"407N51G","NIPAWIN","06-15","FFMC",1994,2026,67.0571428571429,24.1651313141181,92.5,2026-06-15,92.5,95.9,2015-05-22,NA
"407N51G","NIPAWIN","06-16","FFMC",1994,2026,68.1238095238095,23.7568706853808,92.2,2009-06-16,91.6,95.9,2015-05-22,NA
"407N51G","NIPAWIN","06-17","FFMC",1994,2026,66.3190476190476,22.4347190543501,91.7,2009-06-17,87.3,95.9,2015-05-22,NA
"407N51G","NIPAWIN","06-18","FFMC",1994,2026,66.5761904761905,24.8301007803413,92.9,2018-06-18,86.5,95.9,2015-05-22,NA
"407N51G","NIPAWIN","06-19","FFMC",1994,2026,73.3952380952381,19.0873905023834,93,2018-06-19,44.6,95.9,2015-05-22,NA
"407N51G","NIPAWIN","06-20","FFMC",1994,2026,72.9285714285714,22.4004049708291,92.8,2018-06-20,71.2,95.9,2015-05-22,NA
"407N51G","NIPAWIN","06-21","FFMC",1994,2026,74.5095238095238,18.375334140143,93.5,2024-06-21,83.1,95.9,2015-05-22,NA
"407N51G","NIPAWIN","06-22","FFMC",1994,2026,69.7380952380952,22.1991323296762,91.9,2008-06-22,82.7,95.9,2015-05-22,NA
"407N51G","NIPAWIN","06-23","FFMC",1994,2026,78.9095238095238,11.1508252951028,91,2008-06-23,74.8,95.9,2015-05-22,NA
"407N51G","NIPAWIN","06-24","FFMC",1994,2026,78.5714285714286,12.4368863811302,91.5,2023-06-24,85.1,95.9,2015-05-22,NA
"407N51G","NIPAWIN","06-25","FFMC",1994,2026,74.1,18.2669373459264,91.5,2023-06-25,77.1,95.9,2015-05-22,NA
"407N51G","NIPAWIN","06-26","FFMC",1994,2026,69.8619047619048,20.064183915387,91.2,2002-06-26,71.8,95.9,2015-05-22,NA
"407N51G","NIPAWIN","06-27","FFMC",1994,2026,70.9047619047619,20.1032951575227,91.4,2004-06-27,60,95.9,2015-05-22,NA
"407N51G","NIPAWIN","06-28","FFMC",1994,2026,79.6428571428572,9.58976388805123,92.1,2004-06-28,29.2,95.9,2015-05-22,NA
"407N51G","NIPAWIN","06-29","FFMC",1994,2026,79.6190476190476,13.9830118017407,90.5,2002-06-29,26,95.9,2015-05-22,NA
"407N51G","NIPAWIN","06-30","FFMC",1994,2026,76.6761904761905,19.0919591651015,91.4,2023-06-30,35.4,95.9,2015-05-22,NA
"407N51G","NIPAWIN","07-01","FFMC",1994,2026,75.2285714285714,20.3854394815796,91.4,2023-07-01,20.2,95.9,2015-05-22,NA
"407N51G","NIPAWIN","07-02","FFMC",1994,2026,71.8380952380952,22.5109412550981,91.8,2021-07-02,48.4,95.9,2015-05-22,NA
"407N51G","NIPAWIN","07-03","FFMC",1994,2026,73.9285714285714,17.7639562839234,89.2,2002-07-03,69.4,95.9,2015-05-22,NA
"407N51G","NIPAWIN","07-04","FFMC",1994,2026,72.3,19.1604801609981,89.7,2008-07-04,77.7,95.9,2015-05-22,NA
"407N51G","NIPAWIN","07-05","FFMC",1994,2026,79.2333333333333,10.8592050046646,89.9,2011-07-05,52,95.9,2015-05-22,NA
"407N51G","NIPAWIN","07-06","FFMC",1994,2026,76.5285714285714,18.4152421340894,90.8,2002-07-06,78.1,95.9,2015-05-22,NA
"407N51G","NIPAWIN","07-07","FFMC",1994,2026,76.3809523809524,17.6248012484572,91.4,2002-07-07,85.4,95.9,2015-05-22,NA
"407N51G","NIPAWIN","07-08","FFMC",1994,2026,72.4190476190476,16.0986837675513,92.1,2002-07-08,86.5,95.9,2015-05-22,NA
"407N51G","NIPAWIN","07-09","FFMC",1994,2026,72.3904761904762,19.2135344161845,91.9,2002-07-09,85.1,95.9,2015-05-22,NA
"407N51G","NIPAWIN","07-10","FFMC",1994,2026,76.1476190476191,12.8002194921657,92.8,2021-07-10,85.4,95.9,2015-05-22,NA
"407N51G","NIPAWIN","07-11","FFMC",1994,2026,77.1,14.8955698111888,90.1,2002-07-11,57.1,95.9,2015-05-22,NA
"407N51G","NIPAWIN","07-12","FFMC",1994,2026,78.2333333333333,18.5686384350962,90.1,2002-07-12,47.1,95.9,2015-05-22,NA
"407N51G","NIPAWIN","07-13","FFMC",1994,2026,76.1952380952381,19.2606717481628,91.3,2002-07-13,79.1,95.9,2015-05-22,NA
"407N51G","NIPAWIN","07-14","FFMC",1994,2026,73.8857142857143,19.0414097617347,91,2002-07-14,88.7,95.9,2015-05-22,NA
"407N51G","NIPAWIN","07-15","FFMC",1994,2026,74.3380952380952,15.3576520402852,91.4,2002-07-15,88.5,95.9,2015-05-22,NA
"407N51G","NIPAWIN","07-16","FFMC",1994,2026,79.1238095238095,13.3374624558761,91.4,2002-07-16,59.6,95.9,2015-05-22,NA
"407N51G","NIPAWIN","07-17","FFMC",1994,2026,75.6142857142857,14.3904581481719,88.4,2023-07-17,48.9,95.9,2015-05-22,NA
"407N51G","NIPAWIN","07-18","FFMC",1994,2026,69.4809523809524,19.5277397321764,87.7,2024-07-18,73.1,95.9,2015-05-22,NA
"407N51G","NIPAWIN","07-19","FFMC",1994,2026,70.4190476190476,16.2839067501512,87.7,2024-07-19,67.6,95.9,2015-05-22,NA
"407N51G","NIPAWIN","07-20","FFMC",1994,2026,74.7,14.2616618947442,88.3,2001-07-20,80.2,95.9,2015-05-22,NA
"407N51G","NIPAWIN","07-21","FFMC",1994,2026,70.4142857142857,23.070810252661,89.1,2023-07-21,84.5,95.9,2015-05-22,NA
"407N51G","NIPAWIN","07-22","FFMC",1994,2026,73.9809523809524,15.4462169817603,89.5,2006-07-22,86.1,95.9,2015-05-22,NA
"407N51G","NIPAWIN","07-23","FFMC",1994,2026,74.3809523809524,17.0183906127348,92.3,2021-07-23,86.2,95.9,2015-05-22,NA
"407N51G","NIPAWIN","07-24","FFMC",1994,2026,78.7857142857143,12.0290184850754,91.7,2021-07-24,88,95.9,2015-05-22,NA
"407N51G","NIPAWIN","07-25","FFMC",1994,2026,77.7095238095238,13.160847418077,91.7,2021-07-25,86.2,95.9,2015-05-22,NA
"407N51G","NIPAWIN","07-26","FFMC",1994,2026,74.8666666666667,18.191380742905,91.2,2021-07-26,84.6,95.9,2015-05-22,NA
"407N51G","NIPAWIN","07-27","FFMC",1994,2026,78.2142857142857,11.5393797803125,91.5,2021-07-27,84,95.9,2015-05-22,NA
"407N51G","NIPAWIN","07-28","FFMC",1994,2026,71.8,24.705930462138,91.4,2021-07-28,85.1,95.9,2015-05-22,NA
"407N51G","NIPAWIN","07-29","FFMC",1994,2026,75.4809523809524,15.4711867368867,94.6,2021-07-29,85.7,95.9,2015-05-22,NA
"407N51G","NIPAWIN","07-30","FFMC",1994,2026,80.6380952380952,8.42742405426926,94.7,2021-07-30,87.5,95.9,2015-05-22,NA
"407N51G","NIPAWIN","07-31","FFMC",1994,2026,80.2476190476191,12.9248837150521,92.8,2021-07-31,84.7,95.9,2015-05-22,NA
"407N51G","NIPAWIN","08-01","FFMC",1994,2026,82.7714285714286,6.17730870664101,93,2021-08-01,86.4,95.9,2015-05-22,NA
"407N51G","NIPAWIN","08-02","FFMC",1994,2026,83.0428571428571,8.95888226446644,94.5,2021-08-02,85,95.9,2015-05-22,NA
"407N51G","NIPAWIN","08-03","FFMC",1994,2026,80.8666666666667,16.0636650031471,90.1,2021-08-03,85.2,95.9,2015-05-22,NA
"407N51G","NIPAWIN","08-04","FFMC",1994,2026,82.2095238095238,10.3575530296448,90.1,2001-08-04,85.9,95.9,2015-05-22,NA
"407N51G","NIPAWIN","08-05","FFMC",1994,2026,78.3238095238095,16.6404598723084,89.9,2017-08-05,84.3,95.9,2015-05-22,NA
"407N51G","NIPAWIN","08-06","FFMC",1994,2026,75.8809523809524,18.8362315511256,90.6,2005-08-06,79.7,95.9,2015-05-22,NA
"407N51G","NIPAWIN","08-07","FFMC",1994,2026,77.1142857142857,16.9570718496527,90.6,2005-08-07,84.2,95.9,2015-05-22,NA
"407N51G","NIPAWIN","08-08","FFMC",1994,2026,71.3380952380952,22.8141727044939,89.8,2005-08-08,NA,95.9,2015-05-22,NA
"407N51G","NIPAWIN","08-09","FFMC",1994,2026,77.5,12.8538321134205,88.4,2018-08-09,NA,95.9,2015-05-22,NA
"407N51G","NIPAWIN","08-10","FFMC",1994,2026,83.9333333333333,5.17042873786433,89.7,2001-08-10,NA,95.9,2015-05-22,NA
"407N51G","NIPAWIN","08-11","FFMC",1994,2026,72.8619047619048,21.2771820547383,89.2,2017-08-11,NA,95.9,2015-05-22,NA
"407N51G","NIPAWIN","08-12","FFMC",1994,2026,77.4761904761905,13.0736339539512,90,2017-08-12,NA,95.9,2015-05-22,NA
"407N51G","NIPAWIN","08-13","FFMC",1994,2026,78.6,11.9422778396753,91.6,2003-08-13,NA,95.9,2015-05-22,NA
"407N51G","NIPAWIN","08-14","FFMC",1994,2026,75.8952380952381,16.3694678041308,93.3,2021-08-14,NA,95.9,2015-05-22,NA
"407N51G","NIPAWIN","08-15","FFMC",1994,2026,76.6285714285714,14.4247406512957,93.4,2021-08-15,NA,95.9,2015-05-22,NA
"407N51G","NIPAWIN","08-16","FFMC",1994,2026,74.8571428571429,20.9425302059845,91.9,2003-08-16,NA,95.9,2015-05-22,NA
"407N51G","NIPAWIN","08-17","FFMC",1994,2026,79.9714285714286,11.7453455827039,89.9,2003-08-17,NA,95.9,2015-05-22,NA
"407N51G","NIPAWIN","08-18","FFMC",1994,2026,76.3190476190476,17.7361387863204,92.2,2003-08-18,NA,95.9,2015-05-22,NA
"407N51G","NIPAWIN","08-19","FFMC",1994,2026,81.6952380952381,11.352113291827,92.7,2003-08-19,NA,95.9,2015-05-22,NA
"407N51G","NIPAWIN","08-20","FFMC",1994,2026,80.2333333333333,13.1149278813623,91.4,2013-08-20,NA,95.9,2015-05-22,NA
"407N51G","NIPAWIN","08-21","FFMC",1994,2026,77.5142857142857,18.9468014639486,90.5,2018-08-21,NA,95.9,2015-05-22,NA
"407N51G","NIPAWIN","08-22","FFMC",1994,2026,82.1476190476191,13.3242492864558,93.3,2018-08-22,NA,95.9,2015-05-22,NA
"407N51G","NIPAWIN","08-23","FFMC",1994,2026,77.4571428571429,17.3534311140066,91.3,2000-08-23,NA,95.9,2015-05-22,NA
"407N51G","NIPAWIN","08-24","FFMC",1994,2026,73.7190476190476,21.5609048754364,91.3,2000-08-24,NA,95.9,2015-05-22,NA
"407N51G","NIPAWIN","08-25","FFMC",1994,2026,77.952380952381,19.0185861474406,91.2,2003-08-25,NA,95.9,2015-05-22,NA
"407N51G","NIPAWIN","08-26","FFMC",1994,2026,78.0523809523809,16.9951057380535,91.3,2022-08-26,NA,95.9,2015-05-22,NA
"407N51G","NIPAWIN","08-27","FFMC",1994,2026,77.3761904761905,16.5419438024044,92.2,2017-08-27,NA,95.9,2015-05-22,NA
"407N51G","NIPAWIN","08-28","FFMC",1994,2026,79.4571428571429,15.2585573180616,92.6,2001-08-28,NA,95.9,2015-05-22,NA
"407N51G","NIPAWIN","08-29","FFMC",1994,2026,83.2666666666667,11.0906867836637,94.1,2006-08-29,NA,95.9,2015-05-22,NA
"407N51G","NIPAWIN","08-30","FFMC",1994,2026,82.4714285714286,12.2457806144461,92.9,2017-08-30,NA,95.9,2015-05-22,NA
"407N51G","NIPAWIN","08-31","FFMC",1994,2026,75.2714285714286,20.1181545589337,92,2022-08-31,NA,95.9,2015-05-22,NA
"407N51G","NIPAWIN","09-01","FFMC",1994,2026,80.0476190476191,10.1633468428279,92.3,2024-09-01,NA,95.9,2015-05-22,NA
"407N51G","NIPAWIN","09-02","FFMC",1994,2026,77.2761904761905,17.6227666602581,92.4,2024-09-02,NA,95.9,2015-05-22,NA
"407N51G","NIPAWIN","09-03","FFMC",1994,2026,78.4523809523809,18.5571177462347,92.9,2022-09-03,NA,95.9,2015-05-22,NA
"407N51G","NIPAWIN","09-04","FFMC",1994,2026,82.0285714285714,11.9547539856386,93.9,2022-09-04,NA,95.9,2015-05-22,NA
"407N51G","NIPAWIN","09-05","FFMC",1994,2026,77.2952380952381,16.5136148735059,92.1,2022-09-05,NA,95.9,2015-05-22,NA
"407N51G","NIPAWIN","09-06","FFMC",1994,2026,73.2333333333333,22.2022821649787,92.2,2022-09-06,NA,95.9,2015-05-22,NA
"407N51G","NIPAWIN","09-07","FFMC",1994,2026,78.1380952380952,15.3204593988064,92.8,2022-09-07,NA,95.9,2015-05-22,NA
"407N51G","NIPAWIN","09-08","FFMC",1994,2026,77.952380952381,14.3066634491631,91.7,2011-09-08,NA,95.9,2015-05-22,NA
"407N51G","NIPAWIN","09-09","FFMC",1994,2026,83.3095238095238,6.94391134461729,94.5,2024-09-09,NA,95.9,2015-05-22,NA
"407N51G","NIPAWIN","09-10","FFMC",1994,2026,75.8142857142857,22.9577935724295,91.7,2011-09-10,NA,95.9,2015-05-22,NA
"407N51G","NIPAWIN","09-11","FFMC",1994,2026,75.3285714285714,22.4199050590573,92.3,2017-09-11,NA,95.9,2015-05-22,NA
"407N51G","NIPAWIN","09-12","FFMC",1994,2026,73.9428571428571,19.2087889110316,92.4,2017-09-12,NA,95.9,2015-05-22,NA
"407N51G","NIPAWIN","09-13","FFMC",1994,2026,76.0952380952381,13.9679445943373,90.8,2022-09-13,NA,95.9,2015-05-22,NA
"407N51G","NIPAWIN","09-14","FFMC",1994,2026,79.2238095238095,12.7887022313409,89.1,2016-09-14,NA,95.9,2015-05-22,NA
"407N51G","NIPAWIN","09-15","FFMC",1994,2026,76.9857142857143,19.8697077410385,89.9,2000-09-15,NA,95.9,2015-05-22,NA
"407N51G","NIPAWIN","09-16","FFMC",1994,2026,75.9,24.6304892359043,90.2,2000-09-16,NA,95.9,2015-05-22,NA
"407N51G","NIPAWIN","09-17","FFMC",1994,2026,73.1857142857143,24.8397722556847,90.2,2023-09-17,NA,95.9,2015-05-22,NA
"407N51G","NIPAWIN","09-18","FFMC",1994,2026,76.5714285714286,18.0198818768921,91.1,2021-09-18,NA,95.9,2015-05-22,NA
"407N51G","NIPAWIN","09-19","FFMC",1994,2026,78.2809523809524,12.6217914357519,90.5,2020-09-19,NA,95.9,2015-05-22,NA
"407N51G","NIPAWIN","09-20","FFMC",1994,2026,73.1238095238095,20.5230822432184,90.1,2023-09-20,NA,95.9,2015-05-22,NA
"407N51G","NIPAWIN","09-21","FFMC",1994,2026,73.7857142857143,14.8601576611517,90.1,2023-09-21,NA,95.9,2015-05-22,NA
"407N51G","NIPAWIN","09-22","FFMC",1994,2026,80.82,6.99523145849333,92.9,2021-09-22,NA,95.9,2015-05-22,NA
"407N51G","NIPAWIN","09-23","FFMC",1994,2026,80.39,11.8782375088137,91.8,2021-09-23,NA,95.9,2015-05-22,NA
"407N51G","NIPAWIN","09-24","FFMC",1994,2026,78.045,18.2264260145306,93.7,2009-09-24,NA,95.9,2015-05-22,NA
"407N51G","NIPAWIN","09-25","FFMC",1994,2026,80.905,11.6134892077682,93.1,2009-09-25,NA,95.9,2015-05-22,NA
"407N51G","NIPAWIN","09-26","FFMC",1994,2026,80.93,13.6077416046509,90.4,2004-09-26,NA,95.9,2015-05-22,NA
"407N51G","NIPAWIN","09-27","FFMC",1994,2026,80.23,13.6322411950493,91.2,2011-09-27,NA,95.9,2015-05-22,NA
"407N51G","NIPAWIN","09-28","FFMC",1994,2026,79.855,14.6902572439946,90.3,2021-09-28,NA,95.9,2015-05-22,NA
"407N51G","NIPAWIN","09-29","FFMC",1994,2026,84.51,5.88252541542813,93.1,2012-09-29,NA,95.9,2015-05-22,NA
"407N51G","NIPAWIN","09-30","FFMC",1994,2026,79.55,14.7238617646037,91.7,2012-09-30,NA,95.9,2015-05-22,NA
"407N51G","NIPAWIN","10-01","FFMC",1994,2026,73.49,21.0746767472244,91.6,2021-10-01,NA,95.9,2015-05-22,NA
"407N51G","NIPAWIN","10-02","FFMC",1994,2026,69.552380952381,23.8253776265481,91.4,2021-10-02,NA,95.9,2015-05-22,NA
"407N51G","NIPAWIN","10-03","FFMC",1994,2026,70.547619047619,19.5879968104862,90.9,2021-10-03,NA,95.9,2015-05-22,NA
"407N51G","NIPAWIN","10-04","FFMC",1994,2026,73.3809523809524,17.4286149492041,91.6,2021-10-04,NA,95.9,2015-05-22,NA
"407N51G","NIPAWIN","10-05","FFMC",1994,2026,76.2333333333333,19.2486189980823,90.4,2021-10-05,NA,95.9,2015-05-22,NA
"407N51G","NIPAWIN","10-06","FFMC",1994,2026,77.6714285714286,18.210605230391,89,2004-10-06,NA,95.9,2015-05-22,NA
"407N51G","NIPAWIN","10-07","FFMC",1994,2026,74.115,20.7510120235135,89.5,2004-10-07,NA,95.9,2015-05-22,NA
"407N51G","NIPAWIN","10-08","FFMC",1994,2026,66.9666666666667,25.8201471723149,89.8,2000-10-08,NA,95.9,2015-05-22,NA
"407N51G","NIPAWIN","10-09","FFMC",1994,2026,69.1166666666667,26.6855160097361,90.4,2004-10-09,NA,95.9,2015-05-22,NA
"407N51G","NIPAWIN","10-10","FFMC",1994,2026,73.2944444444444,22.9002818431724,90.4,2004-10-10,NA,95.9,2015-05-22,NA
"407N51G","NIPAWIN","10-11","FFMC",1994,2026,74.5470588235294,19.710977831118,88.8,2000-10-11,NA,95.9,2015-05-22,NA
"407N51G","NIPAWIN","10-12","FFMC",1994,2026,73.9823529411765,17.8531592195232,87.2,2004-10-12,NA,95.9,2015-05-22,NA
"407N51G","NIPAWIN","10-13","FFMC",1994,2026,77.6,15.7071109161849,87.4,2010-10-13,NA,95.9,2015-05-22,NA
"407N51G","NIPAWIN","10-14","FFMC",1994,2026,78.5533333333333,15.4945551112395,87.4,2014-10-14,NA,95.9,2015-05-22,NA
"407N51G","NIPAWIN","10-15","FFMC",1994,2026,79.2666666666667,10.9387689740056,87.6,2005-10-15,NA,95.9,2015-05-22,NA
"407N51G","NIPAWIN","10-16","FFMC",1994,2026,80.9266666666667,5.55215102031465,86.8,2005-10-16,NA,95.9,2015-05-22,NA
"407N51G","NIPAWIN","10-17","FFMC",1994,2026,78.3,14.9629542537562,87.4,2022-10-17,NA,95.9,2015-05-22,NA
"407N51G","NIPAWIN","10-18","FFMC",1994,2026,76.7642857142857,17.3121392333578,88.6,2022-10-18,NA,95.9,2015-05-22,NA
"407N51G","NIPAWIN","10-19","FFMC",1994,2026,77.1666666666667,17.3180585376985,88.1,2000-10-19,NA,95.9,2015-05-22,NA
"407N51G","NIPAWIN","10-20","FFMC",1994,2026,68.7454545454545,24.5253894418158,88.7,2022-10-20,NA,95.9,2015-05-22,NA
"407N51G","NIPAWIN","10-21","FFMC",1994,2026,69.3454545454546,19.7272584834469,87.7,2022-10-21,NA,95.9,2015-05-22,NA
"407N51G","NIPAWIN","10-22","FFMC",1994,2026,74.2363636363636,12.2796801853528,87.5,2022-10-22,NA,95.9,2015-05-22,NA
"407N51G","NIPAWIN","10-23","FFMC",1994,2026,73.18,18.674867246293,86.7,2000-10-23,NA,95.9,2015-05-22,NA
"407N51G","NIPAWIN","10-24","FFMC",1994,2026,68.73,27.6102255614755,86.7,2000-10-24,NA,95.9,2015-05-22,NA
"407N51G","NIPAWIN","10-25","FFMC",1994,2026,72.41,22.7404412153033,88.6,2007-10-25,NA,95.9,2015-05-22,NA
"407N51G","NIPAWIN","10-26","FFMC",1994,2026,73.91,18.2013705222681,87.4,2007-10-26,NA,95.9,2015-05-22,NA
"407N51G","NIPAWIN","10-27","FFMC",1994,2026,72.4375,19.8658312184514,86.6,2007-10-27,NA,95.9,2015-05-22,NA
"407N51G","NIPAWIN","10-28","FFMC",1994,2026,69.775,19.4532957178395,86.6,2007-10-28,NA,95.9,2015-05-22,NA
"407N51G","NIPAWIN","10-29","FFMC",1994,2026,71.9875,13.9344831776629,86.2,2008-10-29,NA,95.9,2015-05-22,NA
"407N51G","NIPAWIN","10-30","FFMC",1994,2026,66.4125,14.8242501617162,87,2008-10-30,NA,95.9,2015-05-22,NA
"407N51G","NIPAWIN","10-31","FFMC",1994,2026,70.325,11.4069840761827,85.3,2008-10-31,NA,95.9,2015-05-22,NA
"407N51G","NIPAWIN","04-01","FWI",1994,2026,0.4,NA,0.4,2012-04-01,NA,107,2025-05-27,NA
"407N51G","NIPAWIN","04-02","FWI",1994,2026,4.9,5.65685424949238,8.9,2010-04-02,NA,107,2025-05-27,NA
"407N51G","NIPAWIN","04-03","FWI",1994,2026,4.1,3.67695526217005,6.7,2010-04-03,NA,107,2025-05-27,NA
"407N51G","NIPAWIN","04-04","FWI",1994,2026,13.95,2.47487373415292,15.7,2012-04-04,NA,107,2025-05-27,NA
"407N51G","NIPAWIN","04-05","FWI",1994,2026,10.6,5.65685424949238,14.6,2012-04-05,NA,107,2025-05-27,NA
"407N51G","NIPAWIN","04-06","FWI",1994,2026,6.7,NA,6.7,2010-04-06,NA,107,2025-05-27,NA
"407N51G","NIPAWIN","04-07","FWI",1994,2026,16.2,NA,16.2,2010-04-07,NA,107,2025-05-27,NA
"407N51G","NIPAWIN","04-08","FWI",1994,2026,19,NA,19,2010-04-08,NA,107,2025-05-27,NA
"407N51G","NIPAWIN","04-09","FWI",1994,2026,14.9,NA,14.9,2010-04-09,NA,107,2025-05-27,NA
"407N51G","NIPAWIN","04-10","FWI",1994,2026,5.4,NA,12.6,2024-04-10,NA,107,2025-05-27,NA
"407N51G","NIPAWIN","04-11","FWI",1994,2026,NA,NA,5.7,2024-04-11,NA,107,2025-05-27,NA
"407N51G","NIPAWIN","04-12","FWI",1994,2026,7.1,NA,8.6,2024-04-12,NA,107,2025-05-27,NA
"407N51G","NIPAWIN","04-13","FWI",1994,2026,0.4,NA,5.9,2024-04-13,NA,107,2025-05-27,NA
"407N51G","NIPAWIN","04-14","FWI",1994,2026,0,NA,14.5,2024-04-14,NA,107,2025-05-27,NA
"407N51G","NIPAWIN","04-15","FWI",1994,2026,0.5,0.424264068711929,28.8,2024-04-15,NA,107,2025-05-27,NA
"407N51G","NIPAWIN","04-16","FWI",1994,2026,2.15,1.62634559672906,4.9,2023-04-16,NA,107,2025-05-27,NA
"407N51G","NIPAWIN","04-17","FWI",1994,2026,5.85,5.1618795026618,12.9,2023-04-17,NA,107,2025-05-27,NA
"407N51G","NIPAWIN","04-18","FWI",1994,2026,6.9,5.50181788139157,11.2,2016-04-18,NA,107,2025-05-27,NA
"407N51G","NIPAWIN","04-19","FWI",1994,2026,13.5666666666667,9.25004504493537,23.5,2016-04-19,NA,107,2025-05-27,NA
"407N51G","NIPAWIN","04-20","FWI",1994,2026,12.1666666666667,6.33113997107419,17,2019-04-20,NA,107,2025-05-27,NA
"407N51G","NIPAWIN","04-21","FWI",1994,2026,10.54,6.94715769217887,19.5,2000-04-21,NA,107,2025-05-27,NA
"407N51G","NIPAWIN","04-22","FWI",1994,2026,16.2428571428571,8.87202666490905,30.3,2000-04-22,NA,107,2025-05-27,NA
"407N51G","NIPAWIN","04-23","FWI",1994,2026,20.3142857142857,10.8416524834284,41.2,2000-04-23,NA,107,2025-05-27,NA
"407N51G","NIPAWIN","04-24","FWI",1994,2026,13.5285714285714,13.9024835054406,41.6,2019-04-24,NA,107,2025-05-27,NA
"407N51G","NIPAWIN","04-25","FWI",1994,2026,8.88333333333333,8.15068504278424,26.7,2025-04-25,NA,107,2025-05-27,NA
"407N51G","NIPAWIN","04-26","FWI",1994,2026,10.7571428571429,4.77558273681762,55.8,2025-04-26,NA,107,2025-05-27,NA
"407N51G","NIPAWIN","04-27","FWI",1994,2026,10.8555555555556,7.58355311036837,22.8,2025-04-27,NA,107,2025-05-27,NA
"407N51G","NIPAWIN","04-28","FWI",1994,2026,12.3111111111111,8.193052612495,30.2,2024-04-28,NA,107,2025-05-27,NA
"407N51G","NIPAWIN","04-29","FWI",1994,2026,14.54,7.83087904814438,44.7,2025-04-29,NA,107,2025-05-27,NA
"407N51G","NIPAWIN","04-30","FWI",1994,2026,19.9727272727273,14.8704465910806,54.2,2000-04-30,NA,107,2025-05-27,NA
"407N51G","NIPAWIN","05-01","FWI",1994,2026,18.9333333333333,12.5868136868661,42.6,2000-05-01,NA,107,2025-05-27,NA
"407N51G","NIPAWIN","05-02","FWI",1994,2026,12.8230769230769,10.0517953492692,50.1,2025-05-02,NA,107,2025-05-27,NA
"407N51G","NIPAWIN","05-03","FWI",1994,2026,12.7384615384615,9.90231778099943,36.7,2025-05-03,NA,107,2025-05-27,NA
"407N51G","NIPAWIN","05-04","FWI",1994,2026,15.3875,16.3801048022695,56.5,2001-05-04,NA,107,2025-05-27,NA
"407N51G","NIPAWIN","05-05","FWI",1994,2026,22.3375,20.349934479829,70.8,2001-05-05,NA,107,2025-05-27,NA
"407N51G","NIPAWIN","05-06","FWI",1994,2026,18.4411764705882,17.814322146223,66,2005-05-06,NA,107,2025-05-27,NA
"407N51G","NIPAWIN","05-07","FWI",1994,2026,17.2352941176471,15.617615902262,68.3,2025-05-07,NA,107,2025-05-27,NA
"407N51G","NIPAWIN","05-08","FWI",1994,2026,17.8,25.2107384527573,105.8,2016-05-08,10.5,107,2025-05-27,NA
"407N51G","NIPAWIN","05-09","FWI",1994,2026,14.2210526315789,11.3920332273318,41.7,2018-05-09,15.8,107,2025-05-27,NA
"407N51G","NIPAWIN","05-10","FWI",1994,2026,11.1684210526316,8.43656411313798,32.8,2025-05-10,9.8,107,2025-05-27,NA
"407N51G","NIPAWIN","05-11","FWI",1994,2026,13.2882352941176,9.4485370794201,61.5,2025-05-11,1,107,2025-05-27,NA
"407N51G","NIPAWIN","05-12","FWI",1994,2026,21.7882352941176,10.4334727172297,46.5,2012-05-12,20.8,107,2025-05-27,NA
"407N51G","NIPAWIN","05-13","FWI",1994,2026,24.0833333333333,14.0660312559768,46.6,2013-05-13,20.5,107,2025-05-27,NA
"407N51G","NIPAWIN","05-14","FWI",1994,2026,21.2684210526316,18.4618842372777,79.3,2012-05-14,17.5,107,2025-05-27,NA
"407N51G","NIPAWIN","05-15","FWI",1994,2026,17.23,10.8785689848387,56.4,2023-05-15,0,107,2025-05-27,NA
"407N51G","NIPAWIN","05-16","FWI",1994,2026,23.67,20.0816779546353,91.5,2008-05-16,0,107,2025-05-27,NA
"407N51G","NIPAWIN","05-17","FWI",1994,2026,25.0736842105263,20.362488444994,88.9,2008-05-17,0.6,107,2025-05-27,NA
"407N51G","NIPAWIN","05-18","FWI",1994,2026,17.6894736842105,11.7632617706731,55.8,2021-05-18,2.6,107,2025-05-27,NA
"407N51G","NIPAWIN","05-19","FWI",1994,2026,21.6789473684211,12.8812343674979,73.2,2023-05-19,10.1,107,2025-05-27,NA
"407N51G","NIPAWIN","05-20","FWI",1994,2026,22.075,15.8246268767852,61.8,2018-05-20,10,107,2025-05-27,NA
"407N51G","NIPAWIN","05-21","FWI",1994,2026,24.175,14.8939717582934,53.4,2000-05-21,18.3,107,2025-05-27,NA
"407N51G","NIPAWIN","05-22","FWI",1994,2026,23.235,14.2410553644994,53.3,2015-05-22,11.9,107,2025-05-27,NA
"407N51G","NIPAWIN","05-23","FWI",1994,2026,20.25,12.9662111497132,44.7,2014-05-23,11.6,107,2025-05-27,NA
"407N51G","NIPAWIN","05-24","FWI",1994,2026,19.1263157894737,15.1064313789143,50.4,2013-05-24,24.4,107,2025-05-27,NA
"407N51G","NIPAWIN","05-25","FWI",1994,2026,14.61,13.4022346919028,67.1,2025-05-25,21.4,107,2025-05-27,NA
"407N51G","NIPAWIN","05-26","FWI",1994,2026,12.615,10.7624236656013,84.7,2025-05-26,43,107,2025-05-27,NA
"407N51G","NIPAWIN","05-27","FWI",1994,2026,16.19,15.3969545860964,107,2025-05-27,48,107,2025-05-27,NA
"407N51G","NIPAWIN","05-28","FWI",1994,2026,13.7684210526316,13.2154813521272,57.4,2025-05-28,52,107,2025-05-27,NA
"407N51G","NIPAWIN","05-29","FWI",1994,2026,15.1526315789474,16.1758519755376,63.1,2026-05-29,63.1,107,2025-05-27,NA
"407N51G","NIPAWIN","05-30","FWI",1994,2026,16.6473684210526,16.1614207441003,50.5,2026-05-30,50.5,107,2025-05-27,NA
"407N51G","NIPAWIN","05-31","FWI",1994,2026,16.14,14.8290042963462,54.2,2021-05-31,52.3,107,2025-05-27,NA
"407N51G","NIPAWIN","06-01","FWI",1994,2026,14.385,11.7004397128349,57.5,2025-06-01,51.2,107,2025-05-27,NA
"407N51G","NIPAWIN","06-02","FWI",1994,2026,16.75,11.8840228878945,71.3,2025-06-02,29.7,107,2025-05-27,NA
"407N51G","NIPAWIN","06-03","FWI",1994,2026,17.595,12.5656790295505,64.3,2025-06-03,21,107,2025-05-27,NA
"407N51G","NIPAWIN","06-04","FWI",1994,2026,17.135,14.7592352889907,70.7,2025-06-04,12.1,107,2025-05-27,NA
"407N51G","NIPAWIN","06-05","FWI",1994,2026,19.55,17.0407097702438,54.4,2013-06-05,12.5,107,2025-05-27,NA
"407N51G","NIPAWIN","06-06","FWI",1994,2026,15.735,12.6357585738586,85.1,2025-06-06,38.2,107,2025-05-27,NA
"407N51G","NIPAWIN","06-07","FWI",1994,2026,10.415,10.6799997535975,53.8,2025-06-07,27.8,107,2025-05-27,NA
"407N51G","NIPAWIN","06-08","FWI",1994,2026,11.8238095238095,9.78968358844681,30.7,2007-06-08,7.5,107,2025-05-27,NA
"407N51G","NIPAWIN","06-09","FWI",1994,2026,13.0047619047619,11.3857136882356,51.3,2026-06-09,51.3,107,2025-05-27,NA
"407N51G","NIPAWIN","06-10","FWI",1994,2026,13.225,14.6523170432817,55,2002-06-10,12.3,107,2025-05-27,NA
"407N51G","NIPAWIN","06-11","FWI",1994,2026,9.85,12.3548200694048,47.4,2008-06-11,16.8,107,2025-05-27,NA
"407N51G","NIPAWIN","06-12","FWI",1994,2026,6.765,7.2665980601944,27.6,2025-06-12,17.7,107,2025-05-27,NA
"407N51G","NIPAWIN","06-13","FWI",1994,2026,10.852380952381,9.05840046849437,32.8,2026-06-13,32.8,107,2025-05-27,NA
"407N51G","NIPAWIN","06-14","FWI",1994,2026,12.4857142857143,11.6867996352417,42,2026-06-14,42,107,2025-05-27,NA
"407N51G","NIPAWIN","06-15","FWI",1994,2026,9.655,10.2436360218122,42.3,2021-06-15,31.9,107,2025-05-27,NA
"407N51G","NIPAWIN","06-16","FWI",1994,2026,8.94285714285714,10.1011668350033,26.1,2009-06-16,24.9,107,2025-05-27,NA
"407N51G","NIPAWIN","06-17","FWI",1994,2026,7.40952380952381,8.84872334079356,24.4,2003-06-17,22.7,107,2025-05-27,NA
"407N51G","NIPAWIN","06-18","FWI",1994,2026,8.88571428571429,11.493227819646,35.8,2018-06-18,16.1,107,2025-05-27,NA
"407N51G","NIPAWIN","06-19","FWI",1994,2026,9.42857142857143,12.9795278364486,48.4,2003-06-19,0.2,107,2025-05-27,NA
"407N51G","NIPAWIN","06-20","FWI",1994,2026,9.35714285714286,10.2113941961209,39.4,2019-06-20,3.4,107,2025-05-27,NA
"407N51G","NIPAWIN","06-21","FWI",1994,2026,9.67619047619048,10.4869397233847,42.8,2025-06-21,10.3,107,2025-05-27,NA
"407N51G","NIPAWIN","06-22","FWI",1994,2026,7.73809523809524,8.55561080171814,26.6,2023-06-22,7.9,107,2025-05-27,NA
"407N51G","NIPAWIN","06-23","FWI",1994,2026,9.6952380952381,9.74343246451045,41.8,2008-06-23,4.7,107,2025-05-27,NA
"407N51G","NIPAWIN","06-24","FWI",1994,2026,8.91428571428571,6.94401078011013,33.2,2023-06-24,8.5,107,2025-05-27,NA
"407N51G","NIPAWIN","06-25","FWI",1994,2026,8.33333333333333,8.4449590486475,29.8,2021-06-25,4.2,107,2025-05-27,NA
"407N51G","NIPAWIN","06-26","FWI",1994,2026,7.81904761904762,10.5068367764813,34.5,2002-06-26,4.7,107,2025-05-27,NA
"407N51G","NIPAWIN","06-27","FWI",1994,2026,9.20476190476191,13.2810946909687,54,2018-06-27,1.7,107,2025-05-27,NA
"407N51G","NIPAWIN","06-28","FWI",1994,2026,9.6,11.0817868595277,43.5,2018-06-28,0,107,2025-05-27,NA
"407N51G","NIPAWIN","06-29","FWI",1994,2026,10.0666666666667,7.77568860830559,28.8,2002-06-29,0,107,2025-05-27,NA
"407N51G","NIPAWIN","06-30","FWI",1994,2026,9.87619047619048,8.12033895609689,27.8,2002-06-30,0,107,2025-05-27,NA
"407N51G","NIPAWIN","07-01","FWI",1994,2026,11.2190476190476,11.3575357823614,40.5,2008-07-01,0,107,2025-05-27,NA
"407N51G","NIPAWIN","07-02","FWI",1994,2026,10.7047619047619,15.1899794664271,68.5,2002-07-02,0.1,107,2025-05-27,NA
"407N51G","NIPAWIN","07-03","FWI",1994,2026,7.47142857142857,7.05281098975032,30.9,2023-07-03,0.8,107,2025-05-27,NA
"407N51G","NIPAWIN","07-04","FWI",1994,2026,7.09523809523809,6.98215412250948,29,2021-07-04,0.9,107,2025-05-27,NA
"407N51G","NIPAWIN","07-05","FWI",1994,2026,9.06666666666667,10.0801951039319,44,2001-07-05,0.2,107,2025-05-27,NA
"407N51G","NIPAWIN","07-06","FWI",1994,2026,10.3142857142857,12.8130904045154,55.4,2001-07-06,3.6,107,2025-05-27,NA
"407N51G","NIPAWIN","07-07","FWI",1994,2026,10.1285714285714,10.5765846499304,37.2,2001-07-07,5.7,107,2025-05-27,NA
"407N51G","NIPAWIN","07-08","FWI",1994,2026,7.90952380952381,10.4816460902811,37.2,2002-07-08,6.9,107,2025-05-27,NA
"407N51G","NIPAWIN","07-09","FWI",1994,2026,8.1,13.5600147492545,57.6,2002-07-09,10.1,107,2025-05-27,NA
"407N51G","NIPAWIN","07-10","FWI",1994,2026,8.7952380952381,9.84070506571944,49.3,2021-07-10,7,107,2025-05-27,NA
"407N51G","NIPAWIN","07-11","FWI",1994,2026,9.97142857142857,10.7772511735202,38.4,2001-07-11,0.3,107,2025-05-27,NA
"407N51G","NIPAWIN","07-12","FWI",1994,2026,9.81904761904762,6.43673978405365,34.6,2021-07-12,0.1,107,2025-05-27,NA
"407N51G","NIPAWIN","07-13","FWI",1994,2026,9.36666666666667,7.32695935114515,42.3,2023-07-13,3.3,107,2025-05-27,NA
"407N51G","NIPAWIN","07-14","FWI",1994,2026,9.78571428571428,12.9411470014943,57,2002-07-14,11.7,107,2025-05-27,NA
"407N51G","NIPAWIN","07-15","FWI",1994,2026,7.7952380952381,8.61983040381168,38.4,2002-07-15,8.4,107,2025-05-27,NA
"407N51G","NIPAWIN","07-16","FWI",1994,2026,9.46190476190476,10.4757565927467,42.3,2002-07-16,0.5,107,2025-05-27,NA
"407N51G","NIPAWIN","07-17","FWI",1994,2026,8.18571428571428,9.24117339488259,32.3,2017-07-17,0.2,107,2025-05-27,NA
"407N51G","NIPAWIN","07-18","FWI",1994,2026,4.93333333333333,4.74345162654088,18.9,2021-07-18,0.9,107,2025-05-27,NA
"407N51G","NIPAWIN","07-19","FWI",1994,2026,5.93333333333333,5.87335792654707,21.6,2003-07-19,2.5,107,2025-05-27,NA
"407N51G","NIPAWIN","07-20","FWI",1994,2026,6.10476190476191,5.93325173833676,23,2025-07-20,5.5,107,2025-05-27,NA
"407N51G","NIPAWIN","07-21","FWI",1994,2026,7.37142857142857,7.79462268856824,25.2,2023-07-21,5.5,107,2025-05-27,NA
"407N51G","NIPAWIN","07-22","FWI",1994,2026,6.88095238095238,7.73773991858211,25.9,2006-07-22,6.9,107,2025-05-27,NA
"407N51G","NIPAWIN","07-23","FWI",1994,2026,7.28095238095238,8.39253352972861,92.8,2021-07-23,8.2,107,2025-05-27,NA
"407N51G","NIPAWIN","07-24","FWI",1994,2026,7.9047619047619,6.6140363009645,60.3,2021-07-24,14.8,107,2025-05-27,NA
"407N51G","NIPAWIN","07-25","FWI",1994,2026,7.78095238095238,6.14000155110885,45.8,2021-07-25,10.1,107,2025-05-27,NA
"407N51G","NIPAWIN","07-26","FWI",1994,2026,7.71428571428571,6.40166273043853,28.5,2021-07-26,9.3,107,2025-05-27,NA
"407N51G","NIPAWIN","07-27","FWI",1994,2026,8.39047619047619,6.9361303881851,29.6,2021-07-27,6.4,107,2025-05-27,NA
"407N51G","NIPAWIN","07-28","FWI",1994,2026,8.1,7.31416434051081,45.2,2021-07-28,9.1,107,2025-05-27,NA
"407N51G","NIPAWIN","07-29","FWI",1994,2026,8.4,8.78487336277536,63.7,2021-07-29,13.7,107,2025-05-27,NA
"407N51G","NIPAWIN","07-30","FWI",1994,2026,9.19047619047619,9.78299058375836,57.4,2021-07-30,17.3,107,2025-05-27,NA
"407N51G","NIPAWIN","07-31","FWI",1994,2026,10.2333333333333,8.66858312144109,46.4,2021-07-31,8.9,107,2025-05-27,NA
"407N51G","NIPAWIN","08-01","FWI",1994,2026,9.73333333333333,7.56817899717847,42,2021-08-01,15.2,107,2025-05-27,NA
"407N51G","NIPAWIN","08-02","FWI",1994,2026,12.8142857142857,8.31223710647655,42.6,2021-08-02,26.6,107,2025-05-27,NA
"407N51G","NIPAWIN","08-03","FWI",1994,2026,12.6761904761905,8.58032078432414,31,2003-08-03,18.4,107,2025-05-27,NA
"407N51G","NIPAWIN","08-04","FWI",1994,2026,12.152380952381,7.21703672206391,31.4,2025-08-04,18.9,107,2025-05-27,NA
"407N51G","NIPAWIN","08-05","FWI",1994,2026,9.60952380952381,8.19712783613289,34.3,2002-08-05,18.8,107,2025-05-27,NA
"407N51G","NIPAWIN","08-06","FWI",1994,2026,10.4095238095238,9.32238728877452,35.8,2005-08-06,19,107,2025-05-27,NA
"407N51G","NIPAWIN","08-07","FWI",1994,2026,9.28095238095238,6.47677535874289,21,2005-08-07,16.5,107,2025-05-27,NA
"407N51G","NIPAWIN","08-08","FWI",1994,2026,9.57619047619047,9.0260126723767,29.2,2005-08-08,NA,107,2025-05-27,NA
"407N51G","NIPAWIN","08-09","FWI",1994,2026,9.43809523809524,7.72149442727742,23.4,2001-08-09,NA,107,2025-05-27,NA
"407N51G","NIPAWIN","08-10","FWI",1994,2026,12.147619047619,7.03374857722531,30,2001-08-10,NA,107,2025-05-27,NA
"407N51G","NIPAWIN","08-11","FWI",1994,2026,8.83809523809524,8.22784760374645,36.3,2021-08-11,NA,107,2025-05-27,NA
"407N51G","NIPAWIN","08-12","FWI",1994,2026,11.2619047619048,10.4140038501278,30,2020-08-12,NA,107,2025-05-27,NA
"407N51G","NIPAWIN","08-13","FWI",1994,2026,9.84761904761905,9.28669042488329,35.3,2003-08-13,NA,107,2025-05-27,NA
"407N51G","NIPAWIN","08-14","FWI",1994,2026,10.7,10.4955228550082,39.3,2021-08-14,NA,107,2025-05-27,NA
"407N51G","NIPAWIN","08-15","FWI",1994,2026,11.4238095238095,9.93141000875026,38.7,2021-08-15,NA,107,2025-05-27,NA
"407N51G","NIPAWIN","08-16","FWI",1994,2026,10.7142857142857,11.1849133083044,38.4,2017-08-16,NA,107,2025-05-27,NA
"407N51G","NIPAWIN","08-17","FWI",1994,2026,11.1142857142857,9.1565979334186,32.7,2003-08-17,NA,107,2025-05-27,NA
"407N51G","NIPAWIN","08-18","FWI",1994,2026,11.2047619047619,10.7941871482051,38.3,2017-08-18,NA,107,2025-05-27,NA
"407N51G","NIPAWIN","08-19","FWI",1994,2026,13.3904761904762,10.8646171014861,35.5,2001-08-19,NA,107,2025-05-27,NA
"407N51G","NIPAWIN","08-20","FWI",1994,2026,13.5571428571429,13.7378153804952,51.9,2017-08-20,NA,107,2025-05-27,NA
"407N51G","NIPAWIN","08-21","FWI",1994,2026,12.2666666666667,13.3278405352605,42.1,2017-08-21,NA,107,2025-05-27,NA
"407N51G","NIPAWIN","08-22","FWI",1994,2026,17.9333333333333,19.0050344207353,71.3,2018-08-22,NA,107,2025-05-27,NA
"407N51G","NIPAWIN","08-23","FWI",1994,2026,10.9809523809524,9.88785209474834,35.2,2018-08-23,NA,107,2025-05-27,NA
"407N51G","NIPAWIN","08-24","FWI",1994,2026,11.747619047619,11.6382395166803,42.1,2017-08-24,NA,107,2025-05-27,NA
"407N51G","NIPAWIN","08-25","FWI",1994,2026,14.5857142857143,13.462439812838,45.7,2003-08-25,NA,107,2025-05-27,NA
"407N51G","NIPAWIN","08-26","FWI",1994,2026,13.1285714285714,13.0653030143638,46.2,2001-08-26,NA,107,2025-05-27,NA
"407N51G","NIPAWIN","08-27","FWI",1994,2026,12.2190476190476,13.3227481792466,53.1,2017-08-27,NA,107,2025-05-27,NA
"407N51G","NIPAWIN","08-28","FWI",1994,2026,13.4333333333333,10.3883267821788,31.4,2017-08-28,NA,107,2025-05-27,NA
"407N51G","NIPAWIN","08-29","FWI",1994,2026,17.0666666666667,17.1677701910683,81.9,2006-08-29,NA,107,2025-05-27,NA
"407N51G","NIPAWIN","08-30","FWI",1994,2026,15.6428571428571,14.1868450132005,60.9,2017-08-30,NA,107,2025-05-27,NA
"407N51G","NIPAWIN","08-31","FWI",1994,2026,13.7476190476191,14.4449513342074,62.5,2017-08-31,NA,107,2025-05-27,NA
"407N51G","NIPAWIN","09-01","FWI",1994,2026,12.1571428571429,10.8357543082414,43.5,2024-09-01,NA,107,2025-05-27,NA
"407N51G","NIPAWIN","09-02","FWI",1994,2026,15.6761904761905,14.8965735913298,56.7,2001-09-02,NA,107,2025-05-27,NA
"407N51G","NIPAWIN","09-03","FWI",1994,2026,15.0571428571429,11.7567670483246,41.2,2017-09-03,NA,107,2025-05-27,NA
"407N51G","NIPAWIN","09-04","FWI",1994,2026,17.1190476190476,13.5151995563373,55.5,2017-09-04,NA,107,2025-05-27,NA
"407N51G","NIPAWIN","09-05","FWI",1994,2026,12.2333333333333,9.22211111044176,30.4,2022-09-05,NA,107,2025-05-27,NA
"407N51G","NIPAWIN","09-06","FWI",1994,2026,11.352380952381,10.8157116755033,63.8,2022-09-06,NA,107,2025-05-27,NA
"407N51G","NIPAWIN","09-07","FWI",1994,2026,12.2333333333333,10.2714328763485,46.1,2022-09-07,NA,107,2025-05-27,NA
"407N51G","NIPAWIN","09-08","FWI",1994,2026,11.885,11.2337028155176,39.7,2017-09-08,NA,107,2025-05-27,NA
"407N51G","NIPAWIN","09-09","FWI",1994,2026,16.447619047619,15.3855977799895,65.2,2017-09-09,NA,107,2025-05-27,NA
"407N51G","NIPAWIN","09-10","FWI",1994,2026,18.65,17.7964366628473,65,2017-09-10,NA,107,2025-05-27,NA
"407N51G","NIPAWIN","09-11","FWI",1994,2026,17.7714285714286,16.1046931935117,61.2,2017-09-11,NA,107,2025-05-27,NA
"407N51G","NIPAWIN","09-12","FWI",1994,2026,15.1761904761905,15.2955844857889,61.9,2017-09-12,NA,107,2025-05-27,NA
"407N51G","NIPAWIN","09-13","FWI",1994,2026,11.0571428571429,10.4264361806214,31.5,2013-09-13,NA,107,2025-05-27,NA
"407N51G","NIPAWIN","09-14","FWI",1994,2026,11.805,10.6546987410794,34.4,2009-09-14,NA,107,2025-05-27,NA
"407N51G","NIPAWIN","09-15","FWI",1994,2026,11.99,10.4061671997654,28.8,2021-09-15,NA,107,2025-05-27,NA
"407N51G","NIPAWIN","09-16","FWI",1994,2026,13.13,10.2051638115737,36.3,2013-09-16,NA,107,2025-05-27,NA
"407N51G","NIPAWIN","09-17","FWI",1994,2026,11.7722222222222,10.2185992798343,37.3,2013-09-17,NA,107,2025-05-27,NA
"407N51G","NIPAWIN","09-18","FWI",1994,2026,12.105,10.6600817119412,38.8,2017-09-18,NA,107,2025-05-27,NA
"407N51G","NIPAWIN","09-19","FWI",1994,2026,12.1736842105263,11.5056914469542,39.8,2023-09-19,NA,107,2025-05-27,NA
"407N51G","NIPAWIN","09-20","FWI",1994,2026,10.7944444444444,9.49745924056238,33.5,2009-09-20,NA,107,2025-05-27,NA
"407N51G","NIPAWIN","09-21","FWI",1994,2026,10.3157894736842,10.137897171718,35.9,2013-09-21,NA,107,2025-05-27,NA
"407N51G","NIPAWIN","09-22","FWI",1994,2026,9.51111111111111,10.1178868340641,49.2,2021-09-22,NA,107,2025-05-27,NA
"407N51G","NIPAWIN","09-23","FWI",1994,2026,11.7611111111111,9.04089655164333,67.6,2021-09-23,NA,107,2025-05-27,NA
"407N51G","NIPAWIN","09-24","FWI",1994,2026,16.4277777777778,17.3628340582967,69.1,2009-09-24,NA,107,2025-05-27,NA
"407N51G","NIPAWIN","09-25","FWI",1994,2026,13.8722222222222,11.5138691588248,39.8,2024-09-25,NA,107,2025-05-27,NA
"407N51G","NIPAWIN","09-26","FWI",1994,2026,14.2789473684211,11.0593137695171,46.4,2023-09-26,NA,107,2025-05-27,NA
"407N51G","NIPAWIN","09-27","FWI",1994,2026,14.7105263157895,12.9185007186869,45.9,2001-09-27,NA,107,2025-05-27,NA
"407N51G","NIPAWIN","09-28","FWI",1994,2026,12.8888888888889,8.10895575266586,30.1,2024-09-28,NA,107,2025-05-27,NA
"407N51G","NIPAWIN","09-29","FWI",1994,2026,15.85,11.0556480109117,52.8,2024-09-29,NA,107,2025-05-27,NA
"407N51G","NIPAWIN","09-30","FWI",1994,2026,14.6222222222222,16.2346599288847,53.2,2011-09-30,NA,107,2025-05-27,NA
"407N51G","NIPAWIN","10-01","FWI",1994,2026,10.82,9.96889447947249,40.8,2021-10-01,NA,107,2025-05-27,NA
"407N51G","NIPAWIN","10-02","FWI",1994,2026,13.1307692307692,13.4837794290884,41.3,2011-10-02,NA,107,2025-05-27,NA
"407N51G","NIPAWIN","10-03","FWI",1994,2026,10.2875,13.8420554832005,47.6,2001-10-03,NA,107,2025-05-27,NA
"407N51G","NIPAWIN","10-04","FWI",1994,2026,13.42,13.3964387591842,43.2,2008-10-04,NA,107,2025-05-27,NA
"407N51G","NIPAWIN","10-05","FWI",1994,2026,11.28,13.477028074256,55.1,2008-10-05,NA,107,2025-05-27,NA
"407N51G","NIPAWIN","10-06","FWI",1994,2026,10.1230769230769,6.68732057032235,23.3,2001-10-06,NA,107,2025-05-27,NA
"407N51G","NIPAWIN","10-07","FWI",1994,2026,9.78125,8.76350148818002,32.8,2021-10-07,NA,107,2025-05-27,NA
"407N51G","NIPAWIN","10-08","FWI",1994,2026,9.17333333333333,10.6647260139387,39.5,2000-10-08,NA,107,2025-05-27,NA
"407N51G","NIPAWIN","10-09","FWI",1994,2026,12.1133333333333,11.619618057816,33.4,2003-10-09,NA,107,2025-05-27,NA
"407N51G","NIPAWIN","10-10","FWI",1994,2026,12.0461538461538,9.30919038590498,31.2,2022-10-10,NA,107,2025-05-27,NA
"407N51G","NIPAWIN","10-11","FWI",1994,2026,12.9583333333333,8.17784794244164,29.2,2001-10-11,NA,107,2025-05-27,NA
"407N51G","NIPAWIN","10-12","FWI",1994,2026,11.1166666666667,7.93620396243275,25.3,2001-10-12,NA,107,2025-05-27,NA
"407N51G","NIPAWIN","10-13","FWI",1994,2026,10.6181818181818,6.24512901096818,26.7,2022-10-13,NA,107,2025-05-27,NA
"407N51G","NIPAWIN","10-14","FWI",1994,2026,11.6909090909091,6.85353259939056,19.1,2004-10-14,NA,107,2025-05-27,NA
"407N51G","NIPAWIN","10-15","FWI",1994,2026,9.70909090909091,6.96756120108816,23.9,2001-10-15,NA,107,2025-05-27,NA
"407N51G","NIPAWIN","10-16","FWI",1994,2026,8.67777777777778,5.11585226960713,18.3,2011-10-16,NA,107,2025-05-27,NA
"407N51G","NIPAWIN","10-17","FWI",1994,2026,9.56,6.99590356327663,21.1,2000-10-17,NA,107,2025-05-27,NA
"407N51G","NIPAWIN","10-18","FWI",1994,2026,10.33,9.46338558163339,28.4,2000-10-18,NA,107,2025-05-27,NA
"407N51G","NIPAWIN","10-19","FWI",1994,2026,11.62,10.7451074137643,36.5,2000-10-19,NA,107,2025-05-27,NA
"407N51G","NIPAWIN","10-20","FWI",1994,2026,8.93,7.41410817293624,26.6,2022-10-20,NA,107,2025-05-27,NA
"407N51G","NIPAWIN","10-21","FWI",1994,2026,9.1875,8.15115022558166,19.9,2000-10-21,NA,107,2025-05-27,NA
"407N51G","NIPAWIN","10-22","FWI",1994,2026,10.2428571428571,8.41523561620175,22.7,2000-10-22,NA,107,2025-05-27,NA
"407N51G","NIPAWIN","10-23","FWI",1994,2026,11.3375,9.76450386421582,28.2,2003-10-23,NA,107,2025-05-27,NA
"407N51G","NIPAWIN","10-24","FWI",1994,2026,6.95,5.41743218033889,18.3,2021-10-24,NA,107,2025-05-27,NA
"407N51G","NIPAWIN","10-25","FWI",1994,2026,11,10.8550185891793,32.6,2007-10-25,NA,107,2025-05-27,NA
"407N51G","NIPAWIN","10-26","FWI",1994,2026,11.7428571428571,7.36859487800696,22.1,2008-10-26,NA,107,2025-05-27,NA
"407N51G","NIPAWIN","10-27","FWI",1994,2026,8.625,8.27970841446554,25.2,2000-10-27,NA,107,2025-05-27,NA
"407N51G","NIPAWIN","10-28","FWI",1994,2026,6.4,5.93267786641637,17.4,2024-10-28,NA,107,2025-05-27,NA
"407N51G","NIPAWIN","10-29","FWI",1994,2026,6.64,3.73202357977546,11.4,2007-10-29,NA,107,2025-05-27,NA
"407N51G","NIPAWIN","10-30","FWI",1994,2026,5.48333333333333,8.30576105282753,21.8,2008-10-30,NA,107,2025-05-27,NA
"407N51G","NIPAWIN","10-31","FWI",1994,2026,3.45,3.09241006336482,16.7,2022-10-31,NA,107,2025-05-27,NA
"407N51G","NIPAWIN","04-01","ISI",1994,2026,0.8,NA,0.8,2012-04-01,NA,96.5,2016-05-08,NA
"407N51G","NIPAWIN","04-02","ISI",1994,2026,3.35,2.1920310216783,4.9,2010-04-02,NA,96.5,2016-05-08,NA
"407N51G","NIPAWIN","04-03","ISI",1994,2026,2.75,1.06066017177982,3.5,2010-04-03,NA,96.5,2016-05-08,NA
"407N51G","NIPAWIN","04-04","ISI",1994,2026,11.1,6.08111831820431,15.4,2012-04-04,NA,96.5,2016-05-08,NA
"407N51G","NIPAWIN","04-05","ISI",1994,2026,7.75,6.29325035256027,12.2,2012-04-05,NA,96.5,2016-05-08,NA
"407N51G","NIPAWIN","04-06","ISI",1994,2026,3.3,NA,3.3,2010-04-06,NA,96.5,2016-05-08,NA
"407N51G","NIPAWIN","04-07","ISI",1994,2026,9.2,NA,9.2,2010-04-07,NA,96.5,2016-05-08,NA
"407N51G","NIPAWIN","04-08","ISI",1994,2026,11,NA,11,2010-04-08,NA,96.5,2016-05-08,NA
"407N51G","NIPAWIN","04-09","ISI",1994,2026,7.9,NA,7.9,2010-04-09,NA,96.5,2016-05-08,NA
"407N51G","NIPAWIN","04-10","ISI",1994,2026,2.5,NA,10.4,2024-04-10,NA,96.5,2016-05-08,NA
"407N51G","NIPAWIN","04-11","ISI",1994,2026,NA,NA,4.1,2024-04-11,NA,96.5,2016-05-08,NA
"407N51G","NIPAWIN","04-12","ISI",1994,2026,3.3,NA,6.1,2024-04-12,NA,96.5,2016-05-08,NA
"407N51G","NIPAWIN","04-13","ISI",1994,2026,0.4,NA,3.8,2024-04-13,NA,96.5,2016-05-08,NA
"407N51G","NIPAWIN","04-14","ISI",1994,2026,0,NA,9.7,2024-04-14,NA,96.5,2016-05-08,NA
"407N51G","NIPAWIN","04-15","ISI",1994,2026,0.75,0.494974746830583,22.7,2024-04-15,NA,96.5,2016-05-08,NA
"407N51G","NIPAWIN","04-16","ISI",1994,2026,2.15,1.20208152801713,3.2,2023-04-16,NA,96.5,2016-05-08,NA
"407N51G","NIPAWIN","04-17","ISI",1994,2026,4.7,4.10121933088198,8.9,2023-04-17,NA,96.5,2016-05-08,NA
"407N51G","NIPAWIN","04-18","ISI",1994,2026,5.73333333333333,4.51811169996198,10,2016-04-18,NA,96.5,2016-05-08,NA
"407N51G","NIPAWIN","04-19","ISI",1994,2026,11.8,10.5702412460643,23.7,2016-04-19,NA,96.5,2016-05-08,NA
"407N51G","NIPAWIN","04-20","ISI",1994,2026,8.6,4.25793377120875,12.2,2019-04-20,NA,96.5,2016-05-08,NA
"407N51G","NIPAWIN","04-21","ISI",1994,2026,5.36,2.99132077851908,7.6,2019-04-21,NA,96.5,2016-05-08,NA
"407N51G","NIPAWIN","04-22","ISI",1994,2026,10.1714285714286,4.55840406491654,15.7,2009-04-22,NA,96.5,2016-05-08,NA
"407N51G","NIPAWIN","04-23","ISI",1994,2026,12.6,4.07962416569631,16.1,2000-04-23,NA,96.5,2016-05-08,NA
"407N51G","NIPAWIN","04-24","ISI",1994,2026,8.75714285714286,10.9886088204797,32.2,2019-04-24,NA,96.5,2016-05-08,NA
"407N51G","NIPAWIN","04-25","ISI",1994,2026,4.76666666666667,4.83887039159623,19,2023-04-25,NA,96.5,2016-05-08,NA
"407N51G","NIPAWIN","04-26","ISI",1994,2026,6.11428571428571,3.3903925885894,48.2,2025-04-26,NA,96.5,2016-05-08,NA
"407N51G","NIPAWIN","04-27","ISI",1994,2026,6.42222222222222,5.51832804791854,16.7,2001-04-27,NA,96.5,2016-05-08,NA
"407N51G","NIPAWIN","04-28","ISI",1994,2026,6.52222222222222,3.93343926411028,21.5,2024-04-28,NA,96.5,2016-05-08,NA
"407N51G","NIPAWIN","04-29","ISI",1994,2026,8.48,5.53951461973179,30.5,2025-04-29,NA,96.5,2016-05-08,NA
"407N51G","NIPAWIN","04-30","ISI",1994,2026,11.9,7.81370590693046,23.1,2000-04-30,NA,96.5,2016-05-08,NA
"407N51G","NIPAWIN","05-01","ISI",1994,2026,11.3166666666667,8.10160851967439,26.7,2016-05-01,NA,96.5,2016-05-08,NA
"407N51G","NIPAWIN","05-02","ISI",1994,2026,6.9,5.38934133266766,32.5,2025-05-02,NA,96.5,2016-05-08,NA
"407N51G","NIPAWIN","05-03","ISI",1994,2026,6.83846153846154,5.81987091230531,20.5,2009-05-03,NA,96.5,2016-05-08,NA
"407N51G","NIPAWIN","05-04","ISI",1994,2026,10.23125,11.3141633215482,40.4,2001-05-04,NA,96.5,2016-05-08,NA
"407N51G","NIPAWIN","05-05","ISI",1994,2026,14.175,13.5637998609043,54.7,2001-05-05,NA,96.5,2016-05-08,NA
"407N51G","NIPAWIN","05-06","ISI",1994,2026,12.2294117647059,14.4066722695546,58.5,2005-05-06,NA,96.5,2016-05-08,NA
"407N51G","NIPAWIN","05-07","ISI",1994,2026,13.3588235294118,21.7858916165809,92.2,2007-05-07,NA,96.5,2016-05-08,NA
"407N51G","NIPAWIN","05-08","ISI",1994,2026,11.875,23.0612084100841,96.5,2016-05-08,6.7,96.5,2016-05-08,NA
"407N51G","NIPAWIN","05-09","ISI",1994,2026,8.97368421052632,8.49417068774313,30.5,2024-05-09,10.8,96.5,2016-05-08,NA
"407N51G","NIPAWIN","05-10","ISI",1994,2026,5.80526315789474,4.36698137341911,14.6,2024-05-10,5.6,96.5,2016-05-08,NA
"407N51G","NIPAWIN","05-11","ISI",1994,2026,6.82352941176471,5.3553162151927,31,2024-05-11,1,96.5,2016-05-08,NA
"407N51G","NIPAWIN","05-12","ISI",1994,2026,12.6176470588235,8.39517981449159,38.4,2012-05-12,13.9,96.5,2016-05-08,NA
"407N51G","NIPAWIN","05-13","ISI",1994,2026,14.7,10.5016525310235,34.6,2013-05-13,12.3,96.5,2016-05-08,NA
"407N51G","NIPAWIN","05-14","ISI",1994,2026,13.1631578947368,17.6034154049187,79.3,2012-05-14,9.5,96.5,2016-05-08,NA
"407N51G","NIPAWIN","05-15","ISI",1994,2026,8.67,6.57283884834519,29.2,2023-05-15,0,96.5,2016-05-08,NA
"407N51G","NIPAWIN","05-16","ISI",1994,2026,14.225,17.8606558198681,80.4,2008-05-16,0,96.5,2016-05-08,NA
"407N51G","NIPAWIN","05-17","ISI",1994,2026,14.6368421052632,16.6010110310024,73.2,2008-05-17,0.8,96.5,2016-05-08,NA
"407N51G","NIPAWIN","05-18","ISI",1994,2026,8.56315789473684,8.24851572683877,38.1,2004-05-18,1.9,96.5,2016-05-08,NA
"407N51G","NIPAWIN","05-19","ISI",1994,2026,11.2684210526316,8.57639218576067,40.2,2023-05-19,6.5,96.5,2016-05-08,NA
"407N51G","NIPAWIN","05-20","ISI",1994,2026,11.77,9.86818919025861,34.4,2018-05-20,5.8,96.5,2016-05-08,NA
"407N51G","NIPAWIN","05-21","ISI",1994,2026,12.12,7.83343710270947,23.6,2002-05-21,11.5,96.5,2016-05-08,NA
"407N51G","NIPAWIN","05-22","ISI",1994,2026,11.98,9.56521108799459,35.9,2015-05-22,6.2,96.5,2016-05-08,NA
"407N51G","NIPAWIN","05-23","ISI",1994,2026,9.315,7.32948443652507,26.7,2014-05-23,5.7,96.5,2016-05-08,NA
"407N51G","NIPAWIN","05-24","ISI",1994,2026,9.16315789473684,8.85621003253372,28.7,2013-05-24,14.1,96.5,2016-05-08,NA
"407N51G","NIPAWIN","05-25","ISI",1994,2026,6.05,6.11671566498851,28.2,2025-05-25,11,96.5,2016-05-08,NA
"407N51G","NIPAWIN","05-26","ISI",1994,2026,4.88,4.25448370298293,40.9,2025-05-26,28.4,96.5,2016-05-08,NA
"407N51G","NIPAWIN","05-27","ISI",1994,2026,8.17,9.03228711491811,60.2,2025-05-27,31.7,96.5,2016-05-08,NA
"407N51G","NIPAWIN","05-28","ISI",1994,2026,5.67894736842105,4.98905234236461,33.3,2026-05-28,33.3,96.5,2016-05-08,NA
"407N51G","NIPAWIN","05-29","ISI",1994,2026,6.62105263157895,6.73387612889473,43,2026-05-29,43,96.5,2016-05-08,NA
"407N51G","NIPAWIN","05-30","ISI",1994,2026,7.40526315789473,6.92663728612718,28.6,2026-05-30,28.6,96.5,2016-05-08,NA
"407N51G","NIPAWIN","05-31","ISI",1994,2026,7.725,7.94082555697553,40.2,2021-05-31,28.8,96.5,2016-05-08,NA
"407N51G","NIPAWIN","06-01","ISI",1994,2026,6.68,7.33510664364767,31.6,2022-06-01,26.5,96.5,2016-05-08,NA
"407N51G","NIPAWIN","06-02","ISI",1994,2026,7.15,4.80651969505456,32.9,2022-06-02,11.1,96.5,2016-05-08,NA
"407N51G","NIPAWIN","06-03","ISI",1994,2026,7.655,6.04330643204355,26.1,2022-06-03,6.7,96.5,2016-05-08,NA
"407N51G","NIPAWIN","06-04","ISI",1994,2026,7.08,6.40999219968324,27.3,2025-06-04,3.2,96.5,2016-05-08,NA
"407N51G","NIPAWIN","06-05","ISI",1994,2026,8.385,8.16438188590829,26.2,2015-06-05,3.3,96.5,2016-05-08,NA
"407N51G","NIPAWIN","06-06","ISI",1994,2026,6.78,6.6147840797,36.8,2025-06-06,15,96.5,2016-05-08,NA
"407N51G","NIPAWIN","06-07","ISI",1994,2026,4.54,4.69617985847624,17.1,2025-06-07,9.1,96.5,2016-05-08,NA
"407N51G","NIPAWIN","06-08","ISI",1994,2026,5.17619047619048,5.09851985991079,21.7,2007-06-08,2.5,96.5,2016-05-08,NA
"407N51G","NIPAWIN","06-09","ISI",1994,2026,5.76666666666667,5.24684031902376,32.1,2026-06-09,32.1,96.5,2016-05-08,NA
"407N51G","NIPAWIN","06-10","ISI",1994,2026,5.78,6.55387390463798,27,2002-06-10,4.1,96.5,2016-05-08,NA
"407N51G","NIPAWIN","06-11","ISI",1994,2026,3.945,4.67687198658969,17.9,2008-06-11,6,96.5,2016-05-08,NA
"407N51G","NIPAWIN","06-12","ISI",1994,2026,3.07,3.3543530241354,10.2,2019-06-12,6.3,96.5,2016-05-08,NA
"407N51G","NIPAWIN","06-13","ISI",1994,2026,5.1,4.39727188151927,14.6,2026-06-13,14.6,96.5,2016-05-08,NA
"407N51G","NIPAWIN","06-14","ISI",1994,2026,6.3,6.67570221025474,22,2010-06-14,20.2,96.5,2016-05-08,NA
"407N51G","NIPAWIN","06-15","ISI",1994,2026,4.345,4.61593065258499,28.1,2021-06-15,12.8,96.5,2016-05-08,NA
"407N51G","NIPAWIN","06-16","ISI",1994,2026,3.75714285714286,4.08810120087204,12.7,2015-06-16,8.6,96.5,2016-05-08,NA
"407N51G","NIPAWIN","06-17","ISI",1994,2026,2.82380952380952,2.95040755861029,8.8,2003-06-17,7.4,96.5,2016-05-08,NA
"407N51G","NIPAWIN","06-18","ISI",1994,2026,4.23333333333333,4.93642920878375,18.1,2018-06-18,4.5,96.5,2016-05-08,NA
"407N51G","NIPAWIN","06-19","ISI",1994,2026,4.57619047619048,5.78782383646088,22.2,2003-06-19,0.1,96.5,2016-05-08,NA
"407N51G","NIPAWIN","06-20","ISI",1994,2026,4.54761904761905,5.07736339526915,22.1,2019-06-20,1.1,96.5,2016-05-08,NA
"407N51G","NIPAWIN","06-21","ISI",1994,2026,4.4,4.17420651142226,16.1,2018-06-21,3.4,96.5,2016-05-08,NA
"407N51G","NIPAWIN","06-22","ISI",1994,2026,3.39523809523809,3.24291168403893,12.3,2023-06-22,2.5,96.5,2016-05-08,NA
"407N51G","NIPAWIN","06-23","ISI",1994,2026,4.47619047619048,3.72933033692441,16.6,2008-06-23,1.5,96.5,2016-05-08,NA
"407N51G","NIPAWIN","06-24","ISI",1994,2026,4.13809523809524,2.8962866209124,14.8,2023-06-24,2.6,96.5,2016-05-08,NA
"407N51G","NIPAWIN","06-25","ISI",1994,2026,3.70476190476191,3.08811855188174,13.6,2021-06-25,1.3,96.5,2016-05-08,NA
"407N51G","NIPAWIN","06-26","ISI",1994,2026,3.47142857142857,4.04847413936941,12.6,2002-06-26,1.5,96.5,2016-05-08,NA
"407N51G","NIPAWIN","06-27","ISI",1994,2026,4.29047619047619,5.74002654714286,24.2,2018-06-27,1.1,96.5,2016-05-08,NA
"407N51G","NIPAWIN","06-28","ISI",1994,2026,4.51428571428571,4.45323317537783,16.7,2018-06-28,0,96.5,2016-05-08,NA
"407N51G","NIPAWIN","06-29","ISI",1994,2026,4.37619047619048,2.62924033931947,8.7,2004-06-29,0,96.5,2016-05-08,NA
"407N51G","NIPAWIN","06-30","ISI",1994,2026,4.11904761904762,2.61660448819057,12.7,2024-06-30,0.1,96.5,2016-05-08,NA
"407N51G","NIPAWIN","07-01","ISI",1994,2026,4.98571428571428,4.90950972239446,18.9,2008-07-01,0,96.5,2016-05-08,NA
"407N51G","NIPAWIN","07-02","ISI",1994,2026,5.19523809523809,7.92151981569674,33.6,2002-07-02,0.3,96.5,2016-05-08,NA
"407N51G","NIPAWIN","07-03","ISI",1994,2026,3.17142857142857,2.1932037883295,9.9,2023-07-03,1.9,96.5,2016-05-08,NA
"407N51G","NIPAWIN","07-04","ISI",1994,2026,3.37619047619048,2.9583618375555,11.7,2025-07-04,1.8,96.5,2016-05-08,NA
"407N51G","NIPAWIN","07-05","ISI",1994,2026,4.05238095238095,3.67363839369351,16,2001-07-05,0.5,96.5,2016-05-08,NA
"407N51G","NIPAWIN","07-06","ISI",1994,2026,4.7952380952381,5.07281738193641,22.5,2001-07-06,3.5,96.5,2016-05-08,NA
"407N51G","NIPAWIN","07-07","ISI",1994,2026,4.43809523809524,3.78093588817322,12.8,2004-07-07,4.3,96.5,2016-05-08,NA
"407N51G","NIPAWIN","07-08","ISI",1994,2026,3.36190476190476,3.42906345675845,11.5,2002-07-08,4.6,96.5,2016-05-08,NA
"407N51G","NIPAWIN","07-09","ISI",1994,2026,3.43809523809524,4.90433238988511,22.4,2002-07-09,6.6,96.5,2016-05-08,NA
"407N51G","NIPAWIN","07-10","ISI",1994,2026,3.83809523809524,3.22047763390404,19.4,2021-07-10,3.9,96.5,2016-05-08,NA
"407N51G","NIPAWIN","07-11","ISI",1994,2026,4.37619047619048,3.60290226926915,11.2,2001-07-11,0.4,96.5,2016-05-08,NA
"407N51G","NIPAWIN","07-12","ISI",1994,2026,4.39047619047619,2.52584733543117,10.7,2021-07-12,0.2,96.5,2016-05-08,NA
"407N51G","NIPAWIN","07-13","ISI",1994,2026,4.05238095238095,2.81808783532718,16.6,2023-07-13,2.6,96.5,2016-05-08,NA
"407N51G","NIPAWIN","07-14","ISI",1994,2026,4.08095238095238,4.60419580900064,20,2002-07-14,8.3,96.5,2016-05-08,NA
"407N51G","NIPAWIN","07-15","ISI",1994,2026,3.25714285714286,2.81115126390798,12.9,2023-07-15,5,96.5,2016-05-08,NA
"407N51G","NIPAWIN","07-16","ISI",1994,2026,3.97619047619048,3.6720436764702,15.6,2017-07-16,0.6,96.5,2016-05-08,NA
"407N51G","NIPAWIN","07-17","ISI",1994,2026,3.65714285714286,3.72069501955904,15.3,2017-07-17,0.2,96.5,2016-05-08,NA
"407N51G","NIPAWIN","07-18","ISI",1994,2026,2.2,1.81273274367735,6,2024-07-18,1,96.5,2016-05-08,NA
"407N51G","NIPAWIN","07-19","ISI",1994,2026,2.58095238095238,2.28289707337388,7.2,2003-07-19,2.1,96.5,2016-05-08,NA
"407N51G","NIPAWIN","07-20","ISI",1994,2026,2.66666666666667,2.06405749273932,8.6,2022-07-20,3.9,96.5,2016-05-08,NA
"407N51G","NIPAWIN","07-21","ISI",1994,2026,3.24761904761905,3.65863622783395,13.9,2009-07-21,3.4,96.5,2016-05-08,NA
"407N51G","NIPAWIN","07-22","ISI",1994,2026,2.80952380952381,2.57486014414468,11.1,2006-07-22,3.9,96.5,2016-05-08,NA
"407N51G","NIPAWIN","07-23","ISI",1994,2026,3.19047619047619,3.02967073489922,46.1,2021-07-23,4.3,96.5,2016-05-08,NA
"407N51G","NIPAWIN","07-24","ISI",1994,2026,3.33333333333333,1.98376745949049,22,2021-07-24,8.1,96.5,2016-05-08,NA
"407N51G","NIPAWIN","07-25","ISI",1994,2026,3.3,2.3670656940609,14,2021-07-25,4.8,96.5,2016-05-08,NA
"407N51G","NIPAWIN","07-26","ISI",1994,2026,3.39047619047619,2.79908998817558,9.8,2020-07-26,4.2,96.5,2016-05-08,NA
"407N51G","NIPAWIN","07-27","ISI",1994,2026,3.63809523809524,2.38610062454964,8.1,2006-07-27,2.7,96.5,2016-05-08,NA
"407N51G","NIPAWIN","07-28","ISI",1994,2026,3.38095238095238,2.9569611170286,13.3,2021-07-28,3.7,96.5,2016-05-08,NA
"407N51G","NIPAWIN","07-29","ISI",1994,2026,3.50952380952381,2.80586969795548,22.9,2021-07-29,5.9,96.5,2016-05-08,NA
"407N51G","NIPAWIN","07-30","ISI",1994,2026,4.21428571428571,3.48443477687353,19.1,2021-07-30,7.6,96.5,2016-05-08,NA
"407N51G","NIPAWIN","07-31","ISI",1994,2026,4.60952380952381,3.07845817933341,13.5,2021-07-31,3.2,96.5,2016-05-08,NA
"407N51G","NIPAWIN","08-01","ISI",1994,2026,4.03809523809524,2.16112845302545,13.7,2024-08-01,5.9,96.5,2016-05-08,NA
"407N51G","NIPAWIN","08-02","ISI",1994,2026,5.71428571428572,3.29124379441659,12.5,2026-08-02,12.5,96.5,2016-05-08,NA
"407N51G","NIPAWIN","08-03","ISI",1994,2026,5.34761904761905,3.13633847784627,10.1,2008-08-03,7.3,96.5,2016-05-08,NA
"407N51G","NIPAWIN","08-04","ISI",1994,2026,5.14285714285714,3.01754393979134,11.2,2008-08-04,7.3,96.5,2016-05-08,NA
"407N51G","NIPAWIN","08-05","ISI",1994,2026,3.64761904761905,2.49712215312328,9.5,2002-08-05,7.1,96.5,2016-05-08,NA
"407N51G","NIPAWIN","08-06","ISI",1994,2026,4.38095238095238,3.80665457424482,15.7,2005-08-06,7.1,96.5,2016-05-08,NA
"407N51G","NIPAWIN","08-07","ISI",1994,2026,3.82380952380952,2.65026503616238,8.5,2001-08-07,5.8,96.5,2016-05-08,NA
"407N51G","NIPAWIN","08-08","ISI",1994,2026,4.05238095238095,3.60355644435037,10.6,2005-08-08,NA,96.5,2016-05-08,NA
"407N51G","NIPAWIN","08-09","ISI",1994,2026,3.98571428571429,3.26209836060866,10.9,2012-08-09,NA,96.5,2016-05-08,NA
"407N51G","NIPAWIN","08-10","ISI",1994,2026,4.85714285714286,2.55843143909924,12.5,2001-08-10,NA,96.5,2016-05-08,NA
"407N51G","NIPAWIN","08-11","ISI",1994,2026,3.2952380952381,2.78001370328928,14.8,2021-08-11,NA,96.5,2016-05-08,NA
"407N51G","NIPAWIN","08-12","ISI",1994,2026,4.63333333333333,4.03203835960589,13.9,2020-08-12,NA,96.5,2016-05-08,NA
"407N51G","NIPAWIN","08-13","ISI",1994,2026,3.85238095238095,3.23552453979553,12.5,2003-08-13,NA,96.5,2016-05-08,NA
"407N51G","NIPAWIN","08-14","ISI",1994,2026,4.21428571428572,3.70206506078509,17.4,2021-08-14,NA,96.5,2016-05-08,NA
"407N51G","NIPAWIN","08-15","ISI",1994,2026,4.89523809523809,4.40391600629215,17.1,2006-08-15,NA,96.5,2016-05-08,NA
"407N51G","NIPAWIN","08-16","ISI",1994,2026,4.44761904761905,3.94925550548696,12.5,2017-08-16,NA,96.5,2016-05-08,NA
"407N51G","NIPAWIN","08-17","ISI",1994,2026,4.75714285714286,3.76783378462631,15.3,2006-08-17,NA,96.5,2016-05-08,NA
"407N51G","NIPAWIN","08-18","ISI",1994,2026,4.85714285714286,4.32418448132956,13.8,2008-08-18,NA,96.5,2016-05-08,NA
"407N51G","NIPAWIN","08-19","ISI",1994,2026,5.59523809523809,3.83190242444614,15.8,2001-08-19,NA,96.5,2016-05-08,NA
"407N51G","NIPAWIN","08-20","ISI",1994,2026,5.75238095238095,5.3868004462407,19.3,2013-08-20,NA,96.5,2016-05-08,NA
"407N51G","NIPAWIN","08-21","ISI",1994,2026,4.8,4.4666542288384,14.2,2013-08-21,NA,96.5,2016-05-08,NA
"407N51G","NIPAWIN","08-22","ISI",1994,2026,8.12857142857143,9.78566006241495,44.2,2018-08-22,NA,96.5,2016-05-08,NA
"407N51G","NIPAWIN","08-23","ISI",1994,2026,4.12857142857143,3.4198162022458,14.1,2018-08-23,NA,96.5,2016-05-08,NA
"407N51G","NIPAWIN","08-24","ISI",1994,2026,4.43809523809524,3.48761755220898,12.9,2017-08-24,NA,96.5,2016-05-08,NA
"407N51G","NIPAWIN","08-25","ISI",1994,2026,6.27142857142857,5.64810967113271,20.8,2008-08-25,NA,96.5,2016-05-08,NA
"407N51G","NIPAWIN","08-26","ISI",1994,2026,5.16190476190476,5.00044759901313,21.5,2001-08-26,NA,96.5,2016-05-08,NA
"407N51G","NIPAWIN","08-27","ISI",1994,2026,5.11904761904762,5.41983570300974,18,2017-08-27,NA,96.5,2016-05-08,NA
"407N51G","NIPAWIN","08-28","ISI",1994,2026,6.08571428571429,4.59742163764492,15.3,2010-08-28,NA,96.5,2016-05-08,NA
"407N51G","NIPAWIN","08-29","ISI",1994,2026,8.64761904761905,13.3379015983632,65.2,2006-08-29,NA,96.5,2016-05-08,NA
"407N51G","NIPAWIN","08-30","ISI",1994,2026,6.94285714285714,6.77986514825859,22.2,2012-08-30,NA,96.5,2016-05-08,NA
"407N51G","NIPAWIN","08-31","ISI",1994,2026,5.74761904761905,5.68318740212031,22.7,2017-08-31,NA,96.5,2016-05-08,NA
"407N51G","NIPAWIN","09-01","ISI",1994,2026,5.07619047619048,5.2847804837954,22.1,2015-09-01,NA,96.5,2016-05-08,NA
"407N51G","NIPAWIN","09-02","ISI",1994,2026,6.36190476190476,5.91654258756549,24.3,2001-09-02,NA,96.5,2016-05-08,NA
"407N51G","NIPAWIN","09-03","ISI",1994,2026,6.03333333333333,4.32935715012441,19.7,2022-09-03,NA,96.5,2016-05-08,NA
"407N51G","NIPAWIN","09-04","ISI",1994,2026,6.85238095238095,4.78211449545272,20.9,2022-09-04,NA,96.5,2016-05-08,NA
"407N51G","NIPAWIN","09-05","ISI",1994,2026,4.42380952380952,3.39557134542992,13.3,2022-09-05,NA,96.5,2016-05-08,NA
"407N51G","NIPAWIN","09-06","ISI",1994,2026,4.01428571428571,3.26056524459881,41.3,2022-09-06,NA,96.5,2016-05-08,NA
"407N51G","NIPAWIN","09-07","ISI",1994,2026,4.44285714285714,3.13888060119709,23.5,2022-09-07,NA,96.5,2016-05-08,NA
"407N51G","NIPAWIN","09-08","ISI",1994,2026,4.335,3.59389467672168,17.7,2022-09-08,NA,96.5,2016-05-08,NA
"407N51G","NIPAWIN","09-09","ISI",1994,2026,6.7952380952381,6.05627576902474,24.5,2017-09-09,NA,96.5,2016-05-08,NA
"407N51G","NIPAWIN","09-10","ISI",1994,2026,7.765,7.9356142600438,25.9,2012-09-10,NA,96.5,2016-05-08,NA
"407N51G","NIPAWIN","09-11","ISI",1994,2026,7.58571428571428,7.76242782345097,26.8,2012-09-11,NA,96.5,2016-05-08,NA
"407N51G","NIPAWIN","09-12","ISI",1994,2026,6.10952380952381,5.71628417434829,22.1,2017-09-12,NA,96.5,2016-05-08,NA
"407N51G","NIPAWIN","09-13","ISI",1994,2026,4.05238095238095,3.69061228627704,11.5,2016-09-13,NA,96.5,2016-05-08,NA
"407N51G","NIPAWIN","09-14","ISI",1994,2026,4.42,3.55655066484072,13,2009-09-14,NA,96.5,2016-05-08,NA
"407N51G","NIPAWIN","09-15","ISI",1994,2026,4.73,4.07264300579262,13.8,2016-09-15,NA,96.5,2016-05-08,NA
"407N51G","NIPAWIN","09-16","ISI",1994,2026,4.95,3.68974396487287,13.1,2021-09-16,NA,96.5,2016-05-08,NA
"407N51G","NIPAWIN","09-17","ISI",1994,2026,4.17222222222222,3.38887549552695,13.2,2013-09-17,NA,96.5,2016-05-08,NA
"407N51G","NIPAWIN","09-18","ISI",1994,2026,4.31,3.15709726772786,11.6,2021-09-18,NA,96.5,2016-05-08,NA
"407N51G","NIPAWIN","09-19","ISI",1994,2026,5.05263157894737,5.23761697520422,22.1,2012-09-19,NA,96.5,2016-05-08,NA
"407N51G","NIPAWIN","09-20","ISI",1994,2026,4.35555555555555,3.55663790715535,12.1,2009-09-20,NA,96.5,2016-05-08,NA
"407N51G","NIPAWIN","09-21","ISI",1994,2026,4.07368421052632,3.47192583530351,12,2013-09-21,NA,96.5,2016-05-08,NA
"407N51G","NIPAWIN","09-22","ISI",1994,2026,3.96111111111111,3.92520346252551,21.9,2021-09-22,NA,96.5,2016-05-08,NA
"407N51G","NIPAWIN","09-23","ISI",1994,2026,4.48333333333333,2.7453168680286,35.9,2021-09-23,NA,96.5,2016-05-08,NA
"407N51G","NIPAWIN","09-24","ISI",1994,2026,7.63888888888889,10.4931427966856,46.6,2009-09-24,NA,96.5,2016-05-08,NA
"407N51G","NIPAWIN","09-25","ISI",1994,2026,6.19444444444444,5.00064374940834,19.2,2020-09-25,NA,96.5,2016-05-08,NA
"407N51G","NIPAWIN","09-26","ISI",1994,2026,6.26315789473684,4.37152535370992,16.9,2004-09-26,NA,96.5,2016-05-08,NA
"407N51G","NIPAWIN","09-27","ISI",1994,2026,6.47368421052632,5.12400040173291,17.5,2015-09-27,NA,96.5,2016-05-08,NA
"407N51G","NIPAWIN","09-28","ISI",1994,2026,5.69444444444445,3.88155096688125,13.3,2015-09-28,NA,96.5,2016-05-08,NA
"407N51G","NIPAWIN","09-29","ISI",1994,2026,7.18333333333333,5.72982393734233,26.9,2012-09-29,NA,96.5,2016-05-08,NA
"407N51G","NIPAWIN","09-30","ISI",1994,2026,6.52222222222222,7.26033183130452,24.4,2012-09-30,NA,96.5,2016-05-08,NA
"407N51G","NIPAWIN","10-01","ISI",1994,2026,3.98,3.29679498041009,13.8,2021-10-01,NA,96.5,2016-05-08,NA
"407N51G","NIPAWIN","10-02","ISI",1994,2026,5.00769230769231,4.86097753174221,15.1,2011-10-02,NA,96.5,2016-05-08,NA
"407N51G","NIPAWIN","10-03","ISI",1994,2026,4.25,4.8213414454209,15.3,2001-10-03,NA,96.5,2016-05-08,NA
"407N51G","NIPAWIN","10-04","ISI",1994,2026,5.23333333333333,4.75013784261147,15.4,2008-10-04,NA,96.5,2016-05-08,NA
"407N51G","NIPAWIN","10-05","ISI",1994,2026,5.20666666666667,5.43276654946192,22.4,2008-10-05,NA,96.5,2016-05-08,NA
"407N51G","NIPAWIN","10-06","ISI",1994,2026,4.45384615384615,2.75790239874903,9.5,2004-10-06,NA,96.5,2016-05-08,NA
"407N51G","NIPAWIN","10-07","ISI",1994,2026,4.2625,3.2722825876341,10.1,2014-10-07,NA,96.5,2016-05-08,NA
"407N51G","NIPAWIN","10-08","ISI",1994,2026,3.71333333333333,3.90674630180495,14.8,2000-10-08,NA,96.5,2016-05-08,NA
"407N51G","NIPAWIN","10-09","ISI",1994,2026,5.69333333333333,5.91396249404343,18.3,2004-10-09,NA,96.5,2016-05-08,NA
"407N51G","NIPAWIN","10-10","ISI",1994,2026,5.26153846153846,3.7165258108298,14.2,2022-10-10,NA,96.5,2016-05-08,NA
"407N51G","NIPAWIN","10-11","ISI",1994,2026,5.50833333333333,2.38383126817976,9.2,2015-10-11,NA,96.5,2016-05-08,NA
"407N51G","NIPAWIN","10-12","ISI",1994,2026,4.60833333333333,3.41506244674259,11.7,2004-10-12,NA,96.5,2016-05-08,NA
"407N51G","NIPAWIN","10-13","ISI",1994,2026,4.07272727272727,2.57995771635541,13.1,2022-10-13,NA,96.5,2016-05-08,NA
"407N51G","NIPAWIN","10-14","ISI",1994,2026,4.95454545454545,3.65276980834096,10.5,2015-10-14,NA,96.5,2016-05-08,NA
"407N51G","NIPAWIN","10-15","ISI",1994,2026,3.92727272727273,3.27111323836119,12.3,2005-10-15,NA,96.5,2016-05-08,NA
"407N51G","NIPAWIN","10-16","ISI",1994,2026,3.75555555555556,2.19095362291806,7.6,2011-10-16,NA,96.5,2016-05-08,NA
"407N51G","NIPAWIN","10-17","ISI",1994,2026,3.36,1.90040931263651,7.5,2022-10-17,NA,96.5,2016-05-08,NA
"407N51G","NIPAWIN","10-18","ISI",1994,2026,3.59,2.8238862111164,10.7,2022-10-18,NA,96.5,2016-05-08,NA
"407N51G","NIPAWIN","10-19","ISI",1994,2026,4.26,3.61791837018655,12.1,2024-10-19,NA,96.5,2016-05-08,NA
"407N51G","NIPAWIN","10-20","ISI",1994,2026,3.06,2.65589491090626,11.9,2022-10-20,NA,96.5,2016-05-08,NA
"407N51G","NIPAWIN","10-21","ISI",1994,2026,3.6,3.1245571114731,8.1,2014-10-21,NA,96.5,2016-05-08,NA
"407N51G","NIPAWIN","10-22","ISI",1994,2026,3.75714285714286,2.3957303290487,6.2,2003-10-22,NA,96.5,2016-05-08,NA
"407N51G","NIPAWIN","10-23","ISI",1994,2026,4.825,3.65659873184279,11.1,2003-10-23,NA,96.5,2016-05-08,NA
"407N51G","NIPAWIN","10-24","ISI",1994,2026,3.025,2.33712277322841,8.1,2007-10-24,NA,96.5,2016-05-08,NA
"407N51G","NIPAWIN","10-25","ISI",1994,2026,6,8.03865660418456,24.8,2007-10-25,NA,96.5,2016-05-08,NA
"407N51G","NIPAWIN","10-26","ISI",1994,2026,6.01428571428571,4.53924684333887,13.4,2008-10-26,NA,96.5,2016-05-08,NA
"407N51G","NIPAWIN","10-27","ISI",1994,2026,3.475,2.57834387599039,8,2024-10-27,NA,96.5,2016-05-08,NA
"407N51G","NIPAWIN","10-28","ISI",1994,2026,2.62857142857143,2.37115603712218,7.9,2024-10-28,NA,96.5,2016-05-08,NA
"407N51G","NIPAWIN","10-29","ISI",1994,2026,2.72,1.81162910111314,5.6,2007-10-29,NA,96.5,2016-05-08,NA
"407N51G","NIPAWIN","10-30","ISI",1994,2026,3.08333333333333,4.69101978962642,12.4,2008-10-30,NA,96.5,2016-05-08,NA
"407N51G","NIPAWIN","10-31","ISI",1994,2026,1.58333333333333,1.33479087001173,7.4,2022-10-31,NA,96.5,2016-05-08,NA
