"AES","NAME","MD","variable","por_start","por_end","clim_mean","clim_sd","clim_max","clim_max_date","value","rec_all_val","rec_all_date","value_record"
"1032731","ESTEVAN+POINT+CS","04-01","BUI",1994,2026,4.09411764705882,9.27580660833839,39,1994-04-01,NA,92.4,2023-07-16,NA
"1032731","ESTEVAN+POINT+CS","04-02","BUI",1994,2026,3.97647058823529,7.13648455226422,29.8,1994-04-02,NA,92.4,2023-07-16,NA
"1032731","ESTEVAN+POINT+CS","04-03","BUI",1994,2026,4.25294117647059,7.23300746984431,30.6,1994-04-03,NA,92.4,2023-07-16,NA
"1032731","ESTEVAN+POINT+CS","04-04","BUI",1994,2026,4.05882352941176,7.21673912022679,31.1,1994-04-04,NA,92.4,2023-07-16,NA
"1032731","ESTEVAN+POINT+CS","04-05","BUI",1994,2026,2.4625,4.45224662389675,18.5,1994-04-05,NA,92.4,2023-07-16,NA
"1032731","ESTEVAN+POINT+CS","04-06","BUI",1994,2026,1.70625,2.72163400674423,11,1994-04-06,NA,92.4,2023-07-16,NA
"1032731","ESTEVAN+POINT+CS","04-07","BUI",1994,2026,1.51764705882353,1.79312412220879,6.1,1994-04-07,NA,92.4,2023-07-16,NA
"1032731","ESTEVAN+POINT+CS","04-08","BUI",1994,2026,1.84705882352941,1.61288470103214,6.5,2020-04-08,NA,92.4,2023-07-16,NA
"1032731","ESTEVAN+POINT+CS","04-09","BUI",1994,2026,2.09411764705882,1.91163234835941,7.3,2020-04-09,NA,92.4,2023-07-16,NA
"1032731","ESTEVAN+POINT+CS","04-10","BUI",1994,2026,1.98125,2.26545617187062,8,2020-04-10,NA,92.4,2023-07-16,NA
"1032731","ESTEVAN+POINT+CS","04-11","BUI",1994,2026,2.37058823529412,2.89908707740091,8.9,2020-04-11,NA,92.4,2023-07-16,NA
"1032731","ESTEVAN+POINT+CS","04-12","BUI",1994,2026,2.34705882352941,3.05943574190136,10.4,2020-04-12,NA,92.4,2023-07-16,NA
"1032731","ESTEVAN+POINT+CS","04-13","BUI",1994,2026,2.51111111111111,3.33182318733062,11.3,2020-04-13,NA,92.4,2023-07-16,NA
"1032731","ESTEVAN+POINT+CS","04-14","BUI",1994,2026,2.76666666666667,3.61630295451356,12,2020-04-14,1.6,92.4,2023-07-16,NA
"1032731","ESTEVAN+POINT+CS","04-15","BUI",1994,2026,2.96666666666667,3.57013758179446,12.5,2020-04-15,0.8,92.4,2023-07-16,NA
"1032731","ESTEVAN+POINT+CS","04-16","BUI",1994,2026,2.70555555555556,3.28785147478736,13.1,2020-04-16,1.4,92.4,2023-07-16,NA
"1032731","ESTEVAN+POINT+CS","04-17","BUI",1994,2026,2.63333333333333,3.31839791252983,13.8,2020-04-17,NA,92.4,2023-07-16,NA
"1032731","ESTEVAN+POINT+CS","04-18","BUI",1994,2026,2.53529411764706,3.58502809899563,14.3,2020-04-18,NA,92.4,2023-07-16,NA
"1032731","ESTEVAN+POINT+CS","04-19","BUI",1994,2026,2.41764705882353,3.69784317104539,15.1,2020-04-19,NA,92.4,2023-07-16,NA
"1032731","ESTEVAN+POINT+CS","04-20","BUI",1994,2026,2.7,3.62621176501123,15.8,2020-04-20,NA,92.4,2023-07-16,NA
"1032731","ESTEVAN+POINT+CS","04-21","BUI",1994,2026,3.21666666666667,3.7740990354536,16.6,2020-04-21,NA,92.4,2023-07-16,NA
"1032731","ESTEVAN+POINT+CS","04-22","BUI",1994,2026,3.18888888888889,2.63704132089442,15.8,2021-04-22,NA,92.4,2023-07-16,NA
"1032731","ESTEVAN+POINT+CS","04-23","BUI",1994,2026,3.57222222222222,3.02826014026605,16.4,2021-04-23,NA,92.4,2023-07-16,NA
"1032731","ESTEVAN+POINT+CS","04-24","BUI",1994,2026,3.43888888888889,3.07344200394834,13.6,2025-04-24,5.8,92.4,2023-07-16,NA
"1032731","ESTEVAN+POINT+CS","04-25","BUI",1994,2026,3.45,2.68114330310125,14.4,2025-04-25,6.5,92.4,2023-07-16,NA
"1032731","ESTEVAN+POINT+CS","04-26","BUI",1994,2026,3.76666666666667,2.57339327371012,15.4,2025-04-26,7.3,92.4,2023-07-16,NA
"1032731","ESTEVAN+POINT+CS","04-27","BUI",1994,2026,3.38888888888889,2.50455793654616,16.4,2025-04-27,8.1,92.4,2023-07-16,NA
"1032731","ESTEVAN+POINT+CS","04-28","BUI",1994,2026,3.84444444444444,2.59348101802378,9.5,2026-04-28,9.5,92.4,2023-07-16,NA
"1032731","ESTEVAN+POINT+CS","04-29","BUI",1994,2026,3.94444444444445,3.07039415408477,10.2,2026-04-29,10.2,92.4,2023-07-16,NA
"1032731","ESTEVAN+POINT+CS","04-30","BUI",1994,2026,4.82777777777778,3.34080045983269,13.1,2026-04-30,13.1,92.4,2023-07-16,NA
"1032731","ESTEVAN+POINT+CS","05-01","BUI",1994,2026,5.46315789473684,3.53965009669283,10.5,1995-05-01,NA,92.4,2023-07-16,NA
"1032731","ESTEVAN+POINT+CS","05-02","BUI",1994,2026,5.63157894736842,3.99972952301902,15.1,2026-05-02,15.1,92.4,2023-07-16,NA
"1032731","ESTEVAN+POINT+CS","05-03","BUI",1994,2026,6.145,4.43425363090091,16.4,2026-05-03,16.4,92.4,2023-07-16,NA
"1032731","ESTEVAN+POINT+CS","05-04","BUI",1994,2026,6.26666666666667,4.770045422565,17.2,2026-05-04,17.2,92.4,2023-07-16,NA
"1032731","ESTEVAN+POINT+CS","05-05","BUI",1994,2026,6.62857142857143,5.38861233130969,19.9,2026-05-05,19.9,92.4,2023-07-16,NA
"1032731","ESTEVAN+POINT+CS","05-06","BUI",1994,2026,7.50476190476191,5.77412124833521,20.8,2026-05-06,20.8,92.4,2023-07-16,NA
"1032731","ESTEVAN+POINT+CS","05-07","BUI",1994,2026,8.07142857142857,6.0227188924225,21.9,2026-05-07,21.9,92.4,2023-07-16,NA
"1032731","ESTEVAN+POINT+CS","05-08","BUI",1994,2026,8.69047619047619,6.37768804206546,23.2,2026-05-08,23.2,92.4,2023-07-16,NA
"1032731","ESTEVAN+POINT+CS","05-09","BUI",1994,2026,8.68095238095238,6.48055700134017,22.4,2019-05-09,20.2,92.4,2023-07-16,NA
"1032731","ESTEVAN+POINT+CS","05-10","BUI",1994,2026,8.80454545454545,6.67236498892668,23.7,2019-05-10,15.2,92.4,2023-07-16,NA
"1032731","ESTEVAN+POINT+CS","05-11","BUI",1994,2026,9.00454545454545,6.61336865913621,24.4,2019-05-11,16.6,92.4,2023-07-16,NA
"1032731","ESTEVAN+POINT+CS","05-12","BUI",1994,2026,9.09090909090909,7.09821634811699,25.5,2019-05-12,18.6,92.4,2023-07-16,NA
"1032731","ESTEVAN+POINT+CS","05-13","BUI",1994,2026,9.15,7.29029034629852,26.7,2016-05-13,19.7,92.4,2023-07-16,NA
"1032731","ESTEVAN+POINT+CS","05-14","BUI",1994,2026,8.23636363636364,6.13774779963694,27.4,2016-05-14,13.1,92.4,2023-07-16,NA
"1032731","ESTEVAN+POINT+CS","05-15","BUI",1994,2026,8.44090909090909,6.63781799280665,29.2,2016-05-15,5.1,92.4,2023-07-16,NA
"1032731","ESTEVAN+POINT+CS","05-16","BUI",1994,2026,8.56818181818182,6.99035978116505,30.6,2016-05-16,3.5,92.4,2023-07-16,NA
"1032731","ESTEVAN+POINT+CS","05-17","BUI",1994,2026,8.90909090909091,7.62320449373141,31.7,2016-05-17,4.8,92.4,2023-07-16,NA
"1032731","ESTEVAN+POINT+CS","05-18","BUI",1994,2026,9.28260869565218,7.71849326876178,31.8,2016-05-18,5.7,92.4,2023-07-16,NA
"1032731","ESTEVAN+POINT+CS","05-19","BUI",1994,2026,10.0260869565217,7.91731229598119,33,2016-05-19,6.6,92.4,2023-07-16,NA
"1032731","ESTEVAN+POINT+CS","05-20","BUI",1994,2026,10.4913043478261,8.41027040120256,34.1,2016-05-20,7.9,92.4,2023-07-16,NA
"1032731","ESTEVAN+POINT+CS","05-21","BUI",1994,2026,11.0869565217391,8.62134266846613,34.9,2016-05-21,9.4,92.4,2023-07-16,NA
"1032731","ESTEVAN+POINT+CS","05-22","BUI",1994,2026,11.7695652173913,9.08447400701822,36.1,2016-05-22,12.8,92.4,2023-07-16,NA
"1032731","ESTEVAN+POINT+CS","05-23","BUI",1994,2026,11.4130434782609,8.86516699057333,37,2016-05-23,13.9,92.4,2023-07-16,NA
"1032731","ESTEVAN+POINT+CS","05-24","BUI",1994,2026,11.5826086956522,9.44706073452156,38.3,2016-05-24,15.1,92.4,2023-07-16,NA
"1032731","ESTEVAN+POINT+CS","05-25","BUI",1994,2026,11.3916666666667,9.95768947648725,39.7,2016-05-25,5.6,92.4,2023-07-16,NA
"1032731","ESTEVAN+POINT+CS","05-26","BUI",1994,2026,11.9458333333333,10.400291767089,41.1,2016-05-26,6.7,92.4,2023-07-16,NA
"1032731","ESTEVAN+POINT+CS","05-27","BUI",1994,2026,11.4541666666667,10.1165374367985,42.4,2016-05-27,8.2,92.4,2023-07-16,NA
"1032731","ESTEVAN+POINT+CS","05-28","BUI",1994,2026,10.1166666666667,8.3785786211114,36.9,2023-05-28,9.3,92.4,2023-07-16,NA
"1032731","ESTEVAN+POINT+CS","05-29","BUI",1994,2026,10.8375,8.5169300705176,38.2,2023-05-29,10.7,92.4,2023-07-16,NA
"1032731","ESTEVAN+POINT+CS","05-30","BUI",1994,2026,11.004,8.64718065807193,39.5,2023-05-30,12,92.4,2023-07-16,NA
"1032731","ESTEVAN+POINT+CS","05-31","BUI",1994,2026,10.472,8.89398298476747,40.7,2023-05-31,13.3,92.4,2023-07-16,NA
"1032731","ESTEVAN+POINT+CS","06-01","BUI",1994,2026,10.084,8.6607678643409,42.2,2023-06-01,14.8,92.4,2023-07-16,NA
"1032731","ESTEVAN+POINT+CS","06-02","BUI",1994,2026,9.57307692307692,7.9454921907863,43.6,2023-06-02,17.5,92.4,2023-07-16,NA
"1032731","ESTEVAN+POINT+CS","06-03","BUI",1994,2026,9.93846153846154,8.0799543029934,44.8,2023-06-03,18.6,92.4,2023-07-16,NA
"1032731","ESTEVAN+POINT+CS","06-04","BUI",1994,2026,8.70769230769231,6.89207794946767,46.4,2023-06-04,13.1,92.4,2023-07-16,NA
"1032731","ESTEVAN+POINT+CS","06-05","BUI",1994,2026,8.47692307692308,6.71269291371549,47.9,2023-06-05,7.2,92.4,2023-07-16,NA
"1032731","ESTEVAN+POINT+CS","06-06","BUI",1994,2026,8.41538461538462,6.37863260002909,49.6,2023-06-06,4.7,92.4,2023-07-16,NA
"1032731","ESTEVAN+POINT+CS","06-07","BUI",1994,2026,8.84074074074074,6.27125672960859,52.3,2023-06-07,6.1,92.4,2023-07-16,NA
"1032731","ESTEVAN+POINT+CS","06-08","BUI",1994,2026,9.56296296296297,6.49746389270745,53.5,2023-06-08,3,92.4,2023-07-16,NA
"1032731","ESTEVAN+POINT+CS","06-09","BUI",1994,2026,9.41111111111111,7.36615614891895,54.6,2023-06-09,2.3,92.4,2023-07-16,NA
"1032731","ESTEVAN+POINT+CS","06-10","BUI",1994,2026,8.47407407407408,7.38900391916116,55.8,2023-06-10,3.6,92.4,2023-07-16,NA
"1032731","ESTEVAN+POINT+CS","06-11","BUI",1994,2026,8.91481481481482,7.64846408431149,57.5,2023-06-11,5.2,92.4,2023-07-16,NA
"1032731","ESTEVAN+POINT+CS","06-12","BUI",1994,2026,8.85555555555556,8.15377842255372,59.2,2023-06-12,7.3,92.4,2023-07-16,NA
"1032731","ESTEVAN+POINT+CS","06-13","BUI",1994,2026,8.8037037037037,8.80246825006755,60.7,2023-06-13,9,92.4,2023-07-16,NA
"1032731","ESTEVAN+POINT+CS","06-14","BUI",1994,2026,9.27777777777778,8.98161940740573,62.1,2023-06-14,11.3,92.4,2023-07-16,NA
"1032731","ESTEVAN+POINT+CS","06-15","BUI",1994,2026,9.46666666666667,8.82718702471126,63.4,2023-06-15,12.7,92.4,2023-07-16,NA
"1032731","ESTEVAN+POINT+CS","06-16","BUI",1994,2026,9.86666666666667,9.11786074775134,35.2,2023-06-16,14,92.4,2023-07-16,NA
"1032731","ESTEVAN+POINT+CS","06-17","BUI",1994,2026,9.30370370370371,8.11397092775937,36.6,2023-06-17,15.7,92.4,2023-07-16,NA
"1032731","ESTEVAN+POINT+CS","06-18","BUI",1994,2026,9.57407407407407,8.07982257005268,38,2023-06-18,17.7,92.4,2023-07-16,NA
"1032731","ESTEVAN+POINT+CS","06-19","BUI",1994,2026,9.57037037037037,6.41901111571741,38.9,2023-06-19,19.5,92.4,2023-07-16,NA
"1032731","ESTEVAN+POINT+CS","06-20","BUI",1994,2026,9.87407407407407,6.69452087057839,39.7,2023-06-20,20.8,92.4,2023-07-16,NA
"1032731","ESTEVAN+POINT+CS","06-21","BUI",1994,2026,10.8769230769231,6.61956540520948,40.8,2023-06-21,25.5,92.4,2023-07-16,NA
"1032731","ESTEVAN+POINT+CS","06-22","BUI",1994,2026,11.4692307692308,7.27938289861272,41.6,2023-06-22,26.7,92.4,2023-07-16,NA
"1032731","ESTEVAN+POINT+CS","06-23","BUI",1994,2026,10.8814814814815,7.65431185858598,42.9,2023-06-23,33.9,92.4,2023-07-16,NA
"1032731","ESTEVAN+POINT+CS","06-24","BUI",1994,2026,8.8962962962963,6.17504166796788,43.7,2023-06-24,34.9,92.4,2023-07-16,NA
"1032731","ESTEVAN+POINT+CS","06-25","BUI",1994,2026,9.28518518518519,6.37366599639628,44.9,2023-06-25,35.5,92.4,2023-07-16,NA
"1032731","ESTEVAN+POINT+CS","06-26","BUI",1994,2026,9.77777777777778,6.42694647757713,45.6,2023-06-26,19,92.4,2023-07-16,NA
"1032731","ESTEVAN+POINT+CS","06-27","BUI",1994,2026,9.54444444444444,6.59173919698175,46.4,2023-06-27,13.6,92.4,2023-07-16,NA
"1032731","ESTEVAN+POINT+CS","06-28","BUI",1994,2026,9.62592592592593,7.23599935113918,47.1,2023-06-28,14.9,92.4,2023-07-16,NA
"1032731","ESTEVAN+POINT+CS","06-29","BUI",1994,2026,9.95185185185185,8.09693058512205,47.8,2023-06-29,16.2,92.4,2023-07-16,NA
"1032731","ESTEVAN+POINT+CS","06-30","BUI",1994,2026,9.85185185185185,8.61154727321092,49.2,2023-06-30,17.6,92.4,2023-07-16,NA
"1032731","ESTEVAN+POINT+CS","07-01","BUI",1994,2026,10.4333333333333,8.78932919467167,50.5,2023-07-01,18.8,92.4,2023-07-16,NA
"1032731","ESTEVAN+POINT+CS","07-02","BUI",1994,2026,11.3555555555556,8.79699832256318,52.5,2023-07-02,8.4,92.4,2023-07-16,NA
"1032731","ESTEVAN+POINT+CS","07-03","BUI",1994,2026,12.3592592592593,9.06681435274388,54.2,2023-07-03,6.7,92.4,2023-07-16,NA
"1032731","ESTEVAN+POINT+CS","07-04","BUI",1994,2026,13.0481481481481,9.23177499269071,55.9,2023-07-04,6.7,92.4,2023-07-16,NA
"1032731","ESTEVAN+POINT+CS","07-05","BUI",1994,2026,13.6,9.98964848846429,57.6,2023-07-05,8.5,92.4,2023-07-16,NA
"1032731","ESTEVAN+POINT+CS","07-06","BUI",1994,2026,13.8037037037037,10.1530018858192,63.6,2023-07-06,9.8,92.4,2023-07-16,NA
"1032731","ESTEVAN+POINT+CS","07-07","BUI",1994,2026,14.0888888888889,10.7355388719801,67.9,2023-07-07,9.9,92.4,2023-07-16,NA
"1032731","ESTEVAN+POINT+CS","07-08","BUI",1994,2026,13.9074074074074,10.4164044411439,71.3,2023-07-08,6.4,92.4,2023-07-16,NA
"1032731","ESTEVAN+POINT+CS","07-09","BUI",1994,2026,14.6703703703704,10.4494686951728,75.6,2023-07-09,6.4,92.4,2023-07-16,NA
"1032731","ESTEVAN+POINT+CS","07-10","BUI",1994,2026,15.0037037037037,10.0333091972337,76.6,2023-07-10,4,92.4,2023-07-16,NA
"1032731","ESTEVAN+POINT+CS","07-11","BUI",1994,2026,15.5185185185185,10.5975700058311,78.1,2023-07-11,5.1,92.4,2023-07-16,NA
"1032731","ESTEVAN+POINT+CS","07-12","BUI",1994,2026,14.6555555555556,10.3882823535178,81.8,2023-07-12,5.6,92.4,2023-07-16,NA
"1032731","ESTEVAN+POINT+CS","07-13","BUI",1994,2026,14.3222222222222,9.71823556846111,83.5,2023-07-13,6.7,92.4,2023-07-16,NA
"1032731","ESTEVAN+POINT+CS","07-14","BUI",1994,2026,14.8925925925926,10.7452646431213,88.1,2023-07-14,8.2,92.4,2023-07-16,NA
"1032731","ESTEVAN+POINT+CS","07-15","BUI",1994,2026,15.5740740740741,11.2792386742734,89.3,2023-07-15,14.4,92.4,2023-07-16,NA
"1032731","ESTEVAN+POINT+CS","07-16","BUI",1994,2026,16.0962962962963,11.8562051744899,92.4,2023-07-16,14.6,92.4,2023-07-16,NA
"1032731","ESTEVAN+POINT+CS","07-17","BUI",1994,2026,16.2555555555556,11.9001077349142,58.6,2023-07-17,7.8,92.4,2023-07-16,NA
"1032731","ESTEVAN+POINT+CS","07-18","BUI",1994,2026,17.1888888888889,12.4775901683881,62.9,2023-07-18,8.5,92.4,2023-07-16,NA
"1032731","ESTEVAN+POINT+CS","07-19","BUI",1994,2026,16.9444444444444,11.4742968054468,64.4,2023-07-19,10.7,92.4,2023-07-16,NA
"1032731","ESTEVAN+POINT+CS","07-20","BUI",1994,2026,17.2888888888889,11.4450974836502,70.1,2023-07-20,12.5,92.4,2023-07-16,NA
"1032731","ESTEVAN+POINT+CS","07-21","BUI",1994,2026,17.5962962962963,11.9547055904772,73.7,2023-07-21,14.4,92.4,2023-07-16,NA
"1032731","ESTEVAN+POINT+CS","07-22","BUI",1994,2026,17.7296296296296,12.527287594405,47.3,2023-07-22,23.3,92.4,2023-07-16,NA
"1032731","ESTEVAN+POINT+CS","07-23","BUI",1994,2026,18.3148148148148,12.9525674230634,51.2,2023-07-23,24.3,92.4,2023-07-16,NA
"1032731","ESTEVAN+POINT+CS","07-24","BUI",1994,2026,19.1111111111111,12.5488685770512,43.4,2021-07-24,25,92.4,2023-07-16,NA
"1032731","ESTEVAN+POINT+CS","07-25","BUI",1994,2026,19.037037037037,12.2796626158911,45.5,2013-07-25,25.1,92.4,2023-07-16,NA
"1032731","ESTEVAN+POINT+CS","07-26","BUI",1994,2026,19.4407407407407,12.6337539113178,47.3,2013-07-26,11.1,92.4,2023-07-16,NA
"1032731","ESTEVAN+POINT+CS","07-27","BUI",1994,2026,19.9518518518519,13.0056606128719,49.5,2013-07-27,11.1,92.4,2023-07-16,NA
"1032731","ESTEVAN+POINT+CS","07-28","BUI",1994,2026,21.1703703703704,13.1014918356303,50.6,2013-07-28,4.2,92.4,2023-07-16,NA
"1032731","ESTEVAN+POINT+CS","07-29","BUI",1994,2026,21.5777777777778,13.4510032034599,52.2,1996-07-29,5.5,92.4,2023-07-16,NA
"1032731","ESTEVAN+POINT+CS","07-30","BUI",1994,2026,21.9592592592593,14.2427649449239,53.8,1996-07-30,6.2,92.4,2023-07-16,NA
"1032731","ESTEVAN+POINT+CS","07-31","BUI",1994,2026,21.8703703703704,13.542009134394,53,2013-07-31,2,92.4,2023-07-16,NA
"1032731","ESTEVAN+POINT+CS","08-01","BUI",1994,2026,21.8814814814815,14.0607483397806,54,2013-08-01,0.6,92.4,2023-07-16,NA
"1032731","ESTEVAN+POINT+CS","08-02","BUI",1994,2026,22.4814814814815,14.0943533984641,54.7,2013-08-02,1.5,92.4,2023-07-16,NA
"1032731","ESTEVAN+POINT+CS","08-03","BUI",1994,2026,22.6037037037037,13.8242396224748,55.5,2013-08-03,3.8,92.4,2023-07-16,NA
"1032731","ESTEVAN+POINT+CS","08-04","BUI",1994,2026,23.9148148148148,13.7878347634568,56.6,2013-08-04,5.4,92.4,2023-07-16,NA
"1032731","ESTEVAN+POINT+CS","08-05","BUI",1994,2026,24.9962962962963,13.6154742701508,57.5,2013-08-05,7.1,92.4,2023-07-16,NA
"1032731","ESTEVAN+POINT+CS","08-06","BUI",1994,2026,25.2,13.9312874218706,58.3,2013-08-06,7.6,92.4,2023-07-16,NA
"1032731","ESTEVAN+POINT+CS","08-07","BUI",1994,2026,23.6037037037037,13.5531285483203,60.1,2013-08-07,8.2,92.4,2023-07-16,NA
"1032731","ESTEVAN+POINT+CS","08-08","BUI",1994,2026,21.9888888888889,13.2665088252432,61.1,2013-08-08,NA,92.4,2023-07-16,NA
"1032731","ESTEVAN+POINT+CS","08-09","BUI",1994,2026,21.9185185185185,13.7023871316429,63.9,2013-08-09,NA,92.4,2023-07-16,NA
"1032731","ESTEVAN+POINT+CS","08-10","BUI",1994,2026,22.1037037037037,14.3235009010604,64.7,2013-08-10,NA,92.4,2023-07-16,NA
"1032731","ESTEVAN+POINT+CS","08-11","BUI",1994,2026,22.2555555555556,14.5666197264983,65.1,2013-08-11,NA,92.4,2023-07-16,NA
"1032731","ESTEVAN+POINT+CS","08-12","BUI",1994,2026,21.3703703703704,12.9709680207767,60.1,2001-08-12,NA,92.4,2023-07-16,NA
"1032731","ESTEVAN+POINT+CS","08-13","BUI",1994,2026,21.8037037037037,13.266571103036,61,2001-08-13,NA,92.4,2023-07-16,NA
"1032731","ESTEVAN+POINT+CS","08-14","BUI",1994,2026,22.3444444444444,13.9017246670314,62,2001-08-14,NA,92.4,2023-07-16,NA
"1032731","ESTEVAN+POINT+CS","08-15","BUI",1994,2026,22.0777777777778,14.2583668644423,62.7,2001-08-15,NA,92.4,2023-07-16,NA
"1032731","ESTEVAN+POINT+CS","08-16","BUI",1994,2026,22.4444444444444,14.5993238340088,63.7,2001-08-16,NA,92.4,2023-07-16,NA
"1032731","ESTEVAN+POINT+CS","08-17","BUI",1994,2026,21.4037037037037,14.7960098956411,61.8,2021-08-17,NA,92.4,2023-07-16,NA
"1032731","ESTEVAN+POINT+CS","08-18","BUI",1994,2026,21.2518518518518,15.6391119748477,65,2021-08-18,NA,92.4,2023-07-16,NA
"1032731","ESTEVAN+POINT+CS","08-19","BUI",1994,2026,22.3230769230769,16.1564181102696,68.5,2021-08-19,NA,92.4,2023-07-16,NA
"1032731","ESTEVAN+POINT+CS","08-20","BUI",1994,2026,21.3269230769231,16.2199027788038,69.4,2021-08-20,NA,92.4,2023-07-16,NA
"1032731","ESTEVAN+POINT+CS","08-21","BUI",1994,2026,20.0884615384615,17.0635594627399,69.9,2021-08-21,NA,92.4,2023-07-16,NA
"1032731","ESTEVAN+POINT+CS","08-22","BUI",1994,2026,19.8961538461538,17.4136378914742,71.1,2021-08-22,NA,92.4,2023-07-16,NA
"1032731","ESTEVAN+POINT+CS","08-23","BUI",1994,2026,20.0346153846154,17.6899958690259,72.2,2021-08-23,NA,92.4,2023-07-16,NA
"1032731","ESTEVAN+POINT+CS","08-24","BUI",1994,2026,20.4115384615385,18.0781044785802,73,2021-08-24,NA,92.4,2023-07-16,NA
"1032731","ESTEVAN+POINT+CS","08-25","BUI",1994,2026,19.9615384615385,18.3229490404373,73.3,2021-08-25,NA,92.4,2023-07-16,NA
"1032731","ESTEVAN+POINT+CS","08-26","BUI",1994,2026,20.7653846153846,18.5572183757737,72.2,2023-08-26,NA,92.4,2023-07-16,NA
"1032731","ESTEVAN+POINT+CS","08-27","BUI",1994,2026,20.2115384615385,18.8041128888991,73,2023-08-27,NA,92.4,2023-07-16,NA
"1032731","ESTEVAN+POINT+CS","08-28","BUI",1994,2026,19.5653846153846,19.2472115862572,73.4,2023-08-28,NA,92.4,2023-07-16,NA
"1032731","ESTEVAN+POINT+CS","08-29","BUI",1994,2026,17.95,19.5610889267443,74.5,2023-08-29,NA,92.4,2023-07-16,NA
"1032731","ESTEVAN+POINT+CS","08-30","BUI",1994,2026,16.7153846153846,19.8078104253386,75.1,2023-08-30,NA,92.4,2023-07-16,NA
"1032731","ESTEVAN+POINT+CS","08-31","BUI",1994,2026,16.4961538461538,20.0957603642008,74,2022-08-31,NA,92.4,2023-07-16,NA
"1032731","ESTEVAN+POINT+CS","09-01","BUI",1994,2026,14.8961538461538,17.1920791242765,74.7,2022-09-01,NA,92.4,2023-07-16,NA
"1032731","ESTEVAN+POINT+CS","09-02","BUI",1994,2026,12.8115384615385,14.9027870392911,77.7,2022-09-02,NA,92.4,2023-07-16,NA
"1032731","ESTEVAN+POINT+CS","09-03","BUI",1994,2026,13.0384615384615,15.2450667935061,77.9,2022-09-03,NA,92.4,2023-07-16,NA
"1032731","ESTEVAN+POINT+CS","09-04","BUI",1994,2026,13.4461538461538,15.6029287191663,63.3,2023-09-04,NA,92.4,2023-07-16,NA
"1032731","ESTEVAN+POINT+CS","09-05","BUI",1994,2026,14.0307692307692,15.8581151271081,63.9,2023-09-05,NA,92.4,2023-07-16,NA
"1032731","ESTEVAN+POINT+CS","09-06","BUI",1994,2026,13.3423076923077,15.7466992878361,65,2023-09-06,NA,92.4,2023-07-16,NA
"1032731","ESTEVAN+POINT+CS","09-07","BUI",1994,2026,12.0730769230769,13.0126571519366,65.4,2023-09-07,NA,92.4,2023-07-16,NA
"1032731","ESTEVAN+POINT+CS","09-08","BUI",1994,2026,10.5576923076923,9.52093159630603,66.2,2023-09-08,NA,92.4,2023-07-16,NA
"1032731","ESTEVAN+POINT+CS","09-09","BUI",1994,2026,10.0423076923077,9.1215864004864,67.7,2023-09-09,NA,92.4,2023-07-16,NA
"1032731","ESTEVAN+POINT+CS","09-10","BUI",1994,2026,10.0115384615385,8.99908114967642,69.9,2023-09-10,NA,92.4,2023-07-16,NA
"1032731","ESTEVAN+POINT+CS","09-11","BUI",1994,2026,10.6,9.53624664110571,52.6,2022-09-11,NA,92.4,2023-07-16,NA
"1032731","ESTEVAN+POINT+CS","09-12","BUI",1994,2026,10.9615384615385,10.2264784524518,53.5,2022-09-12,NA,92.4,2023-07-16,NA
"1032731","ESTEVAN+POINT+CS","09-13","BUI",1994,2026,11.5076923076923,11.0997629912327,54.2,2022-09-13,NA,92.4,2023-07-16,NA
"1032731","ESTEVAN+POINT+CS","09-14","BUI",1994,2026,11.9769230769231,11.8719268088144,55,2022-09-14,NA,92.4,2023-07-16,NA
"1032731","ESTEVAN+POINT+CS","09-15","BUI",1994,2026,11.5692307692308,11.8934526267445,56.9,2022-09-15,NA,92.4,2023-07-16,NA
"1032731","ESTEVAN+POINT+CS","09-16","BUI",1994,2026,11.3769230769231,12.1230790706753,58,2022-09-16,NA,92.4,2023-07-16,NA
"1032731","ESTEVAN+POINT+CS","09-17","BUI",1994,2026,9.75769230769231,11.181777070821,60.4,2022-09-17,NA,92.4,2023-07-16,NA
"1032731","ESTEVAN+POINT+CS","09-18","BUI",1994,2026,8.94230769230769,12.035220748351,62,2022-09-18,NA,92.4,2023-07-16,NA
"1032731","ESTEVAN+POINT+CS","09-19","BUI",1994,2026,8.01538461538462,11.0309634142333,63.6,2022-09-19,NA,92.4,2023-07-16,NA
"1032731","ESTEVAN+POINT+CS","09-20","BUI",1994,2026,7.57307692307692,10.7003759818918,65.8,2022-09-20,NA,92.4,2023-07-16,NA
"1032731","ESTEVAN+POINT+CS","09-21","BUI",1994,2026,7.66923076923077,10.7184614280509,69.1,2022-09-21,NA,92.4,2023-07-16,NA
"1032731","ESTEVAN+POINT+CS","09-22","BUI",1994,2026,7.62692307692308,11.080020133278,69.7,2022-09-22,NA,92.4,2023-07-16,NA
"1032731","ESTEVAN+POINT+CS","09-23","BUI",1994,2026,7.86923076923077,11.4604980426077,52.7,2012-09-23,NA,92.4,2023-07-16,NA
"1032731","ESTEVAN+POINT+CS","09-24","BUI",1994,2026,8.04615384615385,11.4620148584524,54.4,2012-09-24,NA,92.4,2023-07-16,NA
"1032731","ESTEVAN+POINT+CS","09-25","BUI",1994,2026,7.95384615384615,11.543109832943,54.7,2012-09-25,NA,92.4,2023-07-16,NA
"1032731","ESTEVAN+POINT+CS","09-26","BUI",1994,2026,8.29230769230769,11.7851745197743,55.2,2012-09-26,NA,92.4,2023-07-16,NA
"1032731","ESTEVAN+POINT+CS","09-27","BUI",1994,2026,8.6,11.981118478673,55.8,2012-09-27,NA,92.4,2023-07-16,NA
"1032731","ESTEVAN+POINT+CS","09-28","BUI",1994,2026,7.01153846153846,7.20601564933504,44.6,2022-09-28,NA,92.4,2023-07-16,NA
"1032731","ESTEVAN+POINT+CS","09-29","BUI",1994,2026,6.76923076923077,7.39566193011926,45.4,2022-09-29,NA,92.4,2023-07-16,NA
"1032731","ESTEVAN+POINT+CS","09-30","BUI",1994,2026,6.73461538461538,7.35820316695277,47.6,2022-09-30,NA,92.4,2023-07-16,NA
"1032731","ESTEVAN+POINT+CS","10-01","BUI",1994,2026,6.356,6.72068200904244,48.3,2022-10-01,NA,92.4,2023-07-16,NA
"1032731","ESTEVAN+POINT+CS","10-02","BUI",1994,2026,5.836,6.47771050088944,51.4,2022-10-02,NA,92.4,2023-07-16,NA
"1032731","ESTEVAN+POINT+CS","10-03","BUI",1994,2026,5.53846153846154,6.8248415028088,53.7,2022-10-03,NA,92.4,2023-07-16,NA
"1032731","ESTEVAN+POINT+CS","10-04","BUI",1994,2026,5.58461538461539,7.50288969971929,54.1,2022-10-04,NA,92.4,2023-07-16,NA
"1032731","ESTEVAN+POINT+CS","10-05","BUI",1994,2026,5.57692307692308,8.04598323101945,35.4,2022-10-05,NA,92.4,2023-07-16,NA
"1032731","ESTEVAN+POINT+CS","10-06","BUI",1994,2026,5.828,8.63034954873401,35.9,2001-10-06,NA,92.4,2023-07-16,NA
"1032731","ESTEVAN+POINT+CS","10-07","BUI",1994,2026,5.07692307692308,8.69226358055519,38.3,2022-10-07,NA,92.4,2023-07-16,NA
"1032731","ESTEVAN+POINT+CS","10-08","BUI",1994,2026,4.216,7.07051860427036,38.5,2022-10-08,NA,92.4,2023-07-16,NA
"1032731","ESTEVAN+POINT+CS","10-09","BUI",1994,2026,4.036,7.04331124779626,41.1,2022-10-09,NA,92.4,2023-07-16,NA
"1032731","ESTEVAN+POINT+CS","10-10","BUI",1994,2026,3.61538461538462,5.59168613623421,41.9,2022-10-10,NA,92.4,2023-07-16,NA
"1032731","ESTEVAN+POINT+CS","10-11","BUI",1994,2026,3.76538461538462,5.27347644786187,44.7,2022-10-11,NA,92.4,2023-07-16,NA
"1032731","ESTEVAN+POINT+CS","10-12","BUI",1994,2026,2.90384615384615,3.72026673981646,45.7,2022-10-12,NA,92.4,2023-07-16,NA
"1032731","ESTEVAN+POINT+CS","10-13","BUI",1994,2026,2.31923076923077,2.83224564341008,46.3,2022-10-13,NA,92.4,2023-07-16,NA
"1032731","ESTEVAN+POINT+CS","10-14","BUI",1994,2026,2.26538461538461,3.03274691429302,47.1,2022-10-14,NA,92.4,2023-07-16,NA
"1032731","ESTEVAN+POINT+CS","10-15","BUI",1994,2026,1.73461538461538,2.29258671507837,48.2,2022-10-15,NA,92.4,2023-07-16,NA
"1032731","ESTEVAN+POINT+CS","10-16","BUI",1994,2026,1.68461538461538,2.52201384733586,48.4,2022-10-16,NA,92.4,2023-07-16,NA
"1032731","ESTEVAN+POINT+CS","10-17","BUI",1994,2026,1.85384615384615,2.85702373378042,49.1,2022-10-17,NA,92.4,2023-07-16,NA
"1032731","ESTEVAN+POINT+CS","10-18","BUI",1994,2026,1.53461538461538,2.28016531114607,49.5,2022-10-18,NA,92.4,2023-07-16,NA
"1032731","ESTEVAN+POINT+CS","10-19","BUI",1994,2026,1.33461538461538,2.043319320653,49.9,2022-10-19,NA,92.4,2023-07-16,NA
"1032731","ESTEVAN+POINT+CS","10-20","BUI",1994,2026,1.33076923076923,2.13574703198094,50.7,2022-10-20,NA,92.4,2023-07-16,NA
"1032731","ESTEVAN+POINT+CS","10-21","BUI",1994,2026,1.35384615384615,2.24574811931005,51.1,2022-10-21,NA,92.4,2023-07-16,NA
"1032731","ESTEVAN+POINT+CS","10-22","BUI",1994,2026,1.35,2.39520354041155,52.6,2022-10-22,NA,92.4,2023-07-16,NA
"1032731","ESTEVAN+POINT+CS","10-23","BUI",1994,2026,1.48,2.56287598867626,53.3,2022-10-23,NA,92.4,2023-07-16,NA
"1032731","ESTEVAN+POINT+CS","10-24","BUI",1994,2026,1.25769230769231,2.10146103022123,22,2022-10-24,NA,92.4,2023-07-16,NA
"1032731","ESTEVAN+POINT+CS","10-25","BUI",1994,2026,1.16153846153846,1.97161394255101,10.2,2022-10-25,NA,92.4,2023-07-16,NA
"1032731","ESTEVAN+POINT+CS","10-26","BUI",1994,2026,1.42,2.21397079173748,10.4,2013-10-26,NA,92.4,2023-07-16,NA
"1032731","ESTEVAN+POINT+CS","10-27","BUI",1994,2026,1.46153846153846,2.36170733548032,11.9,2013-10-27,NA,92.4,2023-07-16,NA
"1032731","ESTEVAN+POINT+CS","10-28","BUI",1994,2026,1.37692307692308,2.79589809432428,13.7,2013-10-28,NA,92.4,2023-07-16,NA
"1032731","ESTEVAN+POINT+CS","10-29","BUI",1994,2026,1.67692307692308,3.02222536450314,14.8,2013-10-29,NA,92.4,2023-07-16,NA
"1032731","ESTEVAN+POINT+CS","10-30","BUI",1994,2026,2.00769230769231,3.17766242095325,15.3,2013-10-30,NA,92.4,2023-07-16,NA
"1032731","ESTEVAN+POINT+CS","10-31","BUI",1994,2026,2.25,2.91001718207986,13.3,2013-10-31,NA,92.4,2023-07-16,NA
"1032731","ESTEVAN+POINT+CS","04-01","DC",1994,2026,6.8,6.34881878777462,20.6,1994-04-01,2.4,536.9,2022-10-23,NA
"1032731","ESTEVAN+POINT+CS","04-02","DC",1994,2026,8.17058823529412,6.99542392442037,22.2,2016-04-02,5.5,536.9,2022-10-23,NA
"1032731","ESTEVAN+POINT+CS","04-03","DC",1994,2026,9.58823529411764,7.5276060564549,24.9,2016-04-03,2.5,536.9,2022-10-23,NA
"1032731","ESTEVAN+POINT+CS","04-04","DC",1994,2026,9.68235294117647,6.89911545907496,25.9,1994-04-04,2.9,536.9,2022-10-23,NA
"1032731","ESTEVAN+POINT+CS","04-05","DC",1994,2026,5.94705882352941,5.51102504610744,20.1,1994-04-05,6,536.9,2022-10-23,NA
"1032731","ESTEVAN+POINT+CS","04-06","DC",1994,2026,4.91176470588235,4.3657591483242,15.1,2020-04-06,8.9,536.9,2022-10-23,NA
"1032731","ESTEVAN+POINT+CS","04-07","DC",1994,2026,5.8,4.50874150955674,17.8,2020-04-07,NA,536.9,2022-10-23,NA
"1032731","ESTEVAN+POINT+CS","04-08","DC",1994,2026,6.82941176470588,5.4714902798372,20.6,2020-04-08,NA,536.9,2022-10-23,NA
"1032731","ESTEVAN+POINT+CS","04-09","DC",1994,2026,8.25882352941177,6.44651638712039,23.5,2020-04-09,NA,536.9,2022-10-23,NA
"1032731","ESTEVAN+POINT+CS","04-10","DC",1994,2026,8.59444444444444,7.88031592545421,26.3,2020-04-10,NA,536.9,2022-10-23,NA
"1032731","ESTEVAN+POINT+CS","04-11","DC",1994,2026,9.56666666666667,8.50632982306844,29.3,2020-04-11,NA,536.9,2022-10-23,NA
"1032731","ESTEVAN+POINT+CS","04-12","DC",1994,2026,9.52222222222222,9.44224272683234,32.6,2020-04-12,NA,536.9,2022-10-23,NA
"1032731","ESTEVAN+POINT+CS","04-13","DC",1994,2026,8.97222222222222,9.97702098386178,35.5,2020-04-13,NA,536.9,2022-10-23,NA
"1032731","ESTEVAN+POINT+CS","04-14","DC",1994,2026,10.2388888888889,10.9387137048348,38.5,2020-04-14,3.2,536.9,2022-10-23,NA
"1032731","ESTEVAN+POINT+CS","04-15","DC",1994,2026,10.0277777777778,11.2253811964911,41.2,2020-04-15,2.1,536.9,2022-10-23,NA
"1032731","ESTEVAN+POINT+CS","04-16","DC",1994,2026,9.6,10.7232567484938,44,2020-04-16,4.9,536.9,2022-10-23,NA
"1032731","ESTEVAN+POINT+CS","04-17","DC",1994,2026,9.08333333333333,10.6961922856578,46.8,2020-04-17,7.7,536.9,2022-10-23,NA
"1032731","ESTEVAN+POINT+CS","04-18","DC",1994,2026,8.51111111111111,11.3305879027622,49.6,2020-04-18,10.8,536.9,2022-10-23,NA
"1032731","ESTEVAN+POINT+CS","04-19","DC",1994,2026,9.3,12.047796967276,52.5,2020-04-19,4,536.9,2022-10-23,NA
"1032731","ESTEVAN+POINT+CS","04-20","DC",1994,2026,9.82777777777778,12.3456496531968,55.3,2020-04-20,7.5,536.9,2022-10-23,NA
"1032731","ESTEVAN+POINT+CS","04-21","DC",1994,2026,11.3111111111111,12.9153301016268,58.2,2020-04-21,10.4,536.9,2022-10-23,NA
"1032731","ESTEVAN+POINT+CS","04-22","DC",1994,2026,11.8777777777778,11.5536373470744,52.3,2021-04-22,13.7,536.9,2022-10-23,NA
"1032731","ESTEVAN+POINT+CS","04-23","DC",1994,2026,13.6388888888889,12.5061462013866,55.2,2021-04-23,NA,536.9,2022-10-23,NA
"1032731","ESTEVAN+POINT+CS","04-24","DC",1994,2026,13.1166666666667,13.1959106856454,56,2020-04-24,24.1,536.9,2022-10-23,NA
"1032731","ESTEVAN+POINT+CS","04-25","DC",1994,2026,14.0555555555556,12.0754599095084,48.8,2021-04-25,27.4,536.9,2022-10-23,NA
"1032731","ESTEVAN+POINT+CS","04-26","DC",1994,2026,15.8555555555556,12.4541617056649,50.6,2020-04-26,30.7,536.9,2022-10-23,NA
"1032731","ESTEVAN+POINT+CS","04-27","DC",1994,2026,14.2222222222222,11.6298073200141,51.7,2021-04-27,33.9,536.9,2022-10-23,NA
"1032731","ESTEVAN+POINT+CS","04-28","DC",1994,2026,16.1388888888889,12.4618070113017,45,2021-04-28,37.2,536.9,2022-10-23,NA
"1032731","ESTEVAN+POINT+CS","04-29","DC",1994,2026,17.3722222222222,13.3463723009202,45.4,2020-04-29,40.4,536.9,2022-10-23,NA
"1032731","ESTEVAN+POINT+CS","04-30","DC",1994,2026,18.8789473684211,12.7310459964507,45.2,2026-04-30,45.2,536.9,2022-10-23,NA
"1032731","ESTEVAN+POINT+CS","05-01","DC",1994,2026,21.3157894736842,13.6334255562445,50.1,2026-05-01,50.1,536.9,2022-10-23,NA
"1032731","ESTEVAN+POINT+CS","05-02","DC",1994,2026,22.435,14.4013623259088,55,2026-05-02,55,536.9,2022-10-23,NA
"1032731","ESTEVAN+POINT+CS","05-03","DC",1994,2026,23.252380952381,15.8854530639708,60.3,2026-05-03,60.3,536.9,2022-10-23,NA
"1032731","ESTEVAN+POINT+CS","05-04","DC",1994,2026,24.3571428571429,17.4239941296068,65.2,2026-05-04,65.2,536.9,2022-10-23,NA
"1032731","ESTEVAN+POINT+CS","05-05","DC",1994,2026,27.2285714285714,18.59150727771,71.5,2026-05-05,71.5,536.9,2022-10-23,NA
"1032731","ESTEVAN+POINT+CS","05-06","DC",1994,2026,30.8333333333333,20.0056325401956,76,2026-05-06,76,536.9,2022-10-23,NA
"1032731","ESTEVAN+POINT+CS","05-07","DC",1994,2026,32.5904761904762,22.7672550994165,80.9,2026-05-07,80.9,536.9,2022-10-23,NA
"1032731","ESTEVAN+POINT+CS","05-08","DC",1994,2026,35.6952380952381,23.3290050407315,85.6,2026-05-08,85.6,536.9,2022-10-23,NA
"1032731","ESTEVAN+POINT+CS","05-09","DC",1994,2026,34.8181818181818,22.3509163839755,90.4,2026-05-09,90.4,536.9,2022-10-23,NA
"1032731","ESTEVAN+POINT+CS","05-10","DC",1994,2026,35.7227272727273,22.6934421368226,90.5,2026-05-10,90.5,536.9,2022-10-23,NA
"1032731","ESTEVAN+POINT+CS","05-11","DC",1994,2026,37.6136363636364,23.789799643956,95.4,2026-05-11,95.4,536.9,2022-10-23,NA
"1032731","ESTEVAN+POINT+CS","05-12","DC",1994,2026,39.1272727272727,25.5469722708542,100.7,2026-05-12,100.7,536.9,2022-10-23,NA
"1032731","ESTEVAN+POINT+CS","05-13","DC",1994,2026,41.2272727272727,26.0305897307687,105.6,2026-05-13,105.6,536.9,2022-10-23,NA
"1032731","ESTEVAN+POINT+CS","05-14","DC",1994,2026,39.15,24.6913084765817,102.4,2026-05-14,102.4,536.9,2022-10-23,NA
"1032731","ESTEVAN+POINT+CS","05-15","DC",1994,2026,39.9227272727273,27.6134186120786,103.9,2016-05-15,25.6,536.9,2022-10-23,NA
"1032731","ESTEVAN+POINT+CS","05-16","DC",1994,2026,42.1227272727273,29.3059872286515,109,2016-05-16,17,536.9,2022-10-23,NA
"1032731","ESTEVAN+POINT+CS","05-17","DC",1994,2026,41.7260869565217,30.2920814344023,113.8,2016-05-17,21.5,536.9,2022-10-23,NA
"1032731","ESTEVAN+POINT+CS","05-18","DC",1994,2026,43.1347826086957,31.8525810099597,118.4,2016-05-18,26.3,536.9,2022-10-23,NA
"1032731","ESTEVAN+POINT+CS","05-19","DC",1994,2026,46.2391304347826,33.1543461998085,123.1,2016-05-19,31.1,536.9,2022-10-23,NA
"1032731","ESTEVAN+POINT+CS","05-20","DC",1994,2026,48.8652173913044,35.1463900732048,128,2016-05-20,35.8,536.9,2022-10-23,NA
"1032731","ESTEVAN+POINT+CS","05-21","DC",1994,2026,50.8739130434782,35.4786134989838,133,2016-05-21,41,536.9,2022-10-23,NA
"1032731","ESTEVAN+POINT+CS","05-22","DC",1994,2026,54.0086956521739,37.3676441596139,138,2016-05-22,47.5,536.9,2022-10-23,NA
"1032731","ESTEVAN+POINT+CS","05-23","DC",1994,2026,55.5260869565217,38.0783428949903,142.8,2016-05-23,52.1,536.9,2022-10-23,NA
"1032731","ESTEVAN+POINT+CS","05-24","DC",1994,2026,56.1666666666667,39.4017950006768,147.9,2016-05-24,56.8,536.9,2022-10-23,NA
"1032731","ESTEVAN+POINT+CS","05-25","DC",1994,2026,57.4666666666667,41.5149283434564,152.9,2016-05-25,16.6,536.9,2022-10-23,NA
"1032731","ESTEVAN+POINT+CS","05-26","DC",1994,2026,59.775,41.5352574169904,157.7,2016-05-26,21.4,536.9,2022-10-23,NA
"1032731","ESTEVAN+POINT+CS","05-27","DC",1994,2026,61.775,41.3399401568739,162.5,2016-05-27,26.4,536.9,2022-10-23,NA
"1032731","ESTEVAN+POINT+CS","05-28","DC",1994,2026,57.5791666666667,41.0705329589991,146.8,2016-05-28,31.1,536.9,2022-10-23,NA
"1032731","ESTEVAN+POINT+CS","05-29","DC",1994,2026,58.732,42.6536215734764,152,2016-05-29,35.7,536.9,2022-10-23,NA
"1032731","ESTEVAN+POINT+CS","05-30","DC",1994,2026,59.148,42.4562826132168,156.9,2016-05-30,40.2,536.9,2022-10-23,NA
"1032731","ESTEVAN+POINT+CS","05-31","DC",1994,2026,58.62,44.4597477125845,161.8,2016-05-31,45,536.9,2022-10-23,NA
"1032731","ESTEVAN+POINT+CS","06-01","DC",1994,2026,59.22,47.2241728355299,163.5,2016-06-01,51.2,536.9,2022-10-23,NA
"1032731","ESTEVAN+POINT+CS","06-02","DC",1994,2026,58.1538461538462,44.8769716515652,163.1,2019-06-02,58.1,536.9,2022-10-23,NA
"1032731","ESTEVAN+POINT+CS","06-03","DC",1994,2026,62.5076923076923,44.144634311109,169.1,2019-06-03,63.8,536.9,2022-10-23,NA
"1032731","ESTEVAN+POINT+CS","06-04","DC",1994,2026,61.4346153846154,41.2845631422467,175.1,2019-06-04,59.5,536.9,2022-10-23,NA
"1032731","ESTEVAN+POINT+CS","06-05","DC",1994,2026,58.8555555555556,42.5998134099682,177.3,2019-06-05,44.4,536.9,2022-10-23,NA
"1032731","ESTEVAN+POINT+CS","06-06","DC",1994,2026,60.3481481481481,44.1339078641561,171.1,2019-06-06,37,536.9,2022-10-23,NA
"1032731","ESTEVAN+POINT+CS","06-07","DC",1994,2026,64.1888888888889,45.1338294863461,171.4,2019-06-07,42.9,536.9,2022-10-23,NA
"1032731","ESTEVAN+POINT+CS","06-08","DC",1994,2026,66.6481481481481,47.6632366825222,177.5,2019-06-08,37.6,536.9,2022-10-23,NA
"1032731","ESTEVAN+POINT+CS","06-09","DC",1994,2026,66.9,48.9878948940843,183.2,2019-06-09,43.1,536.9,2022-10-23,NA
"1032731","ESTEVAN+POINT+CS","06-10","DC",1994,2026,64.1777777777778,48.6317032819391,188,2023-06-10,48.9,536.9,2022-10-23,NA
"1032731","ESTEVAN+POINT+CS","06-11","DC",1994,2026,67.3888888888889,49.0645597722126,194.3,2023-06-11,55,536.9,2022-10-23,NA
"1032731","ESTEVAN+POINT+CS","06-12","DC",1994,2026,65.5555555555555,49.8248110369903,200.5,2023-06-12,61.3,536.9,2022-10-23,NA
"1032731","ESTEVAN+POINT+CS","06-13","DC",1994,2026,64.5111111111111,52.8143725582151,206.3,2023-06-13,67.6,536.9,2022-10-23,NA
"1032731","ESTEVAN+POINT+CS","06-14","DC",1994,2026,67.8629629629629,53.0296299479984,212,2023-06-14,74.6,536.9,2022-10-23,NA
"1032731","ESTEVAN+POINT+CS","06-15","DC",1994,2026,70.0703703703704,55.120272794449,217.8,2023-06-15,80.8,536.9,2022-10-23,NA
"1032731","ESTEVAN+POINT+CS","06-16","DC",1994,2026,72.8555555555556,57.1555861280507,209,2015-06-16,86.9,536.9,2022-10-23,NA
"1032731","ESTEVAN+POINT+CS","06-17","DC",1994,2026,73.0444444444445,57.4863952690168,215.1,2015-06-17,92.9,536.9,2022-10-23,NA
"1032731","ESTEVAN+POINT+CS","06-18","DC",1994,2026,77.2111111111111,57.8815390612807,221.1,2015-06-18,99.1,536.9,2022-10-23,NA
"1032731","ESTEVAN+POINT+CS","06-19","DC",1994,2026,80.5703703703704,57.4962862667923,220.8,2019-06-19,105.3,536.9,2022-10-23,NA
"1032731","ESTEVAN+POINT+CS","06-20","DC",1994,2026,82.2222222222222,58.7451427342874,226.7,2019-06-20,111.4,536.9,2022-10-23,NA
"1032731","ESTEVAN+POINT+CS","06-21","DC",1994,2026,86.6296296296296,59.5123181483969,232.4,2019-06-21,119.3,536.9,2022-10-23,NA
"1032731","ESTEVAN+POINT+CS","06-22","DC",1994,2026,91.9333333333333,59.0078286853011,238.1,2019-06-22,125.4,536.9,2022-10-23,NA
"1032731","ESTEVAN+POINT+CS","06-23","DC",1994,2026,92.1296296296296,61.045045252318,244.2,2019-06-23,134.7,536.9,2022-10-23,NA
"1032731","ESTEVAN+POINT+CS","06-24","DC",1994,2026,86.062962962963,58.5160342795568,250,2019-06-24,140.6,536.9,2022-10-23,NA
"1032731","ESTEVAN+POINT+CS","06-25","DC",1994,2026,89.9629629629629,57.4188936216063,256.2,2019-06-25,146.2,536.9,2022-10-23,NA
"1032731","ESTEVAN+POINT+CS","06-26","DC",1994,2026,94.262962962963,58.4871132956006,262,2019-06-26,127.2,536.9,2022-10-23,NA
"1032731","ESTEVAN+POINT+CS","06-27","DC",1994,2026,94.9296296296296,61.1538904656794,267.7,2019-06-27,127.5,536.9,2022-10-23,NA
"1032731","ESTEVAN+POINT+CS","06-28","DC",1994,2026,95.2851851851852,59.7487541144886,258.3,2023-06-28,133.5,536.9,2022-10-23,NA
"1032731","ESTEVAN+POINT+CS","06-29","DC",1994,2026,95,63.4348545299094,264.5,2023-06-29,139.5,536.9,2022-10-23,NA
"1032731","ESTEVAN+POINT+CS","06-30","DC",1994,2026,97.0851851851852,64.6449456867975,270.7,2023-06-30,145.5,536.9,2022-10-23,NA
"1032731","ESTEVAN+POINT+CS","07-01","DC",1994,2026,101.344444444444,64.4700129060214,277.2,2023-07-01,151.8,536.9,2022-10-23,NA
"1032731","ESTEVAN+POINT+CS","07-02","DC",1994,2026,106.822222222222,65.8589421142661,283.9,2023-07-02,112.5,536.9,2022-10-23,NA
"1032731","ESTEVAN+POINT+CS","07-03","DC",1994,2026,111.174074074074,67.2188079941035,290.5,2023-07-03,118.6,536.9,2022-10-23,NA
"1032731","ESTEVAN+POINT+CS","07-04","DC",1994,2026,114.566666666667,68.371670921628,297.1,2023-07-04,124.5,536.9,2022-10-23,NA
"1032731","ESTEVAN+POINT+CS","07-05","DC",1994,2026,115.885185185185,70.8821758201796,303.8,2023-07-05,131,536.9,2022-10-23,NA
"1032731","ESTEVAN+POINT+CS","07-06","DC",1994,2026,116.066666666667,74.0243774816004,312.8,2023-07-06,137.3,536.9,2022-10-23,NA
"1032731","ESTEVAN+POINT+CS","07-07","DC",1994,2026,118.692592592593,76.634516856239,321,2023-07-07,143.5,536.9,2022-10-23,NA
"1032731","ESTEVAN+POINT+CS","07-08","DC",1994,2026,120.685185185185,76.4042271469709,328.8,2023-07-08,141.7,536.9,2022-10-23,NA
"1032731","ESTEVAN+POINT+CS","07-09","DC",1994,2026,126.081481481481,76.9621337314008,337.1,2023-07-09,147.7,536.9,2022-10-23,NA
"1032731","ESTEVAN+POINT+CS","07-10","DC",1994,2026,129.574074074074,71.9380160148176,343.5,2023-07-10,140.4,536.9,2022-10-23,NA
"1032731","ESTEVAN+POINT+CS","07-11","DC",1994,2026,134.140740740741,71.9633841683996,350.2,2023-07-11,146.7,536.9,2022-10-23,NA
"1032731","ESTEVAN+POINT+CS","07-12","DC",1994,2026,134.318518518519,66.9939436817127,358.2,2023-07-12,153,536.9,2022-10-23,NA
"1032731","ESTEVAN+POINT+CS","07-13","DC",1994,2026,135.855555555556,66.0048677303619,364.8,2023-07-13,159.5,536.9,2022-10-23,NA
"1032731","ESTEVAN+POINT+CS","07-14","DC",1994,2026,136.637037037037,62.885354465629,373.3,2023-07-14,166.2,536.9,2022-10-23,NA
"1032731","ESTEVAN+POINT+CS","07-15","DC",1994,2026,138.925925925926,63.1961451635522,379.9,2023-07-15,174.5,536.9,2022-10-23,NA
"1032731","ESTEVAN+POINT+CS","07-16","DC",1994,2026,138.57037037037,69.0545816160321,387.6,2023-07-16,180.7,536.9,2022-10-23,NA
"1032731","ESTEVAN+POINT+CS","07-17","DC",1994,2026,140.562962962963,67.3845802273907,366.1,2023-07-17,175.2,536.9,2022-10-23,NA
"1032731","ESTEVAN+POINT+CS","07-18","DC",1994,2026,146.414814814815,67.804071262514,374.1,2023-07-18,181.6,536.9,2022-10-23,NA
"1032731","ESTEVAN+POINT+CS","07-19","DC",1994,2026,148.725925925926,69.1561643761789,381,2023-07-19,188.5,536.9,2022-10-23,NA
"1032731","ESTEVAN+POINT+CS","07-20","DC",1994,2026,151.62962962963,70.4558771628076,389.9,2023-07-20,195.6,536.9,2022-10-23,NA
"1032731","ESTEVAN+POINT+CS","07-21","DC",1994,2026,155.096296296296,74.0199322505119,397.9,2023-07-21,202.9,536.9,2022-10-23,NA
"1032731","ESTEVAN+POINT+CS","07-22","DC",1994,2026,158.466666666667,76.8087485001145,375.7,2023-07-22,212.6,536.9,2022-10-23,NA
"1032731","ESTEVAN+POINT+CS","07-23","DC",1994,2026,164.059259259259,77.5733065670008,383.4,2023-07-23,219.6,536.9,2022-10-23,NA
"1032731","ESTEVAN+POINT+CS","07-24","DC",1994,2026,170.166666666667,75.9018141062214,369.9,2015-07-24,226.4,536.9,2022-10-23,NA
"1032731","ESTEVAN+POINT+CS","07-25","DC",1994,2026,171.603703703704,71.5502108876185,376.6,2015-07-25,232.8,536.9,2022-10-23,NA
"1032731","ESTEVAN+POINT+CS","07-26","DC",1994,2026,174.688888888889,72.6385166599931,383.5,2015-07-26,180,536.9,2022-10-23,NA
"1032731","ESTEVAN+POINT+CS","07-27","DC",1994,2026,175.451851851852,78.2118148185297,390.5,2015-07-27,186.3,536.9,2022-10-23,NA
"1032731","ESTEVAN+POINT+CS","07-28","DC",1994,2026,181.955555555556,78.721457994107,397.5,2015-07-28,105.8,536.9,2022-10-23,NA
"1032731","ESTEVAN+POINT+CS","07-29","DC",1994,2026,186.114814814815,79.5100511483815,404.3,2015-07-29,112.4,536.9,2022-10-23,NA
"1032731","ESTEVAN+POINT+CS","07-30","DC",1994,2026,192.025925925926,79.7818978532801,411.5,2015-07-30,118.8,536.9,2022-10-23,NA
"1032731","ESTEVAN+POINT+CS","07-31","DC",1994,2026,194.292592592593,83.3269414642658,418.4,2015-07-31,103.4,536.9,2022-10-23,NA
"1032731","ESTEVAN+POINT+CS","08-01","DC",1994,2026,194.111111111111,87.3152746058053,424.6,2015-08-01,33.2,536.9,2022-10-23,NA
"1032731","ESTEVAN+POINT+CS","08-02","DC",1994,2026,195.944444444444,90.1643940184702,430.7,2015-08-02,34.4,536.9,2022-10-23,NA
"1032731","ESTEVAN+POINT+CS","08-03","DC",1994,2026,200.818518518518,90.1476610773724,437,2015-08-03,40.6,536.9,2022-10-23,NA
"1032731","ESTEVAN+POINT+CS","08-04","DC",1994,2026,206.966666666667,90.0516134054414,442.9,2015-08-04,46.8,536.9,2022-10-23,NA
"1032731","ESTEVAN+POINT+CS","08-05","DC",1994,2026,212.922222222222,89.9349522767741,448.4,2015-08-05,53.1,536.9,2022-10-23,NA
"1032731","ESTEVAN+POINT+CS","08-06","DC",1994,2026,216.796296296296,90.2782215899676,454.2,2015-08-06,58.9,536.9,2022-10-23,NA
"1032731","ESTEVAN+POINT+CS","08-07","DC",1994,2026,218.514814814815,87.6007977822107,460,2015-08-07,64.9,536.9,2022-10-23,NA
"1032731","ESTEVAN+POINT+CS","08-08","DC",1994,2026,220.096296296296,82.2846676132104,423.4,2015-08-08,NA,536.9,2022-10-23,NA
"1032731","ESTEVAN+POINT+CS","08-09","DC",1994,2026,221.566666666667,81.3311370027116,386.4,2015-08-09,NA,536.9,2022-10-23,NA
"1032731","ESTEVAN+POINT+CS","08-10","DC",1994,2026,224.392592592593,81.03822899351,392.5,2015-08-10,NA,536.9,2022-10-23,NA
"1032731","ESTEVAN+POINT+CS","08-11","DC",1994,2026,228.851851851852,81.1194815374228,398.8,2015-08-11,NA,536.9,2022-10-23,NA
"1032731","ESTEVAN+POINT+CS","08-12","DC",1994,2026,230.207407407407,84.8098457905681,405.1,2015-08-12,NA,536.9,2022-10-23,NA
"1032731","ESTEVAN+POINT+CS","08-13","DC",1994,2026,232.544444444444,85.085279994808,411.2,2015-08-13,NA,536.9,2022-10-23,NA
"1032731","ESTEVAN+POINT+CS","08-14","DC",1994,2026,236.437037037037,84.8686639105395,417,2015-08-14,NA,536.9,2022-10-23,NA
"1032731","ESTEVAN+POINT+CS","08-15","DC",1994,2026,238.559259259259,84.647282928175,423.2,2015-08-15,NA,536.9,2022-10-23,NA
"1032731","ESTEVAN+POINT+CS","08-16","DC",1994,2026,243.892592592593,84.9782095414236,429.3,2015-08-16,NA,536.9,2022-10-23,NA
"1032731","ESTEVAN+POINT+CS","08-17","DC",1994,2026,244.140740740741,93.4698563472954,435.4,2015-08-17,NA,536.9,2022-10-23,NA
"1032731","ESTEVAN+POINT+CS","08-18","DC",1994,2026,247.177777777778,94.5398789820926,442.1,2015-08-18,NA,536.9,2022-10-23,NA
"1032731","ESTEVAN+POINT+CS","08-19","DC",1994,2026,253.073076923077,95.003134928032,448.2,2015-08-19,NA,536.9,2022-10-23,NA
"1032731","ESTEVAN+POINT+CS","08-20","DC",1994,2026,250.6,102.134201911015,454.1,2015-08-20,NA,536.9,2022-10-23,NA
"1032731","ESTEVAN+POINT+CS","08-21","DC",1994,2026,244.573076923077,112.385050812614,459.9,2015-08-21,NA,536.9,2022-10-23,NA
"1032731","ESTEVAN+POINT+CS","08-22","DC",1994,2026,243.230769230769,115.378811813021,465.9,2015-08-22,NA,536.9,2022-10-23,NA
"1032731","ESTEVAN+POINT+CS","08-23","DC",1994,2026,245.969230769231,117.18264980527,471.9,2015-08-23,NA,536.9,2022-10-23,NA
"1032731","ESTEVAN+POINT+CS","08-24","DC",1994,2026,247.315384615385,123.104322238686,477.7,2015-08-24,NA,536.9,2022-10-23,NA
"1032731","ESTEVAN+POINT+CS","08-25","DC",1994,2026,242.226923076923,129.372765473085,483.6,2015-08-25,NA,536.9,2022-10-23,NA
"1032731","ESTEVAN+POINT+CS","08-26","DC",1994,2026,243.792307692308,132.43400144397,489.7,2015-08-26,NA,536.9,2022-10-23,NA
"1032731","ESTEVAN+POINT+CS","08-27","DC",1994,2026,244.019230769231,134.244558978696,496,2015-08-27,NA,536.9,2022-10-23,NA
"1032731","ESTEVAN+POINT+CS","08-28","DC",1994,2026,245.903846153846,135.107561537522,487.9,2015-08-28,NA,536.9,2022-10-23,NA
"1032731","ESTEVAN+POINT+CS","08-29","DC",1994,2026,236.992307692308,128.391656810174,456.3,2021-08-29,NA,536.9,2022-10-23,NA
"1032731","ESTEVAN+POINT+CS","08-30","DC",1994,2026,224.934615384615,133.825829920259,462,2021-08-30,NA,536.9,2022-10-23,NA
"1032731","ESTEVAN+POINT+CS","08-31","DC",1994,2026,217.796153846154,130.612016233635,467.7,2021-08-31,NA,536.9,2022-10-23,NA
"1032731","ESTEVAN+POINT+CS","09-01","DC",1994,2026,210.015384615385,124.770601320368,471.5,2021-09-01,NA,536.9,2022-10-23,NA
"1032731","ESTEVAN+POINT+CS","09-02","DC",1994,2026,203.773076923077,121.049198453166,476.1,2021-09-02,NA,536.9,2022-10-23,NA
"1032731","ESTEVAN+POINT+CS","09-03","DC",1994,2026,201.830769230769,125.508191825811,480.3,2021-09-03,NA,536.9,2022-10-23,NA
"1032731","ESTEVAN+POINT+CS","09-04","DC",1994,2026,202.634615384615,126.858500518673,458.1,2018-09-04,NA,536.9,2022-10-23,NA
"1032731","ESTEVAN+POINT+CS","09-05","DC",1994,2026,204.592307692308,126.868208541232,462.6,2018-09-05,NA,536.9,2022-10-23,NA
"1032731","ESTEVAN+POINT+CS","09-06","DC",1994,2026,194.665384615385,123.271248691032,467.2,2018-09-06,NA,536.9,2022-10-23,NA
"1032731","ESTEVAN+POINT+CS","09-07","DC",1994,2026,183.473076923077,117.96432192046,466.7,2023-09-07,NA,536.9,2022-10-23,NA
"1032731","ESTEVAN+POINT+CS","09-08","DC",1994,2026,178.253846153846,114.51916601432,471.2,2023-09-08,NA,536.9,2022-10-23,NA
"1032731","ESTEVAN+POINT+CS","09-09","DC",1994,2026,170.869230769231,112.03834975304,476,2023-09-09,NA,536.9,2022-10-23,NA
"1032731","ESTEVAN+POINT+CS","09-10","DC",1994,2026,168.142307692308,112.66891025683,481.2,2023-09-10,NA,536.9,2022-10-23,NA
"1032731","ESTEVAN+POINT+CS","09-11","DC",1994,2026,169.411538461538,111.376551668376,438,2023-09-11,NA,536.9,2022-10-23,NA
"1032731","ESTEVAN+POINT+CS","09-12","DC",1994,2026,163.857692307692,110.517405590529,421.7,2006-09-12,NA,536.9,2022-10-23,NA
"1032731","ESTEVAN+POINT+CS","09-13","DC",1994,2026,163.923076923077,114.26379411762,426,2006-09-13,NA,536.9,2022-10-23,NA
"1032731","ESTEVAN+POINT+CS","09-14","DC",1994,2026,164.361538461538,117.48512442662,430.1,2006-09-14,NA,536.9,2022-10-23,NA
"1032731","ESTEVAN+POINT+CS","09-15","DC",1994,2026,165.380769230769,119.304933742845,434.3,2006-09-15,NA,536.9,2022-10-23,NA
"1032731","ESTEVAN+POINT+CS","09-16","DC",1994,2026,162.011538461538,119.705576568255,438.5,2006-09-16,NA,536.9,2022-10-23,NA
"1032731","ESTEVAN+POINT+CS","09-17","DC",1994,2026,154.507692307692,112.105803321958,443,2022-09-17,NA,536.9,2022-10-23,NA
"1032731","ESTEVAN+POINT+CS","09-18","DC",1994,2026,141.769230769231,113.292766827298,448,2022-09-18,NA,536.9,2022-10-23,NA
"1032731","ESTEVAN+POINT+CS","09-19","DC",1994,2026,132.776923076923,107.595659048838,452.7,2022-09-19,NA,536.9,2022-10-23,NA
"1032731","ESTEVAN+POINT+CS","09-20","DC",1994,2026,126.011538461538,104.054210205731,457.8,2022-09-20,NA,536.9,2022-10-23,NA
"1032731","ESTEVAN+POINT+CS","09-21","DC",1994,2026,117.665384615385,106.311391458518,463.2,2022-09-21,NA,536.9,2022-10-23,NA
"1032731","ESTEVAN+POINT+CS","09-22","DC",1994,2026,115.096153846154,104.282188242362,467.6,2022-09-22,NA,536.9,2022-10-23,NA
"1032731","ESTEVAN+POINT+CS","09-23","DC",1994,2026,112.1,104.162442367679,449.1,2022-09-23,NA,536.9,2022-10-23,NA
"1032731","ESTEVAN+POINT+CS","09-24","DC",1994,2026,106.961538461538,101.567522671071,453.7,2022-09-24,NA,536.9,2022-10-23,NA
"1032731","ESTEVAN+POINT+CS","09-25","DC",1994,2026,100.757692307692,103.67238078901,458.2,2022-09-25,NA,536.9,2022-10-23,NA
"1032731","ESTEVAN+POINT+CS","09-26","DC",1994,2026,103.142307692308,104.800126614721,462.5,2022-09-26,NA,536.9,2022-10-23,NA
"1032731","ESTEVAN+POINT+CS","09-27","DC",1994,2026,102.938461538462,104.574314540132,466.4,2022-09-27,NA,536.9,2022-10-23,NA
"1032731","ESTEVAN+POINT+CS","09-28","DC",1994,2026,99.5461538461539,93.7120194244868,471.3,2022-09-28,NA,536.9,2022-10-23,NA
"1032731","ESTEVAN+POINT+CS","09-29","DC",1994,2026,89.4692307692308,90.4359829679792,475.8,2022-09-29,NA,536.9,2022-10-23,NA
"1032731","ESTEVAN+POINT+CS","09-30","DC",1994,2026,84.4115384615385,88.0866088661521,481.1,2022-09-30,NA,536.9,2022-10-23,NA
"1032731","ESTEVAN+POINT+CS","10-01","DC",1994,2026,79.6961538461538,79.7676098715223,484.6,2022-10-01,NA,536.9,2022-10-23,NA
"1032731","ESTEVAN+POINT+CS","10-02","DC",1994,2026,76.8076923076923,79.1599389745946,489.4,2022-10-02,NA,536.9,2022-10-23,NA
"1032731","ESTEVAN+POINT+CS","10-03","DC",1994,2026,73.8807692307692,79.7619709848285,494,2022-10-03,NA,536.9,2022-10-23,NA
"1032731","ESTEVAN+POINT+CS","10-04","DC",1994,2026,68.8884615384615,79.4551462243854,497.3,2022-10-04,NA,536.9,2022-10-23,NA
"1032731","ESTEVAN+POINT+CS","10-05","DC",1994,2026,64.9384615384616,77.4948621622005,476.1,2022-10-05,NA,536.9,2022-10-23,NA
"1032731","ESTEVAN+POINT+CS","10-06","DC",1994,2026,64.2615384615385,78.3665136492524,479.5,2022-10-06,NA,536.9,2022-10-23,NA
"1032731","ESTEVAN+POINT+CS","10-07","DC",1994,2026,59.7423076923077,79.2854446822463,484.1,2022-10-07,NA,536.9,2022-10-23,NA
"1032731","ESTEVAN+POINT+CS","10-08","DC",1994,2026,54.4038461538462,78.1608980540486,487.1,2022-10-08,NA,536.9,2022-10-23,NA
"1032731","ESTEVAN+POINT+CS","10-09","DC",1994,2026,50.2192307692308,79.4043878849564,491.5,2022-10-09,NA,536.9,2022-10-23,NA
"1032731","ESTEVAN+POINT+CS","10-10","DC",1994,2026,49.1384615384615,78.0099689881906,494.7,2022-10-10,NA,536.9,2022-10-23,NA
"1032731","ESTEVAN+POINT+CS","10-11","DC",1994,2026,47.8423076923077,77.8816136097702,498.6,2022-10-11,NA,536.9,2022-10-23,NA
"1032731","ESTEVAN+POINT+CS","10-12","DC",1994,2026,40.5576923076923,69.9015546212067,502,2022-10-12,NA,536.9,2022-10-23,NA
"1032731","ESTEVAN+POINT+CS","10-13","DC",1994,2026,36.8884615384615,60.9593262884233,505.3,2022-10-13,NA,536.9,2022-10-23,NA
"1032731","ESTEVAN+POINT+CS","10-14","DC",1994,2026,31.3384615384615,49.1215722624842,508.9,2022-10-14,NA,536.9,2022-10-23,NA
"1032731","ESTEVAN+POINT+CS","10-15","DC",1994,2026,24.6307692307692,41.6842969880099,512.7,2022-10-15,NA,536.9,2022-10-23,NA
"1032731","ESTEVAN+POINT+CS","10-16","DC",1994,2026,20.3115384615385,41.2394794043094,515.7,2022-10-16,NA,536.9,2022-10-23,NA
"1032731","ESTEVAN+POINT+CS","10-17","DC",1994,2026,21.1192307692308,42.2052889503746,519.1,2022-10-17,NA,536.9,2022-10-23,NA
"1032731","ESTEVAN+POINT+CS","10-18","DC",1994,2026,20.5923076923077,41.9004622702607,522.3,2022-10-18,NA,536.9,2022-10-23,NA
"1032731","ESTEVAN+POINT+CS","10-19","DC",1994,2026,19.1807692307692,36.911797780447,525.5,2022-10-19,NA,536.9,2022-10-23,NA
"1032731","ESTEVAN+POINT+CS","10-20","DC",1994,2026,18.9307692307692,32.5099710148228,528.7,2022-10-20,NA,536.9,2022-10-23,NA
"1032731","ESTEVAN+POINT+CS","10-21","DC",1994,2026,18.4346153846154,33.3099257556386,531.2,2022-10-21,NA,536.9,2022-10-23,NA
"1032731","ESTEVAN+POINT+CS","10-22","DC",1994,2026,17.1692307692308,29.2249587747291,534.3,2022-10-22,NA,536.9,2022-10-23,NA
"1032731","ESTEVAN+POINT+CS","10-23","DC",1994,2026,17.8,29.8099983227105,536.9,2022-10-23,NA,536.9,2022-10-23,NA
"1032731","ESTEVAN+POINT+CS","10-24","DC",1994,2026,16.85,28.2738218145337,436.8,2022-10-24,NA,536.9,2022-10-23,NA
"1032731","ESTEVAN+POINT+CS","10-25","DC",1994,2026,14.3384615384615,25.6129198167343,379.6,2022-10-25,NA,536.9,2022-10-23,NA
"1032731","ESTEVAN+POINT+CS","10-26","DC",1994,2026,14.0038461538462,25.3413571975809,374.6,2022-10-26,NA,536.9,2022-10-23,NA
"1032731","ESTEVAN+POINT+CS","10-27","DC",1994,2026,13.2153846153846,23.7708172734165,277.7,2022-10-27,NA,536.9,2022-10-23,NA
"1032731","ESTEVAN+POINT+CS","10-28","DC",1994,2026,12.9115384615385,24.8327256163809,265.3,2022-10-28,NA,536.9,2022-10-23,NA
"1032731","ESTEVAN+POINT+CS","10-29","DC",1994,2026,13.1692307692308,25.6965020067832,268,2022-10-29,NA,536.9,2022-10-23,NA
"1032731","ESTEVAN+POINT+CS","10-30","DC",1994,2026,14.3884615384615,26.3083306490256,124.4,2002-10-30,NA,536.9,2022-10-23,NA
"1032731","ESTEVAN+POINT+CS","10-31","DC",1994,2026,15.6576923076923,26.9437216891345,127,2002-10-31,NA,536.9,2022-10-23,NA
"1032731","ESTEVAN+POINT+CS","04-01","DMC",1994,2026,3.95882352941177,9.50848692113586,39.8,1994-04-01,0.9,65.8,2023-07-16,NA
"1032731","ESTEVAN+POINT+CS","04-02","DMC",1994,2026,3.78235294117647,7.32728081334727,30.5,1994-04-02,0.7,65.8,2023-07-16,NA
"1032731","ESTEVAN+POINT+CS","04-03","DMC",1994,2026,3.89411764705882,7.37135253771614,31.1,1994-04-03,0,65.8,2023-07-16,NA
"1032731","ESTEVAN+POINT+CS","04-04","DMC",1994,2026,3.64705882352941,7.40600412225267,31.7,1994-04-04,0,65.8,2023-07-16,NA
"1032731","ESTEVAN+POINT+CS","04-05","DMC",1994,2026,2.21176470588235,4.40523585534038,18.9,1994-04-05,0.5,65.8,2023-07-16,NA
"1032731","ESTEVAN+POINT+CS","04-06","DMC",1994,2026,1.41176470588235,2.69974127300682,11.3,1994-04-06,0.8,65.8,2023-07-16,NA
"1032731","ESTEVAN+POINT+CS","04-07","DMC",1994,2026,1.24705882352941,1.72848114216601,6.4,1994-04-07,NA,65.8,2023-07-16,NA
"1032731","ESTEVAN+POINT+CS","04-08","DMC",1994,2026,1.48235294117647,1.37214945164405,5.3,2020-04-08,NA,65.8,2023-07-16,NA
"1032731","ESTEVAN+POINT+CS","04-09","DMC",1994,2026,1.65882352941176,1.68599333611132,6,2020-04-09,NA,65.8,2023-07-16,NA
"1032731","ESTEVAN+POINT+CS","04-10","DMC",1994,2026,1.76666666666667,2.14887111265974,6.4,2020-04-10,NA,65.8,2023-07-16,NA
"1032731","ESTEVAN+POINT+CS","04-11","DMC",1994,2026,2.04444444444444,2.624594584317,7.6,2001-04-11,NA,65.8,2023-07-16,NA
"1032731","ESTEVAN+POINT+CS","04-12","DMC",1994,2026,1.95555555555556,2.63108615957079,8.6,2020-04-12,NA,65.8,2023-07-16,NA
"1032731","ESTEVAN+POINT+CS","04-13","DMC",1994,2026,2.1,2.92775762416945,9.3,2020-04-13,NA,65.8,2023-07-16,NA
"1032731","ESTEVAN+POINT+CS","04-14","DMC",1994,2026,2.31111111111111,3.16281499503377,9.8,2020-04-14,1.8,65.8,2023-07-16,NA
"1032731","ESTEVAN+POINT+CS","04-15","DMC",1994,2026,2.52777777777778,3.07911476116404,10.1,2020-04-15,0.7,65.8,2023-07-16,NA
"1032731","ESTEVAN+POINT+CS","04-16","DMC",1994,2026,2.32222222222222,2.81770777835158,10.5,2020-04-16,1.1,65.8,2023-07-16,NA
"1032731","ESTEVAN+POINT+CS","04-17","DMC",1994,2026,2.22777777777778,2.76443921673213,10.9,2020-04-17,1.7,65.8,2023-07-16,NA
"1032731","ESTEVAN+POINT+CS","04-18","DMC",1994,2026,2.10555555555556,2.86940703491612,11.2,2020-04-18,2.4,65.8,2023-07-16,NA
"1032731","ESTEVAN+POINT+CS","04-19","DMC",1994,2026,1.92777777777778,2.80163934269491,11.7,2020-04-19,1.4,65.8,2023-07-16,NA
"1032731","ESTEVAN+POINT+CS","04-20","DMC",1994,2026,2.15555555555556,2.8642260472374,12.3,2020-04-20,2.1,65.8,2023-07-16,NA
"1032731","ESTEVAN+POINT+CS","04-21","DMC",1994,2026,2.61111111111111,2.98917436739525,12.9,2020-04-21,2.3,65.8,2023-07-16,NA
"1032731","ESTEVAN+POINT+CS","04-22","DMC",1994,2026,2.50555555555556,1.9273487496077,12.6,2021-04-22,3.2,65.8,2023-07-16,NA
"1032731","ESTEVAN+POINT+CS","04-23","DMC",1994,2026,2.83888888888889,2.37713096694038,13.1,2021-04-23,NA,65.8,2023-07-16,NA
"1032731","ESTEVAN+POINT+CS","04-24","DMC",1994,2026,2.71666666666667,2.30351393974255,13.6,2025-04-24,4.1,65.8,2023-07-16,NA
"1032731","ESTEVAN+POINT+CS","04-25","DMC",1994,2026,2.69444444444444,2.17593042228247,14.3,2025-04-25,4.7,65.8,2023-07-16,NA
"1032731","ESTEVAN+POINT+CS","04-26","DMC",1994,2026,2.91111111111111,2.11518011717787,15.1,2025-04-26,5.2,65.8,2023-07-16,NA
"1032731","ESTEVAN+POINT+CS","04-27","DMC",1994,2026,2.69444444444444,2.0313635589172,15.8,2025-04-27,5.8,65.8,2023-07-16,NA
"1032731","ESTEVAN+POINT+CS","04-28","DMC",1994,2026,3.03333333333333,2.0987391172685,6.9,2026-04-28,6.9,65.8,2023-07-16,NA
"1032731","ESTEVAN+POINT+CS","04-29","DMC",1994,2026,3.12222222222222,2.55999897875797,7.8,1999-04-29,7.5,65.8,2023-07-16,NA
"1032731","ESTEVAN+POINT+CS","04-30","DMC",1994,2026,4.00526315789474,2.72243226305093,10.3,2026-04-30,10.3,65.8,2023-07-16,NA
"1032731","ESTEVAN+POINT+CS","05-01","DMC",1994,2026,4.42105263157895,2.93590397726879,11,2026-05-01,11,65.8,2023-07-16,NA
"1032731","ESTEVAN+POINT+CS","05-02","DMC",1994,2026,4.725,3.40183773863481,11.5,2026-05-02,11.5,65.8,2023-07-16,NA
"1032731","ESTEVAN+POINT+CS","05-03","DMC",1994,2026,4.92380952380952,3.61260359877814,12.4,2026-05-03,12.4,65.8,2023-07-16,NA
"1032731","ESTEVAN+POINT+CS","05-04","DMC",1994,2026,4.98571428571429,4.12750356926384,13.3,2019-05-04,12.8,65.8,2023-07-16,NA
"1032731","ESTEVAN+POINT+CS","05-05","DMC",1994,2026,5.21904761904762,4.64366439868549,15.3,2026-05-05,15.3,65.8,2023-07-16,NA
"1032731","ESTEVAN+POINT+CS","05-06","DMC",1994,2026,5.80476190476191,4.92884126245472,15.8,2026-05-06,15.8,65.8,2023-07-16,NA
"1032731","ESTEVAN+POINT+CS","05-07","DMC",1994,2026,6.19047619047619,4.99728974164044,16.6,2026-05-07,16.6,65.8,2023-07-16,NA
"1032731","ESTEVAN+POINT+CS","05-08","DMC",1994,2026,6.63809523809524,5.29494817637304,17.6,2026-05-08,17.6,65.8,2023-07-16,NA
"1032731","ESTEVAN+POINT+CS","05-09","DMC",1994,2026,6.71818181818182,5.32018943125295,18.9,2019-05-09,14,65.8,2023-07-16,NA
"1032731","ESTEVAN+POINT+CS","05-10","DMC",1994,2026,6.87272727272727,5.4832369496391,19.8,2019-05-10,9.6,65.8,2023-07-16,NA
"1032731","ESTEVAN+POINT+CS","05-11","DMC",1994,2026,6.89545454545454,5.3543464562938,20.1,2019-05-11,10.6,65.8,2023-07-16,NA
"1032731","ESTEVAN+POINT+CS","05-12","DMC",1994,2026,6.89090909090909,5.72495864746214,20.8,2019-05-12,12.1,65.8,2023-07-16,NA
"1032731","ESTEVAN+POINT+CS","05-13","DMC",1994,2026,6.86363636363636,6.03423135552061,21.4,2019-05-13,12.9,65.8,2023-07-16,NA
"1032731","ESTEVAN+POINT+CS","05-14","DMC",1994,2026,6.00909090909091,4.91391698002521,21,2016-05-14,7.8,65.8,2023-07-16,NA
"1032731","ESTEVAN+POINT+CS","05-15","DMC",1994,2026,6.14545454545454,5.34938601485542,22.5,2016-05-15,3.4,65.8,2023-07-16,NA
"1032731","ESTEVAN+POINT+CS","05-16","DMC",1994,2026,6.16363636363636,5.64409050031602,23.6,2016-05-16,2.4,65.8,2023-07-16,NA
"1032731","ESTEVAN+POINT+CS","05-17","DMC",1994,2026,6.43913043478261,5.99929837794954,24.3,2016-05-17,3.3,65.8,2023-07-16,NA
"1032731","ESTEVAN+POINT+CS","05-18","DMC",1994,2026,6.80434782608696,6.17557345595382,24,2016-05-18,3.9,65.8,2023-07-16,NA
"1032731","ESTEVAN+POINT+CS","05-19","DMC",1994,2026,7.28695652173913,6.2562190402704,24.8,2016-05-19,4.5,65.8,2023-07-16,NA
"1032731","ESTEVAN+POINT+CS","05-20","DMC",1994,2026,7.59565217391304,6.55809550104224,25.5,2016-05-20,5.5,65.8,2023-07-16,NA
"1032731","ESTEVAN+POINT+CS","05-21","DMC",1994,2026,8.06521739130435,6.69087633176376,25.9,2016-05-21,6.6,65.8,2023-07-16,NA
"1032731","ESTEVAN+POINT+CS","05-22","DMC",1994,2026,8.47826086956522,7.03135552182567,26.8,2016-05-22,9.7,65.8,2023-07-16,NA
"1032731","ESTEVAN+POINT+CS","05-23","DMC",1994,2026,7.97391304347826,6.48986744445835,27.3,2016-05-23,10.5,65.8,2023-07-16,NA
"1032731","ESTEVAN+POINT+CS","05-24","DMC",1994,2026,7.9875,6.80238529136463,28.3,2016-05-24,11.3,65.8,2023-07-16,NA
"1032731","ESTEVAN+POINT+CS","05-25","DMC",1994,2026,8.05416666666667,7.30044544005285,29.4,2016-05-25,4.8,65.8,2023-07-16,NA
"1032731","ESTEVAN+POINT+CS","05-26","DMC",1994,2026,8.45833333333333,7.6607932763643,30.5,2016-05-26,5.6,65.8,2023-07-16,NA
"1032731","ESTEVAN+POINT+CS","05-27","DMC",1994,2026,7.92916666666667,7.2977947334119,31.5,2016-05-27,6.8,65.8,2023-07-16,NA
"1032731","ESTEVAN+POINT+CS","05-28","DMC",1994,2026,6.89583333333333,5.58588898897046,31,2023-05-28,7.4,65.8,2023-07-16,NA
"1032731","ESTEVAN+POINT+CS","05-29","DMC",1994,2026,7.3,5.62442589662862,32,2023-05-29,8.5,65.8,2023-07-16,NA
"1032731","ESTEVAN+POINT+CS","05-30","DMC",1994,2026,7.552,5.88919349317035,33,2023-05-30,9.5,65.8,2023-07-16,NA
"1032731","ESTEVAN+POINT+CS","05-31","DMC",1994,2026,7.092,5.95706303475127,33.8,2023-05-31,10.6,65.8,2023-07-16,NA
"1032731","ESTEVAN+POINT+CS","06-01","DMC",1994,2026,6.732,5.7535293516241,34.8,2023-06-01,11.6,65.8,2023-07-16,NA
"1032731","ESTEVAN+POINT+CS","06-02","DMC",1994,2026,6.36153846153846,5.48183012674249,35.7,2023-06-02,14.1,65.8,2023-07-16,NA
"1032731","ESTEVAN+POINT+CS","06-03","DMC",1994,2026,6.55,5.60679944353283,36.4,2023-06-03,14.6,65.8,2023-07-16,NA
"1032731","ESTEVAN+POINT+CS","06-04","DMC",1994,2026,5.73846153846154,4.91837997093164,37.5,2023-06-04,9,65.8,2023-07-16,NA
"1032731","ESTEVAN+POINT+CS","06-05","DMC",1994,2026,5.55555555555556,4.62221503122386,38.6,2023-06-05,4.5,65.8,2023-07-16,NA
"1032731","ESTEVAN+POINT+CS","06-06","DMC",1994,2026,5.42962962962963,4.50903493126811,39.9,2023-06-06,2.8,65.8,2023-07-16,NA
"1032731","ESTEVAN+POINT+CS","06-07","DMC",1994,2026,5.82592592592593,4.4309742454152,42.4,2023-06-07,3.7,65.8,2023-07-16,NA
"1032731","ESTEVAN+POINT+CS","06-08","DMC",1994,2026,6.27037037037037,4.52614752256391,43.1,2023-06-08,1.7,65.8,2023-07-16,NA
"1032731","ESTEVAN+POINT+CS","06-09","DMC",1994,2026,6.11851851851852,5.15177617145754,43.6,2023-06-09,1.2,65.8,2023-07-16,NA
"1032731","ESTEVAN+POINT+CS","06-10","DMC",1994,2026,5.51851851851852,5.27891575675835,44.4,2023-06-10,2,65.8,2023-07-16,NA
"1032731","ESTEVAN+POINT+CS","06-11","DMC",1994,2026,5.7962962962963,5.43340674272678,45.6,2023-06-11,2.9,65.8,2023-07-16,NA
"1032731","ESTEVAN+POINT+CS","06-12","DMC",1994,2026,5.73703703703704,5.71005510872963,47,2023-06-12,4.3,65.8,2023-07-16,NA
"1032731","ESTEVAN+POINT+CS","06-13","DMC",1994,2026,5.75185185185185,6.14387564792843,48,2023-06-13,5.4,65.8,2023-07-16,NA
"1032731","ESTEVAN+POINT+CS","06-14","DMC",1994,2026,6.01111111111111,6.27831024139294,49,2023-06-14,7,65.8,2023-07-16,NA
"1032731","ESTEVAN+POINT+CS","06-15","DMC",1994,2026,6.10370370370371,6.0790612560646,49.8,2023-06-15,7.9,65.8,2023-07-16,NA
"1032731","ESTEVAN+POINT+CS","06-16","DMC",1994,2026,6.34814814814815,6.22620827756906,25.3,2009-06-16,8.8,65.8,2023-07-16,NA
"1032731","ESTEVAN+POINT+CS","06-17","DMC",1994,2026,5.85185185185185,5.13017996163355,23.9,2023-06-17,10,65.8,2023-07-16,NA
"1032731","ESTEVAN+POINT+CS","06-18","DMC",1994,2026,6.02962962962963,5.18391111738371,24.9,2023-06-18,11.4,65.8,2023-07-16,NA
"1032731","ESTEVAN+POINT+CS","06-19","DMC",1994,2026,5.97407407407408,4.18436582756783,25.5,2023-06-19,12.7,65.8,2023-07-16,NA
"1032731","ESTEVAN+POINT+CS","06-20","DMC",1994,2026,6.18518518518519,4.41202061712385,26,2023-06-20,13.5,65.8,2023-07-16,NA
"1032731","ESTEVAN+POINT+CS","06-21","DMC",1994,2026,6.53333333333333,4.15571895103603,26.7,2023-06-21,17.4,65.8,2023-07-16,NA
"1032731","ESTEVAN+POINT+CS","06-22","DMC",1994,2026,6.95185185185185,4.60278931906181,27.1,2023-06-22,18.2,65.8,2023-07-16,NA
"1032731","ESTEVAN+POINT+CS","06-23","DMC",1994,2026,6.70740740740741,4.79670767906536,28,2023-06-23,24.7,65.8,2023-07-16,NA
"1032731","ESTEVAN+POINT+CS","06-24","DMC",1994,2026,5.37407407407408,3.88078031334625,28.5,2023-06-24,25.3,65.8,2023-07-16,NA
"1032731","ESTEVAN+POINT+CS","06-25","DMC",1994,2026,5.65555555555556,4.10921416156922,29.3,2023-06-25,25.5,65.8,2023-07-16,NA
"1032731","ESTEVAN+POINT+CS","06-26","DMC",1994,2026,5.98518518518518,4.26900309959919,29.6,2023-06-26,11.7,65.8,2023-07-16,NA
"1032731","ESTEVAN+POINT+CS","06-27","DMC",1994,2026,5.86666666666667,4.40393180971452,30.1,2023-06-27,7.9,65.8,2023-07-16,NA
"1032731","ESTEVAN+POINT+CS","06-28","DMC",1994,2026,5.93703703703704,4.83657127027212,30.5,2023-06-28,8.6,65.8,2023-07-16,NA
"1032731","ESTEVAN+POINT+CS","06-29","DMC",1994,2026,6.17777777777778,5.4664243223331,30.9,2023-06-29,9.4,65.8,2023-07-16,NA
"1032731","ESTEVAN+POINT+CS","06-30","DMC",1994,2026,6.14074074074074,5.85387835011044,31.8,2023-06-30,10.4,65.8,2023-07-16,NA
"1032731","ESTEVAN+POINT+CS","07-01","DMC",1994,2026,6.48518518518519,5.96333049069985,32.7,2023-07-01,11.1,65.8,2023-07-16,NA
"1032731","ESTEVAN+POINT+CS","07-02","DMC",1994,2026,7.05555555555555,5.94722516636853,34.1,2023-07-02,4.6,65.8,2023-07-16,NA
"1032731","ESTEVAN+POINT+CS","07-03","DMC",1994,2026,7.67777777777778,6.12638262782893,35.4,2023-07-03,3.6,65.8,2023-07-16,NA
"1032731","ESTEVAN+POINT+CS","07-04","DMC",1994,2026,8.13703703703704,6.1981478715046,36.5,2023-07-04,3.6,65.8,2023-07-16,NA
"1032731","ESTEVAN+POINT+CS","07-05","DMC",1994,2026,8.52222222222222,6.66237041053554,37.8,2023-07-05,4.6,65.8,2023-07-16,NA
"1032731","ESTEVAN+POINT+CS","07-06","DMC",1994,2026,8.68888888888889,6.84826386383571,42.7,2023-07-06,5.4,65.8,2023-07-16,NA
"1032731","ESTEVAN+POINT+CS","07-07","DMC",1994,2026,8.84074074074074,7.11997511119566,46.2,2023-07-07,5.4,65.8,2023-07-16,NA
"1032731","ESTEVAN+POINT+CS","07-08","DMC",1994,2026,8.61851851851852,6.8071250588594,48.9,2023-07-08,3.4,65.8,2023-07-16,NA
"1032731","ESTEVAN+POINT+CS","07-09","DMC",1994,2026,9.08148148148148,6.83053309311816,52.5,2023-07-09,3.4,65.8,2023-07-16,NA
"1032731","ESTEVAN+POINT+CS","07-10","DMC",1994,2026,9.35185185185185,6.71418534896713,53.1,2023-07-10,2.1,65.8,2023-07-16,NA
"1032731","ESTEVAN+POINT+CS","07-11","DMC",1994,2026,9.77037037037037,7.19886822380461,54.2,2023-07-11,2.7,65.8,2023-07-16,NA
"1032731","ESTEVAN+POINT+CS","07-12","DMC",1994,2026,9.26296296296296,7.13610258572283,57.3,2023-07-12,2.9,65.8,2023-07-16,NA
"1032731","ESTEVAN+POINT+CS","07-13","DMC",1994,2026,9.01111111111111,6.75621271545015,58.5,2023-07-13,3.5,65.8,2023-07-16,NA
"1032731","ESTEVAN+POINT+CS","07-14","DMC",1994,2026,9.42222222222222,7.43682797006965,62.5,2023-07-14,4.4,65.8,2023-07-16,NA
"1032731","ESTEVAN+POINT+CS","07-15","DMC",1994,2026,9.8074074074074,7.80669958462335,63.2,2023-07-15,8.1,65.8,2023-07-16,NA
"1032731","ESTEVAN+POINT+CS","07-16","DMC",1994,2026,10.1185185185185,8.17665706739134,65.8,2023-07-16,8.1,65.8,2023-07-16,NA
"1032731","ESTEVAN+POINT+CS","07-17","DMC",1994,2026,10.0962962962963,8.15637935707531,36.6,2023-07-17,4.1,65.8,2023-07-16,NA
"1032731","ESTEVAN+POINT+CS","07-18","DMC",1994,2026,10.6592592592593,8.49154598859085,39.8,2023-07-18,4.5,65.8,2023-07-16,NA
"1032731","ESTEVAN+POINT+CS","07-19","DMC",1994,2026,10.3407407407407,7.53796847041487,40.8,2023-07-19,5.7,65.8,2023-07-16,NA
"1032731","ESTEVAN+POINT+CS","07-20","DMC",1994,2026,10.5185185185185,7.45416956304617,45.2,2023-07-20,6.8,65.8,2023-07-16,NA
"1032731","ESTEVAN+POINT+CS","07-21","DMC",1994,2026,10.662962962963,7.75614635420234,48,2023-07-21,7.9,65.8,2023-07-16,NA
"1032731","ESTEVAN+POINT+CS","07-22","DMC",1994,2026,10.7333333333333,8.13203541556479,28.2,2013-07-22,13.5,65.8,2023-07-16,NA
"1032731","ESTEVAN+POINT+CS","07-23","DMC",1994,2026,11.0666666666667,8.41111901454991,30.7,2023-07-23,14.1,65.8,2023-07-16,NA
"1032731","ESTEVAN+POINT+CS","07-24","DMC",1994,2026,11.5703703703704,8.29452158470206,30.3,2013-07-24,14.5,65.8,2023-07-16,NA
"1032731","ESTEVAN+POINT+CS","07-25","DMC",1994,2026,11.5222222222222,8.25601567778277,31.9,2013-07-25,14.5,65.8,2023-07-16,NA
"1032731","ESTEVAN+POINT+CS","07-26","DMC",1994,2026,11.7888888888889,8.50300097853844,33.3,2013-07-26,6,65.8,2023-07-16,NA
"1032731","ESTEVAN+POINT+CS","07-27","DMC",1994,2026,12.1296296296296,8.64112772264641,35,2013-07-27,6,65.8,2023-07-16,NA
"1032731","ESTEVAN+POINT+CS","07-28","DMC",1994,2026,12.8407407407407,8.75975321303496,35.7,2013-07-28,2.2,65.8,2023-07-16,NA
"1032731","ESTEVAN+POINT+CS","07-29","DMC",1994,2026,13.0555555555556,9.02208117442692,36.3,2013-07-29,3,65.8,2023-07-16,NA
"1032731","ESTEVAN+POINT+CS","07-30","DMC",1994,2026,13.3185185185185,9.52175795974014,36.6,2013-07-30,3.3,65.8,2023-07-16,NA
"1032731","ESTEVAN+POINT+CS","07-31","DMC",1994,2026,13.1925925925926,8.96505720630107,36.8,2013-07-31,1,65.8,2023-07-16,NA
"1032731","ESTEVAN+POINT+CS","08-01","DMC",1994,2026,13.2592592592593,9.27105749752999,37.5,2013-08-01,0.3,65.8,2023-07-16,NA
"1032731","ESTEVAN+POINT+CS","08-02","DMC",1994,2026,13.6037037037037,9.26953162377779,37.8,2013-08-02,0.8,65.8,2023-07-16,NA
"1032731","ESTEVAN+POINT+CS","08-03","DMC",1994,2026,13.5925925925926,9.05151606196128,38.2,2013-08-03,2.2,65.8,2023-07-16,NA
"1032731","ESTEVAN+POINT+CS","08-04","DMC",1994,2026,14.4185185185185,9.04437934414505,38.9,2013-08-04,3.2,65.8,2023-07-16,NA
"1032731","ESTEVAN+POINT+CS","08-05","DMC",1994,2026,15.0518518518519,8.97883710006567,39.5,2013-08-05,4.2,65.8,2023-07-16,NA
"1032731","ESTEVAN+POINT+CS","08-06","DMC",1994,2026,15.1703703703704,9.16921332146182,40,2013-08-06,4.5,65.8,2023-07-16,NA
"1032731","ESTEVAN+POINT+CS","08-07","DMC",1994,2026,14.1592592592593,9.06129805861845,41.2,2013-08-07,4.9,65.8,2023-07-16,NA
"1032731","ESTEVAN+POINT+CS","08-08","DMC",1994,2026,13.1666666666667,9.0759614875272,41.9,2013-08-08,NA,65.8,2023-07-16,NA
"1032731","ESTEVAN+POINT+CS","08-09","DMC",1994,2026,13.0851851851852,9.40861731457284,44.2,2013-08-09,NA,65.8,2023-07-16,NA
"1032731","ESTEVAN+POINT+CS","08-10","DMC",1994,2026,13.2037037037037,9.81680198127685,44.5,2013-08-10,NA,65.8,2023-07-16,NA
"1032731","ESTEVAN+POINT+CS","08-11","DMC",1994,2026,13.3111111111111,9.95464071651367,44.6,2013-08-11,NA,65.8,2023-07-16,NA
"1032731","ESTEVAN+POINT+CS","08-12","DMC",1994,2026,12.5740740740741,8.42393990557646,39.5,2001-08-12,NA,65.8,2023-07-16,NA
"1032731","ESTEVAN+POINT+CS","08-13","DMC",1994,2026,12.8703703703704,8.65220357947192,40.1,2001-08-13,NA,65.8,2023-07-16,NA
"1032731","ESTEVAN+POINT+CS","08-14","DMC",1994,2026,13.2259259259259,9.06076039399447,40.7,2001-08-14,NA,65.8,2023-07-16,NA
"1032731","ESTEVAN+POINT+CS","08-15","DMC",1994,2026,13.0740740740741,9.3230315551819,41.1,2001-08-15,NA,65.8,2023-07-16,NA
"1032731","ESTEVAN+POINT+CS","08-16","DMC",1994,2026,13.3074074074074,9.59017630085503,41.7,2001-08-16,NA,65.8,2023-07-16,NA
"1032731","ESTEVAN+POINT+CS","08-17","DMC",1994,2026,12.5666666666667,9.49595055395072,38.4,2021-08-17,NA,65.8,2023-07-16,NA
"1032731","ESTEVAN+POINT+CS","08-18","DMC",1994,2026,12.4740740740741,9.99771483861697,40.7,2021-08-18,NA,65.8,2023-07-16,NA
"1032731","ESTEVAN+POINT+CS","08-19","DMC",1994,2026,13.1,10.3349117074119,43.3,2021-08-19,NA,65.8,2023-07-16,NA
"1032731","ESTEVAN+POINT+CS","08-20","DMC",1994,2026,12.3961538461538,10.2158105217053,43.9,2021-08-20,NA,65.8,2023-07-16,NA
"1032731","ESTEVAN+POINT+CS","08-21","DMC",1994,2026,11.6769230769231,10.6857403184733,44.1,2021-08-21,NA,65.8,2023-07-16,NA
"1032731","ESTEVAN+POINT+CS","08-22","DMC",1994,2026,11.5846153846154,10.9193293679673,44.9,2021-08-22,NA,65.8,2023-07-16,NA
"1032731","ESTEVAN+POINT+CS","08-23","DMC",1994,2026,11.6576923076923,11.1010332159461,45.7,2021-08-23,NA,65.8,2023-07-16,NA
"1032731","ESTEVAN+POINT+CS","08-24","DMC",1994,2026,11.8576923076923,11.3357901560296,46.1,2021-08-24,NA,65.8,2023-07-16,NA
"1032731","ESTEVAN+POINT+CS","08-25","DMC",1994,2026,11.6115384615385,11.3650456021286,46.2,2021-08-25,NA,65.8,2023-07-16,NA
"1032731","ESTEVAN+POINT+CS","08-26","DMC",1994,2026,12.0961538461538,11.5230718393745,46,2023-08-26,NA,65.8,2023-07-16,NA
"1032731","ESTEVAN+POINT+CS","08-27","DMC",1994,2026,11.7615384615385,11.7120135561082,46.4,2023-08-27,NA,65.8,2023-07-16,NA
"1032731","ESTEVAN+POINT+CS","08-28","DMC",1994,2026,11.4230769230769,12.001976760261,46.6,2023-08-28,NA,65.8,2023-07-16,NA
"1032731","ESTEVAN+POINT+CS","08-29","DMC",1994,2026,10.5538461538462,12.2506238459674,47.3,2023-08-29,NA,65.8,2023-07-16,NA
"1032731","ESTEVAN+POINT+CS","08-30","DMC",1994,2026,9.87307692307692,12.3694642630086,47.6,2023-08-30,NA,65.8,2023-07-16,NA
"1032731","ESTEVAN+POINT+CS","08-31","DMC",1994,2026,9.77307692307692,12.5862959664012,46.9,2022-08-31,NA,65.8,2023-07-16,NA
"1032731","ESTEVAN+POINT+CS","09-01","DMC",1994,2026,8.73461538461539,10.7236166402084,47.4,2022-09-01,NA,65.8,2023-07-16,NA
"1032731","ESTEVAN+POINT+CS","09-02","DMC",1994,2026,7.37692307692308,8.99543473956907,49.6,2022-09-02,NA,65.8,2023-07-16,NA
"1032731","ESTEVAN+POINT+CS","09-03","DMC",1994,2026,7.55384615384615,9.22454251523536,49.7,2022-09-03,NA,65.8,2023-07-16,NA
"1032731","ESTEVAN+POINT+CS","09-04","DMC",1994,2026,7.83846153846154,9.48472780518564,38.3,2023-09-04,NA,65.8,2023-07-16,NA
"1032731","ESTEVAN+POINT+CS","09-05","DMC",1994,2026,8.10384615384615,9.62818698485777,38.7,2023-09-05,NA,65.8,2023-07-16,NA
"1032731","ESTEVAN+POINT+CS","09-06","DMC",1994,2026,7.72692307692308,9.56458290537785,39.4,2023-09-06,NA,65.8,2023-07-16,NA
"1032731","ESTEVAN+POINT+CS","09-07","DMC",1994,2026,6.93846153846154,7.82928231311539,39.6,2023-09-07,NA,65.8,2023-07-16,NA
"1032731","ESTEVAN+POINT+CS","09-08","DMC",1994,2026,5.97692307692308,5.41370909394346,40.2,2023-09-08,NA,65.8,2023-07-16,NA
"1032731","ESTEVAN+POINT+CS","09-09","DMC",1994,2026,5.72692307692308,5.25170887938832,41.2,2023-09-09,NA,65.8,2023-07-16,NA
"1032731","ESTEVAN+POINT+CS","09-10","DMC",1994,2026,5.75769230769231,5.25244119067872,42.7,2023-09-10,NA,65.8,2023-07-16,NA
"1032731","ESTEVAN+POINT+CS","09-11","DMC",1994,2026,6.13846153846154,5.60186232769617,31.3,2022-09-11,NA,65.8,2023-07-16,NA
"1032731","ESTEVAN+POINT+CS","09-12","DMC",1994,2026,6.34615384615385,5.99234383320789,31.8,2022-09-12,NA,65.8,2023-07-16,NA
"1032731","ESTEVAN+POINT+CS","09-13","DMC",1994,2026,6.71538461538461,6.50782251188167,32.3,2022-09-13,NA,65.8,2023-07-16,NA
"1032731","ESTEVAN+POINT+CS","09-14","DMC",1994,2026,7.03461538461538,6.96740653659264,32.7,2022-09-14,NA,65.8,2023-07-16,NA
"1032731","ESTEVAN+POINT+CS","09-15","DMC",1994,2026,6.72307692307692,6.94160256380659,34.1,2022-09-15,NA,65.8,2023-07-16,NA
"1032731","ESTEVAN+POINT+CS","09-16","DMC",1994,2026,6.62692307692308,7.16287973889316,34.8,2022-09-16,NA,65.8,2023-07-16,NA
"1032731","ESTEVAN+POINT+CS","09-17","DMC",1994,2026,5.66538461538462,6.68233146784517,36.4,2022-09-17,NA,65.8,2023-07-16,NA
"1032731","ESTEVAN+POINT+CS","09-18","DMC",1994,2026,5.23076923076923,7.24412971892521,37.5,2022-09-18,NA,65.8,2023-07-16,NA
"1032731","ESTEVAN+POINT+CS","09-19","DMC",1994,2026,4.69615384615385,6.78347879891908,38.6,2022-09-19,NA,65.8,2023-07-16,NA
"1032731","ESTEVAN+POINT+CS","09-20","DMC",1994,2026,4.46153846153846,6.63391751067659,40.1,2022-09-20,NA,65.8,2023-07-16,NA
"1032731","ESTEVAN+POINT+CS","09-21","DMC",1994,2026,4.53076923076923,6.67681176794849,42.5,2022-09-21,NA,65.8,2023-07-16,NA
"1032731","ESTEVAN+POINT+CS","09-22","DMC",1994,2026,4.57692307692308,6.94407993573275,42.9,2022-09-22,NA,65.8,2023-07-16,NA
"1032731","ESTEVAN+POINT+CS","09-23","DMC",1994,2026,4.75769230769231,7.16101518372489,32.4,2012-09-23,NA,65.8,2023-07-16,NA
"1032731","ESTEVAN+POINT+CS","09-24","DMC",1994,2026,4.85384615384615,7.09778730418041,33.6,2012-09-24,NA,65.8,2023-07-16,NA
"1032731","ESTEVAN+POINT+CS","09-25","DMC",1994,2026,4.78461538461538,7.13165856208455,33.8,2012-09-25,NA,65.8,2023-07-16,NA
"1032731","ESTEVAN+POINT+CS","09-26","DMC",1994,2026,4.99615384615385,7.29364001136501,34.1,2012-09-26,NA,65.8,2023-07-16,NA
"1032731","ESTEVAN+POINT+CS","09-27","DMC",1994,2026,5.19615384615385,7.42533397332299,34.4,2012-09-27,NA,65.8,2023-07-16,NA
"1032731","ESTEVAN+POINT+CS","09-28","DMC",1994,2026,4.12692307692308,4.28929436549255,25.3,2022-09-28,NA,65.8,2023-07-16,NA
"1032731","ESTEVAN+POINT+CS","09-29","DMC",1994,2026,4.02307692307692,4.37175550023628,25.8,2022-09-29,NA,65.8,2023-07-16,NA
"1032731","ESTEVAN+POINT+CS","09-30","DMC",1994,2026,4.03076923076923,4.42987758122224,27.2,2022-09-30,NA,65.8,2023-07-16,NA
"1032731","ESTEVAN+POINT+CS","10-01","DMC",1994,2026,3.75,4.18905717315961,27.6,2022-10-01,NA,65.8,2023-07-16,NA
"1032731","ESTEVAN+POINT+CS","10-02","DMC",1994,2026,3.48461538461539,4.08046000423406,29.6,2022-10-02,NA,65.8,2023-07-16,NA
"1032731","ESTEVAN+POINT+CS","10-03","DMC",1994,2026,3.40384615384615,4.33271100067667,31.1,2022-10-03,NA,65.8,2023-07-16,NA
"1032731","ESTEVAN+POINT+CS","10-04","DMC",1994,2026,3.45384615384615,4.77671274156031,31.3,2022-10-04,NA,65.8,2023-07-16,NA
"1032731","ESTEVAN+POINT+CS","10-05","DMC",1994,2026,3.48461538461538,5.15772758549284,23.1,2001-10-05,NA,65.8,2023-07-16,NA
"1032731","ESTEVAN+POINT+CS","10-06","DMC",1994,2026,3.53846153846154,5.49880546468608,23.9,2001-10-06,NA,65.8,2023-07-16,NA
"1032731","ESTEVAN+POINT+CS","10-07","DMC",1994,2026,3.11923076923077,5.45402744626532,24,2001-10-07,NA,65.8,2023-07-16,NA
"1032731","ESTEVAN+POINT+CS","10-08","DMC",1994,2026,2.42692307692308,4.10039585331053,21.4,2022-10-08,NA,65.8,2023-07-16,NA
"1032731","ESTEVAN+POINT+CS","10-09","DMC",1994,2026,2.35769230769231,4.10591505775978,22.9,2022-10-09,NA,65.8,2023-07-16,NA
"1032731","ESTEVAN+POINT+CS","10-10","DMC",1994,2026,2.16153846153846,3.16519533970046,23.5,2022-10-10,NA,65.8,2023-07-16,NA
"1032731","ESTEVAN+POINT+CS","10-11","DMC",1994,2026,2.27692307692308,3.01811963875625,25.1,2022-10-11,NA,65.8,2023-07-16,NA
"1032731","ESTEVAN+POINT+CS","10-12","DMC",1994,2026,1.76538461538462,2.15776593868609,25.8,2022-10-12,NA,65.8,2023-07-16,NA
"1032731","ESTEVAN+POINT+CS","10-13","DMC",1994,2026,1.4,1.64657219702022,26.1,2022-10-13,NA,65.8,2023-07-16,NA
"1032731","ESTEVAN+POINT+CS","10-14","DMC",1994,2026,1.38076923076923,1.81130212405755,26.6,2022-10-14,NA,65.8,2023-07-16,NA
"1032731","ESTEVAN+POINT+CS","10-15","DMC",1994,2026,1.11153846153846,1.34412110260257,27.3,2022-10-15,NA,65.8,2023-07-16,NA
"1032731","ESTEVAN+POINT+CS","10-16","DMC",1994,2026,1.02692307692308,1.51487496310625,27.4,2022-10-16,NA,65.8,2023-07-16,NA
"1032731","ESTEVAN+POINT+CS","10-17","DMC",1994,2026,1.13076923076923,1.72319917148755,27.9,2022-10-17,NA,65.8,2023-07-16,NA
"1032731","ESTEVAN+POINT+CS","10-18","DMC",1994,2026,0.965384615384615,1.43776000992998,28.1,2022-10-18,NA,65.8,2023-07-16,NA
"1032731","ESTEVAN+POINT+CS","10-19","DMC",1994,2026,0.876923076923077,1.37907438299975,28.3,2022-10-19,NA,65.8,2023-07-16,NA
"1032731","ESTEVAN+POINT+CS","10-20","DMC",1994,2026,0.903846153846154,1.46655535708156,28.8,2022-10-20,NA,65.8,2023-07-16,NA
"1032731","ESTEVAN+POINT+CS","10-21","DMC",1994,2026,0.9,1.53805071437843,29.1,2022-10-21,NA,65.8,2023-07-16,NA
"1032731","ESTEVAN+POINT+CS","10-22","DMC",1994,2026,0.896153846153846,1.65710126889838,30,2022-10-22,NA,65.8,2023-07-16,NA
"1032731","ESTEVAN+POINT+CS","10-23","DMC",1994,2026,1.03846153846154,1.76206172946964,30.4,2022-10-23,NA,65.8,2023-07-16,NA
"1032731","ESTEVAN+POINT+CS","10-24","DMC",1994,2026,0.807692307692308,1.39568566000316,11.8,2022-10-24,NA,65.8,2023-07-16,NA
"1032731","ESTEVAN+POINT+CS","10-25","DMC",1994,2026,0.753846153846154,1.30544422147582,6.3,2013-10-25,NA,65.8,2023-07-16,NA
"1032731","ESTEVAN+POINT+CS","10-26","DMC",1994,2026,0.938461538461539,1.45714156431746,6.8,2013-10-26,NA,65.8,2023-07-16,NA
"1032731","ESTEVAN+POINT+CS","10-27","DMC",1994,2026,1.00384615384615,1.60286762253925,7.9,2013-10-27,NA,65.8,2023-07-16,NA
"1032731","ESTEVAN+POINT+CS","10-28","DMC",1994,2026,0.946153846153846,1.94324075075237,9.4,2013-10-28,NA,65.8,2023-07-16,NA
"1032731","ESTEVAN+POINT+CS","10-29","DMC",1994,2026,1.14230769230769,2.12003265577171,10.3,2013-10-29,NA,65.8,2023-07-16,NA
"1032731","ESTEVAN+POINT+CS","10-30","DMC",1994,2026,1.36923076923077,2.21282972336675,10.6,2013-10-30,NA,65.8,2023-07-16,NA
"1032731","ESTEVAN+POINT+CS","10-31","DMC",1994,2026,1.50384615384615,1.91300408138211,8.6,2013-10-31,NA,65.8,2023-07-16,NA
"1032731","ESTEVAN+POINT+CS","04-01","FFMC",1994,2026,47.9823529411765,23.7319203630395,82.3,2013-04-01,37,94.1,2021-08-12,NA
"1032731","ESTEVAN+POINT+CS","04-02","FFMC",1994,2026,50.2764705882353,26.5861225409932,84.6,2019-04-02,49,94.1,2021-08-12,NA
"1032731","ESTEVAN+POINT+CS","04-03","FFMC",1994,2026,53.6411764705882,23.457782792272,81.1,2013-04-03,20.7,94.1,2021-08-12,NA
"1032731","ESTEVAN+POINT+CS","04-04","FFMC",1994,2026,49.8529411764706,23.198144258945,82.9,2001-04-04,11,94.1,2021-08-12,NA
"1032731","ESTEVAN+POINT+CS","04-05","FFMC",1994,2026,36.5941176470588,22.5923789857397,82.4,2020-04-05,38.1,94.1,2021-08-12,NA
"1032731","ESTEVAN+POINT+CS","04-06","FFMC",1994,2026,33.9176470588235,21.5455109969025,83.7,2020-04-06,58.2,94.1,2021-08-12,NA
"1032731","ESTEVAN+POINT+CS","04-07","FFMC",1994,2026,36.9352941176471,22.5022760286729,84.1,2020-04-07,NA,94.1,2021-08-12,NA
"1032731","ESTEVAN+POINT+CS","04-08","FFMC",1994,2026,46.7705882352941,24.7175232554225,84.1,2020-04-08,NA,94.1,2021-08-12,NA
"1032731","ESTEVAN+POINT+CS","04-09","FFMC",1994,2026,50.1470588235294,21.3569109905628,84.1,2020-04-09,NA,94.1,2021-08-12,NA
"1032731","ESTEVAN+POINT+CS","04-10","FFMC",1994,2026,45.6722222222222,27.7974777856163,85.1,2001-04-10,NA,94.1,2021-08-12,NA
"1032731","ESTEVAN+POINT+CS","04-11","FFMC",1994,2026,47.2777777777778,29.8208287957488,87.8,2001-04-11,NA,94.1,2021-08-12,NA
"1032731","ESTEVAN+POINT+CS","04-12","FFMC",1994,2026,45.3944444444444,24.6228127657409,85.6,2020-04-12,NA,94.1,2021-08-12,NA
"1032731","ESTEVAN+POINT+CS","04-13","FFMC",1994,2026,45.8833333333333,25.6039346700509,84.5,2020-04-13,NA,94.1,2021-08-12,NA
"1032731","ESTEVAN+POINT+CS","04-14","FFMC",1994,2026,46.7,26.2503781485368,83.1,2021-04-14,16.1,94.1,2021-08-12,NA
"1032731","ESTEVAN+POINT+CS","04-15","FFMC",1994,2026,49.1333333333333,25.7124140308552,85.6,2001-04-15,28.9,94.1,2021-08-12,NA
"1032731","ESTEVAN+POINT+CS","04-16","FFMC",1994,2026,46.5333333333333,26.8550356763209,84.7,1999-04-16,56.6,94.1,2021-08-12,NA
"1032731","ESTEVAN+POINT+CS","04-17","FFMC",1994,2026,48.6611111111111,22.7393967245988,86.9,2021-04-17,65.7,94.1,2021-08-12,NA
"1032731","ESTEVAN+POINT+CS","04-18","FFMC",1994,2026,46.3055555555556,23.8660593908939,86.9,2021-04-18,75.3,94.1,2021-08-12,NA
"1032731","ESTEVAN+POINT+CS","04-19","FFMC",1994,2026,42.9444444444444,24.5880464076305,83.2,2025-04-19,50.6,94.1,2021-08-12,NA
"1032731","ESTEVAN+POINT+CS","04-20","FFMC",1994,2026,47.7055555555556,25.1254141838199,83.2,2025-04-20,68,94.1,2021-08-12,NA
"1032731","ESTEVAN+POINT+CS","04-21","FFMC",1994,2026,58.7222222222222,20.5905619600356,83.6,2025-04-21,69.9,94.1,2021-08-12,NA
"1032731","ESTEVAN+POINT+CS","04-22","FFMC",1994,2026,58.3944444444444,20.1207376844717,83.8,2025-04-22,78.6,94.1,2021-08-12,NA
"1032731","ESTEVAN+POINT+CS","04-23","FFMC",1994,2026,59.5666666666667,19.6442178291132,87.5,2011-04-23,NA,94.1,2021-08-12,NA
"1032731","ESTEVAN+POINT+CS","04-24","FFMC",1994,2026,55.5111111111111,23.0762900700848,84.9,2013-04-24,79.4,94.1,2021-08-12,NA
"1032731","ESTEVAN+POINT+CS","04-25","FFMC",1994,2026,54.4777777777778,25.7718395233693,83.5,2006-04-25,79.9,94.1,2021-08-12,NA
"1032731","ESTEVAN+POINT+CS","04-26","FFMC",1994,2026,56.4166666666667,23.9897343241057,87.1,2018-04-26,80,94.1,2021-08-12,NA
"1032731","ESTEVAN+POINT+CS","04-27","FFMC",1994,2026,52.1222222222222,26.1948480690283,82.5,2018-04-27,80.6,94.1,2021-08-12,NA
"1032731","ESTEVAN+POINT+CS","04-28","FFMC",1994,2026,56.9111111111111,22.6849493740801,84,1999-04-28,83.2,94.1,2021-08-12,NA
"1032731","ESTEVAN+POINT+CS","04-29","FFMC",1994,2026,59.5388888888889,20.556153762714,85.5,1999-04-29,82.6,94.1,2021-08-12,NA
"1032731","ESTEVAN+POINT+CS","04-30","FFMC",1994,2026,65.8473684210526,22.614778069539,87.2,2026-04-30,87.2,94.1,2021-08-12,NA
"1032731","ESTEVAN+POINT+CS","05-01","FFMC",1994,2026,68.3684210526316,19.7179853780355,86.6,2014-05-01,83.5,94.1,2021-08-12,NA
"1032731","ESTEVAN+POINT+CS","05-02","FFMC",1994,2026,62.13,25.1589703579794,85.4,2016-05-02,81.7,94.1,2021-08-12,NA
"1032731","ESTEVAN+POINT+CS","05-03","FFMC",1994,2026,62.1714285714286,24.2872835627442,85.4,2006-05-03,81.9,94.1,2021-08-12,NA
"1032731","ESTEVAN+POINT+CS","05-04","FFMC",1994,2026,59.7095238095238,23.4717256451652,87.8,2006-05-04,80.9,94.1,2021-08-12,NA
"1032731","ESTEVAN+POINT+CS","05-05","FFMC",1994,2026,61.1047619047619,21.7456082046577,87.4,2013-05-05,85.1,94.1,2021-08-12,NA
"1032731","ESTEVAN+POINT+CS","05-06","FFMC",1994,2026,62.8476190476191,23.9288658119774,87.5,2013-05-06,84.1,94.1,2021-08-12,NA
"1032731","ESTEVAN+POINT+CS","05-07","FFMC",1994,2026,65.5333333333333,23.2570921082867,83.8,2019-05-07,83.5,94.1,2021-08-12,NA
"1032731","ESTEVAN+POINT+CS","05-08","FFMC",1994,2026,68.6809523809524,16.9429518988758,85,2023-05-08,83.5,94.1,2021-08-12,NA
"1032731","ESTEVAN+POINT+CS","05-09","FFMC",1994,2026,68.1181818181818,20.4404509400364,85.5,1996-05-09,59.9,94.1,2021-08-12,NA
"1032731","ESTEVAN+POINT+CS","05-10","FFMC",1994,2026,67.5181818181818,21.0061586516598,88.3,2020-05-10,39.3,94.1,2021-08-12,NA
"1032731","ESTEVAN+POINT+CS","05-11","FFMC",1994,2026,65.7818181818182,22.3651863046467,85.8,1997-05-11,65,94.1,2021-08-12,NA
"1032731","ESTEVAN+POINT+CS","05-12","FFMC",1994,2026,64.2090909090909,24.7448101165806,83.7,2007-05-12,76.1,94.1,2021-08-12,NA
"1032731","ESTEVAN+POINT+CS","05-13","FFMC",1994,2026,64.2863636363636,23.1875437713266,89.4,2016-05-13,79.5,94.1,2021-08-12,NA
"1032731","ESTEVAN+POINT+CS","05-14","FFMC",1994,2026,60.5409090909091,22.6785121518126,85.7,2023-05-14,41.4,94.1,2021-08-12,NA
"1032731","ESTEVAN+POINT+CS","05-15","FFMC",1994,2026,61.6454545454546,26.2982477647815,93.3,2023-05-15,20.4,94.1,2021-08-12,NA
"1032731","ESTEVAN+POINT+CS","05-16","FFMC",1994,2026,60.4818181818182,23.3924822348597,84.7,2018-05-16,47.1,94.1,2021-08-12,NA
"1032731","ESTEVAN+POINT+CS","05-17","FFMC",1994,2026,62.6478260869565,23.0654379294535,87.5,2018-05-17,63.4,94.1,2021-08-12,NA
"1032731","ESTEVAN+POINT+CS","05-18","FFMC",1994,2026,64.7565217391304,21.9501672407577,84.7,1997-05-18,71.1,94.1,2021-08-12,NA
"1032731","ESTEVAN+POINT+CS","05-19","FFMC",1994,2026,68.2043478260869,17.9565252323208,84.5,1997-05-19,67.4,94.1,2021-08-12,NA
"1032731","ESTEVAN+POINT+CS","05-20","FFMC",1994,2026,66.8,21.1902421797478,85.7,2023-05-20,75.9,94.1,2021-08-12,NA
"1032731","ESTEVAN+POINT+CS","05-21","FFMC",1994,2026,68.304347826087,19.7718458755894,85.8,1995-05-21,80.2,94.1,2021-08-12,NA
"1032731","ESTEVAN+POINT+CS","05-22","FFMC",1994,2026,68,20.8450560957836,86.4,2026-05-22,86.4,94.1,2021-08-12,NA
"1032731","ESTEVAN+POINT+CS","05-23","FFMC",1994,2026,63.4739130434783,25.2040079314834,84.1,1995-05-23,83.8,94.1,2021-08-12,NA
"1032731","ESTEVAN+POINT+CS","05-24","FFMC",1994,2026,65.1041666666667,24.4925450799372,85,2008-05-24,83.4,94.1,2021-08-12,NA
"1032731","ESTEVAN+POINT+CS","05-25","FFMC",1994,2026,64.3125,23.8134472880163,84.2,1999-05-25,22,94.1,2021-08-12,NA
"1032731","ESTEVAN+POINT+CS","05-26","FFMC",1994,2026,66.9666666666667,21.6472644454447,84.7,2005-05-26,54.8,94.1,2021-08-12,NA
"1032731","ESTEVAN+POINT+CS","05-27","FFMC",1994,2026,62.3,20.015146438548,84.7,2005-05-27,74.5,94.1,2021-08-12,NA
"1032731","ESTEVAN+POINT+CS","05-28","FFMC",1994,2026,57.4791666666667,25.4656115808831,83.9,1999-05-28,78,94.1,2021-08-12,NA
"1032731","ESTEVAN+POINT+CS","05-29","FFMC",1994,2026,65.892,20.2482493070389,85.8,2017-05-29,82.1,94.1,2021-08-12,NA
"1032731","ESTEVAN+POINT+CS","05-30","FFMC",1994,2026,66.564,22.736587254907,85,2024-05-30,82.8,94.1,2021-08-12,NA
"1032731","ESTEVAN+POINT+CS","05-31","FFMC",1994,2026,58.668,27.8472278692153,85.9,2009-05-31,83.1,94.1,2021-08-12,NA
"1032731","ESTEVAN+POINT+CS","06-01","FFMC",1994,2026,55.284,25.2831083268388,83.4,2014-06-01,83.1,94.1,2021-08-12,NA
"1032731","ESTEVAN+POINT+CS","06-02","FFMC",1994,2026,58.5807692307692,24.0528754078305,86.7,2009-06-02,86.3,94.1,2021-08-12,NA
"1032731","ESTEVAN+POINT+CS","06-03","FFMC",1994,2026,62.6538461538461,19.4497965186113,86.7,2009-06-03,82.2,94.1,2021-08-12,NA
"1032731","ESTEVAN+POINT+CS","06-04","FFMC",1994,2026,59.0846153846154,20.4544311543038,86.8,2009-06-04,45.4,94.1,2021-08-12,NA
"1032731","ESTEVAN+POINT+CS","06-05","FFMC",1994,2026,59.1592592592593,23.449721324558,85.1,2014-06-05,27.9,94.1,2021-08-12,NA
"1032731","ESTEVAN+POINT+CS","06-06","FFMC",1994,2026,60.4,23.3134659007985,84.8,2014-06-06,39.4,94.1,2021-08-12,NA
"1032731","ESTEVAN+POINT+CS","06-07","FFMC",1994,2026,66.0444444444444,18.2003028997054,85.6,2023-06-07,61.4,94.1,2021-08-12,NA
"1032731","ESTEVAN+POINT+CS","06-08","FFMC",1994,2026,67.3407407407407,19.3051658941183,83.4,2006-06-08,29.1,94.1,2021-08-12,NA
"1032731","ESTEVAN+POINT+CS","06-09","FFMC",1994,2026,59.8259259259259,25.3704794016831,83.6,2013-06-09,44.5,94.1,2021-08-12,NA
"1032731","ESTEVAN+POINT+CS","06-10","FFMC",1994,2026,53.8518518518518,23.2396109190648,85.1,2013-06-10,55,94.1,2021-08-12,NA
"1032731","ESTEVAN+POINT+CS","06-11","FFMC",1994,2026,60.4037037037037,20.3494562671923,83.3,2013-06-11,69.7,94.1,2021-08-12,NA
"1032731","ESTEVAN+POINT+CS","06-12","FFMC",1994,2026,57.2074074074074,24.9882730330407,83.2,2023-06-12,79.5,94.1,2021-08-12,NA
"1032731","ESTEVAN+POINT+CS","06-13","FFMC",1994,2026,56.9925925925926,24.9802218060905,86.5,2002-06-13,81.1,94.1,2021-08-12,NA
"1032731","ESTEVAN+POINT+CS","06-14","FFMC",1994,2026,58.5185185185185,23.1242968631071,83.6,2001-06-14,83.2,94.1,2021-08-12,NA
"1032731","ESTEVAN+POINT+CS","06-15","FFMC",1994,2026,60.4740740740741,23.765805956532,85.2,2001-06-15,82.9,94.1,2021-08-12,NA
"1032731","ESTEVAN+POINT+CS","06-16","FFMC",1994,2026,61.4481481481481,23.9352872806653,86,2001-06-16,82.9,94.1,2021-08-12,NA
"1032731","ESTEVAN+POINT+CS","06-17","FFMC",1994,2026,57.8703703703704,26.7573687164261,86,2001-06-17,83,94.1,2021-08-12,NA
"1032731","ESTEVAN+POINT+CS","06-18","FFMC",1994,2026,60.8518518518518,21.7922246255644,86,2001-06-18,83.6,94.1,2021-08-12,NA
"1032731","ESTEVAN+POINT+CS","06-19","FFMC",1994,2026,63.0666666666667,20.2062062057866,86,2001-06-19,83.6,94.1,2021-08-12,NA
"1032731","ESTEVAN+POINT+CS","06-20","FFMC",1994,2026,64.2962962962963,20.4156704797957,83.6,2001-06-20,83,94.1,2021-08-12,NA
"1032731","ESTEVAN+POINT+CS","06-21","FFMC",1994,2026,68.2185185185185,16.4101056349911,88.4,2026-06-21,88.4,94.1,2021-08-12,NA
"1032731","ESTEVAN+POINT+CS","06-22","FFMC",1994,2026,68.4518518518518,18.0374902392504,84.2,2006-06-22,84,94.1,2021-08-12,NA
"1032731","ESTEVAN+POINT+CS","06-23","FFMC",1994,2026,61.7111111111111,22.0308757696894,93.8,2026-06-23,93.8,94.1,2021-08-12,NA
"1032731","ESTEVAN+POINT+CS","06-24","FFMC",1994,2026,51.1407407407407,22.8958891046349,84.8,2006-06-24,83.1,94.1,2021-08-12,NA
"1032731","ESTEVAN+POINT+CS","06-25","FFMC",1994,2026,60.9962962962963,19.1491209173902,83.5,2006-06-25,72.8,94.1,2021-08-12,NA
"1032731","ESTEVAN+POINT+CS","06-26","FFMC",1994,2026,63.637037037037,18.0070317066192,86.8,2021-06-26,14.5,94.1,2021-08-12,NA
"1032731","ESTEVAN+POINT+CS","06-27","FFMC",1994,2026,60.5814814814815,24.2307979016698,87.4,2000-06-27,31.1,94.1,2021-08-12,NA
"1032731","ESTEVAN+POINT+CS","06-28","FFMC",1994,2026,60.2740740740741,25.6022624089325,87.7,1995-06-28,59.8,94.1,2021-08-12,NA
"1032731","ESTEVAN+POINT+CS","06-29","FFMC",1994,2026,58.4851851851852,26.7116036972656,88.8,1995-06-29,73.6,94.1,2021-08-12,NA
"1032731","ESTEVAN+POINT+CS","06-30","FFMC",1994,2026,56.7888888888889,25.9504310521978,85,1995-06-30,79.8,94.1,2021-08-12,NA
"1032731","ESTEVAN+POINT+CS","07-01","FFMC",1994,2026,62.7814814814815,19.7028704866348,82.7,2001-07-01,80.1,94.1,2021-08-12,NA
"1032731","ESTEVAN+POINT+CS","07-02","FFMC",1994,2026,66.7296296296296,20.1699665308981,84.1,2001-07-02,11.9,94.1,2021-08-12,NA
"1032731","ESTEVAN+POINT+CS","07-03","FFMC",1994,2026,68.0962962962963,18.5124382610819,85.3,2013-07-03,15.1,94.1,2021-08-12,NA
"1032731","ESTEVAN+POINT+CS","07-04","FFMC",1994,2026,68.5814814814815,17.0632541994382,86.9,1997-07-04,14.9,94.1,2021-08-12,NA
"1032731","ESTEVAN+POINT+CS","07-05","FFMC",1994,2026,67.8740740740741,20.6328079410623,85.6,2015-07-05,46.1,94.1,2021-08-12,NA
"1032731","ESTEVAN+POINT+CS","07-06","FFMC",1994,2026,67.0444444444444,19.9382379696234,90.4,2023-07-06,66.4,94.1,2021-08-12,NA
"1032731","ESTEVAN+POINT+CS","07-07","FFMC",1994,2026,65.2296296296296,23.2479910598548,90.4,2023-07-07,59.8,94.1,2021-08-12,NA
"1032731","ESTEVAN+POINT+CS","07-08","FFMC",1994,2026,62.3777777777778,26.193280602436,89.3,2023-07-08,49.1,94.1,2021-08-12,NA
"1032731","ESTEVAN+POINT+CS","07-09","FFMC",1994,2026,66.1259259259259,20.9028631199098,89.3,2023-07-09,48,94.1,2021-08-12,NA
"1032731","ESTEVAN+POINT+CS","07-10","FFMC",1994,2026,68.0592592592592,20.7630637145585,85.7,2007-07-10,40.2,94.1,2021-08-12,NA
"1032731","ESTEVAN+POINT+CS","07-11","FFMC",1994,2026,66.7851851851852,21.8664777456921,89.3,2007-07-11,56.2,94.1,2021-08-12,NA
"1032731","ESTEVAN+POINT+CS","07-12","FFMC",1994,2026,60.6222222222222,26.6159196626226,87,2023-07-12,58.7,94.1,2021-08-12,NA
"1032731","ESTEVAN+POINT+CS","07-13","FFMC",1994,2026,62.4074074074074,24.2121381816566,87.4,1996-07-13,65.3,94.1,2021-08-12,NA
"1032731","ESTEVAN+POINT+CS","07-14","FFMC",1994,2026,65.1444444444444,24.5582718844123,89.2,2023-07-14,72.8,94.1,2021-08-12,NA
"1032731","ESTEVAN+POINT+CS","07-15","FFMC",1994,2026,67.062962962963,23.1465423260672,86,1996-07-15,85.2,94.1,2021-08-12,NA
"1032731","ESTEVAN+POINT+CS","07-16","FFMC",1994,2026,67.0888888888889,23.547486119841,86.8,2013-07-16,75.9,94.1,2021-08-12,NA
"1032731","ESTEVAN+POINT+CS","07-17","FFMC",1994,2026,66.2814814814815,21.2689740998305,85.5,1996-07-17,23.9,94.1,2021-08-12,NA
"1032731","ESTEVAN+POINT+CS","07-18","FFMC",1994,2026,69.1111111111111,19.0676999002811,85.4,2015-07-18,42.1,94.1,2021-08-12,NA
"1032731","ESTEVAN+POINT+CS","07-19","FFMC",1994,2026,65.8111111111111,21.0983654732073,84.8,2015-07-19,68.1,94.1,2021-08-12,NA
"1032731","ESTEVAN+POINT+CS","07-20","FFMC",1994,2026,67.0185185185185,21.9771566201229,88,2023-07-20,77.6,94.1,2021-08-12,NA
"1032731","ESTEVAN+POINT+CS","07-21","FFMC",1994,2026,66.3111111111111,21.8492445448232,85.1,2023-07-21,80.2,94.1,2021-08-12,NA
"1032731","ESTEVAN+POINT+CS","07-22","FFMC",1994,2026,66.4,24.1454725808762,91.5,2026-07-22,91.5,94.1,2021-08-12,NA
"1032731","ESTEVAN+POINT+CS","07-23","FFMC",1994,2026,69.2296296296296,18.4611403684524,83.3,1996-07-23,82.6,94.1,2021-08-12,NA
"1032731","ESTEVAN+POINT+CS","07-24","FFMC",1994,2026,73.4703703703704,12.2966166333175,84.2,1996-07-24,80.3,94.1,2021-08-12,NA
"1032731","ESTEVAN+POINT+CS","07-25","FFMC",1994,2026,71.5481481481481,16.6451510696375,84.3,2013-07-25,74.1,94.1,2021-08-12,NA
"1032731","ESTEVAN+POINT+CS","07-26","FFMC",1994,2026,71.3481481481481,18.5201837997685,84.7,1996-07-26,10.4,94.1,2021-08-12,NA
"1032731","ESTEVAN+POINT+CS","07-27","FFMC",1994,2026,72.7814814814815,17.4275651910997,85,2013-07-27,10.2,94.1,2021-08-12,NA
"1032731","ESTEVAN+POINT+CS","07-28","FFMC",1994,2026,75.3222222222222,12.7612795757423,85.2,2023-07-28,0.1,94.1,2021-08-12,NA
"1032731","ESTEVAN+POINT+CS","07-29","FFMC",1994,2026,73.7888888888889,16.4714516041762,87,2020-07-29,28.8,94.1,2021-08-12,NA
"1032731","ESTEVAN+POINT+CS","07-30","FFMC",1994,2026,71.3777777777778,16.1546928960009,91.1,2020-07-30,41.6,94.1,2021-08-12,NA
"1032731","ESTEVAN+POINT+CS","07-31","FFMC",1994,2026,71.1296296296296,18.2542263771101,88.8,2020-07-31,7.5,94.1,2021-08-12,NA
"1032731","ESTEVAN+POINT+CS","08-01","FFMC",1994,2026,70.1481481481482,21.2454043966503,88.8,2020-08-01,14.5,94.1,2021-08-12,NA
"1032731","ESTEVAN+POINT+CS","08-02","FFMC",1994,2026,71.6962962962963,14.8369984908176,84,2006-08-02,43.7,94.1,2021-08-12,NA
"1032731","ESTEVAN+POINT+CS","08-03","FFMC",1994,2026,71.2111111111111,14.3460081108979,84.8,2017-08-03,66.5,94.1,2021-08-12,NA
"1032731","ESTEVAN+POINT+CS","08-04","FFMC",1994,2026,75.3481481481481,10.2739540126541,85,2017-08-04,75.8,94.1,2021-08-12,NA
"1032731","ESTEVAN+POINT+CS","08-05","FFMC",1994,2026,77.1444444444444,5.31205691968269,88.7,2023-08-05,79.9,94.1,2021-08-12,NA
"1032731","ESTEVAN+POINT+CS","08-06","FFMC",1994,2026,75.3962962962963,12.4391590576967,87.5,2022-08-06,78.8,94.1,2021-08-12,NA
"1032731","ESTEVAN+POINT+CS","08-07","FFMC",1994,2026,69.1481481481481,19.748152208992,89.8,2022-08-07,78.8,94.1,2021-08-12,NA
"1032731","ESTEVAN+POINT+CS","08-08","FFMC",1994,2026,63.2555555555556,24.0347558169308,89.1,2022-08-08,NA,94.1,2021-08-12,NA
"1032731","ESTEVAN+POINT+CS","08-09","FFMC",1994,2026,63.9296296296296,21.8802301846775,89.7,2022-08-09,NA,94.1,2021-08-12,NA
"1032731","ESTEVAN+POINT+CS","08-10","FFMC",1994,2026,65.7444444444444,21.4327810272979,89.3,2025-08-10,NA,94.1,2021-08-12,NA
"1032731","ESTEVAN+POINT+CS","08-11","FFMC",1994,2026,65.762962962963,18.7498953463366,87.7,2021-08-11,NA,94.1,2021-08-12,NA
"1032731","ESTEVAN+POINT+CS","08-12","FFMC",1994,2026,64.4111111111111,20.6564263297878,94.1,2021-08-12,NA,94.1,2021-08-12,NA
"1032731","ESTEVAN+POINT+CS","08-13","FFMC",1994,2026,69.3740740740741,17.6966661917434,94,2021-08-13,NA,94.1,2021-08-12,NA
"1032731","ESTEVAN+POINT+CS","08-14","FFMC",1994,2026,69.0111111111111,20.8896981112578,91.7,2021-08-14,NA,94.1,2021-08-12,NA
"1032731","ESTEVAN+POINT+CS","08-15","FFMC",1994,2026,67.1962962962963,21.5019047721803,91.4,2023-08-15,NA,94.1,2021-08-12,NA
"1032731","ESTEVAN+POINT+CS","08-16","FFMC",1994,2026,68.0851851851852,20.0695081328656,91.4,2023-08-16,NA,94.1,2021-08-12,NA
"1032731","ESTEVAN+POINT+CS","08-17","FFMC",1994,2026,64.3888888888889,22.9637562816736,85.6,2023-08-17,NA,94.1,2021-08-12,NA
"1032731","ESTEVAN+POINT+CS","08-18","FFMC",1994,2026,63.3777777777778,21.5491269381122,89,2023-08-18,NA,94.1,2021-08-12,NA
"1032731","ESTEVAN+POINT+CS","08-19","FFMC",1994,2026,65.8115384615385,22.1426706053823,89,2023-08-19,NA,94.1,2021-08-12,NA
"1032731","ESTEVAN+POINT+CS","08-20","FFMC",1994,2026,62.1307692307692,25.2744102875738,89,2023-08-20,NA,94.1,2021-08-12,NA
"1032731","ESTEVAN+POINT+CS","08-21","FFMC",1994,2026,57.4923076923077,25.4222567539064,85.4,2023-08-21,NA,94.1,2021-08-12,NA
"1032731","ESTEVAN+POINT+CS","08-22","FFMC",1994,2026,61.5230769230769,22.7587399948645,85.4,2023-08-22,NA,94.1,2021-08-12,NA
"1032731","ESTEVAN+POINT+CS","08-23","FFMC",1994,2026,64.65,21.9474873277102,82.6,2015-08-23,NA,94.1,2021-08-12,NA
"1032731","ESTEVAN+POINT+CS","08-24","FFMC",1994,2026,65.7769230769231,21.2477633212027,86.7,2022-08-24,NA,94.1,2021-08-12,NA
"1032731","ESTEVAN+POINT+CS","08-25","FFMC",1994,2026,62.5384615384615,25.5817446930123,86.3,2023-08-25,NA,94.1,2021-08-12,NA
"1032731","ESTEVAN+POINT+CS","08-26","FFMC",1994,2026,67.6884615384615,23.4932726868451,84.1,2023-08-26,NA,94.1,2021-08-12,NA
"1032731","ESTEVAN+POINT+CS","08-27","FFMC",1994,2026,62.8653846153846,26.7597151301383,83.4,2015-08-27,NA,94.1,2021-08-12,NA
"1032731","ESTEVAN+POINT+CS","08-28","FFMC",1994,2026,58.6115384615385,29.3394795717044,84.1,2017-08-28,NA,94.1,2021-08-12,NA
"1032731","ESTEVAN+POINT+CS","08-29","FFMC",1994,2026,53.8576923076923,31.069241034527,83.8,2002-08-29,NA,94.1,2021-08-12,NA
"1032731","ESTEVAN+POINT+CS","08-30","FFMC",1994,2026,54.0269230769231,28.4680952322744,83.1,2002-08-30,NA,94.1,2021-08-12,NA
"1032731","ESTEVAN+POINT+CS","08-31","FFMC",1994,2026,56.9807692307692,26.7942384736834,84.3,2000-08-31,NA,94.1,2021-08-12,NA
"1032731","ESTEVAN+POINT+CS","09-01","FFMC",1994,2026,58.1615384615385,26.8750155635018,85.1,2000-09-01,NA,94.1,2021-08-12,NA
"1032731","ESTEVAN+POINT+CS","09-02","FFMC",1994,2026,55.0576923076923,22.5368173986821,86.1,2006-09-02,NA,94.1,2021-08-12,NA
"1032731","ESTEVAN+POINT+CS","09-03","FFMC",1994,2026,59.7153846153846,19.9697109104302,84.8,2000-09-03,NA,94.1,2021-08-12,NA
"1032731","ESTEVAN+POINT+CS","09-04","FFMC",1994,2026,63.7884615384615,17.4181589595015,84.8,2000-09-04,NA,94.1,2021-08-12,NA
"1032731","ESTEVAN+POINT+CS","09-05","FFMC",1994,2026,65.6230769230769,19.0569107190501,83.1,2006-09-05,NA,94.1,2021-08-12,NA
"1032731","ESTEVAN+POINT+CS","09-06","FFMC",1994,2026,58.9153846153846,26.8677009408351,87.2,2012-09-06,NA,94.1,2021-08-12,NA
"1032731","ESTEVAN+POINT+CS","09-07","FFMC",1994,2026,54.8730769230769,31.0251453848946,90.1,2012-09-07,NA,94.1,2021-08-12,NA
"1032731","ESTEVAN+POINT+CS","09-08","FFMC",1994,2026,51.4230769230769,29.3808959385831,90.1,2012-09-08,NA,94.1,2021-08-12,NA
"1032731","ESTEVAN+POINT+CS","09-09","FFMC",1994,2026,51.2153846153846,28.6753649296073,88.2,2020-09-09,NA,94.1,2021-08-12,NA
"1032731","ESTEVAN+POINT+CS","09-10","FFMC",1994,2026,52.3153846153846,30.7422665697595,89.7,2020-09-10,NA,94.1,2021-08-12,NA
"1032731","ESTEVAN+POINT+CS","09-11","FFMC",1994,2026,58.8923076923077,25.1702987360408,86.6,2013-09-11,NA,94.1,2021-08-12,NA
"1032731","ESTEVAN+POINT+CS","09-12","FFMC",1994,2026,62.5846153846154,20.4744658989228,87.4,2012-09-12,NA,94.1,2021-08-12,NA
"1032731","ESTEVAN+POINT+CS","09-13","FFMC",1994,2026,61.4269230769231,26.9802528926963,89.1,2014-09-13,NA,94.1,2021-08-12,NA
"1032731","ESTEVAN+POINT+CS","09-14","FFMC",1994,2026,61.8846153846154,28.4025448480617,88.9,2012-09-14,NA,94.1,2021-08-12,NA
"1032731","ESTEVAN+POINT+CS","09-15","FFMC",1994,2026,57.5538461538461,25.9455311106823,88.3,2012-09-15,NA,94.1,2021-08-12,NA
"1032731","ESTEVAN+POINT+CS","09-16","FFMC",1994,2026,58.0384615384615,24.1441185703364,88.3,2012-09-16,NA,94.1,2021-08-12,NA
"1032731","ESTEVAN+POINT+CS","09-17","FFMC",1994,2026,49.9038461538462,23.9025769450782,85.4,2022-09-17,NA,94.1,2021-08-12,NA
"1032731","ESTEVAN+POINT+CS","09-18","FFMC",1994,2026,44.9653846153846,27.8236150391381,87.5,2012-09-18,NA,94.1,2021-08-12,NA
"1032731","ESTEVAN+POINT+CS","09-19","FFMC",1994,2026,45.4884615384615,28.4161408628698,87.5,2012-09-19,NA,94.1,2021-08-12,NA
"1032731","ESTEVAN+POINT+CS","09-20","FFMC",1994,2026,47.4307692307692,24.135745594131,85.8,2022-09-20,NA,94.1,2021-08-12,NA
"1032731","ESTEVAN+POINT+CS","09-21","FFMC",1994,2026,51.5846153846154,27.2203261157201,88.8,2022-09-21,NA,94.1,2021-08-12,NA
"1032731","ESTEVAN+POINT+CS","09-22","FFMC",1994,2026,53.4576923076923,29.105685672417,87.5,2000-09-22,NA,94.1,2021-08-12,NA
"1032731","ESTEVAN+POINT+CS","09-23","FFMC",1994,2026,52.7230769230769,31.6701159794821,87.6,2000-09-23,NA,94.1,2021-08-12,NA
"1032731","ESTEVAN+POINT+CS","09-24","FFMC",1994,2026,52.6923076923077,30.9911590370792,87.6,2000-09-24,NA,94.1,2021-08-12,NA
"1032731","ESTEVAN+POINT+CS","09-25","FFMC",1994,2026,51.9076923076923,29.2299698676126,87.6,2000-09-25,NA,94.1,2021-08-12,NA
"1032731","ESTEVAN+POINT+CS","09-26","FFMC",1994,2026,53.3269230769231,29.5695865063049,87.2,2000-09-26,NA,94.1,2021-08-12,NA
"1032731","ESTEVAN+POINT+CS","09-27","FFMC",1994,2026,55.4615384615385,28.1102839106698,84.4,2000-09-27,NA,94.1,2021-08-12,NA
"1032731","ESTEVAN+POINT+CS","09-28","FFMC",1994,2026,53.6653846153846,24.4269677579137,84.8,2019-09-28,NA,94.1,2021-08-12,NA
"1032731","ESTEVAN+POINT+CS","09-29","FFMC",1994,2026,56.2192307692308,24.5253341543926,86.9,2019-09-29,NA,94.1,2021-08-12,NA
"1032731","ESTEVAN+POINT+CS","09-30","FFMC",1994,2026,56.8038461538462,25.2409426253336,85.5,2019-09-30,NA,94.1,2021-08-12,NA
"1032731","ESTEVAN+POINT+CS","10-01","FFMC",1994,2026,55.5230769230769,26.8101220839042,84.1,2001-10-01,NA,94.1,2021-08-12,NA
"1032731","ESTEVAN+POINT+CS","10-02","FFMC",1994,2026,54.8384615384615,25.2669282173054,84.4,2001-10-02,NA,94.1,2021-08-12,NA
"1032731","ESTEVAN+POINT+CS","10-03","FFMC",1994,2026,55.4384615384615,26.7408014378489,85.4,2022-10-03,NA,94.1,2021-08-12,NA
"1032731","ESTEVAN+POINT+CS","10-04","FFMC",1994,2026,53.2884615384615,29.7927014810417,85.4,2001-10-04,NA,94.1,2021-08-12,NA
"1032731","ESTEVAN+POINT+CS","10-05","FFMC",1994,2026,49.3384615384616,29.5362567286117,86,2001-10-05,NA,94.1,2021-08-12,NA
"1032731","ESTEVAN+POINT+CS","10-06","FFMC",1994,2026,49.2961538461538,28.1081408957509,85.9,2000-10-06,NA,94.1,2021-08-12,NA
"1032731","ESTEVAN+POINT+CS","10-07","FFMC",1994,2026,40.4846153846154,28.5210615834361,86.1,2012-10-07,NA,94.1,2021-08-12,NA
"1032731","ESTEVAN+POINT+CS","10-08","FFMC",1994,2026,37.55,23.9640772824659,82.2,2009-10-08,NA,94.1,2021-08-12,NA
"1032731","ESTEVAN+POINT+CS","10-09","FFMC",1994,2026,38.7076923076923,27.1267531868733,82.6,2022-10-09,NA,94.1,2021-08-12,NA
"1032731","ESTEVAN+POINT+CS","10-10","FFMC",1994,2026,41.7269230769231,27.1775283304764,82.6,2022-10-10,NA,94.1,2021-08-12,NA
"1032731","ESTEVAN+POINT+CS","10-11","FFMC",1994,2026,45.4153846153846,30.9043258112219,86.6,2022-10-11,NA,94.1,2021-08-12,NA
"1032731","ESTEVAN+POINT+CS","10-12","FFMC",1994,2026,39.7192307692308,29.4972950519978,84.9,2022-10-12,NA,94.1,2021-08-12,NA
"1032731","ESTEVAN+POINT+CS","10-13","FFMC",1994,2026,35.6692307692308,26.6755283993516,83.5,2002-10-13,NA,94.1,2021-08-12,NA
"1032731","ESTEVAN+POINT+CS","10-14","FFMC",1994,2026,39.1038461538462,26.4535136534901,83.5,2002-10-14,NA,94.1,2021-08-12,NA
"1032731","ESTEVAN+POINT+CS","10-15","FFMC",1994,2026,35.4807692307692,25.6941085734574,83.5,2002-10-15,NA,94.1,2021-08-12,NA
"1032731","ESTEVAN+POINT+CS","10-16","FFMC",1994,2026,33.3923076923077,27.0909862954736,83.7,2018-10-16,NA,94.1,2021-08-12,NA
"1032731","ESTEVAN+POINT+CS","10-17","FFMC",1994,2026,37.0192307692308,25.6606316248181,84.4,2002-10-17,NA,94.1,2021-08-12,NA
"1032731","ESTEVAN+POINT+CS","10-18","FFMC",1994,2026,31.3576923076923,26.4566690734404,79.9,2018-10-18,NA,94.1,2021-08-12,NA
"1032731","ESTEVAN+POINT+CS","10-19","FFMC",1994,2026,32.6038461538461,25.0108853225028,79.4,2013-10-19,NA,94.1,2021-08-12,NA
"1032731","ESTEVAN+POINT+CS","10-20","FFMC",1994,2026,34.9730769230769,24.1322449464165,80.1,2022-10-20,NA,94.1,2021-08-12,NA
"1032731","ESTEVAN+POINT+CS","10-21","FFMC",1994,2026,30.9769230769231,26.0161074366218,81.5,1998-10-21,NA,94.1,2021-08-12,NA
"1032731","ESTEVAN+POINT+CS","10-22","FFMC",1994,2026,30.95,26.625254928357,83.8,1998-10-22,NA,94.1,2021-08-12,NA
"1032731","ESTEVAN+POINT+CS","10-23","FFMC",1994,2026,36.0692307692308,25.6364080047228,83.9,1998-10-23,NA,94.1,2021-08-12,NA
"1032731","ESTEVAN+POINT+CS","10-24","FFMC",1994,2026,32.1538461538461,23.2436525661391,80.9,2013-10-24,NA,94.1,2021-08-12,NA
"1032731","ESTEVAN+POINT+CS","10-25","FFMC",1994,2026,33.6730769230769,22.5670832442708,81.5,2013-10-25,NA,94.1,2021-08-12,NA
"1032731","ESTEVAN+POINT+CS","10-26","FFMC",1994,2026,36.2923076923077,25.9645900884558,83,2008-10-26,NA,94.1,2021-08-12,NA
"1032731","ESTEVAN+POINT+CS","10-27","FFMC",1994,2026,39.7538461538462,25.6630197875344,86.1,2013-10-27,NA,94.1,2021-08-12,NA
"1032731","ESTEVAN+POINT+CS","10-28","FFMC",1994,2026,37.7653846153846,25.2952318401345,88.4,2013-10-28,NA,94.1,2021-08-12,NA
"1032731","ESTEVAN+POINT+CS","10-29","FFMC",1994,2026,40.0923076923077,29.186297100892,87.9,2013-10-29,NA,94.1,2021-08-12,NA
"1032731","ESTEVAN+POINT+CS","10-30","FFMC",1994,2026,43.3038461538462,32.0081049831974,83,2013-10-30,NA,94.1,2021-08-12,NA
"1032731","ESTEVAN+POINT+CS","10-31","FFMC",1994,2026,48.3961538461538,27.4415084245634,82.8,2003-10-31,NA,94.1,2021-08-12,NA
"1032731","ESTEVAN+POINT+CS","04-01","FWI",1994,2026,0.482352941176471,0.815655636679511,2.6,2013-04-01,NA,53,1997-05-19,NA
"1032731","ESTEVAN+POINT+CS","04-02","FWI",1994,2026,0.529411764705882,0.805267584317748,2.4,2018-04-02,NA,53,1997-05-19,NA
"1032731","ESTEVAN+POINT+CS","04-03","FWI",1994,2026,1.35882352941176,3.14782838309393,12.9,1994-04-03,NA,53,1997-05-19,NA
"1032731","ESTEVAN+POINT+CS","04-04","FWI",1994,2026,0.688235294117647,1.52187481126947,6,1994-04-04,NA,53,1997-05-19,NA
"1032731","ESTEVAN+POINT+CS","04-05","FWI",1994,2026,0.26875,0.610703146654193,2.4,2020-04-05,NA,53,1997-05-19,NA
"1032731","ESTEVAN+POINT+CS","04-06","FWI",1994,2026,0.425,1.42431269974913,5.7,2020-04-06,NA,53,1997-05-19,NA
"1032731","ESTEVAN+POINT+CS","04-07","FWI",1994,2026,0.905882352941176,3.33194211163611,13.8,2020-04-07,NA,53,1997-05-19,NA
"1032731","ESTEVAN+POINT+CS","04-08","FWI",1994,2026,0.382352941176471,0.633675088390777,2.3,2020-04-08,NA,53,1997-05-19,NA
"1032731","ESTEVAN+POINT+CS","04-09","FWI",1994,2026,0.929411764705882,2.09068311380585,7.6,2020-04-09,NA,53,1997-05-19,NA
"1032731","ESTEVAN+POINT+CS","04-10","FWI",1994,2026,0.99375,2.24987962640967,8.7,2020-04-10,NA,53,1997-05-19,NA
"1032731","ESTEVAN+POINT+CS","04-11","FWI",1994,2026,0.982352941176471,1.69971883488036,5.6,1998-04-11,NA,53,1997-05-19,NA
"1032731","ESTEVAN+POINT+CS","04-12","FWI",1994,2026,0.452941176470588,0.982418983338336,3.7,2020-04-12,NA,53,1997-05-19,NA
"1032731","ESTEVAN+POINT+CS","04-13","FWI",1994,2026,0.572222222222222,1.0598587894596,4,2020-04-13,NA,53,1997-05-19,NA
"1032731","ESTEVAN+POINT+CS","04-14","FWI",1994,2026,0.7,1.76768376197581,7.5,2020-04-14,0,53,1997-05-19,NA
"1032731","ESTEVAN+POINT+CS","04-15","FWI",1994,2026,0.627777777777778,1.30690724075877,5.3,2001-04-15,0,53,1997-05-19,NA
"1032731","ESTEVAN+POINT+CS","04-16","FWI",1994,2026,0.483333333333333,0.699789884431707,2.4,2020-04-16,0.5,53,1997-05-19,NA
"1032731","ESTEVAN+POINT+CS","04-17","FWI",1994,2026,0.461111111111111,0.794198737084697,4.3,2021-04-17,NA,53,1997-05-19,NA
"1032731","ESTEVAN+POINT+CS","04-18","FWI",1994,2026,0.794117647058824,1.69833395870604,6.4,2011-04-18,NA,53,1997-05-19,NA
"1032731","ESTEVAN+POINT+CS","04-19","FWI",1994,2026,0.458823529411765,1.0903318437117,15.3,2025-04-19,NA,53,1997-05-19,NA
"1032731","ESTEVAN+POINT+CS","04-20","FWI",1994,2026,0.455555555555556,0.892598468598166,10.2,2025-04-20,NA,53,1997-05-19,NA
"1032731","ESTEVAN+POINT+CS","04-21","FWI",1994,2026,1.59444444444444,2.70608730397451,15.2,2025-04-21,NA,53,1997-05-19,NA
"1032731","ESTEVAN+POINT+CS","04-22","FWI",1994,2026,1.04444444444444,1.72327397781501,9.7,2021-04-22,NA,53,1997-05-19,NA
"1032731","ESTEVAN+POINT+CS","04-23","FWI",1994,2026,1.87777777777778,3.59109282982469,13.3,2013-04-23,NA,53,1997-05-19,NA
"1032731","ESTEVAN+POINT+CS","04-24","FWI",1994,2026,0.855555555555556,1.25333541927236,5,2013-04-24,0.8,53,1997-05-19,NA
"1032731","ESTEVAN+POINT+CS","04-25","FWI",1994,2026,1.37777777777778,2.68099093961555,10.9,2013-04-25,1,53,1997-05-19,NA
"1032731","ESTEVAN+POINT+CS","04-26","FWI",1994,2026,1.45555555555556,2.38752202877973,13.4,2025-04-26,0.9,53,1997-05-19,NA
"1032731","ESTEVAN+POINT+CS","04-27","FWI",1994,2026,1.25555555555556,2.27911804980947,8.8,2019-04-27,1.6,53,1997-05-19,NA
"1032731","ESTEVAN+POINT+CS","04-28","FWI",1994,2026,0.5,0.54986629390832,5.9,2026-04-28,5.9,53,1997-05-19,NA
"1032731","ESTEVAN+POINT+CS","04-29","FWI",1994,2026,1.58333333333333,3.39762027445855,14.8,2016-04-29,2.3,53,1997-05-19,NA
"1032731","ESTEVAN+POINT+CS","04-30","FWI",1994,2026,1.35555555555556,1.56739657590024,5,2019-04-30,3.9,53,1997-05-19,NA
"1032731","ESTEVAN+POINT+CS","05-01","FWI",1994,2026,2.2,2.62932183905534,9.2,2006-05-01,NA,53,1997-05-19,NA
"1032731","ESTEVAN+POINT+CS","05-02","FWI",1994,2026,1.80526315789474,2.01369579634907,6.5,2013-05-02,2.1,53,1997-05-19,NA
"1032731","ESTEVAN+POINT+CS","05-03","FWI",1994,2026,1.945,2.51091826356729,8.4,2016-05-03,2.8,53,1997-05-19,NA
"1032731","ESTEVAN+POINT+CS","05-04","FWI",1994,2026,2.57142857142857,4.66991893475067,20.4,2016-05-04,5.8,53,1997-05-19,NA
"1032731","ESTEVAN+POINT+CS","05-05","FWI",1994,2026,3.60952380952381,5.21650311625564,19,2019-05-05,3.5,53,1997-05-19,NA
"1032731","ESTEVAN+POINT+CS","05-06","FWI",1994,2026,2.2,2.9570255325242,10,2026-05-06,10,53,1997-05-19,NA
"1032731","ESTEVAN+POINT+CS","05-07","FWI",1994,2026,4.8,6.87895340876794,23.9,2016-05-07,6.8,53,1997-05-19,NA
"1032731","ESTEVAN+POINT+CS","05-08","FWI",1994,2026,3.9047619047619,6.66914358748379,30.9,2016-05-08,9.4,53,1997-05-19,NA
"1032731","ESTEVAN+POINT+CS","05-09","FWI",1994,2026,2.54285714285714,2.7587264142302,8,2005-05-09,0.9,53,1997-05-19,NA
"1032731","ESTEVAN+POINT+CS","05-10","FWI",1994,2026,1.77727272727273,1.61095411485652,4.8,2019-05-10,0.1,53,1997-05-19,NA
"1032731","ESTEVAN+POINT+CS","05-11","FWI",1994,2026,2.14545454545455,2.47535034032747,9.6,2006-05-11,1.9,53,1997-05-19,NA
"1032731","ESTEVAN+POINT+CS","05-12","FWI",1994,2026,2.4,2.92183895126731,9.6,1998-05-12,0.9,53,1997-05-19,NA
"1032731","ESTEVAN+POINT+CS","05-13","FWI",1994,2026,2.60454545454545,3.14695276232607,9.6,2016-05-13,6.3,53,1997-05-19,NA
"1032731","ESTEVAN+POINT+CS","05-14","FWI",1994,2026,1.34545454545455,1.61738391729692,5.2,2006-05-14,0.2,53,1997-05-19,NA
"1032731","ESTEVAN+POINT+CS","05-15","FWI",1994,2026,2.76818181818182,4.13007394879448,14.7,2006-05-15,0,53,1997-05-19,NA
"1032731","ESTEVAN+POINT+CS","05-16","FWI",1994,2026,2.5,4.1852348173299,16.9,2012-05-16,0.2,53,1997-05-19,NA
"1032731","ESTEVAN+POINT+CS","05-17","FWI",1994,2026,3.05,4.6834816109386,19.1,2012-05-17,0.3,53,1997-05-19,NA
"1032731","ESTEVAN+POINT+CS","05-18","FWI",1994,2026,3.07391304347826,3.9545390940842,13.8,1995-05-18,0.5,53,1997-05-19,NA
"1032731","ESTEVAN+POINT+CS","05-19","FWI",1994,2026,4.3695652173913,11.0696322835621,53,1997-05-19,0.6,53,1997-05-19,NA
"1032731","ESTEVAN+POINT+CS","05-20","FWI",1994,2026,2.61304347826087,2.95777931868213,11.5,1995-05-20,0.7,53,1997-05-19,NA
"1032731","ESTEVAN+POINT+CS","05-21","FWI",1994,2026,2.92173913043478,2.8565644530289,9.9,2019-05-21,1.6,53,1997-05-19,NA
"1032731","ESTEVAN+POINT+CS","05-22","FWI",1994,2026,3.18695652173913,3.19961707195011,9.3,1995-05-22,3.6,53,1997-05-19,NA
"1032731","ESTEVAN+POINT+CS","05-23","FWI",1994,2026,2.97391304347826,4.55992597540637,16.4,2017-05-23,11.5,53,1997-05-19,NA
"1032731","ESTEVAN+POINT+CS","05-24","FWI",1994,2026,4.17826086956522,7.8950477298194,33.3,2019-05-24,9.9,53,1997-05-19,NA
"1032731","ESTEVAN+POINT+CS","05-25","FWI",1994,2026,3.1875,5.08521407355807,22.6,2019-05-25,0,53,1997-05-19,NA
"1032731","ESTEVAN+POINT+CS","05-26","FWI",1994,2026,3.725,6.01962370628077,28.8,2016-05-26,1,53,1997-05-19,NA
"1032731","ESTEVAN+POINT+CS","05-27","FWI",1994,2026,2.72083333333333,4.33378829830124,15.1,2007-05-27,4.1,53,1997-05-19,NA
"1032731","ESTEVAN+POINT+CS","05-28","FWI",1994,2026,1.96666666666667,2.31021675374311,6.8,1999-05-28,4.4,53,1997-05-19,NA
"1032731","ESTEVAN+POINT+CS","05-29","FWI",1994,2026,3.09166666666667,3.55392210365402,11.8,2018-05-29,10.2,53,1997-05-19,NA
"1032731","ESTEVAN+POINT+CS","05-30","FWI",1994,2026,3.564,3.95040926149853,16.8,1995-05-30,5.5,53,1997-05-19,NA
"1032731","ESTEVAN+POINT+CS","05-31","FWI",1994,2026,2.832,3.04777514481192,9.5,2026-05-31,9.5,53,1997-05-19,NA
"1032731","ESTEVAN+POINT+CS","06-01","FWI",1994,2026,2.3,3.42101349505279,14,2019-06-01,3.6,53,1997-05-19,NA
"1032731","ESTEVAN+POINT+CS","06-02","FWI",1994,2026,2.25,2.9576003786854,11.9,2025-06-02,6.9,53,1997-05-19,NA
"1032731","ESTEVAN+POINT+CS","06-03","FWI",1994,2026,1.62692307692308,2.31888899127279,9.7,2014-06-03,3.4,53,1997-05-19,NA
"1032731","ESTEVAN+POINT+CS","06-04","FWI",1994,2026,2.27307692307692,4.95383146199446,23.8,2014-06-04,0.1,53,1997-05-19,NA
"1032731","ESTEVAN+POINT+CS","06-05","FWI",1994,2026,2.01153846153846,2.92442499279115,10.7,2014-06-05,0,53,1997-05-19,NA
"1032731","ESTEVAN+POINT+CS","06-06","FWI",1994,2026,2.83846153846154,4.39982517135187,18.8,1995-06-06,0,53,1997-05-19,NA
"1032731","ESTEVAN+POINT+CS","06-07","FWI",1994,2026,2.49259259259259,2.89109054828875,9,2011-06-07,0.5,53,1997-05-19,NA
"1032731","ESTEVAN+POINT+CS","06-08","FWI",1994,2026,3.11111111111111,4.56410184384898,19.3,2003-06-08,0,53,1997-05-19,NA
"1032731","ESTEVAN+POINT+CS","06-09","FWI",1994,2026,3.05555555555555,5.20423890344232,22.6,2015-06-09,0.1,53,1997-05-19,NA
"1032731","ESTEVAN+POINT+CS","06-10","FWI",1994,2026,1.95555555555556,3.54339399808164,15.4,2015-06-10,0.2,53,1997-05-19,NA
"1032731","ESTEVAN+POINT+CS","06-11","FWI",1994,2026,2.24074074074074,4.64776697907048,23.6,2015-06-11,0.6,53,1997-05-19,NA
"1032731","ESTEVAN+POINT+CS","06-12","FWI",1994,2026,2.37407407407407,4.72884703728026,21.2,2015-06-12,2.9,53,1997-05-19,NA
"1032731","ESTEVAN+POINT+CS","06-13","FWI",1994,2026,3.72962962962963,6.75345010487886,25.9,2014-06-13,1.4,53,1997-05-19,NA
"1032731","ESTEVAN+POINT+CS","06-14","FWI",1994,2026,1.66666666666667,2.09376363370992,6.8,2009-06-14,3.5,53,1997-05-19,NA
"1032731","ESTEVAN+POINT+CS","06-15","FWI",1994,2026,2.83703703703704,2.99591364620187,10.7,2015-06-15,5.6,53,1997-05-19,NA
"1032731","ESTEVAN+POINT+CS","06-16","FWI",1994,2026,2.03333333333333,2.60399101971747,14.1,2026-06-16,14.1,53,1997-05-19,NA
"1032731","ESTEVAN+POINT+CS","06-17","FWI",1994,2026,1.94814814814815,2.63429604819118,21.4,2026-06-17,21.4,53,1997-05-19,NA
"1032731","ESTEVAN+POINT+CS","06-18","FWI",1994,2026,2.16666666666667,3.59690037500239,16.8,2000-06-18,10.3,53,1997-05-19,NA
"1032731","ESTEVAN+POINT+CS","06-19","FWI",1994,2026,2.36666666666667,3.45387185188315,19.2,2026-06-19,19.2,53,1997-05-19,NA
"1032731","ESTEVAN+POINT+CS","06-20","FWI",1994,2026,3.48518518518518,5.18494148796476,21.9,2019-06-20,5.8,53,1997-05-19,NA
"1032731","ESTEVAN+POINT+CS","06-21","FWI",1994,2026,2.29615384615385,2.75528303725491,11.1,2009-06-21,7.2,53,1997-05-19,NA
"1032731","ESTEVAN+POINT+CS","06-22","FWI",1994,2026,2.61538461538462,2.8696609287778,10.9,2000-06-22,5.1,53,1997-05-19,NA
"1032731","ESTEVAN+POINT+CS","06-23","FWI",1994,2026,2.06296296296296,2.51841649701189,16.4,2026-06-23,16.4,53,1997-05-19,NA
"1032731","ESTEVAN+POINT+CS","06-24","FWI",1994,2026,1.21111111111111,2.67111807954493,13.4,2026-06-24,13.4,53,1997-05-19,NA
"1032731","ESTEVAN+POINT+CS","06-25","FWI",1994,2026,1.92592592592593,3.24684374462251,12.7,2006-06-25,4.9,53,1997-05-19,NA
"1032731","ESTEVAN+POINT+CS","06-26","FWI",1994,2026,2.33333333333333,3.76981942028242,13.6,2017-06-26,0,53,1997-05-19,NA
"1032731","ESTEVAN+POINT+CS","06-27","FWI",1994,2026,3.26296296296296,5.36800694629753,26.2,2006-06-27,0,53,1997-05-19,NA
"1032731","ESTEVAN+POINT+CS","06-28","FWI",1994,2026,2.67407407407407,3.82889747061159,14.7,2006-06-28,5.2,53,1997-05-19,NA
"1032731","ESTEVAN+POINT+CS","06-29","FWI",1994,2026,2.42962962962963,2.81135264662826,10.2,1995-06-29,5.7,53,1997-05-19,NA
"1032731","ESTEVAN+POINT+CS","06-30","FWI",1994,2026,2.35555555555556,3.75564532335946,16.3,2020-06-30,13.2,53,1997-05-19,NA
"1032731","ESTEVAN+POINT+CS","07-01","FWI",1994,2026,1.86666666666667,2.26359142820566,7.6,2009-07-01,4,53,1997-05-19,NA
"1032731","ESTEVAN+POINT+CS","07-02","FWI",1994,2026,3.27407407407407,4.52595868234587,18.1,2015-07-02,0,53,1997-05-19,NA
"1032731","ESTEVAN+POINT+CS","07-03","FWI",1994,2026,2.85555555555556,5.01277854267957,22.8,2015-07-03,0,53,1997-05-19,NA
"1032731","ESTEVAN+POINT+CS","07-04","FWI",1994,2026,3.73703703703704,5.780347883339,22.5,2015-07-04,0,53,1997-05-19,NA
"1032731","ESTEVAN+POINT+CS","07-05","FWI",1994,2026,2.94444444444445,3.39471686066785,13.9,2013-07-05,0.1,53,1997-05-19,NA
"1032731","ESTEVAN+POINT+CS","07-06","FWI",1994,2026,2.54814814814815,3.08462319982527,16.2,2023-07-06,2.7,53,1997-05-19,NA
"1032731","ESTEVAN+POINT+CS","07-07","FWI",1994,2026,2.62962962962963,2.46916597797326,15.5,2023-07-07,0.4,53,1997-05-19,NA
"1032731","ESTEVAN+POINT+CS","07-08","FWI",1994,2026,2.58148148148148,2.82788818147952,14.6,2023-07-08,0.2,53,1997-05-19,NA
"1032731","ESTEVAN+POINT+CS","07-09","FWI",1994,2026,4.19259259259259,4.36964405573145,15.5,2023-07-09,0.1,53,1997-05-19,NA
"1032731","ESTEVAN+POINT+CS","07-10","FWI",1994,2026,4,5.03319748500662,22.6,2008-07-10,0,53,1997-05-19,NA
"1032731","ESTEVAN+POINT+CS","07-11","FWI",1994,2026,3.37777777777778,4.15797041219847,17.2,2000-07-11,0.3,53,1997-05-19,NA
"1032731","ESTEVAN+POINT+CS","07-12","FWI",1994,2026,3.53703703703704,4.60118280346295,15,2010-07-12,0.3,53,1997-05-19,NA
"1032731","ESTEVAN+POINT+CS","07-13","FWI",1994,2026,3.83703703703704,7.3554348377524,36.3,1996-07-13,0.4,53,1997-05-19,NA
"1032731","ESTEVAN+POINT+CS","07-14","FWI",1994,2026,3.72222222222222,4.64711104081246,20,1996-07-14,0.5,53,1997-05-19,NA
"1032731","ESTEVAN+POINT+CS","07-15","FWI",1994,2026,4.44814814814815,6.67390845989471,31.2,1996-07-15,3.1,53,1997-05-19,NA
"1032731","ESTEVAN+POINT+CS","07-16","FWI",1994,2026,4.00740740740741,5.36713115789962,20.1,2013-07-16,3.1,53,1997-05-19,NA
"1032731","ESTEVAN+POINT+CS","07-17","FWI",1994,2026,4.22592592592592,5.26209906878297,20.4,2015-07-17,0,53,1997-05-19,NA
"1032731","ESTEVAN+POINT+CS","07-18","FWI",1994,2026,3.44074074074074,3.44431072252147,14.2,1995-07-18,0.1,53,1997-05-19,NA
"1032731","ESTEVAN+POINT+CS","07-19","FWI",1994,2026,3.67777777777778,3.66200169446389,13.7,2018-07-19,1.5,53,1997-05-19,NA
"1032731","ESTEVAN+POINT+CS","07-20","FWI",1994,2026,3.46666666666667,3.60352391630535,13.5,2018-07-20,2.9,53,1997-05-19,NA
"1032731","ESTEVAN+POINT+CS","07-21","FWI",1994,2026,3.17777777777778,3.17833208960217,10.5,2015-07-21,1.9,53,1997-05-19,NA
"1032731","ESTEVAN+POINT+CS","07-22","FWI",1994,2026,3.46296296296296,4.53805686543923,23.2,2010-07-22,10,53,1997-05-19,NA
"1032731","ESTEVAN+POINT+CS","07-23","FWI",1994,2026,4.12592592592593,4.39952729913572,17.9,2006-07-23,9.8,53,1997-05-19,NA
"1032731","ESTEVAN+POINT+CS","07-24","FWI",1994,2026,5.35555555555556,7.74225833349444,37.7,2001-07-24,3.1,53,1997-05-19,NA
"1032731","ESTEVAN+POINT+CS","07-25","FWI",1994,2026,3.62962962962963,3.9378649833102,17.4,2013-07-25,4.2,53,1997-05-19,NA
"1032731","ESTEVAN+POINT+CS","07-26","FWI",1994,2026,5.07037037037037,7.73368331067788,34.1,2013-07-26,0,53,1997-05-19,NA
"1032731","ESTEVAN+POINT+CS","07-27","FWI",1994,2026,4.98148148148148,6.68212523983184,32.4,2013-07-27,0,53,1997-05-19,NA
"1032731","ESTEVAN+POINT+CS","07-28","FWI",1994,2026,4.2962962962963,2.94807387986455,13.2,2021-07-28,0,53,1997-05-19,NA
"1032731","ESTEVAN+POINT+CS","07-29","FWI",1994,2026,4.02962962962963,3.65742814376176,15,2021-07-29,0,53,1997-05-19,NA
"1032731","ESTEVAN+POINT+CS","07-30","FWI",1994,2026,5.61111111111111,7.32883311802055,27.4,1996-07-30,0.1,53,1997-05-19,NA
"1032731","ESTEVAN+POINT+CS","07-31","FWI",1994,2026,3.41851851851852,2.75695442849491,11.6,2021-07-31,0,53,1997-05-19,NA
"1032731","ESTEVAN+POINT+CS","08-01","FWI",1994,2026,4.27037037037037,3.70070833290631,12.1,2020-08-01,0,53,1997-05-19,NA
"1032731","ESTEVAN+POINT+CS","08-02","FWI",1994,2026,3.8962962962963,4.09431890470775,16.7,2006-08-02,0.1,53,1997-05-19,NA
"1032731","ESTEVAN+POINT+CS","08-03","FWI",1994,2026,4.15185185185185,5.44683185053268,21.7,2015-08-03,0.3,53,1997-05-19,NA
"1032731","ESTEVAN+POINT+CS","08-04","FWI",1994,2026,4.62222222222222,4.83928899206463,20.8,2015-08-04,0.7,53,1997-05-19,NA
"1032731","ESTEVAN+POINT+CS","08-05","FWI",1994,2026,3.77777777777778,2.97144530144628,12.1,2016-08-05,1.5,53,1997-05-19,NA
"1032731","ESTEVAN+POINT+CS","08-06","FWI",1994,2026,3.28148148148148,2.14207610240393,8.7,2022-08-06,0.9,53,1997-05-19,NA
"1032731","ESTEVAN+POINT+CS","08-07","FWI",1994,2026,3.71481481481482,3.85912541942459,15.1,2001-08-07,1.1,53,1997-05-19,NA
"1032731","ESTEVAN+POINT+CS","08-08","FWI",1994,2026,3.24074074074074,3.50376273117249,12.5,2022-08-08,NA,53,1997-05-19,NA
"1032731","ESTEVAN+POINT+CS","08-09","FWI",1994,2026,2.59259259259259,3.04301544852191,12.9,2022-08-09,NA,53,1997-05-19,NA
"1032731","ESTEVAN+POINT+CS","08-10","FWI",1994,2026,3.01111111111111,3.59254926986538,12.2,2013-08-10,NA,53,1997-05-19,NA
"1032731","ESTEVAN+POINT+CS","08-11","FWI",1994,2026,2.15925925925926,2.19409333986628,8.2,2025-08-11,NA,53,1997-05-19,NA
"1032731","ESTEVAN+POINT+CS","08-12","FWI",1994,2026,2.43333333333333,2.77779658113294,21,2021-08-12,NA,53,1997-05-19,NA
"1032731","ESTEVAN+POINT+CS","08-13","FWI",1994,2026,4.01111111111111,6.09484860248222,31.6,2002-08-13,NA,53,1997-05-19,NA
"1032731","ESTEVAN+POINT+CS","08-14","FWI",1994,2026,5.24814814814815,7.89553770616768,38.3,2002-08-14,NA,53,1997-05-19,NA
"1032731","ESTEVAN+POINT+CS","08-15","FWI",1994,2026,3.47407407407407,3.23259750196133,14.4,2023-08-15,NA,53,1997-05-19,NA
"1032731","ESTEVAN+POINT+CS","08-16","FWI",1994,2026,3.55185185185185,3.54665285004699,20.1,2023-08-16,NA,53,1997-05-19,NA
"1032731","ESTEVAN+POINT+CS","08-17","FWI",1994,2026,3.25925925925926,6.01052021678268,31.9,2002-08-17,NA,53,1997-05-19,NA
"1032731","ESTEVAN+POINT+CS","08-18","FWI",1994,2026,2.40740740740741,2.80053922361747,11.7,2023-08-18,NA,53,1997-05-19,NA
"1032731","ESTEVAN+POINT+CS","08-19","FWI",1994,2026,4.80769230769231,5.59227489144967,18.8,2010-08-19,NA,53,1997-05-19,NA
"1032731","ESTEVAN+POINT+CS","08-20","FWI",1994,2026,3.70384615384615,4.49893149707624,19.2,2009-08-20,NA,53,1997-05-19,NA
"1032731","ESTEVAN+POINT+CS","08-21","FWI",1994,2026,3.98461538461538,5.91964136127805,25.3,2016-08-21,NA,53,1997-05-19,NA
"1032731","ESTEVAN+POINT+CS","08-22","FWI",1994,2026,2.79230769230769,3.59432030591856,26.2,2021-08-22,NA,53,1997-05-19,NA
"1032731","ESTEVAN+POINT+CS","08-23","FWI",1994,2026,3.95,5.8502136713115,26.9,2018-08-23,NA,53,1997-05-19,NA
"1032731","ESTEVAN+POINT+CS","08-24","FWI",1994,2026,2.94615384615385,3.04883332036775,12,2021-08-24,NA,53,1997-05-19,NA
"1032731","ESTEVAN+POINT+CS","08-25","FWI",1994,2026,2.8,2.73744406335545,11.5,2023-08-25,NA,53,1997-05-19,NA
"1032731","ESTEVAN+POINT+CS","08-26","FWI",1994,2026,3.30769230769231,3.24356878477064,14,2013-08-26,NA,53,1997-05-19,NA
"1032731","ESTEVAN+POINT+CS","08-27","FWI",1994,2026,3.43461538461538,4.46084676335714,24.7,2022-08-27,NA,53,1997-05-19,NA
"1032731","ESTEVAN+POINT+CS","08-28","FWI",1994,2026,3.38076923076923,5.07298880194067,19.2,2006-08-28,NA,53,1997-05-19,NA
"1032731","ESTEVAN+POINT+CS","08-29","FWI",1994,2026,4.15384615384615,7.80431833124358,36.4,2002-08-29,NA,53,1997-05-19,NA
"1032731","ESTEVAN+POINT+CS","08-30","FWI",1994,2026,2.68846153846154,4.0034312206483,17.8,2022-08-30,NA,53,1997-05-19,NA
"1032731","ESTEVAN+POINT+CS","08-31","FWI",1994,2026,2.37692307692308,2.99029198471423,13.5,2021-08-31,NA,53,1997-05-19,NA
"1032731","ESTEVAN+POINT+CS","09-01","FWI",1994,2026,2.53076923076923,4.00786918257263,14.2,2006-09-01,NA,53,1997-05-19,NA
"1032731","ESTEVAN+POINT+CS","09-02","FWI",1994,2026,1.51538461538462,3.27837670900613,15.7,2006-09-02,NA,53,1997-05-19,NA
"1032731","ESTEVAN+POINT+CS","09-03","FWI",1994,2026,2.2,3.75552925697564,14,2018-09-03,NA,53,1997-05-19,NA
"1032731","ESTEVAN+POINT+CS","09-04","FWI",1994,2026,2.41538461538462,3.95875660355039,18.1,2006-09-04,NA,53,1997-05-19,NA
"1032731","ESTEVAN+POINT+CS","09-05","FWI",1994,2026,2.88846153846154,3.96437404119005,16,2006-09-05,NA,53,1997-05-19,NA
"1032731","ESTEVAN+POINT+CS","09-06","FWI",1994,2026,2.16538461538462,2.96134325030954,10.3,2020-09-06,NA,53,1997-05-19,NA
"1032731","ESTEVAN+POINT+CS","09-07","FWI",1994,2026,2.17307692307692,2.88493434134057,23.8,2022-09-07,NA,53,1997-05-19,NA
"1032731","ESTEVAN+POINT+CS","09-08","FWI",1994,2026,2.71153846153846,4.18763197266206,15.4,2022-09-08,NA,53,1997-05-19,NA
"1032731","ESTEVAN+POINT+CS","09-09","FWI",1994,2026,3.20384615384615,5.52090432949029,21,2008-09-09,NA,53,1997-05-19,NA
"1032731","ESTEVAN+POINT+CS","09-10","FWI",1994,2026,2.22692307692308,3.7966888407988,17.6,2022-09-10,NA,53,1997-05-19,NA
"1032731","ESTEVAN+POINT+CS","09-11","FWI",1994,2026,1.99615384615385,2.52894931056054,22.6,2022-09-11,NA,53,1997-05-19,NA
"1032731","ESTEVAN+POINT+CS","09-12","FWI",1994,2026,2.46923076923077,3.37244946361178,11.6,2008-09-12,NA,53,1997-05-19,NA
"1032731","ESTEVAN+POINT+CS","09-13","FWI",1994,2026,3.36538461538462,7.63014769491088,37.7,2006-09-13,NA,53,1997-05-19,NA
"1032731","ESTEVAN+POINT+CS","09-14","FWI",1994,2026,2.17307692307692,2.62519449828887,9.6,2012-09-14,NA,53,1997-05-19,NA
"1032731","ESTEVAN+POINT+CS","09-15","FWI",1994,2026,1.55769230769231,2.65859708521966,9.4,2012-09-15,NA,53,1997-05-19,NA
"1032731","ESTEVAN+POINT+CS","09-16","FWI",1994,2026,1.88076923076923,3.16645154464984,10.9,2014-09-16,NA,53,1997-05-19,NA
"1032731","ESTEVAN+POINT+CS","09-17","FWI",1994,2026,1.38846153846154,2.2853143194015,8.7,2022-09-17,NA,53,1997-05-19,NA
"1032731","ESTEVAN+POINT+CS","09-18","FWI",1994,2026,1.37692307692308,2.63686293800913,9.3,2012-09-18,NA,53,1997-05-19,NA
"1032731","ESTEVAN+POINT+CS","09-19","FWI",1994,2026,1.72307692307692,3.43852383354342,12.9,2013-09-19,NA,53,1997-05-19,NA
"1032731","ESTEVAN+POINT+CS","09-20","FWI",1994,2026,0.576923076923077,1.02695966515056,9.4,2022-09-20,NA,53,1997-05-19,NA
"1032731","ESTEVAN+POINT+CS","09-21","FWI",1994,2026,1.48461538461538,2.70506078418838,13.5,2022-09-21,NA,53,1997-05-19,NA
"1032731","ESTEVAN+POINT+CS","09-22","FWI",1994,2026,1.78846153846154,3.82259879381312,18.5,2008-09-22,NA,53,1997-05-19,NA
"1032731","ESTEVAN+POINT+CS","09-23","FWI",1994,2026,1.89615384615385,3.08719688639786,10.6,2008-09-23,NA,53,1997-05-19,NA
"1032731","ESTEVAN+POINT+CS","09-24","FWI",1994,2026,1.45,2.09002392330806,6.1,2012-09-24,NA,53,1997-05-19,NA
"1032731","ESTEVAN+POINT+CS","09-25","FWI",1994,2026,1.53461538461538,2.05191467808821,5.7,1994-09-25,NA,53,1997-05-19,NA
"1032731","ESTEVAN+POINT+CS","09-26","FWI",1994,2026,2.93076923076923,6.19094624307265,28.3,2002-09-26,NA,53,1997-05-19,NA
"1032731","ESTEVAN+POINT+CS","09-27","FWI",1994,2026,2.01538461538462,2.5262925100142,7,2012-09-27,NA,53,1997-05-19,NA
"1032731","ESTEVAN+POINT+CS","09-28","FWI",1994,2026,1.00384615384615,1.84618108954258,8.4,2001-09-28,NA,53,1997-05-19,NA
"1032731","ESTEVAN+POINT+CS","09-29","FWI",1994,2026,1.38461538461538,2.50993104410337,11.4,2002-09-29,NA,53,1997-05-19,NA
"1032731","ESTEVAN+POINT+CS","09-30","FWI",1994,2026,2.02307692307692,5.09982805139998,25.2,1996-09-30,NA,53,1997-05-19,NA
"1032731","ESTEVAN+POINT+CS","10-01","FWI",1994,2026,1.332,2.18722045832909,9.3,2001-10-01,NA,53,1997-05-19,NA
"1032731","ESTEVAN+POINT+CS","10-02","FWI",1994,2026,2.632,5.92422428114714,23.7,2015-10-02,NA,53,1997-05-19,NA
"1032731","ESTEVAN+POINT+CS","10-03","FWI",1994,2026,1.00384615384615,1.48902136162804,7.6,2022-10-03,NA,53,1997-05-19,NA
"1032731","ESTEVAN+POINT+CS","10-04","FWI",1994,2026,1.35384615384615,2.05275050003273,8,2006-10-04,NA,53,1997-05-19,NA
"1032731","ESTEVAN+POINT+CS","10-05","FWI",1994,2026,1.61923076923077,3.34819584024223,13.4,1994-10-05,NA,53,1997-05-19,NA
"1032731","ESTEVAN+POINT+CS","10-06","FWI",1994,2026,2.664,6.26331115837834,25.6,2001-10-06,NA,53,1997-05-19,NA
"1032731","ESTEVAN+POINT+CS","10-07","FWI",1994,2026,1.1,2.57713018685514,11.3,2001-10-07,NA,53,1997-05-19,NA
"1032731","ESTEVAN+POINT+CS","10-08","FWI",1994,2026,0.36,0.77028133388609,2.9,2012-10-08,NA,53,1997-05-19,NA
"1032731","ESTEVAN+POINT+CS","10-09","FWI",1994,2026,0.42,0.701189465598754,4.5,2022-10-09,NA,53,1997-05-19,NA
"1032731","ESTEVAN+POINT+CS","10-10","FWI",1994,2026,0.457692307692308,0.800586323601935,4.6,2022-10-10,NA,53,1997-05-19,NA
"1032731","ESTEVAN+POINT+CS","10-11","FWI",1994,2026,0.480769230769231,0.752605729858194,8.6,2022-10-11,NA,53,1997-05-19,NA
"1032731","ESTEVAN+POINT+CS","10-12","FWI",1994,2026,0.392307692307692,0.747755616186506,6.5,2022-10-12,NA,53,1997-05-19,NA
"1032731","ESTEVAN+POINT+CS","10-13","FWI",1994,2026,0.55,1.67743852346368,7.9,2019-10-13,NA,53,1997-05-19,NA
"1032731","ESTEVAN+POINT+CS","10-14","FWI",1994,2026,0.384615384615385,0.771332513351957,5.3,2022-10-14,NA,53,1997-05-19,NA
"1032731","ESTEVAN+POINT+CS","10-15","FWI",1994,2026,0.173076923076923,0.357276019131083,4.9,2022-10-15,NA,53,1997-05-19,NA
"1032731","ESTEVAN+POINT+CS","10-16","FWI",1994,2026,0.380769230769231,0.995999691071932,4.4,2002-10-16,NA,53,1997-05-19,NA
"1032731","ESTEVAN+POINT+CS","10-17","FWI",1994,2026,0.346153846153846,0.76064749745504,4.3,2022-10-17,NA,53,1997-05-19,NA
"1032731","ESTEVAN+POINT+CS","10-18","FWI",1994,2026,0.134615384615385,0.241565407610126,3.3,2022-10-18,NA,53,1997-05-19,NA
"1032731","ESTEVAN+POINT+CS","10-19","FWI",1994,2026,0.115384615384615,0.254074489380272,3.4,2022-10-19,NA,53,1997-05-19,NA
"1032731","ESTEVAN+POINT+CS","10-20","FWI",1994,2026,0.111538461538462,0.25818895882965,3.7,2022-10-20,NA,53,1997-05-19,NA
"1032731","ESTEVAN+POINT+CS","10-21","FWI",1994,2026,0.146153846153846,0.307546119118118,2.6,2022-10-21,NA,53,1997-05-19,NA
"1032731","ESTEVAN+POINT+CS","10-22","FWI",1994,2026,0.223076923076923,0.512490149999152,4.6,2022-10-22,NA,53,1997-05-19,NA
"1032731","ESTEVAN+POINT+CS","10-23","FWI",1994,2026,0.464,1.14195738391004,6.1,2022-10-23,NA,53,1997-05-19,NA
"1032731","ESTEVAN+POINT+CS","10-24","FWI",1994,2026,0.169230769230769,0.386542862584972,1.6,2013-10-24,NA,53,1997-05-19,NA
"1032731","ESTEVAN+POINT+CS","10-25","FWI",1994,2026,0.2,0.58309518948453,2.7,2008-10-25,NA,53,1997-05-19,NA
"1032731","ESTEVAN+POINT+CS","10-26","FWI",1994,2026,0.176,0.387599449604012,1.7,2013-10-26,NA,53,1997-05-19,NA
"1032731","ESTEVAN+POINT+CS","10-27","FWI",1994,2026,0.961538461538462,3.9461451491882,20.2,2013-10-27,NA,53,1997-05-19,NA
"1032731","ESTEVAN+POINT+CS","10-28","FWI",1994,2026,0.476923076923077,1.34768177024331,5.2,2013-10-28,NA,53,1997-05-19,NA
"1032731","ESTEVAN+POINT+CS","10-29","FWI",1994,2026,0.630769230769231,1.59693938038217,7.3,2013-10-29,NA,53,1997-05-19,NA
"1032731","ESTEVAN+POINT+CS","10-30","FWI",1994,2026,0.569230769230769,1.3442527234919,5.8,2013-10-30,NA,53,1997-05-19,NA
"1032731","ESTEVAN+POINT+CS","10-31","FWI",1994,2026,0.369230769230769,0.647931620323769,3.1,2008-10-31,NA,53,1997-05-19,NA
"1032731","ESTEVAN+POINT+CS","04-01","ISI",1994,2026,0.870588235294118,1.42905769035156,4.9,2018-04-01,NA,66.7,1997-05-19,NA
"1032731","ESTEVAN+POINT+CS","04-02","ISI",1994,2026,0.958823529411765,1.29134562740258,4.5,2018-04-02,NA,66.7,1997-05-19,NA
"1032731","ESTEVAN+POINT+CS","04-03","ISI",1994,2026,1.51176470588235,1.91078594855009,6.8,1994-04-03,NA,66.7,1997-05-19,NA
"1032731","ESTEVAN+POINT+CS","04-04","ISI",1994,2026,0.882352941176471,1.17166297101473,3.9,2001-04-04,NA,66.7,1997-05-19,NA
"1032731","ESTEVAN+POINT+CS","04-05","ISI",1994,2026,0.5125,1.03786640116475,3.9,2020-04-05,NA,66.7,1997-05-19,NA
"1032731","ESTEVAN+POINT+CS","04-06","ISI",1994,2026,0.68125,1.9531918321899,7.6,2020-04-06,NA,66.7,1997-05-19,NA
"1032731","ESTEVAN+POINT+CS","04-07","ISI",1994,2026,1.47647058823529,4.74335448440298,19.6,2020-04-07,NA,66.7,1997-05-19,NA
"1032731","ESTEVAN+POINT+CS","04-08","ISI",1994,2026,0.876470588235294,1.16217974715871,3,2006-04-08,NA,66.7,1997-05-19,NA
"1032731","ESTEVAN+POINT+CS","04-09","ISI",1994,2026,1.47058823529412,2.68415831916691,8.4,2020-04-09,NA,66.7,1997-05-19,NA
"1032731","ESTEVAN+POINT+CS","04-10","ISI",1994,2026,1.4625,2.52319242230948,9.4,2020-04-10,NA,66.7,1997-05-19,NA
"1032731","ESTEVAN+POINT+CS","04-11","ISI",1994,2026,1.40588235294118,2.14139866332594,7.4,1998-04-11,NA,66.7,1997-05-19,NA
"1032731","ESTEVAN+POINT+CS","04-12","ISI",1994,2026,0.688235294117647,1.07812473358905,3.4,2020-04-12,NA,66.7,1997-05-19,NA
"1032731","ESTEVAN+POINT+CS","04-13","ISI",1994,2026,0.888888888888889,1.14063392533888,4.8,2021-04-13,NA,66.7,1997-05-19,NA
"1032731","ESTEVAN+POINT+CS","04-14","ISI",1994,2026,0.933333333333333,1.62986827327711,6.4,2020-04-14,0,66.7,1997-05-19,NA
"1032731","ESTEVAN+POINT+CS","04-15","ISI",1994,2026,0.905555555555556,1.33657693699118,4.7,2001-04-15,0,66.7,1997-05-19,NA
"1032731","ESTEVAN+POINT+CS","04-16","ISI",1994,2026,0.927777777777778,1.05540934659917,2.9,1995-04-16,1.8,66.7,1997-05-19,NA
"1032731","ESTEVAN+POINT+CS","04-17","ISI",1994,2026,0.811111111111111,1.04593830033352,3.8,2021-04-17,NA,66.7,1997-05-19,NA
"1032731","ESTEVAN+POINT+CS","04-18","ISI",1994,2026,1.18235294117647,2.41822127144045,9.8,2011-04-18,NA,66.7,1997-05-19,NA
"1032731","ESTEVAN+POINT+CS","04-19","ISI",1994,2026,0.635294117647059,1.11239672356054,17.2,2025-04-19,NA,66.7,1997-05-19,NA
"1032731","ESTEVAN+POINT+CS","04-20","ISI",1994,2026,0.788888888888889,1.13701823095162,9.9,2025-04-20,NA,66.7,1997-05-19,NA
"1032731","ESTEVAN+POINT+CS","04-21","ISI",1994,2026,2.45555555555556,3.456149203993,15.6,2025-04-21,NA,66.7,1997-05-19,NA
"1032731","ESTEVAN+POINT+CS","04-22","ISI",1994,2026,1.72777777777778,2.13508659572436,7.4,2002-04-22,NA,66.7,1997-05-19,NA
"1032731","ESTEVAN+POINT+CS","04-23","ISI",1994,2026,2.62777777777778,4.7965435539938,19.3,2013-04-23,NA,66.7,1997-05-19,NA
"1032731","ESTEVAN+POINT+CS","04-24","ISI",1994,2026,1.53888888888889,1.69571740462256,5.8,2013-04-24,1.8,66.7,1997-05-19,NA
"1032731","ESTEVAN+POINT+CS","04-25","ISI",1994,2026,1.93888888888889,3.19524258287203,13,2013-04-25,2,66.7,1997-05-19,NA
"1032731","ESTEVAN+POINT+CS","04-26","ISI",1994,2026,2.05,3.10753354058848,12,2019-04-26,1.8,66.7,1997-05-19,NA
"1032731","ESTEVAN+POINT+CS","04-27","ISI",1994,2026,1.86111111111111,2.99079743229891,11.5,2019-04-27,2.2,66.7,1997-05-19,NA
"1032731","ESTEVAN+POINT+CS","04-28","ISI",1994,2026,1.01666666666667,0.93384089840262,5.6,2026-04-28,5.6,66.7,1997-05-19,NA
"1032731","ESTEVAN+POINT+CS","04-29","ISI",1994,2026,2.48888888888889,4.42983054899513,19.4,2016-04-29,2.4,66.7,1997-05-19,NA
"1032731","ESTEVAN+POINT+CS","04-30","ISI",1994,2026,2,1.80587277253638,6.4,2013-04-30,3.1,66.7,1997-05-19,NA
"1032731","ESTEVAN+POINT+CS","05-01","ISI",1994,2026,2.85263157894737,3.26349649252533,13.8,2006-05-01,NA,66.7,1997-05-19,NA
"1032731","ESTEVAN+POINT+CS","05-02","ISI",1994,2026,2.06842105263158,2.10027845550138,7.7,2013-05-02,1.8,66.7,1997-05-19,NA
"1032731","ESTEVAN+POINT+CS","05-03","ISI",1994,2026,2.025,2.16257035176102,7.1,2016-05-03,2.1,66.7,1997-05-19,NA
"1032731","ESTEVAN+POINT+CS","05-04","ISI",1994,2026,2.72857142857143,4.59381571867471,20.4,2016-05-04,3.9,66.7,1997-05-19,NA
"1032731","ESTEVAN+POINT+CS","05-05","ISI",1994,2026,3.45238095238095,4.71906972269101,16.8,2019-05-05,2.2,66.7,1997-05-19,NA
"1032731","ESTEVAN+POINT+CS","05-06","ISI",1994,2026,2.07142857142857,2.07319629006586,6.4,2026-05-06,6.4,66.7,1997-05-19,NA
"1032731","ESTEVAN+POINT+CS","05-07","ISI",1994,2026,4.46666666666667,6.03376609865955,22.4,2016-05-07,4,66.7,1997-05-19,NA
"1032731","ESTEVAN+POINT+CS","05-08","ISI",1994,2026,3.84761904761905,6.5942110254085,31.3,2016-05-08,5.5,66.7,1997-05-19,NA
"1032731","ESTEVAN+POINT+CS","05-09","ISI",1994,2026,2.41904761904762,2.11296451641267,7.8,2020-05-09,1,66.7,1997-05-19,NA
"1032731","ESTEVAN+POINT+CS","05-10","ISI",1994,2026,1.88636363636364,1.26351567519832,4.1,2020-05-10,0.1,66.7,1997-05-19,NA
"1032731","ESTEVAN+POINT+CS","05-11","ISI",1994,2026,2.20909090909091,2.35147554302341,9.9,2006-05-11,1.6,66.7,1997-05-19,NA
"1032731","ESTEVAN+POINT+CS","05-12","ISI",1994,2026,2.13181818181818,2.20159819949841,8.6,2007-05-12,1,66.7,1997-05-19,NA
"1032731","ESTEVAN+POINT+CS","05-13","ISI",1994,2026,2.36818181818182,2.36409377858396,7.9,2007-05-13,3.9,66.7,1997-05-19,NA
"1032731","ESTEVAN+POINT+CS","05-14","ISI",1994,2026,1.45,1.41883587426285,6.9,2025-05-14,0.3,66.7,1997-05-19,NA
"1032731","ESTEVAN+POINT+CS","05-15","ISI",1994,2026,2.80909090909091,3.97503028930168,14.6,1995-05-15,0,66.7,1997-05-19,NA
"1032731","ESTEVAN+POINT+CS","05-16","ISI",1994,2026,2.33181818181818,4.04644304280949,18.8,2012-05-16,0.5,66.7,1997-05-19,NA
"1032731","ESTEVAN+POINT+CS","05-17","ISI",1994,2026,2.76818181818182,4.53571922827559,20.8,2012-05-17,0.7,66.7,1997-05-19,NA
"1032731","ESTEVAN+POINT+CS","05-18","ISI",1994,2026,2.7,3.18562110398927,13.3,1995-05-18,1.1,66.7,1997-05-19,NA
"1032731","ESTEVAN+POINT+CS","05-19","ISI",1994,2026,4.74782608695652,13.6098182996761,66.7,1997-05-19,1.2,66.7,1997-05-19,NA
"1032731","ESTEVAN+POINT+CS","05-20","ISI",1994,2026,2.34782608695652,2.32063266554176,9.4,1995-05-20,1.3,66.7,1997-05-19,NA
"1032731","ESTEVAN+POINT+CS","05-21","ISI",1994,2026,2.86521739130435,2.86032558471809,11.7,2013-05-21,2,66.7,1997-05-19,NA
"1032731","ESTEVAN+POINT+CS","05-22","ISI",1994,2026,2.78260869565217,2.56154288979993,9.1,2020-05-22,3,66.7,1997-05-19,NA
"1032731","ESTEVAN+POINT+CS","05-23","ISI",1994,2026,2.62608695652174,3.86678365185805,16.7,2017-05-23,9.7,66.7,1997-05-19,NA
"1032731","ESTEVAN+POINT+CS","05-24","ISI",1994,2026,3.89565217391304,7.62331819073257,32.9,2019-05-24,7.7,66.7,1997-05-19,NA
"1032731","ESTEVAN+POINT+CS","05-25","ISI",1994,2026,2.54583333333333,3.68781532672909,17.9,2019-05-25,0,66.7,1997-05-19,NA
"1032731","ESTEVAN+POINT+CS","05-26","ISI",1994,2026,2.97916666666667,3.76447688688403,16.7,2016-05-26,2,66.7,1997-05-19,NA
"1032731","ESTEVAN+POINT+CS","05-27","ISI",1994,2026,2.52916666666667,4.0799061334755,18.3,2007-05-27,4.2,66.7,1997-05-19,NA
"1032731","ESTEVAN+POINT+CS","05-28","ISI",1994,2026,1.7625,1.78613318068123,6,2014-05-28,4.3,66.7,1997-05-19,NA
"1032731","ESTEVAN+POINT+CS","05-29","ISI",1994,2026,2.61666666666667,2.85271292185049,11,2020-05-29,9.7,66.7,1997-05-19,NA
"1032731","ESTEVAN+POINT+CS","05-30","ISI",1994,2026,3.012,3.00254336632573,10.5,1995-05-30,4.6,66.7,1997-05-19,NA
"1032731","ESTEVAN+POINT+CS","05-31","ISI",1994,2026,2.176,2.21439984344893,9.9,2025-05-31,7.8,66.7,1997-05-19,NA
"1032731","ESTEVAN+POINT+CS","06-01","ISI",1994,2026,1.772,2.07515461271363,16,2025-06-01,2.7,66.7,1997-05-19,NA
"1032731","ESTEVAN+POINT+CS","06-02","ISI",1994,2026,2.00769230769231,2.39314405365378,15.9,2025-06-02,4.6,66.7,1997-05-19,NA
"1032731","ESTEVAN+POINT+CS","06-03","ISI",1994,2026,1.53076923076923,1.62819390264654,7.4,2014-06-03,2.3,66.7,1997-05-19,NA
"1032731","ESTEVAN+POINT+CS","06-04","ISI",1994,2026,2.26153846153846,4.3534884332523,22.3,2014-06-04,0.1,66.7,1997-05-19,NA
"1032731","ESTEVAN+POINT+CS","06-05","ISI",1994,2026,1.97307692307692,2.40824545132886,9.5,2013-06-05,0,66.7,1997-05-19,NA
"1032731","ESTEVAN+POINT+CS","06-06","ISI",1994,2026,2.62307692307692,3.45569763634583,15.4,1995-06-06,0.1,66.7,1997-05-19,NA
"1032731","ESTEVAN+POINT+CS","06-07","ISI",1994,2026,2.3962962962963,2.27249125943677,8.6,2011-06-07,1,66.7,1997-05-19,NA
"1032731","ESTEVAN+POINT+CS","06-08","ISI",1994,2026,3.02592592592593,4.43912609145544,21.9,2003-06-08,0,66.7,1997-05-19,NA
"1032731","ESTEVAN+POINT+CS","06-09","ISI",1994,2026,2.53333333333333,3.83295427334301,17.8,2015-06-09,0.3,66.7,1997-05-19,NA
"1032731","ESTEVAN+POINT+CS","06-10","ISI",1994,2026,1.62222222222222,2.3514861640008,10.2,2015-06-10,0.5,66.7,1997-05-19,NA
"1032731","ESTEVAN+POINT+CS","06-11","ISI",1994,2026,1.97037037037037,3.44303252010098,17.8,2015-06-11,1.3,66.7,1997-05-19,NA
"1032731","ESTEVAN+POINT+CS","06-12","ISI",1994,2026,2.07777777777778,3.43414229951721,14.8,2015-06-12,3.3,66.7,1997-05-19,NA
"1032731","ESTEVAN+POINT+CS","06-13","ISI",1994,2026,3.41851851851852,5.80570257042008,25.5,1998-06-13,1.9,66.7,1997-05-19,NA
"1032731","ESTEVAN+POINT+CS","06-14","ISI",1994,2026,1.47407407407407,1.51494924834835,5.5,2010-06-14,3.1,66.7,1997-05-19,NA
"1032731","ESTEVAN+POINT+CS","06-15","ISI",1994,2026,2.53703703703704,2.34752703730611,8.2,2000-06-15,4.6,66.7,1997-05-19,NA
"1032731","ESTEVAN+POINT+CS","06-16","ISI",1994,2026,1.75185185185185,1.61920454601121,12.5,2026-06-16,12.5,66.7,1997-05-19,NA
"1032731","ESTEVAN+POINT+CS","06-17","ISI",1994,2026,1.89259259259259,2.67652557876609,20.5,2026-06-17,20.5,66.7,1997-05-19,NA
"1032731","ESTEVAN+POINT+CS","06-18","ISI",1994,2026,2.18148148148148,3.98921980390585,20.8,2000-06-18,7.3,66.7,1997-05-19,NA
"1032731","ESTEVAN+POINT+CS","06-19","ISI",1994,2026,2.29259259259259,3.04705733529227,15.4,2026-06-19,15.4,66.7,1997-05-19,NA
"1032731","ESTEVAN+POINT+CS","06-20","ISI",1994,2026,3.18518518518519,4.22407966341178,16.8,2019-06-20,3.5,66.7,1997-05-19,NA
"1032731","ESTEVAN+POINT+CS","06-21","ISI",1994,2026,2.22307692307692,2.39888435608017,8.9,2009-06-21,3.8,66.7,1997-05-19,NA
"1032731","ESTEVAN+POINT+CS","06-22","ISI",1994,2026,2.26538461538462,2.13896092674781,8.7,2000-06-22,2.6,66.7,1997-05-19,NA
"1032731","ESTEVAN+POINT+CS","06-23","ISI",1994,2026,1.7037037037037,1.69671208778387,8.6,2026-06-23,8.6,66.7,1997-05-19,NA
"1032731","ESTEVAN+POINT+CS","06-24","ISI",1994,2026,1.11481481481481,1.94376789206778,9.2,2006-06-24,6.5,66.7,1997-05-19,NA
"1032731","ESTEVAN+POINT+CS","06-25","ISI",1994,2026,1.94814814814815,2.6443510721144,11.9,2017-06-25,2.1,66.7,1997-05-19,NA
"1032731","ESTEVAN+POINT+CS","06-26","ISI",1994,2026,2.27037037037037,3.1304724164026,13.9,2017-06-26,0,66.7,1997-05-19,NA
"1032731","ESTEVAN+POINT+CS","06-27","ISI",1994,2026,2.8962962962963,4.12072449581022,20.4,2006-06-27,0,66.7,1997-05-19,NA
"1032731","ESTEVAN+POINT+CS","06-28","ISI",1994,2026,2.24814814814815,2.63604750312782,9.3,1995-06-28,3.8,66.7,1997-05-19,NA
"1032731","ESTEVAN+POINT+CS","06-29","ISI",1994,2026,1.98888888888889,2.12373642673859,6.6,2020-06-29,4,66.7,1997-05-19,NA
"1032731","ESTEVAN+POINT+CS","06-30","ISI",1994,2026,2.17037037037037,4.24805972133295,21.6,2020-06-30,10,66.7,1997-05-19,NA
"1032731","ESTEVAN+POINT+CS","07-01","ISI",1994,2026,1.65185185185185,1.85583702251331,8.2,2009-07-01,2.6,66.7,1997-05-19,NA
"1032731","ESTEVAN+POINT+CS","07-02","ISI",1994,2026,2.9,3.26943890740151,13.3,2015-07-02,0,66.7,1997-05-19,NA
"1032731","ESTEVAN+POINT+CS","07-03","ISI",1994,2026,2.4037037037037,3.66621597851785,17.1,2015-07-03,0,66.7,1997-05-19,NA
"1032731","ESTEVAN+POINT+CS","07-04","ISI",1994,2026,3.17777777777778,5.19662119024196,24,2013-07-04,0,66.7,1997-05-19,NA
"1032731","ESTEVAN+POINT+CS","07-05","ISI",1994,2026,2.41481481481481,2.65948284499995,12.3,2013-07-05,0.2,66.7,1997-05-19,NA
"1032731","ESTEVAN+POINT+CS","07-06","ISI",1994,2026,2.0037037037037,1.95674012296777,7.3,2007-07-06,2.7,66.7,1997-05-19,NA
"1032731","ESTEVAN+POINT+CS","07-07","ISI",1994,2026,2.14444444444444,2.20093220343167,10.7,2011-07-07,0.7,66.7,1997-05-19,NA
"1032731","ESTEVAN+POINT+CS","07-08","ISI",1994,2026,1.92222222222222,1.68165059330074,5.9,1996-07-08,0.4,66.7,1997-05-19,NA
"1032731","ESTEVAN+POINT+CS","07-09","ISI",1994,2026,3.2962962962963,3.7805658389556,12.4,2007-07-09,0.3,66.7,1997-05-19,NA
"1032731","ESTEVAN+POINT+CS","07-10","ISI",1994,2026,3.2037037037037,4.92055980879298,25.3,2008-07-10,0.1,66.7,1997-05-19,NA
"1032731","ESTEVAN+POINT+CS","07-11","ISI",1994,2026,2.26666666666667,2.25217843260868,8.5,2024-07-11,0.7,66.7,1997-05-19,NA
"1032731","ESTEVAN+POINT+CS","07-12","ISI",1994,2026,2.46666666666667,2.97075488981919,10.6,2010-07-12,0.7,66.7,1997-05-19,NA
"1032731","ESTEVAN+POINT+CS","07-13","ISI",1994,2026,2.83333333333333,5.01781441849552,23.5,1996-07-13,0.8,66.7,1997-05-19,NA
"1032731","ESTEVAN+POINT+CS","07-14","ISI",1994,2026,2.58518518518519,2.39834938490616,9.5,1996-07-14,0.9,66.7,1997-05-19,NA
"1032731","ESTEVAN+POINT+CS","07-15","ISI",1994,2026,2.85925925925926,3.61325117388538,17.4,1996-07-15,2.4,66.7,1997-05-19,NA
"1032731","ESTEVAN+POINT+CS","07-16","ISI",1994,2026,2.51851851851852,2.84983630259125,11.3,2015-07-16,2.4,66.7,1997-05-19,NA
"1032731","ESTEVAN+POINT+CS","07-17","ISI",1994,2026,3.04444444444445,3.67876790968571,13.5,2015-07-17,0,66.7,1997-05-19,NA
"1032731","ESTEVAN+POINT+CS","07-18","ISI",1994,2026,2.30740740740741,1.95348326486225,7.3,1995-07-18,0.1,66.7,1997-05-19,NA
"1032731","ESTEVAN+POINT+CS","07-19","ISI",1994,2026,2.55555555555556,2.65610086308329,9.5,2018-07-19,1.8,66.7,1997-05-19,NA
"1032731","ESTEVAN+POINT+CS","07-20","ISI",1994,2026,2.43703703703704,2.31286504780213,8.9,2018-07-20,2.5,66.7,1997-05-19,NA
"1032731","ESTEVAN+POINT+CS","07-21","ISI",1994,2026,2.01111111111111,1.69191137550526,6,2008-07-21,1.7,66.7,1997-05-19,NA
"1032731","ESTEVAN+POINT+CS","07-22","ISI",1994,2026,2.37777777777778,3.0412969568076,15.6,2010-07-22,5.9,66.7,1997-05-19,NA
"1032731","ESTEVAN+POINT+CS","07-23","ISI",1994,2026,2.69259259259259,2.84062911855346,13.9,2006-07-23,5.6,66.7,1997-05-19,NA
"1032731","ESTEVAN+POINT+CS","07-24","ISI",1994,2026,3.62222222222222,4.99710172410225,25.1,2001-07-24,1.7,66.7,1997-05-19,NA
"1032731","ESTEVAN+POINT+CS","07-25","ISI",1994,2026,2.31481481481481,1.75646141294271,7.6,2013-07-25,2.3,66.7,1997-05-19,NA
"1032731","ESTEVAN+POINT+CS","07-26","ISI",1994,2026,3.57037037037037,5.60575355634485,24.7,2002-07-26,0,66.7,1997-05-19,NA
"1032731","ESTEVAN+POINT+CS","07-27","ISI",1994,2026,3.26666666666667,3.79250272552004,17.4,2013-07-27,0,66.7,1997-05-19,NA
"1032731","ESTEVAN+POINT+CS","07-28","ISI",1994,2026,2.62592592592593,1.57029947966636,6.7,2005-07-28,0,66.7,1997-05-19,NA
"1032731","ESTEVAN+POINT+CS","07-29","ISI",1994,2026,2.41481481481481,2.00224944724748,9.6,2016-07-29,0,66.7,1997-05-19,NA
"1032731","ESTEVAN+POINT+CS","07-30","ISI",1994,2026,3.53703703703704,5.15857375549514,24.5,2016-07-30,0.1,66.7,1997-05-19,NA
"1032731","ESTEVAN+POINT+CS","07-31","ISI",1994,2026,1.98518518518518,1.26725132705629,4.9,2020-07-31,0,66.7,1997-05-19,NA
"1032731","ESTEVAN+POINT+CS","08-01","ISI",1994,2026,2.53703703703704,2.36613091323694,10.7,2000-08-01,0,66.7,1997-05-19,NA
"1032731","ESTEVAN+POINT+CS","08-02","ISI",1994,2026,2.3037037037037,2.18217983491481,9,2006-08-02,0.4,66.7,1997-05-19,NA
"1032731","ESTEVAN+POINT+CS","08-03","ISI",1994,2026,2.45185185185185,2.80032558139645,11.2,2015-08-03,0.9,66.7,1997-05-19,NA
"1032731","ESTEVAN+POINT+CS","08-04","ISI",1994,2026,2.57777777777778,2.18514800296726,10.2,2015-08-04,1.6,66.7,1997-05-19,NA
"1032731","ESTEVAN+POINT+CS","08-05","ISI",1994,2026,2.12222222222222,1.27500628454962,7.2,2016-08-05,2.2,66.7,1997-05-19,NA
"1032731","ESTEVAN+POINT+CS","08-06","ISI",1994,2026,1.88888888888889,1.04672872590802,4.4,1998-08-06,1.7,66.7,1997-05-19,NA
"1032731","ESTEVAN+POINT+CS","08-07","ISI",1994,2026,2.04814814814815,1.73168889779499,6,1995-08-07,1.9,66.7,1997-05-19,NA
"1032731","ESTEVAN+POINT+CS","08-08","ISI",1994,2026,1.82222222222222,1.69350190963834,6,2007-08-08,NA,66.7,1997-05-19,NA
"1032731","ESTEVAN+POINT+CS","08-09","ISI",1994,2026,1.46296296296296,1.32785198090408,5.2,1997-08-09,NA,66.7,1997-05-19,NA
"1032731","ESTEVAN+POINT+CS","08-10","ISI",1994,2026,1.63333333333333,1.53823075192048,6.1,2014-08-10,NA,66.7,1997-05-19,NA
"1032731","ESTEVAN+POINT+CS","08-11","ISI",1994,2026,1.22222222222222,0.961302535158711,4,2025-08-11,NA,66.7,1997-05-19,NA
"1032731","ESTEVAN+POINT+CS","08-12","ISI",1994,2026,1.47407407407407,1.44956030272116,10.2,2021-08-12,NA,66.7,1997-05-19,NA
"1032731","ESTEVAN+POINT+CS","08-13","ISI",1994,2026,2.45185185185185,3.74436708941376,20.1,2002-08-13,NA,66.7,1997-05-19,NA
"1032731","ESTEVAN+POINT+CS","08-14","ISI",1994,2026,3.16666666666667,5.10233732262442,26.1,2002-08-14,NA,66.7,1997-05-19,NA
"1032731","ESTEVAN+POINT+CS","08-15","ISI",1994,2026,1.8962962962963,1.48466040703473,6.1,2023-08-15,NA,66.7,1997-05-19,NA
"1032731","ESTEVAN+POINT+CS","08-16","ISI",1994,2026,2.02222222222222,1.8805345666619,8.8,2023-08-16,NA,66.7,1997-05-19,NA
"1032731","ESTEVAN+POINT+CS","08-17","ISI",1994,2026,1.9037037037037,3.37906239629615,18.3,2002-08-17,NA,66.7,1997-05-19,NA
"1032731","ESTEVAN+POINT+CS","08-18","ISI",1994,2026,1.37407407407407,1.55182091368436,7.8,2009-08-18,NA,66.7,1997-05-19,NA
"1032731","ESTEVAN+POINT+CS","08-19","ISI",1994,2026,2.84230769230769,3.31471544201587,10.7,2010-08-19,NA,66.7,1997-05-19,NA
"1032731","ESTEVAN+POINT+CS","08-20","ISI",1994,2026,2.06153846153846,2.82036549731795,13.9,2009-08-20,NA,66.7,1997-05-19,NA
"1032731","ESTEVAN+POINT+CS","08-21","ISI",1994,2026,2.33846153846154,3.87206166511608,18,2016-08-21,NA,66.7,1997-05-19,NA
"1032731","ESTEVAN+POINT+CS","08-22","ISI",1994,2026,1.53461538461538,1.64364042483563,9.8,2021-08-22,NA,66.7,1997-05-19,NA
"1032731","ESTEVAN+POINT+CS","08-23","ISI",1994,2026,2.21538461538462,2.63039043606721,12,2018-08-23,NA,66.7,1997-05-19,NA
"1032731","ESTEVAN+POINT+CS","08-24","ISI",1994,2026,1.67692307692308,1.2391312092939,3.8,1994-08-24,NA,66.7,1997-05-19,NA
"1032731","ESTEVAN+POINT+CS","08-25","ISI",1994,2026,1.67307692307692,1.48123129653885,4.8,2019-08-25,NA,66.7,1997-05-19,NA
"1032731","ESTEVAN+POINT+CS","08-26","ISI",1994,2026,2.04230769230769,1.58244698538007,7.5,2013-08-26,NA,66.7,1997-05-19,NA
"1032731","ESTEVAN+POINT+CS","08-27","ISI",1994,2026,1.98461538461538,2.13966208690855,10.3,2016-08-27,NA,66.7,1997-05-19,NA
"1032731","ESTEVAN+POINT+CS","08-28","ISI",1994,2026,1.91923076923077,2.32310468653812,8.3,2006-08-28,NA,66.7,1997-05-19,NA
"1032731","ESTEVAN+POINT+CS","08-29","ISI",1994,2026,2.57307692307692,4.51243239881177,18.4,2002-08-29,NA,66.7,1997-05-19,NA
"1032731","ESTEVAN+POINT+CS","08-30","ISI",1994,2026,1.68846153846154,2.22788274791595,9.5,2011-08-30,NA,66.7,1997-05-19,NA
"1032731","ESTEVAN+POINT+CS","08-31","ISI",1994,2026,1.65384615384615,1.92981465829872,6.5,2008-08-31,NA,66.7,1997-05-19,NA
"1032731","ESTEVAN+POINT+CS","09-01","ISI",1994,2026,1.69230769230769,1.86588811602906,5.3,2000-09-01,NA,66.7,1997-05-19,NA
"1032731","ESTEVAN+POINT+CS","09-02","ISI",1994,2026,1.05769230769231,1.31215031971892,5.7,2006-09-02,NA,66.7,1997-05-19,NA
"1032731","ESTEVAN+POINT+CS","09-03","ISI",1994,2026,1.48076923076923,1.57734440900375,4.8,2006-09-03,NA,66.7,1997-05-19,NA
"1032731","ESTEVAN+POINT+CS","09-04","ISI",1994,2026,1.61923076923077,1.56997305219401,6.7,2006-09-04,NA,66.7,1997-05-19,NA
"1032731","ESTEVAN+POINT+CS","09-05","ISI",1994,2026,1.99615384615385,1.93297299913491,6.6,2008-09-05,NA,66.7,1997-05-19,NA
"1032731","ESTEVAN+POINT+CS","09-06","ISI",1994,2026,1.68461538461538,2.27871758806436,8.8,2007-09-06,NA,66.7,1997-05-19,NA
"1032731","ESTEVAN+POINT+CS","09-07","ISI",1994,2026,1.81923076923077,2.53077367313148,12.5,2022-09-07,NA,66.7,1997-05-19,NA
"1032731","ESTEVAN+POINT+CS","09-08","ISI",1994,2026,2.22307692307692,3.36015567404937,12.2,2005-09-08,NA,66.7,1997-05-19,NA
"1032731","ESTEVAN+POINT+CS","09-09","ISI",1994,2026,2.86538461538462,5.47561447201625,23,2008-09-09,NA,66.7,1997-05-19,NA
"1032731","ESTEVAN+POINT+CS","09-10","ISI",1994,2026,1.7,2.53424544983314,9.5,2020-09-10,NA,66.7,1997-05-19,NA
"1032731","ESTEVAN+POINT+CS","09-11","ISI",1994,2026,1.53461538461538,1.6265158610213,9.9,2022-09-11,NA,66.7,1997-05-19,NA
"1032731","ESTEVAN+POINT+CS","09-12","ISI",1994,2026,1.89615384615385,2.11082557673168,9.2,2008-09-12,NA,66.7,1997-05-19,NA
"1032731","ESTEVAN+POINT+CS","09-13","ISI",1994,2026,2.73846153846154,5.71034688424981,27.8,2006-09-13,NA,66.7,1997-05-19,NA
"1032731","ESTEVAN+POINT+CS","09-14","ISI",1994,2026,1.67692307692308,1.40180103932268,5.2,2015-09-14,NA,66.7,1997-05-19,NA
"1032731","ESTEVAN+POINT+CS","09-15","ISI",1994,2026,1.11923076923077,1.14891922458256,3.9,2014-09-15,NA,66.7,1997-05-19,NA
"1032731","ESTEVAN+POINT+CS","09-16","ISI",1994,2026,1.41538461538462,1.44019229485296,5,2014-09-16,NA,66.7,1997-05-19,NA
"1032731","ESTEVAN+POINT+CS","09-17","ISI",1994,2026,1.00769230769231,1.33833421145036,4.9,2007-09-17,NA,66.7,1997-05-19,NA
"1032731","ESTEVAN+POINT+CS","09-18","ISI",1994,2026,0.965384615384615,1.72949525762687,7.9,2007-09-18,NA,66.7,1997-05-19,NA
"1032731","ESTEVAN+POINT+CS","09-19","ISI",1994,2026,1.6,3.15214212877529,13.4,1996-09-19,NA,66.7,1997-05-19,NA
"1032731","ESTEVAN+POINT+CS","09-20","ISI",1994,2026,0.634615384615385,0.746695283334404,2.9,2024-09-20,NA,66.7,1997-05-19,NA
"1032731","ESTEVAN+POINT+CS","09-21","ISI",1994,2026,1.37692307692308,1.75255418000305,7,2008-09-21,NA,66.7,1997-05-19,NA
"1032731","ESTEVAN+POINT+CS","09-22","ISI",1994,2026,1.58076923076923,2.60415348714614,13,2008-09-22,NA,66.7,1997-05-19,NA
"1032731","ESTEVAN+POINT+CS","09-23","ISI",1994,2026,1.65384615384615,2.35800437136673,9.1,2002-09-23,NA,66.7,1997-05-19,NA
"1032731","ESTEVAN+POINT+CS","09-24","ISI",1994,2026,1.3,1.72881462279794,6.3,2009-09-24,NA,66.7,1997-05-19,NA
"1032731","ESTEVAN+POINT+CS","09-25","ISI",1994,2026,1.29230769230769,1.52942422549745,4.5,1994-09-25,NA,66.7,1997-05-19,NA
"1032731","ESTEVAN+POINT+CS","09-26","ISI",1994,2026,3.19615384615385,7.22990903230356,32.6,2002-09-26,NA,66.7,1997-05-19,NA
"1032731","ESTEVAN+POINT+CS","09-27","ISI",1994,2026,1.91538461538462,2.49811005485224,11.3,2019-09-27,NA,66.7,1997-05-19,NA
"1032731","ESTEVAN+POINT+CS","09-28","ISI",1994,2026,1.06153846153846,1.20700519404911,4.5,2001-09-28,NA,66.7,1997-05-19,NA
"1032731","ESTEVAN+POINT+CS","09-29","ISI",1994,2026,1.43846153846154,1.93805612366142,8.5,2002-09-29,NA,66.7,1997-05-19,NA
"1032731","ESTEVAN+POINT+CS","09-30","ISI",1994,2026,2.41923076923077,6.29793739129053,32.7,1996-09-30,NA,66.7,1997-05-19,NA
"1032731","ESTEVAN+POINT+CS","10-01","ISI",1994,2026,1.388,1.4187200804481,4.7,2001-10-01,NA,66.7,1997-05-19,NA
"1032731","ESTEVAN+POINT+CS","10-02","ISI",1994,2026,2.956,6.75284384537359,33.1,2015-10-02,NA,66.7,1997-05-19,NA
"1032731","ESTEVAN+POINT+CS","10-03","ISI",1994,2026,1.20769230769231,1.18959592363897,3.8,2000-10-03,NA,66.7,1997-05-19,NA
"1032731","ESTEVAN+POINT+CS","10-04","ISI",1994,2026,1.53846153846154,1.80046147930511,5.9,2010-10-04,NA,66.7,1997-05-19,NA
"1032731","ESTEVAN+POINT+CS","10-05","ISI",1994,2026,1.47692307692308,2.70115644749543,12.9,1994-10-05,NA,66.7,1997-05-19,NA
"1032731","ESTEVAN+POINT+CS","10-06","ISI",1994,2026,2.22,4.32155450426503,16.5,2006-10-06,NA,66.7,1997-05-19,NA
"1032731","ESTEVAN+POINT+CS","10-07","ISI",1994,2026,0.896153846153846,1.49197339633943,5.2,2001-10-07,NA,66.7,1997-05-19,NA
"1032731","ESTEVAN+POINT+CS","10-08","ISI",1994,2026,0.592,1.25728543563769,5.5,2013-10-08,NA,66.7,1997-05-19,NA
"1032731","ESTEVAN+POINT+CS","10-09","ISI",1994,2026,0.732,1.04431795924421,3.7,2007-10-09,NA,66.7,1997-05-19,NA
"1032731","ESTEVAN+POINT+CS","10-10","ISI",1994,2026,0.834615384615385,1.37983834058699,5.5,2002-10-10,NA,66.7,1997-05-19,NA
"1032731","ESTEVAN+POINT+CS","10-11","ISI",1994,2026,0.784615384615384,0.84885443166296,3.2,2022-10-11,NA,66.7,1997-05-19,NA
"1032731","ESTEVAN+POINT+CS","10-12","ISI",1994,2026,0.796153846153846,1.4106681450237,6.2,2018-10-12,NA,66.7,1997-05-19,NA
"1032731","ESTEVAN+POINT+CS","10-13","ISI",1994,2026,0.838461538461538,2.12190045441852,10,2019-10-13,NA,66.7,1997-05-19,NA
"1032731","ESTEVAN+POINT+CS","10-14","ISI",1994,2026,0.688461538461538,1.0663308766333,3.4,2019-10-14,NA,66.7,1997-05-19,NA
"1032731","ESTEVAN+POINT+CS","10-15","ISI",1994,2026,0.392307692307692,0.702522925987801,2.2,2018-10-15,NA,66.7,1997-05-19,NA
"1032731","ESTEVAN+POINT+CS","10-16","ISI",1994,2026,0.573076923076923,1.07909506246955,4,2002-10-16,NA,66.7,1997-05-19,NA
"1032731","ESTEVAN+POINT+CS","10-17","ISI",1994,2026,0.580769230769231,1.01941914079312,3.7,1994-10-17,NA,66.7,1997-05-19,NA
"1032731","ESTEVAN+POINT+CS","10-18","ISI",1994,2026,0.323076923076923,0.529382804637772,1.7,2018-10-18,NA,66.7,1997-05-19,NA
"1032731","ESTEVAN+POINT+CS","10-19","ISI",1994,2026,0.303846153846154,0.575138779239077,1.9,2018-10-19,NA,66.7,1997-05-19,NA
"1032731","ESTEVAN+POINT+CS","10-20","ISI",1994,2026,0.280769230769231,0.54407295890844,1.8,2013-10-20,NA,66.7,1997-05-19,NA
"1032731","ESTEVAN+POINT+CS","10-21","ISI",1994,2026,0.346153846153846,0.683655333764475,2.4,2020-10-21,NA,66.7,1997-05-19,NA
"1032731","ESTEVAN+POINT+CS","10-22","ISI",1994,2026,0.461538461538462,0.977783993764235,4,2006-10-22,NA,66.7,1997-05-19,NA
"1032731","ESTEVAN+POINT+CS","10-23","ISI",1994,2026,0.66,1.31402688962847,5.7,2023-10-23,NA,66.7,1997-05-19,NA
"1032731","ESTEVAN+POINT+CS","10-24","ISI",1994,2026,0.403846153846154,0.81165547825701,3.1,2008-10-24,NA,66.7,1997-05-19,NA
"1032731","ESTEVAN+POINT+CS","10-25","ISI",1994,2026,0.419230769230769,1.00280376176767,4.7,2008-10-25,NA,66.7,1997-05-19,NA
"1032731","ESTEVAN+POINT+CS","10-26","ISI",1994,2026,0.408,0.68369096332578,2.2,2008-10-26,NA,66.7,1997-05-19,NA
"1032731","ESTEVAN+POINT+CS","10-27","ISI",1994,2026,1.34615384615385,4.35983768222908,22.2,2013-10-27,NA,66.7,1997-05-19,NA
"1032731","ESTEVAN+POINT+CS","10-28","ISI",1994,2026,0.673076923076923,1.45535086966894,6.2,2008-10-28,NA,66.7,1997-05-19,NA
"1032731","ESTEVAN+POINT+CS","10-29","ISI",1994,2026,1.01538461538462,1.70685495756196,5.9,2019-10-29,NA,66.7,1997-05-19,NA
"1032731","ESTEVAN+POINT+CS","10-30","ISI",1994,2026,0.915384615384615,1.4149748570748,5,2008-10-30,NA,66.7,1997-05-19,NA
"1032731","ESTEVAN+POINT+CS","10-31","ISI",1994,2026,0.769230769230769,1.00985909146543,3.8,2008-10-31,NA,66.7,1997-05-19,NA
