"AES","NAME","MD","variable","por_start","por_end","clim_mean","clim_sd","clim_max","clim_max_date","value","rec_all_val","rec_all_date","value_record"
"1088015","TATLAYOKO+LAKE+RCS","04-01","BUI",2000,2026,22.2666666666667,10.0584955800226,29.6,2016-04-01,NA,282.5,2009-09-18,NA
"1088015","TATLAYOKO+LAKE+RCS","04-02","BUI",2000,2026,24,10.432641084596,32,2016-04-02,NA,282.5,2009-09-18,NA
"1088015","TATLAYOKO+LAKE+RCS","04-03","BUI",2000,2026,25.3333333333333,10.7220955663216,33.1,2016-04-03,NA,282.5,2009-09-18,NA
"1088015","TATLAYOKO+LAKE+RCS","04-04","BUI",2000,2026,26.4,10.6080158370922,34.1,2016-04-04,NA,282.5,2009-09-18,NA
"1088015","TATLAYOKO+LAKE+RCS","04-05","BUI",2000,2026,27.7666666666667,10.6809799800081,35.6,2016-04-05,NA,282.5,2009-09-18,NA
"1088015","TATLAYOKO+LAKE+RCS","04-06","BUI",2000,2026,29.1,10.6080158370922,36.8,2016-04-06,NA,282.5,2009-09-18,NA
"1088015","TATLAYOKO+LAKE+RCS","04-07","BUI",2000,2026,30.2,10.688779163216,38.7,2016-04-07,NA,282.5,2009-09-18,NA
"1088015","TATLAYOKO+LAKE+RCS","04-08","BUI",2000,2026,27.4,12.6327616405387,41.9,2016-04-08,NA,282.5,2009-09-18,NA
"1088015","TATLAYOKO+LAKE+RCS","04-09","BUI",2000,2026,24.88,14.7393012046026,43.9,2016-04-09,NA,282.5,2009-09-18,NA
"1088015","TATLAYOKO+LAKE+RCS","04-10","BUI",2000,2026,23.56,13.7467450692882,46,2016-04-10,NA,282.5,2009-09-18,NA
"1088015","TATLAYOKO+LAKE+RCS","04-11","BUI",2000,2026,22.3,14.2649220117041,48,2016-04-11,NA,282.5,2009-09-18,NA
"1088015","TATLAYOKO+LAKE+RCS","04-12","BUI",2000,2026,23.4166666666667,14.2760522087399,49.4,2016-04-12,19.3,282.5,2009-09-18,NA
"1088015","TATLAYOKO+LAKE+RCS","04-13","BUI",2000,2026,26.42,15.0561283203883,50.5,2016-04-13,20.9,282.5,2009-09-18,NA
"1088015","TATLAYOKO+LAKE+RCS","04-14","BUI",2000,2026,24.04,17.1925274465391,51.9,2016-04-14,21.2,282.5,2009-09-18,NA
"1088015","TATLAYOKO+LAKE+RCS","04-15","BUI",2000,2026,23.7833333333333,16.8976231070132,53.4,2016-04-15,NA,282.5,2009-09-18,NA
"1088015","TATLAYOKO+LAKE+RCS","04-16","BUI",2000,2026,23.2142857142857,16.2875646400793,54.1,2016-04-16,15.8,282.5,2009-09-18,NA
"1088015","TATLAYOKO+LAKE+RCS","04-17","BUI",2000,2026,24.7857142857143,16.6522699725321,56,2016-04-17,17.1,282.5,2009-09-18,NA
"1088015","TATLAYOKO+LAKE+RCS","04-18","BUI",2000,2026,26.4428571428571,17.4459027800089,59.6,2016-04-18,19.4,282.5,2009-09-18,NA
"1088015","TATLAYOKO+LAKE+RCS","04-19","BUI",2000,2026,24.8,17.715046066631,63,2016-04-19,20.9,282.5,2009-09-18,NA
"1088015","TATLAYOKO+LAKE+RCS","04-20","BUI",2000,2026,26.5875,18.2936708414999,66.1,2016-04-20,23.4,282.5,2009-09-18,NA
"1088015","TATLAYOKO+LAKE+RCS","04-21","BUI",2000,2026,24.3545454545455,17.4652434071995,68,2016-04-21,25.8,282.5,2009-09-18,NA
"1088015","TATLAYOKO+LAKE+RCS","04-22","BUI",2000,2026,25.2090909090909,17.4770967008513,69,2016-04-22,28,282.5,2009-09-18,NA
"1088015","TATLAYOKO+LAKE+RCS","04-23","BUI",2000,2026,26.67,16.7239714847348,64.5,2016-04-23,30.2,282.5,2009-09-18,NA
"1088015","TATLAYOKO+LAKE+RCS","04-24","BUI",2000,2026,25.93,11.195837520158,52.6,2025-04-24,32.4,282.5,2009-09-18,NA
"1088015","TATLAYOKO+LAKE+RCS","04-25","BUI",2000,2026,25.3545454545455,11.7968948148539,56.2,2025-04-25,34.6,282.5,2009-09-18,NA
"1088015","TATLAYOKO+LAKE+RCS","04-26","BUI",2000,2026,27.6181818181818,11.922987728067,59.1,2025-04-26,36.9,282.5,2009-09-18,NA
"1088015","TATLAYOKO+LAKE+RCS","04-27","BUI",2000,2026,26.3692307692308,10.6438859300684,62,2025-04-27,39.7,282.5,2009-09-18,NA
"1088015","TATLAYOKO+LAKE+RCS","04-28","BUI",2000,2026,26.9692307692308,12.034214045475,64.8,2025-04-28,42,282.5,2009-09-18,NA
"1088015","TATLAYOKO+LAKE+RCS","04-29","BUI",2000,2026,30.0583333333333,11.7441249012845,67.4,2025-04-29,44.9,282.5,2009-09-18,NA
"1088015","TATLAYOKO+LAKE+RCS","04-30","BUI",2000,2026,28.7357142857143,13.7921163179359,69.9,2025-04-30,47.8,282.5,2009-09-18,NA
"1088015","TATLAYOKO+LAKE+RCS","05-01","BUI",2000,2026,29.8933333333333,14.488935022811,73.8,2025-05-01,50.2,282.5,2009-09-18,NA
"1088015","TATLAYOKO+LAKE+RCS","05-02","BUI",2000,2026,31.20625,14.6035826083876,77.3,2025-05-02,53.5,282.5,2009-09-18,NA
"1088015","TATLAYOKO+LAKE+RCS","05-03","BUI",2000,2026,31.5125,15.3559054872493,79.3,2025-05-03,57.2,282.5,2009-09-18,NA
"1088015","TATLAYOKO+LAKE+RCS","05-04","BUI",2000,2026,31.2117647058824,17.2208769504104,81.4,2025-05-04,61,282.5,2009-09-18,NA
"1088015","TATLAYOKO+LAKE+RCS","05-05","BUI",2000,2026,32.1176470588235,18.8425129459328,83.4,2025-05-05,65.7,282.5,2009-09-18,NA
"1088015","TATLAYOKO+LAKE+RCS","05-06","BUI",2000,2026,31.45,20.4650131860667,86.4,2025-05-06,68.2,282.5,2009-09-18,NA
"1088015","TATLAYOKO+LAKE+RCS","05-07","BUI",2000,2026,33.7611111111111,20.8575882337365,89.3,2025-05-07,71.1,282.5,2009-09-18,NA
"1088015","TATLAYOKO+LAKE+RCS","05-08","BUI",2000,2026,34.3315789473684,21.1303639510008,91.5,2025-05-08,72.9,282.5,2009-09-18,NA
"1088015","TATLAYOKO+LAKE+RCS","05-09","BUI",2000,2026,36.3789473684211,22.0196270769554,93.6,2025-05-09,75.8,282.5,2009-09-18,NA
"1088015","TATLAYOKO+LAKE+RCS","05-10","BUI",2000,2026,38.0263157894737,23.073261150452,95.4,2025-05-10,77.2,282.5,2009-09-18,NA
"1088015","TATLAYOKO+LAKE+RCS","05-11","BUI",2000,2026,39.6684210526316,22.4901966947473,96.8,2025-05-11,79.7,282.5,2009-09-18,NA
"1088015","TATLAYOKO+LAKE+RCS","05-12","BUI",2000,2026,38.8473684210526,18.1655769832533,83.3,2026-05-12,83.3,282.5,2009-09-18,NA
"1088015","TATLAYOKO+LAKE+RCS","05-13","BUI",2000,2026,40.9578947368421,17.9570263496392,85.8,2019-05-13,85.1,282.5,2009-09-18,NA
"1088015","TATLAYOKO+LAKE+RCS","05-14","BUI",2000,2026,40.2526315789474,20.3540705298597,87.7,2019-05-14,86.7,282.5,2009-09-18,NA
"1088015","TATLAYOKO+LAKE+RCS","05-15","BUI",2000,2026,43.2,20.0024998437695,90.2,2019-05-15,87.8,282.5,2009-09-18,NA
"1088015","TATLAYOKO+LAKE+RCS","05-16","BUI",2000,2026,44.585,21.1019898039074,92.8,2019-05-16,60.3,282.5,2009-09-18,NA
"1088015","TATLAYOKO+LAKE+RCS","05-17","BUI",2000,2026,45.775,22.6199929033448,94.2,2019-05-17,62.8,282.5,2009-09-18,NA
"1088015","TATLAYOKO+LAKE+RCS","05-18","BUI",2000,2026,47.505,22.9615118473455,96.9,2019-05-18,65.4,282.5,2009-09-18,NA
"1088015","TATLAYOKO+LAKE+RCS","05-19","BUI",2000,2026,45.09,21.8566116697948,98.9,2019-05-19,68.2,282.5,2009-09-18,NA
"1088015","TATLAYOKO+LAKE+RCS","05-20","BUI",2000,2026,45.44,21.6454541234534,100.3,2019-05-20,71.3,282.5,2009-09-18,NA
"1088015","TATLAYOKO+LAKE+RCS","05-21","BUI",2000,2026,44.11,21.1151953266886,92.5,2023-05-21,73.6,282.5,2009-09-18,NA
"1088015","TATLAYOKO+LAKE+RCS","05-22","BUI",2000,2026,43.77,22.4224065566003,95.1,2023-05-22,77,282.5,2009-09-18,NA
"1088015","TATLAYOKO+LAKE+RCS","05-23","BUI",2000,2026,45.515,23.3339886499456,95.9,2023-05-23,80,282.5,2009-09-18,NA
"1088015","TATLAYOKO+LAKE+RCS","05-24","BUI",2000,2026,46.03,23.69250603261,99.1,2023-05-24,82.1,282.5,2009-09-18,NA
"1088015","TATLAYOKO+LAKE+RCS","05-25","BUI",2000,2026,43.5263157894737,20.9389016507357,103.5,2023-05-25,83.5,282.5,2009-09-18,NA
"1088015","TATLAYOKO+LAKE+RCS","05-26","BUI",2000,2026,44.64,21.8793437792482,108.7,2023-05-26,86.1,282.5,2009-09-18,NA
"1088015","TATLAYOKO+LAKE+RCS","05-27","BUI",2000,2026,45.445,22.5213927539783,112.9,2023-05-27,90.7,282.5,2009-09-18,NA
"1088015","TATLAYOKO+LAKE+RCS","05-28","BUI",2000,2026,45.595,23.8770198925111,117.5,2023-05-28,94.9,282.5,2009-09-18,NA
"1088015","TATLAYOKO+LAKE+RCS","05-29","BUI",2000,2026,47.655,25.0971056204957,121.5,2023-05-29,96.6,282.5,2009-09-18,NA
"1088015","TATLAYOKO+LAKE+RCS","05-30","BUI",2000,2026,49.8947368421053,24.0977978174173,125,2023-05-30,99.8,282.5,2009-09-18,NA
"1088015","TATLAYOKO+LAKE+RCS","05-31","BUI",2000,2026,51.315,23.7963348571073,127.8,2023-05-31,102.9,282.5,2009-09-18,NA
"1088015","TATLAYOKO+LAKE+RCS","06-01","BUI",2000,2026,51.475,22.0973414690546,131.4,2023-06-01,107.8,282.5,2009-09-18,NA
"1088015","TATLAYOKO+LAKE+RCS","06-02","BUI",2000,2026,52.965,23.2303856143085,135.3,2023-06-02,112.2,282.5,2009-09-18,NA
"1088015","TATLAYOKO+LAKE+RCS","06-03","BUI",2000,2026,56.0631578947368,25.0600436845925,139.5,2023-06-03,115.7,282.5,2009-09-18,NA
"1088015","TATLAYOKO+LAKE+RCS","06-04","BUI",2000,2026,58.935,24.4489215131853,142.6,2023-06-04,118.6,282.5,2009-09-18,NA
"1088015","TATLAYOKO+LAKE+RCS","06-05","BUI",2000,2026,60.325,25.6629955793408,146.3,2023-06-05,120.4,282.5,2009-09-18,NA
"1088015","TATLAYOKO+LAKE+RCS","06-06","BUI",2000,2026,59.405,27.5217516846125,151.6,2023-06-06,121.7,282.5,2009-09-18,NA
"1088015","TATLAYOKO+LAKE+RCS","06-07","BUI",2000,2026,61.13,28.7353825540276,157.8,2023-06-07,124.3,282.5,2009-09-18,NA
"1088015","TATLAYOKO+LAKE+RCS","06-08","BUI",2000,2026,62.44,30.6047880670914,164.5,2023-06-08,126.4,282.5,2009-09-18,NA
"1088015","TATLAYOKO+LAKE+RCS","06-09","BUI",2000,2026,62.92,29.2493202800015,167.2,2023-06-09,93.8,282.5,2009-09-18,NA
"1088015","TATLAYOKO+LAKE+RCS","06-10","BUI",2000,2026,61.37,30.8891583773847,142.3,2009-06-10,76.5,282.5,2009-09-18,NA
"1088015","TATLAYOKO+LAKE+RCS","06-11","BUI",2000,2026,59.535,30.6849916168526,122.3,2009-06-11,79.3,282.5,2009-09-18,NA
"1088015","TATLAYOKO+LAKE+RCS","06-12","BUI",2000,2026,61.0947368421053,31.828908482772,114.5,2009-06-12,82.9,282.5,2009-09-18,NA
"1088015","TATLAYOKO+LAKE+RCS","06-13","BUI",2000,2026,61.5,32.1365180048132,120.3,2009-06-13,87.5,282.5,2009-09-18,NA
"1088015","TATLAYOKO+LAKE+RCS","06-14","BUI",2000,2026,61.945,32.0158262673158,125.9,2009-06-14,92.7,282.5,2009-09-18,NA
"1088015","TATLAYOKO+LAKE+RCS","06-15","BUI",2000,2026,64.38,32.803988846031,130.1,2009-06-15,97.1,282.5,2009-09-18,NA
"1088015","TATLAYOKO+LAKE+RCS","06-16","BUI",2000,2026,64.47,32.3792997551148,133.2,2009-06-16,101.1,282.5,2009-09-18,NA
"1088015","TATLAYOKO+LAKE+RCS","06-17","BUI",2000,2026,66.455,33.5541114431129,137,2009-06-17,104.3,282.5,2009-09-18,NA
"1088015","TATLAYOKO+LAKE+RCS","06-18","BUI",2000,2026,67.725,36.1906919553982,141.4,2009-06-18,108,282.5,2009-09-18,NA
"1088015","TATLAYOKO+LAKE+RCS","06-19","BUI",2000,2026,69.77,36.3960972459527,144,2009-06-19,112.8,282.5,2009-09-18,NA
"1088015","TATLAYOKO+LAKE+RCS","06-20","BUI",2000,2026,70.795,38.3911239056223,147.2,2009-06-20,115,282.5,2009-09-18,NA
"1088015","TATLAYOKO+LAKE+RCS","06-21","BUI",2000,2026,71.46,35.628660846069,126.4,2017-06-21,118,282.5,2009-09-18,NA
"1088015","TATLAYOKO+LAKE+RCS","06-22","BUI",2000,2026,73.265,35.5109215964832,129.8,2017-06-22,122.1,282.5,2009-09-18,NA
"1088015","TATLAYOKO+LAKE+RCS","06-23","BUI",2000,2026,75.38,36.9023547957808,134.3,2017-06-23,126.7,282.5,2009-09-18,NA
"1088015","TATLAYOKO+LAKE+RCS","06-24","BUI",2000,2026,78.04,37.7914415262448,140.2,2017-06-24,131.1,282.5,2009-09-18,NA
"1088015","TATLAYOKO+LAKE+RCS","06-25","BUI",2000,2026,77.17,38.5274488616814,146.2,2017-06-25,134.9,282.5,2009-09-18,NA
"1088015","TATLAYOKO+LAKE+RCS","06-26","BUI",2000,2026,80.855,38.6014654071442,151.5,2017-06-26,136.6,282.5,2009-09-18,NA
"1088015","TATLAYOKO+LAKE+RCS","06-27","BUI",2000,2026,83.44,39.5194076239431,155.8,2017-06-27,139.5,282.5,2009-09-18,NA
"1088015","TATLAYOKO+LAKE+RCS","06-28","BUI",2000,2026,83.485,38.1406162150424,160.8,2017-06-28,143.2,282.5,2009-09-18,NA
"1088015","TATLAYOKO+LAKE+RCS","06-29","BUI",2000,2026,84.3,40.7288731873484,166.2,2017-06-29,146.8,282.5,2009-09-18,NA
"1088015","TATLAYOKO+LAKE+RCS","06-30","BUI",2000,2026,86.32,40.6253952207496,171.4,2017-06-30,150.4,282.5,2009-09-18,NA
"1088015","TATLAYOKO+LAKE+RCS","07-01","BUI",2000,2026,85.485,38.9378489255296,175.3,2017-07-01,153.5,282.5,2009-09-18,NA
"1088015","TATLAYOKO+LAKE+RCS","07-02","BUI",2000,2026,85.835,40.9237709200385,179.5,2017-07-02,155.6,282.5,2009-09-18,NA
"1088015","TATLAYOKO+LAKE+RCS","07-03","BUI",2000,2026,86.475,41.0224056237307,183,2017-07-03,158.9,282.5,2009-09-18,NA
"1088015","TATLAYOKO+LAKE+RCS","07-04","BUI",2000,2026,87.63,43.0356168282676,187.5,2017-07-04,161.2,282.5,2009-09-18,NA
"1088015","TATLAYOKO+LAKE+RCS","07-05","BUI",2000,2026,89.66,45.6155605952733,192.5,2017-07-05,121.4,282.5,2009-09-18,NA
"1088015","TATLAYOKO+LAKE+RCS","07-06","BUI",2000,2026,88.595,41.6552704064153,198.9,2017-07-06,126.4,282.5,2009-09-18,NA
"1088015","TATLAYOKO+LAKE+RCS","07-07","BUI",2000,2026,86.2,45.8065727299386,203.9,2017-07-07,129.4,282.5,2009-09-18,NA
"1088015","TATLAYOKO+LAKE+RCS","07-08","BUI",2000,2026,88.165,48.3266655715368,208.8,2017-07-08,133.2,282.5,2009-09-18,NA
"1088015","TATLAYOKO+LAKE+RCS","07-09","BUI",2000,2026,91.395,49.7476629972123,213.7,2017-07-09,135.3,282.5,2009-09-18,NA
"1088015","TATLAYOKO+LAKE+RCS","07-10","BUI",2000,2026,92.41,52.0376473031026,217,2017-07-10,139.2,282.5,2009-09-18,NA
"1088015","TATLAYOKO+LAKE+RCS","07-11","BUI",2000,2026,96.61,51.7287144121796,221,2017-07-11,142.9,282.5,2009-09-18,NA
"1088015","TATLAYOKO+LAKE+RCS","07-12","BUI",2000,2026,90.58,40.0719300626682,162.9,2025-07-12,88.1,282.5,2009-09-18,NA
"1088015","TATLAYOKO+LAKE+RCS","07-13","BUI",2000,2026,91.745,43.0113262317093,168.6,2014-07-13,92.4,282.5,2009-09-18,NA
"1088015","TATLAYOKO+LAKE+RCS","07-14","BUI",2000,2026,92.715,43.9045888382141,174.5,2014-07-14,96.8,282.5,2009-09-18,NA
"1088015","TATLAYOKO+LAKE+RCS","07-15","BUI",2000,2026,90.355,47.4436338694333,180.2,2014-07-15,101.5,282.5,2009-09-18,NA
"1088015","TATLAYOKO+LAKE+RCS","07-16","BUI",2000,2026,93.275,48.8168098205181,185.8,2014-07-16,107.7,282.5,2009-09-18,NA
"1088015","TATLAYOKO+LAKE+RCS","07-17","BUI",2000,2026,95.795,49.8720096056422,190.9,2014-07-17,110.5,282.5,2009-09-18,NA
"1088015","TATLAYOKO+LAKE+RCS","07-18","BUI",2000,2026,98.375,49.5793343514901,194,2014-07-18,111.8,282.5,2009-09-18,NA
"1088015","TATLAYOKO+LAKE+RCS","07-19","BUI",2000,2026,99.155,50.0134663444704,197.5,2014-07-19,115.8,282.5,2009-09-18,NA
"1088015","TATLAYOKO+LAKE+RCS","07-20","BUI",2000,2026,98.655,51.017514794328,200.1,2014-07-20,120.7,282.5,2009-09-18,NA
"1088015","TATLAYOKO+LAKE+RCS","07-21","BUI",2000,2026,101.18,52.3160194848274,203.5,2014-07-21,125.6,282.5,2009-09-18,NA
"1088015","TATLAYOKO+LAKE+RCS","07-22","BUI",2000,2026,103.29,51.1649849429327,207.1,2014-07-22,132.1,282.5,2009-09-18,NA
"1088015","TATLAYOKO+LAKE+RCS","07-23","BUI",2000,2026,104.92,52.1625859061938,209.9,2014-07-23,138.2,282.5,2009-09-18,NA
"1088015","TATLAYOKO+LAKE+RCS","07-24","BUI",2000,2026,104.08,46.9062626275448,189.7,2010-07-24,143.2,282.5,2009-09-18,NA
"1088015","TATLAYOKO+LAKE+RCS","07-25","BUI",2000,2026,108.22,47.0338131448787,193.4,2010-07-25,147.5,282.5,2009-09-18,NA
"1088015","TATLAYOKO+LAKE+RCS","07-26","BUI",2000,2026,111.14,47.0041140416677,197.6,2010-07-26,150.6,282.5,2009-09-18,NA
"1088015","TATLAYOKO+LAKE+RCS","07-27","BUI",2000,2026,115.085,47.3490874140925,201.9,2010-07-27,152.8,282.5,2009-09-18,NA
"1088015","TATLAYOKO+LAKE+RCS","07-28","BUI",2000,2026,118.49,48.8531839182194,206.2,2010-07-28,114.5,282.5,2009-09-18,NA
"1088015","TATLAYOKO+LAKE+RCS","07-29","BUI",2000,2026,122.56,48.71446775262,210.2,2010-07-29,118.7,282.5,2009-09-18,NA
"1088015","TATLAYOKO+LAKE+RCS","07-30","BUI",2000,2026,126.565,48.989260638376,214.1,2010-07-30,121.2,282.5,2009-09-18,NA
"1088015","TATLAYOKO+LAKE+RCS","07-31","BUI",2000,2026,128.855,50.9775438176871,217.7,2010-07-31,123.8,282.5,2009-09-18,NA
"1088015","TATLAYOKO+LAKE+RCS","08-01","BUI",2000,2026,127.46,51.3666223800713,221.6,2010-08-01,68.9,282.5,2009-09-18,NA
"1088015","TATLAYOKO+LAKE+RCS","08-02","BUI",2000,2026,124.255,55.5613030331079,225.2,2010-08-02,71.3,282.5,2009-09-18,NA
"1088015","TATLAYOKO+LAKE+RCS","08-03","BUI",2000,2026,125.995,56.5877285841709,228.6,2010-08-03,76,282.5,2009-09-18,NA
"1088015","TATLAYOKO+LAKE+RCS","08-04","BUI",2000,2026,124.75,56.2577667152676,232.5,2010-08-04,81.8,282.5,2009-09-18,NA
"1088015","TATLAYOKO+LAKE+RCS","08-05","BUI",2000,2026,122.105,56.1932518424729,234.4,2010-08-05,87.4,282.5,2009-09-18,NA
"1088015","TATLAYOKO+LAKE+RCS","08-06","BUI",2000,2026,122.205,55.9253965000179,237.9,2010-08-06,93.1,282.5,2009-09-18,NA
"1088015","TATLAYOKO+LAKE+RCS","08-07","BUI",2000,2026,122.6,58.6439300040148,240.9,2010-08-07,99.9,282.5,2009-09-18,NA
"1088015","TATLAYOKO+LAKE+RCS","08-08","BUI",2000,2026,125.26,60.1506389693497,244.1,2010-08-08,NA,282.5,2009-09-18,NA
"1088015","TATLAYOKO+LAKE+RCS","08-09","BUI",2000,2026,124.305,53.5400143031261,212.2,2006-08-09,NA,282.5,2009-09-18,NA
"1088015","TATLAYOKO+LAKE+RCS","08-10","BUI",2000,2026,124.705,54.7591518426492,214.8,2006-08-10,NA,282.5,2009-09-18,NA
"1088015","TATLAYOKO+LAKE+RCS","08-11","BUI",2000,2026,126.015,51.2701952507754,217.1,2006-08-11,NA,282.5,2009-09-18,NA
"1088015","TATLAYOKO+LAKE+RCS","08-12","BUI",2000,2026,116.8,57.2223470333051,219.2,2006-08-12,NA,282.5,2009-09-18,NA
"1088015","TATLAYOKO+LAKE+RCS","08-13","BUI",2000,2026,120.842857142857,56.9055671391523,222.6,2006-08-13,NA,282.5,2009-09-18,NA
"1088015","TATLAYOKO+LAKE+RCS","08-14","BUI",2000,2026,124.995238095238,56.7704542538676,226,2006-08-14,NA,282.5,2009-09-18,NA
"1088015","TATLAYOKO+LAKE+RCS","08-15","BUI",2000,2026,126.385714285714,53.842393016231,229.2,2006-08-15,NA,282.5,2009-09-18,NA
"1088015","TATLAYOKO+LAKE+RCS","08-16","BUI",2000,2026,130.423809523809,53.9831075871138,232.9,2006-08-16,NA,282.5,2009-09-18,NA
"1088015","TATLAYOKO+LAKE+RCS","08-17","BUI",2000,2026,130.628571428571,56.1804160082243,236.7,2006-08-17,NA,282.5,2009-09-18,NA
"1088015","TATLAYOKO+LAKE+RCS","08-18","BUI",2000,2026,134.076190476191,56.2018674490617,240.2,2006-08-18,NA,282.5,2009-09-18,NA
"1088015","TATLAYOKO+LAKE+RCS","08-19","BUI",2000,2026,137.72380952381,56.3320149183562,243.6,2006-08-19,NA,282.5,2009-09-18,NA
"1088015","TATLAYOKO+LAKE+RCS","08-20","BUI",2000,2026,140.571428571429,57.006667529835,247.2,2006-08-20,NA,282.5,2009-09-18,NA
"1088015","TATLAYOKO+LAKE+RCS","08-21","BUI",2000,2026,138.938095238095,58.3460922101084,251.4,2006-08-21,NA,282.5,2009-09-18,NA
"1088015","TATLAYOKO+LAKE+RCS","08-22","BUI",2000,2026,127.528571428571,55.4293617395793,254.5,2006-08-22,NA,282.5,2009-09-18,NA
"1088015","TATLAYOKO+LAKE+RCS","08-23","BUI",2000,2026,123.095238095238,48.1359894069965,215.1,2009-08-23,NA,282.5,2009-09-18,NA
"1088015","TATLAYOKO+LAKE+RCS","08-24","BUI",2000,2026,125.371428571429,47.8982269281144,217.6,2009-08-24,NA,282.5,2009-09-18,NA
"1088015","TATLAYOKO+LAKE+RCS","08-25","BUI",2000,2026,122.77619047619,45.6013585846069,220.4,2009-08-25,NA,282.5,2009-09-18,NA
"1088015","TATLAYOKO+LAKE+RCS","08-26","BUI",2000,2026,119.6,50.9182285630598,223.2,2009-08-26,NA,282.5,2009-09-18,NA
"1088015","TATLAYOKO+LAKE+RCS","08-27","BUI",2000,2026,121.485714285714,51.6496881473091,227.4,2009-08-27,NA,282.5,2009-09-18,NA
"1088015","TATLAYOKO+LAKE+RCS","08-28","BUI",2000,2026,120.795238095238,55.5921350209764,231.9,2009-08-28,NA,282.5,2009-09-18,NA
"1088015","TATLAYOKO+LAKE+RCS","08-29","BUI",2000,2026,117.871428571429,55.9814982191183,235.3,2009-08-29,NA,282.5,2009-09-18,NA
"1088015","TATLAYOKO+LAKE+RCS","08-30","BUI",2000,2026,112.509523809524,50.6754862311345,238.8,2009-08-30,NA,282.5,2009-09-18,NA
"1088015","TATLAYOKO+LAKE+RCS","08-31","BUI",2000,2026,107.652380952381,54.7003347251881,242,2009-08-31,NA,282.5,2009-09-18,NA
"1088015","TATLAYOKO+LAKE+RCS","09-01","BUI",2000,2026,108.1,57.1212920021948,243.7,2009-09-01,NA,282.5,2009-09-18,NA
"1088015","TATLAYOKO+LAKE+RCS","09-02","BUI",2000,2026,108.004761904762,58.5536717566924,246.3,2009-09-02,NA,282.5,2009-09-18,NA
"1088015","TATLAYOKO+LAKE+RCS","09-03","BUI",2000,2026,103.819047619048,57.3595991883453,248.5,2009-09-03,NA,282.5,2009-09-18,NA
"1088015","TATLAYOKO+LAKE+RCS","09-04","BUI",2000,2026,103.485714285714,59.9037501807215,250.9,2009-09-04,NA,282.5,2009-09-18,NA
"1088015","TATLAYOKO+LAKE+RCS","09-05","BUI",2000,2026,105.033333333333,60.21404598043,252.4,2009-09-05,NA,282.5,2009-09-18,NA
"1088015","TATLAYOKO+LAKE+RCS","09-06","BUI",2000,2026,106.82380952381,60.314035719407,253.4,2009-09-06,NA,282.5,2009-09-18,NA
"1088015","TATLAYOKO+LAKE+RCS","09-07","BUI",2000,2026,106.12380952381,61.273794600644,255.7,2009-09-07,NA,282.5,2009-09-18,NA
"1088015","TATLAYOKO+LAKE+RCS","09-08","BUI",2000,2026,104.452380952381,62.2511013480695,258,2009-09-08,NA,282.5,2009-09-18,NA
"1088015","TATLAYOKO+LAKE+RCS","09-09","BUI",2000,2026,103.666666666667,64.7917535905097,259.5,2009-09-09,NA,282.5,2009-09-18,NA
"1088015","TATLAYOKO+LAKE+RCS","09-10","BUI",2000,2026,103.785714285714,66.3914323216052,261.8,2009-09-10,NA,282.5,2009-09-18,NA
"1088015","TATLAYOKO+LAKE+RCS","09-11","BUI",2000,2026,106.252380952381,67.1267727441713,264.8,2009-09-11,NA,282.5,2009-09-18,NA
"1088015","TATLAYOKO+LAKE+RCS","09-12","BUI",2000,2026,108.742857142857,66.8401867997732,268.6,2009-09-12,NA,282.5,2009-09-18,NA
"1088015","TATLAYOKO+LAKE+RCS","09-13","BUI",2000,2026,103.214285714286,59.2226501071531,271.9,2009-09-13,NA,282.5,2009-09-18,NA
"1088015","TATLAYOKO+LAKE+RCS","09-14","BUI",2000,2026,101.404761904762,58.7804174550545,274.6,2009-09-14,NA,282.5,2009-09-18,NA
"1088015","TATLAYOKO+LAKE+RCS","09-15","BUI",2000,2026,99.9952380952381,58.0241800992524,276.9,2009-09-15,NA,282.5,2009-09-18,NA
"1088015","TATLAYOKO+LAKE+RCS","09-16","BUI",2000,2026,95.42,60.3943496834283,279.1,2009-09-16,NA,282.5,2009-09-18,NA
"1088015","TATLAYOKO+LAKE+RCS","09-17","BUI",2000,2026,97.3904761904762,59.3107739349429,281.4,2009-09-17,NA,282.5,2009-09-18,NA
"1088015","TATLAYOKO+LAKE+RCS","09-18","BUI",2000,2026,93.5190476190476,59.2835358176924,282.5,2009-09-18,NA,282.5,2009-09-18,NA
"1088015","TATLAYOKO+LAKE+RCS","09-19","BUI",2000,2026,84.947619047619,43.4160870996871,196.8,2022-09-19,NA,282.5,2009-09-18,NA
"1088015","TATLAYOKO+LAKE+RCS","09-20","BUI",2000,2026,79.3285714285714,47.5170089847535,199.2,2022-09-20,NA,282.5,2009-09-18,NA
"1088015","TATLAYOKO+LAKE+RCS","09-21","BUI",2000,2026,76,47.0098819398645,201.9,2022-09-21,NA,282.5,2009-09-18,NA
"1088015","TATLAYOKO+LAKE+RCS","09-22","BUI",2000,2026,77.4,48.4607274528887,204.9,2022-09-22,NA,282.5,2009-09-18,NA
"1088015","TATLAYOKO+LAKE+RCS","09-23","BUI",2000,2026,76.3952380952381,49.118361904592,206.9,2022-09-23,NA,282.5,2009-09-18,NA
"1088015","TATLAYOKO+LAKE+RCS","09-24","BUI",2000,2026,75.4142857142857,50.6530876227134,208.5,2022-09-24,NA,282.5,2009-09-18,NA
"1088015","TATLAYOKO+LAKE+RCS","09-25","BUI",2000,2026,70.747619047619,51.4924326386666,211,2022-09-25,NA,282.5,2009-09-18,NA
"1088015","TATLAYOKO+LAKE+RCS","09-26","BUI",2000,2026,70.1333333333333,53.3640359543142,213.5,2022-09-26,NA,282.5,2009-09-18,NA
"1088015","TATLAYOKO+LAKE+RCS","09-27","BUI",2000,2026,68.1047619047619,51.5634218820908,216,2022-09-27,NA,282.5,2009-09-18,NA
"1088015","TATLAYOKO+LAKE+RCS","09-28","BUI",2000,2026,68.8047619047619,52.4946328322284,217.8,2022-09-28,NA,282.5,2009-09-18,NA
"1088015","TATLAYOKO+LAKE+RCS","09-29","BUI",2000,2026,70.7,50.2676206340675,219.9,2022-09-29,NA,282.5,2009-09-18,NA
"1088015","TATLAYOKO+LAKE+RCS","09-30","BUI",2000,2026,70.745,51.5262475269695,221.7,2022-09-30,NA,282.5,2009-09-18,NA
"1088015","TATLAYOKO+LAKE+RCS","10-01","BUI",2000,2026,73.2736842105263,52.2161516317324,223.8,2022-10-01,NA,282.5,2009-09-18,NA
"1088015","TATLAYOKO+LAKE+RCS","10-02","BUI",2000,2026,76.9111111111111,52.4427967227586,226.2,2022-10-02,NA,282.5,2009-09-18,NA
"1088015","TATLAYOKO+LAKE+RCS","10-03","BUI",2000,2026,73.385,52.5176088263937,228.3,2022-10-03,NA,282.5,2009-09-18,NA
"1088015","TATLAYOKO+LAKE+RCS","10-04","BUI",2000,2026,71.6666666666666,53.5791035137145,229.9,2022-10-04,NA,282.5,2009-09-18,NA
"1088015","TATLAYOKO+LAKE+RCS","10-05","BUI",2000,2026,72.4904761904762,53.9373980162364,231.6,2022-10-05,NA,282.5,2009-09-18,NA
"1088015","TATLAYOKO+LAKE+RCS","10-06","BUI",2000,2026,76.24,54.2815990921417,233.2,2022-10-06,NA,282.5,2009-09-18,NA
"1088015","TATLAYOKO+LAKE+RCS","10-07","BUI",2000,2026,70.6285714285714,52.9727490588996,235.1,2022-10-07,NA,282.5,2009-09-18,NA
"1088015","TATLAYOKO+LAKE+RCS","10-08","BUI",2000,2026,70.405,53.9144885809684,237.2,2022-10-08,NA,282.5,2009-09-18,NA
"1088015","TATLAYOKO+LAKE+RCS","10-09","BUI",2000,2026,69.39,54.8313289240645,239.1,2022-10-09,NA,282.5,2009-09-18,NA
"1088015","TATLAYOKO+LAKE+RCS","10-10","BUI",2000,2026,60.3952380952381,53.6996506151621,241.5,2022-10-10,NA,282.5,2009-09-18,NA
"1088015","TATLAYOKO+LAKE+RCS","10-11","BUI",2000,2026,52.5210526315789,49.9689301127029,243,2022-10-11,NA,282.5,2009-09-18,NA
"1088015","TATLAYOKO+LAKE+RCS","10-12","BUI",2000,2026,54.7157894736842,51.0955886675802,244.4,2022-10-12,NA,282.5,2009-09-18,NA
"1088015","TATLAYOKO+LAKE+RCS","10-13","BUI",2000,2026,51.7,46.9019189372887,246.2,2022-10-13,NA,282.5,2009-09-18,NA
"1088015","TATLAYOKO+LAKE+RCS","10-14","BUI",2000,2026,44.555,32.964422209087,248.3,2022-10-14,NA,282.5,2009-09-18,NA
"1088015","TATLAYOKO+LAKE+RCS","10-15","BUI",2000,2026,49.847619047619,42.0227869024369,250.1,2022-10-15,NA,282.5,2009-09-18,NA
"1088015","TATLAYOKO+LAKE+RCS","10-16","BUI",2000,2026,45.845,38.4455660984668,251.7,2022-10-16,NA,282.5,2009-09-18,NA
"1088015","TATLAYOKO+LAKE+RCS","10-17","BUI",2000,2026,37.025,35.7914849473564,253.4,2022-10-17,NA,282.5,2009-09-18,NA
"1088015","TATLAYOKO+LAKE+RCS","10-18","BUI",2000,2026,36.4157894736842,34.4853312319229,255,2022-10-18,NA,282.5,2009-09-18,NA
"1088015","TATLAYOKO+LAKE+RCS","10-19","BUI",2000,2026,39.9315789473684,38.062274303386,256.9,2022-10-19,NA,282.5,2009-09-18,NA
"1088015","TATLAYOKO+LAKE+RCS","10-20","BUI",2000,2026,37.5315789473684,35.8235808842224,257.7,2022-10-20,NA,282.5,2009-09-18,NA
"1088015","TATLAYOKO+LAKE+RCS","10-21","BUI",2000,2026,39.7888888888889,36.458080503325,258.4,2022-10-21,NA,282.5,2009-09-18,NA
"1088015","TATLAYOKO+LAKE+RCS","10-22","BUI",2000,2026,36.5368421052632,37.1867690109491,258.9,2022-10-22,NA,282.5,2009-09-18,NA
"1088015","TATLAYOKO+LAKE+RCS","10-23","BUI",2000,2026,34.8722222222222,37.5604736792088,259.7,2022-10-23,NA,282.5,2009-09-18,NA
"1088015","TATLAYOKO+LAKE+RCS","10-24","BUI",2000,2026,35.6117647058824,39.2198910368346,260.7,2022-10-24,NA,282.5,2009-09-18,NA
"1088015","TATLAYOKO+LAKE+RCS","10-25","BUI",2000,2026,37.2277777777778,38.4648167054388,261.2,2022-10-25,NA,282.5,2009-09-18,NA
"1088015","TATLAYOKO+LAKE+RCS","10-26","BUI",2000,2026,36.1111111111111,38.6466175201871,261.6,2022-10-26,NA,282.5,2009-09-18,NA
"1088015","TATLAYOKO+LAKE+RCS","10-27","BUI",2000,2026,37.59375,39.573450169695,262,2022-10-27,NA,282.5,2009-09-18,NA
"1088015","TATLAYOKO+LAKE+RCS","10-28","BUI",2000,2026,34.5777777777778,38.7707372300228,263,2022-10-28,NA,282.5,2009-09-18,NA
"1088015","TATLAYOKO+LAKE+RCS","10-29","BUI",2000,2026,28.5263157894737,32.4960312466557,264.1,2022-10-29,NA,282.5,2009-09-18,NA
"1088015","TATLAYOKO+LAKE+RCS","10-30","BUI",2000,2026,30.8888888888889,39.0079009928666,265,2022-10-30,NA,282.5,2009-09-18,NA
"1088015","TATLAYOKO+LAKE+RCS","10-31","BUI",2000,2026,30.31875,35.9835002697996,265.1,2022-10-31,NA,282.5,2009-09-18,NA
"1088015","TATLAYOKO+LAKE+RCS","04-01","DC",2000,2026,106.133333333333,133.431980174669,260.2,2013-04-01,NA,944.2,2014-10-13,NA
"1088015","TATLAYOKO+LAKE+RCS","04-02","DC",2000,2026,109.366666666667,133.06465846848,263,2013-04-02,NA,944.2,2014-10-13,NA
"1088015","TATLAYOKO+LAKE+RCS","04-03","DC",2000,2026,112.1,133.212874753156,265.9,2013-04-03,NA,944.2,2014-10-13,NA
"1088015","TATLAYOKO+LAKE+RCS","04-04","DC",2000,2026,114.666666666667,132.98034942552,268.2,2013-04-04,NA,944.2,2014-10-13,NA
"1088015","TATLAYOKO+LAKE+RCS","04-05","DC",2000,2026,117.533333333333,132.749438165792,270.8,2013-04-05,NA,944.2,2014-10-13,NA
"1088015","TATLAYOKO+LAKE+RCS","04-06","DC",2000,2026,120.3,132.521847255462,273.3,2013-04-06,NA,944.2,2014-10-13,NA
"1088015","TATLAYOKO+LAKE+RCS","04-07","DC",2000,2026,162.825,133.973066323049,282.7,2009-04-07,NA,944.2,2014-10-13,NA
"1088015","TATLAYOKO+LAKE+RCS","04-08","DC",2000,2026,134.74,132.5301211046,282.7,2009-04-08,NA,944.2,2014-10-13,NA
"1088015","TATLAYOKO+LAKE+RCS","04-09","DC",2000,2026,137.06,132.972790449776,285,2009-04-09,NA,944.2,2014-10-13,NA
"1088015","TATLAYOKO+LAKE+RCS","04-10","DC",2000,2026,122.783333333333,120.357275088242,287.5,2009-04-10,NA,944.2,2014-10-13,NA
"1088015","TATLAYOKO+LAKE+RCS","04-11","DC",2000,2026,124.25,121.142341895805,290,2009-04-11,NA,944.2,2014-10-13,NA
"1088015","TATLAYOKO+LAKE+RCS","04-12","DC",2000,2026,126.866666666667,120.906288780471,292.3,2009-04-12,15,944.2,2014-10-13,NA
"1088015","TATLAYOKO+LAKE+RCS","04-13","DC",2000,2026,129.2,120.455037254571,294.6,2009-04-13,17.9,944.2,2014-10-13,NA
"1088015","TATLAYOKO+LAKE+RCS","04-14","DC",2000,2026,127.3,118.321528049633,296.7,2009-04-14,19.5,944.2,2014-10-13,NA
"1088015","TATLAYOKO+LAKE+RCS","04-15","DC",2000,2026,111.428571428571,117.666842034133,299.6,2009-04-15,13.3,944.2,2014-10-13,NA
"1088015","TATLAYOKO+LAKE+RCS","04-16","DC",2000,2026,113.457142857143,118.204608724912,302.6,2009-04-16,15.1,944.2,2014-10-13,NA
"1088015","TATLAYOKO+LAKE+RCS","04-17","DC",2000,2026,116.285714285714,118.113524889848,305.3,2009-04-17,17.6,944.2,2014-10-13,NA
"1088015","TATLAYOKO+LAKE+RCS","04-18","DC",2000,2026,106.175,115.262306439331,307.9,2009-04-18,20.9,944.2,2014-10-13,NA
"1088015","TATLAYOKO+LAKE+RCS","04-19","DC",2000,2026,108.8625,115.354137178888,310,2009-04-19,24.3,944.2,2014-10-13,NA
"1088015","TATLAYOKO+LAKE+RCS","04-20","DC",2000,2026,85.4545454545454,106.594993912813,313.7,2009-04-20,28.4,944.2,2014-10-13,NA
"1088015","TATLAYOKO+LAKE+RCS","04-21","DC",2000,2026,87.4454545454546,107.195646960465,317.2,2009-04-21,32.4,944.2,2014-10-13,NA
"1088015","TATLAYOKO+LAKE+RCS","04-22","DC",2000,2026,89.7363636363636,107.493165110413,319.1,2009-04-22,35.7,944.2,2014-10-13,NA
"1088015","TATLAYOKO+LAKE+RCS","04-23","DC",2000,2026,92.6909090909091,107.232527290421,321.1,2009-04-23,38.8,944.2,2014-10-13,NA
"1088015","TATLAYOKO+LAKE+RCS","04-24","DC",2000,2026,87.825,104.69745264766,324.1,2009-04-24,41.9,944.2,2014-10-13,NA
"1088015","TATLAYOKO+LAKE+RCS","04-25","DC",2000,2026,90.1833333333333,104.906017102178,326.6,2009-04-25,45.2,944.2,2014-10-13,NA
"1088015","TATLAYOKO+LAKE+RCS","04-26","DC",2000,2026,104.384615384615,107.669129328032,329.4,2009-04-26,48.5,944.2,2014-10-13,NA
"1088015","TATLAYOKO+LAKE+RCS","04-27","DC",2000,2026,105.584615384615,105.852144098532,331.7,2009-04-27,52.5,944.2,2014-10-13,NA
"1088015","TATLAYOKO+LAKE+RCS","04-28","DC",2000,2026,106.576923076923,104.901899838581,333.8,2009-04-28,55.9,944.2,2014-10-13,NA
"1088015","TATLAYOKO+LAKE+RCS","04-29","DC",2000,2026,106.864285714286,101.176256010093,336.8,2009-04-29,59.9,944.2,2014-10-13,NA
"1088015","TATLAYOKO+LAKE+RCS","04-30","DC",2000,2026,106.74,98.4253800021693,340.2,2009-04-30,63.9,944.2,2014-10-13,NA
"1088015","TATLAYOKO+LAKE+RCS","05-01","DC",2000,2026,118.0125,99.1191463172815,345.5,2009-05-01,69.3,944.2,2014-10-13,NA
"1088015","TATLAYOKO+LAKE+RCS","05-02","DC",2000,2026,122.2,99.0082084139155,350.9,2009-05-02,75.2,944.2,2014-10-13,NA
"1088015","TATLAYOKO+LAKE+RCS","05-03","DC",2000,2026,119.717647058824,98.9296103000393,355.5,2009-05-03,81.6,944.2,2014-10-13,NA
"1088015","TATLAYOKO+LAKE+RCS","05-04","DC",2000,2026,122.711764705882,99.7941436304815,360.4,2009-05-04,88,944.2,2014-10-13,NA
"1088015","TATLAYOKO+LAKE+RCS","05-05","DC",2000,2026,119.6,101.172450330524,364.6,2009-05-05,95,944.2,2014-10-13,NA
"1088015","TATLAYOKO+LAKE+RCS","05-06","DC",2000,2026,122.855555555556,102.529698551041,368.8,2009-05-06,100.6,944.2,2014-10-13,NA
"1088015","TATLAYOKO+LAKE+RCS","05-07","DC",2000,2026,121.689473684211,103.207804909086,373,2009-05-07,106.2,944.2,2014-10-13,NA
"1088015","TATLAYOKO+LAKE+RCS","05-08","DC",2000,2026,124.9,104.348108644948,377.6,2009-05-08,111.1,944.2,2014-10-13,NA
"1088015","TATLAYOKO+LAKE+RCS","05-09","DC",2000,2026,129.489473684211,104.672143671651,382.5,2009-05-09,116.4,944.2,2014-10-13,NA
"1088015","TATLAYOKO+LAKE+RCS","05-10","DC",2000,2026,133.410526315789,103.502414865746,387.7,2009-05-10,120.9,944.2,2014-10-13,NA
"1088015","TATLAYOKO+LAKE+RCS","05-11","DC",2000,2026,137.831578947368,103.50419236078,392.5,2009-05-11,126,944.2,2014-10-13,NA
"1088015","TATLAYOKO+LAKE+RCS","05-12","DC",2000,2026,140.336842105263,99.9005906473826,390.3,2009-05-12,131.8,944.2,2014-10-13,NA
"1088015","TATLAYOKO+LAKE+RCS","05-13","DC",2000,2026,138.615,100.752877848411,394.3,2009-05-13,136.8,944.2,2014-10-13,NA
"1088015","TATLAYOKO+LAKE+RCS","05-14","DC",2000,2026,142.02,101.661443294061,398.4,2009-05-14,141.1,944.2,2014-10-13,NA
"1088015","TATLAYOKO+LAKE+RCS","05-15","DC",2000,2026,147.3,101.4795182861,403.3,2009-05-15,145,944.2,2014-10-13,NA
"1088015","TATLAYOKO+LAKE+RCS","05-16","DC",2000,2026,151.745,101.954161397737,408.1,2009-05-16,142.7,944.2,2014-10-13,NA
"1088015","TATLAYOKO+LAKE+RCS","05-17","DC",2000,2026,155.68,102.758580638002,413.7,2009-05-17,147.9,944.2,2014-10-13,NA
"1088015","TATLAYOKO+LAKE+RCS","05-18","DC",2000,2026,160.42,102.739141313789,418.2,2009-05-18,153,944.2,2014-10-13,NA
"1088015","TATLAYOKO+LAKE+RCS","05-19","DC",2000,2026,159.68,93.6373272398971,367.2,2013-05-19,158.3,944.2,2014-10-13,NA
"1088015","TATLAYOKO+LAKE+RCS","05-20","DC",2000,2026,162.885,94.0619016504837,371.4,2013-05-20,163.7,944.2,2014-10-13,NA
"1088015","TATLAYOKO+LAKE+RCS","05-21","DC",2000,2026,165.37,94.0431821306742,364.7,2009-05-21,168.8,944.2,2014-10-13,NA
"1088015","TATLAYOKO+LAKE+RCS","05-22","DC",2000,2026,166.39,91.4977992257622,370.3,2009-05-22,174.8,944.2,2014-10-13,NA
"1088015","TATLAYOKO+LAKE+RCS","05-23","DC",2000,2026,171.615,91.6784499444146,375.6,2009-05-23,180.4,944.2,2014-10-13,NA
"1088015","TATLAYOKO+LAKE+RCS","05-24","DC",2000,2026,174.55,89.6102760789597,381.1,2009-05-24,185.1,944.2,2014-10-13,NA
"1088015","TATLAYOKO+LAKE+RCS","05-25","DC",2000,2026,177.65,89.1118605136854,386.6,2009-05-25,189.6,944.2,2014-10-13,NA
"1088015","TATLAYOKO+LAKE+RCS","05-26","DC",2000,2026,179.13,86.728390907901,391.9,2009-05-26,194.8,944.2,2014-10-13,NA
"1088015","TATLAYOKO+LAKE+RCS","05-27","DC",2000,2026,182.67,87.2970132725959,396.9,2009-05-27,201.2,944.2,2014-10-13,NA
"1088015","TATLAYOKO+LAKE+RCS","05-28","DC",2000,2026,185.525,85.593573756568,401.9,2009-05-28,207.7,944.2,2014-10-13,NA
"1088015","TATLAYOKO+LAKE+RCS","05-29","DC",2000,2026,189.77,84.4915511191877,408.1,2009-05-29,212.6,944.2,2014-10-13,NA
"1088015","TATLAYOKO+LAKE+RCS","05-30","DC",2000,2026,194.52,83.7563860880251,413.6,2009-05-30,217.8,944.2,2014-10-13,NA
"1088015","TATLAYOKO+LAKE+RCS","05-31","DC",2000,2026,199.185,84.5358738860858,419.6,2009-05-31,223,944.2,2014-10-13,NA
"1088015","TATLAYOKO+LAKE+RCS","06-01","DC",2000,2026,204.435,83.9876135917797,426.5,2009-06-01,230.4,944.2,2014-10-13,NA
"1088015","TATLAYOKO+LAKE+RCS","06-02","DC",2000,2026,209.38,84.299969407499,434.3,2009-06-02,237.8,944.2,2014-10-13,NA
"1088015","TATLAYOKO+LAKE+RCS","06-03","DC",2000,2026,214.05,84.1922768054422,442.2,2009-06-03,244.7,944.2,2014-10-13,NA
"1088015","TATLAYOKO+LAKE+RCS","06-04","DC",2000,2026,220.54,84.5252712133135,450.4,2009-06-04,250.9,944.2,2014-10-13,NA
"1088015","TATLAYOKO+LAKE+RCS","06-05","DC",2000,2026,225.525,86.1766476794216,458.9,2009-06-05,256.5,944.2,2014-10-13,NA
"1088015","TATLAYOKO+LAKE+RCS","06-06","DC",2000,2026,227.665,88.1193465525143,465.8,2009-06-06,261.9,944.2,2014-10-13,NA
"1088015","TATLAYOKO+LAKE+RCS","06-07","DC",2000,2026,233.885,88.6791868716134,473,2009-06-07,268,944.2,2014-10-13,NA
"1088015","TATLAYOKO+LAKE+RCS","06-08","DC",2000,2026,237.385,91.9106446787485,480.7,2009-06-08,273.8,944.2,2014-10-13,NA
"1088015","TATLAYOKO+LAKE+RCS","06-09","DC",2000,2026,242.575,92.1694941826998,487.8,2009-06-09,272.4,944.2,2014-10-13,NA
"1088015","TATLAYOKO+LAKE+RCS","06-10","DC",2000,2026,245.995,93.4743109939275,495.2,2009-06-10,270.6,944.2,2014-10-13,NA
"1088015","TATLAYOKO+LAKE+RCS","06-11","DC",2000,2026,249.275,90.9511255391713,502,2009-06-11,276.9,944.2,2014-10-13,NA
"1088015","TATLAYOKO+LAKE+RCS","06-12","DC",2000,2026,251.58,92.3666754670866,509.9,2009-06-12,283.6,944.2,2014-10-13,NA
"1088015","TATLAYOKO+LAKE+RCS","06-13","DC",2000,2026,256.93,92.8680053681171,517.8,2009-06-13,291.3,944.2,2014-10-13,NA
"1088015","TATLAYOKO+LAKE+RCS","06-14","DC",2000,2026,261.045,93.6299405273649,525.7,2009-06-14,299.6,944.2,2014-10-13,NA
"1088015","TATLAYOKO+LAKE+RCS","06-15","DC",2000,2026,266.87,94.338545451447,532.8,2009-06-15,307.4,944.2,2014-10-13,NA
"1088015","TATLAYOKO+LAKE+RCS","06-16","DC",2000,2026,270.57,91.3648734758778,539.4,2009-06-16,314.5,944.2,2014-10-13,NA
"1088015","TATLAYOKO+LAKE+RCS","06-17","DC",2000,2026,276.66,92.0817051376256,546.4,2009-06-17,321.2,944.2,2014-10-13,NA
"1088015","TATLAYOKO+LAKE+RCS","06-18","DC",2000,2026,279.595,97.2028561146333,553.6,2009-06-18,328.3,944.2,2014-10-13,NA
"1088015","TATLAYOKO+LAKE+RCS","06-19","DC",2000,2026,285.73,97.5048830086284,560,2009-06-19,336.1,944.2,2014-10-13,NA
"1088015","TATLAYOKO+LAKE+RCS","06-20","DC",2000,2026,287.815,99.935633363628,566.1,2009-06-20,342.3,944.2,2014-10-13,NA
"1088015","TATLAYOKO+LAKE+RCS","06-21","DC",2000,2026,293.825,99.997862477155,572.2,2009-06-21,349.1,944.2,2014-10-13,NA
"1088015","TATLAYOKO+LAKE+RCS","06-22","DC",2000,2026,299.55,98.9955208981434,578.3,2009-06-22,356.6,944.2,2014-10-13,NA
"1088015","TATLAYOKO+LAKE+RCS","06-23","DC",2000,2026,304.085,100.364337737434,584.8,2009-06-23,364.7,944.2,2014-10-13,NA
"1088015","TATLAYOKO+LAKE+RCS","06-24","DC",2000,2026,310.645,100.360463357157,590.8,2009-06-24,372.7,944.2,2014-10-13,NA
"1088015","TATLAYOKO+LAKE+RCS","06-25","DC",2000,2026,315.2,101.82291128797,597,2009-06-25,380,944.2,2014-10-13,NA
"1088015","TATLAYOKO+LAKE+RCS","06-26","DC",2000,2026,322.115,101.790870622592,603.6,2009-06-26,385.8,944.2,2014-10-13,NA
"1088015","TATLAYOKO+LAKE+RCS","06-27","DC",2000,2026,328.575,101.937864846551,609.6,2009-06-27,392.5,944.2,2014-10-13,NA
"1088015","TATLAYOKO+LAKE+RCS","06-28","DC",2000,2026,331.44,101.496722270125,615.3,2009-06-28,399.8,944.2,2014-10-13,NA
"1088015","TATLAYOKO+LAKE+RCS","06-29","DC",2000,2026,336.49,101.018726247323,621.3,2009-06-29,407.3,944.2,2014-10-13,NA
"1088015","TATLAYOKO+LAKE+RCS","06-30","DC",2000,2026,341.98,100.638831053374,628,2009-06-30,414.6,944.2,2014-10-13,NA
"1088015","TATLAYOKO+LAKE+RCS","07-01","DC",2000,2026,344.52,102.393562708847,635.2,2009-07-01,421.5,944.2,2014-10-13,NA
"1088015","TATLAYOKO+LAKE+RCS","07-02","DC",2000,2026,347.645,102.170633719953,643.1,2009-07-02,428,944.2,2014-10-13,NA
"1088015","TATLAYOKO+LAKE+RCS","07-03","DC",2000,2026,353.55,103.008775814184,651.3,2009-07-03,435.2,944.2,2014-10-13,NA
"1088015","TATLAYOKO+LAKE+RCS","07-04","DC",2000,2026,360.195,103.507566339247,659.8,2009-07-04,441.7,944.2,2014-10-13,NA
"1088015","TATLAYOKO+LAKE+RCS","07-05","DC",2000,2026,365.075,105.035251601295,668,2009-07-05,438.8,944.2,2014-10-13,NA
"1088015","TATLAYOKO+LAKE+RCS","07-06","DC",2000,2026,366.14,89.8579194295668,570.6,2025-07-06,446.7,944.2,2014-10-13,NA
"1088015","TATLAYOKO+LAKE+RCS","07-07","DC",2000,2026,360.69,82.5117975615736,578.1,2025-07-07,453.7,944.2,2014-10-13,NA
"1088015","TATLAYOKO+LAKE+RCS","07-08","DC",2000,2026,367.16,82.7291611541127,585.5,2025-07-08,461,944.2,2014-10-13,NA
"1088015","TATLAYOKO+LAKE+RCS","07-09","DC",2000,2026,374.165,84.3413320352109,592.7,2025-07-09,467.4,944.2,2014-10-13,NA
"1088015","TATLAYOKO+LAKE+RCS","07-10","DC",2000,2026,377.94,84.4411747905013,599.7,2025-07-10,474.8,944.2,2014-10-13,NA
"1088015","TATLAYOKO+LAKE+RCS","07-11","DC",2000,2026,385.465,84.5882178867906,607.4,2025-07-11,482,944.2,2014-10-13,NA
"1088015","TATLAYOKO+LAKE+RCS","07-12","DC",2000,2026,386.14,85.7895981917082,615.7,2025-07-12,440.5,944.2,2014-10-13,NA
"1088015","TATLAYOKO+LAKE+RCS","07-13","DC",2000,2026,390.41,88.6224689342381,623.5,2025-07-13,447.7,944.2,2014-10-13,NA
"1088015","TATLAYOKO+LAKE+RCS","07-14","DC",2000,2026,395.335,88.2934597029462,630.6,2025-07-14,455.3,944.2,2014-10-13,NA
"1088015","TATLAYOKO+LAKE+RCS","07-15","DC",2000,2026,395.455,84.5414222671193,638.8,2025-07-15,463.1,944.2,2014-10-13,NA
"1088015","TATLAYOKO+LAKE+RCS","07-16","DC",2000,2026,402.01,83.2354864857911,647.1,2025-07-16,471.9,944.2,2014-10-13,NA
"1088015","TATLAYOKO+LAKE+RCS","07-17","DC",2000,2026,408.03,83.1043104841899,655.3,2025-07-17,479.4,944.2,2014-10-13,NA
"1088015","TATLAYOKO+LAKE+RCS","07-18","DC",2000,2026,415.64,83.3707281711601,663.9,2025-07-18,485.7,944.2,2014-10-13,NA
"1088015","TATLAYOKO+LAKE+RCS","07-19","DC",2000,2026,421.41,84.9362045426169,671.1,2025-07-19,493.3,944.2,2014-10-13,NA
"1088015","TATLAYOKO+LAKE+RCS","07-20","DC",2000,2026,425.025,85.4437264796945,605.6,2014-07-20,501.7,944.2,2014-10-13,NA
"1088015","TATLAYOKO+LAKE+RCS","07-21","DC",2000,2026,431.875,85.7779622967897,612.9,2014-07-21,510.3,944.2,2014-10-13,NA
"1088015","TATLAYOKO+LAKE+RCS","07-22","DC",2000,2026,439.005,85.9354499181309,620.4,2014-07-22,519.4,944.2,2014-10-13,NA
"1088015","TATLAYOKO+LAKE+RCS","07-23","DC",2000,2026,443.55,87.4131719569708,627.6,2014-07-23,528.5,944.2,2014-10-13,NA
"1088015","TATLAYOKO+LAKE+RCS","07-24","DC",2000,2026,449.305,85.0920892791729,614.7,2025-07-24,536.9,944.2,2014-10-13,NA
"1088015","TATLAYOKO+LAKE+RCS","07-25","DC",2000,2026,457.195,85.0828108993016,622.2,2025-07-25,544.8,944.2,2014-10-13,NA
"1088015","TATLAYOKO+LAKE+RCS","07-26","DC",2000,2026,464.25,84.6290139373017,629.1,2025-07-26,552,944.2,2014-10-13,NA
"1088015","TATLAYOKO+LAKE+RCS","07-27","DC",2000,2026,471.83,84.9732471831111,636.7,2025-07-27,558.7,944.2,2014-10-13,NA
"1088015","TATLAYOKO+LAKE+RCS","07-28","DC",2000,2026,477.845,83.6663579186307,644.8,2025-07-28,550.6,944.2,2014-10-13,NA
"1088015","TATLAYOKO+LAKE+RCS","07-29","DC",2000,2026,485.655,83.9528656919747,653.3,2025-07-29,557.9,944.2,2014-10-13,NA
"1088015","TATLAYOKO+LAKE+RCS","07-30","DC",2000,2026,493.34,84.4118188282585,662.4,2025-07-30,564.6,944.2,2014-10-13,NA
"1088015","TATLAYOKO+LAKE+RCS","07-31","DC",2000,2026,500.09,86.5208395949238,671.2,2025-07-31,571.7,944.2,2014-10-13,NA
"1088015","TATLAYOKO+LAKE+RCS","08-01","DC",2000,2026,504.12,90.8645295857636,679.2,2025-08-01,488.1,944.2,2014-10-13,NA
"1088015","TATLAYOKO+LAKE+RCS","08-02","DC",2000,2026,505.515,94.5127297190562,687.2,2025-08-02,493.6,944.2,2014-10-13,NA
"1088015","TATLAYOKO+LAKE+RCS","08-03","DC",2000,2026,511.715,94.4614612309948,694.3,2025-08-03,500.3,944.2,2014-10-13,NA
"1088015","TATLAYOKO+LAKE+RCS","08-04","DC",2000,2026,515.05,91.1153375499543,701.3,2025-08-04,507.9,944.2,2014-10-13,NA
"1088015","TATLAYOKO+LAKE+RCS","08-05","DC",2000,2026,515.54,98.1319219482792,708,2025-08-05,515.3,944.2,2014-10-13,NA
"1088015","TATLAYOKO+LAKE+RCS","08-06","DC",2000,2026,520.89,99.1189763551068,714.2,2025-08-06,522.8,944.2,2014-10-13,NA
"1088015","TATLAYOKO+LAKE+RCS","08-07","DC",2000,2026,524.12,101.888326897122,675.8,2015-08-07,531,944.2,2014-10-13,NA
"1088015","TATLAYOKO+LAKE+RCS","08-08","DC",2000,2026,526.885,107.966404496955,682.1,2015-08-08,NA,944.2,2014-10-13,NA
"1088015","TATLAYOKO+LAKE+RCS","08-09","DC",2000,2026,533.09,107.258084715522,688.9,2015-08-09,NA,944.2,2014-10-13,NA
"1088015","TATLAYOKO+LAKE+RCS","08-10","DC",2000,2026,538.44,110.059497784751,696,2015-08-10,NA,944.2,2014-10-13,NA
"1088015","TATLAYOKO+LAKE+RCS","08-11","DC",2000,2026,545.445,110.154525314979,703.6,2015-08-11,NA,944.2,2014-10-13,NA
"1088015","TATLAYOKO+LAKE+RCS","08-12","DC",2000,2026,533.02380952381,116.335067390542,711.3,2015-08-12,NA,944.2,2014-10-13,NA
"1088015","TATLAYOKO+LAKE+RCS","08-13","DC",2000,2026,540.033333333333,116.49710010697,719.2,2015-08-13,NA,944.2,2014-10-13,NA
"1088015","TATLAYOKO+LAKE+RCS","08-14","DC",2000,2026,547.190476190476,116.810418648175,726.8,2015-08-14,NA,944.2,2014-10-13,NA
"1088015","TATLAYOKO+LAKE+RCS","08-15","DC",2000,2026,553.533333333333,115.752690393499,729.2,2014-08-15,NA,944.2,2014-10-13,NA
"1088015","TATLAYOKO+LAKE+RCS","08-16","DC",2000,2026,560.733333333333,116.112795734722,736.8,2014-08-16,NA,944.2,2014-10-13,NA
"1088015","TATLAYOKO+LAKE+RCS","08-17","DC",2000,2026,564.404761904762,117.530121569709,744.3,2014-08-17,NA,944.2,2014-10-13,NA
"1088015","TATLAYOKO+LAKE+RCS","08-18","DC",2000,2026,571.528571428571,117.807950253186,751.6,2014-08-18,NA,944.2,2014-10-13,NA
"1088015","TATLAYOKO+LAKE+RCS","08-19","DC",2000,2026,578.304761904762,118.057992004737,759,2014-08-19,NA,944.2,2014-10-13,NA
"1088015","TATLAYOKO+LAKE+RCS","08-20","DC",2000,2026,584.961904761905,118.333323608316,766.1,2014-08-20,NA,944.2,2014-10-13,NA
"1088015","TATLAYOKO+LAKE+RCS","08-21","DC",2000,2026,589.761904761905,118.996338078911,771.4,2014-08-21,NA,944.2,2014-10-13,NA
"1088015","TATLAYOKO+LAKE+RCS","08-22","DC",2000,2026,587.038095238095,115.622932310984,770.3,2025-08-22,NA,944.2,2014-10-13,NA
"1088015","TATLAYOKO+LAKE+RCS","08-23","DC",2000,2026,591.642857142857,113.585578184154,778.1,2025-08-23,NA,944.2,2014-10-13,NA
"1088015","TATLAYOKO+LAKE+RCS","08-24","DC",2000,2026,598.066666666667,113.356143782917,785.9,2025-08-24,NA,944.2,2014-10-13,NA
"1088015","TATLAYOKO+LAKE+RCS","08-25","DC",2000,2026,600.228571428571,109.652282889401,793.7,2025-08-25,NA,944.2,2014-10-13,NA
"1088015","TATLAYOKO+LAKE+RCS","08-26","DC",2000,2026,600.928571428571,109.633266588464,801.9,2025-08-26,NA,944.2,2014-10-13,NA
"1088015","TATLAYOKO+LAKE+RCS","08-27","DC",2000,2026,607.538095238095,109.802060436908,810.2,2025-08-27,NA,944.2,2014-10-13,NA
"1088015","TATLAYOKO+LAKE+RCS","08-28","DC",2000,2026,610.22380952381,116.262758030084,818.1,2025-08-28,NA,944.2,2014-10-13,NA
"1088015","TATLAYOKO+LAKE+RCS","08-29","DC",2000,2026,610.228571428571,120.321731797947,825.8,2025-08-29,NA,944.2,2014-10-13,NA
"1088015","TATLAYOKO+LAKE+RCS","08-30","DC",2000,2026,610.542857142857,112.634051562698,833.4,2025-08-30,NA,944.2,2014-10-13,NA
"1088015","TATLAYOKO+LAKE+RCS","08-31","DC",2000,2026,606.847619047619,116.831171435741,840.5,2025-08-31,NA,944.2,2014-10-13,NA
"1088015","TATLAYOKO+LAKE+RCS","09-01","DC",2000,2026,608.590476190476,120.601790636632,817.8,2014-09-01,NA,944.2,2014-10-13,NA
"1088015","TATLAYOKO+LAKE+RCS","09-02","DC",2000,2026,611.295238095238,119.978108320604,821.8,2014-09-02,NA,944.2,2014-10-13,NA
"1088015","TATLAYOKO+LAKE+RCS","09-03","DC",2000,2026,609.661904761905,113.375828447648,788.6,2009-09-03,NA,944.2,2014-10-13,NA
"1088015","TATLAYOKO+LAKE+RCS","09-04","DC",2000,2026,609.971428571428,113.745677468892,793.7,2009-09-04,NA,944.2,2014-10-13,NA
"1088015","TATLAYOKO+LAKE+RCS","09-05","DC",2000,2026,614.352380952381,113.794796098273,798.3,2009-09-05,NA,944.2,2014-10-13,NA
"1088015","TATLAYOKO+LAKE+RCS","09-06","DC",2000,2026,619.385714285714,113.914719354938,802.1,2009-09-06,NA,944.2,2014-10-13,NA
"1088015","TATLAYOKO+LAKE+RCS","09-07","DC",2000,2026,620.657142857143,113.222968391703,806.9,2009-09-07,NA,944.2,2014-10-13,NA
"1088015","TATLAYOKO+LAKE+RCS","09-08","DC",2000,2026,621.823809523809,115.671132547243,811.5,2009-09-08,NA,944.2,2014-10-13,NA
"1088015","TATLAYOKO+LAKE+RCS","09-09","DC",2000,2026,620.485714285714,124.938966242379,815.9,2009-09-09,NA,944.2,2014-10-13,NA
"1088015","TATLAYOKO+LAKE+RCS","09-10","DC",2000,2026,622.266666666667,127.787895879592,820.9,2009-09-10,NA,944.2,2014-10-13,NA
"1088015","TATLAYOKO+LAKE+RCS","09-11","DC",2000,2026,626.414285714286,128.904547187887,826.7,2009-09-11,NA,944.2,2014-10-13,NA
"1088015","TATLAYOKO+LAKE+RCS","09-12","DC",2000,2026,631.428571428572,129.057968149422,833.3,2009-09-12,NA,944.2,2014-10-13,NA
"1088015","TATLAYOKO+LAKE+RCS","09-13","DC",2000,2026,633.5,127.047939770781,839.4,2009-09-13,NA,944.2,2014-10-13,NA
"1088015","TATLAYOKO+LAKE+RCS","09-14","DC",2000,2026,633.52380952381,123.967346122928,845.2,2009-09-14,NA,944.2,2014-10-13,NA
"1088015","TATLAYOKO+LAKE+RCS","09-15","DC",2000,2026,636.061904761905,124.627996357923,850.4,2009-09-15,NA,944.2,2014-10-13,NA
"1088015","TATLAYOKO+LAKE+RCS","09-16","DC",2000,2026,634.190476190476,126.093119973938,855.5,2009-09-16,NA,944.2,2014-10-13,NA
"1088015","TATLAYOKO+LAKE+RCS","09-17","DC",2000,2026,638.585714285714,126.238077796338,860.3,2009-09-17,NA,944.2,2014-10-13,NA
"1088015","TATLAYOKO+LAKE+RCS","09-18","DC",2000,2026,637.504761904762,127.214136306428,864.6,2009-09-18,NA,944.2,2014-10-13,NA
"1088015","TATLAYOKO+LAKE+RCS","09-19","DC",2000,2026,631.852380952381,120.301723258845,846.1,2014-09-19,NA,944.2,2014-10-13,NA
"1088015","TATLAYOKO+LAKE+RCS","09-20","DC",2000,2026,619.823809523809,121.019076615061,851.8,2014-09-20,NA,944.2,2014-10-13,NA
"1088015","TATLAYOKO+LAKE+RCS","09-21","DC",2000,2026,616.833333333333,119.648407149169,858.3,2014-09-21,NA,944.2,2014-10-13,NA
"1088015","TATLAYOKO+LAKE+RCS","09-22","DC",2000,2026,613.57619047619,122.333752107756,862.9,2014-09-22,NA,944.2,2014-10-13,NA
"1088015","TATLAYOKO+LAKE+RCS","09-23","DC",2000,2026,616.904761904762,123.312697951957,867.5,2014-09-23,NA,944.2,2014-10-13,NA
"1088015","TATLAYOKO+LAKE+RCS","09-24","DC",2000,2026,609.695238095238,137.6968934878,872.1,2014-09-24,NA,944.2,2014-10-13,NA
"1088015","TATLAYOKO+LAKE+RCS","09-25","DC",2000,2026,596.490476190476,138.352437292452,877,2014-09-25,NA,944.2,2014-10-13,NA
"1088015","TATLAYOKO+LAKE+RCS","09-26","DC",2000,2026,590.228571428571,148.409343179118,881.3,2014-09-26,NA,944.2,2014-10-13,NA
"1088015","TATLAYOKO+LAKE+RCS","09-27","DC",2000,2026,590.519047619048,147.012107049207,885.9,2014-09-27,NA,944.2,2014-10-13,NA
"1088015","TATLAYOKO+LAKE+RCS","09-28","DC",2000,2026,589.47619047619,153.725231841627,891.1,2014-09-28,NA,944.2,2014-10-13,NA
"1088015","TATLAYOKO+LAKE+RCS","09-29","DC",2000,2026,592.571428571428,152.794643698191,895.5,2014-09-29,NA,944.2,2014-10-13,NA
"1088015","TATLAYOKO+LAKE+RCS","09-30","DC",2000,2026,596.471428571429,152.915601371662,899.8,2014-09-30,NA,944.2,2014-10-13,NA
"1088015","TATLAYOKO+LAKE+RCS","10-01","DC",2000,2026,591.414285714286,158.481088101118,902.8,2014-10-01,NA,944.2,2014-10-13,NA
"1088015","TATLAYOKO+LAKE+RCS","10-02","DC",2000,2026,590.523809523809,161.639369909567,905.2,2014-10-02,NA,944.2,2014-10-13,NA
"1088015","TATLAYOKO+LAKE+RCS","10-03","DC",2000,2026,591.161904761905,162.274697584653,909.2,2014-10-03,NA,944.2,2014-10-13,NA
"1088015","TATLAYOKO+LAKE+RCS","10-04","DC",2000,2026,594.076190476191,162.650855837779,913.4,2014-10-04,NA,944.2,2014-10-13,NA
"1088015","TATLAYOKO+LAKE+RCS","10-05","DC",2000,2026,596.161904761905,163.003243759719,917.2,2014-10-05,NA,944.2,2014-10-13,NA
"1088015","TATLAYOKO+LAKE+RCS","10-06","DC",2000,2026,598.276190476191,163.356869781353,921,2014-10-06,NA,944.2,2014-10-13,NA
"1088015","TATLAYOKO+LAKE+RCS","10-07","DC",2000,2026,591.957142857143,164.961263851331,924.4,2014-10-07,NA,944.2,2014-10-13,NA
"1088015","TATLAYOKO+LAKE+RCS","10-08","DC",2000,2026,586.742857142857,168.79172838569,928.7,2014-10-08,NA,944.2,2014-10-13,NA
"1088015","TATLAYOKO+LAKE+RCS","10-09","DC",2000,2026,585.366666666667,171.73172197743,932.7,2014-10-09,NA,944.2,2014-10-13,NA
"1088015","TATLAYOKO+LAKE+RCS","10-10","DC",2000,2026,564.780952380952,165.46420343702,936.6,2014-10-10,NA,944.2,2014-10-13,NA
"1088015","TATLAYOKO+LAKE+RCS","10-11","DC",2000,2026,563.838095238095,165.381439334015,939.5,2014-10-11,NA,944.2,2014-10-13,NA
"1088015","TATLAYOKO+LAKE+RCS","10-12","DC",2000,2026,565.738095238095,164.870247395309,942.1,2014-10-12,NA,944.2,2014-10-13,NA
"1088015","TATLAYOKO+LAKE+RCS","10-13","DC",2000,2026,564.480952380952,165.692949816966,944.2,2014-10-13,NA,944.2,2014-10-13,NA
"1088015","TATLAYOKO+LAKE+RCS","10-14","DC",2000,2026,551.519047619048,146.94422621882,834.9,2009-10-14,NA,944.2,2014-10-13,NA
"1088015","TATLAYOKO+LAKE+RCS","10-15","DC",2000,2026,550.961904761905,147.979517083245,836.9,2009-10-15,NA,944.2,2014-10-13,NA
"1088015","TATLAYOKO+LAKE+RCS","10-16","DC",2000,2026,543.728571428571,147.085462037746,818.2,2009-10-16,NA,944.2,2014-10-13,NA
"1088015","TATLAYOKO+LAKE+RCS","10-17","DC",2000,2026,527.1,142.574317462859,820.1,2009-10-17,NA,944.2,2014-10-13,NA
"1088015","TATLAYOKO+LAKE+RCS","10-18","DC",2000,2026,521.033333333333,145.318441133028,822.4,2009-10-18,NA,944.2,2014-10-13,NA
"1088015","TATLAYOKO+LAKE+RCS","10-19","DC",2000,2026,513.033333333333,151.923547659121,824.7,2009-10-19,NA,944.2,2014-10-13,NA
"1088015","TATLAYOKO+LAKE+RCS","10-20","DC",2000,2026,505.728571428571,144.611493813103,825.9,2009-10-20,NA,944.2,2014-10-13,NA
"1088015","TATLAYOKO+LAKE+RCS","10-21","DC",2000,2026,505.166666666667,147.513481869737,828.3,2009-10-21,NA,944.2,2014-10-13,NA
"1088015","TATLAYOKO+LAKE+RCS","10-22","DC",2000,2026,501.395238095238,144.4581339911,830.5,2009-10-22,NA,944.2,2014-10-13,NA
"1088015","TATLAYOKO+LAKE+RCS","10-23","DC",2000,2026,497.247619047619,144.50968347847,832.9,2009-10-23,NA,944.2,2014-10-13,NA
"1088015","TATLAYOKO+LAKE+RCS","10-24","DC",2000,2026,497.076190476191,144.395051524496,834.9,2009-10-24,NA,944.2,2014-10-13,NA
"1088015","TATLAYOKO+LAKE+RCS","10-25","DC",2000,2026,494.971428571429,144.627694937232,837,2009-10-25,NA,944.2,2014-10-13,NA
"1088015","TATLAYOKO+LAKE+RCS","10-26","DC",2000,2026,491.490476190476,144.514787841113,839.2,2009-10-26,NA,944.2,2014-10-13,NA
"1088015","TATLAYOKO+LAKE+RCS","10-27","DC",2000,2026,498.43,145.420761928963,840.7,2009-10-27,NA,944.2,2014-10-13,NA
"1088015","TATLAYOKO+LAKE+RCS","10-28","DC",2000,2026,500.42,145.234527575229,841.4,2009-10-28,NA,944.2,2014-10-13,NA
"1088015","TATLAYOKO+LAKE+RCS","10-29","DC",2000,2026,499.05,143.246645960551,843.3,2009-10-29,NA,944.2,2014-10-13,NA
"1088015","TATLAYOKO+LAKE+RCS","10-30","DC",2000,2026,495.365,142.044753047837,846.8,2009-10-30,NA,944.2,2014-10-13,NA
"1088015","TATLAYOKO+LAKE+RCS","10-31","DC",2000,2026,485.24,122.293161146312,806,2013-10-31,NA,944.2,2014-10-13,NA
"1088015","TATLAYOKO+LAKE+RCS","04-01","DMC",2000,2026,18.5666666666667,10.1539811568337,30,2016-04-01,NA,199.4,2017-07-06,NA
"1088015","TATLAYOKO+LAKE+RCS","04-02","DMC",2000,2026,20.2,10.829127388668,32.5,2016-04-02,NA,199.4,2017-07-06,NA
"1088015","TATLAYOKO+LAKE+RCS","04-03","DMC",2000,2026,21.2333333333333,10.8486558307162,33.5,2016-04-03,NA,199.4,2017-07-06,NA
"1088015","TATLAYOKO+LAKE+RCS","04-04","DMC",2000,2026,22.2666666666667,10.8486558307162,34.6,2016-04-04,NA,199.4,2017-07-06,NA
"1088015","TATLAYOKO+LAKE+RCS","04-05","DMC",2000,2026,23.4666666666667,10.971478174491,36,2016-04-05,NA,199.4,2017-07-06,NA
"1088015","TATLAYOKO+LAKE+RCS","04-06","DMC",2000,2026,24.6666666666667,10.9441003894031,37.2,2016-04-06,NA,199.4,2017-07-06,NA
"1088015","TATLAYOKO+LAKE+RCS","04-07","DMC",2000,2026,20.8,13.6808869108208,39.1,2016-04-07,NA,199.4,2017-07-06,NA
"1088015","TATLAYOKO+LAKE+RCS","04-08","DMC",2000,2026,19.32,14.2334816541843,42.3,2016-04-08,NA,199.4,2017-07-06,NA
"1088015","TATLAYOKO+LAKE+RCS","04-09","DMC",2000,2026,20.7,14.7297318373418,44.3,2016-04-09,NA,199.4,2017-07-06,NA
"1088015","TATLAYOKO+LAKE+RCS","04-10","DMC",2000,2026,17.6833333333333,15.1347833372885,46.4,2016-04-10,NA,199.4,2017-07-06,NA
"1088015","TATLAYOKO+LAKE+RCS","04-11","DMC",2000,2026,18.4666666666667,15.6402898523866,48.4,2016-04-11,NA,199.4,2017-07-06,NA
"1088015","TATLAYOKO+LAKE+RCS","04-12","DMC",2000,2026,19.25,15.6335216761931,49.8,2016-04-12,19.8,199.4,2017-07-06,NA
"1088015","TATLAYOKO+LAKE+RCS","04-13","DMC",2000,2026,20.3333333333333,15.6326154774774,50.9,2016-04-13,21.4,199.4,2017-07-06,NA
"1088015","TATLAYOKO+LAKE+RCS","04-14","DMC",2000,2026,19.4,17.0930395190557,52.2,2016-04-14,21.7,199.4,2017-07-06,NA
"1088015","TATLAYOKO+LAKE+RCS","04-15","DMC",2000,2026,18.4142857142857,16.8907695277064,53.7,2016-04-15,15.6,199.4,2017-07-06,NA
"1088015","TATLAYOKO+LAKE+RCS","04-16","DMC",2000,2026,19.6857142857143,16.7840627353678,54.5,2016-04-16,16.3,199.4,2017-07-06,NA
"1088015","TATLAYOKO+LAKE+RCS","04-17","DMC",2000,2026,21,17.1754669999586,56.4,2016-04-17,17.6,199.4,2017-07-06,NA
"1088015","TATLAYOKO+LAKE+RCS","04-18","DMC",2000,2026,20.3625,17.6640828074534,60,2016-04-18,19.8,199.4,2017-07-06,NA
"1088015","TATLAYOKO+LAKE+RCS","04-19","DMC",2000,2026,21.375,18.3306729671491,63.4,2016-04-19,21.3,199.4,2017-07-06,NA
"1088015","TATLAYOKO+LAKE+RCS","04-20","DMC",2000,2026,20.0818181818182,17.3123550207254,66.5,2016-04-20,23.7,199.4,2017-07-06,NA
"1088015","TATLAYOKO+LAKE+RCS","04-21","DMC",2000,2026,21.6454545454545,17.3238196502021,68.4,2016-04-21,26.1,199.4,2017-07-06,NA
"1088015","TATLAYOKO+LAKE+RCS","04-22","DMC",2000,2026,22.3454545454545,17.0711665469214,69.4,2016-04-22,28.4,199.4,2017-07-06,NA
"1088015","TATLAYOKO+LAKE+RCS","04-23","DMC",2000,2026,23.4636363636364,15.3156960486471,64.8,2016-04-23,30.6,199.4,2017-07-06,NA
"1088015","TATLAYOKO+LAKE+RCS","04-24","DMC",2000,2026,21.2,9.07864627473822,38.2,2019-04-24,32.8,199.4,2017-07-06,NA
"1088015","TATLAYOKO+LAKE+RCS","04-25","DMC",2000,2026,22.0583333333333,7.76290226108454,39.8,2019-04-25,35,199.4,2017-07-06,NA
"1088015","TATLAYOKO+LAKE+RCS","04-26","DMC",2000,2026,22.8,9.0100869400171,41.9,2019-04-26,37.2,199.4,2017-07-06,NA
"1088015","TATLAYOKO+LAKE+RCS","04-27","DMC",2000,2026,22.8384615384615,9.1979652153378,43.6,2025-04-27,40.1,199.4,2017-07-06,NA
"1088015","TATLAYOKO+LAKE+RCS","04-28","DMC",2000,2026,23.5384615384615,10.4683283018779,46.1,2025-04-28,42.4,199.4,2017-07-06,NA
"1088015","TATLAYOKO+LAKE+RCS","04-29","DMC",2000,2026,23.8357142857143,11.3846460127298,48.6,2025-04-29,45.3,199.4,2017-07-06,NA
"1088015","TATLAYOKO+LAKE+RCS","04-30","DMC",2000,2026,23.74,12.7131989904756,50.9,2025-04-30,48.2,199.4,2017-07-06,NA
"1088015","TATLAYOKO+LAKE+RCS","05-01","DMC",2000,2026,25.05625,12.9417653999239,54.6,2025-05-01,50.6,199.4,2017-07-06,NA
"1088015","TATLAYOKO+LAKE+RCS","05-02","DMC",2000,2026,26.625,13.226412967997,57.9,2025-05-02,53.9,199.4,2017-07-06,NA
"1088015","TATLAYOKO+LAKE+RCS","05-03","DMC",2000,2026,25.9235294117647,13.7107863291901,59.7,2025-05-03,57.6,199.4,2017-07-06,NA
"1088015","TATLAYOKO+LAKE+RCS","05-04","DMC",2000,2026,26.7058823529412,15.2077887358845,61.7,2025-05-04,61.4,199.4,2017-07-06,NA
"1088015","TATLAYOKO+LAKE+RCS","05-05","DMC",2000,2026,26.3777777777778,16.8812306338258,66.1,2026-05-05,66.1,199.4,2017-07-06,NA
"1088015","TATLAYOKO+LAKE+RCS","05-06","DMC",2000,2026,26.7833333333333,17.7517604760767,68.6,2026-05-06,68.6,199.4,2017-07-06,NA
"1088015","TATLAYOKO+LAKE+RCS","05-07","DMC",2000,2026,28.1631578947368,17.9495964215329,71.5,2026-05-07,71.5,199.4,2017-07-06,NA
"1088015","TATLAYOKO+LAKE+RCS","05-08","DMC",2000,2026,29.0894736842105,18.3084344478119,73.3,2026-05-08,73.3,199.4,2017-07-06,NA
"1088015","TATLAYOKO+LAKE+RCS","05-09","DMC",2000,2026,30.9736842105263,19.3427230676685,76.2,2026-05-09,76.2,199.4,2017-07-06,NA
"1088015","TATLAYOKO+LAKE+RCS","05-10","DMC",2000,2026,32.7,20.6232339311219,77.6,2026-05-10,77.6,199.4,2017-07-06,NA
"1088015","TATLAYOKO+LAKE+RCS","05-11","DMC",2000,2026,33.6105263157895,19.4882270653861,80.1,2026-05-11,80.1,199.4,2017-07-06,NA
"1088015","TATLAYOKO+LAKE+RCS","05-12","DMC",2000,2026,32.8105263157895,17.952000654116,83.7,2026-05-12,83.7,199.4,2017-07-06,NA
"1088015","TATLAYOKO+LAKE+RCS","05-13","DMC",2000,2026,33.4,19.0238077985953,86,2019-05-13,85.6,199.4,2017-07-06,NA
"1088015","TATLAYOKO+LAKE+RCS","05-14","DMC",2000,2026,34.34,19.5518850888173,87.9,2019-05-14,87.1,199.4,2017-07-06,NA
"1088015","TATLAYOKO+LAKE+RCS","05-15","DMC",2000,2026,36.945,19.821293042956,90.4,2019-05-15,88.2,199.4,2017-07-06,NA
"1088015","TATLAYOKO+LAKE+RCS","05-16","DMC",2000,2026,38.05,20.9116562811522,93,2019-05-16,60.4,199.4,2017-07-06,NA
"1088015","TATLAYOKO+LAKE+RCS","05-17","DMC",2000,2026,39.055,22.3022886481941,94.4,2019-05-17,62.9,199.4,2017-07-06,NA
"1088015","TATLAYOKO+LAKE+RCS","05-18","DMC",2000,2026,40.46,22.9273773375619,97.1,2019-05-18,65.5,199.4,2017-07-06,NA
"1088015","TATLAYOKO+LAKE+RCS","05-19","DMC",2000,2026,38.7,24.1256360701531,99.1,2019-05-19,68.3,199.4,2017-07-06,NA
"1088015","TATLAYOKO+LAKE+RCS","05-20","DMC",2000,2026,39.065,23.5703934495889,100.5,2019-05-20,71.4,199.4,2017-07-06,NA
"1088015","TATLAYOKO+LAKE+RCS","05-21","DMC",2000,2026,37.69,23.5401761832158,92.9,2023-05-21,73.7,199.4,2017-07-06,NA
"1088015","TATLAYOKO+LAKE+RCS","05-22","DMC",2000,2026,37.385,24.5511769468122,95.5,2023-05-22,77,199.4,2017-07-06,NA
"1088015","TATLAYOKO+LAKE+RCS","05-23","DMC",2000,2026,38.96,25.5226504150828,96.3,2023-05-23,80.1,199.4,2017-07-06,NA
"1088015","TATLAYOKO+LAKE+RCS","05-24","DMC",2000,2026,38.975,24.9414656852061,99.5,2023-05-24,82.2,199.4,2017-07-06,NA
"1088015","TATLAYOKO+LAKE+RCS","05-25","DMC",2000,2026,37.19,22.4185989514815,104,2023-05-25,83.6,199.4,2017-07-06,NA
"1088015","TATLAYOKO+LAKE+RCS","05-26","DMC",2000,2026,36.525,21.9102445397005,109.2,2023-05-26,86.2,199.4,2017-07-06,NA
"1088015","TATLAYOKO+LAKE+RCS","05-27","DMC",2000,2026,36.99,22.8690758794261,113.4,2023-05-27,90.9,199.4,2017-07-06,NA
"1088015","TATLAYOKO+LAKE+RCS","05-28","DMC",2000,2026,37.375,24.6715663104418,118,2023-05-28,95.1,199.4,2017-07-06,NA
"1088015","TATLAYOKO+LAKE+RCS","05-29","DMC",2000,2026,39.42,25.7845445343156,122.1,2023-05-29,96.8,199.4,2017-07-06,NA
"1088015","TATLAYOKO+LAKE+RCS","05-30","DMC",2000,2026,40.71,23.9611066434534,125.5,2023-05-30,99.9,199.4,2017-07-06,NA
"1088015","TATLAYOKO+LAKE+RCS","05-31","DMC",2000,2026,42.51,23.5112268815067,128.4,2023-05-31,103.1,199.4,2017-07-06,NA
"1088015","TATLAYOKO+LAKE+RCS","06-01","DMC",2000,2026,41.835,21.9354141683453,132,2023-06-01,108,199.4,2017-07-06,NA
"1088015","TATLAYOKO+LAKE+RCS","06-02","DMC",2000,2026,42.735,22.60089134246,136,2023-06-02,112.5,199.4,2017-07-06,NA
"1088015","TATLAYOKO+LAKE+RCS","06-03","DMC",2000,2026,45.165,23.4453289029696,140.1,2023-06-03,115.9,199.4,2017-07-06,NA
"1088015","TATLAYOKO+LAKE+RCS","06-04","DMC",2000,2026,48.055,23.5904413068648,143.2,2023-06-04,118.8,199.4,2017-07-06,NA
"1088015","TATLAYOKO+LAKE+RCS","06-05","DMC",2000,2026,48.735,24.611000428777,147,2023-06-05,120.6,199.4,2017-07-06,NA
"1088015","TATLAYOKO+LAKE+RCS","06-06","DMC",2000,2026,47.535,26.7013556722658,152.3,2023-06-06,121.9,199.4,2017-07-06,NA
"1088015","TATLAYOKO+LAKE+RCS","06-07","DMC",2000,2026,48.995,27.9211384739987,158.6,2023-06-07,124.5,199.4,2017-07-06,NA
"1088015","TATLAYOKO+LAKE+RCS","06-08","DMC",2000,2026,50.315,29.4764897395945,165.3,2023-06-08,126.6,199.4,2017-07-06,NA
"1088015","TATLAYOKO+LAKE+RCS","06-09","DMC",2000,2026,49.53,27.0950393595347,168,2023-06-09,82.4,199.4,2017-07-06,NA
"1088015","TATLAYOKO+LAKE+RCS","06-10","DMC",2000,2026,47.89,28.953699881744,111,2009-06-10,59.2,199.4,2017-07-06,NA
"1088015","TATLAYOKO+LAKE+RCS","06-11","DMC",2000,2026,46.535,29.1144976546773,100.1,2017-06-11,61.7,199.4,2017-07-06,NA
"1088015","TATLAYOKO+LAKE+RCS","06-12","DMC",2000,2026,46.98,29.624484894478,103,2017-06-12,65.4,199.4,2017-07-06,NA
"1088015","TATLAYOKO+LAKE+RCS","06-13","DMC",2000,2026,47.99,30.1437241438937,106.5,2015-06-13,70,199.4,2017-07-06,NA
"1088015","TATLAYOKO+LAKE+RCS","06-14","DMC",2000,2026,47.595,28.5502046264213,108.8,2017-06-14,75.6,199.4,2017-07-06,NA
"1088015","TATLAYOKO+LAKE+RCS","06-15","DMC",2000,2026,49.785,29.3374787242315,109.7,2017-06-15,80.3,199.4,2017-07-06,NA
"1088015","TATLAYOKO+LAKE+RCS","06-16","DMC",2000,2026,49.83,29.8636744663409,112.8,2017-06-16,84.5,199.4,2017-07-06,NA
"1088015","TATLAYOKO+LAKE+RCS","06-17","DMC",2000,2026,51.435,31.1869621037888,115.9,2017-06-17,87.9,199.4,2017-07-06,NA
"1088015","TATLAYOKO+LAKE+RCS","06-18","DMC",2000,2026,52.725,33.4861617136958,118.7,2017-06-18,91.7,199.4,2017-07-06,NA
"1088015","TATLAYOKO+LAKE+RCS","06-19","DMC",2000,2026,54.35,33.7006090839851,120.3,2017-06-19,97.1,199.4,2017-07-06,NA
"1088015","TATLAYOKO+LAKE+RCS","06-20","DMC",2000,2026,55.485,35.4332771780843,124.3,2017-06-20,99.1,199.4,2017-07-06,NA
"1088015","TATLAYOKO+LAKE+RCS","06-21","DMC",2000,2026,55.6,33.6432365925315,126.5,2017-06-21,102.2,199.4,2017-07-06,NA
"1088015","TATLAYOKO+LAKE+RCS","06-22","DMC",2000,2026,57.175,34.2962461502713,129.9,2017-06-22,106.8,199.4,2017-07-06,NA
"1088015","TATLAYOKO+LAKE+RCS","06-23","DMC",2000,2026,59.2,35.5820475136431,134.5,2017-06-23,112,199.4,2017-07-06,NA
"1088015","TATLAYOKO+LAKE+RCS","06-24","DMC",2000,2026,61.695,36.8022235455242,140.3,2017-06-24,117,199.4,2017-07-06,NA
"1088015","TATLAYOKO+LAKE+RCS","06-25","DMC",2000,2026,60.13,36.964308532193,146.4,2017-06-25,121.3,199.4,2017-07-06,NA
"1088015","TATLAYOKO+LAKE+RCS","06-26","DMC",2000,2026,63.29,37.4602090645247,151.8,2017-06-26,122.5,199.4,2017-07-06,NA
"1088015","TATLAYOKO+LAKE+RCS","06-27","DMC",2000,2026,65.62,38.4760020901614,156.1,2017-06-27,125.6,199.4,2017-07-06,NA
"1088015","TATLAYOKO+LAKE+RCS","06-28","DMC",2000,2026,65.205,37.4116851292551,161.1,2017-06-28,129.6,199.4,2017-07-06,NA
"1088015","TATLAYOKO+LAKE+RCS","06-29","DMC",2000,2026,66.755,39.4046280343606,166.6,2017-06-29,133.7,199.4,2017-07-06,NA
"1088015","TATLAYOKO+LAKE+RCS","06-30","DMC",2000,2026,67.925,40.7372049657442,171.8,2017-06-30,137.7,199.4,2017-07-06,NA
"1088015","TATLAYOKO+LAKE+RCS","07-01","DMC",2000,2026,65.95,38.6250872933778,175.7,2017-07-01,140.8,199.4,2017-07-06,NA
"1088015","TATLAYOKO+LAKE+RCS","07-02","DMC",2000,2026,66.41,40.7244643918124,179.9,2017-07-02,142.7,199.4,2017-07-06,NA
"1088015","TATLAYOKO+LAKE+RCS","07-03","DMC",2000,2026,66.22,41.0229666098599,183.4,2017-07-03,146.1,199.4,2017-07-06,NA
"1088015","TATLAYOKO+LAKE+RCS","07-04","DMC",2000,2026,67.31,43.1695787136705,187.9,2017-07-04,148.3,199.4,2017-07-06,NA
"1088015","TATLAYOKO+LAKE+RCS","07-05","DMC",2000,2026,69.385,45.3495113999096,193,2017-07-05,92.8,199.4,2017-07-06,NA
"1088015","TATLAYOKO+LAKE+RCS","07-06","DMC",2000,2026,68.53,43.7624821291625,199.4,2017-07-06,97.8,199.4,2017-07-06,NA
"1088015","TATLAYOKO+LAKE+RCS","07-07","DMC",2000,2026,59.8315789473684,35.7475415259036,136.7,2006-07-07,100.5,199.4,2017-07-06,NA
"1088015","TATLAYOKO+LAKE+RCS","07-08","DMC",2000,2026,61.6421052631579,38.198928370505,139.1,2006-07-08,104.2,199.4,2017-07-06,NA
"1088015","TATLAYOKO+LAKE+RCS","07-09","DMC",2000,2026,64.5052631578947,39.8908576783677,143.1,2006-07-09,106,199.4,2017-07-06,NA
"1088015","TATLAYOKO+LAKE+RCS","07-10","DMC",2000,2026,65.7105263157895,42.4848717484869,146.9,2006-07-10,109.9,199.4,2017-07-06,NA
"1088015","TATLAYOKO+LAKE+RCS","07-11","DMC",2000,2026,69.2684210526316,42.7002999290999,149.6,2006-07-11,113.5,199.4,2017-07-06,NA
"1088015","TATLAYOKO+LAKE+RCS","07-12","DMC",2000,2026,68.215,37.2514821322942,130.4,2014-07-12,58.7,199.4,2017-07-06,NA
"1088015","TATLAYOKO+LAKE+RCS","07-13","DMC",2000,2026,69.67,39.860428867157,137,2014-07-13,62.3,199.4,2017-07-06,NA
"1088015","TATLAYOKO+LAKE+RCS","07-14","DMC",2000,2026,70.77,41.5614586137838,143.4,2014-07-14,65.9,199.4,2017-07-06,NA
"1088015","TATLAYOKO+LAKE+RCS","07-15","DMC",2000,2026,69.375,45.1485137017121,149.7,2014-07-15,69.9,199.4,2017-07-06,NA
"1088015","TATLAYOKO+LAKE+RCS","07-16","DMC",2000,2026,72.14,46.7175319283209,155.9,2014-07-16,75.3,199.4,2017-07-06,NA
"1088015","TATLAYOKO+LAKE+RCS","07-17","DMC",2000,2026,74.34,47.8205791419728,161.5,2014-07-17,77.7,199.4,2017-07-06,NA
"1088015","TATLAYOKO+LAKE+RCS","07-18","DMC",2000,2026,76.155,47.673897470209,164.4,2014-07-18,78.5,199.4,2017-07-06,NA
"1088015","TATLAYOKO+LAKE+RCS","07-19","DMC",2000,2026,76.205,48.336011147841,168,2014-07-19,81.9,199.4,2017-07-06,NA
"1088015","TATLAYOKO+LAKE+RCS","07-20","DMC",2000,2026,75.4,49.3037844175753,170.4,2014-07-20,86.3,199.4,2017-07-06,NA
"1088015","TATLAYOKO+LAKE+RCS","07-21","DMC",2000,2026,77.78,50.7981620057054,173.9,2014-07-21,90.7,199.4,2017-07-06,NA
"1088015","TATLAYOKO+LAKE+RCS","07-22","DMC",2000,2026,78.84,49.6878614849479,177.7,2014-07-22,96.8,199.4,2017-07-06,NA
"1088015","TATLAYOKO+LAKE+RCS","07-23","DMC",2000,2026,80.305,51.0426702300196,180.3,2014-07-23,102.7,199.4,2017-07-06,NA
"1088015","TATLAYOKO+LAKE+RCS","07-24","DMC",2000,2026,78.4,46.3220647662702,173.1,2010-07-24,107.4,199.4,2017-07-06,NA
"1088015","TATLAYOKO+LAKE+RCS","07-25","DMC",2000,2026,82.01,46.8616317077819,177.2,2010-07-25,111.4,199.4,2017-07-06,NA
"1088015","TATLAYOKO+LAKE+RCS","07-26","DMC",2000,2026,84.535,47.3875541621815,181.9,2010-07-26,114.2,199.4,2017-07-06,NA
"1088015","TATLAYOKO+LAKE+RCS","07-27","DMC",2000,2026,87.99,47.8378610241765,186.7,2010-07-27,116.1,199.4,2017-07-06,NA
"1088015","TATLAYOKO+LAKE+RCS","07-28","DMC",2000,2026,91.275,48.840566346559,191.7,2010-07-28,77.4,199.4,2017-07-06,NA
"1088015","TATLAYOKO+LAKE+RCS","07-29","DMC",2000,2026,94.83,48.9957366566349,196.3,2010-07-29,80.8,199.4,2017-07-06,NA
"1088015","TATLAYOKO+LAKE+RCS","07-30","DMC",2000,2026,93.0684210526316,44.4184903019199,185.6,2008-07-30,82.8,199.4,2017-07-06,NA
"1088015","TATLAYOKO+LAKE+RCS","07-31","DMC",2000,2026,94.9894736842106,46.3804304366117,187.3,2008-07-31,84.9,199.4,2017-07-06,NA
"1088015","TATLAYOKO+LAKE+RCS","08-01","DMC",2000,2026,92.0578947368421,43.19568285771,188.7,2015-08-01,41.8,199.4,2017-07-06,NA
"1088015","TATLAYOKO+LAKE+RCS","08-02","DMC",2000,2026,88.9473684210527,46.7697951961526,193.2,2015-08-02,43.5,199.4,2017-07-06,NA
"1088015","TATLAYOKO+LAKE+RCS","08-03","DMC",2000,2026,90.1421052631579,47.3544708177881,194.1,2015-08-03,46.9,199.4,2017-07-06,NA
"1088015","TATLAYOKO+LAKE+RCS","08-04","DMC",2000,2026,88.7368421052632,47.5467280160185,197.9,2015-08-04,51.2,199.4,2017-07-06,NA
"1088015","TATLAYOKO+LAKE+RCS","08-05","DMC",2000,2026,85.4526315789474,44.3347163746808,172.3,2006-08-05,55.5,199.4,2017-07-06,NA
"1088015","TATLAYOKO+LAKE+RCS","08-06","DMC",2000,2026,84.7210526315789,43.5741077418354,176.6,2006-08-06,59.9,199.4,2017-07-06,NA
"1088015","TATLAYOKO+LAKE+RCS","08-07","DMC",2000,2026,85.2263157894737,46.1182880344454,180.9,2006-08-07,65.3,199.4,2017-07-06,NA
"1088015","TATLAYOKO+LAKE+RCS","08-08","DMC",2000,2026,87.6842105263158,47.1655861261141,181.8,2006-08-08,NA,199.4,2017-07-06,NA
"1088015","TATLAYOKO+LAKE+RCS","08-09","DMC",2000,2026,91.83,46.315145868734,184.8,2006-08-09,NA,199.4,2017-07-06,NA
"1088015","TATLAYOKO+LAKE+RCS","08-10","DMC",2000,2026,91.85,47.6078664441962,187.5,2006-08-10,NA,199.4,2017-07-06,NA
"1088015","TATLAYOKO+LAKE+RCS","08-11","DMC",2000,2026,92.19,44.5026539717163,189.6,2006-08-11,NA,199.4,2017-07-06,NA
"1088015","TATLAYOKO+LAKE+RCS","08-12","DMC",2000,2026,85.0857142857143,49.3337134798738,191.5,2006-08-12,NA,199.4,2017-07-06,NA
"1088015","TATLAYOKO+LAKE+RCS","08-13","DMC",2000,2026,88.4047619047619,49.5684726029608,195,2006-08-13,NA,199.4,2017-07-06,NA
"1088015","TATLAYOKO+LAKE+RCS","08-14","DMC",2000,2026,91.9095238095238,49.9934986249403,198.6,2006-08-14,NA,199.4,2017-07-06,NA
"1088015","TATLAYOKO+LAKE+RCS","08-15","DMC",2000,2026,87.135,42.1449163444918,151,2004-08-15,NA,199.4,2017-07-06,NA
"1088015","TATLAYOKO+LAKE+RCS","08-16","DMC",2000,2026,90.61,42.7467068599257,155.3,2004-08-16,NA,199.4,2017-07-06,NA
"1088015","TATLAYOKO+LAKE+RCS","08-17","DMC",2000,2026,90.545,44.9034223874446,159.7,2004-08-17,NA,199.4,2017-07-06,NA
"1088015","TATLAYOKO+LAKE+RCS","08-18","DMC",2000,2026,93.505,45.4623786049636,163.8,2004-08-18,NA,199.4,2017-07-06,NA
"1088015","TATLAYOKO+LAKE+RCS","08-19","DMC",2000,2026,96.625,45.9560759971152,168.1,2004-08-19,NA,199.4,2017-07-06,NA
"1088015","TATLAYOKO+LAKE+RCS","08-20","DMC",2000,2026,99.05,46.8440245023733,170.5,2004-08-20,NA,199.4,2017-07-06,NA
"1088015","TATLAYOKO+LAKE+RCS","08-21","DMC",2000,2026,97.01,47.7384529989907,170.7,2004-08-21,NA,199.4,2017-07-06,NA
"1088015","TATLAYOKO+LAKE+RCS","08-22","DMC",2000,2026,85.18,43.1803756596126,169.5,2009-08-22,NA,199.4,2017-07-06,NA
"1088015","TATLAYOKO+LAKE+RCS","08-23","DMC",2000,2026,86.3904761904762,42.9628898558035,172,2009-08-23,NA,199.4,2017-07-06,NA
"1088015","TATLAYOKO+LAKE+RCS","08-24","DMC",2000,2026,88.0904761904762,43.005056734783,174.3,2009-08-24,NA,199.4,2017-07-06,NA
"1088015","TATLAYOKO+LAKE+RCS","08-25","DMC",2000,2026,85.3190476190476,40.0730410506567,177,2009-08-25,NA,199.4,2017-07-06,NA
"1088015","TATLAYOKO+LAKE+RCS","08-26","DMC",2000,2026,83.147619047619,43.7989339944207,179.6,2009-08-26,NA,199.4,2017-07-06,NA
"1088015","TATLAYOKO+LAKE+RCS","08-27","DMC",2000,2026,84.6904761904762,44.8435603488606,184,2009-08-27,NA,199.4,2017-07-06,NA
"1088015","TATLAYOKO+LAKE+RCS","08-28","DMC",2000,2026,84.2809523809524,47.8870715229864,188.8,2009-08-28,NA,199.4,2017-07-06,NA
"1088015","TATLAYOKO+LAKE+RCS","08-29","DMC",2000,2026,81.652380952381,47.6690110978571,192.1,2009-08-29,NA,199.4,2017-07-06,NA
"1088015","TATLAYOKO+LAKE+RCS","08-30","DMC",2000,2026,76.8,44.5762941483475,195.5,2009-08-30,NA,199.4,2017-07-06,NA
"1088015","TATLAYOKO+LAKE+RCS","08-31","DMC",2000,2026,73.3190476190476,47.5764082192805,198.7,2009-08-31,NA,199.4,2017-07-06,NA
"1088015","TATLAYOKO+LAKE+RCS","09-01","DMC",2000,2026,67.55,40.610103746676,190.5,2017-09-01,NA,199.4,2017-07-06,NA
"1088015","TATLAYOKO+LAKE+RCS","09-02","DMC",2000,2026,67.545,41.968803890509,194.2,2017-09-02,NA,199.4,2017-07-06,NA
"1088015","TATLAYOKO+LAKE+RCS","09-03","DMC",2000,2026,63.96,40.5642362575446,195.7,2017-09-03,NA,199.4,2017-07-06,NA
"1088015","TATLAYOKO+LAKE+RCS","09-04","DMC",2000,2026,63.84,42.4107657633245,198.8,2017-09-04,NA,199.4,2017-07-06,NA
"1088015","TATLAYOKO+LAKE+RCS","09-05","DMC",2000,2026,57.8,29.4575966433109,124.6,2022-09-05,NA,199.4,2017-07-06,NA
"1088015","TATLAYOKO+LAKE+RCS","09-06","DMC",2000,2026,59.0736842105263,29.8108451947956,127.2,2022-09-06,NA,199.4,2017-07-06,NA
"1088015","TATLAYOKO+LAKE+RCS","09-07","DMC",2000,2026,58.4263157894737,30.2219170306228,130.5,2022-09-07,NA,199.4,2017-07-06,NA
"1088015","TATLAYOKO+LAKE+RCS","09-08","DMC",2000,2026,56.6263157894737,29.7492454078953,132.9,2022-09-08,NA,199.4,2017-07-06,NA
"1088015","TATLAYOKO+LAKE+RCS","09-09","DMC",2000,2026,56.0526315789474,31.961319824317,136,2022-09-09,NA,199.4,2017-07-06,NA
"1088015","TATLAYOKO+LAKE+RCS","09-10","DMC",2000,2026,56.0526315789474,33.1589835057485,139.3,2022-09-10,NA,199.4,2017-07-06,NA
"1088015","TATLAYOKO+LAKE+RCS","09-11","DMC",2000,2026,57.9052631578948,34.1036894987463,142.6,2022-09-11,NA,199.4,2017-07-06,NA
"1088015","TATLAYOKO+LAKE+RCS","09-12","DMC",2000,2026,59.5578947368421,33.875364955631,145.7,2022-09-12,NA,199.4,2017-07-06,NA
"1088015","TATLAYOKO+LAKE+RCS","09-13","DMC",2000,2026,60.81,33.613028489122,148.4,2022-09-13,NA,199.4,2017-07-06,NA
"1088015","TATLAYOKO+LAKE+RCS","09-14","DMC",2000,2026,59.23,32.6234190986201,150.7,2022-09-14,NA,199.4,2017-07-06,NA
"1088015","TATLAYOKO+LAKE+RCS","09-15","DMC",2000,2026,57.55,30.366264175891,153,2022-09-15,NA,199.4,2017-07-06,NA
"1088015","TATLAYOKO+LAKE+RCS","09-16","DMC",2000,2026,53.925,29.2513405000973,153.9,2022-09-16,NA,199.4,2017-07-06,NA
"1088015","TATLAYOKO+LAKE+RCS","09-17","DMC",2000,2026,55.22,29.7526044857288,155.2,2022-09-17,NA,199.4,2017-07-06,NA
"1088015","TATLAYOKO+LAKE+RCS","09-18","DMC",2000,2026,52.065,28.4001904181904,157.2,2022-09-18,NA,199.4,2017-07-06,NA
"1088015","TATLAYOKO+LAKE+RCS","09-19","DMC",2000,2026,52.7857142857143,29.7221009640013,159,2022-09-19,NA,199.4,2017-07-06,NA
"1088015","TATLAYOKO+LAKE+RCS","09-20","DMC",2000,2026,49.2619047619048,32.4694699092929,161.4,2022-09-20,NA,199.4,2017-07-06,NA
"1088015","TATLAYOKO+LAKE+RCS","09-21","DMC",2000,2026,46.847619047619,31.9679154629704,164,2022-09-21,NA,199.4,2017-07-06,NA
"1088015","TATLAYOKO+LAKE+RCS","09-22","DMC",2000,2026,46.3523809523809,32.8912848494494,167.1,2022-09-22,NA,199.4,2017-07-06,NA
"1088015","TATLAYOKO+LAKE+RCS","09-23","DMC",2000,2026,47.2380952380952,33.5443956003157,169.1,2022-09-23,NA,199.4,2017-07-06,NA
"1088015","TATLAYOKO+LAKE+RCS","09-24","DMC",2000,2026,46.7,34.5422205424029,170.5,2022-09-24,NA,199.4,2017-07-06,NA
"1088015","TATLAYOKO+LAKE+RCS","09-25","DMC",2000,2026,43.6380952380952,34.9741401065198,172.9,2022-09-25,NA,199.4,2017-07-06,NA
"1088015","TATLAYOKO+LAKE+RCS","09-26","DMC",2000,2026,43.3904761904762,36.2391625836181,175.3,2022-09-26,NA,199.4,2017-07-06,NA
"1088015","TATLAYOKO+LAKE+RCS","09-27","DMC",2000,2026,41.8857142857143,34.911463528679,177.8,2022-09-27,NA,199.4,2017-07-06,NA
"1088015","TATLAYOKO+LAKE+RCS","09-28","DMC",2000,2026,42.4142857142857,35.585970349483,179.4,2022-09-28,NA,199.4,2017-07-06,NA
"1088015","TATLAYOKO+LAKE+RCS","09-29","DMC",2000,2026,41.7809523809524,33.9029588538762,181.4,2022-09-29,NA,199.4,2017-07-06,NA
"1088015","TATLAYOKO+LAKE+RCS","09-30","DMC",2000,2026,42.647619047619,34.2055641533307,183.1,2022-09-30,NA,199.4,2017-07-06,NA
"1088015","TATLAYOKO+LAKE+RCS","10-01","DMC",2000,2026,42.447619047619,34.9674222534007,185.2,2022-10-01,NA,199.4,2017-07-06,NA
"1088015","TATLAYOKO+LAKE+RCS","10-02","DMC",2000,2026,42.5190476190476,35.7934577688105,187.6,2022-10-02,NA,199.4,2017-07-06,NA
"1088015","TATLAYOKO+LAKE+RCS","10-03","DMC",2000,2026,43.0904761904762,36.2188749792412,189.9,2022-10-03,NA,199.4,2017-07-06,NA
"1088015","TATLAYOKO+LAKE+RCS","10-04","DMC",2000,2026,44.1952380952381,36.3614834157034,191.4,2022-10-04,NA,199.4,2017-07-06,NA
"1088015","TATLAYOKO+LAKE+RCS","10-05","DMC",2000,2026,44.747619047619,36.7206565715759,192.9,2022-10-05,NA,199.4,2017-07-06,NA
"1088015","TATLAYOKO+LAKE+RCS","10-06","DMC",2000,2026,45.4523809523809,37.1165545147663,194.6,2022-10-06,NA,199.4,2017-07-06,NA
"1088015","TATLAYOKO+LAKE+RCS","10-07","DMC",2000,2026,43.3714285714286,35.8804284096099,196.4,2022-10-07,NA,199.4,2017-07-06,NA
"1088015","TATLAYOKO+LAKE+RCS","10-08","DMC",2000,2026,41.8047619047619,36.2644657507935,198.6,2022-10-08,NA,199.4,2017-07-06,NA
"1088015","TATLAYOKO+LAKE+RCS","10-09","DMC",2000,2026,41.3,36.8343453857945,139.6,2014-10-09,NA,199.4,2017-07-06,NA
"1088015","TATLAYOKO+LAKE+RCS","10-10","DMC",2000,2026,36.9,36.6943864916693,141.3,2014-10-10,NA,199.4,2017-07-06,NA
"1088015","TATLAYOKO+LAKE+RCS","10-11","DMC",2000,2026,36.7285714285714,37.0177949486074,142.3,2014-10-11,NA,199.4,2017-07-06,NA
"1088015","TATLAYOKO+LAKE+RCS","10-12","DMC",2000,2026,36.7714285714286,37.1652948711179,143,2014-10-12,NA,199.4,2017-07-06,NA
"1088015","TATLAYOKO+LAKE+RCS","10-13","DMC",2000,2026,34.7142857142857,34.043167974122,116.8,2014-10-13,NA,199.4,2017-07-06,NA
"1088015","TATLAYOKO+LAKE+RCS","10-14","DMC",2000,2026,29.7333333333333,27.4334892664665,110.6,2009-10-14,NA,199.4,2017-07-06,NA
"1088015","TATLAYOKO+LAKE+RCS","10-15","DMC",2000,2026,29.4476190476191,27.643183952787,111,2009-10-15,NA,199.4,2017-07-06,NA
"1088015","TATLAYOKO+LAKE+RCS","10-16","DMC",2000,2026,25.947619047619,23.9844453562641,85.9,2013-10-16,NA,199.4,2017-07-06,NA
"1088015","TATLAYOKO+LAKE+RCS","10-17","DMC",2000,2026,23.1285714285714,23.7405800867869,87.1,2013-10-17,NA,199.4,2017-07-06,NA
"1088015","TATLAYOKO+LAKE+RCS","10-18","DMC",2000,2026,21.9714285714286,22.7444090461182,88,2013-10-18,NA,199.4,2017-07-06,NA
"1088015","TATLAYOKO+LAKE+RCS","10-19","DMC",2000,2026,21.5666666666667,23.291421883031,89.2,2013-10-19,NA,199.4,2017-07-06,NA
"1088015","TATLAYOKO+LAKE+RCS","10-20","DMC",2000,2026,20.2285714285714,22.0163607995768,90.6,2013-10-20,NA,199.4,2017-07-06,NA
"1088015","TATLAYOKO+LAKE+RCS","10-21","DMC",2000,2026,20.5095238095238,22.3554222675821,91.9,2013-10-21,NA,199.4,2017-07-06,NA
"1088015","TATLAYOKO+LAKE+RCS","10-22","DMC",2000,2026,19.9666666666667,22.8060810603956,93,2013-10-22,NA,199.4,2017-07-06,NA
"1088015","TATLAYOKO+LAKE+RCS","10-23","DMC",2000,2026,19.3904761904762,22.6824139976746,94.2,2013-10-23,NA,199.4,2017-07-06,NA
"1088015","TATLAYOKO+LAKE+RCS","10-24","DMC",2000,2026,19.452380952381,23.0442534929561,95.2,2013-10-24,NA,199.4,2017-07-06,NA
"1088015","TATLAYOKO+LAKE+RCS","10-25","DMC",2000,2026,19.5285714285714,23.4692808338292,96.5,2013-10-25,NA,199.4,2017-07-06,NA
"1088015","TATLAYOKO+LAKE+RCS","10-26","DMC",2000,2026,18.7952380952381,23.6712795638613,97,2013-10-26,NA,199.4,2017-07-06,NA
"1088015","TATLAYOKO+LAKE+RCS","10-27","DMC",2000,2026,19.465,23.5484779930567,97.3,2013-10-27,NA,199.4,2017-07-06,NA
"1088015","TATLAYOKO+LAKE+RCS","10-28","DMC",2000,2026,19.6,23.6728358650741,97.7,2013-10-28,NA,199.4,2017-07-06,NA
"1088015","TATLAYOKO+LAKE+RCS","10-29","DMC",2000,2026,18.93,23.6057999117523,98.2,2013-10-29,NA,199.4,2017-07-06,NA
"1088015","TATLAYOKO+LAKE+RCS","10-30","DMC",2000,2026,18.75,23.9341091112113,98.8,2013-10-30,NA,199.4,2017-07-06,NA
"1088015","TATLAYOKO+LAKE+RCS","10-31","DMC",2000,2026,16.705,21.4807986473109,99.7,2013-10-31,NA,199.4,2017-07-06,NA
"1088015","TATLAYOKO+LAKE+RCS","04-01","FFMC",2000,2026,90.4333333333333,0.665832811847937,91,2013-04-01,NA,97.6,2014-07-12,NA
"1088015","TATLAYOKO+LAKE+RCS","04-02","FFMC",2000,2026,89.3666666666667,1.72433562085034,90.9,2016-04-02,NA,97.6,2014-07-12,NA
"1088015","TATLAYOKO+LAKE+RCS","04-03","FFMC",2000,2026,87.9666666666667,0.378593889720021,88.4,2016-04-03,NA,97.6,2014-07-12,NA
"1088015","TATLAYOKO+LAKE+RCS","04-04","FFMC",2000,2026,87.4666666666667,0.929157324317753,88.1,2016-04-04,NA,97.6,2014-07-12,NA
"1088015","TATLAYOKO+LAKE+RCS","04-05","FFMC",2000,2026,84.3333333333333,6.35164020811423,88.1,2016-04-05,NA,97.6,2014-07-12,NA
"1088015","TATLAYOKO+LAKE+RCS","04-06","FFMC",2000,2026,86.3666666666667,3.08274769213008,88.8,2019-04-06,NA,97.6,2014-07-12,NA
"1088015","TATLAYOKO+LAKE+RCS","04-07","FFMC",2000,2026,84.775,5.72967421994189,88.8,2019-04-07,NA,97.6,2014-07-12,NA
"1088015","TATLAYOKO+LAKE+RCS","04-08","FFMC",2000,2026,85.04,8.48427958049474,93.1,2016-04-08,NA,97.6,2014-07-12,NA
"1088015","TATLAYOKO+LAKE+RCS","04-09","FFMC",2000,2026,87.56,3.67192047844176,92.7,2016-04-09,NA,97.6,2014-07-12,NA
"1088015","TATLAYOKO+LAKE+RCS","04-10","FFMC",2000,2026,80.0833333333333,19.0165629561881,91.9,2016-04-10,NA,97.6,2014-07-12,NA
"1088015","TATLAYOKO+LAKE+RCS","04-11","FFMC",2000,2026,80.3833333333333,11.0037114950669,91.2,2016-04-11,NA,97.6,2014-07-12,NA
"1088015","TATLAYOKO+LAKE+RCS","04-12","FFMC",2000,2026,83.1,6.55072515069897,90,2016-04-12,87.4,97.6,2014-07-12,NA
"1088015","TATLAYOKO+LAKE+RCS","04-13","FFMC",2000,2026,85.6166666666667,3.06882170656209,89.1,2004-04-13,88.9,97.6,2014-07-12,NA
"1088015","TATLAYOKO+LAKE+RCS","04-14","FFMC",2000,2026,72.4833333333333,24.7224122339764,88.7,2009-04-14,85.4,97.6,2014-07-12,NA
"1088015","TATLAYOKO+LAKE+RCS","04-15","FFMC",2000,2026,76.1428571428571,26.0729653819723,91.1,2009-04-15,56.9,97.6,2014-07-12,NA
"1088015","TATLAYOKO+LAKE+RCS","04-16","FFMC",2000,2026,81.4142857142857,17.7696772219258,91.1,2009-04-16,69.5,97.6,2014-07-12,NA
"1088015","TATLAYOKO+LAKE+RCS","04-17","FFMC",2000,2026,83.8857142857143,12.3581860280853,92.6,2025-04-17,80.6,97.6,2014-07-12,NA
"1088015","TATLAYOKO+LAKE+RCS","04-18","FFMC",2000,2026,85.35,5.71839138219832,92.3,2025-04-18,88.9,97.6,2014-07-12,NA
"1088015","TATLAYOKO+LAKE+RCS","04-19","FFMC",2000,2026,83.4875,11.593648199399,92.4,2016-04-19,88.1,97.6,2014-07-12,NA
"1088015","TATLAYOKO+LAKE+RCS","04-20","FFMC",2000,2026,86.4363636363636,3.22963549871273,92.8,2021-04-20,89.1,97.6,2014-07-12,NA
"1088015","TATLAYOKO+LAKE+RCS","04-21","FFMC",2000,2026,86.9727272727273,4.14007026730004,92.9,2021-04-21,89.4,97.6,2014-07-12,NA
"1088015","TATLAYOKO+LAKE+RCS","04-22","FFMC",2000,2026,85.9363636363636,9.90588438528057,92.5,2021-04-22,91.3,97.6,2014-07-12,NA
"1088015","TATLAYOKO+LAKE+RCS","04-23","FFMC",2000,2026,86.8181818181818,6.11715917429295,92.4,2021-04-23,91.6,97.6,2014-07-12,NA
"1088015","TATLAYOKO+LAKE+RCS","04-24","FFMC",2000,2026,84.3416666666667,16.1059254106473,92.4,2019-04-24,91.6,97.6,2014-07-12,NA
"1088015","TATLAYOKO+LAKE+RCS","04-25","FFMC",2000,2026,85.15,12.8284839322501,92.8,2025-04-25,91.6,97.6,2014-07-12,NA
"1088015","TATLAYOKO+LAKE+RCS","04-26","FFMC",2000,2026,87.8615384615385,5.73011612179289,93.6,2004-04-26,91.6,97.6,2014-07-12,NA
"1088015","TATLAYOKO+LAKE+RCS","04-27","FFMC",2000,2026,82.8384615384615,12.391767324958,93.9,2018-04-27,91.6,97.6,2014-07-12,NA
"1088015","TATLAYOKO+LAKE+RCS","04-28","FFMC",2000,2026,82.8384615384615,12.3470332780482,91.9,2018-04-28,91.6,97.6,2014-07-12,NA
"1088015","TATLAYOKO+LAKE+RCS","04-29","FFMC",2000,2026,86.6785714285714,4.83865502155118,92.4,2023-04-29,91.7,97.6,2014-07-12,NA
"1088015","TATLAYOKO+LAKE+RCS","04-30","FFMC",2000,2026,86.1466666666667,9.0276453714344,93.2,2009-04-30,91.7,97.6,2014-07-12,NA
"1088015","TATLAYOKO+LAKE+RCS","05-01","FFMC",2000,2026,87.6875,6.11270534760728,93.3,2009-05-01,90.9,97.6,2014-07-12,NA
"1088015","TATLAYOKO+LAKE+RCS","05-02","FFMC",2000,2026,86.64375,10.3361481381283,93.8,2009-05-02,91.5,97.6,2014-07-12,NA
"1088015","TATLAYOKO+LAKE+RCS","05-03","FFMC",2000,2026,82.3235294117647,15.1198763806026,92.4,2023-05-03,91.9,97.6,2014-07-12,NA
"1088015","TATLAYOKO+LAKE+RCS","05-04","FFMC",2000,2026,79.4588235294117,15.7028285200282,93,2013-05-04,92.1,97.6,2014-07-12,NA
"1088015","TATLAYOKO+LAKE+RCS","05-05","FFMC",2000,2026,78.1333333333333,20.158606394409,93.8,2026-05-05,93.8,97.6,2014-07-12,NA
"1088015","TATLAYOKO+LAKE+RCS","05-06","FFMC",2000,2026,79.0388888888889,16.5241049909408,95,2013-05-06,92.3,97.6,2014-07-12,NA
"1088015","TATLAYOKO+LAKE+RCS","05-07","FFMC",2000,2026,84.1421052631579,9.82645611429074,94.7,2013-05-07,92.1,97.6,2014-07-12,NA
"1088015","TATLAYOKO+LAKE+RCS","05-08","FFMC",2000,2026,83.2421052631579,16.2902259649246,94.8,2013-05-08,89.5,97.6,2014-07-12,NA
"1088015","TATLAYOKO+LAKE+RCS","05-09","FFMC",2000,2026,85.4105263157895,11.5832683325199,94.6,2013-05-09,90.8,97.6,2014-07-12,NA
"1088015","TATLAYOKO+LAKE+RCS","05-10","FFMC",2000,2026,86.0947368421053,9.51644621368774,94.7,2013-05-10,88.4,97.6,2014-07-12,NA
"1088015","TATLAYOKO+LAKE+RCS","05-11","FFMC",2000,2026,85.0631578947368,12.6557501435477,92.7,2020-05-11,82.7,97.6,2014-07-12,NA
"1088015","TATLAYOKO+LAKE+RCS","05-12","FFMC",2000,2026,83.6526315789474,14.5250499490842,93.6,2023-05-12,90.1,97.6,2014-07-12,NA
"1088015","TATLAYOKO+LAKE+RCS","05-13","FFMC",2000,2026,86.245,8.2423473278966,94.8,2023-05-13,89,97.6,2014-07-12,NA
"1088015","TATLAYOKO+LAKE+RCS","05-14","FFMC",2000,2026,84.25,10.6991145723176,95.2,2023-05-14,83,97.6,2014-07-12,NA
"1088015","TATLAYOKO+LAKE+RCS","05-15","FFMC",2000,2026,87.775,4.88282435524876,96.4,2023-05-15,84.3,97.6,2014-07-12,NA
"1088015","TATLAYOKO+LAKE+RCS","05-16","FFMC",2000,2026,83.135,14.9151380183109,96.5,2023-05-16,59.1,97.6,2014-07-12,NA
"1088015","TATLAYOKO+LAKE+RCS","05-17","FFMC",2000,2026,82.32,12.7408419121963,96.1,2023-05-17,80.2,97.6,2014-07-12,NA
"1088015","TATLAYOKO+LAKE+RCS","05-18","FFMC",2000,2026,83.505,9.08911871125955,95.5,2023-05-18,87.2,97.6,2014-07-12,NA
"1088015","TATLAYOKO+LAKE+RCS","05-19","FFMC",2000,2026,78.43,17.5503516234081,94.8,2023-05-19,89.5,97.6,2014-07-12,NA
"1088015","TATLAYOKO+LAKE+RCS","05-20","FFMC",2000,2026,80.01,16.2298263440462,94.6,2023-05-20,90.9,97.6,2014-07-12,NA
"1088015","TATLAYOKO+LAKE+RCS","05-21","FFMC",2000,2026,73.845,21.1024187937632,93.8,2021-05-21,90.2,97.6,2014-07-12,NA
"1088015","TATLAYOKO+LAKE+RCS","05-22","FFMC",2000,2026,74.79,21.5202206014911,94.8,2021-05-22,90.4,97.6,2014-07-12,NA
"1088015","TATLAYOKO+LAKE+RCS","05-23","FFMC",2000,2026,78.92,15.3766603724777,92.8,2021-05-23,90.7,97.6,2014-07-12,NA
"1088015","TATLAYOKO+LAKE+RCS","05-24","FFMC",2000,2026,79.26,13.4915724182094,91.6,2007-05-24,90.2,97.6,2014-07-12,NA
"1088015","TATLAYOKO+LAKE+RCS","05-25","FFMC",2000,2026,77.825,16.9591110429887,91.8,2005-05-25,78.9,97.6,2014-07-12,NA
"1088015","TATLAYOKO+LAKE+RCS","05-26","FFMC",2000,2026,76.775,22.3266627246674,93.7,2023-05-26,86,97.6,2014-07-12,NA
"1088015","TATLAYOKO+LAKE+RCS","05-27","FFMC",2000,2026,80.13,16.4861696422694,94.2,2005-05-27,92.9,97.6,2014-07-12,NA
"1088015","TATLAYOKO+LAKE+RCS","05-28","FFMC",2000,2026,78.345,18.6931869097301,94.6,2005-05-28,93,97.6,2014-07-12,NA
"1088015","TATLAYOKO+LAKE+RCS","05-29","FFMC",2000,2026,82.005,13.9710782087779,94.6,2005-05-29,88.8,97.6,2014-07-12,NA
"1088015","TATLAYOKO+LAKE+RCS","05-30","FFMC",2000,2026,83.745,9.80405259922758,93.4,2023-05-30,91,97.6,2014-07-12,NA
"1088015","TATLAYOKO+LAKE+RCS","05-31","FFMC",2000,2026,83.785,13.6376906132658,93.8,2009-05-31,91.6,97.6,2014-07-12,NA
"1088015","TATLAYOKO+LAKE+RCS","06-01","FFMC",2000,2026,80.97,16.4955209231572,94.3,2026-06-01,94.3,97.6,2014-07-12,NA
"1088015","TATLAYOKO+LAKE+RCS","06-02","FFMC",2000,2026,80.78,13.7989549566167,94.4,2026-06-02,94.4,97.6,2014-07-12,NA
"1088015","TATLAYOKO+LAKE+RCS","06-03","FFMC",2000,2026,83.35,12.8242164016282,95.5,2009-06-03,92.6,97.6,2014-07-12,NA
"1088015","TATLAYOKO+LAKE+RCS","06-04","FFMC",2000,2026,87.205,5.48399345463926,95.9,2009-06-04,92.1,97.6,2014-07-12,NA
"1088015","TATLAYOKO+LAKE+RCS","06-05","FFMC",2000,2026,83.895,13.7290500687219,96.2,2009-06-05,89.5,97.6,2014-07-12,NA
"1088015","TATLAYOKO+LAKE+RCS","06-06","FFMC",2000,2026,80.335,20.4157131177254,95.8,2023-06-06,82,97.6,2014-07-12,NA
"1088015","TATLAYOKO+LAKE+RCS","06-07","FFMC",2000,2026,79.165,18.6720809034011,96.6,2023-06-07,82.8,97.6,2014-07-12,NA
"1088015","TATLAYOKO+LAKE+RCS","06-08","FFMC",2000,2026,81.47,15.8848189691986,97.2,2023-06-08,86.1,97.6,2014-07-12,NA
"1088015","TATLAYOKO+LAKE+RCS","06-09","FFMC",2000,2026,82.37,10.0107889168058,95.2,2025-06-09,51.7,97.6,2014-07-12,NA
"1088015","TATLAYOKO+LAKE+RCS","06-10","FFMC",2000,2026,77.405,15.7352596018255,95.3,2025-06-10,60.1,97.6,2014-07-12,NA
"1088015","TATLAYOKO+LAKE+RCS","06-11","FFMC",2000,2026,75.245,20.332123274319,94.8,2025-06-11,80.6,97.6,2014-07-12,NA
"1088015","TATLAYOKO+LAKE+RCS","06-12","FFMC",2000,2026,79.195,16.3978649123662,93.8,2014-06-12,89.1,97.6,2014-07-12,NA
"1088015","TATLAYOKO+LAKE+RCS","06-13","FFMC",2000,2026,81.64,14.7633400870642,94.4,2002-06-13,92,97.6,2014-07-12,NA
"1088015","TATLAYOKO+LAKE+RCS","06-14","FFMC",2000,2026,81.605,13.0832747791739,94.5,2002-06-14,94,97.6,2014-07-12,NA
"1088015","TATLAYOKO+LAKE+RCS","06-15","FFMC",2000,2026,83.535,10.1091035054653,93.8,2026-06-15,93.8,97.6,2014-07-12,NA
"1088015","TATLAYOKO+LAKE+RCS","06-16","FFMC",2000,2026,82.63,14.8643019911535,93.9,2026-06-16,93.9,97.6,2014-07-12,NA
"1088015","TATLAYOKO+LAKE+RCS","06-17","FFMC",2000,2026,83.57,10.7076018249702,93.5,2004-06-17,92.7,97.6,2014-07-12,NA
"1088015","TATLAYOKO+LAKE+RCS","06-18","FFMC",2000,2026,80.735,19.1476060067433,94,2004-06-18,92.7,97.6,2014-07-12,NA
"1088015","TATLAYOKO+LAKE+RCS","06-19","FFMC",2000,2026,83.52,11.2673538667202,95.3,2004-06-19,94.8,97.6,2014-07-12,NA
"1088015","TATLAYOKO+LAKE+RCS","06-20","FFMC",2000,2026,82.795,15.7015411580151,95.4,2004-06-20,90.1,97.6,2014-07-12,NA
"1088015","TATLAYOKO+LAKE+RCS","06-21","FFMC",2000,2026,83.73,12.8828363990315,94.6,2004-06-21,86.7,97.6,2014-07-12,NA
"1088015","TATLAYOKO+LAKE+RCS","06-22","FFMC",2000,2026,84.82,11.0551059886847,94.7,2004-06-22,91.8,97.6,2014-07-12,NA
"1088015","TATLAYOKO+LAKE+RCS","06-23","FFMC",2000,2026,83.9,10.0895986045035,94,2004-06-23,93.2,97.6,2014-07-12,NA
"1088015","TATLAYOKO+LAKE+RCS","06-24","FFMC",2000,2026,84.98,8.96082702950077,94.9,2004-06-24,93.3,97.6,2014-07-12,NA
"1088015","TATLAYOKO+LAKE+RCS","06-25","FFMC",2000,2026,82.645,11.0312224354807,95.3,2017-06-25,93.4,97.6,2014-07-12,NA
"1088015","TATLAYOKO+LAKE+RCS","06-26","FFMC",2000,2026,87.465,5.87244009178288,95.4,2006-06-26,86.9,97.6,2014-07-12,NA
"1088015","TATLAYOKO+LAKE+RCS","06-27","FFMC",2000,2026,86.49,9.27900289561557,95.4,2006-06-27,88.9,97.6,2014-07-12,NA
"1088015","TATLAYOKO+LAKE+RCS","06-28","FFMC",2000,2026,83.64,16.4028046382318,95.9,2021-06-28,90.7,97.6,2014-07-12,NA
"1088015","TATLAYOKO+LAKE+RCS","06-29","FFMC",2000,2026,85.215,14.2496638926198,96,2021-06-29,91,97.6,2014-07-12,NA
"1088015","TATLAYOKO+LAKE+RCS","06-30","FFMC",2000,2026,85.42,11.0247377340807,95,2017-06-30,91.2,97.6,2014-07-12,NA
"1088015","TATLAYOKO+LAKE+RCS","07-01","FFMC",2000,2026,83.89,17.0420192774399,94.6,2025-07-01,91.2,97.6,2014-07-12,NA
"1088015","TATLAYOKO+LAKE+RCS","07-02","FFMC",2000,2026,85.98,11.154494019995,94.3,2008-07-02,88.4,97.6,2014-07-12,NA
"1088015","TATLAYOKO+LAKE+RCS","07-03","FFMC",2000,2026,84.91,11.7702077073297,95,2006-07-03,89.9,97.6,2014-07-12,NA
"1088015","TATLAYOKO+LAKE+RCS","07-04","FFMC",2000,2026,84.4,11.2686803972221,95.2,2009-07-04,88.8,97.6,2014-07-12,NA
"1088015","TATLAYOKO+LAKE+RCS","07-05","FFMC",2000,2026,84.735,15.4816453293978,95.2,2015-07-05,74.5,97.6,2014-07-12,NA
"1088015","TATLAYOKO+LAKE+RCS","07-06","FFMC",2000,2026,83.5,18.7904511023972,96.3,2017-07-06,90.5,97.6,2014-07-12,NA
"1088015","TATLAYOKO+LAKE+RCS","07-07","FFMC",2000,2026,78.59,23.623558714042,95.7,2015-07-07,89.9,97.6,2014-07-12,NA
"1088015","TATLAYOKO+LAKE+RCS","07-08","FFMC",2000,2026,82.29,16.8466426453775,96.8,2015-07-08,91.1,97.6,2014-07-12,NA
"1088015","TATLAYOKO+LAKE+RCS","07-09","FFMC",2000,2026,85.855,9.9812178879291,96.8,2015-07-09,88.1,97.6,2014-07-12,NA
"1088015","TATLAYOKO+LAKE+RCS","07-10","FFMC",2000,2026,85.97,12.429934157424,96.8,2015-07-10,91,97.6,2014-07-12,NA
"1088015","TATLAYOKO+LAKE+RCS","07-11","FFMC",2000,2026,89.38,4.70124283679607,95.6,2024-07-11,91.2,97.6,2014-07-12,NA
"1088015","TATLAYOKO+LAKE+RCS","07-12","FFMC",2000,2026,85.77,13.2563033666014,97.6,2014-07-12,64.3,97.6,2014-07-12,NA
"1088015","TATLAYOKO+LAKE+RCS","07-13","FFMC",2000,2026,84.465,19.2006928328943,97.4,2014-07-13,85.2,97.6,2014-07-12,NA
"1088015","TATLAYOKO+LAKE+RCS","07-14","FFMC",2000,2026,85.085,13.9061241715183,96.8,2014-07-14,89.3,97.6,2014-07-12,NA
"1088015","TATLAYOKO+LAKE+RCS","07-15","FFMC",2000,2026,81.195,17.7937444655492,96.8,2014-07-15,90.9,97.6,2014-07-12,NA
"1088015","TATLAYOKO+LAKE+RCS","07-16","FFMC",2000,2026,85,13.1760148915009,96.6,2014-07-16,93.3,97.6,2014-07-12,NA
"1088015","TATLAYOKO+LAKE+RCS","07-17","FFMC",2000,2026,85.73,11.6289611247998,96.6,2024-07-17,88.4,97.6,2014-07-12,NA
"1088015","TATLAYOKO+LAKE+RCS","07-18","FFMC",2000,2026,86.835,9.38802568785309,96.6,2024-07-18,83.3,97.6,2014-07-12,NA
"1088015","TATLAYOKO+LAKE+RCS","07-19","FFMC",2000,2026,86.93,9.18701028053941,96.1,2024-07-19,87.8,97.6,2014-07-12,NA
"1088015","TATLAYOKO+LAKE+RCS","07-20","FFMC",2000,2026,82.165,17.5224750414702,96.7,2024-07-20,91,97.6,2014-07-12,NA
"1088015","TATLAYOKO+LAKE+RCS","07-21","FFMC",2000,2026,84.485,15.7887793268377,97.5,2024-07-21,91.3,97.6,2014-07-12,NA
"1088015","TATLAYOKO+LAKE+RCS","07-22","FFMC",2000,2026,86.515,11.2866141023221,95.1,2026-07-22,95.1,97.6,2014-07-12,NA
"1088015","TATLAYOKO+LAKE+RCS","07-23","FFMC",2000,2026,86.43,17.1931473497284,95.2,2026-07-23,95.2,97.6,2014-07-12,NA
"1088015","TATLAYOKO+LAKE+RCS","07-24","FFMC",2000,2026,87.7,9.69601111689479,95.5,2013-07-24,94.4,97.6,2014-07-12,NA
"1088015","TATLAYOKO+LAKE+RCS","07-25","FFMC",2000,2026,90.115,5.76826846225378,95.6,2013-07-25,93.3,97.6,2014-07-12,NA
"1088015","TATLAYOKO+LAKE+RCS","07-26","FFMC",2000,2026,90.585,3.76734934040256,95.3,2003-07-26,90.9,97.6,2014-07-12,NA
"1088015","TATLAYOKO+LAKE+RCS","07-27","FFMC",2000,2026,90.585,5.36453019476322,95.4,2003-07-27,88.4,97.6,2014-07-12,NA
"1088015","TATLAYOKO+LAKE+RCS","07-28","FFMC",2000,2026,89.295,9.54796616535359,95.4,2009-07-28,58.4,97.6,2014-07-12,NA
"1088015","TATLAYOKO+LAKE+RCS","07-29","FFMC",2000,2026,90.445,5.67362086186683,95.5,2009-07-29,81.6,97.6,2014-07-12,NA
"1088015","TATLAYOKO+LAKE+RCS","07-30","FFMC",2000,2026,91,3.88397517472688,95.6,2009-07-30,84.9,97.6,2014-07-12,NA
"1088015","TATLAYOKO+LAKE+RCS","07-31","FFMC",2000,2026,88.3,8.24844482949745,96,2003-07-31,86,97.6,2014-07-12,NA
"1088015","TATLAYOKO+LAKE+RCS","08-01","FFMC",2000,2026,86.89,10.9300599507192,95,2015-08-01,57.7,97.6,2014-07-12,NA
"1088015","TATLAYOKO+LAKE+RCS","08-02","FFMC",2000,2026,82.3,15.5687270885546,95.6,2014-08-02,75.2,97.6,2014-07-12,NA
"1088015","TATLAYOKO+LAKE+RCS","08-03","FFMC",2000,2026,84.855,10.9126905843368,95.8,2021-08-03,87.1,97.6,2014-07-12,NA
"1088015","TATLAYOKO+LAKE+RCS","08-04","FFMC",2000,2026,86.465,10.0151608758133,95,2021-08-04,91.6,97.6,2014-07-12,NA
"1088015","TATLAYOKO+LAKE+RCS","08-05","FFMC",2000,2026,83.81,16.6332229367359,93.8,2012-08-05,92.4,97.6,2014-07-12,NA
"1088015","TATLAYOKO+LAKE+RCS","08-06","FFMC",2000,2026,85.75,12.0032670991123,95.1,2008-08-06,92.6,97.6,2014-07-12,NA
"1088015","TATLAYOKO+LAKE+RCS","08-07","FFMC",2000,2026,86.59,10.946900546682,95.2,2008-08-07,94.4,97.6,2014-07-12,NA
"1088015","TATLAYOKO+LAKE+RCS","08-08","FFMC",2000,2026,87.635,11.6350774091017,94.6,2008-08-08,NA,97.6,2014-07-12,NA
"1088015","TATLAYOKO+LAKE+RCS","08-09","FFMC",2000,2026,87.355,8.52596498628562,94.8,2018-08-09,NA,97.6,2014-07-12,NA
"1088015","TATLAYOKO+LAKE+RCS","08-10","FFMC",2000,2026,86.395,9.70010716164355,94.9,2018-08-10,NA,97.6,2014-07-12,NA
"1088015","TATLAYOKO+LAKE+RCS","08-11","FFMC",2000,2026,88.405,7.74334858884844,94.9,2014-08-11,NA,97.6,2014-07-12,NA
"1088015","TATLAYOKO+LAKE+RCS","08-12","FFMC",2000,2026,85.8904761904762,12.4078162769242,95,2014-08-12,NA,97.6,2014-07-12,NA
"1088015","TATLAYOKO+LAKE+RCS","08-13","FFMC",2000,2026,89.2,5.17184686548239,96,2021-08-13,NA,97.6,2014-07-12,NA
"1088015","TATLAYOKO+LAKE+RCS","08-14","FFMC",2000,2026,90.6380952380952,2.94354823138269,95.8,2021-08-14,NA,97.6,2014-07-12,NA
"1088015","TATLAYOKO+LAKE+RCS","08-15","FFMC",2000,2026,89.6904761904762,5.36375845484347,95.9,2003-08-15,NA,97.6,2014-07-12,NA
"1088015","TATLAYOKO+LAKE+RCS","08-16","FFMC",2000,2026,90.8809523809524,3.01887711701206,96.2,2020-08-16,NA,97.6,2014-07-12,NA
"1088015","TATLAYOKO+LAKE+RCS","08-17","FFMC",2000,2026,87.9714285714286,10.8371648901889,96.1,2020-08-17,NA,97.6,2014-07-12,NA
"1088015","TATLAYOKO+LAKE+RCS","08-18","FFMC",2000,2026,90.0904761904762,4.35119578528762,95.1,2012-08-18,NA,97.6,2014-07-12,NA
"1088015","TATLAYOKO+LAKE+RCS","08-19","FFMC",2000,2026,90.2,3.61012465158753,93.9,2009-08-19,NA,97.6,2014-07-12,NA
"1088015","TATLAYOKO+LAKE+RCS","08-20","FFMC",2000,2026,89.0238095238095,5.87961773943721,96,2009-08-20,NA,97.6,2014-07-12,NA
"1088015","TATLAYOKO+LAKE+RCS","08-21","FFMC",2000,2026,83.2333333333333,13.3975495271834,94.6,2006-08-21,NA,97.6,2014-07-12,NA
"1088015","TATLAYOKO+LAKE+RCS","08-22","FFMC",2000,2026,80.5238095238095,16.4291480230079,93.6,2006-08-22,NA,97.6,2014-07-12,NA
"1088015","TATLAYOKO+LAKE+RCS","08-23","FFMC",2000,2026,81.8904761904762,10.5972593042685,93.7,2025-08-23,NA,97.6,2014-07-12,NA
"1088015","TATLAYOKO+LAKE+RCS","08-24","FFMC",2000,2026,86.1857142857143,7.69157238243818,93.8,2025-08-24,NA,97.6,2014-07-12,NA
"1088015","TATLAYOKO+LAKE+RCS","08-25","FFMC",2000,2026,85.4571428571429,11.2496031676042,93.9,2025-08-25,NA,97.6,2014-07-12,NA
"1088015","TATLAYOKO+LAKE+RCS","08-26","FFMC",2000,2026,80.3904761904762,17.4549106202783,94.1,2025-08-26,NA,97.6,2014-07-12,NA
"1088015","TATLAYOKO+LAKE+RCS","08-27","FFMC",2000,2026,85.1190476190476,9.59054842267214,94.5,2009-08-27,NA,97.6,2014-07-12,NA
"1088015","TATLAYOKO+LAKE+RCS","08-28","FFMC",2000,2026,84.4095238095238,10.657762652729,95.2,2009-08-28,NA,97.6,2014-07-12,NA
"1088015","TATLAYOKO+LAKE+RCS","08-29","FFMC",2000,2026,81.0857142857143,18.0571394665458,93.2,2009-08-29,NA,97.6,2014-07-12,NA
"1088015","TATLAYOKO+LAKE+RCS","08-30","FFMC",2000,2026,82.6,11.5908584669126,93.2,2009-08-30,NA,97.6,2014-07-12,NA
"1088015","TATLAYOKO+LAKE+RCS","08-31","FFMC",2000,2026,77.1809523809524,20.592950712504,92.7,2017-08-31,NA,97.6,2014-07-12,NA
"1088015","TATLAYOKO+LAKE+RCS","09-01","FFMC",2000,2026,79.7,17.9552220816118,93,2024-09-01,NA,97.6,2014-07-12,NA
"1088015","TATLAYOKO+LAKE+RCS","09-02","FFMC",2000,2026,81.2380952380952,17.2297845659914,96.1,2022-09-02,NA,97.6,2014-07-12,NA
"1088015","TATLAYOKO+LAKE+RCS","09-03","FFMC",2000,2026,78.7238095238095,15.0335260255838,95.4,2022-09-03,NA,97.6,2014-07-12,NA
"1088015","TATLAYOKO+LAKE+RCS","09-04","FFMC",2000,2026,82.0761904761905,14.1457733886099,94.2,2006-09-04,NA,97.6,2014-07-12,NA
"1088015","TATLAYOKO+LAKE+RCS","09-05","FFMC",2000,2026,83.3142857142857,10.9744378313555,94.5,2024-09-05,NA,97.6,2014-07-12,NA
"1088015","TATLAYOKO+LAKE+RCS","09-06","FFMC",2000,2026,83.8619047619048,11.439601225151,94.6,2024-09-06,NA,97.6,2014-07-12,NA
"1088015","TATLAYOKO+LAKE+RCS","09-07","FFMC",2000,2026,83.4904761904762,11.3382937323878,94.7,2024-09-07,NA,97.6,2014-07-12,NA
"1088015","TATLAYOKO+LAKE+RCS","09-08","FFMC",2000,2026,80.7952380952381,17.0906253890979,94.4,2006-09-08,NA,97.6,2014-07-12,NA
"1088015","TATLAYOKO+LAKE+RCS","09-09","FFMC",2000,2026,82.4809523809524,14.0950565464499,93,2020-09-09,NA,97.6,2014-07-12,NA
"1088015","TATLAYOKO+LAKE+RCS","09-10","FFMC",2000,2026,81.847619047619,15.102371305448,93.2,2020-09-10,NA,97.6,2014-07-12,NA
"1088015","TATLAYOKO+LAKE+RCS","09-11","FFMC",2000,2026,84.8142857142857,9.10419055788518,93.3,2020-09-11,NA,97.6,2014-07-12,NA
"1088015","TATLAYOKO+LAKE+RCS","09-12","FFMC",2000,2026,86.8857142857143,6.11009702985851,94.2,2009-09-12,NA,97.6,2014-07-12,NA
"1088015","TATLAYOKO+LAKE+RCS","09-13","FFMC",2000,2026,82.6666666666667,12.0189572481698,93.9,2009-09-13,NA,97.6,2014-07-12,NA
"1088015","TATLAYOKO+LAKE+RCS","09-14","FFMC",2000,2026,81.7095238095238,16.0344910976902,93.4,2013-09-14,NA,97.6,2014-07-12,NA
"1088015","TATLAYOKO+LAKE+RCS","09-15","FFMC",2000,2026,79.9047619047619,16.7926316040839,95.1,2023-09-15,NA,97.6,2014-07-12,NA
"1088015","TATLAYOKO+LAKE+RCS","09-16","FFMC",2000,2026,77.5523809523809,16.5283277752959,95.3,2023-09-16,NA,97.6,2014-07-12,NA
"1088015","TATLAYOKO+LAKE+RCS","09-17","FFMC",2000,2026,82.2761904761905,10.9968588588699,92.8,2008-09-17,NA,97.6,2014-07-12,NA
"1088015","TATLAYOKO+LAKE+RCS","09-18","FFMC",2000,2026,77.9238095238095,16.5897228657354,92.6,2012-09-18,NA,97.6,2014-07-12,NA
"1088015","TATLAYOKO+LAKE+RCS","09-19","FFMC",2000,2026,75.3904761904762,18.8728351013276,92.7,2012-09-19,NA,97.6,2014-07-12,NA
"1088015","TATLAYOKO+LAKE+RCS","09-20","FFMC",2000,2026,71.7190476190476,23.0987146622408,92.6,2012-09-20,NA,97.6,2014-07-12,NA
"1088015","TATLAYOKO+LAKE+RCS","09-21","FFMC",2000,2026,73.5857142857143,21.4976111629708,93.8,2014-09-21,NA,97.6,2014-07-12,NA
"1088015","TATLAYOKO+LAKE+RCS","09-22","FFMC",2000,2026,76.4714285714286,17.4066982181327,93,2022-09-22,NA,97.6,2014-07-12,NA
"1088015","TATLAYOKO+LAKE+RCS","09-23","FFMC",2000,2026,80.2714285714286,17.0774161645473,94.9,2009-09-23,NA,97.6,2014-07-12,NA
"1088015","TATLAYOKO+LAKE+RCS","09-24","FFMC",2000,2026,79.6666666666667,18.6351638933854,93,2024-09-24,NA,97.6,2014-07-12,NA
"1088015","TATLAYOKO+LAKE+RCS","09-25","FFMC",2000,2026,73.2952380952381,21.1510868796494,91.7,2009-09-25,NA,97.6,2014-07-12,NA
"1088015","TATLAYOKO+LAKE+RCS","09-26","FFMC",2000,2026,77.147619047619,15.0551193634464,94.3,2009-09-26,NA,97.6,2014-07-12,NA
"1088015","TATLAYOKO+LAKE+RCS","09-27","FFMC",2000,2026,76.2666666666667,15.7885823725037,92.8,2009-09-27,NA,97.6,2014-07-12,NA
"1088015","TATLAYOKO+LAKE+RCS","09-28","FFMC",2000,2026,79.3428571428572,13.4941309993853,90.2,2009-09-28,NA,97.6,2014-07-12,NA
"1088015","TATLAYOKO+LAKE+RCS","09-29","FFMC",2000,2026,80.1619047619048,9.4972878334015,90.5,2006-09-29,NA,97.6,2014-07-12,NA
"1088015","TATLAYOKO+LAKE+RCS","09-30","FFMC",2000,2026,81.3142857142857,10.442235666479,90.3,2008-09-30,NA,97.6,2014-07-12,NA
"1088015","TATLAYOKO+LAKE+RCS","10-01","FFMC",2000,2026,78.1095238095238,19.9988475858462,90.6,2008-10-01,NA,97.6,2014-07-12,NA
"1088015","TATLAYOKO+LAKE+RCS","10-02","FFMC",2000,2026,77.3047619047619,18.408896658694,91.5,2003-10-02,NA,97.6,2014-07-12,NA
"1088015","TATLAYOKO+LAKE+RCS","10-03","FFMC",2000,2026,78.9619047619047,14.5640473835564,91.5,2003-10-03,NA,97.6,2014-07-12,NA
"1088015","TATLAYOKO+LAKE+RCS","10-04","FFMC",2000,2026,81.5857142857143,9.55422868233149,91.9,2003-10-04,NA,97.6,2014-07-12,NA
"1088015","TATLAYOKO+LAKE+RCS","10-05","FFMC",2000,2026,81.7619047619048,11.1667128641546,91.7,2003-10-05,NA,97.6,2014-07-12,NA
"1088015","TATLAYOKO+LAKE+RCS","10-06","FFMC",2000,2026,83.4904761904762,6.92104795257949,90.2,2013-10-06,NA,97.6,2014-07-12,NA
"1088015","TATLAYOKO+LAKE+RCS","10-07","FFMC",2000,2026,76.4952380952381,21.0096519769004,91.6,2010-10-07,NA,97.6,2014-07-12,NA
"1088015","TATLAYOKO+LAKE+RCS","10-08","FFMC",2000,2026,70.4952380952381,23.8757717402072,90.9,2023-10-08,NA,97.6,2014-07-12,NA
"1088015","TATLAYOKO+LAKE+RCS","10-09","FFMC",2000,2026,72.8333333333333,21.2693519725763,90.7,2013-10-09,NA,97.6,2014-07-12,NA
"1088015","TATLAYOKO+LAKE+RCS","10-10","FFMC",2000,2026,68.9476190476191,21.0236205028444,92.1,2022-10-10,NA,97.6,2014-07-12,NA
"1088015","TATLAYOKO+LAKE+RCS","10-11","FFMC",2000,2026,75.0428571428571,15.3787376409305,91.2,2022-10-11,NA,97.6,2014-07-12,NA
"1088015","TATLAYOKO+LAKE+RCS","10-12","FFMC",2000,2026,77.6523809523809,13.4535727242848,89.5,2022-10-12,NA,97.6,2014-07-12,NA
"1088015","TATLAYOKO+LAKE+RCS","10-13","FFMC",2000,2026,73.747619047619,17.1740391011439,90,2012-10-13,NA,97.6,2014-07-12,NA
"1088015","TATLAYOKO+LAKE+RCS","10-14","FFMC",2000,2026,70.9047619047619,19.223565647155,90.5,2022-10-14,NA,97.6,2014-07-12,NA
"1088015","TATLAYOKO+LAKE+RCS","10-15","FFMC",2000,2026,74.9714285714286,15.1312968002463,90.5,2022-10-15,NA,97.6,2014-07-12,NA
"1088015","TATLAYOKO+LAKE+RCS","10-16","FFMC",2000,2026,67.2619047619048,20.0247216257924,90.4,2022-10-16,NA,97.6,2014-07-12,NA
"1088015","TATLAYOKO+LAKE+RCS","10-17","FFMC",2000,2026,64.2095238095238,22.5215431256809,90.4,2022-10-17,NA,97.6,2014-07-12,NA
"1088015","TATLAYOKO+LAKE+RCS","10-18","FFMC",2000,2026,65.5761904761905,24.8243812563759,89.8,2022-10-18,NA,97.6,2014-07-12,NA
"1088015","TATLAYOKO+LAKE+RCS","10-19","FFMC",2000,2026,68.3809523809524,22.8768358617974,90.2,2022-10-19,NA,97.6,2014-07-12,NA
"1088015","TATLAYOKO+LAKE+RCS","10-20","FFMC",2000,2026,66.7523809523809,24.2408873403516,88.6,2013-10-20,NA,97.6,2014-07-12,NA
"1088015","TATLAYOKO+LAKE+RCS","10-21","FFMC",2000,2026,72.5238095238095,14.7191679371459,88.6,2013-10-21,NA,97.6,2014-07-12,NA
"1088015","TATLAYOKO+LAKE+RCS","10-22","FFMC",2000,2026,72.7238095238095,18.325689748599,91.4,2006-10-22,NA,97.6,2014-07-12,NA
"1088015","TATLAYOKO+LAKE+RCS","10-23","FFMC",2000,2026,71.0428571428571,19.8613839253102,89.3,2006-10-23,NA,97.6,2014-07-12,NA
"1088015","TATLAYOKO+LAKE+RCS","10-24","FFMC",2000,2026,73.5857142857143,18.3832882182238,88.6,2013-10-24,NA,97.6,2014-07-12,NA
"1088015","TATLAYOKO+LAKE+RCS","10-25","FFMC",2000,2026,74.2380952380953,18.8710221289276,89.3,2013-10-25,NA,97.6,2014-07-12,NA
"1088015","TATLAYOKO+LAKE+RCS","10-26","FFMC",2000,2026,69.3523809523809,21.3675131694734,87.1,2008-10-26,NA,97.6,2014-07-12,NA
"1088015","TATLAYOKO+LAKE+RCS","10-27","FFMC",2000,2026,73.845,16.1052614809081,87.7,2008-10-27,NA,97.6,2014-07-12,NA
"1088015","TATLAYOKO+LAKE+RCS","10-28","FFMC",2000,2026,74.715,15.7716693038999,89.6,2008-10-28,NA,97.6,2014-07-12,NA
"1088015","TATLAYOKO+LAKE+RCS","10-29","FFMC",2000,2026,73.725,16.1292762587656,86.9,2017-10-29,NA,97.6,2014-07-12,NA
"1088015","TATLAYOKO+LAKE+RCS","10-30","FFMC",2000,2026,72.46,19.6529735261882,87.7,2022-10-30,NA,97.6,2014-07-12,NA
"1088015","TATLAYOKO+LAKE+RCS","10-31","FFMC",2000,2026,68.78,19.7377436987055,87.4,2017-10-31,NA,97.6,2014-07-12,NA
"1088015","TATLAYOKO+LAKE+RCS","04-01","FWI",2000,2026,10.6666666666667,3.59212100761282,13.7,2016-04-01,NA,86.9,2009-09-23,NA
"1088015","TATLAYOKO+LAKE+RCS","04-02","FWI",2000,2026,14.4333333333333,8.56523982929453,23.8,2016-04-02,NA,86.9,2009-09-23,NA
"1088015","TATLAYOKO+LAKE+RCS","04-03","FWI",2000,2026,7.7,1.04403065089105,8.4,2013-04-03,NA,86.9,2009-09-23,NA
"1088015","TATLAYOKO+LAKE+RCS","04-04","FWI",2000,2026,9.63333333333333,4.56544995956952,14.9,2016-04-04,NA,86.9,2009-09-23,NA
"1088015","TATLAYOKO+LAKE+RCS","04-05","FWI",2000,2026,14.4333333333333,13.4358971912312,29.8,2016-04-05,NA,86.9,2009-09-23,NA
"1088015","TATLAYOKO+LAKE+RCS","04-06","FWI",2000,2026,9.76666666666667,0.901849950564578,10.7,2016-04-06,NA,86.9,2009-09-23,NA
"1088015","TATLAYOKO+LAKE+RCS","04-07","FWI",2000,2026,9.7,6.28649345820068,15.3,2019-04-07,NA,86.9,2009-09-23,NA
"1088015","TATLAYOKO+LAKE+RCS","04-08","FWI",2000,2026,14.325,18.829476006163,42.3,2016-04-08,NA,86.9,2009-09-23,NA
"1088015","TATLAYOKO+LAKE+RCS","04-09","FWI",2000,2026,11.22,5.89677878167394,18.3,2016-04-09,NA,86.9,2009-09-23,NA
"1088015","TATLAYOKO+LAKE+RCS","04-10","FWI",2000,2026,9.72,6.23955126591648,17.3,2016-04-10,NA,86.9,2009-09-23,NA
"1088015","TATLAYOKO+LAKE+RCS","04-11","FWI",2000,2026,8.1,9.90575590250436,26,2016-04-11,NA,86.9,2009-09-23,NA
"1088015","TATLAYOKO+LAKE+RCS","04-12","FWI",2000,2026,9.31666666666667,8.71743463793487,25,2016-04-12,6,86.9,2009-09-23,NA
"1088015","TATLAYOKO+LAKE+RCS","04-13","FWI",2000,2026,9.08,5.21171756717495,15,2009-04-13,13.7,86.9,2009-09-23,NA
"1088015","TATLAYOKO+LAKE+RCS","04-14","FWI",2000,2026,7.92,4.64940856453807,12.2,2019-04-14,8.4,86.9,2009-09-23,NA
"1088015","TATLAYOKO+LAKE+RCS","04-15","FWI",2000,2026,10.7333333333333,10.2124760301636,27.2,2016-04-15,NA,86.9,2009-09-23,NA
"1088015","TATLAYOKO+LAKE+RCS","04-16","FWI",2000,2026,10.7285714285714,7.89149632742196,23.8,2009-04-16,0.8,86.9,2009-09-23,NA
"1088015","TATLAYOKO+LAKE+RCS","04-17","FWI",2000,2026,12.0428571428571,7.37989546964299,22.3,2009-04-17,2.3,86.9,2009-09-23,NA
"1088015","TATLAYOKO+LAKE+RCS","04-18","FWI",2000,2026,14.1142857142857,12.8302284432025,37.7,2016-04-18,10.9,86.9,2009-09-23,NA
"1088015","TATLAYOKO+LAKE+RCS","04-19","FWI",2000,2026,9.3875,7.54821407448714,24.4,2016-04-19,7.7,86.9,2009-09-23,NA
"1088015","TATLAYOKO+LAKE+RCS","04-20","FWI",2000,2026,9.8125,5.88835109104651,23.5,2016-04-20,9.6,86.9,2009-09-23,NA
"1088015","TATLAYOKO+LAKE+RCS","04-21","FWI",2000,2026,10.6454545454545,6.48634930239864,22.3,2016-04-21,11,86.9,2009-09-23,NA
"1088015","TATLAYOKO+LAKE+RCS","04-22","FWI",2000,2026,11.3090909090909,7.15659898910852,26.2,2019-04-22,23.2,86.9,2009-09-23,NA
"1088015","TATLAYOKO+LAKE+RCS","04-23","FWI",2000,2026,10.1,5.34394777086919,22.1,2019-04-23,18.8,86.9,2009-09-23,NA
"1088015","TATLAYOKO+LAKE+RCS","04-24","FWI",2000,2026,11.07,6.15269588608658,25,2025-04-24,22,86.9,2009-09-23,NA
"1088015","TATLAYOKO+LAKE+RCS","04-25","FWI",2000,2026,10.5454545454545,6.62304516613976,29,2025-04-25,22.5,86.9,2009-09-23,NA
"1088015","TATLAYOKO+LAKE+RCS","04-26","FWI",2000,2026,15.7272727272727,8.36422033534398,29.3,2013-04-26,24.2,86.9,2009-09-23,NA
"1088015","TATLAYOKO+LAKE+RCS","04-27","FWI",2000,2026,9.82307692307692,6.14697132011012,24.1,2009-04-27,21.3,86.9,2009-09-23,NA
"1088015","TATLAYOKO+LAKE+RCS","04-28","FWI",2000,2026,11.8076923076923,6.1120729623783,37.9,2025-04-28,16.6,86.9,2009-09-23,NA
"1088015","TATLAYOKO+LAKE+RCS","04-29","FWI",2000,2026,11.5083333333333,4.50826681741107,25.9,2025-04-29,19.6,86.9,2009-09-23,NA
"1088015","TATLAYOKO+LAKE+RCS","04-30","FWI",2000,2026,12.9071428571429,6.91892213545459,26.3,2009-04-30,21.8,86.9,2009-09-23,NA
"1088015","TATLAYOKO+LAKE+RCS","05-01","FWI",2000,2026,14.6133333333333,7.23373709647734,29.4,2025-05-01,17,86.9,2009-09-23,NA
"1088015","TATLAYOKO+LAKE+RCS","05-02","FWI",2000,2026,14.15,8.08653201316856,45.6,2025-05-02,18.2,86.9,2009-09-23,NA
"1088015","TATLAYOKO+LAKE+RCS","05-03","FWI",2000,2026,13.4125,9.3977213550236,36.1,2009-05-03,18.6,86.9,2009-09-23,NA
"1088015","TATLAYOKO+LAKE+RCS","05-04","FWI",2000,2026,12.0352941176471,10.3093368589152,32.7,2009-05-04,21.3,86.9,2009-09-23,NA
"1088015","TATLAYOKO+LAKE+RCS","05-05","FWI",2000,2026,11.3823529411765,9.34025128771422,30.8,2009-05-05,24.8,86.9,2009-09-23,NA
"1088015","TATLAYOKO+LAKE+RCS","05-06","FWI",2000,2026,10.9277777777778,10.3578788173434,45.7,2025-05-06,30.3,86.9,2009-09-23,NA
"1088015","TATLAYOKO+LAKE+RCS","05-07","FWI",2000,2026,12.4111111111111,11.8479032093243,47.4,2016-05-07,23.1,86.9,2009-09-23,NA
"1088015","TATLAYOKO+LAKE+RCS","05-08","FWI",2000,2026,12.2473684210526,9.63127823644589,35.1,2013-05-08,20.4,86.9,2009-09-23,NA
"1088015","TATLAYOKO+LAKE+RCS","05-09","FWI",2000,2026,13.2,8.57081611568518,31.5,2013-05-09,27.1,86.9,2009-09-23,NA
"1088015","TATLAYOKO+LAKE+RCS","05-10","FWI",2000,2026,14.7315789473684,9.55626918319876,34.7,2013-05-10,20.3,86.9,2009-09-23,NA
"1088015","TATLAYOKO+LAKE+RCS","05-11","FWI",2000,2026,14.7631578947368,10.3665171761095,38.8,2009-05-11,9.3,86.9,2009-09-23,NA
"1088015","TATLAYOKO+LAKE+RCS","05-12","FWI",2000,2026,14.0684210526316,7.96715846679905,28.1,2019-05-12,19.2,86.9,2009-09-23,NA
"1088015","TATLAYOKO+LAKE+RCS","05-13","FWI",2000,2026,15.2052631578947,8.68616228288871,34,2019-05-13,16.1,86.9,2009-09-23,NA
"1088015","TATLAYOKO+LAKE+RCS","05-14","FWI",2000,2026,14.1684210526316,10.4514248168254,39.5,2018-05-14,13.9,86.9,2009-09-23,NA
"1088015","TATLAYOKO+LAKE+RCS","05-15","FWI",2000,2026,15.355,8.23781236928706,37.3,2018-05-15,14,86.9,2009-09-23,NA
"1088015","TATLAYOKO+LAKE+RCS","05-16","FWI",2000,2026,14.515,8.79469187994428,36,2023-05-16,1.8,86.9,2009-09-23,NA
"1088015","TATLAYOKO+LAKE+RCS","05-17","FWI",2000,2026,13.205,9.97214409717072,38.4,2009-05-17,7.6,86.9,2009-09-23,NA
"1088015","TATLAYOKO+LAKE+RCS","05-18","FWI",2000,2026,12.52,8.62399345766767,32.5,2023-05-18,15.2,86.9,2009-09-23,NA
"1088015","TATLAYOKO+LAKE+RCS","05-19","FWI",2000,2026,10.285,8.17192079462865,33.1,2023-05-19,19.1,86.9,2009-09-23,NA
"1088015","TATLAYOKO+LAKE+RCS","05-20","FWI",2000,2026,11.925,8.21858452404959,32.2,2023-05-20,19.2,86.9,2009-09-23,NA
"1088015","TATLAYOKO+LAKE+RCS","05-21","FWI",2000,2026,10.38,8.16865639921408,26.2,2021-05-21,17.2,86.9,2009-09-23,NA
"1088015","TATLAYOKO+LAKE+RCS","05-22","FWI",2000,2026,10.255,9.42217289722828,28.3,2021-05-22,20,86.9,2009-09-23,NA
"1088015","TATLAYOKO+LAKE+RCS","05-23","FWI",2000,2026,12.33,9.80226074890245,37.3,2026-05-23,37.3,86.9,2009-09-23,NA
"1088015","TATLAYOKO+LAKE+RCS","05-24","FWI",2000,2026,10.745,8.56747060873739,33.5,2018-05-24,30.3,86.9,2009-09-23,NA
"1088015","TATLAYOKO+LAKE+RCS","05-25","FWI",2000,2026,9.92631578947368,9.6150831801604,38.8,2025-05-25,9.9,86.9,2009-09-23,NA
"1088015","TATLAYOKO+LAKE+RCS","05-26","FWI",2000,2026,12.435,11.0120161641727,36.3,2009-05-26,13.5,86.9,2009-09-23,NA
"1088015","TATLAYOKO+LAKE+RCS","05-27","FWI",2000,2026,14.11,13.4542069335404,46.4,2018-05-27,30.3,86.9,2009-09-23,NA
"1088015","TATLAYOKO+LAKE+RCS","05-28","FWI",2000,2026,12.845,10.9811069809157,40.4,2025-05-28,26.4,86.9,2009-09-23,NA
"1088015","TATLAYOKO+LAKE+RCS","05-29","FWI",2000,2026,15.385,13.1515568420024,52.7,2009-05-29,25.6,86.9,2009-09-23,NA
"1088015","TATLAYOKO+LAKE+RCS","05-30","FWI",2000,2026,12.5894736842105,7.95661113909141,38.1,2023-05-30,27.7,86.9,2009-09-23,NA
"1088015","TATLAYOKO+LAKE+RCS","05-31","FWI",2000,2026,14.96,9.79319849906583,34.1,2023-05-31,26.7,86.9,2009-09-23,NA
"1088015","TATLAYOKO+LAKE+RCS","06-01","FWI",2000,2026,15.295,11.5849936964751,35.1,2019-06-01,31.9,86.9,2009-09-23,NA
"1088015","TATLAYOKO+LAKE+RCS","06-02","FWI",2000,2026,15.075,11.706717594702,44.8,2021-06-02,35.7,86.9,2009-09-23,NA
"1088015","TATLAYOKO+LAKE+RCS","06-03","FWI",2000,2026,16.0578947368421,10.3912525065543,50.4,2021-06-03,40.5,86.9,2009-09-23,NA
"1088015","TATLAYOKO+LAKE+RCS","06-04","FWI",2000,2026,16.995,10.4949850179176,45.4,2021-06-04,38,86.9,2009-09-23,NA
"1088015","TATLAYOKO+LAKE+RCS","06-05","FWI",2000,2026,16.8,10.5002756856039,41.4,2009-06-05,31.5,86.9,2009-09-23,NA
"1088015","TATLAYOKO+LAKE+RCS","06-06","FWI",2000,2026,17.28,13.6857436388151,48.3,2009-06-06,13.1,86.9,2009-09-23,NA
"1088015","TATLAYOKO+LAKE+RCS","06-07","FWI",2000,2026,15.845,13.6977322364343,45.5,2023-06-07,16.1,86.9,2009-09-23,NA
"1088015","TATLAYOKO+LAKE+RCS","06-08","FWI",2000,2026,16.655,13.3182690119131,46.6,2023-06-08,20.1,86.9,2009-09-23,NA
"1088015","TATLAYOKO+LAKE+RCS","06-09","FWI",2000,2026,14.035,10.7191552593329,36,2025-06-09,0.8,86.9,2009-09-23,NA
"1088015","TATLAYOKO+LAKE+RCS","06-10","FWI",2000,2026,12.14,11.584990289163,40.2,2006-06-10,3.4,86.9,2009-09-23,NA
"1088015","TATLAYOKO+LAKE+RCS","06-11","FWI",2000,2026,14.655,14.6002694639877,55.3,2015-06-11,10.7,86.9,2009-09-23,NA
"1088015","TATLAYOKO+LAKE+RCS","06-12","FWI",2000,2026,13.2421052631579,9.41672954489176,33.3,2025-06-12,17.9,86.9,2009-09-23,NA
"1088015","TATLAYOKO+LAKE+RCS","06-13","FWI",2000,2026,16.745,12.4790550839987,42,2019-06-13,24.4,86.9,2009-09-23,NA
"1088015","TATLAYOKO+LAKE+RCS","06-14","FWI",2000,2026,15.655,13.7254076729791,47.3,2009-06-14,31.3,86.9,2009-09-23,NA
"1088015","TATLAYOKO+LAKE+RCS","06-15","FWI",2000,2026,15.26,11.5448963433609,50,2026-06-15,50,86.9,2009-09-23,NA
"1088015","TATLAYOKO+LAKE+RCS","06-16","FWI",2000,2026,17.09,13.3891904554619,41,2009-06-16,31.7,86.9,2009-09-23,NA
"1088015","TATLAYOKO+LAKE+RCS","06-17","FWI",2000,2026,16.08,12.8356247669482,41.7,2019-06-17,28.1,86.9,2009-09-23,NA
"1088015","TATLAYOKO+LAKE+RCS","06-18","FWI",2000,2026,18.53,14.746528583472,48.9,2009-06-18,29.5,86.9,2009-09-23,NA
"1088015","TATLAYOKO+LAKE+RCS","06-19","FWI",2000,2026,17.265,11.7514735918074,49.1,2026-06-19,49.1,86.9,2009-09-23,NA
"1088015","TATLAYOKO+LAKE+RCS","06-20","FWI",2000,2026,17.855,12.9305218277084,48,2017-06-20,25.1,86.9,2009-09-23,NA
"1088015","TATLAYOKO+LAKE+RCS","06-21","FWI",2000,2026,17.915,11.1957357953821,36.6,2008-06-21,21.3,86.9,2009-09-23,NA
"1088015","TATLAYOKO+LAKE+RCS","06-22","FWI",2000,2026,18.66,12.268676418124,41.3,2004-06-22,29.9,86.9,2009-09-23,NA
"1088015","TATLAYOKO+LAKE+RCS","06-23","FWI",2000,2026,17.96,12.1890978034946,44.5,2004-06-23,31.9,86.9,2009-09-23,NA
"1088015","TATLAYOKO+LAKE+RCS","06-24","FWI",2000,2026,19.495,12.5433763187462,46.8,2017-06-24,38.7,86.9,2009-09-23,NA
"1088015","TATLAYOKO+LAKE+RCS","06-25","FWI",2000,2026,19.915,18.3853853573114,78.2,2017-06-25,42.2,86.9,2009-09-23,NA
"1088015","TATLAYOKO+LAKE+RCS","06-26","FWI",2000,2026,22.015,14.541420874613,63.4,2017-06-26,23.4,86.9,2009-09-23,NA
"1088015","TATLAYOKO+LAKE+RCS","06-27","FWI",2000,2026,22.285,14.1137586847206,55.8,2006-06-27,28,86.9,2009-09-23,NA
"1088015","TATLAYOKO+LAKE+RCS","06-28","FWI",2000,2026,21.315,14.7130187606973,49,2021-06-28,24.6,86.9,2009-09-23,NA
"1088015","TATLAYOKO+LAKE+RCS","06-29","FWI",2000,2026,22.0105263157895,14.3336005687042,53.4,2017-06-29,29,86.9,2009-09-23,NA
"1088015","TATLAYOKO+LAKE+RCS","06-30","FWI",2000,2026,22.14,13.2417362512387,47,2017-06-30,30.2,86.9,2009-09-23,NA
"1088015","TATLAYOKO+LAKE+RCS","07-01","FWI",2000,2026,22.635,13.8056157528663,47.5,2017-07-01,37.7,86.9,2009-09-23,NA
"1088015","TATLAYOKO+LAKE+RCS","07-02","FWI",2000,2026,25.475,15.1502605501306,55.8,2014-07-02,27,86.9,2009-09-23,NA
"1088015","TATLAYOKO+LAKE+RCS","07-03","FWI",2000,2026,22.305,14.9479614874932,51.4,2006-07-03,36.5,86.9,2009-09-23,NA
"1088015","TATLAYOKO+LAKE+RCS","07-04","FWI",2000,2026,21.545,16.0107357074788,47.5,2009-07-04,32.8,86.9,2009-09-23,NA
"1088015","TATLAYOKO+LAKE+RCS","07-05","FWI",2000,2026,24.61,15.2127681829927,55.7,2006-07-05,5.8,86.9,2009-09-23,NA
"1088015","TATLAYOKO+LAKE+RCS","07-06","FWI",2000,2026,23.7,14.7713449482079,55.8,2017-07-06,25.7,86.9,2009-09-23,NA
"1088015","TATLAYOKO+LAKE+RCS","07-07","FWI",2000,2026,21.855,17.022198355151,66,2017-07-07,37.5,86.9,2009-09-23,NA
"1088015","TATLAYOKO+LAKE+RCS","07-08","FWI",2000,2026,25.06,19.3292633344531,57.2,2015-07-08,38.7,86.9,2009-09-23,NA
"1088015","TATLAYOKO+LAKE+RCS","07-09","FWI",2000,2026,23.16,16.8987822669346,51,2017-07-09,23.6,86.9,2009-09-23,NA
"1088015","TATLAYOKO+LAKE+RCS","07-10","FWI",2000,2026,25.98,18.5104408659716,63.2,2015-07-10,41.4,86.9,2009-09-23,NA
"1088015","TATLAYOKO+LAKE+RCS","07-11","FWI",2000,2026,26.145,15.4544653741241,47.1,2002-07-11,38,86.9,2009-09-23,NA
"1088015","TATLAYOKO+LAKE+RCS","07-12","FWI",2000,2026,24.705,18.0490989715335,71.9,2014-07-12,5.3,86.9,2009-09-23,NA
"1088015","TATLAYOKO+LAKE+RCS","07-13","FWI",2000,2026,26.36,17.8962918828984,67.2,2002-07-13,15.8,86.9,2009-09-23,NA
"1088015","TATLAYOKO+LAKE+RCS","07-14","FWI",2000,2026,22.365,15.1845238041203,54.5,2014-07-14,19.8,86.9,2009-09-23,NA
"1088015","TATLAYOKO+LAKE+RCS","07-15","FWI",2000,2026,23.425,17.6476888303435,54.2,2017-07-15,24.5,86.9,2009-09-23,NA
"1088015","TATLAYOKO+LAKE+RCS","07-16","FWI",2000,2026,23.685,15.9916845167797,51.3,2008-07-16,33.3,86.9,2009-09-23,NA
"1088015","TATLAYOKO+LAKE+RCS","07-17","FWI",2000,2026,22.535,14.2750896393167,49.5,2024-07-17,25.4,86.9,2009-09-23,NA
"1088015","TATLAYOKO+LAKE+RCS","07-18","FWI",2000,2026,24.98,16.6547164175007,54.1,2024-07-18,12.6,86.9,2009-09-23,NA
"1088015","TATLAYOKO+LAKE+RCS","07-19","FWI",2000,2026,24.165,15.5468485552539,57.4,2024-07-19,18.6,86.9,2009-09-23,NA
"1088015","TATLAYOKO+LAKE+RCS","07-20","FWI",2000,2026,23.11,17.0490592424518,61.6,2015-07-20,29.8,86.9,2009-09-23,NA
"1088015","TATLAYOKO+LAKE+RCS","07-21","FWI",2000,2026,24.425,14.792098708788,75,2024-07-21,24.2,86.9,2009-09-23,NA
"1088015","TATLAYOKO+LAKE+RCS","07-22","FWI",2000,2026,23.89,13.9620123719213,51.8,2024-07-22,44.1,86.9,2009-09-23,NA
"1088015","TATLAYOKO+LAKE+RCS","07-23","FWI",2000,2026,26.355,12.9203012430255,53,2026-07-23,53,86.9,2009-09-23,NA
"1088015","TATLAYOKO+LAKE+RCS","07-24","FWI",2000,2026,25.555,14.1996469563229,56.5,2026-07-24,56.5,86.9,2009-09-23,NA
"1088015","TATLAYOKO+LAKE+RCS","07-25","FWI",2000,2026,28.97,15.1552700578484,63.4,2013-07-25,46.1,86.9,2009-09-23,NA
"1088015","TATLAYOKO+LAKE+RCS","07-26","FWI",2000,2026,27.66,13.5993188683923,57.8,2003-07-26,41.7,86.9,2009-09-23,NA
"1088015","TATLAYOKO+LAKE+RCS","07-27","FWI",2000,2026,29.91,13.4780484297128,54,2007-07-27,34,86.9,2009-09-23,NA
"1088015","TATLAYOKO+LAKE+RCS","07-28","FWI",2000,2026,31.045,14.4443205010427,50.3,2014-07-28,1.9,86.9,2009-09-23,NA
"1088015","TATLAYOKO+LAKE+RCS","07-29","FWI",2000,2026,34.58,15.3254380893852,60.7,2014-07-29,12.6,86.9,2009-09-23,NA
"1088015","TATLAYOKO+LAKE+RCS","07-30","FWI",2000,2026,33.105,12.4394734615256,57.1,2014-07-30,13.9,86.9,2009-09-23,NA
"1088015","TATLAYOKO+LAKE+RCS","07-31","FWI",2000,2026,26.76,15.3198667027319,63.8,2003-07-31,20.7,86.9,2009-09-23,NA
"1088015","TATLAYOKO+LAKE+RCS","08-01","FWI",2000,2026,26.63,17.1710006452127,69.5,2003-08-01,3.3,86.9,2009-09-23,NA
"1088015","TATLAYOKO+LAKE+RCS","08-02","FWI",2000,2026,22.215,17.1322802427403,62.2,2021-08-02,4.5,86.9,2009-09-23,NA
"1088015","TATLAYOKO+LAKE+RCS","08-03","FWI",2000,2026,21.765,15.2395356677433,59.2,2021-08-03,14.2,86.9,2009-09-23,NA
"1088015","TATLAYOKO+LAKE+RCS","08-04","FWI",2000,2026,21.58,12.1232095802356,56.2,2021-08-04,26.6,86.9,2009-09-23,NA
"1088015","TATLAYOKO+LAKE+RCS","08-05","FWI",2000,2026,24.3,15.3444315289739,58.4,2003-08-05,26.4,86.9,2009-09-23,NA
"1088015","TATLAYOKO+LAKE+RCS","08-06","FWI",2000,2026,25.43,15.4397675193842,53.7,2008-08-06,27.3,86.9,2009-09-23,NA
"1088015","TATLAYOKO+LAKE+RCS","08-07","FWI",2000,2026,27.16,17.512624018119,64.1,2006-08-07,40.5,86.9,2009-09-23,NA
"1088015","TATLAYOKO+LAKE+RCS","08-08","FWI",2000,2026,27.85,12.1578434722091,49.6,2008-08-08,NA,86.9,2009-09-23,NA
"1088015","TATLAYOKO+LAKE+RCS","08-09","FWI",2000,2026,25.72,15.6255054655084,69.6,2018-08-09,NA,86.9,2009-09-23,NA
"1088015","TATLAYOKO+LAKE+RCS","08-10","FWI",2000,2026,22.98,14.2570979552384,49.1,2018-08-10,NA,86.9,2009-09-23,NA
"1088015","TATLAYOKO+LAKE+RCS","08-11","FWI",2000,2026,25.26,14.1771276134632,59,2021-08-11,NA,86.9,2009-09-23,NA
"1088015","TATLAYOKO+LAKE+RCS","08-12","FWI",2000,2026,24.6952380952381,16.1566851857204,63.3,2017-08-12,NA,86.9,2009-09-23,NA
"1088015","TATLAYOKO+LAKE+RCS","08-13","FWI",2000,2026,25.0095238095238,13.6627561188036,47.9,2017-08-13,NA,86.9,2009-09-23,NA
"1088015","TATLAYOKO+LAKE+RCS","08-14","FWI",2000,2026,27.6142857142857,11.7544155836981,62.2,2021-08-14,NA,86.9,2009-09-23,NA
"1088015","TATLAYOKO+LAKE+RCS","08-15","FWI",2000,2026,25.6190476190476,11.1003431950377,64.7,2021-08-15,NA,86.9,2009-09-23,NA
"1088015","TATLAYOKO+LAKE+RCS","08-16","FWI",2000,2026,30.8,15.2281646957209,70.9,2020-08-16,NA,86.9,2009-09-23,NA
"1088015","TATLAYOKO+LAKE+RCS","08-17","FWI",2000,2026,28.3142857142857,15.7115017014379,70.4,2020-08-17,NA,86.9,2009-09-23,NA
"1088015","TATLAYOKO+LAKE+RCS","08-18","FWI",2000,2026,33.8,15.6007371620703,62.7,2008-08-18,NA,86.9,2009-09-23,NA
"1088015","TATLAYOKO+LAKE+RCS","08-19","FWI",2000,2026,29.0761904761905,12.5405304816784,54.4,2008-08-19,NA,86.9,2009-09-23,NA
"1088015","TATLAYOKO+LAKE+RCS","08-20","FWI",2000,2026,27.6904761904762,14.9664259180976,73.8,2009-08-20,NA,86.9,2009-09-23,NA
"1088015","TATLAYOKO+LAKE+RCS","08-21","FWI",2000,2026,25.8809523809524,18.826327816322,63.5,2006-08-21,NA,86.9,2009-09-23,NA
"1088015","TATLAYOKO+LAKE+RCS","08-22","FWI",2000,2026,22.8333333333333,18.5396152423219,57.8,2009-08-22,NA,86.9,2009-09-23,NA
"1088015","TATLAYOKO+LAKE+RCS","08-23","FWI",2000,2026,19.7380952380952,14.2865487851502,51.5,2015-08-23,NA,86.9,2009-09-23,NA
"1088015","TATLAYOKO+LAKE+RCS","08-24","FWI",2000,2026,22.3809523809524,11.2950262968981,48.6,2013-08-24,NA,86.9,2009-09-23,NA
"1088015","TATLAYOKO+LAKE+RCS","08-25","FWI",2000,2026,24.4761904761905,13.5377215498733,49,2009-08-25,NA,86.9,2009-09-23,NA
"1088015","TATLAYOKO+LAKE+RCS","08-26","FWI",2000,2026,19.8904761904762,14.139586442393,44.3,2008-08-26,NA,86.9,2009-09-23,NA
"1088015","TATLAYOKO+LAKE+RCS","08-27","FWI",2000,2026,25.9047619047619,17.4602541845895,59.2,2015-08-27,NA,86.9,2009-09-23,NA
"1088015","TATLAYOKO+LAKE+RCS","08-28","FWI",2000,2026,25.6047619047619,20.0287911814587,66.2,2006-08-28,NA,86.9,2009-09-23,NA
"1088015","TATLAYOKO+LAKE+RCS","08-29","FWI",2000,2026,20.5190476190476,11.5368374803331,38.9,2009-08-29,NA,86.9,2009-09-23,NA
"1088015","TATLAYOKO+LAKE+RCS","08-30","FWI",2000,2026,21.3761904761905,14.9522207301091,58.9,2017-08-30,NA,86.9,2009-09-23,NA
"1088015","TATLAYOKO+LAKE+RCS","08-31","FWI",2000,2026,17.3904761904762,13.9569303488233,40.2,2014-08-31,NA,86.9,2009-09-23,NA
"1088015","TATLAYOKO+LAKE+RCS","09-01","FWI",2000,2026,17.1761904761905,12.0415075784515,41.4,2015-09-01,NA,86.9,2009-09-23,NA
"1088015","TATLAYOKO+LAKE+RCS","09-02","FWI",2000,2026,20.3666666666667,12.9751429022317,52.2,2017-09-02,NA,86.9,2009-09-23,NA
"1088015","TATLAYOKO+LAKE+RCS","09-03","FWI",2000,2026,15.8571428571429,14.2382081537169,49.1,2022-09-03,NA,86.9,2009-09-23,NA
"1088015","TATLAYOKO+LAKE+RCS","09-04","FWI",2000,2026,17.752380952381,14.3830323314529,57.3,2011-09-04,NA,86.9,2009-09-23,NA
"1088015","TATLAYOKO+LAKE+RCS","09-05","FWI",2000,2026,18.452380952381,14.879671335336,62.6,2011-09-05,NA,86.9,2009-09-23,NA
"1088015","TATLAYOKO+LAKE+RCS","09-06","FWI",2000,2026,18.652380952381,13.4494839695662,51.7,2011-09-06,NA,86.9,2009-09-23,NA
"1088015","TATLAYOKO+LAKE+RCS","09-07","FWI",2000,2026,18.5904761904762,12.6996812858396,48,2022-09-07,NA,86.9,2009-09-23,NA
"1088015","TATLAYOKO+LAKE+RCS","09-08","FWI",2000,2026,19.0047619047619,15.6723475009482,54.3,2006-09-08,NA,86.9,2009-09-23,NA
"1088015","TATLAYOKO+LAKE+RCS","09-09","FWI",2000,2026,18.7047619047619,11.2987820666865,40.3,2024-09-09,NA,86.9,2009-09-23,NA
"1088015","TATLAYOKO+LAKE+RCS","09-10","FWI",2000,2026,20.3428571428571,14.7792953630602,53.5,2017-09-10,NA,86.9,2009-09-23,NA
"1088015","TATLAYOKO+LAKE+RCS","09-11","FWI",2000,2026,18.8619047619048,12.3254402027058,43,2017-09-11,NA,86.9,2009-09-23,NA
"1088015","TATLAYOKO+LAKE+RCS","09-12","FWI",2000,2026,20.4285714285714,14.3898625030659,61,2009-09-12,NA,86.9,2009-09-23,NA
"1088015","TATLAYOKO+LAKE+RCS","09-13","FWI",2000,2026,15.8190476190476,11.6391846384366,39.5,2009-09-13,NA,86.9,2009-09-23,NA
"1088015","TATLAYOKO+LAKE+RCS","09-14","FWI",2000,2026,15.3333333333333,11.6206855793165,36.7,2013-09-14,NA,86.9,2009-09-23,NA
"1088015","TATLAYOKO+LAKE+RCS","09-15","FWI",2000,2026,16.7095238095238,13.7678576678401,81.3,2023-09-15,NA,86.9,2009-09-23,NA
"1088015","TATLAYOKO+LAKE+RCS","09-16","FWI",2000,2026,15.405,13.8515237618941,57.5,2023-09-16,NA,86.9,2009-09-23,NA
"1088015","TATLAYOKO+LAKE+RCS","09-17","FWI",2000,2026,15.8809523809524,12.3191565883229,63.2,2023-09-17,NA,86.9,2009-09-23,NA
"1088015","TATLAYOKO+LAKE+RCS","09-18","FWI",2000,2026,14.2809523809524,11.287675537843,34.7,2014-09-18,NA,86.9,2009-09-23,NA
"1088015","TATLAYOKO+LAKE+RCS","09-19","FWI",2000,2026,13.252380952381,12.4539399005945,45,2014-09-19,NA,86.9,2009-09-23,NA
"1088015","TATLAYOKO+LAKE+RCS","09-20","FWI",2000,2026,12.8619047619048,12.1440304755248,31.4,2014-09-20,NA,86.9,2009-09-23,NA
"1088015","TATLAYOKO+LAKE+RCS","09-21","FWI",2000,2026,15.9190476190476,17.9312748862879,62.8,2014-09-21,NA,86.9,2009-09-23,NA
"1088015","TATLAYOKO+LAKE+RCS","09-22","FWI",2000,2026,10.925,9.4208545259971,42.8,2023-09-22,NA,86.9,2009-09-23,NA
"1088015","TATLAYOKO+LAKE+RCS","09-23","FWI",2000,2026,16.9428571428572,18.6320844627908,86.9,2009-09-23,NA,86.9,2009-09-23,NA
"1088015","TATLAYOKO+LAKE+RCS","09-24","FWI",2000,2026,15.8523809523809,10.7076430201804,63.2,2024-09-24,NA,86.9,2009-09-23,NA
"1088015","TATLAYOKO+LAKE+RCS","09-25","FWI",2000,2026,12.1428571428571,12.7887673928558,45,2009-09-25,NA,86.9,2009-09-23,NA
"1088015","TATLAYOKO+LAKE+RCS","09-26","FWI",2000,2026,12.6238095238095,14.5494984367814,60.5,2009-09-26,NA,86.9,2009-09-23,NA
"1088015","TATLAYOKO+LAKE+RCS","09-27","FWI",2000,2026,11.4,11.587493257819,33.6,2013-09-27,NA,86.9,2009-09-23,NA
"1088015","TATLAYOKO+LAKE+RCS","09-28","FWI",2000,2026,12.4285714285714,10.7408632268148,40,2013-09-28,NA,86.9,2009-09-23,NA
"1088015","TATLAYOKO+LAKE+RCS","09-29","FWI",2000,2026,10.64,8.17064063712587,29.3,2017-09-29,NA,86.9,2009-09-23,NA
"1088015","TATLAYOKO+LAKE+RCS","09-30","FWI",2000,2026,9.965,7.97431897768673,25.5,2008-09-30,NA,86.9,2009-09-23,NA
"1088015","TATLAYOKO+LAKE+RCS","10-01","FWI",2000,2026,13.6894736842105,10.7784195263211,36.8,2012-10-01,NA,86.9,2009-09-23,NA
"1088015","TATLAYOKO+LAKE+RCS","10-02","FWI",2000,2026,13.0166666666667,10.1729312104115,35.8,2008-10-02,NA,86.9,2009-09-23,NA
"1088015","TATLAYOKO+LAKE+RCS","10-03","FWI",2000,2026,12.39,11.1953890884643,50.1,2014-10-03,NA,86.9,2009-09-23,NA
"1088015","TATLAYOKO+LAKE+RCS","10-04","FWI",2000,2026,11.5238095238095,9.89640868001644,34.6,2013-10-04,NA,86.9,2009-09-23,NA
"1088015","TATLAYOKO+LAKE+RCS","10-05","FWI",2000,2026,11.847619047619,8.84152809460102,27.9,2014-10-05,NA,86.9,2009-09-23,NA
"1088015","TATLAYOKO+LAKE+RCS","10-06","FWI",2000,2026,13.865,10.7806979072981,44.1,2017-10-06,NA,86.9,2009-09-23,NA
"1088015","TATLAYOKO+LAKE+RCS","10-07","FWI",2000,2026,12.8,11.5898231220325,38.6,2001-10-07,NA,86.9,2009-09-23,NA
"1088015","TATLAYOKO+LAKE+RCS","10-08","FWI",2000,2026,10.09,9.41140964887553,35.6,2023-10-08,NA,86.9,2009-09-23,NA
"1088015","TATLAYOKO+LAKE+RCS","10-09","FWI",2000,2026,11.08,12.4054147770026,50.5,2013-10-09,NA,86.9,2009-09-23,NA
"1088015","TATLAYOKO+LAKE+RCS","10-10","FWI",2000,2026,8.9952380952381,11.6372022492726,49.7,2022-10-10,NA,86.9,2009-09-23,NA
"1088015","TATLAYOKO+LAKE+RCS","10-11","FWI",2000,2026,7.67368421052632,8.90791421560146,37.6,2014-10-11,NA,86.9,2009-09-23,NA
"1088015","TATLAYOKO+LAKE+RCS","10-12","FWI",2000,2026,8.87368421052632,8.53800927261041,32.8,2014-10-12,NA,86.9,2009-09-23,NA
"1088015","TATLAYOKO+LAKE+RCS","10-13","FWI",2000,2026,7.68947368421053,7.84855929715357,32,2012-10-13,NA,86.9,2009-09-23,NA
"1088015","TATLAYOKO+LAKE+RCS","10-14","FWI",2000,2026,5.445,6.90259104669361,28,2022-10-14,NA,86.9,2009-09-23,NA
"1088015","TATLAYOKO+LAKE+RCS","10-15","FWI",2000,2026,6.9952380952381,6.32656906944642,28.8,2022-10-15,NA,86.9,2009-09-23,NA
"1088015","TATLAYOKO+LAKE+RCS","10-16","FWI",2000,2026,5.495,6.14127322646577,26.3,2022-10-16,NA,86.9,2009-09-23,NA
"1088015","TATLAYOKO+LAKE+RCS","10-17","FWI",2000,2026,4.32,5.76665551160061,26,2022-10-17,NA,86.9,2009-09-23,NA
"1088015","TATLAYOKO+LAKE+RCS","10-18","FWI",2000,2026,4.72105263157895,5.37748174720477,25,2022-10-18,NA,86.9,2009-09-23,NA
"1088015","TATLAYOKO+LAKE+RCS","10-19","FWI",2000,2026,6.65263157894737,6.74762249660761,26.4,2022-10-19,NA,86.9,2009-09-23,NA
"1088015","TATLAYOKO+LAKE+RCS","10-20","FWI",2000,2026,4.65263157894737,5.67140668627895,20,2022-10-20,NA,86.9,2009-09-23,NA
"1088015","TATLAYOKO+LAKE+RCS","10-21","FWI",2000,2026,6.90555555555556,6.84504734845672,20.6,2007-10-21,NA,86.9,2009-09-23,NA
"1088015","TATLAYOKO+LAKE+RCS","10-22","FWI",2000,2026,9.61578947368421,11.2803301349392,44.2,2008-10-22,NA,86.9,2009-09-23,NA
"1088015","TATLAYOKO+LAKE+RCS","10-23","FWI",2000,2026,5.19444444444444,6.15529157547268,22.8,2022-10-23,NA,86.9,2009-09-23,NA
"1088015","TATLAYOKO+LAKE+RCS","10-24","FWI",2000,2026,6.37647058823529,6.44132453496219,25.3,2022-10-24,NA,86.9,2009-09-23,NA
"1088015","TATLAYOKO+LAKE+RCS","10-25","FWI",2000,2026,8.19444444444444,9.10820394397091,33.8,2006-10-25,NA,86.9,2009-09-23,NA
"1088015","TATLAYOKO+LAKE+RCS","10-26","FWI",2000,2026,4.98333333333333,6.23097103186975,20.8,2022-10-26,NA,86.9,2009-09-23,NA
"1088015","TATLAYOKO+LAKE+RCS","10-27","FWI",2000,2026,4.33125,4.53412523720581,12.6,2009-10-27,NA,86.9,2009-09-23,NA
"1088015","TATLAYOKO+LAKE+RCS","10-28","FWI",2000,2026,5.56111111111111,5.84819116216981,18.5,2022-10-28,NA,86.9,2009-09-23,NA
"1088015","TATLAYOKO+LAKE+RCS","10-29","FWI",2000,2026,4.73157894736842,4.45708582316829,24.8,2022-10-29,NA,86.9,2009-09-23,NA
"1088015","TATLAYOKO+LAKE+RCS","10-30","FWI",2000,2026,6.95,12.8407096193868,52.2,2009-10-30,NA,86.9,2009-09-23,NA
"1088015","TATLAYOKO+LAKE+RCS","10-31","FWI",2000,2026,4.8625,6.87583934270331,23.7,2013-10-31,NA,86.9,2009-09-23,NA
"1088015","TATLAYOKO+LAKE+RCS","04-01","ISI",2000,2026,6.66666666666667,0.763762615825973,7.5,2016-04-01,NA,41.6,2009-09-23,NA
"1088015","TATLAYOKO+LAKE+RCS","04-02","ISI",2000,2026,9.26666666666667,4.99032397077919,15,2016-04-02,NA,41.6,2009-09-23,NA
"1088015","TATLAYOKO+LAKE+RCS","04-03","ISI",2000,2026,4.36666666666667,0.7371114795832,5.2,2019-04-03,NA,41.6,2009-09-23,NA
"1088015","TATLAYOKO+LAKE+RCS","04-04","ISI",2000,2026,5.36666666666667,2.11266025033211,7.6,2016-04-04,NA,41.6,2009-09-23,NA
"1088015","TATLAYOKO+LAKE+RCS","04-05","ISI",2000,2026,9.33333333333333,8.96734817732273,19.4,2016-04-05,NA,41.6,2009-09-23,NA
"1088015","TATLAYOKO+LAKE+RCS","04-06","ISI",2000,2026,5.26666666666667,1.53079500042734,7,2019-04-06,NA,41.6,2009-09-23,NA
"1088015","TATLAYOKO+LAKE+RCS","04-07","ISI",2000,2026,6,5.36935750346352,11.9,2019-04-07,NA,41.6,2009-09-23,NA
"1088015","TATLAYOKO+LAKE+RCS","04-08","ISI",2000,2026,9.9,13.1848397790796,29.5,2016-04-08,NA,41.6,2009-09-23,NA
"1088015","TATLAYOKO+LAKE+RCS","04-09","ISI",2000,2026,6.62,1.78801565988668,8.4,2013-04-09,NA,41.6,2009-09-23,NA
"1088015","TATLAYOKO+LAKE+RCS","04-10","ISI",2000,2026,6.34,3.55710556492213,9.1,2011-04-10,NA,41.6,2009-09-23,NA
"1088015","TATLAYOKO+LAKE+RCS","04-11","ISI",2000,2026,5.1,4.89407805413849,12.8,2016-04-11,NA,41.6,2009-09-23,NA
"1088015","TATLAYOKO+LAKE+RCS","04-12","ISI",2000,2026,5.58333333333333,4.00220772407763,11.9,2016-04-12,3.8,41.6,2009-09-23,NA
"1088015","TATLAYOKO+LAKE+RCS","04-13","ISI",2000,2026,5.4,3.07164451068153,9.9,2009-04-13,9.4,41.6,2009-09-23,NA
"1088015","TATLAYOKO+LAKE+RCS","04-14","ISI",2000,2026,4.9,3.47275107083707,8.8,2011-04-14,5.1,41.6,2009-09-23,NA
"1088015","TATLAYOKO+LAKE+RCS","04-15","ISI",2000,2026,6.3,5.01996015920445,12.7,2016-04-15,NA,41.6,2009-09-23,NA
"1088015","TATLAYOKO+LAKE+RCS","04-16","ISI",2000,2026,6.77142857142857,4.96310194861852,15.5,2009-04-16,1,41.6,2009-09-23,NA
"1088015","TATLAYOKO+LAKE+RCS","04-17","ISI",2000,2026,7.41428571428572,4.34719394990553,13.5,2009-04-17,1.7,41.6,2009-09-23,NA
"1088015","TATLAYOKO+LAKE+RCS","04-18","ISI",2000,2026,8.34285714285714,6.23561201028874,19.1,2016-04-18,7.4,41.6,2009-09-23,NA
"1088015","TATLAYOKO+LAKE+RCS","04-19","ISI",2000,2026,5.8875,3.58067731023057,11.6,2010-04-19,4.7,41.6,2009-09-23,NA
"1088015","TATLAYOKO+LAKE+RCS","04-20","ISI",2000,2026,5.625,1.97683007435064,10.7,2025-04-20,5.6,41.6,2009-09-23,NA
"1088015","TATLAYOKO+LAKE+RCS","04-21","ISI",2000,2026,6.59090909090909,2.77577180094277,11,2009-04-21,6.2,41.6,2009-09-23,NA
"1088015","TATLAYOKO+LAKE+RCS","04-22","ISI",2000,2026,7.14545454545455,4.23871764484582,16.5,2019-04-22,15.8,41.6,2009-09-23,NA
"1088015","TATLAYOKO+LAKE+RCS","04-23","ISI",2000,2026,6.36,3.46256167213428,12.4,2019-04-23,11.2,41.6,2009-09-23,NA
"1088015","TATLAYOKO+LAKE+RCS","04-24","ISI",2000,2026,6.77,3.12696160655818,13.3,2026-04-24,13.3,41.6,2009-09-23,NA
"1088015","TATLAYOKO+LAKE+RCS","04-25","ISI",2000,2026,6.42727272727273,3.40208492224721,13.5,2025-04-25,13.2,41.6,2009-09-23,NA
"1088015","TATLAYOKO+LAKE+RCS","04-26","ISI",2000,2026,10.3181818181818,5.82474345904061,21.8,2004-04-26,13.9,41.6,2009-09-23,NA
"1088015","TATLAYOKO+LAKE+RCS","04-27","ISI",2000,2026,5.75384615384615,3.33382047722414,11.8,2009-04-27,11,41.6,2009-09-23,NA
"1088015","TATLAYOKO+LAKE+RCS","04-28","ISI",2000,2026,7.03846153846154,4.25666897576389,18.1,2025-04-28,7.6,41.6,2009-09-23,NA
"1088015","TATLAYOKO+LAKE+RCS","04-29","ISI",2000,2026,6.04166666666667,1.97643312024158,10,2025-04-29,9,41.6,2009-09-23,NA
"1088015","TATLAYOKO+LAKE+RCS","04-30","ISI",2000,2026,7.20714285714286,3.2135444810782,12.1,2021-04-30,10,41.6,2009-09-23,NA
"1088015","TATLAYOKO+LAKE+RCS","05-01","ISI",2000,2026,8.36,3.77903993854826,13.8,2002-05-01,6.9,41.6,2009-09-23,NA
"1088015","TATLAYOKO+LAKE+RCS","05-02","ISI",2000,2026,7.75,3.83371012640932,21.3,2025-05-02,7.2,41.6,2009-09-23,NA
"1088015","TATLAYOKO+LAKE+RCS","05-03","ISI",2000,2026,7.3625,4.67929838045549,16.7,2009-05-03,7.1,41.6,2009-09-23,NA
"1088015","TATLAYOKO+LAKE+RCS","05-04","ISI",2000,2026,6.38235294117647,4.97308195364274,15.2,2015-05-04,8.2,41.6,2009-09-23,NA
"1088015","TATLAYOKO+LAKE+RCS","05-05","ISI",2000,2026,5.66470588235294,4.14305762337289,12.5,2009-05-05,9.6,41.6,2009-09-23,NA
"1088015","TATLAYOKO+LAKE+RCS","05-06","ISI",2000,2026,5.68888888888889,4.92232476028874,19.7,2025-05-06,12.5,41.6,2009-09-23,NA
"1088015","TATLAYOKO+LAKE+RCS","05-07","ISI",2000,2026,6.44444444444444,6.31303247932143,27.8,2016-05-07,8.2,41.6,2009-09-23,NA
"1088015","TATLAYOKO+LAKE+RCS","05-08","ISI",2000,2026,6.11578947368421,4.0698434528854,14.6,2013-05-08,6.7,41.6,2009-09-23,NA
"1088015","TATLAYOKO+LAKE+RCS","05-09","ISI",2000,2026,6.46842105263158,3.63578703562531,11.9,2012-05-09,9.8,41.6,2009-09-23,NA
"1088015","TATLAYOKO+LAKE+RCS","05-10","ISI",2000,2026,7.14210526315789,3.56765029886209,13.2,2013-05-10,6.4,41.6,2009-09-23,NA
"1088015","TATLAYOKO+LAKE+RCS","05-11","ISI",2000,2026,7.03684210526316,3.92657760599564,15.3,2009-05-11,2.3,41.6,2009-09-23,NA
"1088015","TATLAYOKO+LAKE+RCS","05-12","ISI",2000,2026,7.24210526315789,4.20123206657202,15.2,2012-05-12,5.6,41.6,2009-09-23,NA
"1088015","TATLAYOKO+LAKE+RCS","05-13","ISI",2000,2026,7.68421052631579,4.85961397162536,20.4,2012-05-13,4.4,41.6,2009-09-23,NA
"1088015","TATLAYOKO+LAKE+RCS","05-14","ISI",2000,2026,6.99473684210526,4.77638562609038,17.7,2018-05-14,3.5,41.6,2009-09-23,NA
"1088015","TATLAYOKO+LAKE+RCS","05-15","ISI",2000,2026,7.14,3.77560033567337,15.6,2018-05-15,3.6,41.6,2009-09-23,NA
"1088015","TATLAYOKO+LAKE+RCS","05-16","ISI",2000,2026,6.685,4.34696203656858,16.5,2021-05-16,0.6,41.6,2009-09-23,NA
"1088015","TATLAYOKO+LAKE+RCS","05-17","ISI",2000,2026,5.77,4.6815539480413,17,2008-05-17,2.2,41.6,2009-09-23,NA
"1088015","TATLAYOKO+LAKE+RCS","05-18","ISI",2000,2026,5.265,3.82928810203947,14.4,2008-05-18,4.9,41.6,2009-09-23,NA
"1088015","TATLAYOKO+LAKE+RCS","05-19","ISI",2000,2026,4.28,3.52070567089222,13.9,2005-05-19,6.5,41.6,2009-09-23,NA
"1088015","TATLAYOKO+LAKE+RCS","05-20","ISI",2000,2026,5.035,3.69099544410733,14.4,2010-05-20,6.3,41.6,2009-09-23,NA
"1088015","TATLAYOKO+LAKE+RCS","05-21","ISI",2000,2026,4.305,3.47585279198918,9.3,2021-05-21,5.3,41.6,2009-09-23,NA
"1088015","TATLAYOKO+LAKE+RCS","05-22","ISI",2000,2026,4.16,3.77029944364328,12,2022-05-22,6.3,41.6,2009-09-23,NA
"1088015","TATLAYOKO+LAKE+RCS","05-23","ISI",2000,2026,5.09,4.19848343546747,16.2,2017-05-23,15.2,41.6,2009-09-23,NA
"1088015","TATLAYOKO+LAKE+RCS","05-24","ISI",2000,2026,4.36,3.20220318892445,11.5,2018-05-24,10.9,41.6,2009-09-23,NA
"1088015","TATLAYOKO+LAKE+RCS","05-25","ISI",2000,2026,4.22105263157895,3.86631879862895,16.3,2025-05-25,2.4,41.6,2009-09-23,NA
"1088015","TATLAYOKO+LAKE+RCS","05-26","ISI",2000,2026,5.24,4.35544426400363,15.9,2009-05-26,3.5,41.6,2009-09-23,NA
"1088015","TATLAYOKO+LAKE+RCS","05-27","ISI",2000,2026,6.02,5.44190369167571,17.9,2018-05-27,10.1,41.6,2009-09-23,NA
"1088015","TATLAYOKO+LAKE+RCS","05-28","ISI",2000,2026,5.275,4.1108169248306,15.9,2025-05-28,8,41.6,2009-09-23,NA
"1088015","TATLAYOKO+LAKE+RCS","05-29","ISI",2000,2026,6.535,5.87387391223561,25.5,2009-05-29,7.5,41.6,2009-09-23,NA
"1088015","TATLAYOKO+LAKE+RCS","05-30","ISI",2000,2026,4.81578947368421,2.80005221338118,11.6,2023-05-30,8.3,41.6,2009-09-23,NA
"1088015","TATLAYOKO+LAKE+RCS","05-31","ISI",2000,2026,5.995,4.00978736803363,12.5,2007-05-31,7.7,41.6,2009-09-23,NA
"1088015","TATLAYOKO+LAKE+RCS","06-01","ISI",2000,2026,6.29,4.51837185394544,15.2,2019-06-01,9.7,41.6,2009-09-23,NA
"1088015","TATLAYOKO+LAKE+RCS","06-02","ISI",2000,2026,6.23,4.71995762692845,15.8,2021-06-02,11.2,41.6,2009-09-23,NA
"1088015","TATLAYOKO+LAKE+RCS","06-03","ISI",2000,2026,6.26315789473684,4.09704643294218,18.7,2021-06-03,13.3,41.6,2009-09-23,NA
"1088015","TATLAYOKO+LAKE+RCS","06-04","ISI",2000,2026,6.51,4.17674010380546,15.6,2021-06-04,11.9,41.6,2009-09-23,NA
"1088015","TATLAYOKO+LAKE+RCS","06-05","ISI",2000,2026,6.51,4.18517433454406,13.5,2009-06-05,8.8,41.6,2009-09-23,NA
"1088015","TATLAYOKO+LAKE+RCS","06-06","ISI",2000,2026,6.565,5.08788809459857,16.7,2009-06-06,2.6,41.6,2009-09-23,NA
"1088015","TATLAYOKO+LAKE+RCS","06-07","ISI",2000,2026,5.955,5.30872915707308,15.6,2025-06-07,3.4,41.6,2009-09-23,NA
"1088015","TATLAYOKO+LAKE+RCS","06-08","ISI",2000,2026,6.075,5.2405177526452,20.8,2016-06-08,4.5,41.6,2009-09-23,NA
"1088015","TATLAYOKO+LAKE+RCS","06-09","ISI",2000,2026,4.895,3.554755895091,12.9,2025-06-09,0.3,41.6,2009-09-23,NA
"1088015","TATLAYOKO+LAKE+RCS","06-10","ISI",2000,2026,4.415,4.62957028811871,18.7,2006-06-10,0.9,41.6,2009-09-23,NA
"1088015","TATLAYOKO+LAKE+RCS","06-11","ISI",2000,2026,5.635,5.84774135434942,23.7,2015-06-11,2.7,41.6,2009-09-23,NA
"1088015","TATLAYOKO+LAKE+RCS","06-12","ISI",2000,2026,4.49473684210526,3.29317032056253,10.9,2002-06-12,5.1,41.6,2009-09-23,NA
"1088015","TATLAYOKO+LAKE+RCS","06-13","ISI",2000,2026,6.13,4.42529808689706,15.9,2019-06-13,7.6,41.6,2009-09-23,NA
"1088015","TATLAYOKO+LAKE+RCS","06-14","ISI",2000,2026,5.57,4.60607150800355,16.1,2009-06-14,10.5,41.6,2009-09-23,NA
"1088015","TATLAYOKO+LAKE+RCS","06-15","ISI",2000,2026,5.025,3.6335968840516,20.9,2026-06-15,20.9,41.6,2009-09-23,NA
"1088015","TATLAYOKO+LAKE+RCS","06-16","ISI",2000,2026,6.02,4.52031670991035,13.9,2015-06-16,10,41.6,2009-09-23,NA
"1088015","TATLAYOKO+LAKE+RCS","06-17","ISI",2000,2026,5.35,3.99809165003821,14.2,2019-06-17,8.2,41.6,2009-09-23,NA
"1088015","TATLAYOKO+LAKE+RCS","06-18","ISI",2000,2026,6.355,4.86691029190735,16,2009-06-18,8.6,41.6,2009-09-23,NA
"1088015","TATLAYOKO+LAKE+RCS","06-19","ISI",2000,2026,5.63,3.56327761596273,18.3,2026-06-19,18.3,41.6,2009-09-23,NA
"1088015","TATLAYOKO+LAKE+RCS","06-20","ISI",2000,2026,6.065,4.34950390395575,16.7,2017-06-20,6.5,41.6,2009-09-23,NA
"1088015","TATLAYOKO+LAKE+RCS","06-21","ISI",2000,2026,6.61,4.57670301923948,18.4,2008-06-21,5.1,41.6,2009-09-23,NA
"1088015","TATLAYOKO+LAKE+RCS","06-22","ISI",2000,2026,6.93,5.46366948218194,22.5,2002-06-22,8.1,41.6,2009-09-23,NA
"1088015","TATLAYOKO+LAKE+RCS","06-23","ISI",2000,2026,6.155,4.53111755704809,15.8,2004-06-23,8.8,41.6,2009-09-23,NA
"1088015","TATLAYOKO+LAKE+RCS","06-24","ISI",2000,2026,6.52,4.41118196357728,15.5,2008-06-24,11.5,41.6,2009-09-23,NA
"1088015","TATLAYOKO+LAKE+RCS","06-25","ISI",2000,2026,6.925,7.5244076528532,34.2,2017-06-25,13,41.6,2009-09-23,NA
"1088015","TATLAYOKO+LAKE+RCS","06-26","ISI",2000,2026,7.595,5.47611800649444,23.7,2017-06-26,5.4,41.6,2009-09-23,NA
"1088015","TATLAYOKO+LAKE+RCS","06-27","ISI",2000,2026,7.48,5.31468670166381,23.8,2006-06-27,6.9,41.6,2009-09-23,NA
"1088015","TATLAYOKO+LAKE+RCS","06-28","ISI",2000,2026,7.245,5.25492000039262,16.5,2021-06-28,5.6,41.6,2009-09-23,NA
"1088015","TATLAYOKO+LAKE+RCS","06-29","ISI",2000,2026,7.46315789473684,5.03181108618135,17.5,2003-06-29,7.1,41.6,2009-09-23,NA
"1088015","TATLAYOKO+LAKE+RCS","06-30","ISI",2000,2026,7.55,4.77917632189789,16.1,2006-06-30,7.4,41.6,2009-09-23,NA
"1088015","TATLAYOKO+LAKE+RCS","07-01","ISI",2000,2026,7.855,4.70972957096041,18.1,2023-07-01,10.3,41.6,2009-09-23,NA
"1088015","TATLAYOKO+LAKE+RCS","07-02","ISI",2000,2026,8.905,5.46957854625786,21.9,2014-07-02,6.2,41.6,2009-09-23,NA
"1088015","TATLAYOKO+LAKE+RCS","07-03","ISI",2000,2026,7.535,5.07359262310871,18.5,2014-07-03,9.7,41.6,2009-09-23,NA
"1088015","TATLAYOKO+LAKE+RCS","07-04","ISI",2000,2026,6.93,4.94571584941532,14.1,2009-07-04,8.2,41.6,2009-09-23,NA
"1088015","TATLAYOKO+LAKE+RCS","07-05","ISI",2000,2026,8.1,5.09581871940639,19.9,2006-07-05,1,41.6,2009-09-23,NA
"1088015","TATLAYOKO+LAKE+RCS","07-06","ISI",2000,2026,7.82,5.01446329184522,17.7,2017-07-06,6.4,41.6,2009-09-23,NA
"1088015","TATLAYOKO+LAKE+RCS","07-07","ISI",2000,2026,7.07,5.59709511123498,23.2,2017-07-07,11.1,41.6,2009-09-23,NA
"1088015","TATLAYOKO+LAKE+RCS","07-08","ISI",2000,2026,8.43,6.51404151369219,20.3,2015-07-08,11.4,41.6,2009-09-23,NA
"1088015","TATLAYOKO+LAKE+RCS","07-09","ISI",2000,2026,7.335,5.49222177265267,19.5,2024-07-09,5.5,41.6,2009-09-23,NA
"1088015","TATLAYOKO+LAKE+RCS","07-10","ISI",2000,2026,8.95,6.96853831989101,26.4,2024-07-10,12.4,41.6,2009-09-23,NA
"1088015","TATLAYOKO+LAKE+RCS","07-11","ISI",2000,2026,8.87,5.84745558701434,23,2002-07-11,10.8,41.6,2009-09-23,NA
"1088015","TATLAYOKO+LAKE+RCS","07-12","ISI",2000,2026,8.85,7.46835428923091,28.4,2014-07-12,1.2,41.6,2009-09-23,NA
"1088015","TATLAYOKO+LAKE+RCS","07-13","ISI",2000,2026,9.255,8.28298668482889,36.6,2002-07-13,4,41.6,2009-09-23,NA
"1088015","TATLAYOKO+LAKE+RCS","07-14","ISI",2000,2026,7.165,5.40343701535859,20.8,2002-07-14,5.3,41.6,2009-09-23,NA
"1088015","TATLAYOKO+LAKE+RCS","07-15","ISI",2000,2026,7.695,6.05957050762198,22.1,2017-07-15,6.9,41.6,2009-09-23,NA
"1088015","TATLAYOKO+LAKE+RCS","07-16","ISI",2000,2026,7.465,5.06092096881897,16.9,2008-07-16,10.3,41.6,2009-09-23,NA
"1088015","TATLAYOKO+LAKE+RCS","07-17","ISI",2000,2026,7.055,4.66537920837039,18.1,2009-07-17,6.8,41.6,2009-09-23,NA
"1088015","TATLAYOKO+LAKE+RCS","07-18","ISI",2000,2026,8.28,6.54937522130727,26.3,2009-07-18,2.6,41.6,2009-09-23,NA
"1088015","TATLAYOKO+LAKE+RCS","07-19","ISI",2000,2026,7.615,5.07898404677239,20.2,2024-07-19,4.3,41.6,2009-09-23,NA
"1088015","TATLAYOKO+LAKE+RCS","07-20","ISI",2000,2026,7.48,5.99856123100409,21.6,2015-07-20,8.2,41.6,2009-09-23,NA
"1088015","TATLAYOKO+LAKE+RCS","07-21","ISI",2000,2026,7.51,4.42931621192969,30.7,2024-07-21,5.9,41.6,2009-09-23,NA
"1088015","TATLAYOKO+LAKE+RCS","07-22","ISI",2000,2026,7.415,4.44632018166649,17.9,2023-07-22,14.1,41.6,2009-09-23,NA
"1088015","TATLAYOKO+LAKE+RCS","07-23","ISI",2000,2026,8.24,4.06362555257973,18.4,2026-07-23,18.4,41.6,2009-09-23,NA
"1088015","TATLAYOKO+LAKE+RCS","07-24","ISI",2000,2026,8.025,4.89337629647949,20.1,2026-07-24,20.1,41.6,2009-09-23,NA
"1088015","TATLAYOKO+LAKE+RCS","07-25","ISI",2000,2026,9.215,5.58977214487129,26.2,2013-07-25,14.3,41.6,2009-09-23,NA
"1088015","TATLAYOKO+LAKE+RCS","07-26","ISI",2000,2026,8.41,4.53139922621793,20.8,2003-07-26,12.1,41.6,2009-09-23,NA
"1088015","TATLAYOKO+LAKE+RCS","07-27","ISI",2000,2026,9.34,4.88352762921058,21.2,2007-07-27,8.8,41.6,2009-09-23,NA
"1088015","TATLAYOKO+LAKE+RCS","07-28","ISI",2000,2026,9.47,4.78540544396793,16.5,2014-07-28,0.4,41.6,2009-09-23,NA
"1088015","TATLAYOKO+LAKE+RCS","07-29","ISI",2000,2026,11.03,5.48280565903414,21.9,2014-07-29,2.5,41.6,2009-09-23,NA
"1088015","TATLAYOKO+LAKE+RCS","07-30","ISI",2000,2026,10.005,4.21881437572716,19.6,2014-07-30,2.8,41.6,2009-09-23,NA
"1088015","TATLAYOKO+LAKE+RCS","07-31","ISI",2000,2026,7.585,5.17120315838231,22.9,2003-07-31,4.8,41.6,2009-09-23,NA
"1088015","TATLAYOKO+LAKE+RCS","08-01","ISI",2000,2026,7.6,5.82598534697418,26.2,2003-08-01,0.9,41.6,2009-09-23,NA
"1088015","TATLAYOKO+LAKE+RCS","08-02","ISI",2000,2026,6.1,5.13645382484228,21.4,2021-08-02,1.2,41.6,2009-09-23,NA
"1088015","TATLAYOKO+LAKE+RCS","08-03","ISI",2000,2026,5.815,4.4651015194447,19.6,2021-08-03,4,41.6,2009-09-23,NA
"1088015","TATLAYOKO+LAKE+RCS","08-04","ISI",2000,2026,5.64,3.25275591654701,17.9,2021-08-04,9,41.6,2009-09-23,NA
"1088015","TATLAYOKO+LAKE+RCS","08-05","ISI",2000,2026,6.99,5.07178988440757,19.3,2003-08-05,8.5,41.6,2009-09-23,NA
"1088015","TATLAYOKO+LAKE+RCS","08-06","ISI",2000,2026,7.38,4.88225573404667,18.6,2008-08-06,8.5,41.6,2009-09-23,NA
"1088015","TATLAYOKO+LAKE+RCS","08-07","ISI",2000,2026,8.205,5.93158139914954,22.1,2006-08-07,14.7,41.6,2009-09-23,NA
"1088015","TATLAYOKO+LAKE+RCS","08-08","ISI",2000,2026,8.185,4.12428941248001,15.8,2008-08-08,NA,41.6,2009-09-23,NA
"1088015","TATLAYOKO+LAKE+RCS","08-09","ISI",2000,2026,7.505,5.75531562077501,27.3,2018-08-09,NA,41.6,2009-09-23,NA
"1088015","TATLAYOKO+LAKE+RCS","08-10","ISI",2000,2026,6.31,4.2290847585189,15.3,2018-08-10,NA,41.6,2009-09-23,NA
"1088015","TATLAYOKO+LAKE+RCS","08-11","ISI",2000,2026,7.125,4.39268231206592,22,2021-08-11,NA,41.6,2009-09-23,NA
"1088015","TATLAYOKO+LAKE+RCS","08-12","ISI",2000,2026,7.35238095238095,5.15796656131261,23.1,2017-08-12,NA,41.6,2009-09-23,NA
"1088015","TATLAYOKO+LAKE+RCS","08-13","ISI",2000,2026,7.19523809523809,4.05542552520401,14.6,2017-08-13,NA,41.6,2009-09-23,NA
"1088015","TATLAYOKO+LAKE+RCS","08-14","ISI",2000,2026,8.05714285714286,3.46750218869021,22.7,2021-08-14,NA,41.6,2009-09-23,NA
"1088015","TATLAYOKO+LAKE+RCS","08-15","ISI",2000,2026,7.4,4.24169777329786,24,2021-08-15,NA,41.6,2009-09-23,NA
"1088015","TATLAYOKO+LAKE+RCS","08-16","ISI",2000,2026,9.44285714285714,6.44798971994927,30.3,2020-08-16,NA,41.6,2009-09-23,NA
"1088015","TATLAYOKO+LAKE+RCS","08-17","ISI",2000,2026,8.49047619047619,6.08563100770206,29.3,2020-08-17,NA,41.6,2009-09-23,NA
"1088015","TATLAYOKO+LAKE+RCS","08-18","ISI",2000,2026,10.6952380952381,6.06576262233169,23.2,2020-08-18,NA,41.6,2009-09-23,NA
"1088015","TATLAYOKO+LAKE+RCS","08-19","ISI",2000,2026,8.41904761904762,4.52190436073332,17.8,2008-08-19,NA,41.6,2009-09-23,NA
"1088015","TATLAYOKO+LAKE+RCS","08-20","ISI",2000,2026,7.69523809523809,5.55396040591542,27.9,2009-08-20,NA,41.6,2009-09-23,NA
"1088015","TATLAYOKO+LAKE+RCS","08-21","ISI",2000,2026,7.57619047619048,6.64965448440028,22.5,2003-08-21,NA,41.6,2009-09-23,NA
"1088015","TATLAYOKO+LAKE+RCS","08-22","ISI",2000,2026,6.52857142857143,5.98566143856657,20.5,2003-08-22,NA,41.6,2009-09-23,NA
"1088015","TATLAYOKO+LAKE+RCS","08-23","ISI",2000,2026,5.22380952380952,4.18077800916346,16,2015-08-23,NA,41.6,2009-09-23,NA
"1088015","TATLAYOKO+LAKE+RCS","08-24","ISI",2000,2026,6.04285714285714,3.80296876513224,17,2013-08-24,NA,41.6,2009-09-23,NA
"1088015","TATLAYOKO+LAKE+RCS","08-25","ISI",2000,2026,6.88095238095238,4.13915680394196,14.1,2009-08-25,NA,41.6,2009-09-23,NA
"1088015","TATLAYOKO+LAKE+RCS","08-26","ISI",2000,2026,5.20476190476191,3.80965565248044,12.5,2008-08-26,NA,41.6,2009-09-23,NA
"1088015","TATLAYOKO+LAKE+RCS","08-27","ISI",2000,2026,7.54285714285714,5.50414129802019,19.6,2015-08-27,NA,41.6,2009-09-23,NA
"1088015","TATLAYOKO+LAKE+RCS","08-28","ISI",2000,2026,7.59047619047619,6.96282304542524,24.1,2006-08-28,NA,41.6,2009-09-23,NA
"1088015","TATLAYOKO+LAKE+RCS","08-29","ISI",2000,2026,5.33333333333333,3.06142668266502,10,2014-08-29,NA,41.6,2009-09-23,NA
"1088015","TATLAYOKO+LAKE+RCS","08-30","ISI",2000,2026,6.37619047619047,5.42226011566254,19.1,2017-08-30,NA,41.6,2009-09-23,NA
"1088015","TATLAYOKO+LAKE+RCS","08-31","ISI",2000,2026,4.65238095238095,3.87409590067399,12.5,2018-08-31,NA,41.6,2009-09-23,NA
"1088015","TATLAYOKO+LAKE+RCS","09-01","ISI",2000,2026,4.44285714285714,3.4343225574444,13.3,2015-09-01,NA,41.6,2009-09-23,NA
"1088015","TATLAYOKO+LAKE+RCS","09-02","ISI",2000,2026,5.66666666666667,3.92954619941455,15.8,2022-09-02,NA,41.6,2009-09-23,NA
"1088015","TATLAYOKO+LAKE+RCS","09-03","ISI",2000,2026,4.44761904761905,4.28854509683868,15.9,2010-09-03,NA,41.6,2009-09-23,NA
"1088015","TATLAYOKO+LAKE+RCS","09-04","ISI",2000,2026,5.04285714285714,4.80172588019885,21.6,2011-09-04,NA,41.6,2009-09-23,NA
"1088015","TATLAYOKO+LAKE+RCS","09-05","ISI",2000,2026,5.36666666666667,5.20176252181252,24.6,2011-09-05,NA,41.6,2009-09-23,NA
"1088015","TATLAYOKO+LAKE+RCS","09-06","ISI",2000,2026,5.47142857142857,4.57986275527366,17.8,2011-09-06,NA,41.6,2009-09-23,NA
"1088015","TATLAYOKO+LAKE+RCS","09-07","ISI",2000,2026,5.13809523809524,3.14999622070824,14.6,2022-09-07,NA,41.6,2009-09-23,NA
"1088015","TATLAYOKO+LAKE+RCS","09-08","ISI",2000,2026,5.52380952380952,5.02771367143205,18.4,2006-09-08,NA,41.6,2009-09-23,NA
"1088015","TATLAYOKO+LAKE+RCS","09-09","ISI",2000,2026,5.17619047619048,2.86843245726734,12.1,2012-09-09,NA,41.6,2009-09-23,NA
"1088015","TATLAYOKO+LAKE+RCS","09-10","ISI",2000,2026,5.7952380952381,4.22356202635598,16.1,2017-09-10,NA,41.6,2009-09-23,NA
"1088015","TATLAYOKO+LAKE+RCS","09-11","ISI",2000,2026,5.20952380952381,3.08251597918077,11.4,2017-09-11,NA,41.6,2009-09-23,NA
"1088015","TATLAYOKO+LAKE+RCS","09-12","ISI",2000,2026,5.87619047619048,4.17587173676405,19.8,2009-09-12,NA,41.6,2009-09-23,NA
"1088015","TATLAYOKO+LAKE+RCS","09-13","ISI",2000,2026,4.34285714285714,2.95779840904877,9.9,2009-09-13,NA,41.6,2009-09-23,NA
"1088015","TATLAYOKO+LAKE+RCS","09-14","ISI",2000,2026,4.14285714285714,2.87846685382539,9.7,2013-09-14,NA,41.6,2009-09-23,NA
"1088015","TATLAYOKO+LAKE+RCS","09-15","ISI",2000,2026,4.92857142857143,4.03635266758776,41.1,2023-09-15,NA,41.6,2009-09-23,NA
"1088015","TATLAYOKO+LAKE+RCS","09-16","ISI",2000,2026,4.38,3.75508076863166,22.6,2023-09-16,NA,41.6,2009-09-23,NA
"1088015","TATLAYOKO+LAKE+RCS","09-17","ISI",2000,2026,4.3,3.20889389042393,26.1,2023-09-17,NA,41.6,2009-09-23,NA
"1088015","TATLAYOKO+LAKE+RCS","09-18","ISI",2000,2026,4.29047619047619,3.87090490220372,15.8,2005-09-18,NA,41.6,2009-09-23,NA
"1088015","TATLAYOKO+LAKE+RCS","09-19","ISI",2000,2026,3.91904761904762,4.04136351342205,13.3,2014-09-19,NA,41.6,2009-09-23,NA
"1088015","TATLAYOKO+LAKE+RCS","09-20","ISI",2000,2026,3.62857142857143,3.33438792841248,9.1,2005-09-20,NA,41.6,2009-09-23,NA
"1088015","TATLAYOKO+LAKE+RCS","09-21","ISI",2000,2026,5.48095238095238,6.71659281538036,22.9,2011-09-21,NA,41.6,2009-09-23,NA
"1088015","TATLAYOKO+LAKE+RCS","09-22","ISI",2000,2026,2.92,2.01379453297814,13.5,2023-09-22,NA,41.6,2009-09-23,NA
"1088015","TATLAYOKO+LAKE+RCS","09-23","ISI",2000,2026,5.97142857142857,8.62305878775872,41.6,2009-09-23,NA,41.6,2009-09-23,NA
"1088015","TATLAYOKO+LAKE+RCS","09-24","ISI",2000,2026,5.19047619047619,3.91776782899456,23,2024-09-24,NA,41.6,2009-09-23,NA
"1088015","TATLAYOKO+LAKE+RCS","09-25","ISI",2000,2026,3.75238095238095,3.67309393394983,13.9,2009-09-25,NA,41.6,2009-09-23,NA
"1088015","TATLAYOKO+LAKE+RCS","09-26","ISI",2000,2026,4.12380952380952,5.13370283147601,22.1,2009-09-26,NA,41.6,2009-09-23,NA
"1088015","TATLAYOKO+LAKE+RCS","09-27","ISI",2000,2026,3.51428571428571,2.93023646047306,9.1,2008-09-27,NA,41.6,2009-09-23,NA
"1088015","TATLAYOKO+LAKE+RCS","09-28","ISI",2000,2026,3.92857142857143,2.94298196683956,11.6,2013-09-28,NA,41.6,2009-09-23,NA
"1088015","TATLAYOKO+LAKE+RCS","09-29","ISI",2000,2026,3.295,2.02886408457644,8.3,2017-09-29,NA,41.6,2009-09-23,NA
"1088015","TATLAYOKO+LAKE+RCS","09-30","ISI",2000,2026,2.94,1.73369092127931,5.9,2008-09-30,NA,41.6,2009-09-23,NA
"1088015","TATLAYOKO+LAKE+RCS","10-01","ISI",2000,2026,4.15263157894737,2.95416249102716,12.9,2012-10-01,NA,41.6,2009-09-23,NA
"1088015","TATLAYOKO+LAKE+RCS","10-02","ISI",2000,2026,3.81111111111111,2.55524578969453,9.7,2024-10-02,NA,41.6,2009-09-23,NA
"1088015","TATLAYOKO+LAKE+RCS","10-03","ISI",2000,2026,3.95,3.302232099975,15,2014-10-03,NA,41.6,2009-09-23,NA
"1088015","TATLAYOKO+LAKE+RCS","10-04","ISI",2000,2026,3.53333333333333,2.69524272252674,10.4,2013-10-04,NA,41.6,2009-09-23,NA
"1088015","TATLAYOKO+LAKE+RCS","10-05","ISI",2000,2026,3.64285714285714,2.35872241448023,9,2024-10-05,NA,41.6,2009-09-23,NA
"1088015","TATLAYOKO+LAKE+RCS","10-06","ISI",2000,2026,4.41,3.33117649518984,14.6,2017-10-06,NA,41.6,2009-09-23,NA
"1088015","TATLAYOKO+LAKE+RCS","10-07","ISI",2000,2026,4.45714285714286,5.07765412652058,21.9,2010-10-07,NA,41.6,2009-09-23,NA
"1088015","TATLAYOKO+LAKE+RCS","10-08","ISI",2000,2026,2.905,2.41387982084313,11.6,2023-10-08,NA,41.6,2009-09-23,NA
"1088015","TATLAYOKO+LAKE+RCS","10-09","ISI",2000,2026,3.435,4.02600428791572,17.8,2013-10-09,NA,41.6,2009-09-23,NA
"1088015","TATLAYOKO+LAKE+RCS","10-10","ISI",2000,2026,2.87142857142857,3.02739869477789,14.3,2022-10-10,NA,41.6,2009-09-23,NA
"1088015","TATLAYOKO+LAKE+RCS","10-11","ISI",2000,2026,2.83157894736842,2.42534135777923,9.5,2014-10-11,NA,41.6,2009-09-23,NA
"1088015","TATLAYOKO+LAKE+RCS","10-12","ISI",2000,2026,3.43157894736842,2.37207190999742,7.8,2011-10-12,NA,41.6,2009-09-23,NA
"1088015","TATLAYOKO+LAKE+RCS","10-13","ISI",2000,2026,2.95263157894737,2.26553119134285,15.9,2024-10-13,NA,41.6,2009-09-23,NA
"1088015","TATLAYOKO+LAKE+RCS","10-14","ISI",2000,2026,2.34,2.60917409800193,10.6,2006-10-14,NA,41.6,2009-09-23,NA
"1088015","TATLAYOKO+LAKE+RCS","10-15","ISI",2000,2026,2.84285714285714,2.51943871300165,12.2,2021-10-15,NA,41.6,2009-09-23,NA
"1088015","TATLAYOKO+LAKE+RCS","10-16","ISI",2000,2026,2.23,2.50685376308106,9.1,2007-10-16,NA,41.6,2009-09-23,NA
"1088015","TATLAYOKO+LAKE+RCS","10-17","ISI",2000,2026,2.12,2.64188927613714,8.3,2007-10-17,NA,41.6,2009-09-23,NA
"1088015","TATLAYOKO+LAKE+RCS","10-18","ISI",2000,2026,2.18421052631579,2.35307438563414,12,2025-10-18,NA,41.6,2009-09-23,NA
"1088015","TATLAYOKO+LAKE+RCS","10-19","ISI",2000,2026,2.79473684210526,2.48584295655988,8.3,2010-10-19,NA,41.6,2009-09-23,NA
"1088015","TATLAYOKO+LAKE+RCS","10-20","ISI",2000,2026,1.84210526315789,1.72765601947767,5.7,2010-10-20,NA,41.6,2009-09-23,NA
"1088015","TATLAYOKO+LAKE+RCS","10-21","ISI",2000,2026,3.05,3.38773740214355,14.1,2007-10-21,NA,41.6,2009-09-23,NA
"1088015","TATLAYOKO+LAKE+RCS","10-22","ISI",2000,2026,4.73157894736842,5.23440038289211,20.9,2008-10-22,NA,41.6,2009-09-23,NA
"1088015","TATLAYOKO+LAKE+RCS","10-23","ISI",2000,2026,2.33888888888889,2.00855197735872,7.4,2011-10-23,NA,41.6,2009-09-23,NA
"1088015","TATLAYOKO+LAKE+RCS","10-24","ISI",2000,2026,2.73529411764706,2.06638004021241,8,2018-10-24,NA,41.6,2009-09-23,NA
"1088015","TATLAYOKO+LAKE+RCS","10-25","ISI",2000,2026,3.58333333333333,3.94778418863038,18,2006-10-25,NA,41.6,2009-09-23,NA
"1088015","TATLAYOKO+LAKE+RCS","10-26","ISI",2000,2026,2.02222222222222,1.67737734909049,6.2,2011-10-26,NA,41.6,2009-09-23,NA
"1088015","TATLAYOKO+LAKE+RCS","10-27","ISI",2000,2026,1.975,1.23207142650092,4.7,2011-10-27,NA,41.6,2009-09-23,NA
"1088015","TATLAYOKO+LAKE+RCS","10-28","ISI",2000,2026,2.61666666666667,1.96805368171644,6.5,2008-10-28,NA,41.6,2009-09-23,NA
"1088015","TATLAYOKO+LAKE+RCS","10-29","ISI",2000,2026,2.80526315789474,2.5971081533571,9.2,2001-10-29,NA,41.6,2009-09-23,NA
"1088015","TATLAYOKO+LAKE+RCS","10-30","ISI",2000,2026,3.25,4.57734189497894,20.1,2009-10-30,NA,41.6,2009-09-23,NA
"1088015","TATLAYOKO+LAKE+RCS","10-31","ISI",2000,2026,2.2125,2.14844905299924,7.3,2010-10-31,NA,41.6,2009-09-23,NA
