"AES","NAME","MD","variable","por_start","por_end","clim_mean","clim_sd","clim_max","clim_max_date","value","rec_all_val","rec_all_date","value_record"
"1148705","WARFIELD+RCS","04-01","BUI",2001,2026,7.6125,5.82002393220411,17.7,2013-04-01,NA,358.9,2021-08-07,NA
"1148705","WARFIELD+RCS","04-02","BUI",2001,2026,8.95,6.22139166792401,20,2013-04-02,NA,358.9,2021-08-07,NA
"1148705","WARFIELD+RCS","04-03","BUI",2001,2026,9.8,6.23878994677654,22,2013-04-03,NA,358.9,2021-08-07,NA
"1148705","WARFIELD+RCS","04-04","BUI",2001,2026,10.35,6.36121057661197,23,2013-04-04,NA,358.9,2021-08-07,NA
"1148705","WARFIELD+RCS","04-05","BUI",2001,2026,9.8,4.90204039151046,17.7,2004-04-05,NA,358.9,2021-08-07,NA
"1148705","WARFIELD+RCS","04-06","BUI",2001,2026,9.90833333333333,6.10520766281218,21.5,2004-04-06,8.5,358.9,2021-08-07,NA
"1148705","WARFIELD+RCS","04-07","BUI",2001,2026,10.4692307692308,7.61362644817223,25.1,2004-04-07,10.7,358.9,2021-08-07,NA
"1148705","WARFIELD+RCS","04-08","BUI",2001,2026,11.8307692307692,9.26565203816265,29.1,2004-04-08,13,358.9,2021-08-07,NA
"1148705","WARFIELD+RCS","04-09","BUI",2001,2026,12.6307692307692,9.12710109284292,33,2004-04-09,15.6,358.9,2021-08-07,NA
"1148705","WARFIELD+RCS","04-10","BUI",2001,2026,13.1307692307692,9.74118273238117,36.6,2004-04-10,18.2,358.9,2021-08-07,NA
"1148705","WARFIELD+RCS","04-11","BUI",2001,2026,14,10.4352951379146,41,2004-04-11,18.7,358.9,2021-08-07,NA
"1148705","WARFIELD+RCS","04-12","BUI",2001,2026,14.6857142857143,11.8342954775749,45.5,2004-04-12,17.1,358.9,2021-08-07,NA
"1148705","WARFIELD+RCS","04-13","BUI",2001,2026,14.5357142857143,13.818583203724,49.8,2004-04-13,15.8,358.9,2021-08-07,NA
"1148705","WARFIELD+RCS","04-14","BUI",2001,2026,14.2071428571429,14.6645813119552,51.8,2004-04-14,14.7,358.9,2021-08-07,NA
"1148705","WARFIELD+RCS","04-15","BUI",2001,2026,14.4571428571429,14.8261055774403,53.6,2004-04-15,8.1,358.9,2021-08-07,NA
"1148705","WARFIELD+RCS","04-16","BUI",2001,2026,14.2333333333333,12.4154665447501,42.6,2004-04-16,6.8,358.9,2021-08-07,NA
"1148705","WARFIELD+RCS","04-17","BUI",2001,2026,14.2133333333333,11.7024946465436,40.1,2004-04-17,8.7,358.9,2021-08-07,NA
"1148705","WARFIELD+RCS","04-18","BUI",2001,2026,14.06875,12.2085608624986,42,2004-04-18,10.9,358.9,2021-08-07,NA
"1148705","WARFIELD+RCS","04-19","BUI",2001,2026,15.92,12.2419769645266,44.4,2021-04-19,13.6,358.9,2021-08-07,NA
"1148705","WARFIELD+RCS","04-20","BUI",2001,2026,16.5611111111111,11.0397218043001,47.3,2021-04-20,16.5,358.9,2021-08-07,NA
"1148705","WARFIELD+RCS","04-21","BUI",2001,2026,19.2764705882353,11.3136825023821,50.5,2021-04-21,19.5,358.9,2021-08-07,NA
"1148705","WARFIELD+RCS","04-22","BUI",2001,2026,21.3470588235294,11.6410436413074,53.1,2021-04-22,20.5,358.9,2021-08-07,NA
"1148705","WARFIELD+RCS","04-23","BUI",2001,2026,21.1722222222222,10.4507137699132,56.2,2021-04-23,23,358.9,2021-08-07,NA
"1148705","WARFIELD+RCS","04-24","BUI",2001,2026,21,8.20236246455861,56.6,2021-04-24,25.5,358.9,2021-08-07,NA
"1148705","WARFIELD+RCS","04-25","BUI",2001,2026,21.7764705882353,8.90817948655649,35.1,2025-04-25,27.7,358.9,2021-08-07,NA
"1148705","WARFIELD+RCS","04-26","BUI",2001,2026,23.3529411764706,10.6433733871749,38.8,2025-04-26,30,358.9,2021-08-07,NA
"1148705","WARFIELD+RCS","04-27","BUI",2001,2026,23.0833333333333,11.5340544373913,42.7,2025-04-27,32.2,358.9,2021-08-07,NA
"1148705","WARFIELD+RCS","04-28","BUI",2001,2026,24.8470588235294,12.3302533250061,46.3,2025-04-28,35,358.9,2021-08-07,NA
"1148705","WARFIELD+RCS","04-29","BUI",2001,2026,26.8647058823529,12.6003442996844,48.9,2025-04-29,39,358.9,2021-08-07,NA
"1148705","WARFIELD+RCS","04-30","BUI",2001,2026,28.6470588235294,12.9346974088621,52.2,2025-04-30,42.9,358.9,2021-08-07,NA
"1148705","WARFIELD+RCS","05-01","BUI",2001,2026,30.7777777777778,13.3411594678916,55.9,2025-05-01,47.1,358.9,2021-08-07,NA
"1148705","WARFIELD+RCS","05-02","BUI",2001,2026,31.1210526315789,14.8367628599955,60.3,2025-05-02,50.6,358.9,2021-08-07,NA
"1148705","WARFIELD+RCS","05-03","BUI",2001,2026,32.2736842105263,16.3082065948154,63.2,2002-05-03,54.7,358.9,2021-08-07,NA
"1148705","WARFIELD+RCS","05-04","BUI",2001,2026,34.3611111111111,17.8204819004257,65,2002-05-04,58.8,358.9,2021-08-07,NA
"1148705","WARFIELD+RCS","05-05","BUI",2001,2026,33.1947368421053,16.4013032573028,66.7,2004-05-05,63.2,358.9,2021-08-07,NA
"1148705","WARFIELD+RCS","05-06","BUI",2001,2026,33.4421052631579,17.8982095873511,70.2,2004-05-06,67.3,358.9,2021-08-07,NA
"1148705","WARFIELD+RCS","05-07","BUI",2001,2026,35.0947368421053,19.9882319179231,74.7,2004-05-07,71.5,358.9,2021-08-07,NA
"1148705","WARFIELD+RCS","05-08","BUI",2001,2026,36.7105263157895,20.7030028615508,76.1,2004-05-08,74.9,358.9,2021-08-07,NA
"1148705","WARFIELD+RCS","05-09","BUI",2001,2026,37.9736842105263,20.81030306003,78.7,2004-05-09,78.5,358.9,2021-08-07,NA
"1148705","WARFIELD+RCS","05-10","BUI",2001,2026,40.9578947368421,21.5072679134151,82.2,2004-05-10,81.8,358.9,2021-08-07,NA
"1148705","WARFIELD+RCS","05-11","BUI",2001,2026,42.8315789473684,22.1041487466237,85.7,2026-05-11,85.7,358.9,2021-08-07,NA
"1148705","WARFIELD+RCS","05-12","BUI",2001,2026,44.6263157894737,23.994231762962,89.6,2026-05-12,89.6,358.9,2021-08-07,NA
"1148705","WARFIELD+RCS","05-13","BUI",2001,2026,46.6157894736842,24.1850794949167,91.9,2026-05-13,91.9,358.9,2021-08-07,NA
"1148705","WARFIELD+RCS","05-14","BUI",2001,2026,46.6210526315789,23.6767954604261,88.2,2004-05-14,62.8,358.9,2021-08-07,NA
"1148705","WARFIELD+RCS","05-15","BUI",2001,2026,47.7105263157895,22.9111058644018,92.4,2004-05-15,64.5,358.9,2021-08-07,NA
"1148705","WARFIELD+RCS","05-16","BUI",2001,2026,47.5736842105263,25.8747590886319,97,2004-05-16,53,358.9,2021-08-07,NA
"1148705","WARFIELD+RCS","05-17","BUI",2001,2026,48.2894736842105,26.2394083337945,100.2,2004-05-17,55.6,358.9,2021-08-07,NA
"1148705","WARFIELD+RCS","05-18","BUI",2001,2026,46.8842105263158,27.9620628542375,105.2,2004-05-18,57.5,358.9,2021-08-07,NA
"1148705","WARFIELD+RCS","05-19","BUI",2001,2026,44.8684210526316,26.2609353440847,109,2004-05-19,60.4,358.9,2021-08-07,NA
"1148705","WARFIELD+RCS","05-20","BUI",2001,2026,44.6105263157895,27.4112688655362,113.4,2004-05-20,64,358.9,2021-08-07,NA
"1148705","WARFIELD+RCS","05-21","BUI",2001,2026,43.0210526315789,27.8361591169824,116.3,2004-05-21,67.8,358.9,2021-08-07,NA
"1148705","WARFIELD+RCS","05-22","BUI",2001,2026,36.678947368421,20.9247482116105,102.4,2021-05-22,71,358.9,2021-08-07,NA
"1148705","WARFIELD+RCS","05-23","BUI",2001,2026,35.7157894736842,20.7842692427041,104.1,2021-05-23,75,358.9,2021-08-07,NA
"1148705","WARFIELD+RCS","05-24","BUI",2001,2026,37.3157894736842,21.8871667918769,105.7,2021-05-24,79.1,358.9,2021-08-07,NA
"1148705","WARFIELD+RCS","05-25","BUI",2001,2026,36.421052631579,19.5253561341078,108,2021-05-25,83.4,358.9,2021-08-07,NA
"1148705","WARFIELD+RCS","05-26","BUI",2001,2026,35.3105263157895,21.2617782975524,110,2021-05-26,54.4,358.9,2021-08-07,NA
"1148705","WARFIELD+RCS","05-27","BUI",2001,2026,35.6684210526316,20.1291400884825,112.4,2021-05-27,52.7,358.9,2021-08-07,NA
"1148705","WARFIELD+RCS","05-28","BUI",2001,2026,35.6315789473684,21.4765001450314,87.9,2021-05-28,57.4,358.9,2021-08-07,NA
"1148705","WARFIELD+RCS","05-29","BUI",2001,2026,37.6105263157895,19.5398139061092,91.1,2021-05-29,42.5,358.9,2021-08-07,NA
"1148705","WARFIELD+RCS","05-30","BUI",2001,2026,40.6684210526316,20.2660650303128,95.2,2021-05-30,25.1,358.9,2021-08-07,NA
"1148705","WARFIELD+RCS","05-31","BUI",2001,2026,40.7736842105263,20.3938673272482,99.2,2021-05-31,27.8,358.9,2021-08-07,NA
"1148705","WARFIELD+RCS","06-01","BUI",2001,2026,40.6894736842105,18.942306991284,104,2021-06-01,29.9,358.9,2021-08-07,NA
"1148705","WARFIELD+RCS","06-02","BUI",2001,2026,38.0157894736842,19.7007406278685,110.4,2021-06-02,35.2,358.9,2021-08-07,NA
"1148705","WARFIELD+RCS","06-03","BUI",2001,2026,40.1947368421053,21.6051298868324,117.2,2021-06-03,37.8,358.9,2021-08-07,NA
"1148705","WARFIELD+RCS","06-04","BUI",2001,2026,41.8684210526316,23.7275286120381,122.7,2021-06-04,40.2,358.9,2021-08-07,NA
"1148705","WARFIELD+RCS","06-05","BUI",2001,2026,41.6315789473684,24.2276254770729,112.4,2021-06-05,45.3,358.9,2021-08-07,NA
"1148705","WARFIELD+RCS","06-06","BUI",2001,2026,40.5578947368421,26.053264154409,89.5,2009-06-06,49.4,358.9,2021-08-07,NA
"1148705","WARFIELD+RCS","06-07","BUI",2001,2026,42.8526315789474,27.9524470886828,92.8,2009-06-07,51.7,358.9,2021-08-07,NA
"1148705","WARFIELD+RCS","06-08","BUI",2001,2026,41.8105263157895,28.7614691082211,95.2,2009-06-08,55.8,358.9,2021-08-07,NA
"1148705","WARFIELD+RCS","06-09","BUI",2001,2026,42.1315789473684,28.8546174358355,96.7,2009-06-09,24.8,358.9,2021-08-07,NA
"1148705","WARFIELD+RCS","06-10","BUI",2001,2026,41.5315789473684,27.6189961325248,100.8,2009-06-10,16,358.9,2021-08-07,NA
"1148705","WARFIELD+RCS","06-11","BUI",2001,2026,40.3473684210526,27.5567367932065,105.3,2009-06-11,21.1,358.9,2021-08-07,NA
"1148705","WARFIELD+RCS","06-12","BUI",2001,2026,44.9722222222222,28.6095994904951,111.1,2009-06-12,27.2,358.9,2021-08-07,NA
"1148705","WARFIELD+RCS","06-13","BUI",2001,2026,44.4947368421053,29.9452180134215,116.1,2009-06-13,33.7,358.9,2021-08-07,NA
"1148705","WARFIELD+RCS","06-14","BUI",2001,2026,46.0210526315789,30.2196510559192,120.7,2009-06-14,39.8,358.9,2021-08-07,NA
"1148705","WARFIELD+RCS","06-15","BUI",2001,2026,45.7578947368421,28.5260760979119,101.4,2025-06-15,45.5,358.9,2021-08-07,NA
"1148705","WARFIELD+RCS","06-16","BUI",2001,2026,44.9473684210526,27.4978659459047,106.6,2025-06-16,52.9,358.9,2021-08-07,NA
"1148705","WARFIELD+RCS","06-17","BUI",2001,2026,46.3578947368421,30.6535355182087,111.1,2025-06-17,58.1,358.9,2021-08-07,NA
"1148705","WARFIELD+RCS","06-18","BUI",2001,2026,46.9526315789474,30.048319761142,115.6,2025-06-18,63.7,358.9,2021-08-07,NA
"1148705","WARFIELD+RCS","06-19","BUI",2001,2026,46.6578947368421,30.1170737067028,119.7,2025-06-19,69.2,358.9,2021-08-07,NA
"1148705","WARFIELD+RCS","06-20","BUI",2001,2026,47.6368421052632,30.6532073820509,122.8,2025-06-20,75.1,358.9,2021-08-07,NA
"1148705","WARFIELD+RCS","06-21","BUI",2001,2026,49.4157894736842,29.2942971916586,124.2,2025-06-21,80.2,358.9,2021-08-07,NA
"1148705","WARFIELD+RCS","06-22","BUI",2001,2026,51.1052631578947,28.8391414898458,117.1,2019-06-22,85.4,358.9,2021-08-07,NA
"1148705","WARFIELD+RCS","06-23","BUI",2001,2026,50.7421052631579,27.9963155470595,109.3,2021-06-23,90.6,358.9,2021-08-07,NA
"1148705","WARFIELD+RCS","06-24","BUI",2001,2026,48.8052631578947,29.0987871775557,115,2021-06-24,95.7,358.9,2021-08-07,NA
"1148705","WARFIELD+RCS","06-25","BUI",2001,2026,48.3,30.048923071847,120.8,2021-06-25,101.1,358.9,2021-08-07,NA
"1148705","WARFIELD+RCS","06-26","BUI",2001,2026,53.0421052631579,30.7677918860593,126.8,2021-06-26,85.5,358.9,2021-08-07,NA
"1148705","WARFIELD+RCS","06-27","BUI",2001,2026,55.7789473684211,32.1369911290776,133.2,2021-06-27,47.5,358.9,2021-08-07,NA
"1148705","WARFIELD+RCS","06-28","BUI",2001,2026,54.9,35.352421193046,139.9,2021-06-28,40.2,358.9,2021-08-07,NA
"1148705","WARFIELD+RCS","06-29","BUI",2001,2026,57.07,36.3676707211805,146.3,2021-06-29,35.9,358.9,2021-08-07,NA
"1148705","WARFIELD+RCS","06-30","BUI",2001,2026,59.95,37.3784556578843,153.5,2021-06-30,33.5,358.9,2021-08-07,NA
"1148705","WARFIELD+RCS","07-01","BUI",2001,2026,64.425,37.8414681338649,160.2,2021-07-01,28.5,358.9,2021-08-07,NA
"1148705","WARFIELD+RCS","07-02","BUI",2001,2026,67.115,39.7204080516486,165.9,2021-07-02,34.4,358.9,2021-08-07,NA
"1148705","WARFIELD+RCS","07-03","BUI",2001,2026,70.445,41.5382445844537,171.3,2021-07-03,40.7,358.9,2021-08-07,NA
"1148705","WARFIELD+RCS","07-04","BUI",2001,2026,75.385,41.8028867676057,176.7,2021-07-04,48.3,358.9,2021-08-07,NA
"1148705","WARFIELD+RCS","07-05","BUI",2001,2026,79.845,42.7328971636607,182.5,2021-07-05,54.6,358.9,2021-08-07,NA
"1148705","WARFIELD+RCS","07-06","BUI",2001,2026,80.69,42.758451303745,187.3,2021-07-06,61.1,358.9,2021-08-07,NA
"1148705","WARFIELD+RCS","07-07","BUI",2001,2026,82.88,44.0375270590173,190.2,2021-07-07,69,358.9,2021-08-07,NA
"1148705","WARFIELD+RCS","07-08","BUI",2001,2026,84.42,47.3838591216794,194.6,2021-07-08,76.3,358.9,2021-08-07,NA
"1148705","WARFIELD+RCS","07-09","BUI",2001,2026,88.41,48.8244535367053,199.9,2021-07-09,82.8,358.9,2021-08-07,NA
"1148705","WARFIELD+RCS","07-10","BUI",2001,2026,91.335,50.2835044103876,206.1,2021-07-10,89.1,358.9,2021-08-07,NA
"1148705","WARFIELD+RCS","07-11","BUI",2001,2026,93.07,48.4032197711116,211.9,2021-07-11,94.9,358.9,2021-08-07,NA
"1148705","WARFIELD+RCS","07-12","BUI",2001,2026,96.985,49.7103534169906,217.3,2021-07-12,100.4,358.9,2021-08-07,NA
"1148705","WARFIELD+RCS","07-13","BUI",2001,2026,96.81,52.5835865926562,222.6,2021-07-13,106.4,358.9,2021-08-07,NA
"1148705","WARFIELD+RCS","07-14","BUI",2001,2026,96.13,48.4406430049895,228.2,2021-07-14,109.9,358.9,2021-08-07,NA
"1148705","WARFIELD+RCS","07-15","BUI",2001,2026,99.375,50.7623759864476,235.2,2021-07-15,115.8,358.9,2021-08-07,NA
"1148705","WARFIELD+RCS","07-16","BUI",2001,2026,102.94,51.4065979791454,241.7,2021-07-16,121.3,358.9,2021-08-07,NA
"1148705","WARFIELD+RCS","07-17","BUI",2001,2026,105.285,52.9185200393765,247.6,2021-07-17,125.5,358.9,2021-08-07,NA
"1148705","WARFIELD+RCS","07-18","BUI",2001,2026,109.415,54.1222133110261,254,2021-07-18,131.4,358.9,2021-08-07,NA
"1148705","WARFIELD+RCS","07-19","BUI",2001,2026,107.615,47.1819242261717,261.2,2021-07-19,136.6,358.9,2021-08-07,NA
"1148705","WARFIELD+RCS","07-20","BUI",2001,2026,109.15,45.4388368550169,268,2021-07-20,141.5,358.9,2021-08-07,NA
"1148705","WARFIELD+RCS","07-21","BUI",2001,2026,112.75,46.2709013937428,273.4,2021-07-21,146.9,358.9,2021-08-07,NA
"1148705","WARFIELD+RCS","07-22","BUI",2001,2026,114.715,49.1524617898229,279.3,2021-07-22,152.4,358.9,2021-08-07,NA
"1148705","WARFIELD+RCS","07-23","BUI",2001,2026,114.7,48.8064598830502,285.4,2021-07-23,156.7,358.9,2021-08-07,NA
"1148705","WARFIELD+RCS","07-24","BUI",2001,2026,111.08,51.5997409214222,290.7,2021-07-24,161.7,358.9,2021-08-07,NA
"1148705","WARFIELD+RCS","07-25","BUI",2001,2026,114.94,52.6980015600312,296,2021-07-25,167.1,358.9,2021-08-07,NA
"1148705","WARFIELD+RCS","07-26","BUI",2001,2026,115.09,53.1838707247146,301.6,2021-07-26,171.7,358.9,2021-08-07,NA
"1148705","WARFIELD+RCS","07-27","BUI",2001,2026,116.7,56.7545685617605,306.7,2021-07-27,176.6,358.9,2021-08-07,NA
"1148705","WARFIELD+RCS","07-28","BUI",2001,2026,120.02,58.3368313738143,313.8,2021-07-28,181.6,358.9,2021-08-07,NA
"1148705","WARFIELD+RCS","07-29","BUI",2001,2026,124.9,59.0799191105173,319.4,2021-07-29,186.3,358.9,2021-08-07,NA
"1148705","WARFIELD+RCS","07-30","BUI",2001,2026,129.625,58.9918627305585,325,2021-07-30,191.5,358.9,2021-08-07,NA
"1148705","WARFIELD+RCS","07-31","BUI",2001,2026,134.95,58.7391333735329,330.4,2021-07-31,196.5,358.9,2021-08-07,NA
"1148705","WARFIELD+RCS","08-01","BUI",2001,2026,139.78,58.5040493425343,333.9,2021-08-01,201.5,358.9,2021-08-07,NA
"1148705","WARFIELD+RCS","08-02","BUI",2001,2026,140.03,58.5932194747912,336.8,2021-08-02,205,358.9,2021-08-07,NA
"1148705","WARFIELD+RCS","08-03","BUI",2001,2026,143.635,59.1026606846088,341,2021-08-03,208.7,358.9,2021-08-07,NA
"1148705","WARFIELD+RCS","08-04","BUI",2001,2026,143.55,61.0354814841335,346,2021-08-04,213.2,358.9,2021-08-07,NA
"1148705","WARFIELD+RCS","08-05","BUI",2001,2026,144.225,64.7416068528943,350.4,2021-08-05,217.7,358.9,2021-08-07,NA
"1148705","WARFIELD+RCS","08-06","BUI",2001,2026,145.855,66.9271440094612,355.5,2021-08-06,221.3,358.9,2021-08-07,NA
"1148705","WARFIELD+RCS","08-07","BUI",2001,2026,138.905,57.8113490497097,358.9,2021-08-07,225.3,358.9,2021-08-07,NA
"1148705","WARFIELD+RCS","08-08","BUI",2001,2026,140.785,56.5599660816544,263,2023-08-08,NA,358.9,2021-08-07,NA
"1148705","WARFIELD+RCS","08-09","BUI",2001,2026,143.355,57.6064275927609,265.6,2023-08-09,NA,358.9,2021-08-07,NA
"1148705","WARFIELD+RCS","08-10","BUI",2001,2026,142.755,60.1457131954512,267.9,2023-08-10,NA,358.9,2021-08-07,NA
"1148705","WARFIELD+RCS","08-11","BUI",2001,2026,143.2,62.9553057836731,272.1,2023-08-11,NA,358.9,2021-08-07,NA
"1148705","WARFIELD+RCS","08-12","BUI",2001,2026,145.795,65.2439912538836,276.3,2023-08-12,NA,358.9,2021-08-07,NA
"1148705","WARFIELD+RCS","08-13","BUI",2001,2026,143.38,60.951806674143,281,2023-08-13,NA,358.9,2021-08-07,NA
"1148705","WARFIELD+RCS","08-14","BUI",2001,2026,142.25,62.3663497324268,285.8,2023-08-14,NA,358.9,2021-08-07,NA
"1148705","WARFIELD+RCS","08-15","BUI",2001,2026,143.85,65.1781728075152,290.9,2023-08-15,NA,358.9,2021-08-07,NA
"1148705","WARFIELD+RCS","08-16","BUI",2001,2026,145.985,61.9432700987469,295.4,2023-08-16,NA,358.9,2021-08-07,NA
"1148705","WARFIELD+RCS","08-17","BUI",2001,2026,147.425,60.7000379346105,299.8,2023-08-17,NA,358.9,2021-08-07,NA
"1148705","WARFIELD+RCS","08-18","BUI",2001,2026,150.84,61.2744765272149,304.6,2023-08-18,NA,358.9,2021-08-07,NA
"1148705","WARFIELD+RCS","08-19","BUI",2001,2026,151.5,60.5514744051008,307.6,2023-08-19,NA,358.9,2021-08-07,NA
"1148705","WARFIELD+RCS","08-20","BUI",2001,2026,148.315,62.7150974436652,311,2023-08-20,NA,358.9,2021-08-07,NA
"1148705","WARFIELD+RCS","08-21","BUI",2001,2026,150.77,65.7678060740167,314.2,2023-08-21,NA,358.9,2021-08-07,NA
"1148705","WARFIELD+RCS","08-22","BUI",2001,2026,149.835,70.1736888389314,271.4,2018-08-22,NA,358.9,2021-08-07,NA
"1148705","WARFIELD+RCS","08-23","BUI",2001,2026,147.69,70.4856902237312,274.6,2018-08-23,NA,358.9,2021-08-07,NA
"1148705","WARFIELD+RCS","08-24","BUI",2001,2026,149.975,72.7152548608178,277.7,2018-08-24,NA,358.9,2021-08-07,NA
"1148705","WARFIELD+RCS","08-25","BUI",2001,2026,153.315,73.9945963532046,280,2018-08-25,NA,358.9,2021-08-07,NA
"1148705","WARFIELD+RCS","08-26","BUI",2001,2026,154.86,76.5298249394519,282.3,2018-08-26,NA,358.9,2021-08-07,NA
"1148705","WARFIELD+RCS","08-27","BUI",2001,2026,151.165,71.4633382268581,283.7,2006-08-27,NA,358.9,2021-08-07,NA
"1148705","WARFIELD+RCS","08-28","BUI",2001,2026,155.36,71.4470315393822,288.8,2006-08-28,NA,358.9,2021-08-07,NA
"1148705","WARFIELD+RCS","08-29","BUI",2001,2026,159.595,71.299660256074,293.9,2006-08-29,NA,358.9,2021-08-07,NA
"1148705","WARFIELD+RCS","08-30","BUI",2001,2026,156.68,68.7846341470015,294.8,2006-08-30,NA,358.9,2021-08-07,NA
"1148705","WARFIELD+RCS","08-31","BUI",2001,2026,155.28,71.5339492460527,297.4,2006-08-31,NA,358.9,2021-08-07,NA
"1148705","WARFIELD+RCS","09-01","BUI",2001,2026,153.035,76.6632710727826,300.7,2006-09-01,NA,358.9,2021-08-07,NA
"1148705","WARFIELD+RCS","09-02","BUI",2001,2026,153.96,79.6264132321086,304.4,2006-09-02,NA,358.9,2021-08-07,NA
"1148705","WARFIELD+RCS","09-03","BUI",2001,2026,150.35,78.9750960080055,307.9,2006-09-03,NA,358.9,2021-08-07,NA
"1148705","WARFIELD+RCS","09-04","BUI",2001,2026,153.855,79.1688167944398,311.9,2006-09-04,NA,358.9,2021-08-07,NA
"1148705","WARFIELD+RCS","09-05","BUI",2001,2026,157.345,79.4299789288124,316,2006-09-05,NA,358.9,2021-08-07,NA
"1148705","WARFIELD+RCS","09-06","BUI",2001,2026,152,79.3548658674571,319.8,2006-09-06,NA,358.9,2021-08-07,NA
"1148705","WARFIELD+RCS","09-07","BUI",2001,2026,147.175,82.6732240431218,323.3,2006-09-07,NA,358.9,2021-08-07,NA
"1148705","WARFIELD+RCS","09-08","BUI",2001,2026,138.67,78.7582450153299,327,2006-09-08,NA,358.9,2021-08-07,NA
"1148705","WARFIELD+RCS","09-09","BUI",2001,2026,134.765,81.8510024695065,330.4,2006-09-09,NA,358.9,2021-08-07,NA
"1148705","WARFIELD+RCS","09-10","BUI",2001,2026,134.075,82.1807114967087,333.5,2006-09-10,NA,358.9,2021-08-07,NA
"1148705","WARFIELD+RCS","09-11","BUI",2001,2026,133.625,84.5678231393378,337.1,2006-09-11,NA,358.9,2021-08-07,NA
"1148705","WARFIELD+RCS","09-12","BUI",2001,2026,131.433333333333,86.8295693738433,340.7,2006-09-12,NA,358.9,2021-08-07,NA
"1148705","WARFIELD+RCS","09-13","BUI",2001,2026,136.726315789474,87.0579426595699,343.8,2006-09-13,NA,358.9,2021-08-07,NA
"1148705","WARFIELD+RCS","09-14","BUI",2001,2026,124.994736842105,73.7554026170604,301.4,2017-09-14,NA,358.9,2021-08-07,NA
"1148705","WARFIELD+RCS","09-15","BUI",2001,2026,119.783333333333,73.0173730334492,303.8,2017-09-15,NA,358.9,2021-08-07,NA
"1148705","WARFIELD+RCS","09-16","BUI",2001,2026,126.094736842105,79.2396609006445,306.6,2017-09-16,NA,358.9,2021-08-07,NA
"1148705","WARFIELD+RCS","09-17","BUI",2001,2026,107.188888888889,77.3040740794497,309.2,2017-09-17,NA,358.9,2021-08-07,NA
"1148705","WARFIELD+RCS","09-18","BUI",2001,2026,108.938888888889,78.0977904250885,311.5,2017-09-18,NA,358.9,2021-08-07,NA
"1148705","WARFIELD+RCS","09-19","BUI",2001,2026,112.005263157895,82.801271284418,312.4,2017-09-19,NA,358.9,2021-08-07,NA
"1148705","WARFIELD+RCS","09-20","BUI",2001,2026,97.8444444444445,61.2102281170704,235.7,2011-09-20,NA,358.9,2021-08-07,NA
"1148705","WARFIELD+RCS","09-21","BUI",2001,2026,91.1388888888889,59.0607577379021,238.2,2011-09-21,NA,358.9,2021-08-07,NA
"1148705","WARFIELD+RCS","09-22","BUI",2001,2026,101.394736842105,68.9269377568597,255.2,2020-09-22,NA,358.9,2021-08-07,NA
"1148705","WARFIELD+RCS","09-23","BUI",2001,2026,102.284210526316,70.6416013971457,256.4,2020-09-23,NA,358.9,2021-08-07,NA
"1148705","WARFIELD+RCS","09-24","BUI",2001,2026,92.8588235294118,64.3128297739216,247.1,2011-09-24,NA,358.9,2021-08-07,NA
"1148705","WARFIELD+RCS","09-25","BUI",2001,2026,93.0736842105263,62.0834191686678,250,2011-09-25,NA,358.9,2021-08-07,NA
"1148705","WARFIELD+RCS","09-26","BUI",2001,2026,91.3294117647059,60.9704309963637,250.8,2011-09-26,NA,358.9,2021-08-07,NA
"1148705","WARFIELD+RCS","09-27","BUI",2001,2026,88.2210526315789,48.7988339904798,179.6,2011-09-27,NA,358.9,2021-08-07,NA
"1148705","WARFIELD+RCS","09-28","BUI",2001,2026,87.6444444444444,51.8776300223133,182,2011-09-28,NA,358.9,2021-08-07,NA
"1148705","WARFIELD+RCS","09-29","BUI",2001,2026,88.65,53.6997891331165,184.3,2011-09-29,NA,358.9,2021-08-07,NA
"1148705","WARFIELD+RCS","09-30","BUI",2001,2026,80.4555555555556,52.7932841341889,186.9,2011-09-30,NA,358.9,2021-08-07,NA
"1148705","WARFIELD+RCS","10-01","BUI",2001,2026,76.76875,48.3803640436903,167.7,2012-10-01,NA,358.9,2021-08-07,NA
"1148705","WARFIELD+RCS","10-02","BUI",2001,2026,74.6055555555555,48.4767436324122,169.5,2012-10-02,NA,358.9,2021-08-07,NA
"1148705","WARFIELD+RCS","10-03","BUI",2001,2026,81.5368421052631,54.4892569485676,192.9,2011-10-03,NA,358.9,2021-08-07,NA
"1148705","WARFIELD+RCS","10-04","BUI",2001,2026,80.0157894736842,51.9314533587615,172.9,2012-10-04,NA,358.9,2021-08-07,NA
"1148705","WARFIELD+RCS","10-05","BUI",2001,2026,78.6315789473684,50.6875291766632,174.5,2012-10-05,NA,358.9,2021-08-07,NA
"1148705","WARFIELD+RCS","10-06","BUI",2001,2026,78.5526315789474,50.2255509169614,176,2012-10-06,NA,358.9,2021-08-07,NA
"1148705","WARFIELD+RCS","10-07","BUI",2001,2026,78.8368421052632,50.8364612209946,177.8,2012-10-07,NA,358.9,2021-08-07,NA
"1148705","WARFIELD+RCS","10-08","BUI",2001,2026,79.9666666666667,52.4098778296386,179.2,2012-10-08,NA,358.9,2021-08-07,NA
"1148705","WARFIELD+RCS","10-09","BUI",2001,2026,78.1833333333333,54.2973322928268,180.9,2012-10-09,NA,358.9,2021-08-07,NA
"1148705","WARFIELD+RCS","10-10","BUI",2001,2026,76.2842105263158,54.8123694794634,182.7,2012-10-10,NA,358.9,2021-08-07,NA
"1148705","WARFIELD+RCS","10-11","BUI",2001,2026,72.4894736842105,55.019187509014,184.3,2012-10-11,NA,358.9,2021-08-07,NA
"1148705","WARFIELD+RCS","10-12","BUI",2001,2026,73.6388888888889,55.3242435836639,185.6,2012-10-12,NA,358.9,2021-08-07,NA
"1148705","WARFIELD+RCS","10-13","BUI",2001,2026,69.9473684210526,53.7443575169736,186.4,2012-10-13,NA,358.9,2021-08-07,NA
"1148705","WARFIELD+RCS","10-14","BUI",2001,2026,65.8315789473684,48.6711191186037,154.4,2006-10-14,NA,358.9,2021-08-07,NA
"1148705","WARFIELD+RCS","10-15","BUI",2001,2026,63.8210526315789,47.4244378980028,155.2,2006-10-15,NA,358.9,2021-08-07,NA
"1148705","WARFIELD+RCS","10-16","BUI",2001,2026,56.3388888888889,41.4121627329728,145.4,2015-10-16,NA,358.9,2021-08-07,NA
"1148705","WARFIELD+RCS","10-17","BUI",2001,2026,50.6368421052631,43.7126120946844,147.2,2015-10-17,NA,358.9,2021-08-07,NA
"1148705","WARFIELD+RCS","10-18","BUI",2001,2026,49.9473684210526,44.8153541201258,148.3,2015-10-18,NA,358.9,2021-08-07,NA
"1148705","WARFIELD+RCS","10-19","BUI",2001,2026,45.9315789473684,38.0265704275252,129,2002-10-19,NA,358.9,2021-08-07,NA
"1148705","WARFIELD+RCS","10-20","BUI",2001,2026,40.821052631579,36.8305817818014,130,2002-10-20,NA,358.9,2021-08-07,NA
"1148705","WARFIELD+RCS","10-21","BUI",2001,2026,38.3473684210526,38.5860563246629,130.7,2002-10-21,NA,358.9,2021-08-07,NA
"1148705","WARFIELD+RCS","10-22","BUI",2001,2026,35.0631578947368,39.6356490846633,132.6,2002-10-22,NA,358.9,2021-08-07,NA
"1148705","WARFIELD+RCS","10-23","BUI",2001,2026,30.5176470588235,40.2544444020489,133.7,2002-10-23,NA,358.9,2021-08-07,NA
"1148705","WARFIELD+RCS","10-24","BUI",2001,2026,29.8882352941176,40.6652321146846,134.7,2002-10-24,NA,358.9,2021-08-07,NA
"1148705","WARFIELD+RCS","10-25","BUI",2001,2026,32.7888888888889,41.7838821850904,135.7,2002-10-25,NA,358.9,2021-08-07,NA
"1148705","WARFIELD+RCS","10-26","BUI",2001,2026,29.4722222222222,38.331968006376,136.5,2002-10-26,NA,358.9,2021-08-07,NA
"1148705","WARFIELD+RCS","10-27","BUI",2001,2026,29.0388888888889,37.652187482565,136.7,2002-10-27,NA,358.9,2021-08-07,NA
"1148705","WARFIELD+RCS","10-28","BUI",2001,2026,27.0611111111111,36.0078608883065,122.4,2002-10-28,NA,358.9,2021-08-07,NA
"1148705","WARFIELD+RCS","10-29","BUI",2001,2026,21.3625,29.2478346776874,91.7,2015-10-29,NA,358.9,2021-08-07,NA
"1148705","WARFIELD+RCS","10-30","BUI",2001,2026,18.13125,20.4571330265672,69.6,2006-10-30,NA,358.9,2021-08-07,NA
"1148705","WARFIELD+RCS","10-31","BUI",2001,2026,16.48,19.9649764766775,69.8,2006-10-31,NA,358.9,2021-08-07,NA
"1148705","WARFIELD+RCS","04-01","DC",2001,2026,14.0875,8.71098444494077,29.8,2013-04-01,NA,1153.9,2003-09-07,NA
"1148705","WARFIELD+RCS","04-02","DC",2001,2026,16.7666666666667,8.66328459650265,34,2013-04-02,NA,1153.9,2003-09-07,NA
"1148705","WARFIELD+RCS","04-03","DC",2001,2026,49.49,96.204440299465,322.2,2004-04-03,NA,1153.9,2003-09-07,NA
"1148705","WARFIELD+RCS","04-04","DC",2001,2026,47.2818181818182,91.709495889813,322.2,2004-04-04,NA,1153.9,2003-09-07,NA
"1148705","WARFIELD+RCS","04-05","DC",2001,2026,70.2166666666667,116.684413801683,325.5,2004-04-05,NA,1153.9,2003-09-07,NA
"1148705","WARFIELD+RCS","04-06","DC",2001,2026,64.7153846153846,114.162091242772,329.5,2004-04-06,15,1153.9,2003-09-07,NA
"1148705","WARFIELD+RCS","04-07","DC",2001,2026,65.4,115.548871334456,333.2,2004-04-07,18.3,1153.9,2003-09-07,NA
"1148705","WARFIELD+RCS","04-08","DC",2001,2026,66.5769230769231,116.920116274932,337.2,2004-04-08,21.8,1153.9,2003-09-07,NA
"1148705","WARFIELD+RCS","04-09","DC",2001,2026,68.4076923076923,117.447729235452,341.2,2004-04-09,25.7,1153.9,2003-09-07,NA
"1148705","WARFIELD+RCS","04-10","DC",2001,2026,88.1642857142857,132.377726497049,345,2004-04-10,29.8,1153.9,2003-09-07,NA
"1148705","WARFIELD+RCS","04-11","DC",2001,2026,89.4142857142857,130.434203024672,349.4,2004-04-11,32.5,1153.9,2003-09-07,NA
"1148705","WARFIELD+RCS","04-12","DC",2001,2026,90.8142857142857,131.054286210203,354,2004-04-12,35.9,1153.9,2003-09-07,NA
"1148705","WARFIELD+RCS","04-13","DC",2001,2026,89.1214285714286,130.007420963168,358.6,2004-04-13,38.8,1153.9,2003-09-07,NA
"1148705","WARFIELD+RCS","04-14","DC",2001,2026,88.4,127.03772304683,361.7,2004-04-14,40.9,1153.9,2003-09-07,NA
"1148705","WARFIELD+RCS","04-15","DC",2001,2026,85.4066666666667,124.336240359224,364.7,2004-04-15,26.6,1153.9,2003-09-07,NA
"1148705","WARFIELD+RCS","04-16","DC",2001,2026,86.72,122.846403517331,359.3,2004-04-16,26.2,1153.9,2003-09-07,NA
"1148705","WARFIELD+RCS","04-17","DC",2001,2026,83.60625,119.011649114698,362.2,2004-04-17,29.2,1153.9,2003-09-07,NA
"1148705","WARFIELD+RCS","04-18","DC",2001,2026,83.64375,119.270968631655,365.2,2004-04-18,33,1153.9,2003-09-07,NA
"1148705","WARFIELD+RCS","04-19","DC",2001,2026,84.9222222222222,113.786366161254,368.1,2004-04-19,37.5,1153.9,2003-09-07,NA
"1148705","WARFIELD+RCS","04-20","DC",2001,2026,87.2333333333333,113.166015476483,363.7,2004-04-20,42.7,1153.9,2003-09-07,NA
"1148705","WARFIELD+RCS","04-21","DC",2001,2026,90.6777777777778,112.277400981862,360.5,2004-04-21,47.7,1153.9,2003-09-07,NA
"1148705","WARFIELD+RCS","04-22","DC",2001,2026,93.6166666666667,112.877488246954,364.7,2004-04-22,51.2,1153.9,2003-09-07,NA
"1148705","WARFIELD+RCS","04-23","DC",2001,2026,95.9777777777778,113.311421757269,368.4,2004-04-23,54.6,1153.9,2003-09-07,NA
"1148705","WARFIELD+RCS","04-24","DC",2001,2026,95.5055555555555,112.705605436163,356,2004-04-24,57.8,1153.9,2003-09-07,NA
"1148705","WARFIELD+RCS","04-25","DC",2001,2026,96.4888888888889,110.161741457939,360.1,2004-04-25,61,1153.9,2003-09-07,NA
"1148705","WARFIELD+RCS","04-26","DC",2001,2026,98.8888888888889,111.105608948735,365.1,2004-04-26,64.2,1153.9,2003-09-07,NA
"1148705","WARFIELD+RCS","04-27","DC",2001,2026,100.477777777778,111.243207621095,369.1,2004-04-27,67.7,1153.9,2003-09-07,NA
"1148705","WARFIELD+RCS","04-28","DC",2001,2026,103.155555555556,112.028778982284,372.9,2004-04-28,72,1153.9,2003-09-07,NA
"1148705","WARFIELD+RCS","04-29","DC",2001,2026,106.505555555556,112.397270598127,377.2,2004-04-29,76.7,1153.9,2003-09-07,NA
"1148705","WARFIELD+RCS","04-30","DC",2001,2026,109.6,113.07176794356,381.8,2004-04-30,81.6,1153.9,2003-09-07,NA
"1148705","WARFIELD+RCS","05-01","DC",2001,2026,109.647368421053,112.621146467166,388.4,2004-05-01,88.2,1153.9,2003-09-07,NA
"1148705","WARFIELD+RCS","05-02","DC",2001,2026,114.184210526316,113.419639996088,394.6,2004-05-02,94.6,1153.9,2003-09-07,NA
"1148705","WARFIELD+RCS","05-03","DC",2001,2026,117.6,114.349396344906,400.9,2004-05-03,101.2,1153.9,2003-09-07,NA
"1148705","WARFIELD+RCS","05-04","DC",2001,2026,122.547368421053,114.616807805744,407.1,2004-05-04,108,1153.9,2003-09-07,NA
"1148705","WARFIELD+RCS","05-05","DC",2001,2026,125.126315789474,113.139117128257,411.9,2004-05-05,114.8,1153.9,2003-09-07,NA
"1148705","WARFIELD+RCS","05-06","DC",2001,2026,127.989473684211,112.338298083843,417.5,2004-05-06,121.6,1153.9,2003-09-07,NA
"1148705","WARFIELD+RCS","05-07","DC",2001,2026,131.221052631579,114.019353030514,423.7,2004-05-07,128.5,1153.9,2003-09-07,NA
"1148705","WARFIELD+RCS","05-08","DC",2001,2026,134.984210526316,115.225022664147,428.4,2004-05-08,134.9,1153.9,2003-09-07,NA
"1148705","WARFIELD+RCS","05-09","DC",2001,2026,139.073684210526,115.702534506501,433.6,2004-05-09,141.4,1153.9,2003-09-07,NA
"1148705","WARFIELD+RCS","05-10","DC",2001,2026,144.326315789474,115.97596897684,439.1,2004-05-10,147.7,1153.9,2003-09-07,NA
"1148705","WARFIELD+RCS","05-11","DC",2001,2026,148.747368421053,116.673915814885,444,2004-05-11,154,1153.9,2003-09-07,NA
"1148705","WARFIELD+RCS","05-12","DC",2001,2026,152.921052631579,117.940411408791,448.6,2004-05-12,160.6,1153.9,2003-09-07,NA
"1148705","WARFIELD+RCS","05-13","DC",2001,2026,157.963157894737,118.119747199029,452.8,2004-05-13,166.4,1153.9,2003-09-07,NA
"1148705","WARFIELD+RCS","05-14","DC",2001,2026,161.521052631579,119.025522841613,457.9,2004-05-14,163.1,1153.9,2003-09-07,NA
"1148705","WARFIELD+RCS","05-15","DC",2001,2026,165.852631578947,117.934621099155,463.8,2004-05-15,167.8,1153.9,2003-09-07,NA
"1148705","WARFIELD+RCS","05-16","DC",2001,2026,165.952631578947,119.585768237329,470.1,2004-05-16,165.5,1153.9,2003-09-07,NA
"1148705","WARFIELD+RCS","05-17","DC",2001,2026,171.089473684211,119.021416815709,476,2004-05-17,171,1153.9,2003-09-07,NA
"1148705","WARFIELD+RCS","05-18","DC",2001,2026,172.631578947368,121.437624833271,482.7,2004-05-18,175.9,1153.9,2003-09-07,NA
"1148705","WARFIELD+RCS","05-19","DC",2001,2026,173.384210526316,120.736058607001,489,2004-05-19,181.7,1153.9,2003-09-07,NA
"1148705","WARFIELD+RCS","05-20","DC",2001,2026,176.7,120.428014459538,495.5,2004-05-20,187.9,1153.9,2003-09-07,NA
"1148705","WARFIELD+RCS","05-21","DC",2001,2026,176.036842105263,118.715463799074,501.2,2004-05-21,194.3,1153.9,2003-09-07,NA
"1148705","WARFIELD+RCS","05-22","DC",2001,2026,165.310526315789,103.147224310889,410.6,2004-05-22,200.5,1153.9,2003-09-07,NA
"1148705","WARFIELD+RCS","05-23","DC",2001,2026,166.478947368421,100.921766064101,410.9,2003-05-23,207.7,1153.9,2003-09-07,NA
"1148705","WARFIELD+RCS","05-24","DC",2001,2026,170.689473684211,101.980618500319,418,2003-05-24,214.6,1153.9,2003-09-07,NA
"1148705","WARFIELD+RCS","05-25","DC",2001,2026,172.231578947368,100.000300291947,406.1,2004-05-25,221.8,1153.9,2003-09-07,NA
"1148705","WARFIELD+RCS","05-26","DC",2001,2026,171.936842105263,102.38483617393,409.1,2003-05-26,202.5,1153.9,2003-09-07,NA
"1148705","WARFIELD+RCS","05-27","DC",2001,2026,173.757894736842,103.55350906544,415.9,2003-05-27,209.2,1153.9,2003-09-07,NA
"1148705","WARFIELD+RCS","05-28","DC",2001,2026,174.6,98.2789284525314,422.2,2003-05-28,216.9,1153.9,2003-09-07,NA
"1148705","WARFIELD+RCS","05-29","DC",2001,2026,179.752631578947,97.8033251446837,429,2003-05-29,209.6,1153.9,2003-09-07,NA
"1148705","WARFIELD+RCS","05-30","DC",2001,2026,184.763157894737,96.9879844249122,435.2,2003-05-30,196,1153.9,2003-09-07,NA
"1148705","WARFIELD+RCS","05-31","DC",2001,2026,184.931578947368,99.6258670818622,428.9,2003-05-31,201.6,1153.9,2003-09-07,NA
"1148705","WARFIELD+RCS","06-01","DC",2001,2026,188.963157894737,100.945806200524,436.2,2003-06-01,207.8,1153.9,2003-09-07,NA
"1148705","WARFIELD+RCS","06-02","DC",2001,2026,186.6,100.752160164325,432.4,2003-06-02,215.3,1153.9,2003-09-07,NA
"1148705","WARFIELD+RCS","06-03","DC",2001,2026,189.905263157895,103.926162216174,439.7,2003-06-03,222,1153.9,2003-09-07,NA
"1148705","WARFIELD+RCS","06-04","DC",2001,2026,193.905263157895,103.871039026949,447.3,2003-06-04,229.1,1153.9,2003-09-07,NA
"1148705","WARFIELD+RCS","06-05","DC",2001,2026,193.084210526316,103.504773175808,455.4,2003-06-05,236.4,1153.9,2003-09-07,NA
"1148705","WARFIELD+RCS","06-06","DC",2001,2026,190.931578947368,101.260110895058,463.6,2003-06-06,243.1,1153.9,2003-09-07,NA
"1148705","WARFIELD+RCS","06-07","DC",2001,2026,195.731578947368,103.058705237094,472.1,2003-06-07,249.2,1153.9,2003-09-07,NA
"1148705","WARFIELD+RCS","06-08","DC",2001,2026,196.1,107.947986446148,480.9,2003-06-08,256,1153.9,2003-09-07,NA
"1148705","WARFIELD+RCS","06-09","DC",2001,2026,199.436842105263,109.687420581934,488.8,2003-06-09,204.3,1153.9,2003-09-07,NA
"1148705","WARFIELD+RCS","06-10","DC",2001,2026,202.826315789474,110.146018448771,496.1,2003-06-10,184.5,1153.9,2003-09-07,NA
"1148705","WARFIELD+RCS","06-11","DC",2001,2026,204.8,107.114637447716,490.5,2003-06-11,191.8,1153.9,2003-09-07,NA
"1148705","WARFIELD+RCS","06-12","DC",2001,2026,210.621052631579,107.289761233293,498.3,2003-06-12,199.2,1153.9,2003-09-07,NA
"1148705","WARFIELD+RCS","06-13","DC",2001,2026,214.468421052632,110.313477833911,505.6,2003-06-13,207.1,1153.9,2003-09-07,NA
"1148705","WARFIELD+RCS","06-14","DC",2001,2026,219.489473684211,109.759559921458,497.6,2003-06-14,215.1,1153.9,2003-09-07,NA
"1148705","WARFIELD+RCS","06-15","DC",2001,2026,222.105263157895,113.340556013401,505.2,2003-06-15,223.4,1153.9,2003-09-07,NA
"1148705","WARFIELD+RCS","06-16","DC",2001,2026,224.315789473684,114.677360272481,513.3,2003-06-16,232.2,1153.9,2003-09-07,NA
"1148705","WARFIELD+RCS","06-17","DC",2001,2026,225.873684210526,117.318961440384,521.8,2003-06-17,239.9,1153.9,2003-09-07,NA
"1148705","WARFIELD+RCS","06-18","DC",2001,2026,229.610526315789,115.299652571207,529.7,2003-06-18,247.9,1153.9,2003-09-07,NA
"1148705","WARFIELD+RCS","06-19","DC",2001,2026,231.326315789474,115.419740474618,537.3,2003-06-19,256.2,1153.9,2003-09-07,NA
"1148705","WARFIELD+RCS","06-20","DC",2001,2026,234.278947368421,117.751152761271,543.2,2003-06-20,264.7,1153.9,2003-09-07,NA
"1148705","WARFIELD+RCS","06-21","DC",2001,2026,239.678947368421,113.559258044949,517.4,2003-06-21,272.7,1153.9,2003-09-07,NA
"1148705","WARFIELD+RCS","06-22","DC",2001,2026,245.215789473684,111.591035398398,511.9,2003-06-22,280.9,1153.9,2003-09-07,NA
"1148705","WARFIELD+RCS","06-23","DC",2001,2026,247.352631578947,113.698877979517,518.6,2003-06-23,289.3,1153.9,2003-09-07,NA
"1148705","WARFIELD+RCS","06-24","DC",2001,2026,247.384210526316,116.128909517531,525.7,2003-06-24,297.9,1153.9,2003-09-07,NA
"1148705","WARFIELD+RCS","06-25","DC",2001,2026,250.389473684211,118.374217795078,533.7,2003-06-25,306.6,1153.9,2003-09-07,NA
"1148705","WARFIELD+RCS","06-26","DC",2001,2026,257.842105263158,119.503246426332,542.3,2003-06-26,307.5,1153.9,2003-09-07,NA
"1148705","WARFIELD+RCS","06-27","DC",2001,2026,270.05,125.194188111278,550.8,2003-06-27,266.6,1153.9,2003-09-07,NA
"1148705","WARFIELD+RCS","06-28","DC",2001,2026,271.885,124.440673986062,559.3,2003-06-28,266.5,1153.9,2003-09-07,NA
"1148705","WARFIELD+RCS","06-29","DC",2001,2026,276.605,121.591609280281,568.4,2003-06-29,268.7,1153.9,2003-09-07,NA
"1148705","WARFIELD+RCS","06-30","DC",2001,2026,281.895,120.65476837481,576.4,2003-06-30,275,1153.9,2003-09-07,NA
"1148705","WARFIELD+RCS","07-01","DC",2001,2026,289.51,121.283586341225,584.4,2003-07-01,275.4,1153.9,2003-09-07,NA
"1148705","WARFIELD+RCS","07-02","DC",2001,2026,294.39,125.561596961726,592.1,2003-07-02,283.5,1153.9,2003-09-07,NA
"1148705","WARFIELD+RCS","07-03","DC",2001,2026,300.97,126.50763696523,600.3,2003-07-03,291.9,1153.9,2003-09-07,NA
"1148705","WARFIELD+RCS","07-04","DC",2001,2026,309.25,126.608748762311,608.7,2003-07-04,300.9,1153.9,2003-09-07,NA
"1148705","WARFIELD+RCS","07-05","DC",2001,2026,317.39,126.49754272629,616.6,2003-07-05,309.2,1153.9,2003-09-07,NA
"1148705","WARFIELD+RCS","07-06","DC",2001,2026,323.62,126.93888127342,624.8,2003-07-06,317.9,1153.9,2003-09-07,NA
"1148705","WARFIELD+RCS","07-07","DC",2001,2026,330.62,126.629827699314,633.6,2003-07-07,327.3,1153.9,2003-09-07,NA
"1148705","WARFIELD+RCS","07-08","DC",2001,2026,335.73,127.070863362887,641.5,2003-07-08,336.6,1153.9,2003-09-07,NA
"1148705","WARFIELD+RCS","07-09","DC",2001,2026,343.545,127.075064741071,650,2003-07-09,345.7,1153.9,2003-09-07,NA
"1148705","WARFIELD+RCS","07-10","DC",2001,2026,350.31,128.338031857484,659,2003-07-10,354.8,1153.9,2003-09-07,NA
"1148705","WARFIELD+RCS","07-11","DC",2001,2026,357.38,127.831066975953,668.3,2003-07-11,363.8,1153.9,2003-09-07,NA
"1148705","WARFIELD+RCS","07-12","DC",2001,2026,364.405,128.644174597588,677.5,2003-07-12,372.4,1153.9,2003-09-07,NA
"1148705","WARFIELD+RCS","07-13","DC",2001,2026,368.3,130.351080588257,685.2,2003-07-13,381.4,1153.9,2003-09-07,NA
"1148705","WARFIELD+RCS","07-14","DC",2001,2026,373.105,135.972228104821,693.5,2003-07-14,389.2,1153.9,2003-09-07,NA
"1148705","WARFIELD+RCS","07-15","DC",2001,2026,379.955,137.339006131773,702.2,2003-07-15,398.8,1153.9,2003-09-07,NA
"1148705","WARFIELD+RCS","07-16","DC",2001,2026,387.255,137.75446682986,711.5,2003-07-16,408.2,1153.9,2003-09-07,NA
"1148705","WARFIELD+RCS","07-17","DC",2001,2026,393.96,136.712843119014,720.2,2003-07-17,417.3,1153.9,2003-09-07,NA
"1148705","WARFIELD+RCS","07-18","DC",2001,2026,401.78,136.705640741435,729.4,2003-07-18,426.5,1153.9,2003-09-07,NA
"1148705","WARFIELD+RCS","07-19","DC",2001,2026,408.02,135.505954811859,739.2,2003-07-19,435.6,1153.9,2003-09-07,NA
"1148705","WARFIELD+RCS","07-20","DC",2001,2026,415.465,133.692673007123,749,2003-07-20,444.5,1153.9,2003-09-07,NA
"1148705","WARFIELD+RCS","07-21","DC",2001,2026,423.625,132.894674856682,758.6,2003-07-21,454,1153.9,2003-09-07,NA
"1148705","WARFIELD+RCS","07-22","DC",2001,2026,430.53,134.684567552642,768.7,2003-07-22,463.5,1153.9,2003-09-07,NA
"1148705","WARFIELD+RCS","07-23","DC",2001,2026,436.725,136.269133374093,778.5,2003-07-23,472.5,1153.9,2003-09-07,NA
"1148705","WARFIELD+RCS","07-24","DC",2001,2026,438.755,136.512133545935,788.2,2003-07-24,482,1153.9,2003-09-07,NA
"1148705","WARFIELD+RCS","07-25","DC",2001,2026,446.68,136.820910990281,797.4,2003-07-25,491.4,1153.9,2003-09-07,NA
"1148705","WARFIELD+RCS","07-26","DC",2001,2026,451.84,136.235223824554,806.8,2003-07-26,500.2,1153.9,2003-09-07,NA
"1148705","WARFIELD+RCS","07-27","DC",2001,2026,456.69,136.416166274576,816.7,2003-07-27,509.1,1153.9,2003-09-07,NA
"1148705","WARFIELD+RCS","07-28","DC",2001,2026,464.48,135.723921019259,826.7,2003-07-28,518.3,1153.9,2003-09-07,NA
"1148705","WARFIELD+RCS","07-29","DC",2001,2026,472.88,135.511870134569,836.6,2003-07-29,527.1,1153.9,2003-09-07,NA
"1148705","WARFIELD+RCS","07-30","DC",2001,2026,481.505,135.420213351665,846.4,2003-07-30,536.2,1153.9,2003-09-07,NA
"1148705","WARFIELD+RCS","07-31","DC",2001,2026,490.405,135.587456627584,856.7,2003-07-31,545.5,1153.9,2003-09-07,NA
"1148705","WARFIELD+RCS","08-01","DC",2001,2026,498.515,135.722182475045,866,2003-08-01,554.1,1153.9,2003-09-07,NA
"1148705","WARFIELD+RCS","08-02","DC",2001,2026,503.125,138.008088531071,874.4,2003-08-02,561.1,1153.9,2003-09-07,NA
"1148705","WARFIELD+RCS","08-03","DC",2001,2026,510.51,138.348198778528,881.8,2003-08-03,568.5,1153.9,2003-09-07,NA
"1148705","WARFIELD+RCS","08-04","DC",2001,2026,514.17,138.952271624014,889.1,2003-08-04,576.5,1153.9,2003-09-07,NA
"1148705","WARFIELD+RCS","08-05","DC",2001,2026,517.58,136.593271006337,897.2,2003-08-05,584.7,1153.9,2003-09-07,NA
"1148705","WARFIELD+RCS","08-06","DC",2001,2026,523.895,136.852054096847,905.3,2003-08-06,592.2,1153.9,2003-09-07,NA
"1148705","WARFIELD+RCS","08-07","DC",2001,2026,528.07,136.339808064842,912.1,2003-08-07,600.2,1153.9,2003-09-07,NA
"1148705","WARFIELD+RCS","08-08","DC",2001,2026,536.115,136.352886889709,920.5,2003-08-08,NA,1153.9,2003-09-07,NA
"1148705","WARFIELD+RCS","08-09","DC",2001,2026,543.13,136.521558351554,929.5,2003-08-09,NA,1153.9,2003-09-07,NA
"1148705","WARFIELD+RCS","08-10","DC",2001,2026,547.955,137.409033928862,938.5,2003-08-10,NA,1153.9,2003-09-07,NA
"1148705","WARFIELD+RCS","08-11","DC",2001,2026,551.505,139.213264926798,946.8,2003-08-11,NA,1153.9,2003-09-07,NA
"1148705","WARFIELD+RCS","08-12","DC",2001,2026,556.805,141.224835578628,954.8,2003-08-12,NA,1153.9,2003-09-07,NA
"1148705","WARFIELD+RCS","08-13","DC",2001,2026,562.565,142.219853063006,963.1,2003-08-13,NA,1153.9,2003-09-07,NA
"1148705","WARFIELD+RCS","08-14","DC",2001,2026,566.965,144.602075674845,971.6,2003-08-14,NA,1153.9,2003-09-07,NA
"1148705","WARFIELD+RCS","08-15","DC",2001,2026,570.57,147.281102871882,980.1,2003-08-15,NA,1153.9,2003-09-07,NA
"1148705","WARFIELD+RCS","08-16","DC",2001,2026,578.47,147.350266908122,987.4,2003-08-16,NA,1153.9,2003-09-07,NA
"1148705","WARFIELD+RCS","08-17","DC",2001,2026,585.73,147.490695870692,995.1,2003-08-17,NA,1153.9,2003-09-07,NA
"1148705","WARFIELD+RCS","08-18","DC",2001,2026,593.04,147.741845976797,1004,2003-08-18,NA,1153.9,2003-09-07,NA
"1148705","WARFIELD+RCS","08-19","DC",2001,2026,599.02,149.429552491784,1012.6,2003-08-19,NA,1153.9,2003-09-07,NA
"1148705","WARFIELD+RCS","08-20","DC",2001,2026,600.79,148.53152031241,1020.7,2003-08-20,NA,1153.9,2003-09-07,NA
"1148705","WARFIELD+RCS","08-21","DC",2001,2026,602.94,151.164759886618,1029.2,2003-08-21,NA,1153.9,2003-09-07,NA
"1148705","WARFIELD+RCS","08-22","DC",2001,2026,601.83,148.584500502151,1036,2003-08-22,NA,1153.9,2003-09-07,NA
"1148705","WARFIELD+RCS","08-23","DC",2001,2026,605.18,147.243699177141,1043.4,2003-08-23,NA,1153.9,2003-09-07,NA
"1148705","WARFIELD+RCS","08-24","DC",2001,2026,610.18,147.695218181511,1050.9,2003-08-24,NA,1153.9,2003-09-07,NA
"1148705","WARFIELD+RCS","08-25","DC",2001,2026,613.065,151.372910998668,1059,2003-08-25,NA,1153.9,2003-09-07,NA
"1148705","WARFIELD+RCS","08-26","DC",2001,2026,617.915,153.724724152589,1067.2,2003-08-26,NA,1153.9,2003-09-07,NA
"1148705","WARFIELD+RCS","08-27","DC",2001,2026,624.235,153.049642015434,1074.7,2003-08-27,NA,1153.9,2003-09-07,NA
"1148705","WARFIELD+RCS","08-28","DC",2001,2026,631.785,152.981076487119,1082.1,2003-08-28,NA,1153.9,2003-09-07,NA
"1148705","WARFIELD+RCS","08-29","DC",2001,2026,639.405,153.123790564504,1089.9,2003-08-29,NA,1153.9,2003-09-07,NA
"1148705","WARFIELD+RCS","08-30","DC",2001,2026,643.865,151.553649611371,1097.9,2003-08-30,NA,1153.9,2003-09-07,NA
"1148705","WARFIELD+RCS","08-31","DC",2001,2026,646.785,152.284931262005,1106.1,2003-08-31,NA,1153.9,2003-09-07,NA
"1148705","WARFIELD+RCS","09-01","DC",2001,2026,646.71,152.311066398238,1113,2003-09-01,NA,1153.9,2003-09-07,NA
"1148705","WARFIELD+RCS","09-02","DC",2001,2026,650.875,154.222934587018,1119.8,2003-09-02,NA,1153.9,2003-09-07,NA
"1148705","WARFIELD+RCS","09-03","DC",2001,2026,653.92,158.003762779978,1126.9,2003-09-03,NA,1153.9,2003-09-07,NA
"1148705","WARFIELD+RCS","09-04","DC",2001,2026,659.73,158.228419498022,1133.6,2003-09-04,NA,1153.9,2003-09-07,NA
"1148705","WARFIELD+RCS","09-05","DC",2001,2026,665.465,158.469440105556,1140.6,2003-09-05,NA,1153.9,2003-09-07,NA
"1148705","WARFIELD+RCS","09-06","DC",2001,2026,668.22,160.753720101016,1147.7,2003-09-06,NA,1153.9,2003-09-07,NA
"1148705","WARFIELD+RCS","09-07","DC",2001,2026,669.055,163.76218468126,1153.9,2003-09-07,NA,1153.9,2003-09-07,NA
"1148705","WARFIELD+RCS","09-08","DC",2001,2026,666.09,144.614259688535,1016.6,2003-09-08,NA,1153.9,2003-09-07,NA
"1148705","WARFIELD+RCS","09-09","DC",2001,2026,661.79,132.694107670711,892.8,2003-09-09,NA,1153.9,2003-09-07,NA
"1148705","WARFIELD+RCS","09-10","DC",2001,2026,664.94,133.896123917013,897.6,2003-09-10,NA,1153.9,2003-09-07,NA
"1148705","WARFIELD+RCS","09-11","DC",2001,2026,666.95,136.289786079052,902.3,2003-09-11,NA,1153.9,2003-09-07,NA
"1148705","WARFIELD+RCS","09-12","DC",2001,2026,672.515,136.554755838474,906.9,2003-09-12,NA,1153.9,2003-09-07,NA
"1148705","WARFIELD+RCS","09-13","DC",2001,2026,676.23,135.308532815309,911.9,2003-09-13,NA,1153.9,2003-09-07,NA
"1148705","WARFIELD+RCS","09-14","DC",2001,2026,674.09,133.13573169,916.4,2003-09-14,NA,1153.9,2003-09-07,NA
"1148705","WARFIELD+RCS","09-15","DC",2001,2026,676.19,137.05992120237,921.3,2003-09-15,NA,1153.9,2003-09-07,NA
"1148705","WARFIELD+RCS","09-16","DC",2001,2026,675.385,140.968116122611,922.9,2017-09-16,NA,1153.9,2003-09-07,NA
"1148705","WARFIELD+RCS","09-17","DC",2001,2026,659.555,132.689358138315,928.1,2017-09-17,NA,1153.9,2003-09-07,NA
"1148705","WARFIELD+RCS","09-18","DC",2001,2026,659.015789473684,146.191629427337,933.1,2017-09-18,NA,1153.9,2003-09-07,NA
"1148705","WARFIELD+RCS","09-19","DC",2001,2026,652.468421052632,144.707041419059,936.6,2017-09-19,NA,1153.9,2003-09-07,NA
"1148705","WARFIELD+RCS","09-20","DC",2001,2026,654.363157894737,142.068278617972,905.3,2017-09-20,NA,1153.9,2003-09-07,NA
"1148705","WARFIELD+RCS","09-21","DC",2001,2026,650.363157894737,138.358785652562,866.6,2017-09-21,NA,1153.9,2003-09-07,NA
"1148705","WARFIELD+RCS","09-22","DC",2001,2026,654.473684210526,138.910994053768,871,2017-09-22,NA,1153.9,2003-09-07,NA
"1148705","WARFIELD+RCS","09-23","DC",2001,2026,656.605263157895,140.33379443188,875.5,2017-09-23,NA,1153.9,2003-09-07,NA
"1148705","WARFIELD+RCS","09-24","DC",2001,2026,650.731578947368,143.050480804783,879.8,2017-09-24,NA,1153.9,2003-09-07,NA
"1148705","WARFIELD+RCS","09-25","DC",2001,2026,650.678947368421,147.594661070813,884.7,2017-09-25,NA,1153.9,2003-09-07,NA
"1148705","WARFIELD+RCS","09-26","DC",2001,2026,648.957894736842,143.96231110101,889.5,2017-09-26,NA,1153.9,2003-09-07,NA
"1148705","WARFIELD+RCS","09-27","DC",2001,2026,653.857894736842,144.142423070569,894.9,2017-09-27,NA,1153.9,2003-09-07,NA
"1148705","WARFIELD+RCS","09-28","DC",2001,2026,649.168421052632,148.058911145499,900.6,2017-09-28,NA,1153.9,2003-09-07,NA
"1148705","WARFIELD+RCS","09-29","DC",2001,2026,645.8,154.4947643845,906.2,2017-09-29,NA,1153.9,2003-09-07,NA
"1148705","WARFIELD+RCS","09-30","DC",2001,2026,639.405263157895,156.280955951077,911.3,2017-09-30,NA,1153.9,2003-09-07,NA
"1148705","WARFIELD+RCS","10-01","DC",2001,2026,634.994736842105,159.889960332738,914.6,2017-10-01,NA,1153.9,2003-09-07,NA
"1148705","WARFIELD+RCS","10-02","DC",2001,2026,635.257894736842,160.67602087496,917.5,2017-10-02,NA,1153.9,2003-09-07,NA
"1148705","WARFIELD+RCS","10-03","DC",2001,2026,634.978947368421,164.861634169544,920.8,2017-10-03,NA,1153.9,2003-09-07,NA
"1148705","WARFIELD+RCS","10-04","DC",2001,2026,635.889473684211,165.921249374973,924.1,2017-10-04,NA,1153.9,2003-09-07,NA
"1148705","WARFIELD+RCS","10-05","DC",2001,2026,634.957894736842,167.119342971787,927.9,2017-10-05,NA,1153.9,2003-09-07,NA
"1148705","WARFIELD+RCS","10-06","DC",2001,2026,636.273684210526,166.566982996515,931.4,2003-10-06,NA,1153.9,2003-09-07,NA
"1148705","WARFIELD+RCS","10-07","DC",2001,2026,637.994736842105,167.404667642626,935,2003-10-07,NA,1153.9,2003-09-07,NA
"1148705","WARFIELD+RCS","10-08","DC",2001,2026,640.436842105263,168.181856633184,937.9,2003-10-08,NA,1153.9,2003-09-07,NA
"1148705","WARFIELD+RCS","10-09","DC",2001,2026,638.742105263158,170.314318298679,941.2,2003-10-09,NA,1153.9,2003-09-07,NA
"1148705","WARFIELD+RCS","10-10","DC",2001,2026,635.015789473684,175.259116938821,944,2003-10-10,NA,1153.9,2003-09-07,NA
"1148705","WARFIELD+RCS","10-11","DC",2001,2026,629.336842105263,174.256089358055,946.4,2003-10-11,NA,1153.9,2003-09-07,NA
"1148705","WARFIELD+RCS","10-12","DC",2001,2026,626.3,175.687073451002,948.9,2003-10-12,NA,1153.9,2003-09-07,NA
"1148705","WARFIELD+RCS","10-13","DC",2001,2026,626.378947368421,179.220275945389,951.9,2003-10-13,NA,1153.9,2003-09-07,NA
"1148705","WARFIELD+RCS","10-14","DC",2001,2026,623.805263157895,180.609106678497,954.7,2003-10-14,NA,1153.9,2003-09-07,NA
"1148705","WARFIELD+RCS","10-15","DC",2001,2026,623.784210526316,181.513808054979,956.4,2003-10-15,NA,1153.9,2003-09-07,NA
"1148705","WARFIELD+RCS","10-16","DC",2001,2026,601.563157894737,168.969721845616,957.8,2017-10-16,NA,1153.9,2003-09-07,NA
"1148705","WARFIELD+RCS","10-17","DC",2001,2026,595.463157894737,169.096987983315,961.3,2017-10-17,NA,1153.9,2003-09-07,NA
"1148705","WARFIELD+RCS","10-18","DC",2001,2026,592.463157894737,175.474000006732,963,2017-10-18,NA,1153.9,2003-09-07,NA
"1148705","WARFIELD+RCS","10-19","DC",2001,2026,588.826315789474,172.70744319708,921.5,2017-10-19,NA,1153.9,2003-09-07,NA
"1148705","WARFIELD+RCS","10-20","DC",2001,2026,565.915789473684,153.179710228643,847.7,2015-10-20,NA,1153.9,2003-09-07,NA
"1148705","WARFIELD+RCS","10-21","DC",2001,2026,558.621052631579,155.613636859397,850.8,2015-10-21,NA,1153.9,2003-09-07,NA
"1148705","WARFIELD+RCS","10-22","DC",2001,2026,534.915789473684,158.787154053461,853.7,2015-10-22,NA,1153.9,2003-09-07,NA
"1148705","WARFIELD+RCS","10-23","DC",2001,2026,514.121052631579,167.992316553623,856.3,2015-10-23,NA,1153.9,2003-09-07,NA
"1148705","WARFIELD+RCS","10-24","DC",2001,2026,508.626315789474,171.857029863344,858.4,2015-10-24,NA,1153.9,2003-09-07,NA
"1148705","WARFIELD+RCS","10-25","DC",2001,2026,508.105263157895,173.700906649218,860.8,2015-10-25,NA,1153.9,2003-09-07,NA
"1148705","WARFIELD+RCS","10-26","DC",2001,2026,498.8,173.395552935413,850.1,2002-10-26,NA,1153.9,2003-09-07,NA
"1148705","WARFIELD+RCS","10-27","DC",2001,2026,498.08947368421,174.815543723907,851.1,2002-10-27,NA,1153.9,2003-09-07,NA
"1148705","WARFIELD+RCS","10-28","DC",2001,2026,494.394736842105,175.091482354175,852.3,2002-10-28,NA,1153.9,2003-09-07,NA
"1148705","WARFIELD+RCS","10-29","DC",2001,2026,503.7,174.569746722014,853.5,2002-10-29,NA,1153.9,2003-09-07,NA
"1148705","WARFIELD+RCS","10-30","DC",2001,2026,493.172222222222,166.531889917448,854.2,2002-10-30,NA,1153.9,2003-09-07,NA
"1148705","WARFIELD+RCS","10-31","DC",2001,2026,478.083333333333,164.814538372146,854.9,2002-10-31,NA,1153.9,2003-09-07,NA
"1148705","WARFIELD+RCS","04-01","DMC",2001,2026,7.6375,6.01140285505091,17.9,2013-04-01,NA,199.1,2011-09-14,NA
"1148705","WARFIELD+RCS","04-02","DMC",2001,2026,8.6,6.07844552496771,20.1,2013-04-02,NA,199.1,2011-09-14,NA
"1148705","WARFIELD+RCS","04-03","DMC",2001,2026,9.39,6.1866253590575,22.2,2013-04-03,NA,199.1,2011-09-14,NA
"1148705","WARFIELD+RCS","04-04","DMC",2001,2026,9.21818181818182,6.04761410505303,23.1,2013-04-04,NA,199.1,2011-09-14,NA
"1148705","WARFIELD+RCS","04-05","DMC",2001,2026,8.63333333333333,4.15020992532214,18,2007-04-05,NA,199.1,2011-09-14,NA
"1148705","WARFIELD+RCS","04-06","DMC",2001,2026,8.12307692307692,4.69257460358985,20.2,2007-04-06,8.7,199.1,2011-09-14,NA
"1148705","WARFIELD+RCS","04-07","DMC",2001,2026,8.80769230769231,6.04200043286735,22.6,2007-04-07,10.9,199.1,2011-09-14,NA
"1148705","WARFIELD+RCS","04-08","DMC",2001,2026,10.1307692307692,7.19599247444768,24.8,2007-04-08,13.2,199.1,2011-09-14,NA
"1148705","WARFIELD+RCS","04-09","DMC",2001,2026,10.6923076923077,6.41267774782391,21,2016-04-09,15.8,199.1,2011-09-14,NA
"1148705","WARFIELD+RCS","04-10","DMC",2001,2026,10.9642857142857,7.25869315880113,23.8,2016-04-10,18.4,199.1,2011-09-14,NA
"1148705","WARFIELD+RCS","04-11","DMC",2001,2026,12.0071428571429,8.13307249026271,26.1,2016-04-11,18.9,199.1,2011-09-14,NA
"1148705","WARFIELD+RCS","04-12","DMC",2001,2026,12.5785714285714,9.29889807958478,29,2016-04-12,17.2,199.1,2011-09-14,NA
"1148705","WARFIELD+RCS","04-13","DMC",2001,2026,12.7214285714286,10.9620449082928,30.7,2016-04-13,15.8,199.1,2011-09-14,NA
"1148705","WARFIELD+RCS","04-14","DMC",2001,2026,12.3714285714286,11.6147405395987,31.6,2004-04-14,13.3,199.1,2011-09-14,NA
"1148705","WARFIELD+RCS","04-15","DMC",2001,2026,12.36,11.1585841395761,32.9,2004-04-15,6.5,199.1,2011-09-14,NA
"1148705","WARFIELD+RCS","04-16","DMC",2001,2026,12.7333333333333,10.5099725884288,35.2,2021-04-16,5.1,199.1,2011-09-14,NA
"1148705","WARFIELD+RCS","04-17","DMC",2001,2026,12.24375,9.83273232626618,38.7,2021-04-17,6.9,199.1,2011-09-14,NA
"1148705","WARFIELD+RCS","04-18","DMC",2001,2026,12.46875,10.5641985813722,42.2,2021-04-18,9.3,199.1,2011-09-14,NA
"1148705","WARFIELD+RCS","04-19","DMC",2001,2026,13,10.5923390740112,44.8,2021-04-19,12.4,199.1,2011-09-14,NA
"1148705","WARFIELD+RCS","04-20","DMC",2001,2026,14.5666666666667,11.1140610463132,47.6,2021-04-20,16.1,199.1,2011-09-14,NA
"1148705","WARFIELD+RCS","04-21","DMC",2001,2026,16.5388888888889,11.7698587571559,50.8,2021-04-21,19.6,199.1,2011-09-14,NA
"1148705","WARFIELD+RCS","04-22","DMC",2001,2026,18.2111111111111,11.8816659996864,53.5,2021-04-22,20.5,199.1,2011-09-14,NA
"1148705","WARFIELD+RCS","04-23","DMC",2001,2026,18.3666666666667,10.1163815898071,56.6,2021-04-23,23.1,199.1,2011-09-14,NA
"1148705","WARFIELD+RCS","04-24","DMC",2001,2026,17.0555555555556,7.57186916252381,57,2021-04-24,25.5,199.1,2011-09-14,NA
"1148705","WARFIELD+RCS","04-25","DMC",2001,2026,17.8611111111111,8.39930941761348,35.3,2025-04-25,27.8,199.1,2011-09-14,NA
"1148705","WARFIELD+RCS","04-26","DMC",2001,2026,19.1777777777778,9.85939716302679,39.1,2025-04-26,30.1,199.1,2011-09-14,NA
"1148705","WARFIELD+RCS","04-27","DMC",2001,2026,19.6666666666667,10.0149887668434,42.9,2025-04-27,32.3,199.1,2011-09-14,NA
"1148705","WARFIELD+RCS","04-28","DMC",2001,2026,20.7777777777778,10.5502470311505,46.5,2025-04-28,35.2,199.1,2011-09-14,NA
"1148705","WARFIELD+RCS","04-29","DMC",2001,2026,22.4611111111111,10.2222444231075,49.2,2025-04-29,39.2,199.1,2011-09-14,NA
"1148705","WARFIELD+RCS","04-30","DMC",2001,2026,24.0277777777778,9.6552823430588,52.5,2025-04-30,43,199.1,2011-09-14,NA
"1148705","WARFIELD+RCS","05-01","DMC",2001,2026,25.4210526315789,10.5604386981354,56.2,2025-05-01,47.3,199.1,2011-09-14,NA
"1148705","WARFIELD+RCS","05-02","DMC",2001,2026,27,10.9705666824159,60.6,2025-05-02,50.8,199.1,2011-09-14,NA
"1148705","WARFIELD+RCS","05-03","DMC",2001,2026,27.9421052631579,12.7231772669441,61.7,2025-05-03,54.9,199.1,2011-09-14,NA
"1148705","WARFIELD+RCS","05-04","DMC",2001,2026,29.7473684210526,13.9627428227588,59.3,2025-05-04,59,199.1,2011-09-14,NA
"1148705","WARFIELD+RCS","05-05","DMC",2001,2026,28.5421052631579,13.9016911756757,63.5,2026-05-05,63.5,199.1,2011-09-14,NA
"1148705","WARFIELD+RCS","05-06","DMC",2001,2026,29.0894736842105,16.3050058685751,67.5,2026-05-06,67.5,199.1,2011-09-14,NA
"1148705","WARFIELD+RCS","05-07","DMC",2001,2026,30.7368421052632,18.3962318160334,71.8,2026-05-07,71.8,199.1,2011-09-14,NA
"1148705","WARFIELD+RCS","05-08","DMC",2001,2026,32.2368421052632,19.2663843845041,75.2,2026-05-08,75.2,199.1,2011-09-14,NA
"1148705","WARFIELD+RCS","05-09","DMC",2001,2026,33.1,19.6385392079508,78.8,2026-05-09,78.8,199.1,2011-09-14,NA
"1148705","WARFIELD+RCS","05-10","DMC",2001,2026,35.9157894736842,20.4886489755207,82.4,2025-05-10,82.1,199.1,2011-09-14,NA
"1148705","WARFIELD+RCS","05-11","DMC",2001,2026,37.4157894736842,21.2081552227726,86,2026-05-11,86,199.1,2011-09-14,NA
"1148705","WARFIELD+RCS","05-12","DMC",2001,2026,38.8789473684211,23.107732687166,89.9,2026-05-12,89.9,199.1,2011-09-14,NA
"1148705","WARFIELD+RCS","05-13","DMC",2001,2026,40.4526315789474,23.1987875262924,92.2,2026-05-13,92.2,199.1,2011-09-14,NA
"1148705","WARFIELD+RCS","05-14","DMC",2001,2026,40.1894736842105,22.6537192123511,82.2,2019-05-14,60.5,199.1,2011-09-14,NA
"1148705","WARFIELD+RCS","05-15","DMC",2001,2026,41.3736842105263,22.0488055132563,82.7,2016-05-15,62,199.1,2011-09-14,NA
"1148705","WARFIELD+RCS","05-16","DMC",2001,2026,41.4210526315789,24.4657261160581,87.2,2016-05-16,44.2,199.1,2011-09-14,NA
"1148705","WARFIELD+RCS","05-17","DMC",2001,2026,42.1526315789474,25.1337393517393,91.8,2016-05-17,46.8,199.1,2011-09-14,NA
"1148705","WARFIELD+RCS","05-18","DMC",2001,2026,39.8052631578947,26.2363503916102,96.5,2016-05-18,48.6,199.1,2011-09-14,NA
"1148705","WARFIELD+RCS","05-19","DMC",2001,2026,37.0473684210526,23.7788507436768,94.6,2021-05-19,51.6,199.1,2011-09-14,NA
"1148705","WARFIELD+RCS","05-20","DMC",2001,2026,36.1526315789474,24.6890521941531,95.7,2021-05-20,55.8,199.1,2011-09-14,NA
"1148705","WARFIELD+RCS","05-21","DMC",2001,2026,34.6105263157895,23.9553031645939,99.1,2021-05-21,60.1,199.1,2011-09-14,NA
"1148705","WARFIELD+RCS","05-22","DMC",2001,2026,28.7210526315789,19.0273364442778,102.6,2021-05-22,63.7,199.1,2011-09-14,NA
"1148705","WARFIELD+RCS","05-23","DMC",2001,2026,28.1947368421053,19.7569249092905,104.4,2021-05-23,68.4,199.1,2011-09-14,NA
"1148705","WARFIELD+RCS","05-24","DMC",2001,2026,29.6,21.2129153530998,106,2021-05-24,73.4,199.1,2011-09-14,NA
"1148705","WARFIELD+RCS","05-25","DMC",2001,2026,28.4842105263158,19.2988849176404,108.3,2021-05-25,78.6,199.1,2011-09-14,NA
"1148705","WARFIELD+RCS","05-26","DMC",2001,2026,27.8421052631579,21.427664252588,110.2,2021-05-26,40.9,199.1,2011-09-14,NA
"1148705","WARFIELD+RCS","05-27","DMC",2001,2026,27.6105263157895,19.2302393449265,112.6,2021-05-27,38.5,199.1,2011-09-14,NA
"1148705","WARFIELD+RCS","05-28","DMC",2001,2026,27.778947368421,20.6010403984138,84.5,2021-05-28,42.9,199.1,2011-09-14,NA
"1148705","WARFIELD+RCS","05-29","DMC",2001,2026,28.9736842105263,18.1334510445096,88.3,2021-05-29,28.4,199.1,2011-09-14,NA
"1148705","WARFIELD+RCS","05-30","DMC",2001,2026,31.7105263157895,19.0025990835418,93.4,2021-05-30,14.9,199.1,2011-09-14,NA
"1148705","WARFIELD+RCS","05-31","DMC",2001,2026,32.0947368421053,20.1559054948119,98.5,2021-05-31,16.8,199.1,2011-09-14,NA
"1148705","WARFIELD+RCS","06-01","DMC",2001,2026,31.0105263157895,17.75171023801,104,2021-06-01,18.2,199.1,2011-09-14,NA
"1148705","WARFIELD+RCS","06-02","DMC",2001,2026,28.6947368421053,19.0562755392259,110.4,2021-06-02,22.1,199.1,2011-09-14,NA
"1148705","WARFIELD+RCS","06-03","DMC",2001,2026,30.5210526315789,20.8157146552355,117.2,2021-06-03,24,199.1,2011-09-14,NA
"1148705","WARFIELD+RCS","06-04","DMC",2001,2026,32.2684210526316,22.7776950504845,122.8,2021-06-04,25.7,199.1,2011-09-14,NA
"1148705","WARFIELD+RCS","06-05","DMC",2001,2026,32.1157894736842,23.1789239314487,108.1,2021-06-05,29.8,199.1,2011-09-14,NA
"1148705","WARFIELD+RCS","06-06","DMC",2001,2026,31.4631578947368,24.6936161459308,89.7,2009-06-06,33.1,199.1,2011-09-14,NA
"1148705","WARFIELD+RCS","06-07","DMC",2001,2026,33.6684210526316,26.4294459653449,93,2009-06-07,34.9,199.1,2011-09-14,NA
"1148705","WARFIELD+RCS","06-08","DMC",2001,2026,32.4473684210526,27.2008449301172,95.3,2009-06-08,38.3,199.1,2011-09-14,NA
"1148705","WARFIELD+RCS","06-09","DMC",2001,2026,32.4421052631579,26.981049229855,96.9,2009-06-09,14.6,199.1,2011-09-14,NA
"1148705","WARFIELD+RCS","06-10","DMC",2001,2026,31.1421052631579,24.9820227761545,100.9,2009-06-10,8.9,199.1,2011-09-14,NA
"1148705","WARFIELD+RCS","06-11","DMC",2001,2026,30.2947368421053,25.4750525827439,105.5,2009-06-11,12.2,199.1,2011-09-14,NA
"1148705","WARFIELD+RCS","06-12","DMC",2001,2026,32.9052631578947,26.7609266091901,111.2,2009-06-12,16.4,199.1,2011-09-14,NA
"1148705","WARFIELD+RCS","06-13","DMC",2001,2026,33.5105263157895,27.6728686770764,116.3,2009-06-13,21.1,199.1,2011-09-14,NA
"1148705","WARFIELD+RCS","06-14","DMC",2001,2026,34.7789473684211,28.5947465833104,121,2009-06-14,25.9,199.1,2011-09-14,NA
"1148705","WARFIELD+RCS","06-15","DMC",2001,2026,33.8315789473684,24.3116353632389,92.8,2025-06-15,30.5,199.1,2011-09-14,NA
"1148705","WARFIELD+RCS","06-16","DMC",2001,2026,32.3157894736842,22.7408898281364,99.1,2025-06-16,37,199.1,2011-09-14,NA
"1148705","WARFIELD+RCS","06-17","DMC",2001,2026,33.7052631578947,25.2438435549522,104.5,2025-06-17,41.6,199.1,2011-09-14,NA
"1148705","WARFIELD+RCS","06-18","DMC",2001,2026,34.1736842105263,25.3871761614066,109.9,2025-06-18,46.9,199.1,2011-09-14,NA
"1148705","WARFIELD+RCS","06-19","DMC",2001,2026,33.5947368421053,25.0887197690341,114.8,2025-06-19,52.3,199.1,2011-09-14,NA
"1148705","WARFIELD+RCS","06-20","DMC",2001,2026,34.4052631578947,26.1508545363714,118.1,2025-06-20,58.2,199.1,2011-09-14,NA
"1148705","WARFIELD+RCS","06-21","DMC",2001,2026,36.0105263157895,26.29963866961,118.8,2025-06-21,63.4,199.1,2011-09-14,NA
"1148705","WARFIELD+RCS","06-22","DMC",2001,2026,37.4736842105263,26.7039290098181,101,2019-06-22,68.9,199.1,2011-09-14,NA
"1148705","WARFIELD+RCS","06-23","DMC",2001,2026,36.8684210526316,24.9681586699624,96.6,2015-06-23,74.4,199.1,2011-09-14,NA
"1148705","WARFIELD+RCS","06-24","DMC",2001,2026,35.2789473684211,26.0120181400694,100.9,2015-06-24,80,199.1,2011-09-14,NA
"1148705","WARFIELD+RCS","06-25","DMC",2001,2026,34.5473684210526,26.2859144456801,107.6,2015-06-25,86,199.1,2011-09-14,NA
"1148705","WARFIELD+RCS","06-26","DMC",2001,2026,38.4789473684211,27.3204355534536,114.5,2015-06-26,65.5,199.1,2011-09-14,NA
"1148705","WARFIELD+RCS","06-27","DMC",2001,2026,39.245,29.3418414196304,121.5,2015-06-27,30.5,199.1,2011-09-14,NA
"1148705","WARFIELD+RCS","06-28","DMC",2001,2026,40.79,31.6807911251564,128.6,2015-06-28,24.7,199.1,2011-09-14,NA
"1148705","WARFIELD+RCS","06-29","DMC",2001,2026,42.98,33.0524240690771,133.1,2015-06-29,21.5,199.1,2011-09-14,NA
"1148705","WARFIELD+RCS","06-30","DMC",2001,2026,45.53,34.4559077510282,137.9,2021-06-30,19.7,199.1,2011-09-14,NA
"1148705","WARFIELD+RCS","07-01","DMC",2001,2026,49.335,35.5376342398931,146,2021-07-01,16.4,199.1,2011-09-14,NA
"1148705","WARFIELD+RCS","07-02","DMC",2001,2026,51.615,37.5677952086904,152.9,2021-07-02,20.2,199.1,2011-09-14,NA
"1148705","WARFIELD+RCS","07-03","DMC",2001,2026,54.74,39.7242389215292,159.2,2021-07-03,24.6,199.1,2011-09-14,NA
"1148705","WARFIELD+RCS","07-04","DMC",2001,2026,59.095,40.5623039286478,165.8,2021-07-04,30.2,199.1,2011-09-14,NA
"1148705","WARFIELD+RCS","07-05","DMC",2001,2026,63.3,41.8271002555696,172.8,2021-07-05,35,199.1,2011-09-14,NA
"1148705","WARFIELD+RCS","07-06","DMC",2001,2026,63.25,42.3303735669293,178.5,2021-07-06,40.2,199.1,2011-09-14,NA
"1148705","WARFIELD+RCS","07-07","DMC",2001,2026,65.275,44.1012217875865,182.3,2015-07-07,46.9,199.1,2011-09-14,NA
"1148705","WARFIELD+RCS","07-08","DMC",2001,2026,67.38,47.1143022200713,188.8,2015-07-08,53.2,199.1,2011-09-14,NA
"1148705","WARFIELD+RCS","07-09","DMC",2001,2026,71.29,48.890639508795,196.2,2015-07-09,59.1,199.1,2011-09-14,NA
"1148705","WARFIELD+RCS","07-10","DMC",2001,2026,67.4526315789474,42.0330738614917,151.4,2007-07-10,64.9,199.1,2011-09-14,NA
"1148705","WARFIELD+RCS","07-11","DMC",2001,2026,67.7631578947368,38.1106752400356,158.6,2007-07-11,70.4,199.1,2011-09-14,NA
"1148705","WARFIELD+RCS","07-12","DMC",2001,2026,71.6315789473684,39.7771298421534,166.1,2007-07-12,75.7,199.1,2011-09-14,NA
"1148705","WARFIELD+RCS","07-13","DMC",2001,2026,71.0842105263158,42.3959807208956,173.8,2007-07-13,81.7,199.1,2011-09-14,NA
"1148705","WARFIELD+RCS","07-14","DMC",2001,2026,75.53,44.3742706389282,180.4,2007-07-14,85,199.1,2011-09-14,NA
"1148705","WARFIELD+RCS","07-15","DMC",2001,2026,78.83,46.5884681913996,187.3,2007-07-15,90.9,199.1,2011-09-14,NA
"1148705","WARFIELD+RCS","07-16","DMC",2001,2026,82.245,47.9126120633893,194.8,2007-07-16,96.4,199.1,2011-09-14,NA
"1148705","WARFIELD+RCS","07-17","DMC",2001,2026,84.865,49.7307727987199,197.4,2007-07-17,100.6,199.1,2011-09-14,NA
"1148705","WARFIELD+RCS","07-18","DMC",2001,2026,83.0684210526316,44.7974460163818,155.9,2003-07-18,106.8,199.1,2011-09-14,NA
"1148705","WARFIELD+RCS","07-19","DMC",2001,2026,85.19,42.3761340478589,162.9,2003-07-19,112.3,199.1,2011-09-14,NA
"1148705","WARFIELD+RCS","07-20","DMC",2001,2026,86.41,41.9529297640758,170,2003-07-20,117.5,199.1,2011-09-14,NA
"1148705","WARFIELD+RCS","07-21","DMC",2001,2026,90.02,43.734830151963,176.5,2003-07-21,123.4,199.1,2011-09-14,NA
"1148705","WARFIELD+RCS","07-22","DMC",2001,2026,91.905,46.5618600980403,183.7,2003-07-22,129.3,199.1,2011-09-14,NA
"1148705","WARFIELD+RCS","07-23","DMC",2001,2026,90.6,45.1469297201692,190.4,2003-07-23,133.8,199.1,2011-09-14,NA
"1148705","WARFIELD+RCS","07-24","DMC",2001,2026,86.95,47.9790908406437,197.6,2003-07-24,139.2,199.1,2011-09-14,NA
"1148705","WARFIELD+RCS","07-25","DMC",2001,2026,84.7315789473684,43.0941224741016,174.3,2023-07-25,145.3,199.1,2011-09-14,NA
"1148705","WARFIELD+RCS","07-26","DMC",2001,2026,84.5473684210526,43.5967935673798,179.4,2023-07-26,150.4,199.1,2011-09-14,NA
"1148705","WARFIELD+RCS","07-27","DMC",2001,2026,86.521052631579,47.4668373001073,184.7,2023-07-27,155.9,199.1,2011-09-14,NA
"1148705","WARFIELD+RCS","07-28","DMC",2001,2026,89.7947368421053,49.7021067481518,190.3,2023-07-28,161.5,199.1,2011-09-14,NA
"1148705","WARFIELD+RCS","07-29","DMC",2001,2026,94.5052631578947,50.9521177586719,196.7,2023-07-29,167,199.1,2011-09-14,NA
"1148705","WARFIELD+RCS","07-30","DMC",2001,2026,98.8684210526316,51.68224552904,194.9,2017-07-30,172.9,199.1,2011-09-14,NA
"1148705","WARFIELD+RCS","07-31","DMC",2001,2026,98.3333333333333,47.4195417647247,178.7,2026-07-31,178.7,199.1,2011-09-14,NA
"1148705","WARFIELD+RCS","08-01","DMC",2001,2026,102.761111111111,47.4508927442068,184.7,2026-08-01,184.7,199.1,2011-09-14,NA
"1148705","WARFIELD+RCS","08-02","DMC",2001,2026,100.888888888889,44.5765552846533,188.6,2026-08-02,188.6,199.1,2011-09-14,NA
"1148705","WARFIELD+RCS","08-03","DMC",2001,2026,104.188888888889,45.6677758560014,192.9,2026-08-03,192.9,199.1,2011-09-14,NA
"1148705","WARFIELD+RCS","08-04","DMC",2001,2026,104.266666666667,48.3514705658717,198.3,2026-08-04,198.3,199.1,2011-09-14,NA
"1148705","WARFIELD+RCS","08-05","DMC",2001,2026,105.477777777778,52.5315653629047,191.3,2018-08-05,NA,199.1,2011-09-14,NA
"1148705","WARFIELD+RCS","08-06","DMC",2001,2026,106.422222222222,54.105078108475,196.7,2018-08-06,NA,199.1,2011-09-14,NA
"1148705","WARFIELD+RCS","08-07","DMC",2001,2026,95.1529411764706,46.1670758989437,186.8,2007-08-07,NA,199.1,2011-09-14,NA
"1148705","WARFIELD+RCS","08-08","DMC",2001,2026,95.0352941176471,42.6601825648999,190.2,2007-08-08,NA,199.1,2011-09-14,NA
"1148705","WARFIELD+RCS","08-09","DMC",2001,2026,96.8705882352941,44.0350537172643,194.1,2007-08-09,NA,199.1,2011-09-14,NA
"1148705","WARFIELD+RCS","08-10","DMC",2001,2026,95.2235294117647,46.0575934213318,197.5,2007-08-10,NA,199.1,2011-09-14,NA
"1148705","WARFIELD+RCS","08-11","DMC",2001,2026,88.475,41.9406644360021,158.3,2003-08-11,NA,199.1,2011-09-14,NA
"1148705","WARFIELD+RCS","08-12","DMC",2001,2026,90.8125,44.4336790434163,163.4,2003-08-12,NA,199.1,2011-09-14,NA
"1148705","WARFIELD+RCS","08-13","DMC",2001,2026,94.7,45.5101087671739,169.1,2003-08-13,NA,199.1,2011-09-14,NA
"1148705","WARFIELD+RCS","08-14","DMC",2001,2026,92.1294117647059,44.4666836618423,175.1,2003-08-14,NA,199.1,2011-09-14,NA
"1148705","WARFIELD+RCS","08-15","DMC",2001,2026,93.2705882352941,47.3212262719633,181.1,2003-08-15,NA,199.1,2011-09-14,NA
"1148705","WARFIELD+RCS","08-16","DMC",2001,2026,94.4470588235294,43.556545398583,170.5,2005-08-16,NA,199.1,2011-09-14,NA
"1148705","WARFIELD+RCS","08-17","DMC",2001,2026,93.8764705882353,39.2165228158324,160.4,2012-08-17,NA,199.1,2011-09-14,NA
"1148705","WARFIELD+RCS","08-18","DMC",2001,2026,96.7352941176471,40.4468623810375,165,2012-08-18,NA,199.1,2011-09-14,NA
"1148705","WARFIELD+RCS","08-19","DMC",2001,2026,103.583333333333,45.5798362281858,173.4,2007-08-19,NA,199.1,2011-09-14,NA
"1148705","WARFIELD+RCS","08-20","DMC",2001,2026,100,45.9339295331125,175,2012-08-20,NA,199.1,2011-09-14,NA
"1148705","WARFIELD+RCS","08-21","DMC",2001,2026,102.527777777778,48.3666365994961,177.6,2012-08-21,NA,199.1,2011-09-14,NA
"1148705","WARFIELD+RCS","08-22","DMC",2001,2026,102.066666666667,52.0193516028071,180.7,2012-08-22,NA,199.1,2011-09-14,NA
"1148705","WARFIELD+RCS","08-23","DMC",2001,2026,100.005555555556,52.6487078465227,184.8,2012-08-23,NA,199.1,2011-09-14,NA
"1148705","WARFIELD+RCS","08-24","DMC",2001,2026,102.283333333333,54.9340808177776,188.2,2012-08-24,NA,199.1,2011-09-14,NA
"1148705","WARFIELD+RCS","08-25","DMC",2001,2026,105.422222222222,56.145719605909,191.6,2012-08-25,NA,199.1,2011-09-14,NA
"1148705","WARFIELD+RCS","08-26","DMC",2001,2026,106.738888888889,58.5547520439469,194.9,2012-08-26,NA,199.1,2011-09-14,NA
"1148705","WARFIELD+RCS","08-27","DMC",2001,2026,109.063157894737,58.0675106188795,198.9,2012-08-27,NA,199.1,2011-09-14,NA
"1148705","WARFIELD+RCS","08-28","DMC",2001,2026,107.605555555556,55.735831459634,187.5,2017-08-28,NA,199.1,2011-09-14,NA
"1148705","WARFIELD+RCS","08-29","DMC",2001,2026,111.155555555556,56.0701369842977,192,2017-08-29,NA,199.1,2011-09-14,NA
"1148705","WARFIELD+RCS","08-30","DMC",2001,2026,106.766666666667,52.6486802247859,196.3,2017-08-30,NA,199.1,2011-09-14,NA
"1148705","WARFIELD+RCS","08-31","DMC",2001,2026,99.5294117647059,51.5003854925607,187,2002-08-31,NA,199.1,2011-09-14,NA
"1148705","WARFIELD+RCS","09-01","DMC",2001,2026,97.5176470588235,55.8160621516571,189.7,2002-09-01,NA,199.1,2011-09-14,NA
"1148705","WARFIELD+RCS","09-02","DMC",2001,2026,98.2411764705883,58.2186939352766,192.1,2002-09-02,NA,199.1,2011-09-14,NA
"1148705","WARFIELD+RCS","09-03","DMC",2001,2026,92.7,53.5106064252686,181,2003-09-03,NA,199.1,2011-09-14,NA
"1148705","WARFIELD+RCS","09-04","DMC",2001,2026,95.5294117647059,54.0879696039919,185.3,2003-09-04,NA,199.1,2011-09-14,NA
"1148705","WARFIELD+RCS","09-05","DMC",2001,2026,98.4470588235294,54.899079200464,190,2003-09-05,NA,199.1,2011-09-14,NA
"1148705","WARFIELD+RCS","09-06","DMC",2001,2026,97.4388888888889,54.739663422732,195,2003-09-06,NA,199.1,2011-09-14,NA
"1148705","WARFIELD+RCS","09-07","DMC",2001,2026,92.2888888888889,57.158241533163,198.6,2003-09-07,NA,199.1,2011-09-14,NA
"1148705","WARFIELD+RCS","09-08","DMC",2001,2026,84.1611111111111,51.704160020241,195.2,2020-09-08,NA,199.1,2011-09-14,NA
"1148705","WARFIELD+RCS","09-09","DMC",2001,2026,80.5944444444445,53.8067180610073,198.5,2020-09-09,NA,199.1,2011-09-14,NA
"1148705","WARFIELD+RCS","09-10","DMC",2001,2026,72.0705882352941,44.5184619667207,183.7,2011-09-10,NA,199.1,2011-09-14,NA
"1148705","WARFIELD+RCS","09-11","DMC",2001,2026,71.3352941176471,46.0781257916442,187.8,2011-09-11,NA,199.1,2011-09-14,NA
"1148705","WARFIELD+RCS","09-12","DMC",2001,2026,73.0941176470588,47.0856330342419,192,2011-09-12,NA,199.1,2011-09-14,NA
"1148705","WARFIELD+RCS","09-13","DMC",2001,2026,72.4235294117647,45.5233666567479,195.4,2011-09-13,NA,199.1,2011-09-14,NA
"1148705","WARFIELD+RCS","09-14","DMC",2001,2026,73.0944444444444,46.5321833247412,199.1,2011-09-14,NA,199.1,2011-09-14,NA
"1148705","WARFIELD+RCS","09-15","DMC",2001,2026,66.364705882353,37.3811439962796,157.6,2002-09-15,NA,199.1,2011-09-14,NA
"1148705","WARFIELD+RCS","09-16","DMC",2001,2026,66.6058823529412,39.7260693781211,159.5,2002-09-16,NA,199.1,2011-09-14,NA
"1148705","WARFIELD+RCS","09-17","DMC",2001,2026,56.2647058823529,35.0913974710411,117.5,2007-09-17,NA,199.1,2011-09-14,NA
"1148705","WARFIELD+RCS","09-18","DMC",2001,2026,56.46875,36.7840131714852,118.6,2007-09-18,NA,199.1,2011-09-14,NA
"1148705","WARFIELD+RCS","09-19","DMC",2001,2026,52.59375,34.5131369915863,118.7,2001-09-19,NA,199.1,2011-09-14,NA
"1148705","WARFIELD+RCS","09-20","DMC",2001,2026,56.9235294117647,36.2924842324786,120.3,2001-09-20,NA,199.1,2011-09-14,NA
"1148705","WARFIELD+RCS","09-21","DMC",2001,2026,51.5352941176471,33.1018492907963,121.4,2001-09-21,NA,199.1,2011-09-14,NA
"1148705","WARFIELD+RCS","09-22","DMC",2001,2026,52.7,33.7919184125436,123.5,2001-09-22,NA,199.1,2011-09-14,NA
"1148705","WARFIELD+RCS","09-23","DMC",2001,2026,53.3823529411765,35.254826536485,125.8,2001-09-23,NA,199.1,2011-09-14,NA
"1148705","WARFIELD+RCS","09-24","DMC",2001,2026,54.0777777777778,34.9131115696829,128.2,2001-09-24,NA,199.1,2011-09-14,NA
"1148705","WARFIELD+RCS","09-25","DMC",2001,2026,52.7833333333333,35.6189184695602,131,2001-09-25,NA,199.1,2011-09-14,NA
"1148705","WARFIELD+RCS","09-26","DMC",2001,2026,49.9555555555555,30.9812509188498,114.8,2012-09-26,NA,199.1,2011-09-14,NA
"1148705","WARFIELD+RCS","09-27","DMC",2001,2026,55.7105263157895,35.4943484505608,132.3,2011-09-27,NA,199.1,2011-09-14,NA
"1148705","WARFIELD+RCS","09-28","DMC",2001,2026,54.6,37.0137211795242,134.5,2011-09-28,NA,199.1,2011-09-14,NA
"1148705","WARFIELD+RCS","09-29","DMC",2001,2026,54.6421052631579,38.7819590902419,136.5,2011-09-29,NA,199.1,2011-09-14,NA
"1148705","WARFIELD+RCS","09-30","DMC",2001,2026,51.821052631579,38.0813978931588,138.9,2011-09-30,NA,199.1,2011-09-14,NA
"1148705","WARFIELD+RCS","10-01","DMC",2001,2026,51.5894736842105,39.322398123106,139.7,2011-10-01,NA,199.1,2011-09-14,NA
"1148705","WARFIELD+RCS","10-02","DMC",2001,2026,51.0263157894737,39.8305974249454,142.2,2011-10-02,NA,199.1,2011-09-14,NA
"1148705","WARFIELD+RCS","10-03","DMC",2001,2026,51.6052631578947,40.1628417775576,144.4,2011-10-03,NA,199.1,2011-09-14,NA
"1148705","WARFIELD+RCS","10-04","DMC",2001,2026,49.9842105263158,36.6925100313083,131.7,2012-10-04,NA,199.1,2011-09-14,NA
"1148705","WARFIELD+RCS","10-05","DMC",2001,2026,48.8263157894737,35.4138523133606,133.2,2012-10-05,NA,199.1,2011-09-14,NA
"1148705","WARFIELD+RCS","10-06","DMC",2001,2026,48.6947368421053,35.295207003599,134.6,2012-10-06,NA,199.1,2011-09-14,NA
"1148705","WARFIELD+RCS","10-07","DMC",2001,2026,48.9684210526316,35.8395351630257,136.4,2012-10-07,NA,199.1,2011-09-14,NA
"1148705","WARFIELD+RCS","10-08","DMC",2001,2026,49.7,35.9729991336094,137.7,2012-10-08,NA,199.1,2011-09-14,NA
"1148705","WARFIELD+RCS","10-09","DMC",2001,2026,48.7315789473684,37.2705134065878,139.2,2012-10-09,NA,199.1,2011-09-14,NA
"1148705","WARFIELD+RCS","10-10","DMC",2001,2026,47.5578947368421,38.6794851710751,140.9,2012-10-10,NA,199.1,2011-09-14,NA
"1148705","WARFIELD+RCS","10-11","DMC",2001,2026,45.1368421052632,39.0581078583395,142.4,2012-10-11,NA,199.1,2011-09-14,NA
"1148705","WARFIELD+RCS","10-12","DMC",2001,2026,44.0263157894737,39.512400895939,143.6,2012-10-12,NA,199.1,2011-09-14,NA
"1148705","WARFIELD+RCS","10-13","DMC",2001,2026,43.4578947368421,38.4146285184502,144.2,2012-10-13,NA,199.1,2011-09-14,NA
"1148705","WARFIELD+RCS","10-14","DMC",2001,2026,39.6894736842105,32.0825133182971,101.5,2006-10-14,NA,199.1,2011-09-14,NA
"1148705","WARFIELD+RCS","10-15","DMC",2001,2026,38.1105263157895,30.9631482525211,102.1,2006-10-15,NA,199.1,2011-09-14,NA
"1148705","WARFIELD+RCS","10-16","DMC",2001,2026,31.3052631578947,26.7666349872002,92.9,2015-10-16,NA,199.1,2011-09-14,NA
"1148705","WARFIELD+RCS","10-17","DMC",2001,2026,29.5947368421053,27.9319107371283,94.3,2015-10-17,NA,199.1,2011-09-14,NA
"1148705","WARFIELD+RCS","10-18","DMC",2001,2026,29.2421052631579,28.56021544794,95.1,2015-10-18,NA,199.1,2011-09-14,NA
"1148705","WARFIELD+RCS","10-19","DMC",2001,2026,26.3947368421053,23.4475886863592,80,2002-10-19,NA,199.1,2011-09-14,NA
"1148705","WARFIELD+RCS","10-20","DMC",2001,2026,23.4,22.807089541047,80.6,2002-10-20,NA,199.1,2011-09-14,NA
"1148705","WARFIELD+RCS","10-21","DMC",2001,2026,22.0736842105263,23.8317911413693,81.2,2002-10-21,NA,199.1,2011-09-14,NA
"1148705","WARFIELD+RCS","10-22","DMC",2001,2026,20.2736842105263,24.5357752884609,82.6,2002-10-22,NA,199.1,2011-09-14,NA
"1148705","WARFIELD+RCS","10-23","DMC",2001,2026,18.4368421052632,25.1330727335366,83.4,2002-10-23,NA,199.1,2011-09-14,NA
"1148705","WARFIELD+RCS","10-24","DMC",2001,2026,18.1368421052632,25.4007482507092,84.1,2002-10-24,NA,199.1,2011-09-14,NA
"1148705","WARFIELD+RCS","10-25","DMC",2001,2026,18.1210526315789,25.6324572660733,84.8,2002-10-25,NA,199.1,2011-09-14,NA
"1148705","WARFIELD+RCS","10-26","DMC",2001,2026,16.1052631578947,23.2738879358203,85.4,2002-10-26,NA,199.1,2011-09-14,NA
"1148705","WARFIELD+RCS","10-27","DMC",2001,2026,15.8684210526316,22.823673203048,85.5,2002-10-27,NA,199.1,2011-09-14,NA
"1148705","WARFIELD+RCS","10-28","DMC",2001,2026,14.7263157894737,21.361253659248,74.6,2002-10-28,NA,199.1,2011-09-14,NA
"1148705","WARFIELD+RCS","10-29","DMC",2001,2026,15.1611111111111,22.0765017179936,75,2002-10-29,NA,199.1,2011-09-14,NA
"1148705","WARFIELD+RCS","10-30","DMC",2001,2026,12.9944444444444,19.1104366996067,75.1,2002-10-30,NA,199.1,2011-09-14,NA
"1148705","WARFIELD+RCS","10-31","DMC",2001,2026,12,18.9860629998769,75.2,2002-10-31,NA,199.1,2011-09-14,NA
"1148705","WARFIELD+RCS","04-01","FFMC",2001,2026,69.4625,26.3067040613496,92.7,2007-04-01,NA,98.9,2007-07-29,NA
"1148705","WARFIELD+RCS","04-02","FFMC",2001,2026,78.4777777777778,17.7949274919693,90.1,2013-04-02,NA,98.9,2007-07-29,NA
"1148705","WARFIELD+RCS","04-03","FFMC",2001,2026,81.28,10.3213694181861,90.6,2024-04-03,NA,98.9,2007-07-29,NA
"1148705","WARFIELD+RCS","04-04","FFMC",2001,2026,74.9545454545454,21.6602568607283,90.1,2017-04-04,NA,98.9,2007-07-29,NA
"1148705","WARFIELD+RCS","04-05","FFMC",2001,2026,73.45,17.0173975149498,90.3,2007-04-05,NA,98.9,2007-07-29,NA
"1148705","WARFIELD+RCS","04-06","FFMC",2001,2026,69.2076923076923,26.1029839143108,91.3,2021-04-06,89.6,98.9,2007-07-29,NA
"1148705","WARFIELD+RCS","04-07","FFMC",2001,2026,69.8692307692308,28.6087802552347,91.7,2026-04-07,91.7,98.9,2007-07-29,NA
"1148705","WARFIELD+RCS","04-08","FFMC",2001,2026,74.9384615384615,25.3336909556404,92.9,2020-04-08,91.9,98.9,2007-07-29,NA
"1148705","WARFIELD+RCS","04-09","FFMC",2001,2026,75.6923076923077,20.2659180867148,93,2020-04-09,92.2,98.9,2007-07-29,NA
"1148705","WARFIELD+RCS","04-10","FFMC",2001,2026,77.05,18.6616740118103,92.3,2026-04-10,92.3,98.9,2007-07-29,NA
"1148705","WARFIELD+RCS","04-11","FFMC",2001,2026,77.3928571428571,14.2315718514378,92.2,2020-04-11,85.8,98.9,2007-07-29,NA
"1148705","WARFIELD+RCS","04-12","FFMC",2001,2026,74.1285714285714,20.7476200144435,92.3,2020-04-12,68.6,98.9,2007-07-29,NA
"1148705","WARFIELD+RCS","04-13","FFMC",2001,2026,67.3214285714286,27.1807108802556,93,2020-04-13,55,98.9,2007-07-29,NA
"1148705","WARFIELD+RCS","04-14","FFMC",2001,2026,65.7357142857143,20.314587678008,93,2021-04-14,49.9,98.9,2007-07-29,NA
"1148705","WARFIELD+RCS","04-15","FFMC",2001,2026,70.38,17.7039624297581,94,2024-04-15,10.5,98.9,2007-07-29,NA
"1148705","WARFIELD+RCS","04-16","FFMC",2001,2026,73.2066666666667,18.9101056379412,93.9,2021-04-16,39.5,98.9,2007-07-29,NA
"1148705","WARFIELD+RCS","04-17","FFMC",2001,2026,73.15,18.9640009843211,94,2021-04-17,65.5,98.9,2007-07-29,NA
"1148705","WARFIELD+RCS","04-18","FFMC",2001,2026,72.55,18.2207208053542,93.9,2021-04-18,82.7,98.9,2007-07-29,NA
"1148705","WARFIELD+RCS","04-19","FFMC",2001,2026,79.4722222222222,14.0346967341051,94,2021-04-19,89.7,98.9,2007-07-29,NA
"1148705","WARFIELD+RCS","04-20","FFMC",2001,2026,81.6944444444444,15.6782153929743,94.1,2021-04-20,91.9,98.9,2007-07-29,NA
"1148705","WARFIELD+RCS","04-21","FFMC",2001,2026,84.6333333333334,11.0147494697952,94,2021-04-21,91.9,98.9,2007-07-29,NA
"1148705","WARFIELD+RCS","04-22","FFMC",2001,2026,85.0333333333333,14.6061228096101,93.4,2021-04-22,78.6,98.9,2007-07-29,NA
"1148705","WARFIELD+RCS","04-23","FFMC",2001,2026,81.9722222222222,15.8210509636614,93.5,2021-04-23,90.2,98.9,2007-07-29,NA
"1148705","WARFIELD+RCS","04-24","FFMC",2001,2026,72.8166666666667,23.5036229998196,93.3,2018-04-24,92.6,98.9,2007-07-29,NA
"1148705","WARFIELD+RCS","04-25","FFMC",2001,2026,75.9388888888889,22.5156975016749,95.4,2018-04-25,92.7,98.9,2007-07-29,NA
"1148705","WARFIELD+RCS","04-26","FFMC",2001,2026,77.7555555555555,21.0679913954299,95.3,2018-04-26,92.8,98.9,2007-07-29,NA
"1148705","WARFIELD+RCS","04-27","FFMC",2001,2026,76.35,24.1457157325123,94.4,2018-04-27,92.1,98.9,2007-07-29,NA
"1148705","WARFIELD+RCS","04-28","FFMC",2001,2026,79.4722222222222,18.9066998879655,93.5,2025-04-28,92.1,98.9,2007-07-29,NA
"1148705","WARFIELD+RCS","04-29","FFMC",2001,2026,84.1277777777778,11.901695655541,94.4,2026-04-29,94.4,98.9,2007-07-29,NA
"1148705","WARFIELD+RCS","04-30","FFMC",2001,2026,87.1111111111111,7.36940327130789,94.5,2026-04-30,94.5,98.9,2007-07-29,NA
"1148705","WARFIELD+RCS","05-01","FFMC",2001,2026,88.8789473684211,4.32262509585301,94.6,2026-05-01,94.6,98.9,2007-07-29,NA
"1148705","WARFIELD+RCS","05-02","FFMC",2001,2026,86.5842105263158,14.1411638354091,94,2024-05-02,93.3,98.9,2007-07-29,NA
"1148705","WARFIELD+RCS","05-03","FFMC",2001,2026,83.2,15.3405779986718,93.4,2016-05-03,93.4,98.9,2007-07-29,NA
"1148705","WARFIELD+RCS","05-04","FFMC",2001,2026,83.3,14.1289301317073,93.5,2006-05-04,93.5,98.9,2007-07-29,NA
"1148705","WARFIELD+RCS","05-05","FFMC",2001,2026,76.4736842105263,18.7277821581041,94.4,2019-05-05,93.9,98.9,2007-07-29,NA
"1148705","WARFIELD+RCS","05-06","FFMC",2001,2026,76.4842105263158,22.4477482948462,94.5,2019-05-06,93.7,98.9,2007-07-29,NA
"1148705","WARFIELD+RCS","05-07","FFMC",2001,2026,79.0105263157895,20.3882290315009,94.6,2019-05-07,93.8,98.9,2007-07-29,NA
"1148705","WARFIELD+RCS","05-08","FFMC",2001,2026,81.9631578947368,15.9651081538013,95.4,2025-05-08,92.6,98.9,2007-07-29,NA
"1148705","WARFIELD+RCS","05-09","FFMC",2001,2026,82.8526315789474,16.0238838550824,95.1,2019-05-09,92.5,98.9,2007-07-29,NA
"1148705","WARFIELD+RCS","05-10","FFMC",2001,2026,87.2157894736842,15.0178509765284,95.2,2007-05-10,92.2,98.9,2007-07-29,NA
"1148705","WARFIELD+RCS","05-11","FFMC",2001,2026,85.6526315789474,14.2187422643125,95.7,2007-05-11,92.6,98.9,2007-07-29,NA
"1148705","WARFIELD+RCS","05-12","FFMC",2001,2026,82.6947368421053,16.3950356200423,95.8,2007-05-12,92.7,98.9,2007-07-29,NA
"1148705","WARFIELD+RCS","05-13","FFMC",2001,2026,83.7105263157895,13.1133475146865,95.8,2019-05-13,90,98.9,2007-07-29,NA
"1148705","WARFIELD+RCS","05-14","FFMC",2001,2026,79.8789473684211,18.503710707356,95,2012-05-14,62,98.9,2007-07-29,NA
"1148705","WARFIELD+RCS","05-15","FFMC",2001,2026,84.7263157894737,14.3251853625883,95.1,2012-05-15,75.1,98.9,2007-07-29,NA
"1148705","WARFIELD+RCS","05-16","FFMC",2001,2026,80.1578947368421,20.6075314115299,95.6,2012-05-16,50.9,98.9,2007-07-29,NA
"1148705","WARFIELD+RCS","05-17","FFMC",2001,2026,79.3315789473684,14.3911644433342,95.9,2007-05-17,76.5,98.9,2007-07-29,NA
"1148705","WARFIELD+RCS","05-18","FFMC",2001,2026,75.6157894736842,18.9006837959164,96,2007-05-18,83.4,98.9,2007-07-29,NA
"1148705","WARFIELD+RCS","05-19","FFMC",2001,2026,75.8684210526316,18.8024245668117,94.6,2007-05-19,88.1,98.9,2007-07-29,NA
"1148705","WARFIELD+RCS","05-20","FFMC",2001,2026,74.278947368421,18.7357228294379,94.1,2007-05-20,92.9,98.9,2007-07-29,NA
"1148705","WARFIELD+RCS","05-21","FFMC",2001,2026,73.6473684210526,22.5079583066635,94.2,2007-05-21,93.2,98.9,2007-07-29,NA
"1148705","WARFIELD+RCS","05-22","FFMC",2001,2026,65.2578947368421,27.971559281795,94.3,2015-05-22,92.7,98.9,2007-07-29,NA
"1148705","WARFIELD+RCS","05-23","FFMC",2001,2026,72.5315789473684,20.767069354886,95.6,2015-05-23,92.8,98.9,2007-07-29,NA
"1148705","WARFIELD+RCS","05-24","FFMC",2001,2026,77.5421052631579,18.0844413113555,94.4,2026-05-24,94.4,98.9,2007-07-29,NA
"1148705","WARFIELD+RCS","05-25","FFMC",2001,2026,76.6315789473684,17.3610692397156,94.5,2026-05-25,94.5,98.9,2007-07-29,NA
"1148705","WARFIELD+RCS","05-26","FFMC",2001,2026,72.4263157894737,22.6906696954513,94.8,2007-05-26,21,98.9,2007-07-29,NA
"1148705","WARFIELD+RCS","05-27","FFMC",2001,2026,75.3578947368421,18.6078034941578,94.6,2018-05-27,62,98.9,2007-07-29,NA
"1148705","WARFIELD+RCS","05-28","FFMC",2001,2026,75.2263157894737,20.5856703694926,94.7,2018-05-28,86.6,98.9,2007-07-29,NA
"1148705","WARFIELD+RCS","05-29","FFMC",2001,2026,81.0473684210526,14.8834870623286,94.6,2005-05-29,67.8,98.9,2007-07-29,NA
"1148705","WARFIELD+RCS","05-30","FFMC",2001,2026,84.5105263157895,11.3484651305238,94.8,2005-05-30,21.1,98.9,2007-07-29,NA
"1148705","WARFIELD+RCS","05-31","FFMC",2001,2026,78.0315789473684,20.1222666227015,95.5,2009-05-31,55.3,98.9,2007-07-29,NA
"1148705","WARFIELD+RCS","06-01","FFMC",2001,2026,76.4684210526316,16.7650447403578,95.3,2007-06-01,73,98.9,2007-07-29,NA
"1148705","WARFIELD+RCS","06-02","FFMC",2001,2026,71.5052631578947,24.9776004915562,95.4,2007-06-02,86.5,98.9,2007-07-29,NA
"1148705","WARFIELD+RCS","06-03","FFMC",2001,2026,79.3526315789474,19.5074734516758,96.7,2019-06-03,86.5,98.9,2007-07-29,NA
"1148705","WARFIELD+RCS","06-04","FFMC",2001,2026,79.5,21.7575274330518,96.8,2019-06-04,79.3,98.9,2007-07-29,NA
"1148705","WARFIELD+RCS","06-05","FFMC",2001,2026,76.7947368421053,23.1354819771664,95.6,2023-06-05,89.9,98.9,2007-07-29,NA
"1148705","WARFIELD+RCS","06-06","FFMC",2001,2026,73.9263157894737,24.3520211824915,95.7,2023-06-06,90.8,98.9,2007-07-29,NA
"1148705","WARFIELD+RCS","06-07","FFMC",2001,2026,77.0947368421053,20.4758251409968,96,2018-06-07,80.1,98.9,2007-07-29,NA
"1148705","WARFIELD+RCS","06-08","FFMC",2001,2026,69.3894736842105,25.839803377667,95.8,2025-06-08,88,98.9,2007-07-29,NA
"1148705","WARFIELD+RCS","06-09","FFMC",2001,2026,71.8,18.8712008685781,95.9,2025-06-09,13.3,98.9,2007-07-29,NA
"1148705","WARFIELD+RCS","06-10","FFMC",2001,2026,72.6526315789474,20.4335336700634,96,2025-06-10,41.2,98.9,2007-07-29,NA
"1148705","WARFIELD+RCS","06-11","FFMC",2001,2026,73.0263157894737,18.1579747434461,96.1,2025-06-11,73.9,98.9,2007-07-29,NA
"1148705","WARFIELD+RCS","06-12","FFMC",2001,2026,81.8631578947368,13.598088530963,94.1,2009-06-12,88.3,98.9,2007-07-29,NA
"1148705","WARFIELD+RCS","06-13","FFMC",2001,2026,78.0526315789474,21.0396284404521,95.2,2019-06-13,92,98.9,2007-07-29,NA
"1148705","WARFIELD+RCS","06-14","FFMC",2001,2026,79.6684210526316,17.9237289222843,95.1,2019-06-14,92.5,98.9,2007-07-29,NA
"1148705","WARFIELD+RCS","06-15","FFMC",2001,2026,76.5631578947368,20.5781224315295,94.9,2019-06-15,92.6,98.9,2007-07-29,NA
"1148705","WARFIELD+RCS","06-16","FFMC",2001,2026,77.9526315789474,19.3312173675711,96,2026-06-16,96,98.9,2007-07-29,NA
"1148705","WARFIELD+RCS","06-17","FFMC",2001,2026,75.5736842105263,23.0227144385053,95.6,2025-06-17,94.9,98.9,2007-07-29,NA
"1148705","WARFIELD+RCS","06-18","FFMC",2001,2026,76.6578947368421,20.2656884574635,95.5,2025-06-18,95,98.9,2007-07-29,NA
"1148705","WARFIELD+RCS","06-19","FFMC",2001,2026,74.721052631579,22.1371627949064,95.5,2004-06-19,95.1,98.9,2007-07-29,NA
"1148705","WARFIELD+RCS","06-20","FFMC",2001,2026,79.7631578947368,19.9544539869706,96.1,2007-06-20,95.2,98.9,2007-07-29,NA
"1148705","WARFIELD+RCS","06-21","FFMC",2001,2026,81.9631578947369,16.0304990747261,97.2,2007-06-21,95.2,98.9,2007-07-29,NA
"1148705","WARFIELD+RCS","06-22","FFMC",2001,2026,82.6894736842105,16.8241854594589,97.3,2007-06-22,95.3,98.9,2007-07-29,NA
"1148705","WARFIELD+RCS","06-23","FFMC",2001,2026,78.6315789473684,20.1802172830384,96.9,2007-06-23,95.4,98.9,2007-07-29,NA
"1148705","WARFIELD+RCS","06-24","FFMC",2001,2026,74.4526315789474,22.6759140063503,95.8,2007-06-24,95.5,98.9,2007-07-29,NA
"1148705","WARFIELD+RCS","06-25","FFMC",2001,2026,76.4842105263158,19.2671356101493,95.8,2021-06-25,95.6,98.9,2007-07-29,NA
"1148705","WARFIELD+RCS","06-26","FFMC",2001,2026,84.8473684210526,15.3730055046375,95.9,2021-06-26,58.7,98.9,2007-07-29,NA
"1148705","WARFIELD+RCS","06-27","FFMC",2001,2026,83.6,17.3329925742483,96,2021-06-27,42.1,98.9,2007-07-29,NA
"1148705","WARFIELD+RCS","06-28","FFMC",2001,2026,81.43,17.2776125300008,96.1,2021-06-28,70.2,98.9,2007-07-29,NA
"1148705","WARFIELD+RCS","06-29","FFMC",2001,2026,82.7,15.0141687468169,96.2,2021-06-29,70.1,98.9,2007-07-29,NA
"1148705","WARFIELD+RCS","06-30","FFMC",2001,2026,84.505,11.8790605246109,97.8,2021-06-30,49.5,98.9,2007-07-29,NA
"1148705","WARFIELD+RCS","07-01","FFMC",2001,2026,87.845,11.8332037304492,97.9,2021-07-01,61.9,98.9,2007-07-29,NA
"1148705","WARFIELD+RCS","07-02","FFMC",2001,2026,84.65,17.8738415156428,97.1,2021-07-02,84.1,98.9,2007-07-29,NA
"1148705","WARFIELD+RCS","07-03","FFMC",2001,2026,86.505,14.4624914138172,96.9,2007-07-03,90.2,98.9,2007-07-29,NA
"1148705","WARFIELD+RCS","07-04","FFMC",2001,2026,88.675,10.2755138173488,97,2007-07-04,93.5,98.9,2007-07-29,NA
"1148705","WARFIELD+RCS","07-05","FFMC",2001,2026,90.22,8.79034158967431,97.8,2007-07-05,93.6,98.9,2007-07-29,NA
"1148705","WARFIELD+RCS","07-06","FFMC",2001,2026,86.95,11.1303520538258,97.9,2007-07-06,93.7,98.9,2007-07-29,NA
"1148705","WARFIELD+RCS","07-07","FFMC",2001,2026,87.165,11.0969543000249,98,2007-07-07,96,98.9,2007-07-29,NA
"1148705","WARFIELD+RCS","07-08","FFMC",2001,2026,83.845,16.6771660788352,98.1,2007-07-08,96.1,98.9,2007-07-29,NA
"1148705","WARFIELD+RCS","07-09","FFMC",2001,2026,88.07,11.1855216568939,98.2,2007-07-09,96.1,98.9,2007-07-29,NA
"1148705","WARFIELD+RCS","07-10","FFMC",2001,2026,88.295,10.8590721228115,98.3,2007-07-10,95.8,98.9,2007-07-29,NA
"1148705","WARFIELD+RCS","07-11","FFMC",2001,2026,89.16,8.32279052393265,98.4,2007-07-11,95.3,98.9,2007-07-29,NA
"1148705","WARFIELD+RCS","07-12","FFMC",2001,2026,90.73,9.59073566137217,98.5,2007-07-12,95.4,98.9,2007-07-29,NA
"1148705","WARFIELD+RCS","07-13","FFMC",2001,2026,83.68,20.1989212843813,98.6,2007-07-13,95.5,98.9,2007-07-29,NA
"1148705","WARFIELD+RCS","07-14","FFMC",2001,2026,86.9,11.361662220866,97.7,2007-07-14,92.1,98.9,2007-07-29,NA
"1148705","WARFIELD+RCS","07-15","FFMC",2001,2026,87.315,15.334353417632,97.6,2007-07-15,93.6,98.9,2007-07-29,NA
"1148705","WARFIELD+RCS","07-16","FFMC",2001,2026,88.975,12.0951436535496,97.9,2007-07-16,93.7,98.9,2007-07-29,NA
"1148705","WARFIELD+RCS","07-17","FFMC",2001,2026,88.575,11.6473568268784,96.8,2018-07-17,88.1,98.9,2007-07-29,NA
"1148705","WARFIELD+RCS","07-18","FFMC",2001,2026,90.87,7.41918565541217,96.9,2018-07-18,95.3,98.9,2007-07-29,NA
"1148705","WARFIELD+RCS","07-19","FFMC",2001,2026,89.345,9.86223392009827,97,2018-07-19,95.3,98.9,2007-07-29,NA
"1148705","WARFIELD+RCS","07-20","FFMC",2001,2026,90.32,6.39165574463259,97.1,2018-07-20,95,98.9,2007-07-29,NA
"1148705","WARFIELD+RCS","07-21","FFMC",2001,2026,90.705,7.51941172111083,97,2003-07-21,95.1,98.9,2007-07-29,NA
"1148705","WARFIELD+RCS","07-22","FFMC",2001,2026,86.595,14.8620489839053,97.1,2003-07-22,95.2,98.9,2007-07-29,NA
"1148705","WARFIELD+RCS","07-23","FFMC",2001,2026,88.585,8.65875127741931,97.2,2003-07-23,93.2,98.9,2007-07-29,NA
"1148705","WARFIELD+RCS","07-24","FFMC",2001,2026,86.285,14.3427324343798,97.6,2003-07-24,91.5,98.9,2007-07-29,NA
"1148705","WARFIELD+RCS","07-25","FFMC",2001,2026,88.915,12.8257255873539,97.7,2003-07-25,95,98.9,2007-07-29,NA
"1148705","WARFIELD+RCS","07-26","FFMC",2001,2026,88.76,13.7462492491971,97.8,2003-07-26,94.9,98.9,2007-07-29,NA
"1148705","WARFIELD+RCS","07-27","FFMC",2001,2026,90.21,10.4676393558534,98.6,2007-07-27,95,98.9,2007-07-29,NA
"1148705","WARFIELD+RCS","07-28","FFMC",2001,2026,90.51,10.9111676252988,98.8,2007-07-28,95.1,98.9,2007-07-29,NA
"1148705","WARFIELD+RCS","07-29","FFMC",2001,2026,92.295,9.75043723715965,98.9,2007-07-29,95.2,98.9,2007-07-29,NA
"1148705","WARFIELD+RCS","07-30","FFMC",2001,2026,93.25,5.46881108988436,98.8,2007-07-30,95.7,98.9,2007-07-29,NA
"1148705","WARFIELD+RCS","07-31","FFMC",2001,2026,93.405,3.84481537439158,98.2,2003-07-31,95.8,98.9,2007-07-29,NA
"1148705","WARFIELD+RCS","08-01","FFMC",2001,2026,93.37,4.19863386303086,98.3,2003-08-01,95.9,98.9,2007-07-29,NA
"1148705","WARFIELD+RCS","08-02","FFMC",2001,2026,91.8,9.44970063574837,98.2,2023-08-02,94.6,98.9,2007-07-29,NA
"1148705","WARFIELD+RCS","08-03","FFMC",2001,2026,92.38,5.27302968939709,98,2023-08-03,94.5,98.9,2007-07-29,NA
"1148705","WARFIELD+RCS","08-04","FFMC",2001,2026,90.87,5.79583334909884,97.5,2023-08-04,95.1,98.9,2007-07-29,NA
"1148705","WARFIELD+RCS","08-05","FFMC",2001,2026,89.75,12.9618265444505,96.2,2023-08-05,95.2,98.9,2007-07-29,NA
"1148705","WARFIELD+RCS","08-06","FFMC",2001,2026,88.855,12.5681918893857,96.6,2017-08-06,94.1,98.9,2007-07-29,NA
"1148705","WARFIELD+RCS","08-07","FFMC",2001,2026,88.09,13.4736350739236,96.1,2017-08-07,94.1,98.9,2007-07-29,NA
"1148705","WARFIELD+RCS","08-08","FFMC",2001,2026,90.815,6.23835968656404,96.4,2019-08-08,NA,98.9,2007-07-29,NA
"1148705","WARFIELD+RCS","08-09","FFMC",2001,2026,91.015,6.43471465036166,95.6,2003-08-09,NA,98.9,2007-07-29,NA
"1148705","WARFIELD+RCS","08-10","FFMC",2001,2026,89.59,10.1217795398157,96.8,2003-08-10,NA,98.9,2007-07-29,NA
"1148705","WARFIELD+RCS","08-11","FFMC",2001,2026,88.845,11.2279479776793,96,2003-08-11,NA,98.9,2007-07-29,NA
"1148705","WARFIELD+RCS","08-12","FFMC",2001,2026,89.39,10.6717975598254,96.1,2003-08-12,NA,98.9,2007-07-29,NA
"1148705","WARFIELD+RCS","08-13","FFMC",2001,2026,89.17,11.1279212604577,96.4,2002-08-13,NA,98.9,2007-07-29,NA
"1148705","WARFIELD+RCS","08-14","FFMC",2001,2026,87.205,16.870730649014,97,2003-08-14,NA,98.9,2007-07-29,NA
"1148705","WARFIELD+RCS","08-15","FFMC",2001,2026,88.09,14.9065121763328,97.1,2003-08-15,NA,98.9,2007-07-29,NA
"1148705","WARFIELD+RCS","08-16","FFMC",2001,2026,89.825,9.30019099973646,95.9,2023-08-16,NA,98.9,2007-07-29,NA
"1148705","WARFIELD+RCS","08-17","FFMC",2001,2026,91.04,7.9185591459159,95.8,2023-08-17,NA,98.9,2007-07-29,NA
"1148705","WARFIELD+RCS","08-18","FFMC",2001,2026,92.305,5.2458981469736,97.6,2023-08-18,NA,98.9,2007-07-29,NA
"1148705","WARFIELD+RCS","08-19","FFMC",2001,2026,90.57,9.11575270443539,96.3,2017-08-19,NA,98.9,2007-07-29,NA
"1148705","WARFIELD+RCS","08-20","FFMC",2001,2026,87.885,15.5820164562262,96.6,2003-08-20,NA,98.9,2007-07-29,NA
"1148705","WARFIELD+RCS","08-21","FFMC",2001,2026,89.125,15.7556297373686,96.7,2003-08-21,NA,98.9,2007-07-29,NA
"1148705","WARFIELD+RCS","08-22","FFMC",2001,2026,86.09,17.0473612713461,95.2,2009-08-22,NA,98.9,2007-07-29,NA
"1148705","WARFIELD+RCS","08-23","FFMC",2001,2026,87.675,13.7107669945539,95.7,2017-08-23,NA,98.9,2007-07-29,NA
"1148705","WARFIELD+RCS","08-24","FFMC",2001,2026,89.195,10.3682955509369,95.8,2017-08-24,NA,98.9,2007-07-29,NA
"1148705","WARFIELD+RCS","08-25","FFMC",2001,2026,88.195,15.3111062201335,96.2,2025-08-25,NA,98.9,2007-07-29,NA
"1148705","WARFIELD+RCS","08-26","FFMC",2001,2026,87.93,12.280969445704,96.9,2010-08-26,NA,98.9,2007-07-29,NA
"1148705","WARFIELD+RCS","08-27","FFMC",2001,2026,88.04,11.1210279721748,96.2,2017-08-27,NA,98.9,2007-07-29,NA
"1148705","WARFIELD+RCS","08-28","FFMC",2001,2026,90.475,6.58562030008124,95.6,2011-08-28,NA,98.9,2007-07-29,NA
"1148705","WARFIELD+RCS","08-29","FFMC",2001,2026,91.495,3.99123711200055,96.2,2006-08-29,NA,98.9,2007-07-29,NA
"1148705","WARFIELD+RCS","08-30","FFMC",2001,2026,87.86,12.1049098346606,95.2,2017-08-30,NA,98.9,2007-07-29,NA
"1148705","WARFIELD+RCS","08-31","FFMC",2001,2026,86.605,15.8417660830975,95.9,2003-08-31,NA,98.9,2007-07-29,NA
"1148705","WARFIELD+RCS","09-01","FFMC",2001,2026,85.41,15.5324075471424,97.1,2017-09-01,NA,98.9,2007-07-29,NA
"1148705","WARFIELD+RCS","09-02","FFMC",2001,2026,86.755,10.6046402455172,97.2,2017-09-02,NA,98.9,2007-07-29,NA
"1148705","WARFIELD+RCS","09-03","FFMC",2001,2026,87.445,10.702998841938,96.9,2017-09-03,NA,98.9,2007-07-29,NA
"1148705","WARFIELD+RCS","09-04","FFMC",2001,2026,89.985,5.39836963692207,96.6,2017-09-04,NA,98.9,2007-07-29,NA
"1148705","WARFIELD+RCS","09-05","FFMC",2001,2026,90.8,3.95567546963254,95.9,2003-09-05,NA,98.9,2007-07-29,NA
"1148705","WARFIELD+RCS","09-06","FFMC",2001,2026,86.775,10.7865840161212,96,2003-09-06,NA,98.9,2007-07-29,NA
"1148705","WARFIELD+RCS","09-07","FFMC",2001,2026,83.225,16.3377791121006,94.5,2011-09-07,NA,98.9,2007-07-29,NA
"1148705","WARFIELD+RCS","09-08","FFMC",2001,2026,78.82,19.7710740330679,94.6,2011-09-08,NA,98.9,2007-07-29,NA
"1148705","WARFIELD+RCS","09-09","FFMC",2001,2026,80.55,17.8360220960428,94.7,2011-09-09,NA,98.9,2007-07-29,NA
"1148705","WARFIELD+RCS","09-10","FFMC",2001,2026,83.185,17.2301533426295,94.8,2011-09-10,NA,98.9,2007-07-29,NA
"1148705","WARFIELD+RCS","09-11","FFMC",2001,2026,83.83,16.3111876362595,94.9,2011-09-11,NA,98.9,2007-07-29,NA
"1148705","WARFIELD+RCS","09-12","FFMC",2001,2026,84.92,13.014914521425,95,2011-09-12,NA,98.9,2007-07-29,NA
"1148705","WARFIELD+RCS","09-13","FFMC",2001,2026,85.585,10.9950359612633,94.4,2017-09-13,NA,98.9,2007-07-29,NA
"1148705","WARFIELD+RCS","09-14","FFMC",2001,2026,83.625,13.6416110717019,94.4,2011-09-14,NA,98.9,2007-07-29,NA
"1148705","WARFIELD+RCS","09-15","FFMC",2001,2026,81.77,18.4065520371072,93.9,2002-09-15,NA,98.9,2007-07-29,NA
"1148705","WARFIELD+RCS","09-16","FFMC",2001,2026,78.425,23.7746409569436,93.9,2017-09-16,NA,98.9,2007-07-29,NA
"1148705","WARFIELD+RCS","09-17","FFMC",2001,2026,71.68,24.2039492210411,93.8,2017-09-17,NA,98.9,2007-07-29,NA
"1148705","WARFIELD+RCS","09-18","FFMC",2001,2026,77.3,20.8183946440535,92.5,2012-09-18,NA,98.9,2007-07-29,NA
"1148705","WARFIELD+RCS","09-19","FFMC",2001,2026,76.5263157894737,20.3886908223724,92.7,2001-09-19,NA,98.9,2007-07-29,NA
"1148705","WARFIELD+RCS","09-20","FFMC",2001,2026,80.1684210526316,15.8067514629941,92.7,2012-09-20,NA,98.9,2007-07-29,NA
"1148705","WARFIELD+RCS","09-21","FFMC",2001,2026,76.3315789473684,18.9263793752875,92.3,2011-09-21,NA,98.9,2007-07-29,NA
"1148705","WARFIELD+RCS","09-22","FFMC",2001,2026,82.221052631579,13.5215292916876,92.4,2011-09-22,NA,98.9,2007-07-29,NA
"1148705","WARFIELD+RCS","09-23","FFMC",2001,2026,82.5157894736842,14.9286548905822,93.3,2011-09-23,NA,98.9,2007-07-29,NA
"1148705","WARFIELD+RCS","09-24","FFMC",2001,2026,79.1,18.7701595328566,93.4,2011-09-24,NA,98.9,2007-07-29,NA
"1148705","WARFIELD+RCS","09-25","FFMC",2001,2026,79.5789473684211,20.8419869746776,93.5,2011-09-25,NA,98.9,2007-07-29,NA
"1148705","WARFIELD+RCS","09-26","FFMC",2001,2026,78.9736842105263,15.2506044363007,95.8,2003-09-26,NA,98.9,2007-07-29,NA
"1148705","WARFIELD+RCS","09-27","FFMC",2001,2026,83.7105263157895,8.52238195295463,94.3,2003-09-27,NA,98.9,2007-07-29,NA
"1148705","WARFIELD+RCS","09-28","FFMC",2001,2026,78.7842105263158,22.4349742628655,93.3,2005-09-28,NA,98.9,2007-07-29,NA
"1148705","WARFIELD+RCS","09-29","FFMC",2001,2026,80.2578947368421,19.049972755579,93.4,2024-09-29,NA,98.9,2007-07-29,NA
"1148705","WARFIELD+RCS","09-30","FFMC",2001,2026,76.9526315789474,22.46771432822,93,2024-09-30,NA,98.9,2007-07-29,NA
"1148705","WARFIELD+RCS","10-01","FFMC",2001,2026,78.921052631579,19.6285104134937,91.7,2003-10-01,NA,98.9,2007-07-29,NA
"1148705","WARFIELD+RCS","10-02","FFMC",2001,2026,77.9,20.0474160152596,92.2,2014-10-02,NA,98.9,2007-07-29,NA
"1148705","WARFIELD+RCS","10-03","FFMC",2001,2026,79.9631578947368,16.8362113225009,92.1,2014-10-03,NA,98.9,2007-07-29,NA
"1148705","WARFIELD+RCS","10-04","FFMC",2001,2026,78.1263157894737,19.8286504865298,91.7,2003-10-04,NA,98.9,2007-07-29,NA
"1148705","WARFIELD+RCS","10-05","FFMC",2001,2026,78.8842105263158,19.8422462650302,91.5,2003-10-05,NA,98.9,2007-07-29,NA
"1148705","WARFIELD+RCS","10-06","FFMC",2001,2026,81.0263157894737,15.8576249484545,91.5,2003-10-06,NA,98.9,2007-07-29,NA
"1148705","WARFIELD+RCS","10-07","FFMC",2001,2026,82.0052631578947,10.0878074748244,90.8,2012-10-07,NA,98.9,2007-07-29,NA
"1148705","WARFIELD+RCS","10-08","FFMC",2001,2026,81.3736842105263,9.67498734453741,90.3,2023-10-08,NA,98.9,2007-07-29,NA
"1148705","WARFIELD+RCS","10-09","FFMC",2001,2026,80,10.1885556712748,90.3,2023-10-09,NA,98.9,2007-07-29,NA
"1148705","WARFIELD+RCS","10-10","FFMC",2001,2026,76.8210526315789,18.8598214598409,91,2002-10-10,NA,98.9,2007-07-29,NA
"1148705","WARFIELD+RCS","10-11","FFMC",2001,2026,74.2894736842105,21.2133840020567,91,2002-10-11,NA,98.9,2007-07-29,NA
"1148705","WARFIELD+RCS","10-12","FFMC",2001,2026,75.4526315789474,19.5306701375911,91,2002-10-12,NA,98.9,2007-07-29,NA
"1148705","WARFIELD+RCS","10-13","FFMC",2001,2026,75.3052631578947,21.0569195194625,91,2018-10-13,NA,98.9,2007-07-29,NA
"1148705","WARFIELD+RCS","10-14","FFMC",2001,2026,73.0684210526316,19.4216103186224,90.7,2018-10-14,NA,98.9,2007-07-29,NA
"1148705","WARFIELD+RCS","10-15","FFMC",2001,2026,74.6842105263158,18.2170940223704,90,2018-10-15,NA,98.9,2007-07-29,NA
"1148705","WARFIELD+RCS","10-16","FFMC",2001,2026,65.6052631578947,25.5041058499348,88.9,2018-10-16,NA,98.9,2007-07-29,NA
"1148705","WARFIELD+RCS","10-17","FFMC",2001,2026,65.8526315789474,21.6739569381487,89,2017-10-17,NA,98.9,2007-07-29,NA
"1148705","WARFIELD+RCS","10-18","FFMC",2001,2026,66.9526315789474,20.7344149884264,87.2,2002-10-18,NA,98.9,2007-07-29,NA
"1148705","WARFIELD+RCS","10-19","FFMC",2001,2026,63.3421052631579,19.2463363263844,87.2,2010-10-19,NA,98.9,2007-07-29,NA
"1148705","WARFIELD+RCS","10-20","FFMC",2001,2026,62.9210526315789,22.3008365300838,86.7,2010-10-20,NA,98.9,2007-07-29,NA
"1148705","WARFIELD+RCS","10-21","FFMC",2001,2026,59.2473684210526,24.1634565321054,85.4,2002-10-21,NA,98.9,2007-07-29,NA
"1148705","WARFIELD+RCS","10-22","FFMC",2001,2026,55.3789473684211,24.5853519837269,88.3,2002-10-22,NA,98.9,2007-07-29,NA
"1148705","WARFIELD+RCS","10-23","FFMC",2001,2026,51.1421052631579,26.8875087848423,88.1,2002-10-23,NA,98.9,2007-07-29,NA
"1148705","WARFIELD+RCS","10-24","FFMC",2001,2026,57.1,24.2075975218066,88.1,2002-10-24,NA,98.9,2007-07-29,NA
"1148705","WARFIELD+RCS","10-25","FFMC",2001,2026,64.0578947368421,20.2819656013654,88.1,2002-10-25,NA,98.9,2007-07-29,NA
"1148705","WARFIELD+RCS","10-26","FFMC",2001,2026,60.7473684210526,23.7663246450625,88,2002-10-26,NA,98.9,2007-07-29,NA
"1148705","WARFIELD+RCS","10-27","FFMC",2001,2026,64.5,19.398424907422,85.8,2002-10-27,NA,98.9,2007-07-29,NA
"1148705","WARFIELD+RCS","10-28","FFMC",2001,2026,60.1421052631579,24.033502444839,84.5,2019-10-28,NA,98.9,2007-07-29,NA
"1148705","WARFIELD+RCS","10-29","FFMC",2001,2026,56.65,28.4635422126993,86.1,2019-10-29,NA,98.9,2007-07-29,NA
"1148705","WARFIELD+RCS","10-30","FFMC",2001,2026,53.0222222222222,26.6029090747954,86.8,2019-10-30,NA,98.9,2007-07-29,NA
"1148705","WARFIELD+RCS","10-31","FFMC",2001,2026,52.7166666666667,30.7668891925758,88.4,2019-10-31,NA,98.9,2007-07-29,NA
"1148705","WARFIELD+RCS","04-01","FWI",2001,2026,4.4875,6.82588298840733,18.9,2007-04-01,NA,100.5,2003-08-15,NA
"1148705","WARFIELD+RCS","04-02","FWI",2001,2026,4.2875,4.31854390142921,12.3,2013-04-02,NA,100.5,2003-08-15,NA
"1148705","WARFIELD+RCS","04-03","FWI",2001,2026,3.85555555555556,3.95161710920704,12.9,2013-04-03,NA,100.5,2003-08-15,NA
"1148705","WARFIELD+RCS","04-04","FWI",2001,2026,3.47,3.21836742602346,8,2013-04-04,NA,100.5,2003-08-15,NA
"1148705","WARFIELD+RCS","04-05","FWI",2001,2026,2.48181818181818,2.97718598069324,8.1,2004-04-05,NA,100.5,2003-08-15,NA
"1148705","WARFIELD+RCS","04-06","FWI",2001,2026,4.03333333333333,4.24356910959145,12.7,2007-04-06,5.4,100.5,2003-08-15,NA
"1148705","WARFIELD+RCS","04-07","FWI",2001,2026,5.16153846153846,5.1049875059492,15.3,2007-04-07,12.8,100.5,2003-08-15,NA
"1148705","WARFIELD+RCS","04-08","FWI",2001,2026,6.90769230769231,5.55479695675452,15.7,2002-04-08,8.7,100.5,2003-08-15,NA
"1148705","WARFIELD+RCS","04-09","FWI",2001,2026,5.51538461538462,4.48308787813455,10.9,2026-04-09,10.9,100.5,2003-08-15,NA
"1148705","WARFIELD+RCS","04-10","FWI",2001,2026,7.13846153846154,6.81255439874776,15.9,2020-04-10,14.2,100.5,2003-08-15,NA
"1148705","WARFIELD+RCS","04-11","FWI",2001,2026,5.47142857142857,5.76653856598281,18.2,2020-04-11,5.2,100.5,2003-08-15,NA
"1148705","WARFIELD+RCS","04-12","FWI",2001,2026,5.57142857142857,5.80615437027199,16.1,2004-04-12,0.6,100.5,2003-08-15,NA
"1148705","WARFIELD+RCS","04-13","FWI",2001,2026,5.24285714285714,5.59954864743089,16.6,2021-04-13,0.3,100.5,2003-08-15,NA
"1148705","WARFIELD+RCS","04-14","FWI",2001,2026,4.58571428571429,6.84092404271833,25.8,2021-04-14,0.2,100.5,2003-08-15,NA
"1148705","WARFIELD+RCS","04-15","FWI",2001,2026,3.57142857142857,5.90051217743375,20.5,2014-04-15,0,100.5,2003-08-15,NA
"1148705","WARFIELD+RCS","04-16","FWI",2001,2026,3.62,4.07013513289178,20.4,2025-04-16,0,100.5,2003-08-15,NA
"1148705","WARFIELD+RCS","04-17","FWI",2001,2026,4.26666666666667,4.81510520084848,23,2021-04-17,0.3,100.5,2003-08-15,NA
"1148705","WARFIELD+RCS","04-18","FWI",2001,2026,4.30625,5.31105372470159,25.6,2021-04-18,2,100.5,2003-08-15,NA
"1148705","WARFIELD+RCS","04-19","FWI",2001,2026,4.80666666666667,5.80436617268989,20.2,2021-04-19,6.7,100.5,2003-08-15,NA
"1148705","WARFIELD+RCS","04-20","FWI",2001,2026,7.36111111111111,6.4653045866914,22.3,2016-04-20,9.8,100.5,2003-08-15,NA
"1148705","WARFIELD+RCS","04-21","FWI",2001,2026,9.09411764705882,6.04198545474036,26.3,2021-04-21,18,100.5,2003-08-15,NA
"1148705","WARFIELD+RCS","04-22","FWI",2001,2026,11.3941176470588,8.87520919388913,37.3,2015-04-22,1.5,100.5,2003-08-15,NA
"1148705","WARFIELD+RCS","04-23","FWI",2001,2026,8.94444444444444,7.42129069337373,25.1,2021-04-23,16.1,100.5,2003-08-15,NA
"1148705","WARFIELD+RCS","04-24","FWI",2001,2026,8.02352941176471,7.964729233609,21.7,2006-04-24,14,100.5,2003-08-15,NA
"1148705","WARFIELD+RCS","04-25","FWI",2001,2026,8.28823529411765,7.22978927363561,20.3,2005-04-25,14.5,100.5,2003-08-15,NA
"1148705","WARFIELD+RCS","04-26","FWI",2001,2026,9.29411764705883,8.02382939968779,23.8,2025-04-26,16.3,100.5,2003-08-15,NA
"1148705","WARFIELD+RCS","04-27","FWI",2001,2026,9.25,7.98743498546679,24.4,2018-04-27,13.5,100.5,2003-08-15,NA
"1148705","WARFIELD+RCS","04-28","FWI",2001,2026,9.10588235294118,7.17177371612449,20.8,2013-04-28,15.7,100.5,2003-08-15,NA
"1148705","WARFIELD+RCS","04-29","FWI",2001,2026,10.8352941176471,8.13648735453993,24.5,2025-04-29,19.5,100.5,2003-08-15,NA
"1148705","WARFIELD+RCS","04-30","FWI",2001,2026,11.0529411764706,6.98195152223385,27.2,2002-04-30,19.6,100.5,2003-08-15,NA
"1148705","WARFIELD+RCS","05-01","FWI",2001,2026,12.3111111111111,6.28236456878805,25.4,2026-05-01,25.4,100.5,2003-08-15,NA
"1148705","WARFIELD+RCS","05-02","FWI",2001,2026,13.2842105263158,8.28990437941735,31.7,2002-05-02,25.6,100.5,2003-08-15,NA
"1148705","WARFIELD+RCS","05-03","FWI",2001,2026,12.4473684210526,9.53865634732066,31.6,2002-05-03,24.1,100.5,2003-08-15,NA
"1148705","WARFIELD+RCS","05-04","FWI",2001,2026,11.9555555555556,9.57553391060794,31.7,2004-05-04,28.9,100.5,2003-08-15,NA
"1148705","WARFIELD+RCS","05-05","FWI",2001,2026,10.0789473684211,10.8492999747228,30.2,2013-05-05,21.6,100.5,2003-08-15,NA
"1148705","WARFIELD+RCS","05-06","FWI",2001,2026,11.6368421052632,10.0160543643313,29.6,2013-05-06,24.4,100.5,2003-08-15,NA
"1148705","WARFIELD+RCS","05-07","FWI",2001,2026,12.5684210526316,10.0572280603211,31.1,2013-05-07,26.8,100.5,2003-08-15,NA
"1148705","WARFIELD+RCS","05-08","FWI",2001,2026,12.9473684210526,9.60996984739475,39,2025-05-08,24.9,100.5,2003-08-15,NA
"1148705","WARFIELD+RCS","05-09","FWI",2001,2026,11.8789473684211,9.70066314728411,31.7,2013-05-09,25.2,100.5,2003-08-15,NA
"1148705","WARFIELD+RCS","05-10","FWI",2001,2026,16.2578947368421,8.86750095006565,33,2013-05-10,21.4,100.5,2003-08-15,NA
"1148705","WARFIELD+RCS","05-11","FWI",2001,2026,13.9315789473684,9.68997492437869,32.3,2019-05-11,24.4,100.5,2003-08-15,NA
"1148705","WARFIELD+RCS","05-12","FWI",2001,2026,15.2,10.6286300988311,30.8,2019-05-12,29.3,100.5,2003-08-15,NA
"1148705","WARFIELD+RCS","05-13","FWI",2001,2026,15.1052631578947,11.6568279315987,36.9,2019-05-13,22.1,100.5,2003-08-15,NA
"1148705","WARFIELD+RCS","05-14","FWI",2001,2026,12.8473684210526,10.942646867547,34.4,2016-05-14,1.5,100.5,2003-08-15,NA
"1148705","WARFIELD+RCS","05-15","FWI",2001,2026,15.3157894736842,10.1351568073105,32.3,2021-05-15,3.7,100.5,2003-08-15,NA
"1148705","WARFIELD+RCS","05-16","FWI",2001,2026,16.6894736842105,14.0197834321854,55.2,2012-05-16,0.4,100.5,2003-08-15,NA
"1148705","WARFIELD+RCS","05-17","FWI",2001,2026,11.7842105263158,12.0751012490761,37.5,2007-05-17,4.2,100.5,2003-08-15,NA
"1148705","WARFIELD+RCS","05-18","FWI",2001,2026,12.9052631578947,15.0925836711726,46.5,2007-05-18,8.5,100.5,2003-08-15,NA
"1148705","WARFIELD+RCS","05-19","FWI",2001,2026,11.6368421052632,13.5155141525218,45,2007-05-19,12.2,100.5,2003-08-15,NA
"1148705","WARFIELD+RCS","05-20","FWI",2001,2026,9.7,11.0301103046766,32.5,2007-05-20,28.8,100.5,2003-08-15,NA
"1148705","WARFIELD+RCS","05-21","FWI",2001,2026,9.98947368421052,11.582884630966,37.8,2007-05-21,23.7,100.5,2003-08-15,NA
"1148705","WARFIELD+RCS","05-22","FWI",2001,2026,7.55263157894737,9.4484195280982,33.4,2021-05-22,25,100.5,2003-08-15,NA
"1148705","WARFIELD+RCS","05-23","FWI",2001,2026,8.46842105263158,10.0873987744655,32.1,2015-05-23,24,100.5,2003-08-15,NA
"1148705","WARFIELD+RCS","05-24","FWI",2001,2026,10.8210526315789,11.3131967653989,39.6,2007-05-24,35.9,100.5,2003-08-15,NA
"1148705","WARFIELD+RCS","05-25","FWI",2001,2026,8.4,8.82830045302542,34,2026-05-25,34,100.5,2003-08-15,NA
"1148705","WARFIELD+RCS","05-26","FWI",2001,2026,9.21578947368421,10.6984039909332,35.1,2007-05-26,0,100.5,2003-08-15,NA
"1148705","WARFIELD+RCS","05-27","FWI",2001,2026,9.4421052631579,9.52320649719957,24.7,2009-05-27,2,100.5,2003-08-15,NA
"1148705","WARFIELD+RCS","05-28","FWI",2001,2026,12.1105263157895,11.8777520664496,31.4,2018-05-28,11.8,100.5,2003-08-15,NA
"1148705","WARFIELD+RCS","05-29","FWI",2001,2026,11.8789473684211,11.6399016293747,33.7,2018-05-29,1.7,100.5,2003-08-15,NA
"1148705","WARFIELD+RCS","05-30","FWI",2001,2026,12.8578947368421,11.6461875397285,38.7,2003-05-30,0,100.5,2003-08-15,NA
"1148705","WARFIELD+RCS","05-31","FWI",2001,2026,10.5894736842105,9.71155638841582,30.9,2021-05-31,0.4,100.5,2003-08-15,NA
"1148705","WARFIELD+RCS","06-01","FWI",2001,2026,9.41578947368421,10.4139470133884,33.4,2009-06-01,2.5,100.5,2003-08-15,NA
"1148705","WARFIELD+RCS","06-02","FWI",2001,2026,10.1421052631579,12.5425637902603,36.9,2021-06-02,6.9,100.5,2003-08-15,NA
"1148705","WARFIELD+RCS","06-03","FWI",2001,2026,13.3842105263158,13.6694006679109,42.8,2007-06-03,8.1,100.5,2003-08-15,NA
"1148705","WARFIELD+RCS","06-04","FWI",2001,2026,15.0842105263158,13.6603344337577,47.7,2021-06-04,2.9,100.5,2003-08-15,NA
"1148705","WARFIELD+RCS","06-05","FWI",2001,2026,13.9894736842105,12.6620998230872,36.2,2019-06-05,15.1,100.5,2003-08-15,NA
"1148705","WARFIELD+RCS","06-06","FWI",2001,2026,11.6631578947368,12.0922937134136,36,2009-06-06,16.8,100.5,2003-08-15,NA
"1148705","WARFIELD+RCS","06-07","FWI",2001,2026,13.1526315789474,13.0423825541984,38.2,2023-06-07,4.3,100.5,2003-08-15,NA
"1148705","WARFIELD+RCS","06-08","FWI",2001,2026,11,14.2952206465424,45.4,2018-06-08,11.5,100.5,2003-08-15,NA
"1148705","WARFIELD+RCS","06-09","FWI",2001,2026,7.22631578947368,8.64309885947956,32.2,2014-06-09,0,100.5,2003-08-15,NA
"1148705","WARFIELD+RCS","06-10","FWI",2001,2026,7.9421052631579,8.90850503666603,31.1,2025-06-10,0,100.5,2003-08-15,NA
"1148705","WARFIELD+RCS","06-11","FWI",2001,2026,9.64736842105263,12.6031904435633,35,2015-06-11,0.8,100.5,2003-08-15,NA
"1148705","WARFIELD+RCS","06-12","FWI",2001,2026,12.5666666666667,10.4466149879223,33.4,2009-06-12,8.8,100.5,2003-08-15,NA
"1148705","WARFIELD+RCS","06-13","FWI",2001,2026,13.6157894736842,12.2154848522455,34.1,2009-06-13,13.6,100.5,2003-08-15,NA
"1148705","WARFIELD+RCS","06-14","FWI",2001,2026,11.4894736842105,11.4276902855808,34.6,2009-06-14,15.8,100.5,2003-08-15,NA
"1148705","WARFIELD+RCS","06-15","FWI",2001,2026,11.8578947368421,11.6422275354978,30.5,2019-06-15,17.3,100.5,2003-08-15,NA
"1148705","WARFIELD+RCS","06-16","FWI",2001,2026,11.5421052631579,11.4092708789083,42.4,2025-06-16,28.7,100.5,2003-08-15,NA
"1148705","WARFIELD+RCS","06-17","FWI",2001,2026,13.6105263157895,13.565310937045,40.9,2025-06-17,31.3,100.5,2003-08-15,NA
"1148705","WARFIELD+RCS","06-18","FWI",2001,2026,13.1421052631579,13.6502061762807,43.9,2025-06-18,27.2,100.5,2003-08-15,NA
"1148705","WARFIELD+RCS","06-19","FWI",2001,2026,11.7631578947368,13.0823974411045,37.3,2015-06-19,27.7,100.5,2003-08-15,NA
"1148705","WARFIELD+RCS","06-20","FWI",2001,2026,12.7631578947368,12.4124136128275,40.8,2015-06-20,29.3,100.5,2003-08-15,NA
"1148705","WARFIELD+RCS","06-21","FWI",2001,2026,14.0789473684211,15.4585315871337,62,2007-06-21,29.3,100.5,2003-08-15,NA
"1148705","WARFIELD+RCS","06-22","FWI",2001,2026,15.5736842105263,13.0719310018436,53.8,2007-06-22,34.3,100.5,2003-08-15,NA
"1148705","WARFIELD+RCS","06-23","FWI",2001,2026,14.4842105263158,12.9605068127024,44.4,2021-06-23,33.2,100.5,2003-08-15,NA
"1148705","WARFIELD+RCS","06-24","FWI",2001,2026,11.1263157894737,12.3149792306074,53.3,2021-06-24,33.5,100.5,2003-08-15,NA
"1148705","WARFIELD+RCS","06-25","FWI",2001,2026,12.4631578947368,13.5079075822816,48.6,2015-06-25,40,100.5,2003-08-15,NA
"1148705","WARFIELD+RCS","06-26","FWI",2001,2026,15.4105263157895,11.3374940762862,41.6,2015-06-26,1.5,100.5,2003-08-15,NA
"1148705","WARFIELD+RCS","06-27","FWI",2001,2026,18.2,13.0603300962197,42.8,2021-06-27,0.2,100.5,2003-08-15,NA
"1148705","WARFIELD+RCS","06-28","FWI",2001,2026,16.745,14.5093608622702,43.7,2015-06-28,3.9,100.5,2003-08-15,NA
"1148705","WARFIELD+RCS","06-29","FWI",2001,2026,15.92,13.4790910204228,54.1,2021-06-29,1,100.5,2003-08-15,NA
"1148705","WARFIELD+RCS","06-30","FWI",2001,2026,17.835,15.3995309224528,59.2,2021-06-30,0.3,100.5,2003-08-15,NA
"1148705","WARFIELD+RCS","07-01","FWI",2001,2026,22.77,14.0581910942377,53.8,2021-07-01,0.7,100.5,2003-08-15,NA
"1148705","WARFIELD+RCS","07-02","FWI",2001,2026,20.635,14.8435091254694,57.1,2021-07-02,6.1,100.5,2003-08-15,NA
"1148705","WARFIELD+RCS","07-03","FWI",2001,2026,22.71,16.5008101874455,56.2,2017-07-03,13.8,100.5,2003-08-15,NA
"1148705","WARFIELD+RCS","07-04","FWI",2001,2026,23.705,15.4455060744133,51.8,2017-07-04,23.6,100.5,2003-08-15,NA
"1148705","WARFIELD+RCS","07-05","FWI",2001,2026,26.545,15.0674090602689,51,2015-07-05,20.5,100.5,2003-08-15,NA
"1148705","WARFIELD+RCS","07-06","FWI",2001,2026,21.545,15.2174925315365,52.9,2007-07-06,26,100.5,2003-08-15,NA
"1148705","WARFIELD+RCS","07-07","FWI",2001,2026,21.825,15.2153618702318,48,2007-07-07,34.8,100.5,2003-08-15,NA
"1148705","WARFIELD+RCS","07-08","FWI",2001,2026,22.87,17.4815120386623,52,2007-07-08,39,100.5,2003-08-15,NA
"1148705","WARFIELD+RCS","07-09","FWI",2001,2026,25.305,17.1654020143948,59.4,2007-07-09,34.7,100.5,2003-08-15,NA
"1148705","WARFIELD+RCS","07-10","FWI",2001,2026,25.955,18.0418074424231,63.7,2007-07-10,40.8,100.5,2003-08-15,NA
"1148705","WARFIELD+RCS","07-11","FWI",2001,2026,25.125,15.8993172643886,61.3,2007-07-11,46.1,100.5,2003-08-15,NA
"1148705","WARFIELD+RCS","07-12","FWI",2001,2026,28.02,14.6060045331039,62.2,2007-07-12,41.1,100.5,2003-08-15,NA
"1148705","WARFIELD+RCS","07-13","FWI",2001,2026,26.55,17.8641216438218,63.1,2007-07-13,38.2,100.5,2003-08-15,NA
"1148705","WARFIELD+RCS","07-14","FWI",2001,2026,24.785,15.3611360256981,53,2007-07-14,25.1,100.5,2003-08-15,NA
"1148705","WARFIELD+RCS","07-15","FWI",2001,2026,27.485,16.4370337636499,64.8,2021-07-15,31.9,100.5,2003-08-15,NA
"1148705","WARFIELD+RCS","07-16","FWI",2001,2026,32.065,19.3111986872085,61.3,2017-07-16,35.9,100.5,2003-08-15,NA
"1148705","WARFIELD+RCS","07-17","FWI",2001,2026,28.305,16.3087795212788,60.3,2021-07-17,22.3,100.5,2003-08-15,NA
"1148705","WARFIELD+RCS","07-18","FWI",2001,2026,31.35,15.2289025764896,58.7,2021-07-18,57.9,100.5,2003-08-15,NA
"1148705","WARFIELD+RCS","07-19","FWI",2001,2026,27.085,15.1888905038137,49.2,2021-07-19,38.5,100.5,2003-08-15,NA
"1148705","WARFIELD+RCS","07-20","FWI",2001,2026,29.12,16.4582278255557,64.5,2021-07-20,45,100.5,2003-08-15,NA
"1148705","WARFIELD+RCS","07-21","FWI",2001,2026,30.43,16.4711582055294,57.9,2021-07-21,42.4,100.5,2003-08-15,NA
"1148705","WARFIELD+RCS","07-22","FWI",2001,2026,28.925,17.4893614279623,53.3,2023-07-22,37.7,100.5,2003-08-15,NA
"1148705","WARFIELD+RCS","07-23","FWI",2001,2026,28.3,18.0800558918559,58.2,2015-07-23,41.6,100.5,2003-08-15,NA
"1148705","WARFIELD+RCS","07-24","FWI",2001,2026,26.675,17.981009719321,68.9,2023-07-24,27.7,100.5,2003-08-15,NA
"1148705","WARFIELD+RCS","07-25","FWI",2001,2026,29.305,17.1498803126098,51.7,2026-07-25,51.7,100.5,2003-08-15,NA
"1148705","WARFIELD+RCS","07-26","FWI",2001,2026,29.395,15.7953515813656,51.5,2003-07-26,40.8,100.5,2003-08-15,NA
"1148705","WARFIELD+RCS","07-27","FWI",2001,2026,33.94,19.5171287793434,65.2,2007-07-27,43,100.5,2003-08-15,NA
"1148705","WARFIELD+RCS","07-28","FWI",2001,2026,33.93,19.8514244484263,70.8,2007-07-28,45.9,100.5,2003-08-15,NA
"1148705","WARFIELD+RCS","07-29","FWI",2001,2026,37.125,18.225715638249,75.8,2007-07-29,40.1,100.5,2003-08-15,NA
"1148705","WARFIELD+RCS","07-30","FWI",2001,2026,38.36,18.0512253556955,84.8,2007-07-30,45.5,100.5,2003-08-15,NA
"1148705","WARFIELD+RCS","07-31","FWI",2001,2026,35.035,12.6331758310786,64.6,2021-07-31,43.7,100.5,2003-08-15,NA
"1148705","WARFIELD+RCS","08-01","FWI",2001,2026,36.68,13.7270229071979,64.2,2026-08-01,64.2,100.5,2003-08-15,NA
"1148705","WARFIELD+RCS","08-02","FWI",2001,2026,37.715,14.4854291581139,61.8,2018-08-02,40,100.5,2003-08-15,NA
"1148705","WARFIELD+RCS","08-03","FWI",2001,2026,34.73,12.2942476921441,60.4,2007-08-03,37.2,100.5,2003-08-15,NA
"1148705","WARFIELD+RCS","08-04","FWI",2001,2026,30.86,13.7324969937812,60.8,2023-08-04,40.7,100.5,2003-08-15,NA
"1148705","WARFIELD+RCS","08-05","FWI",2001,2026,32.255,12.3563525106894,47.1,2023-08-05,41.8,100.5,2003-08-15,NA
"1148705","WARFIELD+RCS","08-06","FWI",2001,2026,30.95,14.3871104593112,49.9,2005-08-06,39.5,100.5,2003-08-15,NA
"1148705","WARFIELD+RCS","08-07","FWI",2001,2026,29.775,15.5216614344023,53.3,2007-08-07,39.2,100.5,2003-08-15,NA
"1148705","WARFIELD+RCS","08-08","FWI",2001,2026,31.755,15.9732827921469,53.1,2006-08-08,NA,100.5,2003-08-15,NA
"1148705","WARFIELD+RCS","08-09","FWI",2001,2026,31.765,14.0027920148278,51.5,2017-08-09,NA,100.5,2003-08-15,NA
"1148705","WARFIELD+RCS","08-10","FWI",2001,2026,32.04,15.5218487775678,55.5,2018-08-10,NA,100.5,2003-08-15,NA
"1148705","WARFIELD+RCS","08-11","FWI",2001,2026,30.935,16.8783971239476,57.4,2018-08-11,NA,100.5,2003-08-15,NA
"1148705","WARFIELD+RCS","08-12","FWI",2001,2026,31.215,15.0900551078482,49.9,2003-08-12,NA,100.5,2003-08-15,NA
"1148705","WARFIELD+RCS","08-13","FWI",2001,2026,29.42,13.0705615390988,51.2,2003-08-13,NA,100.5,2003-08-15,NA
"1148705","WARFIELD+RCS","08-14","FWI",2001,2026,30.94,16.7768135736263,69.7,2002-08-14,NA,100.5,2003-08-15,NA
"1148705","WARFIELD+RCS","08-15","FWI",2001,2026,32.005,21.5912866197162,100.5,2003-08-15,NA,100.5,2003-08-15,NA
"1148705","WARFIELD+RCS","08-16","FWI",2001,2026,30.07,13.858461219357,50.1,2023-08-16,NA,100.5,2003-08-15,NA
"1148705","WARFIELD+RCS","08-17","FWI",2001,2026,33.04,13.6753870338764,58.7,2007-08-17,NA,100.5,2003-08-15,NA
"1148705","WARFIELD+RCS","08-18","FWI",2001,2026,36.19,14.3701042006258,61.8,2023-08-18,NA,100.5,2003-08-15,NA
"1148705","WARFIELD+RCS","08-19","FWI",2001,2026,35.645,17.7553987342027,67.4,2017-08-19,NA,100.5,2003-08-15,NA
"1148705","WARFIELD+RCS","08-20","FWI",2001,2026,32.885,15.8087675540805,51.9,2015-08-20,NA,100.5,2003-08-15,NA
"1148705","WARFIELD+RCS","08-21","FWI",2001,2026,35.785,16.1412930741395,61,2016-08-21,NA,100.5,2003-08-15,NA
"1148705","WARFIELD+RCS","08-22","FWI",2001,2026,29.75,15.8832086112811,47,2011-08-22,NA,100.5,2003-08-15,NA
"1148705","WARFIELD+RCS","08-23","FWI",2001,2026,31,16.8742407236592,64.7,2005-08-23,NA,100.5,2003-08-15,NA
"1148705","WARFIELD+RCS","08-24","FWI",2001,2026,29.915,15.6018985012115,58.8,2017-08-24,NA,100.5,2003-08-15,NA
"1148705","WARFIELD+RCS","08-25","FWI",2001,2026,31.165,14.4775425000967,50.2,2007-08-25,NA,100.5,2003-08-15,NA
"1148705","WARFIELD+RCS","08-26","FWI",2001,2026,31.435,16.6583083427491,61.6,2010-08-26,NA,100.5,2003-08-15,NA
"1148705","WARFIELD+RCS","08-27","FWI",2001,2026,29.63,17.2925934860473,56.4,2003-08-27,NA,100.5,2003-08-15,NA
"1148705","WARFIELD+RCS","08-28","FWI",2001,2026,30.65,15.0940385583183,52.5,2009-08-28,NA,100.5,2003-08-15,NA
"1148705","WARFIELD+RCS","08-29","FWI",2001,2026,33.975,15.2660226440426,68.2,2006-08-29,NA,100.5,2003-08-15,NA
"1148705","WARFIELD+RCS","08-30","FWI",2001,2026,25.655,12.7867314040766,43,2003-08-30,NA,100.5,2003-08-15,NA
"1148705","WARFIELD+RCS","08-31","FWI",2001,2026,27.62,13.8836746235509,52.7,2003-08-31,NA,100.5,2003-08-15,NA
"1148705","WARFIELD+RCS","09-01","FWI",2001,2026,27.095,17.1884133250157,57.7,2017-09-01,NA,100.5,2003-08-15,NA
"1148705","WARFIELD+RCS","09-02","FWI",2001,2026,28.255,19.4055194264551,64.1,2017-09-02,NA,100.5,2003-08-15,NA
"1148705","WARFIELD+RCS","09-03","FWI",2001,2026,28.73,18.8176876480893,63.9,2009-09-03,NA,100.5,2003-08-15,NA
"1148705","WARFIELD+RCS","09-04","FWI",2001,2026,30.355,16.1392778485806,61.7,2017-09-04,NA,100.5,2003-08-15,NA
"1148705","WARFIELD+RCS","09-05","FWI",2001,2026,29.99,13.3837253880658,63,2022-09-05,NA,100.5,2003-08-15,NA
"1148705","WARFIELD+RCS","09-06","FWI",2001,2026,25.92,15.6065640710972,47.8,2006-09-06,NA,100.5,2003-08-15,NA
"1148705","WARFIELD+RCS","09-07","FWI",2001,2026,24.84,18.4724090128181,65,2003-09-07,NA,100.5,2003-08-15,NA
"1148705","WARFIELD+RCS","09-08","FWI",2001,2026,20.87,17.4021505023162,46,2002-09-08,NA,100.5,2003-08-15,NA
"1148705","WARFIELD+RCS","09-09","FWI",2001,2026,20.985,17.285231755522,49.3,2011-09-09,NA,100.5,2003-08-15,NA
"1148705","WARFIELD+RCS","09-10","FWI",2001,2026,22.665,15.5186907681639,52.9,2011-09-10,NA,100.5,2003-08-15,NA
"1148705","WARFIELD+RCS","09-11","FWI",2001,2026,23.075,14.3590380487068,45.8,2001-09-11,NA,100.5,2003-08-15,NA
"1148705","WARFIELD+RCS","09-12","FWI",2001,2026,21.9777777777778,15.27422109521,43.9,2001-09-12,NA,100.5,2003-08-15,NA
"1148705","WARFIELD+RCS","09-13","FWI",2001,2026,24.2210526315789,17.0702007716947,53.2,2001-09-13,NA,100.5,2003-08-15,NA
"1148705","WARFIELD+RCS","09-14","FWI",2001,2026,22.121052631579,15.8779574304676,49.7,2017-09-14,NA,100.5,2003-08-15,NA
"1148705","WARFIELD+RCS","09-15","FWI",2001,2026,19.5833333333333,13.4442749678726,43.4,2001-09-15,NA,100.5,2003-08-15,NA
"1148705","WARFIELD+RCS","09-16","FWI",2001,2026,21.6052631578947,16.0465113440832,46,2001-09-16,NA,100.5,2003-08-15,NA
"1148705","WARFIELD+RCS","09-17","FWI",2001,2026,15.2555555555556,14.7156668103488,43.6,2011-09-17,NA,100.5,2003-08-15,NA
"1148705","WARFIELD+RCS","09-18","FWI",2001,2026,14.5555555555556,12.6963738325843,42.4,2017-09-18,NA,100.5,2003-08-15,NA
"1148705","WARFIELD+RCS","09-19","FWI",2001,2026,15.4947368421053,13.9447510508917,39.9,2012-09-19,NA,100.5,2003-08-15,NA
"1148705","WARFIELD+RCS","09-20","FWI",2001,2026,16.2111111111111,13.3008575083532,35.5,2002-09-20,NA,100.5,2003-08-15,NA
"1148705","WARFIELD+RCS","09-21","FWI",2001,2026,12.7777777777778,12.5569083660118,35.2,2012-09-21,NA,100.5,2003-08-15,NA
"1148705","WARFIELD+RCS","09-22","FWI",2001,2026,14.8789473684211,11.1984413075793,31.9,2011-09-22,NA,100.5,2003-08-15,NA
"1148705","WARFIELD+RCS","09-23","FWI",2001,2026,16.7,11.4948780864445,41.9,2011-09-23,NA,100.5,2003-08-15,NA
"1148705","WARFIELD+RCS","09-24","FWI",2001,2026,15.9352941176471,12.6378370962198,39.6,2011-09-24,NA,100.5,2003-08-15,NA
"1148705","WARFIELD+RCS","09-25","FWI",2001,2026,18.1473684210526,16.8881407575143,60.8,2001-09-25,NA,100.5,2003-08-15,NA
"1148705","WARFIELD+RCS","09-26","FWI",2001,2026,13.7176470588235,11.9913111925947,34.2,2005-09-26,NA,100.5,2003-08-15,NA
"1148705","WARFIELD+RCS","09-27","FWI",2001,2026,16.3263157894737,12.9777519926845,47.4,2005-09-27,NA,100.5,2003-08-15,NA
"1148705","WARFIELD+RCS","09-28","FWI",2001,2026,17.2777777777778,11.5429915357662,38.1,2003-09-28,NA,100.5,2003-08-15,NA
"1148705","WARFIELD+RCS","09-29","FWI",2001,2026,17.3333333333333,11.0480767557073,35.8,2009-09-29,NA,100.5,2003-08-15,NA
"1148705","WARFIELD+RCS","09-30","FWI",2001,2026,15.9,12.9263524721901,37.5,2006-09-30,NA,100.5,2003-08-15,NA
"1148705","WARFIELD+RCS","10-01","FWI",2001,2026,14.3875,10.6388517550846,32.4,2003-10-01,NA,100.5,2003-08-15,NA
"1148705","WARFIELD+RCS","10-02","FWI",2001,2026,15.9166666666667,17.222736340629,66.1,2012-10-02,NA,100.5,2003-08-15,NA
"1148705","WARFIELD+RCS","10-03","FWI",2001,2026,13.7473684210526,11.038385974058,37.9,2003-10-03,NA,100.5,2003-08-15,NA
"1148705","WARFIELD+RCS","10-04","FWI",2001,2026,13.7526315789474,11.879644982586,32.8,2001-10-04,NA,100.5,2003-08-15,NA
"1148705","WARFIELD+RCS","10-05","FWI",2001,2026,12.6947368421053,9.83793528949209,30.4,2012-10-05,NA,100.5,2003-08-15,NA
"1148705","WARFIELD+RCS","10-06","FWI",2001,2026,14.0947368421053,9.85880732499348,28.7,2017-10-06,NA,100.5,2003-08-15,NA
"1148705","WARFIELD+RCS","10-07","FWI",2001,2026,12.6736842105263,9.33748967604743,33.9,2017-10-07,NA,100.5,2003-08-15,NA
"1148705","WARFIELD+RCS","10-08","FWI",2001,2026,10.8888888888889,7.9689019753546,25.3,2017-10-08,NA,100.5,2003-08-15,NA
"1148705","WARFIELD+RCS","10-09","FWI",2001,2026,10.55,9.54902212424978,27.6,2002-10-09,NA,100.5,2003-08-15,NA
"1148705","WARFIELD+RCS","10-10","FWI",2001,2026,10.7789473684211,9.90463297583333,32.7,2002-10-10,NA,100.5,2003-08-15,NA
"1148705","WARFIELD+RCS","10-11","FWI",2001,2026,11.4052631578947,11.3015472728399,37.2,2002-10-11,NA,100.5,2003-08-15,NA
"1148705","WARFIELD+RCS","10-12","FWI",2001,2026,10.3,8.144142608251,24.2,2024-10-12,NA,100.5,2003-08-15,NA
"1148705","WARFIELD+RCS","10-13","FWI",2001,2026,9.8421052631579,8.3620382808575,25.3,2002-10-13,NA,100.5,2003-08-15,NA
"1148705","WARFIELD+RCS","10-14","FWI",2001,2026,7.70526315789474,7.35681646760416,25,2002-10-14,NA,100.5,2003-08-15,NA
"1148705","WARFIELD+RCS","10-15","FWI",2001,2026,7.72631578947368,7.82416783684893,26.6,2015-10-15,NA,100.5,2003-08-15,NA
"1148705","WARFIELD+RCS","10-16","FWI",2001,2026,7.82222222222222,9.47911360683275,27.7,2017-10-16,NA,100.5,2003-08-15,NA
"1148705","WARFIELD+RCS","10-17","FWI",2001,2026,6.11578947368421,8.57828415618925,25.1,2017-10-17,NA,100.5,2003-08-15,NA
"1148705","WARFIELD+RCS","10-18","FWI",2001,2026,5.04210526315789,5.97097756648065,20.4,2002-10-18,NA,100.5,2003-08-15,NA
"1148705","WARFIELD+RCS","10-19","FWI",2001,2026,3.2578947368421,4.13256925591947,14.4,2002-10-19,NA,100.5,2003-08-15,NA
"1148705","WARFIELD+RCS","10-20","FWI",2001,2026,3.61052631578947,4.91899885216518,17.9,2002-10-20,NA,100.5,2003-08-15,NA
"1148705","WARFIELD+RCS","10-21","FWI",2001,2026,3.47368421052632,4.59925623277687,15.8,2002-10-21,NA,100.5,2003-08-15,NA
"1148705","WARFIELD+RCS","10-22","FWI",2001,2026,4.03684210526316,6.8587503337234,26.4,2002-10-22,NA,100.5,2003-08-15,NA
"1148705","WARFIELD+RCS","10-23","FWI",2001,2026,2.97058823529412,5.9643487391628,21.2,2002-10-23,NA,100.5,2003-08-15,NA
"1148705","WARFIELD+RCS","10-24","FWI",2001,2026,3.10588235294118,6.06150461810384,21.4,2002-10-24,NA,100.5,2003-08-15,NA
"1148705","WARFIELD+RCS","10-25","FWI",2001,2026,3.67777777777778,6.44739396104262,22.9,2015-10-25,NA,100.5,2003-08-15,NA
"1148705","WARFIELD+RCS","10-26","FWI",2001,2026,2.33333333333333,4.61111189857462,18.5,2002-10-26,NA,100.5,2003-08-15,NA
"1148705","WARFIELD+RCS","10-27","FWI",2001,2026,2.33333333333333,3.86492523327729,14.7,2002-10-27,NA,100.5,2003-08-15,NA
"1148705","WARFIELD+RCS","10-28","FWI",2001,2026,2.06666666666667,2.46743496248992,7.3,2006-10-28,NA,100.5,2003-08-15,NA
"1148705","WARFIELD+RCS","10-29","FWI",2001,2026,2.08125,3.28232006361354,9.7,2017-10-29,NA,100.5,2003-08-15,NA
"1148705","WARFIELD+RCS","10-30","FWI",2001,2026,1.2875,2.01092847543948,6,2013-10-30,NA,100.5,2003-08-15,NA
"1148705","WARFIELD+RCS","10-31","FWI",2001,2026,1.72666666666667,2.52571536306807,8,2013-10-31,NA,100.5,2003-08-15,NA
"1148705","WARFIELD+RCS","04-01","ISI",2001,2026,4.35,6.54762770562198,19.3,2007-04-01,NA,46.4,2003-08-15,NA
"1148705","WARFIELD+RCS","04-02","ISI",2001,2026,3.7125,2.87622644647958,8.4,2013-04-02,NA,46.4,2003-08-15,NA
"1148705","WARFIELD+RCS","04-03","ISI",2001,2026,3.42222222222222,2.56065312848977,8.4,2013-04-03,NA,46.4,2003-08-15,NA
"1148705","WARFIELD+RCS","04-04","ISI",2001,2026,2.97,2.29058459301938,6.6,2017-04-04,NA,46.4,2003-08-15,NA
"1148705","WARFIELD+RCS","04-05","ISI",2001,2026,2.3,2.03813640367862,8,2023-04-05,NA,46.4,2003-08-15,NA
"1148705","WARFIELD+RCS","04-06","ISI",2001,2026,3.30833333333333,3.05657512833425,8.8,2007-04-06,5.4,46.4,2003-08-15,NA
"1148705","WARFIELD+RCS","04-07","ISI",2001,2026,4.09230769230769,3.57828206882892,12.9,2026-04-07,12.9,46.4,2003-08-15,NA
"1148705","WARFIELD+RCS","04-08","ISI",2001,2026,5.33846153846154,3.75777825794677,11,2002-04-08,7.2,46.4,2003-08-15,NA
"1148705","WARFIELD+RCS","04-09","ISI",2001,2026,4.31538461538462,3.58349135012354,10.6,2012-04-09,8.5,46.4,2003-08-15,NA
"1148705","WARFIELD+RCS","04-10","ISI",2001,2026,5.59230769230769,5.09958520183448,12.9,2015-04-10,10.8,46.4,2003-08-15,NA
"1148705","WARFIELD+RCS","04-11","ISI",2001,2026,3.98571428571429,3.89078934899356,14.5,2020-04-11,3.3,46.4,2003-08-15,NA
"1148705","WARFIELD+RCS","04-12","ISI",2001,2026,3.70714285714286,3.22644464619263,9.5,2014-04-12,0.8,46.4,2003-08-15,NA
"1148705","WARFIELD+RCS","04-13","ISI",2001,2026,3.27142857142857,3.15580748448331,10.7,2021-04-13,0.4,46.4,2003-08-15,NA
"1148705","WARFIELD+RCS","04-14","ISI",2001,2026,2.76428571428571,3.57224496163604,18.4,2021-04-14,0.3,46.4,2003-08-15,NA
"1148705","WARFIELD+RCS","04-15","ISI",2001,2026,2.41428571428571,3.42251754906039,13.1,2014-04-15,0,46.4,2003-08-15,NA
"1148705","WARFIELD+RCS","04-16","ISI",2001,2026,2.86666666666667,2.80144520526375,17.5,2025-04-16,0,46.4,2003-08-15,NA
"1148705","WARFIELD+RCS","04-17","ISI",2001,2026,3.22666666666667,3.21191235129182,12.7,2021-04-17,0.6,46.4,2003-08-15,NA
"1148705","WARFIELD+RCS","04-18","ISI",2001,2026,3.0625,3.11017148508996,13.9,2021-04-18,2.1,46.4,2003-08-15,NA
"1148705","WARFIELD+RCS","04-19","ISI",2001,2026,3.34,2.812167440656,9.5,2021-04-19,5.3,46.4,2003-08-15,NA
"1148705","WARFIELD+RCS","04-20","ISI",2001,2026,5.28333333333333,3.71550804063186,12.1,2010-04-20,7.2,46.4,2003-08-15,NA
"1148705","WARFIELD+RCS","04-21","ISI",2001,2026,6.14705882352941,3.34778240912153,14,2026-04-21,14,46.4,2003-08-15,NA
"1148705","WARFIELD+RCS","04-22","ISI",2001,2026,7.71764705882353,6.12629938197988,26.4,2015-04-22,1.2,46.4,2003-08-15,NA
"1148705","WARFIELD+RCS","04-23","ISI",2001,2026,6.12777777777778,4.99197067718051,16.5,2002-04-23,10.9,46.4,2003-08-15,NA
"1148705","WARFIELD+RCS","04-24","ISI",2001,2026,5.53529411764706,5.76703359367606,19.2,2006-04-24,8.5,46.4,2003-08-15,NA
"1148705","WARFIELD+RCS","04-25","ISI",2001,2026,5.22352941176471,4.59545011557147,12.7,2006-04-25,8.4,46.4,2003-08-15,NA
"1148705","WARFIELD+RCS","04-26","ISI",2001,2026,5.64117647058824,5.21992083555026,16.2,2018-04-26,9.3,46.4,2003-08-15,NA
"1148705","WARFIELD+RCS","04-27","ISI",2001,2026,5.42222222222222,4.97990734092342,17.1,2018-04-27,7,46.4,2003-08-15,NA
"1148705","WARFIELD+RCS","04-28","ISI",2001,2026,4.99411764705882,3.8594803063747,12.2,2013-04-28,8,46.4,2003-08-15,NA
"1148705","WARFIELD+RCS","04-29","ISI",2001,2026,6.32941176470588,5.04898067755789,19.1,2015-04-29,9.9,46.4,2003-08-15,NA
"1148705","WARFIELD+RCS","04-30","ISI",2001,2026,6.19411764705882,3.44210520398406,14.3,2023-04-30,9.3,46.4,2003-08-15,NA
"1148705","WARFIELD+RCS","05-01","ISI",2001,2026,6.67222222222222,3.11312318222592,13.5,2015-05-01,12.6,46.4,2003-08-15,NA
"1148705","WARFIELD+RCS","05-02","ISI",2001,2026,7.22631578947369,3.85297029795962,16.1,2023-05-02,12.1,46.4,2003-08-15,NA
"1148705","WARFIELD+RCS","05-03","ISI",2001,2026,6.72631578947369,5.47355684737114,21.6,2014-05-03,10.5,46.4,2003-08-15,NA
"1148705","WARFIELD+RCS","05-04","ISI",2001,2026,5.93888888888889,4.36996956361576,13.9,2004-05-04,13,46.4,2003-08-15,NA
"1148705","WARFIELD+RCS","05-05","ISI",2001,2026,5.20526315789474,5.49893663298344,15.7,2019-05-05,8.1,46.4,2003-08-15,NA
"1148705","WARFIELD+RCS","05-06","ISI",2001,2026,5.81052631578947,5.09399371120779,16.5,2006-05-06,9.2,46.4,2003-08-15,NA
"1148705","WARFIELD+RCS","05-07","ISI",2001,2026,5.91052631578947,4.47013481487504,13.8,2013-05-07,10.1,46.4,2003-08-15,NA
"1148705","WARFIELD+RCS","05-08","ISI",2001,2026,6.25789473684211,4.61029232496568,17.1,2025-05-08,8.8,46.4,2003-08-15,NA
"1148705","WARFIELD+RCS","05-09","ISI",2001,2026,5.60526315789474,4.40939321653351,14.9,2012-05-09,8.6,46.4,2003-08-15,NA
"1148705","WARFIELD+RCS","05-10","ISI",2001,2026,7.78947368421053,3.53693130282957,13.1,2013-05-10,6.6,46.4,2003-08-15,NA
"1148705","WARFIELD+RCS","05-11","ISI",2001,2026,6.5578947368421,4.50633082938433,13.6,2019-05-11,7.7,46.4,2003-08-15,NA
"1148705","WARFIELD+RCS","05-12","ISI",2001,2026,6.79473684210526,4.79854997591408,16.8,2007-05-12,9.7,46.4,2003-08-15,NA
"1148705","WARFIELD+RCS","05-13","ISI",2001,2026,6.83684210526316,5.20258595169703,15.1,2019-05-13,6.4,46.4,2003-08-15,NA
"1148705","WARFIELD+RCS","05-14","ISI",2001,2026,5.64736842105263,4.7619286966817,13.4,2016-05-14,0.6,46.4,2003-08-15,NA
"1148705","WARFIELD+RCS","05-15","ISI",2001,2026,6.69473684210526,4.46261927126143,14.9,2006-05-15,1,46.4,2003-08-15,NA
"1148705","WARFIELD+RCS","05-16","ISI",2001,2026,7.23684210526316,6.69968577424973,28.9,2012-05-16,0.3,46.4,2003-08-15,NA
"1148705","WARFIELD+RCS","05-17","ISI",2001,2026,4.82631578947368,5.02149182185524,18.9,2007-05-17,1.3,46.4,2003-08-15,NA
"1148705","WARFIELD+RCS","05-18","ISI",2001,2026,5.58421052631579,6.56804242423492,25,2007-05-18,2.6,46.4,2003-08-15,NA
"1148705","WARFIELD+RCS","05-19","ISI",2001,2026,5.16315789473684,6.28138435965228,22.8,2007-05-19,3.9,46.4,2003-08-15,NA
"1148705","WARFIELD+RCS","05-20","ISI",2001,2026,3.87894736842105,4.19120493777259,13.4,2007-05-20,12.1,46.4,2003-08-15,NA
"1148705","WARFIELD+RCS","05-21","ISI",2001,2026,4.26315789473684,4.76482604629613,16.2,2007-05-21,8.8,46.4,2003-08-15,NA
"1148705","WARFIELD+RCS","05-22","ISI",2001,2026,3.62631578947368,4.44095111250121,13.3,2018-05-22,9.2,46.4,2003-08-15,NA
"1148705","WARFIELD+RCS","05-23","ISI",2001,2026,4.02105263157895,4.68135532931418,13.8,2018-05-23,8.3,46.4,2003-08-15,NA
"1148705","WARFIELD+RCS","05-24","ISI",2001,2026,4.84210526315789,4.72044204491647,17.6,2007-05-24,14.4,46.4,2003-08-15,NA
"1148705","WARFIELD+RCS","05-25","ISI",2001,2026,3.80526315789474,3.78336617962401,12.8,2026-05-25,12.8,46.4,2003-08-15,NA
"1148705","WARFIELD+RCS","05-26","ISI",2001,2026,4.2578947368421,4.845194158416,14.8,2018-05-26,0,46.4,2003-08-15,NA
"1148705","WARFIELD+RCS","05-27","ISI",2001,2026,4.30526315789474,4.3477291242684,12.5,2009-05-27,0.8,46.4,2003-08-15,NA
"1148705","WARFIELD+RCS","05-28","ISI",2001,2026,5.7421052631579,5.60617871335564,16.1,2012-05-28,3.9,46.4,2003-08-15,NA
"1148705","WARFIELD+RCS","05-29","ISI",2001,2026,5.60526315789474,5.11625662680685,14.8,2018-05-29,0.8,46.4,2003-08-15,NA
"1148705","WARFIELD+RCS","05-30","ISI",2001,2026,5.85789473684211,4.89459064109141,17.5,2003-05-30,0,46.4,2003-08-15,NA
"1148705","WARFIELD+RCS","05-31","ISI",2001,2026,4.64210526315789,3.93295418927945,12.3,2009-05-31,0.4,46.4,2003-08-15,NA
"1148705","WARFIELD+RCS","06-01","ISI",2001,2026,4.38421052631579,4.64510054404934,14.5,2009-06-01,1.3,46.4,2003-08-15,NA
"1148705","WARFIELD+RCS","06-02","ISI",2001,2026,4.82105263157895,6.01706637152178,18.4,2002-06-02,3,46.4,2003-08-15,NA
"1148705","WARFIELD+RCS","06-03","ISI",2001,2026,6.1,6.13170268178242,20.6,2007-06-03,3.3,46.4,2003-08-15,NA
"1148705","WARFIELD+RCS","06-04","ISI",2001,2026,6.66315789473684,6.06741849977913,22,2019-06-04,1.2,46.4,2003-08-15,NA
"1148705","WARFIELD+RCS","06-05","ISI",2001,2026,6.19473684210526,5.22062934522591,14.7,2019-06-05,6.4,46.4,2003-08-15,NA
"1148705","WARFIELD+RCS","06-06","ISI",2001,2026,5.03157894736842,4.90985999252513,13.3,2009-06-06,6.9,46.4,2003-08-15,NA
"1148705","WARFIELD+RCS","06-07","ISI",2001,2026,5.36842105263158,4.92353222703409,15.2,2023-06-07,1.4,46.4,2003-08-15,NA
"1148705","WARFIELD+RCS","06-08","ISI",2001,2026,4.67894736842105,5.9820638344386,19.8,2018-06-08,3.9,46.4,2003-08-15,NA
"1148705","WARFIELD+RCS","06-09","ISI",2001,2026,2.84736842105263,3.75830464453982,15.1,2014-06-09,0,46.4,2003-08-15,NA
"1148705","WARFIELD+RCS","06-10","ISI",2001,2026,3.21052631578947,3.28276555781895,11.5,2025-06-10,0.1,46.4,2003-08-15,NA
"1148705","WARFIELD+RCS","06-11","ISI",2001,2026,4.18947368421053,5.33738333068869,18.3,2015-06-11,0.9,46.4,2003-08-15,NA
"1148705","WARFIELD+RCS","06-12","ISI",2001,2026,5.15,4.00635524547452,14.9,2015-06-12,4.6,46.4,2003-08-15,NA
"1148705","WARFIELD+RCS","06-13","ISI",2001,2026,5.71578947368421,4.83956645876177,16.3,2007-06-13,6.8,46.4,2003-08-15,NA
"1148705","WARFIELD+RCS","06-14","ISI",2001,2026,4.48947368421053,4.00512099093733,12.6,2002-06-14,7.4,46.4,2003-08-15,NA
"1148705","WARFIELD+RCS","06-15","ISI",2001,2026,4.92631578947368,4.63475303252661,13.7,2010-06-15,7.6,46.4,2003-08-15,NA
"1148705","WARFIELD+RCS","06-16","ISI",2001,2026,4.7,4.20528767677604,15.1,2025-06-16,13.8,46.4,2003-08-15,NA
"1148705","WARFIELD+RCS","06-17","ISI",2001,2026,5.32631578947368,5.16417597011299,14.7,2026-06-17,14.7,46.4,2003-08-15,NA
"1148705","WARFIELD+RCS","06-18","ISI",2001,2026,5.35263157894737,5.58792034670946,17.2,2004-06-18,11.2,46.4,2003-08-15,NA
"1148705","WARFIELD+RCS","06-19","ISI",2001,2026,4.62105263157895,4.82949030521722,13.9,2015-06-19,10.8,46.4,2003-08-15,NA
"1148705","WARFIELD+RCS","06-20","ISI",2001,2026,5.11052631578947,4.61253060656417,15.5,2015-06-20,11.1,46.4,2003-08-15,NA
"1148705","WARFIELD+RCS","06-21","ISI",2001,2026,6.16842105263158,7.52736139630902,32.6,2007-06-21,10.5,46.4,2003-08-15,NA
"1148705","WARFIELD+RCS","06-22","ISI",2001,2026,6.78421052631579,5.62852488647432,24.7,2007-06-22,12.7,46.4,2003-08-15,NA
"1148705","WARFIELD+RCS","06-23","ISI",2001,2026,6.07368421052632,5.22396636296631,16.4,2007-06-23,11.6,46.4,2003-08-15,NA
"1148705","WARFIELD+RCS","06-24","ISI",2001,2026,4.20526315789474,4.53510672227856,20.6,2021-06-24,11.3,46.4,2003-08-15,NA
"1148705","WARFIELD+RCS","06-25","ISI",2001,2026,4.88421052631579,5.13043891969994,17.8,2015-06-25,14.3,46.4,2003-08-15,NA
"1148705","WARFIELD+RCS","06-26","ISI",2001,2026,5.85789473684211,3.9760834707136,13.6,2015-06-26,0.5,46.4,2003-08-15,NA
"1148705","WARFIELD+RCS","06-27","ISI",2001,2026,7.29473684210526,4.93923899718823,14.8,2009-06-27,0.1,46.4,2003-08-15,NA
"1148705","WARFIELD+RCS","06-28","ISI",2001,2026,6.945,6.72493200904781,23.3,2010-06-28,1.5,46.4,2003-08-15,NA
"1148705","WARFIELD+RCS","06-29","ISI",2001,2026,6.06,5.05031525852855,18.5,2021-06-29,0.7,46.4,2003-08-15,NA
"1148705","WARFIELD+RCS","06-30","ISI",2001,2026,7.025,6.48503337653222,25.7,2003-06-30,0.2,46.4,2003-08-15,NA
"1148705","WARFIELD+RCS","07-01","ISI",2001,2026,9.185,5.55842414244977,19.9,2023-07-01,0.6,46.4,2003-08-15,NA
"1148705","WARFIELD+RCS","07-02","ISI",2001,2026,7.625,5.46875093984954,19.3,2021-07-02,2.6,46.4,2003-08-15,NA
"1148705","WARFIELD+RCS","07-03","ISI",2001,2026,8.435,5.94901805254226,22.5,2017-07-03,6.1,46.4,2003-08-15,NA
"1148705","WARFIELD+RCS","07-04","ISI",2001,2026,8.765,5.33856623764136,19.1,2017-07-04,11.1,46.4,2003-08-15,NA
"1148705","WARFIELD+RCS","07-05","ISI",2001,2026,9.97,5.58598810935852,20.2,2009-07-05,8.4,46.4,2003-08-15,NA
"1148705","WARFIELD+RCS","07-06","ISI",2001,2026,7.835,5.28466251474367,18.5,2007-07-06,10.8,46.4,2003-08-15,NA
"1148705","WARFIELD+RCS","07-07","ISI",2001,2026,7.61,5.28711442540905,18,2001-07-07,15.2,46.4,2003-08-15,NA
"1148705","WARFIELD+RCS","07-08","ISI",2001,2026,7.96,5.92562677120142,17.3,2007-07-08,16.9,46.4,2003-08-15,NA
"1148705","WARFIELD+RCS","07-09","ISI",2001,2026,8.77,5.81822002080759,21.1,2007-07-09,13.3,46.4,2003-08-15,NA
"1148705","WARFIELD+RCS","07-10","ISI",2001,2026,8.86,6.26278902053945,23.4,2007-07-10,16.1,46.4,2003-08-15,NA
"1148705","WARFIELD+RCS","07-11","ISI",2001,2026,8.61,5.72003864543441,21.7,2007-07-11,18.6,46.4,2003-08-15,NA
"1148705","WARFIELD+RCS","07-12","ISI",2001,2026,9.41,5.17604807591762,22,2007-07-12,15,46.4,2003-08-15,NA
"1148705","WARFIELD+RCS","07-13","ISI",2001,2026,8.96,6.33049428518318,22.3,2007-07-13,12.8,46.4,2003-08-15,NA
"1148705","WARFIELD+RCS","07-14","ISI",2001,2026,8.15,5.51519432305451,19.7,2018-07-14,6.7,46.4,2003-08-15,NA
"1148705","WARFIELD+RCS","07-15","ISI",2001,2026,8.86,5.3970167197892,22.1,2021-07-15,9.2,46.4,2003-08-15,NA
"1148705","WARFIELD+RCS","07-16","ISI",2001,2026,11.125,7.01156000360908,23.6,2017-07-16,10.8,46.4,2003-08-15,NA
"1148705","WARFIELD+RCS","07-17","ISI",2001,2026,9.205,5.48063336716325,19.5,2006-07-17,5.2,46.4,2003-08-15,NA
"1148705","WARFIELD+RCS","07-18","ISI",2001,2026,10.305,5.08821910733122,21.8,2026-07-18,21.8,46.4,2003-08-15,NA
"1148705","WARFIELD+RCS","07-19","ISI",2001,2026,8.89,5.44464004899845,19.1,2002-07-19,11.2,46.4,2003-08-15,NA
"1148705","WARFIELD+RCS","07-20","ISI",2001,2026,9.285,5.42618165641559,21.7,2021-07-20,14,46.4,2003-08-15,NA
"1148705","WARFIELD+RCS","07-21","ISI",2001,2026,9.585,5.25439915940118,18.1,2021-07-21,12.6,46.4,2003-08-15,NA
"1148705","WARFIELD+RCS","07-22","ISI",2001,2026,9.015,5.56665589871844,16.9,2023-07-22,10.3,46.4,2003-08-15,NA
"1148705","WARFIELD+RCS","07-23","ISI",2001,2026,8.8,6.07817493383629,19.9,2015-07-23,11.9,46.4,2003-08-15,NA
"1148705","WARFIELD+RCS","07-24","ISI",2001,2026,8.135,5.57534752280071,25.3,2023-07-24,6.4,46.4,2003-08-15,NA
"1148705","WARFIELD+RCS","07-25","ISI",2001,2026,9.15,5.31705300251737,17.3,2007-07-25,16.4,46.4,2003-08-15,NA
"1148705","WARFIELD+RCS","07-26","ISI",2001,2026,9.165,4.71763488915457,15.1,2003-07-26,11.2,46.4,2003-08-15,NA
"1148705","WARFIELD+RCS","07-27","ISI",2001,2026,11.17,6.6632614110193,24.4,2007-07-27,12.1,46.4,2003-08-15,NA
"1148705","WARFIELD+RCS","07-28","ISI",2001,2026,11.1,6.9743892394358,27.6,2007-07-28,13.2,46.4,2003-08-15,NA
"1148705","WARFIELD+RCS","07-29","ISI",2001,2026,12.49,7.20722590621093,30.6,2007-07-29,10.6,46.4,2003-08-15,NA
"1148705","WARFIELD+RCS","07-30","ISI",2001,2026,12.915,7.19534023188838,36.6,2007-07-30,12.9,46.4,2003-08-15,NA
"1148705","WARFIELD+RCS","07-31","ISI",2001,2026,11.085,4.54721140688965,21.6,2021-07-31,12,46.4,2003-08-15,NA
"1148705","WARFIELD+RCS","08-01","ISI",2001,2026,11.605,5.35276367378277,22.2,2026-08-01,22.2,46.4,2003-08-15,NA
"1148705","WARFIELD+RCS","08-02","ISI",2001,2026,12.34,5.66293582033764,23.2,2019-08-02,10.4,46.4,2003-08-15,NA
"1148705","WARFIELD+RCS","08-03","ISI",2001,2026,10.295,4.03725740675784,20.2,2007-08-03,9.3,46.4,2003-08-15,NA
"1148705","WARFIELD+RCS","08-04","ISI",2001,2026,8.845,4.50046488826725,19.8,2023-08-04,10.6,46.4,2003-08-15,NA
"1148705","WARFIELD+RCS","08-05","ISI",2001,2026,9.405,3.75604425174313,14.8,2011-08-05,11,46.4,2003-08-15,NA
"1148705","WARFIELD+RCS","08-06","ISI",2001,2026,8.95,4.38640243431784,16.1,2005-08-06,10.1,46.4,2003-08-15,NA
"1148705","WARFIELD+RCS","08-07","ISI",2001,2026,8.56,4.73613211053292,16.2,2007-08-07,9.9,46.4,2003-08-15,NA
"1148705","WARFIELD+RCS","08-08","ISI",2001,2026,9.465,5.42191216997725,18,2001-08-08,NA,46.4,2003-08-15,NA
"1148705","WARFIELD+RCS","08-09","ISI",2001,2026,9.22,4.45310063474405,15.1,2017-08-09,NA,46.4,2003-08-15,NA
"1148705","WARFIELD+RCS","08-10","ISI",2001,2026,9.445,4.94788365178275,17.2,2018-08-10,NA,46.4,2003-08-15,NA
"1148705","WARFIELD+RCS","08-11","ISI",2001,2026,9.06,5.24538895251419,18.1,2018-08-11,NA,46.4,2003-08-15,NA
"1148705","WARFIELD+RCS","08-12","ISI",2001,2026,8.965,4.6579049955284,15.9,2002-08-12,NA,46.4,2003-08-15,NA
"1148705","WARFIELD+RCS","08-13","ISI",2001,2026,8.275,3.89086311626015,15.1,2003-08-13,NA,46.4,2003-08-15,NA
"1148705","WARFIELD+RCS","08-14","ISI",2001,2026,9.215,5.94273328926753,26.8,2002-08-14,NA,46.4,2003-08-15,NA
"1148705","WARFIELD+RCS","08-15","ISI",2001,2026,9.885,9.61940336261203,46.4,2003-08-15,NA,46.4,2003-08-15,NA
"1148705","WARFIELD+RCS","08-16","ISI",2001,2026,8.375,4.06744132685014,14.5,2017-08-16,NA,46.4,2003-08-15,NA
"1148705","WARFIELD+RCS","08-17","ISI",2001,2026,9.58,4.25757529216114,18.7,2007-08-17,NA,46.4,2003-08-15,NA
"1148705","WARFIELD+RCS","08-18","ISI",2001,2026,10.895,4.78577662399081,20.1,2023-08-18,NA,46.4,2003-08-15,NA
"1148705","WARFIELD+RCS","08-19","ISI",2001,2026,11.005,6.53568946952846,24.3,2017-08-19,NA,46.4,2003-08-15,NA
"1148705","WARFIELD+RCS","08-20","ISI",2001,2026,9.59,4.72428217883555,15.7,2015-08-20,NA,46.4,2003-08-15,NA
"1148705","WARFIELD+RCS","08-21","ISI",2001,2026,10.82,5.4430641525175,22.5,2016-08-21,NA,46.4,2003-08-15,NA
"1148705","WARFIELD+RCS","08-22","ISI",2001,2026,8.35,4.61684558523401,15.4,2011-08-22,NA,46.4,2003-08-15,NA
"1148705","WARFIELD+RCS","08-23","ISI",2001,2026,9.065,6.02243830669063,26.6,2005-08-23,NA,46.4,2003-08-15,NA
"1148705","WARFIELD+RCS","08-24","ISI",2001,2026,8.31,4.63588974029911,19,2017-08-24,NA,46.4,2003-08-15,NA
"1148705","WARFIELD+RCS","08-25","ISI",2001,2026,8.735,4.64602546609238,17.9,2019-08-25,NA,46.4,2003-08-15,NA
"1148705","WARFIELD+RCS","08-26","ISI",2001,2026,9.04,5.438885334718,21.6,2010-08-26,NA,46.4,2003-08-15,NA
"1148705","WARFIELD+RCS","08-27","ISI",2001,2026,8.455,5.44198831697618,17.8,2010-08-27,NA,46.4,2003-08-15,NA
"1148705","WARFIELD+RCS","08-28","ISI",2001,2026,8.605,4.8257505552041,20.5,2009-08-28,NA,46.4,2003-08-15,NA
"1148705","WARFIELD+RCS","08-29","ISI",2001,2026,9.805,4.97747293735539,23.7,2006-08-29,NA,46.4,2003-08-15,NA
"1148705","WARFIELD+RCS","08-30","ISI",2001,2026,6.78,3.43627705518632,11.4,2003-08-30,NA,46.4,2003-08-15,NA
"1148705","WARFIELD+RCS","08-31","ISI",2001,2026,7.51,4.0452571318963,15.7,2003-08-31,NA,46.4,2003-08-15,NA
"1148705","WARFIELD+RCS","09-01","ISI",2001,2026,7.475,5.18407226639038,18.1,2017-09-01,NA,46.4,2003-08-15,NA
"1148705","WARFIELD+RCS","09-02","ISI",2001,2026,7.93,6.25401765604361,21.5,2017-09-02,NA,46.4,2003-08-15,NA
"1148705","WARFIELD+RCS","09-03","ISI",2001,2026,8.2,6.23276571202966,24.9,2009-09-03,NA,46.4,2003-08-15,NA
"1148705","WARFIELD+RCS","09-04","ISI",2001,2026,8.565,4.88620776428812,20.2,2017-09-04,NA,46.4,2003-08-15,NA
"1148705","WARFIELD+RCS","09-05","ISI",2001,2026,8.36,4.06686223285872,20.8,2022-09-05,NA,46.4,2003-08-15,NA
"1148705","WARFIELD+RCS","09-06","ISI",2001,2026,7.075,4.25760928715932,13.3,2006-09-06,NA,46.4,2003-08-15,NA
"1148705","WARFIELD+RCS","09-07","ISI",2001,2026,6.975,5.46567037348384,21.9,2003-09-07,NA,46.4,2003-08-15,NA
"1148705","WARFIELD+RCS","09-08","ISI",2001,2026,5.65,4.69495810193737,13.1,2002-09-08,NA,46.4,2003-08-15,NA
"1148705","WARFIELD+RCS","09-09","ISI",2001,2026,5.68,4.6638136642384,14.4,2011-09-09,NA,46.4,2003-08-15,NA
"1148705","WARFIELD+RCS","09-10","ISI",2001,2026,6.3,4.513721769286,16.1,2011-09-10,NA,46.4,2003-08-15,NA
"1148705","WARFIELD+RCS","09-11","ISI",2001,2026,6.285,3.8907819536086,14.3,2001-09-11,NA,46.4,2003-08-15,NA
"1148705","WARFIELD+RCS","09-12","ISI",2001,2026,6.11666666666667,4.27513329685547,13.3,2001-09-12,NA,46.4,2003-08-15,NA
"1148705","WARFIELD+RCS","09-13","ISI",2001,2026,6.91052631578947,5.08340379588783,17.8,2001-09-13,NA,46.4,2003-08-15,NA
"1148705","WARFIELD+RCS","09-14","ISI",2001,2026,6.2,4.48924641040491,14.1,2017-09-14,NA,46.4,2003-08-15,NA
"1148705","WARFIELD+RCS","09-15","ISI",2001,2026,5.12222222222222,3.66534735623107,12.6,2001-09-15,NA,46.4,2003-08-15,NA
"1148705","WARFIELD+RCS","09-16","ISI",2001,2026,5.8,4.47772263544762,13.7,2001-09-16,NA,46.4,2003-08-15,NA
"1148705","WARFIELD+RCS","09-17","ISI",2001,2026,3.88333333333333,3.74043879149775,11.7,2011-09-17,NA,46.4,2003-08-15,NA
"1148705","WARFIELD+RCS","09-18","ISI",2001,2026,3.58333333333333,3.12094442719621,11,2017-09-18,NA,46.4,2003-08-15,NA
"1148705","WARFIELD+RCS","09-19","ISI",2001,2026,4.13157894736842,4.15358648661062,14.1,2005-09-19,NA,46.4,2003-08-15,NA
"1148705","WARFIELD+RCS","09-20","ISI",2001,2026,4.62222222222222,3.59551281715149,12.5,2024-09-20,NA,46.4,2003-08-15,NA
"1148705","WARFIELD+RCS","09-21","ISI",2001,2026,3.61111111111111,3.27537853921702,9.6,2012-09-21,NA,46.4,2003-08-15,NA
"1148705","WARFIELD+RCS","09-22","ISI",2001,2026,4.11578947368421,2.82297383738314,8.4,2003-09-22,NA,46.4,2003-08-15,NA
"1148705","WARFIELD+RCS","09-23","ISI",2001,2026,4.66842105263158,3.02141479582348,10.9,2011-09-23,NA,46.4,2003-08-15,NA
"1148705","WARFIELD+RCS","09-24","ISI",2001,2026,4.46470588235294,3.09756783147492,10,2011-09-24,NA,46.4,2003-08-15,NA
"1148705","WARFIELD+RCS","09-25","ISI",2001,2026,5.43157894736842,5.12402322741493,20.6,2001-09-25,NA,46.4,2003-08-15,NA
"1148705","WARFIELD+RCS","09-26","ISI",2001,2026,4.05882352941176,3.77724417127246,12.9,2003-09-26,NA,46.4,2003-08-15,NA
"1148705","WARFIELD+RCS","09-27","ISI",2001,2026,4.99473684210526,4.14118524153151,16.2,2005-09-27,NA,46.4,2003-08-15,NA
"1148705","WARFIELD+RCS","09-28","ISI",2001,2026,5.21666666666667,3.64308369702501,14.8,2003-09-28,NA,46.4,2003-08-15,NA
"1148705","WARFIELD+RCS","09-29","ISI",2001,2026,5.08333333333333,3.23750993639175,11.7,2009-09-29,NA,46.4,2003-08-15,NA
"1148705","WARFIELD+RCS","09-30","ISI",2001,2026,5.02222222222222,3.95304135416168,13.4,2003-09-30,NA,46.4,2003-08-15,NA
"1148705","WARFIELD+RCS","10-01","ISI",2001,2026,4.325,2.83372546306095,10.6,2003-10-01,NA,46.4,2003-08-15,NA
"1148705","WARFIELD+RCS","10-02","ISI",2001,2026,5.18888888888889,5.99214082227604,24.4,2012-10-02,NA,46.4,2003-08-15,NA
"1148705","WARFIELD+RCS","10-03","ISI",2001,2026,3.94736842105263,3.04710580734729,12.8,2003-10-03,NA,46.4,2003-08-15,NA
"1148705","WARFIELD+RCS","10-04","ISI",2001,2026,3.96315789473684,3.06942095992709,9.4,2001-10-04,NA,46.4,2003-08-15,NA
"1148705","WARFIELD+RCS","10-05","ISI",2001,2026,3.55263157894737,2.31813344957931,7.7,2003-10-05,NA,46.4,2003-08-15,NA
"1148705","WARFIELD+RCS","10-06","ISI",2001,2026,4.07894736842105,2.35338502005761,7.8,2003-10-06,NA,46.4,2003-08-15,NA
"1148705","WARFIELD+RCS","10-07","ISI",2001,2026,3.61578947368421,2.17466808652486,8.8,2017-10-07,NA,46.4,2003-08-15,NA
"1148705","WARFIELD+RCS","10-08","ISI",2001,2026,2.95,1.75004201630233,7.1,2023-10-08,NA,46.4,2003-08-15,NA
"1148705","WARFIELD+RCS","10-09","ISI",2001,2026,2.93333333333333,2.10237960416286,7.5,2002-10-09,NA,46.4,2003-08-15,NA
"1148705","WARFIELD+RCS","10-10","ISI",2001,2026,3.06842105263158,2.42213235521902,9.6,2002-10-10,NA,46.4,2003-08-15,NA
"1148705","WARFIELD+RCS","10-11","ISI",2001,2026,3.38421052631579,3.11078110196257,11.6,2002-10-11,NA,46.4,2003-08-15,NA
"1148705","WARFIELD+RCS","10-12","ISI",2001,2026,3.03888888888889,1.86961426939887,5.6,2024-10-12,NA,46.4,2003-08-15,NA
"1148705","WARFIELD+RCS","10-13","ISI",2001,2026,3.08947368421053,2.4524125846562,8.6,2009-10-13,NA,46.4,2003-08-15,NA
"1148705","WARFIELD+RCS","10-14","ISI",2001,2026,2.41578947368421,1.95682939638327,6.3,2002-10-14,NA,46.4,2003-08-15,NA
"1148705","WARFIELD+RCS","10-15","ISI",2001,2026,2.55263157894737,2.29573721421358,7.8,2010-10-15,NA,46.4,2003-08-15,NA
"1148705","WARFIELD+RCS","10-16","ISI",2001,2026,2.52222222222222,2.44673986106256,6.7,2017-10-16,NA,46.4,2003-08-15,NA
"1148705","WARFIELD+RCS","10-17","ISI",2001,2026,1.99473684210526,2.22422862639076,6.1,2018-10-17,NA,46.4,2003-08-15,NA
"1148705","WARFIELD+RCS","10-18","ISI",2001,2026,1.62631578947368,1.46660685683472,4.6,2002-10-18,NA,46.4,2003-08-15,NA
"1148705","WARFIELD+RCS","10-19","ISI",2001,2026,1.23684210526316,1.26236573601393,4.2,2010-10-19,NA,46.4,2003-08-15,NA
"1148705","WARFIELD+RCS","10-20","ISI",2001,2026,1.2578947368421,1.36760772050796,3.9,2010-10-20,NA,46.4,2003-08-15,NA
"1148705","WARFIELD+RCS","10-21","ISI",2001,2026,1.12631578947368,1.22739204334645,4.2,2018-10-21,NA,46.4,2003-08-15,NA
"1148705","WARFIELD+RCS","10-22","ISI",2001,2026,1.25263157894737,1.75098969508124,6.5,2002-10-22,NA,46.4,2003-08-15,NA
"1148705","WARFIELD+RCS","10-23","ISI",2001,2026,0.917647058823529,1.37533418398841,4.7,2002-10-23,NA,46.4,2003-08-15,NA
"1148705","WARFIELD+RCS","10-24","ISI",2001,2026,1.05294117647059,1.32293123737537,4.8,2002-10-24,NA,46.4,2003-08-15,NA
"1148705","WARFIELD+RCS","10-25","ISI",2001,2026,1.33333333333333,1.40377641926844,5.4,2015-10-25,NA,46.4,2003-08-15,NA
"1148705","WARFIELD+RCS","10-26","ISI",2001,2026,1.07222222222222,1.06760069400037,3.9,2002-10-26,NA,46.4,2003-08-15,NA
"1148705","WARFIELD+RCS","10-27","ISI",2001,2026,1.18333333333333,1.09073639453029,3.2,2008-10-27,NA,46.4,2003-08-15,NA
"1148705","WARFIELD+RCS","10-28","ISI",2001,2026,1.11666666666667,1.17535976970258,3.7,2019-10-28,NA,46.4,2003-08-15,NA
"1148705","WARFIELD+RCS","10-29","ISI",2001,2026,1.0875,1.45137865493468,5.5,2017-10-29,NA,46.4,2003-08-15,NA
"1148705","WARFIELD+RCS","10-30","ISI",2001,2026,0.95,1.24472219122716,4.1,2019-10-30,NA,46.4,2003-08-15,NA
"1148705","WARFIELD+RCS","10-31","ISI",2001,2026,0.973333333333333,1.3024519002178,3.7,2019-10-31,NA,46.4,2003-08-15,NA
