"MD","PLOT_DATE","clim_mean","clim_min","clim_max","q10","q25","q75","q90","PRECIP","PRECIP_CUM","ECCC_SOURCE","ECCC_AES","ECCC_STATION_ID","ECCC_STATION_NAME","hover_bar","pct_normal","hover_value","hover_mean","hover_band25","hover_band10","AES","NAME","por_start","por_end"
"04-01",2001-04-01,2.96666666666667,0,13.6,0,0,3.9,9.48,0,0,"NA (ECCC AES NA; station_id 6610)",NA,6610,"","DATE: Apr-01<br><b>Daily precipitation</b><br>Value: 0.0 mm<br>Weather station: NA (ECCC AES NA; station_id 6610)",0,"DATE: Apr-01<br><b>Cumulative precipitation</b><br>Value: 0.0 mm<br>Anomaly: -3.0 mm<br>Percent of normal: <b>0%</b><br>Weather station: NA (ECCC AES NA; station_id 6610)","DATE: Apr-01<br><b>Normal cumulative precipitation</b><br>3.0 mm<br>Period: 1991-2020","DATE: Apr-01<br><b>25-75 percentile</b><br>0.0 to 3.9 mm","DATE: Apr-01<br><b>10-90 percentile</b><br>0.0 to 9.5 mm","8401298","CORNER+BROOK",1994,2026
"04-02",2001-04-02,5.8037037037037,0,40.4,0,0,7,16.76,0,0,"NA (ECCC AES NA; station_id 6610)",NA,6610,"","DATE: Apr-02<br><b>Daily precipitation</b><br>Value: 0.0 mm<br>Weather station: NA (ECCC AES NA; station_id 6610)",0,"DATE: Apr-02<br><b>Cumulative precipitation</b><br>Value: 0.0 mm<br>Anomaly: -5.8 mm<br>Percent of normal: <b>0%</b><br>Weather station: NA (ECCC AES NA; station_id 6610)","DATE: Apr-02<br><b>Normal cumulative precipitation</b><br>5.8 mm<br>Period: 1991-2020","DATE: Apr-02<br><b>25-75 percentile</b><br>0.0 to 7.0 mm","DATE: Apr-02<br><b>10-90 percentile</b><br>0.0 to 16.8 mm","8401298","CORNER+BROOK",1994,2026
"04-03",2001-04-03,10.1,0,43.8,0,2.7,12.65,27.18,7,7,"NA (ECCC AES NA; station_id 6610)",NA,6610,"","DATE: Apr-03<br><b>Daily precipitation</b><br>Value: 7.0 mm<br>Weather station: NA (ECCC AES NA; station_id 6610)",69.3069306930693,"DATE: Apr-03<br><b>Cumulative precipitation</b><br>Value: 7.0 mm<br>Anomaly: -3.1 mm<br>Percent of normal: <b>69%</b><br>Weather station: NA (ECCC AES NA; station_id 6610)","DATE: Apr-03<br><b>Normal cumulative precipitation</b><br>10.1 mm<br>Period: 1991-2020","DATE: Apr-03<br><b>25-75 percentile</b><br>2.7 to 12.6 mm","DATE: Apr-03<br><b>10-90 percentile</b><br>0.0 to 27.2 mm","8401298","CORNER+BROOK",1994,2026
"04-04",2001-04-04,13.6,0,43.8,0.36,3.75,17.15,31.04,0,7,"NA (ECCC AES NA; station_id 6610)",NA,6610,"","DATE: Apr-04<br><b>Daily precipitation</b><br>Value: 0.0 mm<br>Weather station: NA (ECCC AES NA; station_id 6610)",51.4705882352941,"DATE: Apr-04<br><b>Cumulative precipitation</b><br>Value: 7.0 mm<br>Anomaly: -6.6 mm<br>Percent of normal: <b>51%</b><br>Weather station: NA (ECCC AES NA; station_id 6610)","DATE: Apr-04<br><b>Normal cumulative precipitation</b><br>13.6 mm<br>Period: 1991-2020","DATE: Apr-04<br><b>25-75 percentile</b><br>3.8 to 17.1 mm","DATE: Apr-04<br><b>10-90 percentile</b><br>0.4 to 31.0 mm","8401298","CORNER+BROOK",1994,2026
"04-05",2001-04-05,15.5296296296296,0,43.8,0.36,4.75,22.3,31.4,7.2,14.2,"NA (ECCC AES NA; station_id 6610)",NA,6610,"","DATE: Apr-05<br><b>Daily precipitation</b><br>Value: 7.2 mm<br>Weather station: NA (ECCC AES NA; station_id 6610)",91.4381111376103,"DATE: Apr-05<br><b>Cumulative precipitation</b><br>Value: 14.2 mm<br>Anomaly: -1.3 mm<br>Percent of normal: <b>91%</b><br>Weather station: NA (ECCC AES NA; station_id 6610)","DATE: Apr-05<br><b>Normal cumulative precipitation</b><br>15.5 mm<br>Period: 1991-2020","DATE: Apr-05<br><b>25-75 percentile</b><br>4.8 to 22.3 mm","DATE: Apr-05<br><b>10-90 percentile</b><br>0.4 to 31.4 mm","8401298","CORNER+BROOK",1994,2026
"04-06",2001-04-06,18.1222222222222,2.4,45.8,3.46,7.6,23.9,38.46,1.6,15.8,"NA (ECCC AES NA; station_id 6610)",NA,6610,"","DATE: Apr-06<br><b>Daily precipitation</b><br>Value: 1.6 mm<br>Weather station: NA (ECCC AES NA; station_id 6610)",87.1857755977928,"DATE: Apr-06<br><b>Cumulative precipitation</b><br>Value: 15.8 mm<br>Anomaly: -2.3 mm<br>Percent of normal: <b>87%</b><br>Weather station: NA (ECCC AES NA; station_id 6610)","DATE: Apr-06<br><b>Normal cumulative precipitation</b><br>18.1 mm<br>Period: 1991-2020","DATE: Apr-06<br><b>25-75 percentile</b><br>7.6 to 23.9 mm","DATE: Apr-06<br><b>10-90 percentile</b><br>3.5 to 38.5 mm","8401298","CORNER+BROOK",1994,2026
"04-07",2001-04-07,23.4962962962963,2.4,99.3,6.44,9.65,29.75,42.56,0,15.8,"NA (ECCC AES NA; station_id 6610)",NA,6610,"","DATE: Apr-07<br><b>Daily precipitation</b><br>Value: 0.0 mm<br>Weather station: NA (ECCC AES NA; station_id 6610)",67.2446406052963,"DATE: Apr-07<br><b>Cumulative precipitation</b><br>Value: 15.8 mm<br>Anomaly: -7.7 mm<br>Percent of normal: <b>67%</b><br>Weather station: NA (ECCC AES NA; station_id 6610)","DATE: Apr-07<br><b>Normal cumulative precipitation</b><br>23.5 mm<br>Period: 1991-2020","DATE: Apr-07<br><b>25-75 percentile</b><br>9.6 to 29.8 mm","DATE: Apr-07<br><b>10-90 percentile</b><br>6.4 to 42.6 mm","8401298","CORNER+BROOK",1994,2026
"04-08",2001-04-08,26.9592592592593,4.3,100.1,7.64,13.1,33.6,50.8,0,15.8,"NA (ECCC AES NA; station_id 6610)",NA,6610,"","DATE: Apr-08<br><b>Daily precipitation</b><br>Value: 0.0 mm<br>Weather station: NA (ECCC AES NA; station_id 6610)",58.6069515043275,"DATE: Apr-08<br><b>Cumulative precipitation</b><br>Value: 15.8 mm<br>Anomaly: -11.2 mm<br>Percent of normal: <b>59%</b><br>Weather station: NA (ECCC AES NA; station_id 6610)","DATE: Apr-08<br><b>Normal cumulative precipitation</b><br>27.0 mm<br>Period: 1991-2020","DATE: Apr-08<br><b>25-75 percentile</b><br>13.1 to 33.6 mm","DATE: Apr-08<br><b>10-90 percentile</b><br>7.6 to 50.8 mm","8401298","CORNER+BROOK",1994,2026
"04-09",2001-04-09,29.3962962962963,5,100.1,9.18,16.65,33.6,55.72,0,15.8,"NA (ECCC AES NA; station_id 6610)",NA,6610,"","DATE: Apr-09<br><b>Daily precipitation</b><br>Value: 0.0 mm<br>Weather station: NA (ECCC AES NA; station_id 6610)",53.7482676074083,"DATE: Apr-09<br><b>Cumulative precipitation</b><br>Value: 15.8 mm<br>Anomaly: -13.6 mm<br>Percent of normal: <b>54%</b><br>Weather station: NA (ECCC AES NA; station_id 6610)","DATE: Apr-09<br><b>Normal cumulative precipitation</b><br>29.4 mm<br>Period: 1991-2020","DATE: Apr-09<br><b>25-75 percentile</b><br>16.6 to 33.6 mm","DATE: Apr-09<br><b>10-90 percentile</b><br>9.2 to 55.7 mm","8401298","CORNER+BROOK",1994,2026
"04-10",2001-04-10,32.8444444444444,7.4,119.7,13.08,17.1,33.6,61.32,1.4,17.2,"NA (ECCC AES NA; station_id 6610)",NA,6610,"","DATE: Apr-10<br><b>Daily precipitation</b><br>Value: 1.4 mm<br>Weather station: NA (ECCC AES NA; station_id 6610)",52.3680649526387,"DATE: Apr-10<br><b>Cumulative precipitation</b><br>Value: 17.2 mm<br>Anomaly: -15.6 mm<br>Percent of normal: <b>52%</b><br>Weather station: NA (ECCC AES NA; station_id 6610)","DATE: Apr-10<br><b>Normal cumulative precipitation</b><br>32.8 mm<br>Period: 1991-2020","DATE: Apr-10<br><b>25-75 percentile</b><br>17.1 to 33.6 mm","DATE: Apr-10<br><b>10-90 percentile</b><br>13.1 to 61.3 mm","8401298","CORNER+BROOK",1994,2026
"04-11",2001-04-11,34.9074074074074,7.4,124.9,13.62,21.1,35.1,65.6,10.4,27.6,"NA (ECCC AES NA; station_id 6610)",NA,6610,"","DATE: Apr-11<br><b>Daily precipitation</b><br>Value: 10.4 mm<br>Weather station: NA (ECCC AES NA; station_id 6610)",79.0663129973475,"DATE: Apr-11<br><b>Cumulative precipitation</b><br>Value: 27.6 mm<br>Anomaly: -7.3 mm<br>Percent of normal: <b>79%</b><br>Weather station: NA (ECCC AES NA; station_id 6610)","DATE: Apr-11<br><b>Normal cumulative precipitation</b><br>34.9 mm<br>Period: 1991-2020","DATE: Apr-11<br><b>25-75 percentile</b><br>21.1 to 35.1 mm","DATE: Apr-11<br><b>10-90 percentile</b><br>13.6 to 65.6 mm","8401298","CORNER+BROOK",1994,2026
"04-12",2001-04-12,37.5555555555556,7.4,124.9,17.9,22.35,41.95,68.54,0,27.6,"NA (ECCC AES NA; station_id 6610)",NA,6610,"","DATE: Apr-12<br><b>Daily precipitation</b><br>Value: 0.0 mm<br>Weather station: NA (ECCC AES NA; station_id 6610)",73.491124260355,"DATE: Apr-12<br><b>Cumulative precipitation</b><br>Value: 27.6 mm<br>Anomaly: -10.0 mm<br>Percent of normal: <b>73%</b><br>Weather station: NA (ECCC AES NA; station_id 6610)","DATE: Apr-12<br><b>Normal cumulative precipitation</b><br>37.6 mm<br>Period: 1991-2020","DATE: Apr-12<br><b>25-75 percentile</b><br>22.4 to 42.0 mm","DATE: Apr-12<br><b>10-90 percentile</b><br>17.9 to 68.5 mm","8401298","CORNER+BROOK",1994,2026
"04-13",2001-04-13,41.6814814814815,7.4,124.9,18.2,24.55,53,74.72,8,35.6,"NA (ECCC AES NA; station_id 6610)",NA,6610,"","DATE: Apr-13<br><b>Daily precipitation</b><br>Value: 8.0 mm<br>Weather station: NA (ECCC AES NA; station_id 6610)",85.4096321307979,"DATE: Apr-13<br><b>Cumulative precipitation</b><br>Value: 35.6 mm<br>Anomaly: -6.1 mm<br>Percent of normal: <b>85%</b><br>Weather station: NA (ECCC AES NA; station_id 6610)","DATE: Apr-13<br><b>Normal cumulative precipitation</b><br>41.7 mm<br>Period: 1991-2020","DATE: Apr-13<br><b>25-75 percentile</b><br>24.6 to 53.0 mm","DATE: Apr-13<br><b>10-90 percentile</b><br>18.2 to 74.7 mm","8401298","CORNER+BROOK",1994,2026
"04-14",2001-04-14,43.2444444444444,8.2,125.6,19.56,25.45,55.1,74.72,0,35.6,"NA (ECCC AES NA; station_id 6610)",NA,6610,"","DATE: Apr-14<br><b>Daily precipitation</b><br>Value: 0.0 mm<br>Weather station: NA (ECCC AES NA; station_id 6610)",82.322713257965,"DATE: Apr-14<br><b>Cumulative precipitation</b><br>Value: 35.6 mm<br>Anomaly: -7.6 mm<br>Percent of normal: <b>82%</b><br>Weather station: NA (ECCC AES NA; station_id 6610)","DATE: Apr-14<br><b>Normal cumulative precipitation</b><br>43.2 mm<br>Period: 1991-2020","DATE: Apr-14<br><b>25-75 percentile</b><br>25.5 to 55.1 mm","DATE: Apr-14<br><b>10-90 percentile</b><br>19.6 to 74.7 mm","8401298","CORNER+BROOK",1994,2026
"04-15",2001-04-15,45.837037037037,8.4,125.6,19.92,25.45,60.7,81.38,0,35.6,"NA (ECCC AES NA; station_id 6610)",NA,6610,"","DATE: Apr-15<br><b>Daily precipitation</b><br>Value: 0.0 mm<br>Weather station: NA (ECCC AES NA; station_id 6610)",77.666451195863,"DATE: Apr-15<br><b>Cumulative precipitation</b><br>Value: 35.6 mm<br>Anomaly: -10.2 mm<br>Percent of normal: <b>78%</b><br>Weather station: NA (ECCC AES NA; station_id 6610)","DATE: Apr-15<br><b>Normal cumulative precipitation</b><br>45.8 mm<br>Period: 1991-2020","DATE: Apr-15<br><b>25-75 percentile</b><br>25.5 to 60.7 mm","DATE: Apr-15<br><b>10-90 percentile</b><br>19.9 to 81.4 mm","8401298","CORNER+BROOK",1994,2026
"04-16",2001-04-16,48.1407407407407,8.4,125.6,21.88,28.3,66.95,81.38,5.8,41.4,"NA (ECCC AES NA; station_id 6610)",NA,6610,"","DATE: Apr-16<br><b>Daily precipitation</b><br>Value: 5.8 mm<br>Weather station: NA (ECCC AES NA; station_id 6610)",85.9978458224342,"DATE: Apr-16<br><b>Cumulative precipitation</b><br>Value: 41.4 mm<br>Anomaly: -6.7 mm<br>Percent of normal: <b>86%</b><br>Weather station: NA (ECCC AES NA; station_id 6610)","DATE: Apr-16<br><b>Normal cumulative precipitation</b><br>48.1 mm<br>Period: 1991-2020","DATE: Apr-16<br><b>25-75 percentile</b><br>28.3 to 66.9 mm","DATE: Apr-16<br><b>10-90 percentile</b><br>21.9 to 81.4 mm","8401298","CORNER+BROOK",1994,2026
"04-17",2001-04-17,50.4259259259259,8.4,132.6,22.8,28.4,69.95,82.26,0.6,42,"NA (ECCC AES NA; station_id 6610)",NA,6610,"","DATE: Apr-17<br><b>Daily precipitation</b><br>Value: 0.6 mm<br>Weather station: NA (ECCC AES NA; station_id 6610)",83.2904884318766,"DATE: Apr-17<br><b>Cumulative precipitation</b><br>Value: 42.0 mm<br>Anomaly: -8.4 mm<br>Percent of normal: <b>83%</b><br>Weather station: NA (ECCC AES NA; station_id 6610)","DATE: Apr-17<br><b>Normal cumulative precipitation</b><br>50.4 mm<br>Period: 1991-2020","DATE: Apr-17<br><b>25-75 percentile</b><br>28.4 to 69.9 mm","DATE: Apr-17<br><b>10-90 percentile</b><br>22.8 to 82.3 mm","8401298","CORNER+BROOK",1994,2026
"04-18",2001-04-18,51.8851851851852,11.2,132.6,23.7,30.4,71.5,82.82,0,42,"NA (ECCC AES NA; station_id 6610)",NA,6610,"","DATE: Apr-18<br><b>Daily precipitation</b><br>Value: 0.0 mm<br>Weather station: NA (ECCC AES NA; station_id 6610)",80.9479620244129,"DATE: Apr-18<br><b>Cumulative precipitation</b><br>Value: 42.0 mm<br>Anomaly: -9.9 mm<br>Percent of normal: <b>81%</b><br>Weather station: NA (ECCC AES NA; station_id 6610)","DATE: Apr-18<br><b>Normal cumulative precipitation</b><br>51.9 mm<br>Period: 1991-2020","DATE: Apr-18<br><b>25-75 percentile</b><br>30.4 to 71.5 mm","DATE: Apr-18<br><b>10-90 percentile</b><br>23.7 to 82.8 mm","8401298","CORNER+BROOK",1994,2026
"04-19",2001-04-19,54.4814814814815,12.8,133.3,25.62,33.2,75.1,84.74,0.6,42.6,"NA (ECCC AES NA; station_id 6610)",NA,6610,"","DATE: Apr-19<br><b>Daily precipitation</b><br>Value: 0.6 mm<br>Weather station: NA (ECCC AES NA; station_id 6610)",78.1917063222298,"DATE: Apr-19<br><b>Cumulative precipitation</b><br>Value: 42.6 mm<br>Anomaly: -11.9 mm<br>Percent of normal: <b>78%</b><br>Weather station: NA (ECCC AES NA; station_id 6610)","DATE: Apr-19<br><b>Normal cumulative precipitation</b><br>54.5 mm<br>Period: 1991-2020","DATE: Apr-19<br><b>25-75 percentile</b><br>33.2 to 75.1 mm","DATE: Apr-19<br><b>10-90 percentile</b><br>25.6 to 84.7 mm","8401298","CORNER+BROOK",1994,2026
"04-20",2001-04-20,56.7925925925926,12.8,138.1,26.82,33.2,77.7,87.48,6,48.6,"NA (ECCC AES NA; station_id 6610)",NA,6610,"","DATE: Apr-20<br><b>Daily precipitation</b><br>Value: 6.0 mm<br>Weather station: NA (ECCC AES NA; station_id 6610)",85.574540237381,"DATE: Apr-20<br><b>Cumulative precipitation</b><br>Value: 48.6 mm<br>Anomaly: -8.2 mm<br>Percent of normal: <b>86%</b><br>Weather station: NA (ECCC AES NA; station_id 6610)","DATE: Apr-20<br><b>Normal cumulative precipitation</b><br>56.8 mm<br>Period: 1991-2020","DATE: Apr-20<br><b>25-75 percentile</b><br>33.2 to 77.7 mm","DATE: Apr-20<br><b>10-90 percentile</b><br>26.8 to 87.5 mm","8401298","CORNER+BROOK",1994,2026
"04-21",2001-04-21,57.8703703703704,12.8,138.1,26.88,34.75,79.1,90.84,0,48.6,"NA (ECCC AES NA; station_id 6610)",NA,6610,"","DATE: Apr-21<br><b>Daily precipitation</b><br>Value: 0.0 mm<br>Weather station: NA (ECCC AES NA; station_id 6610)",83.9808,"DATE: Apr-21<br><b>Cumulative precipitation</b><br>Value: 48.6 mm<br>Anomaly: -9.3 mm<br>Percent of normal: <b>84%</b><br>Weather station: NA (ECCC AES NA; station_id 6610)","DATE: Apr-21<br><b>Normal cumulative precipitation</b><br>57.9 mm<br>Period: 1991-2020","DATE: Apr-21<br><b>25-75 percentile</b><br>34.8 to 79.1 mm","DATE: Apr-21<br><b>10-90 percentile</b><br>26.9 to 90.8 mm","8401298","CORNER+BROOK",1994,2026
"04-22",2001-04-22,60.1259259259259,16.7,138.1,27.48,38,82.6,94.1,8,56.6,"NA (ECCC AES NA; station_id 6610)",NA,6610,"","DATE: Apr-22<br><b>Daily precipitation</b><br>Value: 8.0 mm<br>Weather station: NA (ECCC AES NA; station_id 6610)",94.135764444992,"DATE: Apr-22<br><b>Cumulative precipitation</b><br>Value: 56.6 mm<br>Anomaly: -3.5 mm<br>Percent of normal: <b>94%</b><br>Weather station: NA (ECCC AES NA; station_id 6610)","DATE: Apr-22<br><b>Normal cumulative precipitation</b><br>60.1 mm<br>Period: 1991-2020","DATE: Apr-22<br><b>25-75 percentile</b><br>38.0 to 82.6 mm","DATE: Apr-22<br><b>10-90 percentile</b><br>27.5 to 94.1 mm","8401298","CORNER+BROOK",1994,2026
"04-23",2001-04-23,62.1777777777778,16.7,139.1,27.48,38,82.6,99.3,0,56.6,"NA (ECCC AES NA; station_id 6610)",NA,6610,"","DATE: Apr-23<br><b>Daily precipitation</b><br>Value: 0.0 mm<br>Weather station: NA (ECCC AES NA; station_id 6610)",91.0293066476054,"DATE: Apr-23<br><b>Cumulative precipitation</b><br>Value: 56.6 mm<br>Anomaly: -5.6 mm<br>Percent of normal: <b>91%</b><br>Weather station: NA (ECCC AES NA; station_id 6610)","DATE: Apr-23<br><b>Normal cumulative precipitation</b><br>62.2 mm<br>Period: 1991-2020","DATE: Apr-23<br><b>25-75 percentile</b><br>38.0 to 82.6 mm","DATE: Apr-23<br><b>10-90 percentile</b><br>27.5 to 99.3 mm","8401298","CORNER+BROOK",1994,2026
"04-24",2001-04-24,64.4222222222222,16.7,139.1,27.9,39.75,86.1,101.82,3,59.6,"NA (ECCC AES NA; station_id 6610)",NA,6610,"","DATE: Apr-24<br><b>Daily precipitation</b><br>Value: 3.0 mm<br>Weather station: NA (ECCC AES NA; station_id 6610)",92.5146602276647,"DATE: Apr-24<br><b>Cumulative precipitation</b><br>Value: 59.6 mm<br>Anomaly: -4.8 mm<br>Percent of normal: <b>93%</b><br>Weather station: NA (ECCC AES NA; station_id 6610)","DATE: Apr-24<br><b>Normal cumulative precipitation</b><br>64.4 mm<br>Period: 1991-2020","DATE: Apr-24<br><b>25-75 percentile</b><br>39.8 to 86.1 mm","DATE: Apr-24<br><b>10-90 percentile</b><br>27.9 to 101.8 mm","8401298","CORNER+BROOK",1994,2026
"04-25",2001-04-25,66.2444444444444,16.7,139.1,27.9,42,86.1,102.22,3,62.6,"NA (ECCC AES NA; station_id 6610)",NA,6610,"","DATE: Apr-25<br><b>Daily precipitation</b><br>Value: 3.0 mm<br>Weather station: NA (ECCC AES NA; station_id 6610)",94.4984904394499,"DATE: Apr-25<br><b>Cumulative precipitation</b><br>Value: 62.6 mm<br>Anomaly: -3.6 mm<br>Percent of normal: <b>94%</b><br>Weather station: NA (ECCC AES NA; station_id 6610)","DATE: Apr-25<br><b>Normal cumulative precipitation</b><br>66.2 mm<br>Period: 1991-2020","DATE: Apr-25<br><b>25-75 percentile</b><br>42.0 to 86.1 mm","DATE: Apr-25<br><b>10-90 percentile</b><br>27.9 to 102.2 mm","8401298","CORNER+BROOK",1994,2026
"04-26",2001-04-26,70.0814814814815,16.7,139.1,28.26,47.1,94.35,113.28,0,62.6,"NA (ECCC AES NA; station_id 6610)",NA,6610,"","DATE: Apr-26<br><b>Daily precipitation</b><br>Value: 0.0 mm<br>Weather station: NA (ECCC AES NA; station_id 6610)",89.3245957086989,"DATE: Apr-26<br><b>Cumulative precipitation</b><br>Value: 62.6 mm<br>Anomaly: -7.5 mm<br>Percent of normal: <b>89%</b><br>Weather station: NA (ECCC AES NA; station_id 6610)","DATE: Apr-26<br><b>Normal cumulative precipitation</b><br>70.1 mm<br>Period: 1991-2020","DATE: Apr-26<br><b>25-75 percentile</b><br>47.1 to 94.3 mm","DATE: Apr-26<br><b>10-90 percentile</b><br>28.3 to 113.3 mm","8401298","CORNER+BROOK",1994,2026
"04-27",2001-04-27,74.6481481481482,22.5,147.8,34.8,48.1,98.55,113.52,0,62.6,"NA (ECCC AES NA; station_id 6610)",NA,6610,"","DATE: Apr-27<br><b>Daily precipitation</b><br>Value: 0.0 mm<br>Weather station: NA (ECCC AES NA; station_id 6610)",83.860084346316,"DATE: Apr-27<br><b>Cumulative precipitation</b><br>Value: 62.6 mm<br>Anomaly: -12.0 mm<br>Percent of normal: <b>84%</b><br>Weather station: NA (ECCC AES NA; station_id 6610)","DATE: Apr-27<br><b>Normal cumulative precipitation</b><br>74.6 mm<br>Period: 1991-2020","DATE: Apr-27<br><b>25-75 percentile</b><br>48.1 to 98.6 mm","DATE: Apr-27<br><b>10-90 percentile</b><br>34.8 to 113.5 mm","8401298","CORNER+BROOK",1994,2026
"04-28",2001-04-28,79.1185185185185,24.3,157.4,41.1,53.8,100.1,115.84,0,62.6,"NA (ECCC AES NA; station_id 6610)",NA,6610,"","DATE: Apr-28<br><b>Daily precipitation</b><br>Value: 0.0 mm<br>Weather station: NA (ECCC AES NA; station_id 6610)",79.1218050744312,"DATE: Apr-28<br><b>Cumulative precipitation</b><br>Value: 62.6 mm<br>Anomaly: -16.5 mm<br>Percent of normal: <b>79%</b><br>Weather station: NA (ECCC AES NA; station_id 6610)","DATE: Apr-28<br><b>Normal cumulative precipitation</b><br>79.1 mm<br>Period: 1991-2020","DATE: Apr-28<br><b>25-75 percentile</b><br>53.8 to 100.1 mm","DATE: Apr-28<br><b>10-90 percentile</b><br>41.1 to 115.8 mm","8401298","CORNER+BROOK",1994,2026
"04-29",2001-04-29,81.2,24.3,157.4,41.7,53.8,104.9,127.48,0,62.6,"NA (ECCC AES NA; station_id 6610)",NA,6610,"","DATE: Apr-29<br><b>Daily precipitation</b><br>Value: 0.0 mm<br>Weather station: NA (ECCC AES NA; station_id 6610)",77.0935960591133,"DATE: Apr-29<br><b>Cumulative precipitation</b><br>Value: 62.6 mm<br>Anomaly: -18.6 mm<br>Percent of normal: <b>77%</b><br>Weather station: NA (ECCC AES NA; station_id 6610)","DATE: Apr-29<br><b>Normal cumulative precipitation</b><br>81.2 mm<br>Period: 1991-2020","DATE: Apr-29<br><b>25-75 percentile</b><br>53.8 to 104.9 mm","DATE: Apr-29<br><b>10-90 percentile</b><br>41.7 to 127.5 mm","8401298","CORNER+BROOK",1994,2026
"04-30",2001-04-30,81.6259259259259,24.3,157.4,41.7,53.8,104.9,130.72,0,62.6,"NA (ECCC AES NA; station_id 6610)",NA,6610,"","DATE: Apr-30<br><b>Daily precipitation</b><br>Value: 0.0 mm<br>Weather station: NA (ECCC AES NA; station_id 6610)",76.6913199328463,"DATE: Apr-30<br><b>Cumulative precipitation</b><br>Value: 62.6 mm<br>Anomaly: -19.0 mm<br>Percent of normal: <b>77%</b><br>Weather station: NA (ECCC AES NA; station_id 6610)","DATE: Apr-30<br><b>Normal cumulative precipitation</b><br>81.6 mm<br>Period: 1991-2020","DATE: Apr-30<br><b>25-75 percentile</b><br>53.8 to 104.9 mm","DATE: Apr-30<br><b>10-90 percentile</b><br>41.7 to 130.7 mm","8401298","CORNER+BROOK",1994,2026
"05-01",2001-05-01,83.137037037037,28.3,157.4,41.7,54.2,109.65,133.88,1,63.6,"NA (ECCC AES NA; station_id 6610)",NA,6610,"","DATE: May-01<br><b>Daily precipitation</b><br>Value: 1.0 mm<br>Weather station: NA (ECCC AES NA; station_id 6610)",76.5002004722235,"DATE: May-01<br><b>Cumulative precipitation</b><br>Value: 63.6 mm<br>Anomaly: -19.5 mm<br>Percent of normal: <b>77%</b><br>Weather station: NA (ECCC AES NA; station_id 6610)","DATE: May-01<br><b>Normal cumulative precipitation</b><br>83.1 mm<br>Period: 1991-2020","DATE: May-01<br><b>25-75 percentile</b><br>54.2 to 109.6 mm","DATE: May-01<br><b>10-90 percentile</b><br>41.7 to 133.9 mm","8401298","CORNER+BROOK",1994,2026
"05-02",2001-05-02,85.5592592592593,28.3,157.5,44.16,58,112.95,134.52,8.2,71.8,"NA (ECCC AES NA; station_id 6610)",NA,6610,"","DATE: May-02<br><b>Daily precipitation</b><br>Value: 8.2 mm<br>Weather station: NA (ECCC AES NA; station_id 6610)",83.9184450889572,"DATE: May-02<br><b>Cumulative precipitation</b><br>Value: 71.8 mm<br>Anomaly: -13.8 mm<br>Percent of normal: <b>84%</b><br>Weather station: NA (ECCC AES NA; station_id 6610)","DATE: May-02<br><b>Normal cumulative precipitation</b><br>85.6 mm<br>Period: 1991-2020","DATE: May-02<br><b>25-75 percentile</b><br>58.0 to 112.9 mm","DATE: May-02<br><b>10-90 percentile</b><br>44.2 to 134.5 mm","8401298","CORNER+BROOK",1994,2026
"05-03",2001-05-03,89.2333333333333,28.3,161.1,47.1,62.4,114.7,136.44,7.2,79,"NA (ECCC AES NA; station_id 6610)",NA,6610,"","DATE: May-03<br><b>Daily precipitation</b><br>Value: 7.2 mm<br>Weather station: NA (ECCC AES NA; station_id 6610)",88.5319387373926,"DATE: May-03<br><b>Cumulative precipitation</b><br>Value: 79.0 mm<br>Anomaly: -10.2 mm<br>Percent of normal: <b>89%</b><br>Weather station: NA (ECCC AES NA; station_id 6610)","DATE: May-03<br><b>Normal cumulative precipitation</b><br>89.2 mm<br>Period: 1991-2020","DATE: May-03<br><b>25-75 percentile</b><br>62.4 to 114.7 mm","DATE: May-03<br><b>10-90 percentile</b><br>47.1 to 136.4 mm","8401298","CORNER+BROOK",1994,2026
"05-04",2001-05-04,90.5888888888889,28.3,161.1,47.1,64.25,117.9,139.64,23.4,102.4,"NA (ECCC AES NA; station_id 6610)",NA,6610,"","DATE: May-04<br><b>Daily precipitation</b><br>Value: 23.4 mm<br>Weather station: NA (ECCC AES NA; station_id 6610)",113.038145467926,"DATE: May-04<br><b>Cumulative precipitation</b><br>Value: 102.4 mm<br>Anomaly: +11.8 mm<br>Percent of normal: <b>113%</b><br>Weather station: NA (ECCC AES NA; station_id 6610)","DATE: May-04<br><b>Normal cumulative precipitation</b><br>90.6 mm<br>Period: 1991-2020","DATE: May-04<br><b>25-75 percentile</b><br>64.2 to 117.9 mm","DATE: May-04<br><b>10-90 percentile</b><br>47.1 to 139.6 mm","8401298","CORNER+BROOK",1994,2026
"05-05",2001-05-05,92.837037037037,28.3,182.3,47.46,64.75,117.9,139.88,0,102.4,"NA (ECCC AES NA; station_id 6610)",NA,6610,"","DATE: May-05<br><b>Daily precipitation</b><br>Value: 0.0 mm<br>Weather station: NA (ECCC AES NA; station_id 6610)",110.300805872497,"DATE: May-05<br><b>Cumulative precipitation</b><br>Value: 102.4 mm<br>Anomaly: +9.6 mm<br>Percent of normal: <b>110%</b><br>Weather station: NA (ECCC AES NA; station_id 6610)","DATE: May-05<br><b>Normal cumulative precipitation</b><br>92.8 mm<br>Period: 1991-2020","DATE: May-05<br><b>25-75 percentile</b><br>64.8 to 117.9 mm","DATE: May-05<br><b>10-90 percentile</b><br>47.5 to 139.9 mm","8401298","CORNER+BROOK",1994,2026
"05-06",2001-05-06,95.3518518518518,28.3,198.5,47.7,65.1,119.9,145.16,1,103.4,"NA (ECCC AES NA; station_id 6610)",NA,6610,"","DATE: May-06<br><b>Daily precipitation</b><br>Value: 1.0 mm<br>Weather station: NA (ECCC AES NA; station_id 6610)",108.440473878423,"DATE: May-06<br><b>Cumulative precipitation</b><br>Value: 103.4 mm<br>Anomaly: +8.0 mm<br>Percent of normal: <b>108%</b><br>Weather station: NA (ECCC AES NA; station_id 6610)","DATE: May-06<br><b>Normal cumulative precipitation</b><br>95.4 mm<br>Period: 1991-2020","DATE: May-06<br><b>25-75 percentile</b><br>65.1 to 119.9 mm","DATE: May-06<br><b>10-90 percentile</b><br>47.7 to 145.2 mm","8401298","CORNER+BROOK",1994,2026
"05-07",2001-05-07,97.562962962963,28.3,202.1,47.7,65.45,123.85,147.02,1,104.4,"NA (ECCC AES NA; station_id 6610)",NA,6610,"","DATE: May-07<br><b>Daily precipitation</b><br>Value: 1.0 mm<br>Weather station: NA (ECCC AES NA; station_id 6610)",107.00782021107,"DATE: May-07<br><b>Cumulative precipitation</b><br>Value: 104.4 mm<br>Anomaly: +6.8 mm<br>Percent of normal: <b>107%</b><br>Weather station: NA (ECCC AES NA; station_id 6610)","DATE: May-07<br><b>Normal cumulative precipitation</b><br>97.6 mm<br>Period: 1991-2020","DATE: May-07<br><b>25-75 percentile</b><br>65.4 to 123.8 mm","DATE: May-07<br><b>10-90 percentile</b><br>47.7 to 147.0 mm","8401298","CORNER+BROOK",1994,2026
"05-08",2001-05-08,100.366666666667,29.7,208.7,47.7,65.45,128.25,150.8,0,104.4,"NA (ECCC AES NA; station_id 6610)",NA,6610,"","DATE: May-08<br><b>Daily precipitation</b><br>Value: 0.0 mm<br>Weather station: NA (ECCC AES NA; station_id 6610)",104.018598472268,"DATE: May-08<br><b>Cumulative precipitation</b><br>Value: 104.4 mm<br>Anomaly: +4.0 mm<br>Percent of normal: <b>104%</b><br>Weather station: NA (ECCC AES NA; station_id 6610)","DATE: May-08<br><b>Normal cumulative precipitation</b><br>100.4 mm<br>Period: 1991-2020","DATE: May-08<br><b>25-75 percentile</b><br>65.4 to 128.2 mm","DATE: May-08<br><b>10-90 percentile</b><br>47.7 to 150.8 mm","8401298","CORNER+BROOK",1994,2026
"05-09",2001-05-09,102.514814814815,29.7,214.1,50.16,67.5,129.6,152.3,0,104.4,"NA (ECCC AES NA; station_id 6610)",NA,6610,"","DATE: May-09<br><b>Daily precipitation</b><br>Value: 0.0 mm<br>Weather station: NA (ECCC AES NA; station_id 6610)",101.838939268037,"DATE: May-09<br><b>Cumulative precipitation</b><br>Value: 104.4 mm<br>Anomaly: +1.9 mm<br>Percent of normal: <b>102%</b><br>Weather station: NA (ECCC AES NA; station_id 6610)","DATE: May-09<br><b>Normal cumulative precipitation</b><br>102.5 mm<br>Period: 1991-2020","DATE: May-09<br><b>25-75 percentile</b><br>67.5 to 129.6 mm","DATE: May-09<br><b>10-90 percentile</b><br>50.2 to 152.3 mm","8401298","CORNER+BROOK",1994,2026
"05-10",2001-05-10,106.455555555556,29.7,214.1,59.1,74.65,135.65,165.36,0,104.4,"NA (ECCC AES NA; station_id 6610)",NA,6610,"","DATE: May-10<br><b>Daily precipitation</b><br>Value: 0.0 mm<br>Weather station: NA (ECCC AES NA; station_id 6610)",98.0690950840205,"DATE: May-10<br><b>Cumulative precipitation</b><br>Value: 104.4 mm<br>Anomaly: -2.1 mm<br>Percent of normal: <b>98%</b><br>Weather station: NA (ECCC AES NA; station_id 6610)","DATE: May-10<br><b>Normal cumulative precipitation</b><br>106.5 mm<br>Period: 1991-2020","DATE: May-10<br><b>25-75 percentile</b><br>74.6 to 135.6 mm","DATE: May-10<br><b>10-90 percentile</b><br>59.1 to 165.4 mm","8401298","CORNER+BROOK",1994,2026
"05-11",2001-05-11,109.118518518519,29.7,230.2,63.5,74.8,137.1,166.32,12.2,116.6,"NA (ECCC AES NA; station_id 6610)",NA,6610,"","DATE: May-11<br><b>Daily precipitation</b><br>Value: 12.2 mm<br>Weather station: NA (ECCC AES NA; station_id 6610)",106.856289457606,"DATE: May-11<br><b>Cumulative precipitation</b><br>Value: 116.6 mm<br>Anomaly: +7.5 mm<br>Percent of normal: <b>107%</b><br>Weather station: NA (ECCC AES NA; station_id 6610)","DATE: May-11<br><b>Normal cumulative precipitation</b><br>109.1 mm<br>Period: 1991-2020","DATE: May-11<br><b>25-75 percentile</b><br>74.8 to 137.1 mm","DATE: May-11<br><b>10-90 percentile</b><br>63.5 to 166.3 mm","8401298","CORNER+BROOK",1994,2026
"05-12",2001-05-12,113.051851851852,30.9,230.2,65.88,78.25,145,166.88,24.6,141.2,"NA (ECCC AES NA; station_id 6610)",NA,6610,"","DATE: May-12<br><b>Daily precipitation</b><br>Value: 24.6 mm<br>Weather station: NA (ECCC AES NA; station_id 6610)",124.898440571354,"DATE: May-12<br><b>Cumulative precipitation</b><br>Value: 141.2 mm<br>Anomaly: +28.1 mm<br>Percent of normal: <b>125%</b><br>Weather station: NA (ECCC AES NA; station_id 6610)","DATE: May-12<br><b>Normal cumulative precipitation</b><br>113.1 mm<br>Period: 1991-2020","DATE: May-12<br><b>25-75 percentile</b><br>78.2 to 145.0 mm","DATE: May-12<br><b>10-90 percentile</b><br>65.9 to 166.9 mm","8401298","CORNER+BROOK",1994,2026
"05-13",2001-05-13,114.677777777778,30.9,230.2,65.88,81.95,145.2,166.88,7,148.2,"NA (ECCC AES NA; station_id 6610)",NA,6610,"","DATE: May-13<br><b>Daily precipitation</b><br>Value: 7.0 mm<br>Weather station: NA (ECCC AES NA; station_id 6610)",129.231663598488,"DATE: May-13<br><b>Cumulative precipitation</b><br>Value: 148.2 mm<br>Anomaly: +33.5 mm<br>Percent of normal: <b>129%</b><br>Weather station: NA (ECCC AES NA; station_id 6610)","DATE: May-13<br><b>Normal cumulative precipitation</b><br>114.7 mm<br>Period: 1991-2020","DATE: May-13<br><b>25-75 percentile</b><br>81.9 to 145.2 mm","DATE: May-13<br><b>10-90 percentile</b><br>65.9 to 166.9 mm","8401298","CORNER+BROOK",1994,2026
"05-14",2001-05-14,117.644444444444,30.9,231.7,65.88,81.95,151.9,167.92,0,148.2,"NA (ECCC AES NA; station_id 6610)",NA,6610,"","DATE: May-14<br><b>Daily precipitation</b><br>Value: 0.0 mm<br>Weather station: NA (ECCC AES NA; station_id 6610)",125.972799395542,"DATE: May-14<br><b>Cumulative precipitation</b><br>Value: 148.2 mm<br>Anomaly: +30.6 mm<br>Percent of normal: <b>126%</b><br>Weather station: NA (ECCC AES NA; station_id 6610)","DATE: May-14<br><b>Normal cumulative precipitation</b><br>117.6 mm<br>Period: 1991-2020","DATE: May-14<br><b>25-75 percentile</b><br>81.9 to 151.9 mm","DATE: May-14<br><b>10-90 percentile</b><br>65.9 to 167.9 mm","8401298","CORNER+BROOK",1994,2026
"05-15",2001-05-15,120.596296296296,31.3,231.7,66,86.05,157.3,172.54,6,154.2,"NA (ECCC AES NA; station_id 6610)",NA,6610,"","DATE: May-15<br><b>Daily precipitation</b><br>Value: 6.0 mm<br>Weather station: NA (ECCC AES NA; station_id 6610)",127.86462332238,"DATE: May-15<br><b>Cumulative precipitation</b><br>Value: 154.2 mm<br>Anomaly: +33.6 mm<br>Percent of normal: <b>128%</b><br>Weather station: NA (ECCC AES NA; station_id 6610)","DATE: May-15<br><b>Normal cumulative precipitation</b><br>120.6 mm<br>Period: 1991-2020","DATE: May-15<br><b>25-75 percentile</b><br>86.0 to 157.3 mm","DATE: May-15<br><b>10-90 percentile</b><br>66.0 to 172.5 mm","8401298","CORNER+BROOK",1994,2026
"05-16",2001-05-16,123.359259259259,33.1,232.4,67.2,86.05,159.9,180.44,1.8,156,"NA (ECCC AES NA; station_id 6610)",NA,6610,"","DATE: May-16<br><b>Daily precipitation</b><br>Value: 1.8 mm<br>Weather station: NA (ECCC AES NA; station_id 6610)",126.459903323626,"DATE: May-16<br><b>Cumulative precipitation</b><br>Value: 156.0 mm<br>Anomaly: +32.6 mm<br>Percent of normal: <b>126%</b><br>Weather station: NA (ECCC AES NA; station_id 6610)","DATE: May-16<br><b>Normal cumulative precipitation</b><br>123.4 mm<br>Period: 1991-2020","DATE: May-16<br><b>25-75 percentile</b><br>86.0 to 159.9 mm","DATE: May-16<br><b>10-90 percentile</b><br>67.2 to 180.4 mm","8401298","CORNER+BROOK",1994,2026
"05-17",2001-05-17,124.674074074074,37.5,234.6,69.18,86.05,160.55,182.64,3,159,"NA (ECCC AES NA; station_id 6610)",NA,6610,"","DATE: May-17<br><b>Daily precipitation</b><br>Value: 3.0 mm<br>Weather station: NA (ECCC AES NA; station_id 6610)",127.532529261482,"DATE: May-17<br><b>Cumulative precipitation</b><br>Value: 159.0 mm<br>Anomaly: +34.3 mm<br>Percent of normal: <b>128%</b><br>Weather station: NA (ECCC AES NA; station_id 6610)","DATE: May-17<br><b>Normal cumulative precipitation</b><br>124.7 mm<br>Period: 1991-2020","DATE: May-17<br><b>25-75 percentile</b><br>86.0 to 160.6 mm","DATE: May-17<br><b>10-90 percentile</b><br>69.2 to 182.6 mm","8401298","CORNER+BROOK",1994,2026
"05-18",2001-05-18,127.214814814815,38.9,235.2,69.18,86.05,163.3,196.24,0,159,"NA (ECCC AES NA; station_id 6610)",NA,6610,"","DATE: May-18<br><b>Daily precipitation</b><br>Value: 0.0 mm<br>Weather station: NA (ECCC AES NA; station_id 6610)",124.98544311168,"DATE: May-18<br><b>Cumulative precipitation</b><br>Value: 159.0 mm<br>Anomaly: +31.8 mm<br>Percent of normal: <b>125%</b><br>Weather station: NA (ECCC AES NA; station_id 6610)","DATE: May-18<br><b>Normal cumulative precipitation</b><br>127.2 mm<br>Period: 1991-2020","DATE: May-18<br><b>25-75 percentile</b><br>86.0 to 163.3 mm","DATE: May-18<br><b>10-90 percentile</b><br>69.2 to 196.2 mm","8401298","CORNER+BROOK",1994,2026
"05-19",2001-05-19,129.314814814815,43.9,235.2,69.64,86.3,163.45,199.8,0.6,159.6,"NA (ECCC AES NA; station_id 6610)",NA,6610,"","DATE: May-19<br><b>Daily precipitation</b><br>Value: 0.6 mm<br>Weather station: NA (ECCC AES NA; station_id 6610)",123.419733638837,"DATE: May-19<br><b>Cumulative precipitation</b><br>Value: 159.6 mm<br>Anomaly: +30.3 mm<br>Percent of normal: <b>123%</b><br>Weather station: NA (ECCC AES NA; station_id 6610)","DATE: May-19<br><b>Normal cumulative precipitation</b><br>129.3 mm<br>Period: 1991-2020","DATE: May-19<br><b>25-75 percentile</b><br>86.3 to 163.4 mm","DATE: May-19<br><b>10-90 percentile</b><br>69.6 to 199.8 mm","8401298","CORNER+BROOK",1994,2026
"05-20",2001-05-20,132.466666666667,44.3,235.2,69.88,102.15,163.55,201,1,160.6,"NA (ECCC AES NA; station_id 6610)",NA,6610,"","DATE: May-20<br><b>Daily precipitation</b><br>Value: 1.0 mm<br>Weather station: NA (ECCC AES NA; station_id 6610)",121.238047307499,"DATE: May-20<br><b>Cumulative precipitation</b><br>Value: 160.6 mm<br>Anomaly: +28.1 mm<br>Percent of normal: <b>121%</b><br>Weather station: NA (ECCC AES NA; station_id 6610)","DATE: May-20<br><b>Normal cumulative precipitation</b><br>132.5 mm<br>Period: 1991-2020","DATE: May-20<br><b>25-75 percentile</b><br>102.2 to 163.6 mm","DATE: May-20<br><b>10-90 percentile</b><br>69.9 to 201.0 mm","8401298","CORNER+BROOK",1994,2026
"05-21",2001-05-21,134.640740740741,50.4,243.2,71,102.15,165,205.08,0,160.6,"NA (ECCC AES NA; station_id 6610)",NA,6610,"","DATE: May-21<br><b>Daily precipitation</b><br>Value: 0.0 mm<br>Weather station: NA (ECCC AES NA; station_id 6610)",119.280389513933,"DATE: May-21<br><b>Cumulative precipitation</b><br>Value: 160.6 mm<br>Anomaly: +26.0 mm<br>Percent of normal: <b>119%</b><br>Weather station: NA (ECCC AES NA; station_id 6610)","DATE: May-21<br><b>Normal cumulative precipitation</b><br>134.6 mm<br>Period: 1991-2020","DATE: May-21<br><b>25-75 percentile</b><br>102.2 to 165.0 mm","DATE: May-21<br><b>10-90 percentile</b><br>71.0 to 205.1 mm","8401298","CORNER+BROOK",1994,2026
"05-22",2001-05-22,136.651851851852,50.6,243.2,75.04,105.7,166,209.52,1.4,162,"NA (ECCC AES NA; station_id 6610)",NA,6610,"","DATE: May-22<br><b>Daily precipitation</b><br>Value: 1.4 mm<br>Weather station: NA (ECCC AES NA; station_id 6610)",118.549436253252,"DATE: May-22<br><b>Cumulative precipitation</b><br>Value: 162.0 mm<br>Anomaly: +25.3 mm<br>Percent of normal: <b>119%</b><br>Weather station: NA (ECCC AES NA; station_id 6610)","DATE: May-22<br><b>Normal cumulative precipitation</b><br>136.7 mm<br>Period: 1991-2020","DATE: May-22<br><b>25-75 percentile</b><br>105.7 to 166.0 mm","DATE: May-22<br><b>10-90 percentile</b><br>75.0 to 209.5 mm","8401298","CORNER+BROOK",1994,2026
"05-23",2001-05-23,139.318518518519,69.2,260,81.04,105.7,167.05,212.28,0,162,"CORNER BROOK (ECCC AES 8401300; station_id 6610)","8401300",6610,"CORNER BROOK","DATE: May-23<br><b>Daily precipitation</b><br>Value: 0.0 mm<br>Weather station: CORNER BROOK (ECCC AES 8401300; station_id 6610)",116.280306252658,"DATE: May-23<br><b>Cumulative precipitation</b><br>Value: 162.0 mm<br>Anomaly: +22.7 mm<br>Percent of normal: <b>116%</b><br>Weather station: CORNER BROOK (ECCC AES 8401300; station_id 6610)","DATE: May-23<br><b>Normal cumulative precipitation</b><br>139.3 mm<br>Period: 1991-2020","DATE: May-23<br><b>25-75 percentile</b><br>105.7 to 167.0 mm","DATE: May-23<br><b>10-90 percentile</b><br>81.0 to 212.3 mm","8401298","CORNER+BROOK",1994,2026
"05-24",2001-05-24,141.544444444444,69.5,260.8,82,108.45,167.3,215.16,0,162,"CORNER BROOK (ECCC AES 8401300; station_id 6610)","8401300",6610,"CORNER BROOK","DATE: May-24<br><b>Daily precipitation</b><br>Value: 0.0 mm<br>Weather station: CORNER BROOK (ECCC AES 8401300; station_id 6610)",114.451683805636,"DATE: May-24<br><b>Cumulative precipitation</b><br>Value: 162.0 mm<br>Anomaly: +20.5 mm<br>Percent of normal: <b>114%</b><br>Weather station: CORNER BROOK (ECCC AES 8401300; station_id 6610)","DATE: May-24<br><b>Normal cumulative precipitation</b><br>141.5 mm<br>Period: 1991-2020","DATE: May-24<br><b>25-75 percentile</b><br>108.4 to 167.3 mm","DATE: May-24<br><b>10-90 percentile</b><br>82.0 to 215.2 mm","8401298","CORNER+BROOK",1994,2026
"05-25",2001-05-25,143.251851851852,69.8,268.6,82.16,108.65,167.3,219.48,5.2,167.2,"CORNER BROOK (ECCC AES 8401300; station_id 6610)","8401300",6610,"CORNER BROOK","DATE: May-25<br><b>Daily precipitation</b><br>Value: 5.2 mm<br>Weather station: CORNER BROOK (ECCC AES 8401300; station_id 6610)",116.717513832153,"DATE: May-25<br><b>Cumulative precipitation</b><br>Value: 167.2 mm<br>Anomaly: +23.9 mm<br>Percent of normal: <b>117%</b><br>Weather station: CORNER BROOK (ECCC AES 8401300; station_id 6610)","DATE: May-25<br><b>Normal cumulative precipitation</b><br>143.3 mm<br>Period: 1991-2020","DATE: May-25<br><b>25-75 percentile</b><br>108.6 to 167.3 mm","DATE: May-25<br><b>10-90 percentile</b><br>82.2 to 219.5 mm","8401298","CORNER+BROOK",1994,2026
"05-26",2001-05-26,145.42962962963,69.8,269,85.56,108.65,173.7,219.96,0,167.2,"CORNER BROOK (ECCC AES 8401300; station_id 6610)","8401300",6610,"CORNER BROOK","DATE: May-26<br><b>Daily precipitation</b><br>Value: 0.0 mm<br>Weather station: CORNER BROOK (ECCC AES 8401300; station_id 6610)",114.969693882748,"DATE: May-26<br><b>Cumulative precipitation</b><br>Value: 167.2 mm<br>Anomaly: +21.8 mm<br>Percent of normal: <b>115%</b><br>Weather station: CORNER BROOK (ECCC AES 8401300; station_id 6610)","DATE: May-26<br><b>Normal cumulative precipitation</b><br>145.4 mm<br>Period: 1991-2020","DATE: May-26<br><b>25-75 percentile</b><br>108.6 to 173.7 mm","DATE: May-26<br><b>10-90 percentile</b><br>85.6 to 220.0 mm","8401298","CORNER+BROOK",1994,2026
"05-27",2001-05-27,147.566666666667,73.5,270.8,85.64,109.6,176,222.12,0,167.2,"CORNER BROOK (ECCC AES 8401300; station_id 6610)","8401300",6610,"CORNER BROOK","DATE: May-27<br><b>Daily precipitation</b><br>Value: 0.0 mm<br>Weather station: CORNER BROOK (ECCC AES 8401300; station_id 6610)",113.304721030043,"DATE: May-27<br><b>Cumulative precipitation</b><br>Value: 167.2 mm<br>Anomaly: +19.6 mm<br>Percent of normal: <b>113%</b><br>Weather station: CORNER BROOK (ECCC AES 8401300; station_id 6610)","DATE: May-27<br><b>Normal cumulative precipitation</b><br>147.6 mm<br>Period: 1991-2020","DATE: May-27<br><b>25-75 percentile</b><br>109.6 to 176.0 mm","DATE: May-27<br><b>10-90 percentile</b><br>85.6 to 222.1 mm","8401298","CORNER+BROOK",1994,2026
"05-28",2001-05-28,148.662962962963,73.5,273.4,85.64,109.6,176.1,223.48,0,167.2,"CORNER BROOK (ECCC AES 8401300; station_id 6610)","8401300",6610,"CORNER BROOK","DATE: May-28<br><b>Daily precipitation</b><br>Value: 0.0 mm<br>Weather station: CORNER BROOK (ECCC AES 8401300; station_id 6610)",112.469169635517,"DATE: May-28<br><b>Cumulative precipitation</b><br>Value: 167.2 mm<br>Anomaly: +18.5 mm<br>Percent of normal: <b>112%</b><br>Weather station: CORNER BROOK (ECCC AES 8401300; station_id 6610)","DATE: May-28<br><b>Normal cumulative precipitation</b><br>148.7 mm<br>Period: 1991-2020","DATE: May-28<br><b>25-75 percentile</b><br>109.6 to 176.1 mm","DATE: May-28<br><b>10-90 percentile</b><br>85.6 to 223.5 mm","8401298","CORNER+BROOK",1994,2026
"05-29",2001-05-29,152.618518518519,79.1,273.4,87.56,110.95,186.9,230.2,0,167.2,"CORNER BROOK (ECCC AES 8401300; station_id 6610)","8401300",6610,"CORNER BROOK","DATE: May-29<br><b>Daily precipitation</b><br>Value: 0.0 mm<br>Weather station: CORNER BROOK (ECCC AES 8401300; station_id 6610)",109.554201955978,"DATE: May-29<br><b>Cumulative precipitation</b><br>Value: 167.2 mm<br>Anomaly: +14.6 mm<br>Percent of normal: <b>110%</b><br>Weather station: CORNER BROOK (ECCC AES 8401300; station_id 6610)","DATE: May-29<br><b>Normal cumulative precipitation</b><br>152.6 mm<br>Period: 1991-2020","DATE: May-29<br><b>25-75 percentile</b><br>111.0 to 186.9 mm","DATE: May-29<br><b>10-90 percentile</b><br>87.6 to 230.2 mm","8401298","CORNER+BROOK",1994,2026
"05-30",2001-05-30,157.233333333333,79.1,280.6,88.24,112.7,199.3,231.94,0,167.2,"CORNER BROOK (ECCC AES 8401300; station_id 6610)","8401300",6610,"CORNER BROOK","DATE: May-30<br><b>Daily precipitation</b><br>Value: 0.0 mm<br>Weather station: CORNER BROOK (ECCC AES 8401300; station_id 6610)",106.338774644901,"DATE: May-30<br><b>Cumulative precipitation</b><br>Value: 167.2 mm<br>Anomaly: +10.0 mm<br>Percent of normal: <b>106%</b><br>Weather station: CORNER BROOK (ECCC AES 8401300; station_id 6610)","DATE: May-30<br><b>Normal cumulative precipitation</b><br>157.2 mm<br>Period: 1991-2020","DATE: May-30<br><b>25-75 percentile</b><br>112.7 to 199.3 mm","DATE: May-30<br><b>10-90 percentile</b><br>88.2 to 231.9 mm","8401298","CORNER+BROOK",1994,2026
"05-31",2001-05-31,161.018518518519,79.1,280.6,94.24,112.7,201.25,233.78,0,167.2,"CORNER BROOK (ECCC AES 8401300; station_id 6610)","8401300",6610,"CORNER BROOK","DATE: May-31<br><b>Daily precipitation</b><br>Value: 0.0 mm<br>Weather station: CORNER BROOK (ECCC AES 8401300; station_id 6610)",103.838987924094,"DATE: May-31<br><b>Cumulative precipitation</b><br>Value: 167.2 mm<br>Anomaly: +6.2 mm<br>Percent of normal: <b>104%</b><br>Weather station: CORNER BROOK (ECCC AES 8401300; station_id 6610)","DATE: May-31<br><b>Normal cumulative precipitation</b><br>161.0 mm<br>Period: 1991-2020","DATE: May-31<br><b>25-75 percentile</b><br>112.7 to 201.2 mm","DATE: May-31<br><b>10-90 percentile</b><br>94.2 to 233.8 mm","8401298","CORNER+BROOK",1994,2026
"06-01",2001-06-01,163.148148148148,79.1,280.6,100.72,112.7,202.65,234.66,0,167.2,"CORNER BROOK (ECCC AES 8401300; station_id 6610)","8401300",6610,"CORNER BROOK","DATE: Jun-01<br><b>Daily precipitation</b><br>Value: 0.0 mm<br>Weather station: CORNER BROOK (ECCC AES 8401300; station_id 6610)",102.483541430193,"DATE: Jun-01<br><b>Cumulative precipitation</b><br>Value: 167.2 mm<br>Anomaly: +4.1 mm<br>Percent of normal: <b>102%</b><br>Weather station: CORNER BROOK (ECCC AES 8401300; station_id 6610)","DATE: Jun-01<br><b>Normal cumulative precipitation</b><br>163.1 mm<br>Period: 1991-2020","DATE: Jun-01<br><b>25-75 percentile</b><br>112.7 to 202.6 mm","DATE: Jun-01<br><b>10-90 percentile</b><br>100.7 to 234.7 mm","8401298","CORNER+BROOK",1994,2026
"06-02",2001-06-02,165.807407407407,79.1,285.3,102.46,117.75,205,234.66,0,167.2,"CORNER BROOK (ECCC AES 8401300; station_id 6610)","8401300",6610,"CORNER BROOK","DATE: Jun-02<br><b>Daily precipitation</b><br>Value: 0.0 mm<br>Weather station: CORNER BROOK (ECCC AES 8401300; station_id 6610)",100.839885632595,"DATE: Jun-02<br><b>Cumulative precipitation</b><br>Value: 167.2 mm<br>Anomaly: +1.4 mm<br>Percent of normal: <b>101%</b><br>Weather station: CORNER BROOK (ECCC AES 8401300; station_id 6610)","DATE: Jun-02<br><b>Normal cumulative precipitation</b><br>165.8 mm<br>Period: 1991-2020","DATE: Jun-02<br><b>25-75 percentile</b><br>117.8 to 205.0 mm","DATE: Jun-02<br><b>10-90 percentile</b><br>102.5 to 234.7 mm","8401298","CORNER+BROOK",1994,2026
"06-03",2001-06-03,168.511111111111,79.1,291.8,103.84,121.7,205.6,248.66,0,167.2,"CORNER BROOK (ECCC AES 8401300; station_id 6610)","8401300",6610,"CORNER BROOK","DATE: Jun-03<br><b>Daily precipitation</b><br>Value: 0.0 mm<br>Weather station: CORNER BROOK (ECCC AES 8401300; station_id 6610)",99.2219438217064,"DATE: Jun-03<br><b>Cumulative precipitation</b><br>Value: 167.2 mm<br>Anomaly: -1.3 mm<br>Percent of normal: <b>99%</b><br>Weather station: CORNER BROOK (ECCC AES 8401300; station_id 6610)","DATE: Jun-03<br><b>Normal cumulative precipitation</b><br>168.5 mm<br>Period: 1991-2020","DATE: Jun-03<br><b>25-75 percentile</b><br>121.7 to 205.6 mm","DATE: Jun-03<br><b>10-90 percentile</b><br>103.8 to 248.7 mm","8401298","CORNER+BROOK",1994,2026
"06-04",2001-06-04,170.611111111111,79.7,293.3,104.32,121.7,207.7,249.92,3.4,170.6,"CORNER BROOK (ECCC AES 8401300; station_id 6610)","8401300",6610,"CORNER BROOK","DATE: Jun-04<br><b>Daily precipitation</b><br>Value: 3.4 mm<br>Weather station: CORNER BROOK (ECCC AES 8401300; station_id 6610)",99.993487463367,"DATE: Jun-04<br><b>Cumulative precipitation</b><br>Value: 170.6 mm<br>Anomaly: 0.0 mm<br>Percent of normal: <b>100%</b><br>Weather station: CORNER BROOK (ECCC AES 8401300; station_id 6610)","DATE: Jun-04<br><b>Normal cumulative precipitation</b><br>170.6 mm<br>Period: 1991-2020","DATE: Jun-04<br><b>25-75 percentile</b><br>121.7 to 207.7 mm","DATE: Jun-04<br><b>10-90 percentile</b><br>104.3 to 249.9 mm","8401298","CORNER+BROOK",1994,2026
"06-05",2001-06-05,173.37037037037,95.2,296.3,104.32,121.7,208.4,249.92,0,170.6,"CORNER BROOK (ECCC AES 8401300; station_id 6610)","8401300",6610,"CORNER BROOK","DATE: Jun-05<br><b>Daily precipitation</b><br>Value: 0.0 mm<br>Weather station: CORNER BROOK (ECCC AES 8401300; station_id 6610)",98.4020508438368,"DATE: Jun-05<br><b>Cumulative precipitation</b><br>Value: 170.6 mm<br>Anomaly: -2.8 mm<br>Percent of normal: <b>98%</b><br>Weather station: CORNER BROOK (ECCC AES 8401300; station_id 6610)","DATE: Jun-05<br><b>Normal cumulative precipitation</b><br>173.4 mm<br>Period: 1991-2020","DATE: Jun-05<br><b>25-75 percentile</b><br>121.7 to 208.4 mm","DATE: Jun-05<br><b>10-90 percentile</b><br>104.3 to 249.9 mm","8401298","CORNER+BROOK",1994,2026
"06-06",2001-06-06,177.259259259259,102.2,296.3,109,125.5,209.7,249.92,1,171.6,"CORNER BROOK (ECCC AES 8401300; station_id 6610)","8401300",6610,"CORNER BROOK","DATE: Jun-06<br><b>Daily precipitation</b><br>Value: 1.0 mm<br>Weather station: CORNER BROOK (ECCC AES 8401300; station_id 6610)",96.807354784789,"DATE: Jun-06<br><b>Cumulative precipitation</b><br>Value: 171.6 mm<br>Anomaly: -5.7 mm<br>Percent of normal: <b>97%</b><br>Weather station: CORNER BROOK (ECCC AES 8401300; station_id 6610)","DATE: Jun-06<br><b>Normal cumulative precipitation</b><br>177.3 mm<br>Period: 1991-2020","DATE: Jun-06<br><b>25-75 percentile</b><br>125.5 to 209.7 mm","DATE: Jun-06<br><b>10-90 percentile</b><br>109.0 to 249.9 mm","8401298","CORNER+BROOK",1994,2026
"06-07",2001-06-07,180.222222222222,108.3,302.5,112.16,130.2,210.75,257.24,39,210.6,"CORNER BROOK (ECCC AES 8401300; station_id 6610)","8401300",6610,"CORNER BROOK","DATE: Jun-07<br><b>Daily precipitation</b><br>Value: 39.0 mm<br>Weather station: CORNER BROOK (ECCC AES 8401300; station_id 6610)",116.855733662145,"DATE: Jun-07<br><b>Cumulative precipitation</b><br>Value: 210.6 mm<br>Anomaly: +30.4 mm<br>Percent of normal: <b>117%</b><br>Weather station: CORNER BROOK (ECCC AES 8401300; station_id 6610)","DATE: Jun-07<br><b>Normal cumulative precipitation</b><br>180.2 mm<br>Period: 1991-2020","DATE: Jun-07<br><b>25-75 percentile</b><br>130.2 to 210.8 mm","DATE: Jun-07<br><b>10-90 percentile</b><br>112.2 to 257.2 mm","8401298","CORNER+BROOK",1994,2026
"06-08",2001-06-08,186.1,109,306.6,117.66,134.5,211.9,259.58,0,210.6,"CORNER BROOK (ECCC AES 8401300; station_id 6610)","8401300",6610,"CORNER BROOK","DATE: Jun-08<br><b>Daily precipitation</b><br>Value: 0.0 mm<br>Weather station: CORNER BROOK (ECCC AES 8401300; station_id 6610)",113.164965072542,"DATE: Jun-08<br><b>Cumulative precipitation</b><br>Value: 210.6 mm<br>Anomaly: +24.5 mm<br>Percent of normal: <b>113%</b><br>Weather station: CORNER BROOK (ECCC AES 8401300; station_id 6610)","DATE: Jun-08<br><b>Normal cumulative precipitation</b><br>186.1 mm<br>Period: 1991-2020","DATE: Jun-08<br><b>25-75 percentile</b><br>134.5 to 211.9 mm","DATE: Jun-08<br><b>10-90 percentile</b><br>117.7 to 259.6 mm","8401298","CORNER+BROOK",1994,2026
"06-09",2001-06-09,188.303703703704,109,310.7,117.66,139.85,212.4,264.02,0,210.6,"CORNER BROOK (ECCC AES 8401300; station_id 6610)","8401300",6610,"CORNER BROOK","DATE: Jun-09<br><b>Daily precipitation</b><br>Value: 0.0 mm<br>Weather station: CORNER BROOK (ECCC AES 8401300; station_id 6610)",111.840604224853,"DATE: Jun-09<br><b>Cumulative precipitation</b><br>Value: 210.6 mm<br>Anomaly: +22.3 mm<br>Percent of normal: <b>112%</b><br>Weather station: CORNER BROOK (ECCC AES 8401300; station_id 6610)","DATE: Jun-09<br><b>Normal cumulative precipitation</b><br>188.3 mm<br>Period: 1991-2020","DATE: Jun-09<br><b>25-75 percentile</b><br>139.8 to 212.4 mm","DATE: Jun-09<br><b>10-90 percentile</b><br>117.7 to 264.0 mm","8401298","CORNER+BROOK",1994,2026
"06-10",2001-06-10,189.559259259259,109,311.3,118.24,141.55,213.75,264.02,0.2,210.8,"CORNER BROOK (ECCC AES 8401300; station_id 6610)","8401300",6610,"CORNER BROOK","DATE: Jun-10<br><b>Daily precipitation</b><br>Value: 0.2 mm<br>Weather station: CORNER BROOK (ECCC AES 8401300; station_id 6610)",111.205330102968,"DATE: Jun-10<br><b>Cumulative precipitation</b><br>Value: 210.8 mm<br>Anomaly: +21.2 mm<br>Percent of normal: <b>111%</b><br>Weather station: CORNER BROOK (ECCC AES 8401300; station_id 6610)","DATE: Jun-10<br><b>Normal cumulative precipitation</b><br>189.6 mm<br>Period: 1991-2020","DATE: Jun-10<br><b>25-75 percentile</b><br>141.6 to 213.8 mm","DATE: Jun-10<br><b>10-90 percentile</b><br>118.2 to 264.0 mm","8401298","CORNER+BROOK",1994,2026
"06-11",2001-06-11,191.351851851852,109,311.3,118.54,143.05,220,264.74,0.2,211,"CORNER BROOK (ECCC AES 8401300; station_id 6610)","8401300",6610,"CORNER BROOK","DATE: Jun-11<br><b>Daily precipitation</b><br>Value: 0.2 mm<br>Weather station: CORNER BROOK (ECCC AES 8401300; station_id 6610)",110.26807316365,"DATE: Jun-11<br><b>Cumulative precipitation</b><br>Value: 211.0 mm<br>Anomaly: +19.6 mm<br>Percent of normal: <b>110%</b><br>Weather station: CORNER BROOK (ECCC AES 8401300; station_id 6610)","DATE: Jun-11<br><b>Normal cumulative precipitation</b><br>191.4 mm<br>Period: 1991-2020","DATE: Jun-11<br><b>25-75 percentile</b><br>143.0 to 220.0 mm","DATE: Jun-11<br><b>10-90 percentile</b><br>118.5 to 264.7 mm","8401298","CORNER+BROOK",1994,2026
"06-12",2001-06-12,195.818518518519,109,311.3,121.86,143.05,236.45,274.46,0,211,"CORNER BROOK (ECCC AES 8401300; station_id 6610)","8401300",6610,"CORNER BROOK","DATE: Jun-12<br><b>Daily precipitation</b><br>Value: 0.0 mm<br>Weather station: CORNER BROOK (ECCC AES 8401300; station_id 6610)",107.752832365569,"DATE: Jun-12<br><b>Cumulative precipitation</b><br>Value: 211.0 mm<br>Anomaly: +15.2 mm<br>Percent of normal: <b>108%</b><br>Weather station: CORNER BROOK (ECCC AES 8401300; station_id 6610)","DATE: Jun-12<br><b>Normal cumulative precipitation</b><br>195.8 mm<br>Period: 1991-2020","DATE: Jun-12<br><b>25-75 percentile</b><br>143.0 to 236.4 mm","DATE: Jun-12<br><b>10-90 percentile</b><br>121.9 to 274.5 mm","8401298","CORNER+BROOK",1994,2026
"06-13",2001-06-13,199.248148148148,109,312.6,121.86,162,237.15,274.64,0,211,"CORNER BROOK (ECCC AES 8401300; station_id 6610)","8401300",6610,"CORNER BROOK","DATE: Jun-13<br><b>Daily precipitation</b><br>Value: 0.0 mm<br>Weather station: CORNER BROOK (ECCC AES 8401300; station_id 6610)",105.898098406974,"DATE: Jun-13<br><b>Cumulative precipitation</b><br>Value: 211.0 mm<br>Anomaly: +11.8 mm<br>Percent of normal: <b>106%</b><br>Weather station: CORNER BROOK (ECCC AES 8401300; station_id 6610)","DATE: Jun-13<br><b>Normal cumulative precipitation</b><br>199.2 mm<br>Period: 1991-2020","DATE: Jun-13<br><b>25-75 percentile</b><br>162.0 to 237.2 mm","DATE: Jun-13<br><b>10-90 percentile</b><br>121.9 to 274.6 mm","8401298","CORNER+BROOK",1994,2026
"06-14",2001-06-14,201.314814814815,109,322.7,121.86,162.15,241,274.8,0,211,"CORNER BROOK (ECCC AES 8401300; station_id 6610)","8401300",6610,"CORNER BROOK","DATE: Jun-14<br><b>Daily precipitation</b><br>Value: 0.0 mm<br>Weather station: CORNER BROOK (ECCC AES 8401300; station_id 6610)",104.810964952626,"DATE: Jun-14<br><b>Cumulative precipitation</b><br>Value: 211.0 mm<br>Anomaly: +9.7 mm<br>Percent of normal: <b>105%</b><br>Weather station: CORNER BROOK (ECCC AES 8401300; station_id 6610)","DATE: Jun-14<br><b>Normal cumulative precipitation</b><br>201.3 mm<br>Period: 1991-2020","DATE: Jun-14<br><b>25-75 percentile</b><br>162.2 to 241.0 mm","DATE: Jun-14<br><b>10-90 percentile</b><br>121.9 to 274.8 mm","8401298","CORNER+BROOK",1994,2026
"06-15",2001-06-15,203.211111111111,109,323.4,127.3,162.15,243,274.88,0,211,"CORNER BROOK (ECCC AES 8401300; station_id 6610)","8401300",6610,"CORNER BROOK","DATE: Jun-15<br><b>Daily precipitation</b><br>Value: 0.0 mm<br>Weather station: CORNER BROOK (ECCC AES 8401300; station_id 6610)",103.832905024878,"DATE: Jun-15<br><b>Cumulative precipitation</b><br>Value: 211.0 mm<br>Anomaly: +7.8 mm<br>Percent of normal: <b>104%</b><br>Weather station: CORNER BROOK (ECCC AES 8401300; station_id 6610)","DATE: Jun-15<br><b>Normal cumulative precipitation</b><br>203.2 mm<br>Period: 1991-2020","DATE: Jun-15<br><b>25-75 percentile</b><br>162.2 to 243.0 mm","DATE: Jun-15<br><b>10-90 percentile</b><br>127.3 to 274.9 mm","8401298","CORNER+BROOK",1994,2026
"06-16",2001-06-16,204.296296296296,109,323.4,127.38,163.2,243.2,274.88,1,212,"CORNER BROOK (ECCC AES 8401300; station_id 6610)","8401300",6610,"CORNER BROOK","DATE: Jun-16<br><b>Daily precipitation</b><br>Value: 1.0 mm<br>Weather station: CORNER BROOK (ECCC AES 8401300; station_id 6610)",103.770848440899,"DATE: Jun-16<br><b>Cumulative precipitation</b><br>Value: 212.0 mm<br>Anomaly: +7.7 mm<br>Percent of normal: <b>104%</b><br>Weather station: CORNER BROOK (ECCC AES 8401300; station_id 6610)","DATE: Jun-16<br><b>Normal cumulative precipitation</b><br>204.3 mm<br>Period: 1991-2020","DATE: Jun-16<br><b>25-75 percentile</b><br>163.2 to 243.2 mm","DATE: Jun-16<br><b>10-90 percentile</b><br>127.4 to 274.9 mm","8401298","CORNER+BROOK",1994,2026
"06-17",2001-06-17,205.311111111111,109,327.5,127.38,163.2,243.2,275.76,0,212,"CORNER BROOK (ECCC AES 8401300; station_id 6610)","8401300",6610,"CORNER BROOK","DATE: Jun-17<br><b>Daily precipitation</b><br>Value: 0.0 mm<br>Weather station: CORNER BROOK (ECCC AES 8401300; station_id 6610)",103.257928347224,"DATE: Jun-17<br><b>Cumulative precipitation</b><br>Value: 212.0 mm<br>Anomaly: +6.7 mm<br>Percent of normal: <b>103%</b><br>Weather station: CORNER BROOK (ECCC AES 8401300; station_id 6610)","DATE: Jun-17<br><b>Normal cumulative precipitation</b><br>205.3 mm<br>Period: 1991-2020","DATE: Jun-17<br><b>25-75 percentile</b><br>163.2 to 243.2 mm","DATE: Jun-17<br><b>10-90 percentile</b><br>127.4 to 275.8 mm","8401298","CORNER+BROOK",1994,2026
"06-18",2001-06-18,208.022222222222,109,327.5,136.48,168.9,246.4,277.98,0.2,212.2,"CORNER BROOK (ECCC AES 8401300; station_id 6610)","8401300",6610,"CORNER BROOK","DATE: Jun-18<br><b>Daily precipitation</b><br>Value: 0.2 mm<br>Weather station: CORNER BROOK (ECCC AES 8401300; station_id 6610)",102.008332443115,"DATE: Jun-18<br><b>Cumulative precipitation</b><br>Value: 212.2 mm<br>Anomaly: +4.2 mm<br>Percent of normal: <b>102%</b><br>Weather station: CORNER BROOK (ECCC AES 8401300; station_id 6610)","DATE: Jun-18<br><b>Normal cumulative precipitation</b><br>208.0 mm<br>Period: 1991-2020","DATE: Jun-18<br><b>25-75 percentile</b><br>168.9 to 246.4 mm","DATE: Jun-18<br><b>10-90 percentile</b><br>136.5 to 278.0 mm","8401298","CORNER+BROOK",1994,2026
"06-19",2001-06-19,211.022222222222,109,327.5,136.48,173.7,248.55,281.58,15.8,228,"","8401300",6610,"CORNER BROOK","DATE: Jun-19<br><b>Daily precipitation</b><br>Value: 15.8 mm<br>Weather station: ",108.04549283909,"DATE: Jun-19<br><b>Cumulative precipitation</b><br>Value: 228.0 mm<br>Anomaly: +17.0 mm<br>Percent of normal: <b>108%</b><br>Weather station: ","DATE: Jun-19<br><b>Normal cumulative precipitation</b><br>211.0 mm<br>Period: 1991-2020","DATE: Jun-19<br><b>25-75 percentile</b><br>173.7 to 248.6 mm","DATE: Jun-19<br><b>10-90 percentile</b><br>136.5 to 281.6 mm","8401298","CORNER+BROOK",1994,2026
"06-20",2001-06-20,213.333333333333,109,327.5,136.48,176.5,257.55,284.22,6,234,"","8401300",6610,"CORNER BROOK","DATE: Jun-20<br><b>Daily precipitation</b><br>Value: 6.0 mm<br>Weather station: ",109.6875,"DATE: Jun-20<br><b>Cumulative precipitation</b><br>Value: 234.0 mm<br>Anomaly: +20.7 mm<br>Percent of normal: <b>110%</b><br>Weather station: ","DATE: Jun-20<br><b>Normal cumulative precipitation</b><br>213.3 mm<br>Period: 1991-2020","DATE: Jun-20<br><b>25-75 percentile</b><br>176.5 to 257.5 mm","DATE: Jun-20<br><b>10-90 percentile</b><br>136.5 to 284.2 mm","8401298","CORNER+BROOK",1994,2026
"06-21",2001-06-21,215.951851851852,109,329.7,136.72,176.6,259.2,291.12,0,234,"","8401300",6610,"CORNER BROOK","DATE: Jun-21<br><b>Daily precipitation</b><br>Value: 0.0 mm<br>Weather station: ",108.357487094174,"DATE: Jun-21<br><b>Cumulative precipitation</b><br>Value: 234.0 mm<br>Anomaly: +18.0 mm<br>Percent of normal: <b>108%</b><br>Weather station: ","DATE: Jun-21<br><b>Normal cumulative precipitation</b><br>216.0 mm<br>Period: 1991-2020","DATE: Jun-21<br><b>25-75 percentile</b><br>176.6 to 259.2 mm","DATE: Jun-21<br><b>10-90 percentile</b><br>136.7 to 291.1 mm","8401298","CORNER+BROOK",1994,2026
"06-22",2001-06-22,217.922222222222,109,337.7,143.86,177.65,259.2,296.34,0,234,"","8401300",6610,"CORNER BROOK","DATE: Jun-22<br><b>Daily precipitation</b><br>Value: 0.0 mm<br>Weather station: ",107.377759649212,"DATE: Jun-22<br><b>Cumulative precipitation</b><br>Value: 234.0 mm<br>Anomaly: +16.1 mm<br>Percent of normal: <b>107%</b><br>Weather station: ","DATE: Jun-22<br><b>Normal cumulative precipitation</b><br>217.9 mm<br>Period: 1991-2020","DATE: Jun-22<br><b>25-75 percentile</b><br>177.6 to 259.2 mm","DATE: Jun-22<br><b>10-90 percentile</b><br>143.9 to 296.3 mm","8401298","CORNER+BROOK",1994,2026
"06-23",2001-06-23,221.037037037037,109,338.6,144.1,179.15,260.75,299.04,7.6,241.6,"","8401300",6610,"CORNER BROOK","DATE: Jun-23<br><b>Daily precipitation</b><br>Value: 7.6 mm<br>Weather station: ",109.302949061662,"DATE: Jun-23<br><b>Cumulative precipitation</b><br>Value: 241.6 mm<br>Anomaly: +20.6 mm<br>Percent of normal: <b>109%</b><br>Weather station: ","DATE: Jun-23<br><b>Normal cumulative precipitation</b><br>221.0 mm<br>Period: 1991-2020","DATE: Jun-23<br><b>25-75 percentile</b><br>179.1 to 260.8 mm","DATE: Jun-23<br><b>10-90 percentile</b><br>144.1 to 299.0 mm","8401298","CORNER+BROOK",1994,2026
"06-24",2001-06-24,223.614814814815,112.4,348.4,144.1,180.6,268.1,300.96,55.4,297,"","8401300",6610,"CORNER BROOK","DATE: Jun-24<br><b>Daily precipitation</b><br>Value: 55.4 mm<br>Weather station: ",132.817675897708,"DATE: Jun-24<br><b>Cumulative precipitation</b><br>Value: 297.0 mm<br>Anomaly: +73.4 mm<br>Percent of normal: <b>133%</b><br>Weather station: ","DATE: Jun-24<br><b>Normal cumulative precipitation</b><br>223.6 mm<br>Period: 1991-2020","DATE: Jun-24<br><b>25-75 percentile</b><br>180.6 to 268.1 mm","DATE: Jun-24<br><b>10-90 percentile</b><br>144.1 to 301.0 mm","8401298","CORNER+BROOK",1994,2026
"06-25",2001-06-25,227.081481481481,112.4,348.4,144.1,182.7,272.35,301.38,0,297,"","8401300",6610,"CORNER BROOK","DATE: Jun-25<br><b>Daily precipitation</b><br>Value: 0.0 mm<br>Weather station: ",130.790057411273,"DATE: Jun-25<br><b>Cumulative precipitation</b><br>Value: 297.0 mm<br>Anomaly: +69.9 mm<br>Percent of normal: <b>131%</b><br>Weather station: ","DATE: Jun-25<br><b>Normal cumulative precipitation</b><br>227.1 mm<br>Period: 1991-2020","DATE: Jun-25<br><b>25-75 percentile</b><br>182.7 to 272.4 mm","DATE: Jun-25<br><b>10-90 percentile</b><br>144.1 to 301.4 mm","8401298","CORNER+BROOK",1994,2026
"06-26",2001-06-26,229.292592592593,114.6,348.4,144.34,183.35,283.1,304.32,6,303,"","8401300",6610,"CORNER BROOK","DATE: Jun-26<br><b>Daily precipitation</b><br>Value: 6.0 mm<br>Weather station: ",132.145568495695,"DATE: Jun-26<br><b>Cumulative precipitation</b><br>Value: 303.0 mm<br>Anomaly: +73.7 mm<br>Percent of normal: <b>132%</b><br>Weather station: ","DATE: Jun-26<br><b>Normal cumulative precipitation</b><br>229.3 mm<br>Period: 1991-2020","DATE: Jun-26<br><b>25-75 percentile</b><br>183.4 to 283.1 mm","DATE: Jun-26<br><b>10-90 percentile</b><br>144.3 to 304.3 mm","8401298","CORNER+BROOK",1994,2026
"06-27",2001-06-27,232.507407407407,116.9,348.4,144.34,185.85,291.05,304.32,0,303,"","8401300",6610,"CORNER BROOK","DATE: Jun-27<br><b>Daily precipitation</b><br>Value: 0.0 mm<br>Weather station: ",130.318428723896,"DATE: Jun-27<br><b>Cumulative precipitation</b><br>Value: 303.0 mm<br>Anomaly: +70.5 mm<br>Percent of normal: <b>130%</b><br>Weather station: ","DATE: Jun-27<br><b>Normal cumulative precipitation</b><br>232.5 mm<br>Period: 1991-2020","DATE: Jun-27<br><b>25-75 percentile</b><br>185.9 to 291.0 mm","DATE: Jun-27<br><b>10-90 percentile</b><br>144.3 to 304.3 mm","8401298","CORNER+BROOK",1994,2026
"06-28",2001-06-28,233.644444444444,123.1,349.5,144.34,185.85,291.05,305.04,0,303,"","8401300",6610,"CORNER BROOK","DATE: Jun-28<br><b>Daily precipitation</b><br>Value: 0.0 mm<br>Weather station: ",129.684230549743,"DATE: Jun-28<br><b>Cumulative precipitation</b><br>Value: 303.0 mm<br>Anomaly: +69.4 mm<br>Percent of normal: <b>130%</b><br>Weather station: ","DATE: Jun-28<br><b>Normal cumulative precipitation</b><br>233.6 mm<br>Period: 1991-2020","DATE: Jun-28<br><b>25-75 percentile</b><br>185.9 to 291.0 mm","DATE: Jun-28<br><b>10-90 percentile</b><br>144.3 to 305.0 mm","8401298","CORNER+BROOK",1994,2026
"06-29",2001-06-29,236.011111111111,123.5,349.5,147.06,187.8,294.05,308,0,303,"","8401300",6610,"CORNER BROOK","DATE: Jun-29<br><b>Daily precipitation</b><br>Value: 0.0 mm<br>Weather station: ",128.383786074102,"DATE: Jun-29<br><b>Cumulative precipitation</b><br>Value: 303.0 mm<br>Anomaly: +67.0 mm<br>Percent of normal: <b>128%</b><br>Weather station: ","DATE: Jun-29<br><b>Normal cumulative precipitation</b><br>236.0 mm<br>Period: 1991-2020","DATE: Jun-29<br><b>25-75 percentile</b><br>187.8 to 294.0 mm","DATE: Jun-29<br><b>10-90 percentile</b><br>147.1 to 308.0 mm","8401298","CORNER+BROOK",1994,2026
"06-30",2001-06-30,238.7,123.5,354.5,150.66,188.75,294.05,314.76,0.8,303.8,"","8401300",6610,"CORNER BROOK","DATE: Jun-30<br><b>Daily precipitation</b><br>Value: 0.8 mm<br>Weather station: ",127.272727272727,"DATE: Jun-30<br><b>Cumulative precipitation</b><br>Value: 303.8 mm<br>Anomaly: +65.1 mm<br>Percent of normal: <b>127%</b><br>Weather station: ","DATE: Jun-30<br><b>Normal cumulative precipitation</b><br>238.7 mm<br>Period: 1991-2020","DATE: Jun-30<br><b>25-75 percentile</b><br>188.8 to 294.0 mm","DATE: Jun-30<br><b>10-90 percentile</b><br>150.7 to 314.8 mm","8401298","CORNER+BROOK",1994,2026
"07-01",2001-07-01,241.122222222222,123.5,365.7,156.12,188.75,294.05,321.22,24.8,328.6,"","8401300",6610,"CORNER BROOK","DATE: Jul-01<br><b>Daily precipitation</b><br>Value: 24.8 mm<br>Weather station: ",136.27943412746,"DATE: Jul-01<br><b>Cumulative precipitation</b><br>Value: 328.6 mm<br>Anomaly: +87.5 mm<br>Percent of normal: <b>136%</b><br>Weather station: ","DATE: Jul-01<br><b>Normal cumulative precipitation</b><br>241.1 mm<br>Period: 1991-2020","DATE: Jul-01<br><b>25-75 percentile</b><br>188.8 to 294.0 mm","DATE: Jul-01<br><b>10-90 percentile</b><br>156.1 to 321.2 mm","8401298","CORNER+BROOK",1994,2026
"07-02",2001-07-02,243.803703703704,126.2,365.7,166.7,192.6,294.05,322.82,7.2,335.8,"","8401300",6610,"CORNER BROOK","DATE: Jul-02<br><b>Daily precipitation</b><br>Value: 7.2 mm<br>Weather station: ",137.733756665198,"DATE: Jul-02<br><b>Cumulative precipitation</b><br>Value: 335.8 mm<br>Anomaly: +92.0 mm<br>Percent of normal: <b>138%</b><br>Weather station: ","DATE: Jul-02<br><b>Normal cumulative precipitation</b><br>243.8 mm<br>Period: 1991-2020","DATE: Jul-02<br><b>25-75 percentile</b><br>192.6 to 294.0 mm","DATE: Jul-02<br><b>10-90 percentile</b><br>166.7 to 322.8 mm","8401298","CORNER+BROOK",1994,2026
"07-03",2001-07-03,245.814814814815,132.2,365.7,166.7,192.6,294.05,323.22,24.4,360.2,"","8401300",6610,"CORNER BROOK","DATE: Jul-03<br><b>Daily precipitation</b><br>Value: 24.4 mm<br>Weather station: ",146.533072171162,"DATE: Jul-03<br><b>Cumulative precipitation</b><br>Value: 360.2 mm<br>Anomaly: +114.4 mm<br>Percent of normal: <b>147%</b><br>Weather station: ","DATE: Jul-03<br><b>Normal cumulative precipitation</b><br>245.8 mm<br>Period: 1991-2020","DATE: Jul-03<br><b>25-75 percentile</b><br>192.6 to 294.0 mm","DATE: Jul-03<br><b>10-90 percentile</b><br>166.7 to 323.2 mm","8401298","CORNER+BROOK",1994,2026
"07-04",2001-07-04,248.325925925926,134.4,365.7,166.7,193.15,294.7,329.92,13.6,373.8,"","8401300",6610,"CORNER BROOK","DATE: Jul-04<br><b>Daily precipitation</b><br>Value: 13.6 mm<br>Weather station: ",150.527979954659,"DATE: Jul-04<br><b>Cumulative precipitation</b><br>Value: 373.8 mm<br>Anomaly: +125.5 mm<br>Percent of normal: <b>151%</b><br>Weather station: ","DATE: Jul-04<br><b>Normal cumulative precipitation</b><br>248.3 mm<br>Period: 1991-2020","DATE: Jul-04<br><b>25-75 percentile</b><br>193.1 to 294.7 mm","DATE: Jul-04<br><b>10-90 percentile</b><br>166.7 to 329.9 mm","8401298","CORNER+BROOK",1994,2026
"07-05",2001-07-05,251.807407407407,134.4,373.5,166.7,195.8,296.25,334.66,2,375.8,"","8401300",6610,"CORNER BROOK","DATE: Jul-05<br><b>Daily precipitation</b><br>Value: 2.0 mm<br>Weather station: ",149.241042536918,"DATE: Jul-05<br><b>Cumulative precipitation</b><br>Value: 375.8 mm<br>Anomaly: +124.0 mm<br>Percent of normal: <b>149%</b><br>Weather station: ","DATE: Jul-05<br><b>Normal cumulative precipitation</b><br>251.8 mm<br>Period: 1991-2020","DATE: Jul-05<br><b>25-75 percentile</b><br>195.8 to 296.2 mm","DATE: Jul-05<br><b>10-90 percentile</b><br>166.7 to 334.7 mm","8401298","CORNER+BROOK",1994,2026
"07-06",2001-07-06,255.07037037037,134.4,380.8,169.34,199.85,305.55,338.24,0,375.8,"","8401300",6610,"CORNER BROOK","DATE: Jul-06<br><b>Daily precipitation</b><br>Value: 0.0 mm<br>Weather station: ",147.331890981429,"DATE: Jul-06<br><b>Cumulative precipitation</b><br>Value: 375.8 mm<br>Anomaly: +120.7 mm<br>Percent of normal: <b>147%</b><br>Weather station: ","DATE: Jul-06<br><b>Normal cumulative precipitation</b><br>255.1 mm<br>Period: 1991-2020","DATE: Jul-06<br><b>25-75 percentile</b><br>199.8 to 305.5 mm","DATE: Jul-06<br><b>10-90 percentile</b><br>169.3 to 338.2 mm","8401298","CORNER+BROOK",1994,2026
"07-07",2001-07-07,257.081481481481,138,380.8,172.7,202.45,308.1,338.24,0,375.8,"","8401300",6610,"CORNER BROOK","DATE: Jul-07<br><b>Daily precipitation</b><br>Value: 0.0 mm<br>Weather station: ",146.179334985305,"DATE: Jul-07<br><b>Cumulative precipitation</b><br>Value: 375.8 mm<br>Anomaly: +118.7 mm<br>Percent of normal: <b>146%</b><br>Weather station: ","DATE: Jul-07<br><b>Normal cumulative precipitation</b><br>257.1 mm<br>Period: 1991-2020","DATE: Jul-07<br><b>25-75 percentile</b><br>202.4 to 308.1 mm","DATE: Jul-07<br><b>10-90 percentile</b><br>172.7 to 338.2 mm","8401298","CORNER+BROOK",1994,2026
"07-08",2001-07-08,259.148148148148,141.1,380.8,172.86,209.05,308.9,338.24,0,375.8,"","8401300",6610,"CORNER BROOK","DATE: Jul-08<br><b>Daily precipitation</b><br>Value: 0.0 mm<br>Weather station: ",145.013577247392,"DATE: Jul-08<br><b>Cumulative precipitation</b><br>Value: 375.8 mm<br>Anomaly: +116.7 mm<br>Percent of normal: <b>145%</b><br>Weather station: ","DATE: Jul-08<br><b>Normal cumulative precipitation</b><br>259.1 mm<br>Period: 1991-2020","DATE: Jul-08<br><b>25-75 percentile</b><br>209.0 to 308.9 mm","DATE: Jul-08<br><b>10-90 percentile</b><br>172.9 to 338.2 mm","8401298","CORNER+BROOK",1994,2026
"07-09",2001-07-09,262.514814814815,141.5,385,172.86,210.75,321.45,339.44,0,375.8,"","8401300",6610,"CORNER BROOK","DATE: Jul-09<br><b>Daily precipitation</b><br>Value: 0.0 mm<br>Weather station: ",143.153825533656,"DATE: Jul-09<br><b>Cumulative precipitation</b><br>Value: 375.8 mm<br>Anomaly: +113.3 mm<br>Percent of normal: <b>143%</b><br>Weather station: ","DATE: Jul-09<br><b>Normal cumulative precipitation</b><br>262.5 mm<br>Period: 1991-2020","DATE: Jul-09<br><b>25-75 percentile</b><br>210.8 to 321.4 mm","DATE: Jul-09<br><b>10-90 percentile</b><br>172.9 to 339.4 mm","8401298","CORNER+BROOK",1994,2026
"07-10",2001-07-10,266.251851851852,144.8,415.3,189.78,214.05,321.45,340.52,0,375.8,"","8401300",6610,"CORNER BROOK","DATE: Jul-10<br><b>Daily precipitation</b><br>Value: 0.0 mm<br>Weather station: ",141.144558201647,"DATE: Jul-10<br><b>Cumulative precipitation</b><br>Value: 375.8 mm<br>Anomaly: +109.5 mm<br>Percent of normal: <b>141%</b><br>Weather station: ","DATE: Jul-10<br><b>Normal cumulative precipitation</b><br>266.3 mm<br>Period: 1991-2020","DATE: Jul-10<br><b>25-75 percentile</b><br>214.0 to 321.4 mm","DATE: Jul-10<br><b>10-90 percentile</b><br>189.8 to 340.5 mm","8401298","CORNER+BROOK",1994,2026
"07-11",2001-07-11,268.251851851852,144.8,416,191.88,218.8,322.05,340.52,0,375.8,"","8401300",6610,"CORNER BROOK","DATE: Jul-11<br><b>Daily precipitation</b><br>Value: 0.0 mm<br>Weather station: ",140.092229524493,"DATE: Jul-11<br><b>Cumulative precipitation</b><br>Value: 375.8 mm<br>Anomaly: +107.5 mm<br>Percent of normal: <b>140%</b><br>Weather station: ","DATE: Jul-11<br><b>Normal cumulative precipitation</b><br>268.3 mm<br>Period: 1991-2020","DATE: Jul-11<br><b>25-75 percentile</b><br>218.8 to 322.0 mm","DATE: Jul-11<br><b>10-90 percentile</b><br>191.9 to 340.5 mm","8401298","CORNER+BROOK",1994,2026
"07-12",2001-07-12,270.681481481481,144.8,416,194.22,218.8,322.05,340.52,0,375.8,"","8401300",6610,"CORNER BROOK","DATE: Jul-12<br><b>Daily precipitation</b><br>Value: 0.0 mm<br>Weather station: ",138.834765475343,"DATE: Jul-12<br><b>Cumulative precipitation</b><br>Value: 375.8 mm<br>Anomaly: +105.1 mm<br>Percent of normal: <b>139%</b><br>Weather station: ","DATE: Jul-12<br><b>Normal cumulative precipitation</b><br>270.7 mm<br>Period: 1991-2020","DATE: Jul-12<br><b>25-75 percentile</b><br>218.8 to 322.0 mm","DATE: Jul-12<br><b>10-90 percentile</b><br>194.2 to 340.5 mm","8401298","CORNER+BROOK",1994,2026
"07-13",2001-07-13,272.603703703704,149.3,419.1,194.22,218.8,324.6,343.72,23,398.8,"","8401300",6610,"CORNER BROOK","DATE: Jul-13<br><b>Daily precipitation</b><br>Value: 23.0 mm<br>Weather station: ",146.292950015624,"DATE: Jul-13<br><b>Cumulative precipitation</b><br>Value: 398.8 mm<br>Anomaly: +126.2 mm<br>Percent of normal: <b>146%</b><br>Weather station: ","DATE: Jul-13<br><b>Normal cumulative precipitation</b><br>272.6 mm<br>Period: 1991-2020","DATE: Jul-13<br><b>25-75 percentile</b><br>218.8 to 324.6 mm","DATE: Jul-13<br><b>10-90 percentile</b><br>194.2 to 343.7 mm","8401298","CORNER+BROOK",1994,2026
"07-14",2001-07-14,277.914814814815,149.3,419.1,194.22,219.4,334.3,360.72,7.8,406.6,"","8401300",6610,"CORNER BROOK","DATE: Jul-14<br><b>Daily precipitation</b><br>Value: 7.8 mm<br>Weather station: ",146.303823447099,"DATE: Jul-14<br><b>Cumulative precipitation</b><br>Value: 406.6 mm<br>Anomaly: +128.7 mm<br>Percent of normal: <b>146%</b><br>Weather station: ","DATE: Jul-14<br><b>Normal cumulative precipitation</b><br>277.9 mm<br>Period: 1991-2020","DATE: Jul-14<br><b>25-75 percentile</b><br>219.4 to 334.3 mm","DATE: Jul-14<br><b>10-90 percentile</b><br>194.2 to 360.7 mm","8401298","CORNER+BROOK",1994,2026
"07-15",2001-07-15,279.996296296296,149.3,419.8,194.46,224.3,334.5,361.32,0,406.6,"","8401300",6610,"CORNER BROOK","DATE: Jul-15<br><b>Daily precipitation</b><br>Value: 0.0 mm<br>Weather station: ",145.216206563579,"DATE: Jul-15<br><b>Cumulative precipitation</b><br>Value: 406.6 mm<br>Anomaly: +126.6 mm<br>Percent of normal: <b>145%</b><br>Weather station: ","DATE: Jul-15<br><b>Normal cumulative precipitation</b><br>280.0 mm<br>Period: 1991-2020","DATE: Jul-15<br><b>25-75 percentile</b><br>224.3 to 334.5 mm","DATE: Jul-15<br><b>10-90 percentile</b><br>194.5 to 361.3 mm","8401298","CORNER+BROOK",1994,2026
"07-16",2001-07-16,282.325925925926,149.3,428.3,200.1,225.35,335.1,363.92,0,406.6,"","8401300",6610,"CORNER BROOK","DATE: Jul-16<br><b>Daily precipitation</b><br>Value: 0.0 mm<br>Weather station: ",144.017946161515,"DATE: Jul-16<br><b>Cumulative precipitation</b><br>Value: 406.6 mm<br>Anomaly: +124.3 mm<br>Percent of normal: <b>144%</b><br>Weather station: ","DATE: Jul-16<br><b>Normal cumulative precipitation</b><br>282.3 mm<br>Period: 1991-2020","DATE: Jul-16<br><b>25-75 percentile</b><br>225.4 to 335.1 mm","DATE: Jul-16<br><b>10-90 percentile</b><br>200.1 to 363.9 mm","8401298","CORNER+BROOK",1994,2026
"07-17",2001-07-17,284.855555555556,149.3,428.3,200.56,225.45,336.2,375.68,0,406.6,"","8401300",6610,"CORNER BROOK","DATE: Jul-17<br><b>Daily precipitation</b><br>Value: 0.0 mm<br>Weather station: ",142.739010024574,"DATE: Jul-17<br><b>Cumulative precipitation</b><br>Value: 406.6 mm<br>Anomaly: +121.7 mm<br>Percent of normal: <b>143%</b><br>Weather station: ","DATE: Jul-17<br><b>Normal cumulative precipitation</b><br>284.9 mm<br>Period: 1991-2020","DATE: Jul-17<br><b>25-75 percentile</b><br>225.4 to 336.2 mm","DATE: Jul-17<br><b>10-90 percentile</b><br>200.6 to 375.7 mm","8401298","CORNER+BROOK",1994,2026
"07-18",2001-07-18,286.881481481482,149.3,428.5,201.86,225.65,337.8,376.24,1.8,408.4,"","8401300",6610,"CORNER BROOK","DATE: Jul-18<br><b>Daily precipitation</b><br>Value: 1.8 mm<br>Weather station: ",142.358439412327,"DATE: Jul-18<br><b>Cumulative precipitation</b><br>Value: 408.4 mm<br>Anomaly: +121.5 mm<br>Percent of normal: <b>142%</b><br>Weather station: ","DATE: Jul-18<br><b>Normal cumulative precipitation</b><br>286.9 mm<br>Period: 1991-2020","DATE: Jul-18<br><b>25-75 percentile</b><br>225.6 to 337.8 mm","DATE: Jul-18<br><b>10-90 percentile</b><br>201.9 to 376.2 mm","8401298","CORNER+BROOK",1994,2026
"07-19",2001-07-19,289.774074074074,149.3,430.6,204.74,225.65,348.3,376.24,0,408.4,"","8401300",6610,"CORNER BROOK","DATE: Jul-19<br><b>Daily precipitation</b><br>Value: 0.0 mm<br>Weather station: ",140.937384169021,"DATE: Jul-19<br><b>Cumulative precipitation</b><br>Value: 408.4 mm<br>Anomaly: +118.6 mm<br>Percent of normal: <b>141%</b><br>Weather station: ","DATE: Jul-19<br><b>Normal cumulative precipitation</b><br>289.8 mm<br>Period: 1991-2020","DATE: Jul-19<br><b>25-75 percentile</b><br>225.6 to 348.3 mm","DATE: Jul-19<br><b>10-90 percentile</b><br>204.7 to 376.2 mm","8401298","CORNER+BROOK",1994,2026
"07-20",2001-07-20,293.57037037037,149.3,430.6,215.54,225.7,348.7,385,0,408.4,"","8401300",6610,"CORNER BROOK","DATE: Jul-20<br><b>Daily precipitation</b><br>Value: 0.0 mm<br>Weather station: ",139.11485668147,"DATE: Jul-20<br><b>Cumulative precipitation</b><br>Value: 408.4 mm<br>Anomaly: +114.8 mm<br>Percent of normal: <b>139%</b><br>Weather station: ","DATE: Jul-20<br><b>Normal cumulative precipitation</b><br>293.6 mm<br>Period: 1991-2020","DATE: Jul-20<br><b>25-75 percentile</b><br>225.7 to 348.7 mm","DATE: Jul-20<br><b>10-90 percentile</b><br>215.5 to 385.0 mm","8401298","CORNER+BROOK",1994,2026
"07-21",2001-07-21,297.959259259259,149.3,433.7,215.54,234.5,352.75,386.16,0,408.4,"","8401300",6610,"CORNER BROOK","DATE: Jul-21<br><b>Daily precipitation</b><br>Value: 0.0 mm<br>Weather station: ",137.065718654054,"DATE: Jul-21<br><b>Cumulative precipitation</b><br>Value: 408.4 mm<br>Anomaly: +110.4 mm<br>Percent of normal: <b>137%</b><br>Weather station: ","DATE: Jul-21<br><b>Normal cumulative precipitation</b><br>298.0 mm<br>Period: 1991-2020","DATE: Jul-21<br><b>25-75 percentile</b><br>234.5 to 352.8 mm","DATE: Jul-21<br><b>10-90 percentile</b><br>215.5 to 386.2 mm","8401298","CORNER+BROOK",1994,2026
"07-22",2001-07-22,300.57037037037,150.5,457.8,218,235.55,353.05,388.6,1.8,410.2,"","8401300",6610,"CORNER BROOK","DATE: Jul-22<br><b>Daily precipitation</b><br>Value: 1.8 mm<br>Weather station: ",136.473864504522,"DATE: Jul-22<br><b>Cumulative precipitation</b><br>Value: 410.2 mm<br>Anomaly: +109.6 mm<br>Percent of normal: <b>136%</b><br>Weather station: ","DATE: Jul-22<br><b>Normal cumulative precipitation</b><br>300.6 mm<br>Period: 1991-2020","DATE: Jul-22<br><b>25-75 percentile</b><br>235.6 to 353.0 mm","DATE: Jul-22<br><b>10-90 percentile</b><br>218.0 to 388.6 mm","8401298","CORNER+BROOK",1994,2026
"07-23",2001-07-23,306.662962962963,172.4,487.3,223.6,237.15,359.1,390.88,8.8,419,"","8401300",6610,"CORNER BROOK","DATE: Jul-23<br><b>Daily precipitation</b><br>Value: 8.8 mm<br>Weather station: ",136.632084928562,"DATE: Jul-23<br><b>Cumulative precipitation</b><br>Value: 419.0 mm<br>Anomaly: +112.3 mm<br>Percent of normal: <b>137%</b><br>Weather station: ","DATE: Jul-23<br><b>Normal cumulative precipitation</b><br>306.7 mm<br>Period: 1991-2020","DATE: Jul-23<br><b>25-75 percentile</b><br>237.2 to 359.1 mm","DATE: Jul-23<br><b>10-90 percentile</b><br>223.6 to 390.9 mm","8401298","CORNER+BROOK",1994,2026
"07-24",2001-07-24,311.762962962963,172.4,509.9,226.78,242.85,362.6,401.16,0,419,"","8401300",6610,"CORNER BROOK","DATE: Jul-24<br><b>Daily precipitation</b><br>Value: 0.0 mm<br>Weather station: ",134.396977760882,"DATE: Jul-24<br><b>Cumulative precipitation</b><br>Value: 419.0 mm<br>Anomaly: +107.2 mm<br>Percent of normal: <b>134%</b><br>Weather station: ","DATE: Jul-24<br><b>Normal cumulative precipitation</b><br>311.8 mm<br>Period: 1991-2020","DATE: Jul-24<br><b>25-75 percentile</b><br>242.8 to 362.6 mm","DATE: Jul-24<br><b>10-90 percentile</b><br>226.8 to 401.2 mm","8401298","CORNER+BROOK",1994,2026
"07-25",2001-07-25,313.4,172.4,510.7,226.96,244.55,365.6,401.16,0,419,"","8401300",6610,"CORNER BROOK","DATE: Jul-25<br><b>Daily precipitation</b><br>Value: 0.0 mm<br>Weather station: ",133.694958519464,"DATE: Jul-25<br><b>Cumulative precipitation</b><br>Value: 419.0 mm<br>Anomaly: +105.6 mm<br>Percent of normal: <b>134%</b><br>Weather station: ","DATE: Jul-25<br><b>Normal cumulative precipitation</b><br>313.4 mm<br>Period: 1991-2020","DATE: Jul-25<br><b>25-75 percentile</b><br>244.6 to 365.6 mm","DATE: Jul-25<br><b>10-90 percentile</b><br>227.0 to 401.2 mm","8401298","CORNER+BROOK",1994,2026
"07-26",2001-07-26,316.114814814815,172.4,512,234.28,244.85,373.25,405,0,419,"","8401300",6610,"CORNER BROOK","DATE: Jul-26<br><b>Daily precipitation</b><br>Value: 0.0 mm<br>Weather station: ",132.546777424986,"DATE: Jul-26<br><b>Cumulative precipitation</b><br>Value: 419.0 mm<br>Anomaly: +102.9 mm<br>Percent of normal: <b>133%</b><br>Weather station: ","DATE: Jul-26<br><b>Normal cumulative precipitation</b><br>316.1 mm<br>Period: 1991-2020","DATE: Jul-26<br><b>25-75 percentile</b><br>244.8 to 373.2 mm","DATE: Jul-26<br><b>10-90 percentile</b><br>234.3 to 405.0 mm","8401298","CORNER+BROOK",1994,2026
"07-27",2001-07-27,319.4,175.3,512,237.54,250.15,375,413.24,0,419,"","8401300",6610,"CORNER BROOK","DATE: Jul-27<br><b>Daily precipitation</b><br>Value: 0.0 mm<br>Weather station: ",131.183469004383,"DATE: Jul-27<br><b>Cumulative precipitation</b><br>Value: 419.0 mm<br>Anomaly: +99.6 mm<br>Percent of normal: <b>131%</b><br>Weather station: ","DATE: Jul-27<br><b>Normal cumulative precipitation</b><br>319.4 mm<br>Period: 1991-2020","DATE: Jul-27<br><b>25-75 percentile</b><br>250.2 to 375.0 mm","DATE: Jul-27<br><b>10-90 percentile</b><br>237.5 to 413.2 mm","8401298","CORNER+BROOK",1994,2026
"07-28",2001-07-28,321.837037037037,175.6,519.5,239.42,252.7,375.15,413.36,0,419,"","8401300",6610,"CORNER BROOK","DATE: Jul-28<br><b>Daily precipitation</b><br>Value: 0.0 mm<br>Weather station: ",130.190112318173,"DATE: Jul-28<br><b>Cumulative precipitation</b><br>Value: 419.0 mm<br>Anomaly: +97.2 mm<br>Percent of normal: <b>130%</b><br>Weather station: ","DATE: Jul-28<br><b>Normal cumulative precipitation</b><br>321.8 mm<br>Period: 1991-2020","DATE: Jul-28<br><b>25-75 percentile</b><br>252.7 to 375.1 mm","DATE: Jul-28<br><b>10-90 percentile</b><br>239.4 to 413.4 mm","8401298","CORNER+BROOK",1994,2026
"07-29",2001-07-29,323.777777777778,175.6,526.3,241.58,254.2,376.6,413.36,0,419,"","8401300",6610,"CORNER BROOK","DATE: Jul-29<br><b>Daily precipitation</b><br>Value: 0.0 mm<br>Weather station: ",129.409746053535,"DATE: Jul-29<br><b>Cumulative precipitation</b><br>Value: 419.0 mm<br>Anomaly: +95.2 mm<br>Percent of normal: <b>129%</b><br>Weather station: ","DATE: Jul-29<br><b>Normal cumulative precipitation</b><br>323.8 mm<br>Period: 1991-2020","DATE: Jul-29<br><b>25-75 percentile</b><br>254.2 to 376.6 mm","DATE: Jul-29<br><b>10-90 percentile</b><br>241.6 to 413.4 mm","8401298","CORNER+BROOK",1994,2026
"07-30",2001-07-30,327.866666666667,175.6,526.3,247.04,254.2,382.1,416.28,0,419,"","8401300",6610,"CORNER BROOK","DATE: Jul-30<br><b>Daily precipitation</b><br>Value: 0.0 mm<br>Weather station: ",127.795851972346,"DATE: Jul-30<br><b>Cumulative precipitation</b><br>Value: 419.0 mm<br>Anomaly: +91.1 mm<br>Percent of normal: <b>128%</b><br>Weather station: ","DATE: Jul-30<br><b>Normal cumulative precipitation</b><br>327.9 mm<br>Period: 1991-2020","DATE: Jul-30<br><b>25-75 percentile</b><br>254.2 to 382.1 mm","DATE: Jul-30<br><b>10-90 percentile</b><br>247.0 to 416.3 mm","8401298","CORNER+BROOK",1994,2026
"07-31",2001-07-31,330.025925925926,175.6,532.3,247.22,256.25,387,416.28,8.8,427.8,"","8401300",6610,"CORNER BROOK","DATE: Jul-31<br><b>Daily precipitation</b><br>Value: 8.8 mm<br>Weather station: ",129.62617976141,"DATE: Jul-31<br><b>Cumulative precipitation</b><br>Value: 427.8 mm<br>Anomaly: +97.8 mm<br>Percent of normal: <b>130%</b><br>Weather station: ","DATE: Jul-31<br><b>Normal cumulative precipitation</b><br>330.0 mm<br>Period: 1991-2020","DATE: Jul-31<br><b>25-75 percentile</b><br>256.2 to 387.0 mm","DATE: Jul-31<br><b>10-90 percentile</b><br>247.2 to 416.3 mm","8401298","CORNER+BROOK",1994,2026
"08-01",2001-08-01,332.188888888889,179,532.3,247.58,256.25,389.85,416.4,0.8,428.6,"","8401300",6610,"CORNER BROOK","DATE: Aug-01<br><b>Daily precipitation</b><br>Value: 0.8 mm<br>Weather station: ",129.022978894203,"DATE: Aug-01<br><b>Cumulative precipitation</b><br>Value: 428.6 mm<br>Anomaly: +96.4 mm<br>Percent of normal: <b>129%</b><br>Weather station: ","DATE: Aug-01<br><b>Normal cumulative precipitation</b><br>332.2 mm<br>Period: 1991-2020","DATE: Aug-01<br><b>25-75 percentile</b><br>256.2 to 389.8 mm","DATE: Aug-01<br><b>10-90 percentile</b><br>247.6 to 416.4 mm","8401298","CORNER+BROOK",1994,2026
"08-02",2001-08-02,334.292592592593,179,539.1,248.96,259.65,397.15,417.42,0,428.6,"","8401300",6610,"CORNER BROOK","DATE: Aug-02<br><b>Daily precipitation</b><br>Value: 0.0 mm<br>Weather station: ",128.211037126492,"DATE: Aug-02<br><b>Cumulative precipitation</b><br>Value: 428.6 mm<br>Anomaly: +94.3 mm<br>Percent of normal: <b>128%</b><br>Weather station: ","DATE: Aug-02<br><b>Normal cumulative precipitation</b><br>334.3 mm<br>Period: 1991-2020","DATE: Aug-02<br><b>25-75 percentile</b><br>259.6 to 397.1 mm","DATE: Aug-02<br><b>10-90 percentile</b><br>249.0 to 417.4 mm","8401298","CORNER+BROOK",1994,2026
"08-03",2001-08-03,335.866666666667,179,543.9,248.96,260.5,400.55,417.42,1.6,430.2,"","8401300",6610,"CORNER BROOK","DATE: Aug-03<br><b>Daily precipitation</b><br>Value: 1.6 mm<br>Weather station: ",128.086542278682,"DATE: Aug-03<br><b>Cumulative precipitation</b><br>Value: 430.2 mm<br>Anomaly: +94.3 mm<br>Percent of normal: <b>128%</b><br>Weather station: ","DATE: Aug-03<br><b>Normal cumulative precipitation</b><br>335.9 mm<br>Period: 1991-2020","DATE: Aug-03<br><b>25-75 percentile</b><br>260.5 to 400.6 mm","DATE: Aug-03<br><b>10-90 percentile</b><br>249.0 to 417.4 mm","8401298","CORNER+BROOK",1994,2026
"08-04",2001-08-04,338.081481481481,179,544.3,250.28,268.95,406.25,417.42,5.8,436,"","8401300",6610,"CORNER BROOK","DATE: Aug-04<br><b>Daily precipitation</b><br>Value: 5.8 mm<br>Weather station: ",128.962993799435,"DATE: Aug-04<br><b>Cumulative precipitation</b><br>Value: 436.0 mm<br>Anomaly: +97.9 mm<br>Percent of normal: <b>129%</b><br>Weather station: ","DATE: Aug-04<br><b>Normal cumulative precipitation</b><br>338.1 mm<br>Period: 1991-2020","DATE: Aug-04<br><b>25-75 percentile</b><br>268.9 to 406.2 mm","DATE: Aug-04<br><b>10-90 percentile</b><br>250.3 to 417.4 mm","8401298","CORNER+BROOK",1994,2026
"08-05",2001-08-05,344.051851851852,179,544.7,254.36,273.75,412,429.48,NA,436,"","8401298",6933,"CORNER BROOK","",126.72508450492,"DATE: Aug-05<br><b>Cumulative precipitation</b><br>Value: 436.0 mm<br>Anomaly: +91.9 mm<br>Percent of normal: <b>127%</b><br>Weather station: ","DATE: Aug-05<br><b>Normal cumulative precipitation</b><br>344.1 mm<br>Period: 1991-2020","DATE: Aug-05<br><b>25-75 percentile</b><br>273.8 to 412.0 mm","DATE: Aug-05<br><b>10-90 percentile</b><br>254.4 to 429.5 mm","8401298","CORNER+BROOK",1994,2026
"08-06",2001-08-06,347.7,179,568.7,254.72,279.9,413,432.48,NA,436,NA,"8401298",6933,"CORNER BROOK","",125.395455852747,"DATE: Aug-06<br><b>Cumulative precipitation</b><br>Value: 436.0 mm<br>Anomaly: +88.3 mm<br>Percent of normal: <b>125%</b><br>Weather station: NA","DATE: Aug-06<br><b>Normal cumulative precipitation</b><br>347.7 mm<br>Period: 1991-2020","DATE: Aug-06<br><b>25-75 percentile</b><br>279.9 to 413.0 mm","DATE: Aug-06<br><b>10-90 percentile</b><br>254.7 to 432.5 mm","8401298","CORNER+BROOK",1994,2026
"08-07",2001-08-07,351.740740740741,199,568.7,257.36,279.9,416.05,432.84,NA,NA,NA,NA,NA,NA,"",NA,"","DATE: Aug-07<br><b>Normal cumulative precipitation</b><br>351.7 mm<br>Period: 1991-2020","DATE: Aug-07<br><b>25-75 percentile</b><br>279.9 to 416.0 mm","DATE: Aug-07<br><b>10-90 percentile</b><br>257.4 to 432.8 mm","8401298","CORNER+BROOK",1994,2026
"08-08",2001-08-08,356.77037037037,208,568.7,257.36,286.5,416.65,433,NA,NA,NA,NA,NA,NA,"",NA,"","DATE: Aug-08<br><b>Normal cumulative precipitation</b><br>356.8 mm<br>Period: 1991-2020","DATE: Aug-08<br><b>25-75 percentile</b><br>286.5 to 416.6 mm","DATE: Aug-08<br><b>10-90 percentile</b><br>257.4 to 433.0 mm","8401298","CORNER+BROOK",1994,2026
"08-09",2001-08-09,361.366666666667,227,573.5,257.36,289.75,417.1,436.84,NA,NA,NA,NA,NA,NA,"",NA,"","DATE: Aug-09<br><b>Normal cumulative precipitation</b><br>361.4 mm<br>Period: 1991-2020","DATE: Aug-09<br><b>25-75 percentile</b><br>289.8 to 417.1 mm","DATE: Aug-09<br><b>10-90 percentile</b><br>257.4 to 436.8 mm","8401298","CORNER+BROOK",1994,2026
"08-10",2001-08-10,366.37037037037,227.4,574.2,259.94,305.75,418.35,447.48,NA,NA,NA,NA,NA,NA,"",NA,"","DATE: Aug-10<br><b>Normal cumulative precipitation</b><br>366.4 mm<br>Period: 1991-2020","DATE: Aug-10<br><b>25-75 percentile</b><br>305.8 to 418.4 mm","DATE: Aug-10<br><b>10-90 percentile</b><br>259.9 to 447.5 mm","8401298","CORNER+BROOK",1994,2026
"08-11",2001-08-11,369.9,227.4,574.2,259.94,306.05,421.55,449.04,NA,NA,NA,NA,NA,NA,"",NA,"","DATE: Aug-11<br><b>Normal cumulative precipitation</b><br>369.9 mm<br>Period: 1991-2020","DATE: Aug-11<br><b>25-75 percentile</b><br>306.0 to 421.6 mm","DATE: Aug-11<br><b>10-90 percentile</b><br>259.9 to 449.0 mm","8401298","CORNER+BROOK",1994,2026
"08-12",2001-08-12,375.314814814815,237.8,574.6,272.28,311.25,424.25,455.76,NA,NA,NA,NA,NA,NA,"",NA,"","DATE: Aug-12<br><b>Normal cumulative precipitation</b><br>375.3 mm<br>Period: 1991-2020","DATE: Aug-12<br><b>25-75 percentile</b><br>311.2 to 424.2 mm","DATE: Aug-12<br><b>10-90 percentile</b><br>272.3 to 455.8 mm","8401298","CORNER+BROOK",1994,2026
"08-13",2001-08-13,378.918518518519,237.8,574.6,281.4,311.65,433.6,457.68,NA,NA,NA,NA,NA,NA,"",NA,"","DATE: Aug-13<br><b>Normal cumulative precipitation</b><br>378.9 mm<br>Period: 1991-2020","DATE: Aug-13<br><b>25-75 percentile</b><br>311.6 to 433.6 mm","DATE: Aug-13<br><b>10-90 percentile</b><br>281.4 to 457.7 mm","8401298","CORNER+BROOK",1994,2026
"08-14",2001-08-14,382.733333333333,251.6,575.3,286.52,311.65,444.55,463.46,NA,NA,NA,NA,NA,NA,"",NA,"","DATE: Aug-14<br><b>Normal cumulative precipitation</b><br>382.7 mm<br>Period: 1991-2020","DATE: Aug-14<br><b>25-75 percentile</b><br>311.6 to 444.6 mm","DATE: Aug-14<br><b>10-90 percentile</b><br>286.5 to 463.5 mm","8401298","CORNER+BROOK",1994,2026
"08-15",2001-08-15,384.614814814815,251.6,575.3,288.96,311.65,448.05,467.06,NA,NA,NA,NA,NA,NA,"",NA,"","DATE: Aug-15<br><b>Normal cumulative precipitation</b><br>384.6 mm<br>Period: 1991-2020","DATE: Aug-15<br><b>25-75 percentile</b><br>311.6 to 448.0 mm","DATE: Aug-15<br><b>10-90 percentile</b><br>289.0 to 467.1 mm","8401298","CORNER+BROOK",1994,2026
"08-16",2001-08-16,386.325925925926,251.6,575.3,294.12,314.8,448.15,467.06,NA,NA,NA,NA,NA,NA,"",NA,"","DATE: Aug-16<br><b>Normal cumulative precipitation</b><br>386.3 mm<br>Period: 1991-2020","DATE: Aug-16<br><b>25-75 percentile</b><br>314.8 to 448.1 mm","DATE: Aug-16<br><b>10-90 percentile</b><br>294.1 to 467.1 mm","8401298","CORNER+BROOK",1994,2026
"08-17",2001-08-17,389.951851851852,254,575.3,294.6,317.3,450.15,469.1,NA,NA,NA,NA,NA,NA,"",NA,"","DATE: Aug-17<br><b>Normal cumulative precipitation</b><br>390.0 mm<br>Period: 1991-2020","DATE: Aug-17<br><b>25-75 percentile</b><br>317.3 to 450.1 mm","DATE: Aug-17<br><b>10-90 percentile</b><br>294.6 to 469.1 mm","8401298","CORNER+BROOK",1994,2026
"08-18",2001-08-18,396.551851851852,275.2,575.3,302.66,322.2,452.3,469.1,NA,NA,NA,NA,NA,NA,"",NA,"","DATE: Aug-18<br><b>Normal cumulative precipitation</b><br>396.6 mm<br>Period: 1991-2020","DATE: Aug-18<br><b>25-75 percentile</b><br>322.2 to 452.3 mm","DATE: Aug-18<br><b>10-90 percentile</b><br>302.7 to 469.1 mm","8401298","CORNER+BROOK",1994,2026
"08-19",2001-08-19,398.57037037037,279.5,575.3,305.06,322.6,452.3,469.76,NA,NA,NA,NA,NA,NA,"",NA,"","DATE: Aug-19<br><b>Normal cumulative precipitation</b><br>398.6 mm<br>Period: 1991-2020","DATE: Aug-19<br><b>25-75 percentile</b><br>322.6 to 452.3 mm","DATE: Aug-19<br><b>10-90 percentile</b><br>305.1 to 469.8 mm","8401298","CORNER+BROOK",1994,2026
"08-20",2001-08-20,400.325925925926,280.2,581.9,305.06,326.6,452.3,470,NA,NA,NA,NA,NA,NA,"",NA,"","DATE: Aug-20<br><b>Normal cumulative precipitation</b><br>400.3 mm<br>Period: 1991-2020","DATE: Aug-20<br><b>25-75 percentile</b><br>326.6 to 452.3 mm","DATE: Aug-20<br><b>10-90 percentile</b><br>305.1 to 470.0 mm","8401298","CORNER+BROOK",1994,2026
"08-21",2001-08-21,403.018518518519,282.6,591,305.26,330.8,452.5,470.24,NA,NA,NA,NA,NA,NA,"",NA,"","DATE: Aug-21<br><b>Normal cumulative precipitation</b><br>403.0 mm<br>Period: 1991-2020","DATE: Aug-21<br><b>25-75 percentile</b><br>330.8 to 452.5 mm","DATE: Aug-21<br><b>10-90 percentile</b><br>305.3 to 470.2 mm","8401298","CORNER+BROOK",1994,2026
"08-22",2001-08-22,405.025925925926,284,591,305.26,333,455.3,477.86,NA,NA,NA,NA,NA,NA,"",NA,"","DATE: Aug-22<br><b>Normal cumulative precipitation</b><br>405.0 mm<br>Period: 1991-2020","DATE: Aug-22<br><b>25-75 percentile</b><br>333.0 to 455.3 mm","DATE: Aug-22<br><b>10-90 percentile</b><br>305.3 to 477.9 mm","8401298","CORNER+BROOK",1994,2026
"08-23",2001-08-23,409.277777777778,293.4,599.1,318.36,336.2,458.2,478.94,NA,NA,NA,NA,NA,NA,"",NA,"","DATE: Aug-23<br><b>Normal cumulative precipitation</b><br>409.3 mm<br>Period: 1991-2020","DATE: Aug-23<br><b>25-75 percentile</b><br>336.2 to 458.2 mm","DATE: Aug-23<br><b>10-90 percentile</b><br>318.4 to 478.9 mm","8401298","CORNER+BROOK",1994,2026
"08-24",2001-08-24,411.225925925926,301.8,599.1,318.56,336.3,459.75,488.92,NA,NA,NA,NA,NA,NA,"",NA,"","DATE: Aug-24<br><b>Normal cumulative precipitation</b><br>411.2 mm<br>Period: 1991-2020","DATE: Aug-24<br><b>25-75 percentile</b><br>336.3 to 459.8 mm","DATE: Aug-24<br><b>10-90 percentile</b><br>318.6 to 488.9 mm","8401298","CORNER+BROOK",1994,2026
"08-25",2001-08-25,416.503703703704,301.8,599.1,320.72,343.1,473.45,493.16,NA,NA,NA,NA,NA,NA,"",NA,"","DATE: Aug-25<br><b>Normal cumulative precipitation</b><br>416.5 mm<br>Period: 1991-2020","DATE: Aug-25<br><b>25-75 percentile</b><br>343.1 to 473.4 mm","DATE: Aug-25<br><b>10-90 percentile</b><br>320.7 to 493.2 mm","8401298","CORNER+BROOK",1994,2026
"08-26",2001-08-26,420.325925925926,301.8,601,327.5,343.45,474.2,508.94,NA,NA,NA,NA,NA,NA,"",NA,"","DATE: Aug-26<br><b>Normal cumulative precipitation</b><br>420.3 mm<br>Period: 1991-2020","DATE: Aug-26<br><b>25-75 percentile</b><br>343.5 to 474.2 mm","DATE: Aug-26<br><b>10-90 percentile</b><br>327.5 to 508.9 mm","8401298","CORNER+BROOK",1994,2026
"08-27",2001-08-27,421.996296296296,309.3,601.9,328.1,344.05,474.55,509.22,NA,NA,NA,NA,NA,NA,"",NA,"","DATE: Aug-27<br><b>Normal cumulative precipitation</b><br>422.0 mm<br>Period: 1991-2020","DATE: Aug-27<br><b>25-75 percentile</b><br>344.0 to 474.5 mm","DATE: Aug-27<br><b>10-90 percentile</b><br>328.1 to 509.2 mm","8401298","CORNER+BROOK",1994,2026
"08-28",2001-08-28,424.314814814815,309.3,601.9,335.9,344.15,475.3,509.22,NA,NA,NA,NA,NA,NA,"",NA,"","DATE: Aug-28<br><b>Normal cumulative precipitation</b><br>424.3 mm<br>Period: 1991-2020","DATE: Aug-28<br><b>25-75 percentile</b><br>344.1 to 475.3 mm","DATE: Aug-28<br><b>10-90 percentile</b><br>335.9 to 509.2 mm","8401298","CORNER+BROOK",1994,2026
"08-29",2001-08-29,428.211111111111,318.2,617.9,339.08,345.2,477.65,511.14,NA,NA,NA,NA,NA,NA,"",NA,"","DATE: Aug-29<br><b>Normal cumulative precipitation</b><br>428.2 mm<br>Period: 1991-2020","DATE: Aug-29<br><b>25-75 percentile</b><br>345.2 to 477.6 mm","DATE: Aug-29<br><b>10-90 percentile</b><br>339.1 to 511.1 mm","8401298","CORNER+BROOK",1994,2026
"08-30",2001-08-30,433.225925925926,318.2,645.6,339.36,345.9,485.6,513.1,NA,NA,NA,NA,NA,NA,"",NA,"","DATE: Aug-30<br><b>Normal cumulative precipitation</b><br>433.2 mm<br>Period: 1991-2020","DATE: Aug-30<br><b>25-75 percentile</b><br>345.9 to 485.6 mm","DATE: Aug-30<br><b>10-90 percentile</b><br>339.4 to 513.1 mm","8401298","CORNER+BROOK",1994,2026
"08-31",2001-08-31,436.159259259259,318.2,646.5,341.72,349.7,485.6,516.86,NA,NA,NA,NA,NA,NA,"",NA,"","DATE: Aug-31<br><b>Normal cumulative precipitation</b><br>436.2 mm<br>Period: 1991-2020","DATE: Aug-31<br><b>25-75 percentile</b><br>349.7 to 485.6 mm","DATE: Aug-31<br><b>10-90 percentile</b><br>341.7 to 516.9 mm","8401298","CORNER+BROOK",1994,2026
"09-01",2001-09-01,439.996296296296,342.2,647.1,344.64,352.85,493.65,518.62,NA,NA,NA,NA,NA,NA,"",NA,"","DATE: Sep-01<br><b>Normal cumulative precipitation</b><br>440.0 mm<br>Period: 1991-2020","DATE: Sep-01<br><b>25-75 percentile</b><br>352.8 to 493.6 mm","DATE: Sep-01<br><b>10-90 percentile</b><br>344.6 to 518.6 mm","8401298","CORNER+BROOK",1994,2026
"09-02",2001-09-02,440.666666666667,342.2,647.1,344.8,352.85,493.65,518.62,NA,NA,NA,NA,NA,NA,"",NA,"","DATE: Sep-02<br><b>Normal cumulative precipitation</b><br>440.7 mm<br>Period: 1991-2020","DATE: Sep-02<br><b>25-75 percentile</b><br>352.8 to 493.6 mm","DATE: Sep-02<br><b>10-90 percentile</b><br>344.8 to 518.6 mm","8401298","CORNER+BROOK",1994,2026
"09-03",2001-09-03,443.274074074074,342.6,647.1,346.7,355.75,496.6,518.62,NA,NA,NA,NA,NA,NA,"",NA,"","DATE: Sep-03<br><b>Normal cumulative precipitation</b><br>443.3 mm<br>Period: 1991-2020","DATE: Sep-03<br><b>25-75 percentile</b><br>355.8 to 496.6 mm","DATE: Sep-03<br><b>10-90 percentile</b><br>346.7 to 518.6 mm","8401298","CORNER+BROOK",1994,2026
"09-04",2001-09-04,447.603703703704,342.6,647.1,350.92,365.8,502.55,523.56,NA,NA,NA,NA,NA,NA,"",NA,"","DATE: Sep-04<br><b>Normal cumulative precipitation</b><br>447.6 mm<br>Period: 1991-2020","DATE: Sep-04<br><b>25-75 percentile</b><br>365.8 to 502.5 mm","DATE: Sep-04<br><b>10-90 percentile</b><br>350.9 to 523.6 mm","8401298","CORNER+BROOK",1994,2026
"09-05",2001-09-05,452.1,347.7,647.1,351.58,369.55,504.55,545.72,NA,NA,NA,NA,NA,NA,"",NA,"","DATE: Sep-05<br><b>Normal cumulative precipitation</b><br>452.1 mm<br>Period: 1991-2020","DATE: Sep-05<br><b>25-75 percentile</b><br>369.6 to 504.6 mm","DATE: Sep-05<br><b>10-90 percentile</b><br>351.6 to 545.7 mm","8401298","CORNER+BROOK",1994,2026
"09-06",2001-09-06,456.022222222222,349,647.1,354.06,370.6,505.8,549,NA,NA,NA,NA,NA,NA,"",NA,"","DATE: Sep-06<br><b>Normal cumulative precipitation</b><br>456.0 mm<br>Period: 1991-2020","DATE: Sep-06<br><b>25-75 percentile</b><br>370.6 to 505.8 mm","DATE: Sep-06<br><b>10-90 percentile</b><br>354.1 to 549.0 mm","8401298","CORNER+BROOK",1994,2026
"09-07",2001-09-07,460.588888888889,352.5,647.1,363.78,385.7,506,549.2,NA,NA,NA,NA,NA,NA,"",NA,"","DATE: Sep-07<br><b>Normal cumulative precipitation</b><br>460.6 mm<br>Period: 1991-2020","DATE: Sep-07<br><b>25-75 percentile</b><br>385.7 to 506.0 mm","DATE: Sep-07<br><b>10-90 percentile</b><br>363.8 to 549.2 mm","8401298","CORNER+BROOK",1994,2026
"09-08",2001-09-08,462.955555555556,354.4,648,363.78,390.8,507.6,555.14,NA,NA,NA,NA,NA,NA,"",NA,"","DATE: Sep-08<br><b>Normal cumulative precipitation</b><br>463.0 mm<br>Period: 1991-2020","DATE: Sep-08<br><b>25-75 percentile</b><br>390.8 to 507.6 mm","DATE: Sep-08<br><b>10-90 percentile</b><br>363.8 to 555.1 mm","8401298","CORNER+BROOK",1994,2026
"09-09",2001-09-09,468.644444444444,355.6,648,370.8,393.3,518.6,556.74,NA,NA,NA,NA,NA,NA,"",NA,"","DATE: Sep-09<br><b>Normal cumulative precipitation</b><br>468.6 mm<br>Period: 1991-2020","DATE: Sep-09<br><b>25-75 percentile</b><br>393.3 to 518.6 mm","DATE: Sep-09<br><b>10-90 percentile</b><br>370.8 to 556.7 mm","8401298","CORNER+BROOK",1994,2026
"09-10",2001-09-10,474.37037037037,359.6,648,370.8,403,521.55,577.98,NA,NA,NA,NA,NA,NA,"",NA,"","DATE: Sep-10<br><b>Normal cumulative precipitation</b><br>474.4 mm<br>Period: 1991-2020","DATE: Sep-10<br><b>25-75 percentile</b><br>403.0 to 521.5 mm","DATE: Sep-10<br><b>10-90 percentile</b><br>370.8 to 578.0 mm","8401298","CORNER+BROOK",1994,2026
"09-11",2001-09-11,480.7,359.6,648,373.5,406.75,530.45,580.86,NA,NA,NA,NA,NA,NA,"",NA,"","DATE: Sep-11<br><b>Normal cumulative precipitation</b><br>480.7 mm<br>Period: 1991-2020","DATE: Sep-11<br><b>25-75 percentile</b><br>406.8 to 530.4 mm","DATE: Sep-11<br><b>10-90 percentile</b><br>373.5 to 580.9 mm","8401298","CORNER+BROOK",1994,2026
"09-12",2001-09-12,482.777777777778,359.6,648,377.16,414.5,531.65,583.9,NA,NA,NA,NA,NA,NA,"",NA,"","DATE: Sep-12<br><b>Normal cumulative precipitation</b><br>482.8 mm<br>Period: 1991-2020","DATE: Sep-12<br><b>25-75 percentile</b><br>414.5 to 531.6 mm","DATE: Sep-12<br><b>10-90 percentile</b><br>377.2 to 583.9 mm","8401298","CORNER+BROOK",1994,2026
"09-13",2001-09-13,486.459259259259,359.6,670.5,387.84,416.6,540.45,589.84,NA,NA,NA,NA,NA,NA,"",NA,"","DATE: Sep-13<br><b>Normal cumulative precipitation</b><br>486.5 mm<br>Period: 1991-2020","DATE: Sep-13<br><b>25-75 percentile</b><br>416.6 to 540.4 mm","DATE: Sep-13<br><b>10-90 percentile</b><br>387.8 to 589.8 mm","8401298","CORNER+BROOK",1994,2026
"09-14",2001-09-14,491.214814814815,359.6,689.9,391.62,418.5,549.5,599.02,NA,NA,NA,NA,NA,NA,"",NA,"","DATE: Sep-14<br><b>Normal cumulative precipitation</b><br>491.2 mm<br>Period: 1991-2020","DATE: Sep-14<br><b>25-75 percentile</b><br>418.5 to 549.5 mm","DATE: Sep-14<br><b>10-90 percentile</b><br>391.6 to 599.0 mm","8401298","CORNER+BROOK",1994,2026
"09-15",2001-09-15,493.477777777778,359.6,690.5,395.92,418.9,552.75,600,NA,NA,NA,NA,NA,NA,"",NA,"","DATE: Sep-15<br><b>Normal cumulative precipitation</b><br>493.5 mm<br>Period: 1991-2020","DATE: Sep-15<br><b>25-75 percentile</b><br>418.9 to 552.8 mm","DATE: Sep-15<br><b>10-90 percentile</b><br>395.9 to 600.0 mm","8401298","CORNER+BROOK",1994,2026
"09-16",2001-09-16,496.633333333333,359.6,690.5,398.8,420.9,552.75,610.48,NA,NA,NA,NA,NA,NA,"",NA,"","DATE: Sep-16<br><b>Normal cumulative precipitation</b><br>496.6 mm<br>Period: 1991-2020","DATE: Sep-16<br><b>25-75 percentile</b><br>420.9 to 552.8 mm","DATE: Sep-16<br><b>10-90 percentile</b><br>398.8 to 610.5 mm","8401298","CORNER+BROOK",1994,2026
"09-17",2001-09-17,500.47037037037,359.6,691.4,406.26,425.7,552.85,611.04,NA,NA,NA,NA,NA,NA,"",NA,"","DATE: Sep-17<br><b>Normal cumulative precipitation</b><br>500.5 mm<br>Period: 1991-2020","DATE: Sep-17<br><b>25-75 percentile</b><br>425.7 to 552.8 mm","DATE: Sep-17<br><b>10-90 percentile</b><br>406.3 to 611.0 mm","8401298","CORNER+BROOK",1994,2026
"09-18",2001-09-18,504.225925925926,359.6,695.3,406.68,433.15,563.7,611.04,NA,NA,NA,NA,NA,NA,"",NA,"","DATE: Sep-18<br><b>Normal cumulative precipitation</b><br>504.2 mm<br>Period: 1991-2020","DATE: Sep-18<br><b>25-75 percentile</b><br>433.1 to 563.7 mm","DATE: Sep-18<br><b>10-90 percentile</b><br>406.7 to 611.0 mm","8401298","CORNER+BROOK",1994,2026
"09-19",2001-09-19,507.22962962963,359.6,700.4,407.28,437.45,568.5,614,NA,NA,NA,NA,NA,NA,"",NA,"","DATE: Sep-19<br><b>Normal cumulative precipitation</b><br>507.2 mm<br>Period: 1991-2020","DATE: Sep-19<br><b>25-75 percentile</b><br>437.4 to 568.5 mm","DATE: Sep-19<br><b>10-90 percentile</b><br>407.3 to 614.0 mm","8401298","CORNER+BROOK",1994,2026
"09-20",2001-09-20,510.711111111111,359.6,700.4,410.82,441.15,568.5,621.36,NA,NA,NA,NA,NA,NA,"",NA,"","DATE: Sep-20<br><b>Normal cumulative precipitation</b><br>510.7 mm<br>Period: 1991-2020","DATE: Sep-20<br><b>25-75 percentile</b><br>441.1 to 568.5 mm","DATE: Sep-20<br><b>10-90 percentile</b><br>410.8 to 621.4 mm","8401298","CORNER+BROOK",1994,2026
"09-21",2001-09-21,514.474074074074,359.6,700.4,415.64,442.4,568.5,627.36,NA,NA,NA,NA,NA,NA,"",NA,"","DATE: Sep-21<br><b>Normal cumulative precipitation</b><br>514.5 mm<br>Period: 1991-2020","DATE: Sep-21<br><b>25-75 percentile</b><br>442.4 to 568.5 mm","DATE: Sep-21<br><b>10-90 percentile</b><br>415.6 to 627.4 mm","8401298","CORNER+BROOK",1994,2026
"09-22",2001-09-22,517.892592592593,359.6,701,426.82,447.2,568.5,629.04,NA,NA,NA,NA,NA,NA,"",NA,"","DATE: Sep-22<br><b>Normal cumulative precipitation</b><br>517.9 mm<br>Period: 1991-2020","DATE: Sep-22<br><b>25-75 percentile</b><br>447.2 to 568.5 mm","DATE: Sep-22<br><b>10-90 percentile</b><br>426.8 to 629.0 mm","8401298","CORNER+BROOK",1994,2026
"09-23",2001-09-23,524.862962962963,359.6,706.9,427.84,453.15,570.8,641.52,NA,NA,NA,NA,NA,NA,"",NA,"","DATE: Sep-23<br><b>Normal cumulative precipitation</b><br>524.9 mm<br>Period: 1991-2020","DATE: Sep-23<br><b>25-75 percentile</b><br>453.1 to 570.8 mm","DATE: Sep-23<br><b>10-90 percentile</b><br>427.8 to 641.5 mm","8401298","CORNER+BROOK",1994,2026
"09-24",2001-09-24,529.574074074074,364,707.2,429.66,453.35,572.1,656.28,NA,NA,NA,NA,NA,NA,"",NA,"","DATE: Sep-24<br><b>Normal cumulative precipitation</b><br>529.6 mm<br>Period: 1991-2020","DATE: Sep-24<br><b>25-75 percentile</b><br>453.4 to 572.1 mm","DATE: Sep-24<br><b>10-90 percentile</b><br>429.7 to 656.3 mm","8401298","CORNER+BROOK",1994,2026
"09-25",2001-09-25,531.896296296296,364,707.2,430.5,460,574.25,656.52,NA,NA,NA,NA,NA,NA,"",NA,"","DATE: Sep-25<br><b>Normal cumulative precipitation</b><br>531.9 mm<br>Period: 1991-2020","DATE: Sep-25<br><b>25-75 percentile</b><br>460.0 to 574.2 mm","DATE: Sep-25<br><b>10-90 percentile</b><br>430.5 to 656.5 mm","8401298","CORNER+BROOK",1994,2026
"09-26",2001-09-26,535.903703703704,364,707.2,433.62,460.25,579.45,656.6,NA,NA,NA,NA,NA,NA,"",NA,"","DATE: Sep-26<br><b>Normal cumulative precipitation</b><br>535.9 mm<br>Period: 1991-2020","DATE: Sep-26<br><b>25-75 percentile</b><br>460.2 to 579.4 mm","DATE: Sep-26<br><b>10-90 percentile</b><br>433.6 to 656.6 mm","8401298","CORNER+BROOK",1994,2026
"09-27",2001-09-27,539.396296296296,364,707.2,435.78,466.3,581.45,660.32,NA,NA,NA,NA,NA,NA,"",NA,"","DATE: Sep-27<br><b>Normal cumulative precipitation</b><br>539.4 mm<br>Period: 1991-2020","DATE: Sep-27<br><b>25-75 percentile</b><br>466.3 to 581.4 mm","DATE: Sep-27<br><b>10-90 percentile</b><br>435.8 to 660.3 mm","8401298","CORNER+BROOK",1994,2026
"09-28",2001-09-28,544.144444444444,364,714.9,435.78,467.3,591.15,667.28,NA,NA,NA,NA,NA,NA,"",NA,"","DATE: Sep-28<br><b>Normal cumulative precipitation</b><br>544.1 mm<br>Period: 1991-2020","DATE: Sep-28<br><b>25-75 percentile</b><br>467.3 to 591.2 mm","DATE: Sep-28<br><b>10-90 percentile</b><br>435.8 to 667.3 mm","8401298","CORNER+BROOK",1994,2026
"09-29",2001-09-29,547.522222222222,383.8,715.9,437.16,468.8,599.9,667.36,NA,NA,NA,NA,NA,NA,"",NA,"","DATE: Sep-29<br><b>Normal cumulative precipitation</b><br>547.5 mm<br>Period: 1991-2020","DATE: Sep-29<br><b>25-75 percentile</b><br>468.8 to 599.9 mm","DATE: Sep-29<br><b>10-90 percentile</b><br>437.2 to 667.4 mm","8401298","CORNER+BROOK",1994,2026
"09-30",2001-09-30,550.296296296296,383.8,715.9,455.2,468.8,600.85,667.78,NA,NA,NA,NA,NA,NA,"",NA,"","DATE: Sep-30<br><b>Normal cumulative precipitation</b><br>550.3 mm<br>Period: 1991-2020","DATE: Sep-30<br><b>25-75 percentile</b><br>468.8 to 600.8 mm","DATE: Sep-30<br><b>10-90 percentile</b><br>455.2 to 667.8 mm","8401298","CORNER+BROOK",1994,2026
"10-01",2001-10-01,553.962962962963,383.8,715.9,458.6,475.35,600.85,670.74,NA,NA,NA,NA,NA,NA,"",NA,"","DATE: Oct-01<br><b>Normal cumulative precipitation</b><br>554.0 mm<br>Period: 1991-2020","DATE: Oct-01<br><b>25-75 percentile</b><br>475.4 to 600.8 mm","DATE: Oct-01<br><b>10-90 percentile</b><br>458.6 to 670.7 mm","8401298","CORNER+BROOK",1994,2026
"10-02",2001-10-02,556.262962962963,385.2,721.7,459.98,475.35,600.85,675.32,NA,NA,NA,NA,NA,NA,"",NA,"","DATE: Oct-02<br><b>Normal cumulative precipitation</b><br>556.3 mm<br>Period: 1991-2020","DATE: Oct-02<br><b>25-75 percentile</b><br>475.4 to 600.8 mm","DATE: Oct-02<br><b>10-90 percentile</b><br>460.0 to 675.3 mm","8401298","CORNER+BROOK",1994,2026
"10-03",2001-10-03,557.840740740741,385.2,721.7,459.98,478.4,600.85,676.56,NA,NA,NA,NA,NA,NA,"",NA,"","DATE: Oct-03<br><b>Normal cumulative precipitation</b><br>557.8 mm<br>Period: 1991-2020","DATE: Oct-03<br><b>25-75 percentile</b><br>478.4 to 600.8 mm","DATE: Oct-03<br><b>10-90 percentile</b><br>460.0 to 676.6 mm","8401298","CORNER+BROOK",1994,2026
"10-04",2001-10-04,561.559259259259,388.2,723.9,462.06,484.5,605.1,677,NA,NA,NA,NA,NA,NA,"",NA,"","DATE: Oct-04<br><b>Normal cumulative precipitation</b><br>561.6 mm<br>Period: 1991-2020","DATE: Oct-04<br><b>25-75 percentile</b><br>484.5 to 605.1 mm","DATE: Oct-04<br><b>10-90 percentile</b><br>462.1 to 677.0 mm","8401298","CORNER+BROOK",1994,2026
"10-05",2001-10-05,563.640740740741,389.1,736,462.18,485.7,605.9,683.92,NA,NA,NA,NA,NA,NA,"",NA,"","DATE: Oct-05<br><b>Normal cumulative precipitation</b><br>563.6 mm<br>Period: 1991-2020","DATE: Oct-05<br><b>25-75 percentile</b><br>485.7 to 605.9 mm","DATE: Oct-05<br><b>10-90 percentile</b><br>462.2 to 683.9 mm","8401298","CORNER+BROOK",1994,2026
"10-06",2001-10-06,564.962962962963,389.9,736.2,466.96,486.65,607.15,684.7,NA,NA,NA,NA,NA,NA,"",NA,"","DATE: Oct-06<br><b>Normal cumulative precipitation</b><br>565.0 mm<br>Period: 1991-2020","DATE: Oct-06<br><b>25-75 percentile</b><br>486.6 to 607.2 mm","DATE: Oct-06<br><b>10-90 percentile</b><br>467.0 to 684.7 mm","8401298","CORNER+BROOK",1994,2026
"10-07",2001-10-07,568.318518518519,390.3,737.2,469.54,490.8,612.35,685.66,NA,NA,NA,NA,NA,NA,"",NA,"","DATE: Oct-07<br><b>Normal cumulative precipitation</b><br>568.3 mm<br>Period: 1991-2020","DATE: Oct-07<br><b>25-75 percentile</b><br>490.8 to 612.4 mm","DATE: Oct-07<br><b>10-90 percentile</b><br>469.5 to 685.7 mm","8401298","CORNER+BROOK",1994,2026
"10-08",2001-10-08,571.618518518518,394.7,738,470.96,496,619.2,685.66,NA,NA,NA,NA,NA,NA,"",NA,"","DATE: Oct-08<br><b>Normal cumulative precipitation</b><br>571.6 mm<br>Period: 1991-2020","DATE: Oct-08<br><b>25-75 percentile</b><br>496.0 to 619.2 mm","DATE: Oct-08<br><b>10-90 percentile</b><br>471.0 to 685.7 mm","8401298","CORNER+BROOK",1994,2026
"10-09",2001-10-09,576.025925925926,394.7,738,474.72,500.2,621.6,685.66,NA,NA,NA,NA,NA,NA,"",NA,"","DATE: Oct-09<br><b>Normal cumulative precipitation</b><br>576.0 mm<br>Period: 1991-2020","DATE: Oct-09<br><b>25-75 percentile</b><br>500.2 to 621.6 mm","DATE: Oct-09<br><b>10-90 percentile</b><br>474.7 to 685.7 mm","8401298","CORNER+BROOK",1994,2026
"10-10",2001-10-10,583.477777777778,394.7,743.9,479.92,513.75,636,693.28,NA,NA,NA,NA,NA,NA,"",NA,"","DATE: Oct-10<br><b>Normal cumulative precipitation</b><br>583.5 mm<br>Period: 1991-2020","DATE: Oct-10<br><b>25-75 percentile</b><br>513.8 to 636.0 mm","DATE: Oct-10<br><b>10-90 percentile</b><br>479.9 to 693.3 mm","8401298","CORNER+BROOK",1994,2026
"10-11",2001-10-11,585.692592592593,394.7,748.2,482.26,517.65,640.95,693.44,NA,NA,NA,NA,NA,NA,"",NA,"","DATE: Oct-11<br><b>Normal cumulative precipitation</b><br>585.7 mm<br>Period: 1991-2020","DATE: Oct-11<br><b>25-75 percentile</b><br>517.6 to 641.0 mm","DATE: Oct-11<br><b>10-90 percentile</b><br>482.3 to 693.4 mm","8401298","CORNER+BROOK",1994,2026
"10-12",2001-10-12,588.518518518518,394.7,751.2,482.26,523.1,648.2,693.44,NA,NA,NA,NA,NA,NA,"",NA,"","DATE: Oct-12<br><b>Normal cumulative precipitation</b><br>588.5 mm<br>Period: 1991-2020","DATE: Oct-12<br><b>25-75 percentile</b><br>523.1 to 648.2 mm","DATE: Oct-12<br><b>10-90 percentile</b><br>482.3 to 693.4 mm","8401298","CORNER+BROOK",1994,2026
"10-13",2001-10-13,590.796296296296,406.1,752.4,487.48,523.3,649.25,693.44,NA,NA,NA,NA,NA,NA,"",NA,"","DATE: Oct-13<br><b>Normal cumulative precipitation</b><br>590.8 mm<br>Period: 1991-2020","DATE: Oct-13<br><b>25-75 percentile</b><br>523.3 to 649.2 mm","DATE: Oct-13<br><b>10-90 percentile</b><br>487.5 to 693.4 mm","8401298","CORNER+BROOK",1994,2026
"10-14",2001-10-14,594.6,406.6,753.2,487.96,530.4,652.1,699.64,NA,NA,NA,NA,NA,NA,"",NA,"","DATE: Oct-14<br><b>Normal cumulative precipitation</b><br>594.6 mm<br>Period: 1991-2020","DATE: Oct-14<br><b>25-75 percentile</b><br>530.4 to 652.1 mm","DATE: Oct-14<br><b>10-90 percentile</b><br>488.0 to 699.6 mm","8401298","CORNER+BROOK",1994,2026
"10-15",2001-10-15,600.644444444444,409.3,754,488.8,535.75,658.8,706.32,NA,NA,NA,NA,NA,NA,"",NA,"","DATE: Oct-15<br><b>Normal cumulative precipitation</b><br>600.6 mm<br>Period: 1991-2020","DATE: Oct-15<br><b>25-75 percentile</b><br>535.8 to 658.8 mm","DATE: Oct-15<br><b>10-90 percentile</b><br>488.8 to 706.3 mm","8401298","CORNER+BROOK",1994,2026
"10-16",2001-10-16,604.896296296296,411,755.2,491.32,535.9,660,706.52,NA,NA,NA,NA,NA,NA,"",NA,"","DATE: Oct-16<br><b>Normal cumulative precipitation</b><br>604.9 mm<br>Period: 1991-2020","DATE: Oct-16<br><b>25-75 percentile</b><br>535.9 to 660.0 mm","DATE: Oct-16<br><b>10-90 percentile</b><br>491.3 to 706.5 mm","8401298","CORNER+BROOK",1994,2026
"10-17",2001-10-17,609.333333333333,414.9,755.2,504.14,542.15,661,706.94,NA,NA,NA,NA,NA,NA,"",NA,"","DATE: Oct-17<br><b>Normal cumulative precipitation</b><br>609.3 mm<br>Period: 1991-2020","DATE: Oct-17<br><b>25-75 percentile</b><br>542.1 to 661.0 mm","DATE: Oct-17<br><b>10-90 percentile</b><br>504.1 to 706.9 mm","8401298","CORNER+BROOK",1994,2026
"10-18",2001-10-18,614.874074074074,434.9,755.6,506.62,545.15,666.6,706.94,NA,NA,NA,NA,NA,NA,"",NA,"","DATE: Oct-18<br><b>Normal cumulative precipitation</b><br>614.9 mm<br>Period: 1991-2020","DATE: Oct-18<br><b>25-75 percentile</b><br>545.1 to 666.6 mm","DATE: Oct-18<br><b>10-90 percentile</b><br>506.6 to 706.9 mm","8401298","CORNER+BROOK",1994,2026
"10-19",2001-10-19,618.751851851852,439,764.4,509.26,547.85,676.75,713.78,NA,NA,NA,NA,NA,NA,"",NA,"","DATE: Oct-19<br><b>Normal cumulative precipitation</b><br>618.8 mm<br>Period: 1991-2020","DATE: Oct-19<br><b>25-75 percentile</b><br>547.8 to 676.8 mm","DATE: Oct-19<br><b>10-90 percentile</b><br>509.3 to 713.8 mm","8401298","CORNER+BROOK",1994,2026
"10-20",2001-10-20,623.944444444444,441.7,764.9,513.92,550.7,682.9,718.76,NA,NA,NA,NA,NA,NA,"",NA,"","DATE: Oct-20<br><b>Normal cumulative precipitation</b><br>623.9 mm<br>Period: 1991-2020","DATE: Oct-20<br><b>25-75 percentile</b><br>550.7 to 682.9 mm","DATE: Oct-20<br><b>10-90 percentile</b><br>513.9 to 718.8 mm","8401298","CORNER+BROOK",1994,2026
"10-21",2001-10-21,627.851851851852,460.9,767.4,514.82,559.2,683.35,720.22,NA,NA,NA,NA,NA,NA,"",NA,"","DATE: Oct-21<br><b>Normal cumulative precipitation</b><br>627.9 mm<br>Period: 1991-2020","DATE: Oct-21<br><b>25-75 percentile</b><br>559.2 to 683.3 mm","DATE: Oct-21<br><b>10-90 percentile</b><br>514.8 to 720.2 mm","8401298","CORNER+BROOK",1994,2026
"10-22",2001-10-22,632.17037037037,486.3,768.3,518.68,559.65,700.85,722.56,NA,NA,NA,NA,NA,NA,"",NA,"","DATE: Oct-22<br><b>Normal cumulative precipitation</b><br>632.2 mm<br>Period: 1991-2020","DATE: Oct-22<br><b>25-75 percentile</b><br>559.7 to 700.8 mm","DATE: Oct-22<br><b>10-90 percentile</b><br>518.7 to 722.6 mm","8401298","CORNER+BROOK",1994,2026
"10-23",2001-10-23,634.255555555556,487,769.9,518.68,559.85,701.35,727.34,NA,NA,NA,NA,NA,NA,"",NA,"","DATE: Oct-23<br><b>Normal cumulative precipitation</b><br>634.3 mm<br>Period: 1991-2020","DATE: Oct-23<br><b>25-75 percentile</b><br>559.8 to 701.4 mm","DATE: Oct-23<br><b>10-90 percentile</b><br>518.7 to 727.3 mm","8401298","CORNER+BROOK",1994,2026
"10-24",2001-10-24,637.97037037037,487.4,789.5,522.38,560.75,705.75,732.2,NA,NA,NA,NA,NA,NA,"",NA,"","DATE: Oct-24<br><b>Normal cumulative precipitation</b><br>638.0 mm<br>Period: 1991-2020","DATE: Oct-24<br><b>25-75 percentile</b><br>560.8 to 705.8 mm","DATE: Oct-24<br><b>10-90 percentile</b><br>522.4 to 732.2 mm","8401298","CORNER+BROOK",1994,2026
"10-25",2001-10-25,640.77037037037,489.7,790.5,526.78,568.8,708.75,732.6,NA,NA,NA,NA,NA,NA,"",NA,"","DATE: Oct-25<br><b>Normal cumulative precipitation</b><br>640.8 mm<br>Period: 1991-2020","DATE: Oct-25<br><b>25-75 percentile</b><br>568.8 to 708.8 mm","DATE: Oct-25<br><b>10-90 percentile</b><br>526.8 to 732.6 mm","8401298","CORNER+BROOK",1994,2026
"10-26",2001-10-26,644.222222222222,490.4,790.5,528.52,584.65,712.5,735.86,NA,NA,NA,NA,NA,NA,"",NA,"","DATE: Oct-26<br><b>Normal cumulative precipitation</b><br>644.2 mm<br>Period: 1991-2020","DATE: Oct-26<br><b>25-75 percentile</b><br>584.6 to 712.5 mm","DATE: Oct-26<br><b>10-90 percentile</b><br>528.5 to 735.9 mm","8401298","CORNER+BROOK",1994,2026
"10-27",2001-10-27,648.074074074074,493.1,790.5,532.06,591.35,712.7,755.1,NA,NA,NA,NA,NA,NA,"",NA,"","DATE: Oct-27<br><b>Normal cumulative precipitation</b><br>648.1 mm<br>Period: 1991-2020","DATE: Oct-27<br><b>25-75 percentile</b><br>591.3 to 712.7 mm","DATE: Oct-27<br><b>10-90 percentile</b><br>532.1 to 755.1 mm","8401298","CORNER+BROOK",1994,2026
"10-28",2001-10-28,654.311111111111,505.2,790.5,532.82,593.05,729.1,772.86,NA,NA,NA,NA,NA,NA,"",NA,"","DATE: Oct-28<br><b>Normal cumulative precipitation</b><br>654.3 mm<br>Period: 1991-2020","DATE: Oct-28<br><b>25-75 percentile</b><br>593.0 to 729.1 mm","DATE: Oct-28<br><b>10-90 percentile</b><br>532.8 to 772.9 mm","8401298","CORNER+BROOK",1994,2026
"10-29",2001-10-29,660.125925925926,519.9,799,539.2,594.05,730.1,774.1,NA,NA,NA,NA,NA,NA,"",NA,"","DATE: Oct-29<br><b>Normal cumulative precipitation</b><br>660.1 mm<br>Period: 1991-2020","DATE: Oct-29<br><b>25-75 percentile</b><br>594.0 to 730.1 mm","DATE: Oct-29<br><b>10-90 percentile</b><br>539.2 to 774.1 mm","8401298","CORNER+BROOK",1994,2026
"10-30",2001-10-30,663.833333333333,524.9,807,541.24,605.05,735.95,775.26,NA,NA,NA,NA,NA,NA,"",NA,"","DATE: Oct-30<br><b>Normal cumulative precipitation</b><br>663.8 mm<br>Period: 1991-2020","DATE: Oct-30<br><b>25-75 percentile</b><br>605.0 to 736.0 mm","DATE: Oct-30<br><b>10-90 percentile</b><br>541.2 to 775.3 mm","8401298","CORNER+BROOK",1994,2026
"10-31",2001-10-31,668.118518518518,527.3,823.3,541.48,605.05,738.5,777.56,NA,NA,NA,NA,NA,NA,"",NA,"","DATE: Oct-31<br><b>Normal cumulative precipitation</b><br>668.1 mm<br>Period: 1991-2020","DATE: Oct-31<br><b>25-75 percentile</b><br>605.0 to 738.5 mm","DATE: Oct-31<br><b>10-90 percentile</b><br>541.5 to 777.6 mm","8401298","CORNER+BROOK",1994,2026
