"AES","NAME","MD","variable","por_start","por_end","clim_mean","clim_sd","clim_max","clim_max_date","value","rec_all_val","rec_all_date","value_record"
"7051050","CAP-DESPOIR","04-01","BUI",1994,2026,NA,NA,NA,NA,NA,58.6,2001-08-17,NA
"7051050","CAP-DESPOIR","04-02","BUI",1994,2026,NA,NA,NA,NA,NA,58.6,2001-08-17,NA
"7051050","CAP-DESPOIR","04-03","BUI",1994,2026,NA,NA,NA,NA,NA,58.6,2001-08-17,NA
"7051050","CAP-DESPOIR","04-04","BUI",1994,2026,NA,NA,NA,NA,NA,58.6,2001-08-17,NA
"7051050","CAP-DESPOIR","04-05","BUI",1994,2026,NA,NA,NA,NA,NA,58.6,2001-08-17,NA
"7051050","CAP-DESPOIR","04-06","BUI",1994,2026,NA,NA,NA,NA,NA,58.6,2001-08-17,NA
"7051050","CAP-DESPOIR","04-07","BUI",1994,2026,NA,NA,NA,NA,NA,58.6,2001-08-17,NA
"7051050","CAP-DESPOIR","04-08","BUI",1994,2026,NA,NA,NA,NA,NA,58.6,2001-08-17,NA
"7051050","CAP-DESPOIR","04-09","BUI",1994,2026,NA,NA,NA,NA,NA,58.6,2001-08-17,NA
"7051050","CAP-DESPOIR","04-10","BUI",1994,2026,NA,NA,NA,NA,NA,58.6,2001-08-17,NA
"7051050","CAP-DESPOIR","04-11","BUI",1994,2026,NA,NA,NA,NA,NA,58.6,2001-08-17,NA
"7051050","CAP-DESPOIR","04-12","BUI",1994,2026,NA,NA,NA,NA,NA,58.6,2001-08-17,NA
"7051050","CAP-DESPOIR","04-13","BUI",1994,2026,NA,NA,NA,NA,NA,58.6,2001-08-17,NA
"7051050","CAP-DESPOIR","04-14","BUI",1994,2026,NA,NA,NA,NA,NA,58.6,2001-08-17,NA
"7051050","CAP-DESPOIR","04-15","BUI",1994,2026,NA,NA,NA,NA,NA,58.6,2001-08-17,NA
"7051050","CAP-DESPOIR","04-16","BUI",1994,2026,NA,NA,NA,NA,NA,58.6,2001-08-17,NA
"7051050","CAP-DESPOIR","04-17","BUI",1994,2026,NA,NA,NA,NA,NA,58.6,2001-08-17,NA
"7051050","CAP-DESPOIR","04-18","BUI",1994,2026,NA,NA,NA,NA,NA,58.6,2001-08-17,NA
"7051050","CAP-DESPOIR","04-19","BUI",1994,2026,NA,NA,NA,NA,NA,58.6,2001-08-17,NA
"7051050","CAP-DESPOIR","04-20","BUI",1994,2026,NA,NA,NA,NA,NA,58.6,2001-08-17,NA
"7051050","CAP-DESPOIR","04-21","BUI",1994,2026,NA,NA,NA,NA,NA,58.6,2001-08-17,NA
"7051050","CAP-DESPOIR","04-22","BUI",1994,2026,NA,NA,NA,NA,NA,58.6,2001-08-17,NA
"7051050","CAP-DESPOIR","04-23","BUI",1994,2026,NA,NA,NA,NA,NA,58.6,2001-08-17,NA
"7051050","CAP-DESPOIR","04-24","BUI",1994,2026,NA,NA,NA,NA,NA,58.6,2001-08-17,NA
"7051050","CAP-DESPOIR","04-25","BUI",1994,2026,NA,NA,NA,NA,NA,58.6,2001-08-17,NA
"7051050","CAP-DESPOIR","04-26","BUI",1994,2026,NA,NA,NA,NA,NA,58.6,2001-08-17,NA
"7051050","CAP-DESPOIR","04-27","BUI",1994,2026,NA,NA,NA,NA,NA,58.6,2001-08-17,NA
"7051050","CAP-DESPOIR","04-28","BUI",1994,2026,NA,NA,NA,NA,NA,58.6,2001-08-17,NA
"7051050","CAP-DESPOIR","04-29","BUI",1994,2026,NA,NA,NA,NA,NA,58.6,2001-08-17,NA
"7051050","CAP-DESPOIR","04-30","BUI",1994,2026,NA,NA,NA,NA,NA,58.6,2001-08-17,NA
"7051050","CAP-DESPOIR","05-01","BUI",1994,2026,NA,NA,NA,NA,NA,58.6,2001-08-17,NA
"7051050","CAP-DESPOIR","05-02","BUI",1994,2026,NA,NA,NA,NA,NA,58.6,2001-08-17,NA
"7051050","CAP-DESPOIR","05-03","BUI",1994,2026,NA,NA,NA,NA,NA,58.6,2001-08-17,NA
"7051050","CAP-DESPOIR","05-04","BUI",1994,2026,NA,NA,NA,NA,NA,58.6,2001-08-17,NA
"7051050","CAP-DESPOIR","05-05","BUI",1994,2026,NA,NA,NA,NA,NA,58.6,2001-08-17,NA
"7051050","CAP-DESPOIR","05-06","BUI",1994,2026,13.2,NA,13.2,1999-05-06,NA,58.6,2001-08-17,NA
"7051050","CAP-DESPOIR","05-07","BUI",1994,2026,15.1,NA,15.1,1999-05-07,NA,58.6,2001-08-17,NA
"7051050","CAP-DESPOIR","05-08","BUI",1994,2026,16.5,NA,16.5,1999-05-08,NA,58.6,2001-08-17,NA
"7051050","CAP-DESPOIR","05-09","BUI",1994,2026,15.4,3.11126983722081,17.6,1999-05-09,NA,58.6,2001-08-17,NA
"7051050","CAP-DESPOIR","05-10","BUI",1994,2026,13.85,0.0707106781186545,13.9,1999-05-10,NA,58.6,2001-08-17,NA
"7051050","CAP-DESPOIR","05-11","BUI",1994,2026,14.5,0.565685424949239,14.9,1999-05-11,NA,58.6,2001-08-17,NA
"7051050","CAP-DESPOIR","05-12","BUI",1994,2026,14.15,2.05060966544099,15.6,1999-05-12,NA,58.6,2001-08-17,NA
"7051050","CAP-DESPOIR","05-13","BUI",1994,2026,14.65,2.1920310216783,16.2,1999-05-13,NA,58.6,2001-08-17,NA
"7051050","CAP-DESPOIR","05-14","BUI",1994,2026,15.95,3.04055915910216,18.1,1999-05-14,NA,58.6,2001-08-17,NA
"7051050","CAP-DESPOIR","05-15","BUI",1994,2026,16.4,4.38406204335659,19.5,1999-05-15,NA,58.6,2001-08-17,NA
"7051050","CAP-DESPOIR","05-16","BUI",1994,2026,16.85,5.58614357137373,20.8,1999-05-16,NA,58.6,2001-08-17,NA
"7051050","CAP-DESPOIR","05-17","BUI",1994,2026,18.15,6.29325035256027,22.6,1999-05-17,NA,58.6,2001-08-17,NA
"7051050","CAP-DESPOIR","05-18","BUI",1994,2026,19.35,7.00035713374682,24.3,1999-05-18,NA,58.6,2001-08-17,NA
"7051050","CAP-DESPOIR","05-19","BUI",1994,2026,17.25,11.667261889578,25.5,1999-05-19,NA,58.6,2001-08-17,NA
"7051050","CAP-DESPOIR","05-20","BUI",1994,2026,10.2,3.53553390593274,12.7,1999-05-20,NA,58.6,2001-08-17,NA
"7051050","CAP-DESPOIR","05-21","BUI",1994,2026,8.5,7.07106781186548,13.5,1999-05-21,NA,58.6,2001-08-17,NA
"7051050","CAP-DESPOIR","05-22","BUI",1994,2026,13.9,NA,13.9,1999-05-22,NA,58.6,2001-08-17,NA
"7051050","CAP-DESPOIR","05-23","BUI",1994,2026,8.8,7.91959594928933,14.4,1999-05-23,NA,58.6,2001-08-17,NA
"7051050","CAP-DESPOIR","05-24","BUI",1994,2026,9.65,7.14177848998413,14.7,1999-05-24,NA,58.6,2001-08-17,NA
"7051050","CAP-DESPOIR","05-25","BUI",1994,2026,6.15,1.20208152801713,7,1999-05-25,NA,58.6,2001-08-17,NA
"7051050","CAP-DESPOIR","05-26","BUI",1994,2026,5.25,0.919238815542512,5.9,2007-05-26,NA,58.6,2001-08-17,NA
"7051050","CAP-DESPOIR","05-27","BUI",1994,2026,5.95,1.06066017177982,6.7,2007-05-27,NA,58.6,2001-08-17,NA
"7051050","CAP-DESPOIR","05-28","BUI",1994,2026,5.55,0.353553390593274,5.8,1999-05-28,NA,58.6,2001-08-17,NA
"7051050","CAP-DESPOIR","05-29","BUI",1994,2026,4.9,2.68700576850888,8.3,2025-05-29,NA,58.6,2001-08-17,NA
"7051050","CAP-DESPOIR","05-30","BUI",1994,2026,5.6,3.43947670438397,9,2025-05-30,NA,58.6,2001-08-17,NA
"7051050","CAP-DESPOIR","05-31","BUI",1994,2026,6.06666666666667,3.8527046776691,10,1999-05-31,NA,58.6,2001-08-17,NA
"7051050","CAP-DESPOIR","06-01","BUI",1994,2026,5.15,2.14242852856286,7,1999-06-01,NA,58.6,2001-08-17,NA
"7051050","CAP-DESPOIR","06-02","BUI",1994,2026,5.85,2.62354721703269,9.6,1997-06-02,NA,58.6,2001-08-17,NA
"7051050","CAP-DESPOIR","06-03","BUI",1994,2026,6.01666666666667,4.07794883080534,10.5,1997-06-03,NA,58.6,2001-08-17,NA
"7051050","CAP-DESPOIR","06-04","BUI",1994,2026,9.1,6.32534584034739,20.5,1996-06-04,NA,58.6,2001-08-17,NA
"7051050","CAP-DESPOIR","06-05","BUI",1994,2026,9.31428571428571,7.06810407663153,21.7,1996-06-05,NA,58.6,2001-08-17,NA
"7051050","CAP-DESPOIR","06-06","BUI",1994,2026,9.18571428571428,7.89882450567352,24,1996-06-06,NA,58.6,2001-08-17,NA
"7051050","CAP-DESPOIR","06-07","BUI",1994,2026,9.31428571428571,7.27746031053613,21.9,1996-06-07,NA,58.6,2001-08-17,NA
"7051050","CAP-DESPOIR","06-08","BUI",1994,2026,10.15,8.17086286753119,24.5,1996-06-08,NA,58.6,2001-08-17,NA
"7051050","CAP-DESPOIR","06-09","BUI",1994,2026,9.31428571428571,8.41237750211527,27,1996-06-09,NA,58.6,2001-08-17,NA
"7051050","CAP-DESPOIR","06-10","BUI",1994,2026,9.87142857142857,10.175741461226,30.8,1996-06-10,NA,58.6,2001-08-17,NA
"7051050","CAP-DESPOIR","06-11","BUI",1994,2026,10.5571428571429,11.3389971841807,33.9,1996-06-11,10.1,58.6,2001-08-17,NA
"7051050","CAP-DESPOIR","06-12","BUI",1994,2026,11.1571428571429,11.9469462127158,35.8,1996-06-12,11,58.6,2001-08-17,NA
"7051050","CAP-DESPOIR","06-13","BUI",1994,2026,12.0222222222222,11.2685156273772,38.5,1996-06-13,5.1,58.6,2001-08-17,NA
"7051050","CAP-DESPOIR","06-14","BUI",1994,2026,10.2444444444444,6.57364265668418,22.6,1996-06-14,2.3,58.6,2001-08-17,NA
"7051050","CAP-DESPOIR","06-15","BUI",1994,2026,11.0909090909091,6.75491740074659,25.3,1996-06-15,0.4,58.6,2001-08-17,NA
"7051050","CAP-DESPOIR","06-16","BUI",1994,2026,12.9166666666667,7.6183788938131,27.8,1996-06-16,0.4,58.6,2001-08-17,NA
"7051050","CAP-DESPOIR","06-17","BUI",1994,2026,13.7076923076923,8.15684390950952,29,1996-06-17,0.6,58.6,2001-08-17,NA
"7051050","CAP-DESPOIR","06-18","BUI",1994,2026,13.1071428571429,9.96574627918546,31,1996-06-18,1.3,58.6,2001-08-17,NA
"7051050","CAP-DESPOIR","06-19","BUI",1994,2026,13.7857142857143,10.5251243108213,33.1,1996-06-19,0,58.6,2001-08-17,NA
"7051050","CAP-DESPOIR","06-20","BUI",1994,2026,14.1133333333333,11.4469501032662,35.2,1996-06-20,0.8,58.6,2001-08-17,NA
"7051050","CAP-DESPOIR","06-21","BUI",1994,2026,13.5647058823529,12.2102897783217,37.4,1996-06-21,1,58.6,2001-08-17,NA
"7051050","CAP-DESPOIR","06-22","BUI",1994,2026,13.1368421052632,12.3902385649311,39.7,1996-06-22,1.6,58.6,2001-08-17,NA
"7051050","CAP-DESPOIR","06-23","BUI",1994,2026,13.055,11.252904888119,42.1,1996-06-23,2,58.6,2001-08-17,NA
"7051050","CAP-DESPOIR","06-24","BUI",1994,2026,12.0809523809524,11.6342863574703,44.1,1996-06-24,1.6,58.6,2001-08-17,NA
"7051050","CAP-DESPOIR","06-25","BUI",1994,2026,10.8047619047619,8.26749515817676,34.4,1999-06-25,0.7,58.6,2001-08-17,NA
"7051050","CAP-DESPOIR","06-26","BUI",1994,2026,11.1,7.66661594186118,35.6,1999-06-26,0.9,58.6,2001-08-17,NA
"7051050","CAP-DESPOIR","06-27","BUI",1994,2026,11.8681818181818,8.16183839956453,37.7,1999-06-27,1.4,58.6,2001-08-17,NA
"7051050","CAP-DESPOIR","06-28","BUI",1994,2026,12.0681818181818,8.51739879605753,35.1,1999-06-28,1.7,58.6,2001-08-17,NA
"7051050","CAP-DESPOIR","06-29","BUI",1994,2026,11.3818181818182,7.39063992097832,25.1,1995-06-29,2.5,58.6,2001-08-17,NA
"7051050","CAP-DESPOIR","06-30","BUI",1994,2026,10.8636363636364,6.80752702840203,26.6,1995-06-30,3.9,58.6,2001-08-17,NA
"7051050","CAP-DESPOIR","07-01","BUI",1994,2026,10.0136363636364,6.49683406082169,22.7,1995-07-01,2.8,58.6,2001-08-17,NA
"7051050","CAP-DESPOIR","07-02","BUI",1994,2026,9.34782608695652,6.23530050053851,23.3,1995-07-02,0.6,58.6,2001-08-17,NA
"7051050","CAP-DESPOIR","07-03","BUI",1994,2026,9.78260869565217,5.67423620602272,21.3,1996-07-03,0.9,58.6,2001-08-17,NA
"7051050","CAP-DESPOIR","07-04","BUI",1994,2026,9.26521739130435,4.99714543020242,20.3,1995-07-04,2,58.6,2001-08-17,NA
"7051050","CAP-DESPOIR","07-05","BUI",1994,2026,8.55217391304348,5.84674498139523,22.2,1995-07-05,1,58.6,2001-08-17,NA
"7051050","CAP-DESPOIR","07-06","BUI",1994,2026,7.51304347826087,6.86084439196452,25.8,2013-07-06,3.3,58.6,2001-08-17,NA
"7051050","CAP-DESPOIR","07-07","BUI",1994,2026,7.92608695652174,7.4141889393553,27.5,2013-07-07,4.5,58.6,2001-08-17,NA
"7051050","CAP-DESPOIR","07-08","BUI",1994,2026,8.22173913043478,7.9951665240341,29.1,2013-07-08,6.9,58.6,2001-08-17,NA
"7051050","CAP-DESPOIR","07-09","BUI",1994,2026,8.44782608695652,7.40815702545741,30.6,2013-07-09,7.9,58.6,2001-08-17,NA
"7051050","CAP-DESPOIR","07-10","BUI",1994,2026,8.81739130434783,7.95702389395758,31.6,2013-07-10,9.6,58.6,2001-08-17,NA
"7051050","CAP-DESPOIR","07-11","BUI",1994,2026,9.10434782608696,8.56591969593191,32.4,2013-07-11,10.8,58.6,2001-08-17,NA
"7051050","CAP-DESPOIR","07-12","BUI",1994,2026,10.1260869565217,9.41691984922035,34.4,2013-07-12,11.8,58.6,2001-08-17,NA
"7051050","CAP-DESPOIR","07-13","BUI",1994,2026,10.8913043478261,9.9570857841164,35.9,2013-07-13,13.8,58.6,2001-08-17,NA
"7051050","CAP-DESPOIR","07-14","BUI",1994,2026,11.3391304347826,10.6331274425489,38.5,2013-07-14,14.5,58.6,2001-08-17,NA
"7051050","CAP-DESPOIR","07-15","BUI",1994,2026,12.2652173913043,11.4484460515848,40.3,2013-07-15,12,58.6,2001-08-17,NA
"7051050","CAP-DESPOIR","07-16","BUI",1994,2026,12.1086956521739,11.3731307372596,42.1,2013-07-16,14.7,58.6,2001-08-17,NA
"7051050","CAP-DESPOIR","07-17","BUI",1994,2026,12.4739130434783,11.5763558951112,43.2,2013-07-17,15.8,58.6,2001-08-17,NA
"7051050","CAP-DESPOIR","07-18","BUI",1994,2026,12.2208333333333,11.7168395785786,47.4,2013-07-18,18.2,58.6,2001-08-17,NA
"7051050","CAP-DESPOIR","07-19","BUI",1994,2026,11.8041666666667,12.448205010001,48.7,2013-07-19,9.5,58.6,2001-08-17,NA
"7051050","CAP-DESPOIR","07-20","BUI",1994,2026,11.3416666666667,10.595894063952,38.3,1995-07-20,9.8,58.6,2001-08-17,NA
"7051050","CAP-DESPOIR","07-21","BUI",1994,2026,11.7625,10.5250761641363,37.3,1995-07-21,10.8,58.6,2001-08-17,NA
"7051050","CAP-DESPOIR","07-22","BUI",1994,2026,12.5083333333333,11.2912400315145,39.2,1995-07-22,5.3,58.6,2001-08-17,NA
"7051050","CAP-DESPOIR","07-23","BUI",1994,2026,11.0791666666667,9.49191780533251,34,2013-07-23,4.4,58.6,2001-08-17,NA
"7051050","CAP-DESPOIR","07-24","BUI",1994,2026,10.1125,8.66343201899952,29.4,2014-07-24,6.3,58.6,2001-08-17,NA
"7051050","CAP-DESPOIR","07-25","BUI",1994,2026,11.0208333333333,9.31473723247977,31.7,2014-07-25,7.6,58.6,2001-08-17,NA
"7051050","CAP-DESPOIR","07-26","BUI",1994,2026,11.0291666666667,9.26275755572993,33.2,2014-07-26,9.9,58.6,2001-08-17,NA
"7051050","CAP-DESPOIR","07-27","BUI",1994,2026,10.6125,8.9840589500176,33.8,2014-07-27,14.9,58.6,2001-08-17,NA
"7051050","CAP-DESPOIR","07-28","BUI",1994,2026,10.2583333333333,8.12499721293152,29.6,2017-07-28,11.5,58.6,2001-08-17,NA
"7051050","CAP-DESPOIR","07-29","BUI",1994,2026,9.58333333333333,8.16091782277857,31.4,2017-07-29,12.2,58.6,2001-08-17,NA
"7051050","CAP-DESPOIR","07-30","BUI",1994,2026,10.3708333333333,8.82528379475533,35,2017-07-30,12.6,58.6,2001-08-17,NA
"7051050","CAP-DESPOIR","07-31","BUI",1994,2026,11.3,9.64887918699459,36.8,2017-07-31,6.2,58.6,2001-08-17,NA
"7051050","CAP-DESPOIR","08-01","BUI",1994,2026,12.3375,10.0834264578284,38.3,2017-08-01,7.2,58.6,2001-08-17,NA
"7051050","CAP-DESPOIR","08-02","BUI",1994,2026,13.0541666666667,9.57410362096251,39.5,2017-08-02,8.1,58.6,2001-08-17,NA
"7051050","CAP-DESPOIR","08-03","BUI",1994,2026,13.725,10.3887585566239,42.6,2017-08-03,8.5,58.6,2001-08-17,NA
"7051050","CAP-DESPOIR","08-04","BUI",1994,2026,13.8041666666667,10.0657179344661,43.5,2017-08-04,4.6,58.6,2001-08-17,NA
"7051050","CAP-DESPOIR","08-05","BUI",1994,2026,14.0583333333333,10.8373314807285,44.2,2017-08-05,7.2,58.6,2001-08-17,NA
"7051050","CAP-DESPOIR","08-06","BUI",1994,2026,13.4958333333333,9.05632035684456,39.2,2001-08-06,8.7,58.6,2001-08-17,NA
"7051050","CAP-DESPOIR","08-07","BUI",1994,2026,13.4916666666667,9.9435326006259,40.7,2001-08-07,9.8,58.6,2001-08-17,NA
"7051050","CAP-DESPOIR","08-08","BUI",1994,2026,13.6416666666667,10.7686710118899,45.5,2001-08-08,NA,58.6,2001-08-17,NA
"7051050","CAP-DESPOIR","08-09","BUI",1994,2026,13.7416666666667,11.5827051232005,46.8,2001-08-09,NA,58.6,2001-08-17,NA
"7051050","CAP-DESPOIR","08-10","BUI",1994,2026,14.1708333333333,11.9971909453718,48.8,2001-08-10,NA,58.6,2001-08-17,NA
"7051050","CAP-DESPOIR","08-11","BUI",1994,2026,13.7166666666667,11.6640162620908,50.6,2001-08-11,NA,58.6,2001-08-17,NA
"7051050","CAP-DESPOIR","08-12","BUI",1994,2026,13.4833333333333,11.892952486266,51.6,2001-08-12,NA,58.6,2001-08-17,NA
"7051050","CAP-DESPOIR","08-13","BUI",1994,2026,14.2583333333333,12.350036671893,52.4,2001-08-13,NA,58.6,2001-08-17,NA
"7051050","CAP-DESPOIR","08-14","BUI",1994,2026,14.2083333333333,12.8424200843606,53.8,2001-08-14,NA,58.6,2001-08-17,NA
"7051050","CAP-DESPOIR","08-15","BUI",1994,2026,14.495652173913,13.1803048061344,55.7,2001-08-15,NA,58.6,2001-08-17,NA
"7051050","CAP-DESPOIR","08-16","BUI",1994,2026,14.375,13.4203042147856,57.6,2001-08-16,NA,58.6,2001-08-17,NA
"7051050","CAP-DESPOIR","08-17","BUI",1994,2026,15.3,13.7862250090444,58.6,2001-08-17,NA,58.6,2001-08-17,NA
"7051050","CAP-DESPOIR","08-18","BUI",1994,2026,16.0541666666667,13.6881408261079,55.5,2001-08-18,NA,58.6,2001-08-17,NA
"7051050","CAP-DESPOIR","08-19","BUI",1994,2026,15.8708333333333,13.8350996340488,56,2001-08-19,NA,58.6,2001-08-17,NA
"7051050","CAP-DESPOIR","08-20","BUI",1994,2026,17.0333333333333,13.8719192950196,57.3,2001-08-20,NA,58.6,2001-08-17,NA
"7051050","CAP-DESPOIR","08-21","BUI",1994,2026,16.1,12.4430878315074,57.8,2001-08-21,NA,58.6,2001-08-17,NA
"7051050","CAP-DESPOIR","08-22","BUI",1994,2026,15.0875,9.97890437917388,47.2,2001-08-22,NA,58.6,2001-08-17,NA
"7051050","CAP-DESPOIR","08-23","BUI",1994,2026,14.3375,9.51250035708164,46,2001-08-23,NA,58.6,2001-08-17,NA
"7051050","CAP-DESPOIR","08-24","BUI",1994,2026,13.8166666666667,7.50250199812596,32.2,2010-08-24,NA,58.6,2001-08-17,NA
"7051050","CAP-DESPOIR","08-25","BUI",1994,2026,14.7291666666667,7.31190091067543,33.4,2010-08-25,NA,58.6,2001-08-17,NA
"7051050","CAP-DESPOIR","08-26","BUI",1994,2026,14.5041666666667,6.80820982450547,29.4,1994-08-26,NA,58.6,2001-08-17,NA
"7051050","CAP-DESPOIR","08-27","BUI",1994,2026,14.15,6.67128825314285,30.7,1994-08-27,NA,58.6,2001-08-17,NA
"7051050","CAP-DESPOIR","08-28","BUI",1994,2026,14.0916666666667,6.18728827774204,27.6,1996-08-28,NA,58.6,2001-08-17,NA
"7051050","CAP-DESPOIR","08-29","BUI",1994,2026,14.1666666666667,6.95111293351595,28.4,1996-08-29,NA,58.6,2001-08-17,NA
"7051050","CAP-DESPOIR","08-30","BUI",1994,2026,13.4541666666667,8.04768285131579,31.8,1996-08-30,NA,58.6,2001-08-17,NA
"7051050","CAP-DESPOIR","08-31","BUI",1994,2026,13.1041666666667,8.46298740381323,32.5,1996-08-31,NA,58.6,2001-08-17,NA
"7051050","CAP-DESPOIR","09-01","BUI",1994,2026,12.4541666666667,9.02994916287229,33.5,1996-09-01,NA,58.6,2001-08-17,NA
"7051050","CAP-DESPOIR","09-02","BUI",1994,2026,13.7125,9.87567554101006,34.6,1996-09-02,NA,58.6,2001-08-17,NA
"7051050","CAP-DESPOIR","09-03","BUI",1994,2026,14.4,10.4016721063825,36.1,1996-09-03,NA,58.6,2001-08-17,NA
"7051050","CAP-DESPOIR","09-04","BUI",1994,2026,13.7666666666667,10.2175325306305,38,1996-09-04,NA,58.6,2001-08-17,NA
"7051050","CAP-DESPOIR","09-05","BUI",1994,2026,12.375,9.7332353082219,38.6,1996-09-05,NA,58.6,2001-08-17,NA
"7051050","CAP-DESPOIR","09-06","BUI",1994,2026,12.164,9.91879024881563,43.1,1996-09-06,NA,58.6,2001-08-17,NA
"7051050","CAP-DESPOIR","09-07","BUI",1994,2026,11.968,9.97274285239522,44.5,1996-09-07,NA,58.6,2001-08-17,NA
"7051050","CAP-DESPOIR","09-08","BUI",1994,2026,12,10.4439775309346,45.4,1996-09-08,NA,58.6,2001-08-17,NA
"7051050","CAP-DESPOIR","09-09","BUI",1994,2026,11.24,10.4476472630604,40.2,1996-09-09,NA,58.6,2001-08-17,NA
"7051050","CAP-DESPOIR","09-10","BUI",1994,2026,10.072,9.46328519419481,36.3,2000-09-10,NA,58.6,2001-08-17,NA
"7051050","CAP-DESPOIR","09-11","BUI",1994,2026,9.696,10.0984520265897,37.1,2000-09-11,NA,58.6,2001-08-17,NA
"7051050","CAP-DESPOIR","09-12","BUI",1994,2026,9.416,8.80646921302743,37.7,2000-09-12,NA,58.6,2001-08-17,NA
"7051050","CAP-DESPOIR","09-13","BUI",1994,2026,9.356,7.1225627410364,27.3,1996-09-13,NA,58.6,2001-08-17,NA
"7051050","CAP-DESPOIR","09-14","BUI",1994,2026,9.78,7.48615388567454,28.3,1996-09-14,NA,58.6,2001-08-17,NA
"7051050","CAP-DESPOIR","09-15","BUI",1994,2026,9.548,7.93416242166326,30.3,1996-09-15,NA,58.6,2001-08-17,NA
"7051050","CAP-DESPOIR","09-16","BUI",1994,2026,10,8.05382931695642,31,1996-09-16,NA,58.6,2001-08-17,NA
"7051050","CAP-DESPOIR","09-17","BUI",1994,2026,10.512,8.22533282001403,31.2,1996-09-17,NA,58.6,2001-08-17,NA
"7051050","CAP-DESPOIR","09-18","BUI",1994,2026,9.656,8.00401357653355,33,1996-09-18,NA,58.6,2001-08-17,NA
"7051050","CAP-DESPOIR","09-19","BUI",1994,2026,9.492,8.03543817515054,34.4,1996-09-19,NA,58.6,2001-08-17,NA
"7051050","CAP-DESPOIR","09-20","BUI",1994,2026,9.82,8.26594418885909,35.2,1996-09-20,NA,58.6,2001-08-17,NA
"7051050","CAP-DESPOIR","09-21","BUI",1994,2026,9.944,8.36291815098055,37.1,1996-09-21,NA,58.6,2001-08-17,NA
"7051050","CAP-DESPOIR","09-22","BUI",1994,2026,9.496,7.8875682775703,39,1996-09-22,NA,58.6,2001-08-17,NA
"7051050","CAP-DESPOIR","09-23","BUI",1994,2026,9.16,8.16746594728132,39.4,1996-09-23,NA,58.6,2001-08-17,NA
"7051050","CAP-DESPOIR","09-24","BUI",1994,2026,9.7,8.44289642243703,41.6,1996-09-24,NA,58.6,2001-08-17,NA
"7051050","CAP-DESPOIR","09-25","BUI",1994,2026,10.228,8.83508724725832,43.2,1996-09-25,NA,58.6,2001-08-17,NA
"7051050","CAP-DESPOIR","09-26","BUI",1994,2026,10.292,9.19261116332025,44.2,1996-09-26,NA,58.6,2001-08-17,NA
"7051050","CAP-DESPOIR","09-27","BUI",1994,2026,10.104,9.68815771960799,45.3,1996-09-27,NA,58.6,2001-08-17,NA
"7051050","CAP-DESPOIR","09-28","BUI",1994,2026,9.256,9.20765442444491,45.6,1996-09-28,NA,58.6,2001-08-17,NA
"7051050","CAP-DESPOIR","09-29","BUI",1994,2026,8.464,9.24972432021625,46.1,1996-09-29,NA,58.6,2001-08-17,NA
"7051050","CAP-DESPOIR","09-30","BUI",1994,2026,7.648,9.36469967484276,47.8,1996-09-30,NA,58.6,2001-08-17,NA
"7051050","CAP-DESPOIR","10-01","BUI",1994,2026,7.308,9.74679092488052,48.8,1996-10-01,NA,58.6,2001-08-17,NA
"7051050","CAP-DESPOIR","10-02","BUI",1994,2026,7.524,9.80774693800773,49.3,1996-10-02,NA,58.6,2001-08-17,NA
"7051050","CAP-DESPOIR","10-03","BUI",1994,2026,7.816,9.93489976463443,49.7,1996-10-03,NA,58.6,2001-08-17,NA
"7051050","CAP-DESPOIR","10-04","BUI",1994,2026,8.248,10.1419968448033,50.8,1996-10-04,NA,58.6,2001-08-17,NA
"7051050","CAP-DESPOIR","10-05","BUI",1994,2026,8.464,10.4804532344742,51.8,1996-10-05,NA,58.6,2001-08-17,NA
"7051050","CAP-DESPOIR","10-06","BUI",1994,2026,8.464,10.3892123538473,52.7,1996-10-06,NA,58.6,2001-08-17,NA
"7051050","CAP-DESPOIR","10-07","BUI",1994,2026,8.344,10.5314639691419,53.3,1996-10-07,NA,58.6,2001-08-17,NA
"7051050","CAP-DESPOIR","10-08","BUI",1994,2026,7.984,10.7074226590716,53.5,1996-10-08,NA,58.6,2001-08-17,NA
"7051050","CAP-DESPOIR","10-09","BUI",1994,2026,6.864,6.02168857824226,24.4,2016-10-09,NA,58.6,2001-08-17,NA
"7051050","CAP-DESPOIR","10-10","BUI",1994,2026,6.388,5.17383803380044,24.9,2016-10-10,NA,58.6,2001-08-17,NA
"7051050","CAP-DESPOIR","10-11","BUI",1994,2026,6.504,5.61838351604208,25.6,2016-10-11,NA,58.6,2001-08-17,NA
"7051050","CAP-DESPOIR","10-12","BUI",1994,2026,6.7375,5.99860944031125,26.4,2016-10-12,NA,58.6,2001-08-17,NA
"7051050","CAP-DESPOIR","10-13","BUI",1994,2026,6.67083333333333,6.31530089246101,26.8,2016-10-13,NA,58.6,2001-08-17,NA
"7051050","CAP-DESPOIR","10-14","BUI",1994,2026,5.9,5.96875924765958,24.9,2016-10-14,NA,58.6,2001-08-17,NA
"7051050","CAP-DESPOIR","10-15","BUI",1994,2026,5.93333333333333,6.44776109889361,26,2016-10-15,NA,58.6,2001-08-17,NA
"7051050","CAP-DESPOIR","10-16","BUI",1994,2026,5.064,6.46335052430239,27.1,2016-10-16,NA,58.6,2001-08-17,NA
"7051050","CAP-DESPOIR","10-17","BUI",1994,2026,4.664,6.05047381064767,25.5,2016-10-17,NA,58.6,2001-08-17,NA
"7051050","CAP-DESPOIR","10-18","BUI",1994,2026,4.856,5.72793447355444,22.6,2016-10-18,NA,58.6,2001-08-17,NA
"7051050","CAP-DESPOIR","10-19","BUI",1994,2026,4.8875,4.81684656902887,17.3,1997-10-19,NA,58.6,2001-08-17,NA
"7051050","CAP-DESPOIR","10-20","BUI",1994,2026,4.88,5.08666557448656,17.8,1997-10-20,NA,58.6,2001-08-17,NA
"7051050","CAP-DESPOIR","10-21","BUI",1994,2026,4.716,4.42386331916648,18.3,1997-10-21,NA,58.6,2001-08-17,NA
"7051050","CAP-DESPOIR","10-22","BUI",1994,2026,4.072,4.37612080881382,18.7,1997-10-22,NA,58.6,2001-08-17,NA
"7051050","CAP-DESPOIR","10-23","BUI",1994,2026,3.81666666666667,4.7187568984497,19.5,1997-10-23,NA,58.6,2001-08-17,NA
"7051050","CAP-DESPOIR","10-24","BUI",1994,2026,3.68260869565217,4.88314840445393,20,1997-10-24,NA,58.6,2001-08-17,NA
"7051050","CAP-DESPOIR","10-25","BUI",1994,2026,2.90833333333333,3.21949451428889,15,2017-10-25,NA,58.6,2001-08-17,NA
"7051050","CAP-DESPOIR","10-26","BUI",1994,2026,3.788,5.04193415268387,21.8,1997-10-26,NA,58.6,2001-08-17,NA
"7051050","CAP-DESPOIR","10-27","BUI",1994,2026,3.45217391304348,3.55487751549862,12.3,1997-10-27,NA,58.6,2001-08-17,NA
"7051050","CAP-DESPOIR","10-28","BUI",1994,2026,2.905,2.83594874127829,12.2,2017-10-28,NA,58.6,2001-08-17,NA
"7051050","CAP-DESPOIR","10-29","BUI",1994,2026,2.11904761904762,3.12067605618062,12.6,2017-10-29,NA,58.6,2001-08-17,NA
"7051050","CAP-DESPOIR","10-30","BUI",1994,2026,2.65454545454545,3.27206462748017,12.8,2017-10-30,NA,58.6,2001-08-17,NA
"7051050","CAP-DESPOIR","10-31","BUI",1994,2026,2.28947368421053,2.44060437342932,10.5,2024-10-31,NA,58.6,2001-08-17,NA
"7051050","CAP-DESPOIR","04-01","DC",1994,2026,NA,NA,NA,NA,NA,491.6,1996-10-08,NA
"7051050","CAP-DESPOIR","04-02","DC",1994,2026,NA,NA,NA,NA,NA,491.6,1996-10-08,NA
"7051050","CAP-DESPOIR","04-03","DC",1994,2026,NA,NA,NA,NA,NA,491.6,1996-10-08,NA
"7051050","CAP-DESPOIR","04-04","DC",1994,2026,NA,NA,NA,NA,NA,491.6,1996-10-08,NA
"7051050","CAP-DESPOIR","04-05","DC",1994,2026,NA,NA,NA,NA,NA,491.6,1996-10-08,NA
"7051050","CAP-DESPOIR","04-06","DC",1994,2026,NA,NA,NA,NA,NA,491.6,1996-10-08,NA
"7051050","CAP-DESPOIR","04-07","DC",1994,2026,NA,NA,NA,NA,NA,491.6,1996-10-08,NA
"7051050","CAP-DESPOIR","04-08","DC",1994,2026,NA,NA,NA,NA,NA,491.6,1996-10-08,NA
"7051050","CAP-DESPOIR","04-09","DC",1994,2026,NA,NA,NA,NA,NA,491.6,1996-10-08,NA
"7051050","CAP-DESPOIR","04-10","DC",1994,2026,NA,NA,NA,NA,NA,491.6,1996-10-08,NA
"7051050","CAP-DESPOIR","04-11","DC",1994,2026,NA,NA,NA,NA,NA,491.6,1996-10-08,NA
"7051050","CAP-DESPOIR","04-12","DC",1994,2026,NA,NA,NA,NA,NA,491.6,1996-10-08,NA
"7051050","CAP-DESPOIR","04-13","DC",1994,2026,NA,NA,NA,NA,NA,491.6,1996-10-08,NA
"7051050","CAP-DESPOIR","04-14","DC",1994,2026,NA,NA,NA,NA,NA,491.6,1996-10-08,NA
"7051050","CAP-DESPOIR","04-15","DC",1994,2026,NA,NA,NA,NA,NA,491.6,1996-10-08,NA
"7051050","CAP-DESPOIR","04-16","DC",1994,2026,NA,NA,NA,NA,NA,491.6,1996-10-08,NA
"7051050","CAP-DESPOIR","04-17","DC",1994,2026,NA,NA,NA,NA,NA,491.6,1996-10-08,NA
"7051050","CAP-DESPOIR","04-18","DC",1994,2026,NA,NA,NA,NA,NA,491.6,1996-10-08,NA
"7051050","CAP-DESPOIR","04-19","DC",1994,2026,NA,NA,NA,NA,NA,491.6,1996-10-08,NA
"7051050","CAP-DESPOIR","04-20","DC",1994,2026,NA,NA,NA,NA,NA,491.6,1996-10-08,NA
"7051050","CAP-DESPOIR","04-21","DC",1994,2026,NA,NA,NA,NA,NA,491.6,1996-10-08,NA
"7051050","CAP-DESPOIR","04-22","DC",1994,2026,NA,NA,NA,NA,NA,491.6,1996-10-08,NA
"7051050","CAP-DESPOIR","04-23","DC",1994,2026,NA,NA,NA,NA,NA,491.6,1996-10-08,NA
"7051050","CAP-DESPOIR","04-24","DC",1994,2026,NA,NA,NA,NA,NA,491.6,1996-10-08,NA
"7051050","CAP-DESPOIR","04-25","DC",1994,2026,NA,NA,NA,NA,NA,491.6,1996-10-08,NA
"7051050","CAP-DESPOIR","04-26","DC",1994,2026,NA,NA,NA,NA,NA,491.6,1996-10-08,NA
"7051050","CAP-DESPOIR","04-27","DC",1994,2026,NA,NA,NA,NA,NA,491.6,1996-10-08,NA
"7051050","CAP-DESPOIR","04-28","DC",1994,2026,NA,NA,NA,NA,NA,491.6,1996-10-08,NA
"7051050","CAP-DESPOIR","04-29","DC",1994,2026,NA,NA,NA,NA,NA,491.6,1996-10-08,NA
"7051050","CAP-DESPOIR","04-30","DC",1994,2026,NA,NA,NA,NA,NA,491.6,1996-10-08,NA
"7051050","CAP-DESPOIR","05-01","DC",1994,2026,NA,NA,NA,NA,NA,491.6,1996-10-08,NA
"7051050","CAP-DESPOIR","05-02","DC",1994,2026,NA,NA,NA,NA,NA,491.6,1996-10-08,NA
"7051050","CAP-DESPOIR","05-03","DC",1994,2026,NA,NA,NA,NA,NA,491.6,1996-10-08,NA
"7051050","CAP-DESPOIR","05-04","DC",1994,2026,NA,NA,NA,NA,NA,491.6,1996-10-08,NA
"7051050","CAP-DESPOIR","05-05","DC",1994,2026,39.5,NA,39.5,1999-05-05,NA,491.6,1996-10-08,NA
"7051050","CAP-DESPOIR","05-06","DC",1994,2026,39.5,NA,39.5,1999-05-06,NA,491.6,1996-10-08,NA
"7051050","CAP-DESPOIR","05-07","DC",1994,2026,44.9,NA,44.9,1999-05-07,NA,491.6,1996-10-08,NA
"7051050","CAP-DESPOIR","05-08","DC",1994,2026,32.65,24.9608693758851,50.3,1999-05-08,NA,491.6,1996-10-08,NA
"7051050","CAP-DESPOIR","05-09","DC",1994,2026,35.2,28.5671139599365,55.4,1999-05-09,NA,491.6,1996-10-08,NA
"7051050","CAP-DESPOIR","05-10","DC",1994,2026,37.3,25.8801081914276,55.6,1999-05-10,NA,491.6,1996-10-08,NA
"7051050","CAP-DESPOIR","05-11","DC",1994,2026,41.1,25.4558441227157,59.1,1999-05-11,NA,491.6,1996-10-08,NA
"7051050","CAP-DESPOIR","05-12","DC",1994,2026,44.3,25.1730014102411,62.1,1999-05-12,NA,491.6,1996-10-08,NA
"7051050","CAP-DESPOIR","05-13","DC",1994,2026,47.65,24.9608693758851,65.3,1999-05-13,NA,491.6,1996-10-08,NA
"7051050","CAP-DESPOIR","05-14","DC",1994,2026,51.55,25.6679761570717,69.7,1999-05-14,NA,491.6,1996-10-08,NA
"7051050","CAP-DESPOIR","05-15","DC",1994,2026,55.65,26.0922402257836,74.1,1999-05-15,NA,491.6,1996-10-08,NA
"7051050","CAP-DESPOIR","05-16","DC",1994,2026,59.55,27.0821897194448,78.7,1999-05-16,NA,491.6,1996-10-08,NA
"7051050","CAP-DESPOIR","05-17","DC",1994,2026,63.7,28.4256926036992,83.8,1999-05-17,NA,491.6,1996-10-08,NA
"7051050","CAP-DESPOIR","05-18","DC",1994,2026,68.1,29.698484809835,89.1,1999-05-18,NA,491.6,1996-10-08,NA
"7051050","CAP-DESPOIR","05-19","DC",1994,2026,67.3,37.7595021153616,94,1999-05-19,NA,491.6,1996-10-08,NA
"7051050","CAP-DESPOIR","05-20","DC",1994,2026,54.45,15.2027957955108,65.2,1999-05-20,NA,491.6,1996-10-08,NA
"7051050","CAP-DESPOIR","05-21","DC",1994,2026,49.35,28.0721392131059,69.2,1999-05-21,NA,491.6,1996-10-08,NA
"7051050","CAP-DESPOIR","05-22","DC",1994,2026,52.5,28.2842712474619,72.5,1999-05-22,NA,491.6,1996-10-08,NA
"7051050","CAP-DESPOIR","05-23","DC",1994,2026,56.35,28.4964032818179,76.5,1999-05-23,NA,491.6,1996-10-08,NA
"7051050","CAP-DESPOIR","05-24","DC",1994,2026,60.4,28.0014285349873,80.2,1999-05-24,NA,491.6,1996-10-08,NA
"7051050","CAP-DESPOIR","05-25","DC",1994,2026,51.2,8.9095454429505,57.5,1999-05-25,NA,491.6,1996-10-08,NA
"7051050","CAP-DESPOIR","05-26","DC",1994,2026,55.35,8.98025612106916,61.7,1999-05-26,NA,491.6,1996-10-08,NA
"7051050","CAP-DESPOIR","05-27","DC",1994,2026,59.3,9.47523086789974,66,1999-05-27,NA,491.6,1996-10-08,NA
"7051050","CAP-DESPOIR","05-28","DC",1994,2026,63.25,9.97020561473032,70.3,1999-05-28,NA,491.6,1996-10-08,NA
"7051050","CAP-DESPOIR","05-29","DC",1994,2026,46.7333333333333,30.1911134828335,75.1,1999-05-29,NA,491.6,1996-10-08,NA
"7051050","CAP-DESPOIR","05-30","DC",1994,2026,48.9333333333333,32.6816972223496,80.2,1999-05-30,NA,491.6,1996-10-08,NA
"7051050","CAP-DESPOIR","05-31","DC",1994,2026,42.975,33.6676278740672,85.2,1999-05-31,NA,491.6,1996-10-08,NA
"7051050","CAP-DESPOIR","06-01","DC",1994,2026,36.95,29.4383932985481,84.8,1999-06-01,NA,491.6,1996-10-08,NA
"7051050","CAP-DESPOIR","06-02","DC",1994,2026,37.3333333333333,25.1217568387776,72.5,1999-06-02,NA,491.6,1996-10-08,NA
"7051050","CAP-DESPOIR","06-03","DC",1994,2026,46.0142857142857,27.0849545302325,77.4,1999-06-03,NA,491.6,1996-10-08,NA
"7051050","CAP-DESPOIR","06-04","DC",1994,2026,47.0142857142857,27.4846277381514,83.7,1999-06-04,NA,491.6,1996-10-08,NA
"7051050","CAP-DESPOIR","06-05","DC",1994,2026,48.9142857142857,24.8818158884106,89.4,1999-06-05,NA,491.6,1996-10-08,NA
"7051050","CAP-DESPOIR","06-06","DC",1994,2026,51.0714285714286,29.6272236457009,94.8,1999-06-06,NA,491.6,1996-10-08,NA
"7051050","CAP-DESPOIR","06-07","DC",1994,2026,52.5428571428571,26.6396231919583,80.3,1999-06-07,NA,491.6,1996-10-08,NA
"7051050","CAP-DESPOIR","06-08","DC",1994,2026,51.4857142857143,31.3065184145107,85.9,1999-06-08,NA,491.6,1996-10-08,NA
"7051050","CAP-DESPOIR","06-09","DC",1994,2026,48.5571428571429,38.1838472456115,91.8,1999-06-09,NA,491.6,1996-10-08,NA
"7051050","CAP-DESPOIR","06-10","DC",1994,2026,50.9285714285714,41.1023808834198,99.4,1996-06-10,NA,491.6,1996-10-08,NA
"7051050","CAP-DESPOIR","06-11","DC",1994,2026,56.2714285714286,42.7327241617676,107.3,1996-06-11,52.2,491.6,1996-10-08,NA
"7051050","CAP-DESPOIR","06-12","DC",1994,2026,55.6666666666667,41.0205436336478,114.1,1996-06-12,57,491.6,1996-10-08,NA
"7051050","CAP-DESPOIR","06-13","DC",1994,2026,57.5555555555556,45.0159169380984,122,1996-06-13,37.3,491.6,1996-10-08,NA
"7051050","CAP-DESPOIR","06-14","DC",1994,2026,58.7909090909091,42.6975983995694,124.2,1999-06-14,37.6,491.6,1996-10-08,NA
"7051050","CAP-DESPOIR","06-15","DC",1994,2026,69.375,46.482511374025,137.1,2012-06-15,33.7,491.6,1996-10-08,NA
"7051050","CAP-DESPOIR","06-16","DC",1994,2026,73.375,46.5538617673609,137.1,2012-06-16,22.3,491.6,1996-10-08,NA
"7051050","CAP-DESPOIR","06-17","DC",1994,2026,67.7071428571428,51.1591854191137,144.4,2012-06-17,27.5,491.6,1996-10-08,NA
"7051050","CAP-DESPOIR","06-18","DC",1994,2026,66.5142857142857,53.5353924218198,152.1,2012-06-18,33.1,491.6,1996-10-08,NA
"7051050","CAP-DESPOIR","06-19","DC",1994,2026,67.0066666666667,55.4703455739663,158.2,2012-06-19,6.8,491.6,1996-10-08,NA
"7051050","CAP-DESPOIR","06-20","DC",1994,2026,66.3470588235294,56.055643311435,166.1,2012-06-20,5.6,491.6,1996-10-08,NA
"7051050","CAP-DESPOIR","06-21","DC",1994,2026,62.2210526315789,58.2624576945411,173.4,2012-06-21,8.3,491.6,1996-10-08,NA
"7051050","CAP-DESPOIR","06-22","DC",1994,2026,61.05,57.2733657213598,180,2012-06-22,14,491.6,1996-10-08,NA
"7051050","CAP-DESPOIR","06-23","DC",1994,2026,62.8333333333333,54.783823646523,180.7,1999-06-23,19.6,491.6,1996-10-08,NA
"7051050","CAP-DESPOIR","06-24","DC",1994,2026,62.1857142857143,53.3345505813472,187.2,1999-06-24,25.5,491.6,1996-10-08,NA
"7051050","CAP-DESPOIR","06-25","DC",1994,2026,62.0714285714286,48.6301772858905,194.3,1999-06-25,26.1,491.6,1996-10-08,NA
"7051050","CAP-DESPOIR","06-26","DC",1994,2026,65.7863636363636,44.5619771239428,201.3,1999-06-26,31.3,491.6,1996-10-08,NA
"7051050","CAP-DESPOIR","06-27","DC",1994,2026,69.6636363636364,44.4867079715637,208.1,1999-06-27,36.5,491.6,1996-10-08,NA
"7051050","CAP-DESPOIR","06-28","DC",1994,2026,73.4454545454545,45.6174854453309,214.6,1999-06-28,42.4,491.6,1996-10-08,NA
"7051050","CAP-DESPOIR","06-29","DC",1994,2026,74.7318181818182,42.7951864934946,177.8,1999-06-29,48.4,491.6,1996-10-08,NA
"7051050","CAP-DESPOIR","06-30","DC",1994,2026,76.1636363636364,44.7685959814152,184.6,1999-06-30,54.6,491.6,1996-10-08,NA
"7051050","CAP-DESPOIR","07-01","DC",1994,2026,76.8695652173913,46.1529614413027,191.7,1999-07-01,61,491.6,1996-10-08,NA
"7051050","CAP-DESPOIR","07-02","DC",1994,2026,79.504347826087,45.6756497516692,195.7,1995-07-02,57.3,491.6,1996-10-08,NA
"7051050","CAP-DESPOIR","07-03","DC",1994,2026,84.0652173913044,45.9521352624431,196.9,1995-07-03,64.1,491.6,1996-10-08,NA
"7051050","CAP-DESPOIR","07-04","DC",1994,2026,87.3739130434783,44.224830719562,203.9,1995-07-04,70.6,491.6,1996-10-08,NA
"7051050","CAP-DESPOIR","07-05","DC",1994,2026,85.8565217391304,49.7815119578175,211.1,1995-07-05,73.9,491.6,1996-10-08,NA
"7051050","CAP-DESPOIR","07-06","DC",1994,2026,82.3086956521739,53.3056445334866,218.3,1995-07-06,80.9,491.6,1996-10-08,NA
"7051050","CAP-DESPOIR","07-07","DC",1994,2026,86.6913043478261,52.9812051841669,226.1,1995-07-07,88,491.6,1996-10-08,NA
"7051050","CAP-DESPOIR","07-08","DC",1994,2026,90.5782608695652,52.3733446822101,233.5,1995-07-08,95.6,491.6,1996-10-08,NA
"7051050","CAP-DESPOIR","07-09","DC",1994,2026,95.2565217391304,50.8614948667364,230.2,1995-07-09,102.6,491.6,1996-10-08,NA
"7051050","CAP-DESPOIR","07-10","DC",1994,2026,97.9739130434782,51.6473815000362,237.4,1995-07-10,109.4,491.6,1996-10-08,NA
"7051050","CAP-DESPOIR","07-11","DC",1994,2026,99.0173913043479,56.1600525460606,244.3,1995-07-11,116.1,491.6,1996-10-08,NA
"7051050","CAP-DESPOIR","07-12","DC",1994,2026,99.495652173913,60.3560155792344,251.4,1995-07-12,123.1,491.6,1996-10-08,NA
"7051050","CAP-DESPOIR","07-13","DC",1994,2026,103.34347826087,63.645294235009,258.3,1995-07-13,130.4,491.6,1996-10-08,NA
"7051050","CAP-DESPOIR","07-14","DC",1994,2026,106.234782608696,62.7873583736528,265.6,1995-07-14,137.3,491.6,1996-10-08,NA
"7051050","CAP-DESPOIR","07-15","DC",1994,2026,109.747826086957,61.1016059122777,273.5,1995-07-15,139.9,491.6,1996-10-08,NA
"7051050","CAP-DESPOIR","07-16","DC",1994,2026,109.617391304348,61.7580075939654,280.5,1995-07-16,146.8,491.6,1996-10-08,NA
"7051050","CAP-DESPOIR","07-17","DC",1994,2026,109.995833333333,64.963779066336,287,1995-07-17,153.3,491.6,1996-10-08,NA
"7051050","CAP-DESPOIR","07-18","DC",1994,2026,114.5,65.4739244478953,293.3,1995-07-18,160.4,491.6,1996-10-08,NA
"7051050","CAP-DESPOIR","07-19","DC",1994,2026,114.416666666667,67.0053512896491,300.4,1995-07-19,147.3,491.6,1996-10-08,NA
"7051050","CAP-DESPOIR","07-20","DC",1994,2026,116.616666666667,67.1062082702174,307.6,1995-07-20,149.3,491.6,1996-10-08,NA
"7051050","CAP-DESPOIR","07-21","DC",1994,2026,120.166666666667,68.89194858407,314.6,1995-07-21,156,491.6,1996-10-08,NA
"7051050","CAP-DESPOIR","07-22","DC",1994,2026,123.775,71.4290481039995,321.8,1995-07-22,150.5,491.6,1996-10-08,NA
"7051050","CAP-DESPOIR","07-23","DC",1994,2026,117.591666666667,60.1990027121399,270.2,1999-07-23,150.7,491.6,1996-10-08,NA
"7051050","CAP-DESPOIR","07-24","DC",1994,2026,113.008333333333,58.8201009465499,277.5,1999-07-24,157.6,491.6,1996-10-08,NA
"7051050","CAP-DESPOIR","07-25","DC",1994,2026,117.379166666667,60.7743007697988,284.7,1999-07-25,164.9,491.6,1996-10-08,NA
"7051050","CAP-DESPOIR","07-26","DC",1994,2026,117.9875,62.6012940031559,276.6,1999-07-26,172.4,491.6,1996-10-08,NA
"7051050","CAP-DESPOIR","07-27","DC",1994,2026,120.516666666667,58.7104217595855,256.8,1999-07-27,180.6,491.6,1996-10-08,NA
"7051050","CAP-DESPOIR","07-28","DC",1994,2026,120.425,61.6872071157313,264,1999-07-28,186,491.6,1996-10-08,NA
"7051050","CAP-DESPOIR","07-29","DC",1994,2026,120.1625,66.0033122521959,271.5,1999-07-29,193,491.6,1996-10-08,NA
"7051050","CAP-DESPOIR","07-30","DC",1994,2026,124.4625,67.9878941430017,267.9,1999-07-30,199.7,491.6,1996-10-08,NA
"7051050","CAP-DESPOIR","07-31","DC",1994,2026,127.920833333333,69.7931289701879,275.8,1999-07-31,184.6,491.6,1996-10-08,NA
"7051050","CAP-DESPOIR","08-01","DC",1994,2026,130.666666666667,72.4726195173746,282.4,1999-08-01,190.8,491.6,1996-10-08,NA
"7051050","CAP-DESPOIR","08-02","DC",1994,2026,136.075,71.9994761454373,289.1,1999-08-02,197.4,491.6,1996-10-08,NA
"7051050","CAP-DESPOIR","08-03","DC",1994,2026,139.854166666667,74.7988838510463,295.8,1999-08-03,203.7,491.6,1996-10-08,NA
"7051050","CAP-DESPOIR","08-04","DC",1994,2026,143.141666666667,76.5233804377668,302.3,1999-08-04,187,491.6,1996-10-08,NA
"7051050","CAP-DESPOIR","08-05","DC",1994,2026,147.5,77.1151989755812,299.8,1999-08-05,193.6,491.6,1996-10-08,NA
"7051050","CAP-DESPOIR","08-06","DC",1994,2026,149.991666666667,76.1600255564139,306.2,1999-08-06,200.1,491.6,1996-10-08,NA
"7051050","CAP-DESPOIR","08-07","DC",1994,2026,149.666666666667,73.3075870482761,307.7,2025-08-07,206.3,491.6,1996-10-08,NA
"7051050","CAP-DESPOIR","08-08","DC",1994,2026,141.945833333333,79.0900091484471,314.4,2025-08-08,NA,491.6,1996-10-08,NA
"7051050","CAP-DESPOIR","08-09","DC",1994,2026,139.058333333333,84.3699767157399,321.4,2025-08-09,NA,491.6,1996-10-08,NA
"7051050","CAP-DESPOIR","08-10","DC",1994,2026,139.858333333333,84.4232242756781,328.6,2025-08-10,NA,491.6,1996-10-08,NA
"7051050","CAP-DESPOIR","08-11","DC",1994,2026,136.275,85.4667352019893,336.4,2025-08-11,NA,491.6,1996-10-08,NA
"7051050","CAP-DESPOIR","08-12","DC",1994,2026,137.741666666667,86.7314140805153,343.8,2025-08-12,NA,491.6,1996-10-08,NA
"7051050","CAP-DESPOIR","08-13","DC",1994,2026,141.895833333333,89.3875026726777,350.8,2025-08-13,NA,491.6,1996-10-08,NA
"7051050","CAP-DESPOIR","08-14","DC",1994,2026,144.45,87.4448894770425,357.6,2025-08-14,NA,491.6,1996-10-08,NA
"7051050","CAP-DESPOIR","08-15","DC",1994,2026,147.733333333333,89.9391759041567,349.1,2025-08-15,NA,491.6,1996-10-08,NA
"7051050","CAP-DESPOIR","08-16","DC",1994,2026,146.595833333333,90.5663411858793,355.5,2025-08-16,NA,491.6,1996-10-08,NA
"7051050","CAP-DESPOIR","08-17","DC",1994,2026,150.645833333333,93.5324588121646,354.3,2025-08-17,NA,491.6,1996-10-08,NA
"7051050","CAP-DESPOIR","08-18","DC",1994,2026,152.808333333333,92.7321337142007,322.3,2025-08-18,NA,491.6,1996-10-08,NA
"7051050","CAP-DESPOIR","08-19","DC",1994,2026,153.991666666667,94.7494265976302,328.4,2025-08-19,NA,491.6,1996-10-08,NA
"7051050","CAP-DESPOIR","08-20","DC",1994,2026,159.9,95.1005234749914,334.6,2025-08-20,NA,491.6,1996-10-08,NA
"7051050","CAP-DESPOIR","08-21","DC",1994,2026,162.645833333333,92.2138864350119,340.7,2025-08-21,NA,491.6,1996-10-08,NA
"7051050","CAP-DESPOIR","08-22","DC",1994,2026,164.7,91.2090813556366,346.7,2025-08-22,NA,491.6,1996-10-08,NA
"7051050","CAP-DESPOIR","08-23","DC",1994,2026,165.241666666667,88.7308334070037,352.4,2025-08-23,NA,491.6,1996-10-08,NA
"7051050","CAP-DESPOIR","08-24","DC",1994,2026,163.4625,89.8934432609206,350.6,2025-08-24,NA,491.6,1996-10-08,NA
"7051050","CAP-DESPOIR","08-25","DC",1994,2026,169.341666666667,89.7542825267077,356.8,2025-08-25,NA,491.6,1996-10-08,NA
"7051050","CAP-DESPOIR","08-26","DC",1994,2026,172.929166666667,90.1650056438396,363.4,2025-08-26,NA,491.6,1996-10-08,NA
"7051050","CAP-DESPOIR","08-27","DC",1994,2026,176.175,89.9417553076772,369.5,2025-08-27,NA,491.6,1996-10-08,NA
"7051050","CAP-DESPOIR","08-28","DC",1994,2026,179.345833333333,90.4244915801921,375.7,2025-08-28,NA,491.6,1996-10-08,NA
"7051050","CAP-DESPOIR","08-29","DC",1994,2026,182.379166666667,92.0309351542313,382.6,2025-08-29,NA,491.6,1996-10-08,NA
"7051050","CAP-DESPOIR","08-30","DC",1994,2026,180.295833333333,93.2923990527336,388.8,2025-08-30,NA,491.6,1996-10-08,NA
"7051050","CAP-DESPOIR","08-31","DC",1994,2026,179.7125,94.6235484639688,394.9,2025-08-31,NA,491.6,1996-10-08,NA
"7051050","CAP-DESPOIR","09-01","DC",1994,2026,175.454166666667,96.1350543638283,368.6,1996-09-01,NA,491.6,1996-10-08,NA
"7051050","CAP-DESPOIR","09-02","DC",1994,2026,177.720833333333,95.9301329961898,372.7,1996-09-02,NA,491.6,1996-10-08,NA
"7051050","CAP-DESPOIR","09-03","DC",1994,2026,176.829166666667,97.7010367937808,377.1,1996-09-03,NA,491.6,1996-10-08,NA
"7051050","CAP-DESPOIR","09-04","DC",1994,2026,174.858333333333,95.4518495353031,381.8,1996-09-04,NA,491.6,1996-10-08,NA
"7051050","CAP-DESPOIR","09-05","DC",1994,2026,166.658333333333,93.0862569442131,386.6,1996-09-05,NA,491.6,1996-10-08,NA
"7051050","CAP-DESPOIR","09-06","DC",1994,2026,159.976,93.4241728176743,392.3,1996-09-06,NA,491.6,1996-10-08,NA
"7051050","CAP-DESPOIR","09-07","DC",1994,2026,161.604,93.1615509030773,396.5,1996-09-07,NA,491.6,1996-10-08,NA
"7051050","CAP-DESPOIR","09-08","DC",1994,2026,163.324,94.3112103622894,401,1996-09-08,NA,491.6,1996-10-08,NA
"7051050","CAP-DESPOIR","09-09","DC",1994,2026,158.304,90.0019512751437,405.7,1996-09-09,NA,491.6,1996-10-08,NA
"7051050","CAP-DESPOIR","09-10","DC",1994,2026,155.984,91.5654942286303,390.6,1996-09-10,NA,491.6,1996-10-08,NA
"7051050","CAP-DESPOIR","09-11","DC",1994,2026,154.344,90.8357633314104,394.7,1996-09-11,NA,491.6,1996-10-08,NA
"7051050","CAP-DESPOIR","09-12","DC",1994,2026,151.964,92.5241314468825,398.8,1996-09-12,NA,491.6,1996-10-08,NA
"7051050","CAP-DESPOIR","09-13","DC",1994,2026,153.696,92.7939629861052,402.9,1996-09-13,NA,491.6,1996-10-08,NA
"7051050","CAP-DESPOIR","09-14","DC",1994,2026,156.212,94.2820163127624,407,1996-09-14,NA,491.6,1996-10-08,NA
"7051050","CAP-DESPOIR","09-15","DC",1994,2026,154.68,95.9722703006794,411.4,1996-09-15,NA,491.6,1996-10-08,NA
"7051050","CAP-DESPOIR","09-16","DC",1994,2026,153.408,99.2807631584958,415.7,1996-09-16,NA,491.6,1996-10-08,NA
"7051050","CAP-DESPOIR","09-17","DC",1994,2026,153.012,97.8814687943195,419.6,1996-09-17,NA,491.6,1996-10-08,NA
"7051050","CAP-DESPOIR","09-18","DC",1994,2026,151.176,96.3289125859936,424,1996-09-18,NA,491.6,1996-10-08,NA
"7051050","CAP-DESPOIR","09-19","DC",1994,2026,152.548,94.0124509484426,428.2,1996-09-19,NA,491.6,1996-10-08,NA
"7051050","CAP-DESPOIR","09-20","DC",1994,2026,154.916,92.7841072957361,432.5,1996-09-20,NA,491.6,1996-10-08,NA
"7051050","CAP-DESPOIR","09-21","DC",1994,2026,155.288,92.3673116782483,436.9,1996-09-21,NA,491.6,1996-10-08,NA
"7051050","CAP-DESPOIR","09-22","DC",1994,2026,150.312,93.6125584523786,440.8,1996-09-22,NA,491.6,1996-10-08,NA
"7051050","CAP-DESPOIR","09-23","DC",1994,2026,144.992,98.1005730530323,444.2,1996-09-23,NA,491.6,1996-10-08,NA
"7051050","CAP-DESPOIR","09-24","DC",1994,2026,146.184,97.154120173396,448.1,1996-09-24,NA,491.6,1996-10-08,NA
"7051050","CAP-DESPOIR","09-25","DC",1994,2026,147.612,96.5555208157462,451.9,1996-09-25,NA,491.6,1996-10-08,NA
"7051050","CAP-DESPOIR","09-26","DC",1994,2026,148.376,97.0956284632149,455.5,1996-09-26,NA,491.6,1996-10-08,NA
"7051050","CAP-DESPOIR","09-27","DC",1994,2026,145.62,99.8025258531399,459.7,1996-09-27,NA,491.6,1996-10-08,NA
"7051050","CAP-DESPOIR","09-28","DC",1994,2026,139.556,102.518372662335,463.6,1996-09-28,NA,491.6,1996-10-08,NA
"7051050","CAP-DESPOIR","09-29","DC",1994,2026,134.428,103.940910777871,467.8,1996-09-29,NA,491.6,1996-10-08,NA
"7051050","CAP-DESPOIR","09-30","DC",1994,2026,127.524,103.894887907603,471.7,1996-09-30,NA,491.6,1996-10-08,NA
"7051050","CAP-DESPOIR","10-01","DC",1994,2026,120.764,105.461943689023,474.5,1996-10-01,NA,491.6,1996-10-08,NA
"7051050","CAP-DESPOIR","10-02","DC",1994,2026,121.104,105.991589603452,477.6,1996-10-02,NA,491.6,1996-10-08,NA
"7051050","CAP-DESPOIR","10-03","DC",1994,2026,120.508,106.448512280194,479.7,1996-10-03,NA,491.6,1996-10-08,NA
"7051050","CAP-DESPOIR","10-04","DC",1994,2026,122.216,106.475148430671,481.9,1996-10-04,NA,491.6,1996-10-08,NA
"7051050","CAP-DESPOIR","10-05","DC",1994,2026,119.332,108.188422516768,484,1996-10-05,NA,491.6,1996-10-08,NA
"7051050","CAP-DESPOIR","10-06","DC",1994,2026,118.612,109.35567856007,486.4,1996-10-06,NA,491.6,1996-10-08,NA
"7051050","CAP-DESPOIR","10-07","DC",1994,2026,118.272,110.98887151422,489,1996-10-07,NA,491.6,1996-10-08,NA
"7051050","CAP-DESPOIR","10-08","DC",1994,2026,109.996,116.437255922092,491.6,1996-10-08,NA,491.6,1996-10-08,NA
"7051050","CAP-DESPOIR","10-09","DC",1994,2026,107.924,107.274031029571,417.8,1996-10-09,NA,491.6,1996-10-08,NA
"7051050","CAP-DESPOIR","10-10","DC",1994,2026,107.328,103.9673286823,394.9,1996-10-10,NA,491.6,1996-10-08,NA
"7051050","CAP-DESPOIR","10-11","DC",1994,2026,106.24,104.953926399476,396.7,1996-10-11,NA,491.6,1996-10-08,NA
"7051050","CAP-DESPOIR","10-12","DC",1994,2026,105.408,105.317357385507,398.9,1996-10-12,NA,491.6,1996-10-08,NA
"7051050","CAP-DESPOIR","10-13","DC",1994,2026,99.944,105.910481382471,400.7,1996-10-13,NA,491.6,1996-10-08,NA
"7051050","CAP-DESPOIR","10-14","DC",1994,2026,96.392,103.139318884701,365.1,1996-10-14,NA,491.6,1996-10-08,NA
"7051050","CAP-DESPOIR","10-15","DC",1994,2026,93.512,103.692358767012,366.3,1996-10-15,NA,491.6,1996-10-08,NA
"7051050","CAP-DESPOIR","10-16","DC",1994,2026,85.192,104.534260412556,367.9,1996-10-16,NA,491.6,1996-10-08,NA
"7051050","CAP-DESPOIR","10-17","DC",1994,2026,81.82,106.822309623661,369.5,1996-10-17,NA,491.6,1996-10-08,NA
"7051050","CAP-DESPOIR","10-18","DC",1994,2026,81.736,107.997804298668,403.2,2025-10-18,NA,491.6,1996-10-08,NA
"7051050","CAP-DESPOIR","10-19","DC",1994,2026,79.788,105.016718192867,372.9,1996-10-19,NA,491.6,1996-10-08,NA
"7051050","CAP-DESPOIR","10-20","DC",1994,2026,80.12,105.957790338103,374.8,1996-10-20,NA,491.6,1996-10-08,NA
"7051050","CAP-DESPOIR","10-21","DC",1994,2026,80.244,106.09857868982,376.7,1996-10-21,NA,491.6,1996-10-08,NA
"7051050","CAP-DESPOIR","10-22","DC",1994,2026,74.92,103.310325395545,379,1996-10-22,NA,491.6,1996-10-08,NA
"7051050","CAP-DESPOIR","10-23","DC",1994,2026,70.02,103.323698475551,381,1996-10-23,NA,491.6,1996-10-08,NA
"7051050","CAP-DESPOIR","10-24","DC",1994,2026,70.3,103.199119828288,376.8,1996-10-24,NA,491.6,1996-10-08,NA
"7051050","CAP-DESPOIR","10-25","DC",1994,2026,68.48,102.022121784118,379.4,1996-10-25,NA,491.6,1996-10-08,NA
"7051050","CAP-DESPOIR","10-26","DC",1994,2026,67.392,103.023892536311,382.1,1996-10-26,NA,491.6,1996-10-08,NA
"7051050","CAP-DESPOIR","10-27","DC",1994,2026,66.552,101.918354251496,384.4,1996-10-27,NA,491.6,1996-10-08,NA
"7051050","CAP-DESPOIR","10-28","DC",1994,2026,55.668,83.6079527716513,329.5,1996-10-28,NA,491.6,1996-10-08,NA
"7051050","CAP-DESPOIR","10-29","DC",1994,2026,49.164,77.0357269929565,291.8,1996-10-29,NA,491.6,1996-10-08,NA
"7051050","CAP-DESPOIR","10-30","DC",1994,2026,48.156,78.3674681654745,293.3,1996-10-30,NA,491.6,1996-10-08,NA
"7051050","CAP-DESPOIR","10-31","DC",1994,2026,48.072,77.5283954432181,295.1,1996-10-31,NA,491.6,1996-10-08,NA
"7051050","CAP-DESPOIR","04-01","DMC",1994,2026,NA,NA,NA,NA,NA,41.7,2001-08-17,NA
"7051050","CAP-DESPOIR","04-02","DMC",1994,2026,NA,NA,NA,NA,NA,41.7,2001-08-17,NA
"7051050","CAP-DESPOIR","04-03","DMC",1994,2026,NA,NA,NA,NA,NA,41.7,2001-08-17,NA
"7051050","CAP-DESPOIR","04-04","DMC",1994,2026,NA,NA,NA,NA,NA,41.7,2001-08-17,NA
"7051050","CAP-DESPOIR","04-05","DMC",1994,2026,NA,NA,NA,NA,NA,41.7,2001-08-17,NA
"7051050","CAP-DESPOIR","04-06","DMC",1994,2026,NA,NA,NA,NA,NA,41.7,2001-08-17,NA
"7051050","CAP-DESPOIR","04-07","DMC",1994,2026,NA,NA,NA,NA,NA,41.7,2001-08-17,NA
"7051050","CAP-DESPOIR","04-08","DMC",1994,2026,NA,NA,NA,NA,NA,41.7,2001-08-17,NA
"7051050","CAP-DESPOIR","04-09","DMC",1994,2026,NA,NA,NA,NA,NA,41.7,2001-08-17,NA
"7051050","CAP-DESPOIR","04-10","DMC",1994,2026,NA,NA,NA,NA,NA,41.7,2001-08-17,NA
"7051050","CAP-DESPOIR","04-11","DMC",1994,2026,NA,NA,NA,NA,NA,41.7,2001-08-17,NA
"7051050","CAP-DESPOIR","04-12","DMC",1994,2026,NA,NA,NA,NA,NA,41.7,2001-08-17,NA
"7051050","CAP-DESPOIR","04-13","DMC",1994,2026,NA,NA,NA,NA,NA,41.7,2001-08-17,NA
"7051050","CAP-DESPOIR","04-14","DMC",1994,2026,NA,NA,NA,NA,NA,41.7,2001-08-17,NA
"7051050","CAP-DESPOIR","04-15","DMC",1994,2026,NA,NA,NA,NA,NA,41.7,2001-08-17,NA
"7051050","CAP-DESPOIR","04-16","DMC",1994,2026,NA,NA,NA,NA,NA,41.7,2001-08-17,NA
"7051050","CAP-DESPOIR","04-17","DMC",1994,2026,NA,NA,NA,NA,NA,41.7,2001-08-17,NA
"7051050","CAP-DESPOIR","04-18","DMC",1994,2026,NA,NA,NA,NA,NA,41.7,2001-08-17,NA
"7051050","CAP-DESPOIR","04-19","DMC",1994,2026,NA,NA,NA,NA,NA,41.7,2001-08-17,NA
"7051050","CAP-DESPOIR","04-20","DMC",1994,2026,NA,NA,NA,NA,NA,41.7,2001-08-17,NA
"7051050","CAP-DESPOIR","04-21","DMC",1994,2026,NA,NA,NA,NA,NA,41.7,2001-08-17,NA
"7051050","CAP-DESPOIR","04-22","DMC",1994,2026,NA,NA,NA,NA,NA,41.7,2001-08-17,NA
"7051050","CAP-DESPOIR","04-23","DMC",1994,2026,NA,NA,NA,NA,NA,41.7,2001-08-17,NA
"7051050","CAP-DESPOIR","04-24","DMC",1994,2026,NA,NA,NA,NA,NA,41.7,2001-08-17,NA
"7051050","CAP-DESPOIR","04-25","DMC",1994,2026,NA,NA,NA,NA,NA,41.7,2001-08-17,NA
"7051050","CAP-DESPOIR","04-26","DMC",1994,2026,NA,NA,NA,NA,NA,41.7,2001-08-17,NA
"7051050","CAP-DESPOIR","04-27","DMC",1994,2026,NA,NA,NA,NA,NA,41.7,2001-08-17,NA
"7051050","CAP-DESPOIR","04-28","DMC",1994,2026,NA,NA,NA,NA,NA,41.7,2001-08-17,NA
"7051050","CAP-DESPOIR","04-29","DMC",1994,2026,NA,NA,NA,NA,NA,41.7,2001-08-17,NA
"7051050","CAP-DESPOIR","04-30","DMC",1994,2026,NA,NA,NA,NA,NA,41.7,2001-08-17,NA
"7051050","CAP-DESPOIR","05-01","DMC",1994,2026,NA,NA,NA,NA,NA,41.7,2001-08-17,NA
"7051050","CAP-DESPOIR","05-02","DMC",1994,2026,NA,NA,NA,NA,NA,41.7,2001-08-17,NA
"7051050","CAP-DESPOIR","05-03","DMC",1994,2026,NA,NA,NA,NA,NA,41.7,2001-08-17,NA
"7051050","CAP-DESPOIR","05-04","DMC",1994,2026,NA,NA,NA,NA,NA,41.7,2001-08-17,NA
"7051050","CAP-DESPOIR","05-05","DMC",1994,2026,9.6,NA,9.6,1999-05-05,NA,41.7,2001-08-17,NA
"7051050","CAP-DESPOIR","05-06","DMC",1994,2026,11.4,NA,11.4,1999-05-06,NA,41.7,2001-08-17,NA
"7051050","CAP-DESPOIR","05-07","DMC",1994,2026,13.1,NA,13.1,1999-05-07,NA,41.7,2001-08-17,NA
"7051050","CAP-DESPOIR","05-08","DMC",1994,2026,11.8,3.11126983722081,14,1999-05-08,NA,41.7,2001-08-17,NA
"7051050","CAP-DESPOIR","05-09","DMC",1994,2026,14.05,0.636396103067893,14.5,1999-05-09,NA,41.7,2001-08-17,NA
"7051050","CAP-DESPOIR","05-10","DMC",1994,2026,12.1,2.82842712474619,14.1,2007-05-10,NA,41.7,2001-08-17,NA
"7051050","CAP-DESPOIR","05-11","DMC",1994,2026,12.6,2.40416305603426,14.3,2007-05-11,NA,41.7,2001-08-17,NA
"7051050","CAP-DESPOIR","05-12","DMC",1994,2026,12.1,0.989949493661167,12.8,2007-05-12,NA,41.7,2001-08-17,NA
"7051050","CAP-DESPOIR","05-13","DMC",1994,2026,12.45,0.919238815542511,13.1,2007-05-13,NA,41.7,2001-08-17,NA
"7051050","CAP-DESPOIR","05-14","DMC",1994,2026,13.6,0.282842712474619,13.8,2007-05-14,NA,41.7,2001-08-17,NA
"7051050","CAP-DESPOIR","05-15","DMC",1994,2026,13.3,1.69705627484771,14.5,1999-05-15,NA,41.7,2001-08-17,NA
"7051050","CAP-DESPOIR","05-16","DMC",1994,2026,13.2,3.39411254969543,15.6,1999-05-16,NA,41.7,2001-08-17,NA
"7051050","CAP-DESPOIR","05-17","DMC",1994,2026,14.2,4.10121933088198,17.1,1999-05-17,NA,41.7,2001-08-17,NA
"7051050","CAP-DESPOIR","05-18","DMC",1994,2026,15.1,4.80832611206852,18.5,1999-05-18,NA,41.7,2001-08-17,NA
"7051050","CAP-DESPOIR","05-19","DMC",1994,2026,12.8,9.19238815542512,19.3,1999-05-19,NA,41.7,2001-08-17,NA
"7051050","CAP-DESPOIR","05-20","DMC",1994,2026,6.65,2.47487373415292,8.4,1999-05-20,NA,41.7,2001-08-17,NA
"7051050","CAP-DESPOIR","05-21","DMC",1994,2026,5.5,4.94974746830583,9,1999-05-21,NA,41.7,2001-08-17,NA
"7051050","CAP-DESPOIR","05-22","DMC",1994,2026,5.2,5.51543289325507,9.1,1999-05-22,NA,41.7,2001-08-17,NA
"7051050","CAP-DESPOIR","05-23","DMC",1994,2026,5.6,5.37401153701776,9.4,1999-05-23,NA,41.7,2001-08-17,NA
"7051050","CAP-DESPOIR","05-24","DMC",1994,2026,6.1,4.80832611206852,9.5,1999-05-24,NA,41.7,2001-08-17,NA
"7051050","CAP-DESPOIR","05-25","DMC",1994,2026,3.65,0.777817459305202,4.2,1999-05-25,NA,41.7,2001-08-17,NA
"7051050","CAP-DESPOIR","05-26","DMC",1994,2026,3.05,0.636396103067893,3.5,2007-05-26,NA,41.7,2001-08-17,NA
"7051050","CAP-DESPOIR","05-27","DMC",1994,2026,3.45,0.777817459305202,4,2007-05-27,NA,41.7,2001-08-17,NA
"7051050","CAP-DESPOIR","05-28","DMC",1994,2026,3.1,0.14142135623731,6,2025-05-28,NA,41.7,2001-08-17,NA
"7051050","CAP-DESPOIR","05-29","DMC",1994,2026,3.8,2.2,8.5,2025-05-29,NA,41.7,2001-08-17,NA
"7051050","CAP-DESPOIR","05-30","DMC",1994,2026,4.16666666666667,3.03534731675526,9.1,2025-05-30,NA,41.7,2001-08-17,NA
"7051050","CAP-DESPOIR","05-31","DMC",1994,2026,4.55,2.25905584998099,6.9,2025-05-31,NA,41.7,2001-08-17,NA
"7051050","CAP-DESPOIR","06-01","DMC",1994,2026,4.51666666666667,2.14235073381243,7,2002-06-01,NA,41.7,2001-08-17,NA
"7051050","CAP-DESPOIR","06-02","DMC",1994,2026,4.76666666666667,2.9316661929126,7.7,1997-06-02,NA,41.7,2001-08-17,NA
"7051050","CAP-DESPOIR","06-03","DMC",1994,2026,8.15714285714286,9.27898290813836,27.6,1996-06-03,NA,41.7,2001-08-17,NA
"7051050","CAP-DESPOIR","06-04","DMC",1994,2026,7.22857142857143,5.74418961087761,17.4,1996-06-04,NA,41.7,2001-08-17,NA
"7051050","CAP-DESPOIR","06-05","DMC",1994,2026,7.25714285714286,6.14975802853444,18,1996-06-05,NA,41.7,2001-08-17,NA
"7051050","CAP-DESPOIR","06-06","DMC",1994,2026,6.91428571428571,6.74745101783594,20,1996-06-06,NA,41.7,2001-08-17,NA
"7051050","CAP-DESPOIR","06-07","DMC",1994,2026,6.67142857142857,5.72296959212444,16.8,1996-06-07,NA,41.7,2001-08-17,NA
"7051050","CAP-DESPOIR","06-08","DMC",1994,2026,7.58571428571429,6.11158151147709,19.1,1996-06-08,NA,41.7,2001-08-17,NA
"7051050","CAP-DESPOIR","06-09","DMC",1994,2026,7.21428571428571,6.90348428245442,21.4,1996-06-09,NA,41.7,2001-08-17,NA
"7051050","CAP-DESPOIR","06-10","DMC",1994,2026,7.62857142857143,8.55233190143957,25.1,1996-06-10,NA,41.7,2001-08-17,NA
"7051050","CAP-DESPOIR","06-11","DMC",1994,2026,8.07142857142857,9.51222271356075,28,1996-06-11,6.7,41.7,2001-08-17,NA
"7051050","CAP-DESPOIR","06-12","DMC",1994,2026,9.05555555555556,8.95238950100909,29.5,1996-06-12,7.2,41.7,2001-08-17,NA
"7051050","CAP-DESPOIR","06-13","DMC",1994,2026,9.33333333333334,9.28331837222014,31.7,1996-06-13,3,41.7,2001-08-17,NA
"7051050","CAP-DESPOIR","06-14","DMC",1994,2026,7.55454545454545,4.1531587102743,15.6,1996-06-14,1.2,41.7,2001-08-17,NA
"7051050","CAP-DESPOIR","06-15","DMC",1994,2026,8.175,4.43665004664146,17.8,1996-06-15,0.2,41.7,2001-08-17,NA
"7051050","CAP-DESPOIR","06-16","DMC",1994,2026,9.06666666666667,5.08175584067578,19.8,1996-06-16,0.2,41.7,2001-08-17,NA
"7051050","CAP-DESPOIR","06-17","DMC",1994,2026,9.49285714285714,5.42351919325086,20.6,1996-06-17,0.3,41.7,2001-08-17,NA
"7051050","CAP-DESPOIR","06-18","DMC",1994,2026,9.48571428571428,6.87860195353422,22.2,1996-06-18,0.7,41.7,2001-08-17,NA
"7051050","CAP-DESPOIR","06-19","DMC",1994,2026,9.5,7.09527005425848,23.9,1996-06-19,0,41.7,2001-08-17,NA
"7051050","CAP-DESPOIR","06-20","DMC",1994,2026,9.74117647058824,7.479727503687,25.6,1996-06-20,0.5,41.7,2001-08-17,NA
"7051050","CAP-DESPOIR","06-21","DMC",1994,2026,9.31052631578947,8.12594573893075,27.5,1996-06-21,0.6,41.7,2001-08-17,NA
"7051050","CAP-DESPOIR","06-22","DMC",1994,2026,9.435,8.42928947495763,29.4,1996-06-22,0.9,41.7,2001-08-17,NA
"7051050","CAP-DESPOIR","06-23","DMC",1994,2026,9.42380952380953,7.76105049345156,31.5,1996-06-23,1.2,41.7,2001-08-17,NA
"7051050","CAP-DESPOIR","06-24","DMC",1994,2026,8.99523809523809,8.42398220501897,33.1,1996-06-24,0.9,41.7,2001-08-17,NA
"7051050","CAP-DESPOIR","06-25","DMC",1994,2026,7.74285714285714,5.80556383382109,22.1,1999-06-25,0.4,41.7,2001-08-17,NA
"7051050","CAP-DESPOIR","06-26","DMC",1994,2026,7.99090909090909,5.48356063424462,22.8,1999-06-26,0.5,41.7,2001-08-17,NA
"7051050","CAP-DESPOIR","06-27","DMC",1994,2026,8.31363636363636,5.84329452527347,24.4,1999-06-27,0.7,41.7,2001-08-17,NA
"7051050","CAP-DESPOIR","06-28","DMC",1994,2026,8.44545454545455,6.09048651373812,22.1,1999-06-28,0.9,41.7,2001-08-17,NA
"7051050","CAP-DESPOIR","06-29","DMC",1994,2026,7.76818181818182,5.29261717270355,18.4,2000-06-29,1.3,41.7,2001-08-17,NA
"7051050","CAP-DESPOIR","06-30","DMC",1994,2026,7.17272727272727,4.64903285571381,16.3,1995-06-30,2.1,41.7,2001-08-17,NA
"7051050","CAP-DESPOIR","07-01","DMC",1994,2026,6.36956521739131,4.2637408652506,15,2014-07-01,1.5,41.7,2001-08-17,NA
"7051050","CAP-DESPOIR","07-02","DMC",1994,2026,5.84347826086956,4.17523282823371,15.7,2014-07-02,0.3,41.7,2001-08-17,NA
"7051050","CAP-DESPOIR","07-03","DMC",1994,2026,6.07391304347826,3.9335638931109,16,2014-07-03,0.4,41.7,2001-08-17,NA
"7051050","CAP-DESPOIR","07-04","DMC",1994,2026,5.62608695652174,3.36644098436105,13.7,2013-07-04,1,41.7,2001-08-17,NA
"7051050","CAP-DESPOIR","07-05","DMC",1994,2026,5.2695652173913,4.03579830816528,17.7,2013-07-05,0.5,41.7,2001-08-17,NA
"7051050","CAP-DESPOIR","07-06","DMC",1994,2026,4.68695652173913,4.88683801355754,21.3,2013-07-06,1.7,41.7,2001-08-17,NA
"7051050","CAP-DESPOIR","07-07","DMC",1994,2026,5.00869565217391,5.35544863102296,22.5,2013-07-07,2.4,41.7,2001-08-17,NA
"7051050","CAP-DESPOIR","07-08","DMC",1994,2026,5.20434782608696,5.75858870501426,23.6,2013-07-08,3.8,41.7,2001-08-17,NA
"7051050","CAP-DESPOIR","07-09","DMC",1994,2026,5.33913043478261,5.59226244104174,24.5,2013-07-09,4.4,41.7,2001-08-17,NA
"7051050","CAP-DESPOIR","07-10","DMC",1994,2026,5.56521739130435,5.83170088206396,24.9,2013-07-10,5.4,41.7,2001-08-17,NA
"7051050","CAP-DESPOIR","07-11","DMC",1994,2026,5.74347826086956,6.15783507462843,25.1,2013-07-11,6.1,41.7,2001-08-17,NA
"7051050","CAP-DESPOIR","07-12","DMC",1994,2026,6.42608695652174,6.78984652332265,26.6,2013-07-12,6.7,41.7,2001-08-17,NA
"7051050","CAP-DESPOIR","07-13","DMC",1994,2026,6.87826086956522,7.08551380838777,27.6,2013-07-13,7.9,41.7,2001-08-17,NA
"7051050","CAP-DESPOIR","07-14","DMC",1994,2026,7.19130434782609,7.6081244280212,29.7,2013-07-14,8.4,41.7,2001-08-17,NA
"7051050","CAP-DESPOIR","07-15","DMC",1994,2026,7.81304347826087,8.13115804945989,30.9,2013-07-15,6.7,41.7,2001-08-17,NA
"7051050","CAP-DESPOIR","07-16","DMC",1994,2026,7.63478260869565,8.11113761193113,32.3,2013-07-16,8.4,41.7,2001-08-17,NA
"7051050","CAP-DESPOIR","07-17","DMC",1994,2026,7.725,8.01830785574894,32.8,2013-07-17,9.1,41.7,2001-08-17,NA
"7051050","CAP-DESPOIR","07-18","DMC",1994,2026,7.7375,8.45107724031316,36.9,2013-07-18,10.6,41.7,2001-08-17,NA
"7051050","CAP-DESPOIR","07-19","DMC",1994,2026,7.49583333333333,8.91864091647945,37.6,2013-07-19,5.2,41.7,2001-08-17,NA
"7051050","CAP-DESPOIR","07-20","DMC",1994,2026,6.91666666666667,6.83950587248159,22.7,1995-07-20,5.4,41.7,2001-08-17,NA
"7051050","CAP-DESPOIR","07-21","DMC",1994,2026,7.11666666666667,6.7035789705569,23.4,2018-07-21,5.9,41.7,2001-08-17,NA
"7051050","CAP-DESPOIR","07-22","DMC",1994,2026,7.55833333333333,7.23240994573651,24,2018-07-22,2.8,41.7,2001-08-17,NA
"7051050","CAP-DESPOIR","07-23","DMC",1994,2026,6.675,6.11215823264332,22.1,2013-07-23,2.3,41.7,2001-08-17,NA
"7051050","CAP-DESPOIR","07-24","DMC",1994,2026,6.04583333333333,5.47746205643728,20.5,2014-07-24,3.3,41.7,2001-08-17,NA
"7051050","CAP-DESPOIR","07-25","DMC",1994,2026,6.6125,5.93591225910779,22.3,2014-07-25,4,41.7,2001-08-17,NA
"7051050","CAP-DESPOIR","07-26","DMC",1994,2026,6.64166666666667,5.99412151642117,23.2,2014-07-26,5.3,41.7,2001-08-17,NA
"7051050","CAP-DESPOIR","07-27","DMC",1994,2026,6.4375,5.96437339542051,23.4,2014-07-27,8.3,41.7,2001-08-17,NA
"7051050","CAP-DESPOIR","07-28","DMC",1994,2026,6.12083333333333,5.15734842274818,18.3,2017-07-28,6.2,41.7,2001-08-17,NA
"7051050","CAP-DESPOIR","07-29","DMC",1994,2026,5.67083333333333,5.16951592777663,19.5,2017-07-29,6.6,41.7,2001-08-17,NA
"7051050","CAP-DESPOIR","07-30","DMC",1994,2026,6.1625,5.68130515470429,22.2,2017-07-30,6.8,41.7,2001-08-17,NA
"7051050","CAP-DESPOIR","07-31","DMC",1994,2026,6.74166666666667,6.24471370643701,23.4,2017-07-31,3.2,41.7,2001-08-17,NA
"7051050","CAP-DESPOIR","08-01","DMC",1994,2026,7.42916666666667,6.62219451125739,24.5,2017-08-01,3.8,41.7,2001-08-17,NA
"7051050","CAP-DESPOIR","08-02","DMC",1994,2026,7.87083333333333,6.40234190621354,25.2,2017-08-02,4.3,41.7,2001-08-17,NA
"7051050","CAP-DESPOIR","08-03","DMC",1994,2026,8.30833333333334,7.05783047504633,27.5,2017-08-03,4.5,41.7,2001-08-17,NA
"7051050","CAP-DESPOIR","08-04","DMC",1994,2026,8.275,6.78183314964068,28,2017-08-04,2.4,41.7,2001-08-17,NA
"7051050","CAP-DESPOIR","08-05","DMC",1994,2026,8.48333333333333,7.30292774325396,28.4,2017-08-05,3.8,41.7,2001-08-17,NA
"7051050","CAP-DESPOIR","08-06","DMC",1994,2026,8.06666666666667,6.18776258409301,27.3,2001-08-06,4.6,41.7,2001-08-17,NA
"7051050","CAP-DESPOIR","08-07","DMC",1994,2026,8.15416666666667,6.76306974079379,28.4,2001-08-07,5.2,41.7,2001-08-17,NA
"7051050","CAP-DESPOIR","08-08","DMC",1994,2026,8.3875,7.54276575384595,32.6,2001-08-08,NA,41.7,2001-08-17,NA
"7051050","CAP-DESPOIR","08-09","DMC",1994,2026,8.55833333333333,8.03259212408324,33.5,2001-08-09,NA,41.7,2001-08-17,NA
"7051050","CAP-DESPOIR","08-10","DMC",1994,2026,8.85416666666667,8.33968924281155,34.9,2001-08-10,NA,41.7,2001-08-17,NA
"7051050","CAP-DESPOIR","08-11","DMC",1994,2026,8.6125,8.43982858367035,36.3,2001-08-11,NA,41.7,2001-08-17,NA
"7051050","CAP-DESPOIR","08-12","DMC",1994,2026,8.33333333333333,8.19467837216253,36.8,2001-08-12,NA,41.7,2001-08-17,NA
"7051050","CAP-DESPOIR","08-13","DMC",1994,2026,8.85,8.49843975450021,37.3,2001-08-13,NA,41.7,2001-08-17,NA
"7051050","CAP-DESPOIR","08-14","DMC",1994,2026,8.79166666666667,8.76325910520324,38.2,2001-08-14,NA,41.7,2001-08-17,NA
"7051050","CAP-DESPOIR","08-15","DMC",1994,2026,9.09166666666667,8.83987589263002,39.6,2001-08-15,NA,41.7,2001-08-17,NA
"7051050","CAP-DESPOIR","08-16","DMC",1994,2026,8.85,9.31175040753208,41.2,2001-08-16,NA,41.7,2001-08-17,NA
"7051050","CAP-DESPOIR","08-17","DMC",1994,2026,9.45416666666666,9.48142252978981,41.7,2001-08-17,NA,41.7,2001-08-17,NA
"7051050","CAP-DESPOIR","08-18","DMC",1994,2026,9.875,9.1874323422531,38.2,2001-08-18,NA,41.7,2001-08-17,NA
"7051050","CAP-DESPOIR","08-19","DMC",1994,2026,9.75,9.34349343475006,38.4,2001-08-19,NA,41.7,2001-08-17,NA
"7051050","CAP-DESPOIR","08-20","DMC",1994,2026,10.4666666666667,9.43207601596883,39.3,2001-08-20,NA,41.7,2001-08-17,NA
"7051050","CAP-DESPOIR","08-21","DMC",1994,2026,9.77083333333333,8.61664108705872,39.5,2001-08-21,NA,41.7,2001-08-17,NA
"7051050","CAP-DESPOIR","08-22","DMC",1994,2026,8.87916666666667,6.25869684773788,30.2,2001-08-22,NA,41.7,2001-08-17,NA
"7051050","CAP-DESPOIR","08-23","DMC",1994,2026,8.4,5.95614406927108,29,2001-08-23,NA,41.7,2001-08-17,NA
"7051050","CAP-DESPOIR","08-24","DMC",1994,2026,8.06666666666667,4.45691125904639,19.4,2010-08-24,NA,41.7,2001-08-17,NA
"7051050","CAP-DESPOIR","08-25","DMC",1994,2026,8.60416666666667,4.38113338191671,20.2,2010-08-25,NA,41.7,2001-08-17,NA
"7051050","CAP-DESPOIR","08-26","DMC",1994,2026,8.4,4.0176783259035,17.2,1994-08-26,NA,41.7,2001-08-17,NA
"7051050","CAP-DESPOIR","08-27","DMC",1994,2026,8.1125,3.8454165263167,18,1994-08-27,NA,41.7,2001-08-17,NA
"7051050","CAP-DESPOIR","08-28","DMC",1994,2026,8.05416666666667,3.5786783043181,15.4,1996-08-28,NA,41.7,2001-08-17,NA
"7051050","CAP-DESPOIR","08-29","DMC",1994,2026,8.12083333333333,4.09410808534567,15.8,1996-08-29,NA,41.7,2001-08-17,NA
"7051050","CAP-DESPOIR","08-30","DMC",1994,2026,7.61666666666667,4.69094100754123,17.9,1996-08-30,NA,41.7,2001-08-17,NA
"7051050","CAP-DESPOIR","08-31","DMC",1994,2026,7.43333333333333,5.00466449091911,18.3,1996-08-31,NA,41.7,2001-08-17,NA
"7051050","CAP-DESPOIR","09-01","DMC",1994,2026,7.1125,5.44636396458983,18.9,1996-09-01,NA,41.7,2001-08-17,NA
"7051050","CAP-DESPOIR","09-02","DMC",1994,2026,7.8875,5.98928844579692,20.2,2002-09-02,NA,41.7,2001-08-17,NA
"7051050","CAP-DESPOIR","09-03","DMC",1994,2026,8.32083333333333,6.32599737224283,21,2002-09-03,NA,41.7,2001-08-17,NA
"7051050","CAP-DESPOIR","09-04","DMC",1994,2026,7.9375,6.10273014456573,21.7,1996-09-04,NA,41.7,2001-08-17,NA
"7051050","CAP-DESPOIR","09-05","DMC",1994,2026,7.08333333333333,5.698792142556,22.1,1996-09-05,NA,41.7,2001-08-17,NA
"7051050","CAP-DESPOIR","09-06","DMC",1994,2026,7.088,5.8359746401094,25,1996-09-06,NA,41.7,2001-08-17,NA
"7051050","CAP-DESPOIR","09-07","DMC",1994,2026,6.964,5.9077547906685,25.9,1996-09-07,NA,41.7,2001-08-17,NA
"7051050","CAP-DESPOIR","09-08","DMC",1994,2026,7.004,6.25269808429396,26.4,1996-09-08,NA,41.7,2001-08-17,NA
"7051050","CAP-DESPOIR","09-09","DMC",1994,2026,6.604,6.28241461011078,22.9,1996-09-09,NA,41.7,2001-08-17,NA
"7051050","CAP-DESPOIR","09-10","DMC",1994,2026,5.86,5.7373048260195,22.4,2018-09-10,NA,41.7,2001-08-17,NA
"7051050","CAP-DESPOIR","09-11","DMC",1994,2026,5.616,6.12553943202828,22.7,2018-09-11,NA,41.7,2001-08-17,NA
"7051050","CAP-DESPOIR","09-12","DMC",1994,2026,5.408,5.18852258997363,22.7,2000-09-12,NA,41.7,2001-08-17,NA
"7051050","CAP-DESPOIR","09-13","DMC",1994,2026,5.304,4.05673103208318,14.9,1996-09-13,NA,41.7,2001-08-17,NA
"7051050","CAP-DESPOIR","09-14","DMC",1994,2026,5.572,4.25651657266048,15.5,1996-09-14,NA,41.7,2001-08-17,NA
"7051050","CAP-DESPOIR","09-15","DMC",1994,2026,5.44,4.58693797647189,16.7,1996-09-15,NA,41.7,2001-08-17,NA
"7051050","CAP-DESPOIR","09-16","DMC",1994,2026,5.712,4.70693814136819,17.1,1996-09-16,NA,41.7,2001-08-17,NA
"7051050","CAP-DESPOIR","09-17","DMC",1994,2026,6.024,4.79081412705607,17.2,1996-09-17,NA,41.7,2001-08-17,NA
"7051050","CAP-DESPOIR","09-18","DMC",1994,2026,5.544,4.70939486558517,18.3,1996-09-18,NA,41.7,2001-08-17,NA
"7051050","CAP-DESPOIR","09-19","DMC",1994,2026,5.452,4.77049263703446,19.1,1996-09-19,NA,41.7,2001-08-17,NA
"7051050","CAP-DESPOIR","09-20","DMC",1994,2026,5.636,4.86200233100177,19.6,1996-09-20,NA,41.7,2001-08-17,NA
"7051050","CAP-DESPOIR","09-21","DMC",1994,2026,5.712,4.85903968564434,20.8,1996-09-21,NA,41.7,2001-08-17,NA
"7051050","CAP-DESPOIR","09-22","DMC",1994,2026,5.4,4.56745735247377,21.9,1996-09-22,NA,41.7,2001-08-17,NA
"7051050","CAP-DESPOIR","09-23","DMC",1994,2026,5.176,4.6807478035032,22.2,1996-09-23,NA,41.7,2001-08-17,NA
"7051050","CAP-DESPOIR","09-24","DMC",1994,2026,5.504,4.83472508697927,23.6,1996-09-24,NA,41.7,2001-08-17,NA
"7051050","CAP-DESPOIR","09-25","DMC",1994,2026,5.824,5.08898156150456,24.6,1996-09-25,NA,41.7,2001-08-17,NA
"7051050","CAP-DESPOIR","09-26","DMC",1994,2026,5.876,5.31783790651802,25.2,1996-09-26,NA,41.7,2001-08-17,NA
"7051050","CAP-DESPOIR","09-27","DMC",1994,2026,5.796,5.62409103767,25.8,1996-09-27,NA,41.7,2001-08-17,NA
"7051050","CAP-DESPOIR","09-28","DMC",1994,2026,5.288,5.3084304020429,26,1996-09-28,NA,41.7,2001-08-17,NA
"7051050","CAP-DESPOIR","09-29","DMC",1994,2026,4.824,5.32903055598921,26.3,1996-09-29,NA,41.7,2001-08-17,NA
"7051050","CAP-DESPOIR","09-30","DMC",1994,2026,4.38,5.40208293161073,27.4,1996-09-30,NA,41.7,2001-08-17,NA
"7051050","CAP-DESPOIR","10-01","DMC",1994,2026,4.232,5.5876888484119,28,1996-10-01,NA,41.7,2001-08-17,NA
"7051050","CAP-DESPOIR","10-02","DMC",1994,2026,4.388,5.64116713692004,28.3,1996-10-02,NA,41.7,2001-08-17,NA
"7051050","CAP-DESPOIR","10-03","DMC",1994,2026,4.528,5.70705119420996,28.5,1996-10-03,NA,41.7,2001-08-17,NA
"7051050","CAP-DESPOIR","10-04","DMC",1994,2026,4.828,5.86398044562451,29.3,1996-10-04,NA,41.7,2001-08-17,NA
"7051050","CAP-DESPOIR","10-05","DMC",1994,2026,4.988,6.04099329580823,29.9,1996-10-05,NA,41.7,2001-08-17,NA
"7051050","CAP-DESPOIR","10-06","DMC",1994,2026,4.948,5.9811593079157,30.5,1996-10-06,NA,41.7,2001-08-17,NA
"7051050","CAP-DESPOIR","10-07","DMC",1994,2026,4.888,6.0689318115574,30.8,1996-10-07,NA,41.7,2001-08-17,NA
"7051050","CAP-DESPOIR","10-08","DMC",1994,2026,4.688,6.13136200203511,30.9,1996-10-08,NA,41.7,2001-08-17,NA
"7051050","CAP-DESPOIR","10-09","DMC",1994,2026,3.96,3.3436506994601,14.1,2016-10-09,NA,41.7,2001-08-17,NA
"7051050","CAP-DESPOIR","10-10","DMC",1994,2026,3.732,2.92670463149256,14.4,2016-10-10,NA,41.7,2001-08-17,NA
"7051050","CAP-DESPOIR","10-11","DMC",1994,2026,3.792,3.16924281177697,14.9,2016-10-11,NA,41.7,2001-08-17,NA
"7051050","CAP-DESPOIR","10-12","DMC",1994,2026,3.836,3.37155750358792,15.4,2016-10-12,NA,41.7,2001-08-17,NA
"7051050","CAP-DESPOIR","10-13","DMC",1994,2026,3.784,3.59949996527295,15.6,2016-10-13,NA,41.7,2001-08-17,NA
"7051050","CAP-DESPOIR","10-14","DMC",1994,2026,3.324,3.41348795222716,14.3,2016-10-14,NA,41.7,2001-08-17,NA
"7051050","CAP-DESPOIR","10-15","DMC",1994,2026,3.372,3.67293252501776,15,2016-10-15,NA,41.7,2001-08-17,NA
"7051050","CAP-DESPOIR","10-16","DMC",1994,2026,2.968,3.70368285179315,15.7,2016-10-16,NA,41.7,2001-08-17,NA
"7051050","CAP-DESPOIR","10-17","DMC",1994,2026,2.656,3.38674868667084,14.6,2016-10-17,NA,41.7,2001-08-17,NA
"7051050","CAP-DESPOIR","10-18","DMC",1994,2026,2.796,3.15587811340468,12.8,2016-10-18,NA,41.7,2001-08-17,NA
"7051050","CAP-DESPOIR","10-19","DMC",1994,2026,2.772,2.58304084365695,9.3,1997-10-19,NA,41.7,2001-08-17,NA
"7051050","CAP-DESPOIR","10-20","DMC",1994,2026,2.836,2.7816182340501,9.5,1997-10-20,NA,41.7,2001-08-17,NA
"7051050","CAP-DESPOIR","10-21","DMC",1994,2026,2.748,2.42128065287773,9.8,1997-10-21,NA,41.7,2001-08-17,NA
"7051050","CAP-DESPOIR","10-22","DMC",1994,2026,2.4,2.40034719710851,10.1,1997-10-22,NA,41.7,2001-08-17,NA
"7051050","CAP-DESPOIR","10-23","DMC",1994,2026,2.12,2.53640165063291,10.5,1997-10-23,NA,41.7,2001-08-17,NA
"7051050","CAP-DESPOIR","10-24","DMC",1994,2026,2.096,2.60823695242591,10.9,1997-10-24,NA,41.7,2001-08-17,NA
"7051050","CAP-DESPOIR","10-25","DMC",1994,2026,2.132,2.5985123949419,11.3,1997-10-25,NA,41.7,2001-08-17,NA
"7051050","CAP-DESPOIR","10-26","DMC",1994,2026,2.2,2.77638854149295,11.9,1997-10-26,NA,41.7,2001-08-17,NA
"7051050","CAP-DESPOIR","10-27","DMC",1994,2026,1.864,1.91068922992028,6.8,2024-10-27,NA,41.7,2001-08-17,NA
"7051050","CAP-DESPOIR","10-28","DMC",1994,2026,1.464,1.53836493286433,7.1,2024-10-28,NA,41.7,2001-08-17,NA
"7051050","CAP-DESPOIR","10-29","DMC",1994,2026,1.256,1.67184528789798,7.6,2024-10-29,NA,41.7,2001-08-17,NA
"7051050","CAP-DESPOIR","10-30","DMC",1994,2026,1.496,1.74701650440592,7.7,2024-10-30,NA,41.7,2001-08-17,NA
"7051050","CAP-DESPOIR","10-31","DMC",1994,2026,1.48,1.38503910895445,7.4,2024-10-31,NA,41.7,2001-08-17,NA
"7051050","CAP-DESPOIR","04-01","FFMC",1994,2026,NA,NA,NA,NA,NA,92.3,2007-05-09,NA
"7051050","CAP-DESPOIR","04-02","FFMC",1994,2026,NA,NA,NA,NA,NA,92.3,2007-05-09,NA
"7051050","CAP-DESPOIR","04-03","FFMC",1994,2026,NA,NA,NA,NA,NA,92.3,2007-05-09,NA
"7051050","CAP-DESPOIR","04-04","FFMC",1994,2026,NA,NA,NA,NA,NA,92.3,2007-05-09,NA
"7051050","CAP-DESPOIR","04-05","FFMC",1994,2026,NA,NA,NA,NA,NA,92.3,2007-05-09,NA
"7051050","CAP-DESPOIR","04-06","FFMC",1994,2026,NA,NA,NA,NA,NA,92.3,2007-05-09,NA
"7051050","CAP-DESPOIR","04-07","FFMC",1994,2026,NA,NA,NA,NA,NA,92.3,2007-05-09,NA
"7051050","CAP-DESPOIR","04-08","FFMC",1994,2026,NA,NA,NA,NA,NA,92.3,2007-05-09,NA
"7051050","CAP-DESPOIR","04-09","FFMC",1994,2026,NA,NA,NA,NA,NA,92.3,2007-05-09,NA
"7051050","CAP-DESPOIR","04-10","FFMC",1994,2026,NA,NA,NA,NA,NA,92.3,2007-05-09,NA
"7051050","CAP-DESPOIR","04-11","FFMC",1994,2026,NA,NA,NA,NA,NA,92.3,2007-05-09,NA
"7051050","CAP-DESPOIR","04-12","FFMC",1994,2026,NA,NA,NA,NA,NA,92.3,2007-05-09,NA
"7051050","CAP-DESPOIR","04-13","FFMC",1994,2026,NA,NA,NA,NA,NA,92.3,2007-05-09,NA
"7051050","CAP-DESPOIR","04-14","FFMC",1994,2026,NA,NA,NA,NA,NA,92.3,2007-05-09,NA
"7051050","CAP-DESPOIR","04-15","FFMC",1994,2026,NA,NA,NA,NA,NA,92.3,2007-05-09,NA
"7051050","CAP-DESPOIR","04-16","FFMC",1994,2026,NA,NA,NA,NA,NA,92.3,2007-05-09,NA
"7051050","CAP-DESPOIR","04-17","FFMC",1994,2026,NA,NA,NA,NA,NA,92.3,2007-05-09,NA
"7051050","CAP-DESPOIR","04-18","FFMC",1994,2026,NA,NA,NA,NA,NA,92.3,2007-05-09,NA
"7051050","CAP-DESPOIR","04-19","FFMC",1994,2026,NA,NA,NA,NA,NA,92.3,2007-05-09,NA
"7051050","CAP-DESPOIR","04-20","FFMC",1994,2026,NA,NA,NA,NA,NA,92.3,2007-05-09,NA
"7051050","CAP-DESPOIR","04-21","FFMC",1994,2026,NA,NA,NA,NA,NA,92.3,2007-05-09,NA
"7051050","CAP-DESPOIR","04-22","FFMC",1994,2026,NA,NA,NA,NA,NA,92.3,2007-05-09,NA
"7051050","CAP-DESPOIR","04-23","FFMC",1994,2026,NA,NA,NA,NA,NA,92.3,2007-05-09,NA
"7051050","CAP-DESPOIR","04-24","FFMC",1994,2026,NA,NA,NA,NA,NA,92.3,2007-05-09,NA
"7051050","CAP-DESPOIR","04-25","FFMC",1994,2026,NA,NA,NA,NA,NA,92.3,2007-05-09,NA
"7051050","CAP-DESPOIR","04-26","FFMC",1994,2026,NA,NA,NA,NA,NA,92.3,2007-05-09,NA
"7051050","CAP-DESPOIR","04-27","FFMC",1994,2026,NA,NA,NA,NA,NA,92.3,2007-05-09,NA
"7051050","CAP-DESPOIR","04-28","FFMC",1994,2026,NA,NA,NA,NA,NA,92.3,2007-05-09,NA
"7051050","CAP-DESPOIR","04-29","FFMC",1994,2026,NA,NA,NA,NA,NA,92.3,2007-05-09,NA
"7051050","CAP-DESPOIR","04-30","FFMC",1994,2026,NA,NA,NA,NA,NA,92.3,2007-05-09,NA
"7051050","CAP-DESPOIR","05-01","FFMC",1994,2026,NA,NA,NA,NA,NA,92.3,2007-05-09,NA
"7051050","CAP-DESPOIR","05-02","FFMC",1994,2026,NA,NA,NA,NA,NA,92.3,2007-05-09,NA
"7051050","CAP-DESPOIR","05-03","FFMC",1994,2026,NA,NA,NA,NA,NA,92.3,2007-05-09,NA
"7051050","CAP-DESPOIR","05-04","FFMC",1994,2026,NA,NA,NA,NA,NA,92.3,2007-05-09,NA
"7051050","CAP-DESPOIR","05-05","FFMC",1994,2026,85,NA,85,1999-05-05,NA,92.3,2007-05-09,NA
"7051050","CAP-DESPOIR","05-06","FFMC",1994,2026,85.8,NA,85.8,1999-05-06,NA,92.3,2007-05-09,NA
"7051050","CAP-DESPOIR","05-07","FFMC",1994,2026,85.8,NA,85.8,1999-05-07,NA,92.3,2007-05-09,NA
"7051050","CAP-DESPOIR","05-08","FFMC",1994,2026,84.6,0.565685424949236,85,2007-05-08,NA,92.3,2007-05-09,NA
"7051050","CAP-DESPOIR","05-09","FFMC",1994,2026,87.05,7.42462120245875,92.3,2007-05-09,NA,92.3,2007-05-09,NA
"7051050","CAP-DESPOIR","05-10","FFMC",1994,2026,72.25,17.4655374953077,84.6,2007-05-10,NA,92.3,2007-05-09,NA
"7051050","CAP-DESPOIR","05-11","FFMC",1994,2026,78.45,2.75771644662754,80.4,2007-05-11,NA,92.3,2007-05-09,NA
"7051050","CAP-DESPOIR","05-12","FFMC",1994,2026,72.65,4.59619407771256,75.9,1999-05-12,NA,92.3,2007-05-09,NA
"7051050","CAP-DESPOIR","05-13","FFMC",1994,2026,72.3,1.97989898732233,73.7,2007-05-13,NA,92.3,2007-05-09,NA
"7051050","CAP-DESPOIR","05-14","FFMC",1994,2026,81.35,1.48492424049176,82.4,1999-05-14,NA,92.3,2007-05-09,NA
"7051050","CAP-DESPOIR","05-15","FFMC",1994,2026,71.45,16.8998520703585,83.4,1999-05-15,NA,92.3,2007-05-09,NA
"7051050","CAP-DESPOIR","05-16","FFMC",1994,2026,72.25,15.9099025766973,83.5,1999-05-16,NA,92.3,2007-05-09,NA
"7051050","CAP-DESPOIR","05-17","FFMC",1994,2026,78.2,9.05096679918781,84.6,1999-05-17,NA,92.3,2007-05-09,NA
"7051050","CAP-DESPOIR","05-18","FFMC",1994,2026,80.25,6.15182899632295,84.6,1999-05-18,NA,92.3,2007-05-09,NA
"7051050","CAP-DESPOIR","05-19","FFMC",1994,2026,57.05,37.2645273685311,83.4,1999-05-19,NA,92.3,2007-05-09,NA
"7051050","CAP-DESPOIR","05-20","FFMC",1994,2026,25.6,3.53553390593274,28.1,2007-05-20,NA,92.3,2007-05-09,NA
"7051050","CAP-DESPOIR","05-21","FFMC",1994,2026,33.3,20.2232539419353,47.6,1999-05-21,NA,92.3,2007-05-09,NA
"7051050","CAP-DESPOIR","05-22","FFMC",1994,2026,46.4,11.5965512114594,54.6,1999-05-22,NA,92.3,2007-05-09,NA
"7051050","CAP-DESPOIR","05-23","FFMC",1994,2026,59.5,4.24264068711928,62.5,1999-05-23,NA,92.3,2007-05-09,NA
"7051050","CAP-DESPOIR","05-24","FFMC",1994,2026,68.8,4.94974746830583,72.3,2007-05-24,NA,92.3,2007-05-09,NA
"7051050","CAP-DESPOIR","05-25","FFMC",1994,2026,45.25,41.6485894118876,74.7,2007-05-25,NA,92.3,2007-05-09,NA
"7051050","CAP-DESPOIR","05-26","FFMC",1994,2026,45.15,43.7699097554473,76.1,2007-05-26,NA,92.3,2007-05-09,NA
"7051050","CAP-DESPOIR","05-27","FFMC",1994,2026,53.9,35.0724963468528,78.7,2007-05-27,NA,92.3,2007-05-09,NA
"7051050","CAP-DESPOIR","05-28","FFMC",1994,2026,54.5,7.63675323681471,85,2025-05-28,NA,92.3,2007-05-09,NA
"7051050","CAP-DESPOIR","05-29","FFMC",1994,2026,65.2,19.0504593120481,87.5,2025-05-29,NA,92.3,2007-05-09,NA
"7051050","CAP-DESPOIR","05-30","FFMC",1994,2026,65.3666666666667,20.7442361472611,83.2,2025-05-30,NA,92.3,2007-05-09,NA
"7051050","CAP-DESPOIR","05-31","FFMC",1994,2026,71.525,12.8932475867538,85,2002-05-31,NA,92.3,2007-05-09,NA
"7051050","CAP-DESPOIR","06-01","FFMC",1994,2026,68.2333333333333,21.9173599383381,85,1997-06-01,NA,92.3,2007-05-09,NA
"7051050","CAP-DESPOIR","06-02","FFMC",1994,2026,61.9833333333333,30.2339158341533,86.3,1997-06-02,NA,92.3,2007-05-09,NA
"7051050","CAP-DESPOIR","06-03","FFMC",1994,2026,61.3857142857143,34.7703623109984,85,1996-06-03,NA,92.3,2007-05-09,NA
"7051050","CAP-DESPOIR","06-04","FFMC",1994,2026,60.0428571428572,29.7296068559529,81.5,2002-06-04,NA,92.3,2007-05-09,NA
"7051050","CAP-DESPOIR","06-05","FFMC",1994,2026,57.4857142857143,26.4524371007934,81.4,2006-06-05,NA,92.3,2007-05-09,NA
"7051050","CAP-DESPOIR","06-06","FFMC",1994,2026,48.0571428571429,30.4744076859506,78.4,1996-06-06,NA,92.3,2007-05-09,NA
"7051050","CAP-DESPOIR","06-07","FFMC",1994,2026,54.4857142857143,23.4178299999116,76,1997-06-07,NA,92.3,2007-05-09,NA
"7051050","CAP-DESPOIR","06-08","FFMC",1994,2026,67.8857142857143,16.0847162001104,90.2,2021-06-08,NA,92.3,2007-05-09,NA
"7051050","CAP-DESPOIR","06-09","FFMC",1994,2026,60.2142857142857,29.1623860804421,85.9,1996-06-09,NA,92.3,2007-05-09,NA
"7051050","CAP-DESPOIR","06-10","FFMC",1994,2026,61.1,31.5722451952133,89.4,1996-06-10,NA,92.3,2007-05-09,NA
"7051050","CAP-DESPOIR","06-11","FFMC",1994,2026,59.9428571428571,30.7985311956516,89.1,1996-06-11,83,92.3,2007-05-09,NA
"7051050","CAP-DESPOIR","06-12","FFMC",1994,2026,65.6333333333333,28.737867005051,86.1,1996-06-12,82.5,92.3,2007-05-09,NA
"7051050","CAP-DESPOIR","06-13","FFMC",1994,2026,67.3555555555556,22.0207351779585,86.1,1996-06-13,18.3,92.3,2007-05-09,NA
"7051050","CAP-DESPOIR","06-14","FFMC",1994,2026,69.3727272727273,20.1244175522717,85,1995-06-14,9.6,92.3,2007-05-09,NA
"7051050","CAP-DESPOIR","06-15","FFMC",1994,2026,71.3,12.7866407558116,85.8,2010-06-15,13,92.3,2007-05-09,NA
"7051050","CAP-DESPOIR","06-16","FFMC",1994,2026,72.8083333333333,17.4272752959958,85,2022-06-16,13.1,92.3,2007-05-09,NA
"7051050","CAP-DESPOIR","06-17","FFMC",1994,2026,72.4571428571429,20.4279866203852,86.2,2012-06-17,17.1,92.3,2007-05-09,NA
"7051050","CAP-DESPOIR","06-18","FFMC",1994,2026,61.6642857142857,31.5937824249027,89.8,2010-06-18,31.5,92.3,2007-05-09,NA
"7051050","CAP-DESPOIR","06-19","FFMC",1994,2026,64.1333333333333,27.9866209532511,85,2003-06-19,2.8,92.3,2007-05-09,NA
"7051050","CAP-DESPOIR","06-20","FFMC",1994,2026,67.5235294117647,24.0902347801906,87.2,2024-06-20,22.9,92.3,2007-05-09,NA
"7051050","CAP-DESPOIR","06-21","FFMC",1994,2026,64.278947368421,24.3446681122803,89.5,1995-06-21,35,92.3,2007-05-09,NA
"7051050","CAP-DESPOIR","06-22","FFMC",1994,2026,64.83,24.8095503682288,86.8,1996-06-22,47.2,92.3,2007-05-09,NA
"7051050","CAP-DESPOIR","06-23","FFMC",1994,2026,66.7761904761905,22.9032727958671,89.3,2013-06-23,54.1,92.3,2007-05-09,NA
"7051050","CAP-DESPOIR","06-24","FFMC",1994,2026,57.0238095238095,29.6769254600591,89.3,2013-06-24,54.8,92.3,2007-05-09,NA
"7051050","CAP-DESPOIR","06-25","FFMC",1994,2026,59.5333333333333,17.9673407418386,85.2,2013-06-25,34.1,92.3,2007-05-09,NA
"7051050","CAP-DESPOIR","06-26","FFMC",1994,2026,67.45,14.8045279431344,85,1998-06-26,36.4,92.3,2007-05-09,NA
"7051050","CAP-DESPOIR","06-27","FFMC",1994,2026,66.5363636363636,18.9792504607518,85,1998-06-27,43,92.3,2007-05-09,NA
"7051050","CAP-DESPOIR","06-28","FFMC",1994,2026,64.8818181818182,19.6914928782683,86.7,1998-06-28,49.7,92.3,2007-05-09,NA
"7051050","CAP-DESPOIR","06-29","FFMC",1994,2026,60.9272727272727,23.363956404566,87.5,1996-06-29,59.8,92.3,2007-05-09,NA
"7051050","CAP-DESPOIR","06-30","FFMC",1994,2026,58.7090909090909,19.7424104547234,84.6,2014-06-30,69.1,92.3,2007-05-09,NA
"7051050","CAP-DESPOIR","07-01","FFMC",1994,2026,56,21.4982874582224,85,2015-07-01,51.4,92.3,2007-05-09,NA
"7051050","CAP-DESPOIR","07-02","FFMC",1994,2026,51.0869565217391,21.8611382958192,82.3,1996-07-02,23.4,92.3,2007-05-09,NA
"7051050","CAP-DESPOIR","07-03","FFMC",1994,2026,57.5043478260869,20.7586888327595,87.6,2013-07-03,33.5,92.3,2007-05-09,NA
"7051050","CAP-DESPOIR","07-04","FFMC",1994,2026,54.6565217391304,22.706403303653,87.4,2013-07-04,54,92.3,2007-05-09,NA
"7051050","CAP-DESPOIR","07-05","FFMC",1994,2026,50.2086956521739,27.0869796471139,89.4,2013-07-05,51.8,92.3,2007-05-09,NA
"7051050","CAP-DESPOIR","07-06","FFMC",1994,2026,47.0130434782609,27.096247716542,89.4,2013-07-06,71.5,92.3,2007-05-09,NA
"7051050","CAP-DESPOIR","07-07","FFMC",1994,2026,53.3739130434783,23.6623640060695,89.3,2018-07-07,75.5,92.3,2007-05-09,NA
"7051050","CAP-DESPOIR","07-08","FFMC",1994,2026,55.3608695652174,24.2116940027379,85.4,2021-07-08,80.9,92.3,2007-05-09,NA
"7051050","CAP-DESPOIR","07-09","FFMC",1994,2026,57.0782608695652,23.0180750423689,85.5,2018-07-09,73.4,92.3,2007-05-09,NA
"7051050","CAP-DESPOIR","07-10","FFMC",1994,2026,55.5478260869565,27.0848979987879,88.7,2003-07-10,77.8,92.3,2007-05-09,NA
"7051050","CAP-DESPOIR","07-11","FFMC",1994,2026,55.2217391304348,27.9446686494733,83.7,2014-07-11,79,92.3,2007-05-09,NA
"7051050","CAP-DESPOIR","07-12","FFMC",1994,2026,57.7434782608696,27.1856885158175,90.4,2016-07-12,79.2,92.3,2007-05-09,NA
"7051050","CAP-DESPOIR","07-13","FFMC",1994,2026,58.9347826086956,26.0998016135904,84.7,2022-07-13,81.8,92.3,2007-05-09,NA
"7051050","CAP-DESPOIR","07-14","FFMC",1994,2026,59.5217391304348,25.1403326173436,91.2,1994-07-14,80,92.3,2007-05-09,NA
"7051050","CAP-DESPOIR","07-15","FFMC",1994,2026,63.4782608695652,23.597090662771,91.2,1995-07-15,67.2,92.3,2007-05-09,NA
"7051050","CAP-DESPOIR","07-16","FFMC",1994,2026,61.4739130434783,21.9230517407695,88.5,1995-07-16,81.2,92.3,2007-05-09,NA
"7051050","CAP-DESPOIR","07-17","FFMC",1994,2026,63.5541666666667,19.0817458677742,85.3,1995-07-17,81.2,92.3,2007-05-09,NA
"7051050","CAP-DESPOIR","07-18","FFMC",1994,2026,62.7833333333333,21.1294080385128,90.3,2013-07-18,83.4,92.3,2007-05-09,NA
"7051050","CAP-DESPOIR","07-19","FFMC",1994,2026,60.8291666666667,19.510097255717,83,2013-07-19,24.8,92.3,2007-05-09,NA
"7051050","CAP-DESPOIR","07-20","FFMC",1994,2026,60.3833333333333,21.9853047099285,88.3,1999-07-20,67,92.3,2007-05-09,NA
"7051050","CAP-DESPOIR","07-21","FFMC",1994,2026,62.4666666666667,21.7432781550422,86,1999-07-21,71.4,92.3,2007-05-09,NA
"7051050","CAP-DESPOIR","07-22","FFMC",1994,2026,64.4,22.2851676155279,86.8,2014-07-22,24.2,92.3,2007-05-09,NA
"7051050","CAP-DESPOIR","07-23","FFMC",1994,2026,58.4416666666667,26.7751655971279,88.4,2014-07-23,51.6,92.3,2007-05-09,NA
"7051050","CAP-DESPOIR","07-24","FFMC",1994,2026,56.4291666666667,24.7311892357503,86.3,2014-07-24,69.8,92.3,2007-05-09,NA
"7051050","CAP-DESPOIR","07-25","FFMC",1994,2026,59.8125,23.3955274897092,86.3,2014-07-25,74.9,92.3,2007-05-09,NA
"7051050","CAP-DESPOIR","07-26","FFMC",1994,2026,58.7083333333333,23.6792500738087,87.3,2001-07-26,80.7,92.3,2007-05-09,NA
"7051050","CAP-DESPOIR","07-27","FFMC",1994,2026,57.9541666666667,25.644797407232,89.9,2001-07-27,86.7,92.3,2007-05-09,NA
"7051050","CAP-DESPOIR","07-28","FFMC",1994,2026,57.2458333333333,23.3757581447229,84.5,2007-07-28,78.2,92.3,2007-05-09,NA
"7051050","CAP-DESPOIR","07-29","FFMC",1994,2026,56.1875,20.1924288975499,83.9,2024-07-29,78.2,92.3,2007-05-09,NA
"7051050","CAP-DESPOIR","07-30","FFMC",1994,2026,60.95,24.2759139889727,86.8,2017-07-30,77.7,92.3,2007-05-09,NA
"7051050","CAP-DESPOIR","07-31","FFMC",1994,2026,62.7166666666667,24.7417209107044,86.3,2012-07-31,31.7,92.3,2007-05-09,NA
"7051050","CAP-DESPOIR","08-01","FFMC",1994,2026,68.7416666666667,16.008636708832,86.4,1995-08-01,50.1,92.3,2007-05-09,NA
"7051050","CAP-DESPOIR","08-02","FFMC",1994,2026,71.9,11.6283013077727,84,2006-08-02,59.5,92.3,2007-05-09,NA
"7051050","CAP-DESPOIR","08-03","FFMC",1994,2026,70.95,16.1364292154766,85,2017-08-03,63.1,92.3,2007-05-09,NA
"7051050","CAP-DESPOIR","08-04","FFMC",1994,2026,70.5916666666667,16.7978496725976,84.1,2001-08-04,44.3,92.3,2007-05-09,NA
"7051050","CAP-DESPOIR","08-05","FFMC",1994,2026,68.475,16.5360804461559,86.5,2006-08-05,68,92.3,2007-05-09,NA
"7051050","CAP-DESPOIR","08-06","FFMC",1994,2026,66.8375,17.4773595782111,86.2,2005-08-06,74.4,92.3,2007-05-09,NA
"7051050","CAP-DESPOIR","08-07","FFMC",1994,2026,64.0333333333333,24.0029466790093,86.5,2010-08-07,77.4,92.3,2007-05-09,NA
"7051050","CAP-DESPOIR","08-08","FFMC",1994,2026,66.15,22.8498311286691,91.8,2001-08-08,NA,92.3,2007-05-09,NA
"7051050","CAP-DESPOIR","08-09","FFMC",1994,2026,64.2291666666667,23.3733121532763,85.4,2009-08-09,NA,92.3,2007-05-09,NA
"7051050","CAP-DESPOIR","08-10","FFMC",1994,2026,65.2875,23.5085981033027,85,1994-08-10,NA,92.3,2007-05-09,NA
"7051050","CAP-DESPOIR","08-11","FFMC",1994,2026,66.7625,18.8642936811044,88,1994-08-11,NA,92.3,2007-05-09,NA
"7051050","CAP-DESPOIR","08-12","FFMC",1994,2026,64.3583333333333,21.1666660960858,88.3,1994-08-12,NA,92.3,2007-05-09,NA
"7051050","CAP-DESPOIR","08-13","FFMC",1994,2026,67.9708333333333,19.6719504385806,86,1994-08-13,NA,92.3,2007-05-09,NA
"7051050","CAP-DESPOIR","08-14","FFMC",1994,2026,63.8083333333333,23.4827951203997,85.2,2006-08-14,NA,92.3,2007-05-09,NA
"7051050","CAP-DESPOIR","08-15","FFMC",1994,2026,70.2333333333333,13.3836586492849,86.2,2017-08-15,NA,92.3,2007-05-09,NA
"7051050","CAP-DESPOIR","08-16","FFMC",1994,2026,66.9166666666667,16.8405222129778,86.5,2010-08-16,NA,92.3,2007-05-09,NA
"7051050","CAP-DESPOIR","08-17","FFMC",1994,2026,71.2583333333333,13.5521189316,86.5,2002-08-17,NA,92.3,2007-05-09,NA
"7051050","CAP-DESPOIR","08-18","FFMC",1994,2026,70.7458333333333,18.0504360820902,85.9,1995-08-18,NA,92.3,2007-05-09,NA
"7051050","CAP-DESPOIR","08-19","FFMC",1994,2026,69.05,19.1670233111116,85.9,1995-08-19,NA,92.3,2007-05-09,NA
"7051050","CAP-DESPOIR","08-20","FFMC",1994,2026,74.0041666666667,11.9039810354668,85.9,1995-08-20,NA,92.3,2007-05-09,NA
"7051050","CAP-DESPOIR","08-21","FFMC",1994,2026,71.0916666666667,14.4974035656364,84.9,1995-08-21,NA,92.3,2007-05-09,NA
"7051050","CAP-DESPOIR","08-22","FFMC",1994,2026,66.975,16.2411514370133,83.3,2007-08-22,NA,92.3,2007-05-09,NA
"7051050","CAP-DESPOIR","08-23","FFMC",1994,2026,65.8541666666667,17.9349301926295,88.2,2006-08-23,NA,92.3,2007-05-09,NA
"7051050","CAP-DESPOIR","08-24","FFMC",1994,2026,67.5541666666667,19.3524064151715,88.3,2006-08-24,NA,92.3,2007-05-09,NA
"7051050","CAP-DESPOIR","08-25","FFMC",1994,2026,71.75,12.2865780427261,86.7,2012-08-25,NA,92.3,2007-05-09,NA
"7051050","CAP-DESPOIR","08-26","FFMC",1994,2026,69.6333333333333,20.1396573233372,86.4,2002-08-26,NA,92.3,2007-05-09,NA
"7051050","CAP-DESPOIR","08-27","FFMC",1994,2026,67.15,20.9922345890922,88.8,2012-08-27,NA,92.3,2007-05-09,NA
"7051050","CAP-DESPOIR","08-28","FFMC",1994,2026,66.7958333333333,18.0942575364976,88.6,2009-08-28,NA,92.3,2007-05-09,NA
"7051050","CAP-DESPOIR","08-29","FFMC",1994,2026,69.1666666666666,15.2075400825485,85.6,2002-08-29,NA,92.3,2007-05-09,NA
"7051050","CAP-DESPOIR","08-30","FFMC",1994,2026,62.4416666666667,23.5603926420863,86.4,1996-08-30,NA,92.3,2007-05-09,NA
"7051050","CAP-DESPOIR","08-31","FFMC",1994,2026,63.3166666666667,23.3912965357457,89.8,1999-08-31,NA,92.3,2007-05-09,NA
"7051050","CAP-DESPOIR","09-01","FFMC",1994,2026,63.4,20.0730838600394,85.4,1994-09-01,NA,92.3,2007-05-09,NA
"7051050","CAP-DESPOIR","09-02","FFMC",1994,2026,71.65,12.7274779768882,89.3,1994-09-02,NA,92.3,2007-05-09,NA
"7051050","CAP-DESPOIR","09-03","FFMC",1994,2026,71.1041666666667,20.1792721712731,87.2,1994-09-03,NA,92.3,2007-05-09,NA
"7051050","CAP-DESPOIR","09-04","FFMC",1994,2026,65.4375,23.4699588280701,87.3,2018-09-04,NA,92.3,2007-05-09,NA
"7051050","CAP-DESPOIR","09-05","FFMC",1994,2026,62.2041666666667,22.4732590691338,88.1,2000-09-05,NA,92.3,2007-05-09,NA
"7051050","CAP-DESPOIR","09-06","FFMC",1994,2026,68.104,19.7402186749117,89.2,1996-09-06,NA,92.3,2007-05-09,NA
"7051050","CAP-DESPOIR","09-07","FFMC",1994,2026,67.316,19.8521971915789,85.4,1996-09-07,NA,92.3,2007-05-09,NA
"7051050","CAP-DESPOIR","09-08","FFMC",1994,2026,66.54,19.6971021557318,86.1,2018-09-08,NA,92.3,2007-05-09,NA
"7051050","CAP-DESPOIR","09-09","FFMC",1994,2026,61.064,25.8437271563785,89,2000-09-09,NA,92.3,2007-05-09,NA
"7051050","CAP-DESPOIR","09-10","FFMC",1994,2026,57.484,25.4519920634908,86.8,2000-09-10,NA,92.3,2007-05-09,NA
"7051050","CAP-DESPOIR","09-11","FFMC",1994,2026,57.092,27.3971549617839,84.9,2003-09-11,NA,92.3,2007-05-09,NA
"7051050","CAP-DESPOIR","09-12","FFMC",1994,2026,62.48,18.2451135010629,84.7,2003-09-12,NA,92.3,2007-05-09,NA
"7051050","CAP-DESPOIR","09-13","FFMC",1994,2026,64.592,20.0467561798245,89,2006-09-13,NA,92.3,2007-05-09,NA
"7051050","CAP-DESPOIR","09-14","FFMC",1994,2026,67.356,20.4143756537724,86.1,2020-09-14,NA,92.3,2007-05-09,NA
"7051050","CAP-DESPOIR","09-15","FFMC",1994,2026,62.208,24.6055197059522,84.7,2020-09-15,NA,92.3,2007-05-09,NA
"7051050","CAP-DESPOIR","09-16","FFMC",1994,2026,65.684,22.4480637620857,83.5,2020-09-16,NA,92.3,2007-05-09,NA
"7051050","CAP-DESPOIR","09-17","FFMC",1994,2026,69.204,17.4856245718209,86.4,1998-09-17,NA,92.3,2007-05-09,NA
"7051050","CAP-DESPOIR","09-18","FFMC",1994,2026,63.5,22.3392405123063,87.6,2001-09-18,NA,92.3,2007-05-09,NA
"7051050","CAP-DESPOIR","09-19","FFMC",1994,2026,64.32,22.3002055296956,85.9,2001-09-19,NA,92.3,2007-05-09,NA
"7051050","CAP-DESPOIR","09-20","FFMC",1994,2026,64.984,22.6670406831887,84.4,2001-09-20,NA,92.3,2007-05-09,NA
"7051050","CAP-DESPOIR","09-21","FFMC",1994,2026,65.76,19.2437219199752,84.8,1994-09-21,NA,92.3,2007-05-09,NA
"7051050","CAP-DESPOIR","09-22","FFMC",1994,2026,63.024,23.2626359927961,84.8,1994-09-22,NA,92.3,2007-05-09,NA
"7051050","CAP-DESPOIR","09-23","FFMC",1994,2026,60.436,22.4514082706037,86.1,2008-09-23,NA,92.3,2007-05-09,NA
"7051050","CAP-DESPOIR","09-24","FFMC",1994,2026,66.284,21.5458944271679,87,2015-09-24,NA,92.3,2007-05-09,NA
"7051050","CAP-DESPOIR","09-25","FFMC",1994,2026,69.016,18.1960774161173,87,2015-09-25,NA,92.3,2007-05-09,NA
"7051050","CAP-DESPOIR","09-26","FFMC",1994,2026,66.908,22.1713576490029,87,2015-09-26,NA,92.3,2007-05-09,NA
"7051050","CAP-DESPOIR","09-27","FFMC",1994,2026,64.732,21.0390256428381,85.6,2015-09-27,NA,92.3,2007-05-09,NA
"7051050","CAP-DESPOIR","09-28","FFMC",1994,2026,59.244,26.0713297193168,87.4,2014-09-28,NA,92.3,2007-05-09,NA
"7051050","CAP-DESPOIR","09-29","FFMC",1994,2026,58.836,27.2384513754606,84.5,2000-09-29,NA,92.3,2007-05-09,NA
"7051050","CAP-DESPOIR","09-30","FFMC",1994,2026,58.028,24.6947113096441,84.6,1996-09-30,NA,92.3,2007-05-09,NA
"7051050","CAP-DESPOIR","10-01","FFMC",1994,2026,59.664,24.5438872226874,84,1996-10-01,NA,92.3,2007-05-09,NA
"7051050","CAP-DESPOIR","10-02","FFMC",1994,2026,62.844,18.6918895067709,86.3,1999-10-02,NA,92.3,2007-05-09,NA
"7051050","CAP-DESPOIR","10-03","FFMC",1994,2026,64.664,16.69962275023,87.8,2013-10-03,NA,92.3,2007-05-09,NA
"7051050","CAP-DESPOIR","10-04","FFMC",1994,2026,68.436,17.435449521019,88,2013-10-04,NA,92.3,2007-05-09,NA
"7051050","CAP-DESPOIR","10-05","FFMC",1994,2026,68.484,16.7020627468585,85,1998-10-05,NA,92.3,2007-05-09,NA
"7051050","CAP-DESPOIR","10-06","FFMC",1994,2026,69.672,15.87034761224,85,1998-10-06,NA,92.3,2007-05-09,NA
"7051050","CAP-DESPOIR","10-07","FFMC",1994,2026,67.076,17.694261781719,85,2007-10-07,NA,92.3,2007-05-09,NA
"7051050","CAP-DESPOIR","10-08","FFMC",1994,2026,64.136,21.2176200361869,84.4,1997-10-08,NA,92.3,2007-05-09,NA
"7051050","CAP-DESPOIR","10-09","FFMC",1994,2026,64.676,19.3723875658113,84.9,2015-10-09,NA,92.3,2007-05-09,NA
"7051050","CAP-DESPOIR","10-10","FFMC",1994,2026,63.808,21.2127500967382,84.3,2002-10-10,NA,92.3,2007-05-09,NA
"7051050","CAP-DESPOIR","10-11","FFMC",1994,2026,64.704,19.7868323218582,85.9,1994-10-11,NA,92.3,2007-05-09,NA
"7051050","CAP-DESPOIR","10-12","FFMC",1994,2026,65.352,21.5412611825151,85.9,1994-10-12,NA,92.3,2007-05-09,NA
"7051050","CAP-DESPOIR","10-13","FFMC",1994,2026,62.328,26.0588519828995,85.5,2024-10-13,NA,92.3,2007-05-09,NA
"7051050","CAP-DESPOIR","10-14","FFMC",1994,2026,55.504,27.7969494729188,87,1994-10-14,NA,92.3,2007-05-09,NA
"7051050","CAP-DESPOIR","10-15","FFMC",1994,2026,56.644,25.9311922852254,87,1994-10-15,NA,92.3,2007-05-09,NA
"7051050","CAP-DESPOIR","10-16","FFMC",1994,2026,50.712,26.9776808985996,87,1994-10-16,NA,92.3,2007-05-09,NA
"7051050","CAP-DESPOIR","10-17","FFMC",1994,2026,49.444,27.9364469227328,84.3,1994-10-17,NA,92.3,2007-05-09,NA
"7051050","CAP-DESPOIR","10-18","FFMC",1994,2026,57.036,21.3756457992111,84.5,2009-10-18,NA,92.3,2007-05-09,NA
"7051050","CAP-DESPOIR","10-19","FFMC",1994,2026,63.896,18.0230519058233,83.1,2018-10-19,NA,92.3,2007-05-09,NA
"7051050","CAP-DESPOIR","10-20","FFMC",1994,2026,60.976,24.3544704999582,84.6,2003-10-20,NA,92.3,2007-05-09,NA
"7051050","CAP-DESPOIR","10-21","FFMC",1994,2026,62.952,21.7835205296726,83.5,2003-10-21,NA,92.3,2007-05-09,NA
"7051050","CAP-DESPOIR","10-22","FFMC",1994,2026,58.636,24.5021747334123,83.1,2024-10-22,NA,92.3,2007-05-09,NA
"7051050","CAP-DESPOIR","10-23","FFMC",1994,2026,57.84,22.0281448757417,84.5,1997-10-23,NA,92.3,2007-05-09,NA
"7051050","CAP-DESPOIR","10-24","FFMC",1994,2026,59.268,20.5851831827328,85.5,1997-10-24,NA,92.3,2007-05-09,NA
"7051050","CAP-DESPOIR","10-25","FFMC",1994,2026,62.256,20.2224108355062,85.5,1997-10-25,NA,92.3,2007-05-09,NA
"7051050","CAP-DESPOIR","10-26","FFMC",1994,2026,62.736,23.1493858809832,85.9,1998-10-26,NA,92.3,2007-05-09,NA
"7051050","CAP-DESPOIR","10-27","FFMC",1994,2026,57.928,22.8228233719377,86.5,2024-10-27,NA,92.3,2007-05-09,NA
"7051050","CAP-DESPOIR","10-28","FFMC",1994,2026,49.784,27.428280417603,85.6,2024-10-28,NA,92.3,2007-05-09,NA
"7051050","CAP-DESPOIR","10-29","FFMC",1994,2026,45.144,29.9345825648752,86.6,2024-10-29,NA,92.3,2007-05-09,NA
"7051050","CAP-DESPOIR","10-30","FFMC",1994,2026,52.476,28.4128386473439,88,1994-10-30,NA,92.3,2007-05-09,NA
"7051050","CAP-DESPOIR","10-31","FFMC",1994,2026,57.092,25.9190554097431,85.6,2001-10-31,NA,92.3,2007-05-09,NA
"7051050","CAP-DESPOIR","04-01","FWI",1994,2026,NA,NA,NA,NA,NA,31.2,1995-08-20,NA
"7051050","CAP-DESPOIR","04-02","FWI",1994,2026,NA,NA,NA,NA,NA,31.2,1995-08-20,NA
"7051050","CAP-DESPOIR","04-03","FWI",1994,2026,NA,NA,NA,NA,NA,31.2,1995-08-20,NA
"7051050","CAP-DESPOIR","04-04","FWI",1994,2026,NA,NA,NA,NA,NA,31.2,1995-08-20,NA
"7051050","CAP-DESPOIR","04-05","FWI",1994,2026,NA,NA,NA,NA,NA,31.2,1995-08-20,NA
"7051050","CAP-DESPOIR","04-06","FWI",1994,2026,NA,NA,NA,NA,NA,31.2,1995-08-20,NA
"7051050","CAP-DESPOIR","04-07","FWI",1994,2026,NA,NA,NA,NA,NA,31.2,1995-08-20,NA
"7051050","CAP-DESPOIR","04-08","FWI",1994,2026,NA,NA,NA,NA,NA,31.2,1995-08-20,NA
"7051050","CAP-DESPOIR","04-09","FWI",1994,2026,NA,NA,NA,NA,NA,31.2,1995-08-20,NA
"7051050","CAP-DESPOIR","04-10","FWI",1994,2026,NA,NA,NA,NA,NA,31.2,1995-08-20,NA
"7051050","CAP-DESPOIR","04-11","FWI",1994,2026,NA,NA,NA,NA,NA,31.2,1995-08-20,NA
"7051050","CAP-DESPOIR","04-12","FWI",1994,2026,NA,NA,NA,NA,NA,31.2,1995-08-20,NA
"7051050","CAP-DESPOIR","04-13","FWI",1994,2026,NA,NA,NA,NA,NA,31.2,1995-08-20,NA
"7051050","CAP-DESPOIR","04-14","FWI",1994,2026,NA,NA,NA,NA,NA,31.2,1995-08-20,NA
"7051050","CAP-DESPOIR","04-15","FWI",1994,2026,NA,NA,NA,NA,NA,31.2,1995-08-20,NA
"7051050","CAP-DESPOIR","04-16","FWI",1994,2026,NA,NA,NA,NA,NA,31.2,1995-08-20,NA
"7051050","CAP-DESPOIR","04-17","FWI",1994,2026,NA,NA,NA,NA,NA,31.2,1995-08-20,NA
"7051050","CAP-DESPOIR","04-18","FWI",1994,2026,NA,NA,NA,NA,NA,31.2,1995-08-20,NA
"7051050","CAP-DESPOIR","04-19","FWI",1994,2026,NA,NA,NA,NA,NA,31.2,1995-08-20,NA
"7051050","CAP-DESPOIR","04-20","FWI",1994,2026,NA,NA,NA,NA,NA,31.2,1995-08-20,NA
"7051050","CAP-DESPOIR","04-21","FWI",1994,2026,NA,NA,NA,NA,NA,31.2,1995-08-20,NA
"7051050","CAP-DESPOIR","04-22","FWI",1994,2026,NA,NA,NA,NA,NA,31.2,1995-08-20,NA
"7051050","CAP-DESPOIR","04-23","FWI",1994,2026,NA,NA,NA,NA,NA,31.2,1995-08-20,NA
"7051050","CAP-DESPOIR","04-24","FWI",1994,2026,NA,NA,NA,NA,NA,31.2,1995-08-20,NA
"7051050","CAP-DESPOIR","04-25","FWI",1994,2026,NA,NA,NA,NA,NA,31.2,1995-08-20,NA
"7051050","CAP-DESPOIR","04-26","FWI",1994,2026,NA,NA,NA,NA,NA,31.2,1995-08-20,NA
"7051050","CAP-DESPOIR","04-27","FWI",1994,2026,NA,NA,NA,NA,NA,31.2,1995-08-20,NA
"7051050","CAP-DESPOIR","04-28","FWI",1994,2026,NA,NA,NA,NA,NA,31.2,1995-08-20,NA
"7051050","CAP-DESPOIR","04-29","FWI",1994,2026,NA,NA,NA,NA,NA,31.2,1995-08-20,NA
"7051050","CAP-DESPOIR","04-30","FWI",1994,2026,NA,NA,NA,NA,NA,31.2,1995-08-20,NA
"7051050","CAP-DESPOIR","05-01","FWI",1994,2026,NA,NA,NA,NA,NA,31.2,1995-08-20,NA
"7051050","CAP-DESPOIR","05-02","FWI",1994,2026,NA,NA,NA,NA,NA,31.2,1995-08-20,NA
"7051050","CAP-DESPOIR","05-03","FWI",1994,2026,NA,NA,NA,NA,NA,31.2,1995-08-20,NA
"7051050","CAP-DESPOIR","05-04","FWI",1994,2026,NA,NA,NA,NA,NA,31.2,1995-08-20,NA
"7051050","CAP-DESPOIR","05-05","FWI",1994,2026,NA,NA,NA,NA,NA,31.2,1995-08-20,NA
"7051050","CAP-DESPOIR","05-06","FWI",1994,2026,4,NA,4,1999-05-06,NA,31.2,1995-08-20,NA
"7051050","CAP-DESPOIR","05-07","FWI",1994,2026,6.8,NA,6.8,1999-05-07,NA,31.2,1995-08-20,NA
"7051050","CAP-DESPOIR","05-08","FWI",1994,2026,5.2,NA,5.2,1999-05-08,NA,31.2,1995-08-20,NA
"7051050","CAP-DESPOIR","05-09","FWI",1994,2026,12.2,12.1622366364086,20.8,2007-05-09,NA,31.2,1995-08-20,NA
"7051050","CAP-DESPOIR","05-10","FWI",1994,2026,4.7,2.54558441227157,6.5,2007-05-10,NA,31.2,1995-08-20,NA
"7051050","CAP-DESPOIR","05-11","FWI",1994,2026,4.55,3.7476659402887,7.2,1999-05-11,NA,31.2,1995-08-20,NA
"7051050","CAP-DESPOIR","05-12","FWI",1994,2026,3.3,0.565685424949238,3.7,1999-05-12,NA,31.2,1995-08-20,NA
"7051050","CAP-DESPOIR","05-13","FWI",1994,2026,3.5,2.68700576850888,5.4,1999-05-13,NA,31.2,1995-08-20,NA
"7051050","CAP-DESPOIR","05-14","FWI",1994,2026,5.9,0.424264068711929,6.2,1999-05-14,NA,31.2,1995-08-20,NA
"7051050","CAP-DESPOIR","05-15","FWI",1994,2026,2.05,2.1920310216783,3.6,1999-05-15,NA,31.2,1995-08-20,NA
"7051050","CAP-DESPOIR","05-16","FWI",1994,2026,4.95,6.01040764008565,9.2,1999-05-16,NA,31.2,1995-08-20,NA
"7051050","CAP-DESPOIR","05-17","FWI",1994,2026,4.2,4.38406204335659,7.3,1999-05-17,NA,31.2,1995-08-20,NA
"7051050","CAP-DESPOIR","05-18","FWI",1994,2026,5.45,4.17193000900063,8.4,1999-05-18,NA,31.2,1995-08-20,NA
"7051050","CAP-DESPOIR","05-19","FWI",1994,2026,4.1,5.79827560572969,8.2,1999-05-19,NA,31.2,1995-08-20,NA
"7051050","CAP-DESPOIR","05-20","FWI",1994,2026,0,0,0,1999-05-20,NA,31.2,1995-08-20,NA
"7051050","CAP-DESPOIR","05-21","FWI",1994,2026,0.15,0.212132034355964,0.3,1999-05-21,NA,31.2,1995-08-20,NA
"7051050","CAP-DESPOIR","05-22","FWI",1994,2026,1.2,NA,1.2,1999-05-22,NA,31.2,1995-08-20,NA
"7051050","CAP-DESPOIR","05-23","FWI",1994,2026,0.4,0.282842712474619,0.6,1999-05-23,NA,31.2,1995-08-20,NA
"7051050","CAP-DESPOIR","05-24","FWI",1994,2026,1.2,0,1.2,1999-05-24,NA,31.2,1995-08-20,NA
"7051050","CAP-DESPOIR","05-25","FWI",1994,2026,0.2,0.282842712474619,0.4,2007-05-25,NA,31.2,1995-08-20,NA
"7051050","CAP-DESPOIR","05-26","FWI",1994,2026,0.25,0.353553390593274,0.5,2007-05-26,NA,31.2,1995-08-20,NA
"7051050","CAP-DESPOIR","05-27","FWI",1994,2026,0.75,1.06066017177982,1.5,2007-05-27,NA,31.2,1995-08-20,NA
"7051050","CAP-DESPOIR","05-28","FWI",1994,2026,0.65,0.353553390593274,0.9,2007-05-28,NA,31.2,1995-08-20,NA
"7051050","CAP-DESPOIR","05-29","FWI",1994,2026,0.4,0.282842712474619,10.2,2025-05-29,NA,31.2,1995-08-20,NA
"7051050","CAP-DESPOIR","05-30","FWI",1994,2026,1.6,2.04205778566621,3.9,2010-05-30,NA,31.2,1995-08-20,NA
"7051050","CAP-DESPOIR","05-31","FWI",1994,2026,1.63333333333333,1.49777612924406,3.3,1999-05-31,NA,31.2,1995-08-20,NA
"7051050","CAP-DESPOIR","06-01","FWI",1994,2026,1.225,1.80623918681884,3.9,2002-06-01,NA,31.2,1995-08-20,NA
"7051050","CAP-DESPOIR","06-02","FWI",1994,2026,2.53333333333333,2.80903304834006,6.9,1997-06-02,NA,31.2,1995-08-20,NA
"7051050","CAP-DESPOIR","06-03","FWI",1994,2026,2.4,2.88790581563873,7.3,1997-06-03,NA,31.2,1995-08-20,NA
"7051050","CAP-DESPOIR","06-04","FWI",1994,2026,1.41428571428571,1.54965433933783,4.3,1997-06-04,NA,31.2,1995-08-20,NA
"7051050","CAP-DESPOIR","06-05","FWI",1994,2026,2,2.33238075793812,5.7,2002-06-05,NA,31.2,1995-08-20,NA
"7051050","CAP-DESPOIR","06-06","FWI",1994,2026,1.94285714285714,2.71284422876136,6.5,1996-06-06,NA,31.2,1995-08-20,NA
"7051050","CAP-DESPOIR","06-07","FWI",1994,2026,1.45714285714286,1.75105410430131,4.3,2006-06-07,NA,31.2,1995-08-20,NA
"7051050","CAP-DESPOIR","06-08","FWI",1994,2026,2.48333333333333,3.25294738147832,19.5,2021-06-08,NA,31.2,1995-08-20,NA
"7051050","CAP-DESPOIR","06-09","FWI",1994,2026,2.38571428571429,3.38596543171396,8.8,1996-06-09,NA,31.2,1995-08-20,NA
"7051050","CAP-DESPOIR","06-10","FWI",1994,2026,4.05714285714286,5.38883325122645,14,1996-06-10,NA,31.2,1995-08-20,NA
"7051050","CAP-DESPOIR","06-11","FWI",1994,2026,3.67142857142857,4.96444501286038,13,1996-06-11,2.4,31.2,1995-08-20,NA
"7051050","CAP-DESPOIR","06-12","FWI",1994,2026,3.8,4.69112637504754,11.4,2026-06-12,11.4,31.2,1995-08-20,NA
"7051050","CAP-DESPOIR","06-13","FWI",1994,2026,2.84444444444444,3.74503374854991,11.6,1996-06-13,0,31.2,1995-08-20,NA
"7051050","CAP-DESPOIR","06-14","FWI",1994,2026,1.95555555555556,1.91122415686329,5.5,2010-06-14,0,31.2,1995-08-20,NA
"7051050","CAP-DESPOIR","06-15","FWI",1994,2026,3.08181818181818,4.86987026147888,17.1,2010-06-15,0,31.2,1995-08-20,NA
"7051050","CAP-DESPOIR","06-16","FWI",1994,2026,3.225,3.75744715078058,12.4,1999-06-16,0,31.2,1995-08-20,NA
"7051050","CAP-DESPOIR","06-17","FWI",1994,2026,3.55384615384615,2.80761327602152,8.9,2025-06-17,0,31.2,1995-08-20,NA
"7051050","CAP-DESPOIR","06-18","FWI",1994,2026,3.27142857142857,5.2019860957772,19.1,2010-06-18,0,31.2,1995-08-20,NA
"7051050","CAP-DESPOIR","06-19","FWI",1994,2026,3.14285714285714,3.20449546868009,9.4,1994-06-19,0,31.2,1995-08-20,NA
"7051050","CAP-DESPOIR","06-20","FWI",1994,2026,4.06666666666667,5.71884936811926,19.9,1995-06-20,0,31.2,1995-08-20,NA
"7051050","CAP-DESPOIR","06-21","FWI",1994,2026,3.85294117647059,6.58550659090275,24.6,1995-06-21,0,31.2,1995-08-20,NA
"7051050","CAP-DESPOIR","06-22","FWI",1994,2026,2.97368421052632,3.42228677694107,10.2,1996-06-22,0.1,31.2,1995-08-20,NA
"7051050","CAP-DESPOIR","06-23","FWI",1994,2026,3.295,4.8420825228299,16.5,1995-06-23,0.1,31.2,1995-08-20,NA
"7051050","CAP-DESPOIR","06-24","FWI",1994,2026,2.15714285714286,3.20929453752245,9.8,1996-06-24,0.3,31.2,1995-08-20,NA
"7051050","CAP-DESPOIR","06-25","FWI",1994,2026,1.58571428571429,3.18736344245298,13.9,2013-06-25,0,31.2,1995-08-20,NA
"7051050","CAP-DESPOIR","06-26","FWI",1994,2026,1.95714285714286,2.55060216979666,8.9,2013-06-26,0,31.2,1995-08-20,NA
"7051050","CAP-DESPOIR","06-27","FWI",1994,2026,2.58181818181818,3.42172838025246,12.9,1998-06-27,0,31.2,1995-08-20,NA
"7051050","CAP-DESPOIR","06-28","FWI",1994,2026,3.16818181818182,4.8151928571016,17.5,2001-06-28,0.1,31.2,1995-08-20,NA
"7051050","CAP-DESPOIR","06-29","FWI",1994,2026,2.39545454545455,3.08490599883449,11,1998-06-29,0.3,31.2,1995-08-20,NA
"7051050","CAP-DESPOIR","06-30","FWI",1994,2026,1.90909090909091,2.70658968180027,10,2014-06-30,0.3,31.2,1995-08-20,NA
"7051050","CAP-DESPOIR","07-01","FWI",1994,2026,1.05,1.57502834441615,5.7,2005-07-01,0.1,31.2,1995-08-20,NA
"7051050","CAP-DESPOIR","07-02","FWI",1994,2026,1.35217391304348,2.62035208689377,9.2,2014-07-02,0,31.2,1995-08-20,NA
"7051050","CAP-DESPOIR","07-03","FWI",1994,2026,1.30869565217391,1.95794721896505,7.5,2013-07-03,0,31.2,1995-08-20,NA
"7051050","CAP-DESPOIR","07-04","FWI",1994,2026,1.7,3.32716095192283,13,2013-07-04,0.2,31.2,1995-08-20,NA
"7051050","CAP-DESPOIR","07-05","FWI",1994,2026,1.44347826086957,2.95339959537487,13.4,2013-07-05,0.2,31.2,1995-08-20,NA
"7051050","CAP-DESPOIR","07-06","FWI",1994,2026,1.38260869565217,3.1586320649514,14.7,2013-07-06,0.6,31.2,1995-08-20,NA
"7051050","CAP-DESPOIR","07-07","FWI",1994,2026,1.37826086956522,2.94185416512338,11,2018-07-07,0.5,31.2,1995-08-20,NA
"7051050","CAP-DESPOIR","07-08","FWI",1994,2026,2.15652173913044,4.45092698076954,19.3,2013-07-08,2.4,31.2,1995-08-20,NA
"7051050","CAP-DESPOIR","07-09","FWI",1994,2026,1.75217391304348,2.87889965804762,11.5,2018-07-09,0.5,31.2,1995-08-20,NA
"7051050","CAP-DESPOIR","07-10","FWI",1994,2026,1.97826086956522,2.9854124919407,10.3,2003-07-10,0.8,31.2,1995-08-20,NA
"7051050","CAP-DESPOIR","07-11","FWI",1994,2026,1.89130434782609,2.61114970210412,9.7,2018-07-11,1.3,31.2,1995-08-20,NA
"7051050","CAP-DESPOIR","07-12","FWI",1994,2026,2.17391304347826,3.03408176783571,11.9,2016-07-12,1.9,31.2,1995-08-20,NA
"7051050","CAP-DESPOIR","07-13","FWI",1994,2026,1.6304347826087,1.94409006118747,9.7,2022-07-13,5.5,31.2,1995-08-20,NA
"7051050","CAP-DESPOIR","07-14","FWI",1994,2026,2.6304347826087,4.35320517055158,16.5,1994-07-14,5.5,31.2,1995-08-20,NA
"7051050","CAP-DESPOIR","07-15","FWI",1994,2026,3.4,5.35961328320006,22.9,1995-07-15,1,31.2,1995-08-20,NA
"7051050","CAP-DESPOIR","07-16","FWI",1994,2026,2.43478260869565,5.38090974866891,25.2,1995-07-16,9.9,31.2,1995-08-20,NA
"7051050","CAP-DESPOIR","07-17","FWI",1994,2026,2.08695652173913,3.3637511998344,13.7,1995-07-17,5.8,31.2,1995-08-20,NA
"7051050","CAP-DESPOIR","07-18","FWI",1994,2026,2.79583333333333,5.39036815445659,25.5,2013-07-18,9.5,31.2,1995-08-20,NA
"7051050","CAP-DESPOIR","07-19","FWI",1994,2026,2.05416666666667,4.08134453194113,16.8,2013-07-19,0,31.2,1995-08-20,NA
"7051050","CAP-DESPOIR","07-20","FWI",1994,2026,1.94583333333333,2.78988532827562,11.2,1999-07-20,2,31.2,1995-08-20,NA
"7051050","CAP-DESPOIR","07-21","FWI",1994,2026,1.7875,2.5711294253186,19.7,2024-07-21,0.6,31.2,1995-08-20,NA
"7051050","CAP-DESPOIR","07-22","FWI",1994,2026,2.475,3.11479638527772,14.2,2024-07-22,0,31.2,1995-08-20,NA
"7051050","CAP-DESPOIR","07-23","FWI",1994,2026,2.6125,3.75700071171488,13.5,2014-07-23,0.3,31.2,1995-08-20,NA
"7051050","CAP-DESPOIR","07-24","FWI",1994,2026,1.90416666666667,2.95435995667813,11.3,2014-07-24,0.8,31.2,1995-08-20,NA
"7051050","CAP-DESPOIR","07-25","FWI",1994,2026,2.14166666666667,3.19346025586621,13.6,2014-07-25,0.6,31.2,1995-08-20,NA
"7051050","CAP-DESPOIR","07-26","FWI",1994,2026,2.35,3.41429221132987,11.3,2014-07-26,2.9,31.2,1995-08-20,NA
"7051050","CAP-DESPOIR","07-27","FWI",1994,2026,1.90833333333333,2.95795415002045,12.7,2001-07-27,5.3,31.2,1995-08-20,NA
"7051050","CAP-DESPOIR","07-28","FWI",1994,2026,2.00416666666667,3.31550759005467,12,2012-07-28,0.9,31.2,1995-08-20,NA
"7051050","CAP-DESPOIR","07-29","FWI",1994,2026,1.41666666666667,2.44142984952362,12.3,2024-07-29,1.5,31.2,1995-08-20,NA
"7051050","CAP-DESPOIR","07-30","FWI",1994,2026,2.17916666666667,2.72252746489387,16.7,2024-07-30,3.7,31.2,1995-08-20,NA
"7051050","CAP-DESPOIR","07-31","FWI",1994,2026,2.4,3.07033492012502,10.1,2024-07-31,0,31.2,1995-08-20,NA
"7051050","CAP-DESPOIR","08-01","FWI",1994,2026,2.9125,3.61966999456652,10.3,2012-08-01,0.3,31.2,1995-08-20,NA
"7051050","CAP-DESPOIR","08-02","FWI",1994,2026,2.75833333333333,3.02524403135935,10.4,1995-08-02,0.3,31.2,1995-08-20,NA
"7051050","CAP-DESPOIR","08-03","FWI",1994,2026,2.4375,3.56038743617211,15.8,2006-08-03,0.7,31.2,1995-08-20,NA
"7051050","CAP-DESPOIR","08-04","FWI",1994,2026,2.6125,2.42689862922244,10,2025-08-04,0.1,31.2,1995-08-20,NA
"7051050","CAP-DESPOIR","08-05","FWI",1994,2026,3.5125,4.73289253407791,16.9,1995-08-05,0.7,31.2,1995-08-20,NA
"7051050","CAP-DESPOIR","08-06","FWI",1994,2026,2.9625,3.57695674634421,13.3,2001-08-06,0.6,31.2,1995-08-20,NA
"7051050","CAP-DESPOIR","08-07","FWI",1994,2026,4.1375,5.06297837246023,14,2001-08-07,2.1,31.2,1995-08-20,NA
"7051050","CAP-DESPOIR","08-08","FWI",1994,2026,4.1,6.64255058399028,30.5,2001-08-08,NA,31.2,1995-08-20,NA
"7051050","CAP-DESPOIR","08-09","FWI",1994,2026,3.15833333333333,3.85079513716399,12.5,2005-08-09,NA,31.2,1995-08-20,NA
"7051050","CAP-DESPOIR","08-10","FWI",1994,2026,2.83333333333333,3.53807447836994,14.9,2001-08-10,NA,31.2,1995-08-20,NA
"7051050","CAP-DESPOIR","08-11","FWI",1994,2026,3.08333333333333,4.41033042897623,15.6,1994-08-11,NA,31.2,1995-08-20,NA
"7051050","CAP-DESPOIR","08-12","FWI",1994,2026,2.575,3.65040200287704,17.3,1994-08-12,NA,31.2,1995-08-20,NA
"7051050","CAP-DESPOIR","08-13","FWI",1994,2026,2.74583333333333,2.81718008355668,9.2,2006-08-13,NA,31.2,1995-08-20,NA
"7051050","CAP-DESPOIR","08-14","FWI",1994,2026,3.33333333333333,4.19488992099618,16.3,2006-08-14,NA,31.2,1995-08-20,NA
"7051050","CAP-DESPOIR","08-15","FWI",1994,2026,3.06521739130435,3.6326309893985,12.6,2001-08-15,NA,31.2,1995-08-20,NA
"7051050","CAP-DESPOIR","08-16","FWI",1994,2026,3.125,4.31602171892831,13.3,2010-08-16,NA,31.2,1995-08-20,NA
"7051050","CAP-DESPOIR","08-17","FWI",1994,2026,3.15833333333333,3.92903535751203,13.9,1994-08-17,NA,31.2,1995-08-20,NA
"7051050","CAP-DESPOIR","08-18","FWI",1994,2026,3.24583333333333,3.25268840869487,11.4,1995-08-18,NA,31.2,1995-08-20,NA
"7051050","CAP-DESPOIR","08-19","FWI",1994,2026,3.5,3.73793711999593,11.7,1996-08-19,NA,31.2,1995-08-20,NA
"7051050","CAP-DESPOIR","08-20","FWI",1994,2026,4.0875,6.21836777829094,31.2,1995-08-20,NA,31.2,1995-08-20,NA
"7051050","CAP-DESPOIR","08-21","FWI",1994,2026,2.80833333333333,2.80928842400978,11.8,1995-08-21,NA,31.2,1995-08-20,NA
"7051050","CAP-DESPOIR","08-22","FWI",1994,2026,2.04166666666667,1.78834795434141,9,2025-08-22,NA,31.2,1995-08-20,NA
"7051050","CAP-DESPOIR","08-23","FWI",1994,2026,3.04166666666667,3.94074774041973,16.4,2006-08-23,NA,31.2,1995-08-20,NA
"7051050","CAP-DESPOIR","08-24","FWI",1994,2026,2.72083333333333,2.72842989833804,11.5,2006-08-24,NA,31.2,1995-08-20,NA
"7051050","CAP-DESPOIR","08-25","FWI",1994,2026,2.86666666666667,2.74173329287795,9.2,1994-08-25,NA,31.2,1995-08-20,NA
"7051050","CAP-DESPOIR","08-26","FWI",1994,2026,3.43333333333333,2.96467120644412,10.5,2002-08-26,NA,31.2,1995-08-20,NA
"7051050","CAP-DESPOIR","08-27","FWI",1994,2026,3.25833333333333,4.62844857721073,19,2009-08-27,NA,31.2,1995-08-20,NA
"7051050","CAP-DESPOIR","08-28","FWI",1994,2026,2.5875,2.88328202182709,11.4,2009-08-28,NA,31.2,1995-08-20,NA
"7051050","CAP-DESPOIR","08-29","FWI",1994,2026,3.22083333333333,2.95016273193998,10.5,2004-08-29,NA,31.2,1995-08-20,NA
"7051050","CAP-DESPOIR","08-30","FWI",1994,2026,2.9125,3.84699911280378,14.1,1994-08-30,NA,31.2,1995-08-20,NA
"7051050","CAP-DESPOIR","08-31","FWI",1994,2026,2.79583333333333,4.66508578295393,20,1994-08-31,NA,31.2,1995-08-20,NA
"7051050","CAP-DESPOIR","09-01","FWI",1994,2026,2.45416666666667,2.83778529179338,8.8,2000-09-01,NA,31.2,1995-08-20,NA
"7051050","CAP-DESPOIR","09-02","FWI",1994,2026,3.72916666666667,4.71043976223274,15.6,1996-09-02,NA,31.2,1995-08-20,NA
"7051050","CAP-DESPOIR","09-03","FWI",1994,2026,4.07916666666667,5.074315474646,18,1996-09-03,NA,31.2,1995-08-20,NA
"7051050","CAP-DESPOIR","09-04","FWI",1994,2026,2.84583333333333,3.49346958053808,14.7,2018-09-04,NA,31.2,1995-08-20,NA
"7051050","CAP-DESPOIR","09-05","FWI",1994,2026,3.07916666666667,5.03362425975617,24.3,2000-09-05,NA,31.2,1995-08-20,NA
"7051050","CAP-DESPOIR","09-06","FWI",1994,2026,4.872,6.58511705793197,24.6,1996-09-06,NA,31.2,1995-08-20,NA
"7051050","CAP-DESPOIR","09-07","FWI",1994,2026,4.088,5.73093360631582,25.3,1996-09-07,NA,31.2,1995-08-20,NA
"7051050","CAP-DESPOIR","09-08","FWI",1994,2026,2.92,3.77116250865256,15.6,2000-09-08,NA,31.2,1995-08-20,NA
"7051050","CAP-DESPOIR","09-09","FWI",1994,2026,3.476,5.83390092476724,26.5,2000-09-09,NA,31.2,1995-08-20,NA
"7051050","CAP-DESPOIR","09-10","FWI",1994,2026,2.456,4.00718937244881,16.4,2000-09-10,NA,31.2,1995-08-20,NA
"7051050","CAP-DESPOIR","09-11","FWI",1994,2026,2.076,2.45667118950285,7,2003-09-11,NA,31.2,1995-08-20,NA
"7051050","CAP-DESPOIR","09-12","FWI",1994,2026,1.972,2.68786160358007,8.6,1995-09-12,NA,31.2,1995-08-20,NA
"7051050","CAP-DESPOIR","09-13","FWI",1994,2026,2.044,2.77324719417509,9.3,2001-09-13,NA,31.2,1995-08-20,NA
"7051050","CAP-DESPOIR","09-14","FWI",1994,2026,2.4,3.47263108703857,13.3,1996-09-14,NA,31.2,1995-08-20,NA
"7051050","CAP-DESPOIR","09-15","FWI",1994,2026,2.44,3.10711548975359,13.4,1996-09-15,NA,31.2,1995-08-20,NA
"7051050","CAP-DESPOIR","09-16","FWI",1994,2026,3.152,3.37171074283268,13.9,2020-09-16,NA,31.2,1995-08-20,NA
"7051050","CAP-DESPOIR","09-17","FWI",1994,2026,2.712,2.76214288792838,9.8,1998-09-17,NA,31.2,1995-08-20,NA
"7051050","CAP-DESPOIR","09-18","FWI",1994,2026,2.392,2.88976931028528,10.2,2001-09-18,NA,31.2,1995-08-20,NA
"7051050","CAP-DESPOIR","09-19","FWI",1994,2026,2.976,4.47355935842292,16.7,2001-09-19,NA,31.2,1995-08-20,NA
"7051050","CAP-DESPOIR","09-20","FWI",1994,2026,2.048,2.20191583248164,7.9,2001-09-20,NA,31.2,1995-08-20,NA
"7051050","CAP-DESPOIR","09-21","FWI",1994,2026,2.144,3.20911202671393,14.8,1996-09-21,NA,31.2,1995-08-20,NA
"7051050","CAP-DESPOIR","09-22","FWI",1994,2026,1.756,1.76519120777325,6.3,1996-09-22,NA,31.2,1995-08-20,NA
"7051050","CAP-DESPOIR","09-23","FWI",1994,2026,2.18,2.84619629212978,11.4,1996-09-23,NA,31.2,1995-08-20,NA
"7051050","CAP-DESPOIR","09-24","FWI",1994,2026,2.812,3.09102464133389,10,1996-09-24,NA,31.2,1995-08-20,NA
"7051050","CAP-DESPOIR","09-25","FWI",1994,2026,3.488,3.34692894058618,11.3,2018-09-25,NA,31.2,1995-08-20,NA
"7051050","CAP-DESPOIR","09-26","FWI",1994,2026,3.164,4.00841614606069,12.1,1996-09-26,NA,31.2,1995-08-20,NA
"7051050","CAP-DESPOIR","09-27","FWI",1994,2026,3.08,4.71363271090709,18.8,2015-09-27,NA,31.2,1995-08-20,NA
"7051050","CAP-DESPOIR","09-28","FWI",1994,2026,2.708,3.61903762529948,11.7,2015-09-28,NA,31.2,1995-08-20,NA
"7051050","CAP-DESPOIR","09-29","FWI",1994,2026,2.208,2.92288670096305,12.2,1996-09-29,NA,31.2,1995-08-20,NA
"7051050","CAP-DESPOIR","09-30","FWI",1994,2026,2.716,5.50989110600201,26.1,1996-09-30,NA,31.2,1995-08-20,NA
"7051050","CAP-DESPOIR","10-01","FWI",1994,2026,2.24,5.65589662800397,28.6,1996-10-01,NA,31.2,1995-08-20,NA
"7051050","CAP-DESPOIR","10-02","FWI",1994,2026,1.524,2.48785047782217,11.5,1996-10-02,NA,31.2,1995-08-20,NA
"7051050","CAP-DESPOIR","10-03","FWI",1994,2026,2.06,3.44867124170068,13.9,2013-10-03,NA,31.2,1995-08-20,NA
"7051050","CAP-DESPOIR","10-04","FWI",1994,2026,2.164,2.92131249041705,10.7,2013-10-04,NA,31.2,1995-08-20,NA
"7051050","CAP-DESPOIR","10-05","FWI",1994,2026,2.4,2.9640906418889,8.2,1996-10-05,NA,31.2,1995-08-20,NA
"7051050","CAP-DESPOIR","10-06","FWI",1994,2026,2.796,4.26316392678802,19.7,1996-10-06,NA,31.2,1995-08-20,NA
"7051050","CAP-DESPOIR","10-07","FWI",1994,2026,2.312,2.56828736709894,8.9,1996-10-07,NA,31.2,1995-08-20,NA
"7051050","CAP-DESPOIR","10-08","FWI",1994,2026,2.216,3.0484531596642,10.9,1997-10-08,NA,31.2,1995-08-20,NA
"7051050","CAP-DESPOIR","10-09","FWI",1994,2026,1.452,1.91357431699599,8.6,2016-10-09,NA,31.2,1995-08-20,NA
"7051050","CAP-DESPOIR","10-10","FWI",1994,2026,1.92,3.80208276255703,18.9,2016-10-10,NA,31.2,1995-08-20,NA
"7051050","CAP-DESPOIR","10-11","FWI",1994,2026,2.184,2.8388201774681,9.5,2022-10-11,NA,31.2,1995-08-20,NA
"7051050","CAP-DESPOIR","10-12","FWI",1994,2026,2.02916666666667,2.17645087373851,7.2,2017-10-12,NA,31.2,1995-08-20,NA
"7051050","CAP-DESPOIR","10-13","FWI",1994,2026,2.1125,2.83093355319561,11.1,2016-10-13,NA,31.2,1995-08-20,NA
"7051050","CAP-DESPOIR","10-14","FWI",1994,2026,1.97916666666667,2.80480630450609,9.6,1994-10-14,NA,31.2,1995-08-20,NA
"7051050","CAP-DESPOIR","10-15","FWI",1994,2026,2.16666666666667,3.75217811140545,16.9,1994-10-15,NA,31.2,1995-08-20,NA
"7051050","CAP-DESPOIR","10-16","FWI",1994,2026,2.08,4.78243313248253,22.9,1994-10-16,NA,31.2,1995-08-20,NA
"7051050","CAP-DESPOIR","10-17","FWI",1994,2026,1.384,2.86758899890948,13.5,1994-10-17,NA,31.2,1995-08-20,NA
"7051050","CAP-DESPOIR","10-18","FWI",1994,2026,1.428,2.11335436372291,8.4,1994-10-18,NA,31.2,1995-08-20,NA
"7051050","CAP-DESPOIR","10-19","FWI",1994,2026,1.09583333333333,1.34890589050878,5.6,1997-10-19,NA,31.2,1995-08-20,NA
"7051050","CAP-DESPOIR","10-20","FWI",1994,2026,1.64,2.16043977004683,8.8,2017-10-20,NA,31.2,1995-08-20,NA
"7051050","CAP-DESPOIR","10-21","FWI",1994,2026,1.24,1.6474728121176,6.4,2008-10-21,NA,31.2,1995-08-20,NA
"7051050","CAP-DESPOIR","10-22","FWI",1994,2026,1.1,1.19861030642435,4.1,2014-10-22,NA,31.2,1995-08-20,NA
"7051050","CAP-DESPOIR","10-23","FWI",1994,2026,1.62916666666667,3.08664432489488,14.3,1997-10-23,NA,31.2,1995-08-20,NA
"7051050","CAP-DESPOIR","10-24","FWI",1994,2026,1.43913043478261,2.55445050672436,10,2014-10-24,NA,31.2,1995-08-20,NA
"7051050","CAP-DESPOIR","10-25","FWI",1994,2026,1.0125,1.56352792274951,7.2,2024-10-25,NA,31.2,1995-08-20,NA
"7051050","CAP-DESPOIR","10-26","FWI",1994,2026,1.1,1.45916642870739,5.8,2024-10-26,NA,31.2,1995-08-20,NA
"7051050","CAP-DESPOIR","10-27","FWI",1994,2026,0.9,1.61779872891306,7.6,2024-10-27,NA,31.2,1995-08-20,NA
"7051050","CAP-DESPOIR","10-28","FWI",1994,2026,0.745,1.12879768361134,8.6,2024-10-28,NA,31.2,1995-08-20,NA
"7051050","CAP-DESPOIR","10-29","FWI",1994,2026,1.4,2.4,9,1999-10-29,NA,31.2,1995-08-20,NA
"7051050","CAP-DESPOIR","10-30","FWI",1994,2026,1.50454545454545,3.23116922265835,13.7,1994-10-30,NA,31.2,1995-08-20,NA
"7051050","CAP-DESPOIR","10-31","FWI",1994,2026,0.805263157894737,1.68241680798471,6.6,1994-10-31,NA,31.2,1995-08-20,NA
"7051050","CAP-DESPOIR","04-01","ISI",1994,2026,NA,NA,NA,NA,NA,25.8,1994-10-16,NA
"7051050","CAP-DESPOIR","04-02","ISI",1994,2026,NA,NA,NA,NA,NA,25.8,1994-10-16,NA
"7051050","CAP-DESPOIR","04-03","ISI",1994,2026,NA,NA,NA,NA,NA,25.8,1994-10-16,NA
"7051050","CAP-DESPOIR","04-04","ISI",1994,2026,NA,NA,NA,NA,NA,25.8,1994-10-16,NA
"7051050","CAP-DESPOIR","04-05","ISI",1994,2026,NA,NA,NA,NA,NA,25.8,1994-10-16,NA
"7051050","CAP-DESPOIR","04-06","ISI",1994,2026,NA,NA,NA,NA,NA,25.8,1994-10-16,NA
"7051050","CAP-DESPOIR","04-07","ISI",1994,2026,NA,NA,NA,NA,NA,25.8,1994-10-16,NA
"7051050","CAP-DESPOIR","04-08","ISI",1994,2026,NA,NA,NA,NA,NA,25.8,1994-10-16,NA
"7051050","CAP-DESPOIR","04-09","ISI",1994,2026,NA,NA,NA,NA,NA,25.8,1994-10-16,NA
"7051050","CAP-DESPOIR","04-10","ISI",1994,2026,NA,NA,NA,NA,NA,25.8,1994-10-16,NA
"7051050","CAP-DESPOIR","04-11","ISI",1994,2026,NA,NA,NA,NA,NA,25.8,1994-10-16,NA
"7051050","CAP-DESPOIR","04-12","ISI",1994,2026,NA,NA,NA,NA,NA,25.8,1994-10-16,NA
"7051050","CAP-DESPOIR","04-13","ISI",1994,2026,NA,NA,NA,NA,NA,25.8,1994-10-16,NA
"7051050","CAP-DESPOIR","04-14","ISI",1994,2026,NA,NA,NA,NA,NA,25.8,1994-10-16,NA
"7051050","CAP-DESPOIR","04-15","ISI",1994,2026,NA,NA,NA,NA,NA,25.8,1994-10-16,NA
"7051050","CAP-DESPOIR","04-16","ISI",1994,2026,NA,NA,NA,NA,NA,25.8,1994-10-16,NA
"7051050","CAP-DESPOIR","04-17","ISI",1994,2026,NA,NA,NA,NA,NA,25.8,1994-10-16,NA
"7051050","CAP-DESPOIR","04-18","ISI",1994,2026,NA,NA,NA,NA,NA,25.8,1994-10-16,NA
"7051050","CAP-DESPOIR","04-19","ISI",1994,2026,NA,NA,NA,NA,NA,25.8,1994-10-16,NA
"7051050","CAP-DESPOIR","04-20","ISI",1994,2026,NA,NA,NA,NA,NA,25.8,1994-10-16,NA
"7051050","CAP-DESPOIR","04-21","ISI",1994,2026,NA,NA,NA,NA,NA,25.8,1994-10-16,NA
"7051050","CAP-DESPOIR","04-22","ISI",1994,2026,NA,NA,NA,NA,NA,25.8,1994-10-16,NA
"7051050","CAP-DESPOIR","04-23","ISI",1994,2026,NA,NA,NA,NA,NA,25.8,1994-10-16,NA
"7051050","CAP-DESPOIR","04-24","ISI",1994,2026,NA,NA,NA,NA,NA,25.8,1994-10-16,NA
"7051050","CAP-DESPOIR","04-25","ISI",1994,2026,NA,NA,NA,NA,NA,25.8,1994-10-16,NA
"7051050","CAP-DESPOIR","04-26","ISI",1994,2026,NA,NA,NA,NA,NA,25.8,1994-10-16,NA
"7051050","CAP-DESPOIR","04-27","ISI",1994,2026,NA,NA,NA,NA,NA,25.8,1994-10-16,NA
"7051050","CAP-DESPOIR","04-28","ISI",1994,2026,NA,NA,NA,NA,NA,25.8,1994-10-16,NA
"7051050","CAP-DESPOIR","04-29","ISI",1994,2026,NA,NA,NA,NA,NA,25.8,1994-10-16,NA
"7051050","CAP-DESPOIR","04-30","ISI",1994,2026,NA,NA,NA,NA,NA,25.8,1994-10-16,NA
"7051050","CAP-DESPOIR","05-01","ISI",1994,2026,NA,NA,NA,NA,NA,25.8,1994-10-16,NA
"7051050","CAP-DESPOIR","05-02","ISI",1994,2026,NA,NA,NA,NA,NA,25.8,1994-10-16,NA
"7051050","CAP-DESPOIR","05-03","ISI",1994,2026,NA,NA,NA,NA,NA,25.8,1994-10-16,NA
"7051050","CAP-DESPOIR","05-04","ISI",1994,2026,NA,NA,NA,NA,NA,25.8,1994-10-16,NA
"7051050","CAP-DESPOIR","05-05","ISI",1994,2026,NA,NA,NA,NA,NA,25.8,1994-10-16,NA
"7051050","CAP-DESPOIR","05-06","ISI",1994,2026,3.2,NA,3.2,1999-05-06,NA,25.8,1994-10-16,NA
"7051050","CAP-DESPOIR","05-07","ISI",1994,2026,5,NA,5,1999-05-07,NA,25.8,1994-10-16,NA
"7051050","CAP-DESPOIR","05-08","ISI",1994,2026,3.6,NA,3.6,1999-05-08,NA,25.8,1994-10-16,NA
"7051050","CAP-DESPOIR","05-09","ISI",1994,2026,12.1,13.717871555019,21.8,2007-05-09,NA,25.8,1994-10-16,NA
"7051050","CAP-DESPOIR","05-10","ISI",1994,2026,3.75,1.90918830920368,5.1,2007-05-10,NA,25.8,1994-10-16,NA
"7051050","CAP-DESPOIR","05-11","ISI",1994,2026,3.55,2.61629509039023,5.4,1999-05-11,NA,25.8,1994-10-16,NA
"7051050","CAP-DESPOIR","05-12","ISI",1994,2026,2.6,0.14142135623731,2.7,1999-05-12,NA,25.8,1994-10-16,NA
"7051050","CAP-DESPOIR","05-13","ISI",1994,2026,2.75,1.48492424049175,3.8,1999-05-13,NA,25.8,1994-10-16,NA
"7051050","CAP-DESPOIR","05-14","ISI",1994,2026,4.2,0.14142135623731,4.3,2007-05-14,NA,25.8,1994-10-16,NA
"7051050","CAP-DESPOIR","05-15","ISI",1994,2026,1.55,1.06066017177982,2.3,1999-05-15,NA,25.8,1994-10-16,NA
"7051050","CAP-DESPOIR","05-16","ISI",1994,2026,3.4,3.39411254969543,5.8,1999-05-16,NA,25.8,1994-10-16,NA
"7051050","CAP-DESPOIR","05-17","ISI",1994,2026,2.8,1.97989898732233,4.2,1999-05-17,NA,25.8,1994-10-16,NA
"7051050","CAP-DESPOIR","05-18","ISI",1994,2026,3.4,1.83847763108502,4.7,1999-05-18,NA,25.8,1994-10-16,NA
"7051050","CAP-DESPOIR","05-19","ISI",1994,2026,2.2,3.11126983722081,4.4,1999-05-19,NA,25.8,1994-10-16,NA
"7051050","CAP-DESPOIR","05-20","ISI",1994,2026,0.05,0.0707106781186548,0.1,2007-05-20,NA,25.8,1994-10-16,NA
"7051050","CAP-DESPOIR","05-21","ISI",1994,2026,0.2,0.282842712474619,0.4,1999-05-21,NA,25.8,1994-10-16,NA
"7051050","CAP-DESPOIR","05-22","ISI",1994,2026,1.4,NA,1.4,1999-05-22,NA,25.8,1994-10-16,NA
"7051050","CAP-DESPOIR","05-23","ISI",1994,2026,0.7,0,0.7,1999-05-23,NA,25.8,1994-10-16,NA
"7051050","CAP-DESPOIR","05-24","ISI",1994,2026,1.95,0.777817459305202,2.5,2007-05-24,NA,25.8,1994-10-16,NA
"7051050","CAP-DESPOIR","05-25","ISI",1994,2026,0.5,0.707106781186548,1,2007-05-25,NA,25.8,1994-10-16,NA
"7051050","CAP-DESPOIR","05-26","ISI",1994,2026,0.55,0.777817459305202,1.1,2007-05-26,NA,25.8,1994-10-16,NA
"7051050","CAP-DESPOIR","05-27","ISI",1994,2026,1.15,1.62634559672906,2.3,2007-05-27,NA,25.8,1994-10-16,NA
"7051050","CAP-DESPOIR","05-28","ISI",1994,2026,1.45,0.777817459305202,2,2007-05-28,NA,25.8,1994-10-16,NA
"7051050","CAP-DESPOIR","05-29","ISI",1994,2026,0.85,0.494974746830583,11.2,2025-05-29,NA,25.8,1994-10-16,NA
"7051050","CAP-DESPOIR","05-30","ISI",1994,2026,2.06666666666667,2.17332310836041,4.4,2010-05-30,NA,25.8,1994-10-16,NA
"7051050","CAP-DESPOIR","05-31","ISI",1994,2026,2.36666666666667,1.35769412362775,3.2,2007-05-31,NA,25.8,1994-10-16,NA
"7051050","CAP-DESPOIR","06-01","ISI",1994,2026,1.725,1.95170865312082,4.4,2002-06-01,NA,25.8,1994-10-16,NA
"7051050","CAP-DESPOIR","06-02","ISI",1994,2026,2.91666666666667,2.94103156505786,6.6,1997-06-02,NA,25.8,1994-10-16,NA
"7051050","CAP-DESPOIR","06-03","ISI",1994,2026,2.45,2.55166612236005,6.6,1997-06-03,NA,25.8,1994-10-16,NA
"7051050","CAP-DESPOIR","06-04","ISI",1994,2026,1.64285714285714,1.40220914138743,3.8,1997-06-04,NA,25.8,1994-10-16,NA
"7051050","CAP-DESPOIR","06-05","ISI",1994,2026,1.85714285714286,1.93033429130565,4.8,2002-06-05,NA,25.8,1994-10-16,NA
"7051050","CAP-DESPOIR","06-06","ISI",1994,2026,1.54285714285714,1.78499032943892,4.3,1997-06-06,NA,25.8,1994-10-16,NA
"7051050","CAP-DESPOIR","06-07","ISI",1994,2026,1.48571428571429,1.38374922032929,3.5,2006-06-07,NA,25.8,1994-10-16,NA
"7051050","CAP-DESPOIR","06-08","ISI",1994,2026,1.98333333333333,1.83893084879956,23.5,2021-06-08,NA,25.8,1994-10-16,NA
"7051050","CAP-DESPOIR","06-09","ISI",1994,2026,2.01428571428571,2.02848759048753,7.9,2021-06-09,NA,25.8,1994-10-16,NA
"7051050","CAP-DESPOIR","06-10","ISI",1994,2026,3.01428571428571,3.23956199273326,7.5,1996-06-10,NA,25.8,1994-10-16,NA
"7051050","CAP-DESPOIR","06-11","ISI",1994,2026,2.67142857142857,2.79804353415876,6.4,1996-06-11,2.5,25.8,1994-10-16,NA
"7051050","CAP-DESPOIR","06-12","ISI",1994,2026,3.17142857142857,3.88960764332955,11,2010-06-12,10.9,25.8,1994-10-16,NA
"7051050","CAP-DESPOIR","06-13","ISI",1994,2026,2.18888888888889,1.65260736749874,6,2025-06-13,0,25.8,1994-10-16,NA
"7051050","CAP-DESPOIR","06-14","ISI",1994,2026,1.95555555555556,1.57885331103867,4.9,2010-06-14,0,25.8,1994-10-16,NA
"7051050","CAP-DESPOIR","06-15","ISI",1994,2026,3.04545454545455,4.6364563270592,16.8,2010-06-15,0,25.8,1994-10-16,NA
"7051050","CAP-DESPOIR","06-16","ISI",1994,2026,2.59166666666667,2.36006869442909,8.4,1999-06-16,0,25.8,1994-10-16,NA
"7051050","CAP-DESPOIR","06-17","ISI",1994,2026,2.68461538461538,1.74921227692456,5.8,2025-06-17,0,25.8,1994-10-16,NA
"7051050","CAP-DESPOIR","06-18","ISI",1994,2026,2.43571428571429,3.90711523384574,15.3,2010-06-18,0,25.8,1994-10-16,NA
"7051050","CAP-DESPOIR","06-19","ISI",1994,2026,2.21428571428571,2.1894351722822,7,1994-06-19,0,25.8,1994-10-16,NA
"7051050","CAP-DESPOIR","06-20","ISI",1994,2026,2.79333333333333,3.57060752467113,14.1,1995-06-20,0,25.8,1994-10-16,NA
"7051050","CAP-DESPOIR","06-21","ISI",1994,2026,2.63529411764706,4.12794458182135,17.1,1995-06-21,0,25.8,1994-10-16,NA
"7051050","CAP-DESPOIR","06-22","ISI",1994,2026,2.27368421052632,2.32805166639478,9.2,2013-06-22,0.2,25.8,1994-10-16,NA
"7051050","CAP-DESPOIR","06-23","ISI",1994,2026,2.52,2.96747278620076,10.8,2003-06-23,0.4,25.8,1994-10-16,NA
"7051050","CAP-DESPOIR","06-24","ISI",1994,2026,1.81428571428571,2.51083366917956,8.3,2018-06-24,0.9,25.8,1994-10-16,NA
"7051050","CAP-DESPOIR","06-25","ISI",1994,2026,1.4952380952381,2.61332665208087,11.6,2013-06-25,0,25.8,1994-10-16,NA
"7051050","CAP-DESPOIR","06-26","ISI",1994,2026,1.73333333333333,1.56822617416409,6.5,2013-06-26,0,25.8,1994-10-16,NA
"7051050","CAP-DESPOIR","06-27","ISI",1994,2026,2.19545454545455,2.32327299355831,10.6,1998-06-27,0.1,25.8,1994-10-16,NA
"7051050","CAP-DESPOIR","06-28","ISI",1994,2026,2.84090909090909,4.56129253725187,18.9,2001-06-28,0.3,25.8,1994-10-16,NA
"7051050","CAP-DESPOIR","06-29","ISI",1994,2026,1.88636363636364,2.03078578611603,7.5,1998-06-29,0.8,25.8,1994-10-16,NA
"7051050","CAP-DESPOIR","06-30","ISI",1994,2026,1.60909090909091,1.93265400813273,7.4,2014-06-30,0.8,25.8,1994-10-16,NA
"7051050","CAP-DESPOIR","07-01","ISI",1994,2026,1.05909090909091,1.09006731592446,3.9,2005-07-01,0.2,25.8,1994-10-16,NA
"7051050","CAP-DESPOIR","07-02","ISI",1994,2026,1.18695652173913,1.73580066613917,6,2014-07-02,0,25.8,1994-10-16,NA
"7051050","CAP-DESPOIR","07-03","ISI",1994,2026,1.23478260869565,1.50683554500277,5.6,2013-07-03,0,25.8,1994-10-16,NA
"7051050","CAP-DESPOIR","07-04","ISI",1994,2026,1.53913043478261,2.55605148803504,9.7,2013-07-04,0.6,25.8,1994-10-16,NA
"7051050","CAP-DESPOIR","07-05","ISI",1994,2026,1.25652173913043,2.01963680059661,9,2022-07-05,0.9,25.8,1994-10-16,NA
"7051050","CAP-DESPOIR","07-06","ISI",1994,2026,1.14347826086957,1.96765344485542,9,2013-07-06,1.7,25.8,1994-10-16,NA
"7051050","CAP-DESPOIR","07-07","ISI",1994,2026,1.21304347826087,1.99483522851708,10,2021-07-07,1.2,25.8,1994-10-16,NA
"7051050","CAP-DESPOIR","07-08","ISI",1994,2026,1.77826086956522,2.73328914775173,12,2013-07-08,3,25.8,1994-10-16,NA
"7051050","CAP-DESPOIR","07-09","ISI",1994,2026,1.57826086956522,1.96537216502004,8,2018-07-09,1,25.8,1994-10-16,NA
"7051050","CAP-DESPOIR","07-10","ISI",1994,2026,1.71304347826087,2.21611952988799,9,2003-07-10,1.3,25.8,1994-10-16,NA
"7051050","CAP-DESPOIR","07-11","ISI",1994,2026,1.57826086956522,1.79366474057473,6,2018-07-11,1.7,25.8,1994-10-16,NA
"7051050","CAP-DESPOIR","07-12","ISI",1994,2026,1.67391304347826,1.82886387765846,7.2,2016-07-12,1.9,25.8,1994-10-16,NA
"7051050","CAP-DESPOIR","07-13","ISI",1994,2026,1.32173913043478,1.09459686300031,7.1,2022-07-13,4.3,25.8,1994-10-16,NA
"7051050","CAP-DESPOIR","07-14","ISI",1994,2026,1.98260869565217,2.74799963178392,12,1994-07-14,4.1,25.8,1994-10-16,NA
"7051050","CAP-DESPOIR","07-15","ISI",1994,2026,2.46521739130435,3.10433841519372,13.2,1995-07-15,1.5,25.8,1994-10-16,NA
"7051050","CAP-DESPOIR","07-16","ISI",1994,2026,1.74782608695652,2.92836745788152,14.3,1995-07-16,7.8,25.8,1994-10-16,NA
"7051050","CAP-DESPOIR","07-17","ISI",1994,2026,1.5695652173913,1.54902749039774,6.1,1995-07-17,4.1,25.8,1994-10-16,NA
"7051050","CAP-DESPOIR","07-18","ISI",1994,2026,2.0875,2.68300812684115,12.6,2013-07-18,6.5,25.8,1994-10-16,NA
"7051050","CAP-DESPOIR","07-19","ISI",1994,2026,1.47916666666667,1.68780257620134,7,2013-07-19,0,25.8,1994-10-16,NA
"7051050","CAP-DESPOIR","07-20","ISI",1994,2026,1.6,1.77102279463886,7.9,1999-07-20,2.2,25.8,1994-10-16,NA
"7051050","CAP-DESPOIR","07-21","ISI",1994,2026,1.45,1.59482859921358,16.7,2024-07-21,0.9,25.8,1994-10-16,NA
"7051050","CAP-DESPOIR","07-22","ISI",1994,2026,1.77083333333333,1.61957567353886,9.7,2024-07-22,0,25.8,1994-10-16,NA
"7051050","CAP-DESPOIR","07-23","ISI",1994,2026,2.0375,2.22452975001362,7.8,2014-07-23,0.8,25.8,1994-10-16,NA
"7051050","CAP-DESPOIR","07-24","ISI",1994,2026,1.42916666666667,1.7341779575366,5.9,2014-07-24,1.6,25.8,1994-10-16,NA
"7051050","CAP-DESPOIR","07-25","ISI",1994,2026,1.55,1.70395958310917,7.1,2014-07-25,1.2,25.8,1994-10-16,NA
"7051050","CAP-DESPOIR","07-26","ISI",1994,2026,1.69166666666667,1.96732364364397,7.4,2001-07-26,2.9,25.8,1994-10-16,NA
"7051050","CAP-DESPOIR","07-27","ISI",1994,2026,1.4875,1.81427012513477,8.1,2001-07-27,3.9,25.8,1994-10-16,NA
"7051050","CAP-DESPOIR","07-28","ISI",1994,2026,1.60833333333333,1.94397993071289,7.7,2012-07-28,1.4,25.8,1994-10-16,NA
"7051050","CAP-DESPOIR","07-29","ISI",1994,2026,1.14583333333333,1.29513442870066,6.5,2024-07-29,1.7,25.8,1994-10-16,NA
"7051050","CAP-DESPOIR","07-30","ISI",1994,2026,1.79166666666667,1.77075681846631,9.5,2024-07-30,3.1,25.8,1994-10-16,NA
"7051050","CAP-DESPOIR","07-31","ISI",1994,2026,1.70833333333333,1.61861902133636,5.2,2025-07-31,0,25.8,1994-10-16,NA
"7051050","CAP-DESPOIR","08-01","ISI",1994,2026,2.10416666666667,1.85389816489394,5.9,2016-08-01,0.5,25.8,1994-10-16,NA
"7051050","CAP-DESPOIR","08-02","ISI",1994,2026,2.2375,1.71611606478877,7.5,1995-08-02,0.6,25.8,1994-10-16,NA
"7051050","CAP-DESPOIR","08-03","ISI",1994,2026,1.9625,2.50353011635136,12.8,2006-08-03,1.3,25.8,1994-10-16,NA
"7051050","CAP-DESPOIR","08-04","ISI",1994,2026,2.07916666666667,1.35742056110483,6.7,2023-08-04,0.3,25.8,1994-10-16,NA
"7051050","CAP-DESPOIR","08-05","ISI",1994,2026,2.46666666666667,2.77624498772786,11.6,1995-08-05,1.4,25.8,1994-10-16,NA
"7051050","CAP-DESPOIR","08-06","ISI",1994,2026,2.2,1.88909916419809,6,2001-08-06,1.1,25.8,1994-10-16,NA
"7051050","CAP-DESPOIR","08-07","ISI",1994,2026,2.84166666666667,2.97977481884361,8.9,2005-08-07,2.3,25.8,1994-10-16,NA
"7051050","CAP-DESPOIR","08-08","ISI",1994,2026,2.8125,3.65457575007599,16.8,2001-08-08,NA,25.8,1994-10-16,NA
"7051050","CAP-DESPOIR","08-09","ISI",1994,2026,2.15,2.05637925786415,7.1,2005-08-09,NA,25.8,1994-10-16,NA
"7051050","CAP-DESPOIR","08-10","ISI",1994,2026,1.9125,1.54309471658347,5.9,2001-08-10,NA,25.8,1994-10-16,NA
"7051050","CAP-DESPOIR","08-11","ISI",1994,2026,2.2,2.21575387112181,9,1994-08-11,NA,25.8,1994-10-16,NA
"7051050","CAP-DESPOIR","08-12","ISI",1994,2026,1.99166666666667,1.99650056167125,9.7,1994-08-12,NA,25.8,1994-10-16,NA
"7051050","CAP-DESPOIR","08-13","ISI",1994,2026,1.94166666666667,1.3953078721096,5.5,2006-08-13,NA,25.8,1994-10-16,NA
"7051050","CAP-DESPOIR","08-14","ISI",1994,2026,2.33333333333333,2.44694426415561,10.7,2006-08-14,NA,25.8,1994-10-16,NA
"7051050","CAP-DESPOIR","08-15","ISI",1994,2026,2.07826086956522,1.55328289343428,4.7,1995-08-15,NA,25.8,1994-10-16,NA
"7051050","CAP-DESPOIR","08-16","ISI",1994,2026,2.07083333333333,1.94321096141919,6.6,2010-08-16,NA,25.8,1994-10-16,NA
"7051050","CAP-DESPOIR","08-17","ISI",1994,2026,2.29166666666667,2.10215555347707,7.2,1994-08-17,NA,25.8,1994-10-16,NA
"7051050","CAP-DESPOIR","08-18","ISI",1994,2026,2.26666666666667,1.57277563193413,5.2,1995-08-18,NA,25.8,1994-10-16,NA
"7051050","CAP-DESPOIR","08-19","ISI",1994,2026,2.45,1.94913581742848,7.3,1996-08-19,NA,25.8,1994-10-16,NA
"7051050","CAP-DESPOIR","08-20","ISI",1994,2026,2.9,3.72908661156076,19,1995-08-20,NA,25.8,1994-10-16,NA
"7051050","CAP-DESPOIR","08-21","ISI",1994,2026,2.24583333333333,1.48176720775263,5.1,2007-08-21,NA,25.8,1994-10-16,NA
"7051050","CAP-DESPOIR","08-22","ISI",1994,2026,1.77916666666667,1.32926235401335,5.1,2012-08-22,NA,25.8,1994-10-16,NA
"7051050","CAP-DESPOIR","08-23","ISI",1994,2026,2.51666666666667,2.64520347974884,11.2,2006-08-23,NA,25.8,1994-10-16,NA
"7051050","CAP-DESPOIR","08-24","ISI",1994,2026,2.16666666666667,1.72618369385403,6.5,2006-08-24,NA,25.8,1994-10-16,NA
"7051050","CAP-DESPOIR","08-25","ISI",1994,2026,2.37083333333333,1.91526571358211,7.4,2004-08-25,NA,25.8,1994-10-16,NA
"7051050","CAP-DESPOIR","08-26","ISI",1994,2026,2.6125,1.99898071852719,7.5,2002-08-26,NA,25.8,1994-10-16,NA
"7051050","CAP-DESPOIR","08-27","ISI",1994,2026,2.69583333333333,4.39253112796539,21.5,2009-08-27,NA,25.8,1994-10-16,NA
"7051050","CAP-DESPOIR","08-28","ISI",1994,2026,2.09583333333333,2.2144739618104,9.8,2009-08-28,NA,25.8,1994-10-16,NA
"7051050","CAP-DESPOIR","08-29","ISI",1994,2026,2.38333333333333,1.8749299503823,7.6,2004-08-29,NA,25.8,1994-10-16,NA
"7051050","CAP-DESPOIR","08-30","ISI",1994,2026,2.14583333333333,2.22358487810673,8.9,1994-08-30,NA,25.8,1994-10-16,NA
"7051050","CAP-DESPOIR","08-31","ISI",1994,2026,2.07916666666667,2.84635222951987,13,1994-08-31,NA,25.8,1994-10-16,NA
"7051050","CAP-DESPOIR","09-01","ISI",1994,2026,1.94583333333333,1.52827813501699,5.8,2000-09-01,NA,25.8,1994-10-16,NA
"7051050","CAP-DESPOIR","09-02","ISI",1994,2026,2.64583333333333,2.35186866807738,8,1996-09-02,NA,25.8,1994-10-16,NA
"7051050","CAP-DESPOIR","09-03","ISI",1994,2026,2.93333333333333,2.51165399629436,9.4,1996-09-03,NA,25.8,1994-10-16,NA
"7051050","CAP-DESPOIR","09-04","ISI",1994,2026,2.15,1.92376442560345,8.6,2018-09-04,NA,25.8,1994-10-16,NA
"7051050","CAP-DESPOIR","09-05","ISI",1994,2026,2.42083333333333,3.59939356808491,17.6,2000-09-05,NA,25.8,1994-10-16,NA
"7051050","CAP-DESPOIR","09-06","ISI",1994,2026,3.796,3.8678676295861,12.8,1996-09-06,NA,25.8,1994-10-16,NA
"7051050","CAP-DESPOIR","09-07","ISI",1994,2026,3.248,3.07816503781068,13.1,1996-09-07,NA,25.8,1994-10-16,NA
"7051050","CAP-DESPOIR","09-08","ISI",1994,2026,2.316,2.03381415080139,8.6,2000-09-08,NA,25.8,1994-10-16,NA
"7051050","CAP-DESPOIR","09-09","ISI",1994,2026,2.812,3.72181855190891,16.6,2000-09-09,NA,25.8,1994-10-16,NA
"7051050","CAP-DESPOIR","09-10","ISI",1994,2026,2.028,2.45008843377812,8.3,2000-09-10,NA,25.8,1994-10-16,NA
"7051050","CAP-DESPOIR","09-11","ISI",1994,2026,1.788,1.76548388079114,4.9,2003-09-11,NA,25.8,1994-10-16,NA
"7051050","CAP-DESPOIR","09-12","ISI",1994,2026,1.828,1.95927707756373,8.3,1995-09-12,NA,25.8,1994-10-16,NA
"7051050","CAP-DESPOIR","09-13","ISI",1994,2026,2.004,1.89417528227986,7.1,2006-09-13,NA,25.8,1994-10-16,NA
"7051050","CAP-DESPOIR","09-14","ISI",1994,2026,2.368,2.67063038750529,12.4,2020-09-14,NA,25.8,1994-10-16,NA
"7051050","CAP-DESPOIR","09-15","ISI",1994,2026,2.024,1.93977661944187,7.2,1996-09-15,NA,25.8,1994-10-16,NA
"7051050","CAP-DESPOIR","09-16","ISI",1994,2026,2.784,3.01450382871433,14.5,2020-09-16,NA,25.8,1994-10-16,NA
"7051050","CAP-DESPOIR","09-17","ISI",1994,2026,2.496,2.15667181864403,10.4,1998-09-17,NA,25.8,1994-10-16,NA
"7051050","CAP-DESPOIR","09-18","ISI",1994,2026,2.06,1.87060596242679,5.9,2001-09-18,NA,25.8,1994-10-16,NA
"7051050","CAP-DESPOIR","09-19","ISI",1994,2026,2.748,2.72872375540899,10.5,2001-09-19,NA,25.8,1994-10-16,NA
"7051050","CAP-DESPOIR","09-20","ISI",1994,2026,2.136,1.69800863759091,6.6,2014-09-20,NA,25.8,1994-10-16,NA
"7051050","CAP-DESPOIR","09-21","ISI",1994,2026,1.968,1.88164821366801,7.1,1996-09-21,NA,25.8,1994-10-16,NA
"7051050","CAP-DESPOIR","09-22","ISI",1994,2026,1.784,1.31360826225579,4.5,1997-09-22,NA,25.8,1994-10-16,NA
"7051050","CAP-DESPOIR","09-23","ISI",1994,2026,1.892,1.84343881554736,6.7,2010-09-23,NA,25.8,1994-10-16,NA
"7051050","CAP-DESPOIR","09-24","ISI",1994,2026,2.576,2.36136965904677,8.4,2007-09-24,NA,25.8,1994-10-16,NA
"7051050","CAP-DESPOIR","09-25","ISI",1994,2026,3.064,2.62565547371826,8.6,2018-09-25,NA,25.8,1994-10-16,NA
"7051050","CAP-DESPOIR","09-26","ISI",1994,2026,2.6,2.64606626271276,8.5,2015-09-26,NA,25.8,1994-10-16,NA
"7051050","CAP-DESPOIR","09-27","ISI",1994,2026,2.676,3.72192602469922,16.2,2015-09-27,NA,25.8,1994-10-16,NA
"7051050","CAP-DESPOIR","09-28","ISI",1994,2026,2.344,2.69877750101782,9.3,2014-09-28,NA,25.8,1994-10-16,NA
"7051050","CAP-DESPOIR","09-29","ISI",1994,2026,2.12,1.804854564778,5.5,2000-09-29,NA,25.8,1994-10-16,NA
"7051050","CAP-DESPOIR","09-30","ISI",1994,2026,2.444,3.2579492527253,12.9,1996-09-30,NA,25.8,1994-10-16,NA
"7051050","CAP-DESPOIR","10-01","ISI",1994,2026,2,2.94590110718831,14.6,1996-10-01,NA,25.8,1994-10-16,NA
"7051050","CAP-DESPOIR","10-02","ISI",1994,2026,1.648,1.31247857125364,4.9,1999-10-02,NA,25.8,1994-10-16,NA
"7051050","CAP-DESPOIR","10-03","ISI",1994,2026,2.244,3.14656956064855,15.6,2013-10-03,NA,25.8,1994-10-16,NA
"7051050","CAP-DESPOIR","10-04","ISI",1994,2026,2.348,2.53740681273881,10.1,2013-10-04,NA,25.8,1994-10-16,NA
"7051050","CAP-DESPOIR","10-05","ISI",1994,2026,2.372,2.20218073736013,8.1,1999-10-05,NA,25.8,1994-10-16,NA
"7051050","CAP-DESPOIR","10-06","ISI",1994,2026,2.728,2.40113167763314,8.7,1998-10-06,NA,25.8,1994-10-16,NA
"7051050","CAP-DESPOIR","10-07","ISI",1994,2026,2.476,2.02634317593705,7.7,2007-10-07,NA,25.8,1994-10-16,NA
"7051050","CAP-DESPOIR","10-08","ISI",1994,2026,2.4,2.64779782712603,10.3,1997-10-08,NA,25.8,1994-10-16,NA
"7051050","CAP-DESPOIR","10-09","ISI",1994,2026,1.856,1.47763324272297,5,2022-10-09,NA,25.8,1994-10-16,NA
"7051050","CAP-DESPOIR","10-10","ISI",1994,2026,2.26,2.71630876988117,12.8,2016-10-10,NA,25.8,1994-10-16,NA
"7051050","CAP-DESPOIR","10-11","ISI",1994,2026,2.384,2.24121990591434,10,2022-10-11,NA,25.8,1994-10-16,NA
"7051050","CAP-DESPOIR","10-12","ISI",1994,2026,2.30833333333333,1.75398097919057,5.9,2017-10-12,NA,25.8,1994-10-16,NA
"7051050","CAP-DESPOIR","10-13","ISI",1994,2026,2.25833333333333,2.17693775083591,7.3,2010-10-13,NA,25.8,1994-10-16,NA
"7051050","CAP-DESPOIR","10-14","ISI",1994,2026,2.15833333333333,2.58034656699388,9.4,1994-10-14,NA,25.8,1994-10-16,NA
"7051050","CAP-DESPOIR","10-15","ISI",1994,2026,2.4,3.70158602904684,18.1,1994-10-15,NA,25.8,1994-10-16,NA
"7051050","CAP-DESPOIR","10-16","ISI",1994,2026,2.612,5.42327699212693,25.8,1994-10-16,NA,25.8,1994-10-16,NA
"7051050","CAP-DESPOIR","10-17","ISI",1994,2026,1.752,2.86983158623173,12.3,1994-10-17,NA,25.8,1994-10-16,NA
"7051050","CAP-DESPOIR","10-18","ISI",1994,2026,1.796,2.11255769151993,6.9,1994-10-18,NA,25.8,1994-10-16,NA
"7051050","CAP-DESPOIR","10-19","ISI",1994,2026,1.675,1.32410757477073,5.2,2003-10-19,NA,25.8,1994-10-16,NA
"7051050","CAP-DESPOIR","10-20","ISI",1994,2026,2.108,1.91396621356456,7.6,2017-10-20,NA,25.8,1994-10-16,NA
"7051050","CAP-DESPOIR","10-21","ISI",1994,2026,1.888,1.81781003774689,7.2,2008-10-21,NA,25.8,1994-10-16,NA
"7051050","CAP-DESPOIR","10-22","ISI",1994,2026,1.828,1.62211795707546,5.1,2015-10-22,NA,25.8,1994-10-16,NA
"7051050","CAP-DESPOIR","10-23","ISI",1994,2026,2.1375,2.56681370743879,10.4,1997-10-23,NA,25.8,1994-10-16,NA
"7051050","CAP-DESPOIR","10-24","ISI",1994,2026,1.99565217391304,2.45143339532193,11.2,2014-10-24,NA,25.8,1994-10-16,NA
"7051050","CAP-DESPOIR","10-25","ISI",1994,2026,1.87916666666667,1.83041434289252,8,1998-10-25,NA,25.8,1994-10-16,NA
"7051050","CAP-DESPOIR","10-26","ISI",1994,2026,1.808,1.48770516792363,5.8,2024-10-26,NA,25.8,1994-10-16,NA
"7051050","CAP-DESPOIR","10-27","ISI",1994,2026,1.53478260869565,1.98393747510811,9.1,1998-10-27,NA,25.8,1994-10-16,NA
"7051050","CAP-DESPOIR","10-28","ISI",1994,2026,1.445,1.75243439700021,8.3,2024-10-28,NA,25.8,1994-10-16,NA
"7051050","CAP-DESPOIR","10-29","ISI",1994,2026,2.1952380952381,3.96301352388258,16.1,1999-10-29,NA,25.8,1994-10-16,NA
"7051050","CAP-DESPOIR","10-30","ISI",1994,2026,2.07727272727273,3.74775257329634,16.9,1994-10-30,NA,25.8,1994-10-16,NA
"7051050","CAP-DESPOIR","10-31","ISI",1994,2026,1.44736842105263,1.99147305085474,6.9,1994-10-31,NA,25.8,1994-10-16,NA
