"MD","variable","PLOT_DATE","clim_mean","clim_min","clim_max","clim_sd","q10","q25","q75","q90","value","ECCC_SOURCE","ECCC_AES","ECCC_STATION_ID","ECCC_STATION_NAME","MONTH","clim_max_date","hover_value","hover_band","hover_histmax","hover_mean","AES","NAME","por_start","por_end"
"04-01","TMAX",2001-04-01,-5.6625,-15.4,3.8,5.28152440115541,-13.15,-8.8,-2.35,-0.7,-4.6,"NA (ECCC AES NA; station_id 43004)",NA,43004,"",4,2024-04-01,"DATE: Apr-01<br>Value: -4.6 °C<br>Anomaly: +1.1 °C<br>Weather station: NA (ECCC AES NA; station_id 43004)","DATE: Apr-01<br><b>Maximum temperature</b><br>10-90 percentile<br>-13.2 to -0.7 °C","Historical daily maximum<br>3.8 °C<br>2024-04-01","DATE: Apr-01</b><br>Normal: -5.7 °C<br>Period: 1991-2020","2202810","NORMAN+WELLS+CLIMATE",2004,2026
"04-01","TMIN",2001-04-01,-17.18125,-27.5,-5.7,6.51073152571967,-25.3,-22.425,-13.4,-8.95,-24.8,"NA (ECCC AES NA; station_id 43004)",NA,43004,"",4,2008-04-01,"DATE: Apr-01<br>Value: -24.8 °C<br>Anomaly: -7.6 °C<br>Weather station: NA (ECCC AES NA; station_id 43004)","DATE: Apr-01<br><b>Minimum temperature</b><br>10-90 percentile<br>-25.3 to -8.9 °C","Historical daily maximum<br>-5.7 °C<br>2008-04-01","DATE: Apr-01</b><br>Normal: -17.2 °C<br>Period: 1991-2020","2202810","NORMAN+WELLS+CLIMATE",2004,2026
"04-01","VPD",2001-04-01,0.247521401508444,0.0387329692533012,0.430607107685563,0.112963442111183,0.142659835419546,0.177811132286177,0.343038255273348,0.413539270161899,0.352753876148078,"NA (ECCC AES NA; station_id 43004)",NA,43004,"",4,2024-04-01,"DATE: Apr-01<br>Value: 0.4 kPa<br>Anomaly: +0.1 kPa<br>Weather station: NA (ECCC AES NA; station_id 43004)","DATE: Apr-01<br><b>Vapour pressure deficit</b><br>10-90 percentile<br>0.1 to 0.4 kPa","Historical daily maximum<br>0.4 kPa<br>2024-04-01","DATE: Apr-01</b><br>Normal: 0.2 kPa<br>Period: 1991-2020","2202810","NORMAN+WELLS+CLIMATE",2004,2026
"04-02","TMAX",2001-04-02,-6.9,-15.3,0.9,4.34659143960611,-11.3,-8.9,-4.15,-1.04,-7.3,"NA (ECCC AES NA; station_id 43004)",NA,43004,"",4,2008-04-02,"DATE: Apr-02<br>Value: -7.3 °C<br>Anomaly: -0.4 °C<br>Weather station: NA (ECCC AES NA; station_id 43004)","DATE: Apr-02<br><b>Maximum temperature</b><br>10-90 percentile<br>-11.3 to -1.0 °C","Historical daily maximum<br>0.9 °C<br>2008-04-02","DATE: Apr-02</b><br>Normal: -6.9 °C<br>Period: 1991-2020","2202810","NORMAN+WELLS+CLIMATE",2004,2026
"04-02","TMIN",2001-04-02,-18.88125,-28.6,-7,6.13484243209772,-26.5,-23.425,-15.15,-12.3,-25.8,"NA (ECCC AES NA; station_id 43004)",NA,43004,"",4,2010-04-02,"DATE: Apr-02<br>Value: -25.8 °C<br>Anomaly: -6.9 °C<br>Weather station: NA (ECCC AES NA; station_id 43004)","DATE: Apr-02<br><b>Minimum temperature</b><br>10-90 percentile<br>-26.5 to -12.3 °C","Historical daily maximum<br>-7.0 °C<br>2010-04-02","DATE: Apr-02</b><br>Normal: -18.9 °C<br>Period: 1991-2020","2202810","NORMAN+WELLS+CLIMATE",2004,2026
"04-02","VPD",2001-04-02,0.233093659197835,0.063679110801918,0.486748554952381,0.127170250524095,0.0958824927924891,0.136093062357955,0.280144377594152,0.416261750620515,0.278761567438348,"NA (ECCC AES NA; station_id 43004)",NA,43004,"",4,2006-04-02,"DATE: Apr-02<br>Value: 0.3 kPa<br>Anomaly: +0.0 kPa<br>Weather station: NA (ECCC AES NA; station_id 43004)","DATE: Apr-02<br><b>Vapour pressure deficit</b><br>10-90 percentile<br>0.1 to 0.4 kPa","Historical daily maximum<br>0.5 kPa<br>2006-04-02","DATE: Apr-02</b><br>Normal: 0.2 kPa<br>Period: 1991-2020","2202810","NORMAN+WELLS+CLIMATE",2004,2026
"04-03","TMAX",2001-04-03,-7.56428571428571,-15.7,1.9,5.1935769714371,-14.22,-10.9,-4.625,-1.27,-10.9,"NA (ECCC AES NA; station_id 43004)",NA,43004,"",4,2025-04-03,"DATE: Apr-03<br>Value: -10.9 °C<br>Anomaly: -3.3 °C<br>Weather station: NA (ECCC AES NA; station_id 43004)","DATE: Apr-03<br><b>Maximum temperature</b><br>10-90 percentile<br>-14.2 to -1.3 °C","Historical daily maximum<br>1.9 °C<br>2025-04-03","DATE: Apr-03</b><br>Normal: -7.6 °C<br>Period: 1991-2020","2202810","NORMAN+WELLS+CLIMATE",2004,2026
"04-03","TMIN",2001-04-03,-20.1428571428571,-32,-6.5,6.84506720602107,-27.37,-23.65,-14.55,-13.26,-15.6,"NA (ECCC AES NA; station_id 43004)",NA,43004,"",4,2010-04-03,"DATE: Apr-03<br>Value: -15.6 °C<br>Anomaly: +4.5 °C<br>Weather station: NA (ECCC AES NA; station_id 43004)","DATE: Apr-03<br><b>Minimum temperature</b><br>10-90 percentile<br>-27.4 to -13.3 °C","Historical daily maximum<br>-6.5 °C<br>2010-04-03","DATE: Apr-03</b><br>Normal: -20.1 °C<br>Period: 1991-2020","2202810","NORMAN+WELLS+CLIMATE",2004,2026
"04-03","VPD",2001-04-03,0.227165116284859,0.103217351730928,0.474281618001312,0.118790801850276,0.110925640114876,0.140020541123871,0.241904395282668,0.418465076664032,0.0847573284401153,"NA (ECCC AES NA; station_id 43004)",NA,43004,"",4,2025-04-03,"DATE: Apr-03<br>Value: 0.1 kPa<br>Anomaly: -0.1 kPa<br>Weather station: NA (ECCC AES NA; station_id 43004)","DATE: Apr-03<br><b>Vapour pressure deficit</b><br>10-90 percentile<br>0.1 to 0.4 kPa","Historical daily maximum<br>0.5 kPa<br>2025-04-03","DATE: Apr-03</b><br>Normal: 0.2 kPa<br>Period: 1991-2020","2202810","NORMAN+WELLS+CLIMATE",2004,2026
"04-04","TMAX",2001-04-04,-5.42857142857143,-13.5,3.7,4.62674974326613,-9.18,-8.675,-1.975,-1.03,-4.7,"NA (ECCC AES NA; station_id 43004)",NA,43004,"",4,2025-04-04,"DATE: Apr-04<br>Value: -4.7 °C<br>Anomaly: +0.7 °C<br>Weather station: NA (ECCC AES NA; station_id 43004)","DATE: Apr-04<br><b>Maximum temperature</b><br>10-90 percentile<br>-9.2 to -1.0 °C","Historical daily maximum<br>3.7 °C<br>2025-04-04","DATE: Apr-04</b><br>Normal: -5.4 °C<br>Period: 1991-2020","2202810","NORMAN+WELLS+CLIMATE",2004,2026
"04-04","TMIN",2001-04-04,-19.6571428571429,-28,-9.1,6.42180351922732,-27.04,-25.975,-14.675,-11.73,-13.7,"NA (ECCC AES NA; station_id 43004)",NA,43004,"",4,2008-04-04,"DATE: Apr-04<br>Value: -13.7 °C<br>Anomaly: +6.0 °C<br>Weather station: NA (ECCC AES NA; station_id 43004)","DATE: Apr-04<br><b>Minimum temperature</b><br>10-90 percentile<br>-27.0 to -11.7 °C","Historical daily maximum<br>-9.1 °C<br>2008-04-04","DATE: Apr-04</b><br>Normal: -19.7 °C<br>Period: 1991-2020","2202810","NORMAN+WELLS+CLIMATE",2004,2026
"04-04","VPD",2001-04-04,0.283680094490152,0.0907696517548073,0.534520768462251,0.132836167741183,0.126844769790871,0.170228900703483,0.393194522327821,0.407104211763958,0.218859457608573,"NA (ECCC AES NA; station_id 43004)",NA,43004,"",4,2024-04-04,"DATE: Apr-04<br>Value: 0.2 kPa<br>Anomaly: -0.1 kPa<br>Weather station: NA (ECCC AES NA; station_id 43004)","DATE: Apr-04<br><b>Vapour pressure deficit</b><br>10-90 percentile<br>0.1 to 0.4 kPa","Historical daily maximum<br>0.5 kPa<br>2024-04-04","DATE: Apr-04</b><br>Normal: 0.3 kPa<br>Period: 1991-2020","2202810","NORMAN+WELLS+CLIMATE",2004,2026
"04-05","TMAX",2001-04-05,-2.97857142857143,-10.6,7.5,4.95070757513565,-8.36,-6.825,0.225,2.16,-0.3,"NA (ECCC AES NA; station_id 43004)",NA,43004,"",4,2010-04-05,"DATE: Apr-05<br>Value: -0.3 °C<br>Anomaly: +2.7 °C<br>Weather station: NA (ECCC AES NA; station_id 43004)","DATE: Apr-05<br><b>Maximum temperature</b><br>10-90 percentile<br>-8.4 to 2.2 °C","Historical daily maximum<br>7.5 °C<br>2010-04-05","DATE: Apr-05</b><br>Normal: -3.0 °C<br>Period: 1991-2020","2202810","NORMAN+WELLS+CLIMATE",2004,2026
"04-05","TMIN",2001-04-05,-18.1642857142857,-30.2,-9,6.12505662678466,-25.06,-22.075,-13.375,-10.71,-15.8,"NA (ECCC AES NA; station_id 43004)",NA,43004,"",4,2007-04-05,"DATE: Apr-05<br>Value: -15.8 °C<br>Anomaly: +2.4 °C<br>Weather station: NA (ECCC AES NA; station_id 43004)","DATE: Apr-05<br><b>Minimum temperature</b><br>10-90 percentile<br>-25.1 to -10.7 °C","Historical daily maximum<br>-9.0 °C<br>2007-04-05","DATE: Apr-05</b><br>Normal: -18.2 °C<br>Period: 1991-2020","2202810","NORMAN+WELLS+CLIMATE",2004,2026
"04-05","VPD",2001-04-05,0.357069429216982,0.1494558875605,0.812289441740283,0.1809510963429,0.192837726043178,0.210842691213381,0.46550252196283,0.521226597310459,0.419399042397016,"NA (ECCC AES NA; station_id 43004)",NA,43004,"",4,2010-04-05,"DATE: Apr-05<br>Value: 0.4 kPa<br>Anomaly: +0.1 kPa<br>Weather station: NA (ECCC AES NA; station_id 43004)","DATE: Apr-05<br><b>Vapour pressure deficit</b><br>10-90 percentile<br>0.2 to 0.5 kPa","Historical daily maximum<br>0.8 kPa<br>2010-04-05","DATE: Apr-05</b><br>Normal: 0.4 kPa<br>Period: 1991-2020","2202810","NORMAN+WELLS+CLIMATE",2004,2026
"04-06","TMAX",2001-04-06,-2.45714285714286,-11.3,8.3,5.47451638689023,-9.39,-5.675,0.325,4.04,2.5,"NA (ECCC AES NA; station_id 43004)",NA,43004,"",4,2010-04-06,"DATE: Apr-06<br>Value: 2.5 °C<br>Anomaly: +5.0 °C<br>Weather station: NA (ECCC AES NA; station_id 43004)","DATE: Apr-06<br><b>Maximum temperature</b><br>10-90 percentile<br>-9.4 to 4.0 °C","Historical daily maximum<br>8.3 °C<br>2010-04-06","DATE: Apr-06</b><br>Normal: -2.5 °C<br>Period: 1991-2020","2202810","NORMAN+WELLS+CLIMATE",2004,2026
"04-06","TMIN",2001-04-06,-15.9785714285714,-32.9,-2.3,7.96252555329107,-26.12,-18.05,-11.125,-8.71,-15.6,"NA (ECCC AES NA; station_id 43004)",NA,43004,"",4,2007-04-06,"DATE: Apr-06<br>Value: -15.6 °C<br>Anomaly: +0.4 °C<br>Weather station: NA (ECCC AES NA; station_id 43004)","DATE: Apr-06<br><b>Minimum temperature</b><br>10-90 percentile<br>-26.1 to -8.7 °C","Historical daily maximum<br>-2.3 °C<br>2007-04-06","DATE: Apr-06</b><br>Normal: -16.0 °C<br>Period: 1991-2020","2202810","NORMAN+WELLS+CLIMATE",2004,2026
"04-06","VPD",2001-04-06,0.339246524629636,0.0646056194785912,0.891407928110168,0.192864213153625,0.173792754188252,0.220763751580084,0.393891636989619,0.441584341167346,0.550101441305751,"NA (ECCC AES NA; station_id 43004)",NA,43004,"",4,2010-04-06,"DATE: Apr-06<br>Value: 0.6 kPa<br>Anomaly: +0.2 kPa<br>Weather station: NA (ECCC AES NA; station_id 43004)","DATE: Apr-06<br><b>Vapour pressure deficit</b><br>10-90 percentile<br>0.2 to 0.4 kPa","Historical daily maximum<br>0.9 kPa<br>2010-04-06","DATE: Apr-06</b><br>Normal: 0.3 kPa<br>Period: 1991-2020","2202810","NORMAN+WELLS+CLIMATE",2004,2026
"04-07","TMAX",2001-04-07,-1.25714285714286,-11,10.1,5.45311686253683,-6.13,-3.825,-0.475,5.98,-0.5,"NA (ECCC AES NA; station_id 43004)",NA,43004,"",4,2025-04-07,"DATE: Apr-07<br>Value: -0.5 °C<br>Anomaly: +0.8 °C<br>Weather station: NA (ECCC AES NA; station_id 43004)","DATE: Apr-07<br><b>Maximum temperature</b><br>10-90 percentile<br>-6.1 to 6.0 °C","Historical daily maximum<br>10.1 °C<br>2025-04-07","DATE: Apr-07</b><br>Normal: -1.3 °C<br>Period: 1991-2020","2202810","NORMAN+WELLS+CLIMATE",2004,2026
"04-07","TMIN",2001-04-07,-15.8357142857143,-26,0,6.75842575466496,-23.63,-20.7,-12.4,-9.72,-10.6,"NA (ECCC AES NA; station_id 43004)",NA,43004,"",4,2007-04-07,"DATE: Apr-07<br>Value: -10.6 °C<br>Anomaly: +5.2 °C<br>Weather station: NA (ECCC AES NA; station_id 43004)","DATE: Apr-07<br><b>Minimum temperature</b><br>10-90 percentile<br>-23.6 to -9.7 °C","Historical daily maximum<br>0.0 °C<br>2007-04-07","DATE: Apr-07</b><br>Normal: -15.8 °C<br>Period: 1991-2020","2202810","NORMAN+WELLS+CLIMATE",2004,2026
"04-07","VPD",2001-04-07,0.392209790629218,0.0856376861682311,0.757366544060299,0.191004216846549,0.243211648225261,0.30339136525311,0.412845844612085,0.708100535390138,0.316530804845545,"NA (ECCC AES NA; station_id 43004)",NA,43004,"",4,2025-04-07,"DATE: Apr-07<br>Value: 0.3 kPa<br>Anomaly: -0.1 kPa<br>Weather station: NA (ECCC AES NA; station_id 43004)","DATE: Apr-07<br><b>Vapour pressure deficit</b><br>10-90 percentile<br>0.2 to 0.7 kPa","Historical daily maximum<br>0.8 kPa<br>2025-04-07","DATE: Apr-07</b><br>Normal: 0.4 kPa<br>Period: 1991-2020","2202810","NORMAN+WELLS+CLIMATE",2004,2026
"04-08","TMAX",2001-04-08,0.193333333333333,-7.9,12.8,5.67418548801332,-6.76,-2.85,2.95,6.62,4.7,"NA (ECCC AES NA; station_id 43004)",NA,43004,"",4,2007-04-08,"DATE: Apr-08<br>Value: 4.7 °C<br>Anomaly: +4.5 °C<br>Weather station: NA (ECCC AES NA; station_id 43004)","DATE: Apr-08<br><b>Maximum temperature</b><br>10-90 percentile<br>-6.8 to 6.6 °C","Historical daily maximum<br>12.8 °C<br>2007-04-08","DATE: Apr-08</b><br>Normal: 0.2 °C<br>Period: 1991-2020","2202810","NORMAN+WELLS+CLIMATE",2004,2026
"04-08","TMIN",2001-04-08,-14.42,-25.6,-4,6.06326173417764,-22.42,-17.25,-11.25,-6.98,-16.7,"NA (ECCC AES NA; station_id 43004)",NA,43004,"",4,2019-04-08,"DATE: Apr-08<br>Value: -16.7 °C<br>Anomaly: -2.3 °C<br>Weather station: NA (ECCC AES NA; station_id 43004)","DATE: Apr-08<br><b>Minimum temperature</b><br>10-90 percentile<br>-22.4 to -7.0 °C","Historical daily maximum<br>-4.0 °C<br>2019-04-08","DATE: Apr-08</b><br>Normal: -14.4 °C<br>Period: 1991-2020","2202810","NORMAN+WELLS+CLIMATE",2004,2026
"04-08","VPD",2001-04-08,0.445309275591825,0.103181260520209,1.07898105790149,0.249358101485906,0.203951685359399,0.290405404106847,0.502065108883749,0.720259022898266,0.688973645457203,"NA (ECCC AES NA; station_id 43004)",NA,43004,"",4,2007-04-08,"DATE: Apr-08<br>Value: 0.7 kPa<br>Anomaly: +0.2 kPa<br>Weather station: NA (ECCC AES NA; station_id 43004)","DATE: Apr-08<br><b>Vapour pressure deficit</b><br>10-90 percentile<br>0.2 to 0.7 kPa","Historical daily maximum<br>1.1 kPa<br>2007-04-08","DATE: Apr-08</b><br>Normal: 0.4 kPa<br>Period: 1991-2020","2202810","NORMAN+WELLS+CLIMATE",2004,2026
"04-09","TMAX",2001-04-09,-2.76666666666667,-12.6,8.5,5.42265968831146,-10,-4.9,-0.75,2.54,0,"NA (ECCC AES NA; station_id 43004)",NA,43004,"",4,2015-04-09,"DATE: Apr-09<br>Value: 0.0 °C<br>Anomaly: +2.8 °C<br>Weather station: NA (ECCC AES NA; station_id 43004)","DATE: Apr-09<br><b>Maximum temperature</b><br>10-90 percentile<br>-10.0 to 2.5 °C","Historical daily maximum<br>8.5 °C<br>2015-04-09","DATE: Apr-09</b><br>Normal: -2.8 °C<br>Period: 1991-2020","2202810","NORMAN+WELLS+CLIMATE",2004,2026
"04-09","TMIN",2001-04-09,-15.6933333333333,-23.8,-5.8,5.4988916632181,-21.9,-20.7,-12,-9.34,-11.5,"NA (ECCC AES NA; station_id 43004)",NA,43004,"",4,2015-04-09,"DATE: Apr-09<br>Value: -11.5 °C<br>Anomaly: +4.2 °C<br>Weather station: NA (ECCC AES NA; station_id 43004)","DATE: Apr-09<br><b>Minimum temperature</b><br>10-90 percentile<br>-21.9 to -9.3 °C","Historical daily maximum<br>-5.8 °C<br>2015-04-09","DATE: Apr-09</b><br>Normal: -15.7 °C<br>Period: 1991-2020","2202810","NORMAN+WELLS+CLIMATE",2004,2026
"04-09","VPD",2001-04-09,0.336311288086061,0.0888739493145698,0.713586349977766,0.170572089417025,0.159291176072243,0.218199912904099,0.414768175560041,0.5500632297145,0.357339494400307,"NA (ECCC AES NA; station_id 43004)",NA,43004,"",4,2015-04-09,"DATE: Apr-09<br>Value: 0.4 kPa<br>Anomaly: +0.0 kPa<br>Weather station: NA (ECCC AES NA; station_id 43004)","DATE: Apr-09<br><b>Vapour pressure deficit</b><br>10-90 percentile<br>0.2 to 0.6 kPa","Historical daily maximum<br>0.7 kPa<br>2015-04-09","DATE: Apr-09</b><br>Normal: 0.3 kPa<br>Period: 1991-2020","2202810","NORMAN+WELLS+CLIMATE",2004,2026
"04-10","TMAX",2001-04-10,-1.82666666666667,-11.5,9.8,6.14415711604665,-9.7,-6.6,2.15,5.1,1.3,"NA (ECCC AES NA; station_id 43004)",NA,43004,"",4,2025-04-10,"DATE: Apr-10<br>Value: 1.3 °C<br>Anomaly: +3.1 °C<br>Weather station: NA (ECCC AES NA; station_id 43004)","DATE: Apr-10<br><b>Maximum temperature</b><br>10-90 percentile<br>-9.7 to 5.1 °C","Historical daily maximum<br>9.8 °C<br>2025-04-10","DATE: Apr-10</b><br>Normal: -1.8 °C<br>Period: 1991-2020","2202810","NORMAN+WELLS+CLIMATE",2004,2026
"04-10","TMIN",2001-04-10,-16.2666666666667,-25,-3,5.30264983174405,-20.38,-19.35,-14.7,-10.32,-20.8,"NA (ECCC AES NA; station_id 43004)",NA,43004,"",4,2015-04-10,"DATE: Apr-10<br>Value: -20.8 °C<br>Anomaly: -4.5 °C<br>Weather station: NA (ECCC AES NA; station_id 43004)","DATE: Apr-10<br><b>Minimum temperature</b><br>10-90 percentile<br>-20.4 to -10.3 °C","Historical daily maximum<br>-3.0 °C<br>2015-04-10","DATE: Apr-10</b><br>Normal: -16.3 °C<br>Period: 1991-2020","2202810","NORMAN+WELLS+CLIMATE",2004,2026
"04-10","VPD",2001-04-10,0.393439419324775,0.0623187749273057,0.746150009104753,0.216029178477773,0.128907082472652,0.217251469808632,0.541111896123144,0.672122237485944,0.554833587205658,"NA (ECCC AES NA; station_id 43004)",NA,43004,"",4,2025-04-10,"DATE: Apr-10<br>Value: 0.6 kPa<br>Anomaly: +0.2 kPa<br>Weather station: NA (ECCC AES NA; station_id 43004)","DATE: Apr-10<br><b>Vapour pressure deficit</b><br>10-90 percentile<br>0.1 to 0.7 kPa","Historical daily maximum<br>0.7 kPa<br>2025-04-10","DATE: Apr-10</b><br>Normal: 0.4 kPa<br>Period: 1991-2020","2202810","NORMAN+WELLS+CLIMATE",2004,2026
"04-11","TMAX",2001-04-11,-1.01333333333333,-11.7,7.9,4.85575750551662,-5.46,-3.95,1.85,4.42,1.3,"NA (ECCC AES NA; station_id 43004)",NA,43004,"",4,2024-04-11,"DATE: Apr-11<br>Value: 1.3 °C<br>Anomaly: +2.3 °C<br>Weather station: NA (ECCC AES NA; station_id 43004)","DATE: Apr-11<br><b>Maximum temperature</b><br>10-90 percentile<br>-5.5 to 4.4 °C","Historical daily maximum<br>7.9 °C<br>2024-04-11","DATE: Apr-11</b><br>Normal: -1.0 °C<br>Period: 1991-2020","2202810","NORMAN+WELLS+CLIMATE",2004,2026
"04-11","TMIN",2001-04-11,-15.3,-27.4,-7,6.50175800402146,-24.66,-19.25,-9.8,-9.06,-11.9,"NA (ECCC AES NA; station_id 43004)",NA,43004,"",4,2020-04-11,"DATE: Apr-11<br>Value: -11.9 °C<br>Anomaly: +3.4 °C<br>Weather station: NA (ECCC AES NA; station_id 43004)","DATE: Apr-11<br><b>Minimum temperature</b><br>10-90 percentile<br>-24.7 to -9.1 °C","Historical daily maximum<br>-7.0 °C<br>2020-04-11","DATE: Apr-11</b><br>Normal: -15.3 °C<br>Period: 1991-2020","2202810","NORMAN+WELLS+CLIMATE",2004,2026
"04-11","VPD",2001-04-11,0.389658417903746,0.103477944925404,0.820057370075369,0.213006921756033,0.142985919104426,0.224347415150556,0.504224299108999,0.648177676302204,0.425636892592002,"NA (ECCC AES NA; station_id 43004)",NA,43004,"",4,2024-04-11,"DATE: Apr-11<br>Value: 0.4 kPa<br>Anomaly: +0.0 kPa<br>Weather station: NA (ECCC AES NA; station_id 43004)","DATE: Apr-11<br><b>Vapour pressure deficit</b><br>10-90 percentile<br>0.1 to 0.6 kPa","Historical daily maximum<br>0.8 kPa<br>2024-04-11","DATE: Apr-11</b><br>Normal: 0.4 kPa<br>Period: 1991-2020","2202810","NORMAN+WELLS+CLIMATE",2004,2026
"04-12","TMAX",2001-04-12,-0.26,-9.7,7.5,5.03116004799802,-5.58,-3.95,3.45,5.54,-0.1,"NA (ECCC AES NA; station_id 43004)",NA,43004,"",4,2024-04-12,"DATE: Apr-12<br>Value: -0.1 °C<br>Anomaly: +0.2 °C<br>Weather station: NA (ECCC AES NA; station_id 43004)","DATE: Apr-12<br><b>Maximum temperature</b><br>10-90 percentile<br>-5.6 to 5.5 °C","Historical daily maximum<br>7.5 °C<br>2024-04-12","DATE: Apr-12</b><br>Normal: -0.3 °C<br>Period: 1991-2020","2202810","NORMAN+WELLS+CLIMATE",2004,2026
"04-12","TMIN",2001-04-12,-13.9533333333333,-29.7,-3.4,6.86615578312168,-21.82,-17.4,-10.2,-6.56,-6.5,"NA (ECCC AES NA; station_id 43004)",NA,43004,"",4,2019-04-12,"DATE: Apr-12<br>Value: -6.5 °C<br>Anomaly: +7.5 °C<br>Weather station: NA (ECCC AES NA; station_id 43004)","DATE: Apr-12<br><b>Minimum temperature</b><br>10-90 percentile<br>-21.8 to -6.6 °C","Historical daily maximum<br>-3.4 °C<br>2019-04-12","DATE: Apr-12</b><br>Normal: -14.0 °C<br>Period: 1991-2020","2202810","NORMAN+WELLS+CLIMATE",2004,2026
"04-12","VPD",2001-04-12,0.398987371669729,0.135682223376266,0.812289441740283,0.192492144543434,0.210073714660298,0.274355153673578,0.530421203137643,0.642696295388229,0.23081737279261,"NA (ECCC AES NA; station_id 43004)",NA,43004,"",4,2010-04-12,"DATE: Apr-12<br>Value: 0.2 kPa<br>Anomaly: -0.2 kPa<br>Weather station: NA (ECCC AES NA; station_id 43004)","DATE: Apr-12<br><b>Vapour pressure deficit</b><br>10-90 percentile<br>0.2 to 0.6 kPa","Historical daily maximum<br>0.8 kPa<br>2010-04-12","DATE: Apr-12</b><br>Normal: 0.4 kPa<br>Period: 1991-2020","2202810","NORMAN+WELLS+CLIMATE",2004,2026
"04-13","TMAX",2001-04-13,-1.08,-10,6,4.53024754921217,-5.5,-4.75,1.15,4.86,-5.1,"NA (ECCC AES NA; station_id 43004)",NA,43004,"",4,2021-04-13,"DATE: Apr-13<br>Value: -5.1 °C<br>Anomaly: -4.0 °C<br>Weather station: NA (ECCC AES NA; station_id 43004)","DATE: Apr-13<br><b>Maximum temperature</b><br>10-90 percentile<br>-5.5 to 4.9 °C","Historical daily maximum<br>6.0 °C<br>2021-04-13","DATE: Apr-13</b><br>Normal: -1.1 °C<br>Period: 1991-2020","2202810","NORMAN+WELLS+CLIMATE",2004,2026
"04-13","TMIN",2001-04-13,-13.9533333333333,-26.7,-4.6,6.49195839554782,-23.08,-17.85,-9.5,-7.52,-9.3,"NA (ECCC AES NA; station_id 43004)",NA,43004,"",4,2019-04-13,"DATE: Apr-13<br>Value: -9.3 °C<br>Anomaly: +4.7 °C<br>Weather station: NA (ECCC AES NA; station_id 43004)","DATE: Apr-13<br><b>Minimum temperature</b><br>10-90 percentile<br>-23.1 to -7.5 °C","Historical daily maximum<br>-4.6 °C<br>2019-04-13","DATE: Apr-13</b><br>Normal: -14.0 °C<br>Period: 1991-2020","2202810","NORMAN+WELLS+CLIMATE",2004,2026
"04-13","VPD",2001-04-13,0.359242903407265,0.0666471138727764,0.652453141188444,0.179191448012357,0.13518017249161,0.246980732009988,0.480368855387823,0.587175851054917,0.116016348814048,"NA (ECCC AES NA; station_id 43004)",NA,43004,"",4,2021-04-13,"DATE: Apr-13<br>Value: 0.1 kPa<br>Anomaly: -0.2 kPa<br>Weather station: NA (ECCC AES NA; station_id 43004)","DATE: Apr-13<br><b>Vapour pressure deficit</b><br>10-90 percentile<br>0.1 to 0.6 kPa","Historical daily maximum<br>0.7 kPa<br>2021-04-13","DATE: Apr-13</b><br>Normal: 0.4 kPa<br>Period: 1991-2020","2202810","NORMAN+WELLS+CLIMATE",2004,2026
"04-14","TMAX",2001-04-14,-1.53333333333333,-10.5,8.8,5.06651002264121,-6.88,-4.8,1.25,4.26,-8,"NA (ECCC AES NA; station_id 43004)",NA,43004,"",4,2021-04-14,"DATE: Apr-14<br>Value: -8.0 °C<br>Anomaly: -6.5 °C<br>Weather station: NA (ECCC AES NA; station_id 43004)","DATE: Apr-14<br><b>Maximum temperature</b><br>10-90 percentile<br>-6.9 to 4.3 °C","Historical daily maximum<br>8.8 °C<br>2021-04-14","DATE: Apr-14</b><br>Normal: -1.5 °C<br>Period: 1991-2020","2202810","NORMAN+WELLS+CLIMATE",2004,2026
"04-14","TMIN",2001-04-14,-13.5333333333333,-25.3,-4.2,6.05081655253082,-21.2,-16,-9.9,-5.74,-13.2,"NA (ECCC AES NA; station_id 43004)",NA,43004,"",4,2025-04-14,"DATE: Apr-14<br>Value: -13.2 °C<br>Anomaly: +0.3 °C<br>Weather station: NA (ECCC AES NA; station_id 43004)","DATE: Apr-14<br><b>Minimum temperature</b><br>10-90 percentile<br>-21.2 to -5.7 °C","Historical daily maximum<br>-4.2 °C<br>2025-04-14","DATE: Apr-14</b><br>Normal: -13.5 °C<br>Period: 1991-2020","2202810","NORMAN+WELLS+CLIMATE",2004,2026
"04-14","VPD",2001-04-14,0.341973613012903,0.109339500473157,0.727190514625404,0.182030916175641,0.131435557671048,0.200777366078578,0.41855004678106,0.578033478430974,0.113507701155361,"NA (ECCC AES NA; station_id 43004)",NA,43004,"",4,2021-04-14,"DATE: Apr-14<br>Value: 0.1 kPa<br>Anomaly: -0.2 kPa<br>Weather station: NA (ECCC AES NA; station_id 43004)","DATE: Apr-14<br><b>Vapour pressure deficit</b><br>10-90 percentile<br>0.1 to 0.6 kPa","Historical daily maximum<br>0.7 kPa<br>2021-04-14","DATE: Apr-14</b><br>Normal: 0.3 kPa<br>Period: 1991-2020","2202810","NORMAN+WELLS+CLIMATE",2004,2026
"04-15","TMAX",2001-04-15,0.466666666666667,-11.4,10.8,6.5586003152531,-8.92,-1.75,4.6,8.62,-8.1,"NA (ECCC AES NA; station_id 43004)",NA,43004,"",4,2021-04-15,"DATE: Apr-15<br>Value: -8.1 °C<br>Anomaly: -8.6 °C<br>Weather station: NA (ECCC AES NA; station_id 43004)","DATE: Apr-15<br><b>Maximum temperature</b><br>10-90 percentile<br>-8.9 to 8.6 °C","Historical daily maximum<br>10.8 °C<br>2021-04-15","DATE: Apr-15</b><br>Normal: 0.5 °C<br>Period: 1991-2020","2202810","NORMAN+WELLS+CLIMATE",2004,2026
"04-15","TMIN",2001-04-15,-14.1333333333333,-23.4,-2.1,7.00985700553836,-22.74,-19.1,-9.15,-4.44,-19.4,"NA (ECCC AES NA; station_id 43004)",NA,43004,"",4,2010-04-15,"DATE: Apr-15<br>Value: -19.4 °C<br>Anomaly: -5.3 °C<br>Weather station: NA (ECCC AES NA; station_id 43004)","DATE: Apr-15<br><b>Minimum temperature</b><br>10-90 percentile<br>-22.7 to -4.4 °C","Historical daily maximum<br>-2.1 °C<br>2010-04-15","DATE: Apr-15</b><br>Normal: -14.1 °C<br>Period: 1991-2020","2202810","NORMAN+WELLS+CLIMATE",2004,2026
"04-15","VPD",2001-04-15,0.455360738257442,0.106232091292586,0.771845180131256,0.196120834245158,0.203135848230176,0.343558719177935,0.55516722053584,0.718043167859245,0.200508473795293,"NA (ECCC AES NA; station_id 43004)",NA,43004,"",4,2021-04-15,"DATE: Apr-15<br>Value: 0.2 kPa<br>Anomaly: -0.3 kPa<br>Weather station: NA (ECCC AES NA; station_id 43004)","DATE: Apr-15<br><b>Vapour pressure deficit</b><br>10-90 percentile<br>0.2 to 0.7 kPa","Historical daily maximum<br>0.8 kPa<br>2021-04-15","DATE: Apr-15</b><br>Normal: 0.5 kPa<br>Period: 1991-2020","2202810","NORMAN+WELLS+CLIMATE",2004,2026
"04-16","TMAX",2001-04-16,0.566666666666667,-11.5,9.4,5.92243514909518,-5.32,-4.1,4.35,8.02,-5.3,"NA (ECCC AES NA; station_id 43004)",NA,43004,"",4,2021-04-16,"DATE: Apr-16<br>Value: -5.3 °C<br>Anomaly: -5.9 °C<br>Weather station: NA (ECCC AES NA; station_id 43004)","DATE: Apr-16<br><b>Maximum temperature</b><br>10-90 percentile<br>-5.3 to 8.0 °C","Historical daily maximum<br>9.4 °C<br>2021-04-16","DATE: Apr-16</b><br>Normal: 0.6 °C<br>Period: 1991-2020","2202810","NORMAN+WELLS+CLIMATE",2004,2026
"04-16","TMIN",2001-04-16,-13.1933333333333,-25,-1.2,7.15296808191903,-22.78,-16.85,-9.75,-3.18,-16.1,"NA (ECCC AES NA; station_id 43004)",NA,43004,"",4,2010-04-16,"DATE: Apr-16<br>Value: -16.1 °C<br>Anomaly: -2.9 °C<br>Weather station: NA (ECCC AES NA; station_id 43004)","DATE: Apr-16<br><b>Minimum temperature</b><br>10-90 percentile<br>-22.8 to -3.2 °C","Historical daily maximum<br>-1.2 °C<br>2010-04-16","DATE: Apr-16</b><br>Normal: -13.2 °C<br>Period: 1991-2020","2202810","NORMAN+WELLS+CLIMATE",2004,2026
"04-16","VPD",2001-04-16,0.430759019774423,0.0629985561216771,0.824141908722296,0.209978415813374,0.220790290157402,0.25365087857847,0.589803993451047,0.663197958516903,0.237899612510637,"NA (ECCC AES NA; station_id 43004)",NA,43004,"",4,2021-04-16,"DATE: Apr-16<br>Value: 0.2 kPa<br>Anomaly: -0.2 kPa<br>Weather station: NA (ECCC AES NA; station_id 43004)","DATE: Apr-16<br><b>Vapour pressure deficit</b><br>10-90 percentile<br>0.2 to 0.7 kPa","Historical daily maximum<br>0.8 kPa<br>2021-04-16","DATE: Apr-16</b><br>Normal: 0.4 kPa<br>Period: 1991-2020","2202810","NORMAN+WELLS+CLIMATE",2004,2026
"04-17","TMAX",2001-04-17,0.7375,-9.5,9.9,5.70378529282674,-6.8,-2.35,4.6,6.9,0.4,"NA (ECCC AES NA; station_id 43004)",NA,43004,"",4,2025-04-17,"DATE: Apr-17<br>Value: 0.4 °C<br>Anomaly: -0.3 °C<br>Weather station: NA (ECCC AES NA; station_id 43004)","DATE: Apr-17<br><b>Maximum temperature</b><br>10-90 percentile<br>-6.8 to 6.9 °C","Historical daily maximum<br>9.9 °C<br>2025-04-17","DATE: Apr-17</b><br>Normal: 0.7 °C<br>Period: 1991-2020","2202810","NORMAN+WELLS+CLIMATE",2004,2026
"04-17","TMIN",2001-04-17,-13.55,-25.4,-0.4,7.38755710637826,-22.15,-18.2,-9.4,-3,-17.7,"NA (ECCC AES NA; station_id 43004)",NA,43004,"",4,2025-04-17,"DATE: Apr-17<br>Value: -17.7 °C<br>Anomaly: -4.1 °C<br>Weather station: NA (ECCC AES NA; station_id 43004)","DATE: Apr-17<br><b>Minimum temperature</b><br>10-90 percentile<br>-22.1 to -3.0 °C","Historical daily maximum<br>-0.4 °C<br>2025-04-17","DATE: Apr-17</b><br>Normal: -13.6 °C<br>Period: 1991-2020","2202810","NORMAN+WELLS+CLIMATE",2004,2026
"04-17","VPD",2001-04-17,0.439362670634732,0.105197033560008,0.756140750838866,0.19254565614404,0.232280565262982,0.294922838823931,0.629417947105281,0.649966269624236,0.476977294825335,"NA (ECCC AES NA; station_id 43004)",NA,43004,"",4,2024-04-17,"DATE: Apr-17<br>Value: 0.5 kPa<br>Anomaly: +0.0 kPa<br>Weather station: NA (ECCC AES NA; station_id 43004)","DATE: Apr-17<br><b>Vapour pressure deficit</b><br>10-90 percentile<br>0.2 to 0.6 kPa","Historical daily maximum<br>0.8 kPa<br>2024-04-17","DATE: Apr-17</b><br>Normal: 0.4 kPa<br>Period: 1991-2020","2202810","NORMAN+WELLS+CLIMATE",2004,2026
"04-18","TMAX",2001-04-18,1.925,-6.3,12.4,5.39104195247388,-3.75,-2.4,5.9,8.5,-4.1,"NA (ECCC AES NA; station_id 43004)",NA,43004,"",4,2024-04-18,"DATE: Apr-18<br>Value: -4.1 °C<br>Anomaly: -6.0 °C<br>Weather station: NA (ECCC AES NA; station_id 43004)","DATE: Apr-18<br><b>Maximum temperature</b><br>10-90 percentile<br>-3.8 to 8.5 °C","Historical daily maximum<br>12.4 °C<br>2024-04-18","DATE: Apr-18</b><br>Normal: 1.9 °C<br>Period: 1991-2020","2202810","NORMAN+WELLS+CLIMATE",2004,2026
"04-18","TMIN",2001-04-18,-12.05,-25.5,-2.2,7.52533498700667,-21.9,-18.2,-6.85,-3.45,-12.8,"NA (ECCC AES NA; station_id 43004)",NA,43004,"",4,2025-04-18,"DATE: Apr-18<br>Value: -12.8 °C<br>Anomaly: -0.8 °C<br>Weather station: NA (ECCC AES NA; station_id 43004)","DATE: Apr-18<br><b>Minimum temperature</b><br>10-90 percentile<br>-21.9 to -3.4 °C","Historical daily maximum<br>-2.2 °C<br>2025-04-18","DATE: Apr-18</b><br>Normal: -12.0 °C<br>Period: 1991-2020","2202810","NORMAN+WELLS+CLIMATE",2004,2026
"04-18","VPD",2001-04-18,0.468407468529233,0.166594380090911,0.939204674418256,0.236801853374848,0.235191834496291,0.289385843173871,0.604130123164996,0.806643362487429,0.222676847303727,"NA (ECCC AES NA; station_id 43004)",NA,43004,"",4,2024-04-18,"DATE: Apr-18<br>Value: 0.2 kPa<br>Anomaly: -0.2 kPa<br>Weather station: NA (ECCC AES NA; station_id 43004)","DATE: Apr-18<br><b>Vapour pressure deficit</b><br>10-90 percentile<br>0.2 to 0.8 kPa","Historical daily maximum<br>0.9 kPa<br>2024-04-18","DATE: Apr-18</b><br>Normal: 0.5 kPa<br>Period: 1991-2020","2202810","NORMAN+WELLS+CLIMATE",2004,2026
"04-19","TMAX",2001-04-19,1.7,-7.4,16.9,7.16407705151194,-6.05,-4.7,7.525,10,-8.7,"NA (ECCC AES NA; station_id 43004)",NA,43004,"",4,2024-04-19,"DATE: Apr-19<br>Value: -8.7 °C<br>Anomaly: -10.4 °C<br>Weather station: NA (ECCC AES NA; station_id 43004)","DATE: Apr-19<br><b>Maximum temperature</b><br>10-90 percentile<br>-6.0 to 10.0 °C","Historical daily maximum<br>16.9 °C<br>2024-04-19","DATE: Apr-19</b><br>Normal: 1.7 °C<br>Period: 1991-2020","2202810","NORMAN+WELLS+CLIMATE",2004,2026
"04-19","TMIN",2001-04-19,-9.46875,-20.7,-2.8,5.51624494863429,-16.45,-13.4,-4.875,-3.45,-17.1,"NA (ECCC AES NA; station_id 43004)",NA,43004,"",4,2019-04-19,"DATE: Apr-19<br>Value: -17.1 °C<br>Anomaly: -7.6 °C<br>Weather station: NA (ECCC AES NA; station_id 43004)","DATE: Apr-19<br><b>Minimum temperature</b><br>10-90 percentile<br>-16.4 to -3.4 °C","Historical daily maximum<br>-2.8 °C<br>2019-04-19","DATE: Apr-19</b><br>Normal: -9.5 °C<br>Period: 1991-2020","2202810","NORMAN+WELLS+CLIMATE",2004,2026
"04-19","VPD",2001-04-19,0.452315801532012,0.162386592183304,1.43218982326693,0.368855411287597,0.167994565131541,0.192027572774484,0.75286165215312,0.835093728337604,0.156805276936672,"NA (ECCC AES NA; station_id 43004)",NA,43004,"",4,2024-04-19,"DATE: Apr-19<br>Value: 0.2 kPa<br>Anomaly: -0.3 kPa<br>Weather station: NA (ECCC AES NA; station_id 43004)","DATE: Apr-19<br><b>Vapour pressure deficit</b><br>10-90 percentile<br>0.2 to 0.8 kPa","Historical daily maximum<br>1.4 kPa<br>2024-04-19","DATE: Apr-19</b><br>Normal: 0.5 kPa<br>Period: 1991-2020","2202810","NORMAN+WELLS+CLIMATE",2004,2026
"04-20","TMAX",2001-04-20,2.25625,-9.6,19.4,7.22089271950959,-6.35,-1.625,6.825,9.35,-6.6,"NA (ECCC AES NA; station_id 43004)",NA,43004,"",4,2010-04-20,"DATE: Apr-20<br>Value: -6.6 °C<br>Anomaly: -8.9 °C<br>Weather station: NA (ECCC AES NA; station_id 43004)","DATE: Apr-20<br><b>Maximum temperature</b><br>10-90 percentile<br>-6.3 to 9.3 °C","Historical daily maximum<br>19.4 °C<br>2010-04-20","DATE: Apr-20</b><br>Normal: 2.3 °C<br>Period: 1991-2020","2202810","NORMAN+WELLS+CLIMATE",2004,2026
"04-20","TMIN",2001-04-20,-10.8375,-22.1,-0.1,7.04631109162802,-18.9,-16.975,-5.075,-1.85,-14.8,"NA (ECCC AES NA; station_id 43004)",NA,43004,"",4,2010-04-20,"DATE: Apr-20<br>Value: -14.8 °C<br>Anomaly: -4.0 °C<br>Weather station: NA (ECCC AES NA; station_id 43004)","DATE: Apr-20<br><b>Minimum temperature</b><br>10-90 percentile<br>-18.9 to -1.8 °C","Historical daily maximum<br>-0.1 °C<br>2010-04-20","DATE: Apr-20</b><br>Normal: -10.8 °C<br>Period: 1991-2020","2202810","NORMAN+WELLS+CLIMATE",2004,2026
"04-20","VPD",2001-04-20,0.502056291227806,0.132429595754171,1.64646194996473,0.387637563430875,0.172914156963132,0.249954736892683,0.600173614888381,0.906158291987121,0.179027848360354,"NA (ECCC AES NA; station_id 43004)",NA,43004,"",4,2010-04-20,"DATE: Apr-20<br>Value: 0.2 kPa<br>Anomaly: -0.3 kPa<br>Weather station: NA (ECCC AES NA; station_id 43004)","DATE: Apr-20<br><b>Vapour pressure deficit</b><br>10-90 percentile<br>0.2 to 0.9 kPa","Historical daily maximum<br>1.6 kPa<br>2010-04-20","DATE: Apr-20</b><br>Normal: 0.5 kPa<br>Period: 1991-2020","2202810","NORMAN+WELLS+CLIMATE",2004,2026
"04-21","TMAX",2001-04-21,3.79375,-4.2,16.2,6.45078483597151,-4,-1.275,6.475,12.65,2.4,"NA (ECCC AES NA; station_id 43004)",NA,43004,"",4,2010-04-21,"DATE: Apr-21<br>Value: 2.4 °C<br>Anomaly: -1.4 °C<br>Weather station: NA (ECCC AES NA; station_id 43004)","DATE: Apr-21<br><b>Maximum temperature</b><br>10-90 percentile<br>-4.0 to 12.6 °C","Historical daily maximum<br>16.2 °C<br>2010-04-21","DATE: Apr-21</b><br>Normal: 3.8 °C<br>Period: 1991-2020","2202810","NORMAN+WELLS+CLIMATE",2004,2026
"04-21","TMIN",2001-04-21,-9.1625,-25.9,3.8,8.62267359929622,-21.2,-14.225,-4.325,0.45,-19.4,"NA (ECCC AES NA; station_id 43004)",NA,43004,"",4,2015-04-21,"DATE: Apr-21<br>Value: -19.4 °C<br>Anomaly: -10.2 °C<br>Weather station: NA (ECCC AES NA; station_id 43004)","DATE: Apr-21<br><b>Minimum temperature</b><br>10-90 percentile<br>-21.2 to 0.4 °C","Historical daily maximum<br>3.8 °C<br>2015-04-21","DATE: Apr-21</b><br>Normal: -9.2 °C<br>Period: 1991-2020","2202810","NORMAN+WELLS+CLIMATE",2004,2026
"04-21","VPD",2001-04-21,0.513164672405564,0.138698889240953,1.17866754198025,0.31136070293496,0.172938364447244,0.34053722117996,0.567762969226896,1.01411852889283,0.594836871825115,"NA (ECCC AES NA; station_id 43004)",NA,43004,"",4,2005-04-21,"DATE: Apr-21<br>Value: 0.6 kPa<br>Anomaly: +0.1 kPa<br>Weather station: NA (ECCC AES NA; station_id 43004)","DATE: Apr-21<br><b>Vapour pressure deficit</b><br>10-90 percentile<br>0.2 to 1.0 kPa","Historical daily maximum<br>1.2 kPa<br>2005-04-21","DATE: Apr-21</b><br>Normal: 0.5 kPa<br>Period: 1991-2020","2202810","NORMAN+WELLS+CLIMATE",2004,2026
"04-22","TMAX",2001-04-22,4.03125,-3.5,12.6,5.36764613215141,-2.2,-0.7,8.425,11.35,-6.6,"NA (ECCC AES NA; station_id 43004)",NA,43004,"",4,2019-04-22,"DATE: Apr-22<br>Value: -6.6 °C<br>Anomaly: -10.6 °C<br>Weather station: NA (ECCC AES NA; station_id 43004)","DATE: Apr-22<br><b>Maximum temperature</b><br>10-90 percentile<br>-2.2 to 11.3 °C","Historical daily maximum<br>12.6 °C<br>2019-04-22","DATE: Apr-22</b><br>Normal: 4.0 °C<br>Period: 1991-2020","2202810","NORMAN+WELLS+CLIMATE",2004,2026
"04-22","TMIN",2001-04-22,-9.18125,-23.3,1.2,6.80090373896489,-17.95,-12.5,-5.3,-1,-12.2,"NA (ECCC AES NA; station_id 43004)",NA,43004,"",4,2010-04-22,"DATE: Apr-22<br>Value: -12.2 °C<br>Anomaly: -3.0 °C<br>Weather station: NA (ECCC AES NA; station_id 43004)","DATE: Apr-22<br><b>Minimum temperature</b><br>10-90 percentile<br>-17.9 to -1.0 °C","Historical daily maximum<br>1.2 °C<br>2010-04-22","DATE: Apr-22</b><br>Normal: -9.2 °C<br>Period: 1991-2020","2202810","NORMAN+WELLS+CLIMATE",2004,2026
"04-22","VPD",2001-04-22,0.524417339544367,0.176744636150829,0.919648968522408,0.228863028341927,0.274754630897463,0.385427722245397,0.749395593241473,0.840240405809844,0.133120902554523,"NA (ECCC AES NA; station_id 43004)",NA,43004,"",4,2005-04-22,"DATE: Apr-22<br>Value: 0.1 kPa<br>Anomaly: -0.4 kPa<br>Weather station: NA (ECCC AES NA; station_id 43004)","DATE: Apr-22<br><b>Vapour pressure deficit</b><br>10-90 percentile<br>0.3 to 0.8 kPa","Historical daily maximum<br>0.9 kPa<br>2005-04-22","DATE: Apr-22</b><br>Normal: 0.5 kPa<br>Period: 1991-2020","2202810","NORMAN+WELLS+CLIMATE",2004,2026
"04-23","TMAX",2001-04-23,5.61875,-4.4,17.3,6.2765403155985,-3.45,1.95,9.475,12.35,0.3,"NA (ECCC AES NA; station_id 43004)",NA,43004,"",4,2005-04-23,"DATE: Apr-23<br>Value: 0.3 °C<br>Anomaly: -5.3 °C<br>Weather station: NA (ECCC AES NA; station_id 43004)","DATE: Apr-23<br><b>Maximum temperature</b><br>10-90 percentile<br>-3.4 to 12.3 °C","Historical daily maximum<br>17.3 °C<br>2005-04-23","DATE: Apr-23</b><br>Normal: 5.6 °C<br>Period: 1991-2020","2202810","NORMAN+WELLS+CLIMATE",2004,2026
"04-23","TMIN",2001-04-23,-8.4625,-24.3,-0.4,7.41708613046031,-17.1,-14.425,-2.175,-0.8,-23.6,"NA (ECCC AES NA; station_id 43004)",NA,43004,"",4,2010-04-23,"DATE: Apr-23<br>Value: -23.6 °C<br>Anomaly: -15.1 °C<br>Weather station: NA (ECCC AES NA; station_id 43004)","DATE: Apr-23<br><b>Minimum temperature</b><br>10-90 percentile<br>-17.1 to -0.8 °C","Historical daily maximum<br>-0.4 °C<br>2010-04-23","DATE: Apr-23</b><br>Normal: -8.5 °C<br>Period: 1991-2020","2202810","NORMAN+WELLS+CLIMATE",2004,2026
"04-23","VPD",2001-04-23,0.618197039669029,0.189329635197528,1.46666943604912,0.319663046339002,0.329959191730159,0.441723492626793,0.680764934206689,1.00084175731639,0.533565424932496,"NA (ECCC AES NA; station_id 43004)",NA,43004,"",4,2005-04-23,"DATE: Apr-23<br>Value: 0.5 kPa<br>Anomaly: -0.1 kPa<br>Weather station: NA (ECCC AES NA; station_id 43004)","DATE: Apr-23<br><b>Vapour pressure deficit</b><br>10-90 percentile<br>0.3 to 1.0 kPa","Historical daily maximum<br>1.5 kPa<br>2005-04-23","DATE: Apr-23</b><br>Normal: 0.6 kPa<br>Period: 1991-2020","2202810","NORMAN+WELLS+CLIMATE",2004,2026
"04-24","TMAX",2001-04-24,5.175,-9.2,14.5,6.13628552138833,-2,2.475,7.825,12.2,10.4,"NA (ECCC AES NA; station_id 43004)",NA,43004,"",4,2005-04-24,"DATE: Apr-24<br>Value: 10.4 °C<br>Anomaly: +5.2 °C<br>Weather station: NA (ECCC AES NA; station_id 43004)","DATE: Apr-24<br><b>Maximum temperature</b><br>10-90 percentile<br>-2.0 to 12.2 °C","Historical daily maximum<br>14.5 °C<br>2005-04-24","DATE: Apr-24</b><br>Normal: 5.2 °C<br>Period: 1991-2020","2202810","NORMAN+WELLS+CLIMATE",2004,2026
"04-24","TMIN",2001-04-24,-6.56875,-18.6,1.2,6.56584279941781,-17.45,-8.45,-2.5,-0.35,-4.8,"NA (ECCC AES NA; station_id 43004)",NA,43004,"",4,2006-04-24,"DATE: Apr-24<br>Value: -4.8 °C<br>Anomaly: +1.8 °C<br>Weather station: NA (ECCC AES NA; station_id 43004)","DATE: Apr-24<br><b>Minimum temperature</b><br>10-90 percentile<br>-17.4 to -0.4 °C","Historical daily maximum<br>1.2 °C<br>2006-04-24","DATE: Apr-24</b><br>Normal: -6.6 °C<br>Period: 1991-2020","2202810","NORMAN+WELLS+CLIMATE",2004,2026
"04-24","VPD",2001-04-24,0.536210905297508,0.163751238684738,1.01322719045663,0.247628782167629,0.24859095253544,0.357574661004701,0.689585302234924,0.856705559225348,0.833650720157054,"NA (ECCC AES NA; station_id 43004)",NA,43004,"",4,2005-04-24,"DATE: Apr-24<br>Value: 0.8 kPa<br>Anomaly: +0.3 kPa<br>Weather station: NA (ECCC AES NA; station_id 43004)","DATE: Apr-24<br><b>Vapour pressure deficit</b><br>10-90 percentile<br>0.2 to 0.9 kPa","Historical daily maximum<br>1.0 kPa<br>2005-04-24","DATE: Apr-24</b><br>Normal: 0.5 kPa<br>Period: 1991-2020","2202810","NORMAN+WELLS+CLIMATE",2004,2026
"04-25","TMAX",2001-04-25,4.45625,-7.6,15,5.80700367372595,-2.7,1.125,7.85,10.5,9.2,"NA (ECCC AES NA; station_id 43004)",NA,43004,"",4,2010-04-25,"DATE: Apr-25<br>Value: 9.2 °C<br>Anomaly: +4.7 °C<br>Weather station: NA (ECCC AES NA; station_id 43004)","DATE: Apr-25<br><b>Maximum temperature</b><br>10-90 percentile<br>-2.7 to 10.5 °C","Historical daily maximum<br>15.0 °C<br>2010-04-25","DATE: Apr-25</b><br>Normal: 4.5 °C<br>Period: 1991-2020","2202810","NORMAN+WELLS+CLIMATE",2004,2026
"04-25","TMIN",2001-04-25,-5.61875,-24.7,2.4,7.52287345367447,-15,-8.575,-0.375,0.35,1,"NA (ECCC AES NA; station_id 43004)",NA,43004,"",4,2014-04-25,"DATE: Apr-25<br>Value: 1.0 °C<br>Anomaly: +6.6 °C<br>Weather station: NA (ECCC AES NA; station_id 43004)","DATE: Apr-25<br><b>Minimum temperature</b><br>10-90 percentile<br>-15.0 to 0.3 °C","Historical daily maximum<br>2.4 °C<br>2014-04-25","DATE: Apr-25</b><br>Normal: -5.6 °C<br>Period: 1991-2020","2202810","NORMAN+WELLS+CLIMATE",2004,2026
"04-25","VPD",2001-04-25,0.446872001255877,0.262805343053394,1.14587438564556,0.233300502387523,0.280961784351409,0.299340124885288,0.469442326987694,0.709909184178685,0.506955399509949,"NA (ECCC AES NA; station_id 43004)",NA,43004,"",4,2010-04-25,"DATE: Apr-25<br>Value: 0.5 kPa<br>Anomaly: +0.1 kPa<br>Weather station: NA (ECCC AES NA; station_id 43004)","DATE: Apr-25<br><b>Vapour pressure deficit</b><br>10-90 percentile<br>0.3 to 0.7 kPa","Historical daily maximum<br>1.1 kPa<br>2010-04-25","DATE: Apr-25</b><br>Normal: 0.4 kPa<br>Period: 1991-2020","2202810","NORMAN+WELLS+CLIMATE",2004,2026
"04-26","TMAX",2001-04-26,6.175,-5.4,16.6,5.61456439390745,-0.05,2.625,9.675,12.2,8,"NA (ECCC AES NA; station_id 43004)",NA,43004,"",4,2010-04-26,"DATE: Apr-26<br>Value: 8.0 °C<br>Anomaly: +1.8 °C<br>Weather station: NA (ECCC AES NA; station_id 43004)","DATE: Apr-26<br><b>Maximum temperature</b><br>10-90 percentile<br>0.0 to 12.2 °C","Historical daily maximum<br>16.6 °C<br>2010-04-26","DATE: Apr-26</b><br>Normal: 6.2 °C<br>Period: 1991-2020","2202810","NORMAN+WELLS+CLIMATE",2004,2026
"04-26","TMIN",2001-04-26,-6.41875,-19.6,3.6,6.1616251914572,-14.45,-8.775,-2.7,-1.3,0.1,"NA (ECCC AES NA; station_id 43004)",NA,43004,"",4,2010-04-26,"DATE: Apr-26<br>Value: 0.1 °C<br>Anomaly: +6.5 °C<br>Weather station: NA (ECCC AES NA; station_id 43004)","DATE: Apr-26<br><b>Minimum temperature</b><br>10-90 percentile<br>-14.4 to -1.3 °C","Historical daily maximum<br>3.6 °C<br>2010-04-26","DATE: Apr-26</b><br>Normal: -6.4 °C<br>Period: 1991-2020","2202810","NORMAN+WELLS+CLIMATE",2004,2026
"04-26","VPD",2001-04-26,0.594553760408429,0.226491222841476,1.09850499520056,0.268719872582273,0.278749282762489,0.380168024134642,0.772234479088995,0.959520369489293,0.457509273418355,"NA (ECCC AES NA; station_id 43004)",NA,43004,"",4,2010-04-26,"DATE: Apr-26<br>Value: 0.5 kPa<br>Anomaly: -0.1 kPa<br>Weather station: NA (ECCC AES NA; station_id 43004)","DATE: Apr-26<br><b>Vapour pressure deficit</b><br>10-90 percentile<br>0.3 to 1.0 kPa","Historical daily maximum<br>1.1 kPa<br>2010-04-26","DATE: Apr-26</b><br>Normal: 0.6 kPa<br>Period: 1991-2020","2202810","NORMAN+WELLS+CLIMATE",2004,2026
"04-27","TMAX",2001-04-27,6.23125,-4.5,17.4,6.25701939158468,-1.5,1.25,10.675,13.05,9.2,"NA (ECCC AES NA; station_id 43004)",NA,43004,"",4,2010-04-27,"DATE: Apr-27<br>Value: 9.2 °C<br>Anomaly: +3.0 °C<br>Weather station: NA (ECCC AES NA; station_id 43004)","DATE: Apr-27<br><b>Maximum temperature</b><br>10-90 percentile<br>-1.5 to 13.0 °C","Historical daily maximum<br>17.4 °C<br>2010-04-27","DATE: Apr-27</b><br>Normal: 6.2 °C<br>Period: 1991-2020","2202810","NORMAN+WELLS+CLIMATE",2004,2026
"04-27","TMIN",2001-04-27,-5.3625,-21.1,6.2,6.65601231970014,-13.3,-8.2,-1.1,0.4,-2.1,"NA (ECCC AES NA; station_id 43004)",NA,43004,"",4,2010-04-27,"DATE: Apr-27<br>Value: -2.1 °C<br>Anomaly: +3.3 °C<br>Weather station: NA (ECCC AES NA; station_id 43004)","DATE: Apr-27<br><b>Minimum temperature</b><br>10-90 percentile<br>-13.3 to 0.4 °C","Historical daily maximum<br>6.2 °C<br>2010-04-27","DATE: Apr-27</b><br>Normal: -5.4 °C<br>Period: 1991-2020","2202810","NORMAN+WELLS+CLIMATE",2004,2026
"04-27","VPD",2001-04-27,0.573306060328059,0.218389490048438,1.08986184972852,0.2929048606953,0.256169511109646,0.324579056452826,0.707283305805614,1.0449104921633,0.640145657236541,"NA (ECCC AES NA; station_id 43004)",NA,43004,"",4,2014-04-27,"DATE: Apr-27<br>Value: 0.6 kPa<br>Anomaly: +0.1 kPa<br>Weather station: NA (ECCC AES NA; station_id 43004)","DATE: Apr-27<br><b>Vapour pressure deficit</b><br>10-90 percentile<br>0.3 to 1.0 kPa","Historical daily maximum<br>1.1 kPa<br>2014-04-27","DATE: Apr-27</b><br>Normal: 0.6 kPa<br>Period: 1991-2020","2202810","NORMAN+WELLS+CLIMATE",2004,2026
"04-28","TMAX",2001-04-28,5.72666666666667,-9.5,18.7,7.67365313139396,-2.68,1.9,9.5,16.06,12.2,"NA (ECCC AES NA; station_id 43004)",NA,43004,"",4,2010-04-28,"DATE: Apr-28<br>Value: 12.2 °C<br>Anomaly: +6.5 °C<br>Weather station: NA (ECCC AES NA; station_id 43004)","DATE: Apr-28<br><b>Maximum temperature</b><br>10-90 percentile<br>-2.7 to 16.1 °C","Historical daily maximum<br>18.7 °C<br>2010-04-28","DATE: Apr-28</b><br>Normal: 5.7 °C<br>Period: 1991-2020","2202810","NORMAN+WELLS+CLIMATE",2004,2026
"04-28","TMIN",2001-04-28,-6.35625,-19.9,5.6,5.9287962521915,-12.05,-9.725,-3.525,-0.5,-3.6,"NA (ECCC AES NA; station_id 43004)",NA,43004,"",4,2010-04-28,"DATE: Apr-28<br>Value: -3.6 °C<br>Anomaly: +2.8 °C<br>Weather station: NA (ECCC AES NA; station_id 43004)","DATE: Apr-28<br><b>Minimum temperature</b><br>10-90 percentile<br>-12.0 to -0.5 °C","Historical daily maximum<br>5.6 °C<br>2010-04-28","DATE: Apr-28</b><br>Normal: -6.4 °C<br>Period: 1991-2020","2202810","NORMAN+WELLS+CLIMATE",2004,2026
"04-28","VPD",2001-04-28,0.612633506611969,0.155148560209772,1.25742796583213,0.376227950780262,0.196185427629284,0.343586985235892,0.758504090256513,1.2243606945628,0.953042826377554,"NA (ECCC AES NA; station_id 43004)",NA,43004,"",4,2016-04-28,"DATE: Apr-28<br>Value: 1.0 kPa<br>Anomaly: +0.3 kPa<br>Weather station: NA (ECCC AES NA; station_id 43004)","DATE: Apr-28<br><b>Vapour pressure deficit</b><br>10-90 percentile<br>0.2 to 1.2 kPa","Historical daily maximum<br>1.3 kPa<br>2016-04-28","DATE: Apr-28</b><br>Normal: 0.6 kPa<br>Period: 1991-2020","2202810","NORMAN+WELLS+CLIMATE",2004,2026
"04-29","TMAX",2001-04-29,6.65,-7.7,19.9,7.58076513288731,-1.85,2.175,10,17.1,13.3,"NA (ECCC AES NA; station_id 43004)",NA,43004,"",4,2010-04-29,"DATE: Apr-29<br>Value: 13.3 °C<br>Anomaly: +6.7 °C<br>Weather station: NA (ECCC AES NA; station_id 43004)","DATE: Apr-29<br><b>Maximum temperature</b><br>10-90 percentile<br>-1.8 to 17.1 °C","Historical daily maximum<br>19.9 °C<br>2010-04-29","DATE: Apr-29</b><br>Normal: 6.6 °C<br>Period: 1991-2020","2202810","NORMAN+WELLS+CLIMATE",2004,2026
"04-29","TMIN",2001-04-29,-6.5875,-23.7,0.7,6.46135950606888,-14.6,-8.525,-2.275,-1.3,0.6,"NA (ECCC AES NA; station_id 43004)",NA,43004,"",4,2009-04-29,"DATE: Apr-29<br>Value: 0.6 °C<br>Anomaly: +7.2 °C<br>Weather station: NA (ECCC AES NA; station_id 43004)","DATE: Apr-29<br><b>Minimum temperature</b><br>10-90 percentile<br>-14.6 to -1.3 °C","Historical daily maximum<br>0.7 °C<br>2009-04-29","DATE: Apr-29</b><br>Normal: -6.6 °C<br>Period: 1991-2020","2202810","NORMAN+WELLS+CLIMATE",2004,2026
"04-29","VPD",2001-04-29,0.684603006099813,0.119599091712533,1.82686037937037,0.49503467023697,0.266418498701884,0.372053733741495,0.81568805284505,1.46565807616513,0.889425747814615,"NA (ECCC AES NA; station_id 43004)",NA,43004,"",4,2010-04-29,"DATE: Apr-29<br>Value: 0.9 kPa<br>Anomaly: +0.2 kPa<br>Weather station: NA (ECCC AES NA; station_id 43004)","DATE: Apr-29<br><b>Vapour pressure deficit</b><br>10-90 percentile<br>0.3 to 1.5 kPa","Historical daily maximum<br>1.8 kPa<br>2010-04-29","DATE: Apr-29</b><br>Normal: 0.7 kPa<br>Period: 1991-2020","2202810","NORMAN+WELLS+CLIMATE",2004,2026
"04-30","TMAX",2001-04-30,6.2875,-2.9,20.2,6.94577809416147,-2.1,1.125,9.6,15.5,9.7,"NA (ECCC AES NA; station_id 43004)",NA,43004,"",4,2010-04-30,"DATE: Apr-30<br>Value: 9.7 °C<br>Anomaly: +3.4 °C<br>Weather station: NA (ECCC AES NA; station_id 43004)","DATE: Apr-30<br><b>Maximum temperature</b><br>10-90 percentile<br>-2.1 to 15.5 °C","Historical daily maximum<br>20.2 °C<br>2010-04-30","DATE: Apr-30</b><br>Normal: 6.3 °C<br>Period: 1991-2020","2202810","NORMAN+WELLS+CLIMATE",2004,2026
"04-30","TMIN",2001-04-30,-5.95,-20.3,2.5,6.30058198370066,-15.6,-7.625,-2.1,-0.55,3.1,"NA (ECCC AES NA; station_id 43004)",NA,43004,"",4,2026-04-30,"DATE: Apr-30<br>Value: 3.1 °C<br>Anomaly: +9.0 °C<br>Weather station: NA (ECCC AES NA; station_id 43004)","DATE: Apr-30<br><b>Minimum temperature</b><br>10-90 percentile<br>-15.6 to -0.6 °C","Historical daily maximum<br>2.5 °C<br>2026-04-30","DATE: Apr-30</b><br>Normal: -6.0 °C<br>Period: 1991-2020","2202810","NORMAN+WELLS+CLIMATE",2004,2026
"04-30","VPD",2001-04-30,0.626016952339945,0.107197458953466,1.78274982130449,0.452766821048832,0.278205049003595,0.395365538932342,0.629873407435682,1.23562017357818,0.440332681657125,"NA (ECCC AES NA; station_id 43004)",NA,43004,"",4,2010-04-30,"DATE: Apr-30<br>Value: 0.4 kPa<br>Anomaly: -0.2 kPa<br>Weather station: NA (ECCC AES NA; station_id 43004)","DATE: Apr-30<br><b>Vapour pressure deficit</b><br>10-90 percentile<br>0.3 to 1.2 kPa","Historical daily maximum<br>1.8 kPa<br>2010-04-30","DATE: Apr-30</b><br>Normal: 0.6 kPa<br>Period: 1991-2020","2202810","NORMAN+WELLS+CLIMATE",2004,2026
"05-01","TMAX",2001-05-01,7.59375,-0.7,18.3,5.8262015928047,0.15,3.7,10.9,15.1,13.7,"NA (ECCC AES NA; station_id 43004)",NA,43004,"",5,2009-05-01,"DATE: May-01<br>Value: 13.7 °C<br>Anomaly: +6.1 °C<br>Weather station: NA (ECCC AES NA; station_id 43004)","DATE: May-01<br><b>Maximum temperature</b><br>10-90 percentile<br>0.2 to 15.1 °C","Historical daily maximum<br>18.3 °C<br>2009-05-01","DATE: May-01</b><br>Normal: 7.6 °C<br>Period: 1991-2020","2202810","NORMAN+WELLS+CLIMATE",2004,2026
"05-01","TMIN",2001-05-01,-5.75,-15.6,2.1,5.86037541459589,-14.6,-9.6,-1.575,-0.4,-3.3,"NA (ECCC AES NA; station_id 43004)",NA,43004,"",5,2022-05-01,"DATE: May-01<br>Value: -3.3 °C<br>Anomaly: +2.4 °C<br>Weather station: NA (ECCC AES NA; station_id 43004)","DATE: May-01<br><b>Minimum temperature</b><br>10-90 percentile<br>-14.6 to -0.4 °C","Historical daily maximum<br>2.1 °C<br>2022-05-01","DATE: May-01</b><br>Normal: -5.8 °C<br>Period: 1991-2020","2202810","NORMAN+WELLS+CLIMATE",2004,2026
"05-01","VPD",2001-05-01,0.685081844490293,0.157021003321613,1.59124744244374,0.391171052593908,0.301833077738162,0.452760906621351,0.746999669698752,1.20346827352394,1.08897833813394,"NA (ECCC AES NA; station_id 43004)",NA,43004,"",5,2009-05-01,"DATE: May-01<br>Value: 1.1 kPa<br>Anomaly: +0.4 kPa<br>Weather station: NA (ECCC AES NA; station_id 43004)","DATE: May-01<br><b>Vapour pressure deficit</b><br>10-90 percentile<br>0.3 to 1.2 kPa","Historical daily maximum<br>1.6 kPa<br>2009-05-01","DATE: May-01</b><br>Normal: 0.7 kPa<br>Period: 1991-2020","2202810","NORMAN+WELLS+CLIMATE",2004,2026
"05-02","TMAX",2001-05-02,6.475,-3.8,18.5,5.84471271036196,-0.5,3.775,8.2,12.9,8.5,"NA (ECCC AES NA; station_id 43004)",NA,43004,"",5,2016-05-02,"DATE: May-02<br>Value: 8.5 °C<br>Anomaly: +2.0 °C<br>Weather station: NA (ECCC AES NA; station_id 43004)","DATE: May-02<br><b>Maximum temperature</b><br>10-90 percentile<br>-0.5 to 12.9 °C","Historical daily maximum<br>18.5 °C<br>2016-05-02","DATE: May-02</b><br>Normal: 6.5 °C<br>Period: 1991-2020","2202810","NORMAN+WELLS+CLIMATE",2004,2026
"05-02","TMIN",2001-05-02,-4.9875,-15.5,0.6,4.30873144517811,-9.35,-7.975,-1.775,-0.4,1,"NA (ECCC AES NA; station_id 43004)",NA,43004,"",5,2022-05-02,"DATE: May-02<br>Value: 1.0 °C<br>Anomaly: +6.0 °C<br>Weather station: NA (ECCC AES NA; station_id 43004)","DATE: May-02<br><b>Minimum temperature</b><br>10-90 percentile<br>-9.3 to -0.4 °C","Historical daily maximum<br>0.6 °C<br>2022-05-02","DATE: May-02</b><br>Normal: -5.0 °C<br>Period: 1991-2020","2202810","NORMAN+WELLS+CLIMATE",2004,2026
"05-02","VPD",2001-05-02,0.594712063185605,0.179936410453745,1.59053995612108,0.399335998689694,0.233857505290029,0.350657588063212,0.651175407318696,1.07549406234813,0.453143726899956,"NA (ECCC AES NA; station_id 43004)",NA,43004,"",5,2016-05-02,"DATE: May-02<br>Value: 0.5 kPa<br>Anomaly: -0.1 kPa<br>Weather station: NA (ECCC AES NA; station_id 43004)","DATE: May-02<br><b>Vapour pressure deficit</b><br>10-90 percentile<br>0.2 to 1.1 kPa","Historical daily maximum<br>1.6 kPa<br>2016-05-02","DATE: May-02</b><br>Normal: 0.6 kPa<br>Period: 1991-2020","2202810","NORMAN+WELLS+CLIMATE",2004,2026
"05-03","TMAX",2001-05-03,6.35,-3.1,13.1,4.68401537145215,0,3.975,8.625,11.85,14,"NA (ECCC AES NA; station_id 43004)",NA,43004,"",5,2022-05-03,"DATE: May-03<br>Value: 14.0 °C<br>Anomaly: +7.6 °C<br>Weather station: NA (ECCC AES NA; station_id 43004)","DATE: May-03<br><b>Maximum temperature</b><br>10-90 percentile<br>0.0 to 11.8 °C","Historical daily maximum<br>13.1 °C<br>2022-05-03","DATE: May-03</b><br>Normal: 6.3 °C<br>Period: 1991-2020","2202810","NORMAN+WELLS+CLIMATE",2004,2026
"05-03","TMIN",2001-05-03,-4.59375,-11.7,0.6,3.6011977174268,-9.3,-6.325,-2,-0.2,-1.4,"NA (ECCC AES NA; station_id 43004)",NA,43004,"",5,2022-05-03,"DATE: May-03<br>Value: -1.4 °C<br>Anomaly: +3.2 °C<br>Weather station: NA (ECCC AES NA; station_id 43004)","DATE: May-03<br><b>Minimum temperature</b><br>10-90 percentile<br>-9.3 to -0.2 °C","Historical daily maximum<br>0.6 °C<br>2022-05-03","DATE: May-03</b><br>Normal: -4.6 °C<br>Period: 1991-2020","2202810","NORMAN+WELLS+CLIMATE",2004,2026
"05-03","VPD",2001-05-03,0.550409387122447,0.236568395312561,1.01492683421117,0.264937024754575,0.243470168210822,0.322564458701529,0.757534091537138,0.927222979829697,1.04730603581749,"NA (ECCC AES NA; station_id 43004)",NA,43004,"",5,2022-05-03,"DATE: May-03<br>Value: 1.0 kPa<br>Anomaly: +0.5 kPa<br>Weather station: NA (ECCC AES NA; station_id 43004)","DATE: May-03<br><b>Vapour pressure deficit</b><br>10-90 percentile<br>0.2 to 0.9 kPa","Historical daily maximum<br>1.0 kPa<br>2022-05-03","DATE: May-03</b><br>Normal: 0.6 kPa<br>Period: 1991-2020","2202810","NORMAN+WELLS+CLIMATE",2004,2026
"05-04","TMAX",2001-05-04,8.7375,-1.7,14,4.22672055696454,4.3,6.575,12.275,13.2,15.4,"NA (ECCC AES NA; station_id 43004)",NA,43004,"",5,2024-05-04,"DATE: May-04<br>Value: 15.4 °C<br>Anomaly: +6.7 °C<br>Weather station: NA (ECCC AES NA; station_id 43004)","DATE: May-04<br><b>Maximum temperature</b><br>10-90 percentile<br>4.3 to 13.2 °C","Historical daily maximum<br>14.0 °C<br>2024-05-04","DATE: May-04</b><br>Normal: 8.7 °C<br>Period: 1991-2020","2202810","NORMAN+WELLS+CLIMATE",2004,2026
"05-04","TMIN",2001-05-04,-3.775,-8.9,3.5,3.44005813904358,-7.95,-6.325,-2.025,0.3,-3,"NA (ECCC AES NA; station_id 43004)",NA,43004,"",5,2016-05-04,"DATE: May-04<br>Value: -3.0 °C<br>Anomaly: +0.8 °C<br>Weather station: NA (ECCC AES NA; station_id 43004)","DATE: May-04<br><b>Minimum temperature</b><br>10-90 percentile<br>-8.0 to 0.3 °C","Historical daily maximum<br>3.5 °C<br>2016-05-04","DATE: May-04</b><br>Normal: -3.8 °C<br>Period: 1991-2020","2202810","NORMAN+WELLS+CLIMATE",2004,2026
"05-04","VPD",2001-05-04,0.688703259645196,0.227608080987306,1.18378259829167,0.245597386735447,0.408040947820746,0.574735286353571,0.826166409430147,0.979623171269334,1.26013532783195,"NA (ECCC AES NA; station_id 43004)",NA,43004,"",5,2024-05-04,"DATE: May-04<br>Value: 1.3 kPa<br>Anomaly: +0.6 kPa<br>Weather station: NA (ECCC AES NA; station_id 43004)","DATE: May-04<br><b>Vapour pressure deficit</b><br>10-90 percentile<br>0.4 to 1.0 kPa","Historical daily maximum<br>1.2 kPa<br>2024-05-04","DATE: May-04</b><br>Normal: 0.7 kPa<br>Period: 1991-2020","2202810","NORMAN+WELLS+CLIMATE",2004,2026
"05-05","TMAX",2001-05-05,9.025,-0.6,19,5.49102297694458,3.45,5.275,13.275,15.8,18.5,"NA (ECCC AES NA; station_id 43004)",NA,43004,"",5,2018-05-05,"DATE: May-05<br>Value: 18.5 °C<br>Anomaly: +9.5 °C<br>Weather station: NA (ECCC AES NA; station_id 43004)","DATE: May-05<br><b>Maximum temperature</b><br>10-90 percentile<br>3.4 to 15.8 °C","Historical daily maximum<br>19.0 °C<br>2018-05-05","DATE: May-05</b><br>Normal: 9.0 °C<br>Period: 1991-2020","2202810","NORMAN+WELLS+CLIMATE",2004,2026
"05-05","TMIN",2001-05-05,-2.65625,-7.6,3.7,3.29605193122519,-7.1,-5.55,-1.175,1.3,3.5,"NA (ECCC AES NA; station_id 43004)",NA,43004,"",5,2006-05-05,"DATE: May-05<br>Value: 3.5 °C<br>Anomaly: +6.2 °C<br>Weather station: NA (ECCC AES NA; station_id 43004)","DATE: May-05<br><b>Minimum temperature</b><br>10-90 percentile<br>-7.1 to 1.3 °C","Historical daily maximum<br>3.7 °C<br>2006-05-05","DATE: May-05</b><br>Normal: -2.7 °C<br>Period: 1991-2020","2202810","NORMAN+WELLS+CLIMATE",2004,2026
"05-05","VPD",2001-05-05,0.701880722092341,0.234304779805773,1.50675893627871,0.38130251211763,0.261907087573113,0.412723220118373,0.954352323665937,1.1561545480725,1.34469621061721,"NA (ECCC AES NA; station_id 43004)",NA,43004,"",5,2018-05-05,"DATE: May-05<br>Value: 1.3 kPa<br>Anomaly: +0.6 kPa<br>Weather station: NA (ECCC AES NA; station_id 43004)","DATE: May-05<br><b>Vapour pressure deficit</b><br>10-90 percentile<br>0.3 to 1.2 kPa","Historical daily maximum<br>1.5 kPa<br>2018-05-05","DATE: May-05</b><br>Normal: 0.7 kPa<br>Period: 1991-2020","2202810","NORMAN+WELLS+CLIMATE",2004,2026
"05-06","TMAX",2001-05-06,9.5375,2,17.2,4.90222738490712,3.3,5.575,13.95,15.4,12.6,"NA (ECCC AES NA; station_id 43004)",NA,43004,"",5,2016-05-06,"DATE: May-06<br>Value: 12.6 °C<br>Anomaly: +3.1 °C<br>Weather station: NA (ECCC AES NA; station_id 43004)","DATE: May-06<br><b>Maximum temperature</b><br>10-90 percentile<br>3.3 to 15.4 °C","Historical daily maximum<br>17.2 °C<br>2016-05-06","DATE: May-06</b><br>Normal: 9.5 °C<br>Period: 1991-2020","2202810","NORMAN+WELLS+CLIMATE",2004,2026
"05-06","TMIN",2001-05-06,-3.475,-17.5,2,4.51227954216787,-6.9,-5.25,-0.925,-0.5,0.1,"NA (ECCC AES NA; station_id 43004)",NA,43004,"",5,2014-05-06,"DATE: May-06<br>Value: 0.1 °C<br>Anomaly: +3.6 °C<br>Weather station: NA (ECCC AES NA; station_id 43004)","DATE: May-06<br><b>Minimum temperature</b><br>10-90 percentile<br>-6.9 to -0.5 °C","Historical daily maximum<br>2.0 °C<br>2014-05-06","DATE: May-06</b><br>Normal: -3.5 °C<br>Period: 1991-2020","2202810","NORMAN+WELLS+CLIMATE",2004,2026
"05-06","VPD",2001-05-06,0.752093628874765,0.280500316751024,1.39467376640266,0.346292542098135,0.380567764897436,0.508764908992891,0.96088556936855,1.2526875656571,0.843768646402732,"NA (ECCC AES NA; station_id 43004)",NA,43004,"",5,2016-05-06,"DATE: May-06<br>Value: 0.8 kPa<br>Anomaly: +0.1 kPa<br>Weather station: NA (ECCC AES NA; station_id 43004)","DATE: May-06<br><b>Vapour pressure deficit</b><br>10-90 percentile<br>0.4 to 1.3 kPa","Historical daily maximum<br>1.4 kPa<br>2016-05-06","DATE: May-06</b><br>Normal: 0.8 kPa<br>Period: 1991-2020","2202810","NORMAN+WELLS+CLIMATE",2004,2026
"05-07","TMAX",2001-05-07,10.04375,3.8,18.5,4.15819973065268,5.75,6.775,12.775,15.3,14.9,"NA (ECCC AES NA; station_id 43004)",NA,43004,"",5,2019-05-07,"DATE: May-07<br>Value: 14.9 °C<br>Anomaly: +4.9 °C<br>Weather station: NA (ECCC AES NA; station_id 43004)","DATE: May-07<br><b>Maximum temperature</b><br>10-90 percentile<br>5.8 to 15.3 °C","Historical daily maximum<br>18.5 °C<br>2019-05-07","DATE: May-07</b><br>Normal: 10.0 °C<br>Period: 1991-2020","2202810","NORMAN+WELLS+CLIMATE",2004,2026
"05-07","TMIN",2001-05-07,-2.10625,-12.3,6.8,4.64822098585398,-8.9,-2.4,0.45,1.45,-1.7,"NA (ECCC AES NA; station_id 43004)",NA,43004,"",5,2014-05-07,"DATE: May-07<br>Value: -1.7 °C<br>Anomaly: +0.4 °C<br>Weather station: NA (ECCC AES NA; station_id 43004)","DATE: May-07<br><b>Minimum temperature</b><br>10-90 percentile<br>-8.9 to 1.5 °C","Historical daily maximum<br>6.8 °C<br>2014-05-07","DATE: May-07</b><br>Normal: -2.1 °C<br>Period: 1991-2020","2202810","NORMAN+WELLS+CLIMATE",2004,2026
"05-07","VPD",2001-05-07,0.724686710211348,0.285262355880932,1.59845062257354,0.33665520973671,0.316951722337623,0.523438235775558,0.923512632807153,0.992493931767781,1.15516069064845,"NA (ECCC AES NA; station_id 43004)",NA,43004,"",5,2019-05-07,"DATE: May-07<br>Value: 1.2 kPa<br>Anomaly: +0.4 kPa<br>Weather station: NA (ECCC AES NA; station_id 43004)","DATE: May-07<br><b>Vapour pressure deficit</b><br>10-90 percentile<br>0.3 to 1.0 kPa","Historical daily maximum<br>1.6 kPa<br>2019-05-07","DATE: May-07</b><br>Normal: 0.7 kPa<br>Period: 1991-2020","2202810","NORMAN+WELLS+CLIMATE",2004,2026
"05-08","TMAX",2001-05-08,9.825,2.6,21.2,4.97198820057597,3.7,6.45,12.825,14.5,14,"NA (ECCC AES NA; station_id 43004)",NA,43004,"",5,2019-05-08,"DATE: May-08<br>Value: 14.0 °C<br>Anomaly: +4.2 °C<br>Weather station: NA (ECCC AES NA; station_id 43004)","DATE: May-08<br><b>Maximum temperature</b><br>10-90 percentile<br>3.7 to 14.5 °C","Historical daily maximum<br>21.2 °C<br>2019-05-08","DATE: May-08</b><br>Normal: 9.8 °C<br>Period: 1991-2020","2202810","NORMAN+WELLS+CLIMATE",2004,2026
"05-08","TMIN",2001-05-08,-2.04375,-9.1,3.3,3.17531494500939,-6.15,-3.45,-0.075,0.7,3,"NA (ECCC AES NA; station_id 43004)",NA,43004,"",5,2014-05-08,"DATE: May-08<br>Value: 3.0 °C<br>Anomaly: +5.0 °C<br>Weather station: NA (ECCC AES NA; station_id 43004)","DATE: May-08<br><b>Minimum temperature</b><br>10-90 percentile<br>-6.2 to 0.7 °C","Historical daily maximum<br>3.3 °C<br>2014-05-08","DATE: May-08</b><br>Normal: -2.0 °C<br>Period: 1991-2020","2202810","NORMAN+WELLS+CLIMATE",2004,2026
"05-08","VPD",2001-05-08,0.734471186043632,0.147593932018859,2.02073710763948,0.482623364248654,0.196733130738871,0.40904062457899,0.945339562708388,1.15779581434235,0.840838529327534,"NA (ECCC AES NA; station_id 43004)",NA,43004,"",5,2019-05-08,"DATE: May-08<br>Value: 0.8 kPa<br>Anomaly: +0.1 kPa<br>Weather station: NA (ECCC AES NA; station_id 43004)","DATE: May-08<br><b>Vapour pressure deficit</b><br>10-90 percentile<br>0.2 to 1.2 kPa","Historical daily maximum<br>2.0 kPa<br>2019-05-08","DATE: May-08</b><br>Normal: 0.7 kPa<br>Period: 1991-2020","2202810","NORMAN+WELLS+CLIMATE",2004,2026
"05-09","TMAX",2001-05-09,10.25,-0.5,19.6,5.2042290495327,4.25,7.4,14.25,16.05,14,"NA (ECCC AES NA; station_id 43004)",NA,43004,"",5,2015-05-09,"DATE: May-09<br>Value: 14.0 °C<br>Anomaly: +3.8 °C<br>Weather station: NA (ECCC AES NA; station_id 43004)","DATE: May-09<br><b>Maximum temperature</b><br>10-90 percentile<br>4.2 to 16.0 °C","Historical daily maximum<br>19.6 °C<br>2015-05-09","DATE: May-09</b><br>Normal: 10.2 °C<br>Period: 1991-2020","2202810","NORMAN+WELLS+CLIMATE",2004,2026
"05-09","TMIN",2001-05-09,-1.94375,-5.2,2.9,2.37429814190777,-5,-3.4,-0.7,0.9,4.4,"NA (ECCC AES NA; station_id 43004)",NA,43004,"",5,2026-05-09,"DATE: May-09<br>Value: 4.4 °C<br>Anomaly: +6.3 °C<br>Weather station: NA (ECCC AES NA; station_id 43004)","DATE: May-09<br><b>Minimum temperature</b><br>10-90 percentile<br>-5.0 to 0.9 °C","Historical daily maximum<br>2.9 °C<br>2026-05-09","DATE: May-09</b><br>Normal: -1.9 °C<br>Period: 1991-2020","2202810","NORMAN+WELLS+CLIMATE",2004,2026
"05-09","VPD",2001-05-09,0.773935013526413,0.164542306039591,1.71325388180625,0.420305482671452,0.392262896792152,0.524158957478793,1.06351152868915,1.30602446835231,0.7621610768074,"NA (ECCC AES NA; station_id 43004)",NA,43004,"",5,2015-05-09,"DATE: May-09<br>Value: 0.8 kPa<br>Anomaly: 0.0 kPa<br>Weather station: NA (ECCC AES NA; station_id 43004)","DATE: May-09<br><b>Vapour pressure deficit</b><br>10-90 percentile<br>0.4 to 1.3 kPa","Historical daily maximum<br>1.7 kPa<br>2015-05-09","DATE: May-09</b><br>Normal: 0.8 kPa<br>Period: 1991-2020","2202810","NORMAN+WELLS+CLIMATE",2004,2026
"05-10","TMAX",2001-05-10,12.6375,2.7,23.8,5.799295934278,4.7,9.35,16.15,17.3,9.9,"NA (ECCC AES NA; station_id 43004)",NA,43004,"",5,2015-05-10,"DATE: May-10<br>Value: 9.9 °C<br>Anomaly: -2.7 °C<br>Weather station: NA (ECCC AES NA; station_id 43004)","DATE: May-10<br><b>Maximum temperature</b><br>10-90 percentile<br>4.7 to 17.3 °C","Historical daily maximum<br>23.8 °C<br>2015-05-10","DATE: May-10</b><br>Normal: 12.6 °C<br>Period: 1991-2020","2202810","NORMAN+WELLS+CLIMATE",2004,2026
"05-10","TMIN",2001-05-10,-1.68125,-7.8,5.2,3.07445794680407,-4.8,-3.25,0.1,1.05,-1.3,"NA (ECCC AES NA; station_id 43004)",NA,43004,"",5,2020-05-10,"DATE: May-10<br>Value: -1.3 °C<br>Anomaly: +0.4 °C<br>Weather station: NA (ECCC AES NA; station_id 43004)","DATE: May-10<br><b>Minimum temperature</b><br>10-90 percentile<br>-4.8 to 1.0 °C","Historical daily maximum<br>5.2 °C<br>2020-05-10","DATE: May-10</b><br>Normal: -1.7 °C<br>Period: 1991-2020","2202810","NORMAN+WELLS+CLIMATE",2004,2026
"05-10","VPD",2001-05-10,0.997322223254098,0.152855084632232,2.34191525288745,0.547903760647797,0.359164665470876,0.620886775786488,1.25799864493522,1.4748763582351,0.664386169654829,"NA (ECCC AES NA; station_id 43004)",NA,43004,"",5,2015-05-10,"DATE: May-10<br>Value: 0.7 kPa<br>Anomaly: -0.3 kPa<br>Weather station: NA (ECCC AES NA; station_id 43004)","DATE: May-10<br><b>Vapour pressure deficit</b><br>10-90 percentile<br>0.4 to 1.5 kPa","Historical daily maximum<br>2.3 kPa<br>2015-05-10","DATE: May-10</b><br>Normal: 1.0 kPa<br>Period: 1991-2020","2202810","NORMAN+WELLS+CLIMATE",2004,2026
"05-11","TMAX",2001-05-11,13.16875,0.7,27.6,6.13924194560425,6.1,11.175,15.7,18.7,6.1,"NA (ECCC AES NA; station_id 43004)",NA,43004,"",5,2015-05-11,"DATE: May-11<br>Value: 6.1 °C<br>Anomaly: -7.1 °C<br>Weather station: NA (ECCC AES NA; station_id 43004)","DATE: May-11<br><b>Maximum temperature</b><br>10-90 percentile<br>6.1 to 18.7 °C","Historical daily maximum<br>27.6 °C<br>2015-05-11","DATE: May-11</b><br>Normal: 13.2 °C<br>Period: 1991-2020","2202810","NORMAN+WELLS+CLIMATE",2004,2026
"05-11","TMIN",2001-05-11,-2.125,-9.2,5.8,3.75650546829541,-6.05,-4.15,-0.175,2.6,-0.1,"NA (ECCC AES NA; station_id 43004)",NA,43004,"",5,2015-05-11,"DATE: May-11<br>Value: -0.1 °C<br>Anomaly: +2.0 °C<br>Weather station: NA (ECCC AES NA; station_id 43004)","DATE: May-11<br><b>Minimum temperature</b><br>10-90 percentile<br>-6.1 to 2.6 °C","Historical daily maximum<br>5.8 °C<br>2015-05-11","DATE: May-11</b><br>Normal: -2.1 °C<br>Period: 1991-2020","2202810","NORMAN+WELLS+CLIMATE",2004,2026
"05-11","VPD",2001-05-11,1.07893199810267,0.191775238184428,2.77054170292423,0.589584597963786,0.539211293646747,0.788781616692222,1.21181041676059,1.59443245717319,0.335234069134393,"NA (ECCC AES NA; station_id 43004)",NA,43004,"",5,2015-05-11,"DATE: May-11<br>Value: 0.3 kPa<br>Anomaly: -0.7 kPa<br>Weather station: NA (ECCC AES NA; station_id 43004)","DATE: May-11<br><b>Vapour pressure deficit</b><br>10-90 percentile<br>0.5 to 1.6 kPa","Historical daily maximum<br>2.8 kPa<br>2015-05-11","DATE: May-11</b><br>Normal: 1.1 kPa<br>Period: 1991-2020","2202810","NORMAN+WELLS+CLIMATE",2004,2026
"05-12","TMAX",2001-05-12,12.7625,-3.9,23.2,7.07614537254099,5.3,7.725,17.225,20.2,12.6,"NA (ECCC AES NA; station_id 43004)",NA,43004,"",5,2016-05-12,"DATE: May-12<br>Value: 12.6 °C<br>Anomaly: -0.2 °C<br>Weather station: NA (ECCC AES NA; station_id 43004)","DATE: May-12<br><b>Maximum temperature</b><br>10-90 percentile<br>5.3 to 20.2 °C","Historical daily maximum<br>23.2 °C<br>2016-05-12","DATE: May-12</b><br>Normal: 12.8 °C<br>Period: 1991-2020","2202810","NORMAN+WELLS+CLIMATE",2004,2026
"05-12","TMIN",2001-05-12,-2.00625,-6.4,3.2,2.84990496917587,-5.15,-4.625,-0.35,1.75,-2.7,"NA (ECCC AES NA; station_id 43004)",NA,43004,"",5,2021-05-12,"DATE: May-12<br>Value: -2.7 °C<br>Anomaly: -0.7 °C<br>Weather station: NA (ECCC AES NA; station_id 43004)","DATE: May-12<br><b>Minimum temperature</b><br>10-90 percentile<br>-5.2 to 1.8 °C","Historical daily maximum<br>3.2 °C<br>2021-05-12","DATE: May-12</b><br>Normal: -2.0 °C<br>Period: 1991-2020","2202810","NORMAN+WELLS+CLIMATE",2004,2026
"05-12","VPD",2001-05-12,1.06119134566096,0.0460147868358493,2.08565068958251,0.61609679599426,0.374252295505037,0.480985133114355,1.37962004443063,1.88818530961793,0.95832676525133,"NA (ECCC AES NA; station_id 43004)",NA,43004,"",5,2008-05-12,"DATE: May-12<br>Value: 1.0 kPa<br>Anomaly: -0.1 kPa<br>Weather station: NA (ECCC AES NA; station_id 43004)","DATE: May-12<br><b>Vapour pressure deficit</b><br>10-90 percentile<br>0.4 to 1.9 kPa","Historical daily maximum<br>2.1 kPa<br>2008-05-12","DATE: May-12</b><br>Normal: 1.1 kPa<br>Period: 1991-2020","2202810","NORMAN+WELLS+CLIMATE",2004,2026
"05-13","TMAX",2001-05-13,13.23125,-0.7,25.1,7.37172243554155,3.85,8.85,17.725,21.85,NA,NA,NA,NA,NA,5,2016-05-13,"","DATE: May-13<br><b>Maximum temperature</b><br>10-90 percentile<br>3.8 to 21.8 °C","Historical daily maximum<br>25.1 °C<br>2016-05-13","DATE: May-13</b><br>Normal: 13.2 °C<br>Period: 1991-2020","2202810","NORMAN+WELLS+CLIMATE",2004,2026
"05-13","TMIN",2001-05-13,-1.05,-6,5.2,3.47121496501345,-4.95,-3.375,1.625,3.75,NA,NA,NA,NA,NA,5,2016-05-13,"","DATE: May-13<br><b>Minimum temperature</b><br>10-90 percentile<br>-5.0 to 3.8 °C","Historical daily maximum<br>5.2 °C<br>2016-05-13","DATE: May-13</b><br>Normal: -1.0 °C<br>Period: 1991-2020","2202810","NORMAN+WELLS+CLIMATE",2004,2026
"05-13","VPD",2001-05-13,1.08293821130677,0.155989411603423,2.31428438411197,0.662498609415522,0.352482436372017,0.56954882573706,1.34800625821478,2.04151404711052,NA,NA,NA,NA,NA,5,2014-05-13,"","DATE: May-13<br><b>Vapour pressure deficit</b><br>10-90 percentile<br>0.4 to 2.0 kPa","Historical daily maximum<br>2.3 kPa<br>2014-05-13","DATE: May-13</b><br>Normal: 1.1 kPa<br>Period: 1991-2020","2202810","NORMAN+WELLS+CLIMATE",2004,2026
"05-14","TMAX",2001-05-14,12.9875,1.7,25.1,6.74100635414822,3.75,7.475,18.05,19.85,NA,NA,NA,NA,NA,5,2016-05-14,"","DATE: May-14<br><b>Maximum temperature</b><br>10-90 percentile<br>3.8 to 19.8 °C","Historical daily maximum<br>25.1 °C<br>2016-05-14","DATE: May-14</b><br>Normal: 13.0 °C<br>Period: 1991-2020","2202810","NORMAN+WELLS+CLIMATE",2004,2026
"05-14","TMIN",2001-05-14,0.45,-8.8,9,4.83955920857813,-4.8,-2.8,4.4,5.45,NA,NA,NA,NA,NA,5,2017-05-14,"","DATE: May-14<br><b>Minimum temperature</b><br>10-90 percentile<br>-4.8 to 5.4 °C","Historical daily maximum<br>9.0 °C<br>2017-05-14","DATE: May-14</b><br>Normal: 0.4 °C<br>Period: 1991-2020","2202810","NORMAN+WELLS+CLIMATE",2004,2026
"05-14","VPD",2001-05-14,0.952826122972196,0.297387818982971,2.42892943210727,0.566625927135635,0.411289273532051,0.478592156495024,1.26704527981227,1.47426425948246,NA,NA,NA,NA,NA,5,2016-05-14,"","DATE: May-14<br><b>Vapour pressure deficit</b><br>10-90 percentile<br>0.4 to 1.5 kPa","Historical daily maximum<br>2.4 kPa<br>2016-05-14","DATE: May-14</b><br>Normal: 1.0 kPa<br>Period: 1991-2020","2202810","NORMAN+WELLS+CLIMATE",2004,2026
"05-15","TMAX",2001-05-15,11.4357142857143,1,20.8,6.03841639235591,2.78,7.925,15.45,18.29,6.7,"NA (ECCC AES NA; station_id 43004)",NA,43004,"",5,2023-05-15,"DATE: May-15<br>Value: 6.7 °C<br>Anomaly: -4.7 °C<br>Weather station: NA (ECCC AES NA; station_id 43004)","DATE: May-15<br><b>Maximum temperature</b><br>10-90 percentile<br>2.8 to 18.3 °C","Historical daily maximum<br>20.8 °C<br>2023-05-15","DATE: May-15</b><br>Normal: 11.4 °C<br>Period: 1991-2020","2202810","NORMAN+WELLS+CLIMATE",2004,2026
"05-15","TMIN",2001-05-15,-0.3625,-5.9,6.8,3.78943707340989,-4.95,-2.875,1.7,4.45,0,"NA (ECCC AES NA; station_id 43004)",NA,43004,"",5,2017-05-15,"DATE: May-15<br>Value: 0.0 °C<br>Anomaly: +0.4 °C<br>Weather station: NA (ECCC AES NA; station_id 43004)","DATE: May-15<br><b>Minimum temperature</b><br>10-90 percentile<br>-4.9 to 4.4 °C","Historical daily maximum<br>6.8 °C<br>2017-05-15","DATE: May-15</b><br>Normal: -0.4 °C<br>Period: 1991-2020","2202810","NORMAN+WELLS+CLIMATE",2004,2026
"05-15","VPD",2001-05-15,0.855019159916498,0.222564753125647,1.5274983373736,0.458138668755034,0.293757269430373,0.501462239924201,1.28423728961379,1.48948710085366,0.370606538897068,"NA (ECCC AES NA; station_id 43004)",NA,43004,"",5,2023-05-15,"DATE: May-15<br>Value: 0.4 kPa<br>Anomaly: -0.5 kPa<br>Weather station: NA (ECCC AES NA; station_id 43004)","DATE: May-15<br><b>Vapour pressure deficit</b><br>10-90 percentile<br>0.3 to 1.5 kPa","Historical daily maximum<br>1.5 kPa<br>2023-05-15","DATE: May-15</b><br>Normal: 0.9 kPa<br>Period: 1991-2020","2202810","NORMAN+WELLS+CLIMATE",2004,2026
"05-16","TMAX",2001-05-16,12.14375,-0.4,21.6,6.79362139559357,2.95,6.15,18.225,18.6,12.4,"NA (ECCC AES NA; station_id 43004)",NA,43004,"",5,2023-05-16,"DATE: May-16<br>Value: 12.4 °C<br>Anomaly: +0.3 °C<br>Weather station: NA (ECCC AES NA; station_id 43004)","DATE: May-16<br><b>Maximum temperature</b><br>10-90 percentile<br>2.9 to 18.6 °C","Historical daily maximum<br>21.6 °C<br>2023-05-16","DATE: May-16</b><br>Normal: 12.1 °C<br>Period: 1991-2020","2202810","NORMAN+WELLS+CLIMATE",2004,2026
"05-16","TMIN",2001-05-16,-0.08125,-9.3,5.1,3.78720983486964,-4.6,-1.975,2.35,3.75,0.8,"NA (ECCC AES NA; station_id 43004)",NA,43004,"",5,2014-05-16,"DATE: May-16<br>Value: 0.8 °C<br>Anomaly: +0.9 °C<br>Weather station: NA (ECCC AES NA; station_id 43004)","DATE: May-16<br><b>Minimum temperature</b><br>10-90 percentile<br>-4.6 to 3.8 °C","Historical daily maximum<br>5.1 °C<br>2014-05-16","DATE: May-16</b><br>Normal: -0.1 °C<br>Period: 1991-2020","2202810","NORMAN+WELLS+CLIMATE",2004,2026
"05-16","VPD",2001-05-16,0.90300216881307,0.0962608750683263,1.98256038719959,0.554518708041725,0.212325015881929,0.415141246085243,1.28950919610612,1.43730797537699,0.792698175421731,"NA (ECCC AES NA; station_id 43004)",NA,43004,"",5,2023-05-16,"DATE: May-16<br>Value: 0.8 kPa<br>Anomaly: -0.1 kPa<br>Weather station: NA (ECCC AES NA; station_id 43004)","DATE: May-16<br><b>Vapour pressure deficit</b><br>10-90 percentile<br>0.2 to 1.4 kPa","Historical daily maximum<br>2.0 kPa<br>2023-05-16","DATE: May-16</b><br>Normal: 0.9 kPa<br>Period: 1991-2020","2202810","NORMAN+WELLS+CLIMATE",2004,2026
"05-17","TMAX",2001-05-17,14.1,1.3,27.7,7.58832436488232,5.05,8.375,20.025,22.4,21.5,"NA (ECCC AES NA; station_id 43004)",NA,43004,"",5,2015-05-17,"DATE: May-17<br>Value: 21.5 °C<br>Anomaly: +7.4 °C<br>Weather station: NA (ECCC AES NA; station_id 43004)","DATE: May-17<br><b>Maximum temperature</b><br>10-90 percentile<br>5.0 to 22.4 °C","Historical daily maximum<br>27.7 °C<br>2015-05-17","DATE: May-17</b><br>Normal: 14.1 °C<br>Period: 1991-2020","2202810","NORMAN+WELLS+CLIMATE",2004,2026
"05-17","TMIN",2001-05-17,0.95625,-6.9,10.7,4.4679553489264,-3.9,-2.1,3.5,5.5,2.4,"NA (ECCC AES NA; station_id 43004)",NA,43004,"",5,2005-05-17,"DATE: May-17<br>Value: 2.4 °C<br>Anomaly: +1.4 °C<br>Weather station: NA (ECCC AES NA; station_id 43004)","DATE: May-17<br><b>Minimum temperature</b><br>10-90 percentile<br>-3.9 to 5.5 °C","Historical daily maximum<br>10.7 °C<br>2005-05-17","DATE: May-17</b><br>Normal: 1.0 °C<br>Period: 1991-2020","2202810","NORMAN+WELLS+CLIMATE",2004,2026
"05-17","VPD",2001-05-17,1.08870617425,0.181437373365069,3.04815492688411,0.80810105958284,0.266020490539333,0.485407113911713,1.67823010768301,1.98703307328029,1.8383211930833,"NA (ECCC AES NA; station_id 43004)",NA,43004,"",5,2015-05-17,"DATE: May-17<br>Value: 1.8 kPa<br>Anomaly: +0.7 kPa<br>Weather station: NA (ECCC AES NA; station_id 43004)","DATE: May-17<br><b>Vapour pressure deficit</b><br>10-90 percentile<br>0.3 to 2.0 kPa","Historical daily maximum<br>3.0 kPa<br>2015-05-17","DATE: May-17</b><br>Normal: 1.1 kPa<br>Period: 1991-2020","2202810","NORMAN+WELLS+CLIMATE",2004,2026
"05-18","TMAX",2001-05-18,15.7,2.5,27.3,6.5408460207122,8.95,12.425,21.15,23.4,19.1,"NA (ECCC AES NA; station_id 43004)",NA,43004,"",5,2015-05-18,"DATE: May-18<br>Value: 19.1 °C<br>Anomaly: +3.4 °C<br>Weather station: NA (ECCC AES NA; station_id 43004)","DATE: May-18<br><b>Maximum temperature</b><br>10-90 percentile<br>8.9 to 23.4 °C","Historical daily maximum<br>27.3 °C<br>2015-05-18","DATE: May-18</b><br>Normal: 15.7 °C<br>Period: 1991-2020","2202810","NORMAN+WELLS+CLIMATE",2004,2026
"05-18","TMIN",2001-05-18,1.54375,-3.6,8.8,4.06808206243024,-2.7,-1.925,4.475,7.75,0.7,"NA (ECCC AES NA; station_id 43004)",NA,43004,"",5,2019-05-18,"DATE: May-18<br>Value: 0.7 °C<br>Anomaly: -0.8 °C<br>Weather station: NA (ECCC AES NA; station_id 43004)","DATE: May-18<br><b>Minimum temperature</b><br>10-90 percentile<br>-2.7 to 7.8 °C","Historical daily maximum<br>8.8 °C<br>2019-05-18","DATE: May-18</b><br>Normal: 1.5 °C<br>Period: 1991-2020","2202810","NORMAN+WELLS+CLIMATE",2004,2026
"05-18","VPD",2001-05-18,1.20526761106208,0.230592476603458,2.75626288564415,0.685487638336454,0.545397797651449,0.705810034603537,1.63245384207865,2.03576204186172,1.56851312986596,"NA (ECCC AES NA; station_id 43004)",NA,43004,"",5,2015-05-18,"DATE: May-18<br>Value: 1.6 kPa<br>Anomaly: +0.4 kPa<br>Weather station: NA (ECCC AES NA; station_id 43004)","DATE: May-18<br><b>Vapour pressure deficit</b><br>10-90 percentile<br>0.5 to 2.0 kPa","Historical daily maximum<br>2.8 kPa<br>2015-05-18","DATE: May-18</b><br>Normal: 1.2 kPa<br>Period: 1991-2020","2202810","NORMAN+WELLS+CLIMATE",2004,2026
"05-19","TMAX",2001-05-19,15.575,5.5,30.3,6.66218182479784,6.35,12.125,19.2,22.35,12.5,"NA (ECCC AES NA; station_id 43004)",NA,43004,"",5,2015-05-19,"DATE: May-19<br>Value: 12.5 °C<br>Anomaly: -3.1 °C<br>Weather station: NA (ECCC AES NA; station_id 43004)","DATE: May-19<br><b>Maximum temperature</b><br>10-90 percentile<br>6.3 to 22.4 °C","Historical daily maximum<br>30.3 °C<br>2015-05-19","DATE: May-19</b><br>Normal: 15.6 °C<br>Period: 1991-2020","2202810","NORMAN+WELLS+CLIMATE",2004,2026
"05-19","TMIN",2001-05-19,1.15625,-5.7,10,3.93665996330222,-3.1,-1.65,3.825,4.85,3.6,"NA (ECCC AES NA; station_id 43004)",NA,43004,"",5,2015-05-19,"DATE: May-19<br>Value: 3.6 °C<br>Anomaly: +2.4 °C<br>Weather station: NA (ECCC AES NA; station_id 43004)","DATE: May-19<br><b>Minimum temperature</b><br>10-90 percentile<br>-3.1 to 4.8 °C","Historical daily maximum<br>10.0 °C<br>2015-05-19","DATE: May-19</b><br>Normal: 1.2 °C<br>Period: 1991-2020","2202810","NORMAN+WELLS+CLIMATE",2004,2026
"05-19","VPD",2001-05-19,1.22121712648417,0.260602683275241,3.08866276353123,0.719368227563558,0.45805486341328,0.689095364986225,1.63716445791782,1.8818861888676,0.658833992387481,"NA (ECCC AES NA; station_id 43004)",NA,43004,"",5,2015-05-19,"DATE: May-19<br>Value: 0.7 kPa<br>Anomaly: -0.6 kPa<br>Weather station: NA (ECCC AES NA; station_id 43004)","DATE: May-19<br><b>Vapour pressure deficit</b><br>10-90 percentile<br>0.5 to 1.9 kPa","Historical daily maximum<br>3.1 kPa<br>2015-05-19","DATE: May-19</b><br>Normal: 1.2 kPa<br>Period: 1991-2020","2202810","NORMAN+WELLS+CLIMATE",2004,2026
"05-20","TMAX",2001-05-20,15.475,-0.4,28.1,7.85803198432449,5.3,10.2,20.55,24.1,20.9,"NA (ECCC AES NA; station_id 43004)",NA,43004,"",5,2015-05-20,"DATE: May-20<br>Value: 20.9 °C<br>Anomaly: +5.4 °C<br>Weather station: NA (ECCC AES NA; station_id 43004)","DATE: May-20<br><b>Maximum temperature</b><br>10-90 percentile<br>5.3 to 24.1 °C","Historical daily maximum<br>28.1 °C<br>2015-05-20","DATE: May-20</b><br>Normal: 15.5 °C<br>Period: 1991-2020","2202810","NORMAN+WELLS+CLIMATE",2004,2026
"05-20","TMIN",2001-05-20,1.93125,-5.9,9.3,3.62357443233428,-1.85,0.525,4.5,5.85,-0.6,"NA (ECCC AES NA; station_id 43004)",NA,43004,"",5,2023-05-20,"DATE: May-20<br>Value: -0.6 °C<br>Anomaly: -2.5 °C<br>Weather station: NA (ECCC AES NA; station_id 43004)","DATE: May-20<br><b>Minimum temperature</b><br>10-90 percentile<br>-1.8 to 5.8 °C","Historical daily maximum<br>9.3 °C<br>2023-05-20","DATE: May-20</b><br>Normal: 1.9 °C<br>Period: 1991-2020","2202810","NORMAN+WELLS+CLIMATE",2004,2026
"05-20","VPD",2001-05-20,1.21509259290355,0.199999690895304,2.89876598700724,0.793144544309333,0.264053654422952,0.601884477747819,1.7601660438633,2.10894960741971,1.88713216842387,"NA (ECCC AES NA; station_id 43004)",NA,43004,"",5,2015-05-20,"DATE: May-20<br>Value: 1.9 kPa<br>Anomaly: +0.7 kPa<br>Weather station: NA (ECCC AES NA; station_id 43004)","DATE: May-20<br><b>Vapour pressure deficit</b><br>10-90 percentile<br>0.3 to 2.1 kPa","Historical daily maximum<br>2.9 kPa<br>2015-05-20","DATE: May-20</b><br>Normal: 1.2 kPa<br>Period: 1991-2020","2202810","NORMAN+WELLS+CLIMATE",2004,2026
"05-21","TMAX",2001-05-21,16.56875,2.2,26.6,7.27403773704811,7.45,10,21.125,25.2,15.8,"NA (ECCC AES NA; station_id 43004)",NA,43004,"",5,2015-05-21,"DATE: May-21<br>Value: 15.8 °C<br>Anomaly: -0.8 °C<br>Weather station: NA (ECCC AES NA; station_id 43004)","DATE: May-21<br><b>Maximum temperature</b><br>10-90 percentile<br>7.4 to 25.2 °C","Historical daily maximum<br>26.6 °C<br>2015-05-21","DATE: May-21</b><br>Normal: 16.6 °C<br>Period: 1991-2020","2202810","NORMAN+WELLS+CLIMATE",2004,2026
"05-21","TMIN",2001-05-21,2.19375,-4.1,8.6,3.82282072994972,-2.7,0.15,5.125,7.25,6.7,"NA (ECCC AES NA; station_id 43004)",NA,43004,"",5,2018-05-21,"DATE: May-21<br>Value: 6.7 °C<br>Anomaly: +4.5 °C<br>Weather station: NA (ECCC AES NA; station_id 43004)","DATE: May-21<br><b>Minimum temperature</b><br>10-90 percentile<br>-2.7 to 7.2 °C","Historical daily maximum<br>8.6 °C<br>2018-05-21","DATE: May-21</b><br>Normal: 2.2 °C<br>Period: 1991-2020","2202810","NORMAN+WELLS+CLIMATE",2004,2026
"05-21","VPD",2001-05-21,1.30769589943028,0.131167568132489,2.60410403816743,0.747047214828671,0.552336019968126,0.607401107658693,1.72246977746839,2.39595993848167,0.81378174278965,"NA (ECCC AES NA; station_id 43004)",NA,43004,"",5,2015-05-21,"DATE: May-21<br>Value: 0.8 kPa<br>Anomaly: -0.5 kPa<br>Weather station: NA (ECCC AES NA; station_id 43004)","DATE: May-21<br><b>Vapour pressure deficit</b><br>10-90 percentile<br>0.6 to 2.4 kPa","Historical daily maximum<br>2.6 kPa<br>2015-05-21","DATE: May-21</b><br>Normal: 1.3 kPa<br>Period: 1991-2020","2202810","NORMAN+WELLS+CLIMATE",2004,2026
"05-22","TMAX",2001-05-22,17.91875,0.5,28.5,6.70474645307338,11.25,15.525,21.35,24.05,16.5,"NA (ECCC AES NA; station_id 43004)",NA,43004,"",5,2015-05-22,"DATE: May-22<br>Value: 16.5 °C<br>Anomaly: -1.4 °C<br>Weather station: NA (ECCC AES NA; station_id 43004)","DATE: May-22<br><b>Maximum temperature</b><br>10-90 percentile<br>11.2 to 24.0 °C","Historical daily maximum<br>28.5 °C<br>2015-05-22","DATE: May-22</b><br>Normal: 17.9 °C<br>Period: 1991-2020","2202810","NORMAN+WELLS+CLIMATE",2004,2026
"05-22","TMIN",2001-05-22,3.4875,-1.5,9.1,3.8981833375732,-1.4,0.25,7.1,8.2,5.4,"NA (ECCC AES NA; station_id 43004)",NA,43004,"",5,2015-05-22,"DATE: May-22<br>Value: 5.4 °C<br>Anomaly: +1.9 °C<br>Weather station: NA (ECCC AES NA; station_id 43004)","DATE: May-22<br><b>Minimum temperature</b><br>10-90 percentile<br>-1.4 to 8.2 °C","Historical daily maximum<br>9.1 °C<br>2015-05-22","DATE: May-22</b><br>Normal: 3.5 °C<br>Period: 1991-2020","2202810","NORMAN+WELLS+CLIMATE",2004,2026
"05-22","VPD",2001-05-22,1.38169135026953,0.0820881703872374,2.73554017614842,0.670724327198579,0.622076564591633,1.05823842120266,1.88466124330753,1.97665865627977,0.98020644419252,"NA (ECCC AES NA; station_id 43004)",NA,43004,"",5,2015-05-22,"DATE: May-22<br>Value: 1.0 kPa<br>Anomaly: -0.4 kPa<br>Weather station: NA (ECCC AES NA; station_id 43004)","DATE: May-22<br><b>Vapour pressure deficit</b><br>10-90 percentile<br>0.6 to 2.0 kPa","Historical daily maximum<br>2.7 kPa<br>2015-05-22","DATE: May-22</b><br>Normal: 1.4 kPa<br>Period: 1991-2020","2202810","NORMAN+WELLS+CLIMATE",2004,2026
"05-23","TMAX",2001-05-23,17.36875,2.9,23.9,5.3469890281042,12.2,13.225,20.325,22,16.3,"","2202801",50717,"NORMAN WELLS A",5,2015-05-23,"DATE: May-23<br>Value: 16.3 °C<br>Anomaly: -1.1 °C<br>Weather station: ","DATE: May-23<br><b>Maximum temperature</b><br>10-90 percentile<br>12.2 to 22.0 °C","Historical daily maximum<br>23.9 °C<br>2015-05-23","DATE: May-23</b><br>Normal: 17.4 °C<br>Period: 1991-2020","2202810","NORMAN+WELLS+CLIMATE",2004,2026
"05-23","TMIN",2001-05-23,3.0625,-3,9.7,4.0677389296758,-0.65,-0.325,6.275,8.65,6.5,"","2202801",50717,"NORMAN WELLS A",5,2023-05-23,"DATE: May-23<br>Value: 6.5 °C<br>Anomaly: +3.4 °C<br>Weather station: ","DATE: May-23<br><b>Minimum temperature</b><br>10-90 percentile<br>-0.6 to 8.6 °C","Historical daily maximum<br>9.7 °C<br>2023-05-23","DATE: May-23</b><br>Normal: 3.1 °C<br>Period: 1991-2020","2202810","NORMAN+WELLS+CLIMATE",2004,2026
"05-23","VPD",2001-05-23,1.28009568270402,0.262778703545795,2.20356160918629,0.597015195683356,0.508862396573651,0.888810945374208,1.76430055548577,1.9742721805731,0.885445522388955,"","2202801",50717,"NORMAN WELLS A",5,2024-05-23,"DATE: May-23<br>Value: 0.9 kPa<br>Anomaly: -0.4 kPa<br>Weather station: ","DATE: May-23<br><b>Vapour pressure deficit</b><br>10-90 percentile<br>0.5 to 2.0 kPa","Historical daily maximum<br>2.2 kPa<br>2024-05-23","DATE: May-23</b><br>Normal: 1.3 kPa<br>Period: 1991-2020","2202810","NORMAN+WELLS+CLIMATE",2004,2026
"05-24","TMAX",2001-05-24,18.6,10.2,26.1,4.71918071985664,11.95,15.35,20.925,24.7,16.2,"","2202801",50717,"NORMAN WELLS A",5,2008-05-24,"DATE: May-24<br>Value: 16.2 °C<br>Anomaly: -2.4 °C<br>Weather station: ","DATE: May-24<br><b>Maximum temperature</b><br>10-90 percentile<br>11.9 to 24.7 °C","Historical daily maximum<br>26.1 °C<br>2008-05-24","DATE: May-24</b><br>Normal: 18.6 °C<br>Period: 1991-2020","2202810","NORMAN+WELLS+CLIMATE",2004,2026
"05-24","TMIN",2001-05-24,2.69375,-3.1,7.4,3.43675598008742,-1.6,0.325,5.575,7,-1.1,"","2202801",50717,"NORMAN WELLS A",5,2016-05-24,"DATE: May-24<br>Value: -1.1 °C<br>Anomaly: -3.8 °C<br>Weather station: ","DATE: May-24<br><b>Minimum temperature</b><br>10-90 percentile<br>-1.6 to 7.0 °C","Historical daily maximum<br>7.4 °C<br>2016-05-24","DATE: May-24</b><br>Normal: 2.7 °C<br>Period: 1991-2020","2202810","NORMAN+WELLS+CLIMATE",2004,2026
"05-24","VPD",2001-05-24,1.45947349921736,0.595269758899009,2.56325524432167,0.599869902230161,0.739292251180421,1.01176575349333,1.72246275238525,2.2950946656697,1.27804671436022,"","2202801",50717,"NORMAN WELLS A",5,2007-05-24,"DATE: May-24<br>Value: 1.3 kPa<br>Anomaly: -0.2 kPa<br>Weather station: ","DATE: May-24<br><b>Vapour pressure deficit</b><br>10-90 percentile<br>0.7 to 2.3 kPa","Historical daily maximum<br>2.6 kPa<br>2007-05-24","DATE: May-24</b><br>Normal: 1.5 kPa<br>Period: 1991-2020","2202810","NORMAN+WELLS+CLIMATE",2004,2026
"05-25","TMAX",2001-05-25,20.0375,14.1,29.1,3.70798687520151,14.9,18.05,21.825,23.05,9.4,"","2202801",50717,"NORMAN WELLS A",5,2008-05-25,"DATE: May-25<br>Value: 9.4 °C<br>Anomaly: -10.6 °C<br>Weather station: ","DATE: May-25<br><b>Maximum temperature</b><br>10-90 percentile<br>14.9 to 23.0 °C","Historical daily maximum<br>29.1 °C<br>2008-05-25","DATE: May-25</b><br>Normal: 20.0 °C<br>Period: 1991-2020","2202810","NORMAN+WELLS+CLIMATE",2004,2026
"05-25","TMIN",2001-05-25,2.96875,-3.6,11.9,5.0294756187897,-1.95,-0.85,7.425,10.2,0.8,"","2202801",50717,"NORMAN WELLS A",5,2011-05-25,"DATE: May-25<br>Value: 0.8 °C<br>Anomaly: -2.2 °C<br>Weather station: ","DATE: May-25<br><b>Minimum temperature</b><br>10-90 percentile<br>-2.0 to 10.2 °C","Historical daily maximum<br>11.9 °C<br>2011-05-25","DATE: May-25</b><br>Normal: 3.0 °C<br>Period: 1991-2020","2202810","NORMAN+WELLS+CLIMATE",2004,2026
"05-25","VPD",2001-05-25,1.59763703687758,0.600249791051016,2.80092180391978,0.507129141710817,1.07006244214208,1.21825883521155,1.82081031354977,2.00976590348686,0.53216414309566,"","2202801",50717,"NORMAN WELLS A",5,2008-05-25,"DATE: May-25<br>Value: 0.5 kPa<br>Anomaly: -1.1 kPa<br>Weather station: ","DATE: May-25<br><b>Vapour pressure deficit</b><br>10-90 percentile<br>1.1 to 2.0 kPa","Historical daily maximum<br>2.8 kPa<br>2008-05-25","DATE: May-25</b><br>Normal: 1.6 kPa<br>Period: 1991-2020","2202810","NORMAN+WELLS+CLIMATE",2004,2026
"05-26","TMAX",2001-05-26,18.3125,9.3,25.4,4.46928405899647,12.6,15.8,22.35,23.4,20.4,"","2202801",50717,"NORMAN WELLS A",5,2011-05-26,"DATE: May-26<br>Value: 20.4 °C<br>Anomaly: +2.1 °C<br>Weather station: ","DATE: May-26<br><b>Maximum temperature</b><br>10-90 percentile<br>12.6 to 23.4 °C","Historical daily maximum<br>25.4 °C<br>2011-05-26","DATE: May-26</b><br>Normal: 18.3 °C<br>Period: 1991-2020","2202810","NORMAN+WELLS+CLIMATE",2004,2026
"05-26","TMIN",2001-05-26,4.34375,-4,10.4,3.67568020915857,-0.4,2.325,6.6,8,2.9,"","2202801",50717,"NORMAN WELLS A",5,2008-05-26,"DATE: May-26<br>Value: 2.9 °C<br>Anomaly: -1.4 °C<br>Weather station: ","DATE: May-26<br><b>Minimum temperature</b><br>10-90 percentile<br>-0.4 to 8.0 °C","Historical daily maximum<br>10.4 °C<br>2008-05-26","DATE: May-26</b><br>Normal: 4.3 °C<br>Period: 1991-2020","2202810","NORMAN+WELLS+CLIMATE",2004,2026
"05-26","VPD",2001-05-26,1.3165833389982,0.280788470122847,2.30243911688965,0.609063420114619,0.673819059770745,0.828070979230192,1.74138134129335,2.18128939449843,1.64440522784055,"","2202801",50717,"NORMAN WELLS A",5,2011-05-26,"DATE: May-26<br>Value: 1.6 kPa<br>Anomaly: +0.3 kPa<br>Weather station: ","DATE: May-26<br><b>Vapour pressure deficit</b><br>10-90 percentile<br>0.7 to 2.2 kPa","Historical daily maximum<br>2.3 kPa<br>2011-05-26","DATE: May-26</b><br>Normal: 1.3 kPa<br>Period: 1991-2020","2202810","NORMAN+WELLS+CLIMATE",2004,2026
"05-27","TMAX",2001-05-27,18.79375,7.1,27,6.84489773480948,9.75,13.775,25.575,26.55,17,"","2202801",50717,"NORMAN WELLS A",5,2012-05-27,"DATE: May-27<br>Value: 17.0 °C<br>Anomaly: -1.8 °C<br>Weather station: ","DATE: May-27<br><b>Maximum temperature</b><br>10-90 percentile<br>9.8 to 26.5 °C","Historical daily maximum<br>27.0 °C<br>2012-05-27","DATE: May-27</b><br>Normal: 18.8 °C<br>Period: 1991-2020","2202810","NORMAN+WELLS+CLIMATE",2004,2026
"05-27","TMIN",2001-05-27,3.6,-2.9,16.6,5.08291255089048,-1.35,0.45,5.025,10.05,1.3,"","2202801",50717,"NORMAN WELLS A",5,2005-05-27,"DATE: May-27<br>Value: 1.3 °C<br>Anomaly: -2.3 °C<br>Weather station: ","DATE: May-27<br><b>Minimum temperature</b><br>10-90 percentile<br>-1.4 to 10.0 °C","Historical daily maximum<br>16.6 °C<br>2005-05-27","DATE: May-27</b><br>Normal: 3.6 °C<br>Period: 1991-2020","2202810","NORMAN+WELLS+CLIMATE",2004,2026
"05-27","VPD",2001-05-27,1.49121815588221,0.272236559079681,2.65666534186343,0.807152015509135,0.413151211851037,0.850477233511389,2.13921681487226,2.45313926434015,1.26666549944634,"","2202801",50717,"NORMAN WELLS A",5,2010-05-27,"DATE: May-27<br>Value: 1.3 kPa<br>Anomaly: -0.2 kPa<br>Weather station: ","DATE: May-27<br><b>Vapour pressure deficit</b><br>10-90 percentile<br>0.4 to 2.5 kPa","Historical daily maximum<br>2.7 kPa<br>2010-05-27","DATE: May-27</b><br>Normal: 1.5 kPa<br>Period: 1991-2020","2202810","NORMAN+WELLS+CLIMATE",2004,2026
"05-28","TMAX",2001-05-28,20.1625,6.9,29.6,6.32433132170245,10.8,17.025,24.45,25.75,12.1,"","2202801",50717,"NORMAN WELLS A",5,2010-05-28,"DATE: May-28<br>Value: 12.1 °C<br>Anomaly: -8.1 °C<br>Weather station: ","DATE: May-28<br><b>Maximum temperature</b><br>10-90 percentile<br>10.8 to 25.8 °C","Historical daily maximum<br>29.6 °C<br>2010-05-28","DATE: May-28</b><br>Normal: 20.2 °C<br>Period: 1991-2020","2202810","NORMAN+WELLS+CLIMATE",2004,2026
"05-28","TMIN",2001-05-28,4.275,-2.5,10.7,4.13368278092712,-0.5,0.625,7.45,9.3,2.9,"","2202801",50717,"NORMAN WELLS A",5,2005-05-28,"DATE: May-28<br>Value: 2.9 °C<br>Anomaly: -1.4 °C<br>Weather station: ","DATE: May-28<br><b>Minimum temperature</b><br>10-90 percentile<br>-0.5 to 9.3 °C","Historical daily maximum<br>10.7 °C<br>2005-05-28","DATE: May-28</b><br>Normal: 4.3 °C<br>Period: 1991-2020","2202810","NORMAN+WELLS+CLIMATE",2004,2026
"05-28","VPD",2001-05-28,1.64309711990493,0.315412355571801,2.91871903078068,0.743794894369289,0.52295737193837,1.24507718487699,2.05020707994818,2.44284931776997,0.659433949879007,"","2202801",50717,"NORMAN WELLS A",5,2010-05-28,"DATE: May-28<br>Value: 0.7 kPa<br>Anomaly: -1.0 kPa<br>Weather station: ","DATE: May-28<br><b>Vapour pressure deficit</b><br>10-90 percentile<br>0.5 to 2.4 kPa","Historical daily maximum<br>2.9 kPa<br>2010-05-28","DATE: May-28</b><br>Normal: 1.6 kPa<br>Period: 1991-2020","2202810","NORMAN+WELLS+CLIMATE",2004,2026
"05-29","TMAX",2001-05-29,20.49375,10.9,31.3,6.49065674643175,11.05,16,25.7,27.65,9.8,"","2202801",50717,"NORMAN WELLS A",5,2010-05-29,"DATE: May-29<br>Value: 9.8 °C<br>Anomaly: -10.7 °C<br>Weather station: ","DATE: May-29<br><b>Maximum temperature</b><br>10-90 percentile<br>11.0 to 27.6 °C","Historical daily maximum<br>31.3 °C<br>2010-05-29","DATE: May-29</b><br>Normal: 20.5 °C<br>Period: 1991-2020","2202810","NORMAN+WELLS+CLIMATE",2004,2026
"05-29","TMIN",2001-05-29,3.025,-2.3,10.4,3.41496705694213,-0.45,0.775,5.85,6.65,2.9,"","2202801",50717,"NORMAN WELLS A",5,2025-05-29,"DATE: May-29<br>Value: 2.9 °C<br>Anomaly: -0.1 °C<br>Weather station: ","DATE: May-29<br><b>Minimum temperature</b><br>10-90 percentile<br>-0.4 to 6.6 °C","Historical daily maximum<br>10.4 °C<br>2025-05-29","DATE: May-29</b><br>Normal: 3.0 °C<br>Period: 1991-2020","2202810","NORMAN+WELLS+CLIMATE",2004,2026
"05-29","VPD",2001-05-29,1.79073116844041,0.329342295960323,3.59522293144637,0.981196419416682,0.541016135771137,0.996782415115946,2.49121052652827,2.81441093108467,0.459196843993719,"","2202801",50717,"NORMAN WELLS A",5,2010-05-29,"DATE: May-29<br>Value: 0.5 kPa<br>Anomaly: -1.3 kPa<br>Weather station: ","DATE: May-29<br><b>Vapour pressure deficit</b><br>10-90 percentile<br>0.5 to 2.8 kPa","Historical daily maximum<br>3.6 kPa<br>2010-05-29","DATE: May-29</b><br>Normal: 1.8 kPa<br>Period: 1991-2020","2202810","NORMAN+WELLS+CLIMATE",2004,2026
"05-30","TMAX",2001-05-30,19.10625,11.2,25.5,4.94455508615285,12.15,16.425,23.7,25.2,7.3,"","2202801",50717,"NORMAN WELLS A",5,2010-05-30,"DATE: May-30<br>Value: 7.3 °C<br>Anomaly: -11.8 °C<br>Weather station: ","DATE: May-30<br><b>Maximum temperature</b><br>10-90 percentile<br>12.2 to 25.2 °C","Historical daily maximum<br>25.5 °C<br>2010-05-30","DATE: May-30</b><br>Normal: 19.1 °C<br>Period: 1991-2020","2202810","NORMAN+WELLS+CLIMATE",2004,2026
"05-30","TMIN",2001-05-30,3.9625,-2.9,10.3,3.81346299313367,-0.7,1.125,7.25,8.05,0.9,"","2202801",50717,"NORMAN WELLS A",5,2010-05-30,"DATE: May-30<br>Value: 0.9 °C<br>Anomaly: -3.1 °C<br>Weather station: ","DATE: May-30<br><b>Minimum temperature</b><br>10-90 percentile<br>-0.7 to 8.0 °C","Historical daily maximum<br>10.3 °C<br>2010-05-30","DATE: May-30</b><br>Normal: 4.0 °C<br>Period: 1991-2020","2202810","NORMAN+WELLS+CLIMATE",2004,2026
"05-30","VPD",2001-05-30,1.46236518807848,0.560737814559306,2.25954352226249,0.595549497313041,0.80963271207381,0.970646814728436,2.03656354352335,2.18305577330071,0.370699835711024,"","2202801",50717,"NORMAN WELLS A",5,2013-05-30,"DATE: May-30<br>Value: 0.4 kPa<br>Anomaly: -1.1 kPa<br>Weather station: ","DATE: May-30<br><b>Vapour pressure deficit</b><br>10-90 percentile<br>0.8 to 2.2 kPa","Historical daily maximum<br>2.3 kPa<br>2013-05-30","DATE: May-30</b><br>Normal: 1.5 kPa<br>Period: 1991-2020","2202810","NORMAN+WELLS+CLIMATE",2004,2026
"05-31","TMAX",2001-05-31,19.99375,8.3,29,5.93177531042211,12.85,16.65,24.2,26.9,17.5,"","2202801",50717,"NORMAN WELLS A",5,2010-05-31,"DATE: May-31<br>Value: 17.5 °C<br>Anomaly: -2.5 °C<br>Weather station: ","DATE: May-31<br><b>Maximum temperature</b><br>10-90 percentile<br>12.8 to 26.9 °C","Historical daily maximum<br>29.0 °C<br>2010-05-31","DATE: May-31</b><br>Normal: 20.0 °C<br>Period: 1991-2020","2202810","NORMAN+WELLS+CLIMATE",2004,2026
"05-31","TMIN",2001-05-31,4.80625,-3,12.2,4.2546396243787,-1.35,2.875,7.925,9.25,-1.2,"","2202801",50717,"NORMAN WELLS A",5,2010-05-31,"DATE: May-31<br>Value: -1.2 °C<br>Anomaly: -6.0 °C<br>Weather station: ","DATE: May-31<br><b>Minimum temperature</b><br>10-90 percentile<br>-1.4 to 9.2 °C","Historical daily maximum<br>12.2 °C<br>2010-05-31","DATE: May-31</b><br>Normal: 4.8 °C<br>Period: 1991-2020","2202810","NORMAN+WELLS+CLIMATE",2004,2026
"05-31","VPD",2001-05-31,1.57306498775143,0.34248086073956,2.7105154473214,0.760384136916961,0.602207806376967,0.922183751753201,2.26334221860464,2.48560932302644,1.44051512842974,"","2202801",50717,"NORMAN WELLS A",5,2014-05-31,"DATE: May-31<br>Value: 1.4 kPa<br>Anomaly: -0.1 kPa<br>Weather station: ","DATE: May-31<br><b>Vapour pressure deficit</b><br>10-90 percentile<br>0.6 to 2.5 kPa","Historical daily maximum<br>2.7 kPa<br>2014-05-31","DATE: May-31</b><br>Normal: 1.6 kPa<br>Period: 1991-2020","2202810","NORMAN+WELLS+CLIMATE",2004,2026
"06-01","TMAX",2001-06-01,18.64375,9.2,30.6,5.66709434660597,12.1,13.775,22,24.15,21.4,"","2202801",50717,"NORMAN WELLS A",6,2010-06-01,"DATE: Jun-01<br>Value: 21.4 °C<br>Anomaly: +2.8 °C<br>Weather station: ","DATE: Jun-01<br><b>Maximum temperature</b><br>10-90 percentile<br>12.1 to 24.1 °C","Historical daily maximum<br>30.6 °C<br>2010-06-01","DATE: Jun-01</b><br>Normal: 18.6 °C<br>Period: 1991-2020","2202810","NORMAN+WELLS+CLIMATE",2004,2026
"06-01","TMIN",2001-06-01,6.1375,-0.1,12.7,3.28590423881565,3.3,3.975,7.625,10.65,0,"","2202801",50717,"NORMAN WELLS A",6,2010-06-01,"DATE: Jun-01<br>Value: 0.0 °C<br>Anomaly: -6.1 °C<br>Weather station: ","DATE: Jun-01<br><b>Minimum temperature</b><br>10-90 percentile<br>3.3 to 10.6 °C","Historical daily maximum<br>12.7 °C<br>2010-06-01","DATE: Jun-01</b><br>Normal: 6.1 °C<br>Period: 1991-2020","2202810","NORMAN+WELLS+CLIMATE",2004,2026
"06-01","VPD",2001-06-01,1.29819262548922,0.298456134520452,2.92266150478031,0.761906120982782,0.53304326790008,0.555037507344609,1.84381518551548,2.11078017549615,1.93797059847206,"","2202801",50717,"NORMAN WELLS A",6,2010-06-01,"DATE: Jun-01<br>Value: 1.9 kPa<br>Anomaly: +0.6 kPa<br>Weather station: ","DATE: Jun-01<br><b>Vapour pressure deficit</b><br>10-90 percentile<br>0.5 to 2.1 kPa","Historical daily maximum<br>2.9 kPa<br>2010-06-01","DATE: Jun-01</b><br>Normal: 1.3 kPa<br>Period: 1991-2020","2202810","NORMAN+WELLS+CLIMATE",2004,2026
"06-02","TMAX",2001-06-02,16.96875,5.8,28.8,6.7386169451404,9.15,11.2,22.3,24.25,24.7,"","2202801",50717,"NORMAN WELLS A",6,2010-06-02,"DATE: Jun-02<br>Value: 24.7 °C<br>Anomaly: +7.7 °C<br>Weather station: ","DATE: Jun-02<br><b>Maximum temperature</b><br>10-90 percentile<br>9.2 to 24.2 °C","Historical daily maximum<br>28.8 °C<br>2010-06-02","DATE: Jun-02</b><br>Normal: 17.0 °C<br>Period: 1991-2020","2202810","NORMAN+WELLS+CLIMATE",2004,2026
"06-02","TMIN",2001-06-02,6.05,0.3,16.8,4.00682750647775,1.8,3.875,7.825,9.55,3,"","2202801",50717,"NORMAN WELLS A",6,2010-06-02,"DATE: Jun-02<br>Value: 3.0 °C<br>Anomaly: -3.0 °C<br>Weather station: ","DATE: Jun-02<br><b>Minimum temperature</b><br>10-90 percentile<br>1.8 to 9.6 °C","Historical daily maximum<br>16.8 °C<br>2010-06-02","DATE: Jun-02</b><br>Normal: 6.0 °C<br>Period: 1991-2020","2202810","NORMAN+WELLS+CLIMATE",2004,2026
"06-02","VPD",2001-06-02,1.1102567887026,0.172645785976316,2.11217775159436,0.667874780668836,0.247065553822493,0.588011470392367,1.52100562405306,2.0556217897665,2.35384358101849,"","2202801",50717,"NORMAN WELLS A",6,2026-06-02,"DATE: Jun-02<br>Value: 2.4 kPa<br>Anomaly: +1.2 kPa<br>Weather station: ","DATE: Jun-02<br><b>Vapour pressure deficit</b><br>10-90 percentile<br>0.2 to 2.1 kPa","Historical daily maximum<br>2.1 kPa<br>2026-06-02","DATE: Jun-02</b><br>Normal: 1.1 kPa<br>Period: 1991-2020","2202810","NORMAN+WELLS+CLIMATE",2004,2026
"06-03","TMAX",2001-06-03,17.41875,7.1,27.1,5.91599174554304,10.4,13.275,22.25,24.8,21,"","2202801",50717,"NORMAN WELLS A",6,2007-06-03,"DATE: Jun-03<br>Value: 21.0 °C<br>Anomaly: +3.6 °C<br>Weather station: ","DATE: Jun-03<br><b>Maximum temperature</b><br>10-90 percentile<br>10.4 to 24.8 °C","Historical daily maximum<br>27.1 °C<br>2007-06-03","DATE: Jun-03</b><br>Normal: 17.4 °C<br>Period: 1991-2020","2202810","NORMAN+WELLS+CLIMATE",2004,2026
"06-03","TMIN",2001-06-03,4.78125,-3.5,10.4,4.22929761702027,-0.7,2.125,8.5,9.5,11.1,"","2202801",50717,"NORMAN WELLS A",6,2024-06-03,"DATE: Jun-03<br>Value: 11.1 °C<br>Anomaly: +6.3 °C<br>Weather station: ","DATE: Jun-03<br><b>Minimum temperature</b><br>10-90 percentile<br>-0.7 to 9.5 °C","Historical daily maximum<br>10.4 °C<br>2024-06-03","DATE: Jun-03</b><br>Normal: 4.8 °C<br>Period: 1991-2020","2202810","NORMAN+WELLS+CLIMATE",2004,2026
"06-03","VPD",2001-06-03,1.21580112492496,0.261681101673993,2.37470853975251,0.615716448842158,0.403850550602606,0.705535455993288,1.57294922645181,1.92867794043578,1.16553989796193,"","2202801",50717,"NORMAN WELLS A",6,2007-06-03,"DATE: Jun-03<br>Value: 1.2 kPa<br>Anomaly: -0.1 kPa<br>Weather station: ","DATE: Jun-03<br><b>Vapour pressure deficit</b><br>10-90 percentile<br>0.4 to 1.9 kPa","Historical daily maximum<br>2.4 kPa<br>2007-06-03","DATE: Jun-03</b><br>Normal: 1.2 kPa<br>Period: 1991-2020","2202810","NORMAN+WELLS+CLIMATE",2004,2026
"06-04","TMAX",2001-06-04,18.58125,6.2,29.6,5.61856669148518,14.15,15.45,21.775,25.3,24,"","2202801",50717,"NORMAN WELLS A",6,2007-06-04,"DATE: Jun-04<br>Value: 24.0 °C<br>Anomaly: +5.4 °C<br>Weather station: ","DATE: Jun-04<br><b>Maximum temperature</b><br>10-90 percentile<br>14.2 to 25.3 °C","Historical daily maximum<br>29.6 °C<br>2007-06-04","DATE: Jun-04</b><br>Normal: 18.6 °C<br>Period: 1991-2020","2202810","NORMAN+WELLS+CLIMATE",2004,2026
"06-04","TMIN",2001-06-04,5.075,-3.5,15,5.02626435171623,-0.7,1.425,8.4,11.35,9.4,"","2202801",50717,"NORMAN WELLS A",6,2007-06-04,"DATE: Jun-04<br>Value: 9.4 °C<br>Anomaly: +4.3 °C<br>Weather station: ","DATE: Jun-04<br><b>Minimum temperature</b><br>10-90 percentile<br>-0.7 to 11.4 °C","Historical daily maximum<br>15.0 °C<br>2007-06-04","DATE: Jun-04</b><br>Normal: 5.1 °C<br>Period: 1991-2020","2202810","NORMAN+WELLS+CLIMATE",2004,2026
"06-04","VPD",2001-06-04,1.32771176383373,0.25750215684651,2.44133541800428,0.582522656962707,0.584474330504153,0.935920957067704,1.6661299765259,1.9829647076131,1.80446255979484,"","2202801",50717,"NORMAN WELLS A",6,2007-06-04,"DATE: Jun-04<br>Value: 1.8 kPa<br>Anomaly: +0.5 kPa<br>Weather station: ","DATE: Jun-04<br><b>Vapour pressure deficit</b><br>10-90 percentile<br>0.6 to 2.0 kPa","Historical daily maximum<br>2.4 kPa<br>2007-06-04","DATE: Jun-04</b><br>Normal: 1.3 kPa<br>Period: 1991-2020","2202810","NORMAN+WELLS+CLIMATE",2004,2026
"06-05","TMAX",2001-06-05,17.73125,8.3,27,5.81534965988002,9.6,13.075,21.075,25,12.5,"","2202801",50717,"NORMAN WELLS A",6,2015-06-05,"DATE: Jun-05<br>Value: 12.5 °C<br>Anomaly: -5.2 °C<br>Weather station: ","DATE: Jun-05<br><b>Maximum temperature</b><br>10-90 percentile<br>9.6 to 25.0 °C","Historical daily maximum<br>27.0 °C<br>2015-06-05","DATE: Jun-05</b><br>Normal: 17.7 °C<br>Period: 1991-2020","2202810","NORMAN+WELLS+CLIMATE",2004,2026
"06-05","TMIN",2001-06-05,4.95625,-1.9,10.3,3.3324603023392,1.3,2.925,6.875,9.1,5.3,"","2202801",50717,"NORMAN WELLS A",6,2024-06-05,"DATE: Jun-05<br>Value: 5.3 °C<br>Anomaly: +0.3 °C<br>Weather station: ","DATE: Jun-05<br><b>Minimum temperature</b><br>10-90 percentile<br>1.3 to 9.1 °C","Historical daily maximum<br>10.3 °C<br>2024-06-05","DATE: Jun-05</b><br>Normal: 5.0 °C<br>Period: 1991-2020","2202810","NORMAN+WELLS+CLIMATE",2004,2026
"06-05","VPD",2001-06-05,1.25165063562906,0.120214586713745,2.65581271305933,0.739535254123566,0.47756826210065,0.628441412634193,1.64686084300486,2.26459674144299,0.55873325614509,"","2202801",50717,"NORMAN WELLS A",6,2015-06-05,"DATE: Jun-05<br>Value: 0.6 kPa<br>Anomaly: -0.7 kPa<br>Weather station: ","DATE: Jun-05<br><b>Vapour pressure deficit</b><br>10-90 percentile<br>0.5 to 2.3 kPa","Historical daily maximum<br>2.7 kPa<br>2015-06-05","DATE: Jun-05</b><br>Normal: 1.3 kPa<br>Period: 1991-2020","2202810","NORMAN+WELLS+CLIMATE",2004,2026
"06-06","TMAX",2001-06-06,19.43125,9.2,24.4,3.87792362826638,14.6,18.325,21.65,22.4,15.4,"","2202801",50717,"NORMAN WELLS A",6,2012-06-06,"DATE: Jun-06<br>Value: 15.4 °C<br>Anomaly: -4.0 °C<br>Weather station: ","DATE: Jun-06<br><b>Maximum temperature</b><br>10-90 percentile<br>14.6 to 22.4 °C","Historical daily maximum<br>24.4 °C<br>2012-06-06","DATE: Jun-06</b><br>Normal: 19.4 °C<br>Period: 1991-2020","2202810","NORMAN+WELLS+CLIMATE",2004,2026
"06-06","TMIN",2001-06-06,5.25625,-0.7,13.8,4.64427514975875,-0.25,1.2,6.4,12.6,6.2,"","2202801",50717,"NORMAN WELLS A",6,2012-06-06,"DATE: Jun-06<br>Value: 6.2 °C<br>Anomaly: +0.9 °C<br>Weather station: ","DATE: Jun-06<br><b>Minimum temperature</b><br>10-90 percentile<br>-0.2 to 12.6 °C","Historical daily maximum<br>13.8 °C<br>2012-06-06","DATE: Jun-06</b><br>Normal: 5.3 °C<br>Period: 1991-2020","2202810","NORMAN+WELLS+CLIMATE",2004,2026
"06-06","VPD",2001-06-06,1.37887937403371,0.228555160105296,2.04482978263453,0.470999405879751,0.87831298361511,1.0878994519176,1.6499879549713,1.86298148431886,0.80162526243766,"","2202801",50717,"NORMAN WELLS A",6,2011-06-06,"DATE: Jun-06<br>Value: 0.8 kPa<br>Anomaly: -0.6 kPa<br>Weather station: ","DATE: Jun-06<br><b>Vapour pressure deficit</b><br>10-90 percentile<br>0.9 to 1.9 kPa","Historical daily maximum<br>2.0 kPa<br>2011-06-06","DATE: Jun-06</b><br>Normal: 1.4 kPa<br>Period: 1991-2020","2202810","NORMAN+WELLS+CLIMATE",2004,2026
"06-07","TMAX",2001-06-07,19.83125,14.6,26.5,4.08716996628882,14.8,15.875,22.9,24.85,23.3,"","2202801",50717,"NORMAN WELLS A",6,2012-06-07,"DATE: Jun-07<br>Value: 23.3 °C<br>Anomaly: +3.5 °C<br>Weather station: ","DATE: Jun-07<br><b>Maximum temperature</b><br>10-90 percentile<br>14.8 to 24.8 °C","Historical daily maximum<br>26.5 °C<br>2012-06-07","DATE: Jun-07</b><br>Normal: 19.8 °C<br>Period: 1991-2020","2202810","NORMAN+WELLS+CLIMATE",2004,2026
"06-07","TMIN",2001-06-07,5.90625,0.2,15.5,4.96863076376849,0.75,1.475,9.975,11.45,5.8,"","2202801",50717,"NORMAN WELLS A",6,2012-06-07,"DATE: Jun-07<br>Value: 5.8 °C<br>Anomaly: -0.1 °C<br>Weather station: ","DATE: Jun-07<br><b>Minimum temperature</b><br>10-90 percentile<br>0.8 to 11.4 °C","Historical daily maximum<br>15.5 °C<br>2012-06-07","DATE: Jun-07</b><br>Normal: 5.9 °C<br>Period: 1991-2020","2202810","NORMAN+WELLS+CLIMATE",2004,2026
"06-07","VPD",2001-06-07,1.39891301142831,0.643040565533722,2.64938417578189,0.540389147117763,0.897838143210683,1.02386956433453,1.70346422888685,2.08317784530884,1.9385808723196,"","2202801",50717,"NORMAN WELLS A",6,2014-06-07,"DATE: Jun-07<br>Value: 1.9 kPa<br>Anomaly: +0.5 kPa<br>Weather station: ","DATE: Jun-07<br><b>Vapour pressure deficit</b><br>10-90 percentile<br>0.9 to 2.1 kPa","Historical daily maximum<br>2.6 kPa<br>2014-06-07","DATE: Jun-07</b><br>Normal: 1.4 kPa<br>Period: 1991-2020","2202810","NORMAN+WELLS+CLIMATE",2004,2026
"06-08","TMAX",2001-06-08,20.18125,11.1,25.9,3.9394109119681,15.7,18.3,22.025,25.55,25.6,"","2202801",50717,"NORMAN WELLS A",6,2014-06-08,"DATE: Jun-08<br>Value: 25.6 °C<br>Anomaly: +5.4 °C<br>Weather station: ","DATE: Jun-08<br><b>Maximum temperature</b><br>10-90 percentile<br>15.7 to 25.5 °C","Historical daily maximum<br>25.9 °C<br>2014-06-08","DATE: Jun-08</b><br>Normal: 20.2 °C<br>Period: 1991-2020","2202810","NORMAN+WELLS+CLIMATE",2004,2026
"06-08","TMIN",2001-06-08,5.19375,-0.9,10.7,4.52702532943359,-0.7,0.875,9.825,10.45,9.1,"","2202801",50717,"NORMAN WELLS A",6,2023-06-08,"DATE: Jun-08<br>Value: 9.1 °C<br>Anomaly: +3.9 °C<br>Weather station: ","DATE: Jun-08<br><b>Minimum temperature</b><br>10-90 percentile<br>-0.7 to 10.4 °C","Historical daily maximum<br>10.7 °C<br>2023-06-08","DATE: Jun-08</b><br>Normal: 5.2 °C<br>Period: 1991-2020","2202810","NORMAN+WELLS+CLIMATE",2004,2026
"06-08","VPD",2001-06-08,1.50034498309278,0.399225241942056,2.31190910111112,0.555685203976553,0.75412100756274,1.14633144813615,1.91660490472045,2.12236484665725,2.12693181474013,"","2202801",50717,"NORMAN WELLS A",6,2014-06-08,"DATE: Jun-08<br>Value: 2.1 kPa<br>Anomaly: +0.6 kPa<br>Weather station: ","DATE: Jun-08<br><b>Vapour pressure deficit</b><br>10-90 percentile<br>0.8 to 2.1 kPa","Historical daily maximum<br>2.3 kPa<br>2014-06-08","DATE: Jun-08</b><br>Normal: 1.5 kPa<br>Period: 1991-2020","2202810","NORMAN+WELLS+CLIMATE",2004,2026
"06-09","TMAX",2001-06-09,20.45625,6.5,28.7,4.85729262724274,16.5,19.375,22.65,24.35,21.1,"","2202801",50717,"NORMAN WELLS A",6,2023-06-09,"DATE: Jun-09<br>Value: 21.1 °C<br>Anomaly: +0.6 °C<br>Weather station: ","DATE: Jun-09<br><b>Maximum temperature</b><br>10-90 percentile<br>16.5 to 24.4 °C","Historical daily maximum<br>28.7 °C<br>2023-06-09","DATE: Jun-09</b><br>Normal: 20.5 °C<br>Period: 1991-2020","2202810","NORMAN+WELLS+CLIMATE",2004,2026
"06-09","TMIN",2001-06-09,5.9875,1.1,12.7,3.33424154293996,1.85,3.05,8.325,9.25,8.7,"","2202801",50717,"NORMAN WELLS A",6,2023-06-09,"DATE: Jun-09<br>Value: 8.7 °C<br>Anomaly: +2.7 °C<br>Weather station: ","DATE: Jun-09<br><b>Minimum temperature</b><br>10-90 percentile<br>1.8 to 9.2 °C","Historical daily maximum<br>12.7 °C<br>2023-06-09","DATE: Jun-09</b><br>Normal: 6.0 °C<br>Period: 1991-2020","2202810","NORMAN+WELLS+CLIMATE",2004,2026
"06-09","VPD",2001-06-09,1.53161214655929,0.199387243830711,3.10030972033183,0.686385820079137,0.840826358920568,1.12726862254164,1.8080252359097,2.26290817223547,1.37732326017641,"","2202801",50717,"NORMAN WELLS A",6,2006-06-09,"DATE: Jun-09<br>Value: 1.4 kPa<br>Anomaly: -0.2 kPa<br>Weather station: ","DATE: Jun-09<br><b>Vapour pressure deficit</b><br>10-90 percentile<br>0.8 to 2.3 kPa","Historical daily maximum<br>3.1 kPa<br>2006-06-09","DATE: Jun-09</b><br>Normal: 1.5 kPa<br>Period: 1991-2020","2202810","NORMAN+WELLS+CLIMATE",2004,2026
"06-10","TMAX",2001-06-10,21.68125,9.7,29.3,4.8212334175672,16.95,18.8,24.825,25.5,16,"","2202801",50717,"NORMAN WELLS A",6,2006-06-10,"DATE: Jun-10<br>Value: 16.0 °C<br>Anomaly: -5.7 °C<br>Weather station: ","DATE: Jun-10<br><b>Maximum temperature</b><br>10-90 percentile<br>16.9 to 25.5 °C","Historical daily maximum<br>29.3 °C<br>2006-06-10","DATE: Jun-10</b><br>Normal: 21.7 °C<br>Period: 1991-2020","2202810","NORMAN+WELLS+CLIMATE",2004,2026
"06-10","TMIN",2001-06-10,6.34375,-0.1,15.5,3.61477869308759,2.55,4.45,7.45,9.8,6.4,"","2202801",50717,"NORMAN WELLS A",6,2005-06-10,"DATE: Jun-10<br>Value: 6.4 °C<br>Anomaly: +0.1 °C<br>Weather station: ","DATE: Jun-10<br><b>Minimum temperature</b><br>10-90 percentile<br>2.5 to 9.8 °C","Historical daily maximum<br>15.5 °C<br>2005-06-10","DATE: Jun-10</b><br>Normal: 6.3 °C<br>Period: 1991-2020","2202810","NORMAN+WELLS+CLIMATE",2004,2026
"06-10","VPD",2001-06-10,1.697286425991,0.597124799223805,2.94300842461786,0.676602615169035,0.989175921472862,1.18701363066641,2.21584577729632,2.39168522302971,0.856963342240287,"","2202801",50717,"NORMAN WELLS A",6,2006-06-10,"DATE: Jun-10<br>Value: 0.9 kPa<br>Anomaly: -0.8 kPa<br>Weather station: ","DATE: Jun-10<br><b>Vapour pressure deficit</b><br>10-90 percentile<br>1.0 to 2.4 kPa","Historical daily maximum<br>2.9 kPa<br>2006-06-10","DATE: Jun-10</b><br>Normal: 1.7 kPa<br>Period: 1991-2020","2202810","NORMAN+WELLS+CLIMATE",2004,2026
"06-11","TMAX",2001-06-11,20.93125,10.1,29.2,5.21276877804237,15.35,17.625,24.125,27.35,19.8,"","2202801",50717,"NORMAN WELLS A",6,2006-06-11,"DATE: Jun-11<br>Value: 19.8 °C<br>Anomaly: -1.1 °C<br>Weather station: ","DATE: Jun-11<br><b>Maximum temperature</b><br>10-90 percentile<br>15.4 to 27.4 °C","Historical daily maximum<br>29.2 °C<br>2006-06-11","DATE: Jun-11</b><br>Normal: 20.9 °C<br>Period: 1991-2020","2202810","NORMAN+WELLS+CLIMATE",2004,2026
"06-11","TMIN",2001-06-11,6.7875,-3.8,15.9,5.83608030559324,-1.6,4.225,10.05,13.35,7.6,"","2202801",50717,"NORMAN WELLS A",6,2010-06-11,"DATE: Jun-11<br>Value: 7.6 °C<br>Anomaly: +0.8 °C<br>Weather station: ","DATE: Jun-11<br><b>Minimum temperature</b><br>10-90 percentile<br>-1.6 to 13.4 °C","Historical daily maximum<br>15.9 °C<br>2010-06-11","DATE: Jun-11</b><br>Normal: 6.8 °C<br>Period: 1991-2020","2202810","NORMAN+WELLS+CLIMATE",2004,2026
"06-11","VPD",2001-06-11,1.52756421246132,0.339246132527821,2.68621228167791,0.621289559622537,0.914430692046511,1.03146898141436,1.89202566164624,2.28273205594984,1.26559681421648,"","2202801",50717,"NORMAN WELLS A",6,2006-06-11,"DATE: Jun-11<br>Value: 1.3 kPa<br>Anomaly: -0.3 kPa<br>Weather station: ","DATE: Jun-11<br><b>Vapour pressure deficit</b><br>10-90 percentile<br>0.9 to 2.3 kPa","Historical daily maximum<br>2.7 kPa<br>2006-06-11","DATE: Jun-11</b><br>Normal: 1.5 kPa<br>Period: 1991-2020","2202810","NORMAN+WELLS+CLIMATE",2004,2026
"06-12","TMAX",2001-06-12,20.475,11.5,32.5,5.6998830397357,13.85,16.9,25.1,25.9,24.3,"","2202801",50717,"NORMAN WELLS A",6,2006-06-12,"DATE: Jun-12<br>Value: 24.3 °C<br>Anomaly: +3.8 °C<br>Weather station: ","DATE: Jun-12<br><b>Maximum temperature</b><br>10-90 percentile<br>13.8 to 25.9 °C","Historical daily maximum<br>32.5 °C<br>2006-06-12","DATE: Jun-12</b><br>Normal: 20.5 °C<br>Period: 1991-2020","2202810","NORMAN+WELLS+CLIMATE",2004,2026
"06-12","TMIN",2001-06-12,7.4875,-2.8,14.7,4.72608012345679,1.65,4.45,10,12.95,6.2,"","2202801",50717,"NORMAN WELLS A",6,2006-06-12,"DATE: Jun-12<br>Value: 6.2 °C<br>Anomaly: -1.3 °C<br>Weather station: ","DATE: Jun-12<br><b>Minimum temperature</b><br>10-90 percentile<br>1.6 to 12.9 °C","Historical daily maximum<br>14.7 °C<br>2006-06-12","DATE: Jun-12</b><br>Normal: 7.5 °C<br>Period: 1991-2020","2202810","NORMAN+WELLS+CLIMATE",2004,2026
"06-12","VPD",2001-06-12,1.45529165886732,0.389353315381835,3.2180925230703,0.742908292496608,0.721690006294446,0.770615777720946,1.90454681788226,2.11162893185229,2.08993517076822,"","2202801",50717,"NORMAN WELLS A",6,2006-06-12,"DATE: Jun-12<br>Value: 2.1 kPa<br>Anomaly: +0.6 kPa<br>Weather station: ","DATE: Jun-12<br><b>Vapour pressure deficit</b><br>10-90 percentile<br>0.7 to 2.1 kPa","Historical daily maximum<br>3.2 kPa<br>2006-06-12","DATE: Jun-12</b><br>Normal: 1.5 kPa<br>Period: 1991-2020","2202810","NORMAN+WELLS+CLIMATE",2004,2026
"06-13","TMAX",2001-06-13,18.40625,7.4,28.1,5.59076247036127,11.95,14.375,22.3,24.45,25.9,"","2202810",43004,"NORMAN WELLS CLIMATE",6,2006-06-13,"DATE: Jun-13<br>Value: 25.9 °C<br>Anomaly: +7.5 °C<br>Weather station: ","DATE: Jun-13<br><b>Maximum temperature</b><br>10-90 percentile<br>11.9 to 24.4 °C","Historical daily maximum<br>28.1 °C<br>2006-06-13","DATE: Jun-13</b><br>Normal: 18.4 °C<br>Period: 1991-2020","2202810","NORMAN+WELLS+CLIMATE",2004,2026
"06-13","TMIN",2001-06-13,7.05,-4.3,16.8,4.78386175942965,2.65,5.2,8.9,12.45,10.6,"","2202810",43004,"NORMAN WELLS CLIMATE",6,2006-06-13,"DATE: Jun-13<br>Value: 10.6 °C<br>Anomaly: +3.5 °C<br>Weather station: ","DATE: Jun-13<br><b>Minimum temperature</b><br>10-90 percentile<br>2.7 to 12.4 °C","Historical daily maximum<br>16.8 °C<br>2006-06-13","DATE: Jun-13</b><br>Normal: 7.0 °C<br>Period: 1991-2020","2202810","NORMAN+WELLS+CLIMATE",2004,2026
"06-13","VPD",2001-06-13,1.17355339181631,0.293189024992094,2.04204767941666,0.556173057422545,0.421045085998094,0.76135547466413,1.53377052043409,1.8793890722195,2.06340430857848,"","2202810",43004,"NORMAN WELLS CLIMATE",6,2025-06-13,"DATE: Jun-13<br>Value: 2.1 kPa<br>Anomaly: +0.9 kPa<br>Weather station: ","DATE: Jun-13<br><b>Vapour pressure deficit</b><br>10-90 percentile<br>0.4 to 1.9 kPa","Historical daily maximum<br>2.0 kPa<br>2025-06-13","DATE: Jun-13</b><br>Normal: 1.2 kPa<br>Period: 1991-2020","2202810","NORMAN+WELLS+CLIMATE",2004,2026
"06-14","TMAX",2001-06-14,19.70625,12,27.1,3.96038192602683,15.75,16.875,21.925,24.6,28.9,"","2202801",50717,"NORMAN WELLS A",6,2026-06-14,"DATE: Jun-14<br>Value: 28.9 °C<br>Anomaly: +9.2 °C<br>Weather station: ","DATE: Jun-14<br><b>Maximum temperature</b><br>10-90 percentile<br>15.8 to 24.6 °C","Historical daily maximum<br>27.1 °C<br>2026-06-14","DATE: Jun-14</b><br>Normal: 19.7 °C<br>Period: 1991-2020","2202810","NORMAN+WELLS+CLIMATE",2004,2026
"06-14","TMIN",2001-06-14,6.59375,-2.6,15,4.36049978022398,1.35,4.05,9.125,10.55,10.7,"","2202801",50717,"NORMAN WELLS A",6,2020-06-14,"DATE: Jun-14<br>Value: 10.7 °C<br>Anomaly: +4.1 °C<br>Weather station: ","DATE: Jun-14<br><b>Minimum temperature</b><br>10-90 percentile<br>1.4 to 10.6 °C","Historical daily maximum<br>15.0 °C<br>2020-06-14","DATE: Jun-14</b><br>Normal: 6.6 °C<br>Period: 1991-2020","2202810","NORMAN+WELLS+CLIMATE",2004,2026
"06-14","VPD",2001-06-14,1.34314353450881,0.493036410295445,2.67044614803817,0.562685341294458,0.72305063954861,0.948214767717505,1.7025461805969,1.9185625657168,2.69582227749743,"","2202801",50717,"NORMAN WELLS A",6,2026-06-14,"DATE: Jun-14<br>Value: 2.7 kPa<br>Anomaly: +1.4 kPa<br>Weather station: ","DATE: Jun-14<br><b>Vapour pressure deficit</b><br>10-90 percentile<br>0.7 to 1.9 kPa","Historical daily maximum<br>2.7 kPa<br>2026-06-14","DATE: Jun-14</b><br>Normal: 1.3 kPa<br>Period: 1991-2020","2202810","NORMAN+WELLS+CLIMATE",2004,2026
"06-15","TMAX",2001-06-15,20.9125,14.4,28.1,4.17610264880227,15.55,17.85,23.6,26.55,29.1,"","2202801",50717,"NORMAN WELLS A",6,2026-06-15,"DATE: Jun-15<br>Value: 29.1 °C<br>Anomaly: +8.2 °C<br>Weather station: ","DATE: Jun-15<br><b>Maximum temperature</b><br>10-90 percentile<br>15.6 to 26.6 °C","Historical daily maximum<br>28.1 °C<br>2026-06-15","DATE: Jun-15</b><br>Normal: 20.9 °C<br>Period: 1991-2020","2202810","NORMAN+WELLS+CLIMATE",2004,2026
"06-15","TMIN",2001-06-15,5.2875,-1.5,13.2,4.1016866449466,0.4,1.825,8.2,9.75,19.1,"","2202801",50717,"NORMAN WELLS A",6,2026-06-15,"DATE: Jun-15<br>Value: 19.1 °C<br>Anomaly: +13.8 °C<br>Weather station: ","DATE: Jun-15<br><b>Minimum temperature</b><br>10-90 percentile<br>0.4 to 9.8 °C","Historical daily maximum<br>13.2 °C<br>2026-06-15","DATE: Jun-15</b><br>Normal: 5.3 °C<br>Period: 1991-2020","2202810","NORMAN+WELLS+CLIMATE",2004,2026
"06-15","VPD",2001-06-15,1.62088503680494,0.453155902669587,2.94178776093026,0.666677874480253,0.82976699084747,1.22935891097481,1.92768337786987,2.4329356731185,1.81774478925316,"","2202801",50717,"NORMAN WELLS A",6,2025-06-15,"DATE: Jun-15<br>Value: 1.8 kPa<br>Anomaly: +0.2 kPa<br>Weather station: ","DATE: Jun-15<br><b>Vapour pressure deficit</b><br>10-90 percentile<br>0.8 to 2.4 kPa","Historical daily maximum<br>2.9 kPa<br>2025-06-15","DATE: Jun-15</b><br>Normal: 1.6 kPa<br>Period: 1991-2020","2202810","NORMAN+WELLS+CLIMATE",2004,2026
"06-16","TMAX",2001-06-16,21.34375,12.4,26.7,3.9565925996999,15.55,19.675,24.2,24.5,24.8,"","2202801",50717,"NORMAN WELLS A",6,2011-06-16,"DATE: Jun-16<br>Value: 24.8 °C<br>Anomaly: +3.5 °C<br>Weather station: ","DATE: Jun-16<br><b>Maximum temperature</b><br>10-90 percentile<br>15.6 to 24.5 °C","Historical daily maximum<br>26.7 °C<br>2011-06-16","DATE: Jun-16</b><br>Normal: 21.3 °C<br>Period: 1991-2020","2202810","NORMAN+WELLS+CLIMATE",2004,2026
"06-16","TMIN",2001-06-16,8.175,0.3,14.1,4.43583889097278,2.55,4.375,12.175,12.95,13.2,"","2202801",50717,"NORMAN WELLS A",6,2018-06-16,"DATE: Jun-16<br>Value: 13.2 °C<br>Anomaly: +5.0 °C<br>Weather station: ","DATE: Jun-16<br><b>Minimum temperature</b><br>10-90 percentile<br>2.5 to 12.9 °C","Historical daily maximum<br>14.1 °C<br>2018-06-16","DATE: Jun-16</b><br>Normal: 8.2 °C<br>Period: 1991-2020","2202810","NORMAN+WELLS+CLIMATE",2004,2026
"06-16","VPD",2001-06-16,1.47208419579492,0.398519691951327,2.22481061939529,0.495443785075397,0.853040415340454,1.30825586560179,1.72679103423622,2.01871210831063,1.61275649670735,"","2202801",50717,"NORMAN WELLS A",6,2014-06-16,"DATE: Jun-16<br>Value: 1.6 kPa<br>Anomaly: +0.1 kPa<br>Weather station: ","DATE: Jun-16<br><b>Vapour pressure deficit</b><br>10-90 percentile<br>0.9 to 2.0 kPa","Historical daily maximum<br>2.2 kPa<br>2014-06-16","DATE: Jun-16</b><br>Normal: 1.5 kPa<br>Period: 1991-2020","2202810","NORMAN+WELLS+CLIMATE",2004,2026
"06-17","TMAX",2001-06-17,20.50625,13.8,30.8,5.59040472595679,14.25,15.625,25.1,27.75,21.5,"","2202801",50717,"NORMAN WELLS A",6,2020-06-17,"DATE: Jun-17<br>Value: 21.5 °C<br>Anomaly: +1.0 °C<br>Weather station: ","DATE: Jun-17<br><b>Maximum temperature</b><br>10-90 percentile<br>14.2 to 27.8 °C","Historical daily maximum<br>30.8 °C<br>2020-06-17","DATE: Jun-17</b><br>Normal: 20.5 °C<br>Period: 1991-2020","2202810","NORMAN+WELLS+CLIMATE",2004,2026
"06-17","TMIN",2001-06-17,7.625,1.4,13.8,3.60693775937429,2.85,5,9.85,12,10.2,"","2202801",50717,"NORMAN WELLS A",6,2006-06-17,"DATE: Jun-17<br>Value: 10.2 °C<br>Anomaly: +2.6 °C<br>Weather station: ","DATE: Jun-17<br><b>Minimum temperature</b><br>10-90 percentile<br>2.8 to 12.0 °C","Historical daily maximum<br>13.8 °C<br>2006-06-17","DATE: Jun-17</b><br>Normal: 7.6 °C<br>Period: 1991-2020","2202810","NORMAN+WELLS+CLIMATE",2004,2026
"06-17","VPD",2001-06-17,1.46282986701172,0.530723548359404,3.23008907244224,0.820132976928471,0.667506236485614,0.852608710370695,1.81055603459012,2.58834756525391,1.3199025652663,"","2202801",50717,"NORMAN WELLS A",6,2020-06-17,"DATE: Jun-17<br>Value: 1.3 kPa<br>Anomaly: -0.1 kPa<br>Weather station: ","DATE: Jun-17<br><b>Vapour pressure deficit</b><br>10-90 percentile<br>0.7 to 2.6 kPa","Historical daily maximum<br>3.2 kPa<br>2020-06-17","DATE: Jun-17</b><br>Normal: 1.5 kPa<br>Period: 1991-2020","2202810","NORMAN+WELLS+CLIMATE",2004,2026
"06-18","TMAX",2001-06-18,21.5375,14.6,29.2,4.09810932016216,17.15,19.375,24.575,26.85,22.4,"","2202801",50717,"NORMAN WELLS A",6,2018-06-18,"DATE: Jun-18<br>Value: 22.4 °C<br>Anomaly: +0.9 °C<br>Weather station: ","DATE: Jun-18<br><b>Maximum temperature</b><br>10-90 percentile<br>17.1 to 26.8 °C","Historical daily maximum<br>29.2 °C<br>2018-06-18","DATE: Jun-18</b><br>Normal: 21.5 °C<br>Period: 1991-2020","2202810","NORMAN+WELLS+CLIMATE",2004,2026
"06-18","TMIN",2001-06-18,6.8625,-2.2,13.8,4.80484130851374,0.6,3.95,9.725,12.8,13.3,"","2202801",50717,"NORMAN WELLS A",6,2020-06-18,"DATE: Jun-18<br>Value: 13.3 °C<br>Anomaly: +6.4 °C<br>Weather station: ","DATE: Jun-18<br><b>Minimum temperature</b><br>10-90 percentile<br>0.6 to 12.8 °C","Historical daily maximum<br>13.8 °C<br>2020-06-18","DATE: Jun-18</b><br>Normal: 6.9 °C<br>Period: 1991-2020","2202810","NORMAN+WELLS+CLIMATE",2004,2026
"06-18","VPD",2001-06-18,1.60167102547307,0.457628850542962,2.72438899612849,0.658127793563747,0.76073216869389,1.31366032958636,2.09433567288585,2.46367635622536,1.18166469231345,"","2202801",50717,"NORMAN WELLS A",6,2022-06-18,"DATE: Jun-18<br>Value: 1.2 kPa<br>Anomaly: -0.4 kPa<br>Weather station: ","DATE: Jun-18<br><b>Vapour pressure deficit</b><br>10-90 percentile<br>0.8 to 2.5 kPa","Historical daily maximum<br>2.7 kPa<br>2022-06-18","DATE: Jun-18</b><br>Normal: 1.6 kPa<br>Period: 1991-2020","2202810","NORMAN+WELLS+CLIMATE",2004,2026
"06-19","TMAX",2001-06-19,23.775,15.4,32.3,4.89931968066316,17.75,20.075,26.325,30.4,24.4,"","2202801",50717,"NORMAN WELLS A",6,2018-06-19,"DATE: Jun-19<br>Value: 24.4 °C<br>Anomaly: +0.6 °C<br>Weather station: ","DATE: Jun-19<br><b>Maximum temperature</b><br>10-90 percentile<br>17.8 to 30.4 °C","Historical daily maximum<br>32.3 °C<br>2018-06-19","DATE: Jun-19</b><br>Normal: 23.8 °C<br>Period: 1991-2020","2202810","NORMAN+WELLS+CLIMATE",2004,2026
"06-19","TMIN",2001-06-19,7.06875,-1.1,14.8,4.43030755140092,1.2,3.65,10.15,11.4,10.7,"","2202801",50717,"NORMAN WELLS A",6,2016-06-19,"DATE: Jun-19<br>Value: 10.7 °C<br>Anomaly: +3.6 °C<br>Weather station: ","DATE: Jun-19<br><b>Minimum temperature</b><br>10-90 percentile<br>1.2 to 11.4 °C","Historical daily maximum<br>14.8 °C<br>2016-06-19","DATE: Jun-19</b><br>Normal: 7.1 °C<br>Period: 1991-2020","2202810","NORMAN+WELLS+CLIMATE",2004,2026
"06-19","VPD",2001-06-19,2.00507372760329,0.513546284459143,3.64054409095296,0.788988114340477,1.08463528042891,1.47901600699874,2.47680112343274,2.80260357316737,1.76954776485292,"","2202801",50717,"NORMAN WELLS A",6,2018-06-19,"DATE: Jun-19<br>Value: 1.8 kPa<br>Anomaly: -0.2 kPa<br>Weather station: ","DATE: Jun-19<br><b>Vapour pressure deficit</b><br>10-90 percentile<br>1.1 to 2.8 kPa","Historical daily maximum<br>3.6 kPa<br>2018-06-19","DATE: Jun-19</b><br>Normal: 2.0 kPa<br>Period: 1991-2020","2202810","NORMAN+WELLS+CLIMATE",2004,2026
"06-20","TMAX",2001-06-20,23.8625,18.7,31,4.14517792139252,18.9,20.65,27.05,29.3,24.3,"","2202801",50717,"NORMAN WELLS A",6,2016-06-20,"DATE: Jun-20<br>Value: 24.3 °C<br>Anomaly: +0.4 °C<br>Weather station: ","DATE: Jun-20<br><b>Maximum temperature</b><br>10-90 percentile<br>18.9 to 29.3 °C","Historical daily maximum<br>31.0 °C<br>2016-06-20","DATE: Jun-20</b><br>Normal: 23.9 °C<br>Period: 1991-2020","2202810","NORMAN+WELLS+CLIMATE",2004,2026
"06-20","TMIN",2001-06-20,7.7875,-0.7,16.4,4.81482086894206,0.75,5.875,10.6,13.1,5.5,"","2202801",50717,"NORMAN WELLS A",6,2006-06-20,"DATE: Jun-20<br>Value: 5.5 °C<br>Anomaly: -2.3 °C<br>Weather station: ","DATE: Jun-20<br><b>Minimum temperature</b><br>10-90 percentile<br>0.8 to 13.1 °C","Historical daily maximum<br>16.4 °C<br>2006-06-20","DATE: Jun-20</b><br>Normal: 7.8 °C<br>Period: 1991-2020","2202810","NORMAN+WELLS+CLIMATE",2004,2026
"06-20","VPD",2001-06-20,1.93172296825898,0.77242819689137,3.2228753598244,0.761686449974369,1.12260583705453,1.34434588468976,2.44298622446181,3.06073417790417,2.13484252780627,"","2202801",50717,"NORMAN WELLS A",6,2016-06-20,"DATE: Jun-20<br>Value: 2.1 kPa<br>Anomaly: +0.2 kPa<br>Weather station: ","DATE: Jun-20<br><b>Vapour pressure deficit</b><br>10-90 percentile<br>1.1 to 3.1 kPa","Historical daily maximum<br>3.2 kPa<br>2016-06-20","DATE: Jun-20</b><br>Normal: 1.9 kPa<br>Period: 1991-2020","2202810","NORMAN+WELLS+CLIMATE",2004,2026
"06-21","TMAX",2001-06-21,23.15,14.9,32.9,4.90278832230531,16.85,19.75,25.375,28.8,26.1,"","2202801",50717,"NORMAN WELLS A",6,2013-06-21,"DATE: Jun-21<br>Value: 26.1 °C<br>Anomaly: +2.9 °C<br>Weather station: ","DATE: Jun-21<br><b>Maximum temperature</b><br>10-90 percentile<br>16.8 to 28.8 °C","Historical daily maximum<br>32.9 °C<br>2013-06-21","DATE: Jun-21</b><br>Normal: 23.2 °C<br>Period: 1991-2020","2202810","NORMAN+WELLS+CLIMATE",2004,2026
"06-21","TMIN",2001-06-21,9.6125,1.7,16.5,4.34647366647186,4.6,6.325,13.275,14.4,11.2,"","2202801",50717,"NORMAN WELLS A",6,2013-06-21,"DATE: Jun-21<br>Value: 11.2 °C<br>Anomaly: +1.6 °C<br>Weather station: ","DATE: Jun-21<br><b>Minimum temperature</b><br>10-90 percentile<br>4.6 to 14.4 °C","Historical daily maximum<br>16.5 °C<br>2013-06-21","DATE: Jun-21</b><br>Normal: 9.6 °C<br>Period: 1991-2020","2202810","NORMAN+WELLS+CLIMATE",2004,2026
"06-21","VPD",2001-06-21,1.69976333213115,0.355275878409685,3.12482564701491,0.707108533696834,1.04505839159194,1.24933371184995,2.14921198745556,2.56670640388497,2.05109372424591,"","2202801",50717,"NORMAN WELLS A",6,2013-06-21,"DATE: Jun-21<br>Value: 2.1 kPa<br>Anomaly: +0.4 kPa<br>Weather station: ","DATE: Jun-21<br><b>Vapour pressure deficit</b><br>10-90 percentile<br>1.0 to 2.6 kPa","Historical daily maximum<br>3.1 kPa<br>2013-06-21","DATE: Jun-21</b><br>Normal: 1.7 kPa<br>Period: 1991-2020","2202810","NORMAN+WELLS+CLIMATE",2004,2026
"06-22","TMAX",2001-06-22,24.15625,14.9,30.9,4.33650685075749,18.25,22.175,27.125,28.7,27.7,"","2202801",50717,"NORMAN WELLS A",6,2012-06-22,"DATE: Jun-22<br>Value: 27.7 °C<br>Anomaly: +3.5 °C<br>Weather station: ","DATE: Jun-22<br><b>Maximum temperature</b><br>10-90 percentile<br>18.2 to 28.7 °C","Historical daily maximum<br>30.9 °C<br>2012-06-22","DATE: Jun-22</b><br>Normal: 24.2 °C<br>Period: 1991-2020","2202810","NORMAN+WELLS+CLIMATE",2004,2026
"06-22","TMIN",2001-06-22,9.575,-1.2,15.3,4.60137660561127,4.85,6.625,13.025,14.85,9.5,"","2202801",50717,"NORMAN WELLS A",6,2011-06-22,"DATE: Jun-22<br>Value: 9.5 °C<br>Anomaly: -0.1 °C<br>Weather station: ","DATE: Jun-22<br><b>Minimum temperature</b><br>10-90 percentile<br>4.8 to 14.8 °C","Historical daily maximum<br>15.3 °C<br>2011-06-22","DATE: Jun-22</b><br>Normal: 9.6 °C<br>Period: 1991-2020","2202810","NORMAN+WELLS+CLIMATE",2004,2026
"06-22","VPD",2001-06-22,1.85404917502401,0.424681146515349,2.75072225656673,0.608031092407779,1.23451217219528,1.60581696495893,2.22253805854154,2.66125061066502,2.52698284435749,"","2202801",50717,"NORMAN WELLS A",6,2012-06-22,"DATE: Jun-22<br>Value: 2.5 kPa<br>Anomaly: +0.7 kPa<br>Weather station: ","DATE: Jun-22<br><b>Vapour pressure deficit</b><br>10-90 percentile<br>1.2 to 2.7 kPa","Historical daily maximum<br>2.8 kPa<br>2012-06-22","DATE: Jun-22</b><br>Normal: 1.9 kPa<br>Period: 1991-2020","2202810","NORMAN+WELLS+CLIMATE",2004,2026
"06-23","TMAX",2001-06-23,23.675,12.9,31.9,5.69192410349962,15.3,21.1,27.325,29.8,28.5,"","2202810",43004,"NORMAN WELLS CLIMATE",6,2012-06-23,"DATE: Jun-23<br>Value: 28.5 °C<br>Anomaly: +4.8 °C<br>Weather station: ","DATE: Jun-23<br><b>Maximum temperature</b><br>10-90 percentile<br>15.3 to 29.8 °C","Historical daily maximum<br>31.9 °C<br>2012-06-23","DATE: Jun-23</b><br>Normal: 23.7 °C<br>Period: 1991-2020","2202810","NORMAN+WELLS+CLIMATE",2004,2026
"06-23","TMIN",2001-06-23,9.93125,3.4,19,4.2824788382431,4.35,7.375,12.75,14.1,9.2,"","2202810",43004,"NORMAN WELLS CLIMATE",6,2008-06-23,"DATE: Jun-23<br>Value: 9.2 °C<br>Anomaly: -0.7 °C<br>Weather station: ","DATE: Jun-23<br><b>Minimum temperature</b><br>10-90 percentile<br>4.3 to 14.1 °C","Historical daily maximum<br>19.0 °C<br>2008-06-23","DATE: Jun-23</b><br>Normal: 9.9 °C<br>Period: 1991-2020","2202810","NORMAN+WELLS+CLIMATE",2004,2026
"06-23","VPD",2001-06-23,1.7972623743258,0.486143095088023,3.19055870701406,0.882230716839249,0.777625346319291,1.01146103889172,2.46785463033314,2.8262865861148,2.72771496768619,"","2202810",43004,"NORMAN WELLS CLIMATE",6,2012-06-23,"DATE: Jun-23<br>Value: 2.7 kPa<br>Anomaly: +0.9 kPa<br>Weather station: ","DATE: Jun-23<br><b>Vapour pressure deficit</b><br>10-90 percentile<br>0.8 to 2.8 kPa","Historical daily maximum<br>3.2 kPa<br>2012-06-23","DATE: Jun-23</b><br>Normal: 1.8 kPa<br>Period: 1991-2020","2202810","NORMAN+WELLS+CLIMATE",2004,2026
"06-24","TMAX",2001-06-24,23.73125,12.2,32.7,6.53306653366804,15.25,18.15,28.475,31.4,28.3,"","2202801",50717,"NORMAN WELLS A",6,2014-06-24,"DATE: Jun-24<br>Value: 28.3 °C<br>Anomaly: +4.6 °C<br>Weather station: ","DATE: Jun-24<br><b>Maximum temperature</b><br>10-90 percentile<br>15.2 to 31.4 °C","Historical daily maximum<br>32.7 °C<br>2014-06-24","DATE: Jun-24</b><br>Normal: 23.7 °C<br>Period: 1991-2020","2202810","NORMAN+WELLS+CLIMATE",2004,2026
"06-24","TMIN",2001-06-24,10.01875,1.9,16.1,3.66300764399967,6.85,7.15,12.675,14,9.5,"","2202801",50717,"NORMAN WELLS A",6,2011-06-24,"DATE: Jun-24<br>Value: 9.5 °C<br>Anomaly: -0.5 °C<br>Weather station: ","DATE: Jun-24<br><b>Minimum temperature</b><br>10-90 percentile<br>6.8 to 14.0 °C","Historical daily maximum<br>16.1 °C<br>2011-06-24","DATE: Jun-24</b><br>Normal: 10.0 °C<br>Period: 1991-2020","2202810","NORMAN+WELLS+CLIMATE",2004,2026
"06-24","VPD",2001-06-24,1.85819593822216,0.432985635260945,3.69325101192679,0.97317174798849,0.727834313922427,1.01004079357455,2.4678699340972,3.08709040743449,2.65904083580969,"","2202801",50717,"NORMAN WELLS A",6,2014-06-24,"DATE: Jun-24<br>Value: 2.7 kPa<br>Anomaly: +0.8 kPa<br>Weather station: ","DATE: Jun-24<br><b>Vapour pressure deficit</b><br>10-90 percentile<br>0.7 to 3.1 kPa","Historical daily maximum<br>3.7 kPa<br>2014-06-24","DATE: Jun-24</b><br>Normal: 1.9 kPa<br>Period: 1991-2020","2202810","NORMAN+WELLS+CLIMATE",2004,2026
"06-25","TMAX",2001-06-25,24.20625,17,31.9,4.47175860260815,19.1,20.425,27.025,29.75,29.7,"","2202801",50717,"NORMAN WELLS A",6,2012-06-25,"DATE: Jun-25<br>Value: 29.7 °C<br>Anomaly: +5.5 °C<br>Weather station: ","DATE: Jun-25<br><b>Maximum temperature</b><br>10-90 percentile<br>19.1 to 29.8 °C","Historical daily maximum<br>31.9 °C<br>2012-06-25","DATE: Jun-25</b><br>Normal: 24.2 °C<br>Period: 1991-2020","2202810","NORMAN+WELLS+CLIMATE",2004,2026
"06-25","TMIN",2001-06-25,9.93125,-2.2,23.2,5.63166272072467,4.75,8.175,11.725,15.9,12.6,"","2202801",50717,"NORMAN WELLS A",6,2012-06-25,"DATE: Jun-25<br>Value: 12.6 °C<br>Anomaly: +2.7 °C<br>Weather station: ","DATE: Jun-25<br><b>Minimum temperature</b><br>10-90 percentile<br>4.8 to 15.9 °C","Historical daily maximum<br>23.2 °C<br>2012-06-25","DATE: Jun-25</b><br>Normal: 9.9 °C<br>Period: 1991-2020","2202810","NORMAN+WELLS+CLIMATE",2004,2026
"06-25","VPD",2001-06-25,1.81321568591505,0.835382239881637,3.13681057666848,0.637918656227447,1.04087018116218,1.28381217520992,2.1460722050599,2.5373433849727,2.7115689977841,"","2202801",50717,"NORMAN WELLS A",6,2014-06-25,"DATE: Jun-25<br>Value: 2.7 kPa<br>Anomaly: +0.9 kPa<br>Weather station: ","DATE: Jun-25<br><b>Vapour pressure deficit</b><br>10-90 percentile<br>1.0 to 2.5 kPa","Historical daily maximum<br>3.1 kPa<br>2014-06-25","DATE: Jun-25</b><br>Normal: 1.8 kPa<br>Period: 1991-2020","2202810","NORMAN+WELLS+CLIMATE",2004,2026
"06-26","TMAX",2001-06-26,23.20625,15.3,30.9,4.61439324288687,15.85,21.325,26.525,27.5,29.7,"","2202801",50717,"NORMAN WELLS A",6,2015-06-26,"DATE: Jun-26<br>Value: 29.7 °C<br>Anomaly: +6.5 °C<br>Weather station: ","DATE: Jun-26<br><b>Maximum temperature</b><br>10-90 percentile<br>15.8 to 27.5 °C","Historical daily maximum<br>30.9 °C<br>2015-06-26","DATE: Jun-26</b><br>Normal: 23.2 °C<br>Period: 1991-2020","2202810","NORMAN+WELLS+CLIMATE",2004,2026
"06-26","TMIN",2001-06-26,9.43125,2.8,20.2,4.76567151616643,4.6,5.05,11.525,14.95,13.9,"","2202801",50717,"NORMAN WELLS A",6,2012-06-26,"DATE: Jun-26<br>Value: 13.9 °C<br>Anomaly: +4.5 °C<br>Weather station: ","DATE: Jun-26<br><b>Minimum temperature</b><br>10-90 percentile<br>4.6 to 14.9 °C","Historical daily maximum<br>20.2 °C<br>2012-06-26","DATE: Jun-26</b><br>Normal: 9.4 °C<br>Period: 1991-2020","2202810","NORMAN+WELLS+CLIMATE",2004,2026
"06-26","VPD",2001-06-26,1.69764232281115,0.443199809067532,3.28762374689796,0.76703175776948,0.661668651253805,1.29716167612139,2.1724916613867,2.50728807126186,2.58233685202945,"","2202801",50717,"NORMAN WELLS A",6,2015-06-26,"DATE: Jun-26<br>Value: 2.6 kPa<br>Anomaly: +0.9 kPa<br>Weather station: ","DATE: Jun-26<br><b>Vapour pressure deficit</b><br>10-90 percentile<br>0.7 to 2.5 kPa","Historical daily maximum<br>3.3 kPa<br>2015-06-26","DATE: Jun-26</b><br>Normal: 1.7 kPa<br>Period: 1991-2020","2202810","NORMAN+WELLS+CLIMATE",2004,2026
"06-27","TMAX",2001-06-27,23.175,13,30.7,4.44004504481655,18.05,21.5,26.1,28.1,30.8,"","2202801",50717,"NORMAN WELLS A",6,2026-06-27,"DATE: Jun-27<br>Value: 30.8 °C<br>Anomaly: +7.6 °C<br>Weather station: ","DATE: Jun-27<br><b>Maximum temperature</b><br>10-90 percentile<br>18.0 to 28.1 °C","Historical daily maximum<br>30.7 °C<br>2026-06-27","DATE: Jun-27</b><br>Normal: 23.2 °C<br>Period: 1991-2020","2202810","NORMAN+WELLS+CLIMATE",2004,2026
"06-27","TMIN",2001-06-27,8.4125,0.3,14,3.31116797117472,4.25,7.55,10.55,11.05,13.6,"","2202801",50717,"NORMAN WELLS A",6,2021-06-27,"DATE: Jun-27<br>Value: 13.6 °C<br>Anomaly: +5.2 °C<br>Weather station: ","DATE: Jun-27<br><b>Minimum temperature</b><br>10-90 percentile<br>4.2 to 11.0 °C","Historical daily maximum<br>14.0 °C<br>2021-06-27","DATE: Jun-27</b><br>Normal: 8.4 °C<br>Period: 1991-2020","2202810","NORMAN+WELLS+CLIMATE",2004,2026
"06-27","VPD",2001-06-27,1.79560099320079,0.3023374679632,3.21293518196775,0.752666834247017,0.914181309692029,1.41338291193616,2.35761487949031,2.5535933181827,2.88411275797949,"","2202801",50717,"NORMAN WELLS A",6,2013-06-27,"DATE: Jun-27<br>Value: 2.9 kPa<br>Anomaly: +1.1 kPa<br>Weather station: ","DATE: Jun-27<br><b>Vapour pressure deficit</b><br>10-90 percentile<br>0.9 to 2.6 kPa","Historical daily maximum<br>3.2 kPa<br>2013-06-27","DATE: Jun-27</b><br>Normal: 1.8 kPa<br>Period: 1991-2020","2202810","NORMAN+WELLS+CLIMATE",2004,2026
"06-28","TMAX",2001-06-28,23.0375,13.1,31.9,4.66302834361248,17.45,20.175,26.125,27.1,26.7,"","2202801",50717,"NORMAN WELLS A",6,2013-06-28,"DATE: Jun-28<br>Value: 26.7 °C<br>Anomaly: +3.7 °C<br>Weather station: ","DATE: Jun-28<br><b>Maximum temperature</b><br>10-90 percentile<br>17.4 to 27.1 °C","Historical daily maximum<br>31.9 °C<br>2013-06-28","DATE: Jun-28</b><br>Normal: 23.0 °C<br>Period: 1991-2020","2202810","NORMAN+WELLS+CLIMATE",2004,2026
"06-28","TMIN",2001-06-28,8.86875,2.8,22.3,4.81991960513866,4.05,5.4,12,12.9,13.5,"","2202801",50717,"NORMAN WELLS A",6,2013-06-28,"DATE: Jun-28<br>Value: 13.5 °C<br>Anomaly: +4.6 °C<br>Weather station: ","DATE: Jun-28<br><b>Minimum temperature</b><br>10-90 percentile<br>4.0 to 12.9 °C","Historical daily maximum<br>22.3 °C<br>2013-06-28","DATE: Jun-28</b><br>Normal: 8.9 °C<br>Period: 1991-2020","2202810","NORMAN+WELLS+CLIMATE",2004,2026
"06-28","VPD",2001-06-28,1.71235741169325,0.505738118785948,2.50709676109515,0.706306370108786,0.71057786362805,1.18414550788732,2.32387606366509,2.45125486930467,1.95560124205489,"","2202801",50717,"NORMAN WELLS A",6,2021-06-28,"DATE: Jun-28<br>Value: 2.0 kPa<br>Anomaly: +0.2 kPa<br>Weather station: ","DATE: Jun-28<br><b>Vapour pressure deficit</b><br>10-90 percentile<br>0.7 to 2.5 kPa","Historical daily maximum<br>2.5 kPa<br>2021-06-28","DATE: Jun-28</b><br>Normal: 1.7 kPa<br>Period: 1991-2020","2202810","NORMAN+WELLS+CLIMATE",2004,2026
"06-29","TMAX",2001-06-29,22.8875,13.1,31.1,5.20907861334421,17.2,18.425,26.75,29.05,17.7,"","2202801",50717,"NORMAN WELLS A",6,2013-06-29,"DATE: Jun-29<br>Value: 17.7 °C<br>Anomaly: -5.2 °C<br>Weather station: ","DATE: Jun-29<br><b>Maximum temperature</b><br>10-90 percentile<br>17.2 to 29.0 °C","Historical daily maximum<br>31.1 °C<br>2013-06-29","DATE: Jun-29</b><br>Normal: 22.9 °C<br>Period: 1991-2020","2202810","NORMAN+WELLS+CLIMATE",2004,2026
"06-29","TMIN",2001-06-29,8.51875,0.5,14.3,4.09767718754581,3.3,6.05,11.9,13.55,10.9,"","2202801",50717,"NORMAN WELLS A",6,2023-06-29,"DATE: Jun-29<br>Value: 10.9 °C<br>Anomaly: +2.4 °C<br>Weather station: ","DATE: Jun-29<br><b>Minimum temperature</b><br>10-90 percentile<br>3.3 to 13.6 °C","Historical daily maximum<br>14.3 °C<br>2023-06-29","DATE: Jun-29</b><br>Normal: 8.5 °C<br>Period: 1991-2020","2202810","NORMAN+WELLS+CLIMATE",2004,2026
"06-29","VPD",2001-06-29,1.75731638702401,0.565993423493072,2.88823844255343,0.857818844544215,0.639056490062266,0.956066646229122,2.4854502655881,2.77357846822059,0.721362467158885,"","2202801",50717,"NORMAN WELLS A",6,2013-06-29,"DATE: Jun-29<br>Value: 0.7 kPa<br>Anomaly: -1.0 kPa<br>Weather station: ","DATE: Jun-29<br><b>Vapour pressure deficit</b><br>10-90 percentile<br>0.6 to 2.8 kPa","Historical daily maximum<br>2.9 kPa<br>2013-06-29","DATE: Jun-29</b><br>Normal: 1.8 kPa<br>Period: 1991-2020","2202810","NORMAN+WELLS+CLIMATE",2004,2026
"06-30","TMAX",2001-06-30,23.64375,13.8,31,4.94758779608811,16.4,21.7,26.55,29.7,24.8,"","2202801",50717,"NORMAN WELLS A",6,2005-06-30,"DATE: Jun-30<br>Value: 24.8 °C<br>Anomaly: +1.2 °C<br>Weather station: ","DATE: Jun-30<br><b>Maximum temperature</b><br>10-90 percentile<br>16.4 to 29.7 °C","Historical daily maximum<br>31.0 °C<br>2005-06-30","DATE: Jun-30</b><br>Normal: 23.6 °C<br>Period: 1991-2020","2202810","NORMAN+WELLS+CLIMATE",2004,2026
"06-30","TMIN",2001-06-30,10.1125,0.5,14.5,3.57041080736284,6.7,7.95,12.6,13.4,8.2,"","2202801",50717,"NORMAN WELLS A",6,2013-06-30,"DATE: Jun-30<br>Value: 8.2 °C<br>Anomaly: -1.9 °C<br>Weather station: ","DATE: Jun-30<br><b>Minimum temperature</b><br>10-90 percentile<br>6.7 to 13.4 °C","Historical daily maximum<br>14.5 °C<br>2013-06-30","DATE: Jun-30</b><br>Normal: 10.1 °C<br>Period: 1991-2020","2202810","NORMAN+WELLS+CLIMATE",2004,2026
"06-30","VPD",2001-06-30,1.75948456624463,0.525919491835524,3.41249512446518,0.883775461892351,0.619448069595733,1.07861785665009,2.3948632950291,2.86866450421848,2.04276576213584,"","2202801",50717,"NORMAN WELLS A",6,2005-06-30,"DATE: Jun-30<br>Value: 2.0 kPa<br>Anomaly: +0.3 kPa<br>Weather station: ","DATE: Jun-30<br><b>Vapour pressure deficit</b><br>10-90 percentile<br>0.6 to 2.9 kPa","Historical daily maximum<br>3.4 kPa<br>2005-06-30","DATE: Jun-30</b><br>Normal: 1.8 kPa<br>Period: 1991-2020","2202810","NORMAN+WELLS+CLIMATE",2004,2026
"07-01","TMAX",2001-07-01,23.61875,17.8,31.8,3.5749533796494,19.75,20.9,24.95,27.55,20.3,"","2202801",50717,"NORMAN WELLS A",7,2013-07-01,"DATE: Jul-01<br>Value: 20.3 °C<br>Anomaly: -3.3 °C<br>Weather station: ","DATE: Jul-01<br><b>Maximum temperature</b><br>10-90 percentile<br>19.8 to 27.6 °C","Historical daily maximum<br>31.8 °C<br>2013-07-01","DATE: Jul-01</b><br>Normal: 23.6 °C<br>Period: 1991-2020","2202810","NORMAN+WELLS+CLIMATE",2004,2026
"07-01","TMIN",2001-07-01,10.34375,1.6,17.6,3.72790714297804,6.5,8.65,12.85,13.85,12.2,"","2202801",50717,"NORMAN WELLS A",7,2013-07-01,"DATE: Jul-01<br>Value: 12.2 °C<br>Anomaly: +1.9 °C<br>Weather station: ","DATE: Jul-01<br><b>Minimum temperature</b><br>10-90 percentile<br>6.5 to 13.8 °C","Historical daily maximum<br>17.6 °C<br>2013-07-01","DATE: Jul-01</b><br>Normal: 10.3 °C<br>Period: 1991-2020","2202810","NORMAN+WELLS+CLIMATE",2004,2026
"07-01","VPD",2001-07-01,1.68503767513498,0.776908742131964,2.76638003587261,0.614532930366184,0.90783780734571,1.22695118417511,2.03130208001755,2.48291134919313,0.960891116294344,"","2202801",50717,"NORMAN WELLS A",7,2023-07-01,"DATE: Jul-01<br>Value: 1.0 kPa<br>Anomaly: -0.7 kPa<br>Weather station: ","DATE: Jul-01<br><b>Vapour pressure deficit</b><br>10-90 percentile<br>0.9 to 2.5 kPa","Historical daily maximum<br>2.8 kPa<br>2023-07-01","DATE: Jul-01</b><br>Normal: 1.7 kPa<br>Period: 1991-2020","2202810","NORMAN+WELLS+CLIMATE",2004,2026
"07-02","TMAX",2001-07-02,21.08125,12.6,29.6,4.76364268881144,15.9,17.55,24.375,26.4,15.9,"","2202801",50717,"NORMAN WELLS A",7,2021-07-02,"DATE: Jul-02<br>Value: 15.9 °C<br>Anomaly: -5.2 °C<br>Weather station: ","DATE: Jul-02<br><b>Maximum temperature</b><br>10-90 percentile<br>15.9 to 26.4 °C","Historical daily maximum<br>29.6 °C<br>2021-07-02","DATE: Jul-02</b><br>Normal: 21.1 °C<br>Period: 1991-2020","2202810","NORMAN+WELLS+CLIMATE",2004,2026
"07-02","TMIN",2001-07-02,10.49375,4.9,16.5,3.12078382248221,6.65,8.55,12.175,13.8,10.6,"","2202801",50717,"NORMAN WELLS A",7,2023-07-02,"DATE: Jul-02<br>Value: 10.6 °C<br>Anomaly: +0.1 °C<br>Weather station: ","DATE: Jul-02<br><b>Minimum temperature</b><br>10-90 percentile<br>6.6 to 13.8 °C","Historical daily maximum<br>16.5 °C<br>2023-07-02","DATE: Jul-02</b><br>Normal: 10.5 °C<br>Period: 1991-2020","2202810","NORMAN+WELLS+CLIMATE",2004,2026
"07-02","VPD",2001-07-02,1.29554630489447,0.334028703552896,3.01404086897693,0.779607627618688,0.521559039124914,0.594114920738145,1.9622706486864,2.1573767687097,0.528489222463314,"","2202801",50717,"NORMAN WELLS A",7,2021-07-02,"DATE: Jul-02<br>Value: 0.5 kPa<br>Anomaly: -0.8 kPa<br>Weather station: ","DATE: Jul-02<br><b>Vapour pressure deficit</b><br>10-90 percentile<br>0.5 to 2.2 kPa","Historical daily maximum<br>3.0 kPa<br>2021-07-02","DATE: Jul-02</b><br>Normal: 1.3 kPa<br>Period: 1991-2020","2202810","NORMAN+WELLS+CLIMATE",2004,2026
"07-03","TMAX",2001-07-03,20.625,14.3,28.2,3.93420894208734,15.7,18.025,23.3,25.05,17,"","2202801",50717,"NORMAN WELLS A",7,2022-07-03,"DATE: Jul-03<br>Value: 17.0 °C<br>Anomaly: -3.6 °C<br>Weather station: ","DATE: Jul-03<br><b>Maximum temperature</b><br>10-90 percentile<br>15.7 to 25.0 °C","Historical daily maximum<br>28.2 °C<br>2022-07-03","DATE: Jul-03</b><br>Normal: 20.6 °C<br>Period: 1991-2020","2202810","NORMAN+WELLS+CLIMATE",2004,2026
"07-03","TMIN",2001-07-03,8.9125,2.3,13.7,3.30633230836426,4.9,6.275,11.8,12.05,8.9,"","2202801",50717,"NORMAN WELLS A",7,2022-07-03,"DATE: Jul-03<br>Value: 8.9 °C<br>Anomaly: 0.0 °C<br>Weather station: ","DATE: Jul-03<br><b>Minimum temperature</b><br>10-90 percentile<br>4.9 to 12.0 °C","Historical daily maximum<br>13.7 °C<br>2022-07-03","DATE: Jul-03</b><br>Normal: 8.9 °C<br>Period: 1991-2020","2202810","NORMAN+WELLS+CLIMATE",2004,2026
"07-03","VPD",2001-07-03,1.32512851840184,0.457471347233501,2.44911359175012,0.592750962135027,0.59369199571536,0.899112670373051,1.70350856772363,2.04863193726622,0.797401654020818,"","2202801",50717,"NORMAN WELLS A",7,2023-07-03,"DATE: Jul-03<br>Value: 0.8 kPa<br>Anomaly: -0.5 kPa<br>Weather station: ","DATE: Jul-03<br><b>Vapour pressure deficit</b><br>10-90 percentile<br>0.6 to 2.0 kPa","Historical daily maximum<br>2.4 kPa<br>2023-07-03","DATE: Jul-03</b><br>Normal: 1.3 kPa<br>Period: 1991-2020","2202810","NORMAN+WELLS+CLIMATE",2004,2026
"07-04","TMAX",2001-07-04,20.6125,11.8,28.6,4.96210640756524,12.9,18.35,24.45,25.2,13.2,"","2202801",50717,"NORMAN WELLS A",7,2023-07-04,"DATE: Jul-04<br>Value: 13.2 °C<br>Anomaly: -7.4 °C<br>Weather station: ","DATE: Jul-04<br><b>Maximum temperature</b><br>10-90 percentile<br>12.9 to 25.2 °C","Historical daily maximum<br>28.6 °C<br>2023-07-04","DATE: Jul-04</b><br>Normal: 20.6 °C<br>Period: 1991-2020","2202810","NORMAN+WELLS+CLIMATE",2004,2026
"07-04","TMIN",2001-07-04,9.375,2.5,15.4,3.35628763169468,5.7,7.525,10.825,13.65,6.5,"","2202801",50717,"NORMAN WELLS A",7,2022-07-04,"DATE: Jul-04<br>Value: 6.5 °C<br>Anomaly: -2.9 °C<br>Weather station: ","DATE: Jul-04<br><b>Minimum temperature</b><br>10-90 percentile<br>5.7 to 13.6 °C","Historical daily maximum<br>15.4 °C<br>2022-07-04","DATE: Jul-04</b><br>Normal: 9.4 °C<br>Period: 1991-2020","2202810","NORMAN+WELLS+CLIMATE",2004,2026
"07-04","VPD",2001-07-04,1.31684165176383,0.242072602811441,2.6186452122861,0.707855242081739,0.43674376130776,0.711943410073018,1.80380819871467,2.07837016924692,0.549501595788895,"","2202801",50717,"NORMAN WELLS A",7,2023-07-04,"DATE: Jul-04<br>Value: 0.5 kPa<br>Anomaly: -0.8 kPa<br>Weather station: ","DATE: Jul-04<br><b>Vapour pressure deficit</b><br>10-90 percentile<br>0.4 to 2.1 kPa","Historical daily maximum<br>2.6 kPa<br>2023-07-04","DATE: Jul-04</b><br>Normal: 1.3 kPa<br>Period: 1991-2020","2202810","NORMAN+WELLS+CLIMATE",2004,2026
"07-05","TMAX",2001-07-05,21.88125,12.6,28.4,4.46082484898626,16.25,19.675,24.75,26.95,20.7,"","2202801",50717,"NORMAN WELLS A",7,2022-07-05,"DATE: Jul-05<br>Value: 20.7 °C<br>Anomaly: -1.2 °C<br>Weather station: ","DATE: Jul-05<br><b>Maximum temperature</b><br>10-90 percentile<br>16.2 to 27.0 °C","Historical daily maximum<br>28.4 °C<br>2022-07-05","DATE: Jul-05</b><br>Normal: 21.9 °C<br>Period: 1991-2020","2202810","NORMAN+WELLS+CLIMATE",2004,2026
"07-05","TMIN",2001-07-05,8.325,3.9,14.9,3.27627837645094,4.95,6.275,10.925,12.9,-0.4,"","2202801",50717,"NORMAN WELLS A",7,2022-07-05,"DATE: Jul-05<br>Value: -0.4 °C<br>Anomaly: -8.7 °C<br>Weather station: ","DATE: Jul-05<br><b>Minimum temperature</b><br>10-90 percentile<br>5.0 to 12.9 °C","Historical daily maximum<br>14.9 °C<br>2022-07-05","DATE: Jul-05</b><br>Normal: 8.3 °C<br>Period: 1991-2020","2202810","NORMAN+WELLS+CLIMATE",2004,2026
"07-05","VPD",2001-07-05,1.58195245006021,0.371558741688312,2.74464541583898,0.698535727805028,0.817203690450201,1.12620444504768,2.19010339567905,2.39216976416451,1.84829761197496,"","2202801",50717,"NORMAN WELLS A",7,2017-07-05,"DATE: Jul-05<br>Value: 1.8 kPa<br>Anomaly: +0.3 kPa<br>Weather station: ","DATE: Jul-05<br><b>Vapour pressure deficit</b><br>10-90 percentile<br>0.8 to 2.4 kPa","Historical daily maximum<br>2.7 kPa<br>2017-07-05","DATE: Jul-05</b><br>Normal: 1.6 kPa<br>Period: 1991-2020","2202810","NORMAN+WELLS+CLIMATE",2004,2026
"07-06","TMAX",2001-07-06,21.775,13.3,30.6,4.96433949953734,13.85,18.975,23.925,26.85,23.5,NA,"2202801",50717,"NORMAN WELLS A",7,2022-07-06,"DATE: Jul-06<br>Value: 23.5 °C<br>Anomaly: +1.7 °C<br>Weather station: NA","DATE: Jul-06<br><b>Maximum temperature</b><br>10-90 percentile<br>13.8 to 26.8 °C","Historical daily maximum<br>30.6 °C<br>2022-07-06","DATE: Jul-06</b><br>Normal: 21.8 °C<br>Period: 1991-2020","2202810","NORMAN+WELLS+CLIMATE",2004,2026
"07-06","TMIN",2001-07-06,9.04375,1.4,16.5,4.65746264969815,2.65,5.95,11.875,15.5,6.9,NA,"2202801",50717,"NORMAN WELLS A",7,2016-07-06,"DATE: Jul-06<br>Value: 6.9 °C<br>Anomaly: -2.1 °C<br>Weather station: NA","DATE: Jul-06<br><b>Minimum temperature</b><br>10-90 percentile<br>2.6 to 15.5 °C","Historical daily maximum<br>16.5 °C<br>2016-07-06","DATE: Jul-06</b><br>Normal: 9.0 °C<br>Period: 1991-2020","2202810","NORMAN+WELLS+CLIMATE",2004,2026
"07-06","VPD",2001-07-06,1.50529735089536,0.615173535991872,3.23545259168,0.731143531559466,0.673517303816593,0.932817860843351,1.86154084783955,2.31901426525675,1.90053096279591,NA,"2202801",50717,"NORMAN WELLS A",7,2022-07-06,"DATE: Jul-06<br>Value: 1.9 kPa<br>Anomaly: +0.4 kPa<br>Weather station: NA","DATE: Jul-06<br><b>Vapour pressure deficit</b><br>10-90 percentile<br>0.7 to 2.3 kPa","Historical daily maximum<br>3.2 kPa<br>2022-07-06","DATE: Jul-06</b><br>Normal: 1.5 kPa<br>Period: 1991-2020","2202810","NORMAN+WELLS+CLIMATE",2004,2026
"07-07","TMAX",2001-07-07,23.775,15.9,32.9,4.85461979287084,17.5,20.075,26.8,29.05,26.6,NA,"2202801",50717,"NORMAN WELLS A",7,2023-07-07,"DATE: Jul-07<br>Value: 26.6 °C<br>Anomaly: +2.8 °C<br>Weather station: NA","DATE: Jul-07<br><b>Maximum temperature</b><br>10-90 percentile<br>17.5 to 29.0 °C","Historical daily maximum<br>32.9 °C<br>2023-07-07","DATE: Jul-07</b><br>Normal: 23.8 °C<br>Period: 1991-2020","2202810","NORMAN+WELLS+CLIMATE",2004,2026
"07-07","TMIN",2001-07-07,8.9125,2.4,19.8,3.83577458496542,4.8,7.15,10.375,10.7,11.3,NA,"2202801",50717,"NORMAN WELLS A",7,2016-07-07,"DATE: Jul-07<br>Value: 11.3 °C<br>Anomaly: +2.4 °C<br>Weather station: NA","DATE: Jul-07<br><b>Minimum temperature</b><br>10-90 percentile<br>4.8 to 10.7 °C","Historical daily maximum<br>19.8 °C<br>2016-07-07","DATE: Jul-07</b><br>Normal: 8.9 °C<br>Period: 1991-2020","2202810","NORMAN+WELLS+CLIMATE",2004,2026
"07-07","VPD",2001-07-07,1.87185956689205,0.658644651054641,3.72378557454201,0.841709275359005,0.938267787154166,1.23965703881075,2.3275924416097,2.84184295711024,2.14340073205615,NA,"2202801",50717,"NORMAN WELLS A",7,2017-07-07,"DATE: Jul-07<br>Value: 2.1 kPa<br>Anomaly: +0.3 kPa<br>Weather station: NA","DATE: Jul-07<br><b>Vapour pressure deficit</b><br>10-90 percentile<br>0.9 to 2.8 kPa","Historical daily maximum<br>3.7 kPa<br>2017-07-07","DATE: Jul-07</b><br>Normal: 1.9 kPa<br>Period: 1991-2020","2202810","NORMAN+WELLS+CLIMATE",2004,2026
"07-08","TMAX",2001-07-08,23.025,13.8,34.3,5.64204454667514,16.7,19.875,26.95,29.65,25.5,NA,"2202801",50717,"NORMAN WELLS A",7,2023-07-08,"DATE: Jul-08<br>Value: 25.5 °C<br>Anomaly: +2.5 °C<br>Weather station: NA","DATE: Jul-08<br><b>Maximum temperature</b><br>10-90 percentile<br>16.7 to 29.6 °C","Historical daily maximum<br>34.3 °C<br>2023-07-08","DATE: Jul-08</b><br>Normal: 23.0 °C<br>Period: 1991-2020","2202810","NORMAN+WELLS+CLIMATE",2004,2026
"07-08","TMIN",2001-07-08,10.68125,6.2,18.3,3.49651612322895,6.6,7.875,13.4,14.05,18,NA,"2202801",50717,"NORMAN WELLS A",7,2023-07-08,"DATE: Jul-08<br>Value: 18.0 °C<br>Anomaly: +7.3 °C<br>Weather station: NA","DATE: Jul-08<br><b>Minimum temperature</b><br>10-90 percentile<br>6.6 to 14.0 °C","Historical daily maximum<br>18.3 °C<br>2023-07-08","DATE: Jul-08</b><br>Normal: 10.7 °C<br>Period: 1991-2020","2202810","NORMAN+WELLS+CLIMATE",2004,2026
"07-08","VPD",2001-07-08,1.63719571643975,0.39055407274319,3.78928639894971,0.91782046897895,0.8634508335192,0.972282557657789,1.95082433729385,2.92017080611947,1.199367416664,NA,"2202801",50717,"NORMAN WELLS A",7,2023-07-08,"DATE: Jul-08<br>Value: 1.2 kPa<br>Anomaly: -0.4 kPa<br>Weather station: NA","DATE: Jul-08<br><b>Vapour pressure deficit</b><br>10-90 percentile<br>0.9 to 2.9 kPa","Historical daily maximum<br>3.8 kPa<br>2023-07-08","DATE: Jul-08</b><br>Normal: 1.6 kPa<br>Period: 1991-2020","2202810","NORMAN+WELLS+CLIMATE",2004,2026
"07-09","TMAX",2001-07-09,23.325,16.3,31.7,4.13835716196657,18.55,20.075,26.325,27.35,25.8,NA,"2202801",50717,"NORMAN WELLS A",7,2017-07-09,"DATE: Jul-09<br>Value: 25.8 °C<br>Anomaly: +2.5 °C<br>Weather station: NA","DATE: Jul-09<br><b>Maximum temperature</b><br>10-90 percentile<br>18.6 to 27.4 °C","Historical daily maximum<br>31.7 °C<br>2017-07-09","DATE: Jul-09</b><br>Normal: 23.3 °C<br>Period: 1991-2020","2202810","NORMAN+WELLS+CLIMATE",2004,2026
"07-09","TMIN",2001-07-09,8.95625,0.3,20.4,5.55289338993646,2.05,5.875,12.5,15.35,14.2,NA,"2202801",50717,"NORMAN WELLS A",7,2017-07-09,"DATE: Jul-09<br>Value: 14.2 °C<br>Anomaly: +5.2 °C<br>Weather station: NA","DATE: Jul-09<br><b>Minimum temperature</b><br>10-90 percentile<br>2.0 to 15.4 °C","Historical daily maximum<br>20.4 °C<br>2017-07-09","DATE: Jul-09</b><br>Normal: 9.0 °C<br>Period: 1991-2020","2202810","NORMAN+WELLS+CLIMATE",2004,2026
"07-09","VPD",2001-07-09,1.72528163868606,0.809531213931436,2.60441381622854,0.57480323135543,1.00850979891718,1.29227746322786,2.27796510080771,2.40741414152888,1.70243115792296,NA,"2202801",50717,"NORMAN WELLS A",7,2018-07-09,"DATE: Jul-09<br>Value: 1.7 kPa<br>Anomaly: 0.0 kPa<br>Weather station: NA","DATE: Jul-09<br><b>Vapour pressure deficit</b><br>10-90 percentile<br>1.0 to 2.4 kPa","Historical daily maximum<br>2.6 kPa<br>2018-07-09","DATE: Jul-09</b><br>Normal: 1.7 kPa<br>Period: 1991-2020","2202810","NORMAN+WELLS+CLIMATE",2004,2026
"07-10","TMAX",2001-07-10,23.0875,13.7,31.6,5.9052377880432,15.4,18.4,27.725,29.95,24.2,NA,"2202801",50717,"NORMAN WELLS A",7,2010-07-10,"DATE: Jul-10<br>Value: 24.2 °C<br>Anomaly: +1.1 °C<br>Weather station: NA","DATE: Jul-10<br><b>Maximum temperature</b><br>10-90 percentile<br>15.4 to 30.0 °C","Historical daily maximum<br>31.6 °C<br>2010-07-10","DATE: Jul-10</b><br>Normal: 23.1 °C<br>Period: 1991-2020","2202810","NORMAN+WELLS+CLIMATE",2004,2026
"07-10","TMIN",2001-07-10,10.31875,5.7,15.3,2.77085275682415,7.15,8.25,12.675,13.6,7.2,NA,"2202801",50717,"NORMAN WELLS A",7,2023-07-10,"DATE: Jul-10<br>Value: 7.2 °C<br>Anomaly: -3.1 °C<br>Weather station: NA","DATE: Jul-10<br><b>Minimum temperature</b><br>10-90 percentile<br>7.2 to 13.6 °C","Historical daily maximum<br>15.3 °C<br>2023-07-10","DATE: Jul-10</b><br>Normal: 10.3 °C<br>Period: 1991-2020","2202810","NORMAN+WELLS+CLIMATE",2004,2026
"07-10","VPD",2001-07-10,1.69837094665076,0.411908014170094,3.44485582824418,0.90127443652158,0.636414589338443,1.0132252999486,2.31294125040192,2.7773752545548,2.00422512597806,NA,"2202801",50717,"NORMAN WELLS A",7,2010-07-10,"DATE: Jul-10<br>Value: 2.0 kPa<br>Anomaly: +0.3 kPa<br>Weather station: NA","DATE: Jul-10<br><b>Vapour pressure deficit</b><br>10-90 percentile<br>0.6 to 2.8 kPa","Historical daily maximum<br>3.4 kPa<br>2010-07-10","DATE: Jul-10</b><br>Normal: 1.7 kPa<br>Period: 1991-2020","2202810","NORMAN+WELLS+CLIMATE",2004,2026
"07-11","TMAX",2001-07-11,22.15625,11.6,29.2,4.94354376940267,16.35,18.875,25.6,27.85,27.3,NA,"2202810",43004,"NORMAN WELLS CLIMATE",7,2010-07-11,"DATE: Jul-11<br>Value: 27.3 °C<br>Anomaly: +5.1 °C<br>Weather station: NA","DATE: Jul-11<br><b>Maximum temperature</b><br>10-90 percentile<br>16.4 to 27.8 °C","Historical daily maximum<br>29.2 °C<br>2010-07-11","DATE: Jul-11</b><br>Normal: 22.2 °C<br>Period: 1991-2020","2202810","NORMAN+WELLS+CLIMATE",2004,2026
"07-11","TMIN",2001-07-11,8.5125,2.2,13.2,3.60497341645307,2.35,7.2,11.1,12.75,8,NA,"2202810",43004,"NORMAN WELLS CLIMATE",7,2023-07-11,"DATE: Jul-11<br>Value: 8.0 °C<br>Anomaly: -0.5 °C<br>Weather station: NA","DATE: Jul-11<br><b>Minimum temperature</b><br>10-90 percentile<br>2.3 to 12.8 °C","Historical daily maximum<br>13.2 °C<br>2023-07-11","DATE: Jul-11</b><br>Normal: 8.5 °C<br>Period: 1991-2020","2202810","NORMAN+WELLS+CLIMATE",2004,2026
"07-11","VPD",2001-07-11,1.62826165805043,0.370996035458065,2.70418015608556,0.724967640809229,0.714690476834959,1.25734977119148,2.26389526354238,2.60703793779679,2.55580502011274,NA,"2202810",43004,"NORMAN WELLS CLIMATE",7,2010-07-11,"DATE: Jul-11<br>Value: 2.6 kPa<br>Anomaly: +0.9 kPa<br>Weather station: NA","DATE: Jul-11<br><b>Vapour pressure deficit</b><br>10-90 percentile<br>0.7 to 2.6 kPa","Historical daily maximum<br>2.7 kPa<br>2010-07-11","DATE: Jul-11</b><br>Normal: 1.6 kPa<br>Period: 1991-2020","2202810","NORMAN+WELLS+CLIMATE",2004,2026
"07-12","TMAX",2001-07-12,22.5875,11.5,31,5.71930939886976,16.55,19.225,27.5,29.9,28,NA,"2202801",50717,"NORMAN WELLS A",7,2014-07-12,"DATE: Jul-12<br>Value: 28.0 °C<br>Anomaly: +5.4 °C<br>Weather station: NA","DATE: Jul-12<br><b>Maximum temperature</b><br>10-90 percentile<br>16.6 to 29.9 °C","Historical daily maximum<br>31.0 °C<br>2014-07-12","DATE: Jul-12</b><br>Normal: 22.6 °C<br>Period: 1991-2020","2202810","NORMAN+WELLS+CLIMATE",2004,2026
"07-12","TMIN",2001-07-12,9.2125,1.5,16.9,3.63920778924938,5.95,7.05,10.975,13.35,9.8,NA,"2202801",50717,"NORMAN WELLS A",7,2014-07-12,"DATE: Jul-12<br>Value: 9.8 °C<br>Anomaly: +0.6 °C<br>Weather station: NA","DATE: Jul-12<br><b>Minimum temperature</b><br>10-90 percentile<br>5.9 to 13.4 °C","Historical daily maximum<br>16.9 °C<br>2014-07-12","DATE: Jul-12</b><br>Normal: 9.2 °C<br>Period: 1991-2020","2202810","NORMAN+WELLS+CLIMATE",2004,2026
"07-12","VPD",2001-07-12,1.68109015284005,0.466237911695705,3.05944325294713,0.825724151071341,0.757027028434564,1.00127383117135,2.40765484235523,2.73988841614169,2.56832833739671,NA,"2202801",50717,"NORMAN WELLS A",7,2005-07-12,"DATE: Jul-12<br>Value: 2.6 kPa<br>Anomaly: +0.9 kPa<br>Weather station: NA","DATE: Jul-12<br><b>Vapour pressure deficit</b><br>10-90 percentile<br>0.8 to 2.7 kPa","Historical daily maximum<br>3.1 kPa<br>2005-07-12","DATE: Jul-12</b><br>Normal: 1.7 kPa<br>Period: 1991-2020","2202810","NORMAN+WELLS+CLIMATE",2004,2026
"07-13","TMAX",2001-07-13,24.64375,18.3,32.4,3.72020944750875,20.05,22.9,27.05,28.85,29.6,NA,"2202801",50717,"NORMAN WELLS A",7,2014-07-13,"DATE: Jul-13<br>Value: 29.6 °C<br>Anomaly: +5.0 °C<br>Weather station: NA","DATE: Jul-13<br><b>Maximum temperature</b><br>10-90 percentile<br>20.0 to 28.8 °C","Historical daily maximum<br>32.4 °C<br>2014-07-13","DATE: Jul-13</b><br>Normal: 24.6 °C<br>Period: 1991-2020","2202810","NORMAN+WELLS+CLIMATE",2004,2026
"07-13","TMIN",2001-07-13,9.24375,0.3,18.1,5.1621660505386,2.75,4.55,13.525,14.55,12.1,NA,"2202801",50717,"NORMAN WELLS A",7,2014-07-13,"DATE: Jul-13<br>Value: 12.1 °C<br>Anomaly: +2.9 °C<br>Weather station: NA","DATE: Jul-13<br><b>Minimum temperature</b><br>10-90 percentile<br>2.8 to 14.6 °C","Historical daily maximum<br>18.1 °C<br>2014-07-13","DATE: Jul-13</b><br>Normal: 9.2 °C<br>Period: 1991-2020","2202810","NORMAN+WELLS+CLIMATE",2004,2026
"07-13","VPD",2001-07-13,1.93975524400131,1.08557233818868,2.88827399131457,0.557786783617939,1.18901214244082,1.5562135288041,2.24182375138506,2.71814859705376,2.73484251763622,NA,"2202801",50717,"NORMAN WELLS A",7,2021-07-13,"DATE: Jul-13<br>Value: 2.7 kPa<br>Anomaly: +0.8 kPa<br>Weather station: NA","DATE: Jul-13<br><b>Vapour pressure deficit</b><br>10-90 percentile<br>1.2 to 2.7 kPa","Historical daily maximum<br>2.9 kPa<br>2021-07-13","DATE: Jul-13</b><br>Normal: 1.9 kPa<br>Period: 1991-2020","2202810","NORMAN+WELLS+CLIMATE",2004,2026
"07-14","TMAX",2001-07-14,23.85625,16.9,30.7,3.56949459541077,19.35,22.25,26,27.35,26.4,NA,"2202801",50717,"NORMAN WELLS A",7,2024-07-14,"DATE: Jul-14<br>Value: 26.4 °C<br>Anomaly: +2.5 °C<br>Weather station: NA","DATE: Jul-14<br><b>Maximum temperature</b><br>10-90 percentile<br>19.4 to 27.4 °C","Historical daily maximum<br>30.7 °C<br>2024-07-14","DATE: Jul-14</b><br>Normal: 23.9 °C<br>Period: 1991-2020","2202810","NORMAN+WELLS+CLIMATE",2004,2026
"07-14","TMIN",2001-07-14,9.10625,2.2,16.9,4.31964022421621,4.15,6.2,12.55,14.6,12.4,NA,"2202801",50717,"NORMAN WELLS A",7,2014-07-14,"DATE: Jul-14<br>Value: 12.4 °C<br>Anomaly: +3.3 °C<br>Weather station: NA","DATE: Jul-14<br><b>Minimum temperature</b><br>10-90 percentile<br>4.2 to 14.6 °C","Historical daily maximum<br>16.9 °C<br>2014-07-14","DATE: Jul-14</b><br>Normal: 9.1 °C<br>Period: 1991-2020","2202810","NORMAN+WELLS+CLIMATE",2004,2026
"07-14","VPD",2001-07-14,1.81570474540072,0.48549465276924,3.24489269451998,0.678872590290316,0.895980056798501,1.63916060765488,2.11891051367887,2.4866003826313,2.0017574848316,NA,"2202801",50717,"NORMAN WELLS A",7,2016-07-14,"DATE: Jul-14<br>Value: 2.0 kPa<br>Anomaly: +0.2 kPa<br>Weather station: NA","DATE: Jul-14<br><b>Vapour pressure deficit</b><br>10-90 percentile<br>0.9 to 2.5 kPa","Historical daily maximum<br>3.2 kPa<br>2016-07-14","DATE: Jul-14</b><br>Normal: 1.8 kPa<br>Period: 1991-2020","2202810","NORMAN+WELLS+CLIMATE",2004,2026
"07-15","TMAX",2001-07-15,23.775,9.5,33,4.99299509312797,20.45,21.925,26.725,27.35,30,NA,"2202801",50717,"NORMAN WELLS A",7,2016-07-15,"DATE: Jul-15<br>Value: 30.0 °C<br>Anomaly: +6.2 °C<br>Weather station: NA","DATE: Jul-15<br><b>Maximum temperature</b><br>10-90 percentile<br>20.4 to 27.4 °C","Historical daily maximum<br>33.0 °C<br>2016-07-15","DATE: Jul-15</b><br>Normal: 23.8 °C<br>Period: 1991-2020","2202810","NORMAN+WELLS+CLIMATE",2004,2026
"07-15","TMIN",2001-07-15,9.54375,2.1,15.6,4.31554843946089,2.95,7.15,12.4,14.4,16.7,NA,"2202801",50717,"NORMAN WELLS A",7,2026-07-15,"DATE: Jul-15<br>Value: 16.7 °C<br>Anomaly: +7.2 °C<br>Weather station: NA","DATE: Jul-15<br><b>Minimum temperature</b><br>10-90 percentile<br>3.0 to 14.4 °C","Historical daily maximum<br>15.6 °C<br>2026-07-15","DATE: Jul-15</b><br>Normal: 9.5 °C<br>Period: 1991-2020","2202810","NORMAN+WELLS+CLIMATE",2004,2026
"07-15","VPD",2001-07-15,1.81404080019311,0.445637294920782,3.76888020257263,0.820881153006295,0.939467060416919,1.24973521365226,2.36854696048122,2.55207680614449,2.34186974988508,NA,"2202801",50717,"NORMAN WELLS A",7,2016-07-15,"DATE: Jul-15<br>Value: 2.3 kPa<br>Anomaly: +0.5 kPa<br>Weather station: NA","DATE: Jul-15<br><b>Vapour pressure deficit</b><br>10-90 percentile<br>0.9 to 2.6 kPa","Historical daily maximum<br>3.8 kPa<br>2016-07-15","DATE: Jul-15</b><br>Normal: 1.8 kPa<br>Period: 1991-2020","2202810","NORMAN+WELLS+CLIMATE",2004,2026
"07-16","TMAX",2001-07-16,22.96875,16.1,28.3,3.24955766220573,19.9,20.525,24.825,27.35,19.8,NA,"2202801",50717,"NORMAN WELLS A",7,2023-07-16,"DATE: Jul-16<br>Value: 19.8 °C<br>Anomaly: -3.2 °C<br>Weather station: NA","DATE: Jul-16<br><b>Maximum temperature</b><br>10-90 percentile<br>19.9 to 27.4 °C","Historical daily maximum<br>28.3 °C<br>2023-07-16","DATE: Jul-16</b><br>Normal: 23.0 °C<br>Period: 1991-2020","2202810","NORMAN+WELLS+CLIMATE",2004,2026
"07-16","TMIN",2001-07-16,9.08125,0.1,15,3.9781434111907,3.4,7.825,11.425,12.35,12.4,NA,"2202801",50717,"NORMAN WELLS A",7,2023-07-16,"DATE: Jul-16<br>Value: 12.4 °C<br>Anomaly: +3.3 °C<br>Weather station: NA","DATE: Jul-16<br><b>Minimum temperature</b><br>10-90 percentile<br>3.4 to 12.3 °C","Historical daily maximum<br>15.0 °C<br>2023-07-16","DATE: Jul-16</b><br>Normal: 9.1 °C<br>Period: 1991-2020","2202810","NORMAN+WELLS+CLIMATE",2004,2026
"07-16","VPD",2001-07-16,1.66142561119519,0.913428895341432,2.85769010662719,0.564496132247802,1.11237546691631,1.22771234385895,1.89524210576748,2.44165502584417,0.869499299793996,NA,"2202801",50717,"NORMAN WELLS A",7,2008-07-16,"DATE: Jul-16<br>Value: 0.9 kPa<br>Anomaly: -0.8 kPa<br>Weather station: NA","DATE: Jul-16<br><b>Vapour pressure deficit</b><br>10-90 percentile<br>1.1 to 2.4 kPa","Historical daily maximum<br>2.9 kPa<br>2008-07-16","DATE: Jul-16</b><br>Normal: 1.7 kPa<br>Period: 1991-2020","2202810","NORMAN+WELLS+CLIMATE",2004,2026
"07-17","TMAX",2001-07-17,23.5875,16.2,30.9,3.19016718475171,21.15,21.9,24.975,26.35,22.9,NA,"2202801",50717,"NORMAN WELLS A",7,2008-07-17,"DATE: Jul-17<br>Value: 22.9 °C<br>Anomaly: -0.7 °C<br>Weather station: NA","DATE: Jul-17<br><b>Maximum temperature</b><br>10-90 percentile<br>21.1 to 26.4 °C","Historical daily maximum<br>30.9 °C<br>2008-07-17","DATE: Jul-17</b><br>Normal: 23.6 °C<br>Period: 1991-2020","2202810","NORMAN+WELLS+CLIMATE",2004,2026
"07-17","TMIN",2001-07-17,9.91875,1.1,18.5,4.22267194242382,4.75,7.425,12.025,13.25,10.7,NA,"2202801",50717,"NORMAN WELLS A",7,2005-07-17,"DATE: Jul-17<br>Value: 10.7 °C<br>Anomaly: +0.8 °C<br>Weather station: NA","DATE: Jul-17<br><b>Minimum temperature</b><br>10-90 percentile<br>4.8 to 13.2 °C","Historical daily maximum<br>18.5 °C<br>2005-07-17","DATE: Jul-17</b><br>Normal: 9.9 °C<br>Period: 1991-2020","2202810","NORMAN+WELLS+CLIMATE",2004,2026
"07-17","VPD",2001-07-17,1.69391653984935,0.475649284846647,3.2716452294749,0.594863884435634,1.22839635111096,1.43141884292825,1.93311054267705,2.13608693184278,1.50572487804828,NA,"2202801",50717,"NORMAN WELLS A",7,2008-07-17,"DATE: Jul-17<br>Value: 1.5 kPa<br>Anomaly: -0.2 kPa<br>Weather station: NA","DATE: Jul-17<br><b>Vapour pressure deficit</b><br>10-90 percentile<br>1.2 to 2.1 kPa","Historical daily maximum<br>3.3 kPa<br>2008-07-17","DATE: Jul-17</b><br>Normal: 1.7 kPa<br>Period: 1991-2020","2202810","NORMAN+WELLS+CLIMATE",2004,2026
"07-18","TMAX",2001-07-18,22.9,17.7,30.6,3.31038769129337,19.05,20.4,25.35,26.1,26.3,NA,"2202801",50717,"NORMAN WELLS A",7,2007-07-18,"DATE: Jul-18<br>Value: 26.3 °C<br>Anomaly: +3.4 °C<br>Weather station: NA","DATE: Jul-18<br><b>Maximum temperature</b><br>10-90 percentile<br>19.0 to 26.1 °C","Historical daily maximum<br>30.6 °C<br>2007-07-18","DATE: Jul-18</b><br>Normal: 22.9 °C<br>Period: 1991-2020","2202810","NORMAN+WELLS+CLIMATE",2004,2026
"07-18","TMIN",2001-07-18,9.3375,1.9,14.5,3.85657447311298,3.45,7.4,12.075,13.15,7.9,NA,"2202801",50717,"NORMAN WELLS A",7,2019-07-18,"DATE: Jul-18<br>Value: 7.9 °C<br>Anomaly: -1.4 °C<br>Weather station: NA","DATE: Jul-18<br><b>Minimum temperature</b><br>10-90 percentile<br>3.4 to 13.2 °C","Historical daily maximum<br>14.5 °C<br>2019-07-18","DATE: Jul-18</b><br>Normal: 9.3 °C<br>Period: 1991-2020","2202810","NORMAN+WELLS+CLIMATE",2004,2026
"07-18","VPD",2001-07-18,1.63366172024342,0.872017474606144,3.0071181635325,0.636408664282952,0.940702411973879,1.15458137131429,1.95523146796605,2.51643081375091,2.35603033795075,NA,"2202801",50717,"NORMAN WELLS A",7,2007-07-18,"DATE: Jul-18<br>Value: 2.4 kPa<br>Anomaly: +0.7 kPa<br>Weather station: NA","DATE: Jul-18<br><b>Vapour pressure deficit</b><br>10-90 percentile<br>0.9 to 2.5 kPa","Historical daily maximum<br>3.0 kPa<br>2007-07-18","DATE: Jul-18</b><br>Normal: 1.6 kPa<br>Period: 1991-2020","2202810","NORMAN+WELLS+CLIMATE",2004,2026
"07-19","TMAX",2001-07-19,22.9625,16.4,28.9,4.32294267060452,16.7,18.825,26.025,27.8,26.2,NA,"2202801",50717,"NORMAN WELLS A",7,2007-07-19,"DATE: Jul-19<br>Value: 26.2 °C<br>Anomaly: +3.2 °C<br>Weather station: NA","DATE: Jul-19<br><b>Maximum temperature</b><br>10-90 percentile<br>16.7 to 27.8 °C","Historical daily maximum<br>28.9 °C<br>2007-07-19","DATE: Jul-19</b><br>Normal: 23.0 °C<br>Period: 1991-2020","2202810","NORMAN+WELLS+CLIMATE",2004,2026
"07-19","TMIN",2001-07-19,8.74375,4,12.4,2.70825128080834,5.2,7,10.7,12.35,13,NA,"2202801",50717,"NORMAN WELLS A",7,2021-07-19,"DATE: Jul-19<br>Value: 13.0 °C<br>Anomaly: +4.3 °C<br>Weather station: NA","DATE: Jul-19<br><b>Minimum temperature</b><br>10-90 percentile<br>5.2 to 12.4 °C","Historical daily maximum<br>12.4 °C<br>2021-07-19","DATE: Jul-19</b><br>Normal: 8.7 °C<br>Period: 1991-2020","2202810","NORMAN+WELLS+CLIMATE",2004,2026
"07-19","VPD",2001-07-19,1.7362531241755,0.461206359177149,2.65765538229403,0.74838976232239,0.817724590500522,1.08447210391261,2.35851962823436,2.63256382307623,1.90361570677927,NA,"2202801",50717,"NORMAN WELLS A",7,2024-07-19,"DATE: Jul-19<br>Value: 1.9 kPa<br>Anomaly: +0.2 kPa<br>Weather station: NA","DATE: Jul-19<br><b>Vapour pressure deficit</b><br>10-90 percentile<br>0.8 to 2.6 kPa","Historical daily maximum<br>2.7 kPa<br>2024-07-19","DATE: Jul-19</b><br>Normal: 1.7 kPa<br>Period: 1991-2020","2202810","NORMAN+WELLS+CLIMATE",2004,2026
"07-20","TMAX",2001-07-20,22.2,11,28.2,6.06606485764395,12.26,19.15,25.8,27.84,28.5,NA,"2202801",50717,"NORMAN WELLS A",7,2021-07-20,"DATE: Jul-20<br>Value: 28.5 °C<br>Anomaly: +6.3 °C<br>Weather station: NA","DATE: Jul-20<br><b>Maximum temperature</b><br>10-90 percentile<br>12.3 to 27.8 °C","Historical daily maximum<br>28.2 °C<br>2021-07-20","DATE: Jul-20</b><br>Normal: 22.2 °C<br>Period: 1991-2020","2202810","NORMAN+WELLS+CLIMATE",2004,2026
"07-20","TMIN",2001-07-20,9.34,3.7,14.9,3.09187876310089,5.18,7.65,11.3,12.5,8.8,NA,"2202801",50717,"NORMAN WELLS A",7,2010-07-20,"DATE: Jul-20<br>Value: 8.8 °C<br>Anomaly: -0.5 °C<br>Weather station: NA","DATE: Jul-20<br><b>Minimum temperature</b><br>10-90 percentile<br>5.2 to 12.5 °C","Historical daily maximum<br>14.9 °C<br>2010-07-20","DATE: Jul-20</b><br>Normal: 9.3 °C<br>Period: 1991-2020","2202810","NORMAN+WELLS+CLIMATE",2004,2026
"07-20","VPD",2001-07-20,1.61888409440386,0.23377096985412,2.6367514814752,0.772469708105178,0.525532028745801,1.09136104401647,2.2033466199324,2.42070490501602,2.75873875004209,NA,"2202801",50717,"NORMAN WELLS A",7,2026-07-20,"DATE: Jul-20<br>Value: 2.8 kPa<br>Anomaly: +1.1 kPa<br>Weather station: NA","DATE: Jul-20<br><b>Vapour pressure deficit</b><br>10-90 percentile<br>0.5 to 2.4 kPa","Historical daily maximum<br>2.6 kPa<br>2026-07-20","DATE: Jul-20</b><br>Normal: 1.6 kPa<br>Period: 1991-2020","2202810","NORMAN+WELLS+CLIMATE",2004,2026
"07-21","TMAX",2001-07-21,21.3933333333333,13.7,28.3,3.96565012985021,15.84,19.25,23.35,25.38,28.6,NA,"2202801",50717,"NORMAN WELLS A",7,2023-07-21,"DATE: Jul-21<br>Value: 28.6 °C<br>Anomaly: +7.2 °C<br>Weather station: NA","DATE: Jul-21<br><b>Maximum temperature</b><br>10-90 percentile<br>15.8 to 25.4 °C","Historical daily maximum<br>28.3 °C<br>2023-07-21","DATE: Jul-21</b><br>Normal: 21.4 °C<br>Period: 1991-2020","2202810","NORMAN+WELLS+CLIMATE",2004,2026
"07-21","TMIN",2001-07-21,9.04666666666667,-1,14.2,3.88069704097209,5.22,7.15,11.75,12.58,15.9,NA,"2202801",50717,"NORMAN WELLS A",7,2026-07-21,"DATE: Jul-21<br>Value: 15.9 °C<br>Anomaly: +6.9 °C<br>Weather station: NA","DATE: Jul-21<br><b>Minimum temperature</b><br>10-90 percentile<br>5.2 to 12.6 °C","Historical daily maximum<br>14.2 °C<br>2026-07-21","DATE: Jul-21</b><br>Normal: 9.0 °C<br>Period: 1991-2020","2202810","NORMAN+WELLS+CLIMATE",2004,2026
"07-21","VPD",2001-07-21,1.42554978815485,0.606424030961628,2.66700645501783,0.516959410423713,0.743636403491778,1.15093685354854,1.68440791176591,1.77448051092714,2.10730416964709,NA,"2202801",50717,"NORMAN WELLS A",7,2023-07-21,"DATE: Jul-21<br>Value: 2.1 kPa<br>Anomaly: +0.7 kPa<br>Weather station: NA","DATE: Jul-21<br><b>Vapour pressure deficit</b><br>10-90 percentile<br>0.7 to 1.8 kPa","Historical daily maximum<br>2.7 kPa<br>2023-07-21","DATE: Jul-21</b><br>Normal: 1.4 kPa<br>Period: 1991-2020","2202810","NORMAN+WELLS+CLIMATE",2004,2026
"07-22","TMAX",2001-07-22,21.9875,13,29.1,4.70444824961794,15.95,17.9,24.825,26.9,23.6,NA,"2202801",50717,"NORMAN WELLS A",7,2023-07-22,"DATE: Jul-22<br>Value: 23.6 °C<br>Anomaly: +1.6 °C<br>Weather station: NA","DATE: Jul-22<br><b>Maximum temperature</b><br>10-90 percentile<br>15.9 to 26.9 °C","Historical daily maximum<br>29.1 °C<br>2023-07-22","DATE: Jul-22</b><br>Normal: 22.0 °C<br>Period: 1991-2020","2202810","NORMAN+WELLS+CLIMATE",2004,2026
"07-22","TMIN",2001-07-22,7.875,2.4,14.8,3.20634787050106,4.55,5.45,9.65,11.5,14.7,NA,"2202801",50717,"NORMAN WELLS A",7,2023-07-22,"DATE: Jul-22<br>Value: 14.7 °C<br>Anomaly: +6.8 °C<br>Weather station: NA","DATE: Jul-22<br><b>Minimum temperature</b><br>10-90 percentile<br>4.6 to 11.5 °C","Historical daily maximum<br>14.8 °C<br>2023-07-22","DATE: Jul-22</b><br>Normal: 7.9 °C<br>Period: 1991-2020","2202810","NORMAN+WELLS+CLIMATE",2004,2026
"07-22","VPD",2001-07-22,1.64322439389263,0.475086127689548,2.83345098846538,0.676732623404467,0.773651091577409,1.15386423134555,2.08122142796152,2.40028657546072,1.2403365931582,NA,"2202801",50717,"NORMAN WELLS A",7,2024-07-22,"DATE: Jul-22<br>Value: 1.2 kPa<br>Anomaly: -0.4 kPa<br>Weather station: NA","DATE: Jul-22<br><b>Vapour pressure deficit</b><br>10-90 percentile<br>0.8 to 2.4 kPa","Historical daily maximum<br>2.8 kPa<br>2024-07-22","DATE: Jul-22</b><br>Normal: 1.6 kPa<br>Period: 1991-2020","2202810","NORMAN+WELLS+CLIMATE",2004,2026
"07-23","TMAX",2001-07-23,23.375,15.9,28.9,4.40522417136745,18.05,19.325,27.05,28.75,25.6,NA,"2202801",50717,"NORMAN WELLS A",7,2014-07-23,"DATE: Jul-23<br>Value: 25.6 °C<br>Anomaly: +2.2 °C<br>Weather station: NA","DATE: Jul-23<br><b>Maximum temperature</b><br>10-90 percentile<br>18.0 to 28.8 °C","Historical daily maximum<br>28.9 °C<br>2014-07-23","DATE: Jul-23</b><br>Normal: 23.4 °C<br>Period: 1991-2020","2202810","NORMAN+WELLS+CLIMATE",2004,2026
"07-23","TMIN",2001-07-23,8.09375,-1.1,15.3,5.10835508423863,0.9,5.25,11.5,14.4,15.3,NA,"2202801",50717,"NORMAN WELLS A",7,2012-07-23,"DATE: Jul-23<br>Value: 15.3 °C<br>Anomaly: +7.2 °C<br>Weather station: NA","DATE: Jul-23<br><b>Minimum temperature</b><br>10-90 percentile<br>0.9 to 14.4 °C","Historical daily maximum<br>15.3 °C<br>2012-07-23","DATE: Jul-23</b><br>Normal: 8.1 °C<br>Period: 1991-2020","2202810","NORMAN+WELLS+CLIMATE",2004,2026
"07-23","VPD",2001-07-23,1.82367764923621,0.502691376441784,2.84994638451815,0.648732256567826,1.23485981711235,1.49944979540685,2.37121318411767,2.75044479074434,1.54420727431565,NA,"2202801",50717,"NORMAN WELLS A",7,2018-07-23,"DATE: Jul-23<br>Value: 1.5 kPa<br>Anomaly: -0.3 kPa<br>Weather station: NA","DATE: Jul-23<br><b>Vapour pressure deficit</b><br>10-90 percentile<br>1.2 to 2.8 kPa","Historical daily maximum<br>2.8 kPa<br>2018-07-23","DATE: Jul-23</b><br>Normal: 1.8 kPa<br>Period: 1991-2020","2202810","NORMAN+WELLS+CLIMATE",2004,2026
"07-24","TMAX",2001-07-24,22.25625,12.7,30.7,5.38850242027721,16.8,18.25,25.575,29.95,16.7,NA,"2202801",50717,"NORMAN WELLS A",7,2018-07-24,"DATE: Jul-24<br>Value: 16.7 °C<br>Anomaly: -5.6 °C<br>Weather station: NA","DATE: Jul-24<br><b>Maximum temperature</b><br>10-90 percentile<br>16.8 to 30.0 °C","Historical daily maximum<br>30.7 °C<br>2018-07-24","DATE: Jul-24</b><br>Normal: 22.3 °C<br>Period: 1991-2020","2202810","NORMAN+WELLS+CLIMATE",2004,2026
"07-24","TMIN",2001-07-24,8.73125,3,15.3,4.04503296237085,3.15,5.075,11.925,13.65,3.5,NA,"2202801",50717,"NORMAN WELLS A",7,2011-07-24,"DATE: Jul-24<br>Value: 3.5 °C<br>Anomaly: -5.2 °C<br>Weather station: NA","DATE: Jul-24<br><b>Minimum temperature</b><br>10-90 percentile<br>3.2 to 13.6 °C","Historical daily maximum<br>15.3 °C<br>2011-07-24","DATE: Jul-24</b><br>Normal: 8.7 °C<br>Period: 1991-2020","2202810","NORMAN+WELLS+CLIMATE",2004,2026
"07-24","VPD",2001-07-24,1.64366260237917,0.429167895990786,3.31408192133738,0.907446998160125,0.590940546471421,1.06662369912866,2.18125329528685,2.91291779119981,1.11611421620899,NA,"2202801",50717,"NORMAN WELLS A",7,2018-07-24,"DATE: Jul-24<br>Value: 1.1 kPa<br>Anomaly: -0.5 kPa<br>Weather station: NA","DATE: Jul-24<br><b>Vapour pressure deficit</b><br>10-90 percentile<br>0.6 to 2.9 kPa","Historical daily maximum<br>3.3 kPa<br>2018-07-24","DATE: Jul-24</b><br>Normal: 1.6 kPa<br>Period: 1991-2020","2202810","NORMAN+WELLS+CLIMATE",2004,2026
"07-25","TMAX",2001-07-25,22.80625,14.4,32.2,4.05009773544623,18.6,20.55,25.1,25.95,8.2,NA,"2202801",50717,"NORMAN WELLS A",7,2018-07-25,"DATE: Jul-25<br>Value: 8.2 °C<br>Anomaly: -14.6 °C<br>Weather station: NA","DATE: Jul-25<br><b>Maximum temperature</b><br>10-90 percentile<br>18.6 to 26.0 °C","Historical daily maximum<br>32.2 °C<br>2018-07-25","DATE: Jul-25</b><br>Normal: 22.8 °C<br>Period: 1991-2020","2202810","NORMAN+WELLS+CLIMATE",2004,2026
"07-25","TMIN",2001-07-25,7.7125,-1.7,13.9,3.61310116105265,4.45,6.4,9.125,11.35,1.1,NA,"2202801",50717,"NORMAN WELLS A",7,2010-07-25,"DATE: Jul-25<br>Value: 1.1 °C<br>Anomaly: -6.6 °C<br>Weather station: NA","DATE: Jul-25<br><b>Minimum temperature</b><br>10-90 percentile<br>4.4 to 11.4 °C","Historical daily maximum<br>13.9 °C<br>2010-07-25","DATE: Jul-25</b><br>Normal: 7.7 °C<br>Period: 1991-2020","2202810","NORMAN+WELLS+CLIMATE",2004,2026
"07-25","VPD",2001-07-25,1.76865495650252,0.484737084211643,3.64511280176393,0.704777709229516,1.09946086715103,1.39278890611294,2.12489395987896,2.27464649668411,0.426005843654845,NA,"2202801",50717,"NORMAN WELLS A",7,2018-07-25,"DATE: Jul-25<br>Value: 0.4 kPa<br>Anomaly: -1.3 kPa<br>Weather station: NA","DATE: Jul-25<br><b>Vapour pressure deficit</b><br>10-90 percentile<br>1.1 to 2.3 kPa","Historical daily maximum<br>3.6 kPa<br>2018-07-25","DATE: Jul-25</b><br>Normal: 1.8 kPa<br>Period: 1991-2020","2202810","NORMAN+WELLS+CLIMATE",2004,2026
"07-26","TMAX",2001-07-26,22.95625,16.9,31.3,3.9190081653398,17.9,20.025,25.325,26.4,20.1,NA,"2202801",50717,"NORMAN WELLS A",7,2024-07-26,"DATE: Jul-26<br>Value: 20.1 °C<br>Anomaly: -2.9 °C<br>Weather station: NA","DATE: Jul-26<br><b>Maximum temperature</b><br>10-90 percentile<br>17.9 to 26.4 °C","Historical daily maximum<br>31.3 °C<br>2024-07-26","DATE: Jul-26</b><br>Normal: 23.0 °C<br>Period: 1991-2020","2202810","NORMAN+WELLS+CLIMATE",2004,2026
"07-26","TMIN",2001-07-26,9.4125,4.9,15.1,2.77581819769715,6.2,7.275,11.475,11.95,2.1,NA,"2202801",50717,"NORMAN WELLS A",7,2023-07-26,"DATE: Jul-26<br>Value: 2.1 °C<br>Anomaly: -7.3 °C<br>Weather station: NA","DATE: Jul-26<br><b>Minimum temperature</b><br>10-90 percentile<br>6.2 to 11.9 °C","Historical daily maximum<br>15.1 °C<br>2023-07-26","DATE: Jul-26</b><br>Normal: 9.4 °C<br>Period: 1991-2020","2202810","NORMAN+WELLS+CLIMATE",2004,2026
"07-26","VPD",2001-07-26,1.66960436139148,0.586361443066179,3.19483596177308,0.681764705255334,0.941207812013719,1.22094092123452,2.00768139867315,2.41485716644801,1.64208773654748,NA,"2202801",50717,"NORMAN WELLS A",7,2018-07-26,"DATE: Jul-26<br>Value: 1.6 kPa<br>Anomaly: 0.0 kPa<br>Weather station: NA","DATE: Jul-26<br><b>Vapour pressure deficit</b><br>10-90 percentile<br>0.9 to 2.4 kPa","Historical daily maximum<br>3.2 kPa<br>2018-07-26","DATE: Jul-26</b><br>Normal: 1.7 kPa<br>Period: 1991-2020","2202810","NORMAN+WELLS+CLIMATE",2004,2026
"07-27","TMAX",2001-07-27,23.00625,14,30.7,4.08402885233034,18.1,21.15,25.1,26.9,21,NA,"2202801",50717,"NORMAN WELLS A",7,2009-07-27,"DATE: Jul-27<br>Value: 21.0 °C<br>Anomaly: -2.0 °C<br>Weather station: NA","DATE: Jul-27<br><b>Maximum temperature</b><br>10-90 percentile<br>18.1 to 26.9 °C","Historical daily maximum<br>30.7 °C<br>2009-07-27","DATE: Jul-27</b><br>Normal: 23.0 °C<br>Period: 1991-2020","2202810","NORMAN+WELLS+CLIMATE",2004,2026
"07-27","TMIN",2001-07-27,9.40625,1.1,16.3,4.3162435442562,4.05,7.075,12.275,14.75,7.6,NA,"2202801",50717,"NORMAN WELLS A",7,2018-07-27,"DATE: Jul-27<br>Value: 7.6 °C<br>Anomaly: -1.8 °C<br>Weather station: NA","DATE: Jul-27<br><b>Minimum temperature</b><br>10-90 percentile<br>4.1 to 14.8 °C","Historical daily maximum<br>16.3 °C<br>2018-07-27","DATE: Jul-27</b><br>Normal: 9.4 °C<br>Period: 1991-2020","2202810","NORMAN+WELLS+CLIMATE",2004,2026
"07-27","VPD",2001-07-27,1.65865299479589,0.387002832826742,2.79695766290082,0.618909485862964,0.89671080271809,1.4965124832921,1.94971138993376,2.32155441673293,1.44311396199776,NA,"2202801",50717,"NORMAN WELLS A",7,2009-07-27,"DATE: Jul-27<br>Value: 1.4 kPa<br>Anomaly: -0.2 kPa<br>Weather station: NA","DATE: Jul-27<br><b>Vapour pressure deficit</b><br>10-90 percentile<br>0.9 to 2.3 kPa","Historical daily maximum<br>2.8 kPa<br>2009-07-27","DATE: Jul-27</b><br>Normal: 1.7 kPa<br>Period: 1991-2020","2202810","NORMAN+WELLS+CLIMATE",2004,2026
"07-28","TMAX",2001-07-28,23.0875,15.3,30.5,4.36942025139873,18.95,19.65,26.85,28.45,11.3,NA,"2202801",50717,"NORMAN WELLS A",7,2009-07-28,"DATE: Jul-28<br>Value: 11.3 °C<br>Anomaly: -11.8 °C<br>Weather station: NA","DATE: Jul-28<br><b>Maximum temperature</b><br>10-90 percentile<br>18.9 to 28.4 °C","Historical daily maximum<br>30.5 °C<br>2009-07-28","DATE: Jul-28</b><br>Normal: 23.1 °C<br>Period: 1991-2020","2202810","NORMAN+WELLS+CLIMATE",2004,2026
"07-28","TMIN",2001-07-28,9.9625,1.8,14.8,3.06634962129239,7.4,8.65,12.425,12.95,7.5,NA,"2202801",50717,"NORMAN WELLS A",7,2010-07-28,"DATE: Jul-28<br>Value: 7.5 °C<br>Anomaly: -2.5 °C<br>Weather station: NA","DATE: Jul-28<br><b>Minimum temperature</b><br>10-90 percentile<br>7.4 to 12.9 °C","Historical daily maximum<br>14.8 °C<br>2010-07-28","DATE: Jul-28</b><br>Normal: 10.0 °C<br>Period: 1991-2020","2202810","NORMAN+WELLS+CLIMATE",2004,2026
"07-28","VPD",2001-07-28,1.66046359890943,0.510601276121899,2.86850841774449,0.757405570153408,0.838155552108954,1.05623055169395,2.24246350427393,2.66633648498568,0.302342231753774,NA,"2202801",50717,"NORMAN WELLS A",7,2009-07-28,"DATE: Jul-28<br>Value: 0.3 kPa<br>Anomaly: -1.4 kPa<br>Weather station: NA","DATE: Jul-28<br><b>Vapour pressure deficit</b><br>10-90 percentile<br>0.8 to 2.7 kPa","Historical daily maximum<br>2.9 kPa<br>2009-07-28","DATE: Jul-28</b><br>Normal: 1.7 kPa<br>Period: 1991-2020","2202810","NORMAN+WELLS+CLIMATE",2004,2026
"07-29","TMAX",2001-07-29,22.88125,12.5,29.8,5.18616348244699,15.05,20.475,26.375,28.5,18.8,NA,"2202801",50717,"NORMAN WELLS A",7,2025-07-29,"DATE: Jul-29<br>Value: 18.8 °C<br>Anomaly: -4.1 °C<br>Weather station: NA","DATE: Jul-29<br><b>Maximum temperature</b><br>10-90 percentile<br>15.0 to 28.5 °C","Historical daily maximum<br>29.8 °C<br>2025-07-29","DATE: Jul-29</b><br>Normal: 22.9 °C<br>Period: 1991-2020","2202810","NORMAN+WELLS+CLIMATE",2004,2026
"07-29","TMIN",2001-07-29,9.3,4.8,14.4,2.5822470834527,5.75,7.875,10.975,11.7,7.3,NA,"2202801",50717,"NORMAN WELLS A",7,2016-07-29,"DATE: Jul-29<br>Value: 7.3 °C<br>Anomaly: -2.0 °C<br>Weather station: NA","DATE: Jul-29<br><b>Minimum temperature</b><br>10-90 percentile<br>5.8 to 11.7 °C","Historical daily maximum<br>14.4 °C<br>2016-07-29","DATE: Jul-29</b><br>Normal: 9.3 °C<br>Period: 1991-2020","2202810","NORMAN+WELLS+CLIMATE",2004,2026
"07-29","VPD",2001-07-29,1.71120336609504,0.377126177355106,3.0847797200283,0.786065623780692,0.703243379853318,1.18516385159136,2.23293976129786,2.57409689209704,1.1474400664462,NA,"2202801",50717,"NORMAN WELLS A",7,2012-07-29,"DATE: Jul-29<br>Value: 1.1 kPa<br>Anomaly: -0.6 kPa<br>Weather station: NA","DATE: Jul-29<br><b>Vapour pressure deficit</b><br>10-90 percentile<br>0.7 to 2.6 kPa","Historical daily maximum<br>3.1 kPa<br>2012-07-29","DATE: Jul-29</b><br>Normal: 1.7 kPa<br>Period: 1991-2020","2202810","NORMAN+WELLS+CLIMATE",2004,2026
"07-30","TMAX",2001-07-30,22.4733333333333,10.3,28.9,5.44943859056884,14.2,20.45,25.65,26.86,15.6,NA,"2202801",50717,"NORMAN WELLS A",7,2021-07-30,"DATE: Jul-30<br>Value: 15.6 °C<br>Anomaly: -6.9 °C<br>Weather station: NA","DATE: Jul-30<br><b>Maximum temperature</b><br>10-90 percentile<br>14.2 to 26.9 °C","Historical daily maximum<br>28.9 °C<br>2021-07-30","DATE: Jul-30</b><br>Normal: 22.5 °C<br>Period: 1991-2020","2202810","NORMAN+WELLS+CLIMATE",2004,2026
"07-30","TMIN",2001-07-30,8.9875,2.4,14.2,3.87554297271148,4.3,6.175,12.825,13.7,10.3,NA,"2202801",50717,"NORMAN WELLS A",7,2012-07-30,"DATE: Jul-30<br>Value: 10.3 °C<br>Anomaly: +1.3 °C<br>Weather station: NA","DATE: Jul-30<br><b>Minimum temperature</b><br>10-90 percentile<br>4.3 to 13.7 °C","Historical daily maximum<br>14.2 °C<br>2012-07-30","DATE: Jul-30</b><br>Normal: 9.0 °C<br>Period: 1991-2020","2202810","NORMAN+WELLS+CLIMATE",2004,2026
"07-30","VPD",2001-07-30,1.6827856905196,0.180428012980881,2.52001874913042,0.741282794489524,0.529220655846966,1.34086135569296,2.20600593482598,2.33125827136059,0.519479708179049,NA,"2202801",50717,"NORMAN WELLS A",7,2021-07-30,"DATE: Jul-30<br>Value: 0.5 kPa<br>Anomaly: -1.2 kPa<br>Weather station: NA","DATE: Jul-30<br><b>Vapour pressure deficit</b><br>10-90 percentile<br>0.5 to 2.3 kPa","Historical daily maximum<br>2.5 kPa<br>2021-07-30","DATE: Jul-30</b><br>Normal: 1.7 kPa<br>Period: 1991-2020","2202810","NORMAN+WELLS+CLIMATE",2004,2026
"07-31","TMAX",2001-07-31,24.0375,16.4,30.7,3.75674948148884,19.85,21.45,26.125,28.45,19.7,NA,"2202801",50717,"NORMAN WELLS A",7,2021-07-31,"DATE: Jul-31<br>Value: 19.7 °C<br>Anomaly: -4.3 °C<br>Weather station: NA","DATE: Jul-31<br><b>Maximum temperature</b><br>10-90 percentile<br>19.8 to 28.4 °C","Historical daily maximum<br>30.7 °C<br>2021-07-31","DATE: Jul-31</b><br>Normal: 24.0 °C<br>Period: 1991-2020","2202810","NORMAN+WELLS+CLIMATE",2004,2026
"07-31","TMIN",2001-07-31,7.4625,-0.5,14.1,4.21139327697299,2.4,4.475,10.9,11.45,8,NA,"2202801",50717,"NORMAN WELLS A",7,2006-07-31,"DATE: Jul-31<br>Value: 8.0 °C<br>Anomaly: +0.5 °C<br>Weather station: NA","DATE: Jul-31<br><b>Minimum temperature</b><br>10-90 percentile<br>2.4 to 11.4 °C","Historical daily maximum<br>14.1 °C<br>2006-07-31","DATE: Jul-31</b><br>Normal: 7.5 °C<br>Period: 1991-2020","2202810","NORMAN+WELLS+CLIMATE",2004,2026
"07-31","VPD",2001-07-31,1.98384353756688,1.17621920086476,3.29902542455484,0.595026074483342,1.30639752850709,1.64917384180991,2.13615034063661,2.79046463106474,1.22243954518465,NA,"2202801",50717,"NORMAN WELLS A",7,2021-07-31,"DATE: Jul-31<br>Value: 1.2 kPa<br>Anomaly: -0.8 kPa<br>Weather station: NA","DATE: Jul-31<br><b>Vapour pressure deficit</b><br>10-90 percentile<br>1.3 to 2.8 kPa","Historical daily maximum<br>3.3 kPa<br>2021-07-31","DATE: Jul-31</b><br>Normal: 2.0 kPa<br>Period: 1991-2020","2202810","NORMAN+WELLS+CLIMATE",2004,2026
"08-01","TMAX",2001-08-01,24.525,21,32.8,3.06648550189518,22.15,22.7,25.025,28.3,20.1,NA,"2202801",50717,"NORMAN WELLS A",8,2021-08-01,"DATE: Aug-01<br>Value: 20.1 °C<br>Anomaly: -4.4 °C<br>Weather station: NA","DATE: Aug-01<br><b>Maximum temperature</b><br>10-90 percentile<br>22.1 to 28.3 °C","Historical daily maximum<br>32.8 °C<br>2021-08-01","DATE: Aug-01</b><br>Normal: 24.5 °C<br>Period: 1991-2020","2202810","NORMAN+WELLS+CLIMATE",2004,2026
"08-01","TMIN",2001-08-01,9.1375,3.4,17.5,3.85449953517531,4.1,7.2,10.275,13.95,5.3,NA,"2202801",50717,"NORMAN WELLS A",8,2020-08-01,"DATE: Aug-01<br>Value: 5.3 °C<br>Anomaly: -3.8 °C<br>Weather station: NA","DATE: Aug-01<br><b>Minimum temperature</b><br>10-90 percentile<br>4.1 to 13.9 °C","Historical daily maximum<br>17.5 °C<br>2020-08-01","DATE: Aug-01</b><br>Normal: 9.1 °C<br>Period: 1991-2020","2202810","NORMAN+WELLS+CLIMATE",2004,2026
"08-01","VPD",2001-08-01,1.93239018182353,1.04841472427698,3.07222484065823,0.520502941482721,1.45555145539724,1.63750029657999,2.10124498293815,2.58976796527552,1.46204726030675,NA,"2202801",50717,"NORMAN WELLS A",8,2021-08-01,"DATE: Aug-01<br>Value: 1.5 kPa<br>Anomaly: -0.5 kPa<br>Weather station: NA","DATE: Aug-01<br><b>Vapour pressure deficit</b><br>10-90 percentile<br>1.5 to 2.6 kPa","Historical daily maximum<br>3.1 kPa<br>2021-08-01","DATE: Aug-01</b><br>Normal: 1.9 kPa<br>Period: 1991-2020","2202810","NORMAN+WELLS+CLIMATE",2004,2026
"08-02","TMAX",2001-08-02,23.79375,17.4,28.7,3.37727084097994,19.75,21.725,26.875,27.9,23.8,NA,"2202801",50717,"NORMAN WELLS A",8,2021-08-02,"DATE: Aug-02<br>Value: 23.8 °C<br>Anomaly: +0.0 °C<br>Weather station: NA","DATE: Aug-02<br><b>Maximum temperature</b><br>10-90 percentile<br>19.8 to 27.9 °C","Historical daily maximum<br>28.7 °C<br>2021-08-02","DATE: Aug-02</b><br>Normal: 23.8 °C<br>Period: 1991-2020","2202810","NORMAN+WELLS+CLIMATE",2004,2026
"08-02","TMIN",2001-08-02,10.2375,3.8,17.3,3.98879681106972,5.2,7.85,12.775,15.9,1.9,NA,"2202801",50717,"NORMAN WELLS A",8,2012-08-02,"DATE: Aug-02<br>Value: 1.9 °C<br>Anomaly: -8.3 °C<br>Weather station: NA","DATE: Aug-02<br><b>Minimum temperature</b><br>10-90 percentile<br>5.2 to 15.9 °C","Historical daily maximum<br>17.3 °C<br>2012-08-02","DATE: Aug-02</b><br>Normal: 10.2 °C<br>Period: 1991-2020","2202810","NORMAN+WELLS+CLIMATE",2004,2026
"08-02","VPD",2001-08-02,1.71161757143191,0.48962628614516,2.77755669963349,0.666523386832334,1.03063877640641,1.19503604660164,2.23193493504772,2.56979324239818,2.24767690929071,NA,"2202801",50717,"NORMAN WELLS A",8,2021-08-02,"DATE: Aug-02<br>Value: 2.2 kPa<br>Anomaly: +0.5 kPa<br>Weather station: NA","DATE: Aug-02<br><b>Vapour pressure deficit</b><br>10-90 percentile<br>1.0 to 2.6 kPa","Historical daily maximum<br>2.8 kPa<br>2021-08-02","DATE: Aug-02</b><br>Normal: 1.7 kPa<br>Period: 1991-2020","2202810","NORMAN+WELLS+CLIMATE",2004,2026
"08-03","TMAX",2001-08-03,23.18125,14.4,29,4.50203194865015,17.25,20.075,26.925,28.4,24.4,NA,"2202801",50717,"NORMAN WELLS A",8,2013-08-03,"DATE: Aug-03<br>Value: 24.4 °C<br>Anomaly: +1.2 °C<br>Weather station: NA","DATE: Aug-03<br><b>Maximum temperature</b><br>10-90 percentile<br>17.2 to 28.4 °C","Historical daily maximum<br>29.0 °C<br>2013-08-03","DATE: Aug-03</b><br>Normal: 23.2 °C<br>Period: 1991-2020","2202810","NORMAN+WELLS+CLIMATE",2004,2026
"08-03","TMIN",2001-08-03,9.58125,4.3,14.5,2.17446353537296,7.65,8.825,10.45,11.5,11.6,NA,"2202801",50717,"NORMAN WELLS A",8,2013-08-03,"DATE: Aug-03<br>Value: 11.6 °C<br>Anomaly: +2.0 °C<br>Weather station: NA","DATE: Aug-03<br><b>Minimum temperature</b><br>10-90 percentile<br>7.6 to 11.5 °C","Historical daily maximum<br>14.5 °C<br>2013-08-03","DATE: Aug-03</b><br>Normal: 9.6 °C<br>Period: 1991-2020","2202810","NORMAN+WELLS+CLIMATE",2004,2026
"08-03","VPD",2001-08-03,1.71996440487659,0.362360532679002,2.76282896383577,0.722363839411007,0.81275529533249,1.19506253238878,2.36429479265709,2.46056991843026,1.69031680744561,NA,"2202801",50717,"NORMAN WELLS A",8,2020-08-03,"DATE: Aug-03<br>Value: 1.7 kPa<br>Anomaly: 0.0 kPa<br>Weather station: NA","DATE: Aug-03<br><b>Vapour pressure deficit</b><br>10-90 percentile<br>0.8 to 2.5 kPa","Historical daily maximum<br>2.8 kPa<br>2020-08-03","DATE: Aug-03</b><br>Normal: 1.7 kPa<br>Period: 1991-2020","2202810","NORMAN+WELLS+CLIMATE",2004,2026
"08-04","TMAX",2001-08-04,23.28125,15.4,31.5,4.81666810841962,17.75,20.05,27.475,29.6,21.2,NA,"2202801",50717,"NORMAN WELLS A",8,2013-08-04,"DATE: Aug-04<br>Value: 21.2 °C<br>Anomaly: -2.1 °C<br>Weather station: NA","DATE: Aug-04<br><b>Maximum temperature</b><br>10-90 percentile<br>17.8 to 29.6 °C","Historical daily maximum<br>31.5 °C<br>2013-08-04","DATE: Aug-04</b><br>Normal: 23.3 °C<br>Period: 1991-2020","2202810","NORMAN+WELLS+CLIMATE",2004,2026
"08-04","TMIN",2001-08-04,10.05625,6,14.7,2.42045966708805,7.4,7.9,12.25,12.55,14.3,NA,"2202801",50717,"NORMAN WELLS A",8,2020-08-04,"DATE: Aug-04<br>Value: 14.3 °C<br>Anomaly: +4.2 °C<br>Weather station: NA","DATE: Aug-04<br><b>Minimum temperature</b><br>10-90 percentile<br>7.4 to 12.6 °C","Historical daily maximum<br>14.7 °C<br>2020-08-04","DATE: Aug-04</b><br>Normal: 10.1 °C<br>Period: 1991-2020","2202810","NORMAN+WELLS+CLIMATE",2004,2026
"08-04","VPD",2001-08-04,1.71213033256228,0.314710781720322,3.31805515043454,0.91796484094099,0.725867117728785,1.02985400206901,2.58712193817593,2.86309051033399,0.887728551240023,NA,"2202801",50717,"NORMAN WELLS A",8,2013-08-04,"DATE: Aug-04<br>Value: 0.9 kPa<br>Anomaly: -0.8 kPa<br>Weather station: NA","DATE: Aug-04<br><b>Vapour pressure deficit</b><br>10-90 percentile<br>0.7 to 2.9 kPa","Historical daily maximum<br>3.3 kPa<br>2013-08-04","DATE: Aug-04</b><br>Normal: 1.7 kPa<br>Period: 1991-2020","2202810","NORMAN+WELLS+CLIMATE",2004,2026
"08-05","TMAX",2001-08-05,23.2,13.4,31.3,5.42217668469038,16.7,19.775,26.75,30.65,21.6,NA,"2202801",50717,"NORMAN WELLS A",8,2011-08-05,"DATE: Aug-05<br>Value: 21.6 °C<br>Anomaly: -1.6 °C<br>Weather station: NA","DATE: Aug-05<br><b>Maximum temperature</b><br>10-90 percentile<br>16.7 to 30.6 °C","Historical daily maximum<br>31.3 °C<br>2011-08-05","DATE: Aug-05</b><br>Normal: 23.2 °C<br>Period: 1991-2020","2202810","NORMAN+WELLS+CLIMATE",2004,2026
"08-05","TMIN",2001-08-05,9.48125,3.4,18.6,4.35127854773743,4.3,6.275,12.525,14.85,11.3,NA,"2202801",50717,"NORMAN WELLS A",8,2010-08-05,"DATE: Aug-05<br>Value: 11.3 °C<br>Anomaly: +1.8 °C<br>Weather station: NA","DATE: Aug-05<br><b>Minimum temperature</b><br>10-90 percentile<br>4.3 to 14.8 °C","Historical daily maximum<br>18.6 °C<br>2010-08-05","DATE: Aug-05</b><br>Normal: 9.5 °C<br>Period: 1991-2020","2202810","NORMAN+WELLS+CLIMATE",2004,2026
"08-05","VPD",2001-08-05,1.73910682124166,0.404773012216819,3.36640053671857,0.889639958764433,0.749433113583165,0.952729091993506,2.41568283653533,2.83898072796083,1.2410305666361,NA,"2202801",50717,"NORMAN WELLS A",8,2011-08-05,"DATE: Aug-05<br>Value: 1.2 kPa<br>Anomaly: -0.5 kPa<br>Weather station: NA","DATE: Aug-05<br><b>Vapour pressure deficit</b><br>10-90 percentile<br>0.7 to 2.8 kPa","Historical daily maximum<br>3.4 kPa<br>2011-08-05","DATE: Aug-05</b><br>Normal: 1.7 kPa<br>Period: 1991-2020","2202810","NORMAN+WELLS+CLIMATE",2004,2026
"08-06","TMAX",2001-08-06,21.12,14.4,26.9,4.20564246833092,15.7,17.95,25,26.16,21.9,NA,"2202801",50717,"NORMAN WELLS A",8,2024-08-06,"DATE: Aug-06<br>Value: 21.9 °C<br>Anomaly: +0.8 °C<br>Weather station: NA","DATE: Aug-06<br><b>Maximum temperature</b><br>10-90 percentile<br>15.7 to 26.2 °C","Historical daily maximum<br>26.9 °C<br>2024-08-06","DATE: Aug-06</b><br>Normal: 21.1 °C<br>Period: 1991-2020","2202810","NORMAN+WELLS+CLIMATE",2004,2026
"08-06","TMIN",2001-08-06,8.08125,-0.7,14.4,4.47023023269868,2.05,5.85,11.725,12.8,10.4,NA,"2202801",50717,"NORMAN WELLS A",8,2013-08-06,"DATE: Aug-06<br>Value: 10.4 °C<br>Anomaly: +2.3 °C<br>Weather station: NA","DATE: Aug-06<br><b>Minimum temperature</b><br>10-90 percentile<br>2.0 to 12.8 °C","Historical daily maximum<br>14.4 °C<br>2013-08-06","DATE: Aug-06</b><br>Normal: 8.1 °C<br>Period: 1991-2020","2202810","NORMAN+WELLS+CLIMATE",2004,2026
"08-06","VPD",2001-08-06,1.47657413142762,0.283590658869375,2.60730915952244,0.704511468001305,0.727029087088817,0.887847682384108,1.93877101528616,2.41376661780411,1.3665912512388,NA,"2202801",50717,"NORMAN WELLS A",8,2024-08-06,"DATE: Aug-06<br>Value: 1.4 kPa<br>Anomaly: -0.1 kPa<br>Weather station: NA","DATE: Aug-06<br><b>Vapour pressure deficit</b><br>10-90 percentile<br>0.7 to 2.4 kPa","Historical daily maximum<br>2.6 kPa<br>2024-08-06","DATE: Aug-06</b><br>Normal: 1.5 kPa<br>Period: 1991-2020","2202810","NORMAN+WELLS+CLIMATE",2004,2026
"08-07","TMAX",2001-08-07,20.05625,10.9,28.4,5.96209904312231,11.95,15.1,24.85,27.85,NA,NA,NA,NA,NA,8,2024-08-07,"","DATE: Aug-07<br><b>Maximum temperature</b><br>10-90 percentile<br>11.9 to 27.8 °C","Historical daily maximum<br>28.4 °C<br>2024-08-07","DATE: Aug-07</b><br>Normal: 20.1 °C<br>Period: 1991-2020","2202810","NORMAN+WELLS+CLIMATE",2004,2026
"08-07","TMIN",2001-08-07,7.98125,1.6,12.5,3.23196921396229,3.8,6.275,10.1,12.25,NA,NA,NA,NA,NA,8,2023-08-07,"","DATE: Aug-07<br><b>Minimum temperature</b><br>10-90 percentile<br>3.8 to 12.2 °C","Historical daily maximum<br>12.5 °C<br>2023-08-07","DATE: Aug-07</b><br>Normal: 8.0 °C<br>Period: 1991-2020","2202810","NORMAN+WELLS+CLIMATE",2004,2026
"08-07","VPD",2001-08-07,1.38443075977444,0.242798630423,2.83208378888269,0.802160992442649,0.514038242964537,0.618453018388019,1.93808056015131,2.47125275405717,NA,NA,NA,NA,NA,8,2024-08-07,"","DATE: Aug-07<br><b>Vapour pressure deficit</b><br>10-90 percentile<br>0.5 to 2.5 kPa","Historical daily maximum<br>2.8 kPa<br>2024-08-07","DATE: Aug-07</b><br>Normal: 1.4 kPa<br>Period: 1991-2020","2202810","NORMAN+WELLS+CLIMATE",2004,2026
"08-08","TMAX",2001-08-08,20.45,13.6,30.5,5.5075705472861,13.65,16.85,24.65,27.85,NA,NA,NA,NA,NA,8,2024-08-08,"","DATE: Aug-08<br><b>Maximum temperature</b><br>10-90 percentile<br>13.6 to 27.8 °C","Historical daily maximum<br>30.5 °C<br>2024-08-08","DATE: Aug-08</b><br>Normal: 20.4 °C<br>Period: 1991-2020","2202810","NORMAN+WELLS+CLIMATE",2004,2026
"08-08","TMIN",2001-08-08,9.04375,0.6,18.1,4.84120766613731,3.3,5.4,11.8,15,NA,NA,NA,NA,NA,8,2023-08-08,"","DATE: Aug-08<br><b>Minimum temperature</b><br>10-90 percentile<br>3.3 to 15.0 °C","Historical daily maximum<br>18.1 °C<br>2023-08-08","DATE: Aug-08</b><br>Normal: 9.0 °C<br>Period: 1991-2020","2202810","NORMAN+WELLS+CLIMATE",2004,2026
"08-08","VPD",2001-08-08,1.31973896599671,0.417250643211678,3.19474298169526,0.737910055980084,0.608923973483601,0.802557820779294,1.60785935817849,2.14368813986794,NA,NA,NA,NA,NA,8,2024-08-08,"","DATE: Aug-08<br><b>Vapour pressure deficit</b><br>10-90 percentile<br>0.6 to 2.1 kPa","Historical daily maximum<br>3.2 kPa<br>2024-08-08","DATE: Aug-08</b><br>Normal: 1.3 kPa<br>Period: 1991-2020","2202810","NORMAN+WELLS+CLIMATE",2004,2026
"08-09","TMAX",2001-08-09,21.0375,11.4,28.6,4.62657180498333,15.85,18.15,23.825,26.75,NA,NA,NA,NA,NA,8,2024-08-09,"","DATE: Aug-09<br><b>Maximum temperature</b><br>10-90 percentile<br>15.8 to 26.8 °C","Historical daily maximum<br>28.6 °C<br>2024-08-09","DATE: Aug-09</b><br>Normal: 21.0 °C<br>Period: 1991-2020","2202810","NORMAN+WELLS+CLIMATE",2004,2026
"08-09","TMIN",2001-08-09,8.2875,-1.3,14.1,4.43318922071534,2.15,5.65,11.35,12.55,NA,NA,NA,NA,NA,8,2023-08-09,"","DATE: Aug-09<br><b>Minimum temperature</b><br>10-90 percentile<br>2.1 to 12.6 °C","Historical daily maximum<br>14.1 °C<br>2023-08-09","DATE: Aug-09</b><br>Normal: 8.3 °C<br>Period: 1991-2020","2202810","NORMAN+WELLS+CLIMATE",2004,2026
"08-09","VPD",2001-08-09,1.44141243045833,0.346169545187335,2.60999554608888,0.632906886616058,0.732445745166611,0.92362027213113,1.72756774813414,2.29584578607717,NA,NA,NA,NA,NA,8,2024-08-09,"","DATE: Aug-09<br><b>Vapour pressure deficit</b><br>10-90 percentile<br>0.7 to 2.3 kPa","Historical daily maximum<br>2.6 kPa<br>2024-08-09","DATE: Aug-09</b><br>Normal: 1.4 kPa<br>Period: 1991-2020","2202810","NORMAN+WELLS+CLIMATE",2004,2026
"08-10","TMAX",2001-08-10,20.46875,14.4,34.8,5.72895787498331,14.7,16.575,23.975,27.45,NA,NA,NA,NA,NA,8,2017-08-10,"","DATE: Aug-10<br><b>Maximum temperature</b><br>10-90 percentile<br>14.7 to 27.4 °C","Historical daily maximum<br>34.8 °C<br>2017-08-10","DATE: Aug-10</b><br>Normal: 20.5 °C<br>Period: 1991-2020","2202810","NORMAN+WELLS+CLIMATE",2004,2026
"08-10","TMIN",2001-08-10,7.74375,-1.4,13,4.15178174602985,2.6,5.425,11.375,12.35,NA,NA,NA,NA,NA,8,2024-08-10,"","DATE: Aug-10<br><b>Minimum temperature</b><br>10-90 percentile<br>2.6 to 12.3 °C","Historical daily maximum<br>13.0 °C<br>2024-08-10","DATE: Aug-10</b><br>Normal: 7.7 °C<br>Period: 1991-2020","2202810","NORMAN+WELLS+CLIMATE",2004,2026
"08-10","VPD",2001-08-10,1.45579264840611,0.540405432409205,4.13965622073756,0.955574733334702,0.712728518563788,0.865639072590098,1.66614001562346,2.55411989339962,NA,NA,NA,NA,NA,8,2017-08-10,"","DATE: Aug-10<br><b>Vapour pressure deficit</b><br>10-90 percentile<br>0.7 to 2.6 kPa","Historical daily maximum<br>4.1 kPa<br>2017-08-10","DATE: Aug-10</b><br>Normal: 1.5 kPa<br>Period: 1991-2020","2202810","NORMAN+WELLS+CLIMATE",2004,2026
"08-11","TMAX",2001-08-11,19.15625,7.9,32.9,6.49214589587552,12.25,15.475,22.725,27.35,NA,NA,NA,NA,NA,8,2017-08-11,"","DATE: Aug-11<br><b>Maximum temperature</b><br>10-90 percentile<br>12.2 to 27.4 °C","Historical daily maximum<br>32.9 °C<br>2017-08-11","DATE: Aug-11</b><br>Normal: 19.2 °C<br>Period: 1991-2020","2202810","NORMAN+WELLS+CLIMATE",2004,2026
"08-11","TMIN",2001-08-11,7.375,-0.1,16.1,4.65739555259518,1.8,4.1,10.95,12.5,NA,NA,NA,NA,NA,8,2013-08-11,"","DATE: Aug-11<br><b>Minimum temperature</b><br>10-90 percentile<br>1.8 to 12.5 °C","Historical daily maximum<br>16.1 °C<br>2013-08-11","DATE: Aug-11</b><br>Normal: 7.4 °C<br>Period: 1991-2020","2202810","NORMAN+WELLS+CLIMATE",2004,2026
"08-11","VPD",2001-08-11,1.30447324302172,0.22904054728958,3.59943760806449,0.874028839615967,0.320336956691773,0.762822922100273,1.68466887098486,2.19076372922565,NA,NA,NA,NA,NA,8,2017-08-11,"","DATE: Aug-11<br><b>Vapour pressure deficit</b><br>10-90 percentile<br>0.3 to 2.2 kPa","Historical daily maximum<br>3.6 kPa<br>2017-08-11","DATE: Aug-11</b><br>Normal: 1.3 kPa<br>Period: 1991-2020","2202810","NORMAN+WELLS+CLIMATE",2004,2026
"08-12","TMAX",2001-08-12,19.86875,11.1,30.1,4.67628324633998,16.05,17.925,21.775,26.25,NA,NA,NA,NA,NA,8,2013-08-12,"","DATE: Aug-12<br><b>Maximum temperature</b><br>10-90 percentile<br>16.0 to 26.2 °C","Historical daily maximum<br>30.1 °C<br>2013-08-12","DATE: Aug-12</b><br>Normal: 19.9 °C<br>Period: 1991-2020","2202810","NORMAN+WELLS+CLIMATE",2004,2026
"08-12","TMIN",2001-08-12,8.65625,0.5,15.7,3.48730435532471,5.45,6.725,10.625,12.05,NA,NA,NA,NA,NA,8,2017-08-12,"","DATE: Aug-12<br><b>Minimum temperature</b><br>10-90 percentile<br>5.4 to 12.0 °C","Historical daily maximum<br>15.7 °C<br>2017-08-12","DATE: Aug-12</b><br>Normal: 8.7 °C<br>Period: 1991-2020","2202810","NORMAN+WELLS+CLIMATE",2004,2026
"08-12","VPD",2001-08-12,1.25586987277892,0.319607073333978,2.76969220178378,0.622191235989192,0.650221871530413,0.976547384398813,1.5534522944173,1.97174958011717,NA,NA,NA,NA,NA,8,2022-08-12,"","DATE: Aug-12<br><b>Vapour pressure deficit</b><br>10-90 percentile<br>0.7 to 2.0 kPa","Historical daily maximum<br>2.8 kPa<br>2022-08-12","DATE: Aug-12</b><br>Normal: 1.3 kPa<br>Period: 1991-2020","2202810","NORMAN+WELLS+CLIMATE",2004,2026
"08-13","TMAX",2001-08-13,20.0625,12.3,29.1,5.00664558362183,14.3,15.95,22.8,27.05,NA,NA,NA,NA,NA,8,2022-08-13,"","DATE: Aug-13<br><b>Maximum temperature</b><br>10-90 percentile<br>14.3 to 27.0 °C","Historical daily maximum<br>29.1 °C<br>2022-08-13","DATE: Aug-13</b><br>Normal: 20.1 °C<br>Period: 1991-2020","2202810","NORMAN+WELLS+CLIMATE",2004,2026
"08-13","TMIN",2001-08-13,8.95625,4.1,14,2.64700302228766,6.05,6.925,10.7,11.9,NA,NA,NA,NA,NA,8,2014-08-13,"","DATE: Aug-13<br><b>Minimum temperature</b><br>10-90 percentile<br>6.0 to 11.9 °C","Historical daily maximum<br>14.0 °C<br>2014-08-13","DATE: Aug-13</b><br>Normal: 9.0 °C<br>Period: 1991-2020","2202810","NORMAN+WELLS+CLIMATE",2004,2026
"08-13","VPD",2001-08-13,1.2822429039215,0.554880242253948,2.80092180391978,0.72060697443441,0.567687819475817,0.77103686340046,1.55553970422241,2.42770999863712,NA,NA,NA,NA,NA,8,2022-08-13,"","DATE: Aug-13<br><b>Vapour pressure deficit</b><br>10-90 percentile<br>0.6 to 2.4 kPa","Historical daily maximum<br>2.8 kPa<br>2022-08-13","DATE: Aug-13</b><br>Normal: 1.3 kPa<br>Period: 1991-2020","2202810","NORMAN+WELLS+CLIMATE",2004,2026
"08-14","TMAX",2001-08-14,19.06875,13.4,28.2,3.67907936853773,14.6,16.875,20.25,22.65,NA,NA,NA,NA,NA,8,2016-08-14,"","DATE: Aug-14<br><b>Maximum temperature</b><br>10-90 percentile<br>14.6 to 22.6 °C","Historical daily maximum<br>28.2 °C<br>2016-08-14","DATE: Aug-14</b><br>Normal: 19.1 °C<br>Period: 1991-2020","2202810","NORMAN+WELLS+CLIMATE",2004,2026
"08-14","TMIN",2001-08-14,7.05625,-0.3,12,3.24180376745211,2.85,5.725,9.3,10.2,NA,NA,NA,NA,NA,8,2022-08-14,"","DATE: Aug-14<br><b>Minimum temperature</b><br>10-90 percentile<br>2.8 to 10.2 °C","Historical daily maximum<br>12.0 °C<br>2022-08-14","DATE: Aug-14</b><br>Normal: 7.1 °C<br>Period: 1991-2020","2202810","NORMAN+WELLS+CLIMATE",2004,2026
"08-14","VPD",2001-08-14,1.23093952981879,0.280947654986133,2.78739209040798,0.648075434894894,0.579100842937475,0.888043336473335,1.53385430654899,2.00443535037937,NA,NA,NA,NA,NA,8,2016-08-14,"","DATE: Aug-14<br><b>Vapour pressure deficit</b><br>10-90 percentile<br>0.6 to 2.0 kPa","Historical daily maximum<br>2.8 kPa<br>2016-08-14","DATE: Aug-14</b><br>Normal: 1.2 kPa<br>Period: 1991-2020","2202810","NORMAN+WELLS+CLIMATE",2004,2026
"08-15","TMAX",2001-08-15,20.29375,13.3,27.3,4.16148511151167,14.75,17.675,23.375,25.05,NA,NA,NA,NA,NA,8,2016-08-15,"","DATE: Aug-15<br><b>Maximum temperature</b><br>10-90 percentile<br>14.8 to 25.0 °C","Historical daily maximum<br>27.3 °C<br>2016-08-15","DATE: Aug-15</b><br>Normal: 20.3 °C<br>Period: 1991-2020","2202810","NORMAN+WELLS+CLIMATE",2004,2026
"08-15","TMIN",2001-08-15,6.4625,1.8,14.7,3.59590044356069,2.5,3.075,9.125,9.95,NA,NA,NA,NA,NA,8,2025-08-15,"","DATE: Aug-15<br><b>Minimum temperature</b><br>10-90 percentile<br>2.5 to 9.9 °C","Historical daily maximum<br>14.7 °C<br>2025-08-15","DATE: Aug-15</b><br>Normal: 6.5 °C<br>Period: 1991-2020","2202810","NORMAN+WELLS+CLIMATE",2004,2026
"08-15","VPD",2001-08-15,1.45449143956045,0.411908014170094,2.40061122665449,0.676393913136519,0.555997892355635,0.758722960947606,2.03684949501242,2.19768677385798,NA,NA,NA,NA,NA,8,2022-08-15,"","DATE: Aug-15<br><b>Vapour pressure deficit</b><br>10-90 percentile<br>0.6 to 2.2 kPa","Historical daily maximum<br>2.4 kPa<br>2022-08-15","DATE: Aug-15</b><br>Normal: 1.5 kPa<br>Period: 1991-2020","2202810","NORMAN+WELLS+CLIMATE",2004,2026
"08-16","TMAX",2001-08-16,20.29375,14.9,24.3,2.78339570788393,16.7,18.6,22.05,23.8,NA,NA,NA,NA,NA,8,2024-08-16,"","DATE: Aug-16<br><b>Maximum temperature</b><br>10-90 percentile<br>16.7 to 23.8 °C","Historical daily maximum<br>24.3 °C<br>2024-08-16","DATE: Aug-16</b><br>Normal: 20.3 °C<br>Period: 1991-2020","2202810","NORMAN+WELLS+CLIMATE",2004,2026
"08-16","TMIN",2001-08-16,8.2,2.6,13.6,3.18580183522663,4.55,5.675,10.775,11.95,NA,NA,NA,NA,NA,8,2013-08-16,"","DATE: Aug-16<br><b>Minimum temperature</b><br>10-90 percentile<br>4.6 to 11.9 °C","Historical daily maximum<br>13.6 °C<br>2013-08-16","DATE: Aug-16</b><br>Normal: 8.2 °C<br>Period: 1991-2020","2202810","NORMAN+WELLS+CLIMATE",2004,2026
"08-16","VPD",2001-08-16,1.30096047873569,0.508423393522874,2.00349553758851,0.470985712275113,0.734857331406926,0.975327401969893,1.6737221809129,1.83144984403503,NA,NA,NA,NA,NA,8,2024-08-16,"","DATE: Aug-16<br><b>Vapour pressure deficit</b><br>10-90 percentile<br>0.7 to 1.8 kPa","Historical daily maximum<br>2.0 kPa<br>2024-08-16","DATE: Aug-16</b><br>Normal: 1.3 kPa<br>Period: 1991-2020","2202810","NORMAN+WELLS+CLIMATE",2004,2026
"08-17","TMAX",2001-08-17,19.06875,9,26.6,4.84227477535094,13.55,16.875,21.775,25.55,NA,NA,NA,NA,NA,8,2022-08-17,"","DATE: Aug-17<br><b>Maximum temperature</b><br>10-90 percentile<br>13.6 to 25.6 °C","Historical daily maximum<br>26.6 °C<br>2022-08-17","DATE: Aug-17</b><br>Normal: 19.1 °C<br>Period: 1991-2020","2202810","NORMAN+WELLS+CLIMATE",2004,2026
"08-17","TMIN",2001-08-17,7.38125,1.1,15,3.93551669627594,1.75,5.65,9.025,12.3,NA,NA,NA,NA,NA,8,2010-08-17,"","DATE: Aug-17<br><b>Minimum temperature</b><br>10-90 percentile<br>1.8 to 12.3 °C","Historical daily maximum<br>15.0 °C<br>2010-08-17","DATE: Aug-17</b><br>Normal: 7.4 °C<br>Period: 1991-2020","2202810","NORMAN+WELLS+CLIMATE",2004,2026
"08-17","VPD",2001-08-17,1.22898018838719,0.386259372984377,2.48067581990076,0.661134284823774,0.430382924473761,0.677322084449073,1.63893797206764,2.12549496946799,NA,NA,NA,NA,NA,8,2022-08-17,"","DATE: Aug-17<br><b>Vapour pressure deficit</b><br>10-90 percentile<br>0.4 to 2.1 kPa","Historical daily maximum<br>2.5 kPa<br>2022-08-17","DATE: Aug-17</b><br>Normal: 1.2 kPa<br>Period: 1991-2020","2202810","NORMAN+WELLS+CLIMATE",2004,2026
"08-18","TMAX",2001-08-18,16.5,6.4,26.3,5.0493563946309,10.25,13.15,19.575,20.45,NA,NA,NA,NA,NA,8,2024-08-18,"","DATE: Aug-18<br><b>Maximum temperature</b><br>10-90 percentile<br>10.2 to 20.5 °C","Historical daily maximum<br>26.3 °C<br>2024-08-18","DATE: Aug-18</b><br>Normal: 16.5 °C<br>Period: 1991-2020","2202810","NORMAN+WELLS+CLIMATE",2004,2026
"08-18","TMIN",2001-08-18,7.55,-2.6,12.7,3.98681159156871,3.2,6.05,10.375,11.6,NA,NA,NA,NA,NA,8,2013-08-18,"","DATE: Aug-18<br><b>Minimum temperature</b><br>10-90 percentile<br>3.2 to 11.6 °C","Historical daily maximum<br>12.7 °C<br>2013-08-18","DATE: Aug-18</b><br>Normal: 7.6 °C<br>Period: 1991-2020","2202810","NORMAN+WELLS+CLIMATE",2004,2026
"08-18","VPD",2001-08-18,0.885481164568176,0.279362434491866,2.37762323258392,0.501716623623605,0.448612131115195,0.536541450157944,1.03245270704614,1.26981673405901,NA,NA,NA,NA,NA,8,2024-08-18,"","DATE: Aug-18<br><b>Vapour pressure deficit</b><br>10-90 percentile<br>0.4 to 1.3 kPa","Historical daily maximum<br>2.4 kPa<br>2024-08-18","DATE: Aug-18</b><br>Normal: 0.9 kPa<br>Period: 1991-2020","2202810","NORMAN+WELLS+CLIMATE",2004,2026
"08-19","TMAX",2001-08-19,16.23125,9.6,24.4,4.86329363703242,10.4,12.85,20.575,22.6,NA,NA,NA,NA,NA,8,2012-08-19,"","DATE: Aug-19<br><b>Maximum temperature</b><br>10-90 percentile<br>10.4 to 22.6 °C","Historical daily maximum<br>24.4 °C<br>2012-08-19","DATE: Aug-19</b><br>Normal: 16.2 °C<br>Period: 1991-2020","2202810","NORMAN+WELLS+CLIMATE",2004,2026
"08-19","TMIN",2001-08-19,4.675,-5,10.7,4.24381903478459,-0.55,3.025,7.125,9.8,NA,NA,NA,NA,NA,8,2013-08-19,"","DATE: Aug-19<br><b>Minimum temperature</b><br>10-90 percentile<br>-0.5 to 9.8 °C","Historical daily maximum<br>10.7 °C<br>2013-08-19","DATE: Aug-19</b><br>Normal: 4.7 °C<br>Period: 1991-2020","2202810","NORMAN+WELLS+CLIMATE",2004,2026
"08-19","VPD",2001-08-19,1.03745243378875,0.250648905196103,2.27676299212736,0.605544202033456,0.422772076973456,0.560823184909227,1.58364684801316,1.81088515952361,NA,NA,NA,NA,NA,8,2012-08-19,"","DATE: Aug-19<br><b>Vapour pressure deficit</b><br>10-90 percentile<br>0.4 to 1.8 kPa","Historical daily maximum<br>2.3 kPa<br>2012-08-19","DATE: Aug-19</b><br>Normal: 1.0 kPa<br>Period: 1991-2020","2202810","NORMAN+WELLS+CLIMATE",2004,2026
"08-20","TMAX",2001-08-20,17.7375,12.7,25.8,4.17258912427284,13.1,14.725,19.625,24.2,NA,NA,NA,NA,NA,8,2012-08-20,"","DATE: Aug-20<br><b>Maximum temperature</b><br>10-90 percentile<br>13.1 to 24.2 °C","Historical daily maximum<br>25.8 °C<br>2012-08-20","DATE: Aug-20</b><br>Normal: 17.7 °C<br>Period: 1991-2020","2202810","NORMAN+WELLS+CLIMATE",2004,2026
"08-20","TMIN",2001-08-20,4.29375,-1.7,10.1,3.78320300803433,-0.9,1.25,7,8.6,NA,NA,NA,NA,NA,8,2006-08-20,"","DATE: Aug-20<br><b>Minimum temperature</b><br>10-90 percentile<br>-0.9 to 8.6 °C","Historical daily maximum<br>10.1 °C<br>2006-08-20","DATE: Aug-20</b><br>Normal: 4.3 °C<br>Period: 1991-2020","2202810","NORMAN+WELLS+CLIMATE",2004,2026
"08-20","VPD",2001-08-20,1.23611470108866,0.463705109487797,2.24180540169493,0.510635066929375,0.691892150855353,0.884951041394174,1.62493519551609,1.9212036994438,NA,NA,NA,NA,NA,8,2012-08-20,"","DATE: Aug-20<br><b>Vapour pressure deficit</b><br>10-90 percentile<br>0.7 to 1.9 kPa","Historical daily maximum<br>2.2 kPa<br>2012-08-20","DATE: Aug-20</b><br>Normal: 1.2 kPa<br>Period: 1991-2020","2202810","NORMAN+WELLS+CLIMATE",2004,2026
"08-21","TMAX",2001-08-21,17.0625,10,27.4,4.46450818493295,12.25,13.9,19.25,21.85,NA,NA,NA,NA,NA,8,2006-08-21,"","DATE: Aug-21<br><b>Maximum temperature</b><br>10-90 percentile<br>12.2 to 21.8 °C","Historical daily maximum<br>27.4 °C<br>2006-08-21","DATE: Aug-21</b><br>Normal: 17.1 °C<br>Period: 1991-2020","2202810","NORMAN+WELLS+CLIMATE",2004,2026
"08-21","TMIN",2001-08-21,4.2625,-1.4,8.8,3.5806656736795,-0.9,1.275,7.225,7.95,NA,NA,NA,NA,NA,8,2021-08-21,"","DATE: Aug-21<br><b>Minimum temperature</b><br>10-90 percentile<br>-0.9 to 8.0 °C","Historical daily maximum<br>8.8 °C<br>2021-08-21","DATE: Aug-21</b><br>Normal: 4.3 °C<br>Period: 1991-2020","2202810","NORMAN+WELLS+CLIMATE",2004,2026
"08-21","VPD",2001-08-21,1.16269451657562,0.299307435282355,2.55498161663881,0.574565662874201,0.504598084108571,0.802506935754787,1.44410227527206,1.71258618438728,NA,NA,NA,NA,NA,8,2006-08-21,"","DATE: Aug-21<br><b>Vapour pressure deficit</b><br>10-90 percentile<br>0.5 to 1.7 kPa","Historical daily maximum<br>2.6 kPa<br>2006-08-21","DATE: Aug-21</b><br>Normal: 1.2 kPa<br>Period: 1991-2020","2202810","NORMAN+WELLS+CLIMATE",2004,2026
"08-22","TMAX",2001-08-22,18,7.3,27.5,5.10594424829205,12.95,14.65,21.325,23.7,NA,NA,NA,NA,NA,8,2016-08-22,"","DATE: Aug-22<br><b>Maximum temperature</b><br>10-90 percentile<br>12.9 to 23.7 °C","Historical daily maximum<br>27.5 °C<br>2016-08-22","DATE: Aug-22</b><br>Normal: 18.0 °C<br>Period: 1991-2020","2202810","NORMAN+WELLS+CLIMATE",2004,2026
"08-22","TMIN",2001-08-22,5.18125,-2.2,12.2,4.34038688751744,0.65,2.15,7.475,11.5,NA,NA,NA,NA,NA,8,2016-08-22,"","DATE: Aug-22<br><b>Minimum temperature</b><br>10-90 percentile<br>0.6 to 11.5 °C","Historical daily maximum<br>12.2 °C<br>2016-08-22","DATE: Aug-22</b><br>Normal: 5.2 °C<br>Period: 1991-2020","2202810","NORMAN+WELLS+CLIMATE",2004,2026
"08-22","VPD",2001-08-22,1.23392156412574,0.275607228617041,2.29594789352166,0.576955186376094,0.697191034924856,0.840702382157651,1.59735229061268,2.07851224019921,NA,NA,NA,NA,NA,8,2017-08-22,"","DATE: Aug-22<br><b>Vapour pressure deficit</b><br>10-90 percentile<br>0.7 to 2.1 kPa","Historical daily maximum<br>2.3 kPa<br>2017-08-22","DATE: Aug-22</b><br>Normal: 1.2 kPa<br>Period: 1991-2020","2202810","NORMAN+WELLS+CLIMATE",2004,2026
"08-23","TMAX",2001-08-23,17.8875,8.6,26.6,4.62008297183792,11.4,15.575,20.35,21.75,NA,NA,NA,NA,NA,8,2016-08-23,"","DATE: Aug-23<br><b>Maximum temperature</b><br>10-90 percentile<br>11.4 to 21.8 °C","Historical daily maximum<br>26.6 °C<br>2016-08-23","DATE: Aug-23</b><br>Normal: 17.9 °C<br>Period: 1991-2020","2202810","NORMAN+WELLS+CLIMATE",2004,2026
"08-23","TMIN",2001-08-23,5.425,-1.9,12.5,4.00341520871035,1.3,2.35,8.75,10.25,NA,NA,NA,NA,NA,8,2017-08-23,"","DATE: Aug-23<br><b>Minimum temperature</b><br>10-90 percentile<br>1.3 to 10.2 °C","Historical daily maximum<br>12.5 °C<br>2017-08-23","DATE: Aug-23</b><br>Normal: 5.4 °C<br>Period: 1991-2020","2202810","NORMAN+WELLS+CLIMATE",2004,2026
"08-23","VPD",2001-08-23,1.19135783451932,0.280959826153462,2.51454576463922,0.498925592321225,0.753739000737713,0.935531640185034,1.35258143293437,1.64866752757551,NA,NA,NA,NA,NA,8,2016-08-23,"","DATE: Aug-23<br><b>Vapour pressure deficit</b><br>10-90 percentile<br>0.8 to 1.6 kPa","Historical daily maximum<br>2.5 kPa<br>2016-08-23","DATE: Aug-23</b><br>Normal: 1.2 kPa<br>Period: 1991-2020","2202810","NORMAN+WELLS+CLIMATE",2004,2026
"08-24","TMAX",2001-08-24,17.8375,6.6,25.5,4.89746533082845,11.9,15.25,20.675,23.4,NA,NA,NA,NA,NA,8,2005-08-24,"","DATE: Aug-24<br><b>Maximum temperature</b><br>10-90 percentile<br>11.9 to 23.4 °C","Historical daily maximum<br>25.5 °C<br>2005-08-24","DATE: Aug-24</b><br>Normal: 17.8 °C<br>Period: 1991-2020","2202810","NORMAN+WELLS+CLIMATE",2004,2026
"08-24","TMIN",2001-08-24,5.81875,-1.6,11.5,3.44310300939913,2.05,3.85,7.7,10,NA,NA,NA,NA,NA,8,2009-08-24,"","DATE: Aug-24<br><b>Minimum temperature</b><br>10-90 percentile<br>2.0 to 10.0 °C","Historical daily maximum<br>11.5 °C<br>2009-08-24","DATE: Aug-24</b><br>Normal: 5.8 °C<br>Period: 1991-2020","2202810","NORMAN+WELLS+CLIMATE",2004,2026
"08-24","VPD",2001-08-24,1.17511199814788,0.248572929058478,2.46710865350472,0.537580481224575,0.590303316186498,0.958711072816877,1.31096189060493,1.82622296814164,NA,NA,NA,NA,NA,8,2005-08-24,"","DATE: Aug-24<br><b>Vapour pressure deficit</b><br>10-90 percentile<br>0.6 to 1.8 kPa","Historical daily maximum<br>2.5 kPa<br>2005-08-24","DATE: Aug-24</b><br>Normal: 1.2 kPa<br>Period: 1991-2020","2202810","NORMAN+WELLS+CLIMATE",2004,2026
"08-25","TMAX",2001-08-25,18.31875,8.2,25.7,4.84839750158063,12.4,15.1,21.5,23.25,NA,NA,NA,NA,NA,8,2016-08-25,"","DATE: Aug-25<br><b>Maximum temperature</b><br>10-90 percentile<br>12.4 to 23.2 °C","Historical daily maximum<br>25.7 °C<br>2016-08-25","DATE: Aug-25</b><br>Normal: 18.3 °C<br>Period: 1991-2020","2202810","NORMAN+WELLS+CLIMATE",2004,2026
"08-25","TMIN",2001-08-25,5.40625,-2,13.8,4.36767958989668,-0.4,1.95,8.8,9.65,NA,NA,NA,NA,NA,8,2009-08-25,"","DATE: Aug-25<br><b>Minimum temperature</b><br>10-90 percentile<br>-0.4 to 9.6 °C","Historical daily maximum<br>13.8 °C<br>2009-08-25","DATE: Aug-25</b><br>Normal: 5.4 °C<br>Period: 1991-2020","2202810","NORMAN+WELLS+CLIMATE",2004,2026
"08-25","VPD",2001-08-25,1.25183081499043,0.338023805234963,2.48328335062514,0.595508435850701,0.424166367861937,0.904629461069036,1.65334191344867,1.82945380961115,NA,NA,NA,NA,NA,8,2016-08-25,"","DATE: Aug-25<br><b>Vapour pressure deficit</b><br>10-90 percentile<br>0.4 to 1.8 kPa","Historical daily maximum<br>2.5 kPa<br>2016-08-25","DATE: Aug-25</b><br>Normal: 1.3 kPa<br>Period: 1991-2020","2202810","NORMAN+WELLS+CLIMATE",2004,2026
"08-26","TMAX",2001-08-26,17.01875,7.2,22.3,3.96471415531225,12.3,15.575,19.475,21.15,NA,NA,NA,NA,NA,8,2025-08-26,"","DATE: Aug-26<br><b>Maximum temperature</b><br>10-90 percentile<br>12.3 to 21.1 °C","Historical daily maximum<br>22.3 °C<br>2025-08-26","DATE: Aug-26</b><br>Normal: 17.0 °C<br>Period: 1991-2020","2202810","NORMAN+WELLS+CLIMATE",2004,2026
"08-26","TMIN",2001-08-26,5.675,-1.6,9.1,3.35410196624968,1.9,2.925,8.55,9.05,NA,NA,NA,NA,NA,8,2024-08-26,"","DATE: Aug-26<br><b>Minimum temperature</b><br>10-90 percentile<br>1.9 to 9.0 °C","Historical daily maximum<br>9.1 °C<br>2024-08-26","DATE: Aug-26</b><br>Normal: 5.7 °C<br>Period: 1991-2020","2202810","NORMAN+WELLS+CLIMATE",2004,2026
"08-26","VPD",2001-08-26,1.0537690681794,0.228334428147495,1.88332068317171,0.53668959385314,0.393889676717573,0.726023719093199,1.25872569958365,1.84657813433602,NA,NA,NA,NA,NA,8,2025-08-26,"","DATE: Aug-26<br><b>Vapour pressure deficit</b><br>10-90 percentile<br>0.4 to 1.8 kPa","Historical daily maximum<br>1.9 kPa<br>2025-08-26","DATE: Aug-26</b><br>Normal: 1.1 kPa<br>Period: 1991-2020","2202810","NORMAN+WELLS+CLIMATE",2004,2026
"08-27","TMAX",2001-08-27,15.4,9.1,20.9,3.88106514589316,10.1,12.675,19.075,20,NA,NA,NA,NA,NA,8,2025-08-27,"","DATE: Aug-27<br><b>Maximum temperature</b><br>10-90 percentile<br>10.1 to 20.0 °C","Historical daily maximum<br>20.9 °C<br>2025-08-27","DATE: Aug-27</b><br>Normal: 15.4 °C<br>Period: 1991-2020","2202810","NORMAN+WELLS+CLIMATE",2004,2026
"08-27","TMIN",2001-08-27,4.91875,-0.5,10.6,3.58166046222512,1.2,1.725,7.6,10,NA,NA,NA,NA,NA,8,2023-08-27,"","DATE: Aug-27<br><b>Minimum temperature</b><br>10-90 percentile<br>1.2 to 10.0 °C","Historical daily maximum<br>10.6 °C<br>2023-08-27","DATE: Aug-27</b><br>Normal: 4.9 °C<br>Period: 1991-2020","2202810","NORMAN+WELLS+CLIMATE",2004,2026
"08-27","VPD",2001-08-27,0.903931640505462,0.232414919504648,1.79586006838748,0.490981185819873,0.302583579659868,0.497697341015578,1.15344323513692,1.53135635176517,NA,NA,NA,NA,NA,8,2025-08-27,"","DATE: Aug-27<br><b>Vapour pressure deficit</b><br>10-90 percentile<br>0.3 to 1.5 kPa","Historical daily maximum<br>1.8 kPa<br>2025-08-27","DATE: Aug-27</b><br>Normal: 0.9 kPa<br>Period: 1991-2020","2202810","NORMAN+WELLS+CLIMATE",2004,2026
"08-28","TMAX",2001-08-28,15.45625,9.5,27.3,4.63378445046091,11.15,11.675,17.975,20.1,NA,NA,NA,NA,NA,8,2025-08-28,"","DATE: Aug-28<br><b>Maximum temperature</b><br>10-90 percentile<br>11.2 to 20.1 °C","Historical daily maximum<br>27.3 °C<br>2025-08-28","DATE: Aug-28</b><br>Normal: 15.5 °C<br>Period: 1991-2020","2202810","NORMAN+WELLS+CLIMATE",2004,2026
"08-28","TMIN",2001-08-28,5.50625,0.2,12.5,3.24478427634257,2,3.2,7.625,9.5,NA,NA,NA,NA,NA,8,2009-08-28,"","DATE: Aug-28<br><b>Minimum temperature</b><br>10-90 percentile<br>2.0 to 9.5 °C","Historical daily maximum<br>12.5 °C<br>2009-08-28","DATE: Aug-28</b><br>Normal: 5.5 °C<br>Period: 1991-2020","2202810","NORMAN+WELLS+CLIMATE",2004,2026
"08-28","VPD",2001-08-28,0.901794619839254,0.348399395102449,2.17909272116541,0.516925962817646,0.424372392468356,0.478447389526801,1.2098578642826,1.4817418696545,NA,NA,NA,NA,NA,8,2025-08-28,"","DATE: Aug-28<br><b>Vapour pressure deficit</b><br>10-90 percentile<br>0.4 to 1.5 kPa","Historical daily maximum<br>2.2 kPa<br>2025-08-28","DATE: Aug-28</b><br>Normal: 0.9 kPa<br>Period: 1991-2020","2202810","NORMAN+WELLS+CLIMATE",2004,2026
"08-29","TMAX",2001-08-29,15.825,7.2,25.7,4.58846379521513,11.65,13.75,18.35,21.55,NA,NA,NA,NA,NA,8,2025-08-29,"","DATE: Aug-29<br><b>Maximum temperature</b><br>10-90 percentile<br>11.6 to 21.6 °C","Historical daily maximum<br>25.7 °C<br>2025-08-29","DATE: Aug-29</b><br>Normal: 15.8 °C<br>Period: 1991-2020","2202810","NORMAN+WELLS+CLIMATE",2004,2026
"08-29","TMIN",2001-08-29,2.23125,-4.3,8.2,3.32479949270128,-1.55,0.25,4.075,6.45,NA,NA,NA,NA,NA,8,2021-08-29,"","DATE: Aug-29<br><b>Minimum temperature</b><br>10-90 percentile<br>-1.5 to 6.4 °C","Historical daily maximum<br>8.2 °C<br>2021-08-29","DATE: Aug-29</b><br>Normal: 2.2 °C<br>Period: 1991-2020","2202810","NORMAN+WELLS+CLIMATE",2004,2026
"08-29","VPD",2001-08-29,1.12989431030479,0.241648039954271,2.2148168694131,0.577619985717422,0.42616177655094,0.781010505451199,1.50335298681995,1.87023194687111,NA,NA,NA,NA,NA,8,2025-08-29,"","DATE: Aug-29<br><b>Vapour pressure deficit</b><br>10-90 percentile<br>0.4 to 1.9 kPa","Historical daily maximum<br>2.2 kPa<br>2025-08-29","DATE: Aug-29</b><br>Normal: 1.1 kPa<br>Period: 1991-2020","2202810","NORMAN+WELLS+CLIMATE",2004,2026
"08-30","TMAX",2001-08-30,16.69375,6.9,22.5,4.03459518828511,11.95,15.75,19.325,20.2,NA,NA,NA,NA,NA,8,2025-08-30,"","DATE: Aug-30<br><b>Maximum temperature</b><br>10-90 percentile<br>11.9 to 20.2 °C","Historical daily maximum<br>22.5 °C<br>2025-08-30","DATE: Aug-30</b><br>Normal: 16.7 °C<br>Period: 1991-2020","2202810","NORMAN+WELLS+CLIMATE",2004,2026
"08-30","TMIN",2001-08-30,2.9,-3,8.5,3.01219742602196,-0.65,1.35,4.35,6.35,NA,NA,NA,NA,NA,8,2009-08-30,"","DATE: Aug-30<br><b>Minimum temperature</b><br>10-90 percentile<br>-0.6 to 6.3 °C","Historical daily maximum<br>8.5 °C<br>2009-08-30","DATE: Aug-30</b><br>Normal: 2.9 °C<br>Period: 1991-2020","2202810","NORMAN+WELLS+CLIMATE",2004,2026
"08-30","VPD",2001-08-30,1.18160047845884,0.263705899895451,1.95699772361939,0.456996073141261,0.522933944668362,1.01744071098309,1.44235040386965,1.60682989559962,NA,NA,NA,NA,NA,8,2025-08-30,"","DATE: Aug-30<br><b>Vapour pressure deficit</b><br>10-90 percentile<br>0.5 to 1.6 kPa","Historical daily maximum<br>2.0 kPa<br>2025-08-30","DATE: Aug-30</b><br>Normal: 1.2 kPa<br>Period: 1991-2020","2202810","NORMAN+WELLS+CLIMATE",2004,2026
"08-31","TMAX",2001-08-31,13.64375,4.5,23.7,4.69495740129769,9.55,10.7,16.6,18.65,NA,NA,NA,NA,NA,8,2012-08-31,"","DATE: Aug-31<br><b>Maximum temperature</b><br>10-90 percentile<br>9.6 to 18.6 °C","Historical daily maximum<br>23.7 °C<br>2012-08-31","DATE: Aug-31</b><br>Normal: 13.6 °C<br>Period: 1991-2020","2202810","NORMAN+WELLS+CLIMATE",2004,2026
"08-31","TMIN",2001-08-31,2.35,-2.9,6.1,2.84440972201029,-1.05,0.2,5,5.65,NA,NA,NA,NA,NA,8,2023-08-31,"","DATE: Aug-31<br><b>Minimum temperature</b><br>10-90 percentile<br>-1.0 to 5.6 °C","Historical daily maximum<br>6.1 °C<br>2023-08-31","DATE: Aug-31</b><br>Normal: 2.4 °C<br>Period: 1991-2020","2202810","NORMAN+WELLS+CLIMATE",2004,2026
"08-31","VPD",2001-08-31,0.888006597097762,0.13668831063462,2.1940852856419,0.544557996852772,0.383104139298579,0.494669199819391,1.25362600301728,1.49218910078457,NA,NA,NA,NA,NA,8,2012-08-31,"","DATE: Aug-31<br><b>Vapour pressure deficit</b><br>10-90 percentile<br>0.4 to 1.5 kPa","Historical daily maximum<br>2.2 kPa<br>2012-08-31","DATE: Aug-31</b><br>Normal: 0.9 kPa<br>Period: 1991-2020","2202810","NORMAN+WELLS+CLIMATE",2004,2026
"09-01","TMAX",2001-09-01,13.3625,2.6,21.4,4.94177768284518,8.6,9.625,16.575,19.5,NA,NA,NA,NA,NA,9,2021-09-01,"","DATE: Sep-01<br><b>Maximum temperature</b><br>10-90 percentile<br>8.6 to 19.5 °C","Historical daily maximum<br>21.4 °C<br>2021-09-01","DATE: Sep-01</b><br>Normal: 13.4 °C<br>Period: 1991-2020","2202810","NORMAN+WELLS+CLIMATE",2004,2026
"09-01","TMIN",2001-09-01,1.9,-4.8,6.6,3.41135359253967,-2.05,-0.975,4.75,5.8,NA,NA,NA,NA,NA,9,2023-09-01,"","DATE: Sep-01<br><b>Minimum temperature</b><br>10-90 percentile<br>-2.0 to 5.8 °C","Historical daily maximum<br>6.6 °C<br>2023-09-01","DATE: Sep-01</b><br>Normal: 1.9 °C<br>Period: 1991-2020","2202810","NORMAN+WELLS+CLIMATE",2004,2026
"09-01","VPD",2001-09-01,0.880714018557,0.089231314769642,1.76368950580711,0.475238819144484,0.316422883079911,0.657831848300627,1.13250324354093,1.54570320208584,NA,NA,NA,NA,NA,9,2012-09-01,"","DATE: Sep-01<br><b>Vapour pressure deficit</b><br>10-90 percentile<br>0.3 to 1.5 kPa","Historical daily maximum<br>1.8 kPa<br>2012-09-01","DATE: Sep-01</b><br>Normal: 0.9 kPa<br>Period: 1991-2020","2202810","NORMAN+WELLS+CLIMATE",2004,2026
"09-02","TMAX",2001-09-02,14.20625,6.9,21,4.04680429474913,9.25,11.875,17.325,19.25,NA,NA,NA,NA,NA,9,2021-09-02,"","DATE: Sep-02<br><b>Maximum temperature</b><br>10-90 percentile<br>9.2 to 19.2 °C","Historical daily maximum<br>21.0 °C<br>2021-09-02","DATE: Sep-02</b><br>Normal: 14.2 °C<br>Period: 1991-2020","2202810","NORMAN+WELLS+CLIMATE",2004,2026
"09-02","TMIN",2001-09-02,0.9,-7.3,7.7,3.83597010763466,-2.75,-0.925,3.7,5.45,NA,NA,NA,NA,NA,9,2021-09-02,"","DATE: Sep-02<br><b>Minimum temperature</b><br>10-90 percentile<br>-2.8 to 5.4 °C","Historical daily maximum<br>7.7 °C<br>2021-09-02","DATE: Sep-02</b><br>Normal: 0.9 °C<br>Period: 1991-2020","2202810","NORMAN+WELLS+CLIMATE",2004,2026
"09-02","VPD",2001-09-02,0.993165281019984,0.370734703242502,1.60244097419015,0.385158256914403,0.597697647989336,0.706677496193973,1.39958788276569,1.50954988562895,NA,NA,NA,NA,NA,9,2021-09-02,"","DATE: Sep-02<br><b>Vapour pressure deficit</b><br>10-90 percentile<br>0.6 to 1.5 kPa","Historical daily maximum<br>1.6 kPa<br>2021-09-02","DATE: Sep-02</b><br>Normal: 1.0 kPa<br>Period: 1991-2020","2202810","NORMAN+WELLS+CLIMATE",2004,2026
"09-03","TMAX",2001-09-03,15.22,10.4,21.8,3.61449462976104,11.3,12.55,18.6,19.78,NA,NA,NA,NA,NA,9,2022-09-03,"","DATE: Sep-03<br><b>Maximum temperature</b><br>10-90 percentile<br>11.3 to 19.8 °C","Historical daily maximum<br>21.8 °C<br>2022-09-03","DATE: Sep-03</b><br>Normal: 15.2 °C<br>Period: 1991-2020","2202810","NORMAN+WELLS+CLIMATE",2004,2026
"09-03","TMIN",2001-09-03,2.15625,-6.2,8.6,4.30642446429363,-3.95,-0.2,5.225,6.25,NA,NA,NA,NA,NA,9,2010-09-03,"","DATE: Sep-03<br><b>Minimum temperature</b><br>10-90 percentile<br>-3.9 to 6.2 °C","Historical daily maximum<br>8.6 °C<br>2010-09-03","DATE: Sep-03</b><br>Normal: 2.2 °C<br>Period: 1991-2020","2202810","NORMAN+WELLS+CLIMATE",2004,2026
"09-03","VPD",2001-09-03,1.00903896507244,0.248592236799793,1.68321672212665,0.411631556560891,0.564716890596276,0.753560353255844,1.33962119651636,1.55477405852034,NA,NA,NA,NA,NA,9,2022-09-03,"","DATE: Sep-03<br><b>Vapour pressure deficit</b><br>10-90 percentile<br>0.6 to 1.6 kPa","Historical daily maximum<br>1.7 kPa<br>2022-09-03","DATE: Sep-03</b><br>Normal: 1.0 kPa<br>Period: 1991-2020","2202810","NORMAN+WELLS+CLIMATE",2004,2026
"09-04","TMAX",2001-09-04,16.8866666666667,10.9,25,3.98656075667569,12.06,13.45,19.2,21.22,NA,NA,NA,NA,NA,9,2013-09-04,"","DATE: Sep-04<br><b>Maximum temperature</b><br>10-90 percentile<br>12.1 to 21.2 °C","Historical daily maximum<br>25.0 °C<br>2013-09-04","DATE: Sep-04</b><br>Normal: 16.9 °C<br>Period: 1991-2020","2202810","NORMAN+WELLS+CLIMATE",2004,2026
"09-04","TMIN",2001-09-04,1.62666666666667,-6.2,9.9,4.38104140696294,-3.42,-1.5,4.2,6.84,NA,NA,NA,NA,NA,9,2021-09-04,"","DATE: Sep-04<br><b>Minimum temperature</b><br>10-90 percentile<br>-3.4 to 6.8 °C","Historical daily maximum<br>9.9 °C<br>2021-09-04","DATE: Sep-04</b><br>Normal: 1.6 °C<br>Period: 1991-2020","2202810","NORMAN+WELLS+CLIMATE",2004,2026
"09-04","VPD",2001-09-04,1.25966215945055,0.649627465971338,2.15207702522892,0.461933701410474,0.736549294229565,0.868817941592704,1.51273909015955,1.88262140790837,NA,NA,NA,NA,NA,9,2013-09-04,"","DATE: Sep-04<br><b>Vapour pressure deficit</b><br>10-90 percentile<br>0.7 to 1.9 kPa","Historical daily maximum<br>2.2 kPa<br>2013-09-04","DATE: Sep-04</b><br>Normal: 1.3 kPa<br>Period: 1991-2020","2202810","NORMAN+WELLS+CLIMATE",2004,2026
"09-05","TMAX",2001-09-05,17.1466666666667,8,23.2,4.57834447101112,12.34,14.2,21,23,NA,NA,NA,NA,NA,9,2005-09-05,"","DATE: Sep-05<br><b>Maximum temperature</b><br>10-90 percentile<br>12.3 to 23.0 °C","Historical daily maximum<br>23.2 °C<br>2005-09-05","DATE: Sep-05</b><br>Normal: 17.1 °C<br>Period: 1991-2020","2202810","NORMAN+WELLS+CLIMATE",2004,2026
"09-05","TMIN",2001-09-05,1.13333333333333,-6.8,7.4,3.60013227270227,-4.14,0.45,2.95,3.66,NA,NA,NA,NA,NA,9,2024-09-05,"","DATE: Sep-05<br><b>Minimum temperature</b><br>10-90 percentile<br>-4.1 to 3.7 °C","Historical daily maximum<br>7.4 °C<br>2024-09-05","DATE: Sep-05</b><br>Normal: 1.1 °C<br>Period: 1991-2020","2202810","NORMAN+WELLS+CLIMATE",2004,2026
"09-05","VPD",2001-09-05,1.34164721930947,0.570532276413775,2.07291553335237,0.501477034695787,0.738032317678177,1.00586598789544,1.71856507849033,2.0494315764471,NA,NA,NA,NA,NA,9,2006-09-05,"","DATE: Sep-05<br><b>Vapour pressure deficit</b><br>10-90 percentile<br>0.7 to 2.0 kPa","Historical daily maximum<br>2.1 kPa<br>2006-09-05","DATE: Sep-05</b><br>Normal: 1.3 kPa<br>Period: 1991-2020","2202810","NORMAN+WELLS+CLIMATE",2004,2026
"09-06","TMAX",2001-09-06,17,6.7,28.7,5.56429091019991,10.2,14.4,20.625,22.9,NA,NA,NA,NA,NA,9,2017-09-06,"","DATE: Sep-06<br><b>Maximum temperature</b><br>10-90 percentile<br>10.2 to 22.9 °C","Historical daily maximum<br>28.7 °C<br>2017-09-06","DATE: Sep-06</b><br>Normal: 17.0 °C<br>Period: 1991-2020","2202810","NORMAN+WELLS+CLIMATE",2004,2026
"09-06","TMIN",2001-09-06,2.525,-6.7,11.9,5.15590276608601,-3.55,-0.9,6.75,8.35,NA,NA,NA,NA,NA,9,2006-09-06,"","DATE: Sep-06<br><b>Minimum temperature</b><br>10-90 percentile<br>-3.5 to 8.3 °C","Historical daily maximum<br>11.9 °C<br>2006-09-06","DATE: Sep-06</b><br>Normal: 2.5 °C<br>Period: 1991-2020","2202810","NORMAN+WELLS+CLIMATE",2004,2026
"09-06","VPD",2001-09-06,1.26489036051572,0.479929378801637,2.96208204631908,0.630172911000886,0.67217360656594,0.870483510823072,1.47227969363035,1.98383419444983,NA,NA,NA,NA,NA,9,2017-09-06,"","DATE: Sep-06<br><b>Vapour pressure deficit</b><br>10-90 percentile<br>0.7 to 2.0 kPa","Historical daily maximum<br>3.0 kPa<br>2017-09-06","DATE: Sep-06</b><br>Normal: 1.3 kPa<br>Period: 1991-2020","2202810","NORMAN+WELLS+CLIMATE",2004,2026
"09-07","TMAX",2001-09-07,15.825,6.6,24.2,5.41485610766036,8.75,12.225,19.6,22,NA,NA,NA,NA,NA,9,2013-09-07,"","DATE: Sep-07<br><b>Maximum temperature</b><br>10-90 percentile<br>8.8 to 22.0 °C","Historical daily maximum<br>24.2 °C<br>2013-09-07","DATE: Sep-07</b><br>Normal: 15.8 °C<br>Period: 1991-2020","2202810","NORMAN+WELLS+CLIMATE",2004,2026
"09-07","TMIN",2001-09-07,1.225,-9.1,9.9,4.60687891455086,-2.8,-0.725,3.975,6.7,NA,NA,NA,NA,NA,9,2013-09-07,"","DATE: Sep-07<br><b>Minimum temperature</b><br>10-90 percentile<br>-2.8 to 6.7 °C","Historical daily maximum<br>9.9 °C<br>2013-09-07","DATE: Sep-07</b><br>Normal: 1.2 °C<br>Period: 1991-2020","2202810","NORMAN+WELLS+CLIMATE",2004,2026
"09-07","VPD",2001-09-07,1.18760405421218,0.354923588366234,1.91283443939636,0.540642824235915,0.491759637576877,0.767708386899867,1.7020077257157,1.84326367895338,NA,NA,NA,NA,NA,9,2006-09-07,"","DATE: Sep-07<br><b>Vapour pressure deficit</b><br>10-90 percentile<br>0.5 to 1.8 kPa","Historical daily maximum<br>1.9 kPa<br>2006-09-07","DATE: Sep-07</b><br>Normal: 1.2 kPa<br>Period: 1991-2020","2202810","NORMAN+WELLS+CLIMATE",2004,2026
"09-08","TMAX",2001-09-08,14.66875,6.8,22.5,5.1422068868013,8.85,9.9,19.05,20.8,NA,NA,NA,NA,NA,9,2006-09-08,"","DATE: Sep-08<br><b>Maximum temperature</b><br>10-90 percentile<br>8.8 to 20.8 °C","Historical daily maximum<br>22.5 °C<br>2006-09-08","DATE: Sep-08</b><br>Normal: 14.7 °C<br>Period: 1991-2020","2202810","NORMAN+WELLS+CLIMATE",2004,2026
"09-08","TMIN",2001-09-08,1.80625,-6.6,12.6,5.47107165005175,-4,-2.075,6.025,8.45,NA,NA,NA,NA,NA,9,2010-09-08,"","DATE: Sep-08<br><b>Minimum temperature</b><br>10-90 percentile<br>-4.0 to 8.4 °C","Historical daily maximum<br>12.6 °C<br>2010-09-08","DATE: Sep-08</b><br>Normal: 1.8 °C<br>Period: 1991-2020","2202810","NORMAN+WELLS+CLIMATE",2004,2026
"09-08","VPD",2001-09-08,1.00301011595786,0.384589306674078,1.99396763408274,0.564352729284719,0.456272630643294,0.531554200516037,1.66820674495651,1.75422534947903,NA,NA,NA,NA,NA,9,2011-09-08,"","DATE: Sep-08<br><b>Vapour pressure deficit</b><br>10-90 percentile<br>0.5 to 1.8 kPa","Historical daily maximum<br>2.0 kPa<br>2011-09-08","DATE: Sep-08</b><br>Normal: 1.0 kPa<br>Period: 1991-2020","2202810","NORMAN+WELLS+CLIMATE",2004,2026
"09-09","TMAX",2001-09-09,15.1,8.2,24.7,4.78218917791144,10.1,11,18.35,20.75,NA,NA,NA,NA,NA,9,2019-09-09,"","DATE: Sep-09<br><b>Maximum temperature</b><br>10-90 percentile<br>10.1 to 20.8 °C","Historical daily maximum<br>24.7 °C<br>2019-09-09","DATE: Sep-09</b><br>Normal: 15.1 °C<br>Period: 1991-2020","2202810","NORMAN+WELLS+CLIMATE",2004,2026
"09-09","TMIN",2001-09-09,2.2875,-6.9,7.4,4.21882685115187,-4.2,1.45,5.45,6.5,NA,NA,NA,NA,NA,9,2023-09-09,"","DATE: Sep-09<br><b>Minimum temperature</b><br>10-90 percentile<br>-4.2 to 6.5 °C","Historical daily maximum<br>7.4 °C<br>2023-09-09","DATE: Sep-09</b><br>Normal: 2.3 °C<br>Period: 1991-2020","2202810","NORMAN+WELLS+CLIMATE",2004,2026
"09-09","VPD",2001-09-09,1.0397680563365,0.377237425412333,2.45490074712717,0.538112300148295,0.437360250147843,0.745637563599987,1.20564603410765,1.57745817696431,NA,NA,NA,NA,NA,9,2019-09-09,"","DATE: Sep-09<br><b>Vapour pressure deficit</b><br>10-90 percentile<br>0.4 to 1.6 kPa","Historical daily maximum<br>2.5 kPa<br>2019-09-09","DATE: Sep-09</b><br>Normal: 1.0 kPa<br>Period: 1991-2020","2202810","NORMAN+WELLS+CLIMATE",2004,2026
"09-10","TMAX",2001-09-10,13.5125,1.7,23.1,5.39183023966198,8.35,10.25,16.175,20.4,NA,NA,NA,NA,NA,9,2019-09-10,"","DATE: Sep-10<br><b>Maximum temperature</b><br>10-90 percentile<br>8.3 to 20.4 °C","Historical daily maximum<br>23.1 °C<br>2019-09-10","DATE: Sep-10</b><br>Normal: 13.5 °C<br>Period: 1991-2020","2202810","NORMAN+WELLS+CLIMATE",2004,2026
"09-10","TMIN",2001-09-10,1.175,-4.4,8.3,3.90222158947097,-3.3,-1.475,4.575,6.1,NA,NA,NA,NA,NA,9,2007-09-10,"","DATE: Sep-10<br><b>Minimum temperature</b><br>10-90 percentile<br>-3.3 to 6.1 °C","Historical daily maximum<br>8.3 °C<br>2007-09-10","DATE: Sep-10</b><br>Normal: 1.2 °C<br>Period: 1991-2020","2202810","NORMAN+WELLS+CLIMATE",2004,2026
"09-10","VPD",2001-09-10,0.939604779039946,0.075374835144042,1.92324601372133,0.576990509424025,0.362586950815346,0.47855347823757,1.1629033638385,1.86123526036908,NA,NA,NA,NA,NA,9,2019-09-10,"","DATE: Sep-10<br><b>Vapour pressure deficit</b><br>10-90 percentile<br>0.4 to 1.9 kPa","Historical daily maximum<br>1.9 kPa<br>2019-09-10","DATE: Sep-10</b><br>Normal: 0.9 kPa<br>Period: 1991-2020","2202810","NORMAN+WELLS+CLIMATE",2004,2026
"09-11","TMAX",2001-09-11,12.30625,1.5,21.8,5.51488516048461,6.25,9.375,15.625,19.15,NA,NA,NA,NA,NA,9,2025-09-11,"","DATE: Sep-11<br><b>Maximum temperature</b><br>10-90 percentile<br>6.2 to 19.1 °C","Historical daily maximum<br>21.8 °C<br>2025-09-11","DATE: Sep-11</b><br>Normal: 12.3 °C<br>Period: 1991-2020","2202810","NORMAN+WELLS+CLIMATE",2004,2026
"09-11","TMIN",2001-09-11,1.9875,-6.7,7.9,3.70330933085531,-0.95,0.1,3.85,7.05,NA,NA,NA,NA,NA,9,2021-09-11,"","DATE: Sep-11<br><b>Minimum temperature</b><br>10-90 percentile<br>-0.9 to 7.0 °C","Historical daily maximum<br>7.9 °C<br>2021-09-11","DATE: Sep-11</b><br>Normal: 2.0 °C<br>Period: 1991-2020","2202810","NORMAN+WELLS+CLIMATE",2004,2026
"09-11","VPD",2001-09-11,0.783390069772601,0.0610391255725965,1.74563136001714,0.542137918609354,0.247031925817468,0.36441271198829,1.16546290250757,1.58916461382904,NA,NA,NA,NA,NA,9,2025-09-11,"","DATE: Sep-11<br><b>Vapour pressure deficit</b><br>10-90 percentile<br>0.2 to 1.6 kPa","Historical daily maximum<br>1.7 kPa<br>2025-09-11","DATE: Sep-11</b><br>Normal: 0.8 kPa<br>Period: 1991-2020","2202810","NORMAN+WELLS+CLIMATE",2004,2026
"09-12","TMAX",2001-09-12,12.7625,5.3,21,4.63060471212994,7.7,9.325,15.425,19.55,NA,NA,NA,NA,NA,9,2023-09-12,"","DATE: Sep-12<br><b>Maximum temperature</b><br>10-90 percentile<br>7.7 to 19.6 °C","Historical daily maximum<br>21.0 °C<br>2023-09-12","DATE: Sep-12</b><br>Normal: 12.8 °C<br>Period: 1991-2020","2202810","NORMAN+WELLS+CLIMATE",2004,2026
"09-12","TMIN",2001-09-12,-0.06875,-10.8,8.9,4.47849956272559,-3.35,-2.45,2.825,4.55,NA,NA,NA,NA,NA,9,2013-09-12,"","DATE: Sep-12<br><b>Minimum temperature</b><br>10-90 percentile<br>-3.4 to 4.5 °C","Historical daily maximum<br>8.9 °C<br>2013-09-12","DATE: Sep-12</b><br>Normal: -0.1 °C<br>Period: 1991-2020","2202810","NORMAN+WELLS+CLIMATE",2004,2026
"09-12","VPD",2001-09-12,0.898043715771606,0.345090791800205,1.80131032293386,0.403660324328902,0.403160863240407,0.66752782139718,1.07824020182582,1.37532707219347,NA,NA,NA,NA,NA,9,2023-09-12,"","DATE: Sep-12<br><b>Vapour pressure deficit</b><br>10-90 percentile<br>0.4 to 1.4 kPa","Historical daily maximum<br>1.8 kPa<br>2023-09-12","DATE: Sep-12</b><br>Normal: 0.9 kPa<br>Period: 1991-2020","2202810","NORMAN+WELLS+CLIMATE",2004,2026
"09-13","TMAX",2001-09-13,12.6,5.1,20.5,5.07227759492715,7.55,8.5,16.775,19.15,NA,NA,NA,NA,NA,9,2009-09-13,"","DATE: Sep-13<br><b>Maximum temperature</b><br>10-90 percentile<br>7.6 to 19.1 °C","Historical daily maximum<br>20.5 °C<br>2009-09-13","DATE: Sep-13</b><br>Normal: 12.6 °C<br>Period: 1991-2020","2202810","NORMAN+WELLS+CLIMATE",2004,2026
"09-13","TMIN",2001-09-13,0.74375,-9.4,5.9,4.40983276326892,-4.15,-2.025,4.875,5.4,NA,NA,NA,NA,NA,9,2024-09-13,"","DATE: Sep-13<br><b>Minimum temperature</b><br>10-90 percentile<br>-4.2 to 5.4 °C","Historical daily maximum<br>5.9 °C<br>2024-09-13","DATE: Sep-13</b><br>Normal: 0.7 °C<br>Period: 1991-2020","2202810","NORMAN+WELLS+CLIMATE",2004,2026
"09-13","VPD",2001-09-13,0.856300386050441,0.221709689299487,1.56500497633032,0.465285722569859,0.305291917539071,0.445130855013085,1.21318673143658,1.51712857069489,NA,NA,NA,NA,NA,9,2014-09-13,"","DATE: Sep-13<br><b>Vapour pressure deficit</b><br>10-90 percentile<br>0.3 to 1.5 kPa","Historical daily maximum<br>1.6 kPa<br>2014-09-13","DATE: Sep-13</b><br>Normal: 0.9 kPa<br>Period: 1991-2020","2202810","NORMAN+WELLS+CLIMATE",2004,2026
"09-14","TMAX",2001-09-14,12.1125,4.8,24.4,5.3390230067557,5.65,9.35,15.5,18.5,NA,NA,NA,NA,NA,9,2011-09-14,"","DATE: Sep-14<br><b>Maximum temperature</b><br>10-90 percentile<br>5.6 to 18.5 °C","Historical daily maximum<br>24.4 °C<br>2011-09-14","DATE: Sep-14</b><br>Normal: 12.1 °C<br>Period: 1991-2020","2202810","NORMAN+WELLS+CLIMATE",2004,2026
"09-14","TMIN",2001-09-14,-0.16875,-5.9,5.9,3.64046128029585,-5.2,-2.375,2.825,4.3,NA,NA,NA,NA,NA,9,2023-09-14,"","DATE: Sep-14<br><b>Minimum temperature</b><br>10-90 percentile<br>-5.2 to 4.3 °C","Historical daily maximum<br>5.9 °C<br>2023-09-14","DATE: Sep-14</b><br>Normal: -0.2 °C<br>Period: 1991-2020","2202810","NORMAN+WELLS+CLIMATE",2004,2026
"09-14","VPD",2001-09-14,0.869427380639683,0.24940741349226,2.40902187874171,0.568789967502733,0.309684156291687,0.496082349948515,0.915542326154721,1.54923138932314,NA,NA,NA,NA,NA,9,2011-09-14,"","DATE: Sep-14<br><b>Vapour pressure deficit</b><br>10-90 percentile<br>0.3 to 1.5 kPa","Historical daily maximum<br>2.4 kPa<br>2011-09-14","DATE: Sep-14</b><br>Normal: 0.9 kPa<br>Period: 1991-2020","2202810","NORMAN+WELLS+CLIMATE",2004,2026
"09-15","TMAX",2001-09-15,10.6375,2.6,19.3,4.57789980959246,5.35,7.725,12.35,16.65,NA,NA,NA,NA,NA,9,2023-09-15,"","DATE: Sep-15<br><b>Maximum temperature</b><br>10-90 percentile<br>5.3 to 16.6 °C","Historical daily maximum<br>19.3 °C<br>2023-09-15","DATE: Sep-15</b><br>Normal: 10.6 °C<br>Period: 1991-2020","2202810","NORMAN+WELLS+CLIMATE",2004,2026
"09-15","TMIN",2001-09-15,0.275,-10.3,5.6,4.44424721784616,-5.15,-1.45,3.625,4.65,NA,NA,NA,NA,NA,9,2014-09-15,"","DATE: Sep-15<br><b>Minimum temperature</b><br>10-90 percentile<br>-5.2 to 4.6 °C","Historical daily maximum<br>5.6 °C<br>2014-09-15","DATE: Sep-15</b><br>Normal: 0.3 °C<br>Period: 1991-2020","2202810","NORMAN+WELLS+CLIMATE",2004,2026
"09-15","VPD",2001-09-15,0.683413476246028,0.183952006787297,1.47569695497405,0.377615819230884,0.283564355328839,0.464825233837913,0.76942432821452,1.28697559395076,NA,NA,NA,NA,NA,9,2023-09-15,"","DATE: Sep-15<br><b>Vapour pressure deficit</b><br>10-90 percentile<br>0.3 to 1.3 kPa","Historical daily maximum<br>1.5 kPa<br>2023-09-15","DATE: Sep-15</b><br>Normal: 0.7 kPa<br>Period: 1991-2020","2202810","NORMAN+WELLS+CLIMATE",2004,2026
"09-16","TMAX",2001-09-16,11.125,3.5,17.1,3.92929170886221,5.55,9.375,14.7,15.2,NA,NA,NA,NA,NA,9,2023-09-16,"","DATE: Sep-16<br><b>Maximum temperature</b><br>10-90 percentile<br>5.5 to 15.2 °C","Historical daily maximum<br>17.1 °C<br>2023-09-16","DATE: Sep-16</b><br>Normal: 11.1 °C<br>Period: 1991-2020","2202810","NORMAN+WELLS+CLIMATE",2004,2026
"09-16","TMIN",2001-09-16,0.9125,-9,6.7,4.31398887342098,-3.3,-1.725,4.925,5.55,NA,NA,NA,NA,NA,9,2011-09-16,"","DATE: Sep-16<br><b>Minimum temperature</b><br>10-90 percentile<br>-3.3 to 5.5 °C","Historical daily maximum<br>6.7 °C<br>2011-09-16","DATE: Sep-16</b><br>Normal: 0.9 °C<br>Period: 1991-2020","2202810","NORMAN+WELLS+CLIMATE",2004,2026
"09-16","VPD",2001-09-16,0.682064511999496,0.15169409866991,1.21352117401359,0.273123376806152,0.34937501496007,0.556144059999672,0.816113239216473,0.992224136734574,NA,NA,NA,NA,NA,9,2023-09-16,"","DATE: Sep-16<br><b>Vapour pressure deficit</b><br>10-90 percentile<br>0.3 to 1.0 kPa","Historical daily maximum<br>1.2 kPa<br>2023-09-16","DATE: Sep-16</b><br>Normal: 0.7 kPa<br>Period: 1991-2020","2202810","NORMAN+WELLS+CLIMATE",2004,2026
"09-17","TMAX",2001-09-17,11.95,3.7,18.8,4.88344140949802,5.5,8.35,17.05,17.6,NA,NA,NA,NA,NA,9,2025-09-17,"","DATE: Sep-17<br><b>Maximum temperature</b><br>10-90 percentile<br>5.5 to 17.6 °C","Historical daily maximum<br>18.8 °C<br>2025-09-17","DATE: Sep-17</b><br>Normal: 11.9 °C<br>Period: 1991-2020","2202810","NORMAN+WELLS+CLIMATE",2004,2026
"09-17","TMIN",2001-09-17,0.91875,-7.4,9.1,4.25663697457668,-3.2,-1.3,4.3,6.15,NA,NA,NA,NA,NA,9,2009-09-17,"","DATE: Sep-17<br><b>Minimum temperature</b><br>10-90 percentile<br>-3.2 to 6.2 °C","Historical daily maximum<br>9.1 °C<br>2009-09-17","DATE: Sep-17</b><br>Normal: 0.9 °C<br>Period: 1991-2020","2202810","NORMAN+WELLS+CLIMATE",2004,2026
"09-17","VPD",2001-09-17,0.778314557612109,0.117542416035713,1.49157537254122,0.491137483803263,0.213537390500001,0.351939290938733,1.35099830456996,1.42639839055675,NA,NA,NA,NA,NA,9,2023-09-17,"","DATE: Sep-17<br><b>Vapour pressure deficit</b><br>10-90 percentile<br>0.2 to 1.4 kPa","Historical daily maximum<br>1.5 kPa<br>2023-09-17","DATE: Sep-17</b><br>Normal: 0.8 kPa<br>Period: 1991-2020","2202810","NORMAN+WELLS+CLIMATE",2004,2026
"09-18","TMAX",2001-09-18,11.9,4.9,17.4,4.51631961414854,5.52,8.5,15.8,17.06,NA,NA,NA,NA,NA,9,2025-09-18,"","DATE: Sep-18<br><b>Maximum temperature</b><br>10-90 percentile<br>5.5 to 17.1 °C","Historical daily maximum<br>17.4 °C<br>2025-09-18","DATE: Sep-18</b><br>Normal: 11.9 °C<br>Period: 1991-2020","2202810","NORMAN+WELLS+CLIMATE",2004,2026
"09-18","TMIN",2001-09-18,-0.4125,-11.8,5.8,4.17961321974494,-3.25,-2.9,2.375,3.85,NA,NA,NA,NA,NA,9,2025-09-18,"","DATE: Sep-18<br><b>Minimum temperature</b><br>10-90 percentile<br>-3.2 to 3.8 °C","Historical daily maximum<br>5.8 °C<br>2025-09-18","DATE: Sep-18</b><br>Normal: -0.4 °C<br>Period: 1991-2020","2202810","NORMAN+WELLS+CLIMATE",2004,2026
"09-18","VPD",2001-09-18,0.838372112223257,0.198587314349036,1.45674948385919,0.436612593547645,0.313094613242394,0.526954911077655,1.21725513830534,1.39860286315598,NA,NA,NA,NA,NA,9,2006-09-18,"","DATE: Sep-18<br><b>Vapour pressure deficit</b><br>10-90 percentile<br>0.3 to 1.4 kPa","Historical daily maximum<br>1.5 kPa<br>2006-09-18","DATE: Sep-18</b><br>Normal: 0.8 kPa<br>Period: 1991-2020","2202810","NORMAN+WELLS+CLIMATE",2004,2026
"09-19","TMAX",2001-09-19,10.46875,3.3,17.8,4.64897390112413,5.7,7.025,15.025,16.55,NA,NA,NA,NA,NA,9,2025-09-19,"","DATE: Sep-19<br><b>Maximum temperature</b><br>10-90 percentile<br>5.7 to 16.5 °C","Historical daily maximum<br>17.8 °C<br>2025-09-19","DATE: Sep-19</b><br>Normal: 10.5 °C<br>Period: 1991-2020","2202810","NORMAN+WELLS+CLIMATE",2004,2026
"09-19","TMIN",2001-09-19,1.19375,-11.4,9.1,4.61121368694476,-2.05,-0.95,3.55,5.9,NA,NA,NA,NA,NA,9,2006-09-19,"","DATE: Sep-19<br><b>Minimum temperature</b><br>10-90 percentile<br>-2.0 to 5.9 °C","Historical daily maximum<br>9.1 °C<br>2006-09-19","DATE: Sep-19</b><br>Normal: 1.2 °C<br>Period: 1991-2020","2202810","NORMAN+WELLS+CLIMATE",2004,2026
"09-19","VPD",2001-09-19,0.623882269306103,0.162613408957302,1.51076633071071,0.389885771745715,0.259452602825926,0.412842626329644,0.707669716902255,1.20538579912566,NA,NA,NA,NA,NA,9,2025-09-19,"","DATE: Sep-19<br><b>Vapour pressure deficit</b><br>10-90 percentile<br>0.3 to 1.2 kPa","Historical daily maximum<br>1.5 kPa<br>2025-09-19","DATE: Sep-19</b><br>Normal: 0.6 kPa<br>Period: 1991-2020","2202810","NORMAN+WELLS+CLIMATE",2004,2026
"09-20","TMAX",2001-09-20,11.5,0.5,22.7,5.60249944221327,5.6,6.575,14.85,16.75,NA,NA,NA,NA,NA,9,2012-09-20,"","DATE: Sep-20<br><b>Maximum temperature</b><br>10-90 percentile<br>5.6 to 16.8 °C","Historical daily maximum<br>22.7 °C<br>2012-09-20","DATE: Sep-20</b><br>Normal: 11.5 °C<br>Period: 1991-2020","2202810","NORMAN+WELLS+CLIMATE",2004,2026
"09-20","TMIN",2001-09-20,-0.14375,-11.3,5.1,3.82900661616909,-3,-1.4,2.1,3.65,NA,NA,NA,NA,NA,9,2008-09-20,"","DATE: Sep-20<br><b>Minimum temperature</b><br>10-90 percentile<br>-3.0 to 3.6 °C","Historical daily maximum<br>5.1 °C<br>2008-09-20","DATE: Sep-20</b><br>Normal: -0.1 °C<br>Period: 1991-2020","2202810","NORMAN+WELLS+CLIMATE",2004,2026
"09-20","VPD",2001-09-20,0.812054801180868,0.0270179418604037,2.05322019245642,0.480559668936051,0.30913208378457,0.516200877743623,1.06043958193852,1.24365202018601,NA,NA,NA,NA,NA,9,2012-09-20,"","DATE: Sep-20<br><b>Vapour pressure deficit</b><br>10-90 percentile<br>0.3 to 1.2 kPa","Historical daily maximum<br>2.1 kPa<br>2012-09-20","DATE: Sep-20</b><br>Normal: 0.8 kPa<br>Period: 1991-2020","2202810","NORMAN+WELLS+CLIMATE",2004,2026
"09-21","TMAX",2001-09-21,11.60625,2.3,24.7,6.54191294653177,3.45,6.4,15.75,19,NA,NA,NA,NA,NA,9,2012-09-21,"","DATE: Sep-21<br><b>Maximum temperature</b><br>10-90 percentile<br>3.4 to 19.0 °C","Historical daily maximum<br>24.7 °C<br>2012-09-21","DATE: Sep-21</b><br>Normal: 11.6 °C<br>Period: 1991-2020","2202810","NORMAN+WELLS+CLIMATE",2004,2026
"09-21","TMIN",2001-09-21,0.20625,-10.3,7.9,4.25056368810852,-2.55,-1.225,1.325,6,NA,NA,NA,NA,NA,9,2012-09-21,"","DATE: Sep-21<br><b>Minimum temperature</b><br>10-90 percentile<br>-2.5 to 6.0 °C","Historical daily maximum<br>7.9 °C<br>2012-09-21","DATE: Sep-21</b><br>Normal: 0.2 °C<br>Period: 1991-2020","2202810","NORMAN+WELLS+CLIMATE",2004,2026
"09-21","VPD",2001-09-21,0.831839135694854,0.118969213442006,2.04612558120878,0.582175526704655,0.214653504991985,0.296239042299442,1.17280784819905,1.58042888189778,NA,NA,NA,NA,NA,9,2012-09-21,"","DATE: Sep-21<br><b>Vapour pressure deficit</b><br>10-90 percentile<br>0.2 to 1.6 kPa","Historical daily maximum<br>2.0 kPa<br>2012-09-21","DATE: Sep-21</b><br>Normal: 0.8 kPa<br>Period: 1991-2020","2202810","NORMAN+WELLS+CLIMATE",2004,2026
"09-22","TMAX",2001-09-22,11.34375,3.4,24.6,6.20429622654066,3.55,6.725,14.175,18.75,NA,NA,NA,NA,NA,9,2016-09-22,"","DATE: Sep-22<br><b>Maximum temperature</b><br>10-90 percentile<br>3.5 to 18.8 °C","Historical daily maximum<br>24.6 °C<br>2016-09-22","DATE: Sep-22</b><br>Normal: 11.3 °C<br>Period: 1991-2020","2202810","NORMAN+WELLS+CLIMATE",2004,2026
"09-22","TMIN",2001-09-22,-0.41875,-7.7,3.9,3.25458010604543,-4,-2.325,2.625,2.9,NA,NA,NA,NA,NA,9,2022-09-22,"","DATE: Sep-22<br><b>Minimum temperature</b><br>10-90 percentile<br>-4.0 to 2.9 °C","Historical daily maximum<br>3.9 °C<br>2022-09-22","DATE: Sep-22</b><br>Normal: -0.4 °C<br>Period: 1991-2020","2202810","NORMAN+WELLS+CLIMATE",2004,2026
"09-22","VPD",2001-09-22,0.835847565554871,0.176500097555348,2.46881622265196,0.63727972096334,0.257963566269062,0.32504417811553,1.13117403694819,1.59266236813344,NA,NA,NA,NA,NA,9,2016-09-22,"","DATE: Sep-22<br><b>Vapour pressure deficit</b><br>10-90 percentile<br>0.3 to 1.6 kPa","Historical daily maximum<br>2.5 kPa<br>2016-09-22","DATE: Sep-22</b><br>Normal: 0.8 kPa<br>Period: 1991-2020","2202810","NORMAN+WELLS+CLIMATE",2004,2026
"09-23","TMAX",2001-09-23,10.40625,4.6,25.2,5.5347952386094,5,6.1,12,16.25,NA,NA,NA,NA,NA,9,2012-09-23,"","DATE: Sep-23<br><b>Maximum temperature</b><br>10-90 percentile<br>5.0 to 16.2 °C","Historical daily maximum<br>25.2 °C<br>2012-09-23","DATE: Sep-23</b><br>Normal: 10.4 °C<br>Period: 1991-2020","2202810","NORMAN+WELLS+CLIMATE",2004,2026
"09-23","TMIN",2001-09-23,-0.1625,-5.4,10.7,3.9889639423456,-4,-2.6,0.8,4.3,NA,NA,NA,NA,NA,9,2012-09-23,"","DATE: Sep-23<br><b>Minimum temperature</b><br>10-90 percentile<br>-4.0 to 4.3 °C","Historical daily maximum<br>10.7 °C<br>2012-09-23","DATE: Sep-23</b><br>Normal: -0.2 °C<br>Period: 1991-2020","2202810","NORMAN+WELLS+CLIMATE",2004,2026
"09-23","VPD",2001-09-23,0.71537310764848,0.232992655464458,1.91894735475184,0.46077053555875,0.262812372198824,0.423796211390128,0.83033378063065,1.31205064394202,NA,NA,NA,NA,NA,9,2012-09-23,"","DATE: Sep-23<br><b>Vapour pressure deficit</b><br>10-90 percentile<br>0.3 to 1.3 kPa","Historical daily maximum<br>1.9 kPa<br>2012-09-23","DATE: Sep-23</b><br>Normal: 0.7 kPa<br>Period: 1991-2020","2202810","NORMAN+WELLS+CLIMATE",2004,2026
"09-24","TMAX",2001-09-24,8.99333333333333,2.5,18.7,5.06380244856523,3.1,5.1,11.85,15.88,NA,NA,NA,NA,NA,9,2012-09-24,"","DATE: Sep-24<br><b>Maximum temperature</b><br>10-90 percentile<br>3.1 to 15.9 °C","Historical daily maximum<br>18.7 °C<br>2012-09-24","DATE: Sep-24</b><br>Normal: 9.0 °C<br>Period: 1991-2020","2202810","NORMAN+WELLS+CLIMATE",2004,2026
"09-24","TMIN",2001-09-24,-0.60625,-6,4,3.01252247571145,-3.7,-3.525,1.65,3.35,NA,NA,NA,NA,NA,9,2024-09-24,"","DATE: Sep-24<br><b>Minimum temperature</b><br>10-90 percentile<br>-3.7 to 3.4 °C","Historical daily maximum<br>4.0 °C<br>2024-09-24","DATE: Sep-24</b><br>Normal: -0.6 °C<br>Period: 1991-2020","2202810","NORMAN+WELLS+CLIMATE",2004,2026
"09-24","VPD",2001-09-24,0.600866482032199,0.139538801830679,1.53685411181125,0.416912206617285,0.215730815821873,0.311335913747128,0.814233817229518,1.16562376893055,NA,NA,NA,NA,NA,9,2012-09-24,"","DATE: Sep-24<br><b>Vapour pressure deficit</b><br>10-90 percentile<br>0.2 to 1.2 kPa","Historical daily maximum<br>1.5 kPa<br>2012-09-24","DATE: Sep-24</b><br>Normal: 0.6 kPa<br>Period: 1991-2020","2202810","NORMAN+WELLS+CLIMATE",2004,2026
"09-25","TMAX",2001-09-25,7.8,2.4,16.4,4.31756103990822,3.4,4.125,10.2,14.3,NA,NA,NA,NA,NA,9,2025-09-25,"","DATE: Sep-25<br><b>Maximum temperature</b><br>10-90 percentile<br>3.4 to 14.3 °C","Historical daily maximum<br>16.4 °C<br>2025-09-25","DATE: Sep-25</b><br>Normal: 7.8 °C<br>Period: 1991-2020","2202810","NORMAN+WELLS+CLIMATE",2004,2026
"09-25","TMIN",2001-09-25,-1.325,-8.1,3.4,3.47111893582843,-4.85,-4.075,1.6,3.15,NA,NA,NA,NA,NA,9,2020-09-25,"","DATE: Sep-25<br><b>Minimum temperature</b><br>10-90 percentile<br>-4.8 to 3.2 °C","Historical daily maximum<br>3.4 °C<br>2020-09-25","DATE: Sep-25</b><br>Normal: -1.3 °C<br>Period: 1991-2020","2202810","NORMAN+WELLS+CLIMATE",2004,2026
"09-25","VPD",2001-09-25,0.52891797315776,0.155559742504338,1.30989408055325,0.355672425804861,0.248849438829726,0.270205942137639,0.714151297815072,1.01366724739041,NA,NA,NA,NA,NA,9,2025-09-25,"","DATE: Sep-25<br><b>Vapour pressure deficit</b><br>10-90 percentile<br>0.2 to 1.0 kPa","Historical daily maximum<br>1.3 kPa<br>2025-09-25","DATE: Sep-25</b><br>Normal: 0.5 kPa<br>Period: 1991-2020","2202810","NORMAN+WELLS+CLIMATE",2004,2026
"09-26","TMAX",2001-09-26,7.21875,1.3,15.8,3.62807915202154,3.35,5,9.3,10.95,NA,NA,NA,NA,NA,9,2012-09-26,"","DATE: Sep-26<br><b>Maximum temperature</b><br>10-90 percentile<br>3.4 to 10.9 °C","Historical daily maximum<br>15.8 °C<br>2012-09-26","DATE: Sep-26</b><br>Normal: 7.2 °C<br>Period: 1991-2020","2202810","NORMAN+WELLS+CLIMATE",2004,2026
"09-26","TMIN",2001-09-26,-2.19375,-8.6,3.3,3.12313277548895,-6.65,-3.325,-0.1,0.6,NA,NA,NA,NA,NA,9,2023-09-26,"","DATE: Sep-26<br><b>Minimum temperature</b><br>10-90 percentile<br>-6.6 to 0.6 °C","Historical daily maximum<br>3.3 °C<br>2023-09-26","DATE: Sep-26</b><br>Normal: -2.2 °C<br>Period: 1991-2020","2202810","NORMAN+WELLS+CLIMATE",2004,2026
"09-26","VPD",2001-09-26,0.512885219362274,0.175269130738202,1.2638616009781,0.300557364335569,0.193575713891502,0.250450887756481,0.705441817898794,0.787880465542157,NA,NA,NA,NA,NA,9,2012-09-26,"","DATE: Sep-26<br><b>Vapour pressure deficit</b><br>10-90 percentile<br>0.2 to 0.8 kPa","Historical daily maximum<br>1.3 kPa<br>2012-09-26","DATE: Sep-26</b><br>Normal: 0.5 kPa<br>Period: 1991-2020","2202810","NORMAN+WELLS+CLIMATE",2004,2026
"09-27","TMAX",2001-09-27,7.3875,2.2,17.6,4.23223739094741,3.3,4.35,10.025,12.3,NA,NA,NA,NA,NA,9,2012-09-27,"","DATE: Sep-27<br><b>Maximum temperature</b><br>10-90 percentile<br>3.3 to 12.3 °C","Historical daily maximum<br>17.6 °C<br>2012-09-27","DATE: Sep-27</b><br>Normal: 7.4 °C<br>Period: 1991-2020","2202810","NORMAN+WELLS+CLIMATE",2004,2026
"09-27","TMIN",2001-09-27,-2.1625,-8.5,5.7,3.79400843436068,-6.5,-5.075,-0.175,2.35,NA,NA,NA,NA,NA,9,2006-09-27,"","DATE: Sep-27<br><b>Minimum temperature</b><br>10-90 percentile<br>-6.5 to 2.4 °C","Historical daily maximum<br>5.7 °C<br>2006-09-27","DATE: Sep-27</b><br>Normal: -2.2 °C<br>Period: 1991-2020","2202810","NORMAN+WELLS+CLIMATE",2004,2026
"09-27","VPD",2001-09-27,0.528423604516302,0.18839543987579,1.49299330059715,0.316087036630777,0.27899603757198,0.326669576126648,0.654606044964337,0.78424094968427,NA,NA,NA,NA,NA,9,2012-09-27,"","DATE: Sep-27<br><b>Vapour pressure deficit</b><br>10-90 percentile<br>0.3 to 0.8 kPa","Historical daily maximum<br>1.5 kPa<br>2012-09-27","DATE: Sep-27</b><br>Normal: 0.5 kPa<br>Period: 1991-2020","2202810","NORMAN+WELLS+CLIMATE",2004,2026
"09-28","TMAX",2001-09-28,7.06875,1.4,17.6,4.2257494404346,2.85,4.275,8.825,12.15,NA,NA,NA,NA,NA,9,2012-09-28,"","DATE: Sep-28<br><b>Maximum temperature</b><br>10-90 percentile<br>2.8 to 12.2 °C","Historical daily maximum<br>17.6 °C<br>2012-09-28","DATE: Sep-28</b><br>Normal: 7.1 °C<br>Period: 1991-2020","2202810","NORMAN+WELLS+CLIMATE",2004,2026
"09-28","TMIN",2001-09-28,-0.475,-7.4,5.5,3.72513981840503,-4.95,-2.35,2.075,4.15,NA,NA,NA,NA,NA,9,2017-09-28,"","DATE: Sep-28<br><b>Minimum temperature</b><br>10-90 percentile<br>-5.0 to 4.2 °C","Historical daily maximum<br>5.5 °C<br>2017-09-28","DATE: Sep-28</b><br>Normal: -0.5 °C<br>Period: 1991-2020","2202810","NORMAN+WELLS+CLIMATE",2004,2026
"09-28","VPD",2001-09-28,0.436185436178967,0.16009710790535,1.46941491369303,0.325479553122938,0.175962028675854,0.268046343809689,0.461110852390949,0.727556580057382,NA,NA,NA,NA,NA,9,2012-09-28,"","DATE: Sep-28<br><b>Vapour pressure deficit</b><br>10-90 percentile<br>0.2 to 0.7 kPa","Historical daily maximum<br>1.5 kPa<br>2012-09-28","DATE: Sep-28</b><br>Normal: 0.4 kPa<br>Period: 1991-2020","2202810","NORMAN+WELLS+CLIMATE",2004,2026
"09-29","TMAX",2001-09-29,7.48666666666667,3.1,14.6,3.93970025449121,3.28,4.1,10.55,12.66,NA,NA,NA,NA,NA,9,2015-09-29,"","DATE: Sep-29<br><b>Maximum temperature</b><br>10-90 percentile<br>3.3 to 12.7 °C","Historical daily maximum<br>14.6 °C<br>2015-09-29","DATE: Sep-29</b><br>Normal: 7.5 °C<br>Period: 1991-2020","2202810","NORMAN+WELLS+CLIMATE",2004,2026
"09-29","TMIN",2001-09-29,-1.17333333333333,-5.6,6.8,3.26068938080511,-5.06,-3.8,0.25,1.7,NA,NA,NA,NA,NA,9,2006-09-29,"","DATE: Sep-29<br><b>Minimum temperature</b><br>10-90 percentile<br>-5.1 to 1.7 °C","Historical daily maximum<br>6.8 °C<br>2006-09-29","DATE: Sep-29</b><br>Normal: -1.2 °C<br>Period: 1991-2020","2202810","NORMAN+WELLS+CLIMATE",2004,2026
"09-29","VPD",2001-09-29,0.493249660590496,0.0980672116762186,1.11467030887311,0.320358912571329,0.178716768150524,0.230464940034359,0.643336648362333,0.984223659269645,NA,NA,NA,NA,NA,9,2015-09-29,"","DATE: Sep-29<br><b>Vapour pressure deficit</b><br>10-90 percentile<br>0.2 to 1.0 kPa","Historical daily maximum<br>1.1 kPa<br>2015-09-29","DATE: Sep-29</b><br>Normal: 0.5 kPa<br>Period: 1991-2020","2202810","NORMAN+WELLS+CLIMATE",2004,2026
"09-30","TMAX",2001-09-30,6.45333333333333,1.4,14.6,4.45723595751362,1.84,3.3,8.5,13.68,NA,NA,NA,NA,NA,9,2010-09-30,"","DATE: Sep-30<br><b>Maximum temperature</b><br>10-90 percentile<br>1.8 to 13.7 °C","Historical daily maximum<br>14.6 °C<br>2010-09-30","DATE: Sep-30</b><br>Normal: 6.5 °C<br>Period: 1991-2020","2202810","NORMAN+WELLS+CLIMATE",2004,2026
"09-30","TMIN",2001-09-30,-2.97333333333333,-9.3,1.3,3.40786205846478,-7.84,-5.35,-0.3,0.32,NA,NA,NA,NA,NA,9,2014-09-30,"","DATE: Sep-30<br><b>Minimum temperature</b><br>10-90 percentile<br>-7.8 to 0.3 °C","Historical daily maximum<br>1.3 °C<br>2014-09-30","DATE: Sep-30</b><br>Normal: -3.0 °C<br>Period: 1991-2020","2202810","NORMAN+WELLS+CLIMATE",2004,2026
"09-30","VPD",2001-09-30,0.50149369065858,0.165379930193787,1.26565583988213,0.331982279443395,0.225452104455856,0.287204405234867,0.595693931897068,0.987288076196386,NA,NA,NA,NA,NA,9,2010-09-30,"","DATE: Sep-30<br><b>Vapour pressure deficit</b><br>10-90 percentile<br>0.2 to 1.0 kPa","Historical daily maximum<br>1.3 kPa<br>2010-09-30","DATE: Sep-30</b><br>Normal: 0.5 kPa<br>Period: 1991-2020","2202810","NORMAN+WELLS+CLIMATE",2004,2026
"10-01","TMAX",2001-10-01,6.1,2.2,12,2.70012345396774,2.35,4.475,7.1,9.15,NA,NA,NA,NA,NA,10,2022-10-01,"","DATE: Oct-01<br><b>Maximum temperature</b><br>10-90 percentile<br>2.4 to 9.1 °C","Historical daily maximum<br>12.0 °C<br>2022-10-01","DATE: Oct-01</b><br>Normal: 6.1 °C<br>Period: 1991-2020","2202810","NORMAN+WELLS+CLIMATE",2004,2026
"10-01","TMIN",2001-10-01,-2.8625,-12,3,3.51034186369362,-6.5,-3.975,-0.95,0.35,NA,NA,NA,NA,NA,10,2019-10-01,"","DATE: Oct-01<br><b>Minimum temperature</b><br>10-90 percentile<br>-6.5 to 0.3 °C","Historical daily maximum<br>3.0 °C<br>2019-10-01","DATE: Oct-01</b><br>Normal: -2.9 °C<br>Period: 1991-2020","2202810","NORMAN+WELLS+CLIMATE",2004,2026
"10-01","VPD",2001-10-01,0.447408885006642,0.11383889348434,0.684916698824038,0.187295524636914,0.183987133024246,0.304504895184557,0.60218647358501,0.662087780296494,NA,NA,NA,NA,NA,10,2022-10-01,"","DATE: Oct-01<br><b>Vapour pressure deficit</b><br>10-90 percentile<br>0.2 to 0.7 kPa","Historical daily maximum<br>0.7 kPa<br>2022-10-01","DATE: Oct-01</b><br>Normal: 0.4 kPa<br>Period: 1991-2020","2202810","NORMAN+WELLS+CLIMATE",2004,2026
"10-02","TMAX",2001-10-02,6.6,1.4,15.9,3.88672955923958,2.8,3.55,8.2,11.05,NA,NA,NA,NA,NA,10,2020-10-02,"","DATE: Oct-02<br><b>Maximum temperature</b><br>10-90 percentile<br>2.8 to 11.0 °C","Historical daily maximum<br>15.9 °C<br>2020-10-02","DATE: Oct-02</b><br>Normal: 6.6 °C<br>Period: 1991-2020","2202810","NORMAN+WELLS+CLIMATE",2004,2026
"10-02","TMIN",2001-10-02,-4.08125,-11.3,0.2,3.36990974162019,-8.25,-6.05,-1.425,-0.15,NA,NA,NA,NA,NA,10,2019-10-02,"","DATE: Oct-02<br><b>Minimum temperature</b><br>10-90 percentile<br>-8.2 to -0.2 °C","Historical daily maximum<br>0.2 °C<br>2019-10-02","DATE: Oct-02</b><br>Normal: -4.1 °C<br>Period: 1991-2020","2202810","NORMAN+WELLS+CLIMATE",2004,2026
"10-02","VPD",2001-10-02,0.542305919150822,0.128657904314872,1.27929512457728,0.319770585237431,0.17876030508117,0.375735109405711,0.637919739877799,0.930534021452894,NA,NA,NA,NA,NA,10,2020-10-02,"","DATE: Oct-02<br><b>Vapour pressure deficit</b><br>10-90 percentile<br>0.2 to 0.9 kPa","Historical daily maximum<br>1.3 kPa<br>2020-10-02","DATE: Oct-02</b><br>Normal: 0.5 kPa<br>Period: 1991-2020","2202810","NORMAN+WELLS+CLIMATE",2004,2026
"10-03","TMAX",2001-10-03,7.7,-0.1,18.9,4.72115805002685,2.4,4.925,9.875,12.35,NA,NA,NA,NA,NA,10,2020-10-03,"","DATE: Oct-03<br><b>Maximum temperature</b><br>10-90 percentile<br>2.4 to 12.3 °C","Historical daily maximum<br>18.9 °C<br>2020-10-03","DATE: Oct-03</b><br>Normal: 7.7 °C<br>Period: 1991-2020","2202810","NORMAN+WELLS+CLIMATE",2004,2026
"10-03","TMIN",2001-10-03,-2.45625,-9.1,3,3.86349906173148,-7.1,-5.125,0.4,2.45,NA,NA,NA,NA,NA,10,2008-10-03,"","DATE: Oct-03<br><b>Minimum temperature</b><br>10-90 percentile<br>-7.1 to 2.4 °C","Historical daily maximum<br>3.0 °C<br>2008-10-03","DATE: Oct-03</b><br>Normal: -2.5 °C<br>Period: 1991-2020","2202810","NORMAN+WELLS+CLIMATE",2004,2026
"10-03","VPD",2001-10-03,0.571190622942532,0.177343073295976,1.48311444573385,0.373627432462378,0.203301598618082,0.303389164855458,0.816176498765916,1.00508309858476,NA,NA,NA,NA,NA,10,2020-10-03,"","DATE: Oct-03<br><b>Vapour pressure deficit</b><br>10-90 percentile<br>0.2 to 1.0 kPa","Historical daily maximum<br>1.5 kPa<br>2020-10-03","DATE: Oct-03</b><br>Normal: 0.6 kPa<br>Period: 1991-2020","2202810","NORMAN+WELLS+CLIMATE",2004,2026
"10-04","TMAX",2001-10-04,7.17333333333333,-3.8,16.5,4.53123550900803,3.12,5.7,9.45,10.96,NA,NA,NA,NA,NA,10,2020-10-04,"","DATE: Oct-04<br><b>Maximum temperature</b><br>10-90 percentile<br>3.1 to 11.0 °C","Historical daily maximum<br>16.5 °C<br>2020-10-04","DATE: Oct-04</b><br>Normal: 7.2 °C<br>Period: 1991-2020","2202810","NORMAN+WELLS+CLIMATE",2004,2026
"10-04","TMIN",2001-10-04,-2.28,-9.1,3.4,3.64793483651073,-7.16,-4.9,0.35,0.86,NA,NA,NA,NA,NA,10,2006-10-04,"","DATE: Oct-04<br><b>Minimum temperature</b><br>10-90 percentile<br>-7.2 to 0.9 °C","Historical daily maximum<br>3.4 °C<br>2006-10-04","DATE: Oct-04</b><br>Normal: -2.3 °C<br>Period: 1991-2020","2202810","NORMAN+WELLS+CLIMATE",2004,2026
"10-04","VPD",2001-10-04,0.521533382571052,0.154379592400469,1.22519089474014,0.282082055347657,0.299079936141292,0.317559713919984,0.579691090966947,0.882847831336637,NA,NA,NA,NA,NA,10,2020-10-04,"","DATE: Oct-04<br><b>Vapour pressure deficit</b><br>10-90 percentile<br>0.3 to 0.9 kPa","Historical daily maximum<br>1.2 kPa<br>2020-10-04","DATE: Oct-04</b><br>Normal: 0.5 kPa<br>Period: 1991-2020","2202810","NORMAN+WELLS+CLIMATE",2004,2026
"10-05","TMAX",2001-10-05,5.725,-3.3,12.8,4.32458090455017,0.35,3.6,8.2,10.45,NA,NA,NA,NA,NA,10,2012-10-05,"","DATE: Oct-05<br><b>Maximum temperature</b><br>10-90 percentile<br>0.3 to 10.4 °C","Historical daily maximum<br>12.8 °C<br>2012-10-05","DATE: Oct-05</b><br>Normal: 5.7 °C<br>Period: 1991-2020","2202810","NORMAN+WELLS+CLIMATE",2004,2026
"10-05","TMIN",2001-10-05,-3.75,-10.3,0.9,3.58403869026735,-8.5,-6.625,-0.8,-0.3,NA,NA,NA,NA,NA,10,2006-10-05,"","DATE: Oct-05<br><b>Minimum temperature</b><br>10-90 percentile<br>-8.5 to -0.3 °C","Historical daily maximum<br>0.9 °C<br>2006-10-05","DATE: Oct-05</b><br>Normal: -3.8 °C<br>Period: 1991-2020","2202810","NORMAN+WELLS+CLIMATE",2004,2026
"10-05","VPD",2001-10-05,0.473900072425876,0.164683064068721,0.9430190454488,0.240376181680684,0.204970724775494,0.312761985982998,0.549407789986005,0.852882865969534,NA,NA,NA,NA,NA,10,2012-10-05,"","DATE: Oct-05<br><b>Vapour pressure deficit</b><br>10-90 percentile<br>0.2 to 0.9 kPa","Historical daily maximum<br>0.9 kPa<br>2012-10-05","DATE: Oct-05</b><br>Normal: 0.5 kPa<br>Period: 1991-2020","2202810","NORMAN+WELLS+CLIMATE",2004,2026
"10-06","TMAX",2001-10-06,3.72666666666667,-2.7,9,3.21902085083263,-0.379999999999999,1.6,5.75,7.2,NA,NA,NA,NA,NA,10,2022-10-06,"","DATE: Oct-06<br><b>Maximum temperature</b><br>10-90 percentile<br>-0.4 to 7.2 °C","Historical daily maximum<br>9.0 °C<br>2022-10-06","DATE: Oct-06</b><br>Normal: 3.7 °C<br>Period: 1991-2020","2202810","NORMAN+WELLS+CLIMATE",2004,2026
"10-06","TMIN",2001-10-06,-2.93333333333333,-8.6,2.5,3.26051412831663,-7.36,-5.4,-0.4,-0.1,NA,NA,NA,NA,NA,10,2020-10-06,"","DATE: Oct-06<br><b>Minimum temperature</b><br>10-90 percentile<br>-7.4 to -0.1 °C","Historical daily maximum<br>2.5 °C<br>2020-10-06","DATE: Oct-06</b><br>Normal: -2.9 °C<br>Period: 1991-2020","2202810","NORMAN+WELLS+CLIMATE",2004,2026
"10-06","VPD",2001-10-06,0.310468331285449,0.10139436627238,0.670975608605305,0.152664137707646,0.168178553908775,0.228087257768657,0.340707220826705,0.523250741043403,NA,NA,NA,NA,NA,10,2022-10-06,"","DATE: Oct-06<br><b>Vapour pressure deficit</b><br>10-90 percentile<br>0.2 to 0.5 kPa","Historical daily maximum<br>0.7 kPa<br>2022-10-06","DATE: Oct-06</b><br>Normal: 0.3 kPa<br>Period: 1991-2020","2202810","NORMAN+WELLS+CLIMATE",2004,2026
"10-07","TMAX",2001-10-07,2.51428571428571,-2.7,9.7,3.57574244960876,-1.9,-0.075,5.05,6.03,NA,NA,NA,NA,NA,10,2022-10-07,"","DATE: Oct-07<br><b>Maximum temperature</b><br>10-90 percentile<br>-1.9 to 6.0 °C","Historical daily maximum<br>9.7 °C<br>2022-10-07","DATE: Oct-07</b><br>Normal: 2.5 °C<br>Period: 1991-2020","2202810","NORMAN+WELLS+CLIMATE",2004,2026
"10-07","TMIN",2001-10-07,-3.12857142857143,-8.7,0.3,2.68283104529197,-6.17,-4.6,-1.025,0.0700000000000001,NA,NA,NA,NA,NA,10,2017-10-07,"","DATE: Oct-07<br><b>Minimum temperature</b><br>10-90 percentile<br>-6.2 to 0.1 °C","Historical daily maximum<br>0.3 °C<br>2017-10-07","DATE: Oct-07</b><br>Normal: -3.1 °C<br>Period: 1991-2020","2202810","NORMAN+WELLS+CLIMATE",2004,2026
"10-07","VPD",2001-10-07,0.259133483599394,0.0716096767667325,0.588234298895669,0.162301231297058,0.124020179107672,0.136513178877177,0.379563276684297,0.479835337250231,NA,NA,NA,NA,NA,10,2022-10-07,"","DATE: Oct-07<br><b>Vapour pressure deficit</b><br>10-90 percentile<br>0.1 to 0.5 kPa","Historical daily maximum<br>0.6 kPa<br>2022-10-07","DATE: Oct-07</b><br>Normal: 0.3 kPa<br>Period: 1991-2020","2202810","NORMAN+WELLS+CLIMATE",2004,2026
"10-08","TMAX",2001-10-08,2.20666666666667,-2.2,6.7,2.80215903154964,-1.14,0,4.4,5.76,NA,NA,NA,NA,NA,10,2022-10-08,"","DATE: Oct-08<br><b>Maximum temperature</b><br>10-90 percentile<br>-1.1 to 5.8 °C","Historical daily maximum<br>6.7 °C<br>2022-10-08","DATE: Oct-08</b><br>Normal: 2.2 °C<br>Period: 1991-2020","2202810","NORMAN+WELLS+CLIMATE",2004,2026
"10-08","TMIN",2001-10-08,-5.48666666666667,-13.7,1.4,4.43876859800854,-12.02,-7.95,-2.65,-1.14,NA,NA,NA,NA,NA,10,2022-10-08,"","DATE: Oct-08<br><b>Minimum temperature</b><br>10-90 percentile<br>-12.0 to -1.1 °C","Historical daily maximum<br>1.4 °C<br>2022-10-08","DATE: Oct-08</b><br>Normal: -5.5 °C<br>Period: 1991-2020","2202810","NORMAN+WELLS+CLIMATE",2004,2026
"10-08","VPD",2001-10-08,0.303547369849398,0.11081748631943,0.56658427776345,0.136444564349488,0.182654562793727,0.214078334489865,0.3603874754073,0.518504035415722,NA,NA,NA,NA,NA,10,2022-10-08,"","DATE: Oct-08<br><b>Vapour pressure deficit</b><br>10-90 percentile<br>0.2 to 0.5 kPa","Historical daily maximum<br>0.6 kPa<br>2022-10-08","DATE: Oct-08</b><br>Normal: 0.3 kPa<br>Period: 1991-2020","2202810","NORMAN+WELLS+CLIMATE",2004,2026
"10-09","TMAX",2001-10-09,2.13333333333333,-1.9,5.5,2.04753045212543,-0.179999999999999,0.95,3.45,4.62,NA,NA,NA,NA,NA,10,2022-10-09,"","DATE: Oct-09<br><b>Maximum temperature</b><br>10-90 percentile<br>-0.2 to 4.6 °C","Historical daily maximum<br>5.5 °C<br>2022-10-09","DATE: Oct-09</b><br>Normal: 2.1 °C<br>Period: 1991-2020","2202810","NORMAN+WELLS+CLIMATE",2004,2026
"10-09","TMIN",2001-10-09,-4.4,-17,1,4.61519230368573,-9.16,-5.8,-1.6,-0.2,NA,NA,NA,NA,NA,10,2025-10-09,"","DATE: Oct-09<br><b>Minimum temperature</b><br>10-90 percentile<br>-9.2 to -0.2 °C","Historical daily maximum<br>1.0 °C<br>2025-10-09","DATE: Oct-09</b><br>Normal: -4.4 °C<br>Period: 1991-2020","2202810","NORMAN+WELLS+CLIMATE",2004,2026
"10-09","VPD",2001-10-09,0.257991549719007,0.0872253160542845,0.469571376656089,0.117473747245697,0.124243884912658,0.183131845818258,0.367812334970383,0.407048957151793,NA,NA,NA,NA,NA,10,2022-10-09,"","DATE: Oct-09<br><b>Vapour pressure deficit</b><br>10-90 percentile<br>0.1 to 0.4 kPa","Historical daily maximum<br>0.5 kPa<br>2022-10-09","DATE: Oct-09</b><br>Normal: 0.3 kPa<br>Period: 1991-2020","2202810","NORMAN+WELLS+CLIMATE",2004,2026
"10-10","TMAX",2001-10-10,2.42,-4.5,9,3.46888207599262,-1.64,0.45,3.9,6.24,NA,NA,NA,NA,NA,10,2022-10-10,"","DATE: Oct-10<br><b>Maximum temperature</b><br>10-90 percentile<br>-1.6 to 6.2 °C","Historical daily maximum<br>9.0 °C<br>2022-10-10","DATE: Oct-10</b><br>Normal: 2.4 °C<br>Period: 1991-2020","2202810","NORMAN+WELLS+CLIMATE",2004,2026
"10-10","TMIN",2001-10-10,-2.73333333333333,-10.7,1.2,3.25415485334116,-6.3,-4.3,-0.5,0.8,NA,NA,NA,NA,NA,10,2011-10-10,"","DATE: Oct-10<br><b>Minimum temperature</b><br>10-90 percentile<br>-6.3 to 0.8 °C","Historical daily maximum<br>1.2 °C<br>2011-10-10","DATE: Oct-10</b><br>Normal: -2.7 °C<br>Period: 1991-2020","2202810","NORMAN+WELLS+CLIMATE",2004,2026
"10-10","VPD",2001-10-10,0.234421238881788,0.107262913636636,0.67993508337209,0.155721297935834,0.118130024797345,0.138150491747151,0.293775860137102,0.396325275224506,NA,NA,NA,NA,NA,10,2022-10-10,"","DATE: Oct-10<br><b>Vapour pressure deficit</b><br>10-90 percentile<br>0.1 to 0.4 kPa","Historical daily maximum<br>0.7 kPa<br>2022-10-10","DATE: Oct-10</b><br>Normal: 0.2 kPa<br>Period: 1991-2020","2202810","NORMAN+WELLS+CLIMATE",2004,2026
"10-11","TMAX",2001-10-11,1.72,-3.1,6.7,2.65173797455825,-1.3,-0.3,3.05,4.8,NA,NA,NA,NA,NA,10,2013-10-11,"","DATE: Oct-11<br><b>Maximum temperature</b><br>10-90 percentile<br>-1.3 to 4.8 °C","Historical daily maximum<br>6.7 °C<br>2013-10-11","DATE: Oct-11</b><br>Normal: 1.7 °C<br>Period: 1991-2020","2202810","NORMAN+WELLS+CLIMATE",2004,2026
"10-11","TMIN",2001-10-11,-4.38,-8.8,-0.1,2.84057338276221,-8.12,-6.45,-2.2,-0.78,NA,NA,NA,NA,NA,10,2011-10-11,"","DATE: Oct-11<br><b>Minimum temperature</b><br>10-90 percentile<br>-8.1 to -0.8 °C","Historical daily maximum<br>-0.1 °C<br>2011-10-11","DATE: Oct-11</b><br>Normal: -4.4 °C<br>Period: 1991-2020","2202810","NORMAN+WELLS+CLIMATE",2004,2026
"10-11","VPD",2001-10-11,0.252160768548126,0.0987155397721162,0.657320800504257,0.146314931788238,0.118057267289741,0.146781789473992,0.284039955967595,0.399752249888328,NA,NA,NA,NA,NA,10,2013-10-11,"","DATE: Oct-11<br><b>Vapour pressure deficit</b><br>10-90 percentile<br>0.1 to 0.4 kPa","Historical daily maximum<br>0.7 kPa<br>2013-10-11","DATE: Oct-11</b><br>Normal: 0.3 kPa<br>Period: 1991-2020","2202810","NORMAN+WELLS+CLIMATE",2004,2026
"10-12","TMAX",2001-10-12,1.60666666666667,-2.5,8.9,3.67024068238946,-1.54,-0.6,1.4,8.08,NA,NA,NA,NA,NA,10,2013-10-12,"","DATE: Oct-12<br><b>Maximum temperature</b><br>10-90 percentile<br>-1.5 to 8.1 °C","Historical daily maximum<br>8.9 °C<br>2013-10-12","DATE: Oct-12</b><br>Normal: 1.6 °C<br>Period: 1991-2020","2202810","NORMAN+WELLS+CLIMATE",2004,2026
"10-12","TMIN",2001-10-12,-6.08666666666667,-17.7,-1.4,5.29688138256393,-13.8,-8.8,-2,-1.54,NA,NA,NA,NA,NA,10,2014-10-12,"","DATE: Oct-12<br><b>Minimum temperature</b><br>10-90 percentile<br>-13.8 to -1.5 °C","Historical daily maximum<br>-1.4 °C<br>2014-10-12","DATE: Oct-12</b><br>Normal: -6.1 °C<br>Period: 1991-2020","2202810","NORMAN+WELLS+CLIMATE",2004,2026
"10-12","VPD",2001-10-12,0.295450131227349,0.0953744322197441,0.776176539178118,0.22775910824363,0.104930659623498,0.121765648170725,0.387214990181735,0.64617812966789,NA,NA,NA,NA,NA,10,2013-10-12,"","DATE: Oct-12<br><b>Vapour pressure deficit</b><br>10-90 percentile<br>0.1 to 0.6 kPa","Historical daily maximum<br>0.8 kPa<br>2013-10-12","DATE: Oct-12</b><br>Normal: 0.3 kPa<br>Period: 1991-2020","2202810","NORMAN+WELLS+CLIMATE",2004,2026
"10-13","TMAX",2001-10-13,0.307142857142857,-5.1,8.1,3.76511605413417,-4.5,-1.075,1.65,5.1,NA,NA,NA,NA,NA,10,2024-10-13,"","DATE: Oct-13<br><b>Maximum temperature</b><br>10-90 percentile<br>-4.5 to 5.1 °C","Historical daily maximum<br>8.1 °C<br>2024-10-13","DATE: Oct-13</b><br>Normal: 0.3 °C<br>Period: 1991-2020","2202810","NORMAN+WELLS+CLIMATE",2004,2026
"10-13","TMIN",2001-10-13,-7.92,-19.9,-0.3,5.17165350734173,-13.84,-9.65,-4.05,-2.36,NA,NA,NA,NA,NA,10,2006-10-13,"","DATE: Oct-13<br><b>Minimum temperature</b><br>10-90 percentile<br>-13.8 to -2.4 °C","Historical daily maximum<br>-0.3 °C<br>2006-10-13","DATE: Oct-13</b><br>Normal: -7.9 °C<br>Period: 1991-2020","2202810","NORMAN+WELLS+CLIMATE",2004,2026
"10-13","VPD",2001-10-13,0.29710095799126,0.106605271175577,0.753467678623404,0.179993833501736,0.115462741796366,0.162544277577658,0.333897776457845,0.504762402934789,NA,NA,NA,NA,NA,10,2013-10-13,"","DATE: Oct-13<br><b>Vapour pressure deficit</b><br>10-90 percentile<br>0.1 to 0.5 kPa","Historical daily maximum<br>0.8 kPa<br>2013-10-13","DATE: Oct-13</b><br>Normal: 0.3 kPa<br>Period: 1991-2020","2202810","NORMAN+WELLS+CLIMATE",2004,2026
"10-14","TMAX",2001-10-14,0.76,-4.8,7.4,3.31787367364789,-2.22,-1.05,1.55,5.8,NA,NA,NA,NA,NA,10,2025-10-14,"","DATE: Oct-14<br><b>Maximum temperature</b><br>10-90 percentile<br>-2.2 to 5.8 °C","Historical daily maximum<br>7.4 °C<br>2025-10-14","DATE: Oct-14</b><br>Normal: 0.8 °C<br>Period: 1991-2020","2202810","NORMAN+WELLS+CLIMATE",2004,2026
"10-14","TMIN",2001-10-14,-7.14666666666667,-13.4,-0.3,3.96680271875522,-12.34,-9.7,-4.75,-2,NA,NA,NA,NA,NA,10,2013-10-14,"","DATE: Oct-14<br><b>Minimum temperature</b><br>10-90 percentile<br>-12.3 to -2.0 °C","Historical daily maximum<br>-0.3 °C<br>2013-10-14","DATE: Oct-14</b><br>Normal: -7.1 °C<br>Period: 1991-2020","2202810","NORMAN+WELLS+CLIMATE",2004,2026
"10-14","VPD",2001-10-14,0.290041219282844,0.079990842814019,0.624260847519068,0.138167196894378,0.160848012526792,0.214707398719797,0.337763502300566,0.456609497072435,NA,NA,NA,NA,NA,10,2018-10-14,"","DATE: Oct-14<br><b>Vapour pressure deficit</b><br>10-90 percentile<br>0.2 to 0.5 kPa","Historical daily maximum<br>0.6 kPa<br>2018-10-14","DATE: Oct-14</b><br>Normal: 0.3 kPa<br>Period: 1991-2020","2202810","NORMAN+WELLS+CLIMATE",2004,2026
"10-15","TMAX",2001-10-15,0.8,-5.3,8.9,3.52703841770968,-3.74,-0.5,2.4,4.06,NA,NA,NA,NA,NA,10,2013-10-15,"","DATE: Oct-15<br><b>Maximum temperature</b><br>10-90 percentile<br>-3.7 to 4.1 °C","Historical daily maximum<br>8.9 °C<br>2013-10-15","DATE: Oct-15</b><br>Normal: 0.8 °C<br>Period: 1991-2020","2202810","NORMAN+WELLS+CLIMATE",2004,2026
"10-15","TMIN",2001-10-15,-7.99333333333333,-17.7,-2.6,4.5102211961383,-13.52,-10.7,-4.6,-3.2,NA,NA,NA,NA,NA,10,2025-10-15,"","DATE: Oct-15<br><b>Minimum temperature</b><br>10-90 percentile<br>-13.5 to -3.2 °C","Historical daily maximum<br>-2.6 °C<br>2025-10-15","DATE: Oct-15</b><br>Normal: -8.0 °C<br>Period: 1991-2020","2202810","NORMAN+WELLS+CLIMATE",2004,2026
"10-15","VPD",2001-10-15,0.314309669586673,0.117742099857076,0.635885631706286,0.151796864235009,0.149173881329221,0.195231912634273,0.404793035795048,0.508572129044154,NA,NA,NA,NA,NA,10,2013-10-15,"","DATE: Oct-15<br><b>Vapour pressure deficit</b><br>10-90 percentile<br>0.1 to 0.5 kPa","Historical daily maximum<br>0.6 kPa<br>2013-10-15","DATE: Oct-15</b><br>Normal: 0.3 kPa<br>Period: 1991-2020","2202810","NORMAN+WELLS+CLIMATE",2004,2026
"10-16","TMAX",2001-10-16,-0.306666666666667,-6,6.1,3.63720195964399,-5.08,-2.85,2.6,3.88,NA,NA,NA,NA,NA,10,2013-10-16,"","DATE: Oct-16<br><b>Maximum temperature</b><br>10-90 percentile<br>-5.1 to 3.9 °C","Historical daily maximum<br>6.1 °C<br>2013-10-16","DATE: Oct-16</b><br>Normal: -0.3 °C<br>Period: 1991-2020","2202810","NORMAN+WELLS+CLIMATE",2004,2026
"10-16","TMIN",2001-10-16,-8.94,-17.6,1.6,5.90880698618596,-15.22,-14.35,-4.2,-2.58,NA,NA,NA,NA,NA,10,2012-10-16,"","DATE: Oct-16<br><b>Minimum temperature</b><br>10-90 percentile<br>-15.2 to -2.6 °C","Historical daily maximum<br>1.6 °C<br>2012-10-16","DATE: Oct-16</b><br>Normal: -8.9 °C<br>Period: 1991-2020","2202810","NORMAN+WELLS+CLIMATE",2004,2026
"10-16","VPD",2001-10-16,0.275463212583137,0.097824197923442,0.533049938589693,0.131024809204461,0.109292499717083,0.181332691090834,0.392183870939281,0.404676466908475,NA,NA,NA,NA,NA,10,2013-10-16,"","DATE: Oct-16<br><b>Vapour pressure deficit</b><br>10-90 percentile<br>0.1 to 0.4 kPa","Historical daily maximum<br>0.5 kPa<br>2013-10-16","DATE: Oct-16</b><br>Normal: 0.3 kPa<br>Period: 1991-2020","2202810","NORMAN+WELLS+CLIMATE",2004,2026
"10-17","TMAX",2001-10-17,-0.566666666666667,-6.6,11.1,4.55955302738369,-4.94,-3.5,1.55,4.06,NA,NA,NA,NA,NA,10,2013-10-17,"","DATE: Oct-17<br><b>Maximum temperature</b><br>10-90 percentile<br>-4.9 to 4.1 °C","Historical daily maximum<br>11.1 °C<br>2013-10-17","DATE: Oct-17</b><br>Normal: -0.6 °C<br>Period: 1991-2020","2202810","NORMAN+WELLS+CLIMATE",2004,2026
"10-17","TMIN",2001-10-17,-8.09333333333333,-19.6,0.2,6.16133875372027,-15.32,-12.45,-2.65,-1.3,NA,NA,NA,NA,NA,10,2015-10-17,"","DATE: Oct-17<br><b>Minimum temperature</b><br>10-90 percentile<br>-15.3 to -1.3 °C","Historical daily maximum<br>0.2 °C<br>2015-10-17","DATE: Oct-17</b><br>Normal: -8.1 °C<br>Period: 1991-2020","2202810","NORMAN+WELLS+CLIMATE",2004,2026
"10-17","VPD",2001-10-17,0.252640733512952,0.0931502726930089,0.778233870375822,0.162148799386722,0.12756042513651,0.152493012816969,0.274602386170415,0.322021691345162,NA,NA,NA,NA,NA,10,2013-10-17,"","DATE: Oct-17<br><b>Vapour pressure deficit</b><br>10-90 percentile<br>0.1 to 0.3 kPa","Historical daily maximum<br>0.8 kPa<br>2013-10-17","DATE: Oct-17</b><br>Normal: 0.3 kPa<br>Period: 1991-2020","2202810","NORMAN+WELLS+CLIMATE",2004,2026
"10-18","TMAX",2001-10-18,-0.853333333333333,-4.9,8,3.38460098232034,-4.7,-3.05,0.7,2.2,NA,NA,NA,NA,NA,10,2013-10-18,"","DATE: Oct-18<br><b>Maximum temperature</b><br>10-90 percentile<br>-4.7 to 2.2 °C","Historical daily maximum<br>8.0 °C<br>2013-10-18","DATE: Oct-18</b><br>Normal: -0.9 °C<br>Period: 1991-2020","2202810","NORMAN+WELLS+CLIMATE",2004,2026
"10-18","TMIN",2001-10-18,-7.13333333333333,-18.5,-0.1,5.19349409861809,-13.5,-10.2,-3.5,-2.32,NA,NA,NA,NA,NA,10,2015-10-18,"","DATE: Oct-18<br><b>Minimum temperature</b><br>10-90 percentile<br>-13.5 to -2.3 °C","Historical daily maximum<br>-0.1 °C<br>2015-10-18","DATE: Oct-18</b><br>Normal: -7.1 °C<br>Period: 1991-2020","2202810","NORMAN+WELLS+CLIMATE",2004,2026
"10-18","VPD",2001-10-18,0.209298986996905,0.0604683160881305,0.537499746086645,0.116465588636109,0.129449001231084,0.142518918895702,0.238379805796505,0.32560963321909,NA,NA,NA,NA,NA,10,2022-10-18,"","DATE: Oct-18<br><b>Vapour pressure deficit</b><br>10-90 percentile<br>0.1 to 0.3 kPa","Historical daily maximum<br>0.5 kPa<br>2022-10-18","DATE: Oct-18</b><br>Normal: 0.2 kPa<br>Period: 1991-2020","2202810","NORMAN+WELLS+CLIMATE",2004,2026
"10-19","TMAX",2001-10-19,-0.1,-5.3,12.3,4.23758691440575,-3.88,-2.5,1.35,2.98,NA,NA,NA,NA,NA,10,2013-10-19,"","DATE: Oct-19<br><b>Maximum temperature</b><br>10-90 percentile<br>-3.9 to 3.0 °C","Historical daily maximum<br>12.3 °C<br>2013-10-19","DATE: Oct-19</b><br>Normal: -0.1 °C<br>Period: 1991-2020","2202810","NORMAN+WELLS+CLIMATE",2004,2026
"10-19","TMIN",2001-10-19,-7.21333333333333,-19.6,-2.1,5.22232387607918,-14.5,-8.7,-3.6,-2.6,NA,NA,NA,NA,NA,10,2013-10-19,"","DATE: Oct-19<br><b>Minimum temperature</b><br>10-90 percentile<br>-14.5 to -2.6 °C","Historical daily maximum<br>-2.1 °C<br>2013-10-19","DATE: Oct-19</b><br>Normal: -7.2 °C<br>Period: 1991-2020","2202810","NORMAN+WELLS+CLIMATE",2004,2026
"10-19","VPD",2001-10-19,0.25689461532478,0.0895681805933497,0.907032498149719,0.20735042414811,0.106330198848382,0.12702004199623,0.309104147791032,0.407257814156608,NA,NA,NA,NA,NA,10,2013-10-19,"","DATE: Oct-19<br><b>Vapour pressure deficit</b><br>10-90 percentile<br>0.1 to 0.4 kPa","Historical daily maximum<br>0.9 kPa<br>2013-10-19","DATE: Oct-19</b><br>Normal: 0.3 kPa<br>Period: 1991-2020","2202810","NORMAN+WELLS+CLIMATE",2004,2026
"10-20","TMAX",2001-10-20,-1.24666666666667,-8.1,6.3,3.53146401584925,-5.02,-3.7,0.7,1.82,NA,NA,NA,NA,NA,10,2013-10-20,"","DATE: Oct-20<br><b>Maximum temperature</b><br>10-90 percentile<br>-5.0 to 1.8 °C","Historical daily maximum<br>6.3 °C<br>2013-10-20","DATE: Oct-20</b><br>Normal: -1.2 °C<br>Period: 1991-2020","2202810","NORMAN+WELLS+CLIMATE",2004,2026
"10-20","TMIN",2001-10-20,-8.18,-14.6,-1.7,4.39060685685118,-14.06,-11.95,-4.2,-3.12,NA,NA,NA,NA,NA,10,2014-10-20,"","DATE: Oct-20<br><b>Minimum temperature</b><br>10-90 percentile<br>-14.1 to -3.1 °C","Historical daily maximum<br>-1.7 °C<br>2014-10-20","DATE: Oct-20</b><br>Normal: -8.2 °C<br>Period: 1991-2020","2202810","NORMAN+WELLS+CLIMATE",2004,2026
"10-20","VPD",2001-10-20,0.227572602012722,0.0760222053016882,0.49701795394273,0.136760631029667,0.0994246361702659,0.119023331447221,0.281315585472566,0.439119194492875,NA,NA,NA,NA,NA,10,2013-10-20,"","DATE: Oct-20<br><b>Vapour pressure deficit</b><br>10-90 percentile<br>0.1 to 0.4 kPa","Historical daily maximum<br>0.5 kPa<br>2013-10-20","DATE: Oct-20</b><br>Normal: 0.2 kPa<br>Period: 1991-2020","2202810","NORMAN+WELLS+CLIMATE",2004,2026
"10-21","TMAX",2001-10-21,-1,-6.6,6.8,3.66937129686895,-4.28,-3.5,0.9,3.94,NA,NA,NA,NA,NA,10,2013-10-21,"","DATE: Oct-21<br><b>Maximum temperature</b><br>10-90 percentile<br>-4.3 to 3.9 °C","Historical daily maximum<br>6.8 °C<br>2013-10-21","DATE: Oct-21</b><br>Normal: -1.0 °C<br>Period: 1991-2020","2202810","NORMAN+WELLS+CLIMATE",2004,2026
"10-21","TMIN",2001-10-21,-9.46,-17.2,-2.5,4.42715645597875,-14.96,-13.35,-6.4,-5.52,NA,NA,NA,NA,NA,10,2015-10-21,"","DATE: Oct-21<br><b>Minimum temperature</b><br>10-90 percentile<br>-15.0 to -5.5 °C","Historical daily maximum<br>-2.5 °C<br>2015-10-21","DATE: Oct-21</b><br>Normal: -9.5 °C<br>Period: 1991-2020","2202810","NORMAN+WELLS+CLIMATE",2004,2026
"10-21","VPD",2001-10-21,0.272636315825234,0.0671723039061732,0.651200043600389,0.153695718411174,0.110255791574332,0.191452675112255,0.333153793596645,0.449387894844801,NA,NA,NA,NA,NA,10,2013-10-21,"","DATE: Oct-21<br><b>Vapour pressure deficit</b><br>10-90 percentile<br>0.1 to 0.4 kPa","Historical daily maximum<br>0.7 kPa<br>2013-10-21","DATE: Oct-21</b><br>Normal: 0.3 kPa<br>Period: 1991-2020","2202810","NORMAN+WELLS+CLIMATE",2004,2026
"10-22","TMAX",2001-10-22,-0.671428571428571,-7.5,6.5,4.5982318627638,-5.59,-3.875,2.225,6.13,NA,NA,NA,NA,NA,10,2021-10-22,"","DATE: Oct-22<br><b>Maximum temperature</b><br>10-90 percentile<br>-5.6 to 6.1 °C","Historical daily maximum<br>6.5 °C<br>2021-10-22","DATE: Oct-22</b><br>Normal: -0.7 °C<br>Period: 1991-2020","2202810","NORMAN+WELLS+CLIMATE",2004,2026
"10-22","TMIN",2001-10-22,-9.76666666666667,-18.3,3.1,6.01589165302637,-16.42,-14.6,-6.6,-3.36,NA,NA,NA,NA,NA,10,2005-10-22,"","DATE: Oct-22<br><b>Minimum temperature</b><br>10-90 percentile<br>-16.4 to -3.4 °C","Historical daily maximum<br>3.1 °C<br>2005-10-22","DATE: Oct-22</b><br>Normal: -9.8 °C<br>Period: 1991-2020","2202810","NORMAN+WELLS+CLIMATE",2004,2026
"10-22","VPD",2001-10-22,0.281330790572383,0.0550437731040987,0.599973864566537,0.167098160440061,0.110336900839604,0.168817675573782,0.349029391598483,0.52973227551047,NA,NA,NA,NA,NA,10,2013-10-22,"","DATE: Oct-22<br><b>Vapour pressure deficit</b><br>10-90 percentile<br>0.1 to 0.5 kPa","Historical daily maximum<br>0.6 kPa<br>2013-10-22","DATE: Oct-22</b><br>Normal: 0.3 kPa<br>Period: 1991-2020","2202810","NORMAN+WELLS+CLIMATE",2004,2026
"10-23","TMAX",2001-10-23,-2.02,-8.7,9.7,4.91545667112571,-7.12,-5.5,0.9,3.18,NA,NA,NA,NA,NA,10,2005-10-23,"","DATE: Oct-23<br><b>Maximum temperature</b><br>10-90 percentile<br>-7.1 to 3.2 °C","Historical daily maximum<br>9.7 °C<br>2005-10-23","DATE: Oct-23</b><br>Normal: -2.0 °C<br>Period: 1991-2020","2202810","NORMAN+WELLS+CLIMATE",2004,2026
"10-23","TMIN",2001-10-23,-11.0133333333333,-20.8,-1.9,5.47877289006876,-16.52,-15.65,-7.6,-4.32,NA,NA,NA,NA,NA,10,2005-10-23,"","DATE: Oct-23<br><b>Minimum temperature</b><br>10-90 percentile<br>-16.5 to -4.3 °C","Historical daily maximum<br>-1.9 °C<br>2005-10-23","DATE: Oct-23</b><br>Normal: -11.0 °C<br>Period: 1991-2020","2202810","NORMAN+WELLS+CLIMATE",2004,2026
"10-23","VPD",2001-10-23,0.27318199243309,0.0666443937027122,0.67216717064982,0.169607723834994,0.0950608045224314,0.17080813376669,0.332177881795384,0.494199928262656,NA,NA,NA,NA,NA,10,2021-10-23,"","DATE: Oct-23<br><b>Vapour pressure deficit</b><br>10-90 percentile<br>0.1 to 0.5 kPa","Historical daily maximum<br>0.7 kPa<br>2021-10-23","DATE: Oct-23</b><br>Normal: 0.3 kPa<br>Period: 1991-2020","2202810","NORMAN+WELLS+CLIMATE",2004,2026
"10-24","TMAX",2001-10-24,-2.56,-8.9,6.8,4.51486433904719,-6.56,-6.1,0.05,3.68,NA,NA,NA,NA,NA,10,2005-10-24,"","DATE: Oct-24<br><b>Maximum temperature</b><br>10-90 percentile<br>-6.6 to 3.7 °C","Historical daily maximum<br>6.8 °C<br>2005-10-24","DATE: Oct-24</b><br>Normal: -2.6 °C<br>Period: 1991-2020","2202810","NORMAN+WELLS+CLIMATE",2004,2026
"10-24","TMIN",2001-10-24,-10.7866666666667,-21,-2.4,4.80072415172465,-15.8,-12.8,-7.65,-5.2,NA,NA,NA,NA,NA,10,2018-10-24,"","DATE: Oct-24<br><b>Minimum temperature</b><br>10-90 percentile<br>-15.8 to -5.2 °C","Historical daily maximum<br>-2.4 °C<br>2018-10-24","DATE: Oct-24</b><br>Normal: -10.8 °C<br>Period: 1991-2020","2202810","NORMAN+WELLS+CLIMATE",2004,2026
"10-24","VPD",2001-10-24,0.246567519962327,0.0639224131682479,0.626833112043904,0.147363106370145,0.127156419246449,0.136238315769398,0.313036305602494,0.408762087994761,NA,NA,NA,NA,NA,10,2005-10-24,"","DATE: Oct-24<br><b>Vapour pressure deficit</b><br>10-90 percentile<br>0.1 to 0.4 kPa","Historical daily maximum<br>0.6 kPa<br>2005-10-24","DATE: Oct-24</b><br>Normal: 0.2 kPa<br>Period: 1991-2020","2202810","NORMAN+WELLS+CLIMATE",2004,2026
"10-25","TMAX",2001-10-25,-3.38,-9.1,-0.1,2.75141522026133,-7.16,-4.85,-1.1,-0.74,NA,NA,NA,NA,NA,10,2023-10-25,"","DATE: Oct-25<br><b>Maximum temperature</b><br>10-90 percentile<br>-7.2 to -0.7 °C","Historical daily maximum<br>-0.1 °C<br>2023-10-25","DATE: Oct-25</b><br>Normal: -3.4 °C<br>Period: 1991-2020","2202810","NORMAN+WELLS+CLIMATE",2004,2026
"10-25","TMIN",2001-10-25,-10.7266666666667,-24.4,-4.3,5.57090229504632,-17.76,-12.35,-6.65,-5.04,NA,NA,NA,NA,NA,10,2023-10-25,"","DATE: Oct-25<br><b>Minimum temperature</b><br>10-90 percentile<br>-17.8 to -5.0 °C","Historical daily maximum<br>-4.3 °C<br>2023-10-25","DATE: Oct-25</b><br>Normal: -10.7 °C<br>Period: 1991-2020","2202810","NORMAN+WELLS+CLIMATE",2004,2026
"10-25","VPD",2001-10-25,0.194221409881236,0.0717115036754736,0.399604973966526,0.100407064173689,0.0909245201605666,0.0984787973828779,0.248614745818351,0.331167379332751,NA,NA,NA,NA,NA,10,2020-10-25,"","DATE: Oct-25<br><b>Vapour pressure deficit</b><br>10-90 percentile<br>0.1 to 0.3 kPa","Historical daily maximum<br>0.4 kPa<br>2020-10-25","DATE: Oct-25</b><br>Normal: 0.2 kPa<br>Period: 1991-2020","2202810","NORMAN+WELLS+CLIMATE",2004,2026
"10-26","TMAX",2001-10-26,-3.76,-9.3,0.7,2.8225621592548,-8.02,-5.05,-2,-1.2,NA,NA,NA,NA,NA,10,2015-10-26,"","DATE: Oct-26<br><b>Maximum temperature</b><br>10-90 percentile<br>-8.0 to -1.2 °C","Historical daily maximum<br>0.7 °C<br>2015-10-26","DATE: Oct-26</b><br>Normal: -3.8 °C<br>Period: 1991-2020","2202810","NORMAN+WELLS+CLIMATE",2004,2026
"10-26","TMIN",2001-10-26,-10.5266666666667,-24.5,-3.5,6.71857411176197,-20.94,-13.85,-6.1,-4.78,NA,NA,NA,NA,NA,10,2025-10-26,"","DATE: Oct-26<br><b>Minimum temperature</b><br>10-90 percentile<br>-20.9 to -4.8 °C","Historical daily maximum<br>-3.5 °C<br>2025-10-26","DATE: Oct-26</b><br>Normal: -10.5 °C<br>Period: 1991-2020","2202810","NORMAN+WELLS+CLIMATE",2004,2026
"10-26","VPD",2001-10-26,0.167691537018843,0.0302769361005598,0.297648252642336,0.0800098132798148,0.0642678535852262,0.0992463175306093,0.229569787699014,0.250715466874366,NA,NA,NA,NA,NA,10,2023-10-26,"","DATE: Oct-26<br><b>Vapour pressure deficit</b><br>10-90 percentile<br>0.1 to 0.3 kPa","Historical daily maximum<br>0.3 kPa<br>2023-10-26","DATE: Oct-26</b><br>Normal: 0.2 kPa<br>Period: 1991-2020","2202810","NORMAN+WELLS+CLIMATE",2004,2026
"10-27","TMAX",2001-10-27,-4.36666666666667,-11.5,1.5,3.70283032030262,-9.48,-5.6,-2.1,0.06,NA,NA,NA,NA,NA,10,2013-10-27,"","DATE: Oct-27<br><b>Maximum temperature</b><br>10-90 percentile<br>-9.5 to 0.1 °C","Historical daily maximum<br>1.5 °C<br>2013-10-27","DATE: Oct-27</b><br>Normal: -4.4 °C<br>Period: 1991-2020","2202810","NORMAN+WELLS+CLIMATE",2004,2026
"10-27","TMIN",2001-10-27,-12.44,-25.4,-5.5,5.98089816475275,-19.08,-17.75,-7.8,-6.74,NA,NA,NA,NA,NA,10,2025-10-27,"","DATE: Oct-27<br><b>Minimum temperature</b><br>10-90 percentile<br>-19.1 to -6.7 °C","Historical daily maximum<br>-5.5 °C<br>2025-10-27","DATE: Oct-27</b><br>Normal: -12.4 °C<br>Period: 1991-2020","2202810","NORMAN+WELLS+CLIMATE",2004,2026
"10-27","VPD",2001-10-27,0.199578591984699,0.0323349603845326,0.390511308121614,0.101507705597614,0.0733767133136834,0.131076325493868,0.268598034732993,0.315918193526869,NA,NA,NA,NA,NA,10,2013-10-27,"","DATE: Oct-27<br><b>Vapour pressure deficit</b><br>10-90 percentile<br>0.1 to 0.3 kPa","Historical daily maximum<br>0.4 kPa<br>2013-10-27","DATE: Oct-27</b><br>Normal: 0.2 kPa<br>Period: 1991-2020","2202810","NORMAN+WELLS+CLIMATE",2004,2026
"10-28","TMAX",2001-10-28,-4.67857142857143,-11.1,4.8,4.14991725059828,-10.2,-6.85,-2.5,-1.82,NA,NA,NA,NA,NA,10,2017-10-28,"","DATE: Oct-28<br><b>Maximum temperature</b><br>10-90 percentile<br>-10.2 to -1.8 °C","Historical daily maximum<br>4.8 °C<br>2017-10-28","DATE: Oct-28</b><br>Normal: -4.7 °C<br>Period: 1991-2020","2202810","NORMAN+WELLS+CLIMATE",2004,2026
"10-28","TMIN",2001-10-28,-12.7214285714286,-26.5,-3.3,6.95282771157269,-20.42,-16.85,-7.625,-4.43,NA,NA,NA,NA,NA,10,2017-10-28,"","DATE: Oct-28<br><b>Minimum temperature</b><br>10-90 percentile<br>-20.4 to -4.4 °C","Historical daily maximum<br>-3.3 °C<br>2017-10-28","DATE: Oct-28</b><br>Normal: -12.7 °C<br>Period: 1991-2020","2202810","NORMAN+WELLS+CLIMATE",2004,2026
"10-28","VPD",2001-10-28,0.190549387082387,0.0726676403068853,0.381438382419307,0.0830489267719606,0.102589433704984,0.141350863011754,0.222881187095208,0.289333094364896,NA,NA,NA,NA,NA,10,2017-10-28,"","DATE: Oct-28<br><b>Vapour pressure deficit</b><br>10-90 percentile<br>0.1 to 0.3 kPa","Historical daily maximum<br>0.4 kPa<br>2017-10-28","DATE: Oct-28</b><br>Normal: 0.2 kPa<br>Period: 1991-2020","2202810","NORMAN+WELLS+CLIMATE",2004,2026
"10-29","TMAX",2001-10-29,-3.45333333333333,-9.2,4.1,3.93316787384031,-8.44,-5.65,-1.95,1.66,NA,NA,NA,NA,NA,10,2017-10-29,"","DATE: Oct-29<br><b>Maximum temperature</b><br>10-90 percentile<br>-8.4 to 1.7 °C","Historical daily maximum<br>4.1 °C<br>2017-10-29","DATE: Oct-29</b><br>Normal: -3.5 °C<br>Period: 1991-2020","2202810","NORMAN+WELLS+CLIMATE",2004,2026
"10-29","TMIN",2001-10-29,-12.9466666666667,-22.1,-3.2,6.25321250771687,-20.44,-18.9,-7.75,-5.98,NA,NA,NA,NA,NA,10,2013-10-29,"","DATE: Oct-29<br><b>Minimum temperature</b><br>10-90 percentile<br>-20.4 to -6.0 °C","Historical daily maximum<br>-3.2 °C<br>2013-10-29","DATE: Oct-29</b><br>Normal: -12.9 °C<br>Period: 1991-2020","2202810","NORMAN+WELLS+CLIMATE",2004,2026
"10-29","VPD",2001-10-29,0.240940517499366,0.0393712253598536,0.489812099822233,0.119161053339398,0.0958311328683812,0.172646020773409,0.321858180138723,0.337806728405387,NA,NA,NA,NA,NA,10,2017-10-29,"","DATE: Oct-29<br><b>Vapour pressure deficit</b><br>10-90 percentile<br>0.1 to 0.3 kPa","Historical daily maximum<br>0.5 kPa<br>2017-10-29","DATE: Oct-29</b><br>Normal: 0.2 kPa<br>Period: 1991-2020","2202810","NORMAN+WELLS+CLIMATE",2004,2026
"10-30","TMAX",2001-10-30,-5.39333333333333,-12.5,4.3,4.8309222229104,-10.94,-8.15,-4.15,1.8,NA,NA,NA,NA,NA,10,2013-10-30,"","DATE: Oct-30<br><b>Maximum temperature</b><br>10-90 percentile<br>-10.9 to 1.8 °C","Historical daily maximum<br>4.3 °C<br>2013-10-30","DATE: Oct-30</b><br>Normal: -5.4 °C<br>Period: 1991-2020","2202810","NORMAN+WELLS+CLIMATE",2004,2026
"10-30","TMIN",2001-10-30,-13.7866666666667,-23.2,-1.3,5.78592709779102,-21.46,-16.1,-10.95,-7.58,NA,NA,NA,NA,NA,10,2017-10-30,"","DATE: Oct-30<br><b>Minimum temperature</b><br>10-90 percentile<br>-21.5 to -7.6 °C","Historical daily maximum<br>-1.3 °C<br>2017-10-30","DATE: Oct-30</b><br>Normal: -13.8 °C<br>Period: 1991-2020","2202810","NORMAN+WELLS+CLIMATE",2004,2026
"10-30","VPD",2001-10-30,0.201885912927395,0.0426210001783684,0.558196776237316,0.132462417933159,0.0665371600825727,0.120351311748386,0.22442280889986,0.337151959508047,NA,NA,NA,NA,NA,10,2025-10-30,"","DATE: Oct-30<br><b>Vapour pressure deficit</b><br>10-90 percentile<br>0.1 to 0.3 kPa","Historical daily maximum<br>0.6 kPa<br>2025-10-30","DATE: Oct-30</b><br>Normal: 0.2 kPa<br>Period: 1991-2020","2202810","NORMAN+WELLS+CLIMATE",2004,2026
"10-31","TMAX",2001-10-31,-6.14666666666667,-13.5,0.6,3.86391116924413,-10.76,-7.95,-4.35,-0.980000000000001,NA,NA,NA,NA,NA,10,2025-10-31,"","DATE: Oct-31<br><b>Maximum temperature</b><br>10-90 percentile<br>-10.8 to -1.0 °C","Historical daily maximum<br>0.6 °C<br>2025-10-31","DATE: Oct-31</b><br>Normal: -6.1 °C<br>Period: 1991-2020","2202810","NORMAN+WELLS+CLIMATE",2004,2026
"10-31","TMIN",2001-10-31,-15.78,-26,-4.7,5.23602902971326,-21.64,-19,-13.05,-11.12,NA,NA,NA,NA,NA,10,2023-10-31,"","DATE: Oct-31<br><b>Minimum temperature</b><br>10-90 percentile<br>-21.6 to -11.1 °C","Historical daily maximum<br>-4.7 °C<br>2023-10-31","DATE: Oct-31</b><br>Normal: -15.8 °C<br>Period: 1991-2020","2202810","NORMAN+WELLS+CLIMATE",2004,2026
"10-31","VPD",2001-10-31,0.206958293848219,0.0577286583461923,0.403249326171276,0.0936064251312949,0.109132573128982,0.14152706696342,0.246429291423859,0.320111503427743,NA,NA,NA,NA,NA,10,2019-10-31,"","DATE: Oct-31<br><b>Vapour pressure deficit</b><br>10-90 percentile<br>0.1 to 0.3 kPa","Historical daily maximum<br>0.4 kPa<br>2019-10-31","DATE: Oct-31</b><br>Normal: 0.2 kPa<br>Period: 1991-2020","2202810","NORMAN+WELLS+CLIMATE",2004,2026
