"MD","variable","PLOT_DATE","clim_mean","clim_min","clim_max","clim_sd","q10","q25","q75","q90","value","ECCC_SOURCE","ECCC_AES","ECCC_STATION_ID","ECCC_STATION_NAME","MONTH","clim_max_date","hover_value","hover_band","hover_histmax","hover_mean","AES","NAME","por_start","por_end"
"04-01","TMAX",2001-04-01,8.02352941176471,-0.6,21,4.95473629618226,1.78,6.5,10.3,11.72,2.6,"NA (ECCC AES NA; station_id 42183)",NA,42183,"",4,2010-04-01,"DATE: Apr-01<br>Value: 2.6 °C<br>Anomaly: -5.4 °C<br>Weather station: NA (ECCC AES NA; station_id 42183)","DATE: Apr-01<br><b>Maximum temperature</b><br>10-90 percentile<br>1.8 to 11.7 °C","Historical daily maximum<br>21.0 °C<br>2010-04-01","DATE: Apr-01</b><br>Normal: 8.0 °C<br>Period: 1991-2020","6117700","BARRIE-ORO",2003,2026
"04-01","TMIN",2001-04-01,-2.50588235294118,-10.6,2.6,3.80336538282797,-7.9,-5,-0.2,1.7,-1.9,"NA (ECCC AES NA; station_id 42183)",NA,42183,"",4,2005-04-01,"DATE: Apr-01<br>Value: -1.9 °C<br>Anomaly: +0.6 °C<br>Weather station: NA (ECCC AES NA; station_id 42183)","DATE: Apr-01<br><b>Minimum temperature</b><br>10-90 percentile<br>-7.9 to 1.7 °C","Historical daily maximum<br>2.6 °C<br>2005-04-01","DATE: Apr-01</b><br>Normal: -2.5 °C<br>Period: 1991-2020","6117700","BARRIE-ORO",2003,2026
"04-01","VPD",2001-04-01,0.604278648471663,0.243197523098745,1.81594154484796,0.384660521276878,0.275921090424013,0.327689195665089,0.781218020960871,0.853277318505394,0.205195408336078,"NA (ECCC AES NA; station_id 42183)",NA,42183,"",4,2010-04-01,"DATE: Apr-01<br>Value: 0.2 kPa<br>Anomaly: -0.4 kPa<br>Weather station: NA (ECCC AES NA; station_id 42183)","DATE: Apr-01<br><b>Vapour pressure deficit</b><br>10-90 percentile<br>0.3 to 0.9 kPa","Historical daily maximum<br>1.8 kPa<br>2010-04-01","DATE: Apr-01</b><br>Normal: 0.6 kPa<br>Period: 1991-2020","6117700","BARRIE-ORO",2003,2026
"04-02","TMAX",2001-04-02,8.5,-1,24.7,6.71304699819687,1,3.3,10.9,16.28,4.6,"NA (ECCC AES NA; station_id 42183)",NA,42183,"",4,2010-04-02,"DATE: Apr-02<br>Value: 4.6 °C<br>Anomaly: -3.9 °C<br>Weather station: NA (ECCC AES NA; station_id 42183)","DATE: Apr-02<br><b>Maximum temperature</b><br>10-90 percentile<br>1.0 to 16.3 °C","Historical daily maximum<br>24.7 °C<br>2010-04-02","DATE: Apr-02</b><br>Normal: 8.5 °C<br>Period: 1991-2020","6117700","BARRIE-ORO",2003,2026
"04-02","TMIN",2001-04-02,-1.91764705882353,-8.4,4.4,3.89955691298987,-7.92,-4,0.1,3.12,-2.7,"NA (ECCC AES NA; station_id 42183)",NA,42183,"",4,2010-04-02,"DATE: Apr-02<br>Value: -2.7 °C<br>Anomaly: -0.8 °C<br>Weather station: NA (ECCC AES NA; station_id 42183)","DATE: Apr-02<br><b>Minimum temperature</b><br>10-90 percentile<br>-7.9 to 3.1 °C","Historical daily maximum<br>4.4 °C<br>2010-04-02","DATE: Apr-02</b><br>Normal: -1.9 °C<br>Period: 1991-2020","6117700","BARRIE-ORO",2003,2026
"04-02","VPD",2001-04-02,0.666336408481977,0.163252652323659,2.27516612849836,0.55755716729454,0.208057637306866,0.303968310771947,0.807007407140236,1.33922604514723,0.347550774313056,"NA (ECCC AES NA; station_id 42183)",NA,42183,"",4,2010-04-02,"DATE: Apr-02<br>Value: 0.3 kPa<br>Anomaly: -0.3 kPa<br>Weather station: NA (ECCC AES NA; station_id 42183)","DATE: Apr-02<br><b>Vapour pressure deficit</b><br>10-90 percentile<br>0.2 to 1.3 kPa","Historical daily maximum<br>2.3 kPa<br>2010-04-02","DATE: Apr-02</b><br>Normal: 0.7 kPa<br>Period: 1991-2020","6117700","BARRIE-ORO",2003,2026
"04-03","TMAX",2001-04-03,8.175,-0.3,23,5.62559626469349,1.8,4.05,11.025,12,17.6,"NA (ECCC AES NA; station_id 42183)",NA,42183,"",4,2010-04-03,"DATE: Apr-03<br>Value: 17.6 °C<br>Anomaly: +9.4 °C<br>Weather station: NA (ECCC AES NA; station_id 42183)","DATE: Apr-03<br><b>Maximum temperature</b><br>10-90 percentile<br>1.8 to 12.0 °C","Historical daily maximum<br>23.0 °C<br>2010-04-03","DATE: Apr-03</b><br>Normal: 8.2 °C<br>Period: 1991-2020","6117700","BARRIE-ORO",2003,2026
"04-03","TMIN",2001-04-03,-1.95,-9.7,4.1,3.57435308832242,-6.75,-3.65,0.125,1.45,1,"NA (ECCC AES NA; station_id 42183)",NA,42183,"",4,2010-04-03,"DATE: Apr-03<br>Value: 1.0 °C<br>Anomaly: +3.0 °C<br>Weather station: NA (ECCC AES NA; station_id 42183)","DATE: Apr-03<br><b>Minimum temperature</b><br>10-90 percentile<br>-6.8 to 1.4 °C","Historical daily maximum<br>4.1 °C<br>2010-04-03","DATE: Apr-03</b><br>Normal: -2.0 °C<br>Period: 1991-2020","6117700","BARRIE-ORO",2003,2026
"04-03","VPD",2001-04-03,0.613457664274214,0.0459091639890807,1.99043464643192,0.443352207356554,0.244868320851916,0.330012293099139,0.781672494011083,0.863254949824949,1.35593737863826,"NA (ECCC AES NA; station_id 42183)",NA,42183,"",4,2010-04-03,"DATE: Apr-03<br>Value: 1.4 kPa<br>Anomaly: +0.7 kPa<br>Weather station: NA (ECCC AES NA; station_id 42183)","DATE: Apr-03<br><b>Vapour pressure deficit</b><br>10-90 percentile<br>0.2 to 0.9 kPa","Historical daily maximum<br>2.0 kPa<br>2010-04-03","DATE: Apr-03</b><br>Normal: 0.6 kPa<br>Period: 1991-2020","6117700","BARRIE-ORO",2003,2026
"04-04","TMAX",2001-04-04,6.07647058823529,-2.8,19.1,5.39299654781142,0.98,2.3,9.5,11.82,7.5,"NA (ECCC AES NA; station_id 42183)",NA,42183,"",4,2010-04-04,"DATE: Apr-04<br>Value: 7.5 °C<br>Anomaly: +1.4 °C<br>Weather station: NA (ECCC AES NA; station_id 42183)","DATE: Apr-04<br><b>Maximum temperature</b><br>10-90 percentile<br>1.0 to 11.8 °C","Historical daily maximum<br>19.1 °C<br>2010-04-04","DATE: Apr-04</b><br>Normal: 6.1 °C<br>Period: 1991-2020","6117700","BARRIE-ORO",2003,2026
"04-04","TMIN",2001-04-04,-2.82352941176471,-10,3.6,4.08710310179544,-7.36,-6.7,-0.2,2.2,0,"NA (ECCC AES NA; station_id 42183)",NA,42183,"",4,2010-04-04,"DATE: Apr-04<br>Value: 0.0 °C<br>Anomaly: +2.8 °C<br>Weather station: NA (ECCC AES NA; station_id 42183)","DATE: Apr-04<br><b>Minimum temperature</b><br>10-90 percentile<br>-7.4 to 2.2 °C","Historical daily maximum<br>3.6 °C<br>2010-04-04","DATE: Apr-04</b><br>Normal: -2.8 °C<br>Period: 1991-2020","6117700","BARRIE-ORO",2003,2026
"04-04","VPD",2001-04-04,0.483285863014515,0.0973881280876672,1.42049250156502,0.32511185341699,0.228727677272665,0.281934415117633,0.543965357710684,0.874052907750529,0.425979927646074,"NA (ECCC AES NA; station_id 42183)",NA,42183,"",4,2010-04-04,"DATE: Apr-04<br>Value: 0.4 kPa<br>Anomaly: -0.1 kPa<br>Weather station: NA (ECCC AES NA; station_id 42183)","DATE: Apr-04<br><b>Vapour pressure deficit</b><br>10-90 percentile<br>0.2 to 0.9 kPa","Historical daily maximum<br>1.4 kPa<br>2010-04-04","DATE: Apr-04</b><br>Normal: 0.5 kPa<br>Period: 1991-2020","6117700","BARRIE-ORO",2003,2026
"04-05","TMAX",2001-04-05,4.92352941176471,-4.5,20.6,5.90238610772846,-0.62,2,8.1,10.16,7.5,"NA (ECCC AES NA; station_id 42183)",NA,42183,"",4,2010-04-05,"DATE: Apr-05<br>Value: 7.5 °C<br>Anomaly: +2.6 °C<br>Weather station: NA (ECCC AES NA; station_id 42183)","DATE: Apr-05<br><b>Maximum temperature</b><br>10-90 percentile<br>-0.6 to 10.2 °C","Historical daily maximum<br>20.6 °C<br>2010-04-05","DATE: Apr-05</b><br>Normal: 4.9 °C<br>Period: 1991-2020","6117700","BARRIE-ORO",2003,2026
"04-05","TMIN",2001-04-05,-4.71176470588235,-15.7,5.3,5.54750871483556,-12.12,-7.2,-1,0.900000000000001,-1.4,"NA (ECCC AES NA; station_id 42183)",NA,42183,"",4,2010-04-05,"DATE: Apr-05<br>Value: -1.4 °C<br>Anomaly: +3.3 °C<br>Weather station: NA (ECCC AES NA; station_id 42183)","DATE: Apr-05<br><b>Minimum temperature</b><br>10-90 percentile<br>-12.1 to 0.9 °C","Historical daily maximum<br>5.3 °C<br>2010-04-05","DATE: Apr-05</b><br>Normal: -4.7 °C<br>Period: 1991-2020","6117700","BARRIE-ORO",2003,2026
"04-05","VPD",2001-04-05,0.474580219079502,0.100458639064142,1.53580444342266,0.326859791574507,0.228657417172043,0.316382129289466,0.472238070388326,0.786163893010994,0.485481104038273,"NA (ECCC AES NA; station_id 42183)",NA,42183,"",4,2010-04-05,"DATE: Apr-05<br>Value: 0.5 kPa<br>Anomaly: +0.0 kPa<br>Weather station: NA (ECCC AES NA; station_id 42183)","DATE: Apr-05<br><b>Vapour pressure deficit</b><br>10-90 percentile<br>0.2 to 0.8 kPa","Historical daily maximum<br>1.5 kPa<br>2010-04-05","DATE: Apr-05</b><br>Normal: 0.5 kPa<br>Period: 1991-2020","6117700","BARRIE-ORO",2003,2026
"04-06","TMAX",2001-04-06,6.82352941176471,-6.5,12.5,4.96242498832032,1.76,4.3,10.3,12.12,3.8,"NA (ECCC AES NA; station_id 42183)",NA,42183,"",4,2021-04-06,"DATE: Apr-06<br>Value: 3.8 °C<br>Anomaly: -3.0 °C<br>Weather station: NA (ECCC AES NA; station_id 42183)","DATE: Apr-06<br><b>Maximum temperature</b><br>10-90 percentile<br>1.8 to 12.1 °C","Historical daily maximum<br>12.5 °C<br>2021-04-06","DATE: Apr-06</b><br>Normal: 6.8 °C<br>Period: 1991-2020","6117700","BARRIE-ORO",2003,2026
"04-06","TMIN",2001-04-06,-3.28235294117647,-10.2,5.8,4.17914992763445,-8.64,-5.5,-0.2,1.12,-3.9,"NA (ECCC AES NA; station_id 42183)",NA,42183,"",4,2010-04-06,"DATE: Apr-06<br>Value: -3.9 °C<br>Anomaly: -0.6 °C<br>Weather station: NA (ECCC AES NA; station_id 42183)","DATE: Apr-06<br><b>Minimum temperature</b><br>10-90 percentile<br>-8.6 to 1.1 °C","Historical daily maximum<br>5.8 °C<br>2010-04-06","DATE: Apr-06</b><br>Normal: -3.3 °C<br>Period: 1991-2020","6117700","BARRIE-ORO",2003,2026
"04-06","VPD",2001-04-06,0.534526976891317,0.0943414697951411,1.01203994364207,0.249091294697381,0.231936688034849,0.310355177813541,0.71686879870875,0.805721388091186,0.344191852561233,"NA (ECCC AES NA; station_id 42183)",NA,42183,"",4,2020-04-06,"DATE: Apr-06<br>Value: 0.3 kPa<br>Anomaly: -0.2 kPa<br>Weather station: NA (ECCC AES NA; station_id 42183)","DATE: Apr-06<br><b>Vapour pressure deficit</b><br>10-90 percentile<br>0.2 to 0.8 kPa","Historical daily maximum<br>1.0 kPa<br>2020-04-06","DATE: Apr-06</b><br>Normal: 0.5 kPa<br>Period: 1991-2020","6117700","BARRIE-ORO",2003,2026
"04-07","TMAX",2001-04-07,6.88235294117647,-5,13.6,5.70298554422568,-2.02,4.2,12.2,13.1,-2.8,"NA (ECCC AES NA; station_id 42183)",NA,42183,"",4,2021-04-07,"DATE: Apr-07<br>Value: -2.8 °C<br>Anomaly: -9.7 °C<br>Weather station: NA (ECCC AES NA; station_id 42183)","DATE: Apr-07<br><b>Maximum temperature</b><br>10-90 percentile<br>-2.0 to 13.1 °C","Historical daily maximum<br>13.6 °C<br>2021-04-07","DATE: Apr-07</b><br>Normal: 6.9 °C<br>Period: 1991-2020","6117700","BARRIE-ORO",2003,2026
"04-07","TMIN",2001-04-07,-2.65294117647059,-10.2,7.2,4.04414973249304,-6.4,-4.7,0,1.7,-9,"NA (ECCC AES NA; station_id 42183)",NA,42183,"",4,2010-04-07,"DATE: Apr-07<br>Value: -9.0 °C<br>Anomaly: -6.3 °C<br>Weather station: NA (ECCC AES NA; station_id 42183)","DATE: Apr-07<br><b>Minimum temperature</b><br>10-90 percentile<br>-6.4 to 1.7 °C","Historical daily maximum<br>7.2 °C<br>2010-04-07","DATE: Apr-07</b><br>Normal: -2.7 °C<br>Period: 1991-2020","6117700","BARRIE-ORO",2003,2026
"04-07","VPD",2001-04-07,0.531188242532942,0.129756590747789,1.10654410945988,0.272996951900433,0.152458422448048,0.384020467085254,0.725194731476735,0.852069171966316,0.187795730371247,"NA (ECCC AES NA; station_id 42183)",NA,42183,"",4,2021-04-07,"DATE: Apr-07<br>Value: 0.2 kPa<br>Anomaly: -0.3 kPa<br>Weather station: NA (ECCC AES NA; station_id 42183)","DATE: Apr-07<br><b>Vapour pressure deficit</b><br>10-90 percentile<br>0.2 to 0.9 kPa","Historical daily maximum<br>1.1 kPa<br>2021-04-07","DATE: Apr-07</b><br>Normal: 0.5 kPa<br>Period: 1991-2020","6117700","BARRIE-ORO",2003,2026
"04-08","TMAX",2001-04-08,6.63529411764706,-2.8,16.8,5.50578572690477,-1.82,2.3,10,11.5,5.2,"NA (ECCC AES NA; station_id 42183)",NA,42183,"",4,2021-04-08,"DATE: Apr-08<br>Value: 5.2 °C<br>Anomaly: -1.4 °C<br>Weather station: NA (ECCC AES NA; station_id 42183)","DATE: Apr-08<br><b>Maximum temperature</b><br>10-90 percentile<br>-1.8 to 11.5 °C","Historical daily maximum<br>16.8 °C<br>2021-04-08","DATE: Apr-08</b><br>Normal: 6.6 °C<br>Period: 1991-2020","6117700","BARRIE-ORO",2003,2026
"04-08","TMIN",2001-04-08,-2.66470588235294,-8.4,3.5,3.5282681970888,-7.32,-5.1,-0.2,1.3,-9.1,"NA (ECCC AES NA; station_id 42183)",NA,42183,"",4,2021-04-08,"DATE: Apr-08<br>Value: -9.1 °C<br>Anomaly: -6.4 °C<br>Weather station: NA (ECCC AES NA; station_id 42183)","DATE: Apr-08<br><b>Minimum temperature</b><br>10-90 percentile<br>-7.3 to 1.3 °C","Historical daily maximum<br>3.5 °C<br>2021-04-08","DATE: Apr-08</b><br>Normal: -2.7 °C<br>Period: 1991-2020","6117700","BARRIE-ORO",2003,2026
"04-08","VPD",2001-04-08,0.517895015466262,0.107361136212228,1.41260426089495,0.331938329404495,0.171439568677113,0.346817303558856,0.721975547539514,0.828345247257261,0.577797395481758,"NA (ECCC AES NA; station_id 42183)",NA,42183,"",4,2021-04-08,"DATE: Apr-08<br>Value: 0.6 kPa<br>Anomaly: +0.1 kPa<br>Weather station: NA (ECCC AES NA; station_id 42183)","DATE: Apr-08<br><b>Vapour pressure deficit</b><br>10-90 percentile<br>0.2 to 0.8 kPa","Historical daily maximum<br>1.4 kPa<br>2021-04-08","DATE: Apr-08</b><br>Normal: 0.5 kPa<br>Period: 1991-2020","6117700","BARRIE-ORO",2003,2026
"04-09","TMAX",2001-04-09,7.71764705882353,-2.5,19.4,5.82475700073806,1.3,4.8,10.2,15.26,17.9,"NA (ECCC AES NA; station_id 42183)",NA,42183,"",4,2024-04-09,"DATE: Apr-09<br>Value: 17.9 °C<br>Anomaly: +10.2 °C<br>Weather station: NA (ECCC AES NA; station_id 42183)","DATE: Apr-09<br><b>Maximum temperature</b><br>10-90 percentile<br>1.3 to 15.3 °C","Historical daily maximum<br>19.4 °C<br>2024-04-09","DATE: Apr-09</b><br>Normal: 7.7 °C<br>Period: 1991-2020","6117700","BARRIE-ORO",2003,2026
"04-09","TMIN",2001-04-09,-2.54117647058824,-8.8,1.9,3.21287620823021,-6.38,-4.8,-0.4,1.42,-1.1,"NA (ECCC AES NA; station_id 42183)",NA,42183,"",4,2021-04-09,"DATE: Apr-09<br>Value: -1.1 °C<br>Anomaly: +1.4 °C<br>Weather station: NA (ECCC AES NA; station_id 42183)","DATE: Apr-09<br><b>Minimum temperature</b><br>10-90 percentile<br>-6.4 to 1.4 °C","Historical daily maximum<br>1.9 °C<br>2021-04-09","DATE: Apr-09</b><br>Normal: -2.5 °C<br>Period: 1991-2020","6117700","BARRIE-ORO",2003,2026
"04-09","VPD",2001-04-09,0.605583916880841,0.154501515135798,1.71359365493828,0.436506627104667,0.17973262885671,0.279832150902589,0.690669972167972,1.1526599590765,1.48744880295387,"NA (ECCC AES NA; station_id 42183)",NA,42183,"",4,2024-04-09,"DATE: Apr-09<br>Value: 1.5 kPa<br>Anomaly: +0.9 kPa<br>Weather station: NA (ECCC AES NA; station_id 42183)","DATE: Apr-09<br><b>Vapour pressure deficit</b><br>10-90 percentile<br>0.2 to 1.2 kPa","Historical daily maximum<br>1.7 kPa<br>2024-04-09","DATE: Apr-09</b><br>Normal: 0.6 kPa<br>Period: 1991-2020","6117700","BARRIE-ORO",2003,2026
"04-10","TMAX",2001-04-10,9.13529411764706,-0.2,22.5,6.18475354970497,3.68,4.6,13.6,16.94,4.5,"NA (ECCC AES NA; station_id 42183)",NA,42183,"",4,2017-04-10,"DATE: Apr-10<br>Value: 4.5 °C<br>Anomaly: -4.6 °C<br>Weather station: NA (ECCC AES NA; station_id 42183)","DATE: Apr-10<br><b>Maximum temperature</b><br>10-90 percentile<br>3.7 to 16.9 °C","Historical daily maximum<br>22.5 °C<br>2017-04-10","DATE: Apr-10</b><br>Normal: 9.1 °C<br>Period: 1991-2020","6117700","BARRIE-ORO",2003,2026
"04-10","TMIN",2001-04-10,-1.78235294117647,-9.8,6.3,4.27554606075611,-6.8,-4.3,1,2.48,-0.8,"NA (ECCC AES NA; station_id 42183)",NA,42183,"",4,2021-04-10,"DATE: Apr-10<br>Value: -0.8 °C<br>Anomaly: +1.0 °C<br>Weather station: NA (ECCC AES NA; station_id 42183)","DATE: Apr-10<br><b>Minimum temperature</b><br>10-90 percentile<br>-6.8 to 2.5 °C","Historical daily maximum<br>6.3 °C<br>2021-04-10","DATE: Apr-10</b><br>Normal: -1.8 °C<br>Period: 1991-2020","6117700","BARRIE-ORO",2003,2026
"04-10","VPD",2001-04-10,0.69020025331367,0.165970321551197,1.77087772600604,0.470271224112844,0.244664998130757,0.41526729059062,0.896114727538959,1.32480794683196,0.2661895823215,"NA (ECCC AES NA; station_id 42183)",NA,42183,"",4,2017-04-10,"DATE: Apr-10<br>Value: 0.3 kPa<br>Anomaly: -0.4 kPa<br>Weather station: NA (ECCC AES NA; station_id 42183)","DATE: Apr-10<br><b>Vapour pressure deficit</b><br>10-90 percentile<br>0.2 to 1.3 kPa","Historical daily maximum<br>1.8 kPa<br>2017-04-10","DATE: Apr-10</b><br>Normal: 0.7 kPa<br>Period: 1991-2020","6117700","BARRIE-ORO",2003,2026
"04-11","TMAX",2001-04-11,9.05294117647059,1.4,21.2,5.92369370062493,2.16,4,11.7,16.86,7.3,"NA (ECCC AES NA; station_id 42183)",NA,42183,"",4,2023-04-11,"DATE: Apr-11<br>Value: 7.3 °C<br>Anomaly: -1.8 °C<br>Weather station: NA (ECCC AES NA; station_id 42183)","DATE: Apr-11<br><b>Maximum temperature</b><br>10-90 percentile<br>2.2 to 16.9 °C","Historical daily maximum<br>21.2 °C<br>2023-04-11","DATE: Apr-11</b><br>Normal: 9.1 °C<br>Period: 1991-2020","6117700","BARRIE-ORO",2003,2026
"04-11","TMIN",2001-04-11,-1.70588235294118,-6.6,3.9,2.96552495104899,-5.98,-2.8,-0.2,1.36,-1.9,"NA (ECCC AES NA; station_id 42183)",NA,42183,"",4,2021-04-11,"DATE: Apr-11<br>Value: -1.9 °C<br>Anomaly: -0.2 °C<br>Weather station: NA (ECCC AES NA; station_id 42183)","DATE: Apr-11<br><b>Minimum temperature</b><br>10-90 percentile<br>-6.0 to 1.4 °C","Historical daily maximum<br>3.9 °C<br>2021-04-11","DATE: Apr-11</b><br>Normal: -1.7 °C<br>Period: 1991-2020","6117700","BARRIE-ORO",2003,2026
"04-11","VPD",2001-04-11,0.68302572300322,0.124611152627358,1.7381728312009,0.44167169755215,0.1980687023544,0.41395402848446,0.835821079142845,1.20054412726916,0.491358094358807,"NA (ECCC AES NA; station_id 42183)",NA,42183,"",4,2011-04-11,"DATE: Apr-11<br>Value: 0.5 kPa<br>Anomaly: -0.2 kPa<br>Weather station: NA (ECCC AES NA; station_id 42183)","DATE: Apr-11<br><b>Vapour pressure deficit</b><br>10-90 percentile<br>0.2 to 1.2 kPa","Historical daily maximum<br>1.7 kPa<br>2011-04-11","DATE: Apr-11</b><br>Normal: 0.7 kPa<br>Period: 1991-2020","6117700","BARRIE-ORO",2003,2026
"04-12","TMAX",2001-04-12,9.26470588235294,2,17.5,4.69413745757282,4.16,4.4,12.1,15.04,5,"NA (ECCC AES NA; station_id 42183)",NA,42183,"",4,2023-04-12,"DATE: Apr-12<br>Value: 5.0 °C<br>Anomaly: -4.3 °C<br>Weather station: NA (ECCC AES NA; station_id 42183)","DATE: Apr-12<br><b>Maximum temperature</b><br>10-90 percentile<br>4.2 to 15.0 °C","Historical daily maximum<br>17.5 °C<br>2023-04-12","DATE: Apr-12</b><br>Normal: 9.3 °C<br>Period: 1991-2020","6117700","BARRIE-ORO",2003,2026
"04-12","TMIN",2001-04-12,-0.976470588235294,-5.7,6.4,2.95349991784423,-4.46,-2.6,0.3,2.1,-2.2,"NA (ECCC AES NA; station_id 42183)",NA,42183,"",4,2021-04-12,"DATE: Apr-12<br>Value: -2.2 °C<br>Anomaly: -1.2 °C<br>Weather station: NA (ECCC AES NA; station_id 42183)","DATE: Apr-12<br><b>Minimum temperature</b><br>10-90 percentile<br>-4.5 to 2.1 °C","Historical daily maximum<br>6.4 °C<br>2021-04-12","DATE: Apr-12</b><br>Normal: -1.0 °C<br>Period: 1991-2020","6117700","BARRIE-ORO",2003,2026
"04-12","VPD",2001-04-12,0.637594937243938,0.166404086982945,1.49554490875661,0.343610905939838,0.234077319734275,0.373929324030606,0.80573760733471,1.01570813164266,0.352657718319523,"NA (ECCC AES NA; station_id 42183)",NA,42183,"",4,2023-04-12,"DATE: Apr-12<br>Value: 0.4 kPa<br>Anomaly: -0.3 kPa<br>Weather station: NA (ECCC AES NA; station_id 42183)","DATE: Apr-12<br><b>Vapour pressure deficit</b><br>10-90 percentile<br>0.2 to 1.0 kPa","Historical daily maximum<br>1.5 kPa<br>2023-04-12","DATE: Apr-12</b><br>Normal: 0.6 kPa<br>Period: 1991-2020","6117700","BARRIE-ORO",2003,2026
"04-13","TMAX",2001-04-13,10.49375,2,20.6,5.69484781769159,3.35,5.4,14.075,16.55,15.4,"NA (ECCC AES NA; station_id 42183)",NA,42183,"",4,2023-04-13,"DATE: Apr-13<br>Value: 15.4 °C<br>Anomaly: +4.9 °C<br>Weather station: NA (ECCC AES NA; station_id 42183)","DATE: Apr-13<br><b>Maximum temperature</b><br>10-90 percentile<br>3.3 to 16.6 °C","Historical daily maximum<br>20.6 °C<br>2023-04-13","DATE: Apr-13</b><br>Normal: 10.5 °C<br>Period: 1991-2020","6117700","BARRIE-ORO",2003,2026
"04-13","TMIN",2001-04-13,-0.9625,-6.5,4.1,2.89801656309967,-4.85,-2.025,-0.025,3,4.5,"NA (ECCC AES NA; station_id 42183)",NA,42183,"",4,2023-04-13,"DATE: Apr-13<br>Value: 4.5 °C<br>Anomaly: +5.5 °C<br>Weather station: NA (ECCC AES NA; station_id 42183)","DATE: Apr-13<br><b>Minimum temperature</b><br>10-90 percentile<br>-4.8 to 3.0 °C","Historical daily maximum<br>4.1 °C<br>2023-04-13","DATE: Apr-13</b><br>Normal: -1.0 °C<br>Period: 1991-2020","6117700","BARRIE-ORO",2003,2026
"04-13","VPD",2001-04-13,0.76528907936333,0.108049095307678,1.85041214964887,0.472358171258517,0.164257692960177,0.36596717937955,1.06631879202084,1.13516781573576,0.907432062112335,"NA (ECCC AES NA; station_id 42183)",NA,42183,"",4,2023-04-13,"DATE: Apr-13<br>Value: 0.9 kPa<br>Anomaly: +0.1 kPa<br>Weather station: NA (ECCC AES NA; station_id 42183)","DATE: Apr-13<br><b>Vapour pressure deficit</b><br>10-90 percentile<br>0.2 to 1.1 kPa","Historical daily maximum<br>1.9 kPa<br>2023-04-13","DATE: Apr-13</b><br>Normal: 0.8 kPa<br>Period: 1991-2020","6117700","BARRIE-ORO",2003,2026
"04-14","TMAX",2001-04-14,10.7294117647059,0.9,17.7,5.48449686683774,3.46,6.4,14.9,17.36,18.9,"NA (ECCC AES NA; station_id 42183)",NA,42183,"",4,2023-04-14,"DATE: Apr-14<br>Value: 18.9 °C<br>Anomaly: +8.2 °C<br>Weather station: NA (ECCC AES NA; station_id 42183)","DATE: Apr-14<br><b>Maximum temperature</b><br>10-90 percentile<br>3.5 to 17.4 °C","Historical daily maximum<br>17.7 °C<br>2023-04-14","DATE: Apr-14</b><br>Normal: 10.7 °C<br>Period: 1991-2020","6117700","BARRIE-ORO",2003,2026
"04-14","TMIN",2001-04-14,-1.90588235294118,-6.7,1.1,2.0449543357479,-4.78,-2.6,-0.8,0.36,5.1,"NA (ECCC AES NA; station_id 42183)",NA,42183,"",4,2023-04-14,"DATE: Apr-14<br>Value: 5.1 °C<br>Anomaly: +7.0 °C<br>Weather station: NA (ECCC AES NA; station_id 42183)","DATE: Apr-14<br><b>Minimum temperature</b><br>10-90 percentile<br>-4.8 to 0.4 °C","Historical daily maximum<br>1.1 °C<br>2023-04-14","DATE: Apr-14</b><br>Normal: -1.9 °C<br>Period: 1991-2020","6117700","BARRIE-ORO",2003,2026
"04-14","VPD",2001-04-14,0.822810085263902,0.181253008194865,1.47737746283286,0.430580793235437,0.32269939332064,0.416770184743058,1.15912895801505,1.44839764754636,1.30530298817666,"NA (ECCC AES NA; station_id 42183)",NA,42183,"",4,2023-04-14,"DATE: Apr-14<br>Value: 1.3 kPa<br>Anomaly: +0.5 kPa<br>Weather station: NA (ECCC AES NA; station_id 42183)","DATE: Apr-14<br><b>Vapour pressure deficit</b><br>10-90 percentile<br>0.3 to 1.4 kPa","Historical daily maximum<br>1.5 kPa<br>2023-04-14","DATE: Apr-14</b><br>Normal: 0.8 kPa<br>Period: 1991-2020","6117700","BARRIE-ORO",2003,2026
"04-15","TMAX",2001-04-15,10.9117647058824,-0.8,20.8,6.52168329046853,0.8,6.7,14.9,17.74,16.7,"NA (ECCC AES NA; station_id 42183)",NA,42183,"",4,2023-04-15,"DATE: Apr-15<br>Value: 16.7 °C<br>Anomaly: +5.8 °C<br>Weather station: NA (ECCC AES NA; station_id 42183)","DATE: Apr-15<br><b>Maximum temperature</b><br>10-90 percentile<br>0.8 to 17.7 °C","Historical daily maximum<br>20.8 °C<br>2023-04-15","DATE: Apr-15</b><br>Normal: 10.9 °C<br>Period: 1991-2020","6117700","BARRIE-ORO",2003,2026
"04-15","TMIN",2001-04-15,-1.39411764705882,-9.2,10.4,4.74071073102906,-6.14,-4.6,0.9,3.36,6,"NA (ECCC AES NA; station_id 42183)",NA,42183,"",4,2012-04-15,"DATE: Apr-15<br>Value: 6.0 °C<br>Anomaly: +7.4 °C<br>Weather station: NA (ECCC AES NA; station_id 42183)","DATE: Apr-15<br><b>Minimum temperature</b><br>10-90 percentile<br>-6.1 to 3.4 °C","Historical daily maximum<br>10.4 °C<br>2012-04-15","DATE: Apr-15</b><br>Normal: -1.4 °C<br>Period: 1991-2020","6117700","BARRIE-ORO",2003,2026
"04-15","VPD",2001-04-15,0.820945679266017,0.164463022636312,1.76101122179866,0.447798560967025,0.307372796936656,0.421934692426853,1.04217451252899,1.33909593636841,0.966085905480202,"NA (ECCC AES NA; station_id 42183)",NA,42183,"",4,2023-04-15,"DATE: Apr-15<br>Value: 1.0 kPa<br>Anomaly: +0.1 kPa<br>Weather station: NA (ECCC AES NA; station_id 42183)","DATE: Apr-15<br><b>Vapour pressure deficit</b><br>10-90 percentile<br>0.3 to 1.3 kPa","Historical daily maximum<br>1.8 kPa<br>2023-04-15","DATE: Apr-15</b><br>Normal: 0.8 kPa<br>Period: 1991-2020","6117700","BARRIE-ORO",2003,2026
"04-16","TMAX",2001-04-16,12.9941176470588,1.4,25.1,7.24141479514149,2.1,6.4,18.1,20.48,21,"NA (ECCC AES NA; station_id 42183)",NA,42183,"",4,2023-04-16,"DATE: Apr-16<br>Value: 21.0 °C<br>Anomaly: +8.0 °C<br>Weather station: NA (ECCC AES NA; station_id 42183)","DATE: Apr-16<br><b>Maximum temperature</b><br>10-90 percentile<br>2.1 to 20.5 °C","Historical daily maximum<br>25.1 °C<br>2023-04-16","DATE: Apr-16</b><br>Normal: 13.0 °C<br>Period: 1991-2020","6117700","BARRIE-ORO",2003,2026
"04-16","TMIN",2001-04-16,-0.729411764705882,-13.7,6.4,4.52683177093571,-5.12,-2,1.5,2.72,9.4,"NA (ECCC AES NA; station_id 42183)",NA,42183,"",4,2026-04-16,"DATE: Apr-16<br>Value: 9.4 °C<br>Anomaly: +10.1 °C<br>Weather station: NA (ECCC AES NA; station_id 42183)","DATE: Apr-16<br><b>Minimum temperature</b><br>10-90 percentile<br>-5.1 to 2.7 °C","Historical daily maximum<br>6.4 °C<br>2026-04-16","DATE: Apr-16</b><br>Normal: -0.7 °C<br>Period: 1991-2020","6117700","BARRIE-ORO",2003,2026
"04-16","VPD",2001-04-16,1.03041715781102,0.127853213096747,2.3848119829871,0.65265899850578,0.254961335934572,0.463899749943664,1.44819119025762,1.84689892118819,1.30755047990135,"NA (ECCC AES NA; station_id 42183)",NA,42183,"",4,2012-04-16,"DATE: Apr-16<br>Value: 1.3 kPa<br>Anomaly: +0.3 kPa<br>Weather station: NA (ECCC AES NA; station_id 42183)","DATE: Apr-16<br><b>Vapour pressure deficit</b><br>10-90 percentile<br>0.3 to 1.8 kPa","Historical daily maximum<br>2.4 kPa<br>2012-04-16","DATE: Apr-16</b><br>Normal: 1.0 kPa<br>Period: 1991-2020","6117700","BARRIE-ORO",2003,2026
"04-17","TMAX",2001-04-17,12.1470588235294,0.2,23,6.77902257400162,5.6,7.2,18.2,20.64,19.3,"NA (ECCC AES NA; station_id 42183)",NA,42183,"",4,2008-04-17,"DATE: Apr-17<br>Value: 19.3 °C<br>Anomaly: +7.2 °C<br>Weather station: NA (ECCC AES NA; station_id 42183)","DATE: Apr-17<br><b>Maximum temperature</b><br>10-90 percentile<br>5.6 to 20.6 °C","Historical daily maximum<br>23.0 °C<br>2008-04-17","DATE: Apr-17</b><br>Normal: 12.1 °C<br>Period: 1991-2020","6117700","BARRIE-ORO",2003,2026
"04-17","TMIN",2001-04-17,-1.04705882352941,-7.8,3.4,2.90002535485873,-3.74,-3,0.9,2.18,8.2,"NA (ECCC AES NA; station_id 42183)",NA,42183,"",4,2026-04-17,"DATE: Apr-17<br>Value: 8.2 °C<br>Anomaly: +9.2 °C<br>Weather station: NA (ECCC AES NA; station_id 42183)","DATE: Apr-17<br><b>Minimum temperature</b><br>10-90 percentile<br>-3.7 to 2.2 °C","Historical daily maximum<br>3.4 °C<br>2026-04-17","DATE: Apr-17</b><br>Normal: -1.0 °C<br>Period: 1991-2020","6117700","BARRIE-ORO",2003,2026
"04-17","VPD",2001-04-17,0.959171168227394,0.107750225863493,2.09873022995443,0.615499647326074,0.406451875422499,0.418091709310955,1.31053814019857,1.79554777276063,1.15138866749817,"NA (ECCC AES NA; station_id 42183)",NA,42183,"",4,2008-04-17,"DATE: Apr-17<br>Value: 1.2 kPa<br>Anomaly: +0.2 kPa<br>Weather station: NA (ECCC AES NA; station_id 42183)","DATE: Apr-17<br><b>Vapour pressure deficit</b><br>10-90 percentile<br>0.4 to 1.8 kPa","Historical daily maximum<br>2.1 kPa<br>2008-04-17","DATE: Apr-17</b><br>Normal: 1.0 kPa<br>Period: 1991-2020","6117700","BARRIE-ORO",2003,2026
"04-18","TMAX",2001-04-18,14.8058823529412,1.8,24.9,7.0264207271764,5.4,10.4,20.1,23.34,15.1,"NA (ECCC AES NA; station_id 42183)",NA,42183,"",4,2016-04-18,"DATE: Apr-18<br>Value: 15.1 °C<br>Anomaly: +0.3 °C<br>Weather station: NA (ECCC AES NA; station_id 42183)","DATE: Apr-18<br><b>Maximum temperature</b><br>10-90 percentile<br>5.4 to 23.3 °C","Historical daily maximum<br>24.9 °C<br>2016-04-18","DATE: Apr-18</b><br>Normal: 14.8 °C<br>Period: 1991-2020","6117700","BARRIE-ORO",2003,2026
"04-18","TMIN",2001-04-18,0.6,-6.5,4.8,3.24075608461976,-4.14,-0.5,2.9,3.68,1.3,"NA (ECCC AES NA; station_id 42183)",NA,42183,"",4,2024-04-18,"DATE: Apr-18<br>Value: 1.3 °C<br>Anomaly: +0.7 °C<br>Weather station: NA (ECCC AES NA; station_id 42183)","DATE: Apr-18<br><b>Minimum temperature</b><br>10-90 percentile<br>-4.1 to 3.7 °C","Historical daily maximum<br>4.8 °C<br>2024-04-18","DATE: Apr-18</b><br>Normal: 0.6 °C<br>Period: 1991-2020","6117700","BARRIE-ORO",2003,2026
"04-18","VPD",2001-04-18,1.17123866275358,0.121779235416795,2.43315223490917,0.665977186562134,0.337112376740467,0.794940668679105,1.58420524600404,2.07481421921009,1.04529255527784,"NA (ECCC AES NA; station_id 42183)",NA,42183,"",4,2016-04-18,"DATE: Apr-18<br>Value: 1.0 kPa<br>Anomaly: -0.1 kPa<br>Weather station: NA (ECCC AES NA; station_id 42183)","DATE: Apr-18<br><b>Vapour pressure deficit</b><br>10-90 percentile<br>0.3 to 2.1 kPa","Historical daily maximum<br>2.4 kPa<br>2016-04-18","DATE: Apr-18</b><br>Normal: 1.2 kPa<br>Period: 1991-2020","6117700","BARRIE-ORO",2003,2026
"04-19","TMAX",2001-04-19,15.3,1.2,28.1,7.03477078517843,8.75,10.375,19.25,24.3,5.2,"NA (ECCC AES NA; station_id 42183)",NA,42183,"",4,2005-04-19,"DATE: Apr-19<br>Value: 5.2 °C<br>Anomaly: -10.1 °C<br>Weather station: NA (ECCC AES NA; station_id 42183)","DATE: Apr-19<br><b>Maximum temperature</b><br>10-90 percentile<br>8.8 to 24.3 °C","Historical daily maximum<br>28.1 °C<br>2005-04-19","DATE: Apr-19</b><br>Normal: 15.3 °C<br>Period: 1991-2020","6117700","BARRIE-ORO",2003,2026
"04-19","TMIN",2001-04-19,1.74117647058824,-2.9,9.2,3.22704563485114,-2.46,-0.7,3.6,4.56,-2.3,"NA (ECCC AES NA; station_id 42183)",NA,42183,"",4,2013-04-19,"DATE: Apr-19<br>Value: -2.3 °C<br>Anomaly: -4.0 °C<br>Weather station: NA (ECCC AES NA; station_id 42183)","DATE: Apr-19<br><b>Minimum temperature</b><br>10-90 percentile<br>-2.5 to 4.6 °C","Historical daily maximum<br>9.2 °C<br>2013-04-19","DATE: Apr-19</b><br>Normal: 1.7 °C<br>Period: 1991-2020","6117700","BARRIE-ORO",2003,2026
"04-19","VPD",2001-04-19,1.20753469937068,0.150435585722427,3.00574720860275,0.76869641579821,0.513122862218344,0.722184377706476,1.60385207882204,2.23255893855757,0.368751554752108,"NA (ECCC AES NA; station_id 42183)",NA,42183,"",4,2005-04-19,"DATE: Apr-19<br>Value: 0.4 kPa<br>Anomaly: -0.8 kPa<br>Weather station: NA (ECCC AES NA; station_id 42183)","DATE: Apr-19<br><b>Vapour pressure deficit</b><br>10-90 percentile<br>0.5 to 2.2 kPa","Historical daily maximum<br>3.0 kPa<br>2005-04-19","DATE: Apr-19</b><br>Normal: 1.2 kPa<br>Period: 1991-2020","6117700","BARRIE-ORO",2003,2026
"04-20","TMAX",2001-04-20,13.15,3,24.3,6.72051585321643,5.35,7.425,18.675,21.3,2.9,"NA (ECCC AES NA; station_id 42183)",NA,42183,"",4,2008-04-20,"DATE: Apr-20<br>Value: 2.9 °C<br>Anomaly: -10.2 °C<br>Weather station: NA (ECCC AES NA; station_id 42183)","DATE: Apr-20<br><b>Maximum temperature</b><br>10-90 percentile<br>5.3 to 21.3 °C","Historical daily maximum<br>24.3 °C<br>2008-04-20","DATE: Apr-20</b><br>Normal: 13.2 °C<br>Period: 1991-2020","6117700","BARRIE-ORO",2003,2026
"04-20","TMIN",2001-04-20,0.525,-6.3,10.4,3.96644257070069,-2.75,-1.9,3.225,4,-4,"NA (ECCC AES NA; station_id 42183)",NA,42183,"",4,2008-04-20,"DATE: Apr-20<br>Value: -4.0 °C<br>Anomaly: -4.5 °C<br>Weather station: NA (ECCC AES NA; station_id 42183)","DATE: Apr-20<br><b>Minimum temperature</b><br>10-90 percentile<br>-2.8 to 4.0 °C","Historical daily maximum<br>10.4 °C<br>2008-04-20","DATE: Apr-20</b><br>Normal: 0.5 °C<br>Period: 1991-2020","6117700","BARRIE-ORO",2003,2026
"04-20","VPD",2001-04-20,0.977268742605033,0.178423490810886,1.99793590144934,0.647174279328679,0.229342232536248,0.278974076451783,1.5727881913246,1.81215701454647,0.298144996710849,"NA (ECCC AES NA; station_id 42183)",NA,42183,"",4,2007-04-20,"DATE: Apr-20<br>Value: 0.3 kPa<br>Anomaly: -0.7 kPa<br>Weather station: NA (ECCC AES NA; station_id 42183)","DATE: Apr-20<br><b>Vapour pressure deficit</b><br>10-90 percentile<br>0.2 to 1.8 kPa","Historical daily maximum<br>2.0 kPa<br>2007-04-20","DATE: Apr-20</b><br>Normal: 1.0 kPa<br>Period: 1991-2020","6117700","BARRIE-ORO",2003,2026
"04-21","TMAX",2001-04-21,13.85,3.7,22.2,6.23067679576893,6.85,9.125,19.425,21.4,10.9,"NA (ECCC AES NA; station_id 42183)",NA,42183,"",4,2008-04-21,"DATE: Apr-21<br>Value: 10.9 °C<br>Anomaly: -2.9 °C<br>Weather station: NA (ECCC AES NA; station_id 42183)","DATE: Apr-21<br><b>Maximum temperature</b><br>10-90 percentile<br>6.8 to 21.4 °C","Historical daily maximum<br>22.2 °C<br>2008-04-21","DATE: Apr-21</b><br>Normal: 13.8 °C<br>Period: 1991-2020","6117700","BARRIE-ORO",2003,2026
"04-21","TMIN",2001-04-21,1.6125,-5.5,8.9,3.85830273565981,-3.1,-1.3,3.85,5.6,-4.3,"NA (ECCC AES NA; station_id 42183)",NA,42183,"",4,2008-04-21,"DATE: Apr-21<br>Value: -4.3 °C<br>Anomaly: -5.9 °C<br>Weather station: NA (ECCC AES NA; station_id 42183)","DATE: Apr-21<br><b>Minimum temperature</b><br>10-90 percentile<br>-3.1 to 5.6 °C","Historical daily maximum<br>8.9 °C<br>2008-04-21","DATE: Apr-21</b><br>Normal: 1.6 °C<br>Period: 1991-2020","6117700","BARRIE-ORO",2003,2026
"04-21","VPD",2001-04-21,0.982505989107812,0.313883723648818,1.9890254826732,0.564438172685722,0.398503746410626,0.462606228111952,1.46112840612246,1.61054253624495,0.859912387936633,"NA (ECCC AES NA; station_id 42183)",NA,42183,"",4,2007-04-21,"DATE: Apr-21<br>Value: 0.9 kPa<br>Anomaly: -0.1 kPa<br>Weather station: NA (ECCC AES NA; station_id 42183)","DATE: Apr-21<br><b>Vapour pressure deficit</b><br>10-90 percentile<br>0.4 to 1.6 kPa","Historical daily maximum<br>2.0 kPa<br>2007-04-21","DATE: Apr-21</b><br>Normal: 1.0 kPa<br>Period: 1991-2020","6117700","BARRIE-ORO",2003,2026
"04-22","TMAX",2001-04-22,12.7933333333333,1.2,25.5,5.95932242872659,7.14,9.7,13.85,20.54,18.6,"NA (ECCC AES NA; station_id 42183)",NA,42183,"",4,2007-04-22,"DATE: Apr-22<br>Value: 18.6 °C<br>Anomaly: +5.8 °C<br>Weather station: NA (ECCC AES NA; station_id 42183)","DATE: Apr-22<br><b>Maximum temperature</b><br>10-90 percentile<br>7.1 to 20.5 °C","Historical daily maximum<br>25.5 °C<br>2007-04-22","DATE: Apr-22</b><br>Normal: 12.8 °C<br>Period: 1991-2020","6117700","BARRIE-ORO",2003,2026
"04-22","TMIN",2001-04-22,0.51875,-6.7,6,3.38628975921042,-3.75,-1.4,2.35,4.3,-0.2,"NA (ECCC AES NA; station_id 42183)",NA,42183,"",4,2008-04-22,"DATE: Apr-22<br>Value: -0.2 °C<br>Anomaly: -0.7 °C<br>Weather station: NA (ECCC AES NA; station_id 42183)","DATE: Apr-22<br><b>Minimum temperature</b><br>10-90 percentile<br>-3.8 to 4.3 °C","Historical daily maximum<br>6.0 °C<br>2008-04-22","DATE: Apr-22</b><br>Normal: 0.5 °C<br>Period: 1991-2020","6117700","BARRIE-ORO",2003,2026
"04-22","VPD",2001-04-22,0.924682777954313,0.296436021021835,2.53206270910685,0.590523393669214,0.388678316448885,0.572446801950265,1.08454110299649,1.59066902041326,1.54118636362236,"NA (ECCC AES NA; station_id 42183)",NA,42183,"",4,2007-04-22,"DATE: Apr-22<br>Value: 1.5 kPa<br>Anomaly: +0.6 kPa<br>Weather station: NA (ECCC AES NA; station_id 42183)","DATE: Apr-22<br><b>Vapour pressure deficit</b><br>10-90 percentile<br>0.4 to 1.6 kPa","Historical daily maximum<br>2.5 kPa<br>2007-04-22","DATE: Apr-22</b><br>Normal: 0.9 kPa<br>Period: 1991-2020","6117700","BARRIE-ORO",2003,2026
"04-23","TMAX",2001-04-23,11.9866666666667,0.4,22.8,6.59110511725209,5.64,6.35,17.65,19.2,19,"NA (ECCC AES NA; station_id 42183)",NA,42183,"",4,2007-04-23,"DATE: Apr-23<br>Value: 19.0 °C<br>Anomaly: +7.0 °C<br>Weather station: NA (ECCC AES NA; station_id 42183)","DATE: Apr-23<br><b>Maximum temperature</b><br>10-90 percentile<br>5.6 to 19.2 °C","Historical daily maximum<br>22.8 °C<br>2007-04-23","DATE: Apr-23</b><br>Normal: 12.0 °C<br>Period: 1991-2020","6117700","BARRIE-ORO",2003,2026
"04-23","TMIN",2001-04-23,-0.33125,-8.3,5.9,3.50384907399467,-3.2,-2.85,2.425,3.05,1.5,"NA (ECCC AES NA; station_id 42183)",NA,42183,"",4,2024-04-23,"DATE: Apr-23<br>Value: 1.5 °C<br>Anomaly: +1.8 °C<br>Weather station: NA (ECCC AES NA; station_id 42183)","DATE: Apr-23<br><b>Minimum temperature</b><br>10-90 percentile<br>-3.2 to 3.0 °C","Historical daily maximum<br>5.9 °C<br>2024-04-23","DATE: Apr-23</b><br>Normal: -0.3 °C<br>Period: 1991-2020","6117700","BARRIE-ORO",2003,2026
"04-23","VPD",2001-04-23,0.895233947829389,0.139184949414579,1.84697604944496,0.593146117488378,0.157411520075071,0.39389701007468,1.41290287084557,1.63657174484506,1.51660633004852,"NA (ECCC AES NA; station_id 42183)",NA,42183,"",4,2007-04-23,"DATE: Apr-23<br>Value: 1.5 kPa<br>Anomaly: +0.6 kPa<br>Weather station: NA (ECCC AES NA; station_id 42183)","DATE: Apr-23<br><b>Vapour pressure deficit</b><br>10-90 percentile<br>0.2 to 1.6 kPa","Historical daily maximum<br>1.8 kPa<br>2007-04-23","DATE: Apr-23</b><br>Normal: 0.9 kPa<br>Period: 1991-2020","6117700","BARRIE-ORO",2003,2026
"04-24","TMAX",2001-04-24,11.48125,3.9,20.3,5.41802162540289,4.7,8.025,16.075,18.7,12.4,"NA (ECCC AES NA; station_id 42183)",NA,42183,"",4,2009-04-24,"DATE: Apr-24<br>Value: 12.4 °C<br>Anomaly: +0.9 °C<br>Weather station: NA (ECCC AES NA; station_id 42183)","DATE: Apr-24<br><b>Maximum temperature</b><br>10-90 percentile<br>4.7 to 18.7 °C","Historical daily maximum<br>20.3 °C<br>2009-04-24","DATE: Apr-24</b><br>Normal: 11.5 °C<br>Period: 1991-2020","6117700","BARRIE-ORO",2003,2026
"04-24","TMIN",2001-04-24,-0.2125,-3.9,2.6,2.01886932051912,-3.55,-0.925,1.175,2,5.6,"NA (ECCC AES NA; station_id 42183)",NA,42183,"",4,2026-04-24,"DATE: Apr-24<br>Value: 5.6 °C<br>Anomaly: +5.8 °C<br>Weather station: NA (ECCC AES NA; station_id 42183)","DATE: Apr-24<br><b>Minimum temperature</b><br>10-90 percentile<br>-3.5 to 2.0 °C","Historical daily maximum<br>2.6 °C<br>2026-04-24","DATE: Apr-24</b><br>Normal: -0.2 °C<br>Period: 1991-2020","6117700","BARRIE-ORO",2003,2026
"04-24","VPD",2001-04-24,0.82230796805961,0.203743423502378,1.78009278643099,0.504091880678719,0.293992577977318,0.45762913390599,1.11440169176314,1.57066176206468,0.530461486945275,"NA (ECCC AES NA; station_id 42183)",NA,42183,"",4,2009-04-24,"DATE: Apr-24<br>Value: 0.5 kPa<br>Anomaly: -0.3 kPa<br>Weather station: NA (ECCC AES NA; station_id 42183)","DATE: Apr-24<br><b>Vapour pressure deficit</b><br>10-90 percentile<br>0.3 to 1.6 kPa","Historical daily maximum<br>1.8 kPa<br>2009-04-24","DATE: Apr-24</b><br>Normal: 0.8 kPa<br>Period: 1991-2020","6117700","BARRIE-ORO",2003,2026
"04-25","TMAX",2001-04-25,11.66875,4.1,27.2,5.56281927922644,5.55,9.1,14.325,16.4,11.1,"NA (ECCC AES NA; station_id 42183)",NA,42183,"",4,2009-04-25,"DATE: Apr-25<br>Value: 11.1 °C<br>Anomaly: -0.6 °C<br>Weather station: NA (ECCC AES NA; station_id 42183)","DATE: Apr-25<br><b>Maximum temperature</b><br>10-90 percentile<br>5.6 to 16.4 °C","Historical daily maximum<br>27.2 °C<br>2009-04-25","DATE: Apr-25</b><br>Normal: 11.7 °C<br>Period: 1991-2020","6117700","BARRIE-ORO",2003,2026
"04-25","TMIN",2001-04-25,0.90625,-5.1,7.5,3.92877737555422,-3.8,-1.6,3.05,6.5,0.9,"NA (ECCC AES NA; station_id 42183)",NA,42183,"",4,2022-04-25,"DATE: Apr-25<br>Value: 0.9 °C<br>Anomaly: 0.0 °C<br>Weather station: NA (ECCC AES NA; station_id 42183)","DATE: Apr-25<br><b>Minimum temperature</b><br>10-90 percentile<br>-3.8 to 6.5 °C","Historical daily maximum<br>7.5 °C<br>2022-04-25","DATE: Apr-25</b><br>Normal: 0.9 °C<br>Period: 1991-2020","6117700","BARRIE-ORO",2003,2026
"04-25","VPD",2001-04-25,0.78415385195448,0.190191547491535,2.57767718848872,0.579701168798255,0.294107853734108,0.470736523750618,0.914367279041929,1.29423983546314,0.669480559953727,"NA (ECCC AES NA; station_id 42183)",NA,42183,"",4,2009-04-25,"DATE: Apr-25<br>Value: 0.7 kPa<br>Anomaly: -0.1 kPa<br>Weather station: NA (ECCC AES NA; station_id 42183)","DATE: Apr-25<br><b>Vapour pressure deficit</b><br>10-90 percentile<br>0.3 to 1.3 kPa","Historical daily maximum<br>2.6 kPa<br>2009-04-25","DATE: Apr-25</b><br>Normal: 0.8 kPa<br>Period: 1991-2020","6117700","BARRIE-ORO",2003,2026
"04-26","TMAX",2001-04-26,12.2764705882353,7,20.7,3.8022245810454,8.08,9.5,13.5,17.16,16.5,"NA (ECCC AES NA; station_id 42183)",NA,42183,"",4,2008-04-26,"DATE: Apr-26<br>Value: 16.5 °C<br>Anomaly: +4.2 °C<br>Weather station: NA (ECCC AES NA; station_id 42183)","DATE: Apr-26<br><b>Maximum temperature</b><br>10-90 percentile<br>8.1 to 17.2 °C","Historical daily maximum<br>20.7 °C<br>2008-04-26","DATE: Apr-26</b><br>Normal: 12.3 °C<br>Period: 1991-2020","6117700","BARRIE-ORO",2003,2026
"04-26","TMIN",2001-04-26,1.575,-2.4,7.8,2.53627022745343,-0.65,-0.025,2.95,4.45,-0.7,"NA (ECCC AES NA; station_id 42183)",NA,42183,"",4,2017-04-26,"DATE: Apr-26<br>Value: -0.7 °C<br>Anomaly: -2.3 °C<br>Weather station: NA (ECCC AES NA; station_id 42183)","DATE: Apr-26<br><b>Minimum temperature</b><br>10-90 percentile<br>-0.6 to 4.4 °C","Historical daily maximum<br>7.8 °C<br>2017-04-26","DATE: Apr-26</b><br>Normal: 1.6 °C<br>Period: 1991-2020","6117700","BARRIE-ORO",2003,2026
"04-26","VPD",2001-04-26,0.795666335328069,0.340394812453806,1.77529541744187,0.393726432813117,0.418090966558046,0.50791961136081,0.810213578670534,1.35991746715032,1.29680057150687,"NA (ECCC AES NA; station_id 42183)",NA,42183,"",4,2008-04-26,"DATE: Apr-26<br>Value: 1.3 kPa<br>Anomaly: +0.5 kPa<br>Weather station: NA (ECCC AES NA; station_id 42183)","DATE: Apr-26<br><b>Vapour pressure deficit</b><br>10-90 percentile<br>0.4 to 1.4 kPa","Historical daily maximum<br>1.8 kPa<br>2008-04-26","DATE: Apr-26</b><br>Normal: 0.8 kPa<br>Period: 1991-2020","6117700","BARRIE-ORO",2003,2026
"04-27","TMAX",2001-04-27,13.5823529411765,4,27.2,6.68171341181639,4.76,10.2,17.3,21.8,18.8,"NA (ECCC AES NA; station_id 42183)",NA,42183,"",4,2009-04-27,"DATE: Apr-27<br>Value: 18.8 °C<br>Anomaly: +5.2 °C<br>Weather station: NA (ECCC AES NA; station_id 42183)","DATE: Apr-27<br><b>Maximum temperature</b><br>10-90 percentile<br>4.8 to 21.8 °C","Historical daily maximum<br>27.2 °C<br>2009-04-27","DATE: Apr-27</b><br>Normal: 13.6 °C<br>Period: 1991-2020","6117700","BARRIE-ORO",2003,2026
"04-27","TMIN",2001-04-27,1.32352941176471,-3.3,8.3,3.64974817825914,-2.74,-1.5,2.8,6.92,1.9,"NA (ECCC AES NA; station_id 42183)",NA,42183,"",4,2017-04-27,"DATE: Apr-27<br>Value: 1.9 °C<br>Anomaly: +0.6 °C<br>Weather station: NA (ECCC AES NA; station_id 42183)","DATE: Apr-27<br><b>Minimum temperature</b><br>10-90 percentile<br>-2.7 to 6.9 °C","Historical daily maximum<br>8.3 °C<br>2017-04-27","DATE: Apr-27</b><br>Normal: 1.3 °C<br>Period: 1991-2020","6117700","BARRIE-ORO",2003,2026
"04-27","VPD",2001-04-27,0.992706920893933,0.266009023905965,2.86031075607513,0.677037239576509,0.366411371637525,0.561258030264879,1.2330936165401,1.75195295741099,1.46951744578225,"NA (ECCC AES NA; station_id 42183)",NA,42183,"",4,2009-04-27,"DATE: Apr-27<br>Value: 1.5 kPa<br>Anomaly: +0.5 kPa<br>Weather station: NA (ECCC AES NA; station_id 42183)","DATE: Apr-27<br><b>Vapour pressure deficit</b><br>10-90 percentile<br>0.4 to 1.8 kPa","Historical daily maximum<br>2.9 kPa<br>2009-04-27","DATE: Apr-27</b><br>Normal: 1.0 kPa<br>Period: 1991-2020","6117700","BARRIE-ORO",2003,2026
"04-28","TMAX",2001-04-28,11.8764705882353,5.6,21.1,4.39638053001624,6.84,8.9,14.9,17.08,14.9,"NA (ECCC AES NA; station_id 42183)",NA,42183,"",4,2013-04-28,"DATE: Apr-28<br>Value: 14.9 °C<br>Anomaly: +3.0 °C<br>Weather station: NA (ECCC AES NA; station_id 42183)","DATE: Apr-28<br><b>Maximum temperature</b><br>10-90 percentile<br>6.8 to 17.1 °C","Historical daily maximum<br>21.1 °C<br>2013-04-28","DATE: Apr-28</b><br>Normal: 11.9 °C<br>Period: 1991-2020","6117700","BARRIE-ORO",2003,2026
"04-28","TMIN",2001-04-28,0.129411764705882,-5.4,6.1,3.27428708001497,-3.88,-2.1,2.2,3.92,8.1,"NA (ECCC AES NA; station_id 42183)",NA,42183,"",4,2024-04-28,"DATE: Apr-28<br>Value: 8.1 °C<br>Anomaly: +8.0 °C<br>Weather station: NA (ECCC AES NA; station_id 42183)","DATE: Apr-28<br><b>Minimum temperature</b><br>10-90 percentile<br>-3.9 to 3.9 °C","Historical daily maximum<br>6.1 °C<br>2024-04-28","DATE: Apr-28</b><br>Normal: 0.1 °C<br>Period: 1991-2020","6117700","BARRIE-ORO",2003,2026
"04-28","VPD",2001-04-28,0.810200803925108,0.333387300294364,1.85969625134898,0.381750638972852,0.406732825337861,0.557908089391793,0.978842329696158,1.1623626349545,0.614300911156129,"NA (ECCC AES NA; station_id 42183)",NA,42183,"",4,2013-04-28,"DATE: Apr-28<br>Value: 0.6 kPa<br>Anomaly: -0.2 kPa<br>Weather station: NA (ECCC AES NA; station_id 42183)","DATE: Apr-28<br><b>Vapour pressure deficit</b><br>10-90 percentile<br>0.4 to 1.2 kPa","Historical daily maximum<br>1.9 kPa<br>2013-04-28","DATE: Apr-28</b><br>Normal: 0.8 kPa<br>Period: 1991-2020","6117700","BARRIE-ORO",2003,2026
"04-29","TMAX",2001-04-29,12.9,5.9,25.4,5.33514292217181,7,8.3,16,19.34,8.1,"NA (ECCC AES NA; station_id 42183)",NA,42183,"",4,2025-04-29,"DATE: Apr-29<br>Value: 8.1 °C<br>Anomaly: -4.8 °C<br>Weather station: NA (ECCC AES NA; station_id 42183)","DATE: Apr-29<br><b>Maximum temperature</b><br>10-90 percentile<br>7.0 to 19.3 °C","Historical daily maximum<br>25.4 °C<br>2025-04-29","DATE: Apr-29</b><br>Normal: 12.9 °C<br>Period: 1991-2020","6117700","BARRIE-ORO",2003,2026
"04-29","TMIN",2001-04-29,1.44705882352941,-4.9,8.1,3.95855365743898,-3.08,-2.1,4,6.36,0.9,"NA (ECCC AES NA; station_id 42183)",NA,42183,"",4,2013-04-29,"DATE: Apr-29<br>Value: 0.9 °C<br>Anomaly: -0.5 °C<br>Weather station: NA (ECCC AES NA; station_id 42183)","DATE: Apr-29<br><b>Minimum temperature</b><br>10-90 percentile<br>-3.1 to 6.4 °C","Historical daily maximum<br>8.1 °C<br>2013-04-29","DATE: Apr-29</b><br>Normal: 1.4 °C<br>Period: 1991-2020","6117700","BARRIE-ORO",2003,2026
"04-29","VPD",2001-04-29,0.866859609636053,0.210321620262473,2.18579882344298,0.526215324848491,0.387654784084228,0.464847504881783,1.17413609307588,1.48572670181783,0.428112187297001,"NA (ECCC AES NA; station_id 42183)",NA,42183,"",4,2025-04-29,"DATE: Apr-29<br>Value: 0.4 kPa<br>Anomaly: -0.4 kPa<br>Weather station: NA (ECCC AES NA; station_id 42183)","DATE: Apr-29<br><b>Vapour pressure deficit</b><br>10-90 percentile<br>0.4 to 1.5 kPa","Historical daily maximum<br>2.2 kPa<br>2025-04-29","DATE: Apr-29</b><br>Normal: 0.9 kPa<br>Period: 1991-2020","6117700","BARRIE-ORO",2003,2026
"04-30","TMAX",2001-04-30,14.3529411764706,5.9,21.4,5.39248523955546,6.8,9.7,19.5,21.02,9.5,"NA (ECCC AES NA; station_id 42183)",NA,42183,"",4,2004-04-30,"DATE: Apr-30<br>Value: 9.5 °C<br>Anomaly: -4.9 °C<br>Weather station: NA (ECCC AES NA; station_id 42183)","DATE: Apr-30<br><b>Maximum temperature</b><br>10-90 percentile<br>6.8 to 21.0 °C","Historical daily maximum<br>21.4 °C<br>2004-04-30","DATE: Apr-30</b><br>Normal: 14.4 °C<br>Period: 1991-2020","6117700","BARRIE-ORO",2003,2026
"04-30","TMIN",2001-04-30,3.02352941176471,-3.7,14,5.13377655967864,-3.04,-1,6.2,9.54,1.9,"NA (ECCC AES NA; station_id 42183)",NA,42183,"",4,2004-04-30,"DATE: Apr-30<br>Value: 1.9 °C<br>Anomaly: -1.1 °C<br>Weather station: NA (ECCC AES NA; station_id 42183)","DATE: Apr-30<br><b>Minimum temperature</b><br>10-90 percentile<br>-3.0 to 9.5 °C","Historical daily maximum<br>14.0 °C<br>2004-04-30","DATE: Apr-30</b><br>Normal: 3.0 °C<br>Period: 1991-2020","6117700","BARRIE-ORO",2003,2026
"04-30","VPD",2001-04-30,0.913508802188649,0.15549327878567,1.67688515275495,0.463728047591918,0.317436291931469,0.666351392772253,1.25658083197675,1.48740206238518,0.486813140847479,"NA (ECCC AES NA; station_id 42183)",NA,42183,"",4,2006-04-30,"DATE: Apr-30<br>Value: 0.5 kPa<br>Anomaly: -0.4 kPa<br>Weather station: NA (ECCC AES NA; station_id 42183)","DATE: Apr-30<br><b>Vapour pressure deficit</b><br>10-90 percentile<br>0.3 to 1.5 kPa","Historical daily maximum<br>1.7 kPa<br>2006-04-30","DATE: Apr-30</b><br>Normal: 0.9 kPa<br>Period: 1991-2020","6117700","BARRIE-ORO",2003,2026
"05-01","TMAX",2001-05-01,15.3588235294118,6.4,27.4,5.63361105592246,9.52,12.3,20,22.26,8.4,"NA (ECCC AES NA; station_id 42183)",NA,42183,"",5,2018-05-01,"DATE: May-01<br>Value: 8.4 °C<br>Anomaly: -7.0 °C<br>Weather station: NA (ECCC AES NA; station_id 42183)","DATE: May-01<br><b>Maximum temperature</b><br>10-90 percentile<br>9.5 to 22.3 °C","Historical daily maximum<br>27.4 °C<br>2018-05-01","DATE: May-01</b><br>Normal: 15.4 °C<br>Period: 1991-2020","6117700","BARRIE-ORO",2003,2026
"05-01","TMIN",2001-05-01,3.34705882352941,-3.5,10.3,3.95571068947459,-1.34,0.3,5.9,8.46,-0.7,"NA (ECCC AES NA; station_id 42183)",NA,42183,"",5,2013-05-01,"DATE: May-01<br>Value: -0.7 °C<br>Anomaly: -4.0 °C<br>Weather station: NA (ECCC AES NA; station_id 42183)","DATE: May-01<br><b>Minimum temperature</b><br>10-90 percentile<br>-1.3 to 8.5 °C","Historical daily maximum<br>10.3 °C<br>2013-05-01","DATE: May-01</b><br>Normal: 3.3 °C<br>Period: 1991-2020","6117700","BARRIE-ORO",2003,2026
"05-01","VPD",2001-05-01,1.04267513582558,0.159439559027345,3.04349860784856,0.690907810651659,0.417309306938918,0.647127803708607,1.4959515261488,1.67938974499663,0.521971849399136,"NA (ECCC AES NA; station_id 42183)",NA,42183,"",5,2018-05-01,"DATE: May-01<br>Value: 0.5 kPa<br>Anomaly: -0.5 kPa<br>Weather station: NA (ECCC AES NA; station_id 42183)","DATE: May-01<br><b>Vapour pressure deficit</b><br>10-90 percentile<br>0.4 to 1.7 kPa","Historical daily maximum<br>3.0 kPa<br>2018-05-01","DATE: May-01</b><br>Normal: 1.0 kPa<br>Period: 1991-2020","6117700","BARRIE-ORO",2003,2026
"05-02","TMAX",2001-05-02,15.4294117647059,6.3,24.3,6.00278734275611,8.26,10.5,21.3,23.54,8,"NA (ECCC AES NA; station_id 42183)",NA,42183,"",5,2018-05-02,"DATE: May-02<br>Value: 8.0 °C<br>Anomaly: -7.4 °C<br>Weather station: NA (ECCC AES NA; station_id 42183)","DATE: May-02<br><b>Maximum temperature</b><br>10-90 percentile<br>8.3 to 23.5 °C","Historical daily maximum<br>24.3 °C<br>2018-05-02","DATE: May-02</b><br>Normal: 15.4 °C<br>Period: 1991-2020","6117700","BARRIE-ORO",2003,2026
"05-02","TMIN",2001-05-02,3.67058823529412,-1.2,15,4.23434834211274,-0.08,0.9,4.8,8.74,-2.8,"NA (ECCC AES NA; station_id 42183)",NA,42183,"",5,2010-05-02,"DATE: May-02<br>Value: -2.8 °C<br>Anomaly: -6.5 °C<br>Weather station: NA (ECCC AES NA; station_id 42183)","DATE: May-02<br><b>Minimum temperature</b><br>10-90 percentile<br>-0.1 to 8.7 °C","Historical daily maximum<br>15.0 °C<br>2010-05-02","DATE: May-02</b><br>Normal: 3.7 °C<br>Period: 1991-2020","6117700","BARRIE-ORO",2003,2026
"05-02","VPD",2001-05-02,1.03471201609519,0.276747287385378,1.88677212478461,0.57809794727885,0.362555983732266,0.49510143339741,1.44908066816451,1.79156527223628,0.575783441430306,"NA (ECCC AES NA; station_id 42183)",NA,42183,"",5,2013-05-02,"DATE: May-02<br>Value: 0.6 kPa<br>Anomaly: -0.5 kPa<br>Weather station: NA (ECCC AES NA; station_id 42183)","DATE: May-02<br><b>Vapour pressure deficit</b><br>10-90 percentile<br>0.4 to 1.8 kPa","Historical daily maximum<br>1.9 kPa<br>2013-05-02","DATE: May-02</b><br>Normal: 1.0 kPa<br>Period: 1991-2020","6117700","BARRIE-ORO",2003,2026
"05-03","TMAX",2001-05-03,15.5411764705882,5.6,24.8,6.25670228869904,6.52,10.7,19,24.08,12,"NA (ECCC AES NA; station_id 42183)",NA,42183,"",5,2015-05-03,"DATE: May-03<br>Value: 12.0 °C<br>Anomaly: -3.5 °C<br>Weather station: NA (ECCC AES NA; station_id 42183)","DATE: May-03<br><b>Maximum temperature</b><br>10-90 percentile<br>6.5 to 24.1 °C","Historical daily maximum<br>24.8 °C<br>2015-05-03","DATE: May-03</b><br>Normal: 15.5 °C<br>Period: 1991-2020","6117700","BARRIE-ORO",2003,2026
"05-03","TMIN",2001-05-03,3.62352941176471,-3.9,10.4,4.21018547865838,-0.86,0.8,7.4,9.02,-4.3,"NA (ECCC AES NA; station_id 42183)",NA,42183,"",5,2010-05-03,"DATE: May-03<br>Value: -4.3 °C<br>Anomaly: -7.9 °C<br>Weather station: NA (ECCC AES NA; station_id 42183)","DATE: May-03<br><b>Minimum temperature</b><br>10-90 percentile<br>-0.9 to 9.0 °C","Historical daily maximum<br>10.4 °C<br>2010-05-03","DATE: May-03</b><br>Normal: 3.6 °C<br>Period: 1991-2020","6117700","BARRIE-ORO",2003,2026
"05-03","VPD",2001-05-03,1.0616778357956,0.189590363965697,2.29328308955875,0.625260221798975,0.380596868967818,0.625301274641499,1.36483331874252,2.0315109391983,0.95846250839262,"NA (ECCC AES NA; station_id 42183)",NA,42183,"",5,2006-05-03,"DATE: May-03<br>Value: 1.0 kPa<br>Anomaly: -0.1 kPa<br>Weather station: NA (ECCC AES NA; station_id 42183)","DATE: May-03<br><b>Vapour pressure deficit</b><br>10-90 percentile<br>0.4 to 2.0 kPa","Historical daily maximum<br>2.3 kPa<br>2006-05-03","DATE: May-03</b><br>Normal: 1.1 kPa<br>Period: 1991-2020","6117700","BARRIE-ORO",2003,2026
"05-04","TMAX",2001-05-04,15.5058823529412,7.6,23.4,5.23288526869204,9.5,10.3,18.4,22.64,23.2,"NA (ECCC AES NA; station_id 42183)",NA,42183,"",5,2018-05-04,"DATE: May-04<br>Value: 23.2 °C<br>Anomaly: +7.7 °C<br>Weather station: NA (ECCC AES NA; station_id 42183)","DATE: May-04<br><b>Maximum temperature</b><br>10-90 percentile<br>9.5 to 22.6 °C","Historical daily maximum<br>23.4 °C<br>2018-05-04","DATE: May-04</b><br>Normal: 15.5 °C<br>Period: 1991-2020","6117700","BARRIE-ORO",2003,2026
"05-04","TMIN",2001-05-04,2.38823529411765,-2.3,8,3.19978170211289,-1.56,0.4,4.6,6.64,5.9,"NA (ECCC AES NA; station_id 42183)",NA,42183,"",5,2024-05-04,"DATE: May-04<br>Value: 5.9 °C<br>Anomaly: +3.5 °C<br>Weather station: NA (ECCC AES NA; station_id 42183)","DATE: May-04<br><b>Minimum temperature</b><br>10-90 percentile<br>-1.6 to 6.6 °C","Historical daily maximum<br>8.0 °C<br>2024-05-04","DATE: May-04</b><br>Normal: 2.4 °C<br>Period: 1991-2020","6117700","BARRIE-ORO",2003,2026
"05-04","VPD",2001-05-04,1.10298688932274,0.35325704766749,2.03580053997971,0.499295139863894,0.577500481847828,0.615705726915547,1.54033464391113,1.77148749065383,1.91494771887062,"NA (ECCC AES NA; station_id 42183)",NA,42183,"",5,2018-05-04,"DATE: May-04<br>Value: 1.9 kPa<br>Anomaly: +0.8 kPa<br>Weather station: NA (ECCC AES NA; station_id 42183)","DATE: May-04<br><b>Vapour pressure deficit</b><br>10-90 percentile<br>0.6 to 1.8 kPa","Historical daily maximum<br>2.0 kPa<br>2018-05-04","DATE: May-04</b><br>Normal: 1.1 kPa<br>Period: 1991-2020","6117700","BARRIE-ORO",2003,2026
"05-05","TMAX",2001-05-05,16.7117647058824,7.5,24.9,4.92644424927112,9.6,14.1,19.2,23.1,17.2,"NA (ECCC AES NA; station_id 42183)",NA,42183,"",5,2010-05-05,"DATE: May-05<br>Value: 17.2 °C<br>Anomaly: +0.5 °C<br>Weather station: NA (ECCC AES NA; station_id 42183)","DATE: May-05<br><b>Maximum temperature</b><br>10-90 percentile<br>9.6 to 23.1 °C","Historical daily maximum<br>24.9 °C<br>2010-05-05","DATE: May-05</b><br>Normal: 16.7 °C<br>Period: 1991-2020","6117700","BARRIE-ORO",2003,2026
"05-05","TMIN",2001-05-05,1.65294117647059,-3.8,6.9,2.9776495863052,-1.92,-0.3,3.7,4.48,4.9,"NA (ECCC AES NA; station_id 42183)",NA,42183,"",5,2025-05-05,"DATE: May-05<br>Value: 4.9 °C<br>Anomaly: +3.2 °C<br>Weather station: NA (ECCC AES NA; station_id 42183)","DATE: May-05<br><b>Minimum temperature</b><br>10-90 percentile<br>-1.9 to 4.5 °C","Historical daily maximum<br>6.9 °C<br>2025-05-05","DATE: May-05</b><br>Normal: 1.7 °C<br>Period: 1991-2020","6117700","BARRIE-ORO",2003,2026
"05-05","VPD",2001-05-05,1.27751416955597,0.211999337659864,2.15395786912736,0.54321504857164,0.676089590496719,0.965780818359966,1.64882095588069,2.0296205978054,1.09618511141234,"NA (ECCC AES NA; station_id 42183)",NA,42183,"",5,2010-05-05,"DATE: May-05<br>Value: 1.1 kPa<br>Anomaly: -0.2 kPa<br>Weather station: NA (ECCC AES NA; station_id 42183)","DATE: May-05<br><b>Vapour pressure deficit</b><br>10-90 percentile<br>0.7 to 2.0 kPa","Historical daily maximum<br>2.2 kPa<br>2010-05-05","DATE: May-05</b><br>Normal: 1.3 kPa<br>Period: 1991-2020","6117700","BARRIE-ORO",2003,2026
"05-06","TMAX",2001-05-06,16.7529411764706,6.7,23.9,5.08184484796845,10.3,13.9,20.7,22.6,9.4,"NA (ECCC AES NA; station_id 42183)",NA,42183,"",5,2013-05-06,"DATE: May-06<br>Value: 9.4 °C<br>Anomaly: -7.4 °C<br>Weather station: NA (ECCC AES NA; station_id 42183)","DATE: May-06<br><b>Maximum temperature</b><br>10-90 percentile<br>10.3 to 22.6 °C","Historical daily maximum<br>23.9 °C<br>2013-05-06","DATE: May-06</b><br>Normal: 16.8 °C<br>Period: 1991-2020","6117700","BARRIE-ORO",2003,2026
"05-06","TMIN",2001-05-06,1.74117647058824,-3,5.2,2.33748230568956,-1.52,0.3,3.1,4.36,-0.6,"NA (ECCC AES NA; station_id 42183)",NA,42183,"",5,2025-05-06,"DATE: May-06<br>Value: -0.6 °C<br>Anomaly: -2.3 °C<br>Weather station: NA (ECCC AES NA; station_id 42183)","DATE: May-06<br><b>Minimum temperature</b><br>10-90 percentile<br>-1.5 to 4.4 °C","Historical daily maximum<br>5.2 °C<br>2025-05-06","DATE: May-06</b><br>Normal: 1.7 °C<br>Period: 1991-2020","6117700","BARRIE-ORO",2003,2026
"05-06","VPD",2001-05-06,1.28700821531501,0.212816655910995,2.09119772032281,0.570715035673265,0.623505686828862,0.869604579674049,1.86540370903695,2.00891284056294,0.59481704117194,"NA (ECCC AES NA; station_id 42183)",NA,42183,"",5,2019-05-06,"DATE: May-06<br>Value: 0.6 kPa<br>Anomaly: -0.7 kPa<br>Weather station: NA (ECCC AES NA; station_id 42183)","DATE: May-06<br><b>Vapour pressure deficit</b><br>10-90 percentile<br>0.6 to 2.0 kPa","Historical daily maximum<br>2.1 kPa<br>2019-05-06","DATE: May-06</b><br>Normal: 1.3 kPa<br>Period: 1991-2020","6117700","BARRIE-ORO",2003,2026
"05-07","TMAX",2001-05-07,16.0235294117647,7.9,26,5.14119750298565,10.14,12.8,19.3,22.44,10.2,"NA (ECCC AES NA; station_id 42183)",NA,42183,"",5,2015-05-07,"DATE: May-07<br>Value: 10.2 °C<br>Anomaly: -5.8 °C<br>Weather station: NA (ECCC AES NA; station_id 42183)","DATE: May-07<br><b>Maximum temperature</b><br>10-90 percentile<br>10.1 to 22.4 °C","Historical daily maximum<br>26.0 °C<br>2015-05-07","DATE: May-07</b><br>Normal: 16.0 °C<br>Period: 1991-2020","6117700","BARRIE-ORO",2003,2026
"05-07","TMIN",2001-05-07,2.55294117647059,-3.8,10.4,3.40718315604306,-1.24,1.2,3.4,6.06,-2.2,"NA (ECCC AES NA; station_id 42183)",NA,42183,"",5,2012-05-07,"DATE: May-07<br>Value: -2.2 °C<br>Anomaly: -4.8 °C<br>Weather station: NA (ECCC AES NA; station_id 42183)","DATE: May-07<br><b>Minimum temperature</b><br>10-90 percentile<br>-1.2 to 6.1 °C","Historical daily maximum<br>10.4 °C<br>2012-05-07","DATE: May-07</b><br>Normal: 2.6 °C<br>Period: 1991-2020","6117700","BARRIE-ORO",2003,2026
"05-07","VPD",2001-05-07,1.15198335885746,0.399235875855236,2.51911008382392,0.606354344460474,0.594551182517055,0.746247977306734,1.19532719730877,2.10787490236255,0.724863913358972,"NA (ECCC AES NA; station_id 42183)",NA,42183,"",5,2015-05-07,"DATE: May-07<br>Value: 0.7 kPa<br>Anomaly: -0.4 kPa<br>Weather station: NA (ECCC AES NA; station_id 42183)","DATE: May-07<br><b>Vapour pressure deficit</b><br>10-90 percentile<br>0.6 to 2.1 kPa","Historical daily maximum<br>2.5 kPa<br>2015-05-07","DATE: May-07</b><br>Normal: 1.2 kPa<br>Period: 1991-2020","6117700","BARRIE-ORO",2003,2026
"05-08","TMAX",2001-05-08,17.0588235294118,4.7,29.7,7.47813971047692,7.86,11.8,22.3,25.3,13.6,"NA (ECCC AES NA; station_id 42183)",NA,42183,"",5,2015-05-08,"DATE: May-08<br>Value: 13.6 °C<br>Anomaly: -3.5 °C<br>Weather station: NA (ECCC AES NA; station_id 42183)","DATE: May-08<br><b>Maximum temperature</b><br>10-90 percentile<br>7.9 to 25.3 °C","Historical daily maximum<br>29.7 °C<br>2015-05-08","DATE: May-08</b><br>Normal: 17.1 °C<br>Period: 1991-2020","6117700","BARRIE-ORO",2003,2026
"05-08","TMIN",2001-05-08,2.53529411764706,-5.5,10.6,4.34984786752229,-2.3,-0.4,6.9,7.82,-0.2,"NA (ECCC AES NA; station_id 42183)",NA,42183,"",5,2015-05-08,"DATE: May-08<br>Value: -0.2 °C<br>Anomaly: -2.7 °C<br>Weather station: NA (ECCC AES NA; station_id 42183)","DATE: May-08<br><b>Minimum temperature</b><br>10-90 percentile<br>-2.3 to 7.8 °C","Historical daily maximum<br>10.6 °C<br>2015-05-08","DATE: May-08</b><br>Normal: 2.5 °C<br>Period: 1991-2020","6117700","BARRIE-ORO",2003,2026
"05-08","VPD",2001-05-08,1.36291072327931,0.448761099411718,2.89238129008016,0.8162219575418,0.520985502580143,0.710864111838731,2.01862564666452,2.42096697462471,0.95561179021438,"NA (ECCC AES NA; station_id 42183)",NA,42183,"",5,2015-05-08,"DATE: May-08<br>Value: 1.0 kPa<br>Anomaly: -0.4 kPa<br>Weather station: NA (ECCC AES NA; station_id 42183)","DATE: May-08<br><b>Vapour pressure deficit</b><br>10-90 percentile<br>0.5 to 2.4 kPa","Historical daily maximum<br>2.9 kPa<br>2015-05-08","DATE: May-08</b><br>Normal: 1.4 kPa<br>Period: 1991-2020","6117700","BARRIE-ORO",2003,2026
"05-09","TMAX",2001-05-09,17.7352941176471,4,29,7.02058946745843,8.32,14,23.6,24.7,16.1,"NA (ECCC AES NA; station_id 42183)",NA,42183,"",5,2015-05-09,"DATE: May-09<br>Value: 16.1 °C<br>Anomaly: -1.6 °C<br>Weather station: NA (ECCC AES NA; station_id 42183)","DATE: May-09<br><b>Maximum temperature</b><br>10-90 percentile<br>8.3 to 24.7 °C","Historical daily maximum<br>29.0 °C<br>2015-05-09","DATE: May-09</b><br>Normal: 17.7 °C<br>Period: 1991-2020","6117700","BARRIE-ORO",2003,2026
"05-09","TMIN",2001-05-09,4.44117647058824,-5.2,14.3,4.81923993274995,-1.62,2.3,7.9,9.58,1.4,"NA (ECCC AES NA; station_id 42183)",NA,42183,"",5,2015-05-09,"DATE: May-09<br>Value: 1.4 °C<br>Anomaly: -3.0 °C<br>Weather station: NA (ECCC AES NA; station_id 42183)","DATE: May-09<br><b>Minimum temperature</b><br>10-90 percentile<br>-1.6 to 9.6 °C","Historical daily maximum<br>14.3 °C<br>2015-05-09","DATE: May-09</b><br>Normal: 4.4 °C<br>Period: 1991-2020","6117700","BARRIE-ORO",2003,2026
"05-09","VPD",2001-05-09,1.31022135851779,0.386231089098348,2.37568365923565,0.661023203486708,0.492311251442735,0.813523766760343,1.87116815851722,2.10082874553353,1.15402326819133,"NA (ECCC AES NA; station_id 42183)",NA,42183,"",5,2015-05-09,"DATE: May-09<br>Value: 1.2 kPa<br>Anomaly: -0.2 kPa<br>Weather station: NA (ECCC AES NA; station_id 42183)","DATE: May-09<br><b>Vapour pressure deficit</b><br>10-90 percentile<br>0.5 to 2.1 kPa","Historical daily maximum<br>2.4 kPa<br>2015-05-09","DATE: May-09</b><br>Normal: 1.3 kPa<br>Period: 1991-2020","6117700","BARRIE-ORO",2003,2026
"05-10","TMAX",2001-05-10,16.8294117647059,5.3,26.2,5.70107059089369,10.74,13.1,21.1,24.46,11.1,"NA (ECCC AES NA; station_id 42183)",NA,42183,"",5,2004-05-10,"DATE: May-10<br>Value: 11.1 °C<br>Anomaly: -5.7 °C<br>Weather station: NA (ECCC AES NA; station_id 42183)","DATE: May-10<br><b>Maximum temperature</b><br>10-90 percentile<br>10.7 to 24.5 °C","Historical daily maximum<br>26.2 °C<br>2004-05-10","DATE: May-10</b><br>Normal: 16.8 °C<br>Period: 1991-2020","6117700","BARRIE-ORO",2003,2026
"05-10","TMIN",2001-05-10,3.91764705882353,-3.1,11.5,4.01563122281505,-1.52,2.8,5.8,9.56,1.6,"NA (ECCC AES NA; station_id 42183)",NA,42183,"",5,2015-05-10,"DATE: May-10<br>Value: 1.6 °C<br>Anomaly: -2.3 °C<br>Weather station: NA (ECCC AES NA; station_id 42183)","DATE: May-10<br><b>Minimum temperature</b><br>10-90 percentile<br>-1.5 to 9.6 °C","Historical daily maximum<br>11.5 °C<br>2015-05-10","DATE: May-10</b><br>Normal: 3.9 °C<br>Period: 1991-2020","6117700","BARRIE-ORO",2003,2026
"05-10","VPD",2001-05-10,1.18461063299536,0.351510521522278,2.36053091240885,0.588125244484996,0.483520120696153,0.777100236765921,1.30920510605645,2.14611842846928,0.635770424971924,"NA (ECCC AES NA; station_id 42183)",NA,42183,"",5,2005-05-10,"DATE: May-10<br>Value: 0.6 kPa<br>Anomaly: -0.5 kPa<br>Weather station: NA (ECCC AES NA; station_id 42183)","DATE: May-10<br><b>Vapour pressure deficit</b><br>10-90 percentile<br>0.5 to 2.1 kPa","Historical daily maximum<br>2.4 kPa<br>2005-05-10","DATE: May-10</b><br>Normal: 1.2 kPa<br>Period: 1991-2020","6117700","BARRIE-ORO",2003,2026
"05-11","TMAX",2001-05-11,16.1411764705882,6.1,22.5,4.97368812144587,10.84,13.7,21.4,22.08,10.8,"NA (ECCC AES NA; station_id 42183)",NA,42183,"",5,2022-05-11,"DATE: May-11<br>Value: 10.8 °C<br>Anomaly: -5.3 °C<br>Weather station: NA (ECCC AES NA; station_id 42183)","DATE: May-11<br><b>Maximum temperature</b><br>10-90 percentile<br>10.8 to 22.1 °C","Historical daily maximum<br>22.5 °C<br>2022-05-11","DATE: May-11</b><br>Normal: 16.1 °C<br>Period: 1991-2020","6117700","BARRIE-ORO",2003,2026
"05-11","TMIN",2001-05-11,3.34705882352941,-2.8,11.3,4.39048938716671,-1.74,0.4,7.1,9.36,-0.7,"NA (ECCC AES NA; station_id 42183)",NA,42183,"",5,2015-05-11,"DATE: May-11<br>Value: -0.7 °C<br>Anomaly: -4.0 °C<br>Weather station: NA (ECCC AES NA; station_id 42183)","DATE: May-11<br><b>Minimum temperature</b><br>10-90 percentile<br>-1.7 to 9.4 °C","Historical daily maximum<br>11.3 °C<br>2015-05-11","DATE: May-11</b><br>Normal: 3.3 °C<br>Period: 1991-2020","6117700","BARRIE-ORO",2003,2026
"05-11","VPD",2001-05-11,1.10106632267128,0.372932538499403,2.01487004589403,0.477389150721768,0.588188721106611,0.759099814137648,1.4936672081202,1.69880764533171,0.714988823804074,"NA (ECCC AES NA; station_id 42183)",NA,42183,"",5,2022-05-11,"DATE: May-11<br>Value: 0.7 kPa<br>Anomaly: -0.4 kPa<br>Weather station: NA (ECCC AES NA; station_id 42183)","DATE: May-11<br><b>Vapour pressure deficit</b><br>10-90 percentile<br>0.6 to 1.7 kPa","Historical daily maximum<br>2.0 kPa<br>2022-05-11","DATE: May-11</b><br>Normal: 1.1 kPa<br>Period: 1991-2020","6117700","BARRIE-ORO",2003,2026
"05-12","TMAX",2001-05-12,16.7823529411765,5.9,26.8,6.0479578468808,9.6,14.1,20.9,24.88,12.6,"NA (ECCC AES NA; station_id 42183)",NA,42183,"",5,2022-05-12,"DATE: May-12<br>Value: 12.6 °C<br>Anomaly: -4.2 °C<br>Weather station: NA (ECCC AES NA; station_id 42183)","DATE: May-12<br><b>Maximum temperature</b><br>10-90 percentile<br>9.6 to 24.9 °C","Historical daily maximum<br>26.8 °C<br>2022-05-12","DATE: May-12</b><br>Normal: 16.8 °C<br>Period: 1991-2020","6117700","BARRIE-ORO",2003,2026
"05-12","TMIN",2001-05-12,3.14117647058824,-3.3,8.8,3.66879728649755,-1.3,0.6,5.7,7.9,-2.5,"NA (ECCC AES NA; station_id 42183)",NA,42183,"",5,2023-05-12,"DATE: May-12<br>Value: -2.5 °C<br>Anomaly: -5.6 °C<br>Weather station: NA (ECCC AES NA; station_id 42183)","DATE: May-12<br><b>Minimum temperature</b><br>10-90 percentile<br>-1.3 to 7.9 °C","Historical daily maximum<br>8.8 °C<br>2023-05-12","DATE: May-12</b><br>Normal: 3.1 °C<br>Period: 1991-2020","6117700","BARRIE-ORO",2003,2026
"05-12","VPD",2001-05-12,1.24196423247561,0.322286131922388,2.40435231648836,0.667707770041438,0.520814825929131,0.798941406891571,1.36579692910615,2.35765765790342,0.950820776716453,"NA (ECCC AES NA; station_id 42183)",NA,42183,"",5,2025-05-12,"DATE: May-12<br>Value: 1.0 kPa<br>Anomaly: -0.3 kPa<br>Weather station: NA (ECCC AES NA; station_id 42183)","DATE: May-12<br><b>Vapour pressure deficit</b><br>10-90 percentile<br>0.5 to 2.4 kPa","Historical daily maximum<br>2.4 kPa<br>2025-05-12","DATE: May-12</b><br>Normal: 1.2 kPa<br>Period: 1991-2020","6117700","BARRIE-ORO",2003,2026
"05-13","TMAX",2001-05-13,17.1823529411765,7.2,29.5,5.9953351964379,10.08,12.7,20.9,23.94,15,"NA (ECCC AES NA; station_id 42183)",NA,42183,"",5,2004-05-13,"DATE: May-13<br>Value: 15.0 °C<br>Anomaly: -2.2 °C<br>Weather station: NA (ECCC AES NA; station_id 42183)","DATE: May-13<br><b>Maximum temperature</b><br>10-90 percentile<br>10.1 to 23.9 °C","Historical daily maximum<br>29.5 °C<br>2004-05-13","DATE: May-13</b><br>Normal: 17.2 °C<br>Period: 1991-2020","6117700","BARRIE-ORO",2003,2026
"05-13","TMIN",2001-05-13,3.73529411764706,-5.1,12.8,5.11626587176509,-2.24,0.1,6.7,11.06,4.3,"NA (ECCC AES NA; station_id 42183)",NA,42183,"",5,2004-05-13,"DATE: May-13<br>Value: 4.3 °C<br>Anomaly: +0.6 °C<br>Weather station: NA (ECCC AES NA; station_id 42183)","DATE: May-13<br><b>Minimum temperature</b><br>10-90 percentile<br>-2.2 to 11.1 °C","Historical daily maximum<br>12.8 °C<br>2004-05-13","DATE: May-13</b><br>Normal: 3.7 °C<br>Period: 1991-2020","6117700","BARRIE-ORO",2003,2026
"05-13","VPD",2001-05-13,1.23720253274476,0.179256909660038,2.6445973441379,0.594660266841426,0.634343106733665,0.869617447823323,1.63532626200475,1.83208436883655,0.874752103698162,"NA (ECCC AES NA; station_id 42183)",NA,42183,"",5,2004-05-13,"DATE: May-13<br>Value: 0.9 kPa<br>Anomaly: -0.4 kPa<br>Weather station: NA (ECCC AES NA; station_id 42183)","DATE: May-13<br><b>Vapour pressure deficit</b><br>10-90 percentile<br>0.6 to 1.8 kPa","Historical daily maximum<br>2.6 kPa<br>2004-05-13","DATE: May-13</b><br>Normal: 1.2 kPa<br>Period: 1991-2020","6117700","BARRIE-ORO",2003,2026
"05-14","TMAX",2001-05-14,17.5411764705882,10.4,25.9,4.05817982960486,13.5,15.1,18.4,23.58,10.1,"NA (ECCC AES NA; station_id 42183)",NA,42183,"",5,2022-05-14,"DATE: May-14<br>Value: 10.1 °C<br>Anomaly: -7.4 °C<br>Weather station: NA (ECCC AES NA; station_id 42183)","DATE: May-14<br><b>Maximum temperature</b><br>10-90 percentile<br>13.5 to 23.6 °C","Historical daily maximum<br>25.9 °C<br>2022-05-14","DATE: May-14</b><br>Normal: 17.5 °C<br>Period: 1991-2020","6117700","BARRIE-ORO",2003,2026
"05-14","TMIN",2001-05-14,4.17647058823529,-1.6,10.1,3.89254566636101,-0.72,1.2,6.3,9.88,5.2,"NA (ECCC AES NA; station_id 42183)",NA,42183,"",5,2022-05-14,"DATE: May-14<br>Value: 5.2 °C<br>Anomaly: +1.0 °C<br>Weather station: NA (ECCC AES NA; station_id 42183)","DATE: May-14<br><b>Minimum temperature</b><br>10-90 percentile<br>-0.7 to 9.9 °C","Historical daily maximum<br>10.1 °C<br>2022-05-14","DATE: May-14</b><br>Normal: 4.2 °C<br>Period: 1991-2020","6117700","BARRIE-ORO",2003,2026
"05-14","VPD",2001-05-14,1.21199616569843,0.558972759254878,2.31902867719888,0.526657647954976,0.671256041824139,0.846477102962078,1.48766337789467,2.00411455893719,0.351651099349923,"NA (ECCC AES NA; station_id 42183)",NA,42183,"",5,2018-05-14,"DATE: May-14<br>Value: 0.4 kPa<br>Anomaly: -0.9 kPa<br>Weather station: NA (ECCC AES NA; station_id 42183)","DATE: May-14<br><b>Vapour pressure deficit</b><br>10-90 percentile<br>0.7 to 2.0 kPa","Historical daily maximum<br>2.3 kPa<br>2018-05-14","DATE: May-14</b><br>Normal: 1.2 kPa<br>Period: 1991-2020","6117700","BARRIE-ORO",2003,2026
"05-15","TMAX",2001-05-15,16.3352941176471,4.9,25.2,4.89131132423487,11.72,14.3,18.1,22.34,19.3,"NA (ECCC AES NA; station_id 42183)",NA,42183,"",5,2022-05-15,"DATE: May-15<br>Value: 19.3 °C<br>Anomaly: +3.0 °C<br>Weather station: NA (ECCC AES NA; station_id 42183)","DATE: May-15<br><b>Maximum temperature</b><br>10-90 percentile<br>11.7 to 22.3 °C","Historical daily maximum<br>25.2 °C<br>2022-05-15","DATE: May-15</b><br>Normal: 16.3 °C<br>Period: 1991-2020","6117700","BARRIE-ORO",2003,2026
"05-15","TMIN",2001-05-15,5.35294117647059,0.8,11,2.98205416765416,1.46,3.2,6.9,9.06,3.1,"NA (ECCC AES NA; station_id 42183)",NA,42183,"",5,2022-05-15,"DATE: May-15<br>Value: 3.1 °C<br>Anomaly: -2.3 °C<br>Weather station: NA (ECCC AES NA; station_id 42183)","DATE: May-15<br><b>Minimum temperature</b><br>10-90 percentile<br>1.5 to 9.1 °C","Historical daily maximum<br>11.0 °C<br>2022-05-15","DATE: May-15</b><br>Normal: 5.4 °C<br>Period: 1991-2020","6117700","BARRIE-ORO",2003,2026
"05-15","VPD",2001-05-15,1.02160027785868,0.218949771891477,2.27705705885867,0.525702618140026,0.536459086780087,0.677686597068732,1.27511883951332,1.63551177547985,1.47569695497405,"NA (ECCC AES NA; station_id 42183)",NA,42183,"",5,2012-05-15,"DATE: May-15<br>Value: 1.5 kPa<br>Anomaly: +0.5 kPa<br>Weather station: NA (ECCC AES NA; station_id 42183)","DATE: May-15<br><b>Vapour pressure deficit</b><br>10-90 percentile<br>0.5 to 1.6 kPa","Historical daily maximum<br>2.3 kPa<br>2012-05-15","DATE: May-15</b><br>Normal: 1.0 kPa<br>Period: 1991-2020","6117700","BARRIE-ORO",2003,2026
"05-16","TMAX",2001-05-16,15.9058823529412,9.4,23.4,3.77880116376796,10.86,12.5,17.5,19.6,22,"NA (ECCC AES NA; station_id 42183)",NA,42183,"",5,2025-05-16,"DATE: May-16<br>Value: 22.0 °C<br>Anomaly: +6.1 °C<br>Weather station: NA (ECCC AES NA; station_id 42183)","DATE: May-16<br><b>Maximum temperature</b><br>10-90 percentile<br>10.9 to 19.6 °C","Historical daily maximum<br>23.4 °C<br>2025-05-16","DATE: May-16</b><br>Normal: 15.9 °C<br>Period: 1991-2020","6117700","BARRIE-ORO",2003,2026
"05-16","TMIN",2001-05-16,3.37647058823529,-0.3,6.8,2.17328363650626,0.66,2,4.6,6.24,5.6,"NA (ECCC AES NA; station_id 42183)",NA,42183,"",5,2025-05-16,"DATE: May-16<br>Value: 5.6 °C<br>Anomaly: +2.2 °C<br>Weather station: NA (ECCC AES NA; station_id 42183)","DATE: May-16<br><b>Minimum temperature</b><br>10-90 percentile<br>0.7 to 6.2 °C","Historical daily maximum<br>6.8 °C<br>2025-05-16","DATE: May-16</b><br>Normal: 3.4 °C<br>Period: 1991-2020","6117700","BARRIE-ORO",2003,2026
"05-16","VPD",2001-05-16,1.0648772305945,0.368803194656435,2.0818823189386,0.423380865754615,0.541691603956453,0.851888785992101,1.2363271300067,1.47021364952727,1.73440372945906,"NA (ECCC AES NA; station_id 42183)",NA,42183,"",5,2018-05-16,"DATE: May-16<br>Value: 1.7 kPa<br>Anomaly: +0.7 kPa<br>Weather station: NA (ECCC AES NA; station_id 42183)","DATE: May-16<br><b>Vapour pressure deficit</b><br>10-90 percentile<br>0.5 to 1.5 kPa","Historical daily maximum<br>2.1 kPa<br>2018-05-16","DATE: May-16</b><br>Normal: 1.1 kPa<br>Period: 1991-2020","6117700","BARRIE-ORO",2003,2026
"05-17","TMAX",2001-05-17,17.7470588235294,8.8,29.6,5.09032386580889,12.78,14.9,21.1,23.14,25.1,"NA (ECCC AES NA; station_id 42183)",NA,42183,"",5,2017-05-17,"DATE: May-17<br>Value: 25.1 °C<br>Anomaly: +7.4 °C<br>Weather station: NA (ECCC AES NA; station_id 42183)","DATE: May-17<br><b>Maximum temperature</b><br>10-90 percentile<br>12.8 to 23.1 °C","Historical daily maximum<br>29.6 °C<br>2017-05-17","DATE: May-17</b><br>Normal: 17.7 °C<br>Period: 1991-2020","6117700","BARRIE-ORO",2003,2026
"05-17","TMIN",2001-05-17,3.07058823529412,-2.3,8.9,3.1791832099382,-0.48,0.4,5.5,6.94,7.8,"NA (ECCC AES NA; station_id 42183)",NA,42183,"",5,2024-05-17,"DATE: May-17<br>Value: 7.8 °C<br>Anomaly: +4.7 °C<br>Weather station: NA (ECCC AES NA; station_id 42183)","DATE: May-17<br><b>Minimum temperature</b><br>10-90 percentile<br>-0.5 to 6.9 °C","Historical daily maximum<br>8.9 °C<br>2024-05-17","DATE: May-17</b><br>Normal: 3.1 °C<br>Period: 1991-2020","6117700","BARRIE-ORO",2003,2026
"05-17","VPD",2001-05-17,1.34398136904156,0.616827912813318,3.00635395227043,0.607966479605974,0.754806788773936,0.9958149464426,1.5784468623031,2.03749263711195,2.12845234748932,"NA (ECCC AES NA; station_id 42183)",NA,42183,"",5,2017-05-17,"DATE: May-17<br>Value: 2.1 kPa<br>Anomaly: +0.8 kPa<br>Weather station: NA (ECCC AES NA; station_id 42183)","DATE: May-17<br><b>Vapour pressure deficit</b><br>10-90 percentile<br>0.8 to 2.0 kPa","Historical daily maximum<br>3.0 kPa<br>2017-05-17","DATE: May-17</b><br>Normal: 1.3 kPa<br>Period: 1991-2020","6117700","BARRIE-ORO",2003,2026
"05-18","TMAX",2001-05-18,18.6529411764706,11.2,29.3,4.85246298891847,14.12,16,20.5,25.64,30.9,"NA (ECCC AES NA; station_id 42183)",NA,42183,"",5,2026-05-18,"DATE: May-18<br>Value: 30.9 °C<br>Anomaly: +12.2 °C<br>Weather station: NA (ECCC AES NA; station_id 42183)","DATE: May-18<br><b>Maximum temperature</b><br>10-90 percentile<br>14.1 to 25.6 °C","Historical daily maximum<br>29.3 °C<br>2026-05-18","DATE: May-18</b><br>Normal: 18.7 °C<br>Period: 1991-2020","6117700","BARRIE-ORO",2003,2026
"05-18","TMIN",2001-05-18,4.57647058823529,-3.5,14.6,5.30984103007857,-0.86,0.4,7.8,11.76,13.3,"NA (ECCC AES NA; station_id 42183)",NA,42183,"",5,2015-05-18,"DATE: May-18<br>Value: 13.3 °C<br>Anomaly: +8.7 °C<br>Weather station: NA (ECCC AES NA; station_id 42183)","DATE: May-18<br><b>Minimum temperature</b><br>10-90 percentile<br>-0.9 to 11.8 °C","Historical daily maximum<br>14.6 °C<br>2015-05-18","DATE: May-18</b><br>Normal: 4.6 °C<br>Period: 1991-2020","6117700","BARRIE-ORO",2003,2026
"05-18","VPD",2001-05-18,1.34076740900703,0.599770242390107,2.61662100689548,0.566658204715514,0.667712131069963,0.969512586824336,1.58733250556466,2.10055313863233,2.93966095136601,"NA (ECCC AES NA; station_id 42183)",NA,42183,"",5,2026-05-18,"DATE: May-18<br>Value: 2.9 kPa<br>Anomaly: +1.6 kPa<br>Weather station: NA (ECCC AES NA; station_id 42183)","DATE: May-18<br><b>Vapour pressure deficit</b><br>10-90 percentile<br>0.7 to 2.1 kPa","Historical daily maximum<br>2.6 kPa<br>2026-05-18","DATE: May-18</b><br>Normal: 1.3 kPa<br>Period: 1991-2020","6117700","BARRIE-ORO",2003,2026
"05-19","TMAX",2001-05-19,19.1647058823529,9.8,26.2,4.09083444673434,14.74,15.7,21.7,23.22,29.4,"NA (ECCC AES NA; station_id 42183)",NA,42183,"",5,2026-05-19,"DATE: May-19<br>Value: 29.4 °C<br>Anomaly: +10.2 °C<br>Weather station: NA (ECCC AES NA; station_id 42183)","DATE: May-19<br><b>Maximum temperature</b><br>10-90 percentile<br>14.7 to 23.2 °C","Historical daily maximum<br>26.2 °C<br>2026-05-19","DATE: May-19</b><br>Normal: 19.2 °C<br>Period: 1991-2020","6117700","BARRIE-ORO",2003,2026
"05-19","TMIN",2001-05-19,5.27647058823529,0.9,11.4,3.64666447108942,1.38,2.1,7.7,10.54,12.9,"NA (ECCC AES NA; station_id 42183)",NA,42183,"",5,2026-05-19,"DATE: May-19<br>Value: 12.9 °C<br>Anomaly: +7.6 °C<br>Weather station: NA (ECCC AES NA; station_id 42183)","DATE: May-19<br><b>Minimum temperature</b><br>10-90 percentile<br>1.4 to 10.5 °C","Historical daily maximum<br>11.4 °C<br>2026-05-19","DATE: May-19</b><br>Normal: 5.3 °C<br>Period: 1991-2020","6117700","BARRIE-ORO",2003,2026
"05-19","VPD",2001-05-19,1.36412247515586,0.51401893994949,2.57660601955003,0.546560845850231,0.692621206738047,0.938684376588364,1.63588950600207,1.93835567079341,2.61120663307716,"NA (ECCC AES NA; station_id 42183)",NA,42183,"",5,2026-05-19,"DATE: May-19<br>Value: 2.6 kPa<br>Anomaly: +1.2 kPa<br>Weather station: NA (ECCC AES NA; station_id 42183)","DATE: May-19<br><b>Vapour pressure deficit</b><br>10-90 percentile<br>0.7 to 1.9 kPa","Historical daily maximum<br>2.6 kPa<br>2026-05-19","DATE: May-19</b><br>Normal: 1.4 kPa<br>Period: 1991-2020","6117700","BARRIE-ORO",2003,2026
"05-20","TMAX",2001-05-20,19.8764705882353,11.5,29.3,5.72194562755588,12.1,15.4,23.6,27.18,12.9,"NA (ECCC AES NA; station_id 42183)",NA,42183,"",5,2012-05-20,"DATE: May-20<br>Value: 12.9 °C<br>Anomaly: -7.0 °C<br>Weather station: NA (ECCC AES NA; station_id 42183)","DATE: May-20<br><b>Maximum temperature</b><br>10-90 percentile<br>12.1 to 27.2 °C","Historical daily maximum<br>29.3 °C<br>2012-05-20","DATE: May-20</b><br>Normal: 19.9 °C<br>Period: 1991-2020","6117700","BARRIE-ORO",2003,2026
"05-20","TMIN",2001-05-20,5.11764705882353,0.2,11.9,3.61372994531233,1.08,2.5,7.5,10.24,5.2,"NA (ECCC AES NA; station_id 42183)",NA,42183,"",5,2021-05-20,"DATE: May-20<br>Value: 5.2 °C<br>Anomaly: +0.1 °C<br>Weather station: NA (ECCC AES NA; station_id 42183)","DATE: May-20<br><b>Minimum temperature</b><br>10-90 percentile<br>1.1 to 10.2 °C","Historical daily maximum<br>11.9 °C<br>2021-05-20","DATE: May-20</b><br>Normal: 5.1 °C<br>Period: 1991-2020","6117700","BARRIE-ORO",2003,2026
"05-20","VPD",2001-05-20,1.53896350472825,0.526391651961456,2.95064971044838,0.691675609674347,0.722116113813731,1.13001393862657,1.81747668825443,2.40667856398933,0.603437097982258,"NA (ECCC AES NA; station_id 42183)",NA,42183,"",5,2012-05-20,"DATE: May-20<br>Value: 0.6 kPa<br>Anomaly: -0.9 kPa<br>Weather station: NA (ECCC AES NA; station_id 42183)","DATE: May-20<br><b>Vapour pressure deficit</b><br>10-90 percentile<br>0.7 to 2.4 kPa","Historical daily maximum<br>3.0 kPa<br>2012-05-20","DATE: May-20</b><br>Normal: 1.5 kPa<br>Period: 1991-2020","6117700","BARRIE-ORO",2003,2026
"05-21","TMAX",2001-05-21,19.9882352941176,7.1,28.2,6.17007722327496,11.12,17,23.2,26.7,15.4,"NA (ECCC AES NA; station_id 42183)",NA,42183,"",5,2021-05-21,"DATE: May-21<br>Value: 15.4 °C<br>Anomaly: -4.6 °C<br>Weather station: NA (ECCC AES NA; station_id 42183)","DATE: May-21<br><b>Maximum temperature</b><br>10-90 percentile<br>11.1 to 26.7 °C","Historical daily maximum<br>28.2 °C<br>2021-05-21","DATE: May-21</b><br>Normal: 20.0 °C<br>Period: 1991-2020","6117700","BARRIE-ORO",2003,2026
"05-21","TMIN",2001-05-21,7.07647058823529,0,13.3,4.24669421605864,2.2,3.6,10.6,12.04,3.8,"NA (ECCC AES NA; station_id 42183)",NA,42183,"",5,2021-05-21,"DATE: May-21<br>Value: 3.8 °C<br>Anomaly: -3.3 °C<br>Weather station: NA (ECCC AES NA; station_id 42183)","DATE: May-21<br><b>Minimum temperature</b><br>10-90 percentile<br>2.2 to 12.0 °C","Historical daily maximum<br>13.3 °C<br>2021-05-21","DATE: May-21</b><br>Normal: 7.1 °C<br>Period: 1991-2020","6117700","BARRIE-ORO",2003,2026
"05-21","VPD",2001-05-21,1.4257759232235,0.292953203793114,2.35035793942443,0.68165259381844,0.35362263788867,1.13584557265253,2.00184263377115,2.19538019721838,0.947878027673065,"NA (ECCC AES NA; station_id 42183)",NA,42183,"",5,2021-05-21,"DATE: May-21<br>Value: 0.9 kPa<br>Anomaly: -0.5 kPa<br>Weather station: NA (ECCC AES NA; station_id 42183)","DATE: May-21<br><b>Vapour pressure deficit</b><br>10-90 percentile<br>0.4 to 2.2 kPa","Historical daily maximum<br>2.4 kPa<br>2021-05-21","DATE: May-21</b><br>Normal: 1.4 kPa<br>Period: 1991-2020","6117700","BARRIE-ORO",2003,2026
"05-22","TMAX",2001-05-22,17.64375,7.8,25.6,5.17648126948542,11.3,14.175,21.45,23.45,17.6,"NA (ECCC AES NA; station_id 42183)",NA,42183,"",5,2024-05-22,"DATE: May-22<br>Value: 17.6 °C<br>Anomaly: 0.0 °C<br>Weather station: NA (ECCC AES NA; station_id 42183)","DATE: May-22<br><b>Maximum temperature</b><br>10-90 percentile<br>11.3 to 23.4 °C","Historical daily maximum<br>25.6 °C<br>2024-05-22","DATE: May-22</b><br>Normal: 17.6 °C<br>Period: 1991-2020","6117700","BARRIE-ORO",2003,2026
"05-22","TMIN",2001-05-22,6.84705882352941,-1.7,15.5,4.96413608383408,1.38,3.7,11.2,12.78,2.8,"NA (ECCC AES NA; station_id 42183)",NA,42183,"",5,2011-05-22,"DATE: May-22<br>Value: 2.8 °C<br>Anomaly: -4.0 °C<br>Weather station: NA (ECCC AES NA; station_id 42183)","DATE: May-22<br><b>Minimum temperature</b><br>10-90 percentile<br>1.4 to 12.8 °C","Historical daily maximum<br>15.5 °C<br>2011-05-22","DATE: May-22</b><br>Normal: 6.8 °C<br>Period: 1991-2020","6117700","BARRIE-ORO",2003,2026
"05-22","VPD",2001-05-22,1.07813678230283,0.29791062326908,2.36053091240885,0.512337924362006,0.551314952327398,0.708161201061667,1.31617362510785,1.6082628335227,1.26556899617695,"NA (ECCC AES NA; station_id 42183)",NA,42183,"",5,2020-05-22,"DATE: May-22<br>Value: 1.3 kPa<br>Anomaly: +0.2 kPa<br>Weather station: NA (ECCC AES NA; station_id 42183)","DATE: May-22<br><b>Vapour pressure deficit</b><br>10-90 percentile<br>0.6 to 1.6 kPa","Historical daily maximum<br>2.4 kPa<br>2020-05-22","DATE: May-22</b><br>Normal: 1.1 kPa<br>Period: 1991-2020","6117700","BARRIE-ORO",2003,2026
"05-23","TMAX",2001-05-23,20.7058823529412,13.7,27.8,4.37199476615585,15.18,16.5,23.6,25.62,12.5,"BARRIE-ORO (ECCC AES 6117700; station_id 42183)","6117700",42183,"BARRIE-ORO",5,2007-05-23,"DATE: May-23<br>Value: 12.5 °C<br>Anomaly: -8.2 °C<br>Weather station: BARRIE-ORO (ECCC AES 6117700; station_id 42183)","DATE: May-23<br><b>Maximum temperature</b><br>10-90 percentile<br>15.2 to 25.6 °C","Historical daily maximum<br>27.8 °C<br>2007-05-23","DATE: May-23</b><br>Normal: 20.7 °C<br>Period: 1991-2020","6117700","BARRIE-ORO",2003,2026
"05-23","TMIN",2001-05-23,6.25294117647059,-2.4,15.6,4.20418209153975,1.86,3.9,8.6,10.48,7.9,"BARRIE-ORO (ECCC AES 6117700; station_id 42183)","6117700",42183,"BARRIE-ORO",5,2011-05-23,"DATE: May-23<br>Value: 7.9 °C<br>Anomaly: +1.6 °C<br>Weather station: BARRIE-ORO (ECCC AES 6117700; station_id 42183)","DATE: May-23<br><b>Minimum temperature</b><br>10-90 percentile<br>1.9 to 10.5 °C","Historical daily maximum<br>15.6 °C<br>2011-05-23","DATE: May-23</b><br>Normal: 6.3 °C<br>Period: 1991-2020","6117700","BARRIE-ORO",2003,2026
"05-23","VPD",2001-05-23,1.5296001818679,0.435106588063764,2.83290575334193,0.658663907151422,0.692562857565414,1.03709015072285,1.91921800841865,2.34214010349339,0.383996794920979,"BARRIE-ORO (ECCC AES 6117700; station_id 42183)","6117700",42183,"BARRIE-ORO",5,2007-05-23,"DATE: May-23<br>Value: 0.4 kPa<br>Anomaly: -1.1 kPa<br>Weather station: BARRIE-ORO (ECCC AES 6117700; station_id 42183)","DATE: May-23<br><b>Vapour pressure deficit</b><br>10-90 percentile<br>0.7 to 2.3 kPa","Historical daily maximum<br>2.8 kPa<br>2007-05-23","DATE: May-23</b><br>Normal: 1.5 kPa<br>Period: 1991-2020","6117700","BARRIE-ORO",2003,2026
"05-24","TMAX",2001-05-24,22.35625,11,30.4,5.37909146603774,15.65,19.05,26.625,27.4,14.2,"BARRIE-ORO (ECCC AES 6117700; station_id 42183)","6117700",42183,"BARRIE-ORO",5,2007-05-24,"DATE: May-24<br>Value: 14.2 °C<br>Anomaly: -8.2 °C<br>Weather station: BARRIE-ORO (ECCC AES 6117700; station_id 42183)","DATE: May-24<br><b>Maximum temperature</b><br>10-90 percentile<br>15.6 to 27.4 °C","Historical daily maximum<br>30.4 °C<br>2007-05-24","DATE: May-24</b><br>Normal: 22.4 °C<br>Period: 1991-2020","6117700","BARRIE-ORO",2003,2026
"05-24","TMIN",2001-05-24,7.57058823529412,0.9,15.3,3.68693041463396,3.16,4.9,9.5,11.3,8.2,"BARRIE-ORO (ECCC AES 6117700; station_id 42183)","6117700",42183,"BARRIE-ORO",5,2020-05-24,"DATE: May-24<br>Value: 8.2 °C<br>Anomaly: +0.6 °C<br>Weather station: BARRIE-ORO (ECCC AES 6117700; station_id 42183)","DATE: May-24<br><b>Minimum temperature</b><br>10-90 percentile<br>3.2 to 11.3 °C","Historical daily maximum<br>15.3 °C<br>2020-05-24","DATE: May-24</b><br>Normal: 7.6 °C<br>Period: 1991-2020","6117700","BARRIE-ORO",2003,2026
"05-24","VPD",2001-05-24,1.76370688454636,0.55528279841046,3.15397010108339,0.741224128796256,0.84182039061221,1.31315585689024,2.28362577561996,2.59694164824904,0.532001913248182,"BARRIE-ORO (ECCC AES 6117700; station_id 42183)","6117700",42183,"BARRIE-ORO",5,2007-05-24,"DATE: May-24<br>Value: 0.5 kPa<br>Anomaly: -1.2 kPa<br>Weather station: BARRIE-ORO (ECCC AES 6117700; station_id 42183)","DATE: May-24<br><b>Vapour pressure deficit</b><br>10-90 percentile<br>0.8 to 2.6 kPa","Historical daily maximum<br>3.2 kPa<br>2007-05-24","DATE: May-24</b><br>Normal: 1.8 kPa<br>Period: 1991-2020","6117700","BARRIE-ORO",2003,2026
"05-25","TMAX",2001-05-25,22.2294117647059,12.6,29.1,5.4309028606994,14.6,17.8,25.9,28.56,23,"BARRIE-ORO (ECCC AES 6117700; station_id 42183)","6117700",42183,"BARRIE-ORO",5,2021-05-25,"DATE: May-25<br>Value: 23.0 °C<br>Anomaly: +0.8 °C<br>Weather station: BARRIE-ORO (ECCC AES 6117700; station_id 42183)","DATE: May-25<br><b>Maximum temperature</b><br>10-90 percentile<br>14.6 to 28.6 °C","Historical daily maximum<br>29.1 °C<br>2021-05-25","DATE: May-25</b><br>Normal: 22.2 °C<br>Period: 1991-2020","6117700","BARRIE-ORO",2003,2026
"05-25","TMIN",2001-05-25,8.77058823529412,1.8,13.8,4.19773223090194,2.34,6.8,12.2,13.4,9.5,"BARRIE-ORO (ECCC AES 6117700; station_id 42183)","6117700",42183,"BARRIE-ORO",5,2018-05-25,"DATE: May-25<br>Value: 9.5 °C<br>Anomaly: +0.7 °C<br>Weather station: BARRIE-ORO (ECCC AES 6117700; station_id 42183)","DATE: May-25<br><b>Minimum temperature</b><br>10-90 percentile<br>2.3 to 13.4 °C","Historical daily maximum<br>13.8 °C<br>2018-05-25","DATE: May-25</b><br>Normal: 8.8 °C<br>Period: 1991-2020","6117700","BARRIE-ORO",2003,2026
"05-25","VPD",2001-05-25,1.63079757668941,0.371558741688312,2.48132450430746,0.70283608462665,0.639676225295308,1.19795357307782,2.23051695535253,2.37923387947614,1.62201708581822,"BARRIE-ORO (ECCC AES 6117700; station_id 42183)","6117700",42183,"BARRIE-ORO",5,2021-05-25,"DATE: May-25<br>Value: 1.6 kPa<br>Anomaly: 0.0 kPa<br>Weather station: BARRIE-ORO (ECCC AES 6117700; station_id 42183)","DATE: May-25<br><b>Vapour pressure deficit</b><br>10-90 percentile<br>0.6 to 2.4 kPa","Historical daily maximum<br>2.5 kPa<br>2021-05-25","DATE: May-25</b><br>Normal: 1.6 kPa<br>Period: 1991-2020","6117700","BARRIE-ORO",2003,2026
"05-26","TMAX",2001-05-26,22.3058823529412,15.4,30.3,4.88562567490533,16.86,17.9,26.6,28.6,28,"BARRIE-ORO (ECCC AES 6117700; station_id 42183)","6117700",42183,"BARRIE-ORO",5,2020-05-26,"DATE: May-26<br>Value: 28.0 °C<br>Anomaly: +5.7 °C<br>Weather station: BARRIE-ORO (ECCC AES 6117700; station_id 42183)","DATE: May-26<br><b>Maximum temperature</b><br>10-90 percentile<br>16.9 to 28.6 °C","Historical daily maximum<br>30.3 °C<br>2020-05-26","DATE: May-26</b><br>Normal: 22.3 °C<br>Period: 1991-2020","6117700","BARRIE-ORO",2003,2026
"05-26","TMIN",2001-05-26,10.2,2.6,16.6,4.25411565428116,3.6,7.6,13.8,14.78,15.3,"BARRIE-ORO (ECCC AES 6117700; station_id 42183)","6117700",42183,"BARRIE-ORO",5,2015-05-26,"DATE: May-26<br>Value: 15.3 °C<br>Anomaly: +5.1 °C<br>Weather station: BARRIE-ORO (ECCC AES 6117700; station_id 42183)","DATE: May-26<br><b>Minimum temperature</b><br>10-90 percentile<br>3.6 to 14.8 °C","Historical daily maximum<br>16.6 °C<br>2015-05-26","DATE: May-26</b><br>Normal: 10.2 °C<br>Period: 1991-2020","6117700","BARRIE-ORO",2003,2026
"05-26","VPD",2001-05-26,1.50763199489032,0.626848887034684,2.55560248475052,0.607173600594846,0.861756879042875,1.00715578373713,2.02485717103832,2.25769103204246,2.04136646853399,"BARRIE-ORO (ECCC AES 6117700; station_id 42183)","6117700",42183,"BARRIE-ORO",5,2020-05-26,"DATE: May-26<br>Value: 2.0 kPa<br>Anomaly: +0.5 kPa<br>Weather station: BARRIE-ORO (ECCC AES 6117700; station_id 42183)","DATE: May-26<br><b>Vapour pressure deficit</b><br>10-90 percentile<br>0.9 to 2.3 kPa","Historical daily maximum<br>2.6 kPa<br>2020-05-26","DATE: May-26</b><br>Normal: 1.5 kPa<br>Period: 1991-2020","6117700","BARRIE-ORO",2003,2026
"05-27","TMAX",2001-05-27,22.0235294117647,12.2,29.5,5.48697655951854,13.8,19.5,26.9,28.6,21.8,"BARRIE-ORO (ECCC AES 6117700; station_id 42183)","6117700",42183,"BARRIE-ORO",5,2010-05-27,"DATE: May-27<br>Value: 21.8 °C<br>Anomaly: -0.2 °C<br>Weather station: BARRIE-ORO (ECCC AES 6117700; station_id 42183)","DATE: May-27<br><b>Maximum temperature</b><br>10-90 percentile<br>13.8 to 28.6 °C","Historical daily maximum<br>29.5 °C<br>2010-05-27","DATE: May-27</b><br>Normal: 22.0 °C<br>Period: 1991-2020","6117700","BARRIE-ORO",2003,2026
"05-27","TMIN",2001-05-27,9.23529411764706,0.6,16.1,4.80701845956392,2.8,6.3,13.2,15,10.2,"BARRIE-ORO (ECCC AES 6117700; station_id 42183)","6117700",42183,"BARRIE-ORO",5,2016-05-27,"DATE: May-27<br>Value: 10.2 °C<br>Anomaly: +1.0 °C<br>Weather station: BARRIE-ORO (ECCC AES 6117700; station_id 42183)","DATE: May-27<br><b>Minimum temperature</b><br>10-90 percentile<br>2.8 to 15.0 °C","Historical daily maximum<br>16.1 °C<br>2016-05-27","DATE: May-27</b><br>Normal: 9.2 °C<br>Period: 1991-2020","6117700","BARRIE-ORO",2003,2026
"05-27","VPD",2001-05-27,1.55118112178993,0.370642240085913,2.43937394134809,0.602539824001911,0.639150483709368,1.45693139986127,2.00929122073476,2.16992739848997,1.36735475079451,"BARRIE-ORO (ECCC AES 6117700; station_id 42183)","6117700",42183,"BARRIE-ORO",5,2010-05-27,"DATE: May-27<br>Value: 1.4 kPa<br>Anomaly: -0.2 kPa<br>Weather station: BARRIE-ORO (ECCC AES 6117700; station_id 42183)","DATE: May-27<br><b>Vapour pressure deficit</b><br>10-90 percentile<br>0.6 to 2.2 kPa","Historical daily maximum<br>2.4 kPa<br>2010-05-27","DATE: May-27</b><br>Normal: 1.6 kPa<br>Period: 1991-2020","6117700","BARRIE-ORO",2003,2026
"05-28","TMAX",2001-05-28,20.8882352941176,12.2,32.2,6.05865933529659,13.66,17,25.6,28.64,18.4,"BARRIE-ORO (ECCC AES 6117700; station_id 42183)","6117700",42183,"BARRIE-ORO",5,2012-05-28,"DATE: May-28<br>Value: 18.4 °C<br>Anomaly: -2.5 °C<br>Weather station: BARRIE-ORO (ECCC AES 6117700; station_id 42183)","DATE: May-28<br><b>Maximum temperature</b><br>10-90 percentile<br>13.7 to 28.6 °C","Historical daily maximum<br>32.2 °C<br>2012-05-28","DATE: May-28</b><br>Normal: 20.9 °C<br>Period: 1991-2020","6117700","BARRIE-ORO",2003,2026
"05-28","TMIN",2001-05-28,9.31764705882353,-0.1,16.8,5.04309370502344,2.84,6.9,13.6,15.86,8.7,"BARRIE-ORO (ECCC AES 6117700; station_id 42183)","6117700",42183,"BARRIE-ORO",5,2010-05-28,"DATE: May-28<br>Value: 8.7 °C<br>Anomaly: -0.6 °C<br>Weather station: BARRIE-ORO (ECCC AES 6117700; station_id 42183)","DATE: May-28<br><b>Minimum temperature</b><br>10-90 percentile<br>2.8 to 15.9 °C","Historical daily maximum<br>16.8 °C<br>2010-05-28","DATE: May-28</b><br>Normal: 9.3 °C<br>Period: 1991-2020","6117700","BARRIE-ORO",2003,2026
"05-28","VPD",2001-05-28,1.38799043640685,0.410387027220789,3.18930599483758,0.766779309495621,0.635940524458476,0.862397693589528,1.66519096994181,2.41736595764403,0.991475311055673,"BARRIE-ORO (ECCC AES 6117700; station_id 42183)","6117700",42183,"BARRIE-ORO",5,2012-05-28,"DATE: May-28<br>Value: 1.0 kPa<br>Anomaly: -0.4 kPa<br>Weather station: BARRIE-ORO (ECCC AES 6117700; station_id 42183)","DATE: May-28<br><b>Vapour pressure deficit</b><br>10-90 percentile<br>0.6 to 2.4 kPa","Historical daily maximum<br>3.2 kPa<br>2012-05-28","DATE: May-28</b><br>Normal: 1.4 kPa<br>Period: 1991-2020","6117700","BARRIE-ORO",2003,2026
"05-29","TMAX",2001-05-29,23.1823529411765,15.7,30.9,4.39960726856921,17.6,19.8,26.2,28.28,21.9,"BARRIE-ORO (ECCC AES 6117700; station_id 42183)","6117700",42183,"BARRIE-ORO",5,2006-05-29,"DATE: May-29<br>Value: 21.9 °C<br>Anomaly: -1.3 °C<br>Weather station: BARRIE-ORO (ECCC AES 6117700; station_id 42183)","DATE: May-29<br><b>Maximum temperature</b><br>10-90 percentile<br>17.6 to 28.3 °C","Historical daily maximum<br>30.9 °C<br>2006-05-29","DATE: May-29</b><br>Normal: 23.2 °C<br>Period: 1991-2020","6117700","BARRIE-ORO",2003,2026
"05-29","TMIN",2001-05-29,9.4,0.3,17.3,5.17566420858232,2.08,5.6,13.9,14.82,7.6,"BARRIE-ORO (ECCC AES 6117700; station_id 42183)","6117700",42183,"BARRIE-ORO",5,2016-05-29,"DATE: May-29<br>Value: 7.6 °C<br>Anomaly: -1.8 °C<br>Weather station: BARRIE-ORO (ECCC AES 6117700; station_id 42183)","DATE: May-29<br><b>Minimum temperature</b><br>10-90 percentile<br>2.1 to 14.8 °C","Historical daily maximum<br>17.3 °C<br>2016-05-29","DATE: May-29</b><br>Normal: 9.4 °C<br>Period: 1991-2020","6117700","BARRIE-ORO",2003,2026
"05-29","VPD",2001-05-29,1.68550177936062,0.914068826113604,2.8370847234184,0.535414918963382,1.09243938719017,1.19204347922532,1.97735469044919,2.22730115854893,1.58396740899872,"BARRIE-ORO (ECCC AES 6117700; station_id 42183)","6117700",42183,"BARRIE-ORO",5,2006-05-29,"DATE: May-29<br>Value: 1.6 kPa<br>Anomaly: -0.1 kPa<br>Weather station: BARRIE-ORO (ECCC AES 6117700; station_id 42183)","DATE: May-29<br><b>Vapour pressure deficit</b><br>10-90 percentile<br>1.1 to 2.2 kPa","Historical daily maximum<br>2.8 kPa<br>2006-05-29","DATE: May-29</b><br>Normal: 1.7 kPa<br>Period: 1991-2020","6117700","BARRIE-ORO",2003,2026
"05-30","TMAX",2001-05-30,23.5941176470588,14.1,32.4,4.96808194732073,18.28,20.8,28,29.52,19.6,"BARRIE-ORO (ECCC AES 6117700; station_id 42183)","6117700",42183,"BARRIE-ORO",5,2006-05-30,"DATE: May-30<br>Value: 19.6 °C<br>Anomaly: -4.0 °C<br>Weather station: BARRIE-ORO (ECCC AES 6117700; station_id 42183)","DATE: May-30<br><b>Maximum temperature</b><br>10-90 percentile<br>18.3 to 29.5 °C","Historical daily maximum<br>32.4 °C<br>2006-05-30","DATE: May-30</b><br>Normal: 23.6 °C<br>Period: 1991-2020","6117700","BARRIE-ORO",2003,2026
"05-30","TMIN",2001-05-30,8.52941176470588,0.2,16.2,4.30011114767432,3.96,5.5,10.9,14.16,5.3,"BARRIE-ORO (ECCC AES 6117700; station_id 42183)","6117700",42183,"BARRIE-ORO",5,2006-05-30,"DATE: May-30<br>Value: 5.3 °C<br>Anomaly: -3.2 °C<br>Weather station: BARRIE-ORO (ECCC AES 6117700; station_id 42183)","DATE: May-30<br><b>Minimum temperature</b><br>10-90 percentile<br>4.0 to 14.2 °C","Historical daily maximum<br>16.2 °C<br>2006-05-30","DATE: May-30</b><br>Normal: 8.5 °C<br>Period: 1991-2020","6117700","BARRIE-ORO",2003,2026
"05-30","VPD",2001-05-30,1.86802885834583,0.742767893008862,3.02166606763508,0.669972525693578,1.24757666014714,1.36166864243761,2.34686189513328,2.87626435704377,1.39025790429909,"BARRIE-ORO (ECCC AES 6117700; station_id 42183)","6117700",42183,"BARRIE-ORO",5,2006-05-30,"DATE: May-30<br>Value: 1.4 kPa<br>Anomaly: -0.5 kPa<br>Weather station: BARRIE-ORO (ECCC AES 6117700; station_id 42183)","DATE: May-30<br><b>Vapour pressure deficit</b><br>10-90 percentile<br>1.2 to 2.9 kPa","Historical daily maximum<br>3.0 kPa<br>2006-05-30","DATE: May-30</b><br>Normal: 1.9 kPa<br>Period: 1991-2020","6117700","BARRIE-ORO",2003,2026
"05-31","TMAX",2001-05-31,21.4235294117647,9,31.7,6.84913584072515,12.24,16.7,28.2,29.66,20.7,"BARRIE-ORO (ECCC AES 6117700; station_id 42183)","6117700",42183,"BARRIE-ORO",5,2011-05-31,"DATE: May-31<br>Value: 20.7 °C<br>Anomaly: -0.7 °C<br>Weather station: BARRIE-ORO (ECCC AES 6117700; station_id 42183)","DATE: May-31<br><b>Maximum temperature</b><br>10-90 percentile<br>12.2 to 29.7 °C","Historical daily maximum<br>31.7 °C<br>2011-05-31","DATE: May-31</b><br>Normal: 21.4 °C<br>Period: 1991-2020","6117700","BARRIE-ORO",2003,2026
"05-31","TMIN",2001-05-31,9.75294117647059,0.4,17.8,5.41238367623947,4.24,6.1,15,16.82,6.3,"BARRIE-ORO (ECCC AES 6117700; station_id 42183)","6117700",42183,"BARRIE-ORO",5,2018-05-31,"DATE: May-31<br>Value: 6.3 °C<br>Anomaly: -3.5 °C<br>Weather station: BARRIE-ORO (ECCC AES 6117700; station_id 42183)","DATE: May-31<br><b>Minimum temperature</b><br>10-90 percentile<br>4.2 to 16.8 °C","Historical daily maximum<br>17.8 °C<br>2018-05-31","DATE: May-31</b><br>Normal: 9.8 °C<br>Period: 1991-2020","6117700","BARRIE-ORO",2003,2026
"05-31","VPD",2001-05-31,1.46062462248596,0.519249049504497,2.89102434925397,0.700619693548969,0.602906119297965,0.85358516041769,2.084709134215,2.22514772571036,1.48683399089469,"BARRIE-ORO (ECCC AES 6117700; station_id 42183)","6117700",42183,"BARRIE-ORO",5,2011-05-31,"DATE: May-31<br>Value: 1.5 kPa<br>Anomaly: +0.0 kPa<br>Weather station: BARRIE-ORO (ECCC AES 6117700; station_id 42183)","DATE: May-31<br><b>Vapour pressure deficit</b><br>10-90 percentile<br>0.6 to 2.2 kPa","Historical daily maximum<br>2.9 kPa<br>2011-05-31","DATE: May-31</b><br>Normal: 1.5 kPa<br>Period: 1991-2020","6117700","BARRIE-ORO",2003,2026
"06-01","TMAX",2001-06-01,21.075,12.6,27.3,4.52452575783732,14.7,18.35,24.6,25.7,20.5,"BARRIE-ORO (ECCC AES 6117700; station_id 42183)","6117700",42183,"BARRIE-ORO",6,2023-06-01,"DATE: Jun-01<br>Value: 20.5 °C<br>Anomaly: -0.6 °C<br>Weather station: BARRIE-ORO (ECCC AES 6117700; station_id 42183)","DATE: Jun-01<br><b>Maximum temperature</b><br>10-90 percentile<br>14.7 to 25.7 °C","Historical daily maximum<br>27.3 °C<br>2023-06-01","DATE: Jun-01</b><br>Normal: 21.1 °C<br>Period: 1991-2020","6117700","BARRIE-ORO",2003,2026
"06-01","TMIN",2001-06-01,8.74375,3.2,17.4,3.82151257139543,4,5.875,10.65,12.5,5.9,"BARRIE-ORO (ECCC AES 6117700; station_id 42183)","6117700",42183,"BARRIE-ORO",6,2013-06-01,"DATE: Jun-01<br>Value: 5.9 °C<br>Anomaly: -2.8 °C<br>Weather station: BARRIE-ORO (ECCC AES 6117700; station_id 42183)","DATE: Jun-01<br><b>Minimum temperature</b><br>10-90 percentile<br>4.0 to 12.5 °C","Historical daily maximum<br>17.4 °C<br>2013-06-01","DATE: Jun-01</b><br>Normal: 8.7 °C<br>Period: 1991-2020","6117700","BARRIE-ORO",2003,2026
"06-01","VPD",2001-06-01,1.41486275741242,0.471410892447261,2.35414978213697,0.573787359486542,0.774035270548235,0.925926818350123,1.79897807838923,2.16076415666582,1.48298609640367,"BARRIE-ORO (ECCC AES 6117700; station_id 42183)","6117700",42183,"BARRIE-ORO",6,2023-06-01,"DATE: Jun-01<br>Value: 1.5 kPa<br>Anomaly: +0.1 kPa<br>Weather station: BARRIE-ORO (ECCC AES 6117700; station_id 42183)","DATE: Jun-01<br><b>Vapour pressure deficit</b><br>10-90 percentile<br>0.8 to 2.2 kPa","Historical daily maximum<br>2.4 kPa<br>2023-06-01","DATE: Jun-01</b><br>Normal: 1.4 kPa<br>Period: 1991-2020","6117700","BARRIE-ORO",2003,2026
"06-02","TMAX",2001-06-02,21.6058823529412,13.8,28.4,4.70258846118753,15.68,16.6,24.3,27.44,23.3,"BARRIE-ORO (ECCC AES 6117700; station_id 42183)","6117700",42183,"BARRIE-ORO",6,2023-06-02,"DATE: Jun-02<br>Value: 23.3 °C<br>Anomaly: +1.7 °C<br>Weather station: BARRIE-ORO (ECCC AES 6117700; station_id 42183)","DATE: Jun-02<br><b>Maximum temperature</b><br>10-90 percentile<br>15.7 to 27.4 °C","Historical daily maximum<br>28.4 °C<br>2023-06-02","DATE: Jun-02</b><br>Normal: 21.6 °C<br>Period: 1991-2020","6117700","BARRIE-ORO",2003,2026
"06-02","TMIN",2001-06-02,8.5,2.1,13.6,3.07245829914744,4.4,6.7,10.5,11.7,5.4,"BARRIE-ORO (ECCC AES 6117700; station_id 42183)","6117700",42183,"BARRIE-ORO",6,2023-06-02,"DATE: Jun-02<br>Value: 5.4 °C<br>Anomaly: -3.1 °C<br>Weather station: BARRIE-ORO (ECCC AES 6117700; station_id 42183)","DATE: Jun-02<br><b>Minimum temperature</b><br>10-90 percentile<br>4.4 to 11.7 °C","Historical daily maximum<br>13.6 °C<br>2023-06-02","DATE: Jun-02</b><br>Normal: 8.5 °C<br>Period: 1991-2020","6117700","BARRIE-ORO",2003,2026
"06-02","VPD",2001-06-02,1.53857693654778,0.414310045823013,2.69732737772256,0.614425372842044,0.889962693563673,1.10757928804292,1.75985580865211,2.31099205498241,1.96385173978366,"BARRIE-ORO (ECCC AES 6117700; station_id 42183)","6117700",42183,"BARRIE-ORO",6,2014-06-02,"DATE: Jun-02<br>Value: 2.0 kPa<br>Anomaly: +0.4 kPa<br>Weather station: BARRIE-ORO (ECCC AES 6117700; station_id 42183)","DATE: Jun-02<br><b>Vapour pressure deficit</b><br>10-90 percentile<br>0.9 to 2.3 kPa","Historical daily maximum<br>2.7 kPa<br>2014-06-02","DATE: Jun-02</b><br>Normal: 1.5 kPa<br>Period: 1991-2020","6117700","BARRIE-ORO",2003,2026
"06-03","TMAX",2001-06-03,19.4235294117647,13,26.8,4.20691832161095,14.68,16.1,23.1,24.6,25.2,"BARRIE-ORO (ECCC AES 6117700; station_id 42183)","6117700",42183,"BARRIE-ORO",6,2025-06-03,"DATE: Jun-03<br>Value: 25.2 °C<br>Anomaly: +5.8 °C<br>Weather station: BARRIE-ORO (ECCC AES 6117700; station_id 42183)","DATE: Jun-03<br><b>Maximum temperature</b><br>10-90 percentile<br>14.7 to 24.6 °C","Historical daily maximum<br>26.8 °C<br>2025-06-03","DATE: Jun-03</b><br>Normal: 19.4 °C<br>Period: 1991-2020","6117700","BARRIE-ORO",2003,2026
"06-03","TMIN",2001-06-03,8.27058823529412,0.9,14.9,3.79864526934971,3.72,5.6,10.9,12.18,8.2,"BARRIE-ORO (ECCC AES 6117700; station_id 42183)","6117700",42183,"BARRIE-ORO",6,2007-06-03,"DATE: Jun-03<br>Value: 8.2 °C<br>Anomaly: -0.1 °C<br>Weather station: BARRIE-ORO (ECCC AES 6117700; station_id 42183)","DATE: Jun-03<br><b>Minimum temperature</b><br>10-90 percentile<br>3.7 to 12.2 °C","Historical daily maximum<br>14.9 °C<br>2007-06-03","DATE: Jun-03</b><br>Normal: 8.3 °C<br>Period: 1991-2020","6117700","BARRIE-ORO",2003,2026
"06-03","VPD",2001-06-03,1.19792111098214,0.360508339190378,2.36788023777313,0.541808317747513,0.596857484730924,0.670863105607202,1.56338907253346,1.70349690723833,2.1182427857385,"BARRIE-ORO (ECCC AES 6117700; station_id 42183)","6117700",42183,"BARRIE-ORO",6,2025-06-03,"DATE: Jun-03<br>Value: 2.1 kPa<br>Anomaly: +0.9 kPa<br>Weather station: BARRIE-ORO (ECCC AES 6117700; station_id 42183)","DATE: Jun-03<br><b>Vapour pressure deficit</b><br>10-90 percentile<br>0.6 to 1.7 kPa","Historical daily maximum<br>2.4 kPa<br>2025-06-03","DATE: Jun-03</b><br>Normal: 1.2 kPa<br>Period: 1991-2020","6117700","BARRIE-ORO",2003,2026
"06-04","TMAX",2001-06-04,18.7411764705882,11.5,25.4,4.0652581135042,13.66,15.9,22.1,23.44,26.7,"BARRIE-ORO (ECCC AES 6117700; station_id 42183)","6117700",42183,"BARRIE-ORO",6,2025-06-04,"DATE: Jun-04<br>Value: 26.7 °C<br>Anomaly: +8.0 °C<br>Weather station: BARRIE-ORO (ECCC AES 6117700; station_id 42183)","DATE: Jun-04<br><b>Maximum temperature</b><br>10-90 percentile<br>13.7 to 23.4 °C","Historical daily maximum<br>25.4 °C<br>2025-06-04","DATE: Jun-04</b><br>Normal: 18.7 °C<br>Period: 1991-2020","6117700","BARRIE-ORO",2003,2026
"06-04","TMIN",2001-06-04,8.1,2.1,14.5,3.89326341261415,2.16,5.2,10.5,12.52,7.8,"BARRIE-ORO (ECCC AES 6117700; station_id 42183)","6117700",42183,"BARRIE-ORO",6,2025-06-04,"DATE: Jun-04<br>Value: 7.8 °C<br>Anomaly: -0.3 °C<br>Weather station: BARRIE-ORO (ECCC AES 6117700; station_id 42183)","DATE: Jun-04<br><b>Minimum temperature</b><br>10-90 percentile<br>2.2 to 12.5 °C","Historical daily maximum<br>14.5 °C<br>2025-06-04","DATE: Jun-04</b><br>Normal: 8.1 °C<br>Period: 1991-2020","6117700","BARRIE-ORO",2003,2026
"06-04","VPD",2001-06-04,1.10811344084561,0.195471794307625,1.96884319583957,0.54020015240911,0.504220223269555,0.642460507420297,1.459417449071,1.87234779715266,2.44482507011865,"BARRIE-ORO (ECCC AES 6117700; station_id 42183)","6117700",42183,"BARRIE-ORO",6,2025-06-04,"DATE: Jun-04<br>Value: 2.4 kPa<br>Anomaly: +1.3 kPa<br>Weather station: BARRIE-ORO (ECCC AES 6117700; station_id 42183)","DATE: Jun-04<br><b>Vapour pressure deficit</b><br>10-90 percentile<br>0.5 to 1.9 kPa","Historical daily maximum<br>2.0 kPa<br>2025-06-04","DATE: Jun-04</b><br>Normal: 1.1 kPa<br>Period: 1991-2020","6117700","BARRIE-ORO",2003,2026
"06-05","TMAX",2001-06-05,20.7529411764706,12.2,28.7,4.3789436007813,15.98,17,23.6,26.1,29,"BARRIE-ORO (ECCC AES 6117700; station_id 42183)","6117700",42183,"BARRIE-ORO",6,2021-06-05,"DATE: Jun-05<br>Value: 29.0 °C<br>Anomaly: +8.2 °C<br>Weather station: BARRIE-ORO (ECCC AES 6117700; station_id 42183)","DATE: Jun-05<br><b>Maximum temperature</b><br>10-90 percentile<br>16.0 to 26.1 °C","Historical daily maximum<br>28.7 °C<br>2021-06-05","DATE: Jun-05</b><br>Normal: 20.8 °C<br>Period: 1991-2020","6117700","BARRIE-ORO",2003,2026
"06-05","TMIN",2001-06-05,8.57058823529412,1.5,14.3,3.64704755690859,4.34,6.4,11.3,12.64,11.2,"BARRIE-ORO (ECCC AES 6117700; station_id 42183)","6117700",42183,"BARRIE-ORO",6,2021-06-05,"DATE: Jun-05<br>Value: 11.2 °C<br>Anomaly: +2.6 °C<br>Weather station: BARRIE-ORO (ECCC AES 6117700; station_id 42183)","DATE: Jun-05<br><b>Minimum temperature</b><br>10-90 percentile<br>4.3 to 12.6 °C","Historical daily maximum<br>14.3 °C<br>2021-06-05","DATE: Jun-05</b><br>Normal: 8.6 °C<br>Period: 1991-2020","6117700","BARRIE-ORO",2003,2026
"06-05","VPD",2001-06-05,1.37992630253772,0.398483445916148,2.59763134354988,0.63420853398277,0.647563671867246,0.928947735520185,1.74812388857887,2.17562301791484,2.67540951248573,"BARRIE-ORO (ECCC AES 6117700; station_id 42183)","6117700",42183,"BARRIE-ORO",6,2026-06-05,"DATE: Jun-05<br>Value: 2.7 kPa<br>Anomaly: +1.3 kPa<br>Weather station: BARRIE-ORO (ECCC AES 6117700; station_id 42183)","DATE: Jun-05<br><b>Vapour pressure deficit</b><br>10-90 percentile<br>0.6 to 2.2 kPa","Historical daily maximum<br>2.6 kPa<br>2026-06-05","DATE: Jun-05</b><br>Normal: 1.4 kPa<br>Period: 1991-2020","6117700","BARRIE-ORO",2003,2026
"06-06","TMAX",2001-06-06,21.2866666666667,14.2,31.6,5.13042279887712,15.32,16.9,24.45,27.42,22.3,"BARRIE-ORO (ECCC AES 6117700; station_id 42183)","6117700",42183,"BARRIE-ORO",6,2021-06-06,"DATE: Jun-06<br>Value: 22.3 °C<br>Anomaly: +1.0 °C<br>Weather station: BARRIE-ORO (ECCC AES 6117700; station_id 42183)","DATE: Jun-06<br><b>Maximum temperature</b><br>10-90 percentile<br>15.3 to 27.4 °C","Historical daily maximum<br>31.6 °C<br>2021-06-06","DATE: Jun-06</b><br>Normal: 21.3 °C<br>Period: 1991-2020","6117700","BARRIE-ORO",2003,2026
"06-06","TMIN",2001-06-06,9.16666666666667,4.4,15.8,2.87865709431788,6.02,7.6,9.9,12.54,13.9,"BARRIE-ORO (ECCC AES 6117700; station_id 42183)","6117700",42183,"BARRIE-ORO",6,2021-06-06,"DATE: Jun-06<br>Value: 13.9 °C<br>Anomaly: +4.7 °C<br>Weather station: BARRIE-ORO (ECCC AES 6117700; station_id 42183)","DATE: Jun-06<br><b>Minimum temperature</b><br>10-90 percentile<br>6.0 to 12.5 °C","Historical daily maximum<br>15.8 °C<br>2021-06-06","DATE: Jun-06</b><br>Normal: 9.2 °C<br>Period: 1991-2020","6117700","BARRIE-ORO",2003,2026
"06-06","VPD",2001-06-06,1.45716232827048,0.391508751085994,2.8531613979159,0.684301142598307,0.702228571323481,0.914380679182686,1.8640070738893,2.27973424946804,1.10440420841649,"BARRIE-ORO (ECCC AES 6117700; station_id 42183)","6117700",42183,"BARRIE-ORO",6,2008-06-06,"DATE: Jun-06<br>Value: 1.1 kPa<br>Anomaly: -0.4 kPa<br>Weather station: BARRIE-ORO (ECCC AES 6117700; station_id 42183)","DATE: Jun-06<br><b>Vapour pressure deficit</b><br>10-90 percentile<br>0.7 to 2.3 kPa","Historical daily maximum<br>2.9 kPa<br>2008-06-06","DATE: Jun-06</b><br>Normal: 1.5 kPa<br>Period: 1991-2020","6117700","BARRIE-ORO",2003,2026
"06-07","TMAX",2001-06-07,22.1176470588235,11.3,29.4,4.94156292256277,15.68,18.4,24.9,27.48,22.9,"BARRIE-ORO (ECCC AES 6117700; station_id 42183)","6117700",42183,"BARRIE-ORO",6,2011-06-07,"DATE: Jun-07<br>Value: 22.9 °C<br>Anomaly: +0.8 °C<br>Weather station: BARRIE-ORO (ECCC AES 6117700; station_id 42183)","DATE: Jun-07<br><b>Maximum temperature</b><br>10-90 percentile<br>15.7 to 27.5 °C","Historical daily maximum<br>29.4 °C<br>2011-06-07","DATE: Jun-07</b><br>Normal: 22.1 °C<br>Period: 1991-2020","6117700","BARRIE-ORO",2003,2026
"06-07","TMIN",2001-06-07,9.22941176470588,4.1,20.2,4.28642693654668,4.64,6.9,10.6,13.86,11.1,"BARRIE-ORO (ECCC AES 6117700; station_id 42183)","6117700",42183,"BARRIE-ORO",6,2008-06-07,"DATE: Jun-07<br>Value: 11.1 °C<br>Anomaly: +1.9 °C<br>Weather station: BARRIE-ORO (ECCC AES 6117700; station_id 42183)","DATE: Jun-07<br><b>Minimum temperature</b><br>10-90 percentile<br>4.6 to 13.9 °C","Historical daily maximum<br>20.2 °C<br>2008-06-07","DATE: Jun-07</b><br>Normal: 9.2 °C<br>Period: 1991-2020","6117700","BARRIE-ORO",2003,2026
"06-07","VPD",2001-06-07,1.54865567385052,0.280878744684149,2.36788023777313,0.652562990000592,0.613304139625658,1.1214749962552,2.0941635920687,2.23378039107647,1.47102426690199,"BARRIE-ORO (ECCC AES 6117700; station_id 42183)","6117700",42183,"BARRIE-ORO",6,2006-06-07,"DATE: Jun-07<br>Value: 1.5 kPa<br>Anomaly: -0.1 kPa<br>Weather station: BARRIE-ORO (ECCC AES 6117700; station_id 42183)","DATE: Jun-07<br><b>Vapour pressure deficit</b><br>10-90 percentile<br>0.6 to 2.2 kPa","Historical daily maximum<br>2.4 kPa<br>2006-06-07","DATE: Jun-07</b><br>Normal: 1.5 kPa<br>Period: 1991-2020","6117700","BARRIE-ORO",2003,2026
"06-08","TMAX",2001-06-08,23.5058823529412,11.6,30.5,5.49732555296611,16.96,20.6,29.2,30.18,24.4,"BARRIE-ORO (ECCC AES 6117700; station_id 42183)","6117700",42183,"BARRIE-ORO",6,2004-06-08,"DATE: Jun-08<br>Value: 24.4 °C<br>Anomaly: +0.9 °C<br>Weather station: BARRIE-ORO (ECCC AES 6117700; station_id 42183)","DATE: Jun-08<br><b>Maximum temperature</b><br>10-90 percentile<br>17.0 to 30.2 °C","Historical daily maximum<br>30.5 °C<br>2004-06-08","DATE: Jun-08</b><br>Normal: 23.5 °C<br>Period: 1991-2020","6117700","BARRIE-ORO",2003,2026
"06-08","TMIN",2001-06-08,10.4235294117647,4.9,17.2,3.54692285857839,6.68,8.6,11.8,15.84,9.4,"BARRIE-ORO (ECCC AES 6117700; station_id 42183)","6117700",42183,"BARRIE-ORO",6,2021-06-08,"DATE: Jun-08<br>Value: 9.4 °C<br>Anomaly: -1.0 °C<br>Weather station: BARRIE-ORO (ECCC AES 6117700; station_id 42183)","DATE: Jun-08<br><b>Minimum temperature</b><br>10-90 percentile<br>6.7 to 15.8 °C","Historical daily maximum<br>17.2 °C<br>2021-06-08","DATE: Jun-08</b><br>Normal: 10.4 °C<br>Period: 1991-2020","6117700","BARRIE-ORO",2003,2026
"06-08","VPD",2001-06-08,1.72964875843534,0.398351392049509,3.11940262656264,0.780350802818941,0.798797366245001,1.15364889445399,2.16045981180231,2.73863735368306,1.87685773564604,"BARRIE-ORO (ECCC AES 6117700; station_id 42183)","6117700",42183,"BARRIE-ORO",6,2007-06-08,"DATE: Jun-08<br>Value: 1.9 kPa<br>Anomaly: +0.1 kPa<br>Weather station: BARRIE-ORO (ECCC AES 6117700; station_id 42183)","DATE: Jun-08<br><b>Vapour pressure deficit</b><br>10-90 percentile<br>0.8 to 2.7 kPa","Historical daily maximum<br>3.1 kPa<br>2007-06-08","DATE: Jun-08</b><br>Normal: 1.7 kPa<br>Period: 1991-2020","6117700","BARRIE-ORO",2003,2026
"06-09","TMAX",2001-06-09,22.4058823529412,13.5,29.5,5.05957885947972,14.66,20.8,26.2,28.02,27.5,"BARRIE-ORO (ECCC AES 6117700; station_id 42183)","6117700",42183,"BARRIE-ORO",6,2020-06-09,"DATE: Jun-09<br>Value: 27.5 °C<br>Anomaly: +5.1 °C<br>Weather station: BARRIE-ORO (ECCC AES 6117700; station_id 42183)","DATE: Jun-09<br><b>Maximum temperature</b><br>10-90 percentile<br>14.7 to 28.0 °C","Historical daily maximum<br>29.5 °C<br>2020-06-09","DATE: Jun-09</b><br>Normal: 22.4 °C<br>Period: 1991-2020","6117700","BARRIE-ORO",2003,2026
"06-09","TMIN",2001-06-09,10.5882352941176,3.5,17.8,3.69879749934712,6.46,8.2,12.5,15.14,10.4,"BARRIE-ORO (ECCC AES 6117700; station_id 42183)","6117700",42183,"BARRIE-ORO",6,2008-06-09,"DATE: Jun-09<br>Value: 10.4 °C<br>Anomaly: -0.2 °C<br>Weather station: BARRIE-ORO (ECCC AES 6117700; station_id 42183)","DATE: Jun-09<br><b>Minimum temperature</b><br>10-90 percentile<br>6.5 to 15.1 °C","Historical daily maximum<br>17.8 °C<br>2008-06-09","DATE: Jun-09</b><br>Normal: 10.6 °C<br>Period: 1991-2020","6117700","BARRIE-ORO",2003,2026
"06-09","VPD",2001-06-09,1.50264464675474,0.217199155179267,2.69233406496897,0.686827162261232,0.526570562917457,1.11611421620899,1.89033822527259,2.32050495850134,2.41000261625749,"BARRIE-ORO (ECCC AES 6117700; station_id 42183)","6117700",42183,"BARRIE-ORO",6,2020-06-09,"DATE: Jun-09<br>Value: 2.4 kPa<br>Anomaly: +0.9 kPa<br>Weather station: BARRIE-ORO (ECCC AES 6117700; station_id 42183)","DATE: Jun-09<br><b>Vapour pressure deficit</b><br>10-90 percentile<br>0.5 to 2.3 kPa","Historical daily maximum<br>2.7 kPa<br>2020-06-09","DATE: Jun-09</b><br>Normal: 1.5 kPa<br>Period: 1991-2020","6117700","BARRIE-ORO",2003,2026
"06-10","TMAX",2001-06-10,22.5235294117647,13,29.7,4.93058432284713,18.2,18.8,26.8,29.52,24.6,"BARRIE-ORO (ECCC AES 6117700; station_id 42183)","6117700",42183,"BARRIE-ORO",6,2005-06-10,"DATE: Jun-10<br>Value: 24.6 °C<br>Anomaly: +2.1 °C<br>Weather station: BARRIE-ORO (ECCC AES 6117700; station_id 42183)","DATE: Jun-10<br><b>Maximum temperature</b><br>10-90 percentile<br>18.2 to 29.5 °C","Historical daily maximum<br>29.7 °C<br>2005-06-10","DATE: Jun-10</b><br>Normal: 22.5 °C<br>Period: 1991-2020","6117700","BARRIE-ORO",2003,2026
"06-10","TMIN",2001-06-10,9.93529411764706,3.7,16.4,3.85761279427941,4.46,8.2,11.4,15.26,16.8,"BARRIE-ORO (ECCC AES 6117700; station_id 42183)","6117700",42183,"BARRIE-ORO",6,2026-06-10,"DATE: Jun-10<br>Value: 16.8 °C<br>Anomaly: +6.9 °C<br>Weather station: BARRIE-ORO (ECCC AES 6117700; station_id 42183)","DATE: Jun-10<br><b>Minimum temperature</b><br>10-90 percentile<br>4.5 to 15.3 °C","Historical daily maximum<br>16.4 °C<br>2026-06-10","DATE: Jun-10</b><br>Normal: 9.9 °C<br>Period: 1991-2020","6117700","BARRIE-ORO",2003,2026
"06-10","VPD",2001-06-10,1.57423867648557,0.572759093768157,2.44937005259336,0.661735375592605,0.723244564314207,1.10992386670833,2.30533108392567,2.39992374210254,1.17977563501342,"BARRIE-ORO (ECCC AES 6117700; station_id 42183)","6117700",42183,"BARRIE-ORO",6,2017-06-10,"DATE: Jun-10<br>Value: 1.2 kPa<br>Anomaly: -0.4 kPa<br>Weather station: BARRIE-ORO (ECCC AES 6117700; station_id 42183)","DATE: Jun-10<br><b>Vapour pressure deficit</b><br>10-90 percentile<br>0.7 to 2.4 kPa","Historical daily maximum<br>2.4 kPa<br>2017-06-10","DATE: Jun-10</b><br>Normal: 1.6 kPa<br>Period: 1991-2020","6117700","BARRIE-ORO",2003,2026
"06-11","TMAX",2001-06-11,22.6235294117647,13.7,29.4,4.37057339083854,19.32,19.7,26.9,29.2,28.7,"BARRIE-ORO (ECCC AES 6117700; station_id 42183)","6117700",42183,"BARRIE-ORO",6,2017-06-11,"DATE: Jun-11<br>Value: 28.7 °C<br>Anomaly: +6.1 °C<br>Weather station: BARRIE-ORO (ECCC AES 6117700; station_id 42183)","DATE: Jun-11<br><b>Maximum temperature</b><br>10-90 percentile<br>19.3 to 29.2 °C","Historical daily maximum<br>29.4 °C<br>2017-06-11","DATE: Jun-11</b><br>Normal: 22.6 °C<br>Period: 1991-2020","6117700","BARRIE-ORO",2003,2026
"06-11","TMIN",2001-06-11,10.5764705882353,4.7,19.4,4.50173985973267,5.12,7.2,11.8,16.72,16.6,"BARRIE-ORO (ECCC AES 6117700; station_id 42183)","6117700",42183,"BARRIE-ORO",6,2017-06-11,"DATE: Jun-11<br>Value: 16.6 °C<br>Anomaly: +6.0 °C<br>Weather station: BARRIE-ORO (ECCC AES 6117700; station_id 42183)","DATE: Jun-11<br><b>Minimum temperature</b><br>10-90 percentile<br>5.1 to 16.7 °C","Historical daily maximum<br>19.4 °C<br>2017-06-11","DATE: Jun-11</b><br>Normal: 10.6 °C<br>Period: 1991-2020","6117700","BARRIE-ORO",2003,2026
"06-11","VPD",2001-06-11,1.50101166607923,0.713536003277449,2.4934308135867,0.539886432871968,0.94452181949111,1.11814897230472,1.84637715204197,2.31489418848811,2.0476013753082,"BARRIE-ORO (ECCC AES 6117700; station_id 42183)","6117700",42183,"BARRIE-ORO",6,2007-06-11,"DATE: Jun-11<br>Value: 2.0 kPa<br>Anomaly: +0.5 kPa<br>Weather station: BARRIE-ORO (ECCC AES 6117700; station_id 42183)","DATE: Jun-11<br><b>Vapour pressure deficit</b><br>10-90 percentile<br>0.9 to 2.3 kPa","Historical daily maximum<br>2.5 kPa<br>2007-06-11","DATE: Jun-11</b><br>Normal: 1.5 kPa<br>Period: 1991-2020","6117700","BARRIE-ORO",2003,2026
"06-12","TMAX",2001-06-12,21.8058823529412,13.5,30,5.33941366025279,15.28,16.7,25.4,29.04,23,"BARRIE-ORO (ECCC AES 6117700; station_id 42183)","6117700",42183,"BARRIE-ORO",6,2017-06-12,"DATE: Jun-12<br>Value: 23.0 °C<br>Anomaly: +1.2 °C<br>Weather station: BARRIE-ORO (ECCC AES 6117700; station_id 42183)","DATE: Jun-12<br><b>Maximum temperature</b><br>10-90 percentile<br>15.3 to 29.0 °C","Historical daily maximum<br>30.0 °C<br>2017-06-12","DATE: Jun-12</b><br>Normal: 21.8 °C<br>Period: 1991-2020","6117700","BARRIE-ORO",2003,2026
"06-12","TMIN",2001-06-12,10.6117647058824,3,20.4,4.96498770805895,4.48,7.8,13,18,13,"BARRIE-ORO (ECCC AES 6117700; station_id 42183)","6117700",42183,"BARRIE-ORO",6,2017-06-12,"DATE: Jun-12<br>Value: 13.0 °C<br>Anomaly: +2.4 °C<br>Weather station: BARRIE-ORO (ECCC AES 6117700; station_id 42183)","DATE: Jun-12<br><b>Minimum temperature</b><br>10-90 percentile<br>4.5 to 18.0 °C","Historical daily maximum<br>20.4 °C<br>2017-06-12","DATE: Jun-12</b><br>Normal: 10.6 °C<br>Period: 1991-2020","6117700","BARRIE-ORO",2003,2026
"06-12","VPD",2001-06-12,1.38749460967031,0.218585504944964,2.86658344405863,0.793767998710292,0.458070524916078,0.617121025747855,1.84625464831363,2.24876911090847,1.31166671964009,"BARRIE-ORO (ECCC AES 6117700; station_id 42183)","6117700",42183,"BARRIE-ORO",6,2007-06-12,"DATE: Jun-12<br>Value: 1.3 kPa<br>Anomaly: -0.1 kPa<br>Weather station: BARRIE-ORO (ECCC AES 6117700; station_id 42183)","DATE: Jun-12<br><b>Vapour pressure deficit</b><br>10-90 percentile<br>0.5 to 2.2 kPa","Historical daily maximum<br>2.9 kPa<br>2007-06-12","DATE: Jun-12</b><br>Normal: 1.4 kPa<br>Period: 1991-2020","6117700","BARRIE-ORO",2003,2026
"06-13","TMAX",2001-06-13,22.3,15.1,29,4.3723372849465,16.15,19.6,24.475,27.7,26.8,"BARRIE-ORO (ECCC AES 6117700; station_id 42183)","6117700",42183,"BARRIE-ORO",6,2024-06-13,"DATE: Jun-13<br>Value: 26.8 °C<br>Anomaly: +4.5 °C<br>Weather station: BARRIE-ORO (ECCC AES 6117700; station_id 42183)","DATE: Jun-13<br><b>Maximum temperature</b><br>10-90 percentile<br>16.1 to 27.7 °C","Historical daily maximum<br>29.0 °C<br>2024-06-13","DATE: Jun-13</b><br>Normal: 22.3 °C<br>Period: 1991-2020","6117700","BARRIE-ORO",2003,2026
"06-13","TMIN",2001-06-13,10.6529411764706,4,19.9,3.96186787498315,6.76,8.5,13.7,14.7,12.3,"BARRIE-ORO (ECCC AES 6117700; station_id 42183)","6117700",42183,"BARRIE-ORO",6,2005-06-13,"DATE: Jun-13<br>Value: 12.3 °C<br>Anomaly: +1.6 °C<br>Weather station: BARRIE-ORO (ECCC AES 6117700; station_id 42183)","DATE: Jun-13<br><b>Minimum temperature</b><br>10-90 percentile<br>6.8 to 14.7 °C","Historical daily maximum<br>19.9 °C<br>2005-06-13","DATE: Jun-13</b><br>Normal: 10.7 °C<br>Period: 1991-2020","6117700","BARRIE-ORO",2003,2026
"06-13","VPD",2001-06-13,1.43582062720802,0.560517052665142,2.57512619567371,0.523424617189475,0.768364621202946,1.19658684150998,1.68463554968479,2.05148689194852,2.09316818839772,"BARRIE-ORO (ECCC AES 6117700; station_id 42183)","6117700",42183,"BARRIE-ORO",6,2007-06-13,"DATE: Jun-13<br>Value: 2.1 kPa<br>Anomaly: +0.7 kPa<br>Weather station: BARRIE-ORO (ECCC AES 6117700; station_id 42183)","DATE: Jun-13<br><b>Vapour pressure deficit</b><br>10-90 percentile<br>0.8 to 2.1 kPa","Historical daily maximum<br>2.6 kPa<br>2007-06-13","DATE: Jun-13</b><br>Normal: 1.4 kPa<br>Period: 1991-2020","6117700","BARRIE-ORO",2003,2026
"06-14","TMAX",2001-06-14,22.3705882352941,15.9,27.7,2.95693352687424,19.28,20.7,23.7,25.9,16,"BARRIE-ORO (ECCC AES 6117700; station_id 42183)","6117700",42183,"BARRIE-ORO",6,2004-06-14,"DATE: Jun-14<br>Value: 16.0 °C<br>Anomaly: -6.4 °C<br>Weather station: BARRIE-ORO (ECCC AES 6117700; station_id 42183)","DATE: Jun-14<br><b>Maximum temperature</b><br>10-90 percentile<br>19.3 to 25.9 °C","Historical daily maximum<br>27.7 °C<br>2004-06-14","DATE: Jun-14</b><br>Normal: 22.4 °C<br>Period: 1991-2020","6117700","BARRIE-ORO",2003,2026
"06-14","TMIN",2001-06-14,9.67647058823529,3,18.2,3.92388987673022,4.06,8.4,11.1,14.36,8.5,"BARRIE-ORO (ECCC AES 6117700; station_id 42183)","6117700",42183,"BARRIE-ORO",6,2005-06-14,"DATE: Jun-14<br>Value: 8.5 °C<br>Anomaly: -1.2 °C<br>Weather station: BARRIE-ORO (ECCC AES 6117700; station_id 42183)","DATE: Jun-14<br><b>Minimum temperature</b><br>10-90 percentile<br>4.1 to 14.4 °C","Historical daily maximum<br>18.2 °C<br>2005-06-14","DATE: Jun-14</b><br>Normal: 9.7 °C<br>Period: 1991-2020","6117700","BARRIE-ORO",2003,2026
"06-14","VPD",2001-06-14,1.50343753170908,0.619083392189055,2.09493201051097,0.378298849184283,1.03931833173151,1.40696367181231,1.67213886983247,1.85986905522824,0.708433789596514,"BARRIE-ORO (ECCC AES 6117700; station_id 42183)","6117700",42183,"BARRIE-ORO",6,2004-06-14,"DATE: Jun-14<br>Value: 0.7 kPa<br>Anomaly: -0.8 kPa<br>Weather station: BARRIE-ORO (ECCC AES 6117700; station_id 42183)","DATE: Jun-14<br><b>Vapour pressure deficit</b><br>10-90 percentile<br>1.0 to 1.9 kPa","Historical daily maximum<br>2.1 kPa<br>2004-06-14","DATE: Jun-14</b><br>Normal: 1.5 kPa<br>Period: 1991-2020","6117700","BARRIE-ORO",2003,2026
"06-15","TMAX",2001-06-15,23,17.8,26.2,2.43336187197876,20.26,21.5,24.5,26.04,18.5,"BARRIE-ORO (ECCC AES 6117700; station_id 42183)","6117700",42183,"BARRIE-ORO",6,2011-06-15,"DATE: Jun-15<br>Value: 18.5 °C<br>Anomaly: -4.5 °C<br>Weather station: BARRIE-ORO (ECCC AES 6117700; station_id 42183)","DATE: Jun-15<br><b>Maximum temperature</b><br>10-90 percentile<br>20.3 to 26.0 °C","Historical daily maximum<br>26.2 °C<br>2011-06-15","DATE: Jun-15</b><br>Normal: 23.0 °C<br>Period: 1991-2020","6117700","BARRIE-ORO",2003,2026
"06-15","TMIN",2001-06-15,8.72941176470588,4.5,16,3.25840542019451,5.44,6.2,10.4,13.06,7.9,"BARRIE-ORO (ECCC AES 6117700; station_id 42183)","6117700",42183,"BARRIE-ORO",6,2015-06-15,"DATE: Jun-15<br>Value: 7.9 °C<br>Anomaly: -0.8 °C<br>Weather station: BARRIE-ORO (ECCC AES 6117700; station_id 42183)","DATE: Jun-15<br><b>Minimum temperature</b><br>10-90 percentile<br>5.4 to 13.1 °C","Historical daily maximum<br>16.0 °C<br>2015-06-15","DATE: Jun-15</b><br>Normal: 8.7 °C<br>Period: 1991-2020","6117700","BARRIE-ORO",2003,2026
"06-15","VPD",2001-06-15,1.68308582623442,0.747912199057075,2.20560047356577,0.439626383917265,1.06002539709299,1.47261164145222,2.02150357674271,2.14582889663256,1.06429297337469,"BARRIE-ORO (ECCC AES 6117700; station_id 42183)","6117700",42183,"BARRIE-ORO",6,2012-06-15,"DATE: Jun-15<br>Value: 1.1 kPa<br>Anomaly: -0.6 kPa<br>Weather station: BARRIE-ORO (ECCC AES 6117700; station_id 42183)","DATE: Jun-15<br><b>Vapour pressure deficit</b><br>10-90 percentile<br>1.1 to 2.1 kPa","Historical daily maximum<br>2.2 kPa<br>2012-06-15","DATE: Jun-15</b><br>Normal: 1.7 kPa<br>Period: 1991-2020","6117700","BARRIE-ORO",2003,2026
"06-16","TMAX",2001-06-16,23.8705882352941,15.4,28,3.34584905253554,20.04,21.7,26.5,27.12,23.1,"BARRIE-ORO (ECCC AES 6117700; station_id 42183)","6117700",42183,"BARRIE-ORO",6,2022-06-16,"DATE: Jun-16<br>Value: 23.1 °C<br>Anomaly: -0.8 °C<br>Weather station: BARRIE-ORO (ECCC AES 6117700; station_id 42183)","DATE: Jun-16<br><b>Maximum temperature</b><br>10-90 percentile<br>20.0 to 27.1 °C","Historical daily maximum<br>28.0 °C<br>2022-06-16","DATE: Jun-16</b><br>Normal: 23.9 °C<br>Period: 1991-2020","6117700","BARRIE-ORO",2003,2026
"06-16","TMIN",2001-06-16,10.0470588235294,3.9,15.4,3.22976733818762,6.1,6.6,12.2,13.28,7.9,"BARRIE-ORO (ECCC AES 6117700; station_id 42183)","6117700",42183,"BARRIE-ORO",6,2022-06-16,"DATE: Jun-16<br>Value: 7.9 °C<br>Anomaly: -2.1 °C<br>Weather station: BARRIE-ORO (ECCC AES 6117700; station_id 42183)","DATE: Jun-16<br><b>Minimum temperature</b><br>10-90 percentile<br>6.1 to 13.3 °C","Historical daily maximum<br>15.4 °C<br>2022-06-16","DATE: Jun-16</b><br>Normal: 10.0 °C<br>Period: 1991-2020","6117700","BARRIE-ORO",2003,2026
"06-16","VPD",2001-06-16,1.75258361996341,0.401733835727496,2.48741090216718,0.540118958952046,1.13982968350551,1.45336760681228,2.07009458840476,2.22366842819562,1.76099087122914,"BARRIE-ORO (ECCC AES 6117700; station_id 42183)","6117700",42183,"BARRIE-ORO",6,2006-06-16,"DATE: Jun-16<br>Value: 1.8 kPa<br>Anomaly: +0.0 kPa<br>Weather station: BARRIE-ORO (ECCC AES 6117700; station_id 42183)","DATE: Jun-16<br><b>Vapour pressure deficit</b><br>10-90 percentile<br>1.1 to 2.2 kPa","Historical daily maximum<br>2.5 kPa<br>2006-06-16","DATE: Jun-16</b><br>Normal: 1.8 kPa<br>Period: 1991-2020","6117700","BARRIE-ORO",2003,2026
"06-17","TMAX",2001-06-17,23.9352941176471,16,31.2,4.22062512793878,18.76,22.3,25.9,29.64,22.5,"BARRIE-ORO (ECCC AES 6117700; station_id 42183)","6117700",42183,"BARRIE-ORO",6,2006-06-17,"DATE: Jun-17<br>Value: 22.5 °C<br>Anomaly: -1.4 °C<br>Weather station: BARRIE-ORO (ECCC AES 6117700; station_id 42183)","DATE: Jun-17<br><b>Maximum temperature</b><br>10-90 percentile<br>18.8 to 29.6 °C","Historical daily maximum<br>31.2 °C<br>2006-06-17","DATE: Jun-17</b><br>Normal: 23.9 °C<br>Period: 1991-2020","6117700","BARRIE-ORO",2003,2026
"06-17","TMIN",2001-06-17,12.0882352941176,7.5,17.7,3.00205811755477,8.46,9.9,14.5,15.58,12.9,"BARRIE-ORO (ECCC AES 6117700; station_id 42183)","6117700",42183,"BARRIE-ORO",6,2012-06-17,"DATE: Jun-17<br>Value: 12.9 °C<br>Anomaly: +0.8 °C<br>Weather station: BARRIE-ORO (ECCC AES 6117700; station_id 42183)","DATE: Jun-17<br><b>Minimum temperature</b><br>10-90 percentile<br>8.5 to 15.6 °C","Historical daily maximum<br>17.7 °C<br>2012-06-17","DATE: Jun-17</b><br>Normal: 12.1 °C<br>Period: 1991-2020","6117700","BARRIE-ORO",2003,2026
"06-17","VPD",2001-06-17,1.61664393260131,0.461300900106485,2.8647875906702,0.719711383840869,0.912556083379849,1.07319318261127,1.93806270254727,2.72603079826807,1.23758608554128,"BARRIE-ORO (ECCC AES 6117700; station_id 42183)","6117700",42183,"BARRIE-ORO",6,2016-06-17,"DATE: Jun-17<br>Value: 1.2 kPa<br>Anomaly: -0.4 kPa<br>Weather station: BARRIE-ORO (ECCC AES 6117700; station_id 42183)","DATE: Jun-17<br><b>Vapour pressure deficit</b><br>10-90 percentile<br>0.9 to 2.7 kPa","Historical daily maximum<br>2.9 kPa<br>2016-06-17","DATE: Jun-17</b><br>Normal: 1.6 kPa<br>Period: 1991-2020","6117700","BARRIE-ORO",2003,2026
"06-18","TMAX",2001-06-18,24.6058823529412,17.5,30.7,3.99147068576159,18.58,22.9,27.4,28.7,19.3,"BARRIE-ORO (ECCC AES 6117700; station_id 42183)","6117700",42183,"BARRIE-ORO",6,2006-06-18,"DATE: Jun-18<br>Value: 19.3 °C<br>Anomaly: -5.3 °C<br>Weather station: BARRIE-ORO (ECCC AES 6117700; station_id 42183)","DATE: Jun-18<br><b>Maximum temperature</b><br>10-90 percentile<br>18.6 to 28.7 °C","Historical daily maximum<br>30.7 °C<br>2006-06-18","DATE: Jun-18</b><br>Normal: 24.6 °C<br>Period: 1991-2020","6117700","BARRIE-ORO",2003,2026
"06-18","TMIN",2001-06-18,12.3470588235294,6.7,18.4,3.17354644819066,9.26,9.7,14.7,15.84,12.8,"BARRIE-ORO (ECCC AES 6117700; station_id 42183)","6117700",42183,"BARRIE-ORO",6,2024-06-18,"DATE: Jun-18<br>Value: 12.8 °C<br>Anomaly: +0.5 °C<br>Weather station: BARRIE-ORO (ECCC AES 6117700; station_id 42183)","DATE: Jun-18<br><b>Minimum temperature</b><br>10-90 percentile<br>9.3 to 15.8 °C","Historical daily maximum<br>18.4 °C<br>2024-06-18","DATE: Jun-18</b><br>Normal: 12.3 °C<br>Period: 1991-2020","6117700","BARRIE-ORO",2003,2026
"06-18","VPD",2001-06-18,1.70369755918931,0.530579790404081,2.70059077945706,0.640658201211526,1.03591721670533,1.18813472250586,2.13684465645694,2.62378013463482,0.760569999432081,"BARRIE-ORO (ECCC AES 6117700; station_id 42183)","6117700",42183,"BARRIE-ORO",6,2016-06-18,"DATE: Jun-18<br>Value: 0.8 kPa<br>Anomaly: -0.9 kPa<br>Weather station: BARRIE-ORO (ECCC AES 6117700; station_id 42183)","DATE: Jun-18<br><b>Vapour pressure deficit</b><br>10-90 percentile<br>1.0 to 2.6 kPa","Historical daily maximum<br>2.7 kPa<br>2016-06-18","DATE: Jun-18</b><br>Normal: 1.7 kPa<br>Period: 1991-2020","6117700","BARRIE-ORO",2003,2026
"06-19","TMAX",2001-06-19,23.6470588235294,16,31.1,4.81522554599715,17.68,19.6,28.2,29.84,19.6,"BARRIE-ORO (ECCC AES 6117700; station_id 42183)","6117700",42183,"BARRIE-ORO",6,2024-06-19,"DATE: Jun-19<br>Value: 19.6 °C<br>Anomaly: -4.0 °C<br>Weather station: BARRIE-ORO (ECCC AES 6117700; station_id 42183)","DATE: Jun-19<br><b>Maximum temperature</b><br>10-90 percentile<br>17.7 to 29.8 °C","Historical daily maximum<br>31.1 °C<br>2024-06-19","DATE: Jun-19</b><br>Normal: 23.6 °C<br>Period: 1991-2020","6117700","BARRIE-ORO",2003,2026
"06-19","TMIN",2001-06-19,10.6588235294118,5.7,18.7,3.56161108620969,6.52,8.4,12.9,14.66,11.1,"BARRIE-ORO (ECCC AES 6117700; station_id 42183)","6117700",42183,"BARRIE-ORO",6,2024-06-19,"DATE: Jun-19<br>Value: 11.1 °C<br>Anomaly: +0.4 °C<br>Weather station: BARRIE-ORO (ECCC AES 6117700; station_id 42183)","DATE: Jun-19<br><b>Minimum temperature</b><br>10-90 percentile<br>6.5 to 14.7 °C","Historical daily maximum<br>18.7 °C<br>2024-06-19","DATE: Jun-19</b><br>Normal: 10.7 °C<br>Period: 1991-2020","6117700","BARRIE-ORO",2003,2026
"06-19","VPD",2001-06-19,1.70839289385505,0.856963342240287,3.03994425816042,0.629729348035068,0.975983958518326,1.26785742315234,2.21646743153828,2.51718995727646,0.959540273672323,"BARRIE-ORO (ECCC AES 6117700; station_id 42183)","6117700",42183,"BARRIE-ORO",6,2016-06-19,"DATE: Jun-19<br>Value: 1.0 kPa<br>Anomaly: -0.7 kPa<br>Weather station: BARRIE-ORO (ECCC AES 6117700; station_id 42183)","DATE: Jun-19<br><b>Vapour pressure deficit</b><br>10-90 percentile<br>1.0 to 2.5 kPa","Historical daily maximum<br>3.0 kPa<br>2016-06-19","DATE: Jun-19</b><br>Normal: 1.7 kPa<br>Period: 1991-2020","6117700","BARRIE-ORO",2003,2026
"06-20","TMAX",2001-06-20,23.0823529411765,16.5,32,4.44750425718144,18.86,20.5,24.3,30.34,21.1,"BARRIE-ORO (ECCC AES 6117700; station_id 42183)","6117700",42183,"BARRIE-ORO",6,2012-06-20,"DATE: Jun-20<br>Value: 21.1 °C<br>Anomaly: -2.0 °C<br>Weather station: BARRIE-ORO (ECCC AES 6117700; station_id 42183)","DATE: Jun-20<br><b>Maximum temperature</b><br>10-90 percentile<br>18.9 to 30.3 °C","Historical daily maximum<br>32.0 °C<br>2012-06-20","DATE: Jun-20</b><br>Normal: 23.1 °C<br>Period: 1991-2020","6117700","BARRIE-ORO",2003,2026
"06-20","TMIN",2001-06-20,10.2352941176471,5.6,19.4,4.03793591709777,6.26,6.8,14,14.44,10.6,"BARRIE-ORO (ECCC AES 6117700; station_id 42183)","6117700",42183,"BARRIE-ORO",6,2024-06-20,"DATE: Jun-20<br>Value: 10.6 °C<br>Anomaly: +0.4 °C<br>Weather station: BARRIE-ORO (ECCC AES 6117700; station_id 42183)","DATE: Jun-20<br><b>Minimum temperature</b><br>10-90 percentile<br>6.3 to 14.4 °C","Historical daily maximum<br>19.4 °C<br>2024-06-20","DATE: Jun-20</b><br>Normal: 10.2 °C<br>Period: 1991-2020","6117700","BARRIE-ORO",2003,2026
"06-20","VPD",2001-06-20,1.62495357614742,0.278570974671247,3.02887830917725,0.712055387542116,0.810234324850738,1.22272186725488,1.96488645588669,2.55900557415263,1.22410684891958,"BARRIE-ORO (ECCC AES 6117700; station_id 42183)","6117700",42183,"BARRIE-ORO",6,2016-06-20,"DATE: Jun-20<br>Value: 1.2 kPa<br>Anomaly: -0.4 kPa<br>Weather station: BARRIE-ORO (ECCC AES 6117700; station_id 42183)","DATE: Jun-20<br><b>Vapour pressure deficit</b><br>10-90 percentile<br>0.8 to 2.6 kPa","Historical daily maximum<br>3.0 kPa<br>2016-06-20","DATE: Jun-20</b><br>Normal: 1.6 kPa<br>Period: 1991-2020","6117700","BARRIE-ORO",2003,2026
"06-21","TMAX",2001-06-21,24.0176470588235,20.6,32,3.15955600008088,20.96,22.1,24.5,27.8,22.9,"BARRIE-ORO (ECCC AES 6117700; station_id 42183)","6117700",42183,"BARRIE-ORO",6,2022-06-21,"DATE: Jun-21<br>Value: 22.9 °C<br>Anomaly: -1.1 °C<br>Weather station: BARRIE-ORO (ECCC AES 6117700; station_id 42183)","DATE: Jun-21<br><b>Maximum temperature</b><br>10-90 percentile<br>21.0 to 27.8 °C","Historical daily maximum<br>32.0 °C<br>2022-06-21","DATE: Jun-21</b><br>Normal: 24.0 °C<br>Period: 1991-2020","6117700","BARRIE-ORO",2003,2026
"06-21","TMIN",2001-06-21,10.7470588235294,5.3,16.9,3.15061852004071,7.2,8.8,12.8,14.58,9.4,"BARRIE-ORO (ECCC AES 6117700; station_id 42183)","6117700",42183,"BARRIE-ORO",6,2024-06-21,"DATE: Jun-21<br>Value: 9.4 °C<br>Anomaly: -1.3 °C<br>Weather station: BARRIE-ORO (ECCC AES 6117700; station_id 42183)","DATE: Jun-21<br><b>Minimum temperature</b><br>10-90 percentile<br>7.2 to 14.6 °C","Historical daily maximum<br>16.9 °C<br>2024-06-21","DATE: Jun-21</b><br>Normal: 10.7 °C<br>Period: 1991-2020","6117700","BARRIE-ORO",2003,2026
"06-21","VPD",2001-06-21,1.71943184409198,1.09628422450583,2.82929179379579,0.467273327192962,1.23281619036958,1.48251202489605,2.01788877575737,2.26953232399814,1.61303484884141,"BARRIE-ORO (ECCC AES 6117700; station_id 42183)","6117700",42183,"BARRIE-ORO",6,2022-06-21,"DATE: Jun-21<br>Value: 1.6 kPa<br>Anomaly: -0.1 kPa<br>Weather station: BARRIE-ORO (ECCC AES 6117700; station_id 42183)","DATE: Jun-21<br><b>Vapour pressure deficit</b><br>10-90 percentile<br>1.2 to 2.3 kPa","Historical daily maximum<br>2.8 kPa<br>2022-06-21","DATE: Jun-21</b><br>Normal: 1.7 kPa<br>Period: 1991-2020","6117700","BARRIE-ORO",2003,2026
"06-22","TMAX",2001-06-22,23.1470588235294,18.5,28,2.95827602816633,19.62,20.9,25,27.04,22.9,"BARRIE-ORO (ECCC AES 6117700; station_id 42183)","6117700",42183,"BARRIE-ORO",6,2025-06-22,"DATE: Jun-22<br>Value: 22.9 °C<br>Anomaly: -0.2 °C<br>Weather station: BARRIE-ORO (ECCC AES 6117700; station_id 42183)","DATE: Jun-22<br><b>Maximum temperature</b><br>10-90 percentile<br>19.6 to 27.0 °C","Historical daily maximum<br>28.0 °C<br>2025-06-22","DATE: Jun-22</b><br>Normal: 23.1 °C<br>Period: 1991-2020","6117700","BARRIE-ORO",2003,2026
"06-22","TMIN",2001-06-22,11.0294117647059,5.2,16.9,3.67436469098441,7.28,7.7,13.7,16.18,10.6,"BARRIE-ORO (ECCC AES 6117700; station_id 42183)","6117700",42183,"BARRIE-ORO",6,2025-06-22,"DATE: Jun-22<br>Value: 10.6 °C<br>Anomaly: -0.4 °C<br>Weather station: BARRIE-ORO (ECCC AES 6117700; station_id 42183)","DATE: Jun-22<br><b>Minimum temperature</b><br>10-90 percentile<br>7.3 to 16.2 °C","Historical daily maximum<br>16.9 °C<br>2025-06-22","DATE: Jun-22</b><br>Normal: 11.0 °C<br>Period: 1991-2020","6117700","BARRIE-ORO",2003,2026
"06-22","VPD",2001-06-22,1.52383533619206,0.2582382389992,2.30164223875198,0.491764886465791,1.01007142633947,1.29590322104709,1.85875084526291,1.98699896042997,1.51427385964269,"BARRIE-ORO (ECCC AES 6117700; station_id 42183)","6117700",42183,"BARRIE-ORO",6,2022-06-22,"DATE: Jun-22<br>Value: 1.5 kPa<br>Anomaly: 0.0 kPa<br>Weather station: BARRIE-ORO (ECCC AES 6117700; station_id 42183)","DATE: Jun-22<br><b>Vapour pressure deficit</b><br>10-90 percentile<br>1.0 to 2.0 kPa","Historical daily maximum<br>2.3 kPa<br>2022-06-22","DATE: Jun-22</b><br>Normal: 1.5 kPa<br>Period: 1991-2020","6117700","BARRIE-ORO",2003,2026
"06-23","TMAX",2001-06-23,23.8882352941176,18.1,31,3.2534370965452,20.52,22,25.5,28.1,22.3,"","6117700",42183,"BARRIE-ORO",6,2025-06-23,"DATE: Jun-23<br>Value: 22.3 °C<br>Anomaly: -1.6 °C<br>Weather station: ","DATE: Jun-23<br><b>Maximum temperature</b><br>10-90 percentile<br>20.5 to 28.1 °C","Historical daily maximum<br>31.0 °C<br>2025-06-23","DATE: Jun-23</b><br>Normal: 23.9 °C<br>Period: 1991-2020","6117700","BARRIE-ORO",2003,2026
"06-23","TMIN",2001-06-23,11.2,2.7,16,4.1024382993532,6.08,8.7,15.7,15.84,9.3,"","6117700",42183,"BARRIE-ORO",6,2025-06-23,"DATE: Jun-23<br>Value: 9.3 °C<br>Anomaly: -1.9 °C<br>Weather station: ","DATE: Jun-23<br><b>Minimum temperature</b><br>10-90 percentile<br>6.1 to 15.8 °C","Historical daily maximum<br>16.0 °C<br>2025-06-23","DATE: Jun-23</b><br>Normal: 11.2 °C<br>Period: 1991-2020","6117700","BARRIE-ORO",2003,2026
"06-23","VPD",2001-06-23,1.64140055667276,0.270297489698483,2.69740396943186,0.631031037255921,0.996133836318355,1.23146301307503,1.93560756457351,2.48111316769699,1.52112821423043,"","6117700",42183,"BARRIE-ORO",6,2025-06-23,"DATE: Jun-23<br>Value: 1.5 kPa<br>Anomaly: -0.1 kPa<br>Weather station: ","DATE: Jun-23<br><b>Vapour pressure deficit</b><br>10-90 percentile<br>1.0 to 2.5 kPa","Historical daily maximum<br>2.7 kPa<br>2025-06-23","DATE: Jun-23</b><br>Normal: 1.6 kPa<br>Period: 1991-2020","6117700","BARRIE-ORO",2003,2026
"06-24","TMAX",2001-06-24,24.41875,19.5,31.8,3.82905014331231,20.65,21.675,26.1,30.65,22.7,"","6117700",42183,"BARRIE-ORO",6,2005-06-24,"DATE: Jun-24<br>Value: 22.7 °C<br>Anomaly: -1.7 °C<br>Weather station: ","DATE: Jun-24<br><b>Maximum temperature</b><br>10-90 percentile<br>20.6 to 30.6 °C","Historical daily maximum<br>31.8 °C<br>2005-06-24","DATE: Jun-24</b><br>Normal: 24.4 °C<br>Period: 1991-2020","6117700","BARRIE-ORO",2003,2026
"06-24","TMIN",2001-06-24,11.7625,5.5,18.9,3.93376410070558,7.3,9.475,15,17,10.5,"","6117700",42183,"BARRIE-ORO",6,2025-06-24,"DATE: Jun-24<br>Value: 10.5 °C<br>Anomaly: -1.3 °C<br>Weather station: ","DATE: Jun-24<br><b>Minimum temperature</b><br>10-90 percentile<br>7.3 to 17.0 °C","Historical daily maximum<br>18.9 °C<br>2025-06-24","DATE: Jun-24</b><br>Normal: 11.8 °C<br>Period: 1991-2020","6117700","BARRIE-ORO",2003,2026
"06-24","VPD",2001-06-24,1.70835926791808,0.812376259974524,2.84787829235435,0.666304868808794,0.912041642376852,1.15155146827542,2.28512630173803,2.54591190600543,1.48914473530627,"","6117700",42183,"BARRIE-ORO",6,2005-06-24,"DATE: Jun-24<br>Value: 1.5 kPa<br>Anomaly: -0.2 kPa<br>Weather station: ","DATE: Jun-24<br><b>Vapour pressure deficit</b><br>10-90 percentile<br>0.9 to 2.5 kPa","Historical daily maximum<br>2.8 kPa<br>2005-06-24","DATE: Jun-24</b><br>Normal: 1.7 kPa<br>Period: 1991-2020","6117700","BARRIE-ORO",2003,2026
"06-25","TMAX",2001-06-25,23.1375,18.3,29.8,3.96280624473785,18.7,19.25,26.925,27.85,21.6,"","6117700",42183,"BARRIE-ORO",6,2007-06-25,"DATE: Jun-25<br>Value: 21.6 °C<br>Anomaly: -1.5 °C<br>Weather station: ","DATE: Jun-25<br><b>Maximum temperature</b><br>10-90 percentile<br>18.7 to 27.8 °C","Historical daily maximum<br>29.8 °C<br>2007-06-25","DATE: Jun-25</b><br>Normal: 23.1 °C<br>Period: 1991-2020","6117700","BARRIE-ORO",2003,2026
"06-25","TMIN",2001-06-25,11.34375,3.4,17.5,3.62380440053452,7.75,9.525,13.65,15.6,11.2,"","6117700",42183,"BARRIE-ORO",6,2021-06-25,"DATE: Jun-25<br>Value: 11.2 °C<br>Anomaly: -0.1 °C<br>Weather station: ","DATE: Jun-25<br><b>Minimum temperature</b><br>10-90 percentile<br>7.8 to 15.6 °C","Historical daily maximum<br>17.5 °C<br>2021-06-25","DATE: Jun-25</b><br>Normal: 11.3 °C<br>Period: 1991-2020","6117700","BARRIE-ORO",2003,2026
"06-25","VPD",2001-06-25,1.5256588591473,0.424975576418324,2.98303058431879,0.698731119082325,0.708345447050136,1.05556624526588,1.94555639243718,2.36314770136962,1.24988463843575,"","6117700",42183,"BARRIE-ORO",6,2007-06-25,"DATE: Jun-25<br>Value: 1.2 kPa<br>Anomaly: -0.3 kPa<br>Weather station: ","DATE: Jun-25<br><b>Vapour pressure deficit</b><br>10-90 percentile<br>0.7 to 2.4 kPa","Historical daily maximum<br>3.0 kPa<br>2007-06-25","DATE: Jun-25</b><br>Normal: 1.5 kPa<br>Period: 1991-2020","6117700","BARRIE-ORO",2003,2026
"06-26","TMAX",2001-06-26,24.9529411764706,17.1,31.9,4.08045917254707,19.72,22.9,27.9,29.52,22.6,"","6117700",42183,"BARRIE-ORO",6,2007-06-26,"DATE: Jun-26<br>Value: 22.6 °C<br>Anomaly: -2.4 °C<br>Weather station: ","DATE: Jun-26<br><b>Maximum temperature</b><br>10-90 percentile<br>19.7 to 29.5 °C","Historical daily maximum<br>31.9 °C<br>2007-06-26","DATE: Jun-26</b><br>Normal: 25.0 °C<br>Period: 1991-2020","6117700","BARRIE-ORO",2003,2026
"06-26","TMIN",2001-06-26,11.6823529411765,4.2,15.8,3.36159100987123,7.2,9.5,13.8,14.96,12.4,"","6117700",42183,"BARRIE-ORO",6,2021-06-26,"DATE: Jun-26<br>Value: 12.4 °C<br>Anomaly: +0.7 °C<br>Weather station: ","DATE: Jun-26<br><b>Minimum temperature</b><br>10-90 percentile<br>7.2 to 15.0 °C","Historical daily maximum<br>15.8 °C<br>2021-06-26","DATE: Jun-26</b><br>Normal: 11.7 °C<br>Period: 1991-2020","6117700","BARRIE-ORO",2003,2026
"06-26","VPD",2001-06-26,1.83491060701932,0.773104798038527,3.16022513116712,0.651606722503121,1.06501980654022,1.48112624985814,2.27457746151985,2.63096266315192,1.30219159955465,"","6117700",42183,"BARRIE-ORO",6,2007-06-26,"DATE: Jun-26<br>Value: 1.3 kPa<br>Anomaly: -0.5 kPa<br>Weather station: ","DATE: Jun-26<br><b>Vapour pressure deficit</b><br>10-90 percentile<br>1.1 to 2.6 kPa","Historical daily maximum<br>3.2 kPa<br>2007-06-26","DATE: Jun-26</b><br>Normal: 1.8 kPa<br>Period: 1991-2020","6117700","BARRIE-ORO",2003,2026
"06-27","TMAX",2001-06-27,24.7176470588235,18.3,31.6,4.29217824858743,19,22,26.6,30.22,25.7,"","6117700",42183,"BARRIE-ORO",6,2005-06-27,"DATE: Jun-27<br>Value: 25.7 °C<br>Anomaly: +1.0 °C<br>Weather station: ","DATE: Jun-27<br><b>Maximum temperature</b><br>10-90 percentile<br>19.0 to 30.2 °C","Historical daily maximum<br>31.6 °C<br>2005-06-27","DATE: Jun-27</b><br>Normal: 24.7 °C<br>Period: 1991-2020","6117700","BARRIE-ORO",2003,2026
"06-27","TMIN",2001-06-27,12.7764705882353,6.8,16.8,3.14176093372903,8.96,10.6,15.2,16.2,10.9,"","6117700",42183,"BARRIE-ORO",6,2021-06-27,"DATE: Jun-27<br>Value: 10.9 °C<br>Anomaly: -1.9 °C<br>Weather station: ","DATE: Jun-27<br><b>Minimum temperature</b><br>10-90 percentile<br>9.0 to 16.2 °C","Historical daily maximum<br>16.8 °C<br>2021-06-27","DATE: Jun-27</b><br>Normal: 12.8 °C<br>Period: 1991-2020","6117700","BARRIE-ORO",2003,2026
"06-27","VPD",2001-06-27,1.69795794657958,0.457642720412645,3.08060231039573,0.745603298623679,0.726003819285018,1.12829222064565,2.18715880506225,2.68670618490384,1.99827257399932,"","6117700",42183,"BARRIE-ORO",6,2005-06-27,"DATE: Jun-27<br>Value: 2.0 kPa<br>Anomaly: +0.3 kPa<br>Weather station: ","DATE: Jun-27<br><b>Vapour pressure deficit</b><br>10-90 percentile<br>0.7 to 2.7 kPa","Historical daily maximum<br>3.1 kPa<br>2005-06-27","DATE: Jun-27</b><br>Normal: 1.7 kPa<br>Period: 1991-2020","6117700","BARRIE-ORO",2003,2026
"06-28","TMAX",2001-06-28,24.8733333333333,15.1,31.8,4.1821844371891,20.04,22.8,26.8,28.7,26.8,"","6117700",42183,"BARRIE-ORO",6,2005-06-28,"DATE: Jun-28<br>Value: 26.8 °C<br>Anomaly: +1.9 °C<br>Weather station: ","DATE: Jun-28<br><b>Maximum temperature</b><br>10-90 percentile<br>20.0 to 28.7 °C","Historical daily maximum<br>31.8 °C<br>2005-06-28","DATE: Jun-28</b><br>Normal: 24.9 °C<br>Period: 1991-2020","6117700","BARRIE-ORO",2003,2026
"06-28","TMIN",2001-06-28,13.08125,6.5,16.6,2.76121199234442,9.15,12.25,14.7,15.9,13.5,"","6117700",42183,"BARRIE-ORO",6,2021-06-28,"DATE: Jun-28<br>Value: 13.5 °C<br>Anomaly: +0.4 °C<br>Weather station: ","DATE: Jun-28<br><b>Minimum temperature</b><br>10-90 percentile<br>9.1 to 15.9 °C","Historical daily maximum<br>16.6 °C<br>2021-06-28","DATE: Jun-28</b><br>Normal: 13.1 °C<br>Period: 1991-2020","6117700","BARRIE-ORO",2003,2026
"06-28","VPD",2001-06-28,1.6990053864018,0.304517275218102,2.81214881391856,0.605194654674541,1.11798706675892,1.41724921244233,1.98421400586399,2.37416722454511,1.97625235003047,"","6117700",42183,"BARRIE-ORO",6,2005-06-28,"DATE: Jun-28<br>Value: 2.0 kPa<br>Anomaly: +0.3 kPa<br>Weather station: ","DATE: Jun-28<br><b>Vapour pressure deficit</b><br>10-90 percentile<br>1.1 to 2.4 kPa","Historical daily maximum<br>2.8 kPa<br>2005-06-28","DATE: Jun-28</b><br>Normal: 1.7 kPa<br>Period: 1991-2020","6117700","BARRIE-ORO",2003,2026
"06-29","TMAX",2001-06-29,23.9411764705882,16.6,30.2,3.79078798265107,19.98,22.1,27.9,28.8,27.5,"","6117700",42183,"BARRIE-ORO",6,2018-06-29,"DATE: Jun-29<br>Value: 27.5 °C<br>Anomaly: +3.6 °C<br>Weather station: ","DATE: Jun-29<br><b>Maximum temperature</b><br>10-90 percentile<br>20.0 to 28.8 °C","Historical daily maximum<br>30.2 °C<br>2018-06-29","DATE: Jun-29</b><br>Normal: 23.9 °C<br>Period: 1991-2020","6117700","BARRIE-ORO",2003,2026
"06-29","TMIN",2001-06-29,12.5176470588235,4.6,18.5,3.44823057779596,8.52,10.5,14.8,15.68,13.3,"","6117700",42183,"BARRIE-ORO",6,2005-06-29,"DATE: Jun-29<br>Value: 13.3 °C<br>Anomaly: +0.8 °C<br>Weather station: ","DATE: Jun-29<br><b>Minimum temperature</b><br>10-90 percentile<br>8.5 to 15.7 °C","Historical daily maximum<br>18.5 °C<br>2005-06-29","DATE: Jun-29</b><br>Normal: 12.5 °C<br>Period: 1991-2020","6117700","BARRIE-ORO",2003,2026
"06-29","VPD",2001-06-29,1.55578114979152,0.7565113464984,2.6514066032353,0.515435172327164,0.916641108672991,1.35052918030153,1.87733539867823,2.22359730827505,2.14385249638904,"","6117700",42183,"BARRIE-ORO",6,2018-06-29,"DATE: Jun-29<br>Value: 2.1 kPa<br>Anomaly: +0.6 kPa<br>Weather station: ","DATE: Jun-29<br><b>Vapour pressure deficit</b><br>10-90 percentile<br>0.9 to 2.2 kPa","Historical daily maximum<br>2.7 kPa<br>2018-06-29","DATE: Jun-29</b><br>Normal: 1.6 kPa<br>Period: 1991-2020","6117700","BARRIE-ORO",2003,2026
"06-30","TMAX",2001-06-30,24.4,17.3,32.6,4.17163037672323,20.3,21.6,27.9,29.34,32.9,"","6117700",42183,"BARRIE-ORO",6,2026-06-30,"DATE: Jun-30<br>Value: 32.9 °C<br>Anomaly: +8.5 °C<br>Weather station: ","DATE: Jun-30<br><b>Maximum temperature</b><br>10-90 percentile<br>20.3 to 29.3 °C","Historical daily maximum<br>32.6 °C<br>2026-06-30","DATE: Jun-30</b><br>Normal: 24.4 °C<br>Period: 1991-2020","6117700","BARRIE-ORO",2003,2026
"06-30","TMIN",2001-06-30,12.3117647058824,5.5,20.3,4.38689559269154,7.26,9.5,15.2,18.4,18.2,"","6117700",42183,"BARRIE-ORO",6,2018-06-30,"DATE: Jun-30<br>Value: 18.2 °C<br>Anomaly: +5.9 °C<br>Weather station: ","DATE: Jun-30<br><b>Minimum temperature</b><br>10-90 percentile<br>7.3 to 18.4 °C","Historical daily maximum<br>20.3 °C<br>2018-06-30","DATE: Jun-30</b><br>Normal: 12.3 °C<br>Period: 1991-2020","6117700","BARRIE-ORO",2003,2026
"06-30","VPD",2001-06-30,1.65390452876776,0.916633443482472,2.54162981308003,0.521732427798605,0.929206960564357,1.31760612673271,1.901144983527,2.35893188051357,2.91191368002348,"","6117700",42183,"BARRIE-ORO",6,2026-06-30,"DATE: Jun-30<br>Value: 2.9 kPa<br>Anomaly: +1.3 kPa<br>Weather station: ","DATE: Jun-30<br><b>Vapour pressure deficit</b><br>10-90 percentile<br>0.9 to 2.4 kPa","Historical daily maximum<br>2.5 kPa<br>2026-06-30","DATE: Jun-30</b><br>Normal: 1.7 kPa<br>Period: 1991-2020","6117700","BARRIE-ORO",2003,2026
"07-01","TMAX",2001-07-01,23.725,17.1,29.3,3.6900767833023,18.7,20.9,26.475,27.55,33.5,"","6117700",42183,"BARRIE-ORO",7,2026-07-01,"DATE: Jul-01<br>Value: 33.5 °C<br>Anomaly: +9.8 °C<br>Weather station: ","DATE: Jul-01<br><b>Maximum temperature</b><br>10-90 percentile<br>18.7 to 27.6 °C","Historical daily maximum<br>29.3 °C<br>2026-07-01","DATE: Jul-01</b><br>Normal: 23.7 °C<br>Period: 1991-2020","6117700","BARRIE-ORO",2003,2026
"07-01","TMIN",2001-07-01,11.9,6.9,18,2.82300076750491,8.6,9.7,13.525,14.5,20.1,"","6117700",42183,"BARRIE-ORO",7,2026-07-01,"DATE: Jul-01<br>Value: 20.1 °C<br>Anomaly: +8.2 °C<br>Weather station: ","DATE: Jul-01<br><b>Minimum temperature</b><br>10-90 percentile<br>8.6 to 14.5 °C","Historical daily maximum<br>18.0 °C<br>2026-07-01","DATE: Jul-01</b><br>Normal: 11.9 °C<br>Period: 1991-2020","6117700","BARRIE-ORO",2003,2026
"07-01","VPD",2001-07-01,1.57971322562733,0.663278374894445,2.45966818269315,0.580615508443184,0.819643970798582,1.13002148330057,1.98500917458977,2.34387586707165,2.82015625697237,"","6117700",42183,"BARRIE-ORO",7,2026-07-01,"DATE: Jul-01<br>Value: 2.8 kPa<br>Anomaly: +1.2 kPa<br>Weather station: ","DATE: Jul-01<br><b>Vapour pressure deficit</b><br>10-90 percentile<br>0.8 to 2.3 kPa","Historical daily maximum<br>2.5 kPa<br>2026-07-01","DATE: Jul-01</b><br>Normal: 1.6 kPa<br>Period: 1991-2020","6117700","BARRIE-ORO",2003,2026
"07-02","TMAX",2001-07-02,24.5411764705882,18.4,29.8,3.41010608770633,21.1,21.9,27.1,28.9,30.6,"","6117700",42183,"BARRIE-ORO",7,2026-07-02,"DATE: Jul-02<br>Value: 30.6 °C<br>Anomaly: +6.1 °C<br>Weather station: ","DATE: Jul-02<br><b>Maximum temperature</b><br>10-90 percentile<br>21.1 to 28.9 °C","Historical daily maximum<br>29.8 °C<br>2026-07-02","DATE: Jul-02</b><br>Normal: 24.5 °C<br>Period: 1991-2020","6117700","BARRIE-ORO",2003,2026
"07-02","TMIN",2001-07-02,11.8058823529412,4.6,18.5,3.80287236642174,7.24,9.3,14.4,16.32,19,"","6117700",42183,"BARRIE-ORO",7,2026-07-02,"DATE: Jul-02<br>Value: 19.0 °C<br>Anomaly: +7.2 °C<br>Weather station: ","DATE: Jul-02<br><b>Minimum temperature</b><br>10-90 percentile<br>7.2 to 16.3 °C","Historical daily maximum<br>18.5 °C<br>2026-07-02","DATE: Jul-02</b><br>Normal: 11.8 °C<br>Period: 1991-2020","6117700","BARRIE-ORO",2003,2026
"07-02","VPD",2001-07-02,1.71421739530962,0.548727437161389,2.3174567768208,0.492811566714958,1.13218994579911,1.45632250546681,2.06485530763518,2.24353638044373,2.19389862283127,"","6117700",42183,"BARRIE-ORO",7,2018-07-02,"DATE: Jul-02<br>Value: 2.2 kPa<br>Anomaly: +0.5 kPa<br>Weather station: ","DATE: Jul-02<br><b>Vapour pressure deficit</b><br>10-90 percentile<br>1.1 to 2.2 kPa","Historical daily maximum<br>2.3 kPa<br>2018-07-02","DATE: Jul-02</b><br>Normal: 1.7 kPa<br>Period: 1991-2020","6117700","BARRIE-ORO",2003,2026
"07-03","TMAX",2001-07-03,25.23125,18.7,30.6,3.68215856077202,20.4,22.225,28.725,29.25,29.3,"","6117700",42183,"BARRIE-ORO",7,2018-07-03,"DATE: Jul-03<br>Value: 29.3 °C<br>Anomaly: +4.1 °C<br>Weather station: ","DATE: Jul-03<br><b>Maximum temperature</b><br>10-90 percentile<br>20.4 to 29.2 °C","Historical daily maximum<br>30.6 °C<br>2018-07-03","DATE: Jul-03</b><br>Normal: 25.2 °C<br>Period: 1991-2020","6117700","BARRIE-ORO",2003,2026
"07-03","TMIN",2001-07-03,11.2352941176471,6.1,17.5,3.44146429163347,6.82,9.4,13.3,15.44,18.4,"","6117700",42183,"BARRIE-ORO",7,2026-07-03,"DATE: Jul-03<br>Value: 18.4 °C<br>Anomaly: +7.2 °C<br>Weather station: ","DATE: Jul-03<br><b>Minimum temperature</b><br>10-90 percentile<br>6.8 to 15.4 °C","Historical daily maximum<br>17.5 °C<br>2026-07-03","DATE: Jul-03</b><br>Normal: 11.2 °C<br>Period: 1991-2020","6117700","BARRIE-ORO",2003,2026
"07-03","VPD",2001-07-03,1.92187682478074,0.820802548321767,2.77163545317002,0.586416076750834,1.11916497699139,1.57508413498232,2.21432383551081,2.65321809237596,1.9591743993927,"","6117700",42183,"BARRIE-ORO",7,2010-07-03,"DATE: Jul-03<br>Value: 2.0 kPa<br>Anomaly: +0.0 kPa<br>Weather station: ","DATE: Jul-03<br><b>Vapour pressure deficit</b><br>10-90 percentile<br>1.1 to 2.7 kPa","Historical daily maximum<br>2.8 kPa<br>2010-07-03","DATE: Jul-03</b><br>Normal: 1.9 kPa<br>Period: 1991-2020","6117700","BARRIE-ORO",2003,2026
"07-04","TMAX",2001-07-04,26.1647058823529,18.8,31.5,4.03870975319943,20.5,24.6,29.4,30.76,25.8,"","6117700",42183,"BARRIE-ORO",7,2018-07-04,"DATE: Jul-04<br>Value: 25.8 °C<br>Anomaly: -0.4 °C<br>Weather station: ","DATE: Jul-04<br><b>Maximum temperature</b><br>10-90 percentile<br>20.5 to 30.8 °C","Historical daily maximum<br>31.5 °C<br>2018-07-04","DATE: Jul-04</b><br>Normal: 26.2 °C<br>Period: 1991-2020","6117700","BARRIE-ORO",2003,2026
"07-04","TMIN",2001-07-04,12.1058823529412,8.3,18.7,3.11196693994234,8.46,9.7,14.2,15.8,18.3,"","6117700",42183,"BARRIE-ORO",7,2013-07-04,"DATE: Jul-04<br>Value: 18.3 °C<br>Anomaly: +6.2 °C<br>Weather station: ","DATE: Jul-04<br><b>Minimum temperature</b><br>10-90 percentile<br>8.5 to 15.8 °C","Historical daily maximum<br>18.7 °C<br>2013-07-04","DATE: Jul-04</b><br>Normal: 12.1 °C<br>Period: 1991-2020","6117700","BARRIE-ORO",2003,2026
"07-04","VPD",2001-07-04,2.03406911497216,0.730135891816843,3.03430616633773,0.677976322297125,1.31225973839859,1.5798450912914,2.51771539292041,2.90380334970432,1.21865744350368,"","6117700",42183,"BARRIE-ORO",7,2010-07-04,"DATE: Jul-04<br>Value: 1.2 kPa<br>Anomaly: -0.8 kPa<br>Weather station: ","DATE: Jul-04<br><b>Vapour pressure deficit</b><br>10-90 percentile<br>1.3 to 2.9 kPa","Historical daily maximum<br>3.0 kPa<br>2010-07-04","DATE: Jul-04</b><br>Normal: 2.0 kPa<br>Period: 1991-2020","6117700","BARRIE-ORO",2003,2026
"07-05","TMAX",2001-07-05,26.3764705882353,19.6,33.2,3.63447544560503,22.44,24.7,28.3,31.2,25.3,"","6117700",42183,"BARRIE-ORO",7,2018-07-05,"DATE: Jul-05<br>Value: 25.3 °C<br>Anomaly: -1.1 °C<br>Weather station: ","DATE: Jul-05<br><b>Maximum temperature</b><br>10-90 percentile<br>22.4 to 31.2 °C","Historical daily maximum<br>33.2 °C<br>2018-07-05","DATE: Jul-05</b><br>Normal: 26.4 °C<br>Period: 1991-2020","6117700","BARRIE-ORO",2003,2026
"07-05","TMIN",2001-07-05,12.6705882352941,6,19.5,3.79979682119359,8.2,10.4,15.2,17.24,18.3,"","6117700",42183,"BARRIE-ORO",7,2010-07-05,"DATE: Jul-05<br>Value: 18.3 °C<br>Anomaly: +5.6 °C<br>Weather station: ","DATE: Jul-05<br><b>Minimum temperature</b><br>10-90 percentile<br>8.2 to 17.2 °C","Historical daily maximum<br>19.5 °C<br>2010-07-05","DATE: Jul-05</b><br>Normal: 12.7 °C<br>Period: 1991-2020","6117700","BARRIE-ORO",2003,2026
"07-05","VPD",2001-07-05,1.99849790610125,1.10155085561174,3.11197628317434,0.543095169304448,1.23992908382956,1.68032723730395,2.33994141429848,2.51200384231117,1.12158250586645,"","6117700",42183,"BARRIE-ORO",7,2018-07-05,"DATE: Jul-05<br>Value: 1.1 kPa<br>Anomaly: -0.9 kPa<br>Weather station: ","DATE: Jul-05<br><b>Vapour pressure deficit</b><br>10-90 percentile<br>1.2 to 2.5 kPa","Historical daily maximum<br>3.1 kPa<br>2018-07-05","DATE: Jul-05</b><br>Normal: 2.0 kPa<br>Period: 1991-2020","6117700","BARRIE-ORO",2003,2026
"07-06","TMAX",2001-07-06,26.5882352941176,19.8,31.8,3.6269619437177,21.96,23.8,29.8,30.42,27.5,"","6117700",42183,"BARRIE-ORO",7,2025-07-06,"DATE: Jul-06<br>Value: 27.5 °C<br>Anomaly: +0.9 °C<br>Weather station: ","DATE: Jul-06<br><b>Maximum temperature</b><br>10-90 percentile<br>22.0 to 30.4 °C","Historical daily maximum<br>31.8 °C<br>2025-07-06","DATE: Jul-06</b><br>Normal: 26.6 °C<br>Period: 1991-2020","6117700","BARRIE-ORO",2003,2026
"07-06","TMIN",2001-07-06,13.3411764705882,8.6,19.4,3.27109668603845,9.62,9.8,15.3,17.64,15,"","6117700",42183,"BARRIE-ORO",7,2025-07-06,"DATE: Jul-06<br>Value: 15.0 °C<br>Anomaly: +1.7 °C<br>Weather station: ","DATE: Jul-06<br><b>Minimum temperature</b><br>10-90 percentile<br>9.6 to 17.6 °C","Historical daily maximum<br>19.4 °C<br>2025-07-06","DATE: Jul-06</b><br>Normal: 13.3 °C<br>Period: 1991-2020","6117700","BARRIE-ORO",2003,2026
"07-06","VPD",2001-07-06,1.98354978599633,1.10599439813234,2.70761694369522,0.505144042040048,1.38127926444337,1.56402920690343,2.44793656703949,2.547376819768,1.96592397717593,"","6117700",42183,"BARRIE-ORO",7,2016-07-06,"DATE: Jul-06<br>Value: 2.0 kPa<br>Anomaly: 0.0 kPa<br>Weather station: ","DATE: Jul-06<br><b>Vapour pressure deficit</b><br>10-90 percentile<br>1.4 to 2.5 kPa","Historical daily maximum<br>2.7 kPa<br>2016-07-06","DATE: Jul-06</b><br>Normal: 2.0 kPa<br>Period: 1991-2020","6117700","BARRIE-ORO",2003,2026
"07-07","TMAX",2001-07-07,26.0294117647059,18.2,32.2,3.1685494918579,23.68,24.5,27.6,29.84,26.7,"","6117700",42183,"BARRIE-ORO",7,2020-07-07,"DATE: Jul-07<br>Value: 26.7 °C<br>Anomaly: +0.7 °C<br>Weather station: ","DATE: Jul-07<br><b>Maximum temperature</b><br>10-90 percentile<br>23.7 to 29.8 °C","Historical daily maximum<br>32.2 °C<br>2020-07-07","DATE: Jul-07</b><br>Normal: 26.0 °C<br>Period: 1991-2020","6117700","BARRIE-ORO",2003,2026
"07-07","TMIN",2001-07-07,13.9647058823529,8.5,20.7,3.3369037251003,10.46,11.4,15.9,17.88,17.2,"","6117700",42183,"BARRIE-ORO",7,2010-07-07,"DATE: Jul-07<br>Value: 17.2 °C<br>Anomaly: +3.2 °C<br>Weather station: ","DATE: Jul-07<br><b>Minimum temperature</b><br>10-90 percentile<br>10.5 to 17.9 °C","Historical daily maximum<br>20.7 °C<br>2010-07-07","DATE: Jul-07</b><br>Normal: 14.0 °C<br>Period: 1991-2020","6117700","BARRIE-ORO",2003,2026
"07-07","VPD",2001-07-07,1.78890401380093,0.820370909793786,3.01358908357624,0.575714952508547,1.16757806365325,1.4600971058995,2.00014722754669,2.50613014334052,1.54064282725548,"","6117700",42183,"BARRIE-ORO",7,2020-07-07,"DATE: Jul-07<br>Value: 1.5 kPa<br>Anomaly: -0.2 kPa<br>Weather station: ","DATE: Jul-07<br><b>Vapour pressure deficit</b><br>10-90 percentile<br>1.2 to 2.5 kPa","Historical daily maximum<br>3.0 kPa<br>2020-07-07","DATE: Jul-07</b><br>Normal: 1.8 kPa<br>Period: 1991-2020","6117700","BARRIE-ORO",2003,2026
"07-08","TMAX",2001-07-08,25.8529411764706,19.2,32.5,3.62579605863644,21.16,23.1,27.8,29.66,29.2,"","6117700",42183,"BARRIE-ORO",7,2010-07-08,"DATE: Jul-08<br>Value: 29.2 °C<br>Anomaly: +3.3 °C<br>Weather station: ","DATE: Jul-08<br><b>Maximum temperature</b><br>10-90 percentile<br>21.2 to 29.7 °C","Historical daily maximum<br>32.5 °C<br>2010-07-08","DATE: Jul-08</b><br>Normal: 25.9 °C<br>Period: 1991-2020","6117700","BARRIE-ORO",2003,2026
"07-08","TMIN",2001-07-08,13.9,9.9,19.3,3.03994243366548,10.22,11.3,16.4,17.42,16,"","6117700",42183,"BARRIE-ORO",7,2010-07-08,"DATE: Jul-08<br>Value: 16.0 °C<br>Anomaly: +2.1 °C<br>Weather station: ","DATE: Jul-08<br><b>Minimum temperature</b><br>10-90 percentile<br>10.2 to 17.4 °C","Historical daily maximum<br>19.3 °C<br>2010-07-08","DATE: Jul-08</b><br>Normal: 13.9 °C<br>Period: 1991-2020","6117700","BARRIE-ORO",2003,2026
"07-08","VPD",2001-07-08,1.78099285100081,0.803792897354257,2.71699530112421,0.557809201678804,1.21129504629748,1.36191461520723,1.97583948547507,2.60168179443795,2.2339214467635,"","6117700",42183,"BARRIE-ORO",7,2018-07-08,"DATE: Jul-08<br>Value: 2.2 kPa<br>Anomaly: +0.5 kPa<br>Weather station: ","DATE: Jul-08<br><b>Vapour pressure deficit</b><br>10-90 percentile<br>1.2 to 2.6 kPa","Historical daily maximum<br>2.7 kPa<br>2018-07-08","DATE: Jul-08</b><br>Normal: 1.8 kPa<br>Period: 1991-2020","6117700","BARRIE-ORO",2003,2026
"07-09","TMAX",2001-07-09,25.3647058823529,19.1,32.2,3.2009649280472,22.7,23.6,26.7,29.32,22.9,"","6117700",42183,"BARRIE-ORO",7,2020-07-09,"DATE: Jul-09<br>Value: 22.9 °C<br>Anomaly: -2.5 °C<br>Weather station: ","DATE: Jul-09<br><b>Maximum temperature</b><br>10-90 percentile<br>22.7 to 29.3 °C","Historical daily maximum<br>32.2 °C<br>2020-07-09","DATE: Jul-09</b><br>Normal: 25.4 °C<br>Period: 1991-2020","6117700","BARRIE-ORO",2003,2026
"07-09","TMIN",2001-07-09,13.1764705882353,8.2,18.3,2.96806532352404,9.02,11.6,15.6,16.54,17.5,"","6117700",42183,"BARRIE-ORO",7,2013-07-09,"DATE: Jul-09<br>Value: 17.5 °C<br>Anomaly: +4.3 °C<br>Weather station: ","DATE: Jul-09<br><b>Minimum temperature</b><br>10-90 percentile<br>9.0 to 16.5 °C","Historical daily maximum<br>18.3 °C<br>2013-07-09","DATE: Jul-09</b><br>Normal: 13.2 °C<br>Period: 1991-2020","6117700","BARRIE-ORO",2003,2026
"07-09","VPD",2001-07-09,1.74768209793102,1.05960035113428,3.18857849852761,0.629856088631523,1.09496797732524,1.14079715331402,1.89868841558802,2.58577218155495,0.792502791312174,"","6117700",42183,"BARRIE-ORO",7,2018-07-09,"DATE: Jul-09<br>Value: 0.8 kPa<br>Anomaly: -1.0 kPa<br>Weather station: ","DATE: Jul-09<br><b>Vapour pressure deficit</b><br>10-90 percentile<br>1.1 to 2.6 kPa","Historical daily maximum<br>3.2 kPa<br>2018-07-09","DATE: Jul-09</b><br>Normal: 1.7 kPa<br>Period: 1991-2020","6117700","BARRIE-ORO",2003,2026
"07-10","TMAX",2001-07-10,26.1705882352941,20.4,31.6,3.02340137632319,22.14,24.8,28.4,29.44,27.1,"","6117700",42183,"BARRIE-ORO",7,2020-07-10,"DATE: Jul-10<br>Value: 27.1 °C<br>Anomaly: +0.9 °C<br>Weather station: ","DATE: Jul-10<br><b>Maximum temperature</b><br>10-90 percentile<br>22.1 to 29.4 °C","Historical daily maximum<br>31.6 °C<br>2020-07-10","DATE: Jul-10</b><br>Normal: 26.2 °C<br>Period: 1991-2020","6117700","BARRIE-ORO",2003,2026
"07-10","TMIN",2001-07-10,13.5823529411765,7.5,19.3,2.94729437241126,10.52,11.8,15.3,16.82,17.2,"","6117700",42183,"BARRIE-ORO",7,2020-07-10,"DATE: Jul-10<br>Value: 17.2 °C<br>Anomaly: +3.6 °C<br>Weather station: ","DATE: Jul-10<br><b>Minimum temperature</b><br>10-90 percentile<br>10.5 to 16.8 °C","Historical daily maximum<br>19.3 °C<br>2020-07-10","DATE: Jul-10</b><br>Normal: 13.6 °C<br>Period: 1991-2020","6117700","BARRIE-ORO",2003,2026
"07-10","VPD",2001-07-10,1.86027622028553,0.495615101571443,2.57074803317744,0.524928041070864,1.36796780510522,1.61581915153571,2.36274078698472,2.44140948447698,1.62388490877219,"","6117700",42183,"BARRIE-ORO",7,2019-07-10,"DATE: Jul-10<br>Value: 1.6 kPa<br>Anomaly: -0.2 kPa<br>Weather station: ","DATE: Jul-10<br><b>Vapour pressure deficit</b><br>10-90 percentile<br>1.4 to 2.4 kPa","Historical daily maximum<br>2.6 kPa<br>2019-07-10","DATE: Jul-10</b><br>Normal: 1.9 kPa<br>Period: 1991-2020","6117700","BARRIE-ORO",2003,2026
"07-11","TMAX",2001-07-11,25.9588235294118,21,31.6,2.76384216796324,22.92,24.3,27.2,29.04,26.7,"","6117700",42183,"BARRIE-ORO",7,2005-07-11,"DATE: Jul-11<br>Value: 26.7 °C<br>Anomaly: +0.7 °C<br>Weather station: ","DATE: Jul-11<br><b>Maximum temperature</b><br>10-90 percentile<br>22.9 to 29.0 °C","Historical daily maximum<br>31.6 °C<br>2005-07-11","DATE: Jul-11</b><br>Normal: 26.0 °C<br>Period: 1991-2020","6117700","BARRIE-ORO",2003,2026
"07-11","TMIN",2001-07-11,13.4470588235294,8.6,20.1,3.46574624847572,9.78,10.4,15.3,18.44,14.8,"","6117700",42183,"BARRIE-ORO",7,2011-07-11,"DATE: Jul-11<br>Value: 14.8 °C<br>Anomaly: +1.4 °C<br>Weather station: ","DATE: Jul-11<br><b>Minimum temperature</b><br>10-90 percentile<br>9.8 to 18.4 °C","Historical daily maximum<br>20.1 °C<br>2011-07-11","DATE: Jul-11</b><br>Normal: 13.4 °C<br>Period: 1991-2020","6117700","BARRIE-ORO",2003,2026
"07-11","VPD",2001-07-11,1.81485206933357,0.87799695809667,2.55826187851465,0.49774740239441,1.07286595670213,1.40594286784352,2.11428353527856,2.29600084844673,1.81955695680126,"","6117700",42183,"BARRIE-ORO",7,2022-07-11,"DATE: Jul-11<br>Value: 1.8 kPa<br>Anomaly: +0.0 kPa<br>Weather station: ","DATE: Jul-11<br><b>Vapour pressure deficit</b><br>10-90 percentile<br>1.1 to 2.3 kPa","Historical daily maximum<br>2.6 kPa<br>2022-07-11","DATE: Jul-11</b><br>Normal: 1.8 kPa<br>Period: 1991-2020","6117700","BARRIE-ORO",2003,2026
"07-12","TMAX",2001-07-12,26.1176470588235,20.2,31.9,2.98961437607713,22.86,24.1,27.8,29.4,26.9,"","6117700",42183,"BARRIE-ORO",7,2025-07-12,"DATE: Jul-12<br>Value: 26.9 °C<br>Anomaly: +0.8 °C<br>Weather station: ","DATE: Jul-12<br><b>Maximum temperature</b><br>10-90 percentile<br>22.9 to 29.4 °C","Historical daily maximum<br>31.9 °C<br>2025-07-12","DATE: Jul-12</b><br>Normal: 26.1 °C<br>Period: 1991-2020","6117700","BARRIE-ORO",2003,2026
"07-12","TMIN",2001-07-12,13.4823529411765,6.4,17.8,3.31817632407427,8.94,11.8,16.2,17.14,11.2,"","6117700",42183,"BARRIE-ORO",7,2025-07-12,"DATE: Jul-12<br>Value: 11.2 °C<br>Anomaly: -2.3 °C<br>Weather station: ","DATE: Jul-12<br><b>Minimum temperature</b><br>10-90 percentile<br>8.9 to 17.1 °C","Historical daily maximum<br>17.8 °C<br>2025-07-12","DATE: Jul-12</b><br>Normal: 13.5 °C<br>Period: 1991-2020","6117700","BARRIE-ORO",2003,2026
"07-12","VPD",2001-07-12,1.85373736540402,0.822644794521493,2.80248889790798,0.594957214120489,1.16287876710997,1.406064359258,2.24813341969303,2.73358946973683,2.21420858320884,"","6117700",42183,"BARRIE-ORO",7,2005-07-12,"DATE: Jul-12<br>Value: 2.2 kPa<br>Anomaly: +0.4 kPa<br>Weather station: ","DATE: Jul-12<br><b>Vapour pressure deficit</b><br>10-90 percentile<br>1.2 to 2.7 kPa","Historical daily maximum<br>2.8 kPa<br>2005-07-12","DATE: Jul-12</b><br>Normal: 1.9 kPa<br>Period: 1991-2020","6117700","BARRIE-ORO",2003,2026
"07-13","TMAX",2001-07-13,25.8176470588235,17.5,32.8,4.29683536077973,19.76,24.1,28.3,31.14,31.1,"","6117700",42183,"BARRIE-ORO",7,2005-07-13,"DATE: Jul-13<br>Value: 31.1 °C<br>Anomaly: +5.3 °C<br>Weather station: ","DATE: Jul-13<br><b>Maximum temperature</b><br>10-90 percentile<br>19.8 to 31.1 °C","Historical daily maximum<br>32.8 °C<br>2005-07-13","DATE: Jul-13</b><br>Normal: 25.8 °C<br>Period: 1991-2020","6117700","BARRIE-ORO",2003,2026
"07-13","TMIN",2001-07-13,14.0647058823529,6.4,20,3.72188480082179,10.02,12.6,17.3,18.74,13.4,"","6117700",42183,"BARRIE-ORO",7,2016-07-13,"DATE: Jul-13<br>Value: 13.4 °C<br>Anomaly: -0.7 °C<br>Weather station: ","DATE: Jul-13<br><b>Minimum temperature</b><br>10-90 percentile<br>10.0 to 18.7 °C","Historical daily maximum<br>20.0 °C<br>2016-07-13","DATE: Jul-13</b><br>Normal: 14.1 °C<br>Period: 1991-2020","6117700","BARRIE-ORO",2003,2026
"07-13","VPD",2001-07-13,1.76875855601293,0.390978535724555,3.04137060702226,0.685308300070866,1.05612536485123,1.33856699572968,2.20835439543178,2.53935866311591,2.98081859004375,"","6117700",42183,"BARRIE-ORO",7,2012-07-13,"DATE: Jul-13<br>Value: 3.0 kPa<br>Anomaly: +1.2 kPa<br>Weather station: ","DATE: Jul-13<br><b>Vapour pressure deficit</b><br>10-90 percentile<br>1.1 to 2.5 kPa","Historical daily maximum<br>3.0 kPa<br>2012-07-13","DATE: Jul-13</b><br>Normal: 1.8 kPa<br>Period: 1991-2020","6117700","BARRIE-ORO",2003,2026
"07-14","TMAX",2001-07-14,25.0705882352941,17.3,30.2,3.71748650062821,20.68,22.9,28.6,29.4,31.5,"","6117700",42183,"BARRIE-ORO",7,2026-07-14,"DATE: Jul-14<br>Value: 31.5 °C<br>Anomaly: +6.4 °C<br>Weather station: ","DATE: Jul-14<br><b>Maximum temperature</b><br>10-90 percentile<br>20.7 to 29.4 °C","Historical daily maximum<br>30.2 °C<br>2026-07-14","DATE: Jul-14</b><br>Normal: 25.1 °C<br>Period: 1991-2020","6117700","BARRIE-ORO",2003,2026
"07-14","TMIN",2001-07-14,13.4352941176471,5.9,18.1,3.65683284695763,8.94,11.1,16.3,17.4,20.3,"","6117700",42183,"BARRIE-ORO",7,2026-07-14,"DATE: Jul-14<br>Value: 20.3 °C<br>Anomaly: +6.9 °C<br>Weather station: ","DATE: Jul-14<br><b>Minimum temperature</b><br>10-90 percentile<br>8.9 to 17.4 °C","Historical daily maximum<br>18.1 °C<br>2026-07-14","DATE: Jul-14</b><br>Normal: 13.4 °C<br>Period: 1991-2020","6117700","BARRIE-ORO",2003,2026
"07-14","VPD",2001-07-14,1.66796835547597,0.959176165920241,2.45360326782376,0.49469480631565,1.04877444735828,1.29040640687354,2.0605866494741,2.31177278166723,2.24000956574758,"","6117700",42183,"BARRIE-ORO",7,2025-07-14,"DATE: Jul-14<br>Value: 2.2 kPa<br>Anomaly: +0.6 kPa<br>Weather station: ","DATE: Jul-14<br><b>Vapour pressure deficit</b><br>10-90 percentile<br>1.0 to 2.3 kPa","Historical daily maximum<br>2.5 kPa<br>2025-07-14","DATE: Jul-14</b><br>Normal: 1.7 kPa<br>Period: 1991-2020","6117700","BARRIE-ORO",2003,2026
"07-15","TMAX",2001-07-15,25.7352941176471,19.2,30.9,3.3813719805115,21.64,23.2,28.1,29.56,24.4,"","6117700",42183,"BARRIE-ORO",7,2025-07-15,"DATE: Jul-15<br>Value: 24.4 °C<br>Anomaly: -1.3 °C<br>Weather station: ","DATE: Jul-15<br><b>Maximum temperature</b><br>10-90 percentile<br>21.6 to 29.6 °C","Historical daily maximum<br>30.9 °C<br>2025-07-15","DATE: Jul-15</b><br>Normal: 25.7 °C<br>Period: 1991-2020","6117700","BARRIE-ORO",2003,2026
"07-15","TMIN",2001-07-15,13.0294117647059,4.5,18.9,4.20858715988548,8,10.3,16.6,17.78,16.4,"","6117700",42183,"BARRIE-ORO",7,2005-07-15,"DATE: Jul-15<br>Value: 16.4 °C<br>Anomaly: +3.4 °C<br>Weather station: ","DATE: Jul-15<br><b>Minimum temperature</b><br>10-90 percentile<br>8.0 to 17.8 °C","Historical daily maximum<br>18.9 °C<br>2005-07-15","DATE: Jul-15</b><br>Normal: 13.0 °C<br>Period: 1991-2020","6117700","BARRIE-ORO",2003,2026
"07-15","VPD",2001-07-15,1.81651182068835,0.441225287094159,2.7329175052931,0.533367476878555,1.35424162618981,1.57098306991839,2.08875245165275,2.43884304034564,1.19104654029283,"","6117700",42183,"BARRIE-ORO",7,2025-07-15,"DATE: Jul-15<br>Value: 1.2 kPa<br>Anomaly: -0.6 kPa<br>Weather station: ","DATE: Jul-15<br><b>Vapour pressure deficit</b><br>10-90 percentile<br>1.4 to 2.4 kPa","Historical daily maximum<br>2.7 kPa<br>2025-07-15","DATE: Jul-15</b><br>Normal: 1.8 kPa<br>Period: 1991-2020","6117700","BARRIE-ORO",2003,2026
"07-16","TMAX",2001-07-16,26.4823529411765,18.7,32.1,3.86316503888289,22.34,24.1,29.7,31.28,26,"","6117700",42183,"BARRIE-ORO",7,2006-07-16,"DATE: Jul-16<br>Value: 26.0 °C<br>Anomaly: -0.5 °C<br>Weather station: ","DATE: Jul-16<br><b>Maximum temperature</b><br>10-90 percentile<br>22.3 to 31.3 °C","Historical daily maximum<br>32.1 °C<br>2006-07-16","DATE: Jul-16</b><br>Normal: 26.5 °C<br>Period: 1991-2020","6117700","BARRIE-ORO",2003,2026
"07-16","TMIN",2001-07-16,14.2647058823529,6.1,20.2,4.35429976811292,8.84,10.8,17.1,19.28,13.1,"","6117700",42183,"BARRIE-ORO",7,2010-07-16,"DATE: Jul-16<br>Value: 13.1 °C<br>Anomaly: -1.2 °C<br>Weather station: ","DATE: Jul-16<br><b>Minimum temperature</b><br>10-90 percentile<br>8.8 to 19.3 °C","Historical daily maximum<br>20.2 °C<br>2010-07-16","DATE: Jul-16</b><br>Normal: 14.3 °C<br>Period: 1991-2020","6117700","BARRIE-ORO",2003,2026
"07-16","VPD",2001-07-16,1.85260109471087,0.886546319783664,2.86840447577888,0.63377409863485,1.12973663292699,1.40075515715643,2.30548270202122,2.81925531682927,1.85384328384046,"","6117700",42183,"BARRIE-ORO",7,2025-07-16,"DATE: Jul-16<br>Value: 1.9 kPa<br>Anomaly: +0.0 kPa<br>Weather station: ","DATE: Jul-16<br><b>Vapour pressure deficit</b><br>10-90 percentile<br>1.1 to 2.8 kPa","Historical daily maximum<br>2.9 kPa<br>2025-07-16","DATE: Jul-16</b><br>Normal: 1.9 kPa<br>Period: 1991-2020","6117700","BARRIE-ORO",2003,2026
"07-17","TMAX",2001-07-17,27.2823529411765,19,32.9,3.98296925893824,22.94,24.7,29.2,32.4,26.3,"","6117700",42183,"BARRIE-ORO",7,2013-07-17,"DATE: Jul-17<br>Value: 26.3 °C<br>Anomaly: -1.0 °C<br>Weather station: ","DATE: Jul-17<br><b>Maximum temperature</b><br>10-90 percentile<br>22.9 to 32.4 °C","Historical daily maximum<br>32.9 °C<br>2013-07-17","DATE: Jul-17</b><br>Normal: 27.3 °C<br>Period: 1991-2020","6117700","BARRIE-ORO",2003,2026
"07-17","TMIN",2001-07-17,14.7058823529412,7.1,21.7,4.79315535271851,7.66,11.6,18.1,20.14,12.8,"","6117700",42183,"BARRIE-ORO",7,2005-07-17,"DATE: Jul-17<br>Value: 12.8 °C<br>Anomaly: -1.9 °C<br>Weather station: ","DATE: Jul-17<br><b>Minimum temperature</b><br>10-90 percentile<br>7.7 to 20.1 °C","Historical daily maximum<br>21.7 °C<br>2005-07-17","DATE: Jul-17</b><br>Normal: 14.7 °C<br>Period: 1991-2020","6117700","BARRIE-ORO",2003,2026
"07-17","VPD",2001-07-17,1.96659925896458,0.83139747831438,3.02063517295593,0.585900787589967,1.27404966903129,1.54268572632595,2.39028574645565,2.63609914101316,1.94322654261494,"","6117700",42183,"BARRIE-ORO",7,2011-07-17,"DATE: Jul-17<br>Value: 1.9 kPa<br>Anomaly: 0.0 kPa<br>Weather station: ","DATE: Jul-17<br><b>Vapour pressure deficit</b><br>10-90 percentile<br>1.3 to 2.6 kPa","Historical daily maximum<br>3.0 kPa<br>2011-07-17","DATE: Jul-17</b><br>Normal: 2.0 kPa<br>Period: 1991-2020","6117700","BARRIE-ORO",2003,2026
"07-18","TMAX",2001-07-18,26.7705882352941,20.6,31.9,2.96579768061696,23.4,24.9,28.4,30.56,25.8,"","6117700",42183,"BARRIE-ORO",7,2013-07-18,"DATE: Jul-18<br>Value: 25.8 °C<br>Anomaly: -1.0 °C<br>Weather station: ","DATE: Jul-18<br><b>Maximum temperature</b><br>10-90 percentile<br>23.4 to 30.6 °C","Historical daily maximum<br>31.9 °C<br>2013-07-18","DATE: Jul-18</b><br>Normal: 26.8 °C<br>Period: 1991-2020","6117700","BARRIE-ORO",2003,2026
"07-18","TMIN",2001-07-18,15.0764705882353,8.1,20.9,3.67194250563729,10.92,12.6,18,19.68,13.5,"","6117700",42183,"BARRIE-ORO",7,2013-07-18,"DATE: Jul-18<br>Value: 13.5 °C<br>Anomaly: -1.6 °C<br>Weather station: ","DATE: Jul-18<br><b>Minimum temperature</b><br>10-90 percentile<br>10.9 to 19.7 °C","Historical daily maximum<br>20.9 °C<br>2013-07-18","DATE: Jul-18</b><br>Normal: 15.1 °C<br>Period: 1991-2020","6117700","BARRIE-ORO",2003,2026
"07-18","VPD",2001-07-18,1.80812086638607,1.06055646653487,2.42671692975981,0.361376653546407,1.38027688791996,1.68387302038957,1.87382201417768,2.28752569022621,1.77443528556888,"","6117700",42183,"BARRIE-ORO",7,2020-07-18,"DATE: Jul-18<br>Value: 1.8 kPa<br>Anomaly: 0.0 kPa<br>Weather station: ","DATE: Jul-18<br><b>Vapour pressure deficit</b><br>10-90 percentile<br>1.4 to 2.3 kPa","Historical daily maximum<br>2.4 kPa<br>2020-07-18","DATE: Jul-18</b><br>Normal: 1.8 kPa<br>Period: 1991-2020","6117700","BARRIE-ORO",2003,2026
"07-19","TMAX",2001-07-19,25.9941176470588,20.4,33.1,3.06644553763704,22.98,23.7,27.4,29.44,22.1,"","6117700",42183,"BARRIE-ORO",7,2013-07-19,"DATE: Jul-19<br>Value: 22.1 °C<br>Anomaly: -3.9 °C<br>Weather station: ","DATE: Jul-19<br><b>Maximum temperature</b><br>10-90 percentile<br>23.0 to 29.4 °C","Historical daily maximum<br>33.1 °C<br>2013-07-19","DATE: Jul-19</b><br>Normal: 26.0 °C<br>Period: 1991-2020","6117700","BARRIE-ORO",2003,2026
"07-19","TMIN",2001-07-19,13.9823529411765,7.4,19.8,4.01111507160379,9.1,11.4,17.3,18.98,8.8,"","6117700",42183,"BARRIE-ORO",7,2019-07-19,"DATE: Jul-19<br>Value: 8.8 °C<br>Anomaly: -5.2 °C<br>Weather station: ","DATE: Jul-19<br><b>Minimum temperature</b><br>10-90 percentile<br>9.1 to 19.0 °C","Historical daily maximum<br>19.8 °C<br>2019-07-19","DATE: Jul-19</b><br>Normal: 14.0 °C<br>Period: 1991-2020","6117700","BARRIE-ORO",2003,2026
"07-19","VPD",2001-07-19,1.76494408392338,0.885944271489503,2.84729186152862,0.425192859780143,1.36150143282253,1.55587303167647,1.99630187990726,2.09770792942269,1.52744855395417,"","6117700",42183,"BARRIE-ORO",7,2013-07-19,"DATE: Jul-19<br>Value: 1.5 kPa<br>Anomaly: -0.2 kPa<br>Weather station: ","DATE: Jul-19<br><b>Vapour pressure deficit</b><br>10-90 percentile<br>1.4 to 2.1 kPa","Historical daily maximum<br>2.8 kPa<br>2013-07-19","DATE: Jul-19</b><br>Normal: 1.8 kPa<br>Period: 1991-2020","6117700","BARRIE-ORO",2003,2026
"07-20","TMAX",2001-07-20,25.9352941176471,20.4,33.3,3.30434206319325,22.4,24.1,27.5,30,25.1,"","6117700",42183,"BARRIE-ORO",7,2011-07-20,"DATE: Jul-20<br>Value: 25.1 °C<br>Anomaly: -0.8 °C<br>Weather station: ","DATE: Jul-20<br><b>Maximum temperature</b><br>10-90 percentile<br>22.4 to 30.0 °C","Historical daily maximum<br>33.3 °C<br>2011-07-20","DATE: Jul-20</b><br>Normal: 25.9 °C<br>Period: 1991-2020","6117700","BARRIE-ORO",2003,2026
"07-20","TMIN",2001-07-20,13.1647058823529,7,20.8,3.4768774022948,9.22,11.3,14.7,17.08,7,"","6117700",42183,"BARRIE-ORO",7,2019-07-20,"DATE: Jul-20<br>Value: 7.0 °C<br>Anomaly: -6.2 °C<br>Weather station: ","DATE: Jul-20<br><b>Minimum temperature</b><br>10-90 percentile<br>9.2 to 17.1 °C","Historical daily maximum<br>20.8 °C<br>2019-07-20","DATE: Jul-20</b><br>Normal: 13.2 °C<br>Period: 1991-2020","6117700","BARRIE-ORO",2003,2026
"07-20","VPD",2001-07-20,1.85577114246026,0.787801971269984,3.15298763780712,0.595952677184946,1.17042897526751,1.55259430688685,2.24468461548847,2.4462694812171,2.18483733622887,"","6117700",42183,"BARRIE-ORO",7,2011-07-20,"DATE: Jul-20<br>Value: 2.2 kPa<br>Anomaly: +0.3 kPa<br>Weather station: ","DATE: Jul-20<br><b>Vapour pressure deficit</b><br>10-90 percentile<br>1.2 to 2.4 kPa","Historical daily maximum<br>3.2 kPa<br>2011-07-20","DATE: Jul-20</b><br>Normal: 1.9 kPa<br>Period: 1991-2020","6117700","BARRIE-ORO",2003,2026
"07-21","TMAX",2001-07-21,26.4411764705882,22.1,33.3,3.30304004356771,22.64,24,29.1,31.06,NA,NA,NA,NA,NA,7,2011-07-21,"","DATE: Jul-21<br><b>Maximum temperature</b><br>10-90 percentile<br>22.6 to 31.1 °C","Historical daily maximum<br>33.3 °C<br>2011-07-21","DATE: Jul-21</b><br>Normal: 26.4 °C<br>Period: 1991-2020","6117700","BARRIE-ORO",2003,2026
"07-21","TMIN",2001-07-21,14.2,8.1,21.2,3.3750925913225,9.2,12.6,16.9,17.14,NA,NA,NA,NA,NA,7,2011-07-21,"","DATE: Jul-21<br><b>Minimum temperature</b><br>10-90 percentile<br>9.2 to 17.1 °C","Historical daily maximum<br>21.2 °C<br>2011-07-21","DATE: Jul-21</b><br>Normal: 14.2 °C<br>Period: 1991-2020","6117700","BARRIE-ORO",2003,2026
"07-21","VPD",2001-07-21,1.85389777069616,1.03009539424703,2.93990044722674,0.645347375161686,1.05465326522351,1.40389086327747,2.48738886114083,2.69838628433279,NA,NA,NA,NA,NA,7,2016-07-21,"","DATE: Jul-21<br><b>Vapour pressure deficit</b><br>10-90 percentile<br>1.1 to 2.7 kPa","Historical daily maximum<br>2.9 kPa<br>2016-07-21","DATE: Jul-21</b><br>Normal: 1.9 kPa<br>Period: 1991-2020","6117700","BARRIE-ORO",2003,2026
"07-22","TMAX",2001-07-22,25.7941176470588,21.2,31.4,2.96004024217478,22.66,24.2,27.6,30.06,19.4,"","6117700",42183,"BARRIE-ORO",7,2016-07-22,"DATE: Jul-22<br>Value: 19.4 °C<br>Anomaly: -6.4 °C<br>Weather station: ","DATE: Jul-22<br><b>Maximum temperature</b><br>10-90 percentile<br>22.7 to 30.1 °C","Historical daily maximum<br>31.4 °C<br>2016-07-22","DATE: Jul-22</b><br>Normal: 25.8 °C<br>Period: 1991-2020","6117700","BARRIE-ORO",2003,2026
"07-22","TMIN",2001-07-22,14.2411764705882,8.3,18.6,3.0199459480944,10.74,11.4,16.2,17.76,10.1,"","6117700",42183,"BARRIE-ORO",7,2011-07-22,"DATE: Jul-22<br>Value: 10.1 °C<br>Anomaly: -4.1 °C<br>Weather station: ","DATE: Jul-22<br><b>Minimum temperature</b><br>10-90 percentile<br>10.7 to 17.8 °C","Historical daily maximum<br>18.6 °C<br>2011-07-22","DATE: Jul-22</b><br>Normal: 14.2 °C<br>Period: 1991-2020","6117700","BARRIE-ORO",2003,2026
"07-22","VPD",2001-07-22,1.7142725411725,0.733986660846623,2.63349165906867,0.531791853662603,1.21576997976861,1.34527563113313,2.24813903224751,2.34424976592046,1.01661547966752,"","6117700",42183,"BARRIE-ORO",7,2016-07-22,"DATE: Jul-22<br>Value: 1.0 kPa<br>Anomaly: -0.7 kPa<br>Weather station: ","DATE: Jul-22<br><b>Vapour pressure deficit</b><br>10-90 percentile<br>1.2 to 2.3 kPa","Historical daily maximum<br>2.6 kPa<br>2016-07-22","DATE: Jul-22</b><br>Normal: 1.7 kPa<br>Period: 1991-2020","6117700","BARRIE-ORO",2003,2026
"07-23","TMAX",2001-07-23,25.6764705882353,19.2,33.8,3.78674157617151,21.66,23.5,27.2,30.76,23,"","6117700",42183,"BARRIE-ORO",7,2012-07-23,"DATE: Jul-23<br>Value: 23.0 °C<br>Anomaly: -2.7 °C<br>Weather station: ","DATE: Jul-23<br><b>Maximum temperature</b><br>10-90 percentile<br>21.7 to 30.8 °C","Historical daily maximum<br>33.8 °C<br>2012-07-23","DATE: Jul-23</b><br>Normal: 25.7 °C<br>Period: 1991-2020","6117700","BARRIE-ORO",2003,2026
"07-23","TMIN",2001-07-23,13.7823529411765,8.6,19.6,3.70375405739191,9.1,11.1,17.2,18.22,9.1,"","6117700",42183,"BARRIE-ORO",7,2018-07-23,"DATE: Jul-23<br>Value: 9.1 °C<br>Anomaly: -4.7 °C<br>Weather station: ","DATE: Jul-23<br><b>Minimum temperature</b><br>10-90 percentile<br>9.1 to 18.2 °C","Historical daily maximum<br>19.6 °C<br>2018-07-23","DATE: Jul-23</b><br>Normal: 13.8 °C<br>Period: 1991-2020","6117700","BARRIE-ORO",2003,2026
"07-23","VPD",2001-07-23,1.7538891962948,0.680300268239313,3.14383668662434,0.709682076927565,0.929884930997382,1.18107658581537,2.30710834668373,2.59893082256739,1.65359826736027,"","6117700",42183,"BARRIE-ORO",7,2012-07-23,"DATE: Jul-23<br>Value: 1.7 kPa<br>Anomaly: -0.1 kPa<br>Weather station: ","DATE: Jul-23<br><b>Vapour pressure deficit</b><br>10-90 percentile<br>0.9 to 2.6 kPa","Historical daily maximum<br>3.1 kPa<br>2012-07-23","DATE: Jul-23</b><br>Normal: 1.8 kPa<br>Period: 1991-2020","6117700","BARRIE-ORO",2003,2026
"07-24","TMAX",2001-07-24,24.4,18.2,27.1,2.68025185383762,20.74,22.6,26.4,26.98,24.7,"","6117700",42183,"BARRIE-ORO",7,2025-07-24,"DATE: Jul-24<br>Value: 24.7 °C<br>Anomaly: +0.3 °C<br>Weather station: ","DATE: Jul-24<br><b>Maximum temperature</b><br>10-90 percentile<br>20.7 to 27.0 °C","Historical daily maximum<br>27.1 °C<br>2025-07-24","DATE: Jul-24</b><br>Normal: 24.4 °C<br>Period: 1991-2020","6117700","BARRIE-ORO",2003,2026
"07-24","TMIN",2001-07-24,12.8941176470588,5.5,20.4,3.89285733559478,8.66,10.1,15.2,17.5,9.4,"","6117700",42183,"BARRIE-ORO",7,2018-07-24,"DATE: Jul-24<br>Value: 9.4 °C<br>Anomaly: -3.5 °C<br>Weather station: ","DATE: Jul-24<br><b>Minimum temperature</b><br>10-90 percentile<br>8.7 to 17.5 °C","Historical daily maximum<br>20.4 °C<br>2018-07-24","DATE: Jul-24</b><br>Normal: 12.9 °C<br>Period: 1991-2020","6117700","BARRIE-ORO",2003,2026
"07-24","VPD",2001-07-24,1.55971002905989,0.481079361912574,2.35009504391922,0.470417735022166,1.13727730461937,1.1642059399294,1.69051745647559,2.17875696140827,1.93215499374554,"","6117700",42183,"BARRIE-ORO",7,2025-07-24,"DATE: Jul-24<br>Value: 1.9 kPa<br>Anomaly: +0.4 kPa<br>Weather station: ","DATE: Jul-24<br><b>Vapour pressure deficit</b><br>10-90 percentile<br>1.1 to 2.2 kPa","Historical daily maximum<br>2.4 kPa<br>2025-07-24","DATE: Jul-24</b><br>Normal: 1.6 kPa<br>Period: 1991-2020","6117700","BARRIE-ORO",2003,2026
"07-25","TMAX",2001-07-25,25.9117647058824,22.1,30.2,2.63412280297948,22.66,23.5,28.1,29.1,26,"","6117700",42183,"BARRIE-ORO",7,2005-07-25,"DATE: Jul-25<br>Value: 26.0 °C<br>Anomaly: +0.1 °C<br>Weather station: ","DATE: Jul-25<br><b>Maximum temperature</b><br>10-90 percentile<br>22.7 to 29.1 °C","Historical daily maximum<br>30.2 °C<br>2005-07-25","DATE: Jul-25</b><br>Normal: 25.9 °C<br>Period: 1991-2020","6117700","BARRIE-ORO",2003,2026
"07-25","TMIN",2001-07-25,13.3588235294118,8.5,19.1,3.1012212964269,9.12,11.7,15.6,17.02,10.7,"","6117700",42183,"BARRIE-ORO",7,2006-07-25,"DATE: Jul-25<br>Value: 10.7 °C<br>Anomaly: -2.7 °C<br>Weather station: ","DATE: Jul-25<br><b>Minimum temperature</b><br>10-90 percentile<br>9.1 to 17.0 °C","Historical daily maximum<br>19.1 °C<br>2006-07-25","DATE: Jul-25</b><br>Normal: 13.4 °C<br>Period: 1991-2020","6117700","BARRIE-ORO",2003,2026
"07-25","VPD",2001-07-25,1.8179017794145,1.07182899047715,2.66198910163347,0.442572139793423,1.21630264378823,1.56766505772403,2.148661166506,2.31078232713211,2.07467494043872,"","6117700",42183,"BARRIE-ORO",7,2005-07-25,"DATE: Jul-25<br>Value: 2.1 kPa<br>Anomaly: +0.3 kPa<br>Weather station: ","DATE: Jul-25<br><b>Vapour pressure deficit</b><br>10-90 percentile<br>1.2 to 2.3 kPa","Historical daily maximum<br>2.7 kPa<br>2005-07-25","DATE: Jul-25</b><br>Normal: 1.8 kPa<br>Period: 1991-2020","6117700","BARRIE-ORO",2003,2026
"07-26","TMAX",2001-07-26,25.8470588235294,20.5,31.7,3.21386014923231,22.02,22.7,27.9,29.12,27,"","6117700",42183,"BARRIE-ORO",7,2020-07-26,"DATE: Jul-26<br>Value: 27.0 °C<br>Anomaly: +1.2 °C<br>Weather station: ","DATE: Jul-26<br><b>Maximum temperature</b><br>10-90 percentile<br>22.0 to 29.1 °C","Historical daily maximum<br>31.7 °C<br>2020-07-26","DATE: Jul-26</b><br>Normal: 25.8 °C<br>Period: 1991-2020","6117700","BARRIE-ORO",2003,2026
"07-26","TMIN",2001-07-26,13.3882352941176,6.5,18.4,3.11465936198109,9.54,12.1,15.4,17.18,12.4,"","6117700",42183,"BARRIE-ORO",7,2006-07-26,"DATE: Jul-26<br>Value: 12.4 °C<br>Anomaly: -1.0 °C<br>Weather station: ","DATE: Jul-26<br><b>Minimum temperature</b><br>10-90 percentile<br>9.5 to 17.2 °C","Historical daily maximum<br>18.4 °C<br>2006-07-26","DATE: Jul-26</b><br>Normal: 13.4 °C<br>Period: 1991-2020","6117700","BARRIE-ORO",2003,2026
"07-26","VPD",2001-07-26,1.81872501691207,0.808818363542161,2.69988332229947,0.585098241199539,0.981887352505958,1.43080558241641,2.23055939797135,2.46474128995831,2.12535122611406,"","6117700",42183,"BARRIE-ORO",7,2020-07-26,"DATE: Jul-26<br>Value: 2.1 kPa<br>Anomaly: +0.3 kPa<br>Weather station: ","DATE: Jul-26<br><b>Vapour pressure deficit</b><br>10-90 percentile<br>1.0 to 2.5 kPa","Historical daily maximum<br>2.7 kPa<br>2020-07-26","DATE: Jul-26</b><br>Normal: 1.8 kPa<br>Period: 1991-2020","6117700","BARRIE-ORO",2003,2026
"07-27","TMAX",2001-07-27,25.9588235294118,21.2,30.3,2.52191862069571,23.2,24.2,27.8,29.12,27.5,"","6117700",42183,"BARRIE-ORO",7,2015-07-27,"DATE: Jul-27<br>Value: 27.5 °C<br>Anomaly: +1.5 °C<br>Weather station: ","DATE: Jul-27<br><b>Maximum temperature</b><br>10-90 percentile<br>23.2 to 29.1 °C","Historical daily maximum<br>30.3 °C<br>2015-07-27","DATE: Jul-27</b><br>Normal: 26.0 °C<br>Period: 1991-2020","6117700","BARRIE-ORO",2003,2026
"07-27","TMIN",2001-07-27,14.3294117647059,8.5,17.4,2.07869090591962,12.58,13.5,16,16.28,14.9,"","6117700",42183,"BARRIE-ORO",7,2025-07-27,"DATE: Jul-27<br>Value: 14.9 °C<br>Anomaly: +0.6 °C<br>Weather station: ","DATE: Jul-27<br><b>Minimum temperature</b><br>10-90 percentile<br>12.6 to 16.3 °C","Historical daily maximum<br>17.4 °C<br>2025-07-27","DATE: Jul-27</b><br>Normal: 14.3 °C<br>Period: 1991-2020","6117700","BARRIE-ORO",2003,2026
"07-27","VPD",2001-07-27,1.73909252170638,0.92389386876589,2.80398152141956,0.50180340448816,1.32199147423895,1.40786960120126,2.01941321541274,2.4319268292939,1.97687217148217,"","6117700",42183,"BARRIE-ORO",7,2016-07-27,"DATE: Jul-27<br>Value: 2.0 kPa<br>Anomaly: +0.2 kPa<br>Weather station: ","DATE: Jul-27<br><b>Vapour pressure deficit</b><br>10-90 percentile<br>1.3 to 2.4 kPa","Historical daily maximum<br>2.8 kPa<br>2016-07-27","DATE: Jul-27</b><br>Normal: 1.7 kPa<br>Period: 1991-2020","6117700","BARRIE-ORO",2003,2026
"07-28","TMAX",2001-07-28,25.1,19.4,30.8,3.2385181796618,20.6,23.5,27.1,28.45,24,"","6117700",42183,"BARRIE-ORO",7,2025-07-28,"DATE: Jul-28<br>Value: 24.0 °C<br>Anomaly: -1.1 °C<br>Weather station: ","DATE: Jul-28<br><b>Maximum temperature</b><br>10-90 percentile<br>20.6 to 28.4 °C","Historical daily maximum<br>30.8 °C<br>2025-07-28","DATE: Jul-28</b><br>Normal: 25.1 °C<br>Period: 1991-2020","6117700","BARRIE-ORO",2003,2026
"07-28","TMIN",2001-07-28,14.2705882352941,6.9,17.4,2.84972908929129,11.46,12,16.5,17.18,17.3,"","6117700",42183,"BARRIE-ORO",7,2010-07-28,"DATE: Jul-28<br>Value: 17.3 °C<br>Anomaly: +3.0 °C<br>Weather station: ","DATE: Jul-28<br><b>Minimum temperature</b><br>10-90 percentile<br>11.5 to 17.2 °C","Historical daily maximum<br>17.4 °C<br>2010-07-28","DATE: Jul-28</b><br>Normal: 14.3 °C<br>Period: 1991-2020","6117700","BARRIE-ORO",2003,2026
"07-28","VPD",2001-07-28,1.60624612536603,0.85948882423452,2.72533469133885,0.513923747135068,1.04329287006394,1.08388025976522,1.9905107616368,2.12667936013703,1.00904061896739,"","6117700",42183,"BARRIE-ORO",7,2025-07-28,"DATE: Jul-28<br>Value: 1.0 kPa<br>Anomaly: -0.6 kPa<br>Weather station: ","DATE: Jul-28<br><b>Vapour pressure deficit</b><br>10-90 percentile<br>1.0 to 2.1 kPa","Historical daily maximum<br>2.7 kPa<br>2025-07-28","DATE: Jul-28</b><br>Normal: 1.6 kPa<br>Period: 1991-2020","6117700","BARRIE-ORO",2003,2026
"07-29","TMAX",2001-07-29,25.9,19.6,31.4,3.16306813078694,21.64,24.4,27.2,29.66,24.4,"","6117700",42183,"BARRIE-ORO",7,2015-07-29,"DATE: Jul-29<br>Value: 24.4 °C<br>Anomaly: -1.5 °C<br>Weather station: ","DATE: Jul-29<br><b>Maximum temperature</b><br>10-90 percentile<br>21.6 to 29.7 °C","Historical daily maximum<br>31.4 °C<br>2015-07-29","DATE: Jul-29</b><br>Normal: 25.9 °C<br>Period: 1991-2020","6117700","BARRIE-ORO",2003,2026
"07-29","TMIN",2001-07-29,12.9941176470588,7.9,19.2,3.22848079370067,9.24,10.5,15.3,17.12,16.1,"","6117700",42183,"BARRIE-ORO",7,2011-07-29,"DATE: Jul-29<br>Value: 16.1 °C<br>Anomaly: +3.1 °C<br>Weather station: ","DATE: Jul-29<br><b>Minimum temperature</b><br>10-90 percentile<br>9.2 to 17.1 °C","Historical daily maximum<br>19.2 °C<br>2011-07-29","DATE: Jul-29</b><br>Normal: 13.0 °C<br>Period: 1991-2020","6117700","BARRIE-ORO",2003,2026
"07-29","VPD",2001-07-29,1.86363766939639,1.10155085561174,2.73065120392361,0.486372013889234,1.13529363074133,1.68125422671283,2.04440082915718,2.46655945674359,1.22637940859027,"","6117700",42183,"BARRIE-ORO",7,2015-07-29,"DATE: Jul-29<br>Value: 1.2 kPa<br>Anomaly: -0.6 kPa<br>Weather station: ","DATE: Jul-29<br><b>Vapour pressure deficit</b><br>10-90 percentile<br>1.1 to 2.5 kPa","Historical daily maximum<br>2.7 kPa<br>2015-07-29","DATE: Jul-29</b><br>Normal: 1.9 kPa<br>Period: 1991-2020","6117700","BARRIE-ORO",2003,2026
"07-30","TMAX",2001-07-30,25.5294117647059,21.4,28.5,2.14818664979395,22.22,24.8,27.3,27.74,26.8,"","6117700",42183,"BARRIE-ORO",7,2007-07-30,"DATE: Jul-30<br>Value: 26.8 °C<br>Anomaly: +1.3 °C<br>Weather station: ","DATE: Jul-30<br><b>Maximum temperature</b><br>10-90 percentile<br>22.2 to 27.7 °C","Historical daily maximum<br>28.5 °C<br>2007-07-30","DATE: Jul-30</b><br>Normal: 25.5 °C<br>Period: 1991-2020","6117700","BARRIE-ORO",2003,2026
"07-30","TMIN",2001-07-30,12.7882352941176,8.9,17.7,2.5917856665196,9.78,10.8,14.6,15.54,13.7,"","6117700",42183,"BARRIE-ORO",7,2008-07-30,"DATE: Jul-30<br>Value: 13.7 °C<br>Anomaly: +0.9 °C<br>Weather station: ","DATE: Jul-30<br><b>Minimum temperature</b><br>10-90 percentile<br>9.8 to 15.5 °C","Historical daily maximum<br>17.7 °C<br>2008-07-30","DATE: Jul-30</b><br>Normal: 12.8 °C<br>Period: 1991-2020","6117700","BARRIE-ORO",2003,2026
"07-30","VPD",2001-07-30,1.79561809231089,1.36472524870356,2.58736577859425,0.343333988962694,1.38890569378697,1.58233530989342,1.96378746908299,2.22006346923347,1.95597222360304,"","6117700",42183,"BARRIE-ORO",7,2007-07-30,"DATE: Jul-30<br>Value: 2.0 kPa<br>Anomaly: +0.2 kPa<br>Weather station: ","DATE: Jul-30<br><b>Vapour pressure deficit</b><br>10-90 percentile<br>1.4 to 2.2 kPa","Historical daily maximum<br>2.6 kPa<br>2007-07-30","DATE: Jul-30</b><br>Normal: 1.8 kPa<br>Period: 1991-2020","6117700","BARRIE-ORO",2003,2026
"07-31","TMAX",2001-07-31,26.0176470588235,21.1,32.2,2.81607778970096,22.52,24.7,27.3,29.26,28.2,"","6117700",42183,"BARRIE-ORO",7,2006-07-31,"DATE: Jul-31<br>Value: 28.2 °C<br>Anomaly: +2.2 °C<br>Weather station: ","DATE: Jul-31<br><b>Maximum temperature</b><br>10-90 percentile<br>22.5 to 29.3 °C","Historical daily maximum<br>32.2 °C<br>2006-07-31","DATE: Jul-31</b><br>Normal: 26.0 °C<br>Period: 1991-2020","6117700","BARRIE-ORO",2003,2026
"07-31","TMIN",2001-07-31,13.3176470588235,8.5,17.5,2.82162083165812,9.32,11.3,15.9,16.3,11.7,"","6117700",42183,"BARRIE-ORO",7,2024-07-31,"DATE: Jul-31<br>Value: 11.7 °C<br>Anomaly: -1.6 °C<br>Weather station: ","DATE: Jul-31<br><b>Minimum temperature</b><br>10-90 percentile<br>9.3 to 16.3 °C","Historical daily maximum<br>17.5 °C<br>2024-07-31","DATE: Jul-31</b><br>Normal: 13.3 °C<br>Period: 1991-2020","6117700","BARRIE-ORO",2003,2026
"07-31","VPD",2001-07-31,1.85346382723193,1.07718472548085,2.95535471605722,0.511362120300796,1.30081702049748,1.53491508611516,2.09172293730838,2.48918972169633,2.44911359175012,"","6117700",42183,"BARRIE-ORO",7,2006-07-31,"DATE: Jul-31<br>Value: 2.4 kPa<br>Anomaly: +0.6 kPa<br>Weather station: ","DATE: Jul-31<br><b>Vapour pressure deficit</b><br>10-90 percentile<br>1.3 to 2.5 kPa","Historical daily maximum<br>3.0 kPa<br>2006-07-31","DATE: Jul-31</b><br>Normal: 1.9 kPa<br>Period: 1991-2020","6117700","BARRIE-ORO",2003,2026
"08-01","TMAX",2001-08-01,26.85625,23.1,35.2,3.09191822875919,24.25,25,28.025,30.25,27.9,"","6117700",42183,"BARRIE-ORO",8,2006-08-01,"DATE: Aug-01<br>Value: 27.9 °C<br>Anomaly: +1.0 °C<br>Weather station: ","DATE: Aug-01<br><b>Maximum temperature</b><br>10-90 percentile<br>24.2 to 30.2 °C","Historical daily maximum<br>35.2 °C<br>2006-08-01","DATE: Aug-01</b><br>Normal: 26.9 °C<br>Period: 1991-2020","6117700","BARRIE-ORO",2003,2026
"08-01","TMIN",2001-08-01,14.1470588235294,9.4,23.6,3.49465979157107,10.54,12.2,15.2,18.22,18.9,"","6117700",42183,"BARRIE-ORO",8,2006-08-01,"DATE: Aug-01<br>Value: 18.9 °C<br>Anomaly: +4.8 °C<br>Weather station: ","DATE: Aug-01<br><b>Minimum temperature</b><br>10-90 percentile<br>10.5 to 18.2 °C","Historical daily maximum<br>23.6 °C<br>2006-08-01","DATE: Aug-01</b><br>Normal: 14.1 °C<br>Period: 1991-2020","6117700","BARRIE-ORO",2003,2026
"08-01","VPD",2001-08-01,1.93716989035134,1.09077509877561,3.14113373103956,0.524849707689242,1.37545726629129,1.55845845593667,2.14591920340861,2.54786218012009,1.57425526940879,"","6117700",42183,"BARRIE-ORO",8,2007-08-01,"DATE: Aug-01<br>Value: 1.6 kPa<br>Anomaly: -0.4 kPa<br>Weather station: ","DATE: Aug-01<br><b>Vapour pressure deficit</b><br>10-90 percentile<br>1.4 to 2.5 kPa","Historical daily maximum<br>3.1 kPa<br>2007-08-01","DATE: Aug-01</b><br>Normal: 1.9 kPa<br>Period: 1991-2020","6117700","BARRIE-ORO",2003,2026
"08-02","TMAX",2001-08-02,27.2294117647059,23,33,2.83345299631968,23.82,25.7,28.7,30.7,19.4,"","6117700",42183,"BARRIE-ORO",8,2007-08-02,"DATE: Aug-02<br>Value: 19.4 °C<br>Anomaly: -7.8 °C<br>Weather station: ","DATE: Aug-02<br><b>Maximum temperature</b><br>10-90 percentile<br>23.8 to 30.7 °C","Historical daily maximum<br>33.0 °C<br>2007-08-02","DATE: Aug-02</b><br>Normal: 27.2 °C<br>Period: 1991-2020","6117700","BARRIE-ORO",2003,2026
"08-02","TMIN",2001-08-02,13.8058823529412,9,20.7,2.91386139603347,10.5,12.1,15.7,16.78,15.1,"","6117700",42183,"BARRIE-ORO",8,2006-08-02,"DATE: Aug-02<br>Value: 15.1 °C<br>Anomaly: +1.3 °C<br>Weather station: ","DATE: Aug-02<br><b>Minimum temperature</b><br>10-90 percentile<br>10.5 to 16.8 °C","Historical daily maximum<br>20.7 °C<br>2006-08-02","DATE: Aug-02</b><br>Normal: 13.8 °C<br>Period: 1991-2020","6117700","BARRIE-ORO",2003,2026
"08-02","VPD",2001-08-02,2.05259457876607,1.03944888676429,3.15297196151031,0.501234782821315,1.5207169622417,1.78160434456717,2.36723349376886,2.57002705640468,0.536474594397423,"","6117700",42183,"BARRIE-ORO",8,2007-08-02,"DATE: Aug-02<br>Value: 0.5 kPa<br>Anomaly: -1.5 kPa<br>Weather station: ","DATE: Aug-02<br><b>Vapour pressure deficit</b><br>10-90 percentile<br>1.5 to 2.6 kPa","Historical daily maximum<br>3.2 kPa<br>2007-08-02","DATE: Aug-02</b><br>Normal: 2.1 kPa<br>Period: 1991-2020","6117700","BARRIE-ORO",2003,2026
"08-03","TMAX",2001-08-03,26.0058823529412,20.4,31.5,3.35363060507476,21.58,23.7,28.4,30.32,24,"","6117700",42183,"BARRIE-ORO",8,2005-08-03,"DATE: Aug-03<br>Value: 24.0 °C<br>Anomaly: -2.0 °C<br>Weather station: ","DATE: Aug-03<br><b>Maximum temperature</b><br>10-90 percentile<br>21.6 to 30.3 °C","Historical daily maximum<br>31.5 °C<br>2005-08-03","DATE: Aug-03</b><br>Normal: 26.0 °C<br>Period: 1991-2020","6117700","BARRIE-ORO",2003,2026
"08-03","TMIN",2001-08-03,14.2294117647059,7.7,19,2.61599997751394,11.46,12.4,15.8,16.26,13,"","6117700",42183,"BARRIE-ORO",8,2010-08-03,"DATE: Aug-03<br>Value: 13.0 °C<br>Anomaly: -1.2 °C<br>Weather station: ","DATE: Aug-03<br><b>Minimum temperature</b><br>10-90 percentile<br>11.5 to 16.3 °C","Historical daily maximum<br>19.0 °C<br>2010-08-03","DATE: Aug-03</b><br>Normal: 14.2 °C<br>Period: 1991-2020","6117700","BARRIE-ORO",2003,2026
"08-03","VPD",2001-08-03,1.775392371163,0.581708036034196,2.87230709613452,0.63291519162454,1.04421919060501,1.4447266942518,2.09458971859821,2.55561529230221,1.48614657440858,"","6117700",42183,"BARRIE-ORO",8,2005-08-03,"DATE: Aug-03<br>Value: 1.5 kPa<br>Anomaly: -0.3 kPa<br>Weather station: ","DATE: Aug-03<br><b>Vapour pressure deficit</b><br>10-90 percentile<br>1.0 to 2.6 kPa","Historical daily maximum<br>2.9 kPa<br>2005-08-03","DATE: Aug-03</b><br>Normal: 1.8 kPa<br>Period: 1991-2020","6117700","BARRIE-ORO",2003,2026
"08-04","TMAX",2001-08-04,26.2588235294118,19.6,32.3,3.54172606639923,22.4,24.7,28.2,31.22,25.6,"","6117700",42183,"BARRIE-ORO",8,2016-08-04,"DATE: Aug-04<br>Value: 25.6 °C<br>Anomaly: -0.7 °C<br>Weather station: ","DATE: Aug-04<br><b>Maximum temperature</b><br>10-90 percentile<br>22.4 to 31.2 °C","Historical daily maximum<br>32.3 °C<br>2016-08-04","DATE: Aug-04</b><br>Normal: 26.3 °C<br>Period: 1991-2020","6117700","BARRIE-ORO",2003,2026
"08-04","TMIN",2001-08-04,13.6882352941176,9.7,18,2.3842929646284,10.82,12.2,15.1,16.54,10.5,"","6117700",42183,"BARRIE-ORO",8,2010-08-04,"DATE: Aug-04<br>Value: 10.5 °C<br>Anomaly: -3.2 °C<br>Weather station: ","DATE: Aug-04<br><b>Minimum temperature</b><br>10-90 percentile<br>10.8 to 16.5 °C","Historical daily maximum<br>18.0 °C<br>2010-08-04","DATE: Aug-04</b><br>Normal: 13.7 °C<br>Period: 1991-2020","6117700","BARRIE-ORO",2003,2026
"08-04","VPD",2001-08-04,1.89266830442538,0.957344553016431,3.24771718112659,0.619737347620563,1.12231748309935,1.42809838308316,2.20347390188027,2.65541465103209,2.01305427848275,"","6117700",42183,"BARRIE-ORO",8,2016-08-04,"DATE: Aug-04<br>Value: 2.0 kPa<br>Anomaly: +0.1 kPa<br>Weather station: ","DATE: Aug-04<br><b>Vapour pressure deficit</b><br>10-90 percentile<br>1.1 to 2.7 kPa","Historical daily maximum<br>3.2 kPa<br>2016-08-04","DATE: Aug-04</b><br>Normal: 1.9 kPa<br>Period: 1991-2020","6117700","BARRIE-ORO",2003,2026
"08-05","TMAX",2001-08-05,24.9058823529412,17.6,33,4.27645743990211,19.6,22.4,26.9,29.32,27.3,"","6117700",42183,"BARRIE-ORO",8,2018-08-05,"DATE: Aug-05<br>Value: 27.3 °C<br>Anomaly: +2.4 °C<br>Weather station: ","DATE: Aug-05<br><b>Maximum temperature</b><br>10-90 percentile<br>19.6 to 29.3 °C","Historical daily maximum<br>33.0 °C<br>2018-08-05","DATE: Aug-05</b><br>Normal: 24.9 °C<br>Period: 1991-2020","6117700","BARRIE-ORO",2003,2026
"08-05","TMIN",2001-08-05,11.9588235294118,6.9,18.6,3.25577541139001,8.78,9.7,14,16.48,12.5,"","6117700",42183,"BARRIE-ORO",8,2016-08-05,"DATE: Aug-05<br>Value: 12.5 °C<br>Anomaly: +0.5 °C<br>Weather station: ","DATE: Aug-05<br><b>Minimum temperature</b><br>10-90 percentile<br>8.8 to 16.5 °C","Historical daily maximum<br>18.6 °C<br>2016-08-05","DATE: Aug-05</b><br>Normal: 12.0 °C<br>Period: 1991-2020","6117700","BARRIE-ORO",2003,2026
"08-05","VPD",2001-08-05,1.80859306599594,0.871957650979119,3.43154293618156,0.673058878657188,1.04698408671282,1.25312247471318,2.19236546750364,2.590050118322,2.17909272116541,"","6117700",42183,"BARRIE-ORO",8,2018-08-05,"DATE: Aug-05<br>Value: 2.2 kPa<br>Anomaly: +0.4 kPa<br>Weather station: ","DATE: Aug-05<br><b>Vapour pressure deficit</b><br>10-90 percentile<br>1.0 to 2.6 kPa","Historical daily maximum<br>3.4 kPa<br>2018-08-05","DATE: Aug-05</b><br>Normal: 1.8 kPa<br>Period: 1991-2020","6117700","BARRIE-ORO",2003,2026
"08-06","TMAX",2001-08-06,24.4705882352941,18.4,29.8,2.67225670218131,21.22,23.8,26,26.98,26.3,NA,"6117700",42183,"BARRIE-ORO",8,2022-08-06,"DATE: Aug-06<br>Value: 26.3 °C<br>Anomaly: +1.8 °C<br>Weather station: NA","DATE: Aug-06<br><b>Maximum temperature</b><br>10-90 percentile<br>21.2 to 27.0 °C","Historical daily maximum<br>29.8 °C<br>2022-08-06","DATE: Aug-06</b><br>Normal: 24.5 °C<br>Period: 1991-2020","6117700","BARRIE-ORO",2003,2026
"08-06","TMIN",2001-08-06,12.1411764705882,7,19.7,3.46321000365438,8.74,9.4,14.7,15.9,14.5,NA,"6117700",42183,"BARRIE-ORO",8,2018-08-06,"DATE: Aug-06<br>Value: 14.5 °C<br>Anomaly: +2.4 °C<br>Weather station: NA","DATE: Aug-06<br><b>Minimum temperature</b><br>10-90 percentile<br>8.7 to 15.9 °C","Historical daily maximum<br>19.7 °C<br>2018-08-06","DATE: Aug-06</b><br>Normal: 12.1 °C<br>Period: 1991-2020","6117700","BARRIE-ORO",2003,2026
"08-06","VPD",2001-08-06,1.65399359907964,1.11461638039213,2.08733773498315,0.264082220906816,1.35340107936726,1.51436364046776,1.83913043869326,1.91369110823349,1.77029551231354,NA,"6117700",42183,"BARRIE-ORO",8,2022-08-06,"DATE: Aug-06<br>Value: 1.8 kPa<br>Anomaly: +0.1 kPa<br>Weather station: NA","DATE: Aug-06<br><b>Vapour pressure deficit</b><br>10-90 percentile<br>1.4 to 1.9 kPa","Historical daily maximum<br>2.1 kPa<br>2022-08-06","DATE: Aug-06</b><br>Normal: 1.7 kPa<br>Period: 1991-2020","6117700","BARRIE-ORO",2003,2026
"08-07","TMAX",2001-08-07,25.0176470588235,21.5,29.4,2.39171363621297,21.88,23,27,27.82,NA,NA,NA,NA,NA,8,2022-08-07,"","DATE: Aug-07<br><b>Maximum temperature</b><br>10-90 percentile<br>21.9 to 27.8 °C","Historical daily maximum<br>29.4 °C<br>2022-08-07","DATE: Aug-07</b><br>Normal: 25.0 °C<br>Period: 1991-2020","6117700","BARRIE-ORO",2003,2026
"08-07","TMIN",2001-08-07,12.2823529411765,7.3,18.6,3.28866144770894,8.16,10.7,13.6,17.12,NA,NA,NA,NA,NA,8,2022-08-07,"","DATE: Aug-07<br><b>Minimum temperature</b><br>10-90 percentile<br>8.2 to 17.1 °C","Historical daily maximum<br>18.6 °C<br>2022-08-07","DATE: Aug-07</b><br>Normal: 12.3 °C<br>Period: 1991-2020","6117700","BARRIE-ORO",2003,2026
"08-07","VPD",2001-08-07,1.74033751139277,1.23415163305527,2.91178761756248,0.414084836981328,1.38754731955634,1.51587286756689,1.78675284732964,2.14242026900962,NA,NA,NA,NA,NA,8,2005-08-07,"","DATE: Aug-07<br><b>Vapour pressure deficit</b><br>10-90 percentile<br>1.4 to 2.1 kPa","Historical daily maximum<br>2.9 kPa<br>2005-08-07","DATE: Aug-07</b><br>Normal: 1.7 kPa<br>Period: 1991-2020","6117700","BARRIE-ORO",2003,2026
"08-08","TMAX",2001-08-08,24.7941176470588,21.2,29.8,2.36629208579459,22.08,23.3,26,27.74,NA,NA,NA,NA,NA,8,2005-08-08,"","DATE: Aug-08<br><b>Maximum temperature</b><br>10-90 percentile<br>22.1 to 27.7 °C","Historical daily maximum<br>29.8 °C<br>2005-08-08","DATE: Aug-08</b><br>Normal: 24.8 °C<br>Period: 1991-2020","6117700","BARRIE-ORO",2003,2026
"08-08","TMIN",2001-08-08,11.8764705882353,5.7,16.7,3.15307972698216,8.12,10,14.1,16.02,NA,NA,NA,NA,NA,8,2010-08-08,"","DATE: Aug-08<br><b>Minimum temperature</b><br>10-90 percentile<br>8.1 to 16.0 °C","Historical daily maximum<br>16.7 °C<br>2010-08-08","DATE: Aug-08</b><br>Normal: 11.9 °C<br>Period: 1991-2020","6117700","BARRIE-ORO",2003,2026
"08-08","VPD",2001-08-08,1.73911758743925,0.959625820813738,2.96666999157796,0.494318809031903,1.17208512191787,1.460306406915,1.93417580818433,2.27837341431682,NA,NA,NA,NA,NA,8,2005-08-08,"","DATE: Aug-08<br><b>Vapour pressure deficit</b><br>10-90 percentile<br>1.2 to 2.3 kPa","Historical daily maximum<br>3.0 kPa<br>2005-08-08","DATE: Aug-08</b><br>Normal: 1.7 kPa<br>Period: 1991-2020","6117700","BARRIE-ORO",2003,2026
"08-09","TMAX",2001-08-09,25.1941176470588,17.4,31.8,3.82646550164693,20,23.9,27.4,29.62,NA,NA,NA,NA,NA,8,2005-08-09,"","DATE: Aug-09<br><b>Maximum temperature</b><br>10-90 percentile<br>20.0 to 29.6 °C","Historical daily maximum<br>31.8 °C<br>2005-08-09","DATE: Aug-09</b><br>Normal: 25.2 °C<br>Period: 1991-2020","6117700","BARRIE-ORO",2003,2026
"08-09","TMIN",2001-08-09,12.7705882352941,7,17.6,3.21845551194248,9.24,10,15.7,16.66,NA,NA,NA,NA,NA,8,2021-08-09,"","DATE: Aug-09<br><b>Minimum temperature</b><br>10-90 percentile<br>9.2 to 16.7 °C","Historical daily maximum<br>17.6 °C<br>2021-08-09","DATE: Aug-09</b><br>Normal: 12.8 °C<br>Period: 1991-2020","6117700","BARRIE-ORO",2003,2026
"08-09","VPD",2001-08-09,1.76898496175428,0.306351969844296,3.07130700070981,0.746688863264926,0.754952577106914,1.50244709565031,2.15422584861218,2.66043742658003,NA,NA,NA,NA,NA,8,2005-08-09,"","DATE: Aug-09<br><b>Vapour pressure deficit</b><br>10-90 percentile<br>0.8 to 2.7 kPa","Historical daily maximum<br>3.1 kPa<br>2005-08-09","DATE: Aug-09</b><br>Normal: 1.8 kPa<br>Period: 1991-2020","6117700","BARRIE-ORO",2003,2026
"08-10","TMAX",2001-08-10,24.8529411764706,17.5,32.6,4.16640097192091,19.56,22.4,26.7,30.4,NA,NA,NA,NA,NA,8,2025-08-10,"","DATE: Aug-10<br><b>Maximum temperature</b><br>10-90 percentile<br>19.6 to 30.4 °C","Historical daily maximum<br>32.6 °C<br>2025-08-10","DATE: Aug-10</b><br>Normal: 24.9 °C<br>Period: 1991-2020","6117700","BARRIE-ORO",2003,2026
"08-10","TMIN",2001-08-10,13.0647058823529,7.5,19.2,3.4104510655613,9.06,10.7,15.9,17.52,NA,NA,NA,NA,NA,8,2021-08-10,"","DATE: Aug-10<br><b>Minimum temperature</b><br>10-90 percentile<br>9.1 to 17.5 °C","Historical daily maximum<br>19.2 °C<br>2021-08-10","DATE: Aug-10</b><br>Normal: 13.1 °C<br>Period: 1991-2020","6117700","BARRIE-ORO",2003,2026
"08-10","VPD",2001-08-10,1.6849886330909,0.336447785436536,3.21303504006049,0.674219638323447,0.992096901968817,1.37999063317227,2.16671827240408,2.34758942533317,NA,NA,NA,NA,NA,8,2016-08-10,"","DATE: Aug-10<br><b>Vapour pressure deficit</b><br>10-90 percentile<br>1.0 to 2.3 kPa","Historical daily maximum<br>3.2 kPa<br>2016-08-10","DATE: Aug-10</b><br>Normal: 1.7 kPa<br>Period: 1991-2020","6117700","BARRIE-ORO",2003,2026
"08-11","TMAX",2001-08-11,25.1352941176471,21,32.6,3.22411638601776,21.42,22.2,26.6,28.68,NA,NA,NA,NA,NA,8,2016-08-11,"","DATE: Aug-11<br><b>Maximum temperature</b><br>10-90 percentile<br>21.4 to 28.7 °C","Historical daily maximum<br>32.6 °C<br>2016-08-11","DATE: Aug-11</b><br>Normal: 25.1 °C<br>Period: 1991-2020","6117700","BARRIE-ORO",2003,2026
"08-11","TMIN",2001-08-11,12.5882352941176,6.7,17.7,2.9761305316092,9.04,11.1,15,15.76,NA,NA,NA,NA,NA,8,2021-08-11,"","DATE: Aug-11<br><b>Minimum temperature</b><br>10-90 percentile<br>9.0 to 15.8 °C","Historical daily maximum<br>17.7 °C<br>2021-08-11","DATE: Aug-11</b><br>Normal: 12.6 °C<br>Period: 1991-2020","6117700","BARRIE-ORO",2003,2026
"08-11","VPD",2001-08-11,1.76231084670678,0.92389386876589,3.14603380050205,0.601022250474041,0.978964244504536,1.43407261163315,2.13449492029251,2.42456877616281,NA,NA,NA,NA,NA,8,2016-08-11,"","DATE: Aug-11<br><b>Vapour pressure deficit</b><br>10-90 percentile<br>1.0 to 2.4 kPa","Historical daily maximum<br>3.1 kPa<br>2016-08-11","DATE: Aug-11</b><br>Normal: 1.8 kPa<br>Period: 1991-2020","6117700","BARRIE-ORO",2003,2026
"08-12","TMAX",2001-08-12,24.75,20.5,28.8,2.55029410068721,21.5,23.1,26.825,27.5,NA,NA,NA,NA,NA,8,2025-08-12,"","DATE: Aug-12<br><b>Maximum temperature</b><br>10-90 percentile<br>21.5 to 27.5 °C","Historical daily maximum<br>28.8 °C<br>2025-08-12","DATE: Aug-12</b><br>Normal: 24.8 °C<br>Period: 1991-2020","6117700","BARRIE-ORO",2003,2026
"08-12","TMIN",2001-08-12,12.8058823529412,4.3,23,4.00475819935413,9.36,10.8,15.3,16.1,NA,NA,NA,NA,NA,8,2016-08-12,"","DATE: Aug-12<br><b>Minimum temperature</b><br>10-90 percentile<br>9.4 to 16.1 °C","Historical daily maximum<br>23.0 °C<br>2016-08-12","DATE: Aug-12</b><br>Normal: 12.8 °C<br>Period: 1991-2020","6117700","BARRIE-ORO",2003,2026
"08-12","VPD",2001-08-12,1.70820853673866,0.945697989075489,2.62934454195055,0.471311282536354,1.16937320259098,1.32338337024643,2.06466984127244,2.22026925060228,NA,NA,NA,NA,NA,8,2025-08-12,"","DATE: Aug-12<br><b>Vapour pressure deficit</b><br>10-90 percentile<br>1.2 to 2.2 kPa","Historical daily maximum<br>2.6 kPa<br>2025-08-12","DATE: Aug-12</b><br>Normal: 1.7 kPa<br>Period: 1991-2020","6117700","BARRIE-ORO",2003,2026
"08-13","TMAX",2001-08-13,24.3882352941176,16.3,28.8,3.7426398358881,17.88,24,26.8,27.7,NA,NA,NA,NA,NA,8,2018-08-13,"","DATE: Aug-13<br><b>Maximum temperature</b><br>10-90 percentile<br>17.9 to 27.7 °C","Historical daily maximum<br>28.8 °C<br>2018-08-13","DATE: Aug-13</b><br>Normal: 24.4 °C<br>Period: 1991-2020","6117700","BARRIE-ORO",2003,2026
"08-13","TMIN",2001-08-13,12.4294117647059,6.2,20.1,3.46550225542459,9.18,10,14.4,16.66,NA,NA,NA,NA,NA,8,2016-08-13,"","DATE: Aug-13<br><b>Minimum temperature</b><br>10-90 percentile<br>9.2 to 16.7 °C","Historical daily maximum<br>20.1 °C<br>2016-08-13","DATE: Aug-13</b><br>Normal: 12.4 °C<br>Period: 1991-2020","6117700","BARRIE-ORO",2003,2026
"08-13","VPD",2001-08-13,1.63902017938127,0.625460029866361,2.44213390694506,0.573161215002522,0.809188534721403,1.39730046664289,2.13812636378948,2.2491820454261,NA,NA,NA,NA,NA,8,2018-08-13,"","DATE: Aug-13<br><b>Vapour pressure deficit</b><br>10-90 percentile<br>0.8 to 2.2 kPa","Historical daily maximum<br>2.4 kPa<br>2018-08-13","DATE: Aug-13</b><br>Normal: 1.6 kPa<br>Period: 1991-2020","6117700","BARRIE-ORO",2003,2026
"08-14","TMAX",2001-08-14,23.8588235294118,12.4,29.3,3.9451012064853,19.96,22.4,25.9,27.6,NA,NA,NA,NA,NA,8,2018-08-14,"","DATE: Aug-14<br><b>Maximum temperature</b><br>10-90 percentile<br>20.0 to 27.6 °C","Historical daily maximum<br>29.3 °C<br>2018-08-14","DATE: Aug-14</b><br>Normal: 23.9 °C<br>Period: 1991-2020","6117700","BARRIE-ORO",2003,2026
"08-14","TMIN",2001-08-14,12.0176470588235,7.6,18.6,3.44514790940056,8.18,9.2,15.1,16.38,NA,NA,NA,NA,NA,8,2010-08-14,"","DATE: Aug-14<br><b>Minimum temperature</b><br>10-90 percentile<br>8.2 to 16.4 °C","Historical daily maximum<br>18.6 °C<br>2010-08-14","DATE: Aug-14</b><br>Normal: 12.0 °C<br>Period: 1991-2020","6117700","BARRIE-ORO",2003,2026
"08-14","VPD",2001-08-14,1.5873848523261,0.276324386197757,2.47267373558759,0.559685310947979,1.03829417218614,1.24295422134533,1.89103189482357,2.25860762557931,NA,NA,NA,NA,NA,8,2007-08-14,"","DATE: Aug-14<br><b>Vapour pressure deficit</b><br>10-90 percentile<br>1.0 to 2.3 kPa","Historical daily maximum<br>2.5 kPa<br>2007-08-14","DATE: Aug-14</b><br>Normal: 1.6 kPa<br>Period: 1991-2020","6117700","BARRIE-ORO",2003,2026
"08-15","TMAX",2001-08-15,25.2352941176471,20.4,30.6,2.92145964726337,22.22,23,27.2,29.16,NA,NA,NA,NA,NA,8,2018-08-15,"","DATE: Aug-15<br><b>Maximum temperature</b><br>10-90 percentile<br>22.2 to 29.2 °C","Historical daily maximum<br>30.6 °C<br>2018-08-15","DATE: Aug-15</b><br>Normal: 25.2 °C<br>Period: 1991-2020","6117700","BARRIE-ORO",2003,2026
"08-15","TMIN",2001-08-15,11.8764705882353,7.2,18.4,3.23274832993629,8.24,9.8,14.3,15.8,NA,NA,NA,NA,NA,8,2010-08-15,"","DATE: Aug-15<br><b>Minimum temperature</b><br>10-90 percentile<br>8.2 to 15.8 °C","Historical daily maximum<br>18.4 °C<br>2010-08-15","DATE: Aug-15</b><br>Normal: 11.9 °C<br>Period: 1991-2020","6117700","BARRIE-ORO",2003,2026
"08-15","VPD",2001-08-15,1.83450065906802,1.18520838384683,2.53704715814943,0.393733224407677,1.47486554899374,1.53192429719182,2.10509657841876,2.41708625100663,NA,NA,NA,NA,NA,8,2009-08-15,"","DATE: Aug-15<br><b>Vapour pressure deficit</b><br>10-90 percentile<br>1.5 to 2.4 kPa","Historical daily maximum<br>2.5 kPa<br>2009-08-15","DATE: Aug-15</b><br>Normal: 1.8 kPa<br>Period: 1991-2020","6117700","BARRIE-ORO",2003,2026
"08-16","TMAX",2001-08-16,25.0235294117647,17.4,29.9,3.1483188791331,22.24,23.4,26.5,29.58,NA,NA,NA,NA,NA,8,2025-08-16,"","DATE: Aug-16<br><b>Maximum temperature</b><br>10-90 percentile<br>22.2 to 29.6 °C","Historical daily maximum<br>29.9 °C<br>2025-08-16","DATE: Aug-16</b><br>Normal: 25.0 °C<br>Period: 1991-2020","6117700","BARRIE-ORO",2003,2026
"08-16","TMIN",2001-08-16,11.4882352941176,7,16.6,2.9910036678641,7.68,9.7,13.3,15.2,NA,NA,NA,NA,NA,8,2009-08-16,"","DATE: Aug-16<br><b>Minimum temperature</b><br>10-90 percentile<br>7.7 to 15.2 °C","Historical daily maximum<br>16.6 °C<br>2009-08-16","DATE: Aug-16</b><br>Normal: 11.5 °C<br>Period: 1991-2020","6117700","BARRIE-ORO",2003,2026
"08-16","VPD",2001-08-16,1.83934332122995,0.775795162303585,2.49289152853091,0.50720710030778,1.19371853548749,1.42809838308316,2.28091274380078,2.37913924506259,NA,NA,NA,NA,NA,8,2025-08-16,"","DATE: Aug-16<br><b>Vapour pressure deficit</b><br>10-90 percentile<br>1.2 to 2.4 kPa","Historical daily maximum<br>2.5 kPa<br>2025-08-16","DATE: Aug-16</b><br>Normal: 1.8 kPa<br>Period: 1991-2020","6117700","BARRIE-ORO",2003,2026
"08-17","TMAX",2001-08-17,24.9117647058824,21.3,30.6,2.41399108142024,22.12,23.4,25.7,27.54,NA,NA,NA,NA,NA,8,2015-08-17,"","DATE: Aug-17<br><b>Maximum temperature</b><br>10-90 percentile<br>22.1 to 27.5 °C","Historical daily maximum<br>30.6 °C<br>2015-08-17","DATE: Aug-17</b><br>Normal: 24.9 °C<br>Period: 1991-2020","6117700","BARRIE-ORO",2003,2026
"08-17","TMIN",2001-08-17,11.825,4.7,19.8,4.06111643106507,6.75,9.875,12.575,17.6,NA,NA,NA,NA,NA,8,2018-08-17,"","DATE: Aug-17<br><b>Minimum temperature</b><br>10-90 percentile<br>6.8 to 17.6 °C","Historical daily maximum<br>19.8 °C<br>2018-08-17","DATE: Aug-17</b><br>Normal: 11.8 °C<br>Period: 1991-2020","6117700","BARRIE-ORO",2003,2026
"08-17","VPD",2001-08-17,1.73373112420887,0.87720751271424,2.40389475781466,0.43794427104369,1.20711417990745,1.37633763644498,2.02275799691494,2.18955370018825,NA,NA,NA,NA,NA,8,2015-08-17,"","DATE: Aug-17<br><b>Vapour pressure deficit</b><br>10-90 percentile<br>1.2 to 2.2 kPa","Historical daily maximum<br>2.4 kPa<br>2015-08-17","DATE: Aug-17</b><br>Normal: 1.7 kPa<br>Period: 1991-2020","6117700","BARRIE-ORO",2003,2026
"08-18","TMAX",2001-08-18,24.6823529411765,19.5,28.2,2.7231037654939,21,23.3,26.8,27.66,NA,NA,NA,NA,NA,8,2008-08-18,"","DATE: Aug-18<br><b>Maximum temperature</b><br>10-90 percentile<br>21.0 to 27.7 °C","Historical daily maximum<br>28.2 °C<br>2008-08-18","DATE: Aug-18</b><br>Normal: 24.7 °C<br>Period: 1991-2020","6117700","BARRIE-ORO",2003,2026
"08-18","TMIN",2001-08-18,12.2352941176471,4.5,18,3.57262878992322,7.7,10.6,14.3,16.18,NA,NA,NA,NA,NA,8,2021-08-18,"","DATE: Aug-18<br><b>Minimum temperature</b><br>10-90 percentile<br>7.7 to 16.2 °C","Historical daily maximum<br>18.0 °C<br>2021-08-18","DATE: Aug-18</b><br>Normal: 12.2 °C<br>Period: 1991-2020","6117700","BARRIE-ORO",2003,2026
"08-18","VPD",2001-08-18,1.68511089266024,1.1116229362163,2.33617049698988,0.391336411933546,1.28990227624854,1.38253300444439,2.04127626844143,2.24357073892018,NA,NA,NA,NA,NA,8,2008-08-18,"","DATE: Aug-18<br><b>Vapour pressure deficit</b><br>10-90 percentile<br>1.3 to 2.2 kPa","Historical daily maximum<br>2.3 kPa<br>2008-08-18","DATE: Aug-18</b><br>Normal: 1.7 kPa<br>Period: 1991-2020","6117700","BARRIE-ORO",2003,2026
"08-19","TMAX",2001-08-19,23.6529411764706,19.1,28.9,2.80560101561564,20.18,21.8,25,27.06,NA,NA,NA,NA,NA,8,2016-08-19,"","DATE: Aug-19<br><b>Maximum temperature</b><br>10-90 percentile<br>20.2 to 27.1 °C","Historical daily maximum<br>28.9 °C<br>2016-08-19","DATE: Aug-19</b><br>Normal: 23.7 °C<br>Period: 1991-2020","6117700","BARRIE-ORO",2003,2026
"08-19","TMIN",2001-08-19,10.4529411764706,3.7,18,3.6907176888545,6.18,8.4,12.8,14.42,NA,NA,NA,NA,NA,8,2015-08-19,"","DATE: Aug-19<br><b>Minimum temperature</b><br>10-90 percentile<br>6.2 to 14.4 °C","Historical daily maximum<br>18.0 °C<br>2015-08-19","DATE: Aug-19</b><br>Normal: 10.5 °C<br>Period: 1991-2020","6117700","BARRIE-ORO",2003,2026
"08-19","VPD",2001-08-19,1.6589014372087,0.884443043716803,2.41483979645438,0.412564591006233,1.11046568311488,1.45986241763888,1.80446255979484,2.19154950809636,NA,NA,NA,NA,NA,8,2016-08-19,"","DATE: Aug-19<br><b>Vapour pressure deficit</b><br>10-90 percentile<br>1.1 to 2.2 kPa","Historical daily maximum<br>2.4 kPa<br>2016-08-19","DATE: Aug-19</b><br>Normal: 1.7 kPa<br>Period: 1991-2020","6117700","BARRIE-ORO",2003,2026
"08-20","TMAX",2001-08-20,23.9529411764706,18.3,29.2,3.47798750124602,19.72,21,27.1,28.14,NA,NA,NA,NA,NA,8,2016-08-20,"","DATE: Aug-20<br><b>Maximum temperature</b><br>10-90 percentile<br>19.7 to 28.1 °C","Historical daily maximum<br>29.2 °C<br>2016-08-20","DATE: Aug-20</b><br>Normal: 24.0 °C<br>Period: 1991-2020","6117700","BARRIE-ORO",2003,2026
"08-20","TMIN",2001-08-20,11.5882352941176,5,17.6,4.07996359557,6.3,8.2,15.4,16.52,NA,NA,NA,NA,NA,8,2016-08-20,"","DATE: Aug-20<br><b>Minimum temperature</b><br>10-90 percentile<br>6.3 to 16.5 °C","Historical daily maximum<br>17.6 °C<br>2016-08-20","DATE: Aug-20</b><br>Normal: 11.6 °C<br>Period: 1991-2020","6117700","BARRIE-ORO",2003,2026
"08-20","VPD",2001-08-20,1.62279029263226,0.85468434149107,2.66166747657289,0.561997242473896,1.02862902421558,1.23093412449494,2.03956158462171,2.36312043455453,NA,NA,NA,NA,NA,8,2019-08-20,"","DATE: Aug-20<br><b>Vapour pressure deficit</b><br>10-90 percentile<br>1.0 to 2.4 kPa","Historical daily maximum<br>2.7 kPa<br>2019-08-20","DATE: Aug-20</b><br>Normal: 1.6 kPa<br>Period: 1991-2020","6117700","BARRIE-ORO",2003,2026
"08-21","TMAX",2001-08-21,23.7294117647059,18.1,29.7,3.28781171637807,19.28,21.8,25.7,27.84,NA,NA,NA,NA,NA,8,2013-08-21,"","DATE: Aug-21<br><b>Maximum temperature</b><br>10-90 percentile<br>19.3 to 27.8 °C","Historical daily maximum<br>29.7 °C<br>2013-08-21","DATE: Aug-21</b><br>Normal: 23.7 °C<br>Period: 1991-2020","6117700","BARRIE-ORO",2003,2026
"08-21","TMIN",2001-08-21,12.7705882352941,4.1,17.4,4.121553818932,7.12,9.9,16.3,17.04,NA,NA,NA,NA,NA,8,2021-08-21,"","DATE: Aug-21<br><b>Minimum temperature</b><br>10-90 percentile<br>7.1 to 17.0 °C","Historical daily maximum<br>17.4 °C<br>2021-08-21","DATE: Aug-21</b><br>Normal: 12.8 °C<br>Period: 1991-2020","6117700","BARRIE-ORO",2003,2026
"08-21","VPD",2001-08-21,1.46462585426483,0.57923171597426,2.47619915884007,0.532328571976847,0.83694952763571,1.03497861051296,1.72372918062931,2.09948804531763,NA,NA,NA,NA,NA,8,2013-08-21,"","DATE: Aug-21<br><b>Vapour pressure deficit</b><br>10-90 percentile<br>0.8 to 2.1 kPa","Historical daily maximum<br>2.5 kPa<br>2013-08-21","DATE: Aug-21</b><br>Normal: 1.5 kPa<br>Period: 1991-2020","6117700","BARRIE-ORO",2003,2026
"08-22","TMAX",2001-08-22,23.0823529411765,19.2,28.2,2.67680670158438,20,21.2,24.6,26.68,NA,NA,NA,NA,NA,8,2021-08-22,"","DATE: Aug-22<br><b>Maximum temperature</b><br>10-90 percentile<br>20.0 to 26.7 °C","Historical daily maximum<br>28.2 °C<br>2021-08-22","DATE: Aug-22</b><br>Normal: 23.1 °C<br>Period: 1991-2020","6117700","BARRIE-ORO",2003,2026
"08-22","TMIN",2001-08-22,11.4352941176471,2.3,17.1,3.69238086748757,8.14,9.6,14.5,15.4,NA,NA,NA,NA,NA,8,2022-08-22,"","DATE: Aug-22<br><b>Minimum temperature</b><br>10-90 percentile<br>8.1 to 15.4 °C","Historical daily maximum<br>17.1 °C<br>2022-08-22","DATE: Aug-22</b><br>Normal: 11.4 °C<br>Period: 1991-2020","6117700","BARRIE-ORO",2003,2026
"08-22","VPD",2001-08-22,1.47064298788573,0.43201607421963,2.59620939871467,0.560596880588848,0.973551792906868,1.08062280933942,1.89427919174893,2.1432993479492,NA,NA,NA,NA,NA,8,2008-08-22,"","DATE: Aug-22<br><b>Vapour pressure deficit</b><br>10-90 percentile<br>1.0 to 2.1 kPa","Historical daily maximum<br>2.6 kPa<br>2008-08-22","DATE: Aug-22</b><br>Normal: 1.5 kPa<br>Period: 1991-2020","6117700","BARRIE-ORO",2003,2026
"08-23","TMAX",2001-08-23,23.8705882352941,19.4,29.6,3.19741393666084,20.06,21,27,27.5,NA,NA,NA,NA,NA,8,2020-08-23,"","DATE: Aug-23<br><b>Maximum temperature</b><br>10-90 percentile<br>20.1 to 27.5 °C","Historical daily maximum<br>29.6 °C<br>2020-08-23","DATE: Aug-23</b><br>Normal: 23.9 °C<br>Period: 1991-2020","6117700","BARRIE-ORO",2003,2026
"08-23","TMIN",2001-08-23,11.4529411764706,6.9,17.2,3.19904627331702,8.56,8.6,13.3,16.4,NA,NA,NA,NA,NA,8,2021-08-23,"","DATE: Aug-23<br><b>Minimum temperature</b><br>10-90 percentile<br>8.6 to 16.4 °C","Historical daily maximum<br>17.2 °C<br>2021-08-23","DATE: Aug-23</b><br>Normal: 11.5 °C<br>Period: 1991-2020","6117700","BARRIE-ORO",2003,2026
"08-23","VPD",2001-08-23,1.62754325837812,0.621739284548132,2.47399524293824,0.580325979425363,0.852150864880904,1.26465572850657,2.08867247043041,2.31270917331874,NA,NA,NA,NA,NA,8,2020-08-23,"","DATE: Aug-23<br><b>Vapour pressure deficit</b><br>10-90 percentile<br>0.9 to 2.3 kPa","Historical daily maximum<br>2.5 kPa<br>2020-08-23","DATE: Aug-23</b><br>Normal: 1.6 kPa<br>Period: 1991-2020","6117700","BARRIE-ORO",2003,2026
"08-24","TMAX",2001-08-24,24.3058823529412,17.6,29.6,3.10513095300248,21.12,22.4,26.4,27.94,NA,NA,NA,NA,NA,8,2020-08-24,"","DATE: Aug-24<br><b>Maximum temperature</b><br>10-90 percentile<br>21.1 to 27.9 °C","Historical daily maximum<br>29.6 °C<br>2020-08-24","DATE: Aug-24</b><br>Normal: 24.3 °C<br>Period: 1991-2020","6117700","BARRIE-ORO",2003,2026
"08-24","TMIN",2001-08-24,11.9882352941176,6.7,20.7,3.96261945449932,7.22,9.1,13.9,17.34,NA,NA,NA,NA,NA,8,2007-08-24,"","DATE: Aug-24<br><b>Minimum temperature</b><br>10-90 percentile<br>7.2 to 17.3 °C","Historical daily maximum<br>20.7 °C<br>2007-08-24","DATE: Aug-24</b><br>Normal: 12.0 °C<br>Period: 1991-2020","6117700","BARRIE-ORO",2003,2026
"08-24","VPD",2001-08-24,1.63910204242441,0.989961767559911,2.29894891200851,0.462378191404121,1.1006813949495,1.30700079156549,2.08476065414932,2.26260107995827,NA,NA,NA,NA,NA,8,2021-08-24,"","DATE: Aug-24<br><b>Vapour pressure deficit</b><br>10-90 percentile<br>1.1 to 2.3 kPa","Historical daily maximum<br>2.3 kPa<br>2021-08-24","DATE: Aug-24</b><br>Normal: 1.6 kPa<br>Period: 1991-2020","6117700","BARRIE-ORO",2003,2026
"08-25","TMAX",2001-08-25,23.6705882352941,17.4,29.4,3.33818152327775,19.12,22.6,25.6,27.18,NA,NA,NA,NA,NA,8,2012-08-25,"","DATE: Aug-25<br><b>Maximum temperature</b><br>10-90 percentile<br>19.1 to 27.2 °C","Historical daily maximum<br>29.4 °C<br>2012-08-25","DATE: Aug-25</b><br>Normal: 23.7 °C<br>Period: 1991-2020","6117700","BARRIE-ORO",2003,2026
"08-25","TMIN",2001-08-25,11.5470588235294,5.3,18.2,3.84579602407922,6.66,8.7,14.6,16.8,NA,NA,NA,NA,NA,8,2018-08-25,"","DATE: Aug-25<br><b>Minimum temperature</b><br>10-90 percentile<br>6.7 to 16.8 °C","Historical daily maximum<br>18.2 °C<br>2018-08-25","DATE: Aug-25</b><br>Normal: 11.5 °C<br>Period: 1991-2020","6117700","BARRIE-ORO",2003,2026
"08-25","VPD",2001-08-25,1.57501920369034,0.665931689592005,2.60143725138435,0.55385899861624,0.79407263310554,1.31217022038104,1.96665146520047,2.22064084115392,NA,NA,NA,NA,NA,8,2012-08-25,"","DATE: Aug-25<br><b>Vapour pressure deficit</b><br>10-90 percentile<br>0.8 to 2.2 kPa","Historical daily maximum<br>2.6 kPa<br>2012-08-25","DATE: Aug-25</b><br>Normal: 1.6 kPa<br>Period: 1991-2020","6117700","BARRIE-ORO",2003,2026
"08-26","TMAX",2001-08-26,23.55,17,30,3.42500608271966,19.7,21.275,26.35,27.1,NA,NA,NA,NA,NA,8,2014-08-26,"","DATE: Aug-26<br><b>Maximum temperature</b><br>10-90 percentile<br>19.7 to 27.1 °C","Historical daily maximum<br>30.0 °C<br>2014-08-26","DATE: Aug-26</b><br>Normal: 23.6 °C<br>Period: 1991-2020","6117700","BARRIE-ORO",2003,2026
"08-26","TMIN",2001-08-26,11.79375,3.8,19.1,4.14382572831757,5.6,10.175,14.4,15.9,NA,NA,NA,NA,NA,8,2004-08-26,"","DATE: Aug-26<br><b>Minimum temperature</b><br>10-90 percentile<br>5.6 to 15.9 °C","Historical daily maximum<br>19.1 °C<br>2004-08-26","DATE: Aug-26</b><br>Normal: 11.8 °C<br>Period: 1991-2020","6117700","BARRIE-ORO",2003,2026
"08-26","VPD",2001-08-26,1.52940959365524,0.525890219386607,2.50450116329774,0.521752951523849,0.948343058474092,1.22865875226883,1.79383127591439,2.18814975129106,NA,NA,NA,NA,NA,8,2014-08-26,"","DATE: Aug-26<br><b>Vapour pressure deficit</b><br>10-90 percentile<br>0.9 to 2.2 kPa","Historical daily maximum<br>2.5 kPa<br>2014-08-26","DATE: Aug-26</b><br>Normal: 1.5 kPa<br>Period: 1991-2020","6117700","BARRIE-ORO",2003,2026
"08-27","TMAX",2001-08-27,23.4375,17.5,27.5,3.12172495051481,19.2,21.1,25.7,26.5,NA,NA,NA,NA,NA,8,2024-08-27,"","DATE: Aug-27<br><b>Maximum temperature</b><br>10-90 percentile<br>19.2 to 26.5 °C","Historical daily maximum<br>27.5 °C<br>2024-08-27","DATE: Aug-27</b><br>Normal: 23.4 °C<br>Period: 1991-2020","6117700","BARRIE-ORO",2003,2026
"08-27","TMIN",2001-08-27,11.76875,4.3,19,4.25765487093541,5.65,9.8,14.75,16.45,NA,NA,NA,NA,NA,8,2004-08-27,"","DATE: Aug-27<br><b>Minimum temperature</b><br>10-90 percentile<br>5.6 to 16.4 °C","Historical daily maximum<br>19.0 °C<br>2004-08-27","DATE: Aug-27</b><br>Normal: 11.8 °C<br>Period: 1991-2020","6117700","BARRIE-ORO",2003,2026
"08-27","VPD",2001-08-27,1.49958371332752,0.466192388629332,2.16980875235017,0.463655824838553,0.805968388180236,1.39078651283916,1.80132296444388,1.93300410862611,NA,NA,NA,NA,NA,8,2024-08-27,"","DATE: Aug-27<br><b>Vapour pressure deficit</b><br>10-90 percentile<br>0.8 to 1.9 kPa","Historical daily maximum<br>2.2 kPa<br>2024-08-27","DATE: Aug-27</b><br>Normal: 1.5 kPa<br>Period: 1991-2020","6117700","BARRIE-ORO",2003,2026
"08-28","TMAX",2001-08-28,24.3,18.7,29.1,3.49685573050991,19.65,21.775,27.475,28.55,NA,NA,NA,NA,NA,8,2018-08-28,"","DATE: Aug-28<br><b>Maximum temperature</b><br>10-90 percentile<br>19.6 to 28.5 °C","Historical daily maximum<br>29.1 °C<br>2018-08-28","DATE: Aug-28</b><br>Normal: 24.3 °C<br>Period: 1991-2020","6117700","BARRIE-ORO",2003,2026
"08-28","TMIN",2001-08-28,12.23125,7.2,18.4,3.57635172580476,8.25,9.475,14.95,16.9,NA,NA,NA,NA,NA,8,2018-08-28,"","DATE: Aug-28<br><b>Minimum temperature</b><br>10-90 percentile<br>8.2 to 16.9 °C","Historical daily maximum<br>18.4 °C<br>2018-08-28","DATE: Aug-28</b><br>Normal: 12.2 °C<br>Period: 1991-2020","6117700","BARRIE-ORO",2003,2026
"08-28","VPD",2001-08-28,1.63523319770348,0.831541570248504,2.66703661165554,0.552210836430453,1.03730423283438,1.13461432927206,1.94998859795437,2.38507000780467,NA,NA,NA,NA,NA,8,2010-08-28,"","DATE: Aug-28<br><b>Vapour pressure deficit</b><br>10-90 percentile<br>1.0 to 2.4 kPa","Historical daily maximum<br>2.7 kPa<br>2010-08-28","DATE: Aug-28</b><br>Normal: 1.6 kPa<br>Period: 1991-2020","6117700","BARRIE-ORO",2003,2026
"08-29","TMAX",2001-08-29,23.9941176470588,18,30.2,3.23988244158551,20.9,21.8,25.5,28.78,NA,NA,NA,NA,NA,8,2021-08-29,"","DATE: Aug-29<br><b>Maximum temperature</b><br>10-90 percentile<br>20.9 to 28.8 °C","Historical daily maximum<br>30.2 °C<br>2021-08-29","DATE: Aug-29</b><br>Normal: 24.0 °C<br>Period: 1991-2020","6117700","BARRIE-ORO",2003,2026
"08-29","TMIN",2001-08-29,11.9235294117647,6.1,15.8,2.8858554649715,7.76,10.5,14,15.32,NA,NA,NA,NA,NA,8,2021-08-29,"","DATE: Aug-29<br><b>Minimum temperature</b><br>10-90 percentile<br>7.8 to 15.3 °C","Historical daily maximum<br>15.8 °C<br>2021-08-29","DATE: Aug-29</b><br>Normal: 11.9 °C<br>Period: 1991-2020","6117700","BARRIE-ORO",2003,2026
"08-29","VPD",2001-08-29,1.6140419223727,0.465384343235193,2.78249123595487,0.550351431424209,1.0854868516621,1.3630502269307,1.81988687004266,2.31075445897647,NA,NA,NA,NA,NA,8,2010-08-29,"","DATE: Aug-29<br><b>Vapour pressure deficit</b><br>10-90 percentile<br>1.1 to 2.3 kPa","Historical daily maximum<br>2.8 kPa<br>2010-08-29","DATE: Aug-29</b><br>Normal: 1.6 kPa<br>Period: 1991-2020","6117700","BARRIE-ORO",2003,2026
"08-30","TMAX",2001-08-30,24.0235294117647,14.9,31.9,4.20112029876626,20,21.1,27.4,28.52,NA,NA,NA,NA,NA,8,2010-08-30,"","DATE: Aug-30<br><b>Maximum temperature</b><br>10-90 percentile<br>20.0 to 28.5 °C","Historical daily maximum<br>31.9 °C<br>2010-08-30","DATE: Aug-30</b><br>Normal: 24.0 °C<br>Period: 1991-2020","6117700","BARRIE-ORO",2003,2026
"08-30","TMIN",2001-08-30,11.1235294117647,5.5,16.4,2.98507315902071,8.1,9.8,12.8,15.62,NA,NA,NA,NA,NA,8,2014-08-30,"","DATE: Aug-30<br><b>Minimum temperature</b><br>10-90 percentile<br>8.1 to 15.6 °C","Historical daily maximum<br>16.4 °C<br>2014-08-30","DATE: Aug-30</b><br>Normal: 11.1 °C<br>Period: 1991-2020","6117700","BARRIE-ORO",2003,2026
"08-30","VPD",2001-08-30,1.72037566076192,0.79116885039426,2.89803925594752,0.602481599323094,1.06589248797349,1.25904277793269,1.91130376452192,2.62679592518181,NA,NA,NA,NA,NA,8,2010-08-30,"","DATE: Aug-30<br><b>Vapour pressure deficit</b><br>10-90 percentile<br>1.1 to 2.6 kPa","Historical daily maximum<br>2.9 kPa<br>2010-08-30","DATE: Aug-30</b><br>Normal: 1.7 kPa<br>Period: 1991-2020","6117700","BARRIE-ORO",2003,2026
"08-31","TMAX",2001-08-31,23.4764705882353,16.2,30.9,3.43611870643403,19.5,22.2,24.9,26.8,NA,NA,NA,NA,NA,8,2010-08-31,"","DATE: Aug-31<br><b>Maximum temperature</b><br>10-90 percentile<br>19.5 to 26.8 °C","Historical daily maximum<br>30.9 °C<br>2010-08-31","DATE: Aug-31</b><br>Normal: 23.5 °C<br>Period: 1991-2020","6117700","BARRIE-ORO",2003,2026
"08-31","TMIN",2001-08-31,10.9647058823529,4.3,18.5,4.15901748861293,4.8,8.2,13.8,14.8,NA,NA,NA,NA,NA,8,2010-08-31,"","DATE: Aug-31<br><b>Minimum temperature</b><br>10-90 percentile<br>4.8 to 14.8 °C","Historical daily maximum<br>18.5 °C<br>2010-08-31","DATE: Aug-31</b><br>Normal: 11.0 °C<br>Period: 1991-2020","6117700","BARRIE-ORO",2003,2026
"08-31","VPD",2001-08-31,1.59190037571795,0.981437716925533,2.33730136098651,0.351778915395549,1.21416401110465,1.43181650402721,1.7042123071632,2.06357626689674,NA,NA,NA,NA,NA,8,2010-08-31,"","DATE: Aug-31<br><b>Vapour pressure deficit</b><br>10-90 percentile<br>1.2 to 2.1 kPa","Historical daily maximum<br>2.3 kPa<br>2010-08-31","DATE: Aug-31</b><br>Normal: 1.6 kPa<br>Period: 1991-2020","6117700","BARRIE-ORO",2003,2026
"09-01","TMAX",2001-09-01,23.8705882352941,17.3,30.7,3.48546351040331,20.3,20.8,26.2,27.42,NA,NA,NA,NA,NA,9,2010-09-01,"","DATE: Sep-01<br><b>Maximum temperature</b><br>10-90 percentile<br>20.3 to 27.4 °C","Historical daily maximum<br>30.7 °C<br>2010-09-01","DATE: Sep-01</b><br>Normal: 23.9 °C<br>Period: 1991-2020","6117700","BARRIE-ORO",2003,2026
"09-01","TMIN",2001-09-01,11.1529411764706,2.9,19.4,4.4192925971046,5.58,9.2,12.6,16.26,NA,NA,NA,NA,NA,9,2010-09-01,"","DATE: Sep-01<br><b>Minimum temperature</b><br>10-90 percentile<br>5.6 to 16.3 °C","Historical daily maximum<br>19.4 °C<br>2010-09-01","DATE: Sep-01</b><br>Normal: 11.2 °C<br>Period: 1991-2020","6117700","BARRIE-ORO",2003,2026
"09-01","VPD",2001-09-01,1.64129009991184,1.02970473901026,2.36897760864726,0.463671749483067,1.07420420114548,1.21711052810041,2.0353907639651,2.20124353179417,NA,NA,NA,NA,NA,9,2008-09-01,"","DATE: Sep-01<br><b>Vapour pressure deficit</b><br>10-90 percentile<br>1.1 to 2.2 kPa","Historical daily maximum<br>2.4 kPa<br>2008-09-01","DATE: Sep-01</b><br>Normal: 1.6 kPa<br>Period: 1991-2020","6117700","BARRIE-ORO",2003,2026
"09-02","TMAX",2001-09-02,23.8058823529412,18,29.4,3.43210405368108,20,21.4,26.4,28.16,NA,NA,NA,NA,NA,9,2015-09-02,"","DATE: Sep-02<br><b>Maximum temperature</b><br>10-90 percentile<br>20.0 to 28.2 °C","Historical daily maximum<br>29.4 °C<br>2015-09-02","DATE: Sep-02</b><br>Normal: 23.8 °C<br>Period: 1991-2020","6117700","BARRIE-ORO",2003,2026
"09-02","TMIN",2001-09-02,11.4588235294118,2.3,20,4.56372364735331,6.28,9.4,13.3,17,NA,NA,NA,NA,NA,9,2010-09-02,"","DATE: Sep-02<br><b>Minimum temperature</b><br>10-90 percentile<br>6.3 to 17.0 °C","Historical daily maximum<br>20.0 °C<br>2010-09-02","DATE: Sep-02</b><br>Normal: 11.5 °C<br>Period: 1991-2020","6117700","BARRIE-ORO",2003,2026
"09-02","VPD",2001-09-02,1.59567666880424,0.642820981676909,2.39386192202556,0.529478246053,0.956728192438102,1.27055469190262,1.86523026289489,2.34094764388509,NA,NA,NA,NA,NA,9,2015-09-02,"","DATE: Sep-02<br><b>Vapour pressure deficit</b><br>10-90 percentile<br>1.0 to 2.3 kPa","Historical daily maximum<br>2.4 kPa<br>2015-09-02","DATE: Sep-02</b><br>Normal: 1.6 kPa<br>Period: 1991-2020","6117700","BARRIE-ORO",2003,2026
"09-03","TMAX",2001-09-03,24.0647058823529,15.8,29.1,3.80607100177969,19,22,27.1,28.08,NA,NA,NA,NA,NA,9,2008-09-03,"","DATE: Sep-03<br><b>Maximum temperature</b><br>10-90 percentile<br>19.0 to 28.1 °C","Historical daily maximum<br>29.1 °C<br>2008-09-03","DATE: Sep-03</b><br>Normal: 24.1 °C<br>Period: 1991-2020","6117700","BARRIE-ORO",2003,2026
"09-03","TMIN",2001-09-03,11.2647058823529,6.8,18.4,3.24844985656055,7.78,9.5,12.6,15.96,NA,NA,NA,NA,NA,9,2011-09-03,"","DATE: Sep-03<br><b>Minimum temperature</b><br>10-90 percentile<br>7.8 to 16.0 °C","Historical daily maximum<br>18.4 °C<br>2011-09-03","DATE: Sep-03</b><br>Normal: 11.3 °C<br>Period: 1991-2020","6117700","BARRIE-ORO",2003,2026
"09-03","VPD",2001-09-03,1.69480164101303,0.438202501307652,2.82539057190071,0.633032839157037,0.966795367380716,1.34806353012953,1.98743572817653,2.60030627912386,NA,NA,NA,NA,NA,9,2008-09-03,"","DATE: Sep-03<br><b>Vapour pressure deficit</b><br>10-90 percentile<br>1.0 to 2.6 kPa","Historical daily maximum<br>2.8 kPa<br>2008-09-03","DATE: Sep-03</b><br>Normal: 1.7 kPa<br>Period: 1991-2020","6117700","BARRIE-ORO",2003,2026
"09-04","TMAX",2001-09-04,22.6058823529412,14.2,27.8,3.77698136549469,18.6,20.1,25,27.58,NA,NA,NA,NA,NA,9,2023-09-04,"","DATE: Sep-04<br><b>Maximum temperature</b><br>10-90 percentile<br>18.6 to 27.6 °C","Historical daily maximum<br>27.8 °C<br>2023-09-04","DATE: Sep-04</b><br>Normal: 22.6 °C<br>Period: 1991-2020","6117700","BARRIE-ORO",2003,2026
"09-04","TMIN",2001-09-04,11.1117647058824,5.1,18.4,3.62765116034831,7.12,8,13.5,15.22,NA,NA,NA,NA,NA,9,2015-09-04,"","DATE: Sep-04<br><b>Minimum temperature</b><br>10-90 percentile<br>7.1 to 15.2 °C","Historical daily maximum<br>18.4 °C<br>2015-09-04","DATE: Sep-04</b><br>Normal: 11.1 °C<br>Period: 1991-2020","6117700","BARRIE-ORO",2003,2026
"09-04","VPD",2001-09-04,1.44654152473801,0.432050833846519,2.39701278135736,0.57679046346282,0.744931790888584,1.14127061066745,1.96419577588546,2.18121758983622,NA,NA,NA,NA,NA,9,2014-09-04,"","DATE: Sep-04<br><b>Vapour pressure deficit</b><br>10-90 percentile<br>0.7 to 2.2 kPa","Historical daily maximum<br>2.4 kPa<br>2014-09-04","DATE: Sep-04</b><br>Normal: 1.4 kPa<br>Period: 1991-2020","6117700","BARRIE-ORO",2003,2026
"09-05","TMAX",2001-09-05,23.0529411764706,15.1,33,4.99313499305031,16.4,20.3,25.7,29,NA,NA,NA,NA,NA,9,2018-09-05,"","DATE: Sep-05<br><b>Maximum temperature</b><br>10-90 percentile<br>16.4 to 29.0 °C","Historical daily maximum<br>33.0 °C<br>2018-09-05","DATE: Sep-05</b><br>Normal: 23.1 °C<br>Period: 1991-2020","6117700","BARRIE-ORO",2003,2026
"09-05","TMIN",2001-09-05,10.8352941176471,4.5,17.7,4.49846379007192,5.76,7,14.5,16.7,NA,NA,NA,NA,NA,9,2018-09-05,"","DATE: Sep-05<br><b>Minimum temperature</b><br>10-90 percentile<br>5.8 to 16.7 °C","Historical daily maximum<br>17.7 °C<br>2018-09-05","DATE: Sep-05</b><br>Normal: 10.8 °C<br>Period: 1991-2020","6117700","BARRIE-ORO",2003,2026
"09-05","VPD",2001-09-05,1.57839011393705,0.57360236154124,3.004771575857,0.664062024518708,0.843376659362302,1.12791887730601,2.06167721979748,2.4359787329689,NA,NA,NA,NA,NA,9,2018-09-05,"","DATE: Sep-05<br><b>Vapour pressure deficit</b><br>10-90 percentile<br>0.8 to 2.4 kPa","Historical daily maximum<br>3.0 kPa<br>2018-09-05","DATE: Sep-05</b><br>Normal: 1.6 kPa<br>Period: 1991-2020","6117700","BARRIE-ORO",2003,2026
"09-06","TMAX",2001-09-06,22.8705882352941,17.2,32.2,4.53552156673882,18.26,19.5,25.6,29.22,NA,NA,NA,NA,NA,9,2007-09-06,"","DATE: Sep-06<br><b>Maximum temperature</b><br>10-90 percentile<br>18.3 to 29.2 °C","Historical daily maximum<br>32.2 °C<br>2007-09-06","DATE: Sep-06</b><br>Normal: 22.9 °C<br>Period: 1991-2020","6117700","BARRIE-ORO",2003,2026
"09-06","TMIN",2001-09-06,9.68823529411765,3.7,18.1,3.9599372395502,5.18,7.4,12.2,14.94,NA,NA,NA,NA,NA,9,2023-09-06,"","DATE: Sep-06<br><b>Minimum temperature</b><br>10-90 percentile<br>5.2 to 14.9 °C","Historical daily maximum<br>18.1 °C<br>2023-09-06","DATE: Sep-06</b><br>Normal: 9.7 °C<br>Period: 1991-2020","6117700","BARRIE-ORO",2003,2026
"09-06","VPD",2001-09-06,1.63861869839602,0.803340519391962,3.38760914427938,0.70336914666976,0.919475075509769,1.22311988806257,1.83329004494848,2.60838423222241,NA,NA,NA,NA,NA,9,2007-09-06,"","DATE: Sep-06<br><b>Vapour pressure deficit</b><br>10-90 percentile<br>0.9 to 2.6 kPa","Historical daily maximum<br>3.4 kPa<br>2007-09-06","DATE: Sep-06</b><br>Normal: 1.6 kPa<br>Period: 1991-2020","6117700","BARRIE-ORO",2003,2026
"09-07","TMAX",2001-09-07,23.4117647058824,17,31,4.60270061389794,18.26,19.7,27.9,30.12,NA,NA,NA,NA,NA,9,2015-09-07,"","DATE: Sep-07<br><b>Maximum temperature</b><br>10-90 percentile<br>18.3 to 30.1 °C","Historical daily maximum<br>31.0 °C<br>2015-09-07","DATE: Sep-07</b><br>Normal: 23.4 °C<br>Period: 1991-2020","6117700","BARRIE-ORO",2003,2026
"09-07","TMIN",2001-09-07,11.4647058823529,6.5,19.3,4.16397363951649,7.1,8.9,12.5,18.68,NA,NA,NA,NA,NA,9,2016-09-07,"","DATE: Sep-07<br><b>Minimum temperature</b><br>10-90 percentile<br>7.1 to 18.7 °C","Historical daily maximum<br>19.3 °C<br>2016-09-07","DATE: Sep-07</b><br>Normal: 11.5 °C<br>Period: 1991-2020","6117700","BARRIE-ORO",2003,2026
"09-07","VPD",2001-09-07,1.57508695659938,0.736435125417318,2.73985442772523,0.552183251699962,0.926753871894235,1.15488067321615,2.00420693408365,2.23267139274643,NA,NA,NA,NA,NA,9,2005-09-07,"","DATE: Sep-07<br><b>Vapour pressure deficit</b><br>10-90 percentile<br>0.9 to 2.2 kPa","Historical daily maximum<br>2.7 kPa<br>2005-09-07","DATE: Sep-07</b><br>Normal: 1.6 kPa<br>Period: 1991-2020","6117700","BARRIE-ORO",2003,2026
"09-08","TMAX",2001-09-08,20.5,14.4,26.9,4.08625745640188,15.46,17.3,23.4,25.86,NA,NA,NA,NA,NA,9,2016-09-08,"","DATE: Sep-08<br><b>Maximum temperature</b><br>10-90 percentile<br>15.5 to 25.9 °C","Historical daily maximum<br>26.9 °C<br>2016-09-08","DATE: Sep-08</b><br>Normal: 20.5 °C<br>Period: 1991-2020","6117700","BARRIE-ORO",2003,2026
"09-08","TMIN",2001-09-08,10.4294117647059,5.4,18.8,3.73827579003381,6.38,7.9,11.9,15.34,NA,NA,NA,NA,NA,9,2015-09-08,"","DATE: Sep-08<br><b>Minimum temperature</b><br>10-90 percentile<br>6.4 to 15.3 °C","Historical daily maximum<br>18.8 °C<br>2015-09-08","DATE: Sep-08</b><br>Normal: 10.4 °C<br>Period: 1991-2020","6117700","BARRIE-ORO",2003,2026
"09-08","VPD",2001-09-08,1.17711201786528,0.367680720255251,2.11889470165006,0.498558000145565,0.501101370108588,0.923831000975838,1.58205101323017,1.76423486133105,NA,NA,NA,NA,NA,9,2006-09-08,"","DATE: Sep-08<br><b>Vapour pressure deficit</b><br>10-90 percentile<br>0.5 to 1.8 kPa","Historical daily maximum<br>2.1 kPa<br>2006-09-08","DATE: Sep-08</b><br>Normal: 1.2 kPa<br>Period: 1991-2020","6117700","BARRIE-ORO",2003,2026
"09-09","TMAX",2001-09-09,19.4705882352941,14.6,25.1,3.5330165414774,15.06,16.4,22,24.1,NA,NA,NA,NA,NA,9,2022-09-09,"","DATE: Sep-09<br><b>Maximum temperature</b><br>10-90 percentile<br>15.1 to 24.1 °C","Historical daily maximum<br>25.1 °C<br>2022-09-09","DATE: Sep-09</b><br>Normal: 19.5 °C<br>Period: 1991-2020","6117700","BARRIE-ORO",2003,2026
"09-09","TMIN",2001-09-09,8.56470588235294,2.2,13.1,3.62835037869667,3.54,6,12,12.64,NA,NA,NA,NA,NA,9,2014-09-09,"","DATE: Sep-09<br><b>Minimum temperature</b><br>10-90 percentile<br>3.5 to 12.6 °C","Historical daily maximum<br>13.1 °C<br>2014-09-09","DATE: Sep-09</b><br>Normal: 8.6 °C<br>Period: 1991-2020","6117700","BARRIE-ORO",2003,2026
"09-09","VPD",2001-09-09,1.16591508597759,0.250083248309561,1.98320191084658,0.472872925256787,0.547766577425718,0.937782211579876,1.49144290871229,1.72632904837353,NA,NA,NA,NA,NA,9,2022-09-09,"","DATE: Sep-09<br><b>Vapour pressure deficit</b><br>10-90 percentile<br>0.5 to 1.7 kPa","Historical daily maximum<br>2.0 kPa<br>2022-09-09","DATE: Sep-09</b><br>Normal: 1.2 kPa<br>Period: 1991-2020","6117700","BARRIE-ORO",2003,2026
"09-10","TMAX",2001-09-10,21,14,32.4,4.24632193786576,16.6,18.1,22.7,24.62,NA,NA,NA,NA,NA,9,2013-09-10,"","DATE: Sep-10<br><b>Maximum temperature</b><br>10-90 percentile<br>16.6 to 24.6 °C","Historical daily maximum<br>32.4 °C<br>2013-09-10","DATE: Sep-10</b><br>Normal: 21.0 °C<br>Period: 1991-2020","6117700","BARRIE-ORO",2003,2026
"09-10","TMIN",2001-09-10,7.60588235294118,1.3,16.7,4.13105171055678,2.66,4.5,10.4,11.94,NA,NA,NA,NA,NA,9,2013-09-10,"","DATE: Sep-10<br><b>Minimum temperature</b><br>10-90 percentile<br>2.7 to 11.9 °C","Historical daily maximum<br>16.7 °C<br>2013-09-10","DATE: Sep-10</b><br>Normal: 7.6 °C<br>Period: 1991-2020","6117700","BARRIE-ORO",2003,2026
"09-10","VPD",2001-09-10,1.48135129284431,0.223546433121363,2.96211588917894,0.598830670086069,0.903456466449777,1.21808827521742,1.72819711496305,1.99483531833087,NA,NA,NA,NA,NA,9,2013-09-10,"","DATE: Sep-10<br><b>Vapour pressure deficit</b><br>10-90 percentile<br>0.9 to 2.0 kPa","Historical daily maximum<br>3.0 kPa<br>2013-09-10","DATE: Sep-10</b><br>Normal: 1.5 kPa<br>Period: 1991-2020","6117700","BARRIE-ORO",2003,2026
"09-11","TMAX",2001-09-11,21.6294117647059,16.6,28.5,3.4319755072484,18.14,18.9,24,25.98,NA,NA,NA,NA,NA,9,2013-09-11,"","DATE: Sep-11<br><b>Maximum temperature</b><br>10-90 percentile<br>18.1 to 26.0 °C","Historical daily maximum<br>28.5 °C<br>2013-09-11","DATE: Sep-11</b><br>Normal: 21.6 °C<br>Period: 1991-2020","6117700","BARRIE-ORO",2003,2026
"09-11","TMIN",2001-09-11,7.87647058823529,2.9,17.7,3.80879400397368,4.48,5.4,8.5,13.2,NA,NA,NA,NA,NA,9,2013-09-11,"","DATE: Sep-11<br><b>Minimum temperature</b><br>10-90 percentile<br>4.5 to 13.2 °C","Historical daily maximum<br>17.7 °C<br>2013-09-11","DATE: Sep-11</b><br>Normal: 7.9 °C<br>Period: 1991-2020","6117700","BARRIE-ORO",2003,2026
"09-11","VPD",2001-09-11,1.53696466426593,0.954042724247794,2.62001313441118,0.475934335633153,0.997850342775064,1.11466944470591,1.86600331143536,2.07543155579718,NA,NA,NA,NA,NA,9,2005-09-11,"","DATE: Sep-11<br><b>Vapour pressure deficit</b><br>10-90 percentile<br>1.0 to 2.1 kPa","Historical daily maximum<br>2.6 kPa<br>2005-09-11","DATE: Sep-11</b><br>Normal: 1.5 kPa<br>Period: 1991-2020","6117700","BARRIE-ORO",2003,2026
"09-12","TMAX",2001-09-12,21.7588235294118,13.7,31.7,4.53873038738938,16.76,18.8,23.9,27.22,NA,NA,NA,NA,NA,9,2005-09-12,"","DATE: Sep-12<br><b>Maximum temperature</b><br>10-90 percentile<br>16.8 to 27.2 °C","Historical daily maximum<br>31.7 °C<br>2005-09-12","DATE: Sep-12</b><br>Normal: 21.8 °C<br>Period: 1991-2020","6117700","BARRIE-ORO",2003,2026
"09-12","TMIN",2001-09-12,9.47058823529412,4.4,14.2,3.28781171637807,5.08,6.9,11.6,14.2,NA,NA,NA,NA,NA,9,2005-09-12,"","DATE: Sep-12<br><b>Minimum temperature</b><br>10-90 percentile<br>5.1 to 14.2 °C","Historical daily maximum<br>14.2 °C<br>2005-09-12","DATE: Sep-12</b><br>Normal: 9.5 °C<br>Period: 1991-2020","6117700","BARRIE-ORO",2003,2026
"09-12","VPD",2001-09-12,1.48073974538383,0.509503954491193,3.05528881007227,0.705515557526843,0.671225052807348,0.813121985853995,1.88313047464528,2.19010906399078,NA,NA,NA,NA,NA,9,2005-09-12,"","DATE: Sep-12<br><b>Vapour pressure deficit</b><br>10-90 percentile<br>0.7 to 2.2 kPa","Historical daily maximum<br>3.1 kPa<br>2005-09-12","DATE: Sep-12</b><br>Normal: 1.5 kPa<br>Period: 1991-2020","6117700","BARRIE-ORO",2003,2026
"09-13","TMAX",2001-09-13,21.0176470588235,11.1,31.3,5.3262598620089,12.96,18.6,24,26.54,NA,NA,NA,NA,NA,9,2005-09-13,"","DATE: Sep-13<br><b>Maximum temperature</b><br>10-90 percentile<br>13.0 to 26.5 °C","Historical daily maximum<br>31.3 °C<br>2005-09-13","DATE: Sep-13</b><br>Normal: 21.0 °C<br>Period: 1991-2020","6117700","BARRIE-ORO",2003,2026
"09-13","TMIN",2001-09-13,9.31176470588235,3,15.8,3.52932046450538,3.96,7.7,11.6,13.26,NA,NA,NA,NA,NA,9,2008-09-13,"","DATE: Sep-13<br><b>Minimum temperature</b><br>10-90 percentile<br>4.0 to 13.3 °C","Historical daily maximum<br>15.8 °C<br>2008-09-13","DATE: Sep-13</b><br>Normal: 9.3 °C<br>Period: 1991-2020","6117700","BARRIE-ORO",2003,2026
"09-13","VPD",2001-09-13,1.39883898195153,0.466432865383346,3.10126394614052,0.773192863842513,0.553619580345918,0.651473438996489,1.89644801998837,2.36859849473463,NA,NA,NA,NA,NA,9,2005-09-13,"","DATE: Sep-13<br><b>Vapour pressure deficit</b><br>10-90 percentile<br>0.6 to 2.4 kPa","Historical daily maximum<br>3.1 kPa<br>2005-09-13","DATE: Sep-13</b><br>Normal: 1.4 kPa<br>Period: 1991-2020","6117700","BARRIE-ORO",2003,2026
"09-14","TMAX",2001-09-14,20.7411764705882,14.4,28,4.71222596332262,15.32,16.3,25.6,26.66,NA,NA,NA,NA,NA,9,2018-09-14,"","DATE: Sep-14<br><b>Maximum temperature</b><br>10-90 percentile<br>15.3 to 26.7 °C","Historical daily maximum<br>28.0 °C<br>2018-09-14","DATE: Sep-14</b><br>Normal: 20.7 °C<br>Period: 1991-2020","6117700","BARRIE-ORO",2003,2026
"09-14","TMIN",2001-09-14,8.88235294117647,0.3,14.4,3.66422489998186,5.2,7.4,11.9,13.04,NA,NA,NA,NA,NA,9,2018-09-14,"","DATE: Sep-14<br><b>Minimum temperature</b><br>10-90 percentile<br>5.2 to 13.0 °C","Historical daily maximum<br>14.4 °C<br>2018-09-14","DATE: Sep-14</b><br>Normal: 8.9 °C<br>Period: 1991-2020","6117700","BARRIE-ORO",2003,2026
"09-14","VPD",2001-09-14,1.36653523470117,0.234933678314269,2.2771067418917,0.60438052341486,0.644315929452307,0.88113694198328,1.93474319861344,2.16953910261333,NA,NA,NA,NA,NA,9,2005-09-14,"","DATE: Sep-14<br><b>Vapour pressure deficit</b><br>10-90 percentile<br>0.6 to 2.2 kPa","Historical daily maximum<br>2.3 kPa<br>2005-09-14","DATE: Sep-14</b><br>Normal: 1.4 kPa<br>Period: 1991-2020","6117700","BARRIE-ORO",2003,2026
"09-15","TMAX",2001-09-15,19.2764705882353,11.9,27.7,5.04461710783939,13.24,16.1,23.5,26.76,NA,NA,NA,NA,NA,9,2015-09-15,"","DATE: Sep-15<br><b>Maximum temperature</b><br>10-90 percentile<br>13.2 to 26.8 °C","Historical daily maximum<br>27.7 °C<br>2015-09-15","DATE: Sep-15</b><br>Normal: 19.3 °C<br>Period: 1991-2020","6117700","BARRIE-ORO",2003,2026
"09-15","TMIN",2001-09-15,7.61764705882353,2.3,17.1,4.29421635664146,2.9,5.4,8.7,13.26,NA,NA,NA,NA,NA,9,2004-09-15,"","DATE: Sep-15<br><b>Minimum temperature</b><br>10-90 percentile<br>2.9 to 13.3 °C","Historical daily maximum<br>17.1 °C<br>2004-09-15","DATE: Sep-15</b><br>Normal: 7.6 °C<br>Period: 1991-2020","6117700","BARRIE-ORO",2003,2026
"09-15","VPD",2001-09-15,1.243898663789,0.590211588647921,2.58940388562374,0.515447977865913,0.666830555668696,0.841750658703862,1.45134334647795,1.79052033477105,NA,NA,NA,NA,NA,9,2015-09-15,"","DATE: Sep-15<br><b>Vapour pressure deficit</b><br>10-90 percentile<br>0.7 to 1.8 kPa","Historical daily maximum<br>2.6 kPa<br>2015-09-15","DATE: Sep-15</b><br>Normal: 1.2 kPa<br>Period: 1991-2020","6117700","BARRIE-ORO",2003,2026
"09-16","TMAX",2001-09-16,19.9647058823529,12.5,28.4,5.02368654183243,13.14,17.3,24.1,26.98,NA,NA,NA,NA,NA,9,2018-09-16,"","DATE: Sep-16<br><b>Maximum temperature</b><br>10-90 percentile<br>13.1 to 27.0 °C","Historical daily maximum<br>28.4 °C<br>2018-09-16","DATE: Sep-16</b><br>Normal: 20.0 °C<br>Period: 1991-2020","6117700","BARRIE-ORO",2003,2026
"09-16","TMIN",2001-09-16,6.87647058823529,0.5,14.8,4.48156354018393,1.26,2.9,11.4,11.6,NA,NA,NA,NA,NA,9,2018-09-16,"","DATE: Sep-16<br><b>Minimum temperature</b><br>10-90 percentile<br>1.3 to 11.6 °C","Historical daily maximum<br>14.8 °C<br>2018-09-16","DATE: Sep-16</b><br>Normal: 6.9 °C<br>Period: 1991-2020","6117700","BARRIE-ORO",2003,2026
"09-16","VPD",2001-09-16,1.39474173393403,0.378148630175138,2.22031472077991,0.567482175449668,0.711956033408739,0.964375384254104,1.84603518930636,2.181229370541,NA,NA,NA,NA,NA,9,2024-09-16,"","DATE: Sep-16<br><b>Vapour pressure deficit</b><br>10-90 percentile<br>0.7 to 2.2 kPa","Historical daily maximum<br>2.2 kPa<br>2024-09-16","DATE: Sep-16</b><br>Normal: 1.4 kPa<br>Period: 1991-2020","6117700","BARRIE-ORO",2003,2026
"09-17","TMAX",2001-09-17,20.7941176470588,14.8,28.7,4.51891449745336,15.08,16.7,23.8,26.86,NA,NA,NA,NA,NA,9,2018-09-17,"","DATE: Sep-17<br><b>Maximum temperature</b><br>10-90 percentile<br>15.1 to 26.9 °C","Historical daily maximum<br>28.7 °C<br>2018-09-17","DATE: Sep-17</b><br>Normal: 20.8 °C<br>Period: 1991-2020","6117700","BARRIE-ORO",2003,2026
"09-17","TMIN",2001-09-17,6.68235294117647,-0.4,16.3,4.86778123149008,1.06,3.1,10.3,12.7,NA,NA,NA,NA,NA,9,2016-09-17,"","DATE: Sep-17<br><b>Minimum temperature</b><br>10-90 percentile<br>1.1 to 12.7 °C","Historical daily maximum<br>16.3 °C<br>2016-09-17","DATE: Sep-17</b><br>Normal: 6.7 °C<br>Period: 1991-2020","6117700","BARRIE-ORO",2003,2026
"09-17","VPD",2001-09-17,1.5074995006592,0.6433521805872,2.46721622488944,0.531293087460612,0.818268580501575,1.04088502389306,1.80682297528156,2.12883935784224,NA,NA,NA,NA,NA,9,2015-09-17,"","DATE: Sep-17<br><b>Vapour pressure deficit</b><br>10-90 percentile<br>0.8 to 2.1 kPa","Historical daily maximum<br>2.5 kPa<br>2015-09-17","DATE: Sep-17</b><br>Normal: 1.5 kPa<br>Period: 1991-2020","6117700","BARRIE-ORO",2003,2026
"09-18","TMAX",2001-09-18,20.1470588235294,12.5,25.8,4.12372975094435,15.12,17.3,23.3,24.7,NA,NA,NA,NA,NA,9,2024-09-18,"","DATE: Sep-18<br><b>Maximum temperature</b><br>10-90 percentile<br>15.1 to 24.7 °C","Historical daily maximum<br>25.8 °C<br>2024-09-18","DATE: Sep-18</b><br>Normal: 20.1 °C<br>Period: 1991-2020","6117700","BARRIE-ORO",2003,2026
"09-18","TMIN",2001-09-18,6.27647058823529,-0.1,12.8,4.53287014646415,1.86,2.7,10.4,12.7,NA,NA,NA,NA,NA,9,2022-09-18,"","DATE: Sep-18<br><b>Minimum temperature</b><br>10-90 percentile<br>1.9 to 12.7 °C","Historical daily maximum<br>12.8 °C<br>2022-09-18","DATE: Sep-18</b><br>Normal: 6.3 °C<br>Period: 1991-2020","6117700","BARRIE-ORO",2003,2026
"09-18","VPD",2001-09-18,1.42847483944941,0.738773732385817,2.25191329919396,0.379060510497059,1.03470115459383,1.19594611021237,1.65364888434894,1.82147635197166,NA,NA,NA,NA,NA,9,2024-09-18,"","DATE: Sep-18<br><b>Vapour pressure deficit</b><br>10-90 percentile<br>1.0 to 1.8 kPa","Historical daily maximum<br>2.3 kPa<br>2024-09-18","DATE: Sep-18</b><br>Normal: 1.4 kPa<br>Period: 1991-2020","6117700","BARRIE-ORO",2003,2026
"09-19","TMAX",2001-09-19,19.3882352941176,13.1,26.7,4.26905761745804,14.1,16.3,22.6,25.26,NA,NA,NA,NA,NA,9,2007-09-19,"","DATE: Sep-19<br><b>Maximum temperature</b><br>10-90 percentile<br>14.1 to 25.3 °C","Historical daily maximum<br>26.7 °C<br>2007-09-19","DATE: Sep-19</b><br>Normal: 19.4 °C<br>Period: 1991-2020","6117700","BARRIE-ORO",2003,2026
"09-19","TMIN",2001-09-19,6.47647058823529,-1.1,17.7,4.88166588007679,0.12,2.9,9.4,10.7,NA,NA,NA,NA,NA,9,2017-09-19,"","DATE: Sep-19<br><b>Minimum temperature</b><br>10-90 percentile<br>0.1 to 10.7 °C","Historical daily maximum<br>17.7 °C<br>2017-09-19","DATE: Sep-19</b><br>Normal: 6.5 °C<br>Period: 1991-2020","6117700","BARRIE-ORO",2003,2026
"09-19","VPD",2001-09-19,1.30409528128898,0.460080471340897,2.50806867472127,0.583034289294652,0.688091193333835,0.851876081749876,1.60409489469577,2.05931145199451,NA,NA,NA,NA,NA,9,2007-09-19,"","DATE: Sep-19<br><b>Vapour pressure deficit</b><br>10-90 percentile<br>0.7 to 2.1 kPa","Historical daily maximum<br>2.5 kPa<br>2007-09-19","DATE: Sep-19</b><br>Normal: 1.3 kPa<br>Period: 1991-2020","6117700","BARRIE-ORO",2003,2026
"09-20","TMAX",2001-09-20,20.1882352941176,12,25.1,3.76743983909186,15.18,17.5,23.4,24.3,NA,NA,NA,NA,NA,9,2008-09-20,"","DATE: Sep-20<br><b>Maximum temperature</b><br>10-90 percentile<br>15.2 to 24.3 °C","Historical daily maximum<br>25.1 °C<br>2008-09-20","DATE: Sep-20</b><br>Normal: 20.2 °C<br>Period: 1991-2020","6117700","BARRIE-ORO",2003,2026
"09-20","TMIN",2001-09-20,7.80588235294118,-1,15.2,4.37199476615585,2.96,4,10.2,12.86,NA,NA,NA,NA,NA,9,2013-09-20,"","DATE: Sep-20<br><b>Minimum temperature</b><br>10-90 percentile<br>3.0 to 12.9 °C","Historical daily maximum<br>15.2 °C<br>2013-09-20","DATE: Sep-20</b><br>Normal: 7.8 °C<br>Period: 1991-2020","6117700","BARRIE-ORO",2003,2026
"09-20","VPD",2001-09-20,1.31949225921709,0.330287805811844,2.09922630502783,0.476401946366452,0.693983982369148,1.01475168678457,1.67680747790818,1.77742865514702,NA,NA,NA,NA,NA,9,2008-09-20,"","DATE: Sep-20<br><b>Vapour pressure deficit</b><br>10-90 percentile<br>0.7 to 1.8 kPa","Historical daily maximum<br>2.1 kPa<br>2008-09-20","DATE: Sep-20</b><br>Normal: 1.3 kPa<br>Period: 1991-2020","6117700","BARRIE-ORO",2003,2026
"09-21","TMAX",2001-09-21,22.7352941176471,16.4,30.1,4.46751345499801,17.58,18.7,26.8,27.5,NA,NA,NA,NA,NA,9,2018-09-21,"","DATE: Sep-21<br><b>Maximum temperature</b><br>10-90 percentile<br>17.6 to 27.5 °C","Historical daily maximum<br>30.1 °C<br>2018-09-21","DATE: Sep-21</b><br>Normal: 22.7 °C<br>Period: 1991-2020","6117700","BARRIE-ORO",2003,2026
"09-21","TMIN",2001-09-21,7.10588235294118,1.6,12.5,3.10734424151785,3.28,5.5,8.4,11.16,NA,NA,NA,NA,NA,9,2021-09-21,"","DATE: Sep-21<br><b>Minimum temperature</b><br>10-90 percentile<br>3.3 to 11.2 °C","Historical daily maximum<br>12.5 °C<br>2021-09-21","DATE: Sep-21</b><br>Normal: 7.1 °C<br>Period: 1991-2020","6117700","BARRIE-ORO",2003,2026
"09-21","VPD",2001-09-21,1.82045293677489,1.04080580248048,3.03124758210892,0.642761882160755,1.1342052720047,1.28049265404995,2.508018900532,2.57841623205599,NA,NA,NA,NA,NA,9,2018-09-21,"","DATE: Sep-21<br><b>Vapour pressure deficit</b><br>10-90 percentile<br>1.1 to 2.6 kPa","Historical daily maximum<br>3.0 kPa<br>2018-09-21","DATE: Sep-21</b><br>Normal: 1.8 kPa<br>Period: 1991-2020","6117700","BARRIE-ORO",2003,2026
"09-22","TMAX",2001-09-22,20.4647058823529,11.2,28.4,5.35676455246898,14.12,16.8,25.1,26.8,NA,NA,NA,NA,NA,9,2019-09-22,"","DATE: Sep-22<br><b>Maximum temperature</b><br>10-90 percentile<br>14.1 to 26.8 °C","Historical daily maximum<br>28.4 °C<br>2019-09-22","DATE: Sep-22</b><br>Normal: 20.5 °C<br>Period: 1991-2020","6117700","BARRIE-ORO",2003,2026
"09-22","TMIN",2001-09-22,8.25294117647059,0.8,19.4,5.64691482659545,2.44,3.6,10.2,17.04,NA,NA,NA,NA,NA,9,2019-09-22,"","DATE: Sep-22<br><b>Minimum temperature</b><br>10-90 percentile<br>2.4 to 17.0 °C","Historical daily maximum<br>19.4 °C<br>2019-09-22","DATE: Sep-22</b><br>Normal: 8.3 °C<br>Period: 1991-2020","6117700","BARRIE-ORO",2003,2026
"09-22","VPD",2001-09-22,1.35106205892843,0.464686993807819,2.44482507011865,0.508682342172047,0.714126504501781,1.05654202734295,1.62390390220045,1.9558081041017,NA,NA,NA,NA,NA,9,2004-09-22,"","DATE: Sep-22<br><b>Vapour pressure deficit</b><br>10-90 percentile<br>0.7 to 2.0 kPa","Historical daily maximum<br>2.4 kPa<br>2004-09-22","DATE: Sep-22</b><br>Normal: 1.4 kPa<br>Period: 1991-2020","6117700","BARRIE-ORO",2003,2026
"09-23","TMAX",2001-09-23,20.13125,12.9,29.3,4.38979403465204,15.4,17.575,22.65,25.25,NA,NA,NA,NA,NA,9,2017-09-23,"","DATE: Sep-23<br><b>Maximum temperature</b><br>10-90 percentile<br>15.4 to 25.2 °C","Historical daily maximum<br>29.3 °C<br>2017-09-23","DATE: Sep-23</b><br>Normal: 20.1 °C<br>Period: 1991-2020","6117700","BARRIE-ORO",2003,2026
"09-23","TMIN",2001-09-23,7.875,1.5,15.6,4.77919100545968,2.15,3.875,13,14,NA,NA,NA,NA,NA,9,2024-09-23,"","DATE: Sep-23<br><b>Minimum temperature</b><br>10-90 percentile<br>2.1 to 14.0 °C","Historical daily maximum<br>15.6 °C<br>2024-09-23","DATE: Sep-23</b><br>Normal: 7.9 °C<br>Period: 1991-2020","6117700","BARRIE-ORO",2003,2026
"09-23","VPD",2001-09-23,1.34360081557716,0.425304173444947,2.53094251144207,0.576785411627666,0.778369989717838,0.947110065965849,1.54039445613882,2.156831705271,NA,NA,NA,NA,NA,9,2004-09-23,"","DATE: Sep-23<br><b>Vapour pressure deficit</b><br>10-90 percentile<br>0.8 to 2.2 kPa","Historical daily maximum<br>2.5 kPa<br>2004-09-23","DATE: Sep-23</b><br>Normal: 1.3 kPa<br>Period: 1991-2020","6117700","BARRIE-ORO",2003,2026
"09-24","TMAX",2001-09-24,21.4764705882353,13.5,31.2,4.69887345697944,17.06,18.3,24,27.6,NA,NA,NA,NA,NA,9,2017-09-24,"","DATE: Sep-24<br><b>Maximum temperature</b><br>10-90 percentile<br>17.1 to 27.6 °C","Historical daily maximum<br>31.2 °C<br>2017-09-24","DATE: Sep-24</b><br>Normal: 21.5 °C<br>Period: 1991-2020","6117700","BARRIE-ORO",2003,2026
"09-24","TMIN",2001-09-24,6.95882352941176,0.2,16.4,3.936378224893,2.7,5.2,8.2,11.1,NA,NA,NA,NA,NA,9,2017-09-24,"","DATE: Sep-24<br><b>Minimum temperature</b><br>10-90 percentile<br>2.7 to 11.1 °C","Historical daily maximum<br>16.4 °C<br>2017-09-24","DATE: Sep-24</b><br>Normal: 7.0 °C<br>Period: 1991-2020","6117700","BARRIE-ORO",2003,2026
"09-24","VPD",2001-09-24,1.62068910262259,0.881218788727222,2.697860839774,0.60969227441308,1.07621287921528,1.15510854039133,2.09935305408364,2.5883336805498,NA,NA,NA,NA,NA,9,2007-09-24,"","DATE: Sep-24<br><b>Vapour pressure deficit</b><br>10-90 percentile<br>1.1 to 2.6 kPa","Historical daily maximum<br>2.7 kPa<br>2007-09-24","DATE: Sep-24</b><br>Normal: 1.6 kPa<br>Period: 1991-2020","6117700","BARRIE-ORO",2003,2026
"09-25","TMAX",2001-09-25,21.2941176470588,14.1,29.9,4.57390295429343,15.44,19.4,23.5,27.04,NA,NA,NA,NA,NA,9,2007-09-25,"","DATE: Sep-25<br><b>Maximum temperature</b><br>10-90 percentile<br>15.4 to 27.0 °C","Historical daily maximum<br>29.9 °C<br>2007-09-25","DATE: Sep-25</b><br>Normal: 21.3 °C<br>Period: 1991-2020","6117700","BARRIE-ORO",2003,2026
"09-25","TMIN",2001-09-25,8.54117647058824,2.2,15,3.88588130665513,3.88,5.7,11.7,13.76,NA,NA,NA,NA,NA,9,2025-09-25,"","DATE: Sep-25<br><b>Minimum temperature</b><br>10-90 percentile<br>3.9 to 13.8 °C","Historical daily maximum<br>15.0 °C<br>2025-09-25","DATE: Sep-25</b><br>Normal: 8.5 °C<br>Period: 1991-2020","6117700","BARRIE-ORO",2003,2026
"09-25","VPD",2001-09-25,1.47092146306825,0.620825853452765,2.6813746031704,0.631583803652295,0.773846759536029,0.999963238604196,1.87284599784156,2.3302979739318,NA,NA,NA,NA,NA,9,2007-09-25,"","DATE: Sep-25<br><b>Vapour pressure deficit</b><br>10-90 percentile<br>0.8 to 2.3 kPa","Historical daily maximum<br>2.7 kPa<br>2007-09-25","DATE: Sep-25</b><br>Normal: 1.5 kPa<br>Period: 1991-2020","6117700","BARRIE-ORO",2003,2026
"09-26","TMAX",2001-09-26,20.2352941176471,12.6,29.4,4.07107804771515,15.94,17.6,22.3,24.72,NA,NA,NA,NA,NA,9,2017-09-26,"","DATE: Sep-26<br><b>Maximum temperature</b><br>10-90 percentile<br>15.9 to 24.7 °C","Historical daily maximum<br>29.4 °C<br>2017-09-26","DATE: Sep-26</b><br>Normal: 20.2 °C<br>Period: 1991-2020","6117700","BARRIE-ORO",2003,2026
"09-26","TMIN",2001-09-26,7.57647058823529,3.1,15.9,3.51523992989183,3.7,4.6,9.1,11.66,NA,NA,NA,NA,NA,9,2017-09-26,"","DATE: Sep-26<br><b>Minimum temperature</b><br>10-90 percentile<br>3.7 to 11.7 °C","Historical daily maximum<br>15.9 °C<br>2017-09-26","DATE: Sep-26</b><br>Normal: 7.6 °C<br>Period: 1991-2020","6117700","BARRIE-ORO",2003,2026
"09-26","VPD",2001-09-26,1.36749465077396,0.560517052665142,2.29250302510858,0.462955192884551,0.777037223389571,1.1145199340081,1.67945063740305,1.89298911306144,NA,NA,NA,NA,NA,9,2017-09-26,"","DATE: Sep-26<br><b>Vapour pressure deficit</b><br>10-90 percentile<br>0.8 to 1.9 kPa","Historical daily maximum<br>2.3 kPa<br>2017-09-26","DATE: Sep-26</b><br>Normal: 1.4 kPa<br>Period: 1991-2020","6117700","BARRIE-ORO",2003,2026
"09-27","TMAX",2001-09-27,20.3294117647059,14.7,26.5,3.04851699722225,16.42,18.8,22.1,23.74,NA,NA,NA,NA,NA,9,2020-09-27,"","DATE: Sep-27<br><b>Maximum temperature</b><br>10-90 percentile<br>16.4 to 23.7 °C","Historical daily maximum<br>26.5 °C<br>2020-09-27","DATE: Sep-27</b><br>Normal: 20.3 °C<br>Period: 1991-2020","6117700","BARRIE-ORO",2003,2026
"09-27","TMIN",2001-09-27,7.26470588235294,2.3,17.4,4.32376299889208,2.62,4.6,8,13.04,NA,NA,NA,NA,NA,9,2020-09-27,"","DATE: Sep-27<br><b>Minimum temperature</b><br>10-90 percentile<br>2.6 to 13.0 °C","Historical daily maximum<br>17.4 °C<br>2020-09-27","DATE: Sep-27</b><br>Normal: 7.3 °C<br>Period: 1991-2020","6117700","BARRIE-ORO",2003,2026
"09-27","VPD",2001-09-27,1.3610400121867,0.376271998772879,2.06986545173352,0.420618580101105,0.922225267747465,1.18370036080796,1.62330940745123,1.8669343276697,NA,NA,NA,NA,NA,9,2004-09-27,"","DATE: Sep-27<br><b>Vapour pressure deficit</b><br>10-90 percentile<br>0.9 to 1.9 kPa","Historical daily maximum<br>2.1 kPa<br>2004-09-27","DATE: Sep-27</b><br>Normal: 1.4 kPa<br>Period: 1991-2020","6117700","BARRIE-ORO",2003,2026
"09-28","TMAX",2001-09-28,18.8352941176471,12.8,24.6,3.19020790397558,15.64,16.5,21.4,22.56,NA,NA,NA,NA,NA,9,2020-09-28,"","DATE: Sep-28<br><b>Maximum temperature</b><br>10-90 percentile<br>15.6 to 22.6 °C","Historical daily maximum<br>24.6 °C<br>2020-09-28","DATE: Sep-28</b><br>Normal: 18.8 °C<br>Period: 1991-2020","6117700","BARRIE-ORO",2003,2026
"09-28","TMIN",2001-09-28,7.60588235294118,1.7,16.4,4.05068984684018,3.36,4.3,9.4,12.76,NA,NA,NA,NA,NA,9,2015-09-28,"","DATE: Sep-28<br><b>Minimum temperature</b><br>10-90 percentile<br>3.4 to 12.8 °C","Historical daily maximum<br>16.4 °C<br>2015-09-28","DATE: Sep-28</b><br>Normal: 7.6 °C<br>Period: 1991-2020","6117700","BARRIE-ORO",2003,2026
"09-28","VPD",2001-09-28,1.13187611594812,0.555710334786409,1.81264595485089,0.373297064835726,0.719805852024597,0.83010409476292,1.42241685261456,1.61242363947111,NA,NA,NA,NA,NA,9,2014-09-28,"","DATE: Sep-28<br><b>Vapour pressure deficit</b><br>10-90 percentile<br>0.7 to 1.6 kPa","Historical daily maximum<br>1.8 kPa<br>2014-09-28","DATE: Sep-28</b><br>Normal: 1.1 kPa<br>Period: 1991-2020","6117700","BARRIE-ORO",2003,2026
"09-29","TMAX",2001-09-29,16.7294117647059,12,23.2,3.25245382478413,12.86,13.9,17.8,21.36,NA,NA,NA,NA,NA,9,2025-09-29,"","DATE: Sep-29<br><b>Maximum temperature</b><br>10-90 percentile<br>12.9 to 21.4 °C","Historical daily maximum<br>23.2 °C<br>2025-09-29","DATE: Sep-29</b><br>Normal: 16.7 °C<br>Period: 1991-2020","6117700","BARRIE-ORO",2003,2026
"09-29","TMIN",2001-09-29,6.39411764705882,0.2,12.5,3.96696839353355,2.1,2.9,10.5,11.24,NA,NA,NA,NA,NA,9,2016-09-29,"","DATE: Sep-29<br><b>Minimum temperature</b><br>10-90 percentile<br>2.1 to 11.2 °C","Historical daily maximum<br>12.5 °C<br>2016-09-29","DATE: Sep-29</b><br>Normal: 6.4 °C<br>Period: 1991-2020","6117700","BARRIE-ORO",2003,2026
"09-29","VPD",2001-09-29,0.9477419552624,0.403941524377288,1.78535948821194,0.331057412215148,0.620678462587587,0.776908742131964,1.15173476697272,1.27652678617242,NA,NA,NA,NA,NA,9,2025-09-29,"","DATE: Sep-29<br><b>Vapour pressure deficit</b><br>10-90 percentile<br>0.6 to 1.3 kPa","Historical daily maximum<br>1.8 kPa<br>2025-09-29","DATE: Sep-29</b><br>Normal: 0.9 kPa<br>Period: 1991-2020","6117700","BARRIE-ORO",2003,2026
"09-30","TMAX",2001-09-30,16.025,9.5,21.6,3.50399771689423,11.9,13.8,18.85,20.05,NA,NA,NA,NA,NA,9,2024-09-30,"","DATE: Sep-30<br><b>Maximum temperature</b><br>10-90 percentile<br>11.9 to 20.0 °C","Historical daily maximum<br>21.6 °C<br>2024-09-30","DATE: Sep-30</b><br>Normal: 16.0 °C<br>Period: 1991-2020","6117700","BARRIE-ORO",2003,2026
"09-30","TMIN",2001-09-30,6.65882352941177,0.8,13.3,3.87605773040234,2.26,3.9,9.5,11.78,NA,NA,NA,NA,NA,9,2016-09-30,"","DATE: Sep-30<br><b>Minimum temperature</b><br>10-90 percentile<br>2.3 to 11.8 °C","Historical daily maximum<br>13.3 °C<br>2016-09-30","DATE: Sep-30</b><br>Normal: 6.7 °C<br>Period: 1991-2020","6117700","BARRIE-ORO",2003,2026
"09-30","VPD",2001-09-30,0.861545990453933,0.424259366877538,1.71067853351419,0.376407575018478,0.456202553822925,0.595861304498534,0.960449687644219,1.40976779513785,NA,NA,NA,NA,NA,9,2025-09-30,"","DATE: Sep-30<br><b>Vapour pressure deficit</b><br>10-90 percentile<br>0.5 to 1.4 kPa","Historical daily maximum<br>1.7 kPa<br>2025-09-30","DATE: Sep-30</b><br>Normal: 0.9 kPa<br>Period: 1991-2020","6117700","BARRIE-ORO",2003,2026
"10-01","TMAX",2001-10-01,16.9352941176471,9.8,28.2,5.41940277803636,10.58,14,21.5,23.54,NA,NA,NA,NA,NA,10,2019-10-01,"","DATE: Oct-01<br><b>Maximum temperature</b><br>10-90 percentile<br>10.6 to 23.5 °C","Historical daily maximum<br>28.2 °C<br>2019-10-01","DATE: Oct-01</b><br>Normal: 16.9 °C<br>Period: 1991-2020","6117700","BARRIE-ORO",2003,2026
"10-01","TMIN",2001-10-01,5.45294117647059,-0.8,13.8,4.19555086476419,0.22,2.9,6.5,11.46,NA,NA,NA,NA,NA,10,2019-10-01,"","DATE: Oct-01<br><b>Minimum temperature</b><br>10-90 percentile<br>0.2 to 11.5 °C","Historical daily maximum<br>13.8 °C<br>2019-10-01","DATE: Oct-01</b><br>Normal: 5.5 °C<br>Period: 1991-2020","6117700","BARRIE-ORO",2003,2026
"10-01","VPD",2001-10-01,1.09521268436088,0.210025034836233,2.24619740873201,0.673156517616197,0.371270831139149,0.537631377826824,1.71096212178451,2.0213402686131,NA,NA,NA,NA,NA,10,2019-10-01,"","DATE: Oct-01<br><b>Vapour pressure deficit</b><br>10-90 percentile<br>0.4 to 2.0 kPa","Historical daily maximum<br>2.2 kPa<br>2019-10-01","DATE: Oct-01</b><br>Normal: 1.1 kPa<br>Period: 1991-2020","6117700","BARRIE-ORO",2003,2026
"10-02","TMAX",2001-10-02,15.5294117647059,9.3,23.7,4.51286559542304,10.32,11.2,19.1,20.02,NA,NA,NA,NA,NA,10,2023-10-02,"","DATE: Oct-02<br><b>Maximum temperature</b><br>10-90 percentile<br>10.3 to 20.0 °C","Historical daily maximum<br>23.7 °C<br>2023-10-02","DATE: Oct-02</b><br>Normal: 15.5 °C<br>Period: 1991-2020","6117700","BARRIE-ORO",2003,2026
"10-02","TMIN",2001-10-02,5.34117647058823,-0.1,13.6,4.45057002297591,1.16,2.3,6.8,13.54,NA,NA,NA,NA,NA,10,2007-10-02,"","DATE: Oct-02<br><b>Minimum temperature</b><br>10-90 percentile<br>1.2 to 13.5 °C","Historical daily maximum<br>13.6 °C<br>2007-10-02","DATE: Oct-02</b><br>Normal: 5.3 °C<br>Period: 1991-2020","6117700","BARRIE-ORO",2003,2026
"10-02","VPD",2001-10-02,0.894157696507493,0.256334569666531,2.02107991193508,0.517280974749912,0.46091895702004,0.51419004658383,1.32173193092256,1.53763875706997,NA,NA,NA,NA,NA,10,2023-10-02,"","DATE: Oct-02<br><b>Vapour pressure deficit</b><br>10-90 percentile<br>0.5 to 1.5 kPa","Historical daily maximum<br>2.0 kPa<br>2023-10-02","DATE: Oct-02</b><br>Normal: 0.9 kPa<br>Period: 1991-2020","6117700","BARRIE-ORO",2003,2026
"10-03","TMAX",2001-10-03,16.7823529411765,8.9,25.2,5.42439343315426,10.34,11.4,21.6,23.5,NA,NA,NA,NA,NA,10,2023-10-03,"","DATE: Oct-03<br><b>Maximum temperature</b><br>10-90 percentile<br>10.3 to 23.5 °C","Historical daily maximum<br>25.2 °C<br>2023-10-03","DATE: Oct-03</b><br>Normal: 16.8 °C<br>Period: 1991-2020","6117700","BARRIE-ORO",2003,2026
"10-03","TMIN",2001-10-03,5.95294117647059,-1.5,13.2,4.19599774294786,0.8,3.5,8.9,11.02,NA,NA,NA,NA,NA,10,2021-10-03,"","DATE: Oct-03<br><b>Minimum temperature</b><br>10-90 percentile<br>0.8 to 11.0 °C","Historical daily maximum<br>13.2 °C<br>2021-10-03","DATE: Oct-03</b><br>Normal: 6.0 °C<br>Period: 1991-2020","6117700","BARRIE-ORO",2003,2026
"10-03","VPD",2001-10-03,1.04078578447237,0.185617817250212,2.15203633920232,0.630821300557697,0.408772541938888,0.561252360132964,1.65850894879639,1.92953045075725,NA,NA,NA,NA,NA,10,2023-10-03,"","DATE: Oct-03<br><b>Vapour pressure deficit</b><br>10-90 percentile<br>0.4 to 1.9 kPa","Historical daily maximum<br>2.2 kPa<br>2023-10-03","DATE: Oct-03</b><br>Normal: 1.0 kPa<br>Period: 1991-2020","6117700","BARRIE-ORO",2003,2026
"10-04","TMAX",2001-10-04,16.7941176470588,8.8,28.2,5.46093748685096,11.16,12.9,21.4,23.34,NA,NA,NA,NA,NA,10,2005-10-04,"","DATE: Oct-04<br><b>Maximum temperature</b><br>10-90 percentile<br>11.2 to 23.3 °C","Historical daily maximum<br>28.2 °C<br>2005-10-04","DATE: Oct-04</b><br>Normal: 16.8 °C<br>Period: 1991-2020","6117700","BARRIE-ORO",2003,2026
"10-04","TMIN",2001-10-04,5.04117647058824,-0.2,13.2,4.62331845425034,0.04,0.6,7.7,12.14,NA,NA,NA,NA,NA,10,2016-10-04,"","DATE: Oct-04<br><b>Minimum temperature</b><br>10-90 percentile<br>0.0 to 12.1 °C","Historical daily maximum<br>13.2 °C<br>2016-10-04","DATE: Oct-04</b><br>Normal: 5.0 °C<br>Period: 1991-2020","6117700","BARRIE-ORO",2003,2026
"10-04","VPD",2001-10-04,1.09735737589834,0.379005293809373,2.3746908932256,0.622483035161225,0.48661181226657,0.617791650978584,1.44848730849875,1.97173385411647,NA,NA,NA,NA,NA,10,2025-10-04,"","DATE: Oct-04<br><b>Vapour pressure deficit</b><br>10-90 percentile<br>0.5 to 2.0 kPa","Historical daily maximum<br>2.4 kPa<br>2025-10-04","DATE: Oct-04</b><br>Normal: 1.1 kPa<br>Period: 1991-2020","6117700","BARRIE-ORO",2003,2026
"10-05","TMAX",2001-10-05,15.8470588235294,9.2,27.1,4.94066261333675,11.08,12.4,17.5,22.46,NA,NA,NA,NA,NA,10,2025-10-05,"","DATE: Oct-05<br><b>Maximum temperature</b><br>10-90 percentile<br>11.1 to 22.5 °C","Historical daily maximum<br>27.1 °C<br>2025-10-05","DATE: Oct-05</b><br>Normal: 15.8 °C<br>Period: 1991-2020","6117700","BARRIE-ORO",2003,2026
"10-05","TMIN",2001-10-05,5.03529411764706,-1.1,11.8,4.3606107910003,-0.44,0.9,8.1,10.62,NA,NA,NA,NA,NA,10,2023-10-05,"","DATE: Oct-05<br><b>Minimum temperature</b><br>10-90 percentile<br>-0.4 to 10.6 °C","Historical daily maximum<br>11.8 °C<br>2023-10-05","DATE: Oct-05</b><br>Normal: 5.0 °C<br>Period: 1991-2020","6117700","BARRIE-ORO",2003,2026
"10-05","VPD",2001-10-05,0.972545249484764,0.252568413117934,2.35009504391922,0.572733722049031,0.539697846089653,0.599770242390107,1.0274674972764,1.71365748738486,NA,NA,NA,NA,NA,10,2025-10-05,"","DATE: Oct-05<br><b>Vapour pressure deficit</b><br>10-90 percentile<br>0.5 to 1.7 kPa","Historical daily maximum<br>2.4 kPa<br>2025-10-05","DATE: Oct-05</b><br>Normal: 1.0 kPa<br>Period: 1991-2020","6117700","BARRIE-ORO",2003,2026
"10-06","TMAX",2001-10-06,17.0705882352941,10.2,26.9,4.51148045350447,11.62,13.1,19.4,22.98,NA,NA,NA,NA,NA,10,2025-10-06,"","DATE: Oct-06<br><b>Maximum temperature</b><br>10-90 percentile<br>11.6 to 23.0 °C","Historical daily maximum<br>26.9 °C<br>2025-10-06","DATE: Oct-06</b><br>Normal: 17.1 °C<br>Period: 1991-2020","6117700","BARRIE-ORO",2003,2026
"10-06","TMIN",2001-10-06,5.97647058823529,-2.2,15.1,5.00618734814288,-0.34,0.7,9.6,11.34,NA,NA,NA,NA,NA,10,2007-10-06,"","DATE: Oct-06<br><b>Minimum temperature</b><br>10-90 percentile<br>-0.3 to 11.3 °C","Historical daily maximum<br>15.1 °C<br>2007-10-06","DATE: Oct-06</b><br>Normal: 6.0 °C<br>Period: 1991-2020","6117700","BARRIE-ORO",2003,2026
"10-06","VPD",2001-10-06,1.03419052277936,0.49189585248417,2.34904323601526,0.499123020846419,0.5598457375042,0.648275029502288,1.37570921936787,1.59793787254418,NA,NA,NA,NA,NA,10,2025-10-06,"","DATE: Oct-06<br><b>Vapour pressure deficit</b><br>10-90 percentile<br>0.6 to 1.6 kPa","Historical daily maximum<br>2.3 kPa<br>2025-10-06","DATE: Oct-06</b><br>Normal: 1.0 kPa<br>Period: 1991-2020","6117700","BARRIE-ORO",2003,2026
"10-07","TMAX",2001-10-07,16.7647058823529,6.9,24.9,4.65469402545304,11.94,14.1,18.5,22.92,NA,NA,NA,NA,NA,10,2004-10-07,"","DATE: Oct-07<br><b>Maximum temperature</b><br>10-90 percentile<br>11.9 to 22.9 °C","Historical daily maximum<br>24.9 °C<br>2004-10-07","DATE: Oct-07</b><br>Normal: 16.8 °C<br>Period: 1991-2020","6117700","BARRIE-ORO",2003,2026
"10-07","TMIN",2001-10-07,5.71764705882353,-2.8,14.8,5.08898753365019,-2.14,3.4,8.4,11.82,NA,NA,NA,NA,NA,10,2017-10-07,"","DATE: Oct-07<br><b>Minimum temperature</b><br>10-90 percentile<br>-2.1 to 11.8 °C","Historical daily maximum<br>14.8 °C<br>2017-10-07","DATE: Oct-07</b><br>Normal: 5.7 °C<br>Period: 1991-2020","6117700","BARRIE-ORO",2003,2026
"10-07","VPD",2001-10-07,1.01314463328277,0.307181500671115,2.22030249518341,0.550194493968725,0.421714898061657,0.716109752150943,1.29927769217769,1.72372542817816,NA,NA,NA,NA,NA,10,2004-10-07,"","DATE: Oct-07<br><b>Vapour pressure deficit</b><br>10-90 percentile<br>0.4 to 1.7 kPa","Historical daily maximum<br>2.2 kPa<br>2004-10-07","DATE: Oct-07</b><br>Normal: 1.0 kPa<br>Period: 1991-2020","6117700","BARRIE-ORO",2003,2026
"10-08","TMAX",2001-10-08,17.4117647058824,11.8,27.3,5.10255847013794,12.18,13.6,22.4,23.84,NA,NA,NA,NA,NA,10,2007-10-08,"","DATE: Oct-08<br><b>Maximum temperature</b><br>10-90 percentile<br>12.2 to 23.8 °C","Historical daily maximum<br>27.3 °C<br>2007-10-08","DATE: Oct-08</b><br>Normal: 17.4 °C<br>Period: 1991-2020","6117700","BARRIE-ORO",2003,2026
"10-08","TMIN",2001-10-08,4.50588235294118,-2,15.9,4.67673371438808,-0.0199999999999997,1.2,7.9,9.6,NA,NA,NA,NA,NA,10,2007-10-08,"","DATE: Oct-08<br><b>Minimum temperature</b><br>10-90 percentile<br>0.0 to 9.6 °C","Historical daily maximum<br>15.9 °C<br>2007-10-08","DATE: Oct-08</b><br>Normal: 4.5 °C<br>Period: 1991-2020","6117700","BARRIE-ORO",2003,2026
"10-08","VPD",2001-10-08,1.19503968868652,0.455231229072498,2.17767966097757,0.573562558244502,0.625766790242939,0.769087790889862,1.60673529322731,2.12554502845511,NA,NA,NA,NA,NA,10,2011-10-08,"","DATE: Oct-08<br><b>Vapour pressure deficit</b><br>10-90 percentile<br>0.6 to 2.1 kPa","Historical daily maximum<br>2.2 kPa<br>2011-10-08","DATE: Oct-08</b><br>Normal: 1.2 kPa<br>Period: 1991-2020","6117700","BARRIE-ORO",2003,2026
"10-09","TMAX",2001-10-09,17.1941176470588,10.6,26.5,4.7279052692809,11.06,13.4,19.3,23.08,NA,NA,NA,NA,NA,10,2018-10-09,"","DATE: Oct-09<br><b>Maximum temperature</b><br>10-90 percentile<br>11.1 to 23.1 °C","Historical daily maximum<br>26.5 °C<br>2018-10-09","DATE: Oct-09</b><br>Normal: 17.2 °C<br>Period: 1991-2020","6117700","BARRIE-ORO",2003,2026
"10-09","TMIN",2001-10-09,3.78823529411765,-1.3,10.6,3.70268185794789,-0.14,0.6,6.7,8.82,NA,NA,NA,NA,NA,10,2021-10-09,"","DATE: Oct-09<br><b>Minimum temperature</b><br>10-90 percentile<br>-0.1 to 8.8 °C","Historical daily maximum<br>10.6 °C<br>2021-10-09","DATE: Oct-09</b><br>Normal: 3.8 °C<br>Period: 1991-2020","6117700","BARRIE-ORO",2003,2026
"10-09","VPD",2001-10-09,1.212358473085,0.355975649201364,2.30650056619185,0.506482398112791,0.660033730880405,0.904026799364908,1.3483045594299,1.84240097224948,NA,NA,NA,NA,NA,10,2011-10-09,"","DATE: Oct-09<br><b>Vapour pressure deficit</b><br>10-90 percentile<br>0.7 to 1.8 kPa","Historical daily maximum<br>2.3 kPa<br>2011-10-09","DATE: Oct-09</b><br>Normal: 1.2 kPa<br>Period: 1991-2020","6117700","BARRIE-ORO",2003,2026
"10-10","TMAX",2001-10-10,16.3352941176471,10.1,26.7,4.91031327621652,11.6,12.3,19.2,22.88,NA,NA,NA,NA,NA,10,2018-10-10,"","DATE: Oct-10<br><b>Maximum temperature</b><br>10-90 percentile<br>11.6 to 22.9 °C","Historical daily maximum<br>26.7 °C<br>2018-10-10","DATE: Oct-10</b><br>Normal: 16.3 °C<br>Period: 1991-2020","6117700","BARRIE-ORO",2003,2026
"10-10","TMIN",2001-10-10,3.81176470588235,-2.9,12.1,3.94697389669307,0.2,1.5,6.3,8.82,NA,NA,NA,NA,NA,10,2021-10-10,"","DATE: Oct-10<br><b>Minimum temperature</b><br>10-90 percentile<br>0.2 to 8.8 °C","Historical daily maximum<br>12.1 °C<br>2021-10-10","DATE: Oct-10</b><br>Normal: 3.8 °C<br>Period: 1991-2020","6117700","BARRIE-ORO",2003,2026
"10-10","VPD",2001-10-10,1.10823248481847,0.236113305206181,2.22951750070916,0.572115706576564,0.476988702471337,0.658335165562839,1.5040253540489,1.81974365454711,NA,NA,NA,NA,NA,10,2011-10-10,"","DATE: Oct-10<br><b>Vapour pressure deficit</b><br>10-90 percentile<br>0.5 to 1.8 kPa","Historical daily maximum<br>2.2 kPa<br>2011-10-10","DATE: Oct-10</b><br>Normal: 1.1 kPa<br>Period: 1991-2020","6117700","BARRIE-ORO",2003,2026
"10-11","TMAX",2001-10-11,15.1764705882353,6.8,22.5,4.99268582675757,8.86,11.3,19.3,21.4,NA,NA,NA,NA,NA,10,2021-10-11,"","DATE: Oct-11<br><b>Maximum temperature</b><br>10-90 percentile<br>8.9 to 21.4 °C","Historical daily maximum<br>22.5 °C<br>2021-10-11","DATE: Oct-11</b><br>Normal: 15.2 °C<br>Period: 1991-2020","6117700","BARRIE-ORO",2003,2026
"10-11","TMIN",2001-10-11,3.52941176470588,-2.2,9.1,3.85758420288565,-1.4,0.9,7.5,8.14,NA,NA,NA,NA,NA,10,2021-10-11,"","DATE: Oct-11<br><b>Minimum temperature</b><br>10-90 percentile<br>-1.4 to 8.1 °C","Historical daily maximum<br>9.1 °C<br>2021-10-11","DATE: Oct-11</b><br>Normal: 3.5 °C<br>Period: 1991-2020","6117700","BARRIE-ORO",2003,2026
"10-11","VPD",2001-10-11,0.986993932625581,0.305295792639676,1.68169617133116,0.460110025927704,0.45531141334378,0.687259829287198,1.43218123242055,1.63953789201551,NA,NA,NA,NA,NA,10,2022-10-11,"","DATE: Oct-11<br><b>Vapour pressure deficit</b><br>10-90 percentile<br>0.5 to 1.6 kPa","Historical daily maximum<br>1.7 kPa<br>2022-10-11","DATE: Oct-11</b><br>Normal: 1.0 kPa<br>Period: 1991-2020","6117700","BARRIE-ORO",2003,2026
"10-12","TMAX",2001-10-12,14.2764705882353,6.9,22.5,5.22560156964783,7.88,9.4,17.2,21.74,NA,NA,NA,NA,NA,10,2008-10-12,"","DATE: Oct-12<br><b>Maximum temperature</b><br>10-90 percentile<br>7.9 to 21.7 °C","Historical daily maximum<br>22.5 °C<br>2008-10-12","DATE: Oct-12</b><br>Normal: 14.3 °C<br>Period: 1991-2020","6117700","BARRIE-ORO",2003,2026
"10-12","TMIN",2001-10-12,2.59411764705882,-3.1,11.6,4.47932341267006,-2.38,-1.1,4.6,9.3,NA,NA,NA,NA,NA,10,2021-10-12,"","DATE: Oct-12<br><b>Minimum temperature</b><br>10-90 percentile<br>-2.4 to 9.3 °C","Historical daily maximum<br>11.6 °C<br>2021-10-12","DATE: Oct-12</b><br>Normal: 2.6 °C<br>Period: 1991-2020","6117700","BARRIE-ORO",2003,2026
"10-12","VPD",2001-10-12,0.937413029090346,0.29321916499173,1.99429369638783,0.541819332388639,0.362882192173469,0.565062511339823,1.40316878175902,1.71334294849388,NA,NA,NA,NA,NA,10,2008-10-12,"","DATE: Oct-12<br><b>Vapour pressure deficit</b><br>10-90 percentile<br>0.4 to 1.7 kPa","Historical daily maximum<br>2.0 kPa<br>2008-10-12","DATE: Oct-12</b><br>Normal: 0.9 kPa<br>Period: 1991-2020","6117700","BARRIE-ORO",2003,2026
"10-13","TMAX",2001-10-13,13.7588235294118,4.5,26.9,5.32330475639069,7.66,8.9,16.2,17.64,NA,NA,NA,NA,NA,10,2008-10-13,"","DATE: Oct-13<br><b>Maximum temperature</b><br>10-90 percentile<br>7.7 to 17.6 °C","Historical daily maximum<br>26.9 °C<br>2008-10-13","DATE: Oct-13</b><br>Normal: 13.8 °C<br>Period: 1991-2020","6117700","BARRIE-ORO",2003,2026
"10-13","TMIN",2001-10-13,3.84375,-1.7,12.6,4.94543139338386,-1.7,-1.075,7.875,9.6,NA,NA,NA,NA,NA,10,2021-10-13,"","DATE: Oct-13<br><b>Minimum temperature</b><br>10-90 percentile<br>-1.7 to 9.6 °C","Historical daily maximum<br>12.6 °C<br>2021-10-13","DATE: Oct-13</b><br>Normal: 3.8 °C<br>Period: 1991-2020","6117700","BARRIE-ORO",2003,2026
"10-13","VPD",2001-10-13,0.841787231907883,0.229722923002942,2.37294033200283,0.542568037123774,0.28123127056173,0.476931329829825,1.00489461369233,1.34414706298876,NA,NA,NA,NA,NA,10,2008-10-13,"","DATE: Oct-13<br><b>Vapour pressure deficit</b><br>10-90 percentile<br>0.3 to 1.3 kPa","Historical daily maximum<br>2.4 kPa<br>2008-10-13","DATE: Oct-13</b><br>Normal: 0.8 kPa<br>Period: 1991-2020","6117700","BARRIE-ORO",2003,2026
"10-14","TMAX",2001-10-14,14.3176470588235,5.6,21.1,4.45943316102474,8.9,10.7,17.5,18.96,NA,NA,NA,NA,NA,10,2021-10-14,"","DATE: Oct-14<br><b>Maximum temperature</b><br>10-90 percentile<br>8.9 to 19.0 °C","Historical daily maximum<br>21.1 °C<br>2021-10-14","DATE: Oct-14</b><br>Normal: 14.3 °C<br>Period: 1991-2020","6117700","BARRIE-ORO",2003,2026
"10-14","TMIN",2001-10-14,3.93529411764706,-5.7,14.2,4.9889805041299,-0.86,1.5,8.1,10.04,NA,NA,NA,NA,NA,10,2014-10-14,"","DATE: Oct-14<br><b>Minimum temperature</b><br>10-90 percentile<br>-0.9 to 10.0 °C","Historical daily maximum<br>14.2 °C<br>2014-10-14","DATE: Oct-14</b><br>Normal: 3.9 °C<br>Period: 1991-2020","6117700","BARRIE-ORO",2003,2026
"10-14","VPD",2001-10-14,0.834184363069099,0.342510194072144,1.5896339592888,0.314198164331741,0.503203321265089,0.591159783890892,1.04521745378883,1.14404847419593,NA,NA,NA,NA,NA,10,2008-10-14,"","DATE: Oct-14<br><b>Vapour pressure deficit</b><br>10-90 percentile<br>0.5 to 1.1 kPa","Historical daily maximum<br>1.6 kPa<br>2008-10-14","DATE: Oct-14</b><br>Normal: 0.8 kPa<br>Period: 1991-2020","6117700","BARRIE-ORO",2003,2026
"10-15","TMAX",2001-10-15,13.9882352941176,5.5,20.6,3.75431124724316,9.6,12.1,16.3,17.88,NA,NA,NA,NA,NA,10,2017-10-15,"","DATE: Oct-15<br><b>Maximum temperature</b><br>10-90 percentile<br>9.6 to 17.9 °C","Historical daily maximum<br>20.6 °C<br>2017-10-15","DATE: Oct-15</b><br>Normal: 14.0 °C<br>Period: 1991-2020","6117700","BARRIE-ORO",2003,2026
"10-15","TMIN",2001-10-15,3.47647058823529,-3.4,12.9,4.15414392681644,-1.72,1.5,6.6,7.78,NA,NA,NA,NA,NA,10,2014-10-15,"","DATE: Oct-15<br><b>Minimum temperature</b><br>10-90 percentile<br>-1.7 to 7.8 °C","Historical daily maximum<br>12.9 °C<br>2014-10-15","DATE: Oct-15</b><br>Normal: 3.5 °C<br>Period: 1991-2020","6117700","BARRIE-ORO",2003,2026
"10-15","VPD",2001-10-15,0.82280145844727,0.196864882175563,1.60177172211981,0.35373246873377,0.415603776459138,0.565662488761265,1.10294883740666,1.12217965115509,NA,NA,NA,NA,NA,10,2017-10-15,"","DATE: Oct-15<br><b>Vapour pressure deficit</b><br>10-90 percentile<br>0.4 to 1.1 kPa","Historical daily maximum<br>1.6 kPa<br>2017-10-15","DATE: Oct-15</b><br>Normal: 0.8 kPa<br>Period: 1991-2020","6117700","BARRIE-ORO",2003,2026
"10-16","TMAX",2001-10-16,12.0117647058824,6.5,20.6,3.70301943570061,8.36,9.9,13.5,16.68,NA,NA,NA,NA,NA,10,2013-10-16,"","DATE: Oct-16<br><b>Maximum temperature</b><br>10-90 percentile<br>8.4 to 16.7 °C","Historical daily maximum<br>20.6 °C<br>2013-10-16","DATE: Oct-16</b><br>Normal: 12.0 °C<br>Period: 1991-2020","6117700","BARRIE-ORO",2003,2026
"10-16","TMIN",2001-10-16,2.64117647058824,-3.7,10.9,4.53211578949741,-2.3,-1,5.1,9.36,NA,NA,NA,NA,NA,10,2014-10-16,"","DATE: Oct-16<br><b>Minimum temperature</b><br>10-90 percentile<br>-2.3 to 9.4 °C","Historical daily maximum<br>10.9 °C<br>2014-10-16","DATE: Oct-16</b><br>Normal: 2.6 °C<br>Period: 1991-2020","6117700","BARRIE-ORO",2003,2026
"10-16","VPD",2001-10-16,0.668081298043809,0.265048321226094,1.15683542081184,0.254702171391939,0.417228396662649,0.50335272850529,0.821608349028682,1.04577658351683,NA,NA,NA,NA,NA,10,2013-10-16,"","DATE: Oct-16<br><b>Vapour pressure deficit</b><br>10-90 percentile<br>0.4 to 1.0 kPa","Historical daily maximum<br>1.2 kPa<br>2013-10-16","DATE: Oct-16</b><br>Normal: 0.7 kPa<br>Period: 1991-2020","6117700","BARRIE-ORO",2003,2026
"10-17","TMAX",2001-10-17,11.6941176470588,5.2,18.7,4.20274770064706,6.16,7.7,14.5,16.26,NA,NA,NA,NA,NA,10,2017-10-17,"","DATE: Oct-17<br><b>Maximum temperature</b><br>10-90 percentile<br>6.2 to 16.3 °C","Historical daily maximum<br>18.7 °C<br>2017-10-17","DATE: Oct-17</b><br>Normal: 11.7 °C<br>Period: 1991-2020","6117700","BARRIE-ORO",2003,2026
"10-17","TMIN",2001-10-17,2.79411764705882,-4.5,10.4,4.71281107570568,-3.12,-1.8,5.8,8.46,NA,NA,NA,NA,NA,10,2014-10-17,"","DATE: Oct-17<br><b>Minimum temperature</b><br>10-90 percentile<br>-3.1 to 8.5 °C","Historical daily maximum<br>10.4 °C<br>2014-10-17","DATE: Oct-17</b><br>Normal: 2.8 °C<br>Period: 1991-2020","6117700","BARRIE-ORO",2003,2026
"10-17","VPD",2001-10-17,0.636527825534154,0.211532864925441,1.58046181761851,0.333259442417386,0.276269464596302,0.394937944022881,0.816595055320793,0.878226056593601,NA,NA,NA,NA,NA,10,2017-10-17,"","DATE: Oct-17<br><b>Vapour pressure deficit</b><br>10-90 percentile<br>0.3 to 0.9 kPa","Historical daily maximum<br>1.6 kPa<br>2017-10-17","DATE: Oct-17</b><br>Normal: 0.6 kPa<br>Period: 1991-2020","6117700","BARRIE-ORO",2003,2026
"10-18","TMAX",2001-10-18,12.2705882352941,4.1,24.3,5.3790989842494,5.9,9,15.8,18.66,NA,NA,NA,NA,NA,10,2016-10-18,"","DATE: Oct-18<br><b>Maximum temperature</b><br>10-90 percentile<br>5.9 to 18.7 °C","Historical daily maximum<br>24.3 °C<br>2016-10-18","DATE: Oct-18</b><br>Normal: 12.3 °C<br>Period: 1991-2020","6117700","BARRIE-ORO",2003,2026
"10-18","TMIN",2001-10-18,2.64705882352941,-6.5,12.5,5.75229493844183,-4.32,-2.4,4.7,10.64,NA,NA,NA,NA,NA,10,2016-10-18,"","DATE: Oct-18<br><b>Minimum temperature</b><br>10-90 percentile<br>-4.3 to 10.6 °C","Historical daily maximum<br>12.5 °C<br>2016-10-18","DATE: Oct-18</b><br>Normal: 2.6 °C<br>Period: 1991-2020","6117700","BARRIE-ORO",2003,2026
"10-18","VPD",2001-10-18,0.714618952769035,0.352515021599875,1.68913868888927,0.378877290210181,0.417316350190088,0.485010776625819,0.772508798636087,1.14949098649458,NA,NA,NA,NA,NA,10,2017-10-18,"","DATE: Oct-18<br><b>Vapour pressure deficit</b><br>10-90 percentile<br>0.4 to 1.1 kPa","Historical daily maximum<br>1.7 kPa<br>2017-10-18","DATE: Oct-18</b><br>Normal: 0.7 kPa<br>Period: 1991-2020","6117700","BARRIE-ORO",2003,2026
"10-19","TMAX",2001-10-19,13.2294117647059,7.2,21.6,3.78760556055576,9.18,10.3,14.3,18.64,NA,NA,NA,NA,NA,10,2007-10-19,"","DATE: Oct-19<br><b>Maximum temperature</b><br>10-90 percentile<br>9.2 to 18.6 °C","Historical daily maximum<br>21.6 °C<br>2007-10-19","DATE: Oct-19</b><br>Normal: 13.2 °C<br>Period: 1991-2020","6117700","BARRIE-ORO",2003,2026
"10-19","TMIN",2001-10-19,2.48823529411765,-4.6,15.9,5.23341217000691,-3.64,-2.4,5.9,7,NA,NA,NA,NA,NA,10,2007-10-19,"","DATE: Oct-19<br><b>Minimum temperature</b><br>10-90 percentile<br>-3.6 to 7.0 °C","Historical daily maximum<br>15.9 °C<br>2007-10-19","DATE: Oct-19</b><br>Normal: 2.5 °C<br>Period: 1991-2020","6117700","BARRIE-ORO",2003,2026
"10-19","VPD",2001-10-19,0.783779012420368,0.253291162708733,1.22794679601864,0.325199501707045,0.376969177459779,0.576116183345891,1.14129448849314,1.160248345018,NA,NA,NA,NA,NA,10,2024-10-19,"","DATE: Oct-19<br><b>Vapour pressure deficit</b><br>10-90 percentile<br>0.4 to 1.2 kPa","Historical daily maximum<br>1.2 kPa<br>2024-10-19","DATE: Oct-19</b><br>Normal: 0.8 kPa<br>Period: 1991-2020","6117700","BARRIE-ORO",2003,2026
"10-20","TMAX",2001-10-20,12.475,5.8,22.2,4.32165091911259,7.6,9.95,15.325,17.05,NA,NA,NA,NA,NA,10,2024-10-20,"","DATE: Oct-20<br><b>Maximum temperature</b><br>10-90 percentile<br>7.6 to 17.0 °C","Historical daily maximum<br>22.2 °C<br>2024-10-20","DATE: Oct-20</b><br>Normal: 12.5 °C<br>Period: 1991-2020","6117700","BARRIE-ORO",2003,2026
"10-20","TMIN",2001-10-20,3.83529411764706,-2.8,8.6,3.49998949578256,-1.2,1.2,7.1,7.66,NA,NA,NA,NA,NA,10,2023-10-20,"","DATE: Oct-20<br><b>Minimum temperature</b><br>10-90 percentile<br>-1.2 to 7.7 °C","Historical daily maximum<br>8.6 °C<br>2023-10-20","DATE: Oct-20</b><br>Normal: 3.8 °C<br>Period: 1991-2020","6117700","BARRIE-ORO",2003,2026
"10-20","VPD",2001-10-20,0.688370400493528,0.0945024671071556,1.81612624592411,0.413858295746575,0.353738617275964,0.375265972762406,0.90177527776102,1.05313590198438,NA,NA,NA,NA,NA,10,2024-10-20,"","DATE: Oct-20<br><b>Vapour pressure deficit</b><br>10-90 percentile<br>0.4 to 1.1 kPa","Historical daily maximum<br>1.8 kPa<br>2024-10-20","DATE: Oct-20</b><br>Normal: 0.7 kPa<br>Period: 1991-2020","6117700","BARRIE-ORO",2003,2026
"10-21","TMAX",2001-10-21,11.6352941176471,3.5,25.4,5.48200934608727,7.06,9,13,18.52,NA,NA,NA,NA,NA,10,2007-10-21,"","DATE: Oct-21<br><b>Maximum temperature</b><br>10-90 percentile<br>7.1 to 18.5 °C","Historical daily maximum<br>25.4 °C<br>2007-10-21","DATE: Oct-21</b><br>Normal: 11.6 °C<br>Period: 1991-2020","6117700","BARRIE-ORO",2003,2026
"10-21","TMIN",2001-10-21,2.70588235294118,-4.2,6.6,3.29459227147975,-2.24,1.3,5.3,6.1,NA,NA,NA,NA,NA,10,2024-10-21,"","DATE: Oct-21<br><b>Minimum temperature</b><br>10-90 percentile<br>-2.2 to 6.1 °C","Historical daily maximum<br>6.6 °C<br>2024-10-21","DATE: Oct-21</b><br>Normal: 2.7 °C<br>Period: 1991-2020","6117700","BARRIE-ORO",2003,2026
"10-21","VPD",2001-10-21,0.694135497782527,0.174736461224111,2.28271889991341,0.563748163516354,0.244172246486921,0.297975150497495,0.788750486720713,1.38845917005763,NA,NA,NA,NA,NA,10,2007-10-21,"","DATE: Oct-21<br><b>Vapour pressure deficit</b><br>10-90 percentile<br>0.2 to 1.4 kPa","Historical daily maximum<br>2.3 kPa<br>2007-10-21","DATE: Oct-21</b><br>Normal: 0.7 kPa<br>Period: 1991-2020","6117700","BARRIE-ORO",2003,2026
"10-22","TMAX",2001-10-22,11.7470588235294,4.5,24.7,5.68365173623644,7.16,7.7,13.5,19.98,NA,NA,NA,NA,NA,10,2024-10-22,"","DATE: Oct-22<br><b>Maximum temperature</b><br>10-90 percentile<br>7.2 to 20.0 °C","Historical daily maximum<br>24.7 °C<br>2024-10-22","DATE: Oct-22</b><br>Normal: 11.7 °C<br>Period: 1991-2020","6117700","BARRIE-ORO",2003,2026
"10-22","TMIN",2001-10-22,2.02352941176471,-4.1,7.5,3.38480601581625,-2.32,0,4.6,6.1,NA,NA,NA,NA,NA,10,2007-10-22,"","DATE: Oct-22<br><b>Minimum temperature</b><br>10-90 percentile<br>-2.3 to 6.1 °C","Historical daily maximum<br>7.5 °C<br>2007-10-22","DATE: Oct-22</b><br>Normal: 2.0 °C<br>Period: 1991-2020","6117700","BARRIE-ORO",2003,2026
"10-22","VPD",2001-10-22,0.745108336585111,0.246633835417161,2.07482998347018,0.5573276428298,0.317272395894473,0.372206195039449,0.816094130833412,1.55355739637517,NA,NA,NA,NA,NA,10,2024-10-22,"","DATE: Oct-22<br><b>Vapour pressure deficit</b><br>10-90 percentile<br>0.3 to 1.6 kPa","Historical daily maximum<br>2.1 kPa<br>2024-10-22","DATE: Oct-22</b><br>Normal: 0.7 kPa<br>Period: 1991-2020","6117700","BARRIE-ORO",2003,2026
"10-23","TMAX",2001-10-23,11.18125,4.6,23.3,4.78138316808013,6.2,7.875,12.9,16.35,NA,NA,NA,NA,NA,10,2020-10-23,"","DATE: Oct-23<br><b>Maximum temperature</b><br>10-90 percentile<br>6.2 to 16.4 °C","Historical daily maximum<br>23.3 °C<br>2020-10-23","DATE: Oct-23</b><br>Normal: 11.2 °C<br>Period: 1991-2020","6117700","BARRIE-ORO",2003,2026
"10-23","TMIN",2001-10-23,2.64375,-1.4,9.7,3.59220800251507,-1.05,0.2,5.05,8,NA,NA,NA,NA,NA,10,2017-10-23,"","DATE: Oct-23<br><b>Minimum temperature</b><br>10-90 percentile<br>-1.0 to 8.0 °C","Historical daily maximum<br>9.7 °C<br>2017-10-23","DATE: Oct-23</b><br>Normal: 2.6 °C<br>Period: 1991-2020","6117700","BARRIE-ORO",2003,2026
"10-23","VPD",2001-10-23,0.628895847352759,0.159602416084137,1.9575919422724,0.45494965468232,0.194227617503523,0.311003724376976,0.783659494318771,1.01307060201965,NA,NA,NA,NA,NA,10,2020-10-23,"","DATE: Oct-23<br><b>Vapour pressure deficit</b><br>10-90 percentile<br>0.2 to 1.0 kPa","Historical daily maximum<br>2.0 kPa<br>2020-10-23","DATE: Oct-23</b><br>Normal: 0.6 kPa<br>Period: 1991-2020","6117700","BARRIE-ORO",2003,2026
"10-24","TMAX",2001-10-24,9.6,3.2,15.1,3.52242813979221,5.34,6.8,12.2,13.52,NA,NA,NA,NA,NA,10,2022-10-24,"","DATE: Oct-24<br><b>Maximum temperature</b><br>10-90 percentile<br>5.3 to 13.5 °C","Historical daily maximum<br>15.1 °C<br>2022-10-24","DATE: Oct-24</b><br>Normal: 9.6 °C<br>Period: 1991-2020","6117700","BARRIE-ORO",2003,2026
"10-24","TMIN",2001-10-24,3.04705882352941,-1.2,8.5,3.44875297155704,-1.02,0.4,6.2,7.68,NA,NA,NA,NA,NA,10,2012-10-24,"","DATE: Oct-24<br><b>Minimum temperature</b><br>10-90 percentile<br>-1.0 to 7.7 °C","Historical daily maximum<br>8.5 °C<br>2012-10-24","DATE: Oct-24</b><br>Normal: 3.0 °C<br>Period: 1991-2020","6117700","BARRIE-ORO",2003,2026
"10-24","VPD",2001-10-24,0.443337970278474,0.141825224769417,0.89140185062234,0.250803726232249,0.191474537118786,0.240723554194361,0.636259281048535,0.800030050446535,NA,NA,NA,NA,NA,10,2022-10-24,"","DATE: Oct-24<br><b>Vapour pressure deficit</b><br>10-90 percentile<br>0.2 to 0.8 kPa","Historical daily maximum<br>0.9 kPa<br>2022-10-24","DATE: Oct-24</b><br>Normal: 0.4 kPa<br>Period: 1991-2020","6117700","BARRIE-ORO",2003,2026
"10-25","TMAX",2001-10-25,10.4941176470588,5.3,22.5,4.52292363801271,6.1,6.9,11.6,16,NA,NA,NA,NA,NA,10,2012-10-25,"","DATE: Oct-25<br><b>Maximum temperature</b><br>10-90 percentile<br>6.1 to 16.0 °C","Historical daily maximum<br>22.5 °C<br>2012-10-25","DATE: Oct-25</b><br>Normal: 10.5 °C<br>Period: 1991-2020","6117700","BARRIE-ORO",2003,2026
"10-25","TMIN",2001-10-25,2.12941176470588,-2.3,9.1,3.81047318352366,-1.88,-0.4,5.6,7.18,NA,NA,NA,NA,NA,10,2010-10-25,"","DATE: Oct-25<br><b>Minimum temperature</b><br>10-90 percentile<br>-1.9 to 7.2 °C","Historical daily maximum<br>9.1 °C<br>2010-10-25","DATE: Oct-25</b><br>Normal: 2.1 °C<br>Period: 1991-2020","6117700","BARRIE-ORO",2003,2026
"10-25","VPD",2001-10-25,0.587091235997172,0.23778476139608,1.63811814942827,0.333190776884606,0.310155430395584,0.33498969263765,0.693945253976614,0.810775955736294,NA,NA,NA,NA,NA,10,2012-10-25,"","DATE: Oct-25<br><b>Vapour pressure deficit</b><br>10-90 percentile<br>0.3 to 0.8 kPa","Historical daily maximum<br>1.6 kPa<br>2012-10-25","DATE: Oct-25</b><br>Normal: 0.6 kPa<br>Period: 1991-2020","6117700","BARRIE-ORO",2003,2026
"10-26","TMAX",2001-10-26,9.45294117647059,3.4,17.6,3.9150539024161,5.72,6.3,11.3,14.46,NA,NA,NA,NA,NA,10,2010-10-26,"","DATE: Oct-26<br><b>Maximum temperature</b><br>10-90 percentile<br>5.7 to 14.5 °C","Historical daily maximum<br>17.6 °C<br>2010-10-26","DATE: Oct-26</b><br>Normal: 9.5 °C<br>Period: 1991-2020","6117700","BARRIE-ORO",2003,2026
"10-26","TMIN",2001-10-26,2.06470588235294,-4.2,11.4,4.28105436435795,-3.32,-1.9,3.9,7,NA,NA,NA,NA,NA,10,2023-10-26,"","DATE: Oct-26<br><b>Minimum temperature</b><br>10-90 percentile<br>-3.3 to 7.0 °C","Historical daily maximum<br>11.4 °C<br>2023-10-26","DATE: Oct-26</b><br>Normal: 2.1 °C<br>Period: 1991-2020","6117700","BARRIE-ORO",2003,2026
"10-26","VPD",2001-10-26,0.481460248761552,0.180040476240727,0.841648841634724,0.214256278558298,0.208243139627095,0.277342739209971,0.651094438284086,0.718983156912465,NA,NA,NA,NA,NA,10,2004-10-26,"","DATE: Oct-26<br><b>Vapour pressure deficit</b><br>10-90 percentile<br>0.2 to 0.7 kPa","Historical daily maximum<br>0.8 kPa<br>2004-10-26","DATE: Oct-26</b><br>Normal: 0.5 kPa<br>Period: 1991-2020","6117700","BARRIE-ORO",2003,2026
"10-27","TMAX",2001-10-27,8.87058823529412,1.9,19,4.76232148036574,3.76,5.4,12.1,15.06,NA,NA,NA,NA,NA,10,2023-10-27,"","DATE: Oct-27<br><b>Maximum temperature</b><br>10-90 percentile<br>3.8 to 15.1 °C","Historical daily maximum<br>19.0 °C<br>2023-10-27","DATE: Oct-27</b><br>Normal: 8.9 °C<br>Period: 1991-2020","6117700","BARRIE-ORO",2003,2026
"10-27","TMIN",2001-10-27,0.982352941176471,-4.2,10,3.94687143414212,-2.6,-1.9,2.6,7.22,NA,NA,NA,NA,NA,10,2023-10-27,"","DATE: Oct-27<br><b>Minimum temperature</b><br>10-90 percentile<br>-2.6 to 7.2 °C","Historical daily maximum<br>10.0 °C<br>2023-10-27","DATE: Oct-27</b><br>Normal: 1.0 °C<br>Period: 1991-2020","6117700","BARRIE-ORO",2003,2026
"10-27","VPD",2001-10-27,0.509770614578032,0.132855504555169,1.09986188875972,0.285043523399883,0.217550892140399,0.30295418662066,0.716562280401651,0.915593652764848,NA,NA,NA,NA,NA,10,2007-10-27,"","DATE: Oct-27<br><b>Vapour pressure deficit</b><br>10-90 percentile<br>0.2 to 0.9 kPa","Historical daily maximum<br>1.1 kPa<br>2007-10-27","DATE: Oct-27</b><br>Normal: 0.5 kPa<br>Period: 1991-2020","6117700","BARRIE-ORO",2003,2026
"10-28","TMAX",2001-10-28,9.2875,3.1,17.9,4.41540862586163,4.15,5.95,12.025,14.85,NA,NA,NA,NA,NA,10,2023-10-28,"","DATE: Oct-28<br><b>Maximum temperature</b><br>10-90 percentile<br>4.2 to 14.8 °C","Historical daily maximum<br>17.9 °C<br>2023-10-28","DATE: Oct-28</b><br>Normal: 9.3 °C<br>Period: 1991-2020","6117700","BARRIE-ORO",2003,2026
"10-28","TMIN",2001-10-28,0.841176470588235,-4.1,7.4,3.07328383482746,-2.48,-0.9,1.9,5.38,NA,NA,NA,NA,NA,10,2014-10-28,"","DATE: Oct-28<br><b>Minimum temperature</b><br>10-90 percentile<br>-2.5 to 5.4 °C","Historical daily maximum<br>7.4 °C<br>2014-10-28","DATE: Oct-28</b><br>Normal: 0.8 °C<br>Period: 1991-2020","6117700","BARRIE-ORO",2003,2026
"10-28","VPD",2001-10-28,0.550686742898506,0.11550801832896,1.15203822643331,0.290996657846308,0.18451238055958,0.331786991172735,0.662229987512043,0.873900263800527,NA,NA,NA,NA,NA,10,2023-10-28,"","DATE: Oct-28<br><b>Vapour pressure deficit</b><br>10-90 percentile<br>0.2 to 0.9 kPa","Historical daily maximum<br>1.2 kPa<br>2023-10-28","DATE: Oct-28</b><br>Normal: 0.6 kPa<br>Period: 1991-2020","6117700","BARRIE-ORO",2003,2026
"10-29","TMAX",2001-10-29,9.49333333333333,2.5,17.9,4.44529714042455,3.9,6.3,12.45,14.46,NA,NA,NA,NA,NA,10,2016-10-29,"","DATE: Oct-29<br><b>Maximum temperature</b><br>10-90 percentile<br>3.9 to 14.5 °C","Historical daily maximum<br>17.9 °C<br>2016-10-29","DATE: Oct-29</b><br>Normal: 9.5 °C<br>Period: 1991-2020","6117700","BARRIE-ORO",2003,2026
"10-29","TMIN",2001-10-29,0.38125,-3.4,7.8,2.93330729155107,-3.15,-1.85,2.025,2.8,NA,NA,NA,NA,NA,10,2016-10-29,"","DATE: Oct-29<br><b>Minimum temperature</b><br>10-90 percentile<br>-3.1 to 2.8 °C","Historical daily maximum<br>7.8 °C<br>2016-10-29","DATE: Oct-29</b><br>Normal: 0.4 °C<br>Period: 1991-2020","6117700","BARRIE-ORO",2003,2026
"10-29","VPD",2001-10-29,0.595609606289877,0.203498249503179,1.06906563342688,0.294685205527006,0.248642369225742,0.338712397041939,0.858093133130133,0.976395231913146,NA,NA,NA,NA,NA,10,2022-10-29,"","DATE: Oct-29<br><b>Vapour pressure deficit</b><br>10-90 percentile<br>0.2 to 1.0 kPa","Historical daily maximum<br>1.1 kPa<br>2022-10-29","DATE: Oct-29</b><br>Normal: 0.6 kPa<br>Period: 1991-2020","6117700","BARRIE-ORO",2003,2026
"10-30","TMAX",2001-10-30,10.29375,2.5,18.9,4.41157095979803,6.7,7.4,12.95,16.4,NA,NA,NA,NA,NA,10,2024-10-30,"","DATE: Oct-30<br><b>Maximum temperature</b><br>10-90 percentile<br>6.7 to 16.4 °C","Historical daily maximum<br>18.9 °C<br>2024-10-30","DATE: Oct-30</b><br>Normal: 10.3 °C<br>Period: 1991-2020","6117700","BARRIE-ORO",2003,2026
"10-30","TMIN",2001-10-30,0.0529411764705883,-6.8,9.4,4.71899322513007,-5.04,-4.2,2.3,6.06,NA,NA,NA,NA,NA,10,2004-10-30,"","DATE: Oct-30<br><b>Minimum temperature</b><br>10-90 percentile<br>-5.0 to 6.1 °C","Historical daily maximum<br>9.4 °C<br>2004-10-30","DATE: Oct-30</b><br>Normal: 0.1 °C<br>Period: 1991-2020","6117700","BARRIE-ORO",2003,2026
"10-30","VPD",2001-10-30,0.657505044702458,0.189590363965697,1.1568230669632,0.289171880696456,0.315784312347035,0.459640730590461,0.862364322078943,1.03762143691249,NA,NA,NA,NA,NA,10,2024-10-30,"","DATE: Oct-30<br><b>Vapour pressure deficit</b><br>10-90 percentile<br>0.3 to 1.0 kPa","Historical daily maximum<br>1.2 kPa<br>2024-10-30","DATE: Oct-30</b><br>Normal: 0.7 kPa<br>Period: 1991-2020","6117700","BARRIE-ORO",2003,2026
"10-31","TMAX",2001-10-31,10.38125,4.6,17.8,4.51489663964378,4.85,6.425,15.1,16,NA,NA,NA,NA,NA,10,2024-10-31,"","DATE: Oct-31<br><b>Maximum temperature</b><br>10-90 percentile<br>4.8 to 16.0 °C","Historical daily maximum<br>17.8 °C<br>2024-10-31","DATE: Oct-31</b><br>Normal: 10.4 °C<br>Period: 1991-2020","6117700","BARRIE-ORO",2003,2026
"10-31","TMIN",2001-10-31,0.71875,-8.1,6.5,4.34759991259545,-4.85,-1.925,4.175,5.85,NA,NA,NA,NA,NA,10,2024-10-31,"","DATE: Oct-31<br><b>Minimum temperature</b><br>10-90 percentile<br>-4.8 to 5.8 °C","Historical daily maximum<br>6.5 °C<br>2024-10-31","DATE: Oct-31</b><br>Normal: 0.7 °C<br>Period: 1991-2020","6117700","BARRIE-ORO",2003,2026
"10-31","VPD",2001-10-31,0.638715263250017,0.241883155792594,1.31724057087725,0.320603628687038,0.291784739397085,0.397525215078895,0.791306769705541,1.08013446595223,NA,NA,NA,NA,NA,10,2008-10-31,"","DATE: Oct-31<br><b>Vapour pressure deficit</b><br>10-90 percentile<br>0.3 to 1.1 kPa","Historical daily maximum<br>1.3 kPa<br>2008-10-31","DATE: Oct-31</b><br>Normal: 0.6 kPa<br>Period: 1991-2020","6117700","BARRIE-ORO",2003,2026
