"MD","variable","PLOT_DATE","clim_mean","clim_min","clim_max","clim_sd","q10","q25","q75","q90","value","ECCC_SOURCE","ECCC_AES","ECCC_STATION_ID","ECCC_STATION_NAME","MONTH","clim_max_date","hover_value","hover_band","hover_histmax","hover_mean","AES","NAME","por_start","por_end"
"04-01","TMAX",2001-04-01,9.15,3,16.8,4.53970785055834,3.77,5.9,13.475,14.36,10.8,"NA (ECCC AES NA; station_id 27529)",NA,27529,"",4,2000-04-01,"DATE: Apr-01<br>Value: 10.8 °C<br>Anomaly: +1.7 °C<br>Weather station: NA (ECCC AES NA; station_id 27529)","DATE: Apr-01<br><b>Maximum temperature</b><br>10-90 percentile<br>3.8 to 14.4 °C","Historical daily maximum<br>16.8 °C<br>2000-04-01","DATE: Apr-01</b><br>Normal: 9.2 °C<br>Period: 1991-2020","6153301","HAMILTON+RBG+CS",2000,2026
"04-01","TMIN",2001-04-01,0.28,-6.8,5.7,3.69118437703444,-6.16,-1.75,2.95,3.2,1.9,"NA (ECCC AES NA; station_id 27529)",NA,27529,"",4,2005-04-01,"DATE: Apr-01<br>Value: 1.9 °C<br>Anomaly: +1.6 °C<br>Weather station: NA (ECCC AES NA; station_id 27529)","DATE: Apr-01<br><b>Minimum temperature</b><br>10-90 percentile<br>-6.2 to 3.2 °C","Historical daily maximum<br>5.7 °C<br>2005-04-01","DATE: Apr-01</b><br>Normal: 0.3 °C<br>Period: 1991-2020","6153301","HAMILTON+RBG+CS",2000,2026
"04-01","VPD",2001-04-01,0.564958934198658,0.0867024776736529,1.21269829877775,0.32275249275708,0.197682086806633,0.310265636731518,0.752976985829136,0.910027695906159,0.594756690662371,"NA (ECCC AES NA; station_id 27529)",NA,27529,"",4,2000-04-01,"DATE: Apr-01<br>Value: 0.6 kPa<br>Anomaly: +0.0 kPa<br>Weather station: NA (ECCC AES NA; station_id 27529)","DATE: Apr-01<br><b>Vapour pressure deficit</b><br>10-90 percentile<br>0.2 to 0.9 kPa","Historical daily maximum<br>1.2 kPa<br>2000-04-01","DATE: Apr-01</b><br>Normal: 0.6 kPa<br>Period: 1991-2020","6153301","HAMILTON+RBG+CS",2000,2026
"04-02","TMAX",2001-04-02,10.38,2.9,27.9,6.29123032064225,3.77,5.425,14.275,17.27,3.6,"NA (ECCC AES NA; station_id 27529)",NA,27529,"",4,2010-04-02,"DATE: Apr-02<br>Value: 3.6 °C<br>Anomaly: -6.8 °C<br>Weather station: NA (ECCC AES NA; station_id 27529)","DATE: Apr-02<br><b>Maximum temperature</b><br>10-90 percentile<br>3.8 to 17.3 °C","Historical daily maximum<br>27.9 °C<br>2010-04-02","DATE: Apr-02</b><br>Normal: 10.4 °C<br>Period: 1991-2020","6153301","HAMILTON+RBG+CS",2000,2026
"04-02","TMIN",2001-04-02,-0.23,-5.4,6.9,3.32583191017478,-4.01,-2.675,1.25,4.28,1,"NA (ECCC AES NA; station_id 27529)",NA,27529,"",4,2000-04-02,"DATE: Apr-02<br>Value: 1.0 °C<br>Anomaly: +1.2 °C<br>Weather station: NA (ECCC AES NA; station_id 27529)","DATE: Apr-02<br><b>Minimum temperature</b><br>10-90 percentile<br>-4.0 to 4.3 °C","Historical daily maximum<br>6.9 °C<br>2000-04-02","DATE: Apr-02</b><br>Normal: -0.2 °C<br>Period: 1991-2020","6153301","HAMILTON+RBG+CS",2000,2026
"04-02","VPD",2001-04-02,0.749293475644721,0.0784485974290628,2.8856661505243,0.639974081609926,0.18022997885532,0.376238846021545,0.869673957412924,1.33765452068254,0.13393796845189,"NA (ECCC AES NA; station_id 27529)",NA,27529,"",4,2010-04-02,"DATE: Apr-02<br>Value: 0.1 kPa<br>Anomaly: -0.6 kPa<br>Weather station: NA (ECCC AES NA; station_id 27529)","DATE: Apr-02<br><b>Vapour pressure deficit</b><br>10-90 percentile<br>0.2 to 1.3 kPa","Historical daily maximum<br>2.9 kPa<br>2010-04-02","DATE: Apr-02</b><br>Normal: 0.7 kPa<br>Period: 1991-2020","6153301","HAMILTON+RBG+CS",2000,2026
"04-03","TMAX",2001-04-03,8.27222222222222,-0.3,21,4.92147820399708,2.8,4.55,9.725,13,25.8,"NA (ECCC AES NA; station_id 27529)",NA,27529,"",4,2026-04-03,"DATE: Apr-03<br>Value: 25.8 °C<br>Anomaly: +17.5 °C<br>Weather station: NA (ECCC AES NA; station_id 27529)","DATE: Apr-03<br><b>Maximum temperature</b><br>10-90 percentile<br>2.8 to 13.0 °C","Historical daily maximum<br>21.0 °C<br>2026-04-03","DATE: Apr-03</b><br>Normal: 8.3 °C<br>Period: 1991-2020","6153301","HAMILTON+RBG+CS",2000,2026
"04-03","TMIN",2001-04-03,0.173684210526316,-6,5.6,3.52370419134044,-4.48,-2.4,2.8,4.94,3.5,"NA (ECCC AES NA; station_id 27529)",NA,27529,"",4,2010-04-03,"DATE: Apr-03<br>Value: 3.5 °C<br>Anomaly: +3.3 °C<br>Weather station: NA (ECCC AES NA; station_id 27529)","DATE: Apr-03<br><b>Minimum temperature</b><br>10-90 percentile<br>-4.5 to 4.9 °C","Historical daily maximum<br>5.6 °C<br>2010-04-03","DATE: Apr-03</b><br>Normal: 0.2 °C<br>Period: 1991-2020","6153301","HAMILTON+RBG+CS",2000,2026
"04-03","VPD",2001-04-03,0.526370985362391,0.0623232590418689,1.57747793452055,0.35943782025133,0.176001350291864,0.257348819321424,0.671043060173493,0.882786966366263,2.53682143568339,"NA (ECCC AES NA; station_id 27529)",NA,27529,"",4,2026-04-03,"DATE: Apr-03<br>Value: 2.5 kPa<br>Anomaly: +2.0 kPa<br>Weather station: NA (ECCC AES NA; station_id 27529)","DATE: Apr-03<br><b>Vapour pressure deficit</b><br>10-90 percentile<br>0.2 to 0.9 kPa","Historical daily maximum<br>1.6 kPa<br>2026-04-03","DATE: Apr-03</b><br>Normal: 0.5 kPa<br>Period: 1991-2020","6153301","HAMILTON+RBG+CS",2000,2026
"04-04","TMAX",2001-04-04,8.555,-0.7,19.1,5.69473209942404,1.93,4.975,12.775,15.29,9.8,"NA (ECCC AES NA; station_id 27529)",NA,27529,"",4,2011-04-04,"DATE: Apr-04<br>Value: 9.8 °C<br>Anomaly: +1.2 °C<br>Weather station: NA (ECCC AES NA; station_id 27529)","DATE: Apr-04<br><b>Maximum temperature</b><br>10-90 percentile<br>1.9 to 15.3 °C","Historical daily maximum<br>19.1 °C<br>2011-04-04","DATE: Apr-04</b><br>Normal: 8.6 °C<br>Period: 1991-2020","6153301","HAMILTON+RBG+CS",2000,2026
"04-04","TMIN",2001-04-04,-0.415,-8,6.7,3.54479232559242,-3.95,-2.875,1.825,3.91,2.8,"NA (ECCC AES NA; station_id 27529)",NA,27529,"",4,2010-04-04,"DATE: Apr-04<br>Value: 2.8 °C<br>Anomaly: +3.2 °C<br>Weather station: NA (ECCC AES NA; station_id 27529)","DATE: Apr-04<br><b>Minimum temperature</b><br>10-90 percentile<br>-3.9 to 3.9 °C","Historical daily maximum<br>6.7 °C<br>2010-04-04","DATE: Apr-04</b><br>Normal: -0.4 °C<br>Period: 1991-2020","6153301","HAMILTON+RBG+CS",2000,2026
"04-04","VPD",2001-04-04,0.576235550785186,0.102944811143329,1.48504110643382,0.37445812211508,0.141251318565606,0.3110218674117,0.827147110789219,1.03356695993193,0.464524480148163,"NA (ECCC AES NA; station_id 27529)",NA,27529,"",4,2011-04-04,"DATE: Apr-04<br>Value: 0.5 kPa<br>Anomaly: -0.1 kPa<br>Weather station: NA (ECCC AES NA; station_id 27529)","DATE: Apr-04<br><b>Vapour pressure deficit</b><br>10-90 percentile<br>0.1 to 1.0 kPa","Historical daily maximum<br>1.5 kPa<br>2011-04-04","DATE: Apr-04</b><br>Normal: 0.6 kPa<br>Period: 1991-2020","6153301","HAMILTON+RBG+CS",2000,2026
"04-05","TMAX",2001-04-05,7.41578947368421,-2,23.4,5.81246392178956,1.46,4.15,10.7,13.64,10.2,"NA (ECCC AES NA; station_id 27529)",NA,27529,"",4,2010-04-05,"DATE: Apr-05<br>Value: 10.2 °C<br>Anomaly: +2.8 °C<br>Weather station: NA (ECCC AES NA; station_id 27529)","DATE: Apr-05<br><b>Maximum temperature</b><br>10-90 percentile<br>1.5 to 13.6 °C","Historical daily maximum<br>23.4 °C<br>2010-04-05","DATE: Apr-05</b><br>Normal: 7.4 °C<br>Period: 1991-2020","6153301","HAMILTON+RBG+CS",2000,2026
"04-05","TMIN",2001-04-05,-1.485,-11.5,11.7,4.63002500845809,-5.38,-3.875,0.625,1.47000000000001,1.9,"NA (ECCC AES NA; station_id 27529)",NA,27529,"",4,2010-04-05,"DATE: Apr-05<br>Value: 1.9 °C<br>Anomaly: +3.4 °C<br>Weather station: NA (ECCC AES NA; station_id 27529)","DATE: Apr-05<br><b>Minimum temperature</b><br>10-90 percentile<br>-5.4 to 1.5 °C","Historical daily maximum<br>11.7 °C<br>2010-04-05","DATE: Apr-05</b><br>Normal: -1.5 °C<br>Period: 1991-2020","6153301","HAMILTON+RBG+CS",2000,2026
"04-05","VPD",2001-04-05,0.521299432346906,0.123617479142603,1.50307185845443,0.353608219477277,0.20374073873812,0.268029348748792,0.704417823662847,0.948273751108025,0.543909759657787,"NA (ECCC AES NA; station_id 27529)",NA,27529,"",4,2010-04-05,"DATE: Apr-05<br>Value: 0.5 kPa<br>Anomaly: +0.0 kPa<br>Weather station: NA (ECCC AES NA; station_id 27529)","DATE: Apr-05<br><b>Vapour pressure deficit</b><br>10-90 percentile<br>0.2 to 0.9 kPa","Historical daily maximum<br>1.5 kPa<br>2010-04-05","DATE: Apr-05</b><br>Normal: 0.5 kPa<br>Period: 1991-2020","6153301","HAMILTON+RBG+CS",2000,2026
"04-06","TMAX",2001-04-06,8.275,-2.8,14.9,4.77447985593581,4.47,5.575,12.9,14.32,8,"NA (ECCC AES NA; station_id 27529)",NA,27529,"",4,2023-04-06,"DATE: Apr-06<br>Value: 8.0 °C<br>Anomaly: -0.3 °C<br>Weather station: NA (ECCC AES NA; station_id 27529)","DATE: Apr-06<br><b>Maximum temperature</b><br>10-90 percentile<br>4.5 to 14.3 °C","Historical daily maximum<br>14.9 °C<br>2023-04-06","DATE: Apr-06</b><br>Normal: 8.3 °C<br>Period: 1991-2020","6153301","HAMILTON+RBG+CS",2000,2026
"04-06","TMIN",2001-04-06,-1.405,-8.7,6.2,3.79674029163245,-5.96,-3.275,1.6,3.31,-1.4,"NA (ECCC AES NA; station_id 27529)",NA,27529,"",4,2010-04-06,"DATE: Apr-06<br>Value: -1.4 °C<br>Anomaly: +0.0 °C<br>Weather station: NA (ECCC AES NA; station_id 27529)","DATE: Apr-06<br><b>Minimum temperature</b><br>10-90 percentile<br>-6.0 to 3.3 °C","Historical daily maximum<br>6.2 °C<br>2010-04-06","DATE: Apr-06</b><br>Normal: -1.4 °C<br>Period: 1991-2020","6153301","HAMILTON+RBG+CS",2000,2026
"04-06","VPD",2001-04-06,0.570340987558953,0.103738815826978,1.18240039540861,0.287795412903097,0.274474245683095,0.362523336426874,0.77770591962094,0.967327618577907,0.521470002273325,"NA (ECCC AES NA; station_id 27529)",NA,27529,"",4,2012-04-06,"DATE: Apr-06<br>Value: 0.5 kPa<br>Anomaly: 0.0 kPa<br>Weather station: NA (ECCC AES NA; station_id 27529)","DATE: Apr-06<br><b>Vapour pressure deficit</b><br>10-90 percentile<br>0.3 to 1.0 kPa","Historical daily maximum<br>1.2 kPa<br>2012-04-06","DATE: Apr-06</b><br>Normal: 0.6 kPa<br>Period: 1991-2020","6153301","HAMILTON+RBG+CS",2000,2026
"04-07","TMAX",2001-04-07,8.735,-0.3,19.1,6.04084997504926,0.34,5.65,11.925,17.51,2.3,"NA (ECCC AES NA; station_id 27529)",NA,27529,"",4,2013-04-07,"DATE: Apr-07<br>Value: 2.3 °C<br>Anomaly: -6.4 °C<br>Weather station: NA (ECCC AES NA; station_id 27529)","DATE: Apr-07<br><b>Maximum temperature</b><br>10-90 percentile<br>0.3 to 17.5 °C","Historical daily maximum<br>19.1 °C<br>2013-04-07","DATE: Apr-07</b><br>Normal: 8.7 °C<br>Period: 1991-2020","6153301","HAMILTON+RBG+CS",2000,2026
"04-07","TMIN",2001-04-07,-0.555,-7.1,6.6,3.43824848310574,-5.58,-2.75,1.025,2.7,-5.4,"NA (ECCC AES NA; station_id 27529)",NA,27529,"",4,2010-04-07,"DATE: Apr-07<br>Value: -5.4 °C<br>Anomaly: -4.8 °C<br>Weather station: NA (ECCC AES NA; station_id 27529)","DATE: Apr-07<br><b>Minimum temperature</b><br>10-90 percentile<br>-5.6 to 2.7 °C","Historical daily maximum<br>6.6 °C<br>2010-04-07","DATE: Apr-07</b><br>Normal: -0.6 °C<br>Period: 1991-2020","6153301","HAMILTON+RBG+CS",2000,2026
"04-07","VPD",2001-04-07,0.606745647669857,0.130316808312629,1.53522965777083,0.416575945678297,0.205693338962386,0.302906490144471,0.747076390981413,1.17769807566311,0.312382581609596,"NA (ECCC AES NA; station_id 27529)",NA,27529,"",4,2013-04-07,"DATE: Apr-07<br>Value: 0.3 kPa<br>Anomaly: -0.3 kPa<br>Weather station: NA (ECCC AES NA; station_id 27529)","DATE: Apr-07<br><b>Vapour pressure deficit</b><br>10-90 percentile<br>0.2 to 1.2 kPa","Historical daily maximum<br>1.5 kPa<br>2013-04-07","DATE: Apr-07</b><br>Normal: 0.6 kPa<br>Period: 1991-2020","6153301","HAMILTON+RBG+CS",2000,2026
"04-08","TMAX",2001-04-08,10.095,-0.5,26,6.70981017850572,2.6,5.3,14.825,17.04,4.6,"NA (ECCC AES NA; station_id 27529)",NA,27529,"",4,2001-04-08,"DATE: Apr-08<br>Value: 4.6 °C<br>Anomaly: -5.5 °C<br>Weather station: NA (ECCC AES NA; station_id 27529)","DATE: Apr-08<br><b>Maximum temperature</b><br>10-90 percentile<br>2.6 to 17.0 °C","Historical daily maximum<br>26.0 °C<br>2001-04-08","DATE: Apr-08</b><br>Normal: 10.1 °C<br>Period: 1991-2020","6153301","HAMILTON+RBG+CS",2000,2026
"04-08","TMIN",2001-04-08,-0.075,-5.1,4.8,2.91184061883093,-3.22,-1.975,2.325,4.14,-7.5,"NA (ECCC AES NA; station_id 27529)",NA,27529,"",4,2019-04-08,"DATE: Apr-08<br>Value: -7.5 °C<br>Anomaly: -7.4 °C<br>Weather station: NA (ECCC AES NA; station_id 27529)","DATE: Apr-08<br><b>Minimum temperature</b><br>10-90 percentile<br>-3.2 to 4.1 °C","Historical daily maximum<br>4.8 °C<br>2019-04-08","DATE: Apr-08</b><br>Normal: -0.1 °C<br>Period: 1991-2020","6153301","HAMILTON+RBG+CS",2000,2026
"04-08","VPD",2001-04-08,0.727387120222363,0.0919427725750188,2.61965658694449,0.576141622222119,0.156113482321082,0.408793272654447,1.00435348386491,1.18062438136983,0.500626177864085,"NA (ECCC AES NA; station_id 27529)",NA,27529,"",4,2001-04-08,"DATE: Apr-08<br>Value: 0.5 kPa<br>Anomaly: -0.2 kPa<br>Weather station: NA (ECCC AES NA; station_id 27529)","DATE: Apr-08<br><b>Vapour pressure deficit</b><br>10-90 percentile<br>0.2 to 1.2 kPa","Historical daily maximum<br>2.6 kPa<br>2001-04-08","DATE: Apr-08</b><br>Normal: 0.7 kPa<br>Period: 1991-2020","6153301","HAMILTON+RBG+CS",2000,2026
"04-09","TMAX",2001-04-09,10.9736842105263,2.1,20.6,5.26791568578262,3.22,7.85,14,17.24,19.9,"NA (ECCC AES NA; station_id 27529)",NA,27529,"",4,2017-04-09,"DATE: Apr-09<br>Value: 19.9 °C<br>Anomaly: +8.9 °C<br>Weather station: NA (ECCC AES NA; station_id 27529)","DATE: Apr-09<br><b>Maximum temperature</b><br>10-90 percentile<br>3.2 to 17.2 °C","Historical daily maximum<br>20.6 °C<br>2017-04-09","DATE: Apr-09</b><br>Normal: 11.0 °C<br>Period: 1991-2020","6153301","HAMILTON+RBG+CS",2000,2026
"04-09","TMIN",2001-04-09,0.17,-6.2,9,3.94943033866911,-5.17,-2.5,2.625,4.51,-1.2,"NA (ECCC AES NA; station_id 27529)",NA,27529,"",4,2002-04-09,"DATE: Apr-09<br>Value: -1.2 °C<br>Anomaly: -1.4 °C<br>Weather station: NA (ECCC AES NA; station_id 27529)","DATE: Apr-09<br><b>Minimum temperature</b><br>10-90 percentile<br>-5.2 to 4.5 °C","Historical daily maximum<br>9.0 °C<br>2002-04-09","DATE: Apr-09</b><br>Normal: 0.2 °C<br>Period: 1991-2020","6153301","HAMILTON+RBG+CS",2000,2026
"04-09","VPD",2001-04-09,0.725261698546864,0.146724640505696,1.73094720783307,0.393369403174371,0.257850572144708,0.400247243630291,0.843503686654259,1.03058955152829,1.76437391735098,"NA (ECCC AES NA; station_id 27529)",NA,27529,"",4,2026-04-09,"DATE: Apr-09<br>Value: 1.8 kPa<br>Anomaly: +1.0 kPa<br>Weather station: NA (ECCC AES NA; station_id 27529)","DATE: Apr-09<br><b>Vapour pressure deficit</b><br>10-90 percentile<br>0.3 to 1.0 kPa","Historical daily maximum<br>1.7 kPa<br>2026-04-09","DATE: Apr-09</b><br>Normal: 0.7 kPa<br>Period: 1991-2020","6153301","HAMILTON+RBG+CS",2000,2026
"04-10","TMAX",2001-04-10,11.485,0.6,25.4,6.5989851691876,5.74,6.85,16.275,20.25,7.2,"NA (ECCC AES NA; station_id 27529)",NA,27529,"",4,2011-04-10,"DATE: Apr-10<br>Value: 7.2 °C<br>Anomaly: -4.3 °C<br>Weather station: NA (ECCC AES NA; station_id 27529)","DATE: Apr-10<br><b>Maximum temperature</b><br>10-90 percentile<br>5.7 to 20.3 °C","Historical daily maximum<br>25.4 °C<br>2011-04-10","DATE: Apr-10</b><br>Normal: 11.5 °C<br>Period: 1991-2020","6153301","HAMILTON+RBG+CS",2000,2026
"04-10","TMIN",2001-04-10,0.52,-7.5,14.2,4.60681417490496,-3.5,-1.475,2.15,4.33,3.7,"NA (ECCC AES NA; station_id 27529)",NA,27529,"",4,2017-04-10,"DATE: Apr-10<br>Value: 3.7 °C<br>Anomaly: +3.2 °C<br>Weather station: NA (ECCC AES NA; station_id 27529)","DATE: Apr-10<br><b>Minimum temperature</b><br>10-90 percentile<br>-3.5 to 4.3 °C","Historical daily maximum<br>14.2 °C<br>2017-04-10","DATE: Apr-10</b><br>Normal: 0.5 °C<br>Period: 1991-2020","6153301","HAMILTON+RBG+CS",2000,2026
"04-10","VPD",2001-04-10,0.805226358337369,0.146747602185852,2.46449257726928,0.575866580322298,0.267588727964587,0.475168874201129,1.12442317002784,1.46524347540864,0.21945272645817,"NA (ECCC AES NA; station_id 27529)",NA,27529,"",4,2011-04-10,"DATE: Apr-10<br>Value: 0.2 kPa<br>Anomaly: -0.6 kPa<br>Weather station: NA (ECCC AES NA; station_id 27529)","DATE: Apr-10<br><b>Vapour pressure deficit</b><br>10-90 percentile<br>0.3 to 1.5 kPa","Historical daily maximum<br>2.5 kPa<br>2011-04-10","DATE: Apr-10</b><br>Normal: 0.8 kPa<br>Period: 1991-2020","6153301","HAMILTON+RBG+CS",2000,2026
"04-11","TMAX",2001-04-11,10.32,1.6,21.6,5.54043509596779,4.46,5.775,13.225,18.38,11.7,"NA (ECCC AES NA; station_id 27529)",NA,27529,"",4,2023-04-11,"DATE: Apr-11<br>Value: 11.7 °C<br>Anomaly: +1.4 °C<br>Weather station: NA (ECCC AES NA; station_id 27529)","DATE: Apr-11<br><b>Maximum temperature</b><br>10-90 percentile<br>4.5 to 18.4 °C","Historical daily maximum<br>21.6 °C<br>2023-04-11","DATE: Apr-11</b><br>Normal: 10.3 °C<br>Period: 1991-2020","6153301","HAMILTON+RBG+CS",2000,2026
"04-11","TMIN",2001-04-11,1.47,-4.5,8.6,3.53703711868385,-2.93,-1,3.5,5.97,-0.5,"NA (ECCC AES NA; station_id 27529)",NA,27529,"",4,2017-04-11,"DATE: Apr-11<br>Value: -0.5 °C<br>Anomaly: -2.0 °C<br>Weather station: NA (ECCC AES NA; station_id 27529)","DATE: Apr-11<br><b>Minimum temperature</b><br>10-90 percentile<br>-2.9 to 6.0 °C","Historical daily maximum<br>8.6 °C<br>2017-04-11","DATE: Apr-11</b><br>Normal: 1.5 °C<br>Period: 1991-2020","6153301","HAMILTON+RBG+CS",2000,2026
"04-11","VPD",2001-04-11,0.632430202924605,0.130597917898022,1.54337279838987,0.394121263050421,0.189862397897473,0.359560238415763,0.761627259536083,1.22512250889336,0.786130269278089,"NA (ECCC AES NA; station_id 27529)",NA,27529,"",4,2023-04-11,"DATE: Apr-11<br>Value: 0.8 kPa<br>Anomaly: +0.2 kPa<br>Weather station: NA (ECCC AES NA; station_id 27529)","DATE: Apr-11<br><b>Vapour pressure deficit</b><br>10-90 percentile<br>0.2 to 1.2 kPa","Historical daily maximum<br>1.5 kPa<br>2023-04-11","DATE: Apr-11</b><br>Normal: 0.6 kPa<br>Period: 1991-2020","6153301","HAMILTON+RBG+CS",2000,2026
"04-12","TMAX",2001-04-12,12.7315789473684,6.6,26.5,5.22239330315761,7.54,8.3,15.4,18.62,7.1,"NA (ECCC AES NA; station_id 27529)",NA,27529,"",4,2023-04-12,"DATE: Apr-12<br>Value: 7.1 °C<br>Anomaly: -5.6 °C<br>Weather station: NA (ECCC AES NA; station_id 27529)","DATE: Apr-12<br><b>Maximum temperature</b><br>10-90 percentile<br>7.5 to 18.6 °C","Historical daily maximum<br>26.5 °C<br>2023-04-12","DATE: Apr-12</b><br>Normal: 12.7 °C<br>Period: 1991-2020","6153301","HAMILTON+RBG+CS",2000,2026
"04-12","TMIN",2001-04-12,0.895,-4.9,5.7,2.83613432240732,-3.04,-0.775,2.975,3.95,1,"NA (ECCC AES NA; station_id 27529)",NA,27529,"",4,2023-04-12,"DATE: Apr-12<br>Value: 1.0 °C<br>Anomaly: +0.1 °C<br>Weather station: NA (ECCC AES NA; station_id 27529)","DATE: Apr-12<br><b>Minimum temperature</b><br>10-90 percentile<br>-3.0 to 4.0 °C","Historical daily maximum<br>5.7 °C<br>2023-04-12","DATE: Apr-12</b><br>Normal: 0.9 °C<br>Period: 1991-2020","6153301","HAMILTON+RBG+CS",2000,2026
"04-12","VPD",2001-04-12,0.880811565132197,0.317962292641565,2.54621794048494,0.524794618922938,0.477016747596125,0.536648961324994,1.07555272902749,1.37786341614869,0.352049484135299,"NA (ECCC AES NA; station_id 27529)",NA,27529,"",4,2001-04-12,"DATE: Apr-12<br>Value: 0.4 kPa<br>Anomaly: -0.5 kPa<br>Weather station: NA (ECCC AES NA; station_id 27529)","DATE: Apr-12<br><b>Vapour pressure deficit</b><br>10-90 percentile<br>0.5 to 1.4 kPa","Historical daily maximum<br>2.5 kPa<br>2001-04-12","DATE: Apr-12</b><br>Normal: 0.9 kPa<br>Period: 1991-2020","6153301","HAMILTON+RBG+CS",2000,2026
"04-13","TMAX",2001-04-13,12.6,5.3,26.3,6.17773780962291,6.66,7.7,14.85,22.72,24.1,"NA (ECCC AES NA; station_id 27529)",NA,27529,"",4,2023-04-13,"DATE: Apr-13<br>Value: 24.1 °C<br>Anomaly: +11.5 °C<br>Weather station: NA (ECCC AES NA; station_id 27529)","DATE: Apr-13<br><b>Maximum temperature</b><br>10-90 percentile<br>6.7 to 22.7 °C","Historical daily maximum<br>26.3 °C<br>2023-04-13","DATE: Apr-13</b><br>Normal: 12.6 °C<br>Period: 1991-2020","6153301","HAMILTON+RBG+CS",2000,2026
"04-13","TMIN",2001-04-13,1.36315789473684,-5.2,9.7,4.59035347541339,-4.46,-2.1,4.45,8.44,5.6,"NA (ECCC AES NA; station_id 27529)",NA,27529,"",4,2023-04-13,"DATE: Apr-13<br>Value: 5.6 °C<br>Anomaly: +4.2 °C<br>Weather station: NA (ECCC AES NA; station_id 27529)","DATE: Apr-13<br><b>Minimum temperature</b><br>10-90 percentile<br>-4.5 to 8.4 °C","Historical daily maximum<br>9.7 °C<br>2023-04-13","DATE: Apr-13</b><br>Normal: 1.4 °C<br>Period: 1991-2020","6153301","HAMILTON+RBG+CS",2000,2026
"04-13","VPD",2001-04-13,0.86357083214746,0.208345281125397,2.55527412169169,0.658849075938835,0.308177026042978,0.378079822085287,0.957202910202519,1.72736119955023,2.09234708159165,"NA (ECCC AES NA; station_id 27529)",NA,27529,"",4,2015-04-13,"DATE: Apr-13<br>Value: 2.1 kPa<br>Anomaly: +1.2 kPa<br>Weather station: NA (ECCC AES NA; station_id 27529)","DATE: Apr-13<br><b>Vapour pressure deficit</b><br>10-90 percentile<br>0.3 to 1.7 kPa","Historical daily maximum<br>2.6 kPa<br>2015-04-13","DATE: Apr-13</b><br>Normal: 0.9 kPa<br>Period: 1991-2020","6153301","HAMILTON+RBG+CS",2000,2026
"04-14","TMAX",2001-04-14,12.745,4.7,22.6,5.09586777900022,6.41,9.75,16.025,20.42,24.7,"NA (ECCC AES NA; station_id 27529)",NA,27529,"",4,2023-04-14,"DATE: Apr-14<br>Value: 24.7 °C<br>Anomaly: +12.0 °C<br>Weather station: NA (ECCC AES NA; station_id 27529)","DATE: Apr-14<br><b>Maximum temperature</b><br>10-90 percentile<br>6.4 to 20.4 °C","Historical daily maximum<br>22.6 °C<br>2023-04-14","DATE: Apr-14</b><br>Normal: 12.7 °C<br>Period: 1991-2020","6153301","HAMILTON+RBG+CS",2000,2026
"04-14","TMIN",2001-04-14,1.22,-3.5,6.6,2.8579713084634,-2.13,-1.35,3.025,4.43,8.2,"NA (ECCC AES NA; station_id 27529)",NA,27529,"",4,2023-04-14,"DATE: Apr-14<br>Value: 8.2 °C<br>Anomaly: +7.0 °C<br>Weather station: NA (ECCC AES NA; station_id 27529)","DATE: Apr-14<br><b>Minimum temperature</b><br>10-90 percentile<br>-2.1 to 4.4 °C","Historical daily maximum<br>6.6 °C<br>2023-04-14","DATE: Apr-14</b><br>Normal: 1.2 °C<br>Period: 1991-2020","6153301","HAMILTON+RBG+CS",2000,2026
"04-14","VPD",2001-04-14,0.864520676008442,0.138405921598177,1.98977536664661,0.528071631465461,0.379479474083902,0.565265502110587,1.1624559072113,1.83221810900779,2.02414045393906,"NA (ECCC AES NA; station_id 27529)",NA,27529,"",4,2023-04-14,"DATE: Apr-14<br>Value: 2.0 kPa<br>Anomaly: +1.2 kPa<br>Weather station: NA (ECCC AES NA; station_id 27529)","DATE: Apr-14<br><b>Vapour pressure deficit</b><br>10-90 percentile<br>0.4 to 1.8 kPa","Historical daily maximum<br>2.0 kPa<br>2023-04-14","DATE: Apr-14</b><br>Normal: 0.9 kPa<br>Period: 1991-2020","6153301","HAMILTON+RBG+CS",2000,2026
"04-15","TMAX",2001-04-15,13.845,2.1,26.4,7.44088810488867,4.07,9.125,19.925,23.69,22.3,"NA (ECCC AES NA; station_id 27529)",NA,27529,"",4,2003-04-15,"DATE: Apr-15<br>Value: 22.3 °C<br>Anomaly: +8.5 °C<br>Weather station: NA (ECCC AES NA; station_id 27529)","DATE: Apr-15<br><b>Maximum temperature</b><br>10-90 percentile<br>4.1 to 23.7 °C","Historical daily maximum<br>26.4 °C<br>2003-04-15","DATE: Apr-15</b><br>Normal: 13.8 °C<br>Period: 1991-2020","6153301","HAMILTON+RBG+CS",2000,2026
"04-15","TMIN",2001-04-15,2.96,-4.7,12.8,4.79291143252199,-2.24,0.625,5.025,11.33,6.1,"NA (ECCC AES NA; station_id 27529)",NA,27529,"",4,2012-04-15,"DATE: Apr-15<br>Value: 6.1 °C<br>Anomaly: +3.1 °C<br>Weather station: NA (ECCC AES NA; station_id 27529)","DATE: Apr-15<br><b>Minimum temperature</b><br>10-90 percentile<br>-2.2 to 11.3 °C","Historical daily maximum<br>12.8 °C<br>2012-04-15","DATE: Apr-15</b><br>Normal: 3.0 °C<br>Period: 1991-2020","6153301","HAMILTON+RBG+CS",2000,2026
"04-15","VPD",2001-04-15,0.946820606824714,0.177489815711154,2.15525667024226,0.615363054316274,0.30848736387553,0.447446657380704,1.19029765355199,1.91233947628494,1.75106143176761,"NA (ECCC AES NA; station_id 27529)",NA,27529,"",4,2017-04-15,"DATE: Apr-15<br>Value: 1.8 kPa<br>Anomaly: +0.8 kPa<br>Weather station: NA (ECCC AES NA; station_id 27529)","DATE: Apr-15<br><b>Vapour pressure deficit</b><br>10-90 percentile<br>0.3 to 1.9 kPa","Historical daily maximum<br>2.2 kPa<br>2017-04-15","DATE: Apr-15</b><br>Normal: 0.9 kPa<br>Period: 1991-2020","6153301","HAMILTON+RBG+CS",2000,2026
"04-16","TMAX",2001-04-16,14.22,3.9,29.4,7.18328469068075,6.64,9,19.35,23.54,22.8,"NA (ECCC AES NA; station_id 27529)",NA,27529,"",4,2002-04-16,"DATE: Apr-16<br>Value: 22.8 °C<br>Anomaly: +8.6 °C<br>Weather station: NA (ECCC AES NA; station_id 27529)","DATE: Apr-16<br><b>Maximum temperature</b><br>10-90 percentile<br>6.6 to 23.5 °C","Historical daily maximum<br>29.4 °C<br>2002-04-16","DATE: Apr-16</b><br>Normal: 14.2 °C<br>Period: 1991-2020","6153301","HAMILTON+RBG+CS",2000,2026
"04-16","TMIN",2001-04-16,2.925,-6.6,10.8,4.10364087379154,-1.52,0.5,4.575,9.1,8.9,"NA (ECCC AES NA; station_id 27529)",NA,27529,"",4,2017-04-16,"DATE: Apr-16<br>Value: 8.9 °C<br>Anomaly: +6.0 °C<br>Weather station: NA (ECCC AES NA; station_id 27529)","DATE: Apr-16<br><b>Minimum temperature</b><br>10-90 percentile<br>-1.5 to 9.1 °C","Historical daily maximum<br>10.8 °C<br>2017-04-16","DATE: Apr-16</b><br>Normal: 2.9 °C<br>Period: 1991-2020","6153301","HAMILTON+RBG+CS",2000,2026
"04-16","VPD",2001-04-16,0.998086288010356,0.126767766032006,2.94336879910453,0.748779372497468,0.282818407259,0.433256505957666,1.38721058337472,1.96042268997195,1.63530353565235,"NA (ECCC AES NA; station_id 27529)",NA,27529,"",4,2002-04-16,"DATE: Apr-16<br>Value: 1.6 kPa<br>Anomaly: +0.6 kPa<br>Weather station: NA (ECCC AES NA; station_id 27529)","DATE: Apr-16<br><b>Vapour pressure deficit</b><br>10-90 percentile<br>0.3 to 2.0 kPa","Historical daily maximum<br>2.9 kPa<br>2002-04-16","DATE: Apr-16</b><br>Normal: 1.0 kPa<br>Period: 1991-2020","6153301","HAMILTON+RBG+CS",2000,2026
"04-17","TMAX",2001-04-17,13.4789473684211,2.4,28.1,7.55980444686592,4.4,7.75,20.35,22.38,16.5,"NA (ECCC AES NA; station_id 27529)",NA,27529,"",4,2002-04-17,"DATE: Apr-17<br>Value: 16.5 °C<br>Anomaly: +3.0 °C<br>Weather station: NA (ECCC AES NA; station_id 27529)","DATE: Apr-17<br><b>Maximum temperature</b><br>10-90 percentile<br>4.4 to 22.4 °C","Historical daily maximum<br>28.1 °C<br>2002-04-17","DATE: Apr-17</b><br>Normal: 13.5 °C<br>Period: 1991-2020","6153301","HAMILTON+RBG+CS",2000,2026
"04-17","TMIN",2001-04-17,2.73,-2.8,17.2,4.50381125153727,-1.51,0.275,3.975,6.64000000000001,7.5,"NA (ECCC AES NA; station_id 27529)",NA,27529,"",4,2002-04-17,"DATE: Apr-17<br>Value: 7.5 °C<br>Anomaly: +4.8 °C<br>Weather station: NA (ECCC AES NA; station_id 27529)","DATE: Apr-17<br><b>Minimum temperature</b><br>10-90 percentile<br>-1.5 to 6.6 °C","Historical daily maximum<br>17.2 °C<br>2002-04-17","DATE: Apr-17</b><br>Normal: 2.7 °C<br>Period: 1991-2020","6153301","HAMILTON+RBG+CS",2000,2026
"04-17","VPD",2001-04-17,0.913410938369355,0.0697113681520394,1.9737805339355,0.653440808850219,0.240566312119768,0.326851500847901,1.51193421503774,1.84328285564797,0.840395906450465,"NA (ECCC AES NA; station_id 27529)",NA,27529,"",4,2008-04-17,"DATE: Apr-17<br>Value: 0.8 kPa<br>Anomaly: -0.1 kPa<br>Weather station: NA (ECCC AES NA; station_id 27529)","DATE: Apr-17<br><b>Vapour pressure deficit</b><br>10-90 percentile<br>0.2 to 1.8 kPa","Historical daily maximum<br>2.0 kPa<br>2008-04-17","DATE: Apr-17</b><br>Normal: 0.9 kPa<br>Period: 1991-2020","6153301","HAMILTON+RBG+CS",2000,2026
"04-18","TMAX",2001-04-18,15.4894736842105,4.1,27.3,8.45300043619241,5.86,7.25,23.3,25.98,24.4,"NA (ECCC AES NA; station_id 27529)",NA,27529,"",4,2013-04-18,"DATE: Apr-18<br>Value: 24.4 °C<br>Anomaly: +8.9 °C<br>Weather station: NA (ECCC AES NA; station_id 27529)","DATE: Apr-18<br><b>Maximum temperature</b><br>10-90 percentile<br>5.9 to 26.0 °C","Historical daily maximum<br>27.3 °C<br>2013-04-18","DATE: Apr-18</b><br>Normal: 15.5 °C<br>Period: 1991-2020","6153301","HAMILTON+RBG+CS",2000,2026
"04-18","TMIN",2001-04-18,3.38947368421053,-2,13.5,3.90937544554997,-1.28,0.8,5.65,7.66,5,"NA (ECCC AES NA; station_id 27529)",NA,27529,"",4,2002-04-18,"DATE: Apr-18<br>Value: 5.0 °C<br>Anomaly: +1.6 °C<br>Weather station: NA (ECCC AES NA; station_id 27529)","DATE: Apr-18<br><b>Minimum temperature</b><br>10-90 percentile<br>-1.3 to 7.7 °C","Historical daily maximum<br>13.5 °C<br>2002-04-18","DATE: Apr-18</b><br>Normal: 3.4 °C<br>Period: 1991-2020","6153301","HAMILTON+RBG+CS",2000,2026
"04-18","VPD",2001-04-18,1.17343711836293,0.218064637908069,2.76233329982733,0.837418230513931,0.311839671774309,0.420722382109175,1.87284319458946,2.23807580902704,2.18400169266705,"NA (ECCC AES NA; station_id 27529)",NA,27529,"",4,2013-04-18,"DATE: Apr-18<br>Value: 2.2 kPa<br>Anomaly: +1.0 kPa<br>Weather station: NA (ECCC AES NA; station_id 27529)","DATE: Apr-18<br><b>Vapour pressure deficit</b><br>10-90 percentile<br>0.3 to 2.2 kPa","Historical daily maximum<br>2.8 kPa<br>2013-04-18","DATE: Apr-18</b><br>Normal: 1.2 kPa<br>Period: 1991-2020","6153301","HAMILTON+RBG+CS",2000,2026
"04-19","TMAX",2001-04-19,16.4,3.9,28.9,6.73374586195034,8.14,12.25,20.4,24.12,9.2,"NA (ECCC AES NA; station_id 27529)",NA,27529,"",4,2005-04-19,"DATE: Apr-19<br>Value: 9.2 °C<br>Anomaly: -7.2 °C<br>Weather station: NA (ECCC AES NA; station_id 27529)","DATE: Apr-19<br><b>Maximum temperature</b><br>10-90 percentile<br>8.1 to 24.1 °C","Historical daily maximum<br>28.9 °C<br>2005-04-19","DATE: Apr-19</b><br>Normal: 16.4 °C<br>Period: 1991-2020","6153301","HAMILTON+RBG+CS",2000,2026
"04-19","TMIN",2001-04-19,3.92631578947368,-3.5,17.9,4.44395245814943,-0.72,1.8,5.25,6.12,-1,"NA (ECCC AES NA; station_id 27529)",NA,27529,"",4,2002-04-19,"DATE: Apr-19<br>Value: -1.0 °C<br>Anomaly: -4.9 °C<br>Weather station: NA (ECCC AES NA; station_id 27529)","DATE: Apr-19<br><b>Minimum temperature</b><br>10-90 percentile<br>-0.7 to 6.1 °C","Historical daily maximum<br>17.9 °C<br>2002-04-19","DATE: Apr-19</b><br>Normal: 3.9 °C<br>Period: 1991-2020","6153301","HAMILTON+RBG+CS",2000,2026
"04-19","VPD",2001-04-19,1.16159427824414,0.209962421032664,3.11634661949474,0.737893292803258,0.291880995491615,0.7566891005907,1.43516136632845,2.03935771938695,0.595912672322825,"NA (ECCC AES NA; station_id 27529)",NA,27529,"",4,2005-04-19,"DATE: Apr-19<br>Value: 0.6 kPa<br>Anomaly: -0.6 kPa<br>Weather station: NA (ECCC AES NA; station_id 27529)","DATE: Apr-19<br><b>Vapour pressure deficit</b><br>10-90 percentile<br>0.3 to 2.0 kPa","Historical daily maximum<br>3.1 kPa<br>2005-04-19","DATE: Apr-19</b><br>Normal: 1.2 kPa<br>Period: 1991-2020","6153301","HAMILTON+RBG+CS",2000,2026
"04-20","TMAX",2001-04-20,13.4315789473684,4.7,24.2,5.76300969127715,7.44,8.95,18.25,21.32,6.9,"NA (ECCC AES NA; station_id 27529)",NA,27529,"",4,2012-04-20,"DATE: Apr-20<br>Value: 6.9 °C<br>Anomaly: -6.5 °C<br>Weather station: NA (ECCC AES NA; station_id 27529)","DATE: Apr-20<br><b>Maximum temperature</b><br>10-90 percentile<br>7.4 to 21.3 °C","Historical daily maximum<br>24.2 °C<br>2012-04-20","DATE: Apr-20</b><br>Normal: 13.4 °C<br>Period: 1991-2020","6153301","HAMILTON+RBG+CS",2000,2026
"04-20","TMIN",2001-04-20,3.6,-3.5,7.3,2.92593764648379,0.599999999999999,2.45,5.3,6.24,-2.3,"NA (ECCC AES NA; station_id 27529)",NA,27529,"",4,2002-04-20,"DATE: Apr-20<br>Value: -2.3 °C<br>Anomaly: -5.9 °C<br>Weather station: NA (ECCC AES NA; station_id 27529)","DATE: Apr-20<br><b>Minimum temperature</b><br>10-90 percentile<br>0.6 to 6.2 °C","Historical daily maximum<br>7.3 °C<br>2002-04-20","DATE: Apr-20</b><br>Normal: 3.6 °C<br>Period: 1991-2020","6153301","HAMILTON+RBG+CS",2000,2026
"04-20","VPD",2001-04-20,0.830371993620221,0.131136269196013,2.00422512597806,0.582250165937516,0.209258166368689,0.388769617617223,1.21849932228155,1.68077754529425,0.479186941783272,"NA (ECCC AES NA; station_id 27529)",NA,27529,"",4,2012-04-20,"DATE: Apr-20<br>Value: 0.5 kPa<br>Anomaly: -0.4 kPa<br>Weather station: NA (ECCC AES NA; station_id 27529)","DATE: Apr-20<br><b>Vapour pressure deficit</b><br>10-90 percentile<br>0.2 to 1.7 kPa","Historical daily maximum<br>2.0 kPa<br>2012-04-20","DATE: Apr-20</b><br>Normal: 0.8 kPa<br>Period: 1991-2020","6153301","HAMILTON+RBG+CS",2000,2026
"04-21","TMAX",2001-04-21,14.385,4.5,25.1,5.91307872431951,7.32,10.275,19,21.44,16,"NA (ECCC AES NA; station_id 27529)",NA,27529,"",4,2014-04-21,"DATE: Apr-21<br>Value: 16.0 °C<br>Anomaly: +1.6 °C<br>Weather station: NA (ECCC AES NA; station_id 27529)","DATE: Apr-21<br><b>Maximum temperature</b><br>10-90 percentile<br>7.3 to 21.4 °C","Historical daily maximum<br>25.1 °C<br>2014-04-21","DATE: Apr-21</b><br>Normal: 14.4 °C<br>Period: 1991-2020","6153301","HAMILTON+RBG+CS",2000,2026
"04-21","TMIN",2001-04-21,3.515,-4.9,9.9,3.49394589178723,-1.24,1.55,5.95,6.97,-2.8,"NA (ECCC AES NA; station_id 27529)",NA,27529,"",4,2003-04-21,"DATE: Apr-21<br>Value: -2.8 °C<br>Anomaly: -6.3 °C<br>Weather station: NA (ECCC AES NA; station_id 27529)","DATE: Apr-21<br><b>Minimum temperature</b><br>10-90 percentile<br>-1.2 to 7.0 °C","Historical daily maximum<br>9.9 °C<br>2003-04-21","DATE: Apr-21</b><br>Normal: 3.5 °C<br>Period: 1991-2020","6153301","HAMILTON+RBG+CS",2000,2026
"04-21","VPD",2001-04-21,0.935426750435958,0.180866131256302,2.51078578596986,0.644823413248691,0.226578574793807,0.531697726328893,1.1396423333797,1.7923779251389,1.32130129603473,"NA (ECCC AES NA; station_id 27529)",NA,27529,"",4,2014-04-21,"DATE: Apr-21<br>Value: 1.3 kPa<br>Anomaly: +0.4 kPa<br>Weather station: NA (ECCC AES NA; station_id 27529)","DATE: Apr-21<br><b>Vapour pressure deficit</b><br>10-90 percentile<br>0.2 to 1.8 kPa","Historical daily maximum<br>2.5 kPa<br>2014-04-21","DATE: Apr-21</b><br>Normal: 0.9 kPa<br>Period: 1991-2020","6153301","HAMILTON+RBG+CS",2000,2026
"04-22","TMAX",2001-04-22,12.855,4.5,25,5.70285939359878,7.4,8.375,16.225,21.47,16.8,"NA (ECCC AES NA; station_id 27529)",NA,27529,"",4,2007-04-22,"DATE: Apr-22<br>Value: 16.8 °C<br>Anomaly: +3.9 °C<br>Weather station: NA (ECCC AES NA; station_id 27529)","DATE: Apr-22<br><b>Maximum temperature</b><br>10-90 percentile<br>7.4 to 21.5 °C","Historical daily maximum<br>25.0 °C<br>2007-04-22","DATE: Apr-22</b><br>Normal: 12.9 °C<br>Period: 1991-2020","6153301","HAMILTON+RBG+CS",2000,2026
"04-22","TMIN",2001-04-22,3.895,-1.6,14.4,4.13018095691243,-1.13,0.15,5.975,8.31,1.3,"NA (ECCC AES NA; station_id 27529)",NA,27529,"",4,2001-04-22,"DATE: Apr-22<br>Value: 1.3 °C<br>Anomaly: -2.6 °C<br>Weather station: NA (ECCC AES NA; station_id 27529)","DATE: Apr-22<br><b>Minimum temperature</b><br>10-90 percentile<br>-1.1 to 8.3 °C","Historical daily maximum<br>14.4 °C<br>2001-04-22","DATE: Apr-22</b><br>Normal: 3.9 °C<br>Period: 1991-2020","6153301","HAMILTON+RBG+CS",2000,2026
"04-22","VPD",2001-04-22,0.738137140029664,0.101055929979769,2.06543060551804,0.507888485632566,0.228409313114536,0.289535992392085,1.00258761172427,1.27910681618883,1.24224184208502,"NA (ECCC AES NA; station_id 27529)",NA,27529,"",4,2007-04-22,"DATE: Apr-22<br>Value: 1.2 kPa<br>Anomaly: +0.5 kPa<br>Weather station: NA (ECCC AES NA; station_id 27529)","DATE: Apr-22<br><b>Vapour pressure deficit</b><br>10-90 percentile<br>0.2 to 1.3 kPa","Historical daily maximum<br>2.1 kPa<br>2007-04-22","DATE: Apr-22</b><br>Normal: 0.7 kPa<br>Period: 1991-2020","6153301","HAMILTON+RBG+CS",2000,2026
"04-23","TMAX",2001-04-23,14.3368421052632,2.8,27.1,6.79225134712881,6.86,10.25,19.15,24.14,14.6,"NA (ECCC AES NA; station_id 27529)",NA,27529,"",4,2001-04-23,"DATE: Apr-23<br>Value: 14.6 °C<br>Anomaly: +0.3 °C<br>Weather station: NA (ECCC AES NA; station_id 27529)","DATE: Apr-23<br><b>Maximum temperature</b><br>10-90 percentile<br>6.9 to 24.1 °C","Historical daily maximum<br>27.1 °C<br>2001-04-23","DATE: Apr-23</b><br>Normal: 14.3 °C<br>Period: 1991-2020","6153301","HAMILTON+RBG+CS",2000,2026
"04-23","TMIN",2001-04-23,3.105,-2.1,10.6,3.68074291700095,-0.94,0.15,5.625,7.69,3.1,"NA (ECCC AES NA; station_id 27529)",NA,27529,"",4,2008-04-23,"DATE: Apr-23<br>Value: 3.1 °C<br>Anomaly: 0.0 °C<br>Weather station: NA (ECCC AES NA; station_id 27529)","DATE: Apr-23<br><b>Minimum temperature</b><br>10-90 percentile<br>-0.9 to 7.7 °C","Historical daily maximum<br>10.6 °C<br>2008-04-23","DATE: Apr-23</b><br>Normal: 3.1 °C<br>Period: 1991-2020","6153301","HAMILTON+RBG+CS",2000,2026
"04-23","VPD",2001-04-23,0.985752563123015,0.0718790761455568,2.55659945231426,0.683619977628856,0.198511166874907,0.503202672022482,1.50919389091767,1.76329715535788,0.898761211092083,"NA (ECCC AES NA; station_id 27529)",NA,27529,"",4,2001-04-23,"DATE: Apr-23<br>Value: 0.9 kPa<br>Anomaly: -0.1 kPa<br>Weather station: NA (ECCC AES NA; station_id 27529)","DATE: Apr-23<br><b>Vapour pressure deficit</b><br>10-90 percentile<br>0.2 to 1.8 kPa","Historical daily maximum<br>2.6 kPa<br>2001-04-23","DATE: Apr-23</b><br>Normal: 1.0 kPa<br>Period: 1991-2020","6153301","HAMILTON+RBG+CS",2000,2026
"04-24","TMAX",2001-04-24,12.93,5.1,18.9,3.68083228574591,7.47,11.225,15.25,17.15,8.7,"NA (ECCC AES NA; station_id 27529)",NA,27529,"",4,2025-04-24,"DATE: Apr-24<br>Value: 8.7 °C<br>Anomaly: -4.2 °C<br>Weather station: NA (ECCC AES NA; station_id 27529)","DATE: Apr-24<br><b>Maximum temperature</b><br>10-90 percentile<br>7.5 to 17.2 °C","Historical daily maximum<br>18.9 °C<br>2025-04-24","DATE: Apr-24</b><br>Normal: 12.9 °C<br>Period: 1991-2020","6153301","HAMILTON+RBG+CS",2000,2026
"04-24","TMIN",2001-04-24,2.695,-2.5,7.1,2.99059490649216,-1.84,0.425,4.7,6.12,4.2,"NA (ECCC AES NA; station_id 27529)",NA,27529,"",4,2001-04-24,"DATE: Apr-24<br>Value: 4.2 °C<br>Anomaly: +1.5 °C<br>Weather station: NA (ECCC AES NA; station_id 27529)","DATE: Apr-24<br><b>Minimum temperature</b><br>10-90 percentile<br>-1.8 to 6.1 °C","Historical daily maximum<br>7.1 °C<br>2001-04-24","DATE: Apr-24</b><br>Normal: 2.7 °C<br>Period: 1991-2020","6153301","HAMILTON+RBG+CS",2000,2026
"04-24","VPD",2001-04-24,0.771124673359629,0.245031859293529,1.3335293374624,0.322018074549667,0.355178505367968,0.497322752359194,0.989198608322504,1.17037365348919,0.300218905326397,"NA (ECCC AES NA; station_id 27529)",NA,27529,"",4,2009-04-24,"DATE: Apr-24<br>Value: 0.3 kPa<br>Anomaly: -0.5 kPa<br>Weather station: NA (ECCC AES NA; station_id 27529)","DATE: Apr-24<br><b>Vapour pressure deficit</b><br>10-90 percentile<br>0.4 to 1.2 kPa","Historical daily maximum<br>1.3 kPa<br>2009-04-24","DATE: Apr-24</b><br>Normal: 0.8 kPa<br>Period: 1991-2020","6153301","HAMILTON+RBG+CS",2000,2026
"04-25","TMAX",2001-04-25,11.445,7.4,27.8,4.34395829678538,8.42,9.3,11.475,14.77,8.7,"NA (ECCC AES NA; station_id 27529)",NA,27529,"",4,2009-04-25,"DATE: Apr-25<br>Value: 8.7 °C<br>Anomaly: -2.7 °C<br>Weather station: NA (ECCC AES NA; station_id 27529)","DATE: Apr-25<br><b>Maximum temperature</b><br>10-90 percentile<br>8.4 to 14.8 °C","Historical daily maximum<br>27.8 °C<br>2009-04-25","DATE: Apr-25</b><br>Normal: 11.4 °C<br>Period: 1991-2020","6153301","HAMILTON+RBG+CS",2000,2026
"04-25","TMIN",2001-04-25,3.35,-3.9,16.6,4.29804116950232,-1.01,0.225,5.525,6.18,4.2,"NA (ECCC AES NA; station_id 27529)",NA,27529,"",4,2009-04-25,"DATE: Apr-25<br>Value: 4.2 °C<br>Anomaly: +0.8 °C<br>Weather station: NA (ECCC AES NA; station_id 27529)","DATE: Apr-25<br><b>Minimum temperature</b><br>10-90 percentile<br>-1.0 to 6.2 °C","Historical daily maximum<br>16.6 °C<br>2009-04-25","DATE: Apr-25</b><br>Normal: 3.4 °C<br>Period: 1991-2020","6153301","HAMILTON+RBG+CS",2000,2026
"04-25","VPD",2001-04-25,0.599431286654827,0.120183651285281,1.84698281311568,0.401377869998834,0.231709950190401,0.36408730920649,0.703297591569833,1.10833724509415,0.300218905326397,"NA (ECCC AES NA; station_id 27529)",NA,27529,"",4,2009-04-25,"DATE: Apr-25<br>Value: 0.3 kPa<br>Anomaly: -0.3 kPa<br>Weather station: NA (ECCC AES NA; station_id 27529)","DATE: Apr-25<br><b>Vapour pressure deficit</b><br>10-90 percentile<br>0.2 to 1.1 kPa","Historical daily maximum<br>1.8 kPa<br>2009-04-25","DATE: Apr-25</b><br>Normal: 0.6 kPa<br>Period: 1991-2020","6153301","HAMILTON+RBG+CS",2000,2026
"04-26","TMAX",2001-04-26,13.485,4.9,23.5,4.21442073187563,8.79,10.925,15.925,17.48,13.8,"NA (ECCC AES NA; station_id 27529)",NA,27529,"",4,2008-04-26,"DATE: Apr-26<br>Value: 13.8 °C<br>Anomaly: +0.3 °C<br>Weather station: NA (ECCC AES NA; station_id 27529)","DATE: Apr-26<br><b>Maximum temperature</b><br>10-90 percentile<br>8.8 to 17.5 °C","Historical daily maximum<br>23.5 °C<br>2008-04-26","DATE: Apr-26</b><br>Normal: 13.5 °C<br>Period: 1991-2020","6153301","HAMILTON+RBG+CS",2000,2026
"04-26","TMIN",2001-04-26,3.24736842105263,-1.9,7.9,3.12363186425542,-1.22,0.85,5.4,7.24,3.6,"NA (ECCC AES NA; station_id 27529)",NA,27529,"",4,2009-04-26,"DATE: Apr-26<br>Value: 3.6 °C<br>Anomaly: +0.4 °C<br>Weather station: NA (ECCC AES NA; station_id 27529)","DATE: Apr-26<br><b>Minimum temperature</b><br>10-90 percentile<br>-1.2 to 7.2 °C","Historical daily maximum<br>7.9 °C<br>2009-04-26","DATE: Apr-26</b><br>Normal: 3.2 °C<br>Period: 1991-2020","6153301","HAMILTON+RBG+CS",2000,2026
"04-26","VPD",2001-04-26,0.847079934730082,0.171317442897864,1.83728735819329,0.384964980089376,0.353731252544993,0.661635315104799,0.987588749674224,1.20419429500649,0.787327476881073,"NA (ECCC AES NA; station_id 27529)",NA,27529,"",4,2008-04-26,"DATE: Apr-26<br>Value: 0.8 kPa<br>Anomaly: -0.1 kPa<br>Weather station: NA (ECCC AES NA; station_id 27529)","DATE: Apr-26<br><b>Vapour pressure deficit</b><br>10-90 percentile<br>0.4 to 1.2 kPa","Historical daily maximum<br>1.8 kPa<br>2008-04-26","DATE: Apr-26</b><br>Normal: 0.8 kPa<br>Period: 1991-2020","6153301","HAMILTON+RBG+CS",2000,2026
"04-27","TMAX",2001-04-27,14.855,6.6,28.3,5.12552693054963,8.95,11.525,18.575,19.48,13.5,"NA (ECCC AES NA; station_id 27529)",NA,27529,"",4,2009-04-27,"DATE: Apr-27<br>Value: 13.5 °C<br>Anomaly: -1.4 °C<br>Weather station: NA (ECCC AES NA; station_id 27529)","DATE: Apr-27<br><b>Maximum temperature</b><br>10-90 percentile<br>8.9 to 19.5 °C","Historical daily maximum<br>28.3 °C<br>2009-04-27","DATE: Apr-27</b><br>Normal: 14.9 °C<br>Period: 1991-2020","6153301","HAMILTON+RBG+CS",2000,2026
"04-27","TMIN",2001-04-27,3,-3.2,7.5,3.24442842261525,-0.859999999999999,0.475,5.45,6.83,1.3,"NA (ECCC AES NA; station_id 27529)",NA,27529,"",4,2017-04-27,"DATE: Apr-27<br>Value: 1.3 °C<br>Anomaly: -1.7 °C<br>Weather station: NA (ECCC AES NA; station_id 27529)","DATE: Apr-27<br><b>Minimum temperature</b><br>10-90 percentile<br>-0.9 to 6.8 °C","Historical daily maximum<br>7.5 °C<br>2017-04-27","DATE: Apr-27</b><br>Normal: 3.0 °C<br>Period: 1991-2020","6153301","HAMILTON+RBG+CS",2000,2026
"04-27","VPD",2001-04-27,0.997295068064145,0.149890866644436,2.94949198248453,0.599252167066162,0.481725882759524,0.634188176455424,1.13922707011367,1.61770664538631,0.876403390355353,"NA (ECCC AES NA; station_id 27529)",NA,27529,"",4,2009-04-27,"DATE: Apr-27<br>Value: 0.9 kPa<br>Anomaly: -0.1 kPa<br>Weather station: NA (ECCC AES NA; station_id 27529)","DATE: Apr-27<br><b>Vapour pressure deficit</b><br>10-90 percentile<br>0.5 to 1.6 kPa","Historical daily maximum<br>2.9 kPa<br>2009-04-27","DATE: Apr-27</b><br>Normal: 1.0 kPa<br>Period: 1991-2020","6153301","HAMILTON+RBG+CS",2000,2026
"04-28","TMAX",2001-04-28,14.09,4.6,24.8,5.04494535988355,7.96,10.65,17.6,20.17,18.6,"NA (ECCC AES NA; station_id 27529)",NA,27529,"",4,2003-04-28,"DATE: Apr-28<br>Value: 18.6 °C<br>Anomaly: +4.5 °C<br>Weather station: NA (ECCC AES NA; station_id 27529)","DATE: Apr-28<br><b>Maximum temperature</b><br>10-90 percentile<br>8.0 to 20.2 °C","Historical daily maximum<br>24.8 °C<br>2003-04-28","DATE: Apr-28</b><br>Normal: 14.1 °C<br>Period: 1991-2020","6153301","HAMILTON+RBG+CS",2000,2026
"04-28","TMIN",2001-04-28,2.865,-2.6,10,3.42010695431406,-0.569999999999999,0.875,4.225,6.86,7.9,"NA (ECCC AES NA; station_id 27529)",NA,27529,"",4,2024-04-28,"DATE: Apr-28<br>Value: 7.9 °C<br>Anomaly: +5.0 °C<br>Weather station: NA (ECCC AES NA; station_id 27529)","DATE: Apr-28<br><b>Minimum temperature</b><br>10-90 percentile<br>-0.6 to 6.9 °C","Historical daily maximum<br>10.0 °C<br>2024-04-28","DATE: Apr-28</b><br>Normal: 2.9 °C<br>Period: 1991-2020","6153301","HAMILTON+RBG+CS",2000,2026
"04-28","VPD",2001-04-28,0.911774096916449,0.0631711152622807,1.90227259997365,0.505280531263416,0.381901411737579,0.576851813041988,1.00667251383986,1.73014230322683,1.07766858456182,"NA (ECCC AES NA; station_id 27529)",NA,27529,"",4,2003-04-28,"DATE: Apr-28<br>Value: 1.1 kPa<br>Anomaly: +0.2 kPa<br>Weather station: NA (ECCC AES NA; station_id 27529)","DATE: Apr-28<br><b>Vapour pressure deficit</b><br>10-90 percentile<br>0.4 to 1.7 kPa","Historical daily maximum<br>1.9 kPa<br>2003-04-28","DATE: Apr-28</b><br>Normal: 0.9 kPa<br>Period: 1991-2020","6153301","HAMILTON+RBG+CS",2000,2026
"04-29","TMAX",2001-04-29,14.16,7.5,24.6,4.99783110853835,9.21,10.425,17.775,20.88,11.4,"NA (ECCC AES NA; station_id 27529)",NA,27529,"",4,2025-04-29,"DATE: Apr-29<br>Value: 11.4 °C<br>Anomaly: -2.8 °C<br>Weather station: NA (ECCC AES NA; station_id 27529)","DATE: Apr-29<br><b>Maximum temperature</b><br>10-90 percentile<br>9.2 to 20.9 °C","Historical daily maximum<br>24.6 °C<br>2025-04-29","DATE: Apr-29</b><br>Normal: 14.2 °C<br>Period: 1991-2020","6153301","HAMILTON+RBG+CS",2000,2026
"04-29","TMIN",2001-04-29,2.11,-2.6,8.1,3.21524329929855,-1.82,-1.175,4.275,6.37,3.9,"NA (ECCC AES NA; station_id 27529)",NA,27529,"",4,2024-04-29,"DATE: Apr-29<br>Value: 3.9 °C<br>Anomaly: +1.8 °C<br>Weather station: NA (ECCC AES NA; station_id 27529)","DATE: Apr-29<br><b>Minimum temperature</b><br>10-90 percentile<br>-1.8 to 6.4 °C","Historical daily maximum<br>8.1 °C<br>2024-04-29","DATE: Apr-29</b><br>Normal: 2.1 °C<br>Period: 1991-2020","6153301","HAMILTON+RBG+CS",2000,2026
"04-29","VPD",2001-04-29,0.962160480735403,0.20666776151044,2.21466247623398,0.552308654003006,0.436156852616422,0.511459663585592,1.43265405978656,1.62864889190631,0.540473211294473,"NA (ECCC AES NA; station_id 27529)",NA,27529,"",4,2025-04-29,"DATE: Apr-29<br>Value: 0.5 kPa<br>Anomaly: -0.4 kPa<br>Weather station: NA (ECCC AES NA; station_id 27529)","DATE: Apr-29<br><b>Vapour pressure deficit</b><br>10-90 percentile<br>0.4 to 1.6 kPa","Historical daily maximum<br>2.2 kPa<br>2025-04-29","DATE: Apr-29</b><br>Normal: 1.0 kPa<br>Period: 1991-2020","6153301","HAMILTON+RBG+CS",2000,2026
"04-30","TMAX",2001-04-30,14.335,6.8,25.4,5.28526003941249,8.16,10.55,17.825,20.51,13.8,"NA (ECCC AES NA; station_id 27529)",NA,27529,"",4,2001-04-30,"DATE: Apr-30<br>Value: 13.8 °C<br>Anomaly: -0.5 °C<br>Weather station: NA (ECCC AES NA; station_id 27529)","DATE: Apr-30<br><b>Maximum temperature</b><br>10-90 percentile<br>8.2 to 20.5 °C","Historical daily maximum<br>25.4 °C<br>2001-04-30","DATE: Apr-30</b><br>Normal: 14.3 °C<br>Period: 1991-2020","6153301","HAMILTON+RBG+CS",2000,2026
"04-30","TMIN",2001-04-30,4.065,-2.4,15.2,3.97839891096115,-0.55,1.5,5.15,8.12,1.6,"NA (ECCC AES NA; station_id 27529)",NA,27529,"",4,2004-04-30,"DATE: Apr-30<br>Value: 1.6 °C<br>Anomaly: -2.5 °C<br>Weather station: NA (ECCC AES NA; station_id 27529)","DATE: Apr-30<br><b>Minimum temperature</b><br>10-90 percentile<br>-0.5 to 8.1 °C","Historical daily maximum<br>15.2 °C<br>2004-04-30","DATE: Apr-30</b><br>Normal: 4.1 °C<br>Period: 1991-2020","6153301","HAMILTON+RBG+CS",2000,2026
"04-30","VPD",2001-04-30,0.871929386094718,0.127975172230371,2.37780169199214,0.534844722229738,0.317540662834718,0.518878156864257,1.10555048553645,1.38506471927968,0.892279534983837,"NA (ECCC AES NA; station_id 27529)",NA,27529,"",4,2001-04-30,"DATE: Apr-30<br>Value: 0.9 kPa<br>Anomaly: +0.0 kPa<br>Weather station: NA (ECCC AES NA; station_id 27529)","DATE: Apr-30<br><b>Vapour pressure deficit</b><br>10-90 percentile<br>0.3 to 1.4 kPa","Historical daily maximum<br>2.4 kPa<br>2001-04-30","DATE: Apr-30</b><br>Normal: 0.9 kPa<br>Period: 1991-2020","6153301","HAMILTON+RBG+CS",2000,2026
"05-01","TMAX",2001-05-01,17.115,9.2,28.7,5.71537860789458,9.87,13.525,20.55,24.95,12.1,"NA (ECCC AES NA; station_id 27529)",NA,27529,"",5,2001-05-01,"DATE: May-01<br>Value: 12.1 °C<br>Anomaly: -5.0 °C<br>Weather station: NA (ECCC AES NA; station_id 27529)","DATE: May-01<br><b>Maximum temperature</b><br>10-90 percentile<br>9.9 to 25.0 °C","Historical daily maximum<br>28.7 °C<br>2001-05-01","DATE: May-01</b><br>Normal: 17.1 °C<br>Period: 1991-2020","6153301","HAMILTON+RBG+CS",2000,2026
"05-01","TMIN",2001-05-01,5.6,-2.2,13.5,3.25705711534686,2.51,4.625,7,8.88,0.2,"NA (ECCC AES NA; station_id 27529)",NA,27529,"",5,2004-05-01,"DATE: May-01<br>Value: 0.2 °C<br>Anomaly: -5.4 °C<br>Weather station: NA (ECCC AES NA; station_id 27529)","DATE: May-01<br><b>Minimum temperature</b><br>10-90 percentile<br>2.5 to 8.9 °C","Historical daily maximum<br>13.5 °C<br>2004-05-01","DATE: May-01</b><br>Normal: 5.6 °C<br>Period: 1991-2020","6153301","HAMILTON+RBG+CS",2000,2026
"05-01","VPD",2001-05-01,1.1334057415023,0.182258024601962,2.74132006815595,0.68622375260771,0.385886330923697,0.735042853125362,1.56062289261754,2.08072731718874,0.792091264219425,"NA (ECCC AES NA; station_id 27529)",NA,27529,"",5,2001-05-01,"DATE: May-01<br>Value: 0.8 kPa<br>Anomaly: -0.3 kPa<br>Weather station: NA (ECCC AES NA; station_id 27529)","DATE: May-01<br><b>Vapour pressure deficit</b><br>10-90 percentile<br>0.4 to 2.1 kPa","Historical daily maximum<br>2.7 kPa<br>2001-05-01","DATE: May-01</b><br>Normal: 1.1 kPa<br>Period: 1991-2020","6153301","HAMILTON+RBG+CS",2000,2026
"05-02","TMAX",2001-05-02,15.99,8.5,29,6.13050182542824,10.19,11.6,17.975,26.19,8.4,"NA (ECCC AES NA; station_id 27529)",NA,27529,"",5,2001-05-02,"DATE: May-02<br>Value: 8.4 °C<br>Anomaly: -7.6 °C<br>Weather station: NA (ECCC AES NA; station_id 27529)","DATE: May-02<br><b>Maximum temperature</b><br>10-90 percentile<br>10.2 to 26.2 °C","Historical daily maximum<br>29.0 °C<br>2001-05-02","DATE: May-02</b><br>Normal: 16.0 °C<br>Period: 1991-2020","6153301","HAMILTON+RBG+CS",2000,2026
"05-02","TMIN",2001-05-02,6.855,2.3,15.8,4.08030894083176,3.05,4.675,7.05,15.41,0.5,"NA (ECCC AES NA; station_id 27529)",NA,27529,"",5,2018-05-02,"DATE: May-02<br>Value: 0.5 °C<br>Anomaly: -6.4 °C<br>Weather station: NA (ECCC AES NA; station_id 27529)","DATE: May-02<br><b>Minimum temperature</b><br>10-90 percentile<br>3.0 to 15.4 °C","Historical daily maximum<br>15.8 °C<br>2018-05-02","DATE: May-02</b><br>Normal: 6.9 °C<br>Period: 1991-2020","6153301","HAMILTON+RBG+CS",2000,2026
"05-02","VPD",2001-05-02,0.916301219168812,0.155143010289622,2.25591579319494,0.626299306282622,0.353184632938228,0.433674445216215,1.18021927365378,1.79774099987218,0.468960117993769,"NA (ECCC AES NA; station_id 27529)",NA,27529,"",5,2001-05-02,"DATE: May-02<br>Value: 0.5 kPa<br>Anomaly: -0.4 kPa<br>Weather station: NA (ECCC AES NA; station_id 27529)","DATE: May-02<br><b>Vapour pressure deficit</b><br>10-90 percentile<br>0.4 to 1.8 kPa","Historical daily maximum<br>2.3 kPa<br>2001-05-02","DATE: May-02</b><br>Normal: 0.9 kPa<br>Period: 1991-2020","6153301","HAMILTON+RBG+CS",2000,2026
"05-03","TMAX",2001-05-03,16.84,7.4,30.3,6.51842732082226,10.18,11.175,20.725,25.91,16.7,"NA (ECCC AES NA; station_id 27529)",NA,27529,"",5,2001-05-03,"DATE: May-03<br>Value: 16.7 °C<br>Anomaly: -0.1 °C<br>Weather station: NA (ECCC AES NA; station_id 27529)","DATE: May-03<br><b>Maximum temperature</b><br>10-90 percentile<br>10.2 to 25.9 °C","Historical daily maximum<br>30.3 °C<br>2001-05-03","DATE: May-03</b><br>Normal: 16.8 °C<br>Period: 1991-2020","6153301","HAMILTON+RBG+CS",2000,2026
"05-03","TMIN",2001-05-03,5.695,-0.2,15.7,4.28012235437505,1.39,2.75,7.025,12.25,0.5,"NA (ECCC AES NA; station_id 27529)",NA,27529,"",5,2001-05-03,"DATE: May-03<br>Value: 0.5 °C<br>Anomaly: -5.2 °C<br>Weather station: NA (ECCC AES NA; station_id 27529)","DATE: May-03<br><b>Minimum temperature</b><br>10-90 percentile<br>1.4 to 12.3 °C","Historical daily maximum<br>15.7 °C<br>2001-05-03","DATE: May-03</b><br>Normal: 5.7 °C<br>Period: 1991-2020","6153301","HAMILTON+RBG+CS",2000,2026
"05-03","VPD",2001-05-03,1.11054152462969,0.163470567870259,2.53288955162694,0.697270771049405,0.478146419353101,0.56545274229578,1.33435618905651,2.41919817527236,1.2678083148789,"NA (ECCC AES NA; station_id 27529)",NA,27529,"",5,2001-05-03,"DATE: May-03<br>Value: 1.3 kPa<br>Anomaly: +0.2 kPa<br>Weather station: NA (ECCC AES NA; station_id 27529)","DATE: May-03<br><b>Vapour pressure deficit</b><br>10-90 percentile<br>0.5 to 2.4 kPa","Historical daily maximum<br>2.5 kPa<br>2001-05-03","DATE: May-03</b><br>Normal: 1.1 kPa<br>Period: 1991-2020","6153301","HAMILTON+RBG+CS",2000,2026
"05-04","TMAX",2001-05-04,17.915,8.3,29.3,5.84035642387472,11.65,14.5,24,25.42,23.9,"NA (ECCC AES NA; station_id 27529)",NA,27529,"",5,2001-05-04,"DATE: May-04<br>Value: 23.9 °C<br>Anomaly: +6.0 °C<br>Weather station: NA (ECCC AES NA; station_id 27529)","DATE: May-04<br><b>Maximum temperature</b><br>10-90 percentile<br>11.6 to 25.4 °C","Historical daily maximum<br>29.3 °C<br>2001-05-04","DATE: May-04</b><br>Normal: 17.9 °C<br>Period: 1991-2020","6153301","HAMILTON+RBG+CS",2000,2026
"05-04","TMIN",2001-05-04,5.58,-1.6,15.2,4.77125162879335,0.34,1.95,8.35,12.17,10,"NA (ECCC AES NA; station_id 27529)",NA,27529,"",5,2001-05-04,"DATE: May-04<br>Value: 10.0 °C<br>Anomaly: +4.4 °C<br>Weather station: NA (ECCC AES NA; station_id 27529)","DATE: May-04<br><b>Minimum temperature</b><br>10-90 percentile<br>0.3 to 12.2 °C","Historical daily maximum<br>15.2 °C<br>2001-05-04","DATE: May-04</b><br>Normal: 5.6 °C<br>Period: 1991-2020","6153301","HAMILTON+RBG+CS",2000,2026
"05-04","VPD",2001-05-04,1.22111338489761,0.197916653440371,2.48652320395717,0.612818163813718,0.58297925906711,0.881848529560763,1.56662983435564,2.1142046291391,1.73809158252223,"NA (ECCC AES NA; station_id 27529)",NA,27529,"",5,2000-05-04,"DATE: May-04<br>Value: 1.7 kPa<br>Anomaly: +0.5 kPa<br>Weather station: NA (ECCC AES NA; station_id 27529)","DATE: May-04<br><b>Vapour pressure deficit</b><br>10-90 percentile<br>0.6 to 2.1 kPa","Historical daily maximum<br>2.5 kPa<br>2000-05-04","DATE: May-04</b><br>Normal: 1.2 kPa<br>Period: 1991-2020","6153301","HAMILTON+RBG+CS",2000,2026
"05-05","TMAX",2001-05-05,17.62,9.8,29.2,5.14368289110152,13.15,14.025,21.55,24.33,19.1,"NA (ECCC AES NA; station_id 27529)",NA,27529,"",5,2000-05-05,"DATE: May-05<br>Value: 19.1 °C<br>Anomaly: +1.5 °C<br>Weather station: NA (ECCC AES NA; station_id 27529)","DATE: May-05<br><b>Maximum temperature</b><br>10-90 percentile<br>13.2 to 24.3 °C","Historical daily maximum<br>29.2 °C<br>2000-05-05","DATE: May-05</b><br>Normal: 17.6 °C<br>Period: 1991-2020","6153301","HAMILTON+RBG+CS",2000,2026
"05-05","TMIN",2001-05-05,5.77,-1,16,3.74546743622067,1.73,3.675,7.9,9.35,8.9,"NA (ECCC AES NA; station_id 27529)",NA,27529,"",5,2000-05-05,"DATE: May-05<br>Value: 8.9 °C<br>Anomaly: +3.1 °C<br>Weather station: NA (ECCC AES NA; station_id 27529)","DATE: May-05<br><b>Minimum temperature</b><br>10-90 percentile<br>1.7 to 9.4 °C","Historical daily maximum<br>16.0 °C<br>2000-05-05","DATE: May-05</b><br>Normal: 5.8 °C<br>Period: 1991-2020","6153301","HAMILTON+RBG+CS",2000,2026
"05-05","VPD",2001-05-05,1.1614410855316,0.276492623204816,2.2339214467635,0.620403802210963,0.536364644686379,0.710682767014833,1.83215362339543,2.05109528635585,1.07081193615637,"NA (ECCC AES NA; station_id 27529)",NA,27529,"",5,2000-05-05,"DATE: May-05<br>Value: 1.1 kPa<br>Anomaly: -0.1 kPa<br>Weather station: NA (ECCC AES NA; station_id 27529)","DATE: May-05<br><b>Vapour pressure deficit</b><br>10-90 percentile<br>0.5 to 2.1 kPa","Historical daily maximum<br>2.2 kPa<br>2000-05-05","DATE: May-05</b><br>Normal: 1.2 kPa<br>Period: 1991-2020","6153301","HAMILTON+RBG+CS",2000,2026
"05-06","TMAX",2001-05-06,18.005,8.2,30.4,4.77366404568363,13.68,15.475,20.625,23.44,10.5,"NA (ECCC AES NA; station_id 27529)",NA,27529,"",5,2000-05-06,"DATE: May-06<br>Value: 10.5 °C<br>Anomaly: -7.5 °C<br>Weather station: NA (ECCC AES NA; station_id 27529)","DATE: May-06<br><b>Maximum temperature</b><br>10-90 percentile<br>13.7 to 23.4 °C","Historical daily maximum<br>30.4 °C<br>2000-05-06","DATE: May-06</b><br>Normal: 18.0 °C<br>Period: 1991-2020","6153301","HAMILTON+RBG+CS",2000,2026
"05-06","TMIN",2001-05-06,5.495,-0.5,16,4.07488779309514,1.54,3.25,6.75,10.72,2.5,"NA (ECCC AES NA; station_id 27529)",NA,27529,"",5,2000-05-06,"DATE: May-06<br>Value: 2.5 °C<br>Anomaly: -3.0 °C<br>Weather station: NA (ECCC AES NA; station_id 27529)","DATE: May-06<br><b>Minimum temperature</b><br>10-90 percentile<br>1.5 to 10.7 °C","Historical daily maximum<br>16.0 °C<br>2000-05-06","DATE: May-06</b><br>Normal: 5.5 °C<br>Period: 1991-2020","6153301","HAMILTON+RBG+CS",2000,2026
"05-06","VPD",2001-05-06,1.21019789199655,0.165229199809116,2.5231039571767,0.513249759080247,0.878093133582903,0.913611090772879,1.52688591509527,1.83836336727005,0.538422981076553,"NA (ECCC AES NA; station_id 27529)",NA,27529,"",5,2000-05-06,"DATE: May-06<br>Value: 0.5 kPa<br>Anomaly: -0.7 kPa<br>Weather station: NA (ECCC AES NA; station_id 27529)","DATE: May-06<br><b>Vapour pressure deficit</b><br>10-90 percentile<br>0.9 to 1.8 kPa","Historical daily maximum<br>2.5 kPa<br>2000-05-06","DATE: May-06</b><br>Normal: 1.2 kPa<br>Period: 1991-2020","6153301","HAMILTON+RBG+CS",2000,2026
"05-07","TMAX",2001-05-07,16.95,11.8,28.5,4.22392932556505,12.16,13.575,19.825,21.31,12.4,"NA (ECCC AES NA; station_id 27529)",NA,27529,"",5,2000-05-07,"DATE: May-07<br>Value: 12.4 °C<br>Anomaly: -4.5 °C<br>Weather station: NA (ECCC AES NA; station_id 27529)","DATE: May-07<br><b>Maximum temperature</b><br>10-90 percentile<br>12.2 to 21.3 °C","Historical daily maximum<br>28.5 °C<br>2000-05-07","DATE: May-07</b><br>Normal: 16.9 °C<br>Period: 1991-2020","6153301","HAMILTON+RBG+CS",2000,2026
"05-07","TMIN",2001-05-07,6.345,-1.5,18.3,4.42783955873457,2.77,4.625,7.625,10.04,2.1,"NA (ECCC AES NA; station_id 27529)",NA,27529,"",5,2000-05-07,"DATE: May-07<br>Value: 2.1 °C<br>Anomaly: -4.2 °C<br>Weather station: NA (ECCC AES NA; station_id 27529)","DATE: May-07<br><b>Minimum temperature</b><br>10-90 percentile<br>2.8 to 10.0 °C","Historical daily maximum<br>18.3 °C<br>2000-05-07","DATE: May-07</b><br>Normal: 6.3 °C<br>Period: 1991-2020","6153301","HAMILTON+RBG+CS",2000,2026
"05-07","VPD",2001-05-07,0.995474333765077,0.370157804482452,1.78813444634056,0.412978874083126,0.508640121003568,0.760008661522571,1.2894199024116,1.54291915640148,0.729281557254153,"NA (ECCC AES NA; station_id 27529)",NA,27529,"",5,2025-05-07,"DATE: May-07<br>Value: 0.7 kPa<br>Anomaly: -0.3 kPa<br>Weather station: NA (ECCC AES NA; station_id 27529)","DATE: May-07<br><b>Vapour pressure deficit</b><br>10-90 percentile<br>0.5 to 1.5 kPa","Historical daily maximum<br>1.8 kPa<br>2025-05-07","DATE: May-07</b><br>Normal: 1.0 kPa<br>Period: 1991-2020","6153301","HAMILTON+RBG+CS",2000,2026
"05-08","TMAX",2001-05-08,17.295,7.6,27.3,5.63872652662862,11.09,13.375,21.2,25.21,15.8,"NA (ECCC AES NA; station_id 27529)",NA,27529,"",5,2007-05-08,"DATE: May-08<br>Value: 15.8 °C<br>Anomaly: -1.5 °C<br>Weather station: NA (ECCC AES NA; station_id 27529)","DATE: May-08<br><b>Maximum temperature</b><br>10-90 percentile<br>11.1 to 25.2 °C","Historical daily maximum<br>27.3 °C<br>2007-05-08","DATE: May-08</b><br>Normal: 17.3 °C<br>Period: 1991-2020","6153301","HAMILTON+RBG+CS",2000,2026
"05-08","TMIN",2001-05-08,6.6,0.5,18,4.13152195736759,2.58,4.1,9.275,10.45,4.6,"NA (ECCC AES NA; station_id 27529)",NA,27529,"",5,2000-05-08,"DATE: May-08<br>Value: 4.6 °C<br>Anomaly: -2.0 °C<br>Weather station: NA (ECCC AES NA; station_id 27529)","DATE: May-08<br><b>Minimum temperature</b><br>10-90 percentile<br>2.6 to 10.5 °C","Historical daily maximum<br>18.0 °C<br>2000-05-08","DATE: May-08</b><br>Normal: 6.6 °C<br>Period: 1991-2020","6153301","HAMILTON+RBG+CS",2000,2026
"05-08","VPD",2001-05-08,1.07055430535165,0.102288314005275,2.64039126027123,0.587334443186638,0.487947966770757,0.678556987217429,1.38457398491513,1.7016955136991,0.946936073759489,"NA (ECCC AES NA; station_id 27529)",NA,27529,"",5,2007-05-08,"DATE: May-08<br>Value: 0.9 kPa<br>Anomaly: -0.1 kPa<br>Weather station: NA (ECCC AES NA; station_id 27529)","DATE: May-08<br><b>Vapour pressure deficit</b><br>10-90 percentile<br>0.5 to 1.7 kPa","Historical daily maximum<br>2.6 kPa<br>2007-05-08","DATE: May-08</b><br>Normal: 1.1 kPa<br>Period: 1991-2020","6153301","HAMILTON+RBG+CS",2000,2026
"05-09","TMAX",2001-05-09,19.305,10.3,27,5.26862360933499,12.6,15.85,23.575,26.24,19.2,"NA (ECCC AES NA; station_id 27529)",NA,27529,"",5,2000-05-09,"DATE: May-09<br>Value: 19.2 °C<br>Anomaly: -0.1 °C<br>Weather station: NA (ECCC AES NA; station_id 27529)","DATE: May-09<br><b>Maximum temperature</b><br>10-90 percentile<br>12.6 to 26.2 °C","Historical daily maximum<br>27.0 °C<br>2000-05-09","DATE: May-09</b><br>Normal: 19.3 °C<br>Period: 1991-2020","6153301","HAMILTON+RBG+CS",2000,2026
"05-09","TMIN",2001-05-09,7.19,-0.1,18.8,4.57164026765472,1.54,4.775,9.8,12.38,6.7,"NA (ECCC AES NA; station_id 27529)",NA,27529,"",5,2000-05-09,"DATE: May-09<br>Value: 6.7 °C<br>Anomaly: -0.5 °C<br>Weather station: NA (ECCC AES NA; station_id 27529)","DATE: May-09<br><b>Minimum temperature</b><br>10-90 percentile<br>1.5 to 12.4 °C","Historical daily maximum<br>18.8 °C<br>2000-05-09","DATE: May-09</b><br>Normal: 7.2 °C<br>Period: 1991-2020","6153301","HAMILTON+RBG+CS",2000,2026
"05-09","VPD",2001-05-09,1.28016771028116,0.30410269340366,2.16105739214587,0.516610345066491,0.63648785868132,0.967844943980706,1.61253956212268,1.93775141667092,1.24355457944076,"NA (ECCC AES NA; station_id 27529)",NA,27529,"",5,2013-05-09,"DATE: May-09<br>Value: 1.2 kPa<br>Anomaly: 0.0 kPa<br>Weather station: NA (ECCC AES NA; station_id 27529)","DATE: May-09<br><b>Vapour pressure deficit</b><br>10-90 percentile<br>0.6 to 1.9 kPa","Historical daily maximum<br>2.2 kPa<br>2013-05-09","DATE: May-09</b><br>Normal: 1.3 kPa<br>Period: 1991-2020","6153301","HAMILTON+RBG+CS",2000,2026
"05-10","TMAX",2001-05-10,18.655,10.8,28.3,5.12326735795163,13.08,14.775,21.575,25.65,14.6,"NA (ECCC AES NA; station_id 27529)",NA,27529,"",5,2004-05-10,"DATE: May-10<br>Value: 14.6 °C<br>Anomaly: -4.1 °C<br>Weather station: NA (ECCC AES NA; station_id 27529)","DATE: May-10<br><b>Maximum temperature</b><br>10-90 percentile<br>13.1 to 25.6 °C","Historical daily maximum<br>28.3 °C<br>2004-05-10","DATE: May-10</b><br>Normal: 18.7 °C<br>Period: 1991-2020","6153301","HAMILTON+RBG+CS",2000,2026
"05-10","TMIN",2001-05-10,6.98,1.1,13.3,3.65377958601198,2.42,4.725,9.55,12.71,3.5,"NA (ECCC AES NA; station_id 27529)",NA,27529,"",5,2015-05-10,"DATE: May-10<br>Value: 3.5 °C<br>Anomaly: -3.5 °C<br>Weather station: NA (ECCC AES NA; station_id 27529)","DATE: May-10<br><b>Minimum temperature</b><br>10-90 percentile<br>2.4 to 12.7 °C","Historical daily maximum<br>13.3 °C<br>2015-05-10","DATE: May-10</b><br>Normal: 7.0 °C<br>Period: 1991-2020","6153301","HAMILTON+RBG+CS",2000,2026
"05-10","VPD",2001-05-10,1.21756658861423,0.416945233105178,2.76636424573514,0.627027085228834,0.568818038403882,0.7452590647024,1.51562808914261,2.12562067825912,0.87684128812845,"NA (ECCC AES NA; station_id 27529)",NA,27529,"",5,2004-05-10,"DATE: May-10<br>Value: 0.9 kPa<br>Anomaly: -0.3 kPa<br>Weather station: NA (ECCC AES NA; station_id 27529)","DATE: May-10<br><b>Vapour pressure deficit</b><br>10-90 percentile<br>0.6 to 2.1 kPa","Historical daily maximum<br>2.8 kPa<br>2004-05-10","DATE: May-10</b><br>Normal: 1.2 kPa<br>Period: 1991-2020","6153301","HAMILTON+RBG+CS",2000,2026
"05-11","TMAX",2001-05-11,17.825,10.6,25.6,4.9561099983545,11.99,13.65,22.775,24.41,15.1,"NA (ECCC AES NA; station_id 27529)",NA,27529,"",5,2023-05-11,"DATE: May-11<br>Value: 15.1 °C<br>Anomaly: -2.7 °C<br>Weather station: NA (ECCC AES NA; station_id 27529)","DATE: May-11<br><b>Maximum temperature</b><br>10-90 percentile<br>12.0 to 24.4 °C","Historical daily maximum<br>25.6 °C<br>2023-05-11","DATE: May-11</b><br>Normal: 17.8 °C<br>Period: 1991-2020","6153301","HAMILTON+RBG+CS",2000,2026
"05-11","TMIN",2001-05-11,6.56,0.2,15.7,4.43780410373846,1.05,2.975,9.4,12.23,2.3,"NA (ECCC AES NA; station_id 27529)",NA,27529,"",5,2004-05-11,"DATE: May-11<br>Value: 2.3 °C<br>Anomaly: -4.3 °C<br>Weather station: NA (ECCC AES NA; station_id 27529)","DATE: May-11<br><b>Minimum temperature</b><br>10-90 percentile<br>1.1 to 12.2 °C","Historical daily maximum<br>15.7 °C<br>2004-05-11","DATE: May-11</b><br>Normal: 6.6 °C<br>Period: 1991-2020","6153301","HAMILTON+RBG+CS",2000,2026
"05-11","VPD",2001-05-11,1.11410575033633,0.479565099714547,1.93161646144295,0.480515364900722,0.610116868516851,0.706404185481078,1.4673938171337,1.79517076632599,0.995420643413008,"NA (ECCC AES NA; station_id 27529)",NA,27529,"",5,2023-05-11,"DATE: May-11<br>Value: 1.0 kPa<br>Anomaly: -0.1 kPa<br>Weather station: NA (ECCC AES NA; station_id 27529)","DATE: May-11<br><b>Vapour pressure deficit</b><br>10-90 percentile<br>0.6 to 1.8 kPa","Historical daily maximum<br>1.9 kPa<br>2023-05-11","DATE: May-11</b><br>Normal: 1.1 kPa<br>Period: 1991-2020","6153301","HAMILTON+RBG+CS",2000,2026
"05-12","TMAX",2001-05-12,15.285,7.7,26.4,5.17883089834802,9.03,12.075,17.4,20.87,11.8,"NA (ECCC AES NA; station_id 27529)",NA,27529,"",5,2023-05-12,"DATE: May-12<br>Value: 11.8 °C<br>Anomaly: -3.5 °C<br>Weather station: NA (ECCC AES NA; station_id 27529)","DATE: May-12<br><b>Maximum temperature</b><br>10-90 percentile<br>9.0 to 20.9 °C","Historical daily maximum<br>26.4 °C<br>2023-05-12","DATE: May-12</b><br>Normal: 15.3 °C<br>Period: 1991-2020","6153301","HAMILTON+RBG+CS",2000,2026
"05-12","TMIN",2001-05-12,6.665,1.7,13,3.27675625870271,2.09,4.3,9.05,10.34,-0.3,"NA (ECCC AES NA; station_id 27529)",NA,27529,"",5,2023-05-12,"DATE: May-12<br>Value: -0.3 °C<br>Anomaly: -7.0 °C<br>Weather station: NA (ECCC AES NA; station_id 27529)","DATE: May-12<br><b>Minimum temperature</b><br>10-90 percentile<br>2.1 to 10.3 °C","Historical daily maximum<br>13.0 °C<br>2023-05-12","DATE: May-12</b><br>Normal: 6.7 °C<br>Period: 1991-2020","6153301","HAMILTON+RBG+CS",2000,2026
"05-12","VPD",2001-05-12,0.821472975933072,0.109442735953305,2.19722927913922,0.519535748440745,0.316861535940941,0.422844080032507,1.03958159387536,1.31291333120717,0.786581444347942,"NA (ECCC AES NA; station_id 27529)",NA,27529,"",5,2023-05-12,"DATE: May-12<br>Value: 0.8 kPa<br>Anomaly: 0.0 kPa<br>Weather station: NA (ECCC AES NA; station_id 27529)","DATE: May-12<br><b>Vapour pressure deficit</b><br>10-90 percentile<br>0.3 to 1.3 kPa","Historical daily maximum<br>2.2 kPa<br>2023-05-12","DATE: May-12</b><br>Normal: 0.8 kPa<br>Period: 1991-2020","6153301","HAMILTON+RBG+CS",2000,2026
"05-13","TMAX",2001-05-13,16.395,8.6,29.7,5.58413872169719,9.5,11.875,19.65,22.65,17.1,"NA (ECCC AES NA; station_id 27529)",NA,27529,"",5,2004-05-13,"DATE: May-13<br>Value: 17.1 °C<br>Anomaly: +0.7 °C<br>Weather station: NA (ECCC AES NA; station_id 27529)","DATE: May-13<br><b>Maximum temperature</b><br>10-90 percentile<br>9.5 to 22.6 °C","Historical daily maximum<br>29.7 °C<br>2004-05-13","DATE: May-13</b><br>Normal: 16.4 °C<br>Period: 1991-2020","6153301","HAMILTON+RBG+CS",2000,2026
"05-13","TMIN",2001-05-13,6.08,0.6,14,3.5633514679597,1.28,3.675,8.125,9.75,6.5,"NA (ECCC AES NA; station_id 27529)",NA,27529,"",5,2016-05-13,"DATE: May-13<br>Value: 6.5 °C<br>Anomaly: +0.4 °C<br>Weather station: NA (ECCC AES NA; station_id 27529)","DATE: May-13<br><b>Minimum temperature</b><br>10-90 percentile<br>1.3 to 9.8 °C","Historical daily maximum<br>14.0 °C<br>2016-05-13","DATE: May-13</b><br>Normal: 6.1 °C<br>Period: 1991-2020","6153301","HAMILTON+RBG+CS",2000,2026
"05-13","VPD",2001-05-13,1.00318463482819,0.162693728171938,2.76803332360265,0.613656904356191,0.405333100186955,0.613660411428899,1.25125604988863,1.64649817330773,0.982066136241505,"NA (ECCC AES NA; station_id 27529)",NA,27529,"",5,2004-05-13,"DATE: May-13<br>Value: 1.0 kPa<br>Anomaly: 0.0 kPa<br>Weather station: NA (ECCC AES NA; station_id 27529)","DATE: May-13<br><b>Vapour pressure deficit</b><br>10-90 percentile<br>0.4 to 1.6 kPa","Historical daily maximum<br>2.8 kPa<br>2004-05-13","DATE: May-13</b><br>Normal: 1.0 kPa<br>Period: 1991-2020","6153301","HAMILTON+RBG+CS",2000,2026
"05-14","TMAX",2001-05-14,17.81,8.8,27.1,4.37407433816453,13.42,14.475,20.45,23.05,12.3,"NA (ECCC AES NA; station_id 27529)",NA,27529,"",5,2004-05-14,"DATE: May-14<br>Value: 12.3 °C<br>Anomaly: -5.5 °C<br>Weather station: NA (ECCC AES NA; station_id 27529)","DATE: May-14<br><b>Maximum temperature</b><br>10-90 percentile<br>13.4 to 23.0 °C","Historical daily maximum<br>27.1 °C<br>2004-05-14","DATE: May-14</b><br>Normal: 17.8 °C<br>Period: 1991-2020","6153301","HAMILTON+RBG+CS",2000,2026
"05-14","TMIN",2001-05-14,6.75,0.4,13.7,3.44879841775593,2.63,4.875,8.925,11.22,7,"NA (ECCC AES NA; station_id 27529)",NA,27529,"",5,2004-05-14,"DATE: May-14<br>Value: 7.0 °C<br>Anomaly: +0.2 °C<br>Weather station: NA (ECCC AES NA; station_id 27529)","DATE: May-14<br><b>Minimum temperature</b><br>10-90 percentile<br>2.6 to 11.2 °C","Historical daily maximum<br>13.7 °C<br>2004-05-14","DATE: May-14</b><br>Normal: 6.8 °C<br>Period: 1991-2020","6153301","HAMILTON+RBG+CS",2000,2026
"05-14","VPD",2001-05-14,1.0967876341874,0.292548468084953,2.01856319714416,0.496242259702825,0.42125663547751,0.760340149354168,1.46402884508973,1.66526823957644,0.428692978436056,"NA (ECCC AES NA; station_id 27529)",NA,27529,"",5,2004-05-14,"DATE: May-14<br>Value: 0.4 kPa<br>Anomaly: -0.7 kPa<br>Weather station: NA (ECCC AES NA; station_id 27529)","DATE: May-14<br><b>Vapour pressure deficit</b><br>10-90 percentile<br>0.4 to 1.7 kPa","Historical daily maximum<br>2.0 kPa<br>2004-05-14","DATE: May-14</b><br>Normal: 1.1 kPa<br>Period: 1991-2020","6153301","HAMILTON+RBG+CS",2000,2026
"05-15","TMAX",2001-05-15,18.2190476190476,8.5,30,5.51367563859346,12.5,13.9,21.8,26.1,20.7,"NA (ECCC AES NA; station_id 27529)",NA,27529,"",5,2007-05-15,"DATE: May-15<br>Value: 20.7 °C<br>Anomaly: +2.5 °C<br>Weather station: NA (ECCC AES NA; station_id 27529)","DATE: May-15<br><b>Maximum temperature</b><br>10-90 percentile<br>12.5 to 26.1 °C","Historical daily maximum<br>30.0 °C<br>2007-05-15","DATE: May-15</b><br>Normal: 18.2 °C<br>Period: 1991-2020","6153301","HAMILTON+RBG+CS",2000,2026
"05-15","TMIN",2001-05-15,6.63809523809524,2,14.6,2.94948744538372,3.6,4.2,7.7,9.3,6,"NA (ECCC AES NA; station_id 27529)",NA,27529,"",5,2007-05-15,"DATE: May-15<br>Value: 6.0 °C<br>Anomaly: -0.6 °C<br>Weather station: NA (ECCC AES NA; station_id 27529)","DATE: May-15<br><b>Minimum temperature</b><br>10-90 percentile<br>3.6 to 9.3 °C","Historical daily maximum<br>14.6 °C<br>2007-05-15","DATE: May-15</b><br>Normal: 6.6 °C<br>Period: 1991-2020","6153301","HAMILTON+RBG+CS",2000,2026
"05-15","VPD",2001-05-15,1.20639114624978,0.249138185220301,2.58114267796562,0.717999831458056,0.436037238730969,0.555892523660658,1.61882938779068,2.3374703765718,1.50643446810037,"NA (ECCC AES NA; station_id 27529)",NA,27529,"",5,2007-05-15,"DATE: May-15<br>Value: 1.5 kPa<br>Anomaly: +0.3 kPa<br>Weather station: NA (ECCC AES NA; station_id 27529)","DATE: May-15<br><b>Vapour pressure deficit</b><br>10-90 percentile<br>0.4 to 2.3 kPa","Historical daily maximum<br>2.6 kPa<br>2007-05-15","DATE: May-15</b><br>Normal: 1.2 kPa<br>Period: 1991-2020","6153301","HAMILTON+RBG+CS",2000,2026
"05-16","TMAX",2001-05-16,17.0761904761905,8.4,25.8,4.17083981494192,11.7,15.8,19.2,20.9,21,"NA (ECCC AES NA; station_id 27529)",NA,27529,"",5,2025-05-16,"DATE: May-16<br>Value: 21.0 °C<br>Anomaly: +3.9 °C<br>Weather station: NA (ECCC AES NA; station_id 27529)","DATE: May-16<br><b>Maximum temperature</b><br>10-90 percentile<br>11.7 to 20.9 °C","Historical daily maximum<br>25.8 °C<br>2025-05-16","DATE: May-16</b><br>Normal: 17.1 °C<br>Period: 1991-2020","6153301","HAMILTON+RBG+CS",2000,2026
"05-16","TMIN",2001-05-16,5.8047619047619,1.5,10,2.42331925063046,2.5,4,7.2,8.8,9.2,"NA (ECCC AES NA; station_id 27529)",NA,27529,"",5,2022-05-16,"DATE: May-16<br>Value: 9.2 °C<br>Anomaly: +3.4 °C<br>Weather station: NA (ECCC AES NA; station_id 27529)","DATE: May-16<br><b>Minimum temperature</b><br>10-90 percentile<br>2.5 to 8.8 °C","Historical daily maximum<br>10.0 °C<br>2022-05-16","DATE: May-16</b><br>Normal: 5.8 °C<br>Period: 1991-2020","6153301","HAMILTON+RBG+CS",2000,2026
"05-16","VPD",2001-05-16,1.07039824427128,0.0866464197108776,2.20449891957698,0.497182143413594,0.590324061146172,0.758408354040644,1.31593068958585,1.64698945463643,1.32334083377304,"NA (ECCC AES NA; station_id 27529)",NA,27529,"",5,2025-05-16,"DATE: May-16<br>Value: 1.3 kPa<br>Anomaly: +0.3 kPa<br>Weather station: NA (ECCC AES NA; station_id 27529)","DATE: May-16<br><b>Vapour pressure deficit</b><br>10-90 percentile<br>0.6 to 1.6 kPa","Historical daily maximum<br>2.2 kPa<br>2025-05-16","DATE: May-16</b><br>Normal: 1.1 kPa<br>Period: 1991-2020","6153301","HAMILTON+RBG+CS",2000,2026
"05-17","TMAX",2001-05-17,16.11,9.4,22.7,3.56058836060618,12.39,13,19.075,20.44,29.3,"NA (ECCC AES NA; station_id 27529)",NA,27529,"",5,2026-05-17,"DATE: May-17<br>Value: 29.3 °C<br>Anomaly: +13.2 °C<br>Weather station: NA (ECCC AES NA; station_id 27529)","DATE: May-17<br><b>Maximum temperature</b><br>10-90 percentile<br>12.4 to 20.4 °C","Historical daily maximum<br>22.7 °C<br>2026-05-17","DATE: May-17</b><br>Normal: 16.1 °C<br>Period: 1991-2020","6153301","HAMILTON+RBG+CS",2000,2026
"05-17","TMIN",2001-05-17,5.67619047619048,0.1,12,2.86703762826803,2.4,3.6,7.1,9,14.1,"NA (ECCC AES NA; station_id 27529)",NA,27529,"",5,2026-05-17,"DATE: May-17<br>Value: 14.1 °C<br>Anomaly: +8.4 °C<br>Weather station: NA (ECCC AES NA; station_id 27529)","DATE: May-17<br><b>Minimum temperature</b><br>10-90 percentile<br>2.4 to 9.0 °C","Historical daily maximum<br>12.0 °C<br>2026-05-17","DATE: May-17</b><br>Normal: 5.7 °C<br>Period: 1991-2020","6153301","HAMILTON+RBG+CS",2000,2026
"05-17","VPD",2001-05-17,0.948203233238036,0.204783460740071,1.58732528779424,0.370176068974415,0.471873845504148,0.719032288964448,1.24936210612666,1.36834012876923,2.46664076658559,"NA (ECCC AES NA; station_id 27529)",NA,27529,"",5,2026-05-17,"DATE: May-17<br>Value: 2.5 kPa<br>Anomaly: +1.5 kPa<br>Weather station: NA (ECCC AES NA; station_id 27529)","DATE: May-17<br><b>Vapour pressure deficit</b><br>10-90 percentile<br>0.5 to 1.4 kPa","Historical daily maximum<br>1.6 kPa<br>2026-05-17","DATE: May-17</b><br>Normal: 0.9 kPa<br>Period: 1991-2020","6153301","HAMILTON+RBG+CS",2000,2026
"05-18","TMAX",2001-05-18,17.3047619047619,9.8,29.9,5.45641605731053,11.7,14.2,18.4,23.8,31.9,"NA (ECCC AES NA; station_id 27529)",NA,27529,"",5,2026-05-18,"DATE: May-18<br>Value: 31.9 °C<br>Anomaly: +14.6 °C<br>Weather station: NA (ECCC AES NA; station_id 27529)","DATE: May-18<br><b>Maximum temperature</b><br>10-90 percentile<br>11.7 to 23.8 °C","Historical daily maximum<br>29.9 °C<br>2026-05-18","DATE: May-18</b><br>Normal: 17.3 °C<br>Period: 1991-2020","6153301","HAMILTON+RBG+CS",2000,2026
"05-18","TMIN",2001-05-18,7.07619047619048,-0.2,17.9,4.26320357969271,1.6,4.5,9.7,11.2,11.5,"NA (ECCC AES NA; station_id 27529)",NA,27529,"",5,2017-05-18,"DATE: May-18<br>Value: 11.5 °C<br>Anomaly: +4.4 °C<br>Weather station: NA (ECCC AES NA; station_id 27529)","DATE: May-18<br><b>Minimum temperature</b><br>10-90 percentile<br>1.6 to 11.2 °C","Historical daily maximum<br>17.9 °C<br>2017-05-18","DATE: May-18</b><br>Normal: 7.1 °C<br>Period: 1991-2020","6153301","HAMILTON+RBG+CS",2000,2026
"05-18","VPD",2001-05-18,1.03837459085262,0.289361769230475,2.81641356251986,0.650695157232135,0.341255463855934,0.514656035600418,1.3113391436622,1.76882938765137,3.37098671999494,"NA (ECCC AES NA; station_id 27529)",NA,27529,"",5,2026-05-18,"DATE: May-18<br>Value: 3.4 kPa<br>Anomaly: +2.3 kPa<br>Weather station: NA (ECCC AES NA; station_id 27529)","DATE: May-18<br><b>Vapour pressure deficit</b><br>10-90 percentile<br>0.3 to 1.8 kPa","Historical daily maximum<br>2.8 kPa<br>2026-05-18","DATE: May-18</b><br>Normal: 1.0 kPa<br>Period: 1991-2020","6153301","HAMILTON+RBG+CS",2000,2026
"05-19","TMAX",2001-05-19,18.5619047619048,9,26,4.79452564811955,10.9,16.3,22.4,23.9,30.4,"NA (ECCC AES NA; station_id 27529)",NA,27529,"",5,2026-05-19,"DATE: May-19<br>Value: 30.4 °C<br>Anomaly: +11.8 °C<br>Weather station: NA (ECCC AES NA; station_id 27529)","DATE: May-19<br><b>Maximum temperature</b><br>10-90 percentile<br>10.9 to 23.9 °C","Historical daily maximum<br>26.0 °C<br>2026-05-19","DATE: May-19</b><br>Normal: 18.6 °C<br>Period: 1991-2020","6153301","HAMILTON+RBG+CS",2000,2026
"05-19","TMIN",2001-05-19,6.09523809523809,-1,10.9,2.54194338852701,4.1,4.5,8,8.6,19.3,"NA (ECCC AES NA; station_id 27529)",NA,27529,"",5,2026-05-19,"DATE: May-19<br>Value: 19.3 °C<br>Anomaly: +13.2 °C<br>Weather station: NA (ECCC AES NA; station_id 27529)","DATE: May-19<br><b>Minimum temperature</b><br>10-90 percentile<br>4.1 to 8.6 °C","Historical daily maximum<br>10.9 °C<br>2026-05-19","DATE: May-19</b><br>Normal: 6.1 °C<br>Period: 1991-2020","6153301","HAMILTON+RBG+CS",2000,2026
"05-19","VPD",2001-05-19,1.26322353733815,0.329057502012962,2.45191236585105,0.606079011621948,0.512590332078919,0.907432062112335,1.69600748787078,1.95729555373723,2.10253251298688,"NA (ECCC AES NA; station_id 27529)",NA,27529,"",5,2010-05-19,"DATE: May-19<br>Value: 2.1 kPa<br>Anomaly: +0.8 kPa<br>Weather station: NA (ECCC AES NA; station_id 27529)","DATE: May-19<br><b>Vapour pressure deficit</b><br>10-90 percentile<br>0.5 to 2.0 kPa","Historical daily maximum<br>2.5 kPa<br>2010-05-19","DATE: May-19</b><br>Normal: 1.3 kPa<br>Period: 1991-2020","6153301","HAMILTON+RBG+CS",2000,2026
"05-20","TMAX",2001-05-20,19.2,9.1,30.3,5.2231216719506,13.4,16.4,23.6,24.2,19.9,"NA (ECCC AES NA; station_id 27529)",NA,27529,"",5,2010-05-20,"DATE: May-20<br>Value: 19.9 °C<br>Anomaly: +0.7 °C<br>Weather station: NA (ECCC AES NA; station_id 27529)","DATE: May-20<br><b>Maximum temperature</b><br>10-90 percentile<br>13.4 to 24.2 °C","Historical daily maximum<br>30.3 °C<br>2010-05-20","DATE: May-20</b><br>Normal: 19.2 °C<br>Period: 1991-2020","6153301","HAMILTON+RBG+CS",2000,2026
"05-20","TMIN",2001-05-20,7.14285714285714,-1.4,12,3.23937824722144,3.7,5.6,9.1,11.2,6.8,"NA (ECCC AES NA; station_id 27529)",NA,27529,"",5,2024-05-20,"DATE: May-20<br>Value: 6.8 °C<br>Anomaly: -0.3 °C<br>Weather station: NA (ECCC AES NA; station_id 27529)","DATE: May-20<br><b>Minimum temperature</b><br>10-90 percentile<br>3.7 to 11.2 °C","Historical daily maximum<br>12.0 °C<br>2024-05-20","DATE: May-20</b><br>Normal: 7.1 °C<br>Period: 1991-2020","6153301","HAMILTON+RBG+CS",2000,2026
"05-20","VPD",2001-05-20,1.29266279209977,0.274717081181102,2.98635729527042,0.631999702104648,0.604540531428996,0.895242933855985,1.68644253146878,1.98436781628299,1.33566317809856,"NA (ECCC AES NA; station_id 27529)",NA,27529,"",5,2010-05-20,"DATE: May-20<br>Value: 1.3 kPa<br>Anomaly: +0.0 kPa<br>Weather station: NA (ECCC AES NA; station_id 27529)","DATE: May-20<br><b>Vapour pressure deficit</b><br>10-90 percentile<br>0.6 to 2.0 kPa","Historical daily maximum<br>3.0 kPa<br>2010-05-20","DATE: May-20</b><br>Normal: 1.3 kPa<br>Period: 1991-2020","6153301","HAMILTON+RBG+CS",2000,2026
"05-21","TMAX",2001-05-21,18.725,10.7,27.6,4.83233353240658,12.53,15.95,22.575,24.92,13.8,"NA (ECCC AES NA; station_id 27529)",NA,27529,"",5,2021-05-21,"DATE: May-21<br>Value: 13.8 °C<br>Anomaly: -4.9 °C<br>Weather station: NA (ECCC AES NA; station_id 27529)","DATE: May-21<br><b>Maximum temperature</b><br>10-90 percentile<br>12.5 to 24.9 °C","Historical daily maximum<br>27.6 °C<br>2021-05-21","DATE: May-21</b><br>Normal: 18.7 °C<br>Period: 1991-2020","6153301","HAMILTON+RBG+CS",2000,2026
"05-21","TMIN",2001-05-21,7.77142857142857,-0.3,15.2,4.32216876777653,2.8,5.1,10.2,14.9,4.1,"NA (ECCC AES NA; station_id 27529)",NA,27529,"",5,2024-05-21,"DATE: May-21<br>Value: 4.1 °C<br>Anomaly: -3.7 °C<br>Weather station: NA (ECCC AES NA; station_id 27529)","DATE: May-21<br><b>Minimum temperature</b><br>10-90 percentile<br>2.8 to 14.9 °C","Historical daily maximum<br>15.2 °C<br>2024-05-21","DATE: May-21</b><br>Normal: 7.8 °C<br>Period: 1991-2020","6153301","HAMILTON+RBG+CS",2000,2026
"05-21","VPD",2001-05-21,1.14193195517197,0.310967720887392,1.97642555259036,0.509131529049881,0.506951671539041,0.721351795161596,1.50450300209188,1.81754777957809,0.758971633356894,"NA (ECCC AES NA; station_id 27529)",NA,27529,"",5,2021-05-21,"DATE: May-21<br>Value: 0.8 kPa<br>Anomaly: -0.4 kPa<br>Weather station: NA (ECCC AES NA; station_id 27529)","DATE: May-21<br><b>Vapour pressure deficit</b><br>10-90 percentile<br>0.5 to 1.8 kPa","Historical daily maximum<br>2.0 kPa<br>2021-05-21","DATE: May-21</b><br>Normal: 1.1 kPa<br>Period: 1991-2020","6153301","HAMILTON+RBG+CS",2000,2026
"05-22","TMAX",2001-05-22,18.365,11.7,29.2,4.24205449231731,13.87,15.25,20.7,23.46,15.5,"NA (ECCC AES NA; station_id 27529)",NA,27529,"",5,2024-05-22,"DATE: May-22<br>Value: 15.5 °C<br>Anomaly: -2.9 °C<br>Weather station: NA (ECCC AES NA; station_id 27529)","DATE: May-22<br><b>Maximum temperature</b><br>10-90 percentile<br>13.9 to 23.5 °C","Historical daily maximum<br>29.2 °C<br>2024-05-22","DATE: May-22</b><br>Normal: 18.4 °C<br>Period: 1991-2020","6153301","HAMILTON+RBG+CS",2000,2026
"05-22","TMIN",2001-05-22,8.04,1,12.5,3.60736089566583,2.3,6,10.725,12.02,3.8,"NA (ECCC AES NA; station_id 27529)",NA,27529,"",5,2021-05-22,"DATE: May-22<br>Value: 3.8 °C<br>Anomaly: -4.2 °C<br>Weather station: NA (ECCC AES NA; station_id 27529)","DATE: May-22<br><b>Minimum temperature</b><br>10-90 percentile<br>2.3 to 12.0 °C","Historical daily maximum<br>12.5 °C<br>2021-05-22","DATE: May-22</b><br>Normal: 8.0 °C<br>Period: 1991-2020","6153301","HAMILTON+RBG+CS",2000,2026
"05-22","VPD",2001-05-22,0.966732519594783,0.321362818629465,1.65436687295127,0.364747970406148,0.642204503785757,0.765796739088577,1.12253684371242,1.55593203433499,0.959139118902175,"NA (ECCC AES NA; station_id 27529)",NA,27529,"",5,2024-05-22,"DATE: May-22<br>Value: 1.0 kPa<br>Anomaly: 0.0 kPa<br>Weather station: NA (ECCC AES NA; station_id 27529)","DATE: May-22<br><b>Vapour pressure deficit</b><br>10-90 percentile<br>0.6 to 1.6 kPa","Historical daily maximum<br>1.7 kPa<br>2024-05-22","DATE: May-22</b><br>Normal: 1.0 kPa<br>Period: 1991-2020","6153301","HAMILTON+RBG+CS",2000,2026
"05-23","TMAX",2001-05-23,20.795,14,27.4,3.99281921243097,15.19,18.3,23.35,25.99,13.4,"HAMILTON RBG CS (ECCC AES 6153301; station_id 27529)","6153301",27529,"HAMILTON RBG CS",5,2021-05-23,"DATE: May-23<br>Value: 13.4 °C<br>Anomaly: -7.4 °C<br>Weather station: HAMILTON RBG CS (ECCC AES 6153301; station_id 27529)","DATE: May-23<br><b>Maximum temperature</b><br>10-90 percentile<br>15.2 to 26.0 °C","Historical daily maximum<br>27.4 °C<br>2021-05-23","DATE: May-23</b><br>Normal: 20.8 °C<br>Period: 1991-2020","6153301","HAMILTON+RBG+CS",2000,2026
"05-23","TMIN",2001-05-23,8.53809523809524,-0.6,17.6,4.25505301852705,3,6.3,11,13.5,7.4,"HAMILTON RBG CS (ECCC AES 6153301; station_id 27529)","6153301",27529,"HAMILTON RBG CS",5,2013-05-23,"DATE: May-23<br>Value: 7.4 °C<br>Anomaly: -1.1 °C<br>Weather station: HAMILTON RBG CS (ECCC AES 6153301; station_id 27529)","DATE: May-23<br><b>Minimum temperature</b><br>10-90 percentile<br>3.0 to 13.5 °C","Historical daily maximum<br>17.6 °C<br>2013-05-23","DATE: May-23</b><br>Normal: 8.5 °C<br>Period: 1991-2020","6153301","HAMILTON+RBG+CS",2000,2026
"05-23","VPD",2001-05-23,1.40881900118458,0.434940295926262,2.60147933544185,0.637304836325923,0.679276813752319,0.95644224581495,1.87773013283235,2.33329076240892,0.507702679323155,"HAMILTON RBG CS (ECCC AES 6153301; station_id 27529)","6153301",27529,"HAMILTON RBG CS",5,2019-05-23,"DATE: May-23<br>Value: 0.5 kPa<br>Anomaly: -0.9 kPa<br>Weather station: HAMILTON RBG CS (ECCC AES 6153301; station_id 27529)","DATE: May-23<br><b>Vapour pressure deficit</b><br>10-90 percentile<br>0.7 to 2.3 kPa","Historical daily maximum<br>2.6 kPa<br>2019-05-23","DATE: May-23</b><br>Normal: 1.4 kPa<br>Period: 1991-2020","6153301","HAMILTON+RBG+CS",2000,2026
"05-24","TMAX",2001-05-24,22.3761904761905,12.8,31.6,5.01556624539092,15.9,19.7,24.8,29.3,12.9,"HAMILTON RBG CS (ECCC AES 6153301; station_id 27529)","6153301",27529,"HAMILTON RBG CS",5,2007-05-24,"DATE: May-24<br>Value: 12.9 °C<br>Anomaly: -9.5 °C<br>Weather station: HAMILTON RBG CS (ECCC AES 6153301; station_id 27529)","DATE: May-24<br><b>Maximum temperature</b><br>10-90 percentile<br>15.9 to 29.3 °C","Historical daily maximum<br>31.6 °C<br>2007-05-24","DATE: May-24</b><br>Normal: 22.4 °C<br>Period: 1991-2020","6153301","HAMILTON+RBG+CS",2000,2026
"05-24","TMIN",2001-05-24,9.39047619047619,4.2,14.4,2.80426545853005,5.1,7.3,11.5,12.2,7.4,"HAMILTON RBG CS (ECCC AES 6153301; station_id 27529)","6153301",27529,"HAMILTON RBG CS",5,2002-05-24,"DATE: May-24<br>Value: 7.4 °C<br>Anomaly: -2.0 °C<br>Weather station: HAMILTON RBG CS (ECCC AES 6153301; station_id 27529)","DATE: May-24<br><b>Minimum temperature</b><br>10-90 percentile<br>5.1 to 12.2 °C","Historical daily maximum<br>14.4 °C<br>2002-05-24","DATE: May-24</b><br>Normal: 9.4 °C<br>Period: 1991-2020","6153301","HAMILTON+RBG+CS",2000,2026
"05-24","VPD",2001-05-24,1.61345221013798,0.419149942054575,3.42038706026324,0.80522718564278,0.67182735648885,1.04130442759306,2.09500889162572,2.65448098477741,0.458290407027383,"HAMILTON RBG CS (ECCC AES 6153301; station_id 27529)","6153301",27529,"HAMILTON RBG CS",5,2007-05-24,"DATE: May-24<br>Value: 0.5 kPa<br>Anomaly: -1.2 kPa<br>Weather station: HAMILTON RBG CS (ECCC AES 6153301; station_id 27529)","DATE: May-24<br><b>Vapour pressure deficit</b><br>10-90 percentile<br>0.7 to 2.7 kPa","Historical daily maximum<br>3.4 kPa<br>2007-05-24","DATE: May-24</b><br>Normal: 1.6 kPa<br>Period: 1991-2020","6153301","HAMILTON+RBG+CS",2000,2026
"05-25","TMAX",2001-05-25,21.9,13.2,32.5,6.6932802122726,13.78,16.475,28.125,30.03,25.2,"HAMILTON RBG CS (ECCC AES 6153301; station_id 27529)","6153301",27529,"HAMILTON RBG CS",5,2020-05-25,"DATE: May-25<br>Value: 25.2 °C<br>Anomaly: +3.3 °C<br>Weather station: HAMILTON RBG CS (ECCC AES 6153301; station_id 27529)","DATE: May-25<br><b>Maximum temperature</b><br>10-90 percentile<br>13.8 to 30.0 °C","Historical daily maximum<br>32.5 °C<br>2020-05-25","DATE: May-25</b><br>Normal: 21.9 °C<br>Period: 1991-2020","6153301","HAMILTON+RBG+CS",2000,2026
"05-25","TMIN",2001-05-25,10.5428571428571,3.5,19.6,4.16528167457753,5.2,7.7,13.8,15.4,10.9,"HAMILTON RBG CS (ECCC AES 6153301; station_id 27529)","6153301",27529,"HAMILTON RBG CS",5,2020-05-25,"DATE: May-25<br>Value: 10.9 °C<br>Anomaly: +0.4 °C<br>Weather station: HAMILTON RBG CS (ECCC AES 6153301; station_id 27529)","DATE: May-25<br><b>Minimum temperature</b><br>10-90 percentile<br>5.2 to 15.4 °C","Historical daily maximum<br>19.6 °C<br>2020-05-25","DATE: May-25</b><br>Normal: 10.5 °C<br>Period: 1991-2020","6153301","HAMILTON+RBG+CS",2000,2026
"05-25","VPD",2001-05-25,1.52013938936027,0.200592560682239,2.71406634221891,0.893837756073387,0.505865896231926,0.67838919439365,2.45493088100417,2.63155662544,1.90169849032472,"HAMILTON RBG CS (ECCC AES 6153301; station_id 27529)","6153301",27529,"HAMILTON RBG CS",5,2021-05-25,"DATE: May-25<br>Value: 1.9 kPa<br>Anomaly: +0.4 kPa<br>Weather station: HAMILTON RBG CS (ECCC AES 6153301; station_id 27529)","DATE: May-25<br><b>Vapour pressure deficit</b><br>10-90 percentile<br>0.5 to 2.6 kPa","Historical daily maximum<br>2.7 kPa<br>2021-05-25","DATE: May-25</b><br>Normal: 1.5 kPa<br>Period: 1991-2020","6153301","HAMILTON+RBG+CS",2000,2026
"05-26","TMAX",2001-05-26,22.7190476190476,11.9,32,5.38670762596403,16.1,19.4,27.5,29.3,29,"HAMILTON RBG CS (ECCC AES 6153301; station_id 27529)","6153301",27529,"HAMILTON RBG CS",5,2010-05-26,"DATE: May-26<br>Value: 29.0 °C<br>Anomaly: +6.3 °C<br>Weather station: HAMILTON RBG CS (ECCC AES 6153301; station_id 27529)","DATE: May-26<br><b>Maximum temperature</b><br>10-90 percentile<br>16.1 to 29.3 °C","Historical daily maximum<br>32.0 °C<br>2010-05-26","DATE: May-26</b><br>Normal: 22.7 °C<br>Period: 1991-2020","6153301","HAMILTON+RBG+CS",2000,2026
"05-26","TMIN",2001-05-26,10.9761904761905,5.5,18.7,3.80642939799292,6.3,6.8,14.4,15.6,12,"HAMILTON RBG CS (ECCC AES 6153301; station_id 27529)","6153301",27529,"HAMILTON RBG CS",5,2015-05-26,"DATE: May-26<br>Value: 12.0 °C<br>Anomaly: +1.0 °C<br>Weather station: HAMILTON RBG CS (ECCC AES 6153301; station_id 27529)","DATE: May-26<br><b>Minimum temperature</b><br>10-90 percentile<br>6.3 to 15.6 °C","Historical daily maximum<br>18.7 °C<br>2015-05-26","DATE: May-26</b><br>Normal: 11.0 °C<br>Period: 1991-2020","6153301","HAMILTON+RBG+CS",2000,2026
"05-26","VPD",2001-05-26,1.53835723570006,0.237502822828045,3.03841898855987,0.721969514280625,0.841750658703862,1.07580661693785,1.99807707504482,2.45228361231052,2.60311372703896,"HAMILTON RBG CS (ECCC AES 6153301; station_id 27529)","6153301",27529,"HAMILTON RBG CS",5,2010-05-26,"DATE: May-26<br>Value: 2.6 kPa<br>Anomaly: +1.1 kPa<br>Weather station: HAMILTON RBG CS (ECCC AES 6153301; station_id 27529)","DATE: May-26<br><b>Vapour pressure deficit</b><br>10-90 percentile<br>0.8 to 2.5 kPa","Historical daily maximum<br>3.0 kPa<br>2010-05-26","DATE: May-26</b><br>Normal: 1.5 kPa<br>Period: 1991-2020","6153301","HAMILTON+RBG+CS",2000,2026
"05-27","TMAX",2001-05-27,22.435,13.2,31.9,5.53574746533835,15.37,17.15,25.45,29.35,25.9,"HAMILTON RBG CS (ECCC AES 6153301; station_id 27529)","6153301",27529,"HAMILTON RBG CS",5,2010-05-27,"DATE: May-27<br>Value: 25.9 °C<br>Anomaly: +3.5 °C<br>Weather station: HAMILTON RBG CS (ECCC AES 6153301; station_id 27529)","DATE: May-27<br><b>Maximum temperature</b><br>10-90 percentile<br>15.4 to 29.4 °C","Historical daily maximum<br>31.9 °C<br>2010-05-27","DATE: May-27</b><br>Normal: 22.4 °C<br>Period: 1991-2020","6153301","HAMILTON+RBG+CS",2000,2026
"05-27","TMIN",2001-05-27,10.552380952381,2.9,17.7,4.60441299707346,4.4,6.6,13.2,16.8,14.8,"HAMILTON RBG CS (ECCC AES 6153301; station_id 27529)","6153301",27529,"HAMILTON RBG CS",5,2010-05-27,"DATE: May-27<br>Value: 14.8 °C<br>Anomaly: +4.2 °C<br>Weather station: HAMILTON RBG CS (ECCC AES 6153301; station_id 27529)","DATE: May-27<br><b>Minimum temperature</b><br>10-90 percentile<br>4.4 to 16.8 °C","Historical daily maximum<br>17.7 °C<br>2010-05-27","DATE: May-27</b><br>Normal: 10.6 °C<br>Period: 1991-2020","6153301","HAMILTON+RBG+CS",2000,2026
"05-27","VPD",2001-05-27,1.49369934274088,0.160492942226613,2.70259628062416,0.671096972044392,0.64479744434464,1.14144912471239,1.84271061558911,2.29113209629016,1.65810868711483,"HAMILTON RBG CS (ECCC AES 6153301; station_id 27529)","6153301",27529,"HAMILTON RBG CS",5,2010-05-27,"DATE: May-27<br>Value: 1.7 kPa<br>Anomaly: +0.2 kPa<br>Weather station: HAMILTON RBG CS (ECCC AES 6153301; station_id 27529)","DATE: May-27<br><b>Vapour pressure deficit</b><br>10-90 percentile<br>0.6 to 2.3 kPa","Historical daily maximum<br>2.7 kPa<br>2010-05-27","DATE: May-27</b><br>Normal: 1.5 kPa<br>Period: 1991-2020","6153301","HAMILTON+RBG+CS",2000,2026
"05-28","TMAX",2001-05-28,21.4333333333333,13.1,33.3,6.03699704599342,14,17.3,24.1,31.3,22.3,"HAMILTON RBG CS (ECCC AES 6153301; station_id 27529)","6153301",27529,"HAMILTON RBG CS",5,2012-05-28,"DATE: May-28<br>Value: 22.3 °C<br>Anomaly: +0.9 °C<br>Weather station: HAMILTON RBG CS (ECCC AES 6153301; station_id 27529)","DATE: May-28<br><b>Maximum temperature</b><br>10-90 percentile<br>14.0 to 31.3 °C","Historical daily maximum<br>33.3 °C<br>2012-05-28","DATE: May-28</b><br>Normal: 21.4 °C<br>Period: 1991-2020","6153301","HAMILTON+RBG+CS",2000,2026
"05-28","TMIN",2001-05-28,10.6761904761905,0.6,17.6,3.79458887916791,7,9,13.4,14.3,9.4,"HAMILTON RBG CS (ECCC AES 6153301; station_id 27529)","6153301",27529,"HAMILTON RBG CS",5,2020-05-28,"DATE: May-28<br>Value: 9.4 °C<br>Anomaly: -1.3 °C<br>Weather station: HAMILTON RBG CS (ECCC AES 6153301; station_id 27529)","DATE: May-28<br><b>Minimum temperature</b><br>10-90 percentile<br>7.0 to 14.3 °C","Historical daily maximum<br>17.6 °C<br>2020-05-28","DATE: May-28</b><br>Normal: 10.7 °C<br>Period: 1991-2020","6153301","HAMILTON+RBG+CS",2000,2026
"05-28","VPD",2001-05-28,1.39029465877393,0.282900557513505,3.56794605260653,0.947019335584052,0.437463064838224,0.574984836754361,1.67669621934397,2.71647173887127,1.51320963566592,"HAMILTON RBG CS (ECCC AES 6153301; station_id 27529)","6153301",27529,"HAMILTON RBG CS",5,2012-05-28,"DATE: May-28<br>Value: 1.5 kPa<br>Anomaly: +0.1 kPa<br>Weather station: HAMILTON RBG CS (ECCC AES 6153301; station_id 27529)","DATE: May-28<br><b>Vapour pressure deficit</b><br>10-90 percentile<br>0.4 to 2.7 kPa","Historical daily maximum<br>3.6 kPa<br>2012-05-28","DATE: May-28</b><br>Normal: 1.4 kPa<br>Period: 1991-2020","6153301","HAMILTON+RBG+CS",2000,2026
"05-29","TMAX",2001-05-29,23.05,14.4,35,5.22227012544907,16.99,19.4,26.375,28.14,25.8,"HAMILTON RBG CS (ECCC AES 6153301; station_id 27529)","6153301",27529,"HAMILTON RBG CS",5,2006-05-29,"DATE: May-29<br>Value: 25.8 °C<br>Anomaly: +2.8 °C<br>Weather station: HAMILTON RBG CS (ECCC AES 6153301; station_id 27529)","DATE: May-29<br><b>Maximum temperature</b><br>10-90 percentile<br>17.0 to 28.1 °C","Historical daily maximum<br>35.0 °C<br>2006-05-29","DATE: May-29</b><br>Normal: 23.0 °C<br>Period: 1991-2020","6153301","HAMILTON+RBG+CS",2000,2026
"05-29","TMIN",2001-05-29,10.7095238095238,2.8,18.9,4.32896116428696,5.4,8,13.7,15.3,7.7,"HAMILTON RBG CS (ECCC AES 6153301; station_id 27529)","6153301",27529,"HAMILTON RBG CS",5,2006-05-29,"DATE: May-29<br>Value: 7.7 °C<br>Anomaly: -3.0 °C<br>Weather station: HAMILTON RBG CS (ECCC AES 6153301; station_id 27529)","DATE: May-29<br><b>Minimum temperature</b><br>10-90 percentile<br>5.4 to 15.3 °C","Historical daily maximum<br>18.9 °C<br>2006-05-29","DATE: May-29</b><br>Normal: 10.7 °C<br>Period: 1991-2020","6153301","HAMILTON+RBG+CS",2000,2026
"05-29","VPD",2001-05-29,1.61952624299556,0.345212352854695,3.43895939703089,0.725732400391737,0.788492479271899,1.0450799208698,2.14723509147082,2.28942508074807,2.270856671126,"HAMILTON RBG CS (ECCC AES 6153301; station_id 27529)","6153301",27529,"HAMILTON RBG CS",5,2006-05-29,"DATE: May-29<br>Value: 2.3 kPa<br>Anomaly: +0.7 kPa<br>Weather station: HAMILTON RBG CS (ECCC AES 6153301; station_id 27529)","DATE: May-29<br><b>Vapour pressure deficit</b><br>10-90 percentile<br>0.8 to 2.3 kPa","Historical daily maximum<br>3.4 kPa<br>2006-05-29","DATE: May-29</b><br>Normal: 1.6 kPa<br>Period: 1991-2020","6153301","HAMILTON+RBG+CS",2000,2026
"05-30","TMAX",2001-05-30,24.4285714285714,16.3,32.9,4.72939138337512,18.8,21.3,28.4,30.8,20,"HAMILTON RBG CS (ECCC AES 6153301; station_id 27529)","6153301",27529,"HAMILTON RBG CS",5,2006-05-30,"DATE: May-30<br>Value: 20.0 °C<br>Anomaly: -4.4 °C<br>Weather station: HAMILTON RBG CS (ECCC AES 6153301; station_id 27529)","DATE: May-30<br><b>Maximum temperature</b><br>10-90 percentile<br>18.8 to 30.8 °C","Historical daily maximum<br>32.9 °C<br>2006-05-30","DATE: May-30</b><br>Normal: 24.4 °C<br>Period: 1991-2020","6153301","HAMILTON+RBG+CS",2000,2026
"05-30","TMIN",2001-05-30,10.947619047619,2.5,19.7,4.59016547061422,6,8.6,15,16.3,6.5,"HAMILTON RBG CS (ECCC AES 6153301; station_id 27529)","6153301",27529,"HAMILTON RBG CS",5,2006-05-30,"DATE: May-30<br>Value: 6.5 °C<br>Anomaly: -4.4 °C<br>Weather station: HAMILTON RBG CS (ECCC AES 6153301; station_id 27529)","DATE: May-30<br><b>Minimum temperature</b><br>10-90 percentile<br>6.0 to 16.3 °C","Historical daily maximum<br>19.7 °C<br>2006-05-30","DATE: May-30</b><br>Normal: 10.9 °C<br>Period: 1991-2020","6153301","HAMILTON+RBG+CS",2000,2026
"05-30","VPD",2001-05-30,1.80442837123953,1.02470763555262,3.02126129647687,0.647112313044732,1.08614013869338,1.27857124504979,2.1414348540619,2.87215535440254,1.37030414411066,"HAMILTON RBG CS (ECCC AES 6153301; station_id 27529)","6153301",27529,"HAMILTON RBG CS",5,2010-05-30,"DATE: May-30<br>Value: 1.4 kPa<br>Anomaly: -0.4 kPa<br>Weather station: HAMILTON RBG CS (ECCC AES 6153301; station_id 27529)","DATE: May-30<br><b>Vapour pressure deficit</b><br>10-90 percentile<br>1.1 to 2.9 kPa","Historical daily maximum<br>3.0 kPa<br>2010-05-30","DATE: May-30</b><br>Normal: 1.8 kPa<br>Period: 1991-2020","6153301","HAMILTON+RBG+CS",2000,2026
"05-31","TMAX",2001-05-31,23.2095238095238,12.8,32.8,6.16124214439789,15.1,18.9,27.8,30.5,24.8,"HAMILTON RBG CS (ECCC AES 6153301; station_id 27529)","6153301",27529,"HAMILTON RBG CS",5,2011-05-31,"DATE: May-31<br>Value: 24.8 °C<br>Anomaly: +1.6 °C<br>Weather station: HAMILTON RBG CS (ECCC AES 6153301; station_id 27529)","DATE: May-31<br><b>Maximum temperature</b><br>10-90 percentile<br>15.1 to 30.5 °C","Historical daily maximum<br>32.8 °C<br>2011-05-31","DATE: May-31</b><br>Normal: 23.2 °C<br>Period: 1991-2020","6153301","HAMILTON+RBG+CS",2000,2026
"05-31","TMIN",2001-05-31,11.1428571428571,2.7,19.3,5.11043749874425,5.7,6.8,14,18.4,6.9,"HAMILTON RBG CS (ECCC AES 6153301; station_id 27529)","6153301",27529,"HAMILTON RBG CS",5,2022-05-31,"DATE: May-31<br>Value: 6.9 °C<br>Anomaly: -4.2 °C<br>Weather station: HAMILTON RBG CS (ECCC AES 6153301; station_id 27529)","DATE: May-31<br><b>Minimum temperature</b><br>10-90 percentile<br>5.7 to 18.4 °C","Historical daily maximum<br>19.3 °C<br>2022-05-31","DATE: May-31</b><br>Normal: 11.1 °C<br>Period: 1991-2020","6153301","HAMILTON+RBG+CS",2000,2026
"05-31","VPD",2001-05-31,1.61782763539437,0.386088320101749,3.37538713392916,0.720320907600743,0.721336479059742,1.1955392557426,2.01091076945211,2.3914024623033,2.13523540919995,"HAMILTON RBG CS (ECCC AES 6153301; station_id 27529)","6153301",27529,"HAMILTON RBG CS",5,2011-05-31,"DATE: May-31<br>Value: 2.1 kPa<br>Anomaly: +0.5 kPa<br>Weather station: HAMILTON RBG CS (ECCC AES 6153301; station_id 27529)","DATE: May-31<br><b>Vapour pressure deficit</b><br>10-90 percentile<br>0.7 to 2.4 kPa","Historical daily maximum<br>3.4 kPa<br>2011-05-31","DATE: May-31</b><br>Normal: 1.6 kPa<br>Period: 1991-2020","6153301","HAMILTON+RBG+CS",2000,2026
"06-01","TMAX",2001-06-01,22.052380952381,14.1,28.4,4.58918500908593,15.5,19,27.1,27.9,19.5,"HAMILTON RBG CS (ECCC AES 6153301; station_id 27529)","6153301",27529,"HAMILTON RBG CS",6,2023-06-01,"DATE: Jun-01<br>Value: 19.5 °C<br>Anomaly: -2.6 °C<br>Weather station: HAMILTON RBG CS (ECCC AES 6153301; station_id 27529)","DATE: Jun-01<br><b>Maximum temperature</b><br>10-90 percentile<br>15.5 to 27.9 °C","Historical daily maximum<br>28.4 °C<br>2023-06-01","DATE: Jun-01</b><br>Normal: 22.1 °C<br>Period: 1991-2020","6153301","HAMILTON+RBG+CS",2000,2026
"06-01","TMIN",2001-06-01,11.1428571428571,4.2,18.2,4.34160931321226,5.5,7.5,13.9,16.7,7.3,"HAMILTON RBG CS (ECCC AES 6153301; station_id 27529)","6153301",27529,"HAMILTON RBG CS",6,2013-06-01,"DATE: Jun-01<br>Value: 7.3 °C<br>Anomaly: -3.8 °C<br>Weather station: HAMILTON RBG CS (ECCC AES 6153301; station_id 27529)","DATE: Jun-01<br><b>Minimum temperature</b><br>10-90 percentile<br>5.5 to 16.7 °C","Historical daily maximum<br>18.2 °C<br>2013-06-01","DATE: Jun-01</b><br>Normal: 11.1 °C<br>Period: 1991-2020","6153301","HAMILTON+RBG+CS",2000,2026
"06-01","VPD",2001-06-01,1.36658451359681,0.404037117741027,2.22056331751407,0.537112820465663,0.650001632114386,1.00476715782662,1.84348749677891,1.95127198184126,1.24419532591302,"HAMILTON RBG CS (ECCC AES 6153301; station_id 27529)","6153301",27529,"HAMILTON RBG CS",6,2023-06-01,"DATE: Jun-01<br>Value: 1.2 kPa<br>Anomaly: -0.1 kPa<br>Weather station: HAMILTON RBG CS (ECCC AES 6153301; station_id 27529)","DATE: Jun-01<br><b>Vapour pressure deficit</b><br>10-90 percentile<br>0.7 to 2.0 kPa","Historical daily maximum<br>2.2 kPa<br>2023-06-01","DATE: Jun-01</b><br>Normal: 1.4 kPa<br>Period: 1991-2020","6153301","HAMILTON+RBG+CS",2000,2026
"06-02","TMAX",2001-06-02,22.8190476190476,16.5,31.7,4.56098882344816,17.2,19.6,26.3,29.9,26.3,"HAMILTON RBG CS (ECCC AES 6153301; station_id 27529)","6153301",27529,"HAMILTON RBG CS",6,2023-06-02,"DATE: Jun-02<br>Value: 26.3 °C<br>Anomaly: +3.5 °C<br>Weather station: HAMILTON RBG CS (ECCC AES 6153301; station_id 27529)","DATE: Jun-02<br><b>Maximum temperature</b><br>10-90 percentile<br>17.2 to 29.9 °C","Historical daily maximum<br>31.7 °C<br>2023-06-02","DATE: Jun-02</b><br>Normal: 22.8 °C<br>Period: 1991-2020","6153301","HAMILTON+RBG+CS",2000,2026
"06-02","TMIN",2001-06-02,10.6,5.9,16.3,2.79982142287682,7.7,8.6,12.5,14.4,6.5,"HAMILTON RBG CS (ECCC AES 6153301; station_id 27529)","6153301",27529,"HAMILTON RBG CS",6,2007-06-02,"DATE: Jun-02<br>Value: 6.5 °C<br>Anomaly: -4.1 °C<br>Weather station: HAMILTON RBG CS (ECCC AES 6153301; station_id 27529)","DATE: Jun-02<br><b>Minimum temperature</b><br>10-90 percentile<br>7.7 to 14.4 °C","Historical daily maximum<br>16.3 °C<br>2007-06-02","DATE: Jun-02</b><br>Normal: 10.6 °C<br>Period: 1991-2020","6153301","HAMILTON+RBG+CS",2000,2026
"06-02","VPD",2001-06-02,1.57292861016809,0.564461694990711,2.89732289722021,0.68572621619332,0.803349877270912,1.04207607857237,1.94189112001435,2.72191926723687,2.45353754104143,"HAMILTON RBG CS (ECCC AES 6153301; station_id 27529)","6153301",27529,"HAMILTON RBG CS",6,2023-06-02,"DATE: Jun-02<br>Value: 2.5 kPa<br>Anomaly: +0.9 kPa<br>Weather station: HAMILTON RBG CS (ECCC AES 6153301; station_id 27529)","DATE: Jun-02<br><b>Vapour pressure deficit</b><br>10-90 percentile<br>0.8 to 2.7 kPa","Historical daily maximum<br>2.9 kPa<br>2023-06-02","DATE: Jun-02</b><br>Normal: 1.6 kPa<br>Period: 1991-2020","6153301","HAMILTON+RBG+CS",2000,2026
"06-03","TMAX",2001-06-03,20.7,14.5,27.9,4.09723912178099,14.97,18.45,24.525,25.26,29.4,"HAMILTON RBG CS (ECCC AES 6153301; station_id 27529)","6153301",27529,"HAMILTON RBG CS",6,2026-06-03,"DATE: Jun-03<br>Value: 29.4 °C<br>Anomaly: +8.7 °C<br>Weather station: HAMILTON RBG CS (ECCC AES 6153301; station_id 27529)","DATE: Jun-03<br><b>Maximum temperature</b><br>10-90 percentile<br>15.0 to 25.3 °C","Historical daily maximum<br>27.9 °C<br>2026-06-03","DATE: Jun-03</b><br>Normal: 20.7 °C<br>Period: 1991-2020","6153301","HAMILTON+RBG+CS",2000,2026
"06-03","TMIN",2001-06-03,10.1380952380952,5.4,17.1,3.43037551741441,5.9,6.7,12.8,13.7,8.4,"HAMILTON RBG CS (ECCC AES 6153301; station_id 27529)","6153301",27529,"HAMILTON RBG CS",6,2007-06-03,"DATE: Jun-03<br>Value: 8.4 °C<br>Anomaly: -1.7 °C<br>Weather station: HAMILTON RBG CS (ECCC AES 6153301; station_id 27529)","DATE: Jun-03<br><b>Minimum temperature</b><br>10-90 percentile<br>5.9 to 13.7 °C","Historical daily maximum<br>17.1 °C<br>2007-06-03","DATE: Jun-03</b><br>Normal: 10.1 °C<br>Period: 1991-2020","6153301","HAMILTON+RBG+CS",2000,2026
"06-03","VPD",2001-06-03,1.22381821218983,0.505244651501822,2.40099133049495,0.557809054364319,0.714079714169462,0.770199421023285,1.58635404076529,2.13018118274912,2.99686104215252,"HAMILTON RBG CS (ECCC AES 6153301; station_id 27529)","6153301",27529,"HAMILTON RBG CS",6,2026-06-03,"DATE: Jun-03<br>Value: 3.0 kPa<br>Anomaly: +1.8 kPa<br>Weather station: HAMILTON RBG CS (ECCC AES 6153301; station_id 27529)","DATE: Jun-03<br><b>Vapour pressure deficit</b><br>10-90 percentile<br>0.7 to 2.1 kPa","Historical daily maximum<br>2.4 kPa<br>2026-06-03","DATE: Jun-03</b><br>Normal: 1.2 kPa<br>Period: 1991-2020","6153301","HAMILTON+RBG+CS",2000,2026
"06-04","TMAX",2001-06-04,19.97,14,30.1,3.74855761734114,15.38,17.925,22,23.61,30.4,"HAMILTON RBG CS (ECCC AES 6153301; station_id 27529)","6153301",27529,"HAMILTON RBG CS",6,2025-06-04,"DATE: Jun-04<br>Value: 30.4 °C<br>Anomaly: +10.4 °C<br>Weather station: HAMILTON RBG CS (ECCC AES 6153301; station_id 27529)","DATE: Jun-04<br><b>Maximum temperature</b><br>10-90 percentile<br>15.4 to 23.6 °C","Historical daily maximum<br>30.1 °C<br>2025-06-04","DATE: Jun-04</b><br>Normal: 20.0 °C<br>Period: 1991-2020","6153301","HAMILTON+RBG+CS",2000,2026
"06-04","TMIN",2001-06-04,9.7952380952381,4.4,16.3,3.55562599136582,5.8,6.5,12.4,14.2,10.6,"HAMILTON RBG CS (ECCC AES 6153301; station_id 27529)","6153301",27529,"HAMILTON RBG CS",6,2025-06-04,"DATE: Jun-04<br>Value: 10.6 °C<br>Anomaly: +0.8 °C<br>Weather station: HAMILTON RBG CS (ECCC AES 6153301; station_id 27529)","DATE: Jun-04<br><b>Minimum temperature</b><br>10-90 percentile<br>5.8 to 14.2 °C","Historical daily maximum<br>16.3 °C<br>2025-06-04","DATE: Jun-04</b><br>Normal: 9.8 °C<br>Period: 1991-2020","6153301","HAMILTON+RBG+CS",2000,2026
"06-04","VPD",2001-06-04,1.13217592205419,0.309772857194196,2.68948849521871,0.493508313624171,0.599312404012673,0.956207350115856,1.29540104848129,1.49338442312054,3.06317473109281,"HAMILTON RBG CS (ECCC AES 6153301; station_id 27529)","6153301",27529,"HAMILTON RBG CS",6,2026-06-04,"DATE: Jun-04<br>Value: 3.1 kPa<br>Anomaly: +1.9 kPa<br>Weather station: HAMILTON RBG CS (ECCC AES 6153301; station_id 27529)","DATE: Jun-04<br><b>Vapour pressure deficit</b><br>10-90 percentile<br>0.6 to 1.5 kPa","Historical daily maximum<br>2.7 kPa<br>2026-06-04","DATE: Jun-04</b><br>Normal: 1.1 kPa<br>Period: 1991-2020","6153301","HAMILTON+RBG+CS",2000,2026
"06-05","TMAX",2001-06-05,21.9190476190476,13.2,31.2,5.107701934101,16.7,17.7,26.3,27.9,30.4,"HAMILTON RBG CS (ECCC AES 6153301; station_id 27529)","6153301",27529,"HAMILTON RBG CS",6,2005-06-05,"DATE: Jun-05<br>Value: 30.4 °C<br>Anomaly: +8.5 °C<br>Weather station: HAMILTON RBG CS (ECCC AES 6153301; station_id 27529)","DATE: Jun-05<br><b>Maximum temperature</b><br>10-90 percentile<br>16.7 to 27.9 °C","Historical daily maximum<br>31.2 °C<br>2005-06-05","DATE: Jun-05</b><br>Normal: 21.9 °C<br>Period: 1991-2020","6153301","HAMILTON+RBG+CS",2000,2026
"06-05","TMIN",2001-06-05,10.6,4.3,16.7,2.99983332870345,7.8,9,11.5,15.5,14.1,"HAMILTON RBG CS (ECCC AES 6153301; station_id 27529)","6153301",27529,"HAMILTON RBG CS",6,2021-06-05,"DATE: Jun-05<br>Value: 14.1 °C<br>Anomaly: +3.5 °C<br>Weather station: HAMILTON RBG CS (ECCC AES 6153301; station_id 27529)","DATE: Jun-05<br><b>Minimum temperature</b><br>10-90 percentile<br>7.8 to 15.5 °C","Historical daily maximum<br>16.7 °C<br>2021-06-05","DATE: Jun-05</b><br>Normal: 10.6 °C<br>Period: 1991-2020","6153301","HAMILTON+RBG+CS",2000,2026
"06-05","VPD",2001-06-05,1.43958397780706,0.330058186026826,3.00658579328546,0.716772746663827,0.640960311664699,1.00574578794479,1.7977172431288,2.42770902327382,2.73238219848685,"HAMILTON RBG CS (ECCC AES 6153301; station_id 27529)","6153301",27529,"HAMILTON RBG CS",6,2005-06-05,"DATE: Jun-05<br>Value: 2.7 kPa<br>Anomaly: +1.3 kPa<br>Weather station: HAMILTON RBG CS (ECCC AES 6153301; station_id 27529)","DATE: Jun-05<br><b>Vapour pressure deficit</b><br>10-90 percentile<br>0.6 to 2.4 kPa","Historical daily maximum<br>3.0 kPa<br>2005-06-05","DATE: Jun-05</b><br>Normal: 1.4 kPa<br>Period: 1991-2020","6153301","HAMILTON+RBG+CS",2000,2026
"06-06","TMAX",2001-06-06,22.6904761904762,14.2,32.8,4.95478604602709,16.7,18.6,26.4,26.6,26.5,"HAMILTON RBG CS (ECCC AES 6153301; station_id 27529)","6153301",27529,"HAMILTON RBG CS",6,2008-06-06,"DATE: Jun-06<br>Value: 26.5 °C<br>Anomaly: +3.8 °C<br>Weather station: HAMILTON RBG CS (ECCC AES 6153301; station_id 27529)","DATE: Jun-06<br><b>Maximum temperature</b><br>10-90 percentile<br>16.7 to 26.6 °C","Historical daily maximum<br>32.8 °C<br>2008-06-06","DATE: Jun-06</b><br>Normal: 22.7 °C<br>Period: 1991-2020","6153301","HAMILTON+RBG+CS",2000,2026
"06-06","TMIN",2001-06-06,11.4952380952381,5.1,21.4,3.72846834376748,8.1,9.5,12.6,14.5,17,"HAMILTON RBG CS (ECCC AES 6153301; station_id 27529)","6153301",27529,"HAMILTON RBG CS",6,2008-06-06,"DATE: Jun-06<br>Value: 17.0 °C<br>Anomaly: +5.5 °C<br>Weather station: HAMILTON RBG CS (ECCC AES 6153301; station_id 27529)","DATE: Jun-06<br><b>Minimum temperature</b><br>10-90 percentile<br>8.1 to 14.5 °C","Historical daily maximum<br>21.4 °C<br>2008-06-06","DATE: Jun-06</b><br>Normal: 11.5 °C<br>Period: 1991-2020","6153301","HAMILTON+RBG+CS",2000,2026
"06-06","VPD",2001-06-06,1.46817840343828,0.253475524854226,2.4252213948824,0.65773136551717,0.738189553832146,0.850454368570245,2.02714109689264,2.17588716214729,1.52435300692738,"HAMILTON RBG CS (ECCC AES 6153301; station_id 27529)","6153301",27529,"HAMILTON RBG CS",6,2021-06-06,"DATE: Jun-06<br>Value: 1.5 kPa<br>Anomaly: +0.1 kPa<br>Weather station: HAMILTON RBG CS (ECCC AES 6153301; station_id 27529)","DATE: Jun-06<br><b>Vapour pressure deficit</b><br>10-90 percentile<br>0.7 to 2.2 kPa","Historical daily maximum<br>2.4 kPa<br>2021-06-06","DATE: Jun-06</b><br>Normal: 1.5 kPa<br>Period: 1991-2020","6153301","HAMILTON+RBG+CS",2000,2026
"06-07","TMAX",2001-06-07,23.6809523809524,15.5,32.2,4.50717417542511,19.5,20.2,26.4,29.3,24.2,"HAMILTON RBG CS (ECCC AES 6153301; station_id 27529)","6153301",27529,"HAMILTON RBG CS",6,2005-06-07,"DATE: Jun-07<br>Value: 24.2 °C<br>Anomaly: +0.5 °C<br>Weather station: HAMILTON RBG CS (ECCC AES 6153301; station_id 27529)","DATE: Jun-07<br><b>Maximum temperature</b><br>10-90 percentile<br>19.5 to 29.3 °C","Historical daily maximum<br>32.2 °C<br>2005-06-07","DATE: Jun-07</b><br>Normal: 23.7 °C<br>Period: 1991-2020","6153301","HAMILTON+RBG+CS",2000,2026
"06-07","TMIN",2001-06-07,10.8238095238095,3.9,22.7,4.43969647182155,5.6,8,12.4,16.9,13.6,"HAMILTON RBG CS (ECCC AES 6153301; station_id 27529)","6153301",27529,"HAMILTON RBG CS",6,2008-06-07,"DATE: Jun-07<br>Value: 13.6 °C<br>Anomaly: +2.8 °C<br>Weather station: HAMILTON RBG CS (ECCC AES 6153301; station_id 27529)","DATE: Jun-07<br><b>Minimum temperature</b><br>10-90 percentile<br>5.6 to 16.9 °C","Historical daily maximum<br>22.7 °C<br>2008-06-07","DATE: Jun-07</b><br>Normal: 10.8 °C<br>Period: 1991-2020","6153301","HAMILTON+RBG+CS",2000,2026
"06-07","VPD",2001-06-07,1.6685303549348,0.343746881546887,2.85873410220467,0.652880464479381,0.759283556218351,1.35779531887703,2.15016560329496,2.21728683986946,1.46234747719469,"HAMILTON RBG CS (ECCC AES 6153301; station_id 27529)","6153301",27529,"HAMILTON RBG CS",6,2005-06-07,"DATE: Jun-07<br>Value: 1.5 kPa<br>Anomaly: -0.2 kPa<br>Weather station: HAMILTON RBG CS (ECCC AES 6153301; station_id 27529)","DATE: Jun-07<br><b>Vapour pressure deficit</b><br>10-90 percentile<br>0.8 to 2.2 kPa","Historical daily maximum<br>2.9 kPa<br>2005-06-07","DATE: Jun-07</b><br>Normal: 1.7 kPa<br>Period: 1991-2020","6153301","HAMILTON+RBG+CS",2000,2026
"06-08","TMAX",2001-06-08,23.9666666666667,14.7,33,5.50402882744389,17,21,27.7,31.4,20.8,"HAMILTON RBG CS (ECCC AES 6153301; station_id 27529)","6153301",27529,"HAMILTON RBG CS",6,2011-06-08,"DATE: Jun-08<br>Value: 20.8 °C<br>Anomaly: -3.2 °C<br>Weather station: HAMILTON RBG CS (ECCC AES 6153301; station_id 27529)","DATE: Jun-08<br><b>Maximum temperature</b><br>10-90 percentile<br>17.0 to 31.4 °C","Historical daily maximum<br>33.0 °C<br>2011-06-08","DATE: Jun-08</b><br>Normal: 24.0 °C<br>Period: 1991-2020","6153301","HAMILTON+RBG+CS",2000,2026
"06-08","TMIN",2001-06-08,12.0047619047619,6.3,19.5,3.93007330599267,7.1,9.4,15.1,17.7,11.9,"HAMILTON RBG CS (ECCC AES 6153301; station_id 27529)","6153301",27529,"HAMILTON RBG CS",6,2021-06-08,"DATE: Jun-08<br>Value: 11.9 °C<br>Anomaly: -0.1 °C<br>Weather station: HAMILTON RBG CS (ECCC AES 6153301; station_id 27529)","DATE: Jun-08<br><b>Minimum temperature</b><br>10-90 percentile<br>7.1 to 17.7 °C","Historical daily maximum<br>19.5 °C<br>2021-06-08","DATE: Jun-08</b><br>Normal: 12.0 °C<br>Period: 1991-2020","6153301","HAMILTON+RBG+CS",2000,2026
"06-08","VPD",2001-06-08,1.67079378866364,0.351220907871683,3.19335344360059,0.818917028993588,0.695973222308982,0.948787337517264,2.37626210462091,2.59643109707242,1.06327414820677,"HAMILTON RBG CS (ECCC AES 6153301; station_id 27529)","6153301",27529,"HAMILTON RBG CS",6,2007-06-08,"DATE: Jun-08<br>Value: 1.1 kPa<br>Anomaly: -0.6 kPa<br>Weather station: HAMILTON RBG CS (ECCC AES 6153301; station_id 27529)","DATE: Jun-08<br><b>Vapour pressure deficit</b><br>10-90 percentile<br>0.7 to 2.6 kPa","Historical daily maximum<br>3.2 kPa<br>2007-06-08","DATE: Jun-08</b><br>Normal: 1.7 kPa<br>Period: 1991-2020","6153301","HAMILTON+RBG+CS",2000,2026
"06-09","TMAX",2001-06-09,24.5380952380952,15.7,32.3,4.65064255673086,19.4,21.4,27.7,32.2,21.7,"HAMILTON RBG CS (ECCC AES 6153301; station_id 27529)","6153301",27529,"HAMILTON RBG CS",6,2008-06-09,"DATE: Jun-09<br>Value: 21.7 °C<br>Anomaly: -2.8 °C<br>Weather station: HAMILTON RBG CS (ECCC AES 6153301; station_id 27529)","DATE: Jun-09<br><b>Maximum temperature</b><br>10-90 percentile<br>19.4 to 32.2 °C","Historical daily maximum<br>32.3 °C<br>2008-06-09","DATE: Jun-09</b><br>Normal: 24.5 °C<br>Period: 1991-2020","6153301","HAMILTON+RBG+CS",2000,2026
"06-09","TMIN",2001-06-09,12.6666666666667,6.2,21.9,4.01961855570069,7.8,10,15.3,18.2,12.3,"HAMILTON RBG CS (ECCC AES 6153301; station_id 27529)","6153301",27529,"HAMILTON RBG CS",6,2004-06-09,"DATE: Jun-09<br>Value: 12.3 °C<br>Anomaly: -0.4 °C<br>Weather station: HAMILTON RBG CS (ECCC AES 6153301; station_id 27529)","DATE: Jun-09<br><b>Minimum temperature</b><br>10-90 percentile<br>7.8 to 18.2 °C","Historical daily maximum<br>21.9 °C<br>2004-06-09","DATE: Jun-09</b><br>Normal: 12.7 °C<br>Period: 1991-2020","6153301","HAMILTON+RBG+CS",2000,2026
"06-09","VPD",2001-06-09,1.67212594047103,0.353184426831465,3.20598358489647,0.646967231743863,1.05099969571508,1.41039378377916,2.05508915087344,2.4581761724829,1.16541858980809,"HAMILTON RBG CS (ECCC AES 6153301; station_id 27529)","6153301",27529,"HAMILTON RBG CS",6,2020-06-09,"DATE: Jun-09<br>Value: 1.2 kPa<br>Anomaly: -0.5 kPa<br>Weather station: HAMILTON RBG CS (ECCC AES 6153301; station_id 27529)","DATE: Jun-09<br><b>Vapour pressure deficit</b><br>10-90 percentile<br>1.1 to 2.5 kPa","Historical daily maximum<br>3.2 kPa<br>2020-06-09","DATE: Jun-09</b><br>Normal: 1.7 kPa<br>Period: 1991-2020","6153301","HAMILTON+RBG+CS",2000,2026
"06-10","TMAX",2001-06-10,24.035,15.9,32,5.32682140828745,18.07,19.475,28.2,31.18,30,"HAMILTON RBG CS (ECCC AES 6153301; station_id 27529)","6153301",27529,"HAMILTON RBG CS",6,2012-06-10,"DATE: Jun-10<br>Value: 30.0 °C<br>Anomaly: +6.0 °C<br>Weather station: HAMILTON RBG CS (ECCC AES 6153301; station_id 27529)","DATE: Jun-10<br><b>Maximum temperature</b><br>10-90 percentile<br>18.1 to 31.2 °C","Historical daily maximum<br>32.0 °C<br>2012-06-10","DATE: Jun-10</b><br>Normal: 24.0 °C<br>Period: 1991-2020","6153301","HAMILTON+RBG+CS",2000,2026
"06-10","TMIN",2001-06-10,12.1666666666667,6.6,20.2,3.35087053365739,7.5,10.9,13.2,16.4,16.8,"HAMILTON RBG CS (ECCC AES 6153301; station_id 27529)","6153301",27529,"HAMILTON RBG CS",6,2005-06-10,"DATE: Jun-10<br>Value: 16.8 °C<br>Anomaly: +4.6 °C<br>Weather station: HAMILTON RBG CS (ECCC AES 6153301; station_id 27529)","DATE: Jun-10<br><b>Minimum temperature</b><br>10-90 percentile<br>7.5 to 16.4 °C","Historical daily maximum<br>20.2 °C<br>2005-06-10","DATE: Jun-10</b><br>Normal: 12.2 °C<br>Period: 1991-2020","6153301","HAMILTON+RBG+CS",2000,2026
"06-10","VPD",2001-06-10,1.6734382013369,0.197696689857357,3.23729667365613,0.884449250375474,0.736324052320191,1.14899728529051,2.35145185224158,2.71725241112854,2.32975936424989,"HAMILTON RBG CS (ECCC AES 6153301; station_id 27529)","6153301",27529,"HAMILTON RBG CS",6,2012-06-10,"DATE: Jun-10<br>Value: 2.3 kPa<br>Anomaly: +0.7 kPa<br>Weather station: HAMILTON RBG CS (ECCC AES 6153301; station_id 27529)","DATE: Jun-10<br><b>Vapour pressure deficit</b><br>10-90 percentile<br>0.7 to 2.7 kPa","Historical daily maximum<br>3.2 kPa<br>2012-06-10","DATE: Jun-10</b><br>Normal: 1.7 kPa<br>Period: 1991-2020","6153301","HAMILTON+RBG+CS",2000,2026
"06-11","TMAX",2001-06-11,24.8857142857143,17.7,32.3,4.53048404856321,19.9,20.9,28.1,30.9,29.5,"HAMILTON RBG CS (ECCC AES 6153301; station_id 27529)","6153301",27529,"HAMILTON RBG CS",6,2005-06-11,"DATE: Jun-11<br>Value: 29.5 °C<br>Anomaly: +4.6 °C<br>Weather station: HAMILTON RBG CS (ECCC AES 6153301; station_id 27529)","DATE: Jun-11<br><b>Maximum temperature</b><br>10-90 percentile<br>19.9 to 30.9 °C","Historical daily maximum<br>32.3 °C<br>2005-06-11","DATE: Jun-11</b><br>Normal: 24.9 °C<br>Period: 1991-2020","6153301","HAMILTON+RBG+CS",2000,2026
"06-11","TMIN",2001-06-11,13.0809523809524,7,21.4,3.79046422587248,8.6,10,14.7,16.6,20.5,"HAMILTON RBG CS (ECCC AES 6153301; station_id 27529)","6153301",27529,"HAMILTON RBG CS",6,2017-06-11,"DATE: Jun-11<br>Value: 20.5 °C<br>Anomaly: +7.4 °C<br>Weather station: HAMILTON RBG CS (ECCC AES 6153301; station_id 27529)","DATE: Jun-11<br><b>Minimum temperature</b><br>10-90 percentile<br>8.6 to 16.6 °C","Historical daily maximum<br>21.4 °C<br>2017-06-11","DATE: Jun-11</b><br>Normal: 13.1 °C<br>Period: 1991-2020","6153301","HAMILTON+RBG+CS",2000,2026
"06-11","VPD",2001-06-11,1.69696999826663,0.766816469595107,2.99844822233219,0.700077251213058,0.882336980129384,1.18464906601581,2.0738269416879,2.57403255508314,1.71124418892049,"HAMILTON RBG CS (ECCC AES 6153301; station_id 27529)","6153301",27529,"HAMILTON RBG CS",6,2002-06-11,"DATE: Jun-11<br>Value: 1.7 kPa<br>Anomaly: +0.0 kPa<br>Weather station: HAMILTON RBG CS (ECCC AES 6153301; station_id 27529)","DATE: Jun-11<br><b>Vapour pressure deficit</b><br>10-90 percentile<br>0.9 to 2.6 kPa","Historical daily maximum<br>3.0 kPa<br>2002-06-11","DATE: Jun-11</b><br>Normal: 1.7 kPa<br>Period: 1991-2020","6153301","HAMILTON+RBG+CS",2000,2026
"06-12","TMAX",2001-06-12,22.5571428571429,15.5,31.8,4.807137550411,17.8,18.7,24.5,29.6,26,"HAMILTON RBG CS (ECCC AES 6153301; station_id 27529)","6153301",27529,"HAMILTON RBG CS",6,2017-06-12,"DATE: Jun-12<br>Value: 26.0 °C<br>Anomaly: +3.4 °C<br>Weather station: HAMILTON RBG CS (ECCC AES 6153301; station_id 27529)","DATE: Jun-12<br><b>Maximum temperature</b><br>10-90 percentile<br>17.8 to 29.6 °C","Historical daily maximum<br>31.8 °C<br>2017-06-12","DATE: Jun-12</b><br>Normal: 22.6 °C<br>Period: 1991-2020","6153301","HAMILTON+RBG+CS",2000,2026
"06-12","TMIN",2001-06-12,12.2952380952381,4.4,21.7,4.16442987580247,7.2,10.3,13.7,16,15.4,"HAMILTON RBG CS (ECCC AES 6153301; station_id 27529)","6153301",27529,"HAMILTON RBG CS",6,2005-06-12,"DATE: Jun-12<br>Value: 15.4 °C<br>Anomaly: +3.1 °C<br>Weather station: HAMILTON RBG CS (ECCC AES 6153301; station_id 27529)","DATE: Jun-12<br><b>Minimum temperature</b><br>10-90 percentile<br>7.2 to 16.0 °C","Historical daily maximum<br>21.7 °C<br>2005-06-12","DATE: Jun-12</b><br>Normal: 12.3 °C<br>Period: 1991-2020","6153301","HAMILTON+RBG+CS",2000,2026
"06-12","VPD",2001-06-12,1.35969214614949,0.321033948423306,3.20612973856116,0.739110229116279,0.5557778420652,0.663117908862253,1.65348082989801,2.22953089693744,1.61167802171158,"HAMILTON RBG CS (ECCC AES 6153301; station_id 27529)","6153301",27529,"HAMILTON RBG CS",6,2007-06-12,"DATE: Jun-12<br>Value: 1.6 kPa<br>Anomaly: +0.3 kPa<br>Weather station: HAMILTON RBG CS (ECCC AES 6153301; station_id 27529)","DATE: Jun-12<br><b>Vapour pressure deficit</b><br>10-90 percentile<br>0.6 to 2.2 kPa","Historical daily maximum<br>3.2 kPa<br>2007-06-12","DATE: Jun-12</b><br>Normal: 1.4 kPa<br>Period: 1991-2020","6153301","HAMILTON+RBG+CS",2000,2026
"06-13","TMAX",2001-06-13,23.047619047619,14.9,30.1,4.05593627262794,19.6,20.3,25.6,29.2,29.5,"HAMILTON RBG CS (ECCC AES 6153301; station_id 27529)","6153301",27529,"HAMILTON RBG CS",6,2007-06-13,"DATE: Jun-13<br>Value: 29.5 °C<br>Anomaly: +6.5 °C<br>Weather station: HAMILTON RBG CS (ECCC AES 6153301; station_id 27529)","DATE: Jun-13<br><b>Maximum temperature</b><br>10-90 percentile<br>19.6 to 29.2 °C","Historical daily maximum<br>30.1 °C<br>2007-06-13","DATE: Jun-13</b><br>Normal: 23.0 °C<br>Period: 1991-2020","6153301","HAMILTON+RBG+CS",2000,2026
"06-13","TMIN",2001-06-13,12.3571428571429,5.5,21,3.57667043890983,8.3,10.2,14.5,16,14.8,"HAMILTON RBG CS (ECCC AES 6153301; station_id 27529)","6153301",27529,"HAMILTON RBG CS",6,2005-06-13,"DATE: Jun-13<br>Value: 14.8 °C<br>Anomaly: +2.4 °C<br>Weather station: HAMILTON RBG CS (ECCC AES 6153301; station_id 27529)","DATE: Jun-13<br><b>Minimum temperature</b><br>10-90 percentile<br>8.3 to 16.0 °C","Historical daily maximum<br>21.0 °C<br>2005-06-13","DATE: Jun-13</b><br>Normal: 12.4 °C<br>Period: 1991-2020","6153301","HAMILTON+RBG+CS",2000,2026
"06-13","VPD",2001-06-13,1.4197233576874,0.337412257430467,2.51140570065348,0.595653468251348,0.701575973445433,1.03268548325649,1.61220275686926,2.32477926478218,2.43937394134809,"HAMILTON RBG CS (ECCC AES 6153301; station_id 27529)","6153301",27529,"HAMILTON RBG CS",6,2008-06-13,"DATE: Jun-13<br>Value: 2.4 kPa<br>Anomaly: +1.0 kPa<br>Weather station: HAMILTON RBG CS (ECCC AES 6153301; station_id 27529)","DATE: Jun-13<br><b>Vapour pressure deficit</b><br>10-90 percentile<br>0.7 to 2.3 kPa","Historical daily maximum<br>2.5 kPa<br>2008-06-13","DATE: Jun-13</b><br>Normal: 1.4 kPa<br>Period: 1991-2020","6153301","HAMILTON+RBG+CS",2000,2026
"06-14","TMAX",2001-06-14,23.44,17,30.6,3.96038275662181,18.45,20.8,26.325,28.23,20.1,"HAMILTON RBG CS (ECCC AES 6153301; station_id 27529)","6153301",27529,"HAMILTON RBG CS",6,2005-06-14,"DATE: Jun-14<br>Value: 20.1 °C<br>Anomaly: -3.3 °C<br>Weather station: HAMILTON RBG CS (ECCC AES 6153301; station_id 27529)","DATE: Jun-14<br><b>Maximum temperature</b><br>10-90 percentile<br>18.5 to 28.2 °C","Historical daily maximum<br>30.6 °C<br>2005-06-14","DATE: Jun-14</b><br>Normal: 23.4 °C<br>Period: 1991-2020","6153301","HAMILTON+RBG+CS",2000,2026
"06-14","TMIN",2001-06-14,12.575,5.4,19.4,3.56885283057676,7.69,9.75,14.875,16.21,11.7,"HAMILTON RBG CS (ECCC AES 6153301; station_id 27529)","6153301",27529,"HAMILTON RBG CS",6,2005-06-14,"DATE: Jun-14<br>Value: 11.7 °C<br>Anomaly: -0.9 °C<br>Weather station: HAMILTON RBG CS (ECCC AES 6153301; station_id 27529)","DATE: Jun-14<br><b>Minimum temperature</b><br>10-90 percentile<br>7.7 to 16.2 °C","Historical daily maximum<br>19.4 °C<br>2005-06-14","DATE: Jun-14</b><br>Normal: 12.6 °C<br>Period: 1991-2020","6153301","HAMILTON+RBG+CS",2000,2026
"06-14","VPD",2001-06-14,1.46417943804973,0.307735411020172,2.18198491123185,0.537452506545715,0.87739167963281,1.02458980573219,1.95013501292694,2.13695034136796,0.977736702686182,"HAMILTON RBG CS (ECCC AES 6153301; station_id 27529)","6153301",27529,"HAMILTON RBG CS",6,2009-06-14,"DATE: Jun-14<br>Value: 1.0 kPa<br>Anomaly: -0.5 kPa<br>Weather station: HAMILTON RBG CS (ECCC AES 6153301; station_id 27529)","DATE: Jun-14<br><b>Vapour pressure deficit</b><br>10-90 percentile<br>0.9 to 2.1 kPa","Historical daily maximum<br>2.2 kPa<br>2009-06-14","DATE: Jun-14</b><br>Normal: 1.5 kPa<br>Period: 1991-2020","6153301","HAMILTON+RBG+CS",2000,2026
"06-15","TMAX",2001-06-15,23.9428571428571,18.7,29.1,3.23010393463917,19.8,20.7,26.8,27.6,21.3,"HAMILTON RBG CS (ECCC AES 6153301; station_id 27529)","6153301",27529,"HAMILTON RBG CS",6,2001-06-15,"DATE: Jun-15<br>Value: 21.3 °C<br>Anomaly: -2.6 °C<br>Weather station: HAMILTON RBG CS (ECCC AES 6153301; station_id 27529)","DATE: Jun-15<br><b>Maximum temperature</b><br>10-90 percentile<br>19.8 to 27.6 °C","Historical daily maximum<br>29.1 °C<br>2001-06-15","DATE: Jun-15</b><br>Normal: 23.9 °C<br>Period: 1991-2020","6153301","HAMILTON+RBG+CS",2000,2026
"06-15","TMIN",2001-06-15,12.5952380952381,7.6,17.8,3.25045784320858,7.8,10.4,15.1,16,9.7,"HAMILTON RBG CS (ECCC AES 6153301; station_id 27529)","6153301",27529,"HAMILTON RBG CS",6,2001-06-15,"DATE: Jun-15<br>Value: 9.7 °C<br>Anomaly: -2.9 °C<br>Weather station: HAMILTON RBG CS (ECCC AES 6153301; station_id 27529)","DATE: Jun-15<br><b>Minimum temperature</b><br>10-90 percentile<br>7.8 to 16.0 °C","Historical daily maximum<br>17.8 °C<br>2001-06-15","DATE: Jun-15</b><br>Normal: 12.6 °C<br>Period: 1991-2020","6153301","HAMILTON+RBG+CS",2000,2026
"06-15","VPD",2001-06-15,1.53370253388859,0.519994590441895,2.36655236452555,0.580552783070885,0.669196399819886,1.22347407677441,1.99070808809297,2.2110054537041,1.32971112988538,"HAMILTON RBG CS (ECCC AES 6153301; station_id 27529)","6153301",27529,"HAMILTON RBG CS",6,2011-06-15,"DATE: Jun-15<br>Value: 1.3 kPa<br>Anomaly: -0.2 kPa<br>Weather station: HAMILTON RBG CS (ECCC AES 6153301; station_id 27529)","DATE: Jun-15<br><b>Vapour pressure deficit</b><br>10-90 percentile<br>0.7 to 2.2 kPa","Historical daily maximum<br>2.4 kPa<br>2011-06-15","DATE: Jun-15</b><br>Normal: 1.5 kPa<br>Period: 1991-2020","6153301","HAMILTON+RBG+CS",2000,2026
"06-16","TMAX",2001-06-16,24.7,18.9,31.5,3.95651361680963,19.2,21.6,27.7,29.3,24.2,"HAMILTON RBG CS (ECCC AES 6153301; station_id 27529)","6153301",27529,"HAMILTON RBG CS",6,2022-06-16,"DATE: Jun-16<br>Value: 24.2 °C<br>Anomaly: -0.5 °C<br>Weather station: HAMILTON RBG CS (ECCC AES 6153301; station_id 27529)","DATE: Jun-16<br><b>Maximum temperature</b><br>10-90 percentile<br>19.2 to 29.3 °C","Historical daily maximum<br>31.5 °C<br>2022-06-16","DATE: Jun-16</b><br>Normal: 24.7 °C<br>Period: 1991-2020","6153301","HAMILTON+RBG+CS",2000,2026
"06-16","TMIN",2001-06-16,12.2666666666667,5.6,19.8,3.09133196750743,9.7,10.6,14,15.3,10.7,"HAMILTON RBG CS (ECCC AES 6153301; station_id 27529)","6153301",27529,"HAMILTON RBG CS",6,2001-06-16,"DATE: Jun-16<br>Value: 10.7 °C<br>Anomaly: -1.6 °C<br>Weather station: HAMILTON RBG CS (ECCC AES 6153301; station_id 27529)","DATE: Jun-16<br><b>Minimum temperature</b><br>10-90 percentile<br>9.7 to 15.3 °C","Historical daily maximum<br>19.8 °C<br>2001-06-16","DATE: Jun-16</b><br>Normal: 12.3 °C<br>Period: 1991-2020","6153301","HAMILTON+RBG+CS",2000,2026
"06-16","VPD",2001-06-16,1.73108929255352,0.844599682065379,2.93855737499242,0.61330553445711,0.996998498998454,1.31366310461038,2.26492225610789,2.57199233722431,1.73316093009215,"HAMILTON RBG CS (ECCC AES 6153301; station_id 27529)","6153301",27529,"HAMILTON RBG CS",6,2017-06-16,"DATE: Jun-16<br>Value: 1.7 kPa<br>Anomaly: +0.0 kPa<br>Weather station: HAMILTON RBG CS (ECCC AES 6153301; station_id 27529)","DATE: Jun-16<br><b>Vapour pressure deficit</b><br>10-90 percentile<br>1.0 to 2.6 kPa","Historical daily maximum<br>2.9 kPa<br>2017-06-16","DATE: Jun-16</b><br>Normal: 1.7 kPa<br>Period: 1991-2020","6153301","HAMILTON+RBG+CS",2000,2026
"06-17","TMAX",2001-06-17,24.9857142857143,18.6,32.7,4.78270694421953,19.4,21.3,30.2,30.9,24,"HAMILTON RBG CS (ECCC AES 6153301; station_id 27529)","6153301",27529,"HAMILTON RBG CS",6,2006-06-17,"DATE: Jun-17<br>Value: 24.0 °C<br>Anomaly: -1.0 °C<br>Weather station: HAMILTON RBG CS (ECCC AES 6153301; station_id 27529)","DATE: Jun-17<br><b>Maximum temperature</b><br>10-90 percentile<br>19.4 to 30.9 °C","Historical daily maximum<br>32.7 °C<br>2006-06-17","DATE: Jun-17</b><br>Normal: 25.0 °C<br>Period: 1991-2020","6153301","HAMILTON+RBG+CS",2000,2026
"06-17","TMIN",2001-06-17,13.8571428571429,8.5,20.2,3.11345008448368,10.1,12.1,15.7,17.5,12.8,"HAMILTON RBG CS (ECCC AES 6153301; station_id 27529)","6153301",27529,"HAMILTON RBG CS",6,2017-06-17,"DATE: Jun-17<br>Value: 12.8 °C<br>Anomaly: -1.1 °C<br>Weather station: HAMILTON RBG CS (ECCC AES 6153301; station_id 27529)","DATE: Jun-17<br><b>Minimum temperature</b><br>10-90 percentile<br>10.1 to 17.5 °C","Historical daily maximum<br>20.2 °C<br>2017-06-17","DATE: Jun-17</b><br>Normal: 13.9 °C<br>Period: 1991-2020","6153301","HAMILTON+RBG+CS",2000,2026
"06-17","VPD",2001-06-17,1.66275942328722,0.50306919520838,3.17377130374774,0.827769520080591,0.826488226236657,1.01661547966752,1.94923768536734,2.91961142148922,1.50562935192228,"HAMILTON RBG CS (ECCC AES 6153301; station_id 27529)","6153301",27529,"HAMILTON RBG CS",6,2018-06-17,"DATE: Jun-17<br>Value: 1.5 kPa<br>Anomaly: -0.2 kPa<br>Weather station: HAMILTON RBG CS (ECCC AES 6153301; station_id 27529)","DATE: Jun-17<br><b>Vapour pressure deficit</b><br>10-90 percentile<br>0.8 to 2.9 kPa","Historical daily maximum<br>3.2 kPa<br>2018-06-17","DATE: Jun-17</b><br>Normal: 1.7 kPa<br>Period: 1991-2020","6153301","HAMILTON+RBG+CS",2000,2026
"06-18","TMAX",2001-06-18,25.0571428571429,16.5,32.4,4.71196046551448,18.6,23,27.7,31.4,23,"HAMILTON RBG CS (ECCC AES 6153301; station_id 27529)","6153301",27529,"HAMILTON RBG CS",6,2024-06-18,"DATE: Jun-18<br>Value: 23.0 °C<br>Anomaly: -2.1 °C<br>Weather station: HAMILTON RBG CS (ECCC AES 6153301; station_id 27529)","DATE: Jun-18<br><b>Maximum temperature</b><br>10-90 percentile<br>18.6 to 31.4 °C","Historical daily maximum<br>32.4 °C<br>2024-06-18","DATE: Jun-18</b><br>Normal: 25.1 °C<br>Period: 1991-2020","6153301","HAMILTON+RBG+CS",2000,2026
"06-18","TMIN",2001-06-18,14.152380952381,8.9,20.6,3.12467903113569,10.7,12.6,15.5,19,15.3,"HAMILTON RBG CS (ECCC AES 6153301; station_id 27529)","6153301",27529,"HAMILTON RBG CS",6,2024-06-18,"DATE: Jun-18<br>Value: 15.3 °C<br>Anomaly: +1.1 °C<br>Weather station: HAMILTON RBG CS (ECCC AES 6153301; station_id 27529)","DATE: Jun-18<br><b>Minimum temperature</b><br>10-90 percentile<br>10.7 to 19.0 °C","Historical daily maximum<br>20.6 °C<br>2024-06-18","DATE: Jun-18</b><br>Normal: 14.2 °C<br>Period: 1991-2020","6153301","HAMILTON+RBG+CS",2000,2026
"06-18","VPD",2001-06-18,1.63783692023805,0.474424136514695,3.34583247544719,0.699303710255481,0.619188186715715,1.34367367741201,2.06883184374538,2.16936500454152,1.07087372693579,"HAMILTON RBG CS (ECCC AES 6153301; station_id 27529)","6153301",27529,"HAMILTON RBG CS",6,2016-06-18,"DATE: Jun-18<br>Value: 1.1 kPa<br>Anomaly: -0.6 kPa<br>Weather station: HAMILTON RBG CS (ECCC AES 6153301; station_id 27529)","DATE: Jun-18<br><b>Vapour pressure deficit</b><br>10-90 percentile<br>0.6 to 2.2 kPa","Historical daily maximum<br>3.3 kPa<br>2016-06-18","DATE: Jun-18</b><br>Normal: 1.6 kPa<br>Period: 1991-2020","6153301","HAMILTON+RBG+CS",2000,2026
"06-19","TMAX",2001-06-19,24.5380952380952,17,33.1,5.12947133635389,19.2,20.7,29.3,31.7,23.4,"HAMILTON RBG CS (ECCC AES 6153301; station_id 27529)","6153301",27529,"HAMILTON RBG CS",6,2024-06-19,"DATE: Jun-19<br>Value: 23.4 °C<br>Anomaly: -1.1 °C<br>Weather station: HAMILTON RBG CS (ECCC AES 6153301; station_id 27529)","DATE: Jun-19<br><b>Maximum temperature</b><br>10-90 percentile<br>19.2 to 31.7 °C","Historical daily maximum<br>33.1 °C<br>2024-06-19","DATE: Jun-19</b><br>Normal: 24.5 °C<br>Period: 1991-2020","6153301","HAMILTON+RBG+CS",2000,2026
"06-19","TMIN",2001-06-19,13.752380952381,8.2,22,4.07070252507095,8.9,10.1,16,18.7,13.1,"HAMILTON RBG CS (ECCC AES 6153301; station_id 27529)","6153301",27529,"HAMILTON RBG CS",6,2012-06-19,"DATE: Jun-19<br>Value: 13.1 °C<br>Anomaly: -0.7 °C<br>Weather station: HAMILTON RBG CS (ECCC AES 6153301; station_id 27529)","DATE: Jun-19<br><b>Minimum temperature</b><br>10-90 percentile<br>8.9 to 18.7 °C","Historical daily maximum<br>22.0 °C<br>2012-06-19","DATE: Jun-19</b><br>Normal: 13.8 °C<br>Period: 1991-2020","6153301","HAMILTON+RBG+CS",2000,2026
"06-19","VPD",2001-06-19,1.58496314183766,0.459441226627164,3.27469566429094,0.732626590369459,0.851103599944339,0.988745595905993,1.91904722568532,2.57179044123866,1.37053373999626,"HAMILTON RBG CS (ECCC AES 6153301; station_id 27529)","6153301",27529,"HAMILTON RBG CS",6,2016-06-19,"DATE: Jun-19<br>Value: 1.4 kPa<br>Anomaly: -0.2 kPa<br>Weather station: HAMILTON RBG CS (ECCC AES 6153301; station_id 27529)","DATE: Jun-19<br><b>Vapour pressure deficit</b><br>10-90 percentile<br>0.9 to 2.6 kPa","Historical daily maximum<br>3.3 kPa<br>2016-06-19","DATE: Jun-19</b><br>Normal: 1.6 kPa<br>Period: 1991-2020","6153301","HAMILTON+RBG+CS",2000,2026
"06-20","TMAX",2001-06-20,24.3285714285714,17.5,34.3,4.66349041568039,19.7,20.9,25.1,32.4,25.1,"HAMILTON RBG CS (ECCC AES 6153301; station_id 27529)","6153301",27529,"HAMILTON RBG CS",6,2012-06-20,"DATE: Jun-20<br>Value: 25.1 °C<br>Anomaly: +0.8 °C<br>Weather station: HAMILTON RBG CS (ECCC AES 6153301; station_id 27529)","DATE: Jun-20<br><b>Maximum temperature</b><br>10-90 percentile<br>19.7 to 32.4 °C","Historical daily maximum<br>34.3 °C<br>2012-06-20","DATE: Jun-20</b><br>Normal: 24.3 °C<br>Period: 1991-2020","6153301","HAMILTON+RBG+CS",2000,2026
"06-20","TMIN",2001-06-20,12.1952380952381,6.3,21.6,3.90070201251982,7.8,8.6,14.1,17.6,10.2,"HAMILTON RBG CS (ECCC AES 6153301; station_id 27529)","6153301",27529,"HAMILTON RBG CS",6,2012-06-20,"DATE: Jun-20<br>Value: 10.2 °C<br>Anomaly: -2.0 °C<br>Weather station: HAMILTON RBG CS (ECCC AES 6153301; station_id 27529)","DATE: Jun-20<br><b>Minimum temperature</b><br>10-90 percentile<br>7.8 to 17.6 °C","Historical daily maximum<br>21.6 °C<br>2012-06-20","DATE: Jun-20</b><br>Normal: 12.2 °C<br>Period: 1991-2020","6153301","HAMILTON+RBG+CS",2000,2026
"06-20","VPD",2001-06-20,1.68603270961843,0.432239605693059,3.07722900214598,0.748700312721552,0.787611826303674,1.04080580248048,1.96168240354029,2.85066465542553,1.94217860681586,"HAMILTON RBG CS (ECCC AES 6153301; station_id 27529)","6153301",27529,"HAMILTON RBG CS",6,2002-06-20,"DATE: Jun-20<br>Value: 1.9 kPa<br>Anomaly: +0.3 kPa<br>Weather station: HAMILTON RBG CS (ECCC AES 6153301; station_id 27529)","DATE: Jun-20<br><b>Vapour pressure deficit</b><br>10-90 percentile<br>0.8 to 2.9 kPa","Historical daily maximum<br>3.1 kPa<br>2002-06-20","DATE: Jun-20</b><br>Normal: 1.7 kPa<br>Period: 1991-2020","6153301","HAMILTON+RBG+CS",2000,2026
"06-21","TMAX",2001-06-21,26.1238095238095,19.7,33.9,3.84342357305369,22.2,23.2,28,32.6,25.8,"HAMILTON RBG CS (ECCC AES 6153301; station_id 27529)","6153301",27529,"HAMILTON RBG CS",6,2022-06-21,"DATE: Jun-21<br>Value: 25.8 °C<br>Anomaly: -0.3 °C<br>Weather station: HAMILTON RBG CS (ECCC AES 6153301; station_id 27529)","DATE: Jun-21<br><b>Maximum temperature</b><br>10-90 percentile<br>22.2 to 32.6 °C","Historical daily maximum<br>33.9 °C<br>2022-06-21","DATE: Jun-21</b><br>Normal: 26.1 °C<br>Period: 1991-2020","6153301","HAMILTON+RBG+CS",2000,2026
"06-21","TMIN",2001-06-21,13.3238095238095,9.2,20.5,2.72963454731668,9.7,11.4,14.5,16.5,11.1,"HAMILTON RBG CS (ECCC AES 6153301; station_id 27529)","6153301",27529,"HAMILTON RBG CS",6,2012-06-21,"DATE: Jun-21<br>Value: 11.1 °C<br>Anomaly: -2.2 °C<br>Weather station: HAMILTON RBG CS (ECCC AES 6153301; station_id 27529)","DATE: Jun-21<br><b>Minimum temperature</b><br>10-90 percentile<br>9.7 to 16.5 °C","Historical daily maximum<br>20.5 °C<br>2012-06-21","DATE: Jun-21</b><br>Normal: 13.3 °C<br>Period: 1991-2020","6153301","HAMILTON+RBG+CS",2000,2026
"06-21","VPD",2001-06-21,1.90990635941774,0.836180172200272,3.23486974414317,0.619303925835856,1.29295176257259,1.51065400231888,2.19524221684387,2.87807332376153,2.00043702903821,"HAMILTON RBG CS (ECCC AES 6153301; station_id 27529)","6153301",27529,"HAMILTON RBG CS",6,2022-06-21,"DATE: Jun-21<br>Value: 2.0 kPa<br>Anomaly: +0.1 kPa<br>Weather station: HAMILTON RBG CS (ECCC AES 6153301; station_id 27529)","DATE: Jun-21<br><b>Vapour pressure deficit</b><br>10-90 percentile<br>1.3 to 2.9 kPa","Historical daily maximum<br>3.2 kPa<br>2022-06-21","DATE: Jun-21</b><br>Normal: 1.9 kPa<br>Period: 1991-2020","6153301","HAMILTON+RBG+CS",2000,2026
"06-22","TMAX",2001-06-22,25.8238095238095,19.6,31.2,3.29710551270425,21.3,23.8,27.7,30.5,18.1,"HAMILTON RBG CS (ECCC AES 6153301; station_id 27529)","6153301",27529,"HAMILTON RBG CS",6,2025-06-22,"DATE: Jun-22<br>Value: 18.1 °C<br>Anomaly: -7.7 °C<br>Weather station: HAMILTON RBG CS (ECCC AES 6153301; station_id 27529)","DATE: Jun-22<br><b>Maximum temperature</b><br>10-90 percentile<br>21.3 to 30.5 °C","Historical daily maximum<br>31.2 °C<br>2025-06-22","DATE: Jun-22</b><br>Normal: 25.8 °C<br>Period: 1991-2020","6153301","HAMILTON+RBG+CS",2000,2026
"06-22","TMIN",2001-06-22,14.1904761904762,9.8,19.2,2.87174246092939,10.8,11.7,16.3,18.3,11.3,"HAMILTON RBG CS (ECCC AES 6153301; station_id 27529)","6153301",27529,"HAMILTON RBG CS",6,2025-06-22,"DATE: Jun-22<br>Value: 11.3 °C<br>Anomaly: -2.9 °C<br>Weather station: HAMILTON RBG CS (ECCC AES 6153301; station_id 27529)","DATE: Jun-22<br><b>Minimum temperature</b><br>10-90 percentile<br>10.8 to 18.3 °C","Historical daily maximum<br>19.2 °C<br>2025-06-22","DATE: Jun-22</b><br>Normal: 14.2 °C<br>Period: 1991-2020","6153301","HAMILTON+RBG+CS",2000,2026
"06-22","VPD",2001-06-22,1.73737781051408,0.657072152845573,3.16894116034148,0.66787209077614,0.773409228220353,1.25819474375791,2.14131820216364,2.20786800315213,0.737880459331387,"HAMILTON RBG CS (ECCC AES 6153301; station_id 27529)","6153301",27529,"HAMILTON RBG CS",6,2022-06-22,"DATE: Jun-22<br>Value: 0.7 kPa<br>Anomaly: -1.0 kPa<br>Weather station: HAMILTON RBG CS (ECCC AES 6153301; station_id 27529)","DATE: Jun-22<br><b>Vapour pressure deficit</b><br>10-90 percentile<br>0.8 to 2.2 kPa","Historical daily maximum<br>3.2 kPa<br>2022-06-22","DATE: Jun-22</b><br>Normal: 1.7 kPa<br>Period: 1991-2020","6153301","HAMILTON+RBG+CS",2000,2026
"06-23","TMAX",2001-06-23,26.0666666666667,18.3,32.5,3.52240448178987,22.8,23.9,28.1,31.7,26.2,"","6153301",27529,"HAMILTON RBG CS",6,2002-06-23,"DATE: Jun-23<br>Value: 26.2 °C<br>Anomaly: +0.1 °C<br>Weather station: ","DATE: Jun-23<br><b>Maximum temperature</b><br>10-90 percentile<br>22.8 to 31.7 °C","Historical daily maximum<br>32.5 °C<br>2002-06-23","DATE: Jun-23</b><br>Normal: 26.1 °C<br>Period: 1991-2020","6153301","HAMILTON+RBG+CS",2000,2026
"06-23","TMIN",2001-06-23,13.7095238095238,7.4,19,3.39454043456618,9.3,11.4,16.3,18.2,10.1,"","6153301",27529,"HAMILTON RBG CS",6,2017-06-23,"DATE: Jun-23<br>Value: 10.1 °C<br>Anomaly: -3.6 °C<br>Weather station: ","DATE: Jun-23<br><b>Minimum temperature</b><br>10-90 percentile<br>9.3 to 18.2 °C","Historical daily maximum<br>19.0 °C<br>2017-06-23","DATE: Jun-23</b><br>Normal: 13.7 °C<br>Period: 1991-2020","6153301","HAMILTON+RBG+CS",2000,2026
"06-23","VPD",2001-06-23,1.8353840156872,0.249822435638918,3.19719705520051,0.713215506503863,1.20293689364363,1.33850134968373,2.18535218849568,2.63453854557661,2.1651710871044,"","6153301",27529,"HAMILTON RBG CS",6,2003-06-23,"DATE: Jun-23<br>Value: 2.2 kPa<br>Anomaly: +0.3 kPa<br>Weather station: ","DATE: Jun-23<br><b>Vapour pressure deficit</b><br>10-90 percentile<br>1.2 to 2.6 kPa","Historical daily maximum<br>3.2 kPa<br>2003-06-23","DATE: Jun-23</b><br>Normal: 1.8 kPa<br>Period: 1991-2020","6153301","HAMILTON+RBG+CS",2000,2026
"06-24","TMAX",2001-06-24,26.4333333333333,19.8,33,3.77866819571834,21.6,24,29.5,31.9,26.4,"","6153301",27529,"HAMILTON RBG CS",6,2025-06-24,"DATE: Jun-24<br>Value: 26.4 °C<br>Anomaly: 0.0 °C<br>Weather station: ","DATE: Jun-24<br><b>Maximum temperature</b><br>10-90 percentile<br>21.6 to 31.9 °C","Historical daily maximum<br>33.0 °C<br>2025-06-24","DATE: Jun-24</b><br>Normal: 26.4 °C<br>Period: 1991-2020","6153301","HAMILTON+RBG+CS",2000,2026
"06-24","TMIN",2001-06-24,14.5333333333333,9.4,21.6,2.79362369214849,11.5,12.2,16.2,17.2,11.2,"","6153301",27529,"HAMILTON RBG CS",6,2025-06-24,"DATE: Jun-24<br>Value: 11.2 °C<br>Anomaly: -3.3 °C<br>Weather station: ","DATE: Jun-24<br><b>Minimum temperature</b><br>10-90 percentile<br>11.5 to 17.2 °C","Historical daily maximum<br>21.6 °C<br>2025-06-24","DATE: Jun-24</b><br>Normal: 14.5 °C<br>Period: 1991-2020","6153301","HAMILTON+RBG+CS",2000,2026
"06-24","VPD",2001-06-24,1.84255602111811,0.54846535137069,3.4418874509867,0.799740769304384,0.865483742131023,1.32199509637216,2.28124033896339,2.96694960225392,2.11147834692819,"","6153301",27529,"HAMILTON RBG CS",6,2003-06-24,"DATE: Jun-24<br>Value: 2.1 kPa<br>Anomaly: +0.3 kPa<br>Weather station: ","DATE: Jun-24<br><b>Vapour pressure deficit</b><br>10-90 percentile<br>0.9 to 3.0 kPa","Historical daily maximum<br>3.4 kPa<br>2003-06-24","DATE: Jun-24</b><br>Normal: 1.8 kPa<br>Period: 1991-2020","6153301","HAMILTON+RBG+CS",2000,2026
"06-25","TMAX",2001-06-25,27.0047619047619,19.2,34.6,4.42430516470962,21.6,23.2,29.4,33.3,21.8,"","6153301",27529,"HAMILTON RBG CS",6,2005-06-25,"DATE: Jun-25<br>Value: 21.8 °C<br>Anomaly: -5.2 °C<br>Weather station: ","DATE: Jun-25<br><b>Maximum temperature</b><br>10-90 percentile<br>21.6 to 33.3 °C","Historical daily maximum<br>34.6 °C<br>2005-06-25","DATE: Jun-25</b><br>Normal: 27.0 °C<br>Period: 1991-2020","6153301","HAMILTON+RBG+CS",2000,2026
"06-25","TMIN",2001-06-25,14.905,9.5,20.4,3.26342974249646,11.33,12.6,17.45,18.9,13.1,"","6153301",27529,"HAMILTON RBG CS",6,2025-06-25,"DATE: Jun-25<br>Value: 13.1 °C<br>Anomaly: -1.8 °C<br>Weather station: ","DATE: Jun-25<br><b>Minimum temperature</b><br>10-90 percentile<br>11.3 to 18.9 °C","Historical daily maximum<br>20.4 °C<br>2025-06-25","DATE: Jun-25</b><br>Normal: 14.9 °C<br>Period: 1991-2020","6153301","HAMILTON+RBG+CS",2000,2026
"06-25","VPD",2001-06-25,1.93843540378776,0.687000922851976,3.40947084834686,0.830938270555158,1.0076372831449,1.39611153483437,2.1591514681149,3.2206208213188,1.10427536142157,"","6153301",27529,"HAMILTON RBG CS",6,2005-06-25,"DATE: Jun-25<br>Value: 1.1 kPa<br>Anomaly: -0.8 kPa<br>Weather station: ","DATE: Jun-25<br><b>Vapour pressure deficit</b><br>10-90 percentile<br>1.0 to 3.2 kPa","Historical daily maximum<br>3.4 kPa<br>2005-06-25","DATE: Jun-25</b><br>Normal: 1.9 kPa<br>Period: 1991-2020","6153301","HAMILTON+RBG+CS",2000,2026
"06-26","TMAX",2001-06-26,27.11,20.8,34.2,3.9881271161708,21.9,23.225,29.275,32.21,25.4,"","6153301",27529,"HAMILTON RBG CS",6,2007-06-26,"DATE: Jun-26<br>Value: 25.4 °C<br>Anomaly: -1.7 °C<br>Weather station: ","DATE: Jun-26<br><b>Maximum temperature</b><br>10-90 percentile<br>21.9 to 32.2 °C","Historical daily maximum<br>34.2 °C<br>2007-06-26","DATE: Jun-26</b><br>Normal: 27.1 °C<br>Period: 1991-2020","6153301","HAMILTON+RBG+CS",2000,2026
"06-26","TMIN",2001-06-26,15.255,7.7,22.4,3.73567086908165,10.73,13.375,17.15,19.71,13.7,"","6153301",27529,"HAMILTON RBG CS",6,2002-06-26,"DATE: Jun-26<br>Value: 13.7 °C<br>Anomaly: -1.6 °C<br>Weather station: ","DATE: Jun-26<br><b>Minimum temperature</b><br>10-90 percentile<br>10.7 to 19.7 °C","Historical daily maximum<br>22.4 °C<br>2002-06-26","DATE: Jun-26</b><br>Normal: 15.3 °C<br>Period: 1991-2020","6153301","HAMILTON+RBG+CS",2000,2026
"06-26","VPD",2001-06-26,1.89417215945175,0.885944271489503,3.42873794993909,0.697840702756045,1.1376915070161,1.38501306008022,2.35037116168044,2.76343699177311,1.67629486895179,"","6153301",27529,"HAMILTON RBG CS",6,2007-06-26,"DATE: Jun-26<br>Value: 1.7 kPa<br>Anomaly: -0.2 kPa<br>Weather station: ","DATE: Jun-26<br><b>Vapour pressure deficit</b><br>10-90 percentile<br>1.1 to 2.8 kPa","Historical daily maximum<br>3.4 kPa<br>2007-06-26","DATE: Jun-26</b><br>Normal: 1.9 kPa<br>Period: 1991-2020","6153301","HAMILTON+RBG+CS",2000,2026
"06-27","TMAX",2001-06-27,26.25,18,33.5,4.30146853748198,21.26,23.375,28.875,31.86,25,"","6153301",27529,"HAMILTON RBG CS",6,2007-06-27,"DATE: Jun-27<br>Value: 25.0 °C<br>Anomaly: -1.2 °C<br>Weather station: ","DATE: Jun-27<br><b>Maximum temperature</b><br>10-90 percentile<br>21.3 to 31.9 °C","Historical daily maximum<br>33.5 °C<br>2007-06-27","DATE: Jun-27</b><br>Normal: 26.2 °C<br>Period: 1991-2020","6153301","HAMILTON+RBG+CS",2000,2026
"06-27","TMIN",2001-06-27,15.695,9.7,22.1,3.18309267024515,12.62,13.375,18.275,19.1,12,"","6153301",27529,"HAMILTON RBG CS",6,2021-06-27,"DATE: Jun-27<br>Value: 12.0 °C<br>Anomaly: -3.7 °C<br>Weather station: ","DATE: Jun-27<br><b>Minimum temperature</b><br>10-90 percentile<br>12.6 to 19.1 °C","Historical daily maximum<br>22.1 °C<br>2021-06-27","DATE: Jun-27</b><br>Normal: 15.7 °C<br>Period: 1991-2020","6153301","HAMILTON+RBG+CS",2000,2026
"06-27","VPD",2001-06-27,1.68873672459749,0.536571489757819,2.91801997150046,0.70017707044994,0.865370681502799,1.28619808800365,2.26257955389674,2.71639959631109,1.76521384445989,"","6153301",27529,"HAMILTON RBG CS",6,2016-06-27,"DATE: Jun-27<br>Value: 1.8 kPa<br>Anomaly: +0.1 kPa<br>Weather station: ","DATE: Jun-27<br><b>Vapour pressure deficit</b><br>10-90 percentile<br>0.9 to 2.7 kPa","Historical daily maximum<br>2.9 kPa<br>2016-06-27","DATE: Jun-27</b><br>Normal: 1.7 kPa<br>Period: 1991-2020","6153301","HAMILTON+RBG+CS",2000,2026
"06-28","TMAX",2001-06-28,26.705,16.1,34,4.37077314610777,21.95,24.75,28.4,32.8,25.3,"","6153301",27529,"HAMILTON RBG CS",6,2005-06-28,"DATE: Jun-28<br>Value: 25.3 °C<br>Anomaly: -1.4 °C<br>Weather station: ","DATE: Jun-28<br><b>Maximum temperature</b><br>10-90 percentile<br>21.9 to 32.8 °C","Historical daily maximum<br>34.0 °C<br>2005-06-28","DATE: Jun-28</b><br>Normal: 26.7 °C<br>Period: 1991-2020","6153301","HAMILTON+RBG+CS",2000,2026
"06-28","TMIN",2001-06-28,15.4857142857143,10.3,19.8,2.66369775205178,11.3,14.4,17.2,18.8,12.5,"","6153301",27529,"HAMILTON RBG CS",6,2021-06-28,"DATE: Jun-28<br>Value: 12.5 °C<br>Anomaly: -3.0 °C<br>Weather station: ","DATE: Jun-28<br><b>Minimum temperature</b><br>10-90 percentile<br>11.3 to 18.8 °C","Historical daily maximum<br>19.8 °C<br>2021-06-28","DATE: Jun-28</b><br>Normal: 15.5 °C<br>Period: 1991-2020","6153301","HAMILTON+RBG+CS",2000,2026
"06-28","VPD",2001-06-28,1.82567557343013,0.43659106656165,3.17880371166773,0.714149662129625,0.994991397656311,1.31804929660043,2.12973353680853,2.83703427349621,1.77534646588266,"","6153301",27529,"HAMILTON RBG CS",6,2012-06-28,"DATE: Jun-28<br>Value: 1.8 kPa<br>Anomaly: -0.1 kPa<br>Weather station: ","DATE: Jun-28<br><b>Vapour pressure deficit</b><br>10-90 percentile<br>1.0 to 2.8 kPa","Historical daily maximum<br>3.2 kPa<br>2012-06-28","DATE: Jun-28</b><br>Normal: 1.8 kPa<br>Period: 1991-2020","6153301","HAMILTON+RBG+CS",2000,2026
"06-29","TMAX",2001-06-29,27.2809523809524,20.1,33.5,3.66082218191748,22.6,24.9,30.4,31.8,26.3,"","6153301",27529,"HAMILTON RBG CS",6,2005-06-29,"DATE: Jun-29<br>Value: 26.3 °C<br>Anomaly: -1.0 °C<br>Weather station: ","DATE: Jun-29<br><b>Maximum temperature</b><br>10-90 percentile<br>22.6 to 31.8 °C","Historical daily maximum<br>33.5 °C<br>2005-06-29","DATE: Jun-29</b><br>Normal: 27.3 °C<br>Period: 1991-2020","6153301","HAMILTON+RBG+CS",2000,2026
"06-29","TMIN",2001-06-29,14.7095238095238,9.3,20.8,2.88633067438656,11.3,12.6,16.9,18,13.7,"","6153301",27529,"HAMILTON RBG CS",6,2021-06-29,"DATE: Jun-29<br>Value: 13.7 °C<br>Anomaly: -1.0 °C<br>Weather station: ","DATE: Jun-29<br><b>Minimum temperature</b><br>10-90 percentile<br>11.3 to 18.0 °C","Historical daily maximum<br>20.8 °C<br>2021-06-29","DATE: Jun-29</b><br>Normal: 14.7 °C<br>Period: 1991-2020","6153301","HAMILTON+RBG+CS",2000,2026
"06-29","VPD",2001-06-29,1.99529776896824,1.13008794151604,2.85439206951578,0.533880218720123,1.3488383713866,1.67229238574002,2.36649944001771,2.71633505989086,1.85376729865133,"","6153301",27529,"HAMILTON RBG CS",6,2012-06-29,"DATE: Jun-29<br>Value: 1.9 kPa<br>Anomaly: -0.1 kPa<br>Weather station: ","DATE: Jun-29<br><b>Vapour pressure deficit</b><br>10-90 percentile<br>1.3 to 2.7 kPa","Historical daily maximum<br>2.9 kPa<br>2012-06-29","DATE: Jun-29</b><br>Normal: 2.0 kPa<br>Period: 1991-2020","6153301","HAMILTON+RBG+CS",2000,2026
"06-30","TMAX",2001-06-30,26.66,19.5,33.8,3.84220331525929,21.68,23.925,29.95,31.07,33.6,"","6153301",27529,"HAMILTON RBG CS",6,2012-06-30,"DATE: Jun-30<br>Value: 33.6 °C<br>Anomaly: +6.9 °C<br>Weather station: ","DATE: Jun-30<br><b>Maximum temperature</b><br>10-90 percentile<br>21.7 to 31.1 °C","Historical daily maximum<br>33.8 °C<br>2012-06-30","DATE: Jun-30</b><br>Normal: 26.7 °C<br>Period: 1991-2020","6153301","HAMILTON+RBG+CS",2000,2026
"06-30","TMIN",2001-06-30,14.685,8.5,21.6,4.02378128002426,10.1,11.3,17.675,20.41,17.3,"","6153301",27529,"HAMILTON RBG CS",6,2001-06-30,"DATE: Jun-30<br>Value: 17.3 °C<br>Anomaly: +2.6 °C<br>Weather station: ","DATE: Jun-30<br><b>Minimum temperature</b><br>10-90 percentile<br>10.1 to 20.4 °C","Historical daily maximum<br>21.6 °C<br>2001-06-30","DATE: Jun-30</b><br>Normal: 14.7 °C<br>Period: 1991-2020","6153301","HAMILTON+RBG+CS",2000,2026
"06-30","VPD",2001-06-30,1.84958660670732,0.719412858200994,3.40688884378688,0.649326579274864,1.24918333486186,1.36040427020874,2.25061825531303,2.67692881162152,3.22705359783073,"","6153301",27529,"HAMILTON RBG CS",6,2012-06-30,"DATE: Jun-30<br>Value: 3.2 kPa<br>Anomaly: +1.4 kPa<br>Weather station: ","DATE: Jun-30<br><b>Vapour pressure deficit</b><br>10-90 percentile<br>1.2 to 2.7 kPa","Historical daily maximum<br>3.4 kPa<br>2012-06-30","DATE: Jun-30</b><br>Normal: 1.8 kPa<br>Period: 1991-2020","6153301","HAMILTON+RBG+CS",2000,2026
"07-01","TMAX",2001-07-01,27.225,22.5,34.8,3.49343369013474,23.05,23.875,29.2,31.71,35.5,"","6153301",27529,"HAMILTON RBG CS",7,2026-07-01,"DATE: Jul-01<br>Value: 35.5 °C<br>Anomaly: +8.3 °C<br>Weather station: ","DATE: Jul-01<br><b>Maximum temperature</b><br>10-90 percentile<br>23.0 to 31.7 °C","Historical daily maximum<br>34.8 °C<br>2026-07-01","DATE: Jul-01</b><br>Normal: 27.2 °C<br>Period: 1991-2020","6153301","HAMILTON+RBG+CS",2000,2026
"07-01","TMIN",2001-07-01,14.7,8.6,21.3,3.50743571048108,9.4,12.9,16.85,18.44,22.1,"","6153301",27529,"HAMILTON RBG CS",7,2026-07-01,"DATE: Jul-01<br>Value: 22.1 °C<br>Anomaly: +7.4 °C<br>Weather station: ","DATE: Jul-01<br><b>Minimum temperature</b><br>10-90 percentile<br>9.4 to 18.4 °C","Historical daily maximum<br>21.3 °C<br>2026-07-01","DATE: Jul-01</b><br>Normal: 14.7 °C<br>Period: 1991-2020","6153301","HAMILTON+RBG+CS",2000,2026
"07-01","VPD",2001-07-01,1.96782186469731,0.76730369105327,3.02761946047731,0.569023767429302,1.38762504202589,1.60672102616386,2.26349706402441,2.77365881644914,3.11985080716341,"","6153301",27529,"HAMILTON RBG CS",7,2026-07-01,"DATE: Jul-01<br>Value: 3.1 kPa<br>Anomaly: +1.2 kPa<br>Weather station: ","DATE: Jul-01<br><b>Vapour pressure deficit</b><br>10-90 percentile<br>1.4 to 2.8 kPa","Historical daily maximum<br>3.0 kPa<br>2026-07-01","DATE: Jul-01</b><br>Normal: 2.0 kPa<br>Period: 1991-2020","6153301","HAMILTON+RBG+CS",2000,2026
"07-02","TMAX",2001-07-02,27.355,21.1,34.3,3.81402881340371,22.75,24.45,29.925,32.23,34.4,"","6153301",27529,"HAMILTON RBG CS",7,2026-07-02,"DATE: Jul-02<br>Value: 34.4 °C<br>Anomaly: +7.0 °C<br>Weather station: ","DATE: Jul-02<br><b>Maximum temperature</b><br>10-90 percentile<br>22.8 to 32.2 °C","Historical daily maximum<br>34.3 °C<br>2026-07-02","DATE: Jul-02</b><br>Normal: 27.4 °C<br>Period: 1991-2020","6153301","HAMILTON+RBG+CS",2000,2026
"07-02","TMIN",2001-07-02,13.895,7.7,22.6,4.03073390209199,8.06,10.675,16.025,17.75,22.4,"","6153301",27529,"HAMILTON RBG CS",7,2002-07-02,"DATE: Jul-02<br>Value: 22.4 °C<br>Anomaly: +8.5 °C<br>Weather station: ","DATE: Jul-02<br><b>Minimum temperature</b><br>10-90 percentile<br>8.1 to 17.8 °C","Historical daily maximum<br>22.6 °C<br>2002-07-02","DATE: Jul-02</b><br>Normal: 13.9 °C<br>Period: 1991-2020","6153301","HAMILTON+RBG+CS",2000,2026
"07-02","VPD",2001-07-02,2.08202479508797,0.718586924245342,3.31280432093007,0.577193853739835,1.48635645575107,1.66925042000638,2.40509924257763,2.68330954881776,2.72979673270816,"","6153301",27529,"HAMILTON RBG CS",7,2012-07-02,"DATE: Jul-02<br>Value: 2.7 kPa<br>Anomaly: +0.6 kPa<br>Weather station: ","DATE: Jul-02<br><b>Vapour pressure deficit</b><br>10-90 percentile<br>1.5 to 2.7 kPa","Historical daily maximum<br>3.3 kPa<br>2012-07-02","DATE: Jul-02</b><br>Normal: 2.1 kPa<br>Period: 1991-2020","6153301","HAMILTON+RBG+CS",2000,2026
"07-03","TMAX",2001-07-03,26.9526315789474,22.4,34.2,3.6887770362807,23.06,23.75,30.05,31.28,34,"","6153301",27529,"HAMILTON RBG CS",7,2002-07-03,"DATE: Jul-03<br>Value: 34.0 °C<br>Anomaly: +7.0 °C<br>Weather station: ","DATE: Jul-03<br><b>Maximum temperature</b><br>10-90 percentile<br>23.1 to 31.3 °C","Historical daily maximum<br>34.2 °C<br>2002-07-03","DATE: Jul-03</b><br>Normal: 27.0 °C<br>Period: 1991-2020","6153301","HAMILTON+RBG+CS",2000,2026
"07-03","TMIN",2001-07-03,14.225,7.4,22.4,3.96562532402222,9.81,10.875,16.95,19.23,21.7,"","6153301",27529,"HAMILTON RBG CS",7,2002-07-03,"DATE: Jul-03<br>Value: 21.7 °C<br>Anomaly: +7.5 °C<br>Weather station: ","DATE: Jul-03<br><b>Minimum temperature</b><br>10-90 percentile<br>9.8 to 19.2 °C","Historical daily maximum<br>22.4 °C<br>2002-07-03","DATE: Jul-03</b><br>Normal: 14.2 °C<br>Period: 1991-2020","6153301","HAMILTON+RBG+CS",2000,2026
"07-03","VPD",2001-07-03,1.96422562492613,0.813110596883712,2.66969880778126,0.54668080198355,1.34081336954283,1.64720149530897,2.49234114121998,2.62982253139369,2.72329021563958,"","6153301",27529,"HAMILTON RBG CS",7,2026-07-03,"DATE: Jul-03<br>Value: 2.7 kPa<br>Anomaly: +0.8 kPa<br>Weather station: ","DATE: Jul-03<br><b>Vapour pressure deficit</b><br>10-90 percentile<br>1.3 to 2.6 kPa","Historical daily maximum<br>2.7 kPa<br>2026-07-03","DATE: Jul-03</b><br>Normal: 2.0 kPa<br>Period: 1991-2020","6153301","HAMILTON+RBG+CS",2000,2026
"07-04","TMAX",2001-07-04,28.03,20.3,36.2,3.86088345494028,23.45,25.575,30.425,32.4,29.1,"","6153301",27529,"HAMILTON RBG CS",7,2012-07-04,"DATE: Jul-04<br>Value: 29.1 °C<br>Anomaly: +1.1 °C<br>Weather station: ","DATE: Jul-04<br><b>Maximum temperature</b><br>10-90 percentile<br>23.5 to 32.4 °C","Historical daily maximum<br>36.2 °C<br>2012-07-04","DATE: Jul-04</b><br>Normal: 28.0 °C<br>Period: 1991-2020","6153301","HAMILTON+RBG+CS",2000,2026
"07-04","TMIN",2001-07-04,14.955,8.5,22.2,3.84289844011686,9.2,12.625,17.15,19.63,20.3,"","6153301",27529,"HAMILTON RBG CS",7,2002-07-04,"DATE: Jul-04<br>Value: 20.3 °C<br>Anomaly: +5.3 °C<br>Weather station: ","DATE: Jul-04<br><b>Minimum temperature</b><br>10-90 percentile<br>9.2 to 19.6 °C","Historical daily maximum<br>22.2 °C<br>2002-07-04","DATE: Jul-04</b><br>Normal: 15.0 °C<br>Period: 1991-2020","6153301","HAMILTON+RBG+CS",2000,2026
"07-04","VPD",2001-07-04,2.12217852534029,0.752065396427647,3.91641359090623,0.720333887726983,1.33482653804221,1.68764196847183,2.40940596330229,2.81073931327742,1.64682508598123,"","6153301",27529,"HAMILTON RBG CS",7,2012-07-04,"DATE: Jul-04<br>Value: 1.6 kPa<br>Anomaly: -0.5 kPa<br>Weather station: ","DATE: Jul-04<br><b>Vapour pressure deficit</b><br>10-90 percentile<br>1.3 to 2.8 kPa","Historical daily maximum<br>3.9 kPa<br>2012-07-04","DATE: Jul-04</b><br>Normal: 2.1 kPa<br>Period: 1991-2020","6153301","HAMILTON+RBG+CS",2000,2026
"07-05","TMAX",2001-07-05,27.99,21.8,34.2,3.39564736871065,24.29,25.975,30.025,32.83,24.5,"","6153301",27529,"HAMILTON RBG CS",7,2010-07-05,"DATE: Jul-05<br>Value: 24.5 °C<br>Anomaly: -3.5 °C<br>Weather station: ","DATE: Jul-05<br><b>Maximum temperature</b><br>10-90 percentile<br>24.3 to 32.8 °C","Historical daily maximum<br>34.2 °C<br>2010-07-05","DATE: Jul-05</b><br>Normal: 28.0 °C<br>Period: 1991-2020","6153301","HAMILTON+RBG+CS",2000,2026
"07-05","TMIN",2001-07-05,14.745,9,22.1,4.12967119883972,10.43,11.35,18.4,19.76,19.7,"","6153301",27529,"HAMILTON RBG CS",7,2010-07-05,"DATE: Jul-05<br>Value: 19.7 °C<br>Anomaly: +5.0 °C<br>Weather station: ","DATE: Jul-05<br><b>Minimum temperature</b><br>10-90 percentile<br>10.4 to 19.8 °C","Historical daily maximum<br>22.1 °C<br>2010-07-05","DATE: Jul-05</b><br>Normal: 14.7 °C<br>Period: 1991-2020","6153301","HAMILTON+RBG+CS",2000,2026
"07-05","VPD",2001-07-05,2.11106328475017,0.835444909937821,3.61844254583782,0.633111714620685,1.3219046584471,1.69810602088455,2.51362323894405,2.73389738096105,0.779440679815815,"","6153301",27529,"HAMILTON RBG CS",7,2020-07-05,"DATE: Jul-05<br>Value: 0.8 kPa<br>Anomaly: -1.3 kPa<br>Weather station: ","DATE: Jul-05<br><b>Vapour pressure deficit</b><br>10-90 percentile<br>1.3 to 2.7 kPa","Historical daily maximum<br>3.6 kPa<br>2020-07-05","DATE: Jul-05</b><br>Normal: 2.1 kPa<br>Period: 1991-2020","6153301","HAMILTON+RBG+CS",2000,2026
"07-06","TMAX",2001-07-06,27.71,21.4,37.5,4.08268487511266,23.3,24.55,30.45,32.43,23.8,"","6153301",27529,"HAMILTON RBG CS",7,2012-07-06,"DATE: Jul-06<br>Value: 23.8 °C<br>Anomaly: -3.9 °C<br>Weather station: ","DATE: Jul-06<br><b>Maximum temperature</b><br>10-90 percentile<br>23.3 to 32.4 °C","Historical daily maximum<br>37.5 °C<br>2012-07-06","DATE: Jul-06</b><br>Normal: 27.7 °C<br>Period: 1991-2020","6153301","HAMILTON+RBG+CS",2000,2026
"07-06","TMIN",2001-07-06,14.73,9.4,21.8,3.27704937887407,10.45,12.625,17.3,18.3,17.8,"","6153301",27529,"HAMILTON RBG CS",7,2025-07-06,"DATE: Jul-06<br>Value: 17.8 °C<br>Anomaly: +3.1 °C<br>Weather station: ","DATE: Jul-06<br><b>Minimum temperature</b><br>10-90 percentile<br>10.4 to 18.3 °C","Historical daily maximum<br>21.8 °C<br>2025-07-06","DATE: Jul-06</b><br>Normal: 14.7 °C<br>Period: 1991-2020","6153301","HAMILTON+RBG+CS",2000,2026
"07-06","VPD",2001-07-06,2.09952994808191,1.08014015653557,4.34448580031905,0.732544284500091,1.23542794538507,1.67316996285787,2.44385971575484,2.73872790554103,0.910107969855904,"","6153301",27529,"HAMILTON RBG CS",7,2012-07-06,"DATE: Jul-06<br>Value: 0.9 kPa<br>Anomaly: -1.2 kPa<br>Weather station: ","DATE: Jul-06<br><b>Vapour pressure deficit</b><br>10-90 percentile<br>1.2 to 2.7 kPa","Historical daily maximum<br>4.3 kPa<br>2012-07-06","DATE: Jul-06</b><br>Normal: 2.1 kPa<br>Period: 1991-2020","6153301","HAMILTON+RBG+CS",2000,2026
"07-07","TMAX",2001-07-07,27.825,20.2,34.5,3.74950873975161,23.61,25.475,30.225,33.46,26.4,"","6153301",27529,"HAMILTON RBG CS",7,2010-07-07,"DATE: Jul-07<br>Value: 26.4 °C<br>Anomaly: -1.4 °C<br>Weather station: ","DATE: Jul-07<br><b>Maximum temperature</b><br>10-90 percentile<br>23.6 to 33.5 °C","Historical daily maximum<br>34.5 °C<br>2010-07-07","DATE: Jul-07</b><br>Normal: 27.8 °C<br>Period: 1991-2020","6153301","HAMILTON+RBG+CS",2000,2026
"07-07","TMIN",2001-07-07,16,10.3,21.2,3.28537428773744,12.04,13.8,19,20.91,17.1,"","6153301",27529,"HAMILTON RBG CS",7,2010-07-07,"DATE: Jul-07<br>Value: 17.1 °C<br>Anomaly: +1.1 °C<br>Weather station: ","DATE: Jul-07<br><b>Minimum temperature</b><br>10-90 percentile<br>12.0 to 20.9 °C","Historical daily maximum<br>21.2 °C<br>2010-07-07","DATE: Jul-07</b><br>Normal: 16.0 °C<br>Period: 1991-2020","6153301","HAMILTON+RBG+CS",2000,2026
"07-07","VPD",2001-07-07,1.96413385853634,0.779127352883119,3.38153085798943,0.73511097843221,1.21698539703081,1.42221959856356,2.56095118789957,2.95422635093606,1.49170317147009,"","6153301",27529,"HAMILTON RBG CS",7,2020-07-07,"DATE: Jul-07<br>Value: 1.5 kPa<br>Anomaly: -0.5 kPa<br>Weather station: ","DATE: Jul-07<br><b>Vapour pressure deficit</b><br>10-90 percentile<br>1.2 to 3.0 kPa","Historical daily maximum<br>3.4 kPa<br>2020-07-07","DATE: Jul-07</b><br>Normal: 2.0 kPa<br>Period: 1991-2020","6153301","HAMILTON+RBG+CS",2000,2026
"07-08","TMAX",2001-07-08,27.965,19.5,33.7,3.79102471912973,24.11,24.975,30.6,32.79,32.1,"","6153301",27529,"HAMILTON RBG CS",7,2010-07-08,"DATE: Jul-08<br>Value: 32.1 °C<br>Anomaly: +4.1 °C<br>Weather station: ","DATE: Jul-08<br><b>Maximum temperature</b><br>10-90 percentile<br>24.1 to 32.8 °C","Historical daily maximum<br>33.7 °C<br>2010-07-08","DATE: Jul-08</b><br>Normal: 28.0 °C<br>Period: 1991-2020","6153301","HAMILTON+RBG+CS",2000,2026
"07-08","TMIN",2001-07-08,16.66,11.6,22,3.57894427244448,12.36,13.575,20.125,21.04,16,"","6153301",27529,"HAMILTON RBG CS",7,2010-07-08,"DATE: Jul-08<br>Value: 16.0 °C<br>Anomaly: -0.7 °C<br>Weather station: ","DATE: Jul-08<br><b>Minimum temperature</b><br>10-90 percentile<br>12.4 to 21.0 °C","Historical daily maximum<br>22.0 °C<br>2010-07-08","DATE: Jul-08</b><br>Normal: 16.7 °C<br>Period: 1991-2020","6153301","HAMILTON+RBG+CS",2000,2026
"07-08","VPD",2001-07-08,1.90962758510909,0.807851902114948,2.82964396905367,0.580704196407746,1.37789045670715,1.57663403500459,2.44614447332952,2.71739753306133,2.96342348980245,"","6153301",27529,"HAMILTON RBG CS",7,2026-07-08,"DATE: Jul-08<br>Value: 3.0 kPa<br>Anomaly: +1.1 kPa<br>Weather station: ","DATE: Jul-08<br><b>Vapour pressure deficit</b><br>10-90 percentile<br>1.4 to 2.7 kPa","Historical daily maximum<br>2.8 kPa<br>2026-07-08","DATE: Jul-08</b><br>Normal: 1.9 kPa<br>Period: 1991-2020","6153301","HAMILTON+RBG+CS",2000,2026
"07-09","TMAX",2001-07-09,27.25,20.9,34.7,3.95281378793705,22.16,24.35,29.675,31.91,31.3,"","6153301",27529,"HAMILTON RBG CS",7,2020-07-09,"DATE: Jul-09<br>Value: 31.3 °C<br>Anomaly: +4.1 °C<br>Weather station: ","DATE: Jul-09<br><b>Maximum temperature</b><br>10-90 percentile<br>22.2 to 31.9 °C","Historical daily maximum<br>34.7 °C<br>2020-07-09","DATE: Jul-09</b><br>Normal: 27.2 °C<br>Period: 1991-2020","6153301","HAMILTON+RBG+CS",2000,2026
"07-09","TMIN",2001-07-09,15.285,11.2,20.1,2.95283539028258,11.48,13.025,17.2,19.73,19.7,"","6153301",27529,"HAMILTON RBG CS",7,2013-07-09,"DATE: Jul-09<br>Value: 19.7 °C<br>Anomaly: +4.4 °C<br>Weather station: ","DATE: Jul-09<br><b>Minimum temperature</b><br>10-90 percentile<br>11.5 to 19.7 °C","Historical daily maximum<br>20.1 °C<br>2013-07-09","DATE: Jul-09</b><br>Normal: 15.3 °C<br>Period: 1991-2020","6153301","HAMILTON+RBG+CS",2000,2026
"07-09","VPD",2001-07-09,1.93580661594907,0.948904796949504,3.37351598586663,0.739193362537755,1.23136274816128,1.34748319949918,2.55377873615052,2.89592491049077,2.27468601701124,"","6153301",27529,"HAMILTON RBG CS",7,2020-07-09,"DATE: Jul-09<br>Value: 2.3 kPa<br>Anomaly: +0.3 kPa<br>Weather station: ","DATE: Jul-09<br><b>Vapour pressure deficit</b><br>10-90 percentile<br>1.2 to 2.9 kPa","Historical daily maximum<br>3.4 kPa<br>2020-07-09","DATE: Jul-09</b><br>Normal: 1.9 kPa<br>Period: 1991-2020","6153301","HAMILTON+RBG+CS",2000,2026
"07-10","TMAX",2001-07-10,28.145,21.6,33.7,3.48039244611112,24.26,26.075,29.975,33.41,26.3,"","6153301",27529,"HAMILTON RBG CS",7,2020-07-10,"DATE: Jul-10<br>Value: 26.3 °C<br>Anomaly: -1.8 °C<br>Weather station: ","DATE: Jul-10<br><b>Maximum temperature</b><br>10-90 percentile<br>24.3 to 33.4 °C","Historical daily maximum<br>33.7 °C<br>2020-07-10","DATE: Jul-10</b><br>Normal: 28.1 °C<br>Period: 1991-2020","6153301","HAMILTON+RBG+CS",2000,2026
"07-10","TMIN",2001-07-10,15.24,9.5,19.9,2.63626530092138,11.96,13.85,16.9,18.5,17.1,"","6153301",27529,"HAMILTON RBG CS",7,2020-07-10,"DATE: Jul-10<br>Value: 17.1 °C<br>Anomaly: +1.9 °C<br>Weather station: ","DATE: Jul-10<br><b>Minimum temperature</b><br>10-90 percentile<br>12.0 to 18.5 °C","Historical daily maximum<br>19.9 °C<br>2020-07-10","DATE: Jul-10</b><br>Normal: 15.2 °C<br>Period: 1991-2020","6153301","HAMILTON+RBG+CS",2000,2026
"07-10","VPD",2001-07-10,2.12406270265783,0.853384206064549,3.49289336608725,0.691800201391693,1.25800477275907,1.45767363007641,2.41603978553368,2.92738030204792,1.47147140479993,"","6153301",27529,"HAMILTON RBG CS",7,2005-07-10,"DATE: Jul-10<br>Value: 1.5 kPa<br>Anomaly: -0.7 kPa<br>Weather station: ","DATE: Jul-10<br><b>Vapour pressure deficit</b><br>10-90 percentile<br>1.3 to 2.9 kPa","Historical daily maximum<br>3.5 kPa<br>2005-07-10","DATE: Jul-10</b><br>Normal: 2.1 kPa<br>Period: 1991-2020","6153301","HAMILTON+RBG+CS",2000,2026
"07-11","TMAX",2001-07-11,26.985,23.6,35.1,2.94498235183703,24.09,25.45,28.125,29.76,25.6,"","6153301",27529,"HAMILTON RBG CS",7,2005-07-11,"DATE: Jul-11<br>Value: 25.6 °C<br>Anomaly: -1.4 °C<br>Weather station: ","DATE: Jul-11<br><b>Maximum temperature</b><br>10-90 percentile<br>24.1 to 29.8 °C","Historical daily maximum<br>35.1 °C<br>2005-07-11","DATE: Jul-11</b><br>Normal: 27.0 °C<br>Period: 1991-2020","6153301","HAMILTON+RBG+CS",2000,2026
"07-11","TMIN",2001-07-11,14.46,10.4,19.9,2.97611544767583,11.21,12.075,17.175,18.57,14.9,"","6153301",27529,"HAMILTON RBG CS",7,2011-07-11,"DATE: Jul-11<br>Value: 14.9 °C<br>Anomaly: +0.4 °C<br>Weather station: ","DATE: Jul-11<br><b>Minimum temperature</b><br>10-90 percentile<br>11.2 to 18.6 °C","Historical daily maximum<br>19.9 °C<br>2011-07-11","DATE: Jul-11</b><br>Normal: 14.5 °C<br>Period: 1991-2020","6153301","HAMILTON+RBG+CS",2000,2026
"07-11","VPD",2001-07-11,1.93597721801749,0.906914858434324,3.4288716294917,0.603864504766737,1.22918481987132,1.63958686773002,2.27876907530427,2.70808680139083,1.5883731319674,"","6153301",27529,"HAMILTON RBG CS",7,2005-07-11,"DATE: Jul-11<br>Value: 1.6 kPa<br>Anomaly: -0.3 kPa<br>Weather station: ","DATE: Jul-11<br><b>Vapour pressure deficit</b><br>10-90 percentile<br>1.2 to 2.7 kPa","Historical daily maximum<br>3.4 kPa<br>2005-07-11","DATE: Jul-11</b><br>Normal: 1.9 kPa<br>Period: 1991-2020","6153301","HAMILTON+RBG+CS",2000,2026
"07-12","TMAX",2001-07-12,26.965,20.3,33.9,3.86254279485746,23.18,24.375,28.8,33.12,27,"","6153301",27529,"HAMILTON RBG CS",7,2025-07-12,"DATE: Jul-12<br>Value: 27.0 °C<br>Anomaly: +0.0 °C<br>Weather station: ","DATE: Jul-12<br><b>Maximum temperature</b><br>10-90 percentile<br>23.2 to 33.1 °C","Historical daily maximum<br>33.9 °C<br>2025-07-12","DATE: Jul-12</b><br>Normal: 27.0 °C<br>Period: 1991-2020","6153301","HAMILTON+RBG+CS",2000,2026
"07-12","TMIN",2001-07-12,14.395,8,19.5,3.49382538050683,9.7,11.6,17.425,18.06,13.4,"","6153301",27529,"HAMILTON RBG CS",7,2025-07-12,"DATE: Jul-12<br>Value: 13.4 °C<br>Anomaly: -1.0 °C<br>Weather station: ","DATE: Jul-12<br><b>Minimum temperature</b><br>10-90 percentile<br>9.7 to 18.1 °C","Historical daily maximum<br>19.5 °C<br>2025-07-12","DATE: Jul-12</b><br>Normal: 14.4 °C<br>Period: 1991-2020","6153301","HAMILTON+RBG+CS",2000,2026
"07-12","VPD",2001-07-12,1.96086649258594,0.530325303188161,3.83068640535671,0.847059736061694,1.23190176712473,1.36273900518573,2.54813487141426,2.87078330562823,2.0279263824509,"","6153301",27529,"HAMILTON RBG CS",7,2012-07-12,"DATE: Jul-12<br>Value: 2.0 kPa<br>Anomaly: +0.1 kPa<br>Weather station: ","DATE: Jul-12<br><b>Vapour pressure deficit</b><br>10-90 percentile<br>1.2 to 2.9 kPa","Historical daily maximum<br>3.8 kPa<br>2012-07-12","DATE: Jul-12</b><br>Normal: 2.0 kPa<br>Period: 1991-2020","6153301","HAMILTON+RBG+CS",2000,2026
"07-13","TMAX",2001-07-13,27.605,21.5,34.3,3.44589381881194,24,24.925,30.1,32.6,32.1,"","6153301",27529,"HAMILTON RBG CS",7,2016-07-13,"DATE: Jul-13<br>Value: 32.1 °C<br>Anomaly: +4.5 °C<br>Weather station: ","DATE: Jul-13<br><b>Maximum temperature</b><br>10-90 percentile<br>24.0 to 32.6 °C","Historical daily maximum<br>34.3 °C<br>2016-07-13","DATE: Jul-13</b><br>Normal: 27.6 °C<br>Period: 1991-2020","6153301","HAMILTON+RBG+CS",2000,2026
"07-13","TMIN",2001-07-13,15.265,8.8,20.7,3.24901199557164,10.81,13.35,17.5,19.31,12.1,"","6153301",27529,"HAMILTON RBG CS",7,2025-07-13,"DATE: Jul-13<br>Value: 12.1 °C<br>Anomaly: -3.2 °C<br>Weather station: ","DATE: Jul-13<br><b>Minimum temperature</b><br>10-90 percentile<br>10.8 to 19.3 °C","Historical daily maximum<br>20.7 °C<br>2025-07-13","DATE: Jul-13</b><br>Normal: 15.3 °C<br>Period: 1991-2020","6153301","HAMILTON+RBG+CS",2000,2026
"07-13","VPD",2001-07-13,1.99090899052559,0.687243886558924,3.10704309900844,0.623431670767815,1.40900066882085,1.66703769744946,2.31943190175753,2.96382580654291,3.36987103780416,"","6153301",27529,"HAMILTON RBG CS",7,2026-07-13,"DATE: Jul-13<br>Value: 3.4 kPa<br>Anomaly: +1.4 kPa<br>Weather station: ","DATE: Jul-13<br><b>Vapour pressure deficit</b><br>10-90 percentile<br>1.4 to 3.0 kPa","Historical daily maximum<br>3.1 kPa<br>2026-07-13","DATE: Jul-13</b><br>Normal: 2.0 kPa<br>Period: 1991-2020","6153301","HAMILTON+RBG+CS",2000,2026
"07-14","TMAX",2001-07-14,27.17,21.1,32.5,2.86799031048793,24.7,25.375,28.85,31.28,35.7,"","6153301",27529,"HAMILTON RBG CS",7,2026-07-14,"DATE: Jul-14<br>Value: 35.7 °C<br>Anomaly: +8.5 °C<br>Weather station: ","DATE: Jul-14<br><b>Maximum temperature</b><br>10-90 percentile<br>24.7 to 31.3 °C","Historical daily maximum<br>32.5 °C<br>2026-07-14","DATE: Jul-14</b><br>Normal: 27.2 °C<br>Period: 1991-2020","6153301","HAMILTON+RBG+CS",2000,2026
"07-14","TMIN",2001-07-14,15.665,8.3,21.9,3.48398969724744,12.31,12.875,18.3,18.84,20.7,"","6153301",27529,"HAMILTON RBG CS",7,2005-07-14,"DATE: Jul-14<br>Value: 20.7 °C<br>Anomaly: +5.0 °C<br>Weather station: ","DATE: Jul-14<br><b>Minimum temperature</b><br>10-90 percentile<br>12.3 to 18.8 °C","Historical daily maximum<br>21.9 °C<br>2005-07-14","DATE: Jul-14</b><br>Normal: 15.7 °C<br>Period: 1991-2020","6153301","HAMILTON+RBG+CS",2000,2026
"07-14","VPD",2001-07-14,1.82721168159791,0.851103599944339,3.30529427143336,0.548282921477642,1.1139972766413,1.50865095259273,2.03055638057919,2.43622450627298,3.40235921158663,"","6153301",27529,"HAMILTON RBG CS",7,2026-07-14,"DATE: Jul-14<br>Value: 3.4 kPa<br>Anomaly: +1.6 kPa<br>Weather station: ","DATE: Jul-14<br><b>Vapour pressure deficit</b><br>10-90 percentile<br>1.1 to 2.4 kPa","Historical daily maximum<br>3.3 kPa<br>2026-07-14","DATE: Jul-14</b><br>Normal: 1.8 kPa<br>Period: 1991-2020","6153301","HAMILTON+RBG+CS",2000,2026
"07-15","TMAX",2001-07-15,27.5052631578947,19.8,33.3,3.59559509588708,22.6,25.7,30.35,31.62,28,"","6153301",27529,"HAMILTON RBG CS",7,2002-07-15,"DATE: Jul-15<br>Value: 28.0 °C<br>Anomaly: +0.5 °C<br>Weather station: ","DATE: Jul-15<br><b>Maximum temperature</b><br>10-90 percentile<br>22.6 to 31.6 °C","Historical daily maximum<br>33.3 °C<br>2002-07-15","DATE: Jul-15</b><br>Normal: 27.5 °C<br>Period: 1991-2020","6153301","HAMILTON+RBG+CS",2000,2026
"07-15","TMIN",2001-07-15,15.6,10.4,23.3,3.6998498468031,11.04,12.85,18.25,19.74,20.4,"","6153301",27529,"HAMILTON RBG CS",7,2005-07-15,"DATE: Jul-15<br>Value: 20.4 °C<br>Anomaly: +4.8 °C<br>Weather station: ","DATE: Jul-15<br><b>Minimum temperature</b><br>10-90 percentile<br>11.0 to 19.7 °C","Historical daily maximum<br>23.3 °C<br>2005-07-15","DATE: Jul-15</b><br>Normal: 15.6 °C<br>Period: 1991-2020","6153301","HAMILTON+RBG+CS",2000,2026
"07-15","VPD",2001-07-15,1.92343918015001,0.359444986432494,3.18992969291996,0.708067923941576,0.969664378891565,1.56713176495918,2.37162501475906,2.5187423925724,1.38311995354988,"","6153301",27529,"HAMILTON RBG CS",7,2002-07-15,"DATE: Jul-15<br>Value: 1.4 kPa<br>Anomaly: -0.5 kPa<br>Weather station: ","DATE: Jul-15<br><b>Vapour pressure deficit</b><br>10-90 percentile<br>1.0 to 2.5 kPa","Historical daily maximum<br>3.2 kPa<br>2002-07-15","DATE: Jul-15</b><br>Normal: 1.9 kPa<br>Period: 1991-2020","6153301","HAMILTON+RBG+CS",2000,2026
"07-16","TMAX",2001-07-16,27.6277777777778,21.6,34.7,4.41052291891797,22.29,23.5,31.55,33.77,28.9,"","6153301",27529,"HAMILTON RBG CS",7,2012-07-16,"DATE: Jul-16<br>Value: 28.9 °C<br>Anomaly: +1.3 °C<br>Weather station: ","DATE: Jul-16<br><b>Maximum temperature</b><br>10-90 percentile<br>22.3 to 33.8 °C","Historical daily maximum<br>34.7 °C<br>2012-07-16","DATE: Jul-16</b><br>Normal: 27.6 °C<br>Period: 1991-2020","6153301","HAMILTON+RBG+CS",2000,2026
"07-16","TMIN",2001-07-16,16.4947368421053,9,22.6,3.54173116556336,12.4,14.3,19.2,20.2,17.9,"","6153301",27529,"HAMILTON RBG CS",7,2005-07-16,"DATE: Jul-16<br>Value: 17.9 °C<br>Anomaly: +1.4 °C<br>Weather station: ","DATE: Jul-16<br><b>Minimum temperature</b><br>10-90 percentile<br>12.4 to 20.2 °C","Historical daily maximum<br>22.6 °C<br>2005-07-16","DATE: Jul-16</b><br>Normal: 16.5 °C<br>Period: 1991-2020","6153301","HAMILTON+RBG+CS",2000,2026
"07-16","VPD",2001-07-16,1.90914571547422,0.760887935582909,3.42687288109763,0.852214346965946,0.959162147863672,1.33722877433416,2.54622032417129,3.22727602187492,1.93153994664984,"","6153301",27529,"HAMILTON RBG CS",7,2012-07-16,"DATE: Jul-16<br>Value: 1.9 kPa<br>Anomaly: +0.0 kPa<br>Weather station: ","DATE: Jul-16<br><b>Vapour pressure deficit</b><br>10-90 percentile<br>1.0 to 3.2 kPa","Historical daily maximum<br>3.4 kPa<br>2012-07-16","DATE: Jul-16</b><br>Normal: 1.9 kPa<br>Period: 1991-2020","6153301","HAMILTON+RBG+CS",2000,2026
"07-17","TMAX",2001-07-17,28.4277777777778,21,38.1,4.65564875817293,23.06,25.35,31.2,34.33,27.5,"","6153301",27529,"HAMILTON RBG CS",7,2012-07-17,"DATE: Jul-17<br>Value: 27.5 °C<br>Anomaly: -0.9 °C<br>Weather station: ","DATE: Jul-17<br><b>Maximum temperature</b><br>10-90 percentile<br>23.1 to 34.3 °C","Historical daily maximum<br>38.1 °C<br>2012-07-17","DATE: Jul-17</b><br>Normal: 28.4 °C<br>Period: 1991-2020","6153301","HAMILTON+RBG+CS",2000,2026
"07-17","TMIN",2001-07-17,16.4444444444444,9.5,22.8,4.20185144377518,11.07,13.6,19.2,21.93,15.7,"","6153301",27529,"HAMILTON RBG CS",7,2012-07-17,"DATE: Jul-17<br>Value: 15.7 °C<br>Anomaly: -0.7 °C<br>Weather station: ","DATE: Jul-17<br><b>Minimum temperature</b><br>10-90 percentile<br>11.1 to 21.9 °C","Historical daily maximum<br>22.8 °C<br>2012-07-17","DATE: Jul-17</b><br>Normal: 16.4 °C<br>Period: 1991-2020","6153301","HAMILTON+RBG+CS",2000,2026
"07-17","VPD",2001-07-17,2.06805890237828,0.585810088398129,3.88503215443864,0.849347877933653,1.10902785472447,1.53482470890105,2.55782218531195,3.02166688055193,1.88753437804803,"","6153301",27529,"HAMILTON RBG CS",7,2012-07-17,"DATE: Jul-17<br>Value: 1.9 kPa<br>Anomaly: -0.2 kPa<br>Weather station: ","DATE: Jul-17<br><b>Vapour pressure deficit</b><br>10-90 percentile<br>1.1 to 3.0 kPa","Historical daily maximum<br>3.9 kPa<br>2012-07-17","DATE: Jul-17</b><br>Normal: 2.1 kPa<br>Period: 1991-2020","6153301","HAMILTON+RBG+CS",2000,2026
"07-18","TMAX",2001-07-18,27.8210526315789,21.1,34.7,3.89523625690099,22.66,24.3,30.4,32.04,32.1,"","6153301",27529,"HAMILTON RBG CS",7,2011-07-18,"DATE: Jul-18<br>Value: 32.1 °C<br>Anomaly: +4.3 °C<br>Weather station: ","DATE: Jul-18<br><b>Maximum temperature</b><br>10-90 percentile<br>22.7 to 32.0 °C","Historical daily maximum<br>34.7 °C<br>2011-07-18","DATE: Jul-18</b><br>Normal: 27.8 °C<br>Period: 1991-2020","6153301","HAMILTON+RBG+CS",2000,2026
"07-18","TMIN",2001-07-18,17.13,9.5,22.9,3.76383063548715,12.97,14.5,20.275,21.81,15.1,"","6153301",27529,"HAMILTON RBG CS",7,2005-07-18,"DATE: Jul-18<br>Value: 15.1 °C<br>Anomaly: -2.0 °C<br>Weather station: ","DATE: Jul-18<br><b>Minimum temperature</b><br>10-90 percentile<br>13.0 to 21.8 °C","Historical daily maximum<br>22.9 °C<br>2005-07-18","DATE: Jul-18</b><br>Normal: 17.1 °C<br>Period: 1991-2020","6153301","HAMILTON+RBG+CS",2000,2026
"07-18","VPD",2001-07-18,1.86066020556805,0.750255013752128,2.94996523990635,0.616124966888111,1.20764751878683,1.37790636358462,2.22779621200997,2.66885943569761,3.06535376258606,"","6153301",27529,"HAMILTON RBG CS",7,2026-07-18,"DATE: Jul-18<br>Value: 3.1 kPa<br>Anomaly: +1.2 kPa<br>Weather station: ","DATE: Jul-18<br><b>Vapour pressure deficit</b><br>10-90 percentile<br>1.2 to 2.7 kPa","Historical daily maximum<br>2.9 kPa<br>2026-07-18","DATE: Jul-18</b><br>Normal: 1.9 kPa<br>Period: 1991-2020","6153301","HAMILTON+RBG+CS",2000,2026
"07-19","TMAX",2001-07-19,27.22,18.8,33.5,3.80409751383122,22.27,24.625,29.975,30.74,26.2,"","6153301",27529,"HAMILTON RBG CS",7,2022-07-19,"DATE: Jul-19<br>Value: 26.2 °C<br>Anomaly: -1.0 °C<br>Weather station: ","DATE: Jul-19<br><b>Maximum temperature</b><br>10-90 percentile<br>22.3 to 30.7 °C","Historical daily maximum<br>33.5 °C<br>2022-07-19","DATE: Jul-19</b><br>Normal: 27.2 °C<br>Period: 1991-2020","6153301","HAMILTON+RBG+CS",2000,2026
"07-19","TMIN",2001-07-19,16.25,10.4,22.1,3.65131555239449,11.57,12.675,19,20.91,12.6,"","6153301",27529,"HAMILTON RBG CS",7,2020-07-19,"DATE: Jul-19<br>Value: 12.6 °C<br>Anomaly: -3.6 °C<br>Weather station: ","DATE: Jul-19<br><b>Minimum temperature</b><br>10-90 percentile<br>11.6 to 20.9 °C","Historical daily maximum<br>22.1 °C<br>2020-07-19","DATE: Jul-19</b><br>Normal: 16.2 °C<br>Period: 1991-2020","6153301","HAMILTON+RBG+CS",2000,2026
"07-19","VPD",2001-07-19,1.79449346950876,0.701494399577141,2.68594598869042,0.591821101840993,1.06884707183867,1.35450943063624,2.28287684013182,2.50288069660581,1.94235841067074,"","6153301",27529,"HAMILTON RBG CS",7,2022-07-19,"DATE: Jul-19<br>Value: 1.9 kPa<br>Anomaly: +0.1 kPa<br>Weather station: ","DATE: Jul-19<br><b>Vapour pressure deficit</b><br>10-90 percentile<br>1.1 to 2.5 kPa","Historical daily maximum<br>2.7 kPa<br>2022-07-19","DATE: Jul-19</b><br>Normal: 1.8 kPa<br>Period: 1991-2020","6153301","HAMILTON+RBG+CS",2000,2026
"07-20","TMAX",2001-07-20,27.1631578947368,22.1,35.4,3.26040395014616,23.74,24.65,29.2,30.44,27.2,"","6153301",27529,"HAMILTON RBG CS",7,2011-07-20,"DATE: Jul-20<br>Value: 27.2 °C<br>Anomaly: +0.0 °C<br>Weather station: ","DATE: Jul-20<br><b>Maximum temperature</b><br>10-90 percentile<br>23.7 to 30.4 °C","Historical daily maximum<br>35.4 °C<br>2011-07-20","DATE: Jul-20</b><br>Normal: 27.2 °C<br>Period: 1991-2020","6153301","HAMILTON+RBG+CS",2000,2026
"07-20","TMIN",2001-07-20,14.5421052631579,8.3,18.6,2.82062163941719,11.12,12.6,16.45,17.9,10.2,"","6153301",27529,"HAMILTON RBG CS",7,2008-07-20,"DATE: Jul-20<br>Value: 10.2 °C<br>Anomaly: -4.3 °C<br>Weather station: ","DATE: Jul-20<br><b>Minimum temperature</b><br>10-90 percentile<br>11.1 to 17.9 °C","Historical daily maximum<br>18.6 °C<br>2008-07-20","DATE: Jul-20</b><br>Normal: 14.5 °C<br>Period: 1991-2020","6153301","HAMILTON+RBG+CS",2000,2026
"07-20","VPD",2001-07-20,1.97744982027152,0.516936420628013,3.71001055354016,0.709316522299511,1.23226280697364,1.6174616971134,2.31334565865178,2.68350049606208,2.36287114713635,"","6153301",27529,"HAMILTON RBG CS",7,2011-07-20,"DATE: Jul-20<br>Value: 2.4 kPa<br>Anomaly: +0.4 kPa<br>Weather station: ","DATE: Jul-20<br><b>Vapour pressure deficit</b><br>10-90 percentile<br>1.2 to 2.7 kPa","Historical daily maximum<br>3.7 kPa<br>2011-07-20","DATE: Jul-20</b><br>Normal: 2.0 kPa<br>Period: 1991-2020","6153301","HAMILTON+RBG+CS",2000,2026
"07-21","TMAX",2001-07-21,28,19.9,37.8,4.60241482509152,21.8,25.4,30.9,32.66,24.8,"","6153301",27529,"HAMILTON RBG CS",7,2011-07-21,"DATE: Jul-21<br>Value: 24.8 °C<br>Anomaly: -3.2 °C<br>Weather station: ","DATE: Jul-21<br><b>Maximum temperature</b><br>10-90 percentile<br>21.8 to 32.7 °C","Historical daily maximum<br>37.8 °C<br>2011-07-21","DATE: Jul-21</b><br>Normal: 28.0 °C<br>Period: 1991-2020","6153301","HAMILTON+RBG+CS",2000,2026
"07-21","TMIN",2001-07-21,16.4263157894737,10.7,24.5,3.07857147702977,12.9,14.75,17.75,19.22,15.3,"","6153301",27529,"HAMILTON RBG CS",7,2011-07-21,"DATE: Jul-21<br>Value: 15.3 °C<br>Anomaly: -1.1 °C<br>Weather station: ","DATE: Jul-21<br><b>Minimum temperature</b><br>10-90 percentile<br>12.9 to 19.2 °C","Historical daily maximum<br>24.5 °C<br>2011-07-21","DATE: Jul-21</b><br>Normal: 16.4 °C<br>Period: 1991-2020","6153301","HAMILTON+RBG+CS",2000,2026
"07-21","VPD",2001-07-21,1.99374894706918,0.413905769478683,3.47879940946134,0.872852308724403,0.949207952516095,1.2858233944585,2.59222058940491,2.97757212314945,1.39167132385175,"","6153301",27529,"HAMILTON RBG CS",7,2011-07-21,"DATE: Jul-21<br>Value: 1.4 kPa<br>Anomaly: -0.6 kPa<br>Weather station: ","DATE: Jul-21<br><b>Vapour pressure deficit</b><br>10-90 percentile<br>0.9 to 3.0 kPa","Historical daily maximum<br>3.5 kPa<br>2011-07-21","DATE: Jul-21</b><br>Normal: 2.0 kPa<br>Period: 1991-2020","6153301","HAMILTON+RBG+CS",2000,2026
"07-22","TMAX",2001-07-22,27.61,20.9,35.1,4.83146485360071,22.13,23.375,31.325,34.27,22.5,"","6153301",27529,"HAMILTON RBG CS",7,2016-07-22,"DATE: Jul-22<br>Value: 22.5 °C<br>Anomaly: -5.1 °C<br>Weather station: ","DATE: Jul-22<br><b>Maximum temperature</b><br>10-90 percentile<br>22.1 to 34.3 °C","Historical daily maximum<br>35.1 °C<br>2016-07-22","DATE: Jul-22</b><br>Normal: 27.6 °C<br>Period: 1991-2020","6153301","HAMILTON+RBG+CS",2000,2026
"07-22","TMIN",2001-07-22,16.66,10.2,22.9,3.52426177413534,13,13.9,19.125,20.53,9.7,"","6153301",27529,"HAMILTON RBG CS",7,2004-07-22,"DATE: Jul-22<br>Value: 9.7 °C<br>Anomaly: -7.0 °C<br>Weather station: ","DATE: Jul-22<br><b>Minimum temperature</b><br>10-90 percentile<br>13.0 to 20.5 °C","Historical daily maximum<br>22.9 °C<br>2004-07-22","DATE: Jul-22</b><br>Normal: 16.7 °C<br>Period: 1991-2020","6153301","HAMILTON+RBG+CS",2000,2026
"07-22","VPD",2001-07-22,1.88287583031623,0.666990650752369,3.27177341055161,0.850497709158471,0.872672565056488,1.0413050293579,2.54737245365925,3.02211445126989,1.52209375524702,"","6153301",27529,"HAMILTON RBG CS",7,2016-07-22,"DATE: Jul-22<br>Value: 1.5 kPa<br>Anomaly: -0.4 kPa<br>Weather station: ","DATE: Jul-22<br><b>Vapour pressure deficit</b><br>10-90 percentile<br>0.9 to 3.0 kPa","Historical daily maximum<br>3.3 kPa<br>2016-07-22","DATE: Jul-22</b><br>Normal: 1.9 kPa<br>Period: 1991-2020","6153301","HAMILTON+RBG+CS",2000,2026
"07-23","TMAX",2001-07-23,27.505,22.8,35.3,4.1108937432657,22.9,24.575,29.75,34.41,25.6,"","6153301",27529,"HAMILTON RBG CS",7,2012-07-23,"DATE: Jul-23<br>Value: 25.6 °C<br>Anomaly: -1.9 °C<br>Weather station: ","DATE: Jul-23<br><b>Maximum temperature</b><br>10-90 percentile<br>22.9 to 34.4 °C","Historical daily maximum<br>35.3 °C<br>2012-07-23","DATE: Jul-23</b><br>Normal: 27.5 °C<br>Period: 1991-2020","6153301","HAMILTON+RBG+CS",2000,2026
"07-23","TMIN",2001-07-23,16.44,9.6,22.1,3.228067696414,12.49,14.125,19.3,19.63,10.5,"","6153301",27529,"HAMILTON RBG CS",7,2011-07-23,"DATE: Jul-23<br>Value: 10.5 °C<br>Anomaly: -5.9 °C<br>Weather station: ","DATE: Jul-23<br><b>Minimum temperature</b><br>10-90 percentile<br>12.5 to 19.6 °C","Historical daily maximum<br>22.1 °C<br>2011-07-23","DATE: Jul-23</b><br>Normal: 16.4 °C<br>Period: 1991-2020","6153301","HAMILTON+RBG+CS",2000,2026
"07-23","VPD",2001-07-23,1.86159949598421,0.792502791312174,3.39273920935771,0.772029088428917,0.931514796172899,1.28616771379991,2.3339979076333,2.87096887148807,2.01305427848275,"","6153301",27529,"HAMILTON RBG CS",7,2012-07-23,"DATE: Jul-23<br>Value: 2.0 kPa<br>Anomaly: +0.2 kPa<br>Weather station: ","DATE: Jul-23<br><b>Vapour pressure deficit</b><br>10-90 percentile<br>0.9 to 2.9 kPa","Historical daily maximum<br>3.4 kPa<br>2012-07-23","DATE: Jul-23</b><br>Normal: 1.9 kPa<br>Period: 1991-2020","6153301","HAMILTON+RBG+CS",2000,2026
"07-24","TMAX",2001-07-24,25.95,21,33,3.02002091313777,22.42,23.525,27.575,29.12,25.9,"","6153301",27529,"HAMILTON RBG CS",7,2025-07-24,"DATE: Jul-24<br>Value: 25.9 °C<br>Anomaly: -0.1 °C<br>Weather station: ","DATE: Jul-24<br><b>Maximum temperature</b><br>10-90 percentile<br>22.4 to 29.1 °C","Historical daily maximum<br>33.0 °C<br>2025-07-24","DATE: Jul-24</b><br>Normal: 26.0 °C<br>Period: 1991-2020","6153301","HAMILTON+RBG+CS",2000,2026
"07-24","TMIN",2001-07-24,15.225,9.7,23.7,3.81201355826826,10.52,12.2,17.35,20.27,10.3,"","6153301",27529,"HAMILTON RBG CS",7,2001-07-24,"DATE: Jul-24<br>Value: 10.3 °C<br>Anomaly: -4.9 °C<br>Weather station: ","DATE: Jul-24<br><b>Minimum temperature</b><br>10-90 percentile<br>10.5 to 20.3 °C","Historical daily maximum<br>23.7 °C<br>2001-07-24","DATE: Jul-24</b><br>Normal: 15.2 °C<br>Period: 1991-2020","6153301","HAMILTON+RBG+CS",2000,2026
"07-24","VPD",2001-07-24,1.62206984349173,0.811001125154286,2.70437125909184,0.498031781311335,1.19735027190926,1.29878977031973,1.81273220043145,2.39464788395661,2.08875245165275,"","6153301",27529,"HAMILTON RBG CS",7,2025-07-24,"DATE: Jul-24<br>Value: 2.1 kPa<br>Anomaly: +0.5 kPa<br>Weather station: ","DATE: Jul-24<br><b>Vapour pressure deficit</b><br>10-90 percentile<br>1.2 to 2.4 kPa","Historical daily maximum<br>2.7 kPa<br>2025-07-24","DATE: Jul-24</b><br>Normal: 1.6 kPa<br>Period: 1991-2020","6153301","HAMILTON+RBG+CS",2000,2026
"07-25","TMAX",2001-07-25,27.19,22.1,32.9,3.54013083314579,23.27,23.825,30.625,31.51,24.7,"","6153301",27529,"HAMILTON RBG CS",7,2005-07-25,"DATE: Jul-25<br>Value: 24.7 °C<br>Anomaly: -2.5 °C<br>Weather station: ","DATE: Jul-25<br><b>Maximum temperature</b><br>10-90 percentile<br>23.3 to 31.5 °C","Historical daily maximum<br>32.9 °C<br>2005-07-25","DATE: Jul-25</b><br>Normal: 27.2 °C<br>Period: 1991-2020","6153301","HAMILTON+RBG+CS",2000,2026
"07-25","TMIN",2001-07-25,14.895,9.3,20.8,3.13611811673369,10.63,13.175,17,18.94,14.5,"","6153301",27529,"HAMILTON RBG CS",7,2006-07-25,"DATE: Jul-25<br>Value: 14.5 °C<br>Anomaly: -0.4 °C<br>Weather station: ","DATE: Jul-25<br><b>Minimum temperature</b><br>10-90 percentile<br>10.6 to 18.9 °C","Historical daily maximum<br>20.8 °C<br>2006-07-25","DATE: Jul-25</b><br>Normal: 14.9 °C<br>Period: 1991-2020","6153301","HAMILTON+RBG+CS",2000,2026
"07-25","VPD",2001-07-25,1.94733870563237,0.975293648469572,2.92499886238021,0.602447966508511,1.16889593960387,1.54236823460321,2.46998204392948,2.67822885454583,1.46039075557158,"","6153301",27529,"HAMILTON RBG CS",7,2005-07-25,"DATE: Jul-25<br>Value: 1.5 kPa<br>Anomaly: -0.5 kPa<br>Weather station: ","DATE: Jul-25<br><b>Vapour pressure deficit</b><br>10-90 percentile<br>1.2 to 2.7 kPa","Historical daily maximum<br>2.9 kPa<br>2005-07-25","DATE: Jul-25</b><br>Normal: 1.9 kPa<br>Period: 1991-2020","6153301","HAMILTON+RBG+CS",2000,2026
"07-26","TMAX",2001-07-26,27.055,21.2,32.7,3.07305351315867,23.13,25.225,29.25,29.89,28.4,"","6153301",27529,"HAMILTON RBG CS",7,2020-07-26,"DATE: Jul-26<br>Value: 28.4 °C<br>Anomaly: +1.3 °C<br>Weather station: ","DATE: Jul-26<br><b>Maximum temperature</b><br>10-90 percentile<br>23.1 to 29.9 °C","Historical daily maximum<br>32.7 °C<br>2020-07-26","DATE: Jul-26</b><br>Normal: 27.1 °C<br>Period: 1991-2020","6153301","HAMILTON+RBG+CS",2000,2026
"07-26","TMIN",2001-07-26,15.915,10,20,2.59458444091778,13.32,14.5,17.65,19.07,14.9,"","6153301",27529,"HAMILTON RBG CS",7,2006-07-26,"DATE: Jul-26<br>Value: 14.9 °C<br>Anomaly: -1.0 °C<br>Weather station: ","DATE: Jul-26<br><b>Minimum temperature</b><br>10-90 percentile<br>13.3 to 19.1 °C","Historical daily maximum<br>20.0 °C<br>2006-07-26","DATE: Jul-26</b><br>Normal: 15.9 °C<br>Period: 1991-2020","6153301","HAMILTON+RBG+CS",2000,2026
"07-26","VPD",2001-07-26,1.79548511740742,0.617727068457075,2.74872545153643,0.529289104052174,1.13966990087789,1.504403761935,2.12986129409851,2.40543537210817,2.17446567871924,"","6153301",27529,"HAMILTON RBG CS",7,2021-07-26,"DATE: Jul-26<br>Value: 2.2 kPa<br>Anomaly: +0.4 kPa<br>Weather station: ","DATE: Jul-26<br><b>Vapour pressure deficit</b><br>10-90 percentile<br>1.1 to 2.4 kPa","Historical daily maximum<br>2.7 kPa<br>2021-07-26","DATE: Jul-26</b><br>Normal: 1.8 kPa<br>Period: 1991-2020","6153301","HAMILTON+RBG+CS",2000,2026
"07-27","TMAX",2001-07-27,27.32,19.1,33.8,3.82300515577113,23.13,24.575,30.075,32.24,30.7,"","6153301",27529,"HAMILTON RBG CS",7,2016-07-27,"DATE: Jul-27<br>Value: 30.7 °C<br>Anomaly: +3.4 °C<br>Weather station: ","DATE: Jul-27<br><b>Maximum temperature</b><br>10-90 percentile<br>23.1 to 32.2 °C","Historical daily maximum<br>33.8 °C<br>2016-07-27","DATE: Jul-27</b><br>Normal: 27.3 °C<br>Period: 1991-2020","6153301","HAMILTON+RBG+CS",2000,2026
"07-27","TMIN",2001-07-27,16.455,10,22.5,3.11033506402868,13.61,14.4,17.55,21.08,16.2,"","6153301",27529,"HAMILTON RBG CS",7,2003-07-27,"DATE: Jul-27<br>Value: 16.2 °C<br>Anomaly: -0.3 °C<br>Weather station: ","DATE: Jul-27<br><b>Minimum temperature</b><br>10-90 percentile<br>13.6 to 21.1 °C","Historical daily maximum<br>22.5 °C<br>2003-07-27","DATE: Jul-27</b><br>Normal: 16.5 °C<br>Period: 1991-2020","6153301","HAMILTON+RBG+CS",2000,2026
"07-27","VPD",2001-07-27,1.80465831062276,0.357716984800253,3.27291430409049,0.708262581188945,1.21393421870476,1.33861584198138,2.25160325083653,2.62451130536169,2.5747839029084,"","6153301",27529,"HAMILTON RBG CS",7,2016-07-27,"DATE: Jul-27<br>Value: 2.6 kPa<br>Anomaly: +0.8 kPa<br>Weather station: ","DATE: Jul-27<br><b>Vapour pressure deficit</b><br>10-90 percentile<br>1.2 to 2.6 kPa","Historical daily maximum<br>3.3 kPa<br>2016-07-27","DATE: Jul-27</b><br>Normal: 1.8 kPa<br>Period: 1991-2020","6153301","HAMILTON+RBG+CS",2000,2026
"07-28","TMAX",2001-07-28,26.67,20.5,32.8,3.5392684346672,22.36,24.15,29.65,31.16,28.5,"","6153301",27529,"HAMILTON RBG CS",7,2025-07-28,"DATE: Jul-28<br>Value: 28.5 °C<br>Anomaly: +1.8 °C<br>Weather station: ","DATE: Jul-28<br><b>Maximum temperature</b><br>10-90 percentile<br>22.4 to 31.2 °C","Historical daily maximum<br>32.8 °C<br>2025-07-28","DATE: Jul-28</b><br>Normal: 26.7 °C<br>Period: 1991-2020","6153301","HAMILTON+RBG+CS",2000,2026
"07-28","TMIN",2001-07-28,15.88,10,20.7,3.52040667507246,11.03,12.05,18.725,20.05,16.1,"","6153301",27529,"HAMILTON RBG CS",7,2002-07-28,"DATE: Jul-28<br>Value: 16.1 °C<br>Anomaly: +0.2 °C<br>Weather station: ","DATE: Jul-28<br><b>Minimum temperature</b><br>10-90 percentile<br>11.0 to 20.0 °C","Historical daily maximum<br>20.7 °C<br>2002-07-28","DATE: Jul-28</b><br>Normal: 15.9 °C<br>Period: 1991-2020","6153301","HAMILTON+RBG+CS",2000,2026
"07-28","VPD",2001-07-28,1.7178175800932,0.791953948385584,3.07279668448052,0.613957161560557,1.00368568807623,1.28394627036389,2.07705583506946,2.3718790702707,2.06144628675872,"","6153301",27529,"HAMILTON RBG CS",7,2025-07-28,"DATE: Jul-28<br>Value: 2.1 kPa<br>Anomaly: +0.3 kPa<br>Weather station: ","DATE: Jul-28<br><b>Vapour pressure deficit</b><br>10-90 percentile<br>1.0 to 2.4 kPa","Historical daily maximum<br>3.1 kPa<br>2025-07-28","DATE: Jul-28</b><br>Normal: 1.7 kPa<br>Period: 1991-2020","6153301","HAMILTON+RBG+CS",2000,2026
"07-29","TMAX",2001-07-29,27.335,21.8,33,3.52095606035454,22.93,25.075,30.575,32.21,27.9,"","6153301",27529,"HAMILTON RBG CS",7,2025-07-29,"DATE: Jul-29<br>Value: 27.9 °C<br>Anomaly: +0.6 °C<br>Weather station: ","DATE: Jul-29<br><b>Maximum temperature</b><br>10-90 percentile<br>22.9 to 32.2 °C","Historical daily maximum<br>33.0 °C<br>2025-07-29","DATE: Jul-29</b><br>Normal: 27.3 °C<br>Period: 1991-2020","6153301","HAMILTON+RBG+CS",2000,2026
"07-29","TMIN",2001-07-29,15.605,10.9,22.1,3.31209505965794,11.99,13.15,18.475,19.53,14.8,"","6153301",27529,"HAMILTON RBG CS",7,2002-07-29,"DATE: Jul-29<br>Value: 14.8 °C<br>Anomaly: -0.8 °C<br>Weather station: ","DATE: Jul-29<br><b>Minimum temperature</b><br>10-90 percentile<br>12.0 to 19.5 °C","Historical daily maximum<br>22.1 °C<br>2002-07-29","DATE: Jul-29</b><br>Normal: 15.6 °C<br>Period: 1991-2020","6153301","HAMILTON+RBG+CS",2000,2026
"07-29","VPD",2001-07-29,1.89351738931821,0.93386476010566,3.02046148064673,0.599362430576,1.14055924304671,1.37298830920438,2.21926184315836,2.64425163669158,2.07446558284092,"","6153301",27529,"HAMILTON RBG CS",7,2025-07-29,"DATE: Jul-29<br>Value: 2.1 kPa<br>Anomaly: +0.2 kPa<br>Weather station: ","DATE: Jul-29<br><b>Vapour pressure deficit</b><br>10-90 percentile<br>1.1 to 2.6 kPa","Historical daily maximum<br>3.0 kPa<br>2025-07-29","DATE: Jul-29</b><br>Normal: 1.9 kPa<br>Period: 1991-2020","6153301","HAMILTON+RBG+CS",2000,2026
"07-30","TMAX",2001-07-30,27.22,23.6,32.5,2.85723458499372,23.8,24.55,29.525,31.26,30.3,"","6153301",27529,"HAMILTON RBG CS",7,2011-07-30,"DATE: Jul-30<br>Value: 30.3 °C<br>Anomaly: +3.1 °C<br>Weather station: ","DATE: Jul-30<br><b>Maximum temperature</b><br>10-90 percentile<br>23.8 to 31.3 °C","Historical daily maximum<br>32.5 °C<br>2011-07-30","DATE: Jul-30</b><br>Normal: 27.2 °C<br>Period: 1991-2020","6153301","HAMILTON+RBG+CS",2000,2026
"07-30","TMIN",2001-07-30,15.61,11.8,20,2.65407333417106,12.85,13.075,18.225,18.74,13.3,"","6153301",27529,"HAMILTON RBG CS",7,2024-07-30,"DATE: Jul-30<br>Value: 13.3 °C<br>Anomaly: -2.3 °C<br>Weather station: ","DATE: Jul-30<br><b>Minimum temperature</b><br>10-90 percentile<br>12.8 to 18.7 °C","Historical daily maximum<br>20.0 °C<br>2024-07-30","DATE: Jul-30</b><br>Normal: 15.6 °C<br>Period: 1991-2020","6153301","HAMILTON+RBG+CS",2000,2026
"07-30","VPD",2001-07-30,1.85912644878463,0.796548193971737,3.13355357235319,0.601346896684187,1.24825967352751,1.45033789434918,2.20958824870198,2.61120383298205,2.78920766996794,"","6153301",27529,"HAMILTON RBG CS",7,2012-07-30,"DATE: Jul-30<br>Value: 2.8 kPa<br>Anomaly: +0.9 kPa<br>Weather station: ","DATE: Jul-30<br><b>Vapour pressure deficit</b><br>10-90 percentile<br>1.2 to 2.6 kPa","Historical daily maximum<br>3.1 kPa<br>2012-07-30","DATE: Jul-30</b><br>Normal: 1.9 kPa<br>Period: 1991-2020","6153301","HAMILTON+RBG+CS",2000,2026
"07-31","TMAX",2001-07-31,28.075,21.4,34.1,3.61034697268253,24.08,24.9,30.575,33.13,31.7,"","6153301",27529,"HAMILTON RBG CS",7,2007-07-31,"DATE: Jul-31<br>Value: 31.7 °C<br>Anomaly: +3.6 °C<br>Weather station: ","DATE: Jul-31<br><b>Maximum temperature</b><br>10-90 percentile<br>24.1 to 33.1 °C","Historical daily maximum<br>34.1 °C<br>2007-07-31","DATE: Jul-31</b><br>Normal: 28.1 °C<br>Period: 1991-2020","6153301","HAMILTON+RBG+CS",2000,2026
"07-31","TMIN",2001-07-31,16.275,10.9,20.7,2.76764672981445,12.28,14.675,18.125,19.61,11.5,"","6153301",27529,"HAMILTON RBG CS",7,2006-07-31,"DATE: Jul-31<br>Value: 11.5 °C<br>Anomaly: -4.8 °C<br>Weather station: ","DATE: Jul-31<br><b>Minimum temperature</b><br>10-90 percentile<br>12.3 to 19.6 °C","Historical daily maximum<br>20.7 °C<br>2006-07-31","DATE: Jul-31</b><br>Normal: 16.3 °C<br>Period: 1991-2020","6153301","HAMILTON+RBG+CS",2000,2026
"07-31","VPD",2001-07-31,1.99181707474218,0.81020670301078,3.31077255144341,0.698031430494599,0.989519277463389,1.71778272253743,2.4496691359223,2.73934774683682,3.31777440011858,"","6153301",27529,"HAMILTON RBG CS",7,2026-07-31,"DATE: Jul-31<br>Value: 3.3 kPa<br>Anomaly: +1.3 kPa<br>Weather station: ","DATE: Jul-31<br><b>Vapour pressure deficit</b><br>10-90 percentile<br>1.0 to 2.7 kPa","Historical daily maximum<br>3.3 kPa<br>2026-07-31","DATE: Jul-31</b><br>Normal: 2.0 kPa<br>Period: 1991-2020","6153301","HAMILTON+RBG+CS",2000,2026
"08-01","TMAX",2001-08-01,28.85,23.7,35.4,3.42536974569707,24.69,26.3,30.55,34.21,27.3,"","6153301",27529,"HAMILTON RBG CS",8,2006-08-01,"DATE: Aug-01<br>Value: 27.3 °C<br>Anomaly: -1.6 °C<br>Weather station: ","DATE: Aug-01<br><b>Maximum temperature</b><br>10-90 percentile<br>24.7 to 34.2 °C","Historical daily maximum<br>35.4 °C<br>2006-08-01","DATE: Aug-01</b><br>Normal: 28.8 °C<br>Period: 1991-2020","6153301","HAMILTON+RBG+CS",2000,2026
"08-01","TMIN",2001-08-01,16.85,12.8,25.7,2.88343727629296,13.75,15.325,17.9,19.19,18.7,"","6153301",27529,"HAMILTON RBG CS",8,2006-08-01,"DATE: Aug-01<br>Value: 18.7 °C<br>Anomaly: +1.8 °C<br>Weather station: ","DATE: Aug-01<br><b>Minimum temperature</b><br>10-90 percentile<br>13.8 to 19.2 °C","Historical daily maximum<br>25.7 °C<br>2006-08-01","DATE: Aug-01</b><br>Normal: 16.8 °C<br>Period: 1991-2020","6153301","HAMILTON+RBG+CS",2000,2026
"08-01","VPD",2001-08-01,2.08936645853192,0.968181717107724,3.35771055036365,0.652052218967171,1.23625932210117,1.70139771072678,2.39085093867263,2.93431035976465,1.4719718659182,"","6153301",27529,"HAMILTON RBG CS",8,2007-08-01,"DATE: Aug-01<br>Value: 1.5 kPa<br>Anomaly: -0.6 kPa<br>Weather station: ","DATE: Aug-01<br><b>Vapour pressure deficit</b><br>10-90 percentile<br>1.2 to 2.9 kPa","Historical daily maximum<br>3.4 kPa<br>2007-08-01","DATE: Aug-01</b><br>Normal: 2.1 kPa<br>Period: 1991-2020","6153301","HAMILTON+RBG+CS",2000,2026
"08-02","TMAX",2001-08-02,28.85,20.9,36.1,3.46660762432852,25.48,26.85,30.825,32.88,21.5,"","6153301",27529,"HAMILTON RBG CS",8,2007-08-02,"DATE: Aug-02<br>Value: 21.5 °C<br>Anomaly: -7.4 °C<br>Weather station: ","DATE: Aug-02<br><b>Maximum temperature</b><br>10-90 percentile<br>25.5 to 32.9 °C","Historical daily maximum<br>36.1 °C<br>2007-08-02","DATE: Aug-02</b><br>Normal: 28.8 °C<br>Period: 1991-2020","6153301","HAMILTON+RBG+CS",2000,2026
"08-02","TMIN",2001-08-02,17.16,12.2,24.2,3.1157325741604,13.74,15.025,19.225,20.57,17.7,"","6153301",27529,"HAMILTON RBG CS",8,2002-08-02,"DATE: Aug-02<br>Value: 17.7 °C<br>Anomaly: +0.5 °C<br>Weather station: ","DATE: Aug-02<br><b>Minimum temperature</b><br>10-90 percentile<br>13.7 to 20.6 °C","Historical daily maximum<br>24.2 °C<br>2002-08-02","DATE: Aug-02</b><br>Normal: 17.2 °C<br>Period: 1991-2020","6153301","HAMILTON+RBG+CS",2000,2026
"08-02","VPD",2001-08-02,2.0472768568746,0.355295238254362,3.7625321084546,0.714981061130179,1.36661104852522,1.54001047248809,2.50705715116443,2.64444295167881,0.539043500905609,"","6153301",27529,"HAMILTON RBG CS",8,2007-08-02,"DATE: Aug-02<br>Value: 0.5 kPa<br>Anomaly: -1.5 kPa<br>Weather station: ","DATE: Aug-02<br><b>Vapour pressure deficit</b><br>10-90 percentile<br>1.4 to 2.6 kPa","Historical daily maximum<br>3.8 kPa<br>2007-08-02","DATE: Aug-02</b><br>Normal: 2.0 kPa<br>Period: 1991-2020","6153301","HAMILTON+RBG+CS",2000,2026
"08-03","TMAX",2001-08-03,27.675,22.5,34.1,3.37886231242349,23.97,25.45,29.85,32.72,27.8,"","6153301",27529,"HAMILTON RBG CS",8,2007-08-03,"DATE: Aug-03<br>Value: 27.8 °C<br>Anomaly: +0.1 °C<br>Weather station: ","DATE: Aug-03<br><b>Maximum temperature</b><br>10-90 percentile<br>24.0 to 32.7 °C","Historical daily maximum<br>34.1 °C<br>2007-08-03","DATE: Aug-03</b><br>Normal: 27.7 °C<br>Period: 1991-2020","6153301","HAMILTON+RBG+CS",2000,2026
"08-03","TMIN",2001-08-03,16.87,11.7,21.2,2.55942016459732,13.72,14.8,18.7,19.81,14,"","6153301",27529,"HAMILTON RBG CS",8,2005-08-03,"DATE: Aug-03<br>Value: 14.0 °C<br>Anomaly: -2.9 °C<br>Weather station: ","DATE: Aug-03<br><b>Minimum temperature</b><br>10-90 percentile<br>13.7 to 19.8 °C","Historical daily maximum<br>21.2 °C<br>2005-08-03","DATE: Aug-03</b><br>Normal: 16.9 °C<br>Period: 1991-2020","6153301","HAMILTON+RBG+CS",2000,2026
"08-03","VPD",2001-08-03,1.8274171235243,0.76316194902659,3.48368277388566,0.702295340562542,0.986111363389123,1.38984009172842,2.3212498313867,2.59338813225143,2.13753008133191,"","6153301",27529,"HAMILTON RBG CS",8,2007-08-03,"DATE: Aug-03<br>Value: 2.1 kPa<br>Anomaly: +0.3 kPa<br>Weather station: ","DATE: Aug-03<br><b>Vapour pressure deficit</b><br>10-90 percentile<br>1.0 to 2.6 kPa","Historical daily maximum<br>3.5 kPa<br>2007-08-03","DATE: Aug-03</b><br>Normal: 1.8 kPa<br>Period: 1991-2020","6153301","HAMILTON+RBG+CS",2000,2026
"08-04","TMAX",2001-08-04,27.955,22.8,33.2,2.79124099923125,24.55,26.05,29.8,31.72,28.9,"","6153301",27529,"HAMILTON RBG CS",8,2012-08-04,"DATE: Aug-04<br>Value: 28.9 °C<br>Anomaly: +0.9 °C<br>Weather station: ","DATE: Aug-04<br><b>Maximum temperature</b><br>10-90 percentile<br>24.6 to 31.7 °C","Historical daily maximum<br>33.2 °C<br>2012-08-04","DATE: Aug-04</b><br>Normal: 28.0 °C<br>Period: 1991-2020","6153301","HAMILTON+RBG+CS",2000,2026
"08-04","TMIN",2001-08-04,15.675,10.7,21.4,2.83286631858042,13.07,14.025,17.05,19.22,12,"","6153301",27529,"HAMILTON RBG CS",8,2005-08-04,"DATE: Aug-04<br>Value: 12.0 °C<br>Anomaly: -3.7 °C<br>Weather station: ","DATE: Aug-04<br><b>Minimum temperature</b><br>10-90 percentile<br>13.1 to 19.2 °C","Historical daily maximum<br>21.4 °C<br>2005-08-04","DATE: Aug-04</b><br>Normal: 15.7 °C<br>Period: 1991-2020","6153301","HAMILTON+RBG+CS",2000,2026
"08-04","VPD",2001-08-04,2.0057073542934,0.980442951815263,2.88945981748699,0.493819894676096,1.53387361270315,1.73317756457251,2.15268984776726,2.88051584097219,2.58002329261432,"","6153301",27529,"HAMILTON RBG CS",8,2012-08-04,"DATE: Aug-04<br>Value: 2.6 kPa<br>Anomaly: +0.6 kPa<br>Weather station: ","DATE: Aug-04<br><b>Vapour pressure deficit</b><br>10-90 percentile<br>1.5 to 2.9 kPa","Historical daily maximum<br>2.9 kPa<br>2012-08-04","DATE: Aug-04</b><br>Normal: 2.0 kPa<br>Period: 1991-2020","6153301","HAMILTON+RBG+CS",2000,2026
"08-05","TMAX",2001-08-05,26.855,21.3,33.4,3.2822448992949,23.17,24.45,29.525,31.08,NA,NA,NA,NA,NA,8,2016-08-05,"","DATE: Aug-05<br><b>Maximum temperature</b><br>10-90 percentile<br>23.2 to 31.1 °C","Historical daily maximum<br>33.4 °C<br>2016-08-05","DATE: Aug-05</b><br>Normal: 26.9 °C<br>Period: 1991-2020","6153301","HAMILTON+RBG+CS",2000,2026
"08-05","TMIN",2001-08-05,14.485,10.1,21.4,3.00145140329071,10.91,12.175,16.5,17.69,NA,NA,NA,NA,NA,8,2016-08-05,"","DATE: Aug-05<br><b>Minimum temperature</b><br>10-90 percentile<br>10.9 to 17.7 °C","Historical daily maximum<br>21.4 °C<br>2016-08-05","DATE: Aug-05</b><br>Normal: 14.5 °C<br>Period: 1991-2020","6153301","HAMILTON+RBG+CS",2000,2026
"08-05","VPD",2001-08-05,1.91411224424168,0.892628541995381,3.08182957113471,0.549588420200782,1.28388501153933,1.47907917664061,2.22375367445028,2.60090244291396,NA,NA,NA,NA,NA,8,2001-08-05,"","DATE: Aug-05<br><b>Vapour pressure deficit</b><br>10-90 percentile<br>1.3 to 2.6 kPa","Historical daily maximum<br>3.1 kPa<br>2001-08-05","DATE: Aug-05</b><br>Normal: 1.9 kPa<br>Period: 1991-2020","6153301","HAMILTON+RBG+CS",2000,2026
"08-06","TMAX",2001-08-06,26.875,22,35.8,3.3557295857431,23.51,24.55,28.45,30.49,29.9,NA,"6153301",27529,"HAMILTON RBG CS",8,2001-08-06,"DATE: Aug-06<br>Value: 29.9 °C<br>Anomaly: +3.0 °C<br>Weather station: NA","DATE: Aug-06<br><b>Maximum temperature</b><br>10-90 percentile<br>23.5 to 30.5 °C","Historical daily maximum<br>35.8 °C<br>2001-08-06","DATE: Aug-06</b><br>Normal: 26.9 °C<br>Period: 1991-2020","6153301","HAMILTON+RBG+CS",2000,2026
"08-06","TMIN",2001-08-06,14.37,10.2,19.1,2.98964880880681,10.67,12.1,17.15,18.61,16.7,NA,"6153301",27529,"HAMILTON RBG CS",8,2018-08-06,"DATE: Aug-06<br>Value: 16.7 °C<br>Anomaly: +2.3 °C<br>Weather station: NA","DATE: Aug-06<br><b>Minimum temperature</b><br>10-90 percentile<br>10.7 to 18.6 °C","Historical daily maximum<br>19.1 °C<br>2018-08-06","DATE: Aug-06</b><br>Normal: 14.4 °C<br>Period: 1991-2020","6153301","HAMILTON+RBG+CS",2000,2026
"08-06","VPD",2001-08-06,1.93531987053673,0.960419664177486,3.90123712666664,0.602098067730074,1.49160812662835,1.65733844257186,2.19467012321334,2.44882162976792,2.31759308765641,NA,"6153301",27529,"HAMILTON RBG CS",8,2001-08-06,"DATE: Aug-06<br>Value: 2.3 kPa<br>Anomaly: +0.4 kPa<br>Weather station: NA","DATE: Aug-06<br><b>Vapour pressure deficit</b><br>10-90 percentile<br>1.5 to 2.4 kPa","Historical daily maximum<br>3.9 kPa<br>2001-08-06","DATE: Aug-06</b><br>Normal: 1.9 kPa<br>Period: 1991-2020","6153301","HAMILTON+RBG+CS",2000,2026
"08-07","TMAX",2001-08-07,27.04,22,35.8,3.57673770796503,23.21,24.45,29.3,31.63,NA,NA,NA,NA,NA,8,2001-08-07,"","DATE: Aug-07<br><b>Maximum temperature</b><br>10-90 percentile<br>23.2 to 31.6 °C","Historical daily maximum<br>35.8 °C<br>2001-08-07","DATE: Aug-07</b><br>Normal: 27.0 °C<br>Period: 1991-2020","6153301","HAMILTON+RBG+CS",2000,2026
"08-07","TMIN",2001-08-07,14.92,9.7,23.1,3.5923310127636,10.71,11.8,16.95,18.74,NA,NA,NA,NA,NA,8,2001-08-07,"","DATE: Aug-07<br><b>Minimum temperature</b><br>10-90 percentile<br>10.7 to 18.7 °C","Historical daily maximum<br>23.1 °C<br>2001-08-07","DATE: Aug-07</b><br>Normal: 14.9 °C<br>Period: 1991-2020","6153301","HAMILTON+RBG+CS",2000,2026
"08-07","VPD",2001-08-07,1.90579191134027,1.09476534952403,3.12936764094872,0.574318526516719,1.26053297465411,1.57332142711064,2.25278920834812,2.57089504625762,NA,NA,NA,NA,NA,8,2012-08-07,"","DATE: Aug-07<br><b>Vapour pressure deficit</b><br>10-90 percentile<br>1.3 to 2.6 kPa","Historical daily maximum<br>3.1 kPa<br>2012-08-07","DATE: Aug-07</b><br>Normal: 1.9 kPa<br>Period: 1991-2020","6153301","HAMILTON+RBG+CS",2000,2026
"08-08","TMAX",2001-08-08,27.29,21.1,37.3,3.84610534382373,23.17,24.95,28.75,31.44,NA,NA,NA,NA,NA,8,2001-08-08,"","DATE: Aug-08<br><b>Maximum temperature</b><br>10-90 percentile<br>23.2 to 31.4 °C","Historical daily maximum<br>37.3 °C<br>2001-08-08","DATE: Aug-08</b><br>Normal: 27.3 °C<br>Period: 1991-2020","6153301","HAMILTON+RBG+CS",2000,2026
"08-08","TMIN",2001-08-08,14.775,9.7,20.8,3.43968710327277,10.28,11.975,17.55,18.76,NA,NA,NA,NA,NA,8,2001-08-08,"","DATE: Aug-08<br><b>Minimum temperature</b><br>10-90 percentile<br>10.3 to 18.8 °C","Historical daily maximum<br>20.8 °C<br>2001-08-08","DATE: Aug-08</b><br>Normal: 14.8 °C<br>Period: 1991-2020","6153301","HAMILTON+RBG+CS",2000,2026
"08-08","VPD",2001-08-08,1.99059012076347,1.07618382300368,3.92145940900929,0.727976214344962,1.24956392277747,1.49298372109902,2.33704216158915,2.73021489200948,NA,NA,NA,NA,NA,8,2001-08-08,"","DATE: Aug-08<br><b>Vapour pressure deficit</b><br>10-90 percentile<br>1.2 to 2.7 kPa","Historical daily maximum<br>3.9 kPa<br>2001-08-08","DATE: Aug-08</b><br>Normal: 2.0 kPa<br>Period: 1991-2020","6153301","HAMILTON+RBG+CS",2000,2026
"08-09","TMAX",2001-08-09,27.2789473684211,22,35.3,3.30093908311095,23.34,25.55,28.7,30.74,NA,NA,NA,NA,NA,8,2001-08-09,"","DATE: Aug-09<br><b>Maximum temperature</b><br>10-90 percentile<br>23.3 to 30.7 °C","Historical daily maximum<br>35.3 °C<br>2001-08-09","DATE: Aug-09</b><br>Normal: 27.3 °C<br>Period: 1991-2020","6153301","HAMILTON+RBG+CS",2000,2026
"08-09","TMIN",2001-08-09,15.7157894736842,10.2,24.5,3.91624297820341,10.78,12,18,19.18,NA,NA,NA,NA,NA,8,2001-08-09,"","DATE: Aug-09<br><b>Minimum temperature</b><br>10-90 percentile<br>10.8 to 19.2 °C","Historical daily maximum<br>24.5 °C<br>2001-08-09","DATE: Aug-09</b><br>Normal: 15.7 °C<br>Period: 1991-2020","6153301","HAMILTON+RBG+CS",2000,2026
"08-09","VPD",2001-08-09,1.84833073116146,0.779358858527516,2.91083923325004,0.598912681136213,1.22818194173983,1.45944321002946,2.27023312606947,2.64924175492652,NA,NA,NA,NA,NA,8,2016-08-09,"","DATE: Aug-09<br><b>Vapour pressure deficit</b><br>10-90 percentile<br>1.2 to 2.6 kPa","Historical daily maximum<br>2.9 kPa<br>2016-08-09","DATE: Aug-09</b><br>Normal: 1.8 kPa<br>Period: 1991-2020","6153301","HAMILTON+RBG+CS",2000,2026
"08-10","TMAX",2001-08-10,27.66,17.5,35.7,4.1230290347089,23.39,25.25,30.675,31.72,NA,NA,NA,NA,NA,8,2016-08-10,"","DATE: Aug-10<br><b>Maximum temperature</b><br>10-90 percentile<br>23.4 to 31.7 °C","Historical daily maximum<br>35.7 °C<br>2016-08-10","DATE: Aug-10</b><br>Normal: 27.7 °C<br>Period: 1991-2020","6153301","HAMILTON+RBG+CS",2000,2026
"08-10","TMIN",2001-08-10,15.97,11.3,21.8,3.46988548271523,11.59,13.05,19.05,20.07,NA,NA,NA,NA,NA,8,2021-08-10,"","DATE: Aug-10<br><b>Minimum temperature</b><br>10-90 percentile<br>11.6 to 20.1 °C","Historical daily maximum<br>21.8 °C<br>2021-08-10","DATE: Aug-10</b><br>Normal: 16.0 °C<br>Period: 1991-2020","6153301","HAMILTON+RBG+CS",2000,2026
"08-10","VPD",2001-08-10,1.94034565000919,0.660864815500103,3.40235921158663,0.616922166805378,1.32693365278066,1.62868230233184,2.20450516042529,2.43885301977593,NA,NA,NA,NA,NA,8,2016-08-10,"","DATE: Aug-10<br><b>Vapour pressure deficit</b><br>10-90 percentile<br>1.3 to 2.4 kPa","Historical daily maximum<br>3.4 kPa<br>2016-08-10","DATE: Aug-10</b><br>Normal: 1.9 kPa<br>Period: 1991-2020","6153301","HAMILTON+RBG+CS",2000,2026
"08-11","TMAX",2001-08-11,26.9,21.6,34,3.03471146638532,23.8,25.15,28.55,29.93,NA,NA,NA,NA,NA,8,2025-08-11,"","DATE: Aug-11<br><b>Maximum temperature</b><br>10-90 percentile<br>23.8 to 29.9 °C","Historical daily maximum<br>34.0 °C<br>2025-08-11","DATE: Aug-11</b><br>Normal: 26.9 °C<br>Period: 1991-2020","6153301","HAMILTON+RBG+CS",2000,2026
"08-11","TMIN",2001-08-11,14.94,9.3,19,2.70970963680419,10.97,12.675,16.825,17.34,NA,NA,NA,NA,NA,8,2021-08-11,"","DATE: Aug-11<br><b>Minimum temperature</b><br>10-90 percentile<br>11.0 to 17.3 °C","Historical daily maximum<br>19.0 °C<br>2021-08-11","DATE: Aug-11</b><br>Normal: 14.9 °C<br>Period: 1991-2020","6153301","HAMILTON+RBG+CS",2000,2026
"08-11","VPD",2001-08-11,1.87271263592715,1.07690207422008,3.12186688597435,0.60044406671071,1.18718814835605,1.42109924811515,2.06633908115271,2.6231212720652,NA,NA,NA,NA,NA,8,2025-08-11,"","DATE: Aug-11<br><b>Vapour pressure deficit</b><br>10-90 percentile<br>1.2 to 2.6 kPa","Historical daily maximum<br>3.1 kPa<br>2025-08-11","DATE: Aug-11</b><br>Normal: 1.9 kPa<br>Period: 1991-2020","6153301","HAMILTON+RBG+CS",2000,2026
"08-12","TMAX",2001-08-12,26.5947368421053,22.6,33.6,2.63448786594083,23.76,25,28.15,29.52,NA,NA,NA,NA,NA,8,2025-08-12,"","DATE: Aug-12<br><b>Maximum temperature</b><br>10-90 percentile<br>23.8 to 29.5 °C","Historical daily maximum<br>33.6 °C<br>2025-08-12","DATE: Aug-12</b><br>Normal: 26.6 °C<br>Period: 1991-2020","6153301","HAMILTON+RBG+CS",2000,2026
"08-12","TMIN",2001-08-12,15.62,8.7,23.6,3.53026016634826,12.29,13.025,17.175,20.11,NA,NA,NA,NA,NA,8,2016-08-12,"","DATE: Aug-12<br><b>Minimum temperature</b><br>10-90 percentile<br>12.3 to 20.1 °C","Historical daily maximum<br>23.6 °C<br>2016-08-12","DATE: Aug-12</b><br>Normal: 15.6 °C<br>Period: 1991-2020","6153301","HAMILTON+RBG+CS",2000,2026
"08-12","VPD",2001-08-12,1.7617717721452,0.886546319783664,2.84913532703879,0.501325980029441,1.27301965870505,1.46617182848675,1.9927455919571,2.42665078059966,NA,NA,NA,NA,NA,8,2002-08-12,"","DATE: Aug-12<br><b>Vapour pressure deficit</b><br>10-90 percentile<br>1.3 to 2.4 kPa","Historical daily maximum<br>2.8 kPa<br>2002-08-12","DATE: Aug-12</b><br>Normal: 1.8 kPa<br>Period: 1991-2020","6153301","HAMILTON+RBG+CS",2000,2026
"08-13","TMAX",2001-08-13,26.85,18.8,33.8,3.59597728463056,21.69,26.175,28.9,30.65,NA,NA,NA,NA,NA,8,2002-08-13,"","DATE: Aug-13<br><b>Maximum temperature</b><br>10-90 percentile<br>21.7 to 30.6 °C","Historical daily maximum<br>33.8 °C<br>2002-08-13","DATE: Aug-13</b><br>Normal: 26.8 °C<br>Period: 1991-2020","6153301","HAMILTON+RBG+CS",2000,2026
"08-13","TMIN",2001-08-13,14.95,8.4,22.1,3.81803200890886,10.51,12.725,16.8,20.12,NA,NA,NA,NA,NA,8,2002-08-13,"","DATE: Aug-13<br><b>Minimum temperature</b><br>10-90 percentile<br>10.5 to 20.1 °C","Historical daily maximum<br>22.1 °C<br>2002-08-13","DATE: Aug-13</b><br>Normal: 14.9 °C<br>Period: 1991-2020","6153301","HAMILTON+RBG+CS",2000,2026
"08-13","VPD",2001-08-13,1.85405040785329,0.65264611890795,2.61894447504258,0.543124037396308,1.21619698126868,1.49114292042742,2.25783198632849,2.56529926599946,NA,NA,NA,NA,NA,8,2001-08-13,"","DATE: Aug-13<br><b>Vapour pressure deficit</b><br>10-90 percentile<br>1.2 to 2.6 kPa","Historical daily maximum<br>2.6 kPa<br>2001-08-13","DATE: Aug-13</b><br>Normal: 1.9 kPa<br>Period: 1991-2020","6153301","HAMILTON+RBG+CS",2000,2026
"08-14","TMAX",2001-08-14,26.465,18.8,32.4,3.5572424269665,22.03,24.45,28.925,30.36,NA,NA,NA,NA,NA,8,2003-08-14,"","DATE: Aug-14<br><b>Maximum temperature</b><br>10-90 percentile<br>22.0 to 30.4 °C","Historical daily maximum<br>32.4 °C<br>2003-08-14","DATE: Aug-14</b><br>Normal: 26.5 °C<br>Period: 1991-2020","6153301","HAMILTON+RBG+CS",2000,2026
"08-14","TMIN",2001-08-14,15.445,10.2,23.8,3.4732776875362,11.06,12.625,17.575,19.31,NA,NA,NA,NA,NA,8,2002-08-14,"","DATE: Aug-14<br><b>Minimum temperature</b><br>10-90 percentile<br>11.1 to 19.3 °C","Historical daily maximum<br>23.8 °C<br>2002-08-14","DATE: Aug-14</b><br>Normal: 15.4 °C<br>Period: 1991-2020","6153301","HAMILTON+RBG+CS",2000,2026
"08-14","VPD",2001-08-14,1.72504573299443,0.865259070438967,2.86332422315292,0.556334962929177,0.887303672415755,1.33570546284695,2.09571328035107,2.28768041652277,NA,NA,NA,NA,NA,8,2003-08-14,"","DATE: Aug-14<br><b>Vapour pressure deficit</b><br>10-90 percentile<br>0.9 to 2.3 kPa","Historical daily maximum<br>2.9 kPa<br>2003-08-14","DATE: Aug-14</b><br>Normal: 1.7 kPa<br>Period: 1991-2020","6153301","HAMILTON+RBG+CS",2000,2026
"08-15","TMAX",2001-08-15,27.775,23.3,31.9,2.74588208433149,23.86,25.675,29.825,30.83,NA,NA,NA,NA,NA,8,2003-08-15,"","DATE: Aug-15<br><b>Maximum temperature</b><br>10-90 percentile<br>23.9 to 30.8 °C","Historical daily maximum<br>31.9 °C<br>2003-08-15","DATE: Aug-15</b><br>Normal: 27.8 °C<br>Period: 1991-2020","6153301","HAMILTON+RBG+CS",2000,2026
"08-15","TMIN",2001-08-15,15.405,9.2,22.8,3.82876577612434,10.56,12.35,18.25,19.67,NA,NA,NA,NA,NA,8,2010-08-15,"","DATE: Aug-15<br><b>Minimum temperature</b><br>10-90 percentile<br>10.6 to 19.7 °C","Historical daily maximum<br>22.8 °C<br>2010-08-15","DATE: Aug-15</b><br>Normal: 15.4 °C<br>Period: 1991-2020","6153301","HAMILTON+RBG+CS",2000,2026
"08-15","VPD",2001-08-15,1.97506553125333,1.24634379839232,2.85469099875217,0.42024499010729,1.55910892063591,1.64985547837553,2.31375664823021,2.51823309918137,NA,NA,NA,NA,NA,8,2001-08-15,"","DATE: Aug-15<br><b>Vapour pressure deficit</b><br>10-90 percentile<br>1.6 to 2.5 kPa","Historical daily maximum<br>2.9 kPa<br>2001-08-15","DATE: Aug-15</b><br>Normal: 2.0 kPa<br>Period: 1991-2020","6153301","HAMILTON+RBG+CS",2000,2026
"08-16","TMAX",2001-08-16,27.635,20.7,31,2.95194405167349,23.84,26.025,30.35,30.9,NA,NA,NA,NA,NA,8,2025-08-16,"","DATE: Aug-16<br><b>Maximum temperature</b><br>10-90 percentile<br>23.8 to 30.9 °C","Historical daily maximum<br>31.0 °C<br>2025-08-16","DATE: Aug-16</b><br>Normal: 27.6 °C<br>Period: 1991-2020","6153301","HAMILTON+RBG+CS",2000,2026
"08-16","TMIN",2001-08-16,15.17,10.3,22.9,3.34209200163138,11.75,12.9,17.25,19.28,NA,NA,NA,NA,NA,8,2002-08-16,"","DATE: Aug-16<br><b>Minimum temperature</b><br>10-90 percentile<br>11.8 to 19.3 °C","Historical daily maximum<br>22.9 °C<br>2002-08-16","DATE: Aug-16</b><br>Normal: 15.2 °C<br>Period: 1991-2020","6153301","HAMILTON+RBG+CS",2000,2026
"08-16","VPD",2001-08-16,1.98609273382351,1.02970473901026,2.9790771432045,0.546737974602162,1.34008370212576,1.53465892699312,2.40354917000815,2.63903621708841,NA,NA,NA,NA,NA,8,2025-08-16,"","DATE: Aug-16<br><b>Vapour pressure deficit</b><br>10-90 percentile<br>1.3 to 2.6 kPa","Historical daily maximum<br>3.0 kPa<br>2025-08-16","DATE: Aug-16</b><br>Normal: 2.0 kPa<br>Period: 1991-2020","6153301","HAMILTON+RBG+CS",2000,2026
"08-17","TMAX",2001-08-17,27.0789473684211,21.2,32.2,3.01451653528729,23.4,25.5,28.9,30.8,NA,NA,NA,NA,NA,8,2015-08-17,"","DATE: Aug-17<br><b>Maximum temperature</b><br>10-90 percentile<br>23.4 to 30.8 °C","Historical daily maximum<br>32.2 °C<br>2015-08-17","DATE: Aug-17</b><br>Normal: 27.1 °C<br>Period: 1991-2020","6153301","HAMILTON+RBG+CS",2000,2026
"08-17","TMIN",2001-08-17,14.7842105263158,9.6,23,3.82974660575964,10.5,11.55,16.9,19.92,NA,NA,NA,NA,NA,8,2009-08-17,"","DATE: Aug-17<br><b>Minimum temperature</b><br>10-90 percentile<br>10.5 to 19.9 °C","Historical daily maximum<br>23.0 °C<br>2009-08-17","DATE: Aug-17</b><br>Normal: 14.8 °C<br>Period: 1991-2020","6153301","HAMILTON+RBG+CS",2000,2026
"08-17","VPD",2001-08-17,1.90207204860298,1.06949414206963,2.67188128269194,0.435657092058451,1.31941010815297,1.63948794987726,2.10699177601502,2.52401112575588,NA,NA,NA,NA,NA,8,2011-08-17,"","DATE: Aug-17<br><b>Vapour pressure deficit</b><br>10-90 percentile<br>1.3 to 2.5 kPa","Historical daily maximum<br>2.7 kPa<br>2011-08-17","DATE: Aug-17</b><br>Normal: 1.9 kPa<br>Period: 1991-2020","6153301","HAMILTON+RBG+CS",2000,2026
"08-18","TMAX",2001-08-18,26.145,20.6,31,2.64823178346371,22.68,25.075,27.35,29.27,NA,NA,NA,NA,NA,8,2011-08-18,"","DATE: Aug-18<br><b>Maximum temperature</b><br>10-90 percentile<br>22.7 to 29.3 °C","Historical daily maximum<br>31.0 °C<br>2011-08-18","DATE: Aug-18</b><br>Normal: 26.1 °C<br>Period: 1991-2020","6153301","HAMILTON+RBG+CS",2000,2026
"08-18","TMIN",2001-08-18,15.37,9.4,23.3,4.10033374764851,10.41,11.65,18.05,19.72,NA,NA,NA,NA,NA,8,2002-08-18,"","DATE: Aug-18<br><b>Minimum temperature</b><br>10-90 percentile<br>10.4 to 19.7 °C","Historical daily maximum<br>23.3 °C<br>2002-08-18","DATE: Aug-18</b><br>Normal: 15.4 °C<br>Period: 1991-2020","6153301","HAMILTON+RBG+CS",2000,2026
"08-18","VPD",2001-08-18,1.62728479105754,0.580925304840708,2.61541641702204,0.486155775902817,1.14233464787726,1.40452248262142,1.90939824188749,2.30882665894177,NA,NA,NA,NA,NA,8,2022-08-18,"","DATE: Aug-18<br><b>Vapour pressure deficit</b><br>10-90 percentile<br>1.1 to 2.3 kPa","Historical daily maximum<br>2.6 kPa<br>2022-08-18","DATE: Aug-18</b><br>Normal: 1.6 kPa<br>Period: 1991-2020","6153301","HAMILTON+RBG+CS",2000,2026
"08-19","TMAX",2001-08-19,25.52,20,31.3,3.62572678739616,21.54,22.45,29.05,30.31,NA,NA,NA,NA,NA,8,2011-08-19,"","DATE: Aug-19<br><b>Maximum temperature</b><br>10-90 percentile<br>21.5 to 30.3 °C","Historical daily maximum<br>31.3 °C<br>2011-08-19","DATE: Aug-19</b><br>Normal: 25.5 °C<br>Period: 1991-2020","6153301","HAMILTON+RBG+CS",2000,2026
"08-19","TMIN",2001-08-19,14.06,9.1,19.3,3.16949273709947,10.37,10.875,16.725,18.15,NA,NA,NA,NA,NA,8,2006-08-19,"","DATE: Aug-19<br><b>Minimum temperature</b><br>10-90 percentile<br>10.4 to 18.2 °C","Historical daily maximum<br>19.3 °C<br>2006-08-19","DATE: Aug-19</b><br>Normal: 14.1 °C<br>Period: 1991-2020","6153301","HAMILTON+RBG+CS",2000,2026
"08-19","VPD",2001-08-19,1.69709748479666,0.709426180346723,3.00214701887012,0.637383904761006,1.03889941437211,1.27386980830853,2.22618474478097,2.49588141226172,NA,NA,NA,NA,NA,8,2011-08-19,"","DATE: Aug-19<br><b>Vapour pressure deficit</b><br>10-90 percentile<br>1.0 to 2.5 kPa","Historical daily maximum<br>3.0 kPa<br>2011-08-19","DATE: Aug-19</b><br>Normal: 1.7 kPa<br>Period: 1991-2020","6153301","HAMILTON+RBG+CS",2000,2026
"08-20","TMAX",2001-08-20,24.7055555555556,18.7,31,3.63455187337606,20.31,21.75,26.475,29.91,NA,NA,NA,NA,NA,8,2011-08-20,"","DATE: Aug-20<br><b>Maximum temperature</b><br>10-90 percentile<br>20.3 to 29.9 °C","Historical daily maximum<br>31.0 °C<br>2011-08-20","DATE: Aug-20</b><br>Normal: 24.7 °C<br>Period: 1991-2020","6153301","HAMILTON+RBG+CS",2000,2026
"08-20","TMIN",2001-08-20,14.055,7.1,21,3.80753753826054,8.76,11.875,16.1,18.42,NA,NA,NA,NA,NA,8,2016-08-20,"","DATE: Aug-20<br><b>Minimum temperature</b><br>10-90 percentile<br>8.8 to 18.4 °C","Historical daily maximum<br>21.0 °C<br>2016-08-20","DATE: Aug-20</b><br>Normal: 14.1 °C<br>Period: 1991-2020","6153301","HAMILTON+RBG+CS",2000,2026
"08-20","VPD",2001-08-20,1.58394504519006,0.697573781210159,2.63604440554647,0.58478867586773,0.9285320778556,1.21679550160366,2.00247477390612,2.42201730985056,NA,NA,NA,NA,NA,8,2022-08-20,"","DATE: Aug-20<br><b>Vapour pressure deficit</b><br>10-90 percentile<br>0.9 to 2.4 kPa","Historical daily maximum<br>2.6 kPa<br>2022-08-20","DATE: Aug-20</b><br>Normal: 1.6 kPa<br>Period: 1991-2020","6153301","HAMILTON+RBG+CS",2000,2026
"08-21","TMAX",2001-08-21,26.165,18.5,31.8,3.50792711320788,21.95,23.175,27.55,30.26,NA,NA,NA,NA,NA,8,2013-08-21,"","DATE: Aug-21<br><b>Maximum temperature</b><br>10-90 percentile<br>21.9 to 30.3 °C","Historical daily maximum<br>31.8 °C<br>2013-08-21","DATE: Aug-21</b><br>Normal: 26.2 °C<br>Period: 1991-2020","6153301","HAMILTON+RBG+CS",2000,2026
"08-21","TMIN",2001-08-21,14.45,6.6,19.4,3.55209352650696,9.7,12,16.925,18.27,NA,NA,NA,NA,NA,8,2021-08-21,"","DATE: Aug-21<br><b>Minimum temperature</b><br>10-90 percentile<br>9.7 to 18.3 °C","Historical daily maximum<br>19.4 °C<br>2021-08-21","DATE: Aug-21</b><br>Normal: 14.4 °C<br>Period: 1991-2020","6153301","HAMILTON+RBG+CS",2000,2026
"08-21","VPD",2001-08-21,1.77279563721096,0.264511190558228,2.7370308286272,0.649585191731992,1.16403665465605,1.39932600225582,2.2138522028642,2.53166504884395,NA,NA,NA,NA,NA,8,2003-08-21,"","DATE: Aug-21<br><b>Vapour pressure deficit</b><br>10-90 percentile<br>1.2 to 2.5 kPa","Historical daily maximum<br>2.7 kPa<br>2003-08-21","DATE: Aug-21</b><br>Normal: 1.8 kPa<br>Period: 1991-2020","6153301","HAMILTON+RBG+CS",2000,2026
"08-22","TMAX",2001-08-22,25.91,22,32.2,2.84566151776423,22.81,23.975,27.975,28.87,NA,NA,NA,NA,NA,8,2020-08-22,"","DATE: Aug-22<br><b>Maximum temperature</b><br>10-90 percentile<br>22.8 to 28.9 °C","Historical daily maximum<br>32.2 °C<br>2020-08-22","DATE: Aug-22</b><br>Normal: 25.9 °C<br>Period: 1991-2020","6153301","HAMILTON+RBG+CS",2000,2026
"08-22","TMIN",2001-08-22,14.0421052631579,6,19.8,3.45837402216605,10.46,11.95,16.4,18.08,NA,NA,NA,NA,NA,8,2010-08-22,"","DATE: Aug-22<br><b>Minimum temperature</b><br>10-90 percentile<br>10.5 to 18.1 °C","Historical daily maximum<br>19.8 °C<br>2010-08-22","DATE: Aug-22</b><br>Normal: 14.0 °C<br>Period: 1991-2020","6153301","HAMILTON+RBG+CS",2000,2026
"08-22","VPD",2001-08-22,1.75714088231029,0.334442942719793,2.75773014625152,0.615050418360993,1.06754770989203,1.31993685421967,2.15854230758539,2.45968969905338,NA,NA,NA,NA,NA,8,2020-08-22,"","DATE: Aug-22<br><b>Vapour pressure deficit</b><br>10-90 percentile<br>1.1 to 2.5 kPa","Historical daily maximum<br>2.8 kPa<br>2020-08-22","DATE: Aug-22</b><br>Normal: 1.8 kPa<br>Period: 1991-2020","6153301","HAMILTON+RBG+CS",2000,2026
"08-23","TMAX",2001-08-23,26.015,21,32.1,3.20070304776935,22.49,23.1,28.55,29.78,NA,NA,NA,NA,NA,8,2020-08-23,"","DATE: Aug-23<br><b>Maximum temperature</b><br>10-90 percentile<br>22.5 to 29.8 °C","Historical daily maximum<br>32.1 °C<br>2020-08-23","DATE: Aug-23</b><br>Normal: 26.0 °C<br>Period: 1991-2020","6153301","HAMILTON+RBG+CS",2000,2026
"08-23","TMIN",2001-08-23,14.3,10.5,18.2,2.49040263073221,11.3,12.025,16.45,17.45,NA,NA,NA,NA,NA,8,2021-08-23,"","DATE: Aug-23<br><b>Minimum temperature</b><br>10-90 percentile<br>11.3 to 17.4 °C","Historical daily maximum<br>18.2 °C<br>2021-08-23","DATE: Aug-23</b><br>Normal: 14.3 °C<br>Period: 1991-2020","6153301","HAMILTON+RBG+CS",2000,2026
"08-23","VPD",2001-08-23,1.76693152840084,0.513372501644025,2.92828752108226,0.701998338504967,0.673141268653215,1.40569654589272,2.19877575536468,2.60062142143153,NA,NA,NA,NA,NA,8,2020-08-23,"","DATE: Aug-23<br><b>Vapour pressure deficit</b><br>10-90 percentile<br>0.7 to 2.6 kPa","Historical daily maximum<br>2.9 kPa<br>2020-08-23","DATE: Aug-23</b><br>Normal: 1.8 kPa<br>Period: 1991-2020","6153301","HAMILTON+RBG+CS",2000,2026
"08-24","TMAX",2001-08-24,25.805,20.6,32.5,3.5451189572499,21.86,23.15,28.55,30.4,NA,NA,NA,NA,NA,8,2007-08-24,"","DATE: Aug-24<br><b>Maximum temperature</b><br>10-90 percentile<br>21.9 to 30.4 °C","Historical daily maximum<br>32.5 °C<br>2007-08-24","DATE: Aug-24</b><br>Normal: 25.8 °C<br>Period: 1991-2020","6153301","HAMILTON+RBG+CS",2000,2026
"08-24","TMIN",2001-08-24,14.77,9.8,21.5,3.24687704206916,10.26,12.85,16.525,18.16,NA,NA,NA,NA,NA,8,2007-08-24,"","DATE: Aug-24<br><b>Minimum temperature</b><br>10-90 percentile<br>10.3 to 18.2 °C","Historical daily maximum<br>21.5 °C<br>2007-08-24","DATE: Aug-24</b><br>Normal: 14.8 °C<br>Period: 1991-2020","6153301","HAMILTON+RBG+CS",2000,2026
"08-24","VPD",2001-08-24,1.67371539184294,0.721206079990249,2.57893428091316,0.621059437061554,0.855430619137871,1.12841565705759,2.14836234343113,2.49989244394537,NA,NA,NA,NA,NA,8,2021-08-24,"","DATE: Aug-24<br><b>Vapour pressure deficit</b><br>10-90 percentile<br>0.9 to 2.5 kPa","Historical daily maximum<br>2.6 kPa<br>2021-08-24","DATE: Aug-24</b><br>Normal: 1.7 kPa<br>Period: 1991-2020","6153301","HAMILTON+RBG+CS",2000,2026
"08-25","TMAX",2001-08-25,26.3,19,31.8,3.50668534449031,21.58,24.575,29.325,29.85,NA,NA,NA,NA,NA,8,2003-08-25,"","DATE: Aug-25<br><b>Maximum temperature</b><br>10-90 percentile<br>21.6 to 29.8 °C","Historical daily maximum<br>31.8 °C<br>2003-08-25","DATE: Aug-25</b><br>Normal: 26.3 °C<br>Period: 1991-2020","6153301","HAMILTON+RBG+CS",2000,2026
"08-25","TMIN",2001-08-25,13.97,8.9,20.2,3.15946364535435,9.78,11.55,15.6,18.09,NA,NA,NA,NA,NA,8,2021-08-25,"","DATE: Aug-25<br><b>Minimum temperature</b><br>10-90 percentile<br>9.8 to 18.1 °C","Historical daily maximum<br>20.2 °C<br>2021-08-25","DATE: Aug-25</b><br>Normal: 14.0 °C<br>Period: 1991-2020","6153301","HAMILTON+RBG+CS",2000,2026
"08-25","VPD",2001-08-25,1.85698753976939,0.284087629376404,2.88760612754278,0.640917673096008,1.10252262619641,1.6207738959101,2.26140242673538,2.52804392459148,NA,NA,NA,NA,NA,8,2013-08-25,"","DATE: Aug-25<br><b>Vapour pressure deficit</b><br>10-90 percentile<br>1.1 to 2.5 kPa","Historical daily maximum<br>2.9 kPa<br>2013-08-25","DATE: Aug-25</b><br>Normal: 1.9 kPa<br>Period: 1991-2020","6153301","HAMILTON+RBG+CS",2000,2026
"08-26","TMAX",2001-08-26,25.68,20.7,31.1,3.42538511088823,21.29,22.8,29.075,29.87,NA,NA,NA,NA,NA,8,2021-08-26,"","DATE: Aug-26<br><b>Maximum temperature</b><br>10-90 percentile<br>21.3 to 29.9 °C","Historical daily maximum<br>31.1 °C<br>2021-08-26","DATE: Aug-26</b><br>Normal: 25.7 °C<br>Period: 1991-2020","6153301","HAMILTON+RBG+CS",2000,2026
"08-26","TMIN",2001-08-26,14.955,7.4,21,3.70681804247255,9.91,13.2,17.275,19.9,NA,NA,NA,NA,NA,8,2004-08-26,"","DATE: Aug-26<br><b>Minimum temperature</b><br>10-90 percentile<br>9.9 to 19.9 °C","Historical daily maximum<br>21.0 °C<br>2004-08-26","DATE: Aug-26</b><br>Normal: 15.0 °C<br>Period: 1991-2020","6153301","HAMILTON+RBG+CS",2000,2026
"08-26","VPD",2001-08-26,1.61482812567352,0.592238889624269,2.67715388831166,0.59079741030811,0.876539650407542,1.22069091792221,2.04648600821346,2.35699639425474,NA,NA,NA,NA,NA,8,2021-08-26,"","DATE: Aug-26<br><b>Vapour pressure deficit</b><br>10-90 percentile<br>0.9 to 2.4 kPa","Historical daily maximum<br>2.7 kPa<br>2021-08-26","DATE: Aug-26</b><br>Normal: 1.6 kPa<br>Period: 1991-2020","6153301","HAMILTON+RBG+CS",2000,2026
"08-27","TMAX",2001-08-27,25.255,19.9,30.1,3.16767804717056,21.18,22.05,28.125,29.01,NA,NA,NA,NA,NA,8,2024-08-27,"","DATE: Aug-27<br><b>Maximum temperature</b><br>10-90 percentile<br>21.2 to 29.0 °C","Historical daily maximum<br>30.1 °C<br>2024-08-27","DATE: Aug-27</b><br>Normal: 25.3 °C<br>Period: 1991-2020","6153301","HAMILTON+RBG+CS",2000,2026
"08-27","TMIN",2001-08-27,14.865,8.2,20.7,3.89362163976987,9.02,12.35,17.55,19.24,NA,NA,NA,NA,NA,8,2004-08-27,"","DATE: Aug-27<br><b>Minimum temperature</b><br>10-90 percentile<br>9.0 to 19.2 °C","Historical daily maximum<br>20.7 °C<br>2004-08-27","DATE: Aug-27</b><br>Normal: 14.9 °C<br>Period: 1991-2020","6153301","HAMILTON+RBG+CS",2000,2026
"08-27","VPD",2001-08-27,1.52899656846394,0.49960820836993,2.34197950207473,0.499004867521394,1.01270874478069,1.15178548215007,1.87634957816357,2.07964365548241,NA,NA,NA,NA,NA,8,2024-08-27,"","DATE: Aug-27<br><b>Vapour pressure deficit</b><br>10-90 percentile<br>1.0 to 2.1 kPa","Historical daily maximum<br>2.3 kPa<br>2024-08-27","DATE: Aug-27</b><br>Normal: 1.5 kPa<br>Period: 1991-2020","6153301","HAMILTON+RBG+CS",2000,2026
"08-28","TMAX",2001-08-28,25.5947368421053,19.3,31.6,3.37399757692901,22.28,22.75,28.35,30,NA,NA,NA,NA,NA,8,2018-08-28,"","DATE: Aug-28<br><b>Maximum temperature</b><br>10-90 percentile<br>22.3 to 30.0 °C","Historical daily maximum<br>31.6 °C<br>2018-08-28","DATE: Aug-28</b><br>Normal: 25.6 °C<br>Period: 1991-2020","6153301","HAMILTON+RBG+CS",2000,2026
"08-28","TMIN",2001-08-28,14.965,8.9,22.9,3.90455536925511,9.95,12.125,17.8,18.64,NA,NA,NA,NA,NA,8,2018-08-28,"","DATE: Aug-28<br><b>Minimum temperature</b><br>10-90 percentile<br>9.9 to 18.6 °C","Historical daily maximum<br>22.9 °C<br>2018-08-28","DATE: Aug-28</b><br>Normal: 15.0 °C<br>Period: 1991-2020","6153301","HAMILTON+RBG+CS",2000,2026
"08-28","VPD",2001-08-28,1.57808703922595,0.629849685499967,2.76930727170189,0.666443477427616,0.756512925792668,0.959297261562022,2.0551249059267,2.36677569155503,NA,NA,NA,NA,NA,8,2007-08-28,"","DATE: Aug-28<br><b>Vapour pressure deficit</b><br>10-90 percentile<br>0.8 to 2.4 kPa","Historical daily maximum<br>2.8 kPa<br>2007-08-28","DATE: Aug-28</b><br>Normal: 1.6 kPa<br>Period: 1991-2020","6153301","HAMILTON+RBG+CS",2000,2026
"08-29","TMAX",2001-08-29,26.34,22.2,33.2,3.22284607794187,22.2,23.45,28.475,29.93,NA,NA,NA,NA,NA,8,2007-08-29,"","DATE: Aug-29<br><b>Maximum temperature</b><br>10-90 percentile<br>22.2 to 29.9 °C","Historical daily maximum<br>33.2 °C<br>2007-08-29","DATE: Aug-29</b><br>Normal: 26.3 °C<br>Period: 1991-2020","6153301","HAMILTON+RBG+CS",2000,2026
"08-29","TMIN",2001-08-29,14.27,9.3,18.6,2.72765563500195,10.86,12.975,16.475,17.49,NA,NA,NA,NA,NA,8,2021-08-29,"","DATE: Aug-29<br><b>Minimum temperature</b><br>10-90 percentile<br>10.9 to 17.5 °C","Historical daily maximum<br>18.6 °C<br>2021-08-29","DATE: Aug-29</b><br>Normal: 14.3 °C<br>Period: 1991-2020","6153301","HAMILTON+RBG+CS",2000,2026
"08-29","VPD",2001-08-29,1.83378665343318,0.573088574571714,3.0106358386416,0.62348091109158,1.20946690110142,1.32038809666297,2.09697810378062,2.65856674022972,NA,NA,NA,NA,NA,8,2010-08-29,"","DATE: Aug-29<br><b>Vapour pressure deficit</b><br>10-90 percentile<br>1.2 to 2.7 kPa","Historical daily maximum<br>3.0 kPa<br>2010-08-29","DATE: Aug-29</b><br>Normal: 1.8 kPa<br>Period: 1991-2020","6153301","HAMILTON+RBG+CS",2000,2026
"08-30","TMAX",2001-08-30,26.12,18.5,33.9,4.04703920363881,20.09,22.875,28.675,29.64,NA,NA,NA,NA,NA,8,2010-08-30,"","DATE: Aug-30<br><b>Maximum temperature</b><br>10-90 percentile<br>20.1 to 29.6 °C","Historical daily maximum<br>33.9 °C<br>2010-08-30","DATE: Aug-30</b><br>Normal: 26.1 °C<br>Period: 1991-2020","6153301","HAMILTON+RBG+CS",2000,2026
"08-30","TMIN",2001-08-30,13.98,9.9,19.7,2.86275538966441,10.65,11.875,15.125,18.31,NA,NA,NA,NA,NA,8,2000-08-30,"","DATE: Aug-30<br><b>Minimum temperature</b><br>10-90 percentile<br>10.6 to 18.3 °C","Historical daily maximum<br>19.7 °C<br>2000-08-30","DATE: Aug-30</b><br>Normal: 14.0 °C<br>Period: 1991-2020","6153301","HAMILTON+RBG+CS",2000,2026
"08-30","VPD",2001-08-30,1.84441587376636,0.766036749793804,3.17323979785394,0.724012708927276,0.858513689538549,1.3685841753759,2.42257125792728,2.72664615032436,NA,NA,NA,NA,NA,8,2010-08-30,"","DATE: Aug-30<br><b>Vapour pressure deficit</b><br>10-90 percentile<br>0.9 to 2.7 kPa","Historical daily maximum<br>3.2 kPa<br>2010-08-30","DATE: Aug-30</b><br>Normal: 1.8 kPa<br>Period: 1991-2020","6153301","HAMILTON+RBG+CS",2000,2026
"08-31","TMAX",2001-08-31,26.455,19.8,34.9,3.97379243491523,21.48,23.875,28.775,30.59,NA,NA,NA,NA,NA,8,2012-08-31,"","DATE: Aug-31<br><b>Maximum temperature</b><br>10-90 percentile<br>21.5 to 30.6 °C","Historical daily maximum<br>34.9 °C<br>2012-08-31","DATE: Aug-31</b><br>Normal: 26.5 °C<br>Period: 1991-2020","6153301","HAMILTON+RBG+CS",2000,2026
"08-31","TMIN",2001-08-31,14.345,7.3,20.2,4.06117367012879,8.87,11.4,17.35,20.01,NA,NA,NA,NA,NA,8,2010-08-31,"","DATE: Aug-31<br><b>Minimum temperature</b><br>10-90 percentile<br>8.9 to 20.0 °C","Historical daily maximum<br>20.2 °C<br>2010-08-31","DATE: Aug-31</b><br>Normal: 14.3 °C<br>Period: 1991-2020","6153301","HAMILTON+RBG+CS",2000,2026
"08-31","VPD",2001-08-31,1.85087185719274,0.792009526885104,3.66619506569294,0.642643705109604,1.26092188513349,1.44059324679293,2.08089325260173,2.40187045221801,NA,NA,NA,NA,NA,8,2012-08-31,"","DATE: Aug-31<br><b>Vapour pressure deficit</b><br>10-90 percentile<br>1.3 to 2.4 kPa","Historical daily maximum<br>3.7 kPa<br>2012-08-31","DATE: Aug-31</b><br>Normal: 1.9 kPa<br>Period: 1991-2020","6153301","HAMILTON+RBG+CS",2000,2026
"09-01","TMAX",2001-09-01,25.485,16.8,32.2,4.13270333342538,19.99,22.5,28.8,30.52,NA,NA,NA,NA,NA,9,2010-09-01,"","DATE: Sep-01<br><b>Maximum temperature</b><br>10-90 percentile<br>20.0 to 30.5 °C","Historical daily maximum<br>32.2 °C<br>2010-09-01","DATE: Sep-01</b><br>Normal: 25.5 °C<br>Period: 1991-2020","6153301","HAMILTON+RBG+CS",2000,2026
"09-01","TMIN",2001-09-01,14.455,6.7,20.6,3.6634000600535,9.83,12.975,17.2,18.41,NA,NA,NA,NA,NA,9,2010-09-01,"","DATE: Sep-01<br><b>Minimum temperature</b><br>10-90 percentile<br>9.8 to 18.4 °C","Historical daily maximum<br>20.6 °C<br>2010-09-01","DATE: Sep-01</b><br>Normal: 14.5 °C<br>Period: 1991-2020","6153301","HAMILTON+RBG+CS",2000,2026
"09-01","VPD",2001-09-01,1.65662122816893,0.69385182297092,2.87827779943729,0.599418973920855,0.879916628942487,1.25109788100094,2.0565041624459,2.40030318625329,NA,NA,NA,NA,NA,9,2018-09-01,"","DATE: Sep-01<br><b>Vapour pressure deficit</b><br>10-90 percentile<br>0.9 to 2.4 kPa","Historical daily maximum<br>2.9 kPa<br>2018-09-01","DATE: Sep-01</b><br>Normal: 1.7 kPa<br>Period: 1991-2020","6153301","HAMILTON+RBG+CS",2000,2026
"09-02","TMAX",2001-09-02,25.735,19,33.5,3.97310365225713,22,22.875,28.225,30.81,NA,NA,NA,NA,NA,9,2015-09-02,"","DATE: Sep-02<br><b>Maximum temperature</b><br>10-90 percentile<br>22.0 to 30.8 °C","Historical daily maximum<br>33.5 °C<br>2015-09-02","DATE: Sep-02</b><br>Normal: 25.7 °C<br>Period: 1991-2020","6153301","HAMILTON+RBG+CS",2000,2026
"09-02","TMIN",2001-09-02,14.11,5.3,22.7,4.64586969933057,7.96,11.9,16.425,20.26,NA,NA,NA,NA,NA,9,2018-09-02,"","DATE: Sep-02<br><b>Minimum temperature</b><br>10-90 percentile<br>8.0 to 20.3 °C","Historical daily maximum<br>22.7 °C<br>2018-09-02","DATE: Sep-02</b><br>Normal: 14.1 °C<br>Period: 1991-2020","6153301","HAMILTON+RBG+CS",2000,2026
"09-02","VPD",2001-09-02,1.71453494951208,0.356287276226007,2.93409326128712,0.642930913136683,1.00236063574829,1.35986531343504,2.00133717482033,2.59818847539696,NA,NA,NA,NA,NA,9,2015-09-02,"","DATE: Sep-02<br><b>Vapour pressure deficit</b><br>10-90 percentile<br>1.0 to 2.6 kPa","Historical daily maximum<br>2.9 kPa<br>2015-09-02","DATE: Sep-02</b><br>Normal: 1.7 kPa<br>Period: 1991-2020","6153301","HAMILTON+RBG+CS",2000,2026
"09-03","TMAX",2001-09-03,27.06,18.5,33.1,3.86759819390196,22.36,24.75,30.225,31.16,NA,NA,NA,NA,NA,9,2011-09-03,"","DATE: Sep-03<br><b>Maximum temperature</b><br>10-90 percentile<br>22.4 to 31.2 °C","Historical daily maximum<br>33.1 °C<br>2011-09-03","DATE: Sep-03</b><br>Normal: 27.1 °C<br>Period: 1991-2020","6153301","HAMILTON+RBG+CS",2000,2026
"09-03","TMIN",2001-09-03,14.75,9.7,21.2,3.613061101935,11.58,12.275,17.8,20.56,NA,NA,NA,NA,NA,9,2011-09-03,"","DATE: Sep-03<br><b>Minimum temperature</b><br>10-90 percentile<br>11.6 to 20.6 °C","Historical daily maximum<br>21.2 °C<br>2011-09-03","DATE: Sep-03</b><br>Normal: 14.8 °C<br>Period: 1991-2020","6153301","HAMILTON+RBG+CS",2000,2026
"09-03","VPD",2001-09-03,1.93527210826358,0.754718876978232,2.9751135285129,0.65001781668434,1.03841243653755,1.47920335060579,2.46792082278965,2.72105710028045,NA,NA,NA,NA,NA,9,2007-09-03,"","DATE: Sep-03<br><b>Vapour pressure deficit</b><br>10-90 percentile<br>1.0 to 2.7 kPa","Historical daily maximum<br>3.0 kPa<br>2007-09-03","DATE: Sep-03</b><br>Normal: 1.9 kPa<br>Period: 1991-2020","6153301","HAMILTON+RBG+CS",2000,2026
"09-04","TMAX",2001-09-04,24.61,17,29.2,2.99770087338877,21.41,23.95,26.4,27.53,NA,NA,NA,NA,NA,9,2023-09-04,"","DATE: Sep-04<br><b>Maximum temperature</b><br>10-90 percentile<br>21.4 to 27.5 °C","Historical daily maximum<br>29.2 °C<br>2023-09-04","DATE: Sep-04</b><br>Normal: 24.6 °C<br>Period: 1991-2020","6153301","HAMILTON+RBG+CS",2000,2026
"09-04","TMIN",2001-09-04,13.9,8.9,19,2.83882852043251,10.88,11.425,16.075,16.78,NA,NA,NA,NA,NA,9,2023-09-04,"","DATE: Sep-04<br><b>Minimum temperature</b><br>10-90 percentile<br>10.9 to 16.8 °C","Historical daily maximum<br>19.0 °C<br>2023-09-04","DATE: Sep-04</b><br>Normal: 13.9 °C<br>Period: 1991-2020","6153301","HAMILTON+RBG+CS",2000,2026
"09-04","VPD",2001-09-04,1.5237180196472,0.497438434331816,2.36869659921596,0.507639921715665,1.10990273938317,1.25422268864908,1.88599585155353,2.17230129527467,NA,NA,NA,NA,NA,9,2014-09-04,"","DATE: Sep-04<br><b>Vapour pressure deficit</b><br>10-90 percentile<br>1.1 to 2.2 kPa","Historical daily maximum<br>2.4 kPa<br>2014-09-04","DATE: Sep-04</b><br>Normal: 1.5 kPa<br>Period: 1991-2020","6153301","HAMILTON+RBG+CS",2000,2026
"09-05","TMAX",2001-09-05,23.825,16,32.8,4.25142391007506,19.79,20.925,26.05,29.33,NA,NA,NA,NA,NA,9,2018-09-05,"","DATE: Sep-05<br><b>Maximum temperature</b><br>10-90 percentile<br>19.8 to 29.3 °C","Historical daily maximum<br>32.8 °C<br>2018-09-05","DATE: Sep-05</b><br>Normal: 23.8 °C<br>Period: 1991-2020","6153301","HAMILTON+RBG+CS",2000,2026
"09-05","TMIN",2001-09-05,12.965,5.7,19.6,4.04530592168256,8.09,10.65,15.6,18.61,NA,NA,NA,NA,NA,9,2023-09-05,"","DATE: Sep-05<br><b>Minimum temperature</b><br>10-90 percentile<br>8.1 to 18.6 °C","Historical daily maximum<br>19.6 °C<br>2023-09-05","DATE: Sep-05</b><br>Normal: 13.0 °C<br>Period: 1991-2020","6153301","HAMILTON+RBG+CS",2000,2026
"09-05","VPD",2001-09-05,1.49588854209077,0.553276316254462,2.692986220372,0.523034451010079,0.896475125165194,1.17590998948689,1.80492329067827,2.09627593241578,NA,NA,NA,NA,NA,9,2018-09-05,"","DATE: Sep-05<br><b>Vapour pressure deficit</b><br>10-90 percentile<br>0.9 to 2.1 kPa","Historical daily maximum<br>2.7 kPa<br>2018-09-05","DATE: Sep-05</b><br>Normal: 1.5 kPa<br>Period: 1991-2020","6153301","HAMILTON+RBG+CS",2000,2026
"09-06","TMAX",2001-09-06,25.5,18.1,34.9,4.47825153850309,21.09,22.1,28.15,31.99,NA,NA,NA,NA,NA,9,2007-09-06,"","DATE: Sep-06<br><b>Maximum temperature</b><br>10-90 percentile<br>21.1 to 32.0 °C","Historical daily maximum<br>34.9 °C<br>2007-09-06","DATE: Sep-06</b><br>Normal: 25.5 °C<br>Period: 1991-2020","6153301","HAMILTON+RBG+CS",2000,2026
"09-06","TMIN",2001-09-06,11.805,4.2,19,4.2558288202615,6.83,8.5,14.275,17.45,NA,NA,NA,NA,NA,9,2023-09-06,"","DATE: Sep-06<br><b>Minimum temperature</b><br>10-90 percentile<br>6.8 to 17.5 °C","Historical daily maximum<br>19.0 °C<br>2023-09-06","DATE: Sep-06</b><br>Normal: 11.8 °C<br>Period: 1991-2020","6153301","HAMILTON+RBG+CS",2000,2026
"09-06","VPD",2001-09-06,1.93067769248582,0.683660440866393,4.0642609552563,0.772177899675915,1.28399223306643,1.38676269077357,2.43887425782838,2.60197440648997,NA,NA,NA,NA,NA,9,2007-09-06,"","DATE: Sep-06<br><b>Vapour pressure deficit</b><br>10-90 percentile<br>1.3 to 2.6 kPa","Historical daily maximum<br>4.1 kPa<br>2007-09-06","DATE: Sep-06</b><br>Normal: 1.9 kPa<br>Period: 1991-2020","6153301","HAMILTON+RBG+CS",2000,2026
"09-07","TMAX",2001-09-07,26.035,17.3,34,4.89288151028453,19.48,22.45,29.55,31.82,NA,NA,NA,NA,NA,9,2016-09-07,"","DATE: Sep-07<br><b>Maximum temperature</b><br>10-90 percentile<br>19.5 to 31.8 °C","Historical daily maximum<br>34.0 °C<br>2016-09-07","DATE: Sep-07</b><br>Normal: 26.0 °C<br>Period: 1991-2020","6153301","HAMILTON+RBG+CS",2000,2026
"09-07","TMIN",2001-09-07,14.49,8.8,21.3,3.93043455478827,9.84,11.75,17.15,19.85,NA,NA,NA,NA,NA,9,2015-09-07,"","DATE: Sep-07<br><b>Minimum temperature</b><br>10-90 percentile<br>9.8 to 19.8 °C","Historical daily maximum<br>21.3 °C<br>2015-09-07","DATE: Sep-07</b><br>Normal: 14.5 °C<br>Period: 1991-2020","6153301","HAMILTON+RBG+CS",2000,2026
"09-07","VPD",2001-09-07,1.78954775487767,0.312954477404773,3.15492621087695,0.801898846418522,0.92523089210956,1.05399442377319,2.42036156790269,2.73454963235088,NA,NA,NA,NA,NA,9,2001-09-07,"","DATE: Sep-07<br><b>Vapour pressure deficit</b><br>10-90 percentile<br>0.9 to 2.7 kPa","Historical daily maximum<br>3.2 kPa<br>2001-09-07","DATE: Sep-07</b><br>Normal: 1.8 kPa<br>Period: 1991-2020","6153301","HAMILTON+RBG+CS",2000,2026
"09-08","TMAX",2001-09-08,23.8,17,34,5.16282256542923,17.86,19.8,26.275,31.46,NA,NA,NA,NA,NA,9,2002-09-08,"","DATE: Sep-08<br><b>Maximum temperature</b><br>10-90 percentile<br>17.9 to 31.5 °C","Historical daily maximum<br>34.0 °C<br>2002-09-08","DATE: Sep-08</b><br>Normal: 23.8 °C<br>Period: 1991-2020","6153301","HAMILTON+RBG+CS",2000,2026
"09-08","TMIN",2001-09-08,14.45,7.3,22.7,4.27680402071207,8.56,12.2,16.35,21.48,NA,NA,NA,NA,NA,9,2015-09-08,"","DATE: Sep-08<br><b>Minimum temperature</b><br>10-90 percentile<br>8.6 to 21.5 °C","Historical daily maximum<br>22.7 °C<br>2015-09-08","DATE: Sep-08</b><br>Normal: 14.4 °C<br>Period: 1991-2020","6153301","HAMILTON+RBG+CS",2000,2026
"09-08","VPD",2001-09-08,1.37171729831076,0.243331314060912,3.8017814872542,0.781918896648389,0.564203842847915,0.905284251030783,1.80202214119075,1.99529746632215,NA,NA,NA,NA,NA,9,2002-09-08,"","DATE: Sep-08<br><b>Vapour pressure deficit</b><br>10-90 percentile<br>0.6 to 2.0 kPa","Historical daily maximum<br>3.8 kPa<br>2002-09-08","DATE: Sep-08</b><br>Normal: 1.4 kPa<br>Period: 1991-2020","6153301","HAMILTON+RBG+CS",2000,2026
"09-09","TMAX",2001-09-09,22.875,16.6,33.9,4.58692363366261,17.18,20.25,24.725,29.64,NA,NA,NA,NA,NA,9,2002-09-09,"","DATE: Sep-09<br><b>Maximum temperature</b><br>10-90 percentile<br>17.2 to 29.6 °C","Historical daily maximum<br>33.9 °C<br>2002-09-09","DATE: Sep-09</b><br>Normal: 22.9 °C<br>Period: 1991-2020","6153301","HAMILTON+RBG+CS",2000,2026
"09-09","TMIN",2001-09-09,12.835,5.3,22.8,4.10843484092242,8.04,10.325,15.25,16.28,NA,NA,NA,NA,NA,9,2001-09-09,"","DATE: Sep-09<br><b>Minimum temperature</b><br>10-90 percentile<br>8.0 to 16.3 °C","Historical daily maximum<br>22.8 °C<br>2001-09-09","DATE: Sep-09</b><br>Normal: 12.8 °C<br>Period: 1991-2020","6153301","HAMILTON+RBG+CS",2000,2026
"09-09","VPD",2001-09-09,1.35485291585223,0.300503276785471,3.47142792373666,0.685367692488136,0.58284505054695,1.10333368731017,1.66352944331727,1.89989378997983,NA,NA,NA,NA,NA,9,2002-09-09,"","DATE: Sep-09<br><b>Vapour pressure deficit</b><br>10-90 percentile<br>0.6 to 1.9 kPa","Historical daily maximum<br>3.5 kPa<br>2002-09-09","DATE: Sep-09</b><br>Normal: 1.4 kPa<br>Period: 1991-2020","6153301","HAMILTON+RBG+CS",2000,2026
"09-10","TMAX",2001-09-10,23.45,15.3,34.1,4.95224563628515,17.97,20.825,24.85,30.11,NA,NA,NA,NA,NA,9,2002-09-10,"","DATE: Sep-10<br><b>Maximum temperature</b><br>10-90 percentile<br>18.0 to 30.1 °C","Historical daily maximum<br>34.1 °C<br>2002-09-10","DATE: Sep-10</b><br>Normal: 23.4 °C<br>Period: 1991-2020","6153301","HAMILTON+RBG+CS",2000,2026
"09-10","TMIN",2001-09-10,12.395,5.4,18.3,3.90566053447126,7.28,9.8,15.875,17.65,NA,NA,NA,NA,NA,9,2013-09-10,"","DATE: Sep-10<br><b>Minimum temperature</b><br>10-90 percentile<br>7.3 to 17.6 °C","Historical daily maximum<br>18.3 °C<br>2013-09-10","DATE: Sep-10</b><br>Normal: 12.4 °C<br>Period: 1991-2020","6153301","HAMILTON+RBG+CS",2000,2026
"09-10","VPD",2001-09-10,1.52029512969572,0.191096652681819,3.33630234398226,0.731685401996182,0.883398074853311,1.19127058471878,1.7824182303478,2.26925584038948,NA,NA,NA,NA,NA,9,2002-09-10,"","DATE: Sep-10<br><b>Vapour pressure deficit</b><br>10-90 percentile<br>0.9 to 2.3 kPa","Historical daily maximum<br>3.3 kPa<br>2002-09-10","DATE: Sep-10</b><br>Normal: 1.5 kPa<br>Period: 1991-2020","6153301","HAMILTON+RBG+CS",2000,2026
"09-11","TMAX",2001-09-11,23.195,16,32.5,3.91776990807673,17.99,20.375,25.9,26.68,NA,NA,NA,NA,NA,9,2013-09-11,"","DATE: Sep-11<br><b>Maximum temperature</b><br>10-90 percentile<br>18.0 to 26.7 °C","Historical daily maximum<br>32.5 °C<br>2013-09-11","DATE: Sep-11</b><br>Normal: 23.2 °C<br>Period: 1991-2020","6153301","HAMILTON+RBG+CS",2000,2026
"09-11","TMIN",2001-09-11,10.96,5.3,19.7,3.64264218737761,7.23,9.65,11.675,14.1,NA,NA,NA,NA,NA,9,2013-09-11,"","DATE: Sep-11<br><b>Minimum temperature</b><br>10-90 percentile<br>7.2 to 14.1 °C","Historical daily maximum<br>19.7 °C<br>2013-09-11","DATE: Sep-11</b><br>Normal: 11.0 °C<br>Period: 1991-2020","6153301","HAMILTON+RBG+CS",2000,2026
"09-11","VPD",2001-09-11,1.56651568072938,0.590324061146172,2.59557055918633,0.554821418239985,0.977122660396518,1.21591117031159,2.11554177217534,2.20737311307405,NA,NA,NA,NA,NA,9,2013-09-11,"","DATE: Sep-11<br><b>Vapour pressure deficit</b><br>10-90 percentile<br>1.0 to 2.2 kPa","Historical daily maximum<br>2.6 kPa<br>2013-09-11","DATE: Sep-11</b><br>Normal: 1.6 kPa<br>Period: 1991-2020","6153301","HAMILTON+RBG+CS",2000,2026
"09-12","TMAX",2001-09-12,23.74,15.5,31.3,4.39154690405628,16.96,21.45,26.675,28.64,NA,NA,NA,NA,NA,9,2005-09-12,"","DATE: Sep-12<br><b>Maximum temperature</b><br>10-90 percentile<br>17.0 to 28.6 °C","Historical daily maximum<br>31.3 °C<br>2005-09-12","DATE: Sep-12</b><br>Normal: 23.7 °C<br>Period: 1991-2020","6153301","HAMILTON+RBG+CS",2000,2026
"09-12","TMIN",2001-09-12,11.915,7,20.5,3.42072245370231,7.78,9.4,13.725,15.63,NA,NA,NA,NA,NA,9,2000-09-12,"","DATE: Sep-12<br><b>Minimum temperature</b><br>10-90 percentile<br>7.8 to 15.6 °C","Historical daily maximum<br>20.5 °C<br>2000-09-12","DATE: Sep-12</b><br>Normal: 11.9 °C<br>Period: 1991-2020","6153301","HAMILTON+RBG+CS",2000,2026
"09-12","VPD",2001-09-12,1.59588271615536,0.216465720459714,2.7975469164028,0.743547161323911,0.687734536164833,1.19548110426694,2.14604481925057,2.52246335154836,NA,NA,NA,NA,NA,9,2005-09-12,"","DATE: Sep-12<br><b>Vapour pressure deficit</b><br>10-90 percentile<br>0.7 to 2.5 kPa","Historical daily maximum<br>2.8 kPa<br>2005-09-12","DATE: Sep-12</b><br>Normal: 1.6 kPa<br>Period: 1991-2020","6153301","HAMILTON+RBG+CS",2000,2026
"09-13","TMAX",2001-09-13,23.595,14.6,30.8,4.60394281824657,16.45,21.4,27.1,29.04,NA,NA,NA,NA,NA,9,2005-09-13,"","DATE: Sep-13<br><b>Maximum temperature</b><br>10-90 percentile<br>16.4 to 29.0 °C","Historical daily maximum<br>30.8 °C<br>2005-09-13","DATE: Sep-13</b><br>Normal: 23.6 °C<br>Period: 1991-2020","6153301","HAMILTON+RBG+CS",2000,2026
"09-13","TMIN",2001-09-13,12.095,6.6,18.4,3.30445871035198,8.52,9.5,14.2,15.93,NA,NA,NA,NA,NA,9,2008-09-13,"","DATE: Sep-13<br><b>Minimum temperature</b><br>10-90 percentile<br>8.5 to 15.9 °C","Historical daily maximum<br>18.4 °C<br>2008-09-13","DATE: Sep-13</b><br>Normal: 12.1 °C<br>Period: 1991-2020","6153301","HAMILTON+RBG+CS",2000,2026
"09-13","VPD",2001-09-13,1.56395129422976,0.466488945999622,2.69715401244524,0.768800767831405,0.7404127438529,0.800610242681198,2.24974141813289,2.60929852699116,NA,NA,NA,NA,NA,9,2012-09-13,"","DATE: Sep-13<br><b>Vapour pressure deficit</b><br>10-90 percentile<br>0.7 to 2.6 kPa","Historical daily maximum<br>2.7 kPa<br>2012-09-13","DATE: Sep-13</b><br>Normal: 1.6 kPa<br>Period: 1991-2020","6153301","HAMILTON+RBG+CS",2000,2026
"09-14","TMAX",2001-09-14,23.575,16.4,29.4,3.87310225176558,19.27,19.975,26.3,28.54,NA,NA,NA,NA,NA,9,2005-09-14,"","DATE: Sep-14<br><b>Maximum temperature</b><br>10-90 percentile<br>19.3 to 28.5 °C","Historical daily maximum<br>29.4 °C<br>2005-09-14","DATE: Sep-14</b><br>Normal: 23.6 °C<br>Period: 1991-2020","6153301","HAMILTON+RBG+CS",2000,2026
"09-14","TMIN",2001-09-14,11.345,4.1,18.6,4.62640874704525,5.26,7.375,14.575,17.32,NA,NA,NA,NA,NA,9,2003-09-14,"","DATE: Sep-14<br><b>Minimum temperature</b><br>10-90 percentile<br>5.3 to 17.3 °C","Historical daily maximum<br>18.6 °C<br>2003-09-14","DATE: Sep-14</b><br>Normal: 11.3 °C<br>Period: 1991-2020","6153301","HAMILTON+RBG+CS",2000,2026
"09-14","VPD",2001-09-14,1.57780207097145,0.505559083335642,2.58223697259701,0.53031817131124,0.974063147739137,1.27693715826488,1.89917923530728,2.15749547574679,NA,NA,NA,NA,NA,9,2007-09-14,"","DATE: Sep-14<br><b>Vapour pressure deficit</b><br>10-90 percentile<br>1.0 to 2.2 kPa","Historical daily maximum<br>2.6 kPa<br>2007-09-14","DATE: Sep-14</b><br>Normal: 1.6 kPa<br>Period: 1991-2020","6153301","HAMILTON+RBG+CS",2000,2026
"09-15","TMAX",2001-09-15,21.735,14.7,29,3.846156659918,18.34,19.8,23.75,27.26,NA,NA,NA,NA,NA,9,2015-09-15,"","DATE: Sep-15<br><b>Maximum temperature</b><br>10-90 percentile<br>18.3 to 27.3 °C","Historical daily maximum<br>29.0 °C<br>2015-09-15","DATE: Sep-15</b><br>Normal: 21.7 °C<br>Period: 1991-2020","6153301","HAMILTON+RBG+CS",2000,2026
"09-15","TMIN",2001-09-15,10.41,3.4,18.9,4.93717370674015,4.39,6.55,13.775,17.32,NA,NA,NA,NA,NA,9,2002-09-15,"","DATE: Sep-15<br><b>Minimum temperature</b><br>10-90 percentile<br>4.4 to 17.3 °C","Historical daily maximum<br>18.9 °C<br>2002-09-15","DATE: Sep-15</b><br>Normal: 10.4 °C<br>Period: 1991-2020","6153301","HAMILTON+RBG+CS",2000,2026
"09-15","VPD",2001-09-15,1.3415178119588,0.591909392036755,2.62150381690163,0.482194958898756,0.864264751421293,1.00619494559625,1.58974488500567,1.80105922753707,NA,NA,NA,NA,NA,9,2015-09-15,"","DATE: Sep-15<br><b>Vapour pressure deficit</b><br>10-90 percentile<br>0.9 to 1.8 kPa","Historical daily maximum<br>2.6 kPa<br>2015-09-15","DATE: Sep-15</b><br>Normal: 1.3 kPa<br>Period: 1991-2020","6153301","HAMILTON+RBG+CS",2000,2026
"09-16","TMAX",2001-09-16,21.925,14.8,29.5,4.3431585644309,16.52,18.825,25.3,27.51,NA,NA,NA,NA,NA,9,2015-09-16,"","DATE: Sep-16<br><b>Maximum temperature</b><br>10-90 percentile<br>16.5 to 27.5 °C","Historical daily maximum<br>29.5 °C<br>2015-09-16","DATE: Sep-16</b><br>Normal: 21.9 °C<br>Period: 1991-2020","6153301","HAMILTON+RBG+CS",2000,2026
"09-16","TMIN",2001-09-16,9.845,2,18.3,4.87825195180232,3.77,6.05,13.375,16.54,NA,NA,NA,NA,NA,9,2004-09-16,"","DATE: Sep-16<br><b>Minimum temperature</b><br>10-90 percentile<br>3.8 to 16.5 °C","Historical daily maximum<br>18.3 °C<br>2004-09-16","DATE: Sep-16</b><br>Normal: 9.8 °C<br>Period: 1991-2020","6153301","HAMILTON+RBG+CS",2000,2026
"09-16","VPD",2001-09-16,1.43820441045016,0.44729600560125,2.50341409895581,0.569398047491293,0.940970498363786,1.11007041868684,1.7618672290898,2.21878841623635,NA,NA,NA,NA,NA,9,2022-09-16,"","DATE: Sep-16<br><b>Vapour pressure deficit</b><br>10-90 percentile<br>0.9 to 2.2 kPa","Historical daily maximum<br>2.5 kPa<br>2022-09-16","DATE: Sep-16</b><br>Normal: 1.4 kPa<br>Period: 1991-2020","6153301","HAMILTON+RBG+CS",2000,2026
"09-17","TMAX",2001-09-17,22.69,16,29.4,3.89829922429067,16.99,19.95,25.125,27.3,NA,NA,NA,NA,NA,9,2015-09-17,"","DATE: Sep-17<br><b>Maximum temperature</b><br>10-90 percentile<br>17.0 to 27.3 °C","Historical daily maximum<br>29.4 °C<br>2015-09-17","DATE: Sep-17</b><br>Normal: 22.7 °C<br>Period: 1991-2020","6153301","HAMILTON+RBG+CS",2000,2026
"09-17","TMIN",2001-09-17,10.085,2.5,18,3.92592932343816,6.3,7.3,12.55,14.11,NA,NA,NA,NA,NA,9,2016-09-17,"","DATE: Sep-17<br><b>Minimum temperature</b><br>10-90 percentile<br>6.3 to 14.1 °C","Historical daily maximum<br>18.0 °C<br>2016-09-17","DATE: Sep-17</b><br>Normal: 10.1 °C<br>Period: 1991-2020","6153301","HAMILTON+RBG+CS",2000,2026
"09-17","VPD",2001-09-17,1.54926594171525,0.693212196481283,2.52123354481929,0.513682139830011,0.852961371590723,1.08659795455901,1.80218320458279,2.13603123217725,NA,NA,NA,NA,NA,9,2015-09-17,"","DATE: Sep-17<br><b>Vapour pressure deficit</b><br>10-90 percentile<br>0.9 to 2.1 kPa","Historical daily maximum<br>2.5 kPa<br>2015-09-17","DATE: Sep-17</b><br>Normal: 1.5 kPa<br>Period: 1991-2020","6153301","HAMILTON+RBG+CS",2000,2026
"09-18","TMAX",2001-09-18,22.555,15.6,27.7,3.63657950914259,17.68,20.9,25.85,27.16,NA,NA,NA,NA,NA,9,2025-09-18,"","DATE: Sep-18<br><b>Maximum temperature</b><br>10-90 percentile<br>17.7 to 27.2 °C","Historical daily maximum<br>27.7 °C<br>2025-09-18","DATE: Sep-18</b><br>Normal: 22.6 °C<br>Period: 1991-2020","6153301","HAMILTON+RBG+CS",2000,2026
"09-18","TMIN",2001-09-18,9.66,2.8,15.6,4.09908847376944,4.29,6.675,13.85,14.78,NA,NA,NA,NA,NA,9,2022-09-18,"","DATE: Sep-18<br><b>Minimum temperature</b><br>10-90 percentile<br>4.3 to 14.8 °C","Historical daily maximum<br>15.6 °C<br>2022-09-18","DATE: Sep-18</b><br>Normal: 9.7 °C<br>Period: 1991-2020","6153301","HAMILTON+RBG+CS",2000,2026
"09-18","VPD",2001-09-18,1.5506922135016,0.94870010702263,2.06063493531412,0.357839618175176,1.01863845682719,1.35391175964438,1.7910896881296,1.96329053454892,NA,NA,NA,NA,NA,9,2025-09-18,"","DATE: Sep-18<br><b>Vapour pressure deficit</b><br>10-90 percentile<br>1.0 to 2.0 kPa","Historical daily maximum<br>2.1 kPa<br>2025-09-18","DATE: Sep-18</b><br>Normal: 1.6 kPa<br>Period: 1991-2020","6153301","HAMILTON+RBG+CS",2000,2026
"09-19","TMAX",2001-09-19,21.535,14.3,29,4.60300531117843,17.01,18.275,25.45,27.88,NA,NA,NA,NA,NA,9,2002-09-19,"","DATE: Sep-19<br><b>Maximum temperature</b><br>10-90 percentile<br>17.0 to 27.9 °C","Historical daily maximum<br>29.0 °C<br>2002-09-19","DATE: Sep-19</b><br>Normal: 21.5 °C<br>Period: 1991-2020","6153301","HAMILTON+RBG+CS",2000,2026
"09-19","TMIN",2001-09-19,9.735,0.5,17.3,4.85595402302001,3.86,6,13.4,15.08,NA,NA,NA,NA,NA,9,2017-09-19,"","DATE: Sep-19<br><b>Minimum temperature</b><br>10-90 percentile<br>3.9 to 15.1 °C","Historical daily maximum<br>17.3 °C<br>2017-09-19","DATE: Sep-19</b><br>Normal: 9.7 °C<br>Period: 1991-2020","6153301","HAMILTON+RBG+CS",2000,2026
"09-19","VPD",2001-09-19,1.39671367502956,0.394013062191839,2.564598601951,0.603950706788445,0.876593687784535,0.999334563827271,1.80515630836506,2.31781115658074,NA,NA,NA,NA,NA,9,2007-09-19,"","DATE: Sep-19<br><b>Vapour pressure deficit</b><br>10-90 percentile<br>0.9 to 2.3 kPa","Historical daily maximum<br>2.6 kPa<br>2007-09-19","DATE: Sep-19</b><br>Normal: 1.4 kPa<br>Period: 1991-2020","6153301","HAMILTON+RBG+CS",2000,2026
"09-20","TMAX",2001-09-20,22.355,15.9,29.7,3.83563279621087,18.1,19.7,24.6,26.83,NA,NA,NA,NA,NA,9,2002-09-20,"","DATE: Sep-20<br><b>Maximum temperature</b><br>10-90 percentile<br>18.1 to 26.8 °C","Historical daily maximum<br>29.7 °C<br>2002-09-20","DATE: Sep-20</b><br>Normal: 22.4 °C<br>Period: 1991-2020","6153301","HAMILTON+RBG+CS",2000,2026
"09-20","TMIN",2001-09-20,10.695,3,21,4.80947256108084,4.88,6.975,13.825,16.48,NA,NA,NA,NA,NA,9,2002-09-20,"","DATE: Sep-20<br><b>Minimum temperature</b><br>10-90 percentile<br>4.9 to 16.5 °C","Historical daily maximum<br>21.0 °C<br>2002-09-20","DATE: Sep-20</b><br>Normal: 10.7 °C<br>Period: 1991-2020","6153301","HAMILTON+RBG+CS",2000,2026
"09-20","VPD",2001-09-20,1.42035496916681,0.69001687906541,2.5614189446777,0.495167682767448,0.800301154779547,1.07694385480413,1.63384053389343,2.08997789900378,NA,NA,NA,NA,NA,9,2016-09-20,"","DATE: Sep-20<br><b>Vapour pressure deficit</b><br>10-90 percentile<br>0.8 to 2.1 kPa","Historical daily maximum<br>2.6 kPa<br>2016-09-20","DATE: Sep-20</b><br>Normal: 1.4 kPa<br>Period: 1991-2020","6153301","HAMILTON+RBG+CS",2000,2026
"09-21","TMAX",2001-09-21,22.7789473684211,14.5,31.9,4.38350176449129,18.38,19.85,26.2,28,NA,NA,NA,NA,NA,9,2018-09-21,"","DATE: Sep-21<br><b>Maximum temperature</b><br>10-90 percentile<br>18.4 to 28.0 °C","Historical daily maximum<br>31.9 °C<br>2018-09-21","DATE: Sep-21</b><br>Normal: 22.8 °C<br>Period: 1991-2020","6153301","HAMILTON+RBG+CS",2000,2026
"09-21","TMIN",2001-09-21,10.48,2.7,20,3.86517515093022,6.17,7.925,13.125,14.17,NA,NA,NA,NA,NA,9,2002-09-21,"","DATE: Sep-21<br><b>Minimum temperature</b><br>10-90 percentile<br>6.2 to 14.2 °C","Historical daily maximum<br>20.0 °C<br>2002-09-21","DATE: Sep-21</b><br>Normal: 10.5 °C<br>Period: 1991-2020","6153301","HAMILTON+RBG+CS",2000,2026
"09-21","VPD",2001-09-21,1.54684387477207,0.201738030716225,3.13971215575386,0.726117736075322,0.91691796562182,1.10034256735835,1.95823911410045,2.53186300603825,NA,NA,NA,NA,NA,9,2018-09-21,"","DATE: Sep-21<br><b>Vapour pressure deficit</b><br>10-90 percentile<br>0.9 to 2.5 kPa","Historical daily maximum<br>3.1 kPa<br>2018-09-21","DATE: Sep-21</b><br>Normal: 1.5 kPa<br>Period: 1991-2020","6153301","HAMILTON+RBG+CS",2000,2026
"09-22","TMAX",2001-09-22,21.9,14.6,30.2,4.74330553184391,15.23,18.025,25.225,26.6,NA,NA,NA,NA,NA,9,2016-09-22,"","DATE: Sep-22<br><b>Maximum temperature</b><br>10-90 percentile<br>15.2 to 26.6 °C","Historical daily maximum<br>30.2 °C<br>2016-09-22","DATE: Sep-22</b><br>Normal: 21.9 °C<br>Period: 1991-2020","6153301","HAMILTON+RBG+CS",2000,2026
"09-22","TMIN",2001-09-22,9.99,4,19.6,4.20549765501252,4.79,6.7,12.675,14.57,NA,NA,NA,NA,NA,9,2009-09-22,"","DATE: Sep-22<br><b>Minimum temperature</b><br>10-90 percentile<br>4.8 to 14.6 °C","Historical daily maximum<br>19.6 °C<br>2009-09-22","DATE: Sep-22</b><br>Normal: 10.0 °C<br>Period: 1991-2020","6153301","HAMILTON+RBG+CS",2000,2026
"09-22","VPD",2001-09-22,1.44973776464003,0.700599042548135,2.8986408646189,0.654593136506252,0.786845150081487,0.879884230130116,1.79454764138764,2.28608447822837,NA,NA,NA,NA,NA,9,2016-09-22,"","DATE: Sep-22<br><b>Vapour pressure deficit</b><br>10-90 percentile<br>0.8 to 2.3 kPa","Historical daily maximum<br>2.9 kPa<br>2016-09-22","DATE: Sep-22</b><br>Normal: 1.4 kPa<br>Period: 1991-2020","6153301","HAMILTON+RBG+CS",2000,2026
"09-23","TMAX",2001-09-23,22.535,16.4,32.7,4.37327710436681,18.44,18.775,24.775,27.92,NA,NA,NA,NA,NA,9,2017-09-23,"","DATE: Sep-23<br><b>Maximum temperature</b><br>10-90 percentile<br>18.4 to 27.9 °C","Historical daily maximum<br>32.7 °C<br>2017-09-23","DATE: Sep-23</b><br>Normal: 22.5 °C<br>Period: 1991-2020","6153301","HAMILTON+RBG+CS",2000,2026
"09-23","TMIN",2001-09-23,9.595,4.8,15.8,3.39170427583786,5.1,7.25,12.15,14.14,NA,NA,NA,NA,NA,9,2024-09-23,"","DATE: Sep-23<br><b>Minimum temperature</b><br>10-90 percentile<br>5.1 to 14.1 °C","Historical daily maximum<br>15.8 °C<br>2024-09-23","DATE: Sep-23</b><br>Normal: 9.6 °C<br>Period: 1991-2020","6153301","HAMILTON+RBG+CS",2000,2026
"09-23","VPD",2001-09-23,1.59327882649124,0.73131378198545,3.34751391599666,0.675847038800384,0.966221356451207,1.0827211295553,1.94853876922526,2.49224979492138,NA,NA,NA,NA,NA,9,2017-09-23,"","DATE: Sep-23<br><b>Vapour pressure deficit</b><br>10-90 percentile<br>1.0 to 2.5 kPa","Historical daily maximum<br>3.3 kPa<br>2017-09-23","DATE: Sep-23</b><br>Normal: 1.6 kPa<br>Period: 1991-2020","6153301","HAMILTON+RBG+CS",2000,2026
"09-24","TMAX",2001-09-24,22.545,16.6,32.4,4.89591397843248,17.29,19,26.275,29.44,NA,NA,NA,NA,NA,9,2017-09-24,"","DATE: Sep-24<br><b>Maximum temperature</b><br>10-90 percentile<br>17.3 to 29.4 °C","Historical daily maximum<br>32.4 °C<br>2017-09-24","DATE: Sep-24</b><br>Normal: 22.5 °C<br>Period: 1991-2020","6153301","HAMILTON+RBG+CS",2000,2026
"09-24","TMIN",2001-09-24,9.84,2.9,18.4,3.79367895320624,5.6,7.45,11.6,14.36,NA,NA,NA,NA,NA,9,2017-09-24,"","DATE: Sep-24<br><b>Minimum temperature</b><br>10-90 percentile<br>5.6 to 14.4 °C","Historical daily maximum<br>18.4 °C<br>2017-09-24","DATE: Sep-24</b><br>Normal: 9.8 °C<br>Period: 1991-2020","6153301","HAMILTON+RBG+CS",2000,2026
"09-24","VPD",2001-09-24,1.59023090614528,0.344882917347898,3.05296443069356,0.793415278195909,0.683866321368852,1.06879103425253,2.23649292777993,2.81846630730178,NA,NA,NA,NA,NA,9,2007-09-24,"","DATE: Sep-24<br><b>Vapour pressure deficit</b><br>10-90 percentile<br>0.7 to 2.8 kPa","Historical daily maximum<br>3.1 kPa<br>2007-09-24","DATE: Sep-24</b><br>Normal: 1.6 kPa<br>Period: 1991-2020","6153301","HAMILTON+RBG+CS",2000,2026
"09-25","TMAX",2001-09-25,20.75,11.8,32.4,5.00646949876909,15.86,17.525,22.525,27.58,NA,NA,NA,NA,NA,9,2007-09-25,"","DATE: Sep-25<br><b>Maximum temperature</b><br>10-90 percentile<br>15.9 to 27.6 °C","Historical daily maximum<br>32.4 °C<br>2007-09-25","DATE: Sep-25</b><br>Normal: 20.8 °C<br>Period: 1991-2020","6153301","HAMILTON+RBG+CS",2000,2026
"09-25","TMIN",2001-09-25,10.235,1.9,17.5,4.80999781157626,4.26,7.25,15,16.81,NA,NA,NA,NA,NA,9,2004-09-25,"","DATE: Sep-25<br><b>Minimum temperature</b><br>10-90 percentile<br>4.3 to 16.8 °C","Historical daily maximum<br>17.5 °C<br>2004-09-25","DATE: Sep-25</b><br>Normal: 10.2 °C<br>Period: 1991-2020","6153301","HAMILTON+RBG+CS",2000,2026
"09-25","VPD",2001-09-25,1.24910817220849,0.474300643949701,2.95000550354375,0.618446236733574,0.673392274121626,0.800742132785975,1.47847107357099,1.99449664513832,NA,NA,NA,NA,NA,9,2007-09-25,"","DATE: Sep-25<br><b>Vapour pressure deficit</b><br>10-90 percentile<br>0.7 to 2.0 kPa","Historical daily maximum<br>3.0 kPa<br>2007-09-25","DATE: Sep-25</b><br>Normal: 1.2 kPa<br>Period: 1991-2020","6153301","HAMILTON+RBG+CS",2000,2026
"09-26","TMAX",2001-09-26,21.3,12.2,32.9,4.37095677831464,17.81,19.05,22.925,25.34,NA,NA,NA,NA,NA,9,2017-09-26,"","DATE: Sep-26<br><b>Maximum temperature</b><br>10-90 percentile<br>17.8 to 25.3 °C","Historical daily maximum<br>32.9 °C<br>2017-09-26","DATE: Sep-26</b><br>Normal: 21.3 °C<br>Period: 1991-2020","6153301","HAMILTON+RBG+CS",2000,2026
"09-26","TMIN",2001-09-26,8.86,3.4,17.2,3.7946499734564,5.15,6.275,10.55,14.71,NA,NA,NA,NA,NA,9,2017-09-26,"","DATE: Sep-26<br><b>Minimum temperature</b><br>10-90 percentile<br>5.2 to 14.7 °C","Historical daily maximum<br>17.2 °C<br>2017-09-26","DATE: Sep-26</b><br>Normal: 8.9 °C<br>Period: 1991-2020","6153301","HAMILTON+RBG+CS",2000,2026
"09-26","VPD",2001-09-26,1.4418320524835,0.619284441765657,3.03957582353258,0.57384747737326,0.829641485075278,1.05284024307283,1.68759765260962,2.03779823517634,NA,NA,NA,NA,NA,9,2017-09-26,"","DATE: Sep-26<br><b>Vapour pressure deficit</b><br>10-90 percentile<br>0.8 to 2.0 kPa","Historical daily maximum<br>3.0 kPa<br>2017-09-26","DATE: Sep-26</b><br>Normal: 1.4 kPa<br>Period: 1991-2020","6153301","HAMILTON+RBG+CS",2000,2026
"09-27","TMAX",2001-09-27,20.97,14.5,29.8,4.0023808703794,16.47,18.075,23.975,24.73,NA,NA,NA,NA,NA,9,2017-09-27,"","DATE: Sep-27<br><b>Maximum temperature</b><br>10-90 percentile<br>16.5 to 24.7 °C","Historical daily maximum<br>29.8 °C<br>2017-09-27","DATE: Sep-27</b><br>Normal: 21.0 °C<br>Period: 1991-2020","6153301","HAMILTON+RBG+CS",2000,2026
"09-27","TMIN",2001-09-27,10.295,3.7,19.6,3.89837685521335,6.88,7.425,12.8,15.37,NA,NA,NA,NA,NA,9,2020-09-27,"","DATE: Sep-27<br><b>Minimum temperature</b><br>10-90 percentile<br>6.9 to 15.4 °C","Historical daily maximum<br>19.6 °C<br>2020-09-27","DATE: Sep-27</b><br>Normal: 10.3 °C<br>Period: 1991-2020","6153301","HAMILTON+RBG+CS",2000,2026
"09-27","VPD",2001-09-27,1.25617324619073,0.351838161028079,2.60637226629719,0.616559139350894,0.466404564930068,0.650389586088637,1.63953401802926,1.96759572691473,NA,NA,NA,NA,NA,9,2017-09-27,"","DATE: Sep-27<br><b>Vapour pressure deficit</b><br>10-90 percentile<br>0.5 to 2.0 kPa","Historical daily maximum<br>2.6 kPa<br>2017-09-27","DATE: Sep-27</b><br>Normal: 1.3 kPa<br>Period: 1991-2020","6153301","HAMILTON+RBG+CS",2000,2026
"09-28","TMAX",2001-09-28,20.085,9.5,27.5,3.95823924172565,16.64,18.225,22.7,23.77,NA,NA,NA,NA,NA,9,2020-09-28,"","DATE: Sep-28<br><b>Maximum temperature</b><br>10-90 percentile<br>16.6 to 23.8 °C","Historical daily maximum<br>27.5 °C<br>2020-09-28","DATE: Sep-28</b><br>Normal: 20.1 °C<br>Period: 1991-2020","6153301","HAMILTON+RBG+CS",2000,2026
"09-28","TMIN",2001-09-28,9.535,2.4,18.4,3.69042502187827,5.65,7.375,11.6,14.21,NA,NA,NA,NA,NA,9,2015-09-28,"","DATE: Sep-28<br><b>Minimum temperature</b><br>10-90 percentile<br>5.6 to 14.2 °C","Historical daily maximum<br>18.4 °C<br>2015-09-28","DATE: Sep-28</b><br>Normal: 9.5 °C<br>Period: 1991-2020","6153301","HAMILTON+RBG+CS",2000,2026
"09-28","VPD",2001-09-28,1.18538562405704,0.461322009006686,2.04127626844143,0.464253809206714,0.600078194910026,0.854037541419499,1.49320837523615,1.74070652394911,NA,NA,NA,NA,NA,9,2020-09-28,"","DATE: Sep-28<br><b>Vapour pressure deficit</b><br>10-90 percentile<br>0.6 to 1.7 kPa","Historical daily maximum<br>2.0 kPa<br>2020-09-28","DATE: Sep-28</b><br>Normal: 1.2 kPa<br>Period: 1991-2020","6153301","HAMILTON+RBG+CS",2000,2026
"09-29","TMAX",2001-09-29,19.3,14,24.9,3.06147539251051,14.59,17.625,22.1,23.04,NA,NA,NA,NA,NA,9,2025-09-29,"","DATE: Sep-29<br><b>Maximum temperature</b><br>10-90 percentile<br>14.6 to 23.0 °C","Historical daily maximum<br>24.9 °C<br>2025-09-29","DATE: Sep-29</b><br>Normal: 19.3 °C<br>Period: 1991-2020","6153301","HAMILTON+RBG+CS",2000,2026
"09-29","TMIN",2001-09-29,8.31,-0.8,14.2,3.78722228441624,4.29,6.325,11.55,12.28,NA,NA,NA,NA,NA,9,2024-09-29,"","DATE: Sep-29<br><b>Minimum temperature</b><br>10-90 percentile<br>4.3 to 12.3 °C","Historical daily maximum<br>14.2 °C<br>2024-09-29","DATE: Sep-29</b><br>Normal: 8.3 °C<br>Period: 1991-2020","6153301","HAMILTON+RBG+CS",2000,2026
"09-29","VPD",2001-09-29,1.147308625547,0.239380023060839,1.84146049558028,0.447136466666736,0.662647003353479,0.858597654079072,1.47229509414538,1.78921039081625,NA,NA,NA,NA,NA,9,2025-09-29,"","DATE: Sep-29<br><b>Vapour pressure deficit</b><br>10-90 percentile<br>0.7 to 1.8 kPa","Historical daily maximum<br>1.8 kPa<br>2025-09-29","DATE: Sep-29</b><br>Normal: 1.1 kPa<br>Period: 1991-2020","6153301","HAMILTON+RBG+CS",2000,2026
"09-30","TMAX",2001-09-30,18.76,12.8,26.8,3.53842070034522,14.68,16.95,20.6,23.11,NA,NA,NA,NA,NA,9,2002-09-30,"","DATE: Sep-30<br><b>Maximum temperature</b><br>10-90 percentile<br>14.7 to 23.1 °C","Historical daily maximum<br>26.8 °C<br>2002-09-30","DATE: Sep-30</b><br>Normal: 18.8 °C<br>Period: 1991-2020","6153301","HAMILTON+RBG+CS",2000,2026
"09-30","TMIN",2001-09-30,8.25263157894737,2.9,14.3,3.55892749466475,4.26,5.45,10.7,12.82,NA,NA,NA,NA,NA,9,2024-09-30,"","DATE: Sep-30<br><b>Minimum temperature</b><br>10-90 percentile<br>4.3 to 12.8 °C","Historical daily maximum<br>14.3 °C<br>2024-09-30","DATE: Sep-30</b><br>Normal: 8.3 °C<br>Period: 1991-2020","6153301","HAMILTON+RBG+CS",2000,2026
"09-30","VPD",2001-09-30,1.09638859815467,0.40712948899128,1.89372565195965,0.46702501717912,0.537973912002304,0.817496651738512,1.42350020219316,1.81871040069198,NA,NA,NA,NA,NA,9,2002-09-30,"","DATE: Sep-30<br><b>Vapour pressure deficit</b><br>10-90 percentile<br>0.5 to 1.8 kPa","Historical daily maximum<br>1.9 kPa<br>2002-09-30","DATE: Sep-30</b><br>Normal: 1.1 kPa<br>Period: 1991-2020","6153301","HAMILTON+RBG+CS",2000,2026
"10-01","TMAX",2001-10-01,19.09,12.6,28.4,4.79329575662991,13.36,15.475,23.25,25.34,NA,NA,NA,NA,NA,10,2002-10-01,"","DATE: Oct-01<br><b>Maximum temperature</b><br>10-90 percentile<br>13.4 to 25.3 °C","Historical daily maximum<br>28.4 °C<br>2002-10-01","DATE: Oct-01</b><br>Normal: 19.1 °C<br>Period: 1991-2020","6153301","HAMILTON+RBG+CS",2000,2026
"10-01","TMIN",2001-10-01,8.13,1.2,18,4.49574067429676,3.84,5.55,10.925,14.82,NA,NA,NA,NA,NA,10,2002-10-01,"","DATE: Oct-01<br><b>Minimum temperature</b><br>10-90 percentile<br>3.8 to 14.8 °C","Historical daily maximum<br>18.0 °C<br>2002-10-01","DATE: Oct-01</b><br>Normal: 8.1 °C<br>Period: 1991-2020","6153301","HAMILTON+RBG+CS",2000,2026
"10-01","VPD",2001-10-01,1.1672843578624,0.181754584690843,1.96316416719044,0.572602455275316,0.405937907742743,0.748033518249159,1.69670959151335,1.8901724023646,NA,NA,NA,NA,NA,10,2013-10-01,"","DATE: Oct-01<br><b>Vapour pressure deficit</b><br>10-90 percentile<br>0.4 to 1.9 kPa","Historical daily maximum<br>2.0 kPa<br>2013-10-01","DATE: Oct-01</b><br>Normal: 1.2 kPa<br>Period: 1991-2020","6153301","HAMILTON+RBG+CS",2000,2026
"10-02","TMAX",2001-10-02,18.03,10.4,25.8,5.08290219626958,11.73,12.95,21.025,24.93,NA,NA,NA,NA,NA,10,2023-10-02,"","DATE: Oct-02<br><b>Maximum temperature</b><br>10-90 percentile<br>11.7 to 24.9 °C","Historical daily maximum<br>25.8 °C<br>2023-10-02","DATE: Oct-02</b><br>Normal: 18.0 °C<br>Period: 1991-2020","6153301","HAMILTON+RBG+CS",2000,2026
"10-02","TMIN",2001-10-02,8.75,1.7,19.1,4.73958692403951,3.7,5.1,12.6,14.42,NA,NA,NA,NA,NA,10,2002-10-02,"","DATE: Oct-02<br><b>Minimum temperature</b><br>10-90 percentile<br>3.7 to 14.4 °C","Historical daily maximum<br>19.1 °C<br>2002-10-02","DATE: Oct-02</b><br>Normal: 8.8 °C<br>Period: 1991-2020","6153301","HAMILTON+RBG+CS",2000,2026
"10-02","VPD",2001-10-02,0.9763617781173,0.382848739745649,2.29219141431154,0.559481533238149,0.551570222583519,0.606886314097427,1.34735406438573,1.77872798931357,NA,NA,NA,NA,NA,10,2023-10-02,"","DATE: Oct-02<br><b>Vapour pressure deficit</b><br>10-90 percentile<br>0.6 to 1.8 kPa","Historical daily maximum<br>2.3 kPa<br>2023-10-02","DATE: Oct-02</b><br>Normal: 1.0 kPa<br>Period: 1991-2020","6153301","HAMILTON+RBG+CS",2000,2026
"10-03","TMAX",2001-10-03,19.37,11.7,27,5.22434584169963,12.68,14.25,24.225,26.52,NA,NA,NA,NA,NA,10,2023-10-03,"","DATE: Oct-03<br><b>Maximum temperature</b><br>10-90 percentile<br>12.7 to 26.5 °C","Historical daily maximum<br>27.0 °C<br>2023-10-03","DATE: Oct-03</b><br>Normal: 19.4 °C<br>Period: 1991-2020","6153301","HAMILTON+RBG+CS",2000,2026
"10-03","TMIN",2001-10-03,9.035,-1.4,14.2,4.70724805066892,2.86,5.875,13.35,13.73,NA,NA,NA,NA,NA,10,2021-10-03,"","DATE: Oct-03<br><b>Minimum temperature</b><br>10-90 percentile<br>2.9 to 13.7 °C","Historical daily maximum<br>14.2 °C<br>2021-10-03","DATE: Oct-03</b><br>Normal: 9.0 °C<br>Period: 1991-2020","6153301","HAMILTON+RBG+CS",2000,2026
"10-03","VPD",2001-10-03,1.1504535788663,0.138842903872088,2.55493194038103,0.622012828436704,0.403935504094039,0.794519924295244,1.43898991242106,1.92928895828191,NA,NA,NA,NA,NA,10,2025-10-03,"","DATE: Oct-03<br><b>Vapour pressure deficit</b><br>10-90 percentile<br>0.4 to 1.9 kPa","Historical daily maximum<br>2.6 kPa<br>2025-10-03","DATE: Oct-03</b><br>Normal: 1.2 kPa<br>Period: 1991-2020","6153301","HAMILTON+RBG+CS",2000,2026
"10-04","TMAX",2001-10-04,18.795,10.2,28.1,5.4608149574949,12.12,14.375,23.25,26.4,NA,NA,NA,NA,NA,10,2025-10-04,"","DATE: Oct-04<br><b>Maximum temperature</b><br>10-90 percentile<br>12.1 to 26.4 °C","Historical daily maximum<br>28.1 °C<br>2025-10-04","DATE: Oct-04</b><br>Normal: 18.8 °C<br>Period: 1991-2020","6153301","HAMILTON+RBG+CS",2000,2026
"10-04","TMIN",2001-10-04,9.095,2.9,16.2,3.948813945851,4.18,5.7,11.475,14.7,NA,NA,NA,NA,NA,10,2001-10-04,"","DATE: Oct-04<br><b>Minimum temperature</b><br>10-90 percentile<br>4.2 to 14.7 °C","Historical daily maximum<br>16.2 °C<br>2001-10-04","DATE: Oct-04</b><br>Normal: 9.1 °C<br>Period: 1991-2020","6153301","HAMILTON+RBG+CS",2000,2026
"10-04","VPD",2001-10-04,1.08604113017337,0.327300567718137,2.27457746151985,0.66474715108365,0.362824562747404,0.496850185829199,1.67300894612527,2.10291515118434,NA,NA,NA,NA,NA,10,2025-10-04,"","DATE: Oct-04<br><b>Vapour pressure deficit</b><br>10-90 percentile<br>0.4 to 2.1 kPa","Historical daily maximum<br>2.3 kPa<br>2025-10-04","DATE: Oct-04</b><br>Normal: 1.1 kPa<br>Period: 1991-2020","6153301","HAMILTON+RBG+CS",2000,2026
"10-05","TMAX",2001-10-05,16.69,11,26.6,4.60490585080052,11.67,12.575,19.125,23.23,NA,NA,NA,NA,NA,10,2025-10-05,"","DATE: Oct-05<br><b>Maximum temperature</b><br>10-90 percentile<br>11.7 to 23.2 °C","Historical daily maximum<br>26.6 °C<br>2025-10-05","DATE: Oct-05</b><br>Normal: 16.7 °C<br>Period: 1991-2020","6153301","HAMILTON+RBG+CS",2000,2026
"10-05","TMIN",2001-10-05,7.375,1.3,14.2,4.23306222367138,2.34,3.7,10.25,13.2,NA,NA,NA,NA,NA,10,2023-10-05,"","DATE: Oct-05<br><b>Minimum temperature</b><br>10-90 percentile<br>2.3 to 13.2 °C","Historical daily maximum<br>14.2 °C<br>2023-10-05","DATE: Oct-05</b><br>Normal: 7.4 °C<br>Period: 1991-2020","6153301","HAMILTON+RBG+CS",2000,2026
"10-05","VPD",2001-10-05,0.906383380060851,0.101112112507278,1.96504416885032,0.494506778382754,0.386258911889929,0.532498513002635,1.26247156419042,1.49768782393669,NA,NA,NA,NA,NA,10,2025-10-05,"","DATE: Oct-05<br><b>Vapour pressure deficit</b><br>10-90 percentile<br>0.4 to 1.5 kPa","Historical daily maximum<br>2.0 kPa<br>2025-10-05","DATE: Oct-05</b><br>Normal: 0.9 kPa<br>Period: 1991-2020","6153301","HAMILTON+RBG+CS",2000,2026
"10-06","TMAX",2001-10-06,18.105,11.9,28.3,4.98835222240139,12.79,13.425,21.25,24.9,NA,NA,NA,NA,NA,10,2025-10-06,"","DATE: Oct-06<br><b>Maximum temperature</b><br>10-90 percentile<br>12.8 to 24.9 °C","Historical daily maximum<br>28.3 °C<br>2025-10-06","DATE: Oct-06</b><br>Normal: 18.1 °C<br>Period: 1991-2020","6153301","HAMILTON+RBG+CS",2000,2026
"10-06","TMIN",2001-10-06,7.82,1,15.2,4.60818493780931,2.03,4.2,12.4,13.67,NA,NA,NA,NA,NA,10,2013-10-06,"","DATE: Oct-06<br><b>Minimum temperature</b><br>10-90 percentile<br>2.0 to 13.7 °C","Historical daily maximum<br>15.2 °C<br>2013-10-06","DATE: Oct-06</b><br>Normal: 7.8 °C<br>Period: 1991-2020","6153301","HAMILTON+RBG+CS",2000,2026
"10-06","VPD",2001-10-06,1.06283590856088,0.395861616055362,2.21646743153828,0.555977194090653,0.440919914151896,0.733257186992587,1.32512429261452,1.85673664775546,NA,NA,NA,NA,NA,10,2025-10-06,"","DATE: Oct-06<br><b>Vapour pressure deficit</b><br>10-90 percentile<br>0.4 to 1.9 kPa","Historical daily maximum<br>2.2 kPa<br>2025-10-06","DATE: Oct-06</b><br>Normal: 1.1 kPa<br>Period: 1991-2020","6153301","HAMILTON+RBG+CS",2000,2026
"10-07","TMAX",2001-10-07,17.965,9.1,27.2,5.38245443914518,10.52,14.225,20.8,24.84,NA,NA,NA,NA,NA,10,2004-10-07,"","DATE: Oct-07<br><b>Maximum temperature</b><br>10-90 percentile<br>10.5 to 24.8 °C","Historical daily maximum<br>27.2 °C<br>2004-10-07","DATE: Oct-07</b><br>Normal: 18.0 °C<br>Period: 1991-2020","6153301","HAMILTON+RBG+CS",2000,2026
"10-07","TMIN",2001-10-07,7.155,-0.4,17,5.13476028241774,0.55,3.2,9.625,13.67,NA,NA,NA,NA,NA,10,2017-10-07,"","DATE: Oct-07<br><b>Minimum temperature</b><br>10-90 percentile<br>0.6 to 13.7 °C","Historical daily maximum<br>17.0 °C<br>2017-10-07","DATE: Oct-07</b><br>Normal: 7.2 °C<br>Period: 1991-2020","6153301","HAMILTON+RBG+CS",2000,2026
"10-07","VPD",2001-10-07,1.09298283846296,0.363781515513989,2.40389445116707,0.610418487866426,0.456492012931671,0.564571159402068,1.49060026272038,1.80737276820162,NA,NA,NA,NA,NA,10,2004-10-07,"","DATE: Oct-07<br><b>Vapour pressure deficit</b><br>10-90 percentile<br>0.5 to 1.8 kPa","Historical daily maximum<br>2.4 kPa<br>2004-10-07","DATE: Oct-07</b><br>Normal: 1.1 kPa<br>Period: 1991-2020","6153301","HAMILTON+RBG+CS",2000,2026
"10-08","TMAX",2001-10-08,18.845,9.4,31.7,6.13003606068212,12.01,14.15,24.25,26.4,NA,NA,NA,NA,NA,10,2007-10-08,"","DATE: Oct-08<br><b>Maximum temperature</b><br>10-90 percentile<br>12.0 to 26.4 °C","Historical daily maximum<br>31.7 °C<br>2007-10-08","DATE: Oct-08</b><br>Normal: 18.8 °C<br>Period: 1991-2020","6153301","HAMILTON+RBG+CS",2000,2026
"10-08","TMIN",2001-10-08,6.01,-3.4,16.8,4.93034641678186,1.18,3.325,7.375,13.16,NA,NA,NA,NA,NA,10,2007-10-08,"","DATE: Oct-08<br><b>Minimum temperature</b><br>10-90 percentile<br>1.2 to 13.2 °C","Historical daily maximum<br>16.8 °C<br>2007-10-08","DATE: Oct-08</b><br>Normal: 6.0 °C<br>Period: 1991-2020","6153301","HAMILTON+RBG+CS",2000,2026
"10-08","VPD",2001-10-08,1.33090247222604,0.273021377055918,2.76145448598852,0.73750822833114,0.584667211659288,0.823936341757798,2.00734981142651,2.48822934353891,NA,NA,NA,NA,NA,10,2007-10-08,"","DATE: Oct-08<br><b>Vapour pressure deficit</b><br>10-90 percentile<br>0.6 to 2.5 kPa","Historical daily maximum<br>2.8 kPa<br>2007-10-08","DATE: Oct-08</b><br>Normal: 1.3 kPa<br>Period: 1991-2020","6153301","HAMILTON+RBG+CS",2000,2026
"10-09","TMAX",2001-10-09,18.795,8.9,29.3,5.26392639126266,12.37,15.4,22.75,23.9,NA,NA,NA,NA,NA,10,2018-10-09,"","DATE: Oct-09<br><b>Maximum temperature</b><br>10-90 percentile<br>12.4 to 23.9 °C","Historical daily maximum<br>29.3 °C<br>2018-10-09","DATE: Oct-09</b><br>Normal: 18.8 °C<br>Period: 1991-2020","6153301","HAMILTON+RBG+CS",2000,2026
"10-09","TMIN",2001-10-09,6.515,-1.5,15.9,5.02418100160037,1.21,2.85,10.475,13.54,NA,NA,NA,NA,NA,10,2021-10-09,"","DATE: Oct-09<br><b>Minimum temperature</b><br>10-90 percentile<br>1.2 to 13.5 °C","Historical daily maximum<br>15.9 °C<br>2021-10-09","DATE: Oct-09</b><br>Normal: 6.5 °C<br>Period: 1991-2020","6153301","HAMILTON+RBG+CS",2000,2026
"10-09","VPD",2001-10-09,1.25039166357183,0.307583312532763,2.49380529022484,0.57493006908901,0.542277083936179,1.00949788420222,1.48561128567897,1.75591167617401,NA,NA,NA,NA,NA,10,2011-10-09,"","DATE: Oct-09<br><b>Vapour pressure deficit</b><br>10-90 percentile<br>0.5 to 1.8 kPa","Historical daily maximum<br>2.5 kPa<br>2011-10-09","DATE: Oct-09</b><br>Normal: 1.3 kPa<br>Period: 1991-2020","6153301","HAMILTON+RBG+CS",2000,2026
"10-10","TMAX",2001-10-10,18.49,12.4,27.7,4.77007116795635,13.43,14.775,21.775,25.29,NA,NA,NA,NA,NA,10,2018-10-10,"","DATE: Oct-10<br><b>Maximum temperature</b><br>10-90 percentile<br>13.4 to 25.3 °C","Historical daily maximum<br>27.7 °C<br>2018-10-10","DATE: Oct-10</b><br>Normal: 18.5 °C<br>Period: 1991-2020","6153301","HAMILTON+RBG+CS",2000,2026
"10-10","TMIN",2001-10-10,6.865,-0.2,19.3,4.61202946537353,1.16,4.225,10.25,11.25,NA,NA,NA,NA,NA,10,2018-10-10,"","DATE: Oct-10<br><b>Minimum temperature</b><br>10-90 percentile<br>1.2 to 11.2 °C","Historical daily maximum<br>19.3 °C<br>2018-10-10","DATE: Oct-10</b><br>Normal: 6.9 °C<br>Period: 1991-2020","6153301","HAMILTON+RBG+CS",2000,2026
"10-10","VPD",2001-10-10,1.17394648739019,0.191523237079437,2.33562609029092,0.578698609259147,0.623487428412677,0.70407795660217,1.52188244741926,1.93118232629739,NA,NA,NA,NA,NA,10,2010-10-10,"","DATE: Oct-10<br><b>Vapour pressure deficit</b><br>10-90 percentile<br>0.6 to 1.9 kPa","Historical daily maximum<br>2.3 kPa<br>2010-10-10","DATE: Oct-10</b><br>Normal: 1.2 kPa<br>Period: 1991-2020","6153301","HAMILTON+RBG+CS",2000,2026
"10-11","TMAX",2001-10-11,16.415,10.2,22.8,3.34746958635608,12.15,14.35,18.175,20.18,NA,NA,NA,NA,NA,10,2021-10-11,"","DATE: Oct-11<br><b>Maximum temperature</b><br>10-90 percentile<br>12.2 to 20.2 °C","Historical daily maximum<br>22.8 °C<br>2021-10-11","DATE: Oct-11</b><br>Normal: 16.4 °C<br>Period: 1991-2020","6153301","HAMILTON+RBG+CS",2000,2026
"10-11","TMIN",2001-10-11,6.615,-0.9,15.1,4.0459563959458,1.08,4.3,9.325,10.72,NA,NA,NA,NA,NA,10,2021-10-11,"","DATE: Oct-11<br><b>Minimum temperature</b><br>10-90 percentile<br>1.1 to 10.7 °C","Historical daily maximum<br>15.1 °C<br>2021-10-11","DATE: Oct-11</b><br>Normal: 6.6 °C<br>Period: 1991-2020","6153301","HAMILTON+RBG+CS",2000,2026
"10-11","VPD",2001-10-11,0.895406098447727,0.23368685535635,1.59617631613126,0.395393215614403,0.396466537618522,0.657853346779755,1.12873796275758,1.4293179098517,NA,NA,NA,NA,NA,10,2022-10-11,"","DATE: Oct-11<br><b>Vapour pressure deficit</b><br>10-90 percentile<br>0.4 to 1.4 kPa","Historical daily maximum<br>1.6 kPa<br>2022-10-11","DATE: Oct-11</b><br>Normal: 0.9 kPa<br>Period: 1991-2020","6153301","HAMILTON+RBG+CS",2000,2026
"10-12","TMAX",2001-10-12,15.96,7.5,23.4,4.29974295437346,10.88,13.2,18.8,20.84,NA,NA,NA,NA,NA,10,2021-10-12,"","DATE: Oct-12<br><b>Maximum temperature</b><br>10-90 percentile<br>10.9 to 20.8 °C","Historical daily maximum<br>23.4 °C<br>2021-10-12","DATE: Oct-12</b><br>Normal: 16.0 °C<br>Period: 1991-2020","6153301","HAMILTON+RBG+CS",2000,2026
"10-12","TMIN",2001-10-12,5.415,-2.9,13.8,5.46474586494386,-1.52,0.65,10.125,12.13,NA,NA,NA,NA,NA,10,2021-10-12,"","DATE: Oct-12<br><b>Minimum temperature</b><br>10-90 percentile<br>-1.5 to 12.1 °C","Historical daily maximum<br>13.8 °C<br>2021-10-12","DATE: Oct-12</b><br>Normal: 5.4 °C<br>Period: 1991-2020","6153301","HAMILTON+RBG+CS",2000,2026
"10-12","VPD",2001-10-12,0.917985155301762,0.134075535037824,1.90345882812772,0.462579659914809,0.441547423665026,0.57341334382496,1.27772607716483,1.44474075069507,NA,NA,NA,NA,NA,10,2016-10-12,"","DATE: Oct-12<br><b>Vapour pressure deficit</b><br>10-90 percentile<br>0.4 to 1.4 kPa","Historical daily maximum<br>1.9 kPa<br>2016-10-12","DATE: Oct-12</b><br>Normal: 0.9 kPa<br>Period: 1991-2020","6153301","HAMILTON+RBG+CS",2000,2026
"10-13","TMAX",2001-10-13,16.995,7.2,27.4,4.4110477332787,11.59,14.35,19.8,21.05,NA,NA,NA,NA,NA,10,2008-10-13,"","DATE: Oct-13<br><b>Maximum temperature</b><br>10-90 percentile<br>11.6 to 21.0 °C","Historical daily maximum<br>27.4 °C<br>2008-10-13","DATE: Oct-13</b><br>Normal: 17.0 °C<br>Period: 1991-2020","6153301","HAMILTON+RBG+CS",2000,2026
"10-13","TMIN",2001-10-13,6.09,-4,13.8,5.63652561891025,-0.639999999999999,1.375,11.2,12.6,NA,NA,NA,NA,NA,10,2001-10-13,"","DATE: Oct-13<br><b>Minimum temperature</b><br>10-90 percentile<br>-0.6 to 12.6 °C","Historical daily maximum<br>13.8 °C<br>2001-10-13","DATE: Oct-13</b><br>Normal: 6.1 °C<br>Period: 1991-2020","6153301","HAMILTON+RBG+CS",2000,2026
"10-13","VPD",2001-10-13,1.00033784010502,0.262343307049514,2.55498161663881,0.484274971982554,0.473236935309902,0.75001848158718,1.16202857692607,1.3761213768932,NA,NA,NA,NA,NA,10,2008-10-13,"","DATE: Oct-13<br><b>Vapour pressure deficit</b><br>10-90 percentile<br>0.5 to 1.4 kPa","Historical daily maximum<br>2.6 kPa<br>2008-10-13","DATE: Oct-13</b><br>Normal: 1.0 kPa<br>Period: 1991-2020","6153301","HAMILTON+RBG+CS",2000,2026
"10-14","TMAX",2001-10-14,16.82,6.7,24.5,4.69855520906497,11.88,14,19.725,23.6,NA,NA,NA,NA,NA,10,2014-10-14,"","DATE: Oct-14<br><b>Maximum temperature</b><br>10-90 percentile<br>11.9 to 23.6 °C","Historical daily maximum<br>24.5 °C<br>2014-10-14","DATE: Oct-14</b><br>Normal: 16.8 °C<br>Period: 1991-2020","6153301","HAMILTON+RBG+CS",2000,2026
"10-14","TMIN",2001-10-14,6.36,-0.6,14,4.77332500244299,0.4,3.325,10.075,13.09,NA,NA,NA,NA,NA,10,2000-10-14,"","DATE: Oct-14<br><b>Minimum temperature</b><br>10-90 percentile<br>0.4 to 13.1 °C","Historical daily maximum<br>14.0 °C<br>2000-10-14","DATE: Oct-14</b><br>Normal: 6.4 °C<br>Period: 1991-2020","6153301","HAMILTON+RBG+CS",2000,2026
"10-14","VPD",2001-10-14,0.983053986160033,0.396768662698292,1.86304702428304,0.393312390580704,0.452852323117232,0.781020590206141,1.15778751538082,1.37227458230839,NA,NA,NA,NA,NA,10,2014-10-14,"","DATE: Oct-14<br><b>Vapour pressure deficit</b><br>10-90 percentile<br>0.5 to 1.4 kPa","Historical daily maximum<br>1.9 kPa<br>2014-10-14","DATE: Oct-14</b><br>Normal: 1.0 kPa<br>Period: 1991-2020","6153301","HAMILTON+RBG+CS",2000,2026
"10-15","TMAX",2001-10-15,15.99,4.4,24.6,4.40536753947894,11.78,14.175,17.9,21.18,NA,NA,NA,NA,NA,10,2017-10-15,"","DATE: Oct-15<br><b>Maximum temperature</b><br>10-90 percentile<br>11.8 to 21.2 °C","Historical daily maximum<br>24.6 °C<br>2017-10-15","DATE: Oct-15</b><br>Normal: 16.0 °C<br>Period: 1991-2020","6153301","HAMILTON+RBG+CS",2000,2026
"10-15","TMIN",2001-10-15,5.86,0.3,11.6,3.58922363691502,1.59,2.625,8.725,10.35,NA,NA,NA,NA,NA,10,2021-10-15,"","DATE: Oct-15<br><b>Minimum temperature</b><br>10-90 percentile<br>1.6 to 10.4 °C","Historical daily maximum<br>11.6 °C<br>2021-10-15","DATE: Oct-15</b><br>Normal: 5.9 °C<br>Period: 1991-2020","6153301","HAMILTON+RBG+CS",2000,2026
"10-15","VPD",2001-10-15,0.925493196432238,0.198451817529841,1.96808183420994,0.53312427688775,0.233005778884861,0.588981159382836,1.13499512940936,1.77344313380139,NA,NA,NA,NA,NA,10,2017-10-15,"","DATE: Oct-15<br><b>Vapour pressure deficit</b><br>10-90 percentile<br>0.2 to 1.8 kPa","Historical daily maximum<br>2.0 kPa<br>2017-10-15","DATE: Oct-15</b><br>Normal: 0.9 kPa<br>Period: 1991-2020","6153301","HAMILTON+RBG+CS",2000,2026
"10-16","TMAX",2001-10-16,14.08,6.3,23.1,3.96173805558276,11.08,11.775,15.125,20.3,NA,NA,NA,NA,NA,10,2016-10-16,"","DATE: Oct-16<br><b>Maximum temperature</b><br>10-90 percentile<br>11.1 to 20.3 °C","Historical daily maximum<br>23.1 °C<br>2016-10-16","DATE: Oct-16</b><br>Normal: 14.1 °C<br>Period: 1991-2020","6153301","HAMILTON+RBG+CS",2000,2026
"10-16","TMIN",2001-10-16,6.015,-0.1,17.2,4.68112390913033,0.45,1.525,9.3,10.98,NA,NA,NA,NA,NA,10,2016-10-16,"","DATE: Oct-16<br><b>Minimum temperature</b><br>10-90 percentile<br>0.5 to 11.0 °C","Historical daily maximum<br>17.2 °C<br>2016-10-16","DATE: Oct-16</b><br>Normal: 6.0 °C<br>Period: 1991-2020","6153301","HAMILTON+RBG+CS",2000,2026
"10-16","VPD",2001-10-16,0.674471322958409,0.149929160503922,1.48855299629109,0.350442604290602,0.282233057677967,0.327606676798373,0.890251714199259,0.998401860586236,NA,NA,NA,NA,NA,10,2013-10-16,"","DATE: Oct-16<br><b>Vapour pressure deficit</b><br>10-90 percentile<br>0.3 to 1.0 kPa","Historical daily maximum<br>1.5 kPa<br>2013-10-16","DATE: Oct-16</b><br>Normal: 0.7 kPa<br>Period: 1991-2020","6153301","HAMILTON+RBG+CS",2000,2026
"10-17","TMAX",2001-10-17,14.15,7.8,25.7,4.950332258918,8.35,9.775,17.625,19.22,NA,NA,NA,NA,NA,10,2016-10-17,"","DATE: Oct-17<br><b>Maximum temperature</b><br>10-90 percentile<br>8.3 to 19.2 °C","Historical daily maximum<br>25.7 °C<br>2016-10-17","DATE: Oct-17</b><br>Normal: 14.2 °C<br>Period: 1991-2020","6153301","HAMILTON+RBG+CS",2000,2026
"10-17","TMIN",2001-10-17,4.935,-1.3,17,4.74710715233915,0.11,0.975,8.425,10.26,NA,NA,NA,NA,NA,10,2016-10-17,"","DATE: Oct-17<br><b>Minimum temperature</b><br>10-90 percentile<br>0.1 to 10.3 °C","Historical daily maximum<br>17.0 °C<br>2016-10-17","DATE: Oct-17</b><br>Normal: 4.9 °C<br>Period: 1991-2020","6153301","HAMILTON+RBG+CS",2000,2026
"10-17","VPD",2001-10-17,0.775317308574614,0.173678991633782,1.67641790313389,0.426019911053759,0.32860797359638,0.493345510420128,1.01001129049512,1.38541604413966,NA,NA,NA,NA,NA,10,2012-10-17,"","DATE: Oct-17<br><b>Vapour pressure deficit</b><br>10-90 percentile<br>0.3 to 1.4 kPa","Historical daily maximum<br>1.7 kPa<br>2012-10-17","DATE: Oct-17</b><br>Normal: 0.8 kPa<br>Period: 1991-2020","6153301","HAMILTON+RBG+CS",2000,2026
"10-18","TMAX",2001-10-18,14.705,9.3,25.7,4.45154910943193,9.66,11.325,16.375,20.89,NA,NA,NA,NA,NA,10,2016-10-18,"","DATE: Oct-18<br><b>Maximum temperature</b><br>10-90 percentile<br>9.7 to 20.9 °C","Historical daily maximum<br>25.7 °C<br>2016-10-18","DATE: Oct-18</b><br>Normal: 14.7 °C<br>Period: 1991-2020","6153301","HAMILTON+RBG+CS",2000,2026
"10-18","TMIN",2001-10-18,4.11,-3.5,12.2,5.05817732930913,-1.88,-0.1,7.975,11.57,NA,NA,NA,NA,NA,10,2007-10-18,"","DATE: Oct-18<br><b>Minimum temperature</b><br>10-90 percentile<br>-1.9 to 11.6 °C","Historical daily maximum<br>12.2 °C<br>2007-10-18","DATE: Oct-18</b><br>Normal: 4.1 °C<br>Period: 1991-2020","6153301","HAMILTON+RBG+CS",2000,2026
"10-18","VPD",2001-10-18,0.870116204879699,0.432254428222163,1.88111810560672,0.366384342221602,0.483413409148935,0.617176524377111,0.940239283706381,1.38036587034844,NA,NA,NA,NA,NA,10,2016-10-18,"","DATE: Oct-18<br><b>Vapour pressure deficit</b><br>10-90 percentile<br>0.5 to 1.4 kPa","Historical daily maximum<br>1.9 kPa<br>2016-10-18","DATE: Oct-18</b><br>Normal: 0.9 kPa<br>Period: 1991-2020","6153301","HAMILTON+RBG+CS",2000,2026
"10-19","TMAX",2001-10-19,14.75,8.2,22.4,4.31197842002216,8.79,10.8,17.05,21.43,NA,NA,NA,NA,NA,10,2025-10-19,"","DATE: Oct-19<br><b>Maximum temperature</b><br>10-90 percentile<br>8.8 to 21.4 °C","Historical daily maximum<br>22.4 °C<br>2025-10-19","DATE: Oct-19</b><br>Normal: 14.8 °C<br>Period: 1991-2020","6153301","HAMILTON+RBG+CS",2000,2026
"10-19","TMIN",2001-10-19,4.745,-3.4,12.5,3.92287153149725,-1.76,2.65,6.6,8.61,NA,NA,NA,NA,NA,10,2007-10-19,"","DATE: Oct-19<br><b>Minimum temperature</b><br>10-90 percentile<br>-1.8 to 8.6 °C","Historical daily maximum<br>12.5 °C<br>2007-10-19","DATE: Oct-19</b><br>Normal: 4.7 °C<br>Period: 1991-2020","6153301","HAMILTON+RBG+CS",2000,2026
"10-19","VPD",2001-10-19,0.849846570250231,0.126146118931927,1.53306990619413,0.462582501074574,0.213759740929177,0.483078672301215,1.22361231569971,1.4196561460243,NA,NA,NA,NA,NA,10,2021-10-19,"","DATE: Oct-19<br><b>Vapour pressure deficit</b><br>10-90 percentile<br>0.2 to 1.4 kPa","Historical daily maximum<br>1.5 kPa<br>2021-10-19","DATE: Oct-19</b><br>Normal: 0.8 kPa<br>Period: 1991-2020","6153301","HAMILTON+RBG+CS",2000,2026
"10-20","TMAX",2001-10-20,15.67,8.7,23.7,4.19900990836248,10.99,12.675,18.775,20.77,NA,NA,NA,NA,NA,10,2000-10-20,"","DATE: Oct-20<br><b>Maximum temperature</b><br>10-90 percentile<br>11.0 to 20.8 °C","Historical daily maximum<br>23.7 °C<br>2000-10-20","DATE: Oct-20</b><br>Normal: 15.7 °C<br>Period: 1991-2020","6153301","HAMILTON+RBG+CS",2000,2026
"10-20","TMIN",2001-10-20,5.65,0.4,11.9,3.64843153033998,1.45,3.125,7.275,11.41,NA,NA,NA,NA,NA,10,2007-10-20,"","DATE: Oct-20<br><b>Minimum temperature</b><br>10-90 percentile<br>1.5 to 11.4 °C","Historical daily maximum<br>11.9 °C<br>2007-10-20","DATE: Oct-20</b><br>Normal: 5.6 °C<br>Period: 1991-2020","6153301","HAMILTON+RBG+CS",2000,2026
"10-20","VPD",2001-10-20,0.897044230511983,0.116240847188228,2.10582678470038,0.526588109640367,0.322426815591871,0.449180485567571,1.13343427383834,1.74465173955188,NA,NA,NA,NA,NA,10,2000-10-20,"","DATE: Oct-20<br><b>Vapour pressure deficit</b><br>10-90 percentile<br>0.3 to 1.7 kPa","Historical daily maximum<br>2.1 kPa<br>2000-10-20","DATE: Oct-20</b><br>Normal: 0.9 kPa<br>Period: 1991-2020","6153301","HAMILTON+RBG+CS",2000,2026
"10-21","TMAX",2001-10-21,14.32,6.2,25.4,5.2269141545416,10.12,10.575,17.9,21.82,NA,NA,NA,NA,NA,10,2024-10-21,"","DATE: Oct-21<br><b>Maximum temperature</b><br>10-90 percentile<br>10.1 to 21.8 °C","Historical daily maximum<br>25.4 °C<br>2024-10-21","DATE: Oct-21</b><br>Normal: 14.3 °C<br>Period: 1991-2020","6153301","HAMILTON+RBG+CS",2000,2026
"10-21","TMIN",2001-10-21,5.845,-1.1,12.3,3.84303539570371,0.970000000000001,2.55,8.15,10.58,NA,NA,NA,NA,NA,10,2024-10-21,"","DATE: Oct-21<br><b>Minimum temperature</b><br>10-90 percentile<br>1.0 to 10.6 °C","Historical daily maximum<br>12.3 °C<br>2024-10-21","DATE: Oct-21</b><br>Normal: 5.8 °C<br>Period: 1991-2020","6153301","HAMILTON+RBG+CS",2000,2026
"10-21","VPD",2001-10-21,0.762257014035236,0.138842903872088,1.85339826167769,0.476106527173761,0.258467494550474,0.457015933800819,1.04472807415425,1.22443513792178,NA,NA,NA,NA,NA,10,2024-10-21,"","DATE: Oct-21<br><b>Vapour pressure deficit</b><br>10-90 percentile<br>0.3 to 1.2 kPa","Historical daily maximum<br>1.9 kPa<br>2024-10-21","DATE: Oct-21</b><br>Normal: 0.8 kPa<br>Period: 1991-2020","6153301","HAMILTON+RBG+CS",2000,2026
"10-22","TMAX",2001-10-22,12.7888888888889,6,25.1,5.61624627506863,7.41,9.375,14.125,22.06,NA,NA,NA,NA,NA,10,2024-10-22,"","DATE: Oct-22<br><b>Maximum temperature</b><br>10-90 percentile<br>7.4 to 22.1 °C","Historical daily maximum<br>25.1 °C<br>2024-10-22","DATE: Oct-22</b><br>Normal: 12.8 °C<br>Period: 1991-2020","6153301","HAMILTON+RBG+CS",2000,2026
"10-22","TMIN",2001-10-22,4.58421052631579,-4.1,14.1,3.89975257874632,0.9,2.3,6.15,8.72,NA,NA,NA,NA,NA,10,2007-10-22,"","DATE: Oct-22<br><b>Minimum temperature</b><br>10-90 percentile<br>0.9 to 8.7 °C","Historical daily maximum<br>14.1 °C<br>2007-10-22","DATE: Oct-22</b><br>Normal: 4.6 °C<br>Period: 1991-2020","6153301","HAMILTON+RBG+CS",2000,2026
"10-22","VPD",2001-10-22,0.716301772495345,0.173678991633782,1.94318567187715,0.511178621418217,0.244564790392733,0.404672805752938,0.826378380740035,1.59155229678087,NA,NA,NA,NA,NA,10,2024-10-22,"","DATE: Oct-22<br><b>Vapour pressure deficit</b><br>10-90 percentile<br>0.2 to 1.6 kPa","Historical daily maximum<br>1.9 kPa<br>2024-10-22","DATE: Oct-22</b><br>Normal: 0.7 kPa<br>Period: 1991-2020","6153301","HAMILTON+RBG+CS",2000,2026
"10-23","TMAX",2001-10-23,13.5210526315789,6.5,26.3,5.50873840642387,7.74,8.8,17.15,20.36,NA,NA,NA,NA,NA,10,2020-10-23,"","DATE: Oct-23<br><b>Maximum temperature</b><br>10-90 percentile<br>7.7 to 20.4 °C","Historical daily maximum<br>26.3 °C<br>2020-10-23","DATE: Oct-23</b><br>Normal: 13.5 °C<br>Period: 1991-2020","6153301","HAMILTON+RBG+CS",2000,2026
"10-23","TMIN",2001-10-23,3.70526315789474,-1.7,12.4,3.6185438575652,-0.34,1.25,5.3,8.44,NA,NA,NA,NA,NA,10,2017-10-23,"","DATE: Oct-23<br><b>Minimum temperature</b><br>10-90 percentile<br>-0.3 to 8.4 °C","Historical daily maximum<br>12.4 °C<br>2017-10-23","DATE: Oct-23</b><br>Normal: 3.7 °C<br>Period: 1991-2020","6153301","HAMILTON+RBG+CS",2000,2026
"10-23","VPD",2001-10-23,0.818530425034988,0.219889713161145,2.30411105908686,0.528125251542106,0.318016451754478,0.40911446651336,1.10068266936492,1.31472257646283,NA,NA,NA,NA,NA,10,2020-10-23,"","DATE: Oct-23<br><b>Vapour pressure deficit</b><br>10-90 percentile<br>0.3 to 1.3 kPa","Historical daily maximum<br>2.3 kPa<br>2020-10-23","DATE: Oct-23</b><br>Normal: 0.8 kPa<br>Period: 1991-2020","6153301","HAMILTON+RBG+CS",2000,2026
"10-24","TMAX",2001-10-24,12.46,5.7,21.8,4.2952115320742,7.61,9.025,15.825,17.36,NA,NA,NA,NA,NA,10,2023-10-24,"","DATE: Oct-24<br><b>Maximum temperature</b><br>10-90 percentile<br>7.6 to 17.4 °C","Historical daily maximum<br>21.8 °C<br>2023-10-24","DATE: Oct-24</b><br>Normal: 12.5 °C<br>Period: 1991-2020","6153301","HAMILTON+RBG+CS",2000,2026
"10-24","TMIN",2001-10-24,4.64,-3.7,15.8,4.73346429272751,0.2,0.675,8.025,9.95,NA,NA,NA,NA,NA,10,2001-10-24,"","DATE: Oct-24<br><b>Minimum temperature</b><br>10-90 percentile<br>0.2 to 10.0 °C","Historical daily maximum<br>15.8 °C<br>2001-10-24","DATE: Oct-24</b><br>Normal: 4.6 °C<br>Period: 1991-2020","6153301","HAMILTON+RBG+CS",2000,2026
"10-24","VPD",2001-10-24,0.603522225813842,0.180098937614041,1.11839639398006,0.28675618355149,0.2360293600436,0.42597767015969,0.800183278909931,1.00222009146963,NA,NA,NA,NA,NA,10,2023-10-24,"","DATE: Oct-24<br><b>Vapour pressure deficit</b><br>10-90 percentile<br>0.2 to 1.0 kPa","Historical daily maximum<br>1.1 kPa<br>2023-10-24","DATE: Oct-24</b><br>Normal: 0.6 kPa<br>Period: 1991-2020","6153301","HAMILTON+RBG+CS",2000,2026
"10-25","TMAX",2001-10-25,12.8421052631579,8.3,20.5,3.34669252803316,8.62,9.85,14.75,16.58,NA,NA,NA,NA,NA,10,2023-10-25,"","DATE: Oct-25<br><b>Maximum temperature</b><br>10-90 percentile<br>8.6 to 16.6 °C","Historical daily maximum<br>20.5 °C<br>2023-10-25","DATE: Oct-25</b><br>Normal: 12.8 °C<br>Period: 1991-2020","6153301","HAMILTON+RBG+CS",2000,2026
"10-25","TMIN",2001-10-25,4.33,-1.5,11.9,3.71569926832509,1.13,1.85,7.425,9.46,NA,NA,NA,NA,NA,10,2023-10-25,"","DATE: Oct-25<br><b>Minimum temperature</b><br>10-90 percentile<br>1.1 to 9.5 °C","Historical daily maximum<br>11.9 °C<br>2023-10-25","DATE: Oct-25</b><br>Normal: 4.3 °C<br>Period: 1991-2020","6153301","HAMILTON+RBG+CS",2000,2026
"10-25","VPD",2001-10-25,0.647191510511455,0.141825224769417,1.18367866112131,0.273555338965954,0.338498637783667,0.444798263851238,0.809411215993709,0.951831130805808,NA,NA,NA,NA,NA,10,2010-10-25,"","DATE: Oct-25<br><b>Vapour pressure deficit</b><br>10-90 percentile<br>0.3 to 1.0 kPa","Historical daily maximum<br>1.2 kPa<br>2010-10-25","DATE: Oct-25</b><br>Normal: 0.6 kPa<br>Period: 1991-2020","6153301","HAMILTON+RBG+CS",2000,2026
"10-26","TMAX",2001-10-26,11.84,6.2,23,4.13819182481279,8.01,9.6,13.775,17.63,NA,NA,NA,NA,NA,10,2010-10-26,"","DATE: Oct-26<br><b>Maximum temperature</b><br>10-90 percentile<br>8.0 to 17.6 °C","Historical daily maximum<br>23.0 °C<br>2010-10-26","DATE: Oct-26</b><br>Normal: 11.8 °C<br>Period: 1991-2020","6153301","HAMILTON+RBG+CS",2000,2026
"10-26","TMIN",2001-10-26,3.945,-3.5,12.9,3.90121101306005,0.0600000000000008,1.525,6.075,8.13,NA,NA,NA,NA,NA,10,2023-10-26,"","DATE: Oct-26<br><b>Minimum temperature</b><br>10-90 percentile<br>0.1 to 8.1 °C","Historical daily maximum<br>12.9 °C<br>2023-10-26","DATE: Oct-26</b><br>Normal: 3.9 °C<br>Period: 1991-2020","6153301","HAMILTON+RBG+CS",2000,2026
"10-26","VPD",2001-10-26,0.598473026738694,0.145250436642742,1.32143610133289,0.304187049756661,0.287435921642969,0.349289131373879,0.729008734504005,0.886665577502277,NA,NA,NA,NA,NA,10,2010-10-26,"","DATE: Oct-26<br><b>Vapour pressure deficit</b><br>10-90 percentile<br>0.3 to 0.9 kPa","Historical daily maximum<br>1.3 kPa<br>2010-10-26","DATE: Oct-26</b><br>Normal: 0.6 kPa<br>Period: 1991-2020","6153301","HAMILTON+RBG+CS",2000,2026
"10-27","TMAX",2001-10-27,11.135,5.4,23.2,4.83019831782026,6.48,7.975,13.05,17.88,NA,NA,NA,NA,NA,10,2023-10-27,"","DATE: Oct-27<br><b>Maximum temperature</b><br>10-90 percentile<br>6.5 to 17.9 °C","Historical daily maximum<br>23.2 °C<br>2023-10-27","DATE: Oct-27</b><br>Normal: 11.1 °C<br>Period: 1991-2020","6153301","HAMILTON+RBG+CS",2000,2026
"10-27","TMIN",2001-10-27,2.905,-2.1,11.1,3.40486880495378,-0.57,0.825,4.25,7.7,NA,NA,NA,NA,NA,10,2023-10-27,"","DATE: Oct-27<br><b>Minimum temperature</b><br>10-90 percentile<br>-0.6 to 7.7 °C","Historical daily maximum<br>11.1 °C<br>2023-10-27","DATE: Oct-27</b><br>Normal: 2.9 °C<br>Period: 1991-2020","6153301","HAMILTON+RBG+CS",2000,2026
"10-27","VPD",2001-10-27,0.614658826729282,0.172645785976316,1.72619929415629,0.39185592185543,0.319194102027231,0.370747849379309,0.74843032254051,1.01867870949336,NA,NA,NA,NA,NA,10,2000-10-27,"","DATE: Oct-27<br><b>Vapour pressure deficit</b><br>10-90 percentile<br>0.3 to 1.0 kPa","Historical daily maximum<br>1.7 kPa<br>2000-10-27","DATE: Oct-27</b><br>Normal: 0.6 kPa<br>Period: 1991-2020","6153301","HAMILTON+RBG+CS",2000,2026
"10-28","TMAX",2001-10-28,10.8684210526316,5.8,21.7,3.84809514660305,6.94,8.7,11.85,15.66,NA,NA,NA,NA,NA,10,2014-10-28,"","DATE: Oct-28<br><b>Maximum temperature</b><br>10-90 percentile<br>6.9 to 15.7 °C","Historical daily maximum<br>21.7 °C<br>2014-10-28","DATE: Oct-28</b><br>Normal: 10.9 °C<br>Period: 1991-2020","6153301","HAMILTON+RBG+CS",2000,2026
"10-28","TMIN",2001-10-28,2.63,-3.1,10,3.79710415975122,-2.23,0.325,4.45,8.36,NA,NA,NA,NA,NA,10,2009-10-28,"","DATE: Oct-28<br><b>Minimum temperature</b><br>10-90 percentile<br>-2.2 to 8.4 °C","Historical daily maximum<br>10.0 °C<br>2009-10-28","DATE: Oct-28</b><br>Normal: 2.6 °C<br>Period: 1991-2020","6153301","HAMILTON+RBG+CS",2000,2026
"10-28","VPD",2001-10-28,0.578311265974887,0.0857964747501831,1.50108395087591,0.314744945977125,0.226900945761867,0.386056776980913,0.752477999575955,0.784121181195297,NA,NA,NA,NA,NA,10,2014-10-28,"","DATE: Oct-28<br><b>Vapour pressure deficit</b><br>10-90 percentile<br>0.2 to 0.8 kPa","Historical daily maximum<br>1.5 kPa<br>2014-10-28","DATE: Oct-28</b><br>Normal: 0.6 kPa<br>Period: 1991-2020","6153301","HAMILTON+RBG+CS",2000,2026
"10-29","TMAX",2001-10-29,11.1473684210526,4.9,20.3,3.84684118914505,6,9.1,14.1,14.62,NA,NA,NA,NA,NA,10,2016-10-29,"","DATE: Oct-29<br><b>Maximum temperature</b><br>10-90 percentile<br>6.0 to 14.6 °C","Historical daily maximum<br>20.3 °C<br>2016-10-29","DATE: Oct-29</b><br>Normal: 11.1 °C<br>Period: 1991-2020","6153301","HAMILTON+RBG+CS",2000,2026
"10-29","TMIN",2001-10-29,2.42631578947368,-3.5,9.2,3.97517883668468,-2.32,-1.35,5.25,8,NA,NA,NA,NA,NA,10,2009-10-29,"","DATE: Oct-29<br><b>Minimum temperature</b><br>10-90 percentile<br>-2.3 to 8.0 °C","Historical daily maximum<br>9.2 °C<br>2009-10-29","DATE: Oct-29</b><br>Normal: 2.4 °C<br>Period: 1991-2020","6153301","HAMILTON+RBG+CS",2000,2026
"10-29","VPD",2001-10-29,0.610291623232568,0.140581784584309,1.30929051139679,0.359692367375674,0.218316646188106,0.337709791783505,0.775724783295791,1.15709494290037,NA,NA,NA,NA,NA,10,2024-10-29,"","DATE: Oct-29<br><b>Vapour pressure deficit</b><br>10-90 percentile<br>0.2 to 1.2 kPa","Historical daily maximum<br>1.3 kPa<br>2024-10-29","DATE: Oct-29</b><br>Normal: 0.6 kPa<br>Period: 1991-2020","6153301","HAMILTON+RBG+CS",2000,2026
"10-30","TMAX",2001-10-30,12.6526315789474,5,21.2,4.33530319599098,6.46,10.7,15.65,17.86,NA,NA,NA,NA,NA,10,2024-10-30,"","DATE: Oct-30<br><b>Maximum temperature</b><br>10-90 percentile<br>6.5 to 17.9 °C","Historical daily maximum<br>21.2 °C<br>2024-10-30","DATE: Oct-30</b><br>Normal: 12.7 °C<br>Period: 1991-2020","6153301","HAMILTON+RBG+CS",2000,2026
"10-30","TMIN",2001-10-30,1.935,-4.8,10,4.20479363033243,-3.71,-1.225,4.475,6.00000000000001,NA,NA,NA,NA,NA,10,2024-10-30,"","DATE: Oct-30<br><b>Minimum temperature</b><br>10-90 percentile<br>-3.7 to 6.0 °C","Historical daily maximum<br>10.0 °C<br>2024-10-30","DATE: Oct-30</b><br>Normal: 1.9 °C<br>Period: 1991-2020","6153301","HAMILTON+RBG+CS",2000,2026
"10-30","VPD",2001-10-30,0.79327360481232,0.220326020993309,1.28975987275092,0.303840434177133,0.410456147140891,0.558296036219191,1.01150224726584,1.1159975962592,NA,NA,NA,NA,NA,10,2004-10-30,"","DATE: Oct-30<br><b>Vapour pressure deficit</b><br>10-90 percentile<br>0.4 to 1.1 kPa","Historical daily maximum<br>1.3 kPa<br>2004-10-30","DATE: Oct-30</b><br>Normal: 0.8 kPa<br>Period: 1991-2020","6153301","HAMILTON+RBG+CS",2000,2026
"10-31","TMAX",2001-10-31,13.0631578947368,5.8,21.1,4.74941055129953,7.26,8.75,17.5,18.6,NA,NA,NA,NA,NA,10,2024-10-31,"","DATE: Oct-31<br><b>Maximum temperature</b><br>10-90 percentile<br>7.3 to 18.6 °C","Historical daily maximum<br>21.1 °C<br>2024-10-31","DATE: Oct-31</b><br>Normal: 13.1 °C<br>Period: 1991-2020","6153301","HAMILTON+RBG+CS",2000,2026
"10-31","TMIN",2001-10-31,2.58947368421053,-6.1,10.8,4.41146167976633,-2.36,-1.35,5.8,7.36,NA,NA,NA,NA,NA,10,2024-10-31,"","DATE: Oct-31<br><b>Minimum temperature</b><br>10-90 percentile<br>-2.4 to 7.4 °C","Historical daily maximum<br>10.8 °C<br>2024-10-31","DATE: Oct-31</b><br>Normal: 2.6 °C<br>Period: 1991-2020","6153301","HAMILTON+RBG+CS",2000,2026
"10-31","VPD",2001-10-31,0.798840139203121,0.180106854620733,1.72827010316536,0.411205695417716,0.289300794473484,0.579044641850688,1.06093236868514,1.34951673053922,NA,NA,NA,NA,NA,10,2003-10-31,"","DATE: Oct-31<br><b>Vapour pressure deficit</b><br>10-90 percentile<br>0.3 to 1.3 kPa","Historical daily maximum<br>1.7 kPa<br>2003-10-31","DATE: Oct-31</b><br>Normal: 0.8 kPa<br>Period: 1991-2020","6153301","HAMILTON+RBG+CS",2000,2026
