"MD","PLOT_DATE","clim_mean","clim_min","clim_max","q10","q25","q75","q90","PRECIP","PRECIP_CUM","ECCC_SOURCE","ECCC_AES","ECCC_STATION_ID","ECCC_STATION_NAME","hover_bar","pct_normal","hover_value","hover_mean","hover_band25","hover_band10","AES","NAME","por_start","por_end"
"04-01",2001-04-01,0.84,0,11.8,0,0,0,1.37,0,0,"NA (ECCC AES NA; station_id 3920)",NA,3920,"","DATE: Apr-01<br><b>Daily precipitation</b><br>Value: 0.0 mm<br>Weather station: NA (ECCC AES NA; station_id 3920)",0,"DATE: Apr-01<br><b>Cumulative precipitation</b><br>Value: 0.0 mm<br>Anomaly: -0.8 mm<br>Percent of normal: <b>0%</b><br>Weather station: NA (ECCC AES NA; station_id 3920)","DATE: Apr-01<br><b>Normal cumulative precipitation</b><br>0.8 mm<br>Period: 1991-2020","DATE: Apr-01<br><b>25-75 percentile</b><br>0.0 to 0.0 mm","DATE: Apr-01<br><b>10-90 percentile</b><br>0.0 to 1.4 mm","6016525","PICKLE+LAKE+AUT",1957,2026
"04-02",2001-04-02,1.40666666666667,0,12.8,0,0,1.1,3.19,0,0,"NA (ECCC AES NA; station_id 3920)",NA,3920,"","DATE: Apr-02<br><b>Daily precipitation</b><br>Value: 0.0 mm<br>Weather station: NA (ECCC AES NA; station_id 3920)",0,"DATE: Apr-02<br><b>Cumulative precipitation</b><br>Value: 0.0 mm<br>Anomaly: -1.4 mm<br>Percent of normal: <b>0%</b><br>Weather station: NA (ECCC AES NA; station_id 3920)","DATE: Apr-02<br><b>Normal cumulative precipitation</b><br>1.4 mm<br>Period: 1991-2020","DATE: Apr-02<br><b>25-75 percentile</b><br>0.0 to 1.1 mm","DATE: Apr-02<br><b>10-90 percentile</b><br>0.0 to 3.2 mm","6016525","PICKLE+LAKE+AUT",1957,2026
"04-03",2001-04-03,1.73333333333333,0,12.8,0,0,2,6.01,0,0,"NA (ECCC AES NA; station_id 3920)",NA,3920,"","DATE: Apr-03<br><b>Daily precipitation</b><br>Value: 0.0 mm<br>Weather station: NA (ECCC AES NA; station_id 3920)",0,"DATE: Apr-03<br><b>Cumulative precipitation</b><br>Value: 0.0 mm<br>Anomaly: -1.7 mm<br>Percent of normal: <b>0%</b><br>Weather station: NA (ECCC AES NA; station_id 3920)","DATE: Apr-03<br><b>Normal cumulative precipitation</b><br>1.7 mm<br>Period: 1991-2020","DATE: Apr-03<br><b>25-75 percentile</b><br>0.0 to 2.0 mm","DATE: Apr-03<br><b>10-90 percentile</b><br>0.0 to 6.0 mm","6016525","PICKLE+LAKE+AUT",1957,2026
"04-04",2001-04-04,1.9,0,12.8,0,0,2.675,6.12,0,0,"NA (ECCC AES NA; station_id 3920)",NA,3920,"","DATE: Apr-04<br><b>Daily precipitation</b><br>Value: 0.0 mm<br>Weather station: NA (ECCC AES NA; station_id 3920)",0,"DATE: Apr-04<br><b>Cumulative precipitation</b><br>Value: 0.0 mm<br>Anomaly: -1.9 mm<br>Percent of normal: <b>0%</b><br>Weather station: NA (ECCC AES NA; station_id 3920)","DATE: Apr-04<br><b>Normal cumulative precipitation</b><br>1.9 mm<br>Period: 1991-2020","DATE: Apr-04<br><b>25-75 percentile</b><br>0.0 to 2.7 mm","DATE: Apr-04<br><b>10-90 percentile</b><br>0.0 to 6.1 mm","6016525","PICKLE+LAKE+AUT",1957,2026
"04-05",2001-04-05,1.92333333333333,0,12.8,0,0,2.675,6.12,0.3,0.3,"NA (ECCC AES NA; station_id 3920)",NA,3920,"","DATE: Apr-05<br><b>Daily precipitation</b><br>Value: 0.3 mm<br>Weather station: NA (ECCC AES NA; station_id 3920)",15.5979202772964,"DATE: Apr-05<br><b>Cumulative precipitation</b><br>Value: 0.3 mm<br>Anomaly: -1.6 mm<br>Percent of normal: <b>16%</b><br>Weather station: NA (ECCC AES NA; station_id 3920)","DATE: Apr-05<br><b>Normal cumulative precipitation</b><br>1.9 mm<br>Period: 1991-2020","DATE: Apr-05<br><b>25-75 percentile</b><br>0.0 to 2.7 mm","DATE: Apr-05<br><b>10-90 percentile</b><br>0.0 to 6.1 mm","6016525","PICKLE+LAKE+AUT",1957,2026
"04-06",2001-04-06,1.94,0,12.8,0,0,2.675,6.12,0,0.3,"NA (ECCC AES NA; station_id 3920)",NA,3920,"","DATE: Apr-06<br><b>Daily precipitation</b><br>Value: 0.0 mm<br>Weather station: NA (ECCC AES NA; station_id 3920)",15.4639175257732,"DATE: Apr-06<br><b>Cumulative precipitation</b><br>Value: 0.3 mm<br>Anomaly: -1.6 mm<br>Percent of normal: <b>15%</b><br>Weather station: NA (ECCC AES NA; station_id 3920)","DATE: Apr-06<br><b>Normal cumulative precipitation</b><br>1.9 mm<br>Period: 1991-2020","DATE: Apr-06<br><b>25-75 percentile</b><br>0.0 to 2.7 mm","DATE: Apr-06<br><b>10-90 percentile</b><br>0.0 to 6.1 mm","6016525","PICKLE+LAKE+AUT",1957,2026
"04-07",2001-04-07,2.73,0,17.6,0,0,3.2,9.93,0,0.3,"NA (ECCC AES NA; station_id 3920)",NA,3920,"","DATE: Apr-07<br><b>Daily precipitation</b><br>Value: 0.0 mm<br>Weather station: NA (ECCC AES NA; station_id 3920)",10.989010989011,"DATE: Apr-07<br><b>Cumulative precipitation</b><br>Value: 0.3 mm<br>Anomaly: -2.4 mm<br>Percent of normal: <b>11%</b><br>Weather station: NA (ECCC AES NA; station_id 3920)","DATE: Apr-07<br><b>Normal cumulative precipitation</b><br>2.7 mm<br>Period: 1991-2020","DATE: Apr-07<br><b>25-75 percentile</b><br>0.0 to 3.2 mm","DATE: Apr-07<br><b>10-90 percentile</b><br>0.0 to 9.9 mm","6016525","PICKLE+LAKE+AUT",1957,2026
"04-08",2001-04-08,2.92333333333333,0,20.2,0,0,3.35,11.73,8.7,9,"NA (ECCC AES NA; station_id 3920)",NA,3920,"","DATE: Apr-08<br><b>Daily precipitation</b><br>Value: 8.7 mm<br>Weather station: NA (ECCC AES NA; station_id 3920)",307.867730900798,"DATE: Apr-08<br><b>Cumulative precipitation</b><br>Value: 9.0 mm<br>Anomaly: +6.1 mm<br>Percent of normal: <b>308%</b><br>Weather station: NA (ECCC AES NA; station_id 3920)","DATE: Apr-08<br><b>Normal cumulative precipitation</b><br>2.9 mm<br>Period: 1991-2020","DATE: Apr-08<br><b>25-75 percentile</b><br>0.0 to 3.4 mm","DATE: Apr-08<br><b>10-90 percentile</b><br>0.0 to 11.7 mm","6016525","PICKLE+LAKE+AUT",1957,2026
"04-09",2001-04-09,3.03333333333333,0,22.5,0,0,3.35,12.01,0.5,9.5,"NA (ECCC AES NA; station_id 3920)",NA,3920,"","DATE: Apr-09<br><b>Daily precipitation</b><br>Value: 0.5 mm<br>Weather station: NA (ECCC AES NA; station_id 3920)",313.186813186813,"DATE: Apr-09<br><b>Cumulative precipitation</b><br>Value: 9.5 mm<br>Anomaly: +6.5 mm<br>Percent of normal: <b>313%</b><br>Weather station: NA (ECCC AES NA; station_id 3920)","DATE: Apr-09<br><b>Normal cumulative precipitation</b><br>3.0 mm<br>Period: 1991-2020","DATE: Apr-09<br><b>25-75 percentile</b><br>0.0 to 3.4 mm","DATE: Apr-09<br><b>10-90 percentile</b><br>0.0 to 12.0 mm","6016525","PICKLE+LAKE+AUT",1957,2026
"04-10",2001-04-10,3.46333333333333,0,22.5,0,0,4.925,12.26,0.2,9.7,"NA (ECCC AES NA; station_id 3920)",NA,3920,"","DATE: Apr-10<br><b>Daily precipitation</b><br>Value: 0.2 mm<br>Weather station: NA (ECCC AES NA; station_id 3920)",280.076997112608,"DATE: Apr-10<br><b>Cumulative precipitation</b><br>Value: 9.7 mm<br>Anomaly: +6.2 mm<br>Percent of normal: <b>280%</b><br>Weather station: NA (ECCC AES NA; station_id 3920)","DATE: Apr-10<br><b>Normal cumulative precipitation</b><br>3.5 mm<br>Period: 1991-2020","DATE: Apr-10<br><b>25-75 percentile</b><br>0.0 to 4.9 mm","DATE: Apr-10<br><b>10-90 percentile</b><br>0.0 to 12.3 mm","6016525","PICKLE+LAKE+AUT",1957,2026
"04-11",2001-04-11,3.79333333333333,0,22.5,0,0,4.925,12.82,0,9.7,"NA (ECCC AES NA; station_id 3920)",NA,3920,"","DATE: Apr-11<br><b>Daily precipitation</b><br>Value: 0.0 mm<br>Weather station: NA (ECCC AES NA; station_id 3920)",255.711775043937,"DATE: Apr-11<br><b>Cumulative precipitation</b><br>Value: 9.7 mm<br>Anomaly: +5.9 mm<br>Percent of normal: <b>256%</b><br>Weather station: NA (ECCC AES NA; station_id 3920)","DATE: Apr-11<br><b>Normal cumulative precipitation</b><br>3.8 mm<br>Period: 1991-2020","DATE: Apr-11<br><b>25-75 percentile</b><br>0.0 to 4.9 mm","DATE: Apr-11<br><b>10-90 percentile</b><br>0.0 to 12.8 mm","6016525","PICKLE+LAKE+AUT",1957,2026
"04-12",2001-04-12,4.06,0,27.3,0,0,4.975,12.85,6.7,16.4,"NA (ECCC AES NA; station_id 3920)",NA,3920,"","DATE: Apr-12<br><b>Daily precipitation</b><br>Value: 6.7 mm<br>Weather station: NA (ECCC AES NA; station_id 3920)",403.940886699507,"DATE: Apr-12<br><b>Cumulative precipitation</b><br>Value: 16.4 mm<br>Anomaly: +12.3 mm<br>Percent of normal: <b>404%</b><br>Weather station: NA (ECCC AES NA; station_id 3920)","DATE: Apr-12<br><b>Normal cumulative precipitation</b><br>4.1 mm<br>Period: 1991-2020","DATE: Apr-12<br><b>25-75 percentile</b><br>0.0 to 5.0 mm","DATE: Apr-12<br><b>10-90 percentile</b><br>0.0 to 12.8 mm","6016525","PICKLE+LAKE+AUT",1957,2026
"04-13",2001-04-13,4.12666666666667,0,27.3,0,0,4.975,13.03,0,16.4,"NA (ECCC AES NA; station_id 3920)",NA,3920,"","DATE: Apr-13<br><b>Daily precipitation</b><br>Value: 0.0 mm<br>Weather station: NA (ECCC AES NA; station_id 3920)",397.415185783522,"DATE: Apr-13<br><b>Cumulative precipitation</b><br>Value: 16.4 mm<br>Anomaly: +12.3 mm<br>Percent of normal: <b>397%</b><br>Weather station: NA (ECCC AES NA; station_id 3920)","DATE: Apr-13<br><b>Normal cumulative precipitation</b><br>4.1 mm<br>Period: 1991-2020","DATE: Apr-13<br><b>25-75 percentile</b><br>0.0 to 5.0 mm","DATE: Apr-13<br><b>10-90 percentile</b><br>0.0 to 13.0 mm","6016525","PICKLE+LAKE+AUT",1957,2026
"04-14",2001-04-14,4.21666666666667,0,27.3,0,0,5.35,13.03,0,16.4,"NA (ECCC AES NA; station_id 3920)",NA,3920,"","DATE: Apr-14<br><b>Daily precipitation</b><br>Value: 0.0 mm<br>Weather station: NA (ECCC AES NA; station_id 3920)",388.932806324111,"DATE: Apr-14<br><b>Cumulative precipitation</b><br>Value: 16.4 mm<br>Anomaly: +12.2 mm<br>Percent of normal: <b>389%</b><br>Weather station: NA (ECCC AES NA; station_id 3920)","DATE: Apr-14<br><b>Normal cumulative precipitation</b><br>4.2 mm<br>Period: 1991-2020","DATE: Apr-14<br><b>25-75 percentile</b><br>0.0 to 5.3 mm","DATE: Apr-14<br><b>10-90 percentile</b><br>0.0 to 13.0 mm","6016525","PICKLE+LAKE+AUT",1957,2026
"04-15",2001-04-15,5.08666666666667,0,27.3,0,0,9.35,15.05,0,16.4,"NA (ECCC AES NA; station_id 3920)",NA,3920,"","DATE: Apr-15<br><b>Daily precipitation</b><br>Value: 0.0 mm<br>Weather station: NA (ECCC AES NA; station_id 3920)",322.411533420708,"DATE: Apr-15<br><b>Cumulative precipitation</b><br>Value: 16.4 mm<br>Anomaly: +11.3 mm<br>Percent of normal: <b>322%</b><br>Weather station: NA (ECCC AES NA; station_id 3920)","DATE: Apr-15<br><b>Normal cumulative precipitation</b><br>5.1 mm<br>Period: 1991-2020","DATE: Apr-15<br><b>25-75 percentile</b><br>0.0 to 9.3 mm","DATE: Apr-15<br><b>10-90 percentile</b><br>0.0 to 15.0 mm","6016525","PICKLE+LAKE+AUT",1957,2026
"04-16",2001-04-16,6.84,0,40.4,0,0,12.675,21.64,9.1,25.5,"NA (ECCC AES NA; station_id 3920)",NA,3920,"","DATE: Apr-16<br><b>Daily precipitation</b><br>Value: 9.1 mm<br>Weather station: NA (ECCC AES NA; station_id 3920)",372.80701754386,"DATE: Apr-16<br><b>Cumulative precipitation</b><br>Value: 25.5 mm<br>Anomaly: +18.7 mm<br>Percent of normal: <b>373%</b><br>Weather station: NA (ECCC AES NA; station_id 3920)","DATE: Apr-16<br><b>Normal cumulative precipitation</b><br>6.8 mm<br>Period: 1991-2020","DATE: Apr-16<br><b>25-75 percentile</b><br>0.0 to 12.7 mm","DATE: Apr-16<br><b>10-90 percentile</b><br>0.0 to 21.6 mm","6016525","PICKLE+LAKE+AUT",1957,2026
"04-17",2001-04-17,8.04666666666667,0,59.6,0,0,12.9,22.35,16.4,41.9,"NA (ECCC AES NA; station_id 3920)",NA,3920,"","DATE: Apr-17<br><b>Daily precipitation</b><br>Value: 16.4 mm<br>Weather station: NA (ECCC AES NA; station_id 3920)",520.712510356255,"DATE: Apr-17<br><b>Cumulative precipitation</b><br>Value: 41.9 mm<br>Anomaly: +33.9 mm<br>Percent of normal: <b>521%</b><br>Weather station: NA (ECCC AES NA; station_id 3920)","DATE: Apr-17<br><b>Normal cumulative precipitation</b><br>8.0 mm<br>Period: 1991-2020","DATE: Apr-17<br><b>25-75 percentile</b><br>0.0 to 12.9 mm","DATE: Apr-17<br><b>10-90 percentile</b><br>0.0 to 22.4 mm","6016525","PICKLE+LAKE+AUT",1957,2026
"04-18",2001-04-18,8.45666666666667,0,62.1,0,0,14.5,22.8,0.3,42.2,"NA (ECCC AES NA; station_id 3920)",NA,3920,"","DATE: Apr-18<br><b>Daily precipitation</b><br>Value: 0.3 mm<br>Weather station: NA (ECCC AES NA; station_id 3920)",499.014584154513,"DATE: Apr-18<br><b>Cumulative precipitation</b><br>Value: 42.2 mm<br>Anomaly: +33.7 mm<br>Percent of normal: <b>499%</b><br>Weather station: NA (ECCC AES NA; station_id 3920)","DATE: Apr-18<br><b>Normal cumulative precipitation</b><br>8.5 mm<br>Period: 1991-2020","DATE: Apr-18<br><b>25-75 percentile</b><br>0.0 to 14.5 mm","DATE: Apr-18<br><b>10-90 percentile</b><br>0.0 to 22.8 mm","6016525","PICKLE+LAKE+AUT",1957,2026
"04-19",2001-04-19,8.80333333333333,0,62.1,0,0,15.275,23.34,0,42.2,"NA (ECCC AES NA; station_id 3920)",NA,3920,"","DATE: Apr-19<br><b>Daily precipitation</b><br>Value: 0.0 mm<br>Weather station: NA (ECCC AES NA; station_id 3920)",479.363877319197,"DATE: Apr-19<br><b>Cumulative precipitation</b><br>Value: 42.2 mm<br>Anomaly: +33.4 mm<br>Percent of normal: <b>479%</b><br>Weather station: NA (ECCC AES NA; station_id 3920)","DATE: Apr-19<br><b>Normal cumulative precipitation</b><br>8.8 mm<br>Period: 1991-2020","DATE: Apr-19<br><b>25-75 percentile</b><br>0.0 to 15.3 mm","DATE: Apr-19<br><b>10-90 percentile</b><br>0.0 to 23.3 mm","6016525","PICKLE+LAKE+AUT",1957,2026
"04-20",2001-04-20,9.52,0,62.4,0,0,15.625,27.66,0,42.2,"NA (ECCC AES NA; station_id 3920)",NA,3920,"","DATE: Apr-20<br><b>Daily precipitation</b><br>Value: 0.0 mm<br>Weather station: NA (ECCC AES NA; station_id 3920)",443.27731092437,"DATE: Apr-20<br><b>Cumulative precipitation</b><br>Value: 42.2 mm<br>Anomaly: +32.7 mm<br>Percent of normal: <b>443%</b><br>Weather station: NA (ECCC AES NA; station_id 3920)","DATE: Apr-20<br><b>Normal cumulative precipitation</b><br>9.5 mm<br>Period: 1991-2020","DATE: Apr-20<br><b>25-75 percentile</b><br>0.0 to 15.6 mm","DATE: Apr-20<br><b>10-90 percentile</b><br>0.0 to 27.7 mm","6016525","PICKLE+LAKE+AUT",1957,2026
"04-21",2001-04-21,10.42,0,63.6,0,0,15.775,27.67,0,42.2,"NA (ECCC AES NA; station_id 3920)",NA,3920,"","DATE: Apr-21<br><b>Daily precipitation</b><br>Value: 0.0 mm<br>Weather station: NA (ECCC AES NA; station_id 3920)",404.990403071017,"DATE: Apr-21<br><b>Cumulative precipitation</b><br>Value: 42.2 mm<br>Anomaly: +31.8 mm<br>Percent of normal: <b>405%</b><br>Weather station: NA (ECCC AES NA; station_id 3920)","DATE: Apr-21<br><b>Normal cumulative precipitation</b><br>10.4 mm<br>Period: 1991-2020","DATE: Apr-21<br><b>25-75 percentile</b><br>0.0 to 15.8 mm","DATE: Apr-21<br><b>10-90 percentile</b><br>0.0 to 27.7 mm","6016525","PICKLE+LAKE+AUT",1957,2026
"04-22",2001-04-22,11.3833333333333,0,63.6,0,0,21.625,28.93,0,42.2,"NA (ECCC AES NA; station_id 3920)",NA,3920,"","DATE: Apr-22<br><b>Daily precipitation</b><br>Value: 0.0 mm<br>Weather station: NA (ECCC AES NA; station_id 3920)",370.717423133236,"DATE: Apr-22<br><b>Cumulative precipitation</b><br>Value: 42.2 mm<br>Anomaly: +30.8 mm<br>Percent of normal: <b>371%</b><br>Weather station: NA (ECCC AES NA; station_id 3920)","DATE: Apr-22<br><b>Normal cumulative precipitation</b><br>11.4 mm<br>Period: 1991-2020","DATE: Apr-22<br><b>25-75 percentile</b><br>0.0 to 21.6 mm","DATE: Apr-22<br><b>10-90 percentile</b><br>0.0 to 28.9 mm","6016525","PICKLE+LAKE+AUT",1957,2026
"04-23",2001-04-23,11.4866666666667,0,63.6,0,0,21.625,28.93,10.7,52.9,"NA (ECCC AES NA; station_id 3920)",NA,3920,"","DATE: Apr-23<br><b>Daily precipitation</b><br>Value: 10.7 mm<br>Weather station: NA (ECCC AES NA; station_id 3920)",460.53395240859,"DATE: Apr-23<br><b>Cumulative precipitation</b><br>Value: 52.9 mm<br>Anomaly: +41.4 mm<br>Percent of normal: <b>461%</b><br>Weather station: NA (ECCC AES NA; station_id 3920)","DATE: Apr-23<br><b>Normal cumulative precipitation</b><br>11.5 mm<br>Period: 1991-2020","DATE: Apr-23<br><b>25-75 percentile</b><br>0.0 to 21.6 mm","DATE: Apr-23<br><b>10-90 percentile</b><br>0.0 to 28.9 mm","6016525","PICKLE+LAKE+AUT",1957,2026
"04-24",2001-04-24,12.6233333333333,0,63.6,0,0,21.625,32.95,23.4,76.3,"NA (ECCC AES NA; station_id 3920)",NA,3920,"","DATE: Apr-24<br><b>Daily precipitation</b><br>Value: 23.4 mm<br>Weather station: NA (ECCC AES NA; station_id 3920)",604.436229205176,"DATE: Apr-24<br><b>Cumulative precipitation</b><br>Value: 76.3 mm<br>Anomaly: +63.7 mm<br>Percent of normal: <b>604%</b><br>Weather station: NA (ECCC AES NA; station_id 3920)","DATE: Apr-24<br><b>Normal cumulative precipitation</b><br>12.6 mm<br>Period: 1991-2020","DATE: Apr-24<br><b>25-75 percentile</b><br>0.0 to 21.6 mm","DATE: Apr-24<br><b>10-90 percentile</b><br>0.0 to 33.0 mm","6016525","PICKLE+LAKE+AUT",1957,2026
"04-25",2001-04-25,12.9933333333333,0,63.6,0,0,21.775,41.25,0,76.3,"NA (ECCC AES NA; station_id 3920)",NA,3920,"","DATE: Apr-25<br><b>Daily precipitation</b><br>Value: 0.0 mm<br>Weather station: NA (ECCC AES NA; station_id 3920)",587.22421754746,"DATE: Apr-25<br><b>Cumulative precipitation</b><br>Value: 76.3 mm<br>Anomaly: +63.3 mm<br>Percent of normal: <b>587%</b><br>Weather station: NA (ECCC AES NA; station_id 3920)","DATE: Apr-25<br><b>Normal cumulative precipitation</b><br>13.0 mm<br>Period: 1991-2020","DATE: Apr-25<br><b>25-75 percentile</b><br>0.0 to 21.8 mm","DATE: Apr-25<br><b>10-90 percentile</b><br>0.0 to 41.3 mm","6016525","PICKLE+LAKE+AUT",1957,2026
"04-26",2001-04-26,14.29,0,81.3,0,0,21.875,44.87,0,76.3,"NA (ECCC AES NA; station_id 3920)",NA,3920,"","DATE: Apr-26<br><b>Daily precipitation</b><br>Value: 0.0 mm<br>Weather station: NA (ECCC AES NA; station_id 3920)",533.939818054584,"DATE: Apr-26<br><b>Cumulative precipitation</b><br>Value: 76.3 mm<br>Anomaly: +62.0 mm<br>Percent of normal: <b>534%</b><br>Weather station: NA (ECCC AES NA; station_id 3920)","DATE: Apr-26<br><b>Normal cumulative precipitation</b><br>14.3 mm<br>Period: 1991-2020","DATE: Apr-26<br><b>25-75 percentile</b><br>0.0 to 21.9 mm","DATE: Apr-26<br><b>10-90 percentile</b><br>0.0 to 44.9 mm","6016525","PICKLE+LAKE+AUT",1957,2026
"04-27",2001-04-27,15.5433333333333,0,82.8,0,0,24.95,51.36,16.2,92.5,"NA (ECCC AES NA; station_id 3920)",NA,3920,"","DATE: Apr-27<br><b>Daily precipitation</b><br>Value: 16.2 mm<br>Weather station: NA (ECCC AES NA; station_id 3920)",595.110443920223,"DATE: Apr-27<br><b>Cumulative precipitation</b><br>Value: 92.5 mm<br>Anomaly: +77.0 mm<br>Percent of normal: <b>595%</b><br>Weather station: NA (ECCC AES NA; station_id 3920)","DATE: Apr-27<br><b>Normal cumulative precipitation</b><br>15.5 mm<br>Period: 1991-2020","DATE: Apr-27<br><b>25-75 percentile</b><br>0.0 to 24.9 mm","DATE: Apr-27<br><b>10-90 percentile</b><br>0.0 to 51.4 mm","6016525","PICKLE+LAKE+AUT",1957,2026
"04-28",2001-04-28,15.8366666666667,0,85.9,0,0,24.95,51.36,8.3,100.8,"NA (ECCC AES NA; station_id 3920)",NA,3920,"","DATE: Apr-28<br><b>Daily precipitation</b><br>Value: 8.3 mm<br>Weather station: NA (ECCC AES NA; station_id 3920)",636.497579456956,"DATE: Apr-28<br><b>Cumulative precipitation</b><br>Value: 100.8 mm<br>Anomaly: +85.0 mm<br>Percent of normal: <b>636%</b><br>Weather station: NA (ECCC AES NA; station_id 3920)","DATE: Apr-28<br><b>Normal cumulative precipitation</b><br>15.8 mm<br>Period: 1991-2020","DATE: Apr-28<br><b>25-75 percentile</b><br>0.0 to 24.9 mm","DATE: Apr-28<br><b>10-90 percentile</b><br>0.0 to 51.4 mm","6016525","PICKLE+LAKE+AUT",1957,2026
"04-29",2001-04-29,16.0266666666667,0,85.9,0,0,24.975,51.36,0,100.8,"NA (ECCC AES NA; station_id 3920)",NA,3920,"","DATE: Apr-29<br><b>Daily precipitation</b><br>Value: 0.0 mm<br>Weather station: NA (ECCC AES NA; station_id 3920)",628.951747088186,"DATE: Apr-29<br><b>Cumulative precipitation</b><br>Value: 100.8 mm<br>Anomaly: +84.8 mm<br>Percent of normal: <b>629%</b><br>Weather station: NA (ECCC AES NA; station_id 3920)","DATE: Apr-29<br><b>Normal cumulative precipitation</b><br>16.0 mm<br>Period: 1991-2020","DATE: Apr-29<br><b>25-75 percentile</b><br>0.0 to 25.0 mm","DATE: Apr-29<br><b>10-90 percentile</b><br>0.0 to 51.4 mm","6016525","PICKLE+LAKE+AUT",1957,2026
"04-30",2001-04-30,18.11,0,85.9,0,0,27.575,51.36,0,100.8,"NA (ECCC AES NA; station_id 3920)",NA,3920,"","DATE: Apr-30<br><b>Daily precipitation</b><br>Value: 0.0 mm<br>Weather station: NA (ECCC AES NA; station_id 3920)",556.5985643291,"DATE: Apr-30<br><b>Cumulative precipitation</b><br>Value: 100.8 mm<br>Anomaly: +82.7 mm<br>Percent of normal: <b>557%</b><br>Weather station: NA (ECCC AES NA; station_id 3920)","DATE: Apr-30<br><b>Normal cumulative precipitation</b><br>18.1 mm<br>Period: 1991-2020","DATE: Apr-30<br><b>25-75 percentile</b><br>0.0 to 27.6 mm","DATE: Apr-30<br><b>10-90 percentile</b><br>0.0 to 51.4 mm","6016525","PICKLE+LAKE+AUT",1957,2026
"05-01",2001-05-01,19.5733333333333,0,85.9,0,0,33.625,51.36,0,100.8,"NA (ECCC AES NA; station_id 3920)",NA,3920,"","DATE: May-01<br><b>Daily precipitation</b><br>Value: 0.0 mm<br>Weather station: NA (ECCC AES NA; station_id 3920)",514.986376021798,"DATE: May-01<br><b>Cumulative precipitation</b><br>Value: 100.8 mm<br>Anomaly: +81.2 mm<br>Percent of normal: <b>515%</b><br>Weather station: NA (ECCC AES NA; station_id 3920)","DATE: May-01<br><b>Normal cumulative precipitation</b><br>19.6 mm<br>Period: 1991-2020","DATE: May-01<br><b>25-75 percentile</b><br>0.0 to 33.6 mm","DATE: May-01<br><b>10-90 percentile</b><br>0.0 to 51.4 mm","6016525","PICKLE+LAKE+AUT",1957,2026
"05-02",2001-05-02,20.61,0,85.9,0,0,36.575,51.9,0,100.8,"NA (ECCC AES NA; station_id 3920)",NA,3920,"","DATE: May-02<br><b>Daily precipitation</b><br>Value: 0.0 mm<br>Weather station: NA (ECCC AES NA; station_id 3920)",489.082969432314,"DATE: May-02<br><b>Cumulative precipitation</b><br>Value: 100.8 mm<br>Anomaly: +80.2 mm<br>Percent of normal: <b>489%</b><br>Weather station: NA (ECCC AES NA; station_id 3920)","DATE: May-02<br><b>Normal cumulative precipitation</b><br>20.6 mm<br>Period: 1991-2020","DATE: May-02<br><b>25-75 percentile</b><br>0.0 to 36.6 mm","DATE: May-02<br><b>10-90 percentile</b><br>0.0 to 51.9 mm","6016525","PICKLE+LAKE+AUT",1957,2026
"05-03",2001-05-03,21.1233333333333,0,85.9,0,0,37.475,55.93,2.1,102.9,"NA (ECCC AES NA; station_id 3920)",NA,3920,"","DATE: May-03<br><b>Daily precipitation</b><br>Value: 2.1 mm<br>Weather station: NA (ECCC AES NA; station_id 3920)",487.13902477513,"DATE: May-03<br><b>Cumulative precipitation</b><br>Value: 102.9 mm<br>Anomaly: +81.8 mm<br>Percent of normal: <b>487%</b><br>Weather station: NA (ECCC AES NA; station_id 3920)","DATE: May-03<br><b>Normal cumulative precipitation</b><br>21.1 mm<br>Period: 1991-2020","DATE: May-03<br><b>25-75 percentile</b><br>0.0 to 37.5 mm","DATE: May-03<br><b>10-90 percentile</b><br>0.0 to 55.9 mm","6016525","PICKLE+LAKE+AUT",1957,2026
"05-04",2001-05-04,21.2166666666667,0,85.9,0,0,37.475,55.93,6.1,109,"NA (ECCC AES NA; station_id 3920)",NA,3920,"","DATE: May-04<br><b>Daily precipitation</b><br>Value: 6.1 mm<br>Weather station: NA (ECCC AES NA; station_id 3920)",513.747054202671,"DATE: May-04<br><b>Cumulative precipitation</b><br>Value: 109.0 mm<br>Anomaly: +87.8 mm<br>Percent of normal: <b>514%</b><br>Weather station: NA (ECCC AES NA; station_id 3920)","DATE: May-04<br><b>Normal cumulative precipitation</b><br>21.2 mm<br>Period: 1991-2020","DATE: May-04<br><b>25-75 percentile</b><br>0.0 to 37.5 mm","DATE: May-04<br><b>10-90 percentile</b><br>0.0 to 55.9 mm","6016525","PICKLE+LAKE+AUT",1957,2026
"05-05",2001-05-05,21.4533333333333,0,88.3,0,0,38.825,55.93,1,110,"NA (ECCC AES NA; station_id 3920)",NA,3920,"","DATE: May-05<br><b>Daily precipitation</b><br>Value: 1.0 mm<br>Weather station: NA (ECCC AES NA; station_id 3920)",512.740832815413,"DATE: May-05<br><b>Cumulative precipitation</b><br>Value: 110.0 mm<br>Anomaly: +88.5 mm<br>Percent of normal: <b>513%</b><br>Weather station: NA (ECCC AES NA; station_id 3920)","DATE: May-05<br><b>Normal cumulative precipitation</b><br>21.5 mm<br>Period: 1991-2020","DATE: May-05<br><b>25-75 percentile</b><br>0.0 to 38.8 mm","DATE: May-05<br><b>10-90 percentile</b><br>0.0 to 55.9 mm","6016525","PICKLE+LAKE+AUT",1957,2026
"05-06",2001-05-06,21.4666666666667,0,88.3,0,0,38.825,55.95,2.4,112.4,"NA (ECCC AES NA; station_id 3920)",NA,3920,"","DATE: May-06<br><b>Daily precipitation</b><br>Value: 2.4 mm<br>Weather station: NA (ECCC AES NA; station_id 3920)",523.60248447205,"DATE: May-06<br><b>Cumulative precipitation</b><br>Value: 112.4 mm<br>Anomaly: +90.9 mm<br>Percent of normal: <b>524%</b><br>Weather station: NA (ECCC AES NA; station_id 3920)","DATE: May-06<br><b>Normal cumulative precipitation</b><br>21.5 mm<br>Period: 1991-2020","DATE: May-06<br><b>25-75 percentile</b><br>0.0 to 38.8 mm","DATE: May-06<br><b>10-90 percentile</b><br>0.0 to 56.0 mm","6016525","PICKLE+LAKE+AUT",1957,2026
"05-07",2001-05-07,22.42,0,88.3,0,0,40.55,62.34,1.9,114.3,"NA (ECCC AES NA; station_id 3920)",NA,3920,"","DATE: May-07<br><b>Daily precipitation</b><br>Value: 1.9 mm<br>Weather station: NA (ECCC AES NA; station_id 3920)",509.812667261374,"DATE: May-07<br><b>Cumulative precipitation</b><br>Value: 114.3 mm<br>Anomaly: +91.9 mm<br>Percent of normal: <b>510%</b><br>Weather station: NA (ECCC AES NA; station_id 3920)","DATE: May-07<br><b>Normal cumulative precipitation</b><br>22.4 mm<br>Period: 1991-2020","DATE: May-07<br><b>25-75 percentile</b><br>0.0 to 40.5 mm","DATE: May-07<br><b>10-90 percentile</b><br>0.0 to 62.3 mm","6016525","PICKLE+LAKE+AUT",1957,2026
"05-08",2001-05-08,22.7833333333333,0,88.3,0,0,41.675,62.34,0.1,114.4,"NA (ECCC AES NA; station_id 3920)",NA,3920,"","DATE: May-08<br><b>Daily precipitation</b><br>Value: 0.1 mm<br>Weather station: NA (ECCC AES NA; station_id 3920)",502.121433796635,"DATE: May-08<br><b>Cumulative precipitation</b><br>Value: 114.4 mm<br>Anomaly: +91.6 mm<br>Percent of normal: <b>502%</b><br>Weather station: NA (ECCC AES NA; station_id 3920)","DATE: May-08<br><b>Normal cumulative precipitation</b><br>22.8 mm<br>Period: 1991-2020","DATE: May-08<br><b>25-75 percentile</b><br>0.0 to 41.7 mm","DATE: May-08<br><b>10-90 percentile</b><br>0.0 to 62.3 mm","6016525","PICKLE+LAKE+AUT",1957,2026
"05-09",2001-05-09,23.07,0,88.3,0,0,42.125,62.34,0.8,115.2,"NA (ECCC AES NA; station_id 3920)",NA,3920,"","DATE: May-09<br><b>Daily precipitation</b><br>Value: 0.8 mm<br>Weather station: NA (ECCC AES NA; station_id 3920)",499.349804941482,"DATE: May-09<br><b>Cumulative precipitation</b><br>Value: 115.2 mm<br>Anomaly: +92.1 mm<br>Percent of normal: <b>499%</b><br>Weather station: NA (ECCC AES NA; station_id 3920)","DATE: May-09<br><b>Normal cumulative precipitation</b><br>23.1 mm<br>Period: 1991-2020","DATE: May-09<br><b>25-75 percentile</b><br>0.0 to 42.1 mm","DATE: May-09<br><b>10-90 percentile</b><br>0.0 to 62.3 mm","6016525","PICKLE+LAKE+AUT",1957,2026
"05-10",2001-05-10,23.1666666666667,0,88.3,0,0,43.5,62.34,0,115.2,"NA (ECCC AES NA; station_id 3920)",NA,3920,"","DATE: May-10<br><b>Daily precipitation</b><br>Value: 0.0 mm<br>Weather station: NA (ECCC AES NA; station_id 3920)",497.26618705036,"DATE: May-10<br><b>Cumulative precipitation</b><br>Value: 115.2 mm<br>Anomaly: +92.0 mm<br>Percent of normal: <b>497%</b><br>Weather station: NA (ECCC AES NA; station_id 3920)","DATE: May-10<br><b>Normal cumulative precipitation</b><br>23.2 mm<br>Period: 1991-2020","DATE: May-10<br><b>25-75 percentile</b><br>0.0 to 43.5 mm","DATE: May-10<br><b>10-90 percentile</b><br>0.0 to 62.3 mm","6016525","PICKLE+LAKE+AUT",1957,2026
"05-11",2001-05-11,23.6933333333333,0,88.3,0,0,43.5,64.14,0,115.2,"NA (ECCC AES NA; station_id 3920)",NA,3920,"","DATE: May-11<br><b>Daily precipitation</b><br>Value: 0.0 mm<br>Weather station: NA (ECCC AES NA; station_id 3920)",486.212718064153,"DATE: May-11<br><b>Cumulative precipitation</b><br>Value: 115.2 mm<br>Anomaly: +91.5 mm<br>Percent of normal: <b>486%</b><br>Weather station: NA (ECCC AES NA; station_id 3920)","DATE: May-11<br><b>Normal cumulative precipitation</b><br>23.7 mm<br>Period: 1991-2020","DATE: May-11<br><b>25-75 percentile</b><br>0.0 to 43.5 mm","DATE: May-11<br><b>10-90 percentile</b><br>0.0 to 64.1 mm","6016525","PICKLE+LAKE+AUT",1957,2026
"05-12",2001-05-12,24.0533333333333,0,88.3,0,0,43.5,66.4,0,115.2,"NA (ECCC AES NA; station_id 3920)",NA,3920,"","DATE: May-12<br><b>Daily precipitation</b><br>Value: 0.0 mm<br>Weather station: NA (ECCC AES NA; station_id 3920)",478.935698447893,"DATE: May-12<br><b>Cumulative precipitation</b><br>Value: 115.2 mm<br>Anomaly: +91.1 mm<br>Percent of normal: <b>479%</b><br>Weather station: NA (ECCC AES NA; station_id 3920)","DATE: May-12<br><b>Normal cumulative precipitation</b><br>24.1 mm<br>Period: 1991-2020","DATE: May-12<br><b>25-75 percentile</b><br>0.0 to 43.5 mm","DATE: May-12<br><b>10-90 percentile</b><br>0.0 to 66.4 mm","6016525","PICKLE+LAKE+AUT",1957,2026
"05-13",2001-05-13,25.9966666666667,0,101.9,0,0,47.325,77.36,0,115.2,"NA (ECCC AES NA; station_id 3920)",NA,3920,"","DATE: May-13<br><b>Daily precipitation</b><br>Value: 0.0 mm<br>Weather station: NA (ECCC AES NA; station_id 3920)",443.133735094243,"DATE: May-13<br><b>Cumulative precipitation</b><br>Value: 115.2 mm<br>Anomaly: +89.2 mm<br>Percent of normal: <b>443%</b><br>Weather station: NA (ECCC AES NA; station_id 3920)","DATE: May-13<br><b>Normal cumulative precipitation</b><br>26.0 mm<br>Period: 1991-2020","DATE: May-13<br><b>25-75 percentile</b><br>0.0 to 47.3 mm","DATE: May-13<br><b>10-90 percentile</b><br>0.0 to 77.4 mm","6016525","PICKLE+LAKE+AUT",1957,2026
"05-14",2001-05-14,26.8866666666667,0,101.9,0,0,49.275,78.17,0.5,115.7,"NA (ECCC AES NA; station_id 3920)",NA,3920,"","DATE: May-14<br><b>Daily precipitation</b><br>Value: 0.5 mm<br>Weather station: NA (ECCC AES NA; station_id 3920)",430.324820233077,"DATE: May-14<br><b>Cumulative precipitation</b><br>Value: 115.7 mm<br>Anomaly: +88.8 mm<br>Percent of normal: <b>430%</b><br>Weather station: NA (ECCC AES NA; station_id 3920)","DATE: May-14<br><b>Normal cumulative precipitation</b><br>26.9 mm<br>Period: 1991-2020","DATE: May-14<br><b>25-75 percentile</b><br>0.0 to 49.3 mm","DATE: May-14<br><b>10-90 percentile</b><br>0.0 to 78.2 mm","6016525","PICKLE+LAKE+AUT",1957,2026
"05-15",2001-05-15,27.7366666666667,0,106.5,0,0,51.9,78.62,5.4,121.1,"NA (ECCC AES NA; station_id 3920)",NA,3920,"","DATE: May-15<br><b>Daily precipitation</b><br>Value: 5.4 mm<br>Weather station: NA (ECCC AES NA; station_id 3920)",436.60617714217,"DATE: May-15<br><b>Cumulative precipitation</b><br>Value: 121.1 mm<br>Anomaly: +93.4 mm<br>Percent of normal: <b>437%</b><br>Weather station: NA (ECCC AES NA; station_id 3920)","DATE: May-15<br><b>Normal cumulative precipitation</b><br>27.7 mm<br>Period: 1991-2020","DATE: May-15<br><b>25-75 percentile</b><br>0.0 to 51.9 mm","DATE: May-15<br><b>10-90 percentile</b><br>0.0 to 78.6 mm","6016525","PICKLE+LAKE+AUT",1957,2026
"05-16",2001-05-16,28.7833333333333,0,116.1,0,0,52.425,78.62,0.3,121.4,"NA (ECCC AES NA; station_id 3920)",NA,3920,"","DATE: May-16<br><b>Daily precipitation</b><br>Value: 0.3 mm<br>Weather station: NA (ECCC AES NA; station_id 3920)",421.771858714534,"DATE: May-16<br><b>Cumulative precipitation</b><br>Value: 121.4 mm<br>Anomaly: +92.6 mm<br>Percent of normal: <b>422%</b><br>Weather station: NA (ECCC AES NA; station_id 3920)","DATE: May-16<br><b>Normal cumulative precipitation</b><br>28.8 mm<br>Period: 1991-2020","DATE: May-16<br><b>25-75 percentile</b><br>0.0 to 52.4 mm","DATE: May-16<br><b>10-90 percentile</b><br>0.0 to 78.6 mm","6016525","PICKLE+LAKE+AUT",1957,2026
"05-17",2001-05-17,31.07,0,141.4,0,0,52.425,83.54,0,121.4,"NA (ECCC AES NA; station_id 3920)",NA,3920,"","DATE: May-17<br><b>Daily precipitation</b><br>Value: 0.0 mm<br>Weather station: NA (ECCC AES NA; station_id 3920)",390.73060830383,"DATE: May-17<br><b>Cumulative precipitation</b><br>Value: 121.4 mm<br>Anomaly: +90.3 mm<br>Percent of normal: <b>391%</b><br>Weather station: NA (ECCC AES NA; station_id 3920)","DATE: May-17<br><b>Normal cumulative precipitation</b><br>31.1 mm<br>Period: 1991-2020","DATE: May-17<br><b>25-75 percentile</b><br>0.0 to 52.4 mm","DATE: May-17<br><b>10-90 percentile</b><br>0.0 to 83.5 mm","6016525","PICKLE+LAKE+AUT",1957,2026
"05-18",2001-05-18,32.74,0,147.7,0,0,59.275,83.74,2.8,124.2,"NA (ECCC AES NA; station_id 3920)",NA,3920,"","DATE: May-18<br><b>Daily precipitation</b><br>Value: 2.8 mm<br>Weather station: NA (ECCC AES NA; station_id 3920)",379.352474037874,"DATE: May-18<br><b>Cumulative precipitation</b><br>Value: 124.2 mm<br>Anomaly: +91.5 mm<br>Percent of normal: <b>379%</b><br>Weather station: NA (ECCC AES NA; station_id 3920)","DATE: May-18<br><b>Normal cumulative precipitation</b><br>32.7 mm<br>Period: 1991-2020","DATE: May-18<br><b>25-75 percentile</b><br>0.0 to 59.3 mm","DATE: May-18<br><b>10-90 percentile</b><br>0.0 to 83.7 mm","6016525","PICKLE+LAKE+AUT",1957,2026
"05-19",2001-05-19,33.3433333333333,0,147.7,0,0,59.95,83.74,14.6,138.8,"NA (ECCC AES NA; station_id 3920)",NA,3920,"","DATE: May-19<br><b>Daily precipitation</b><br>Value: 14.6 mm<br>Weather station: NA (ECCC AES NA; station_id 3920)",416.275117464761,"DATE: May-19<br><b>Cumulative precipitation</b><br>Value: 138.8 mm<br>Anomaly: +105.5 mm<br>Percent of normal: <b>416%</b><br>Weather station: NA (ECCC AES NA; station_id 3920)","DATE: May-19<br><b>Normal cumulative precipitation</b><br>33.3 mm<br>Period: 1991-2020","DATE: May-19<br><b>25-75 percentile</b><br>0.0 to 60.0 mm","DATE: May-19<br><b>10-90 percentile</b><br>0.0 to 83.7 mm","6016525","PICKLE+LAKE+AUT",1957,2026
"05-20",2001-05-20,33.9933333333333,0,147.7,0,0,60.975,92.37,0,138.8,"NA (ECCC AES NA; station_id 3920)",NA,3920,"","DATE: May-20<br><b>Daily precipitation</b><br>Value: 0.0 mm<br>Weather station: NA (ECCC AES NA; station_id 3920)",408.315355952147,"DATE: May-20<br><b>Cumulative precipitation</b><br>Value: 138.8 mm<br>Anomaly: +104.8 mm<br>Percent of normal: <b>408%</b><br>Weather station: NA (ECCC AES NA; station_id 3920)","DATE: May-20<br><b>Normal cumulative precipitation</b><br>34.0 mm<br>Period: 1991-2020","DATE: May-20<br><b>25-75 percentile</b><br>0.0 to 61.0 mm","DATE: May-20<br><b>10-90 percentile</b><br>0.0 to 92.4 mm","6016525","PICKLE+LAKE+AUT",1957,2026
"05-21",2001-05-21,35.1666666666667,0,147.7,0,0,62.95,96.19,0,138.8,"NA (ECCC AES NA; station_id 3920)",NA,3920,"","DATE: May-21<br><b>Daily precipitation</b><br>Value: 0.0 mm<br>Weather station: NA (ECCC AES NA; station_id 3920)",394.691943127962,"DATE: May-21<br><b>Cumulative precipitation</b><br>Value: 138.8 mm<br>Anomaly: +103.6 mm<br>Percent of normal: <b>395%</b><br>Weather station: NA (ECCC AES NA; station_id 3920)","DATE: May-21<br><b>Normal cumulative precipitation</b><br>35.2 mm<br>Period: 1991-2020","DATE: May-21<br><b>25-75 percentile</b><br>0.0 to 63.0 mm","DATE: May-21<br><b>10-90 percentile</b><br>0.0 to 96.2 mm","6016525","PICKLE+LAKE+AUT",1957,2026
"05-22",2001-05-22,35.87,0,147.7,0,0,62.95,96.83,0,138.8,"NA (ECCC AES NA; station_id 3920)",NA,3920,"","DATE: May-22<br><b>Daily precipitation</b><br>Value: 0.0 mm<br>Weather station: NA (ECCC AES NA; station_id 3920)",386.952885419571,"DATE: May-22<br><b>Cumulative precipitation</b><br>Value: 138.8 mm<br>Anomaly: +102.9 mm<br>Percent of normal: <b>387%</b><br>Weather station: NA (ECCC AES NA; station_id 3920)","DATE: May-22<br><b>Normal cumulative precipitation</b><br>35.9 mm<br>Period: 1991-2020","DATE: May-22<br><b>25-75 percentile</b><br>0.0 to 63.0 mm","DATE: May-22<br><b>10-90 percentile</b><br>0.0 to 96.8 mm","6016525","PICKLE+LAKE+AUT",1957,2026
"05-23",2001-05-23,37.3266666666667,0,147.7,0,0,68.625,96.83,0.5,139.3,"PICKLE LAKE (AUT) (ECCC AES 6016525; station_id 3920)","6016525",3920,"PICKLE LAKE (AUT)","DATE: May-23<br><b>Daily precipitation</b><br>Value: 0.5 mm<br>Weather station: PICKLE LAKE (AUT) (ECCC AES 6016525; station_id 3920)",373.191641364529,"DATE: May-23<br><b>Cumulative precipitation</b><br>Value: 139.3 mm<br>Anomaly: +102.0 mm<br>Percent of normal: <b>373%</b><br>Weather station: PICKLE LAKE (AUT) (ECCC AES 6016525; station_id 3920)","DATE: May-23<br><b>Normal cumulative precipitation</b><br>37.3 mm<br>Period: 1991-2020","DATE: May-23<br><b>25-75 percentile</b><br>0.0 to 68.6 mm","DATE: May-23<br><b>10-90 percentile</b><br>0.0 to 96.8 mm","6016525","PICKLE+LAKE+AUT",1957,2026
"05-24",2001-05-24,38.4266666666667,0,147.7,0,0,72.375,96.83,1.4,140.7,"PICKLE LAKE (AUT) (ECCC AES 6016525; station_id 3920)","6016525",3920,"PICKLE LAKE (AUT)","DATE: May-24<br><b>Daily precipitation</b><br>Value: 1.4 mm<br>Weather station: PICKLE LAKE (AUT) (ECCC AES 6016525; station_id 3920)",366.151977793199,"DATE: May-24<br><b>Cumulative precipitation</b><br>Value: 140.7 mm<br>Anomaly: +102.3 mm<br>Percent of normal: <b>366%</b><br>Weather station: PICKLE LAKE (AUT) (ECCC AES 6016525; station_id 3920)","DATE: May-24<br><b>Normal cumulative precipitation</b><br>38.4 mm<br>Period: 1991-2020","DATE: May-24<br><b>25-75 percentile</b><br>0.0 to 72.4 mm","DATE: May-24<br><b>10-90 percentile</b><br>0.0 to 96.8 mm","6016525","PICKLE+LAKE+AUT",1957,2026
"05-25",2001-05-25,40.87,0,147.7,0,0,82.225,100.07,10.7,151.4,"PICKLE LAKE (AUT) (ECCC AES 6016525; station_id 3920)","6016525",3920,"PICKLE LAKE (AUT)","DATE: May-25<br><b>Daily precipitation</b><br>Value: 10.7 mm<br>Weather station: PICKLE LAKE (AUT) (ECCC AES 6016525; station_id 3920)",370.442867629068,"DATE: May-25<br><b>Cumulative precipitation</b><br>Value: 151.4 mm<br>Anomaly: +110.5 mm<br>Percent of normal: <b>370%</b><br>Weather station: PICKLE LAKE (AUT) (ECCC AES 6016525; station_id 3920)","DATE: May-25<br><b>Normal cumulative precipitation</b><br>40.9 mm<br>Period: 1991-2020","DATE: May-25<br><b>25-75 percentile</b><br>0.0 to 82.2 mm","DATE: May-25<br><b>10-90 percentile</b><br>0.0 to 100.1 mm","6016525","PICKLE+LAKE+AUT",1957,2026
"05-26",2001-05-26,42.1733333333333,0,147.7,0,0,84.45,101.15,0,151.4,"PICKLE LAKE (AUT) (ECCC AES 6016525; station_id 3920)","6016525",3920,"PICKLE LAKE (AUT)","DATE: May-26<br><b>Daily precipitation</b><br>Value: 0.0 mm<br>Weather station: PICKLE LAKE (AUT) (ECCC AES 6016525; station_id 3920)",358.994625355675,"DATE: May-26<br><b>Cumulative precipitation</b><br>Value: 151.4 mm<br>Anomaly: +109.2 mm<br>Percent of normal: <b>359%</b><br>Weather station: PICKLE LAKE (AUT) (ECCC AES 6016525; station_id 3920)","DATE: May-26<br><b>Normal cumulative precipitation</b><br>42.2 mm<br>Period: 1991-2020","DATE: May-26<br><b>25-75 percentile</b><br>0.0 to 84.4 mm","DATE: May-26<br><b>10-90 percentile</b><br>0.0 to 101.2 mm","6016525","PICKLE+LAKE+AUT",1957,2026
"05-27",2001-05-27,42.4033333333333,0,147.7,0,0,84.45,101.15,0,151.4,"PICKLE LAKE (AUT) (ECCC AES 6016525; station_id 3920)","6016525",3920,"PICKLE LAKE (AUT)","DATE: May-27<br><b>Daily precipitation</b><br>Value: 0.0 mm<br>Weather station: PICKLE LAKE (AUT) (ECCC AES 6016525; station_id 3920)",357.04740193381,"DATE: May-27<br><b>Cumulative precipitation</b><br>Value: 151.4 mm<br>Anomaly: +109.0 mm<br>Percent of normal: <b>357%</b><br>Weather station: PICKLE LAKE (AUT) (ECCC AES 6016525; station_id 3920)","DATE: May-27<br><b>Normal cumulative precipitation</b><br>42.4 mm<br>Period: 1991-2020","DATE: May-27<br><b>25-75 percentile</b><br>0.0 to 84.4 mm","DATE: May-27<br><b>10-90 percentile</b><br>0.0 to 101.2 mm","6016525","PICKLE+LAKE+AUT",1957,2026
"05-28",2001-05-28,43.8966666666667,0,156.4,0,0,86.975,109.9,0,151.4,"PICKLE LAKE (AUT) (ECCC AES 6016525; station_id 3920)","6016525",3920,"PICKLE LAKE (AUT)","DATE: May-28<br><b>Daily precipitation</b><br>Value: 0.0 mm<br>Weather station: PICKLE LAKE (AUT) (ECCC AES 6016525; station_id 3920)",344.90090363733,"DATE: May-28<br><b>Cumulative precipitation</b><br>Value: 151.4 mm<br>Anomaly: +107.5 mm<br>Percent of normal: <b>345%</b><br>Weather station: PICKLE LAKE (AUT) (ECCC AES 6016525; station_id 3920)","DATE: May-28<br><b>Normal cumulative precipitation</b><br>43.9 mm<br>Period: 1991-2020","DATE: May-28<br><b>25-75 percentile</b><br>0.0 to 87.0 mm","DATE: May-28<br><b>10-90 percentile</b><br>0.0 to 109.9 mm","6016525","PICKLE+LAKE+AUT",1957,2026
"05-29",2001-05-29,45.6633333333333,0,157,0,0,94.9,126.46,0.2,151.6,"PICKLE LAKE (AUT) (ECCC AES 6016525; station_id 3920)","6016525",3920,"PICKLE LAKE (AUT)","DATE: May-29<br><b>Daily precipitation</b><br>Value: 0.2 mm<br>Weather station: PICKLE LAKE (AUT) (ECCC AES 6016525; station_id 3920)",331.995036134024,"DATE: May-29<br><b>Cumulative precipitation</b><br>Value: 151.6 mm<br>Anomaly: +105.9 mm<br>Percent of normal: <b>332%</b><br>Weather station: PICKLE LAKE (AUT) (ECCC AES 6016525; station_id 3920)","DATE: May-29<br><b>Normal cumulative precipitation</b><br>45.7 mm<br>Period: 1991-2020","DATE: May-29<br><b>25-75 percentile</b><br>0.0 to 94.9 mm","DATE: May-29<br><b>10-90 percentile</b><br>0.0 to 126.5 mm","6016525","PICKLE+LAKE+AUT",1957,2026
"05-30",2001-05-30,47.2,0,157,0,0,97.15,133.16,0,151.6,"PICKLE LAKE (AUT) (ECCC AES 6016525; station_id 3920)","6016525",3920,"PICKLE LAKE (AUT)","DATE: May-30<br><b>Daily precipitation</b><br>Value: 0.0 mm<br>Weather station: PICKLE LAKE (AUT) (ECCC AES 6016525; station_id 3920)",321.186440677966,"DATE: May-30<br><b>Cumulative precipitation</b><br>Value: 151.6 mm<br>Anomaly: +104.4 mm<br>Percent of normal: <b>321%</b><br>Weather station: PICKLE LAKE (AUT) (ECCC AES 6016525; station_id 3920)","DATE: May-30<br><b>Normal cumulative precipitation</b><br>47.2 mm<br>Period: 1991-2020","DATE: May-30<br><b>25-75 percentile</b><br>0.0 to 97.2 mm","DATE: May-30<br><b>10-90 percentile</b><br>0.0 to 133.2 mm","6016525","PICKLE+LAKE+AUT",1957,2026
"05-31",2001-05-31,49.3133333333333,0,157,0,0,104.725,133.36,0,151.6,"PICKLE LAKE (AUT) (ECCC AES 6016525; station_id 3920)","6016525",3920,"PICKLE LAKE (AUT)","DATE: May-31<br><b>Daily precipitation</b><br>Value: 0.0 mm<br>Weather station: PICKLE LAKE (AUT) (ECCC AES 6016525; station_id 3920)",307.421927808571,"DATE: May-31<br><b>Cumulative precipitation</b><br>Value: 151.6 mm<br>Anomaly: +102.3 mm<br>Percent of normal: <b>307%</b><br>Weather station: PICKLE LAKE (AUT) (ECCC AES 6016525; station_id 3920)","DATE: May-31<br><b>Normal cumulative precipitation</b><br>49.3 mm<br>Period: 1991-2020","DATE: May-31<br><b>25-75 percentile</b><br>0.0 to 104.7 mm","DATE: May-31<br><b>10-90 percentile</b><br>0.0 to 133.4 mm","6016525","PICKLE+LAKE+AUT",1957,2026
"06-01",2001-06-01,50.9033333333333,0,157,0,0,108.725,133.46,0,151.6,"PICKLE LAKE (AUT) (ECCC AES 6016525; station_id 3920)","6016525",3920,"PICKLE LAKE (AUT)","DATE: Jun-01<br><b>Daily precipitation</b><br>Value: 0.0 mm<br>Weather station: PICKLE LAKE (AUT) (ECCC AES 6016525; station_id 3920)",297.819396241242,"DATE: Jun-01<br><b>Cumulative precipitation</b><br>Value: 151.6 mm<br>Anomaly: +100.7 mm<br>Percent of normal: <b>298%</b><br>Weather station: PICKLE LAKE (AUT) (ECCC AES 6016525; station_id 3920)","DATE: Jun-01<br><b>Normal cumulative precipitation</b><br>50.9 mm<br>Period: 1991-2020","DATE: Jun-01<br><b>25-75 percentile</b><br>0.0 to 108.7 mm","DATE: Jun-01<br><b>10-90 percentile</b><br>0.0 to 133.5 mm","6016525","PICKLE+LAKE+AUT",1957,2026
"06-02",2001-06-02,52.5933333333333,0,157,0,0,113.05,133.46,0,151.6,"PICKLE LAKE (AUT) (ECCC AES 6016525; station_id 3920)","6016525",3920,"PICKLE LAKE (AUT)","DATE: Jun-02<br><b>Daily precipitation</b><br>Value: 0.0 mm<br>Weather station: PICKLE LAKE (AUT) (ECCC AES 6016525; station_id 3920)",288.249461275193,"DATE: Jun-02<br><b>Cumulative precipitation</b><br>Value: 151.6 mm<br>Anomaly: +99.0 mm<br>Percent of normal: <b>288%</b><br>Weather station: PICKLE LAKE (AUT) (ECCC AES 6016525; station_id 3920)","DATE: Jun-02<br><b>Normal cumulative precipitation</b><br>52.6 mm<br>Period: 1991-2020","DATE: Jun-02<br><b>25-75 percentile</b><br>0.0 to 113.0 mm","DATE: Jun-02<br><b>10-90 percentile</b><br>0.0 to 133.5 mm","6016525","PICKLE+LAKE+AUT",1957,2026
"06-03",2001-06-03,54.8,0,157,0,0,115.8,137.08,0.3,151.9,"PICKLE LAKE (AUT) (ECCC AES 6016525; station_id 3920)","6016525",3920,"PICKLE LAKE (AUT)","DATE: Jun-03<br><b>Daily precipitation</b><br>Value: 0.3 mm<br>Weather station: PICKLE LAKE (AUT) (ECCC AES 6016525; station_id 3920)",277.189781021898,"DATE: Jun-03<br><b>Cumulative precipitation</b><br>Value: 151.9 mm<br>Anomaly: +97.1 mm<br>Percent of normal: <b>277%</b><br>Weather station: PICKLE LAKE (AUT) (ECCC AES 6016525; station_id 3920)","DATE: Jun-03<br><b>Normal cumulative precipitation</b><br>54.8 mm<br>Period: 1991-2020","DATE: Jun-03<br><b>25-75 percentile</b><br>0.0 to 115.8 mm","DATE: Jun-03<br><b>10-90 percentile</b><br>0.0 to 137.1 mm","6016525","PICKLE+LAKE+AUT",1957,2026
"06-04",2001-06-04,56.1966666666667,0,160.6,0,0,122.175,137.29,12.9,164.8,"PICKLE LAKE (AUT) (ECCC AES 6016525; station_id 3920)","6016525",3920,"PICKLE LAKE (AUT)","DATE: Jun-04<br><b>Daily precipitation</b><br>Value: 12.9 mm<br>Weather station: PICKLE LAKE (AUT) (ECCC AES 6016525; station_id 3920)",293.25582774779,"DATE: Jun-04<br><b>Cumulative precipitation</b><br>Value: 164.8 mm<br>Anomaly: +108.6 mm<br>Percent of normal: <b>293%</b><br>Weather station: PICKLE LAKE (AUT) (ECCC AES 6016525; station_id 3920)","DATE: Jun-04<br><b>Normal cumulative precipitation</b><br>56.2 mm<br>Period: 1991-2020","DATE: Jun-04<br><b>25-75 percentile</b><br>0.0 to 122.2 mm","DATE: Jun-04<br><b>10-90 percentile</b><br>0.0 to 137.3 mm","6016525","PICKLE+LAKE+AUT",1957,2026
"06-05",2001-06-05,57.7,0,161.7,0,0,123.875,137.29,0.2,165,"PICKLE LAKE (AUT) (ECCC AES 6016525; station_id 3920)","6016525",3920,"PICKLE LAKE (AUT)","DATE: Jun-05<br><b>Daily precipitation</b><br>Value: 0.2 mm<br>Weather station: PICKLE LAKE (AUT) (ECCC AES 6016525; station_id 3920)",285.961871750433,"DATE: Jun-05<br><b>Cumulative precipitation</b><br>Value: 165.0 mm<br>Anomaly: +107.3 mm<br>Percent of normal: <b>286%</b><br>Weather station: PICKLE LAKE (AUT) (ECCC AES 6016525; station_id 3920)","DATE: Jun-05<br><b>Normal cumulative precipitation</b><br>57.7 mm<br>Period: 1991-2020","DATE: Jun-05<br><b>25-75 percentile</b><br>0.0 to 123.9 mm","DATE: Jun-05<br><b>10-90 percentile</b><br>0.0 to 137.3 mm","6016525","PICKLE+LAKE+AUT",1957,2026
"06-06",2001-06-06,58.7233333333333,0,177.3,0,0,125.525,137.29,0,165,"PICKLE LAKE (AUT) (ECCC AES 6016525; station_id 3920)","6016525",3920,"PICKLE LAKE (AUT)","DATE: Jun-06<br><b>Daily precipitation</b><br>Value: 0.0 mm<br>Weather station: PICKLE LAKE (AUT) (ECCC AES 6016525; station_id 3920)",280.978600215701,"DATE: Jun-06<br><b>Cumulative precipitation</b><br>Value: 165.0 mm<br>Anomaly: +106.3 mm<br>Percent of normal: <b>281%</b><br>Weather station: PICKLE LAKE (AUT) (ECCC AES 6016525; station_id 3920)","DATE: Jun-06<br><b>Normal cumulative precipitation</b><br>58.7 mm<br>Period: 1991-2020","DATE: Jun-06<br><b>25-75 percentile</b><br>0.0 to 125.5 mm","DATE: Jun-06<br><b>10-90 percentile</b><br>0.0 to 137.3 mm","6016525","PICKLE+LAKE+AUT",1957,2026
"06-07",2001-06-07,60.1866666666667,0,179.6,0,0,128.975,151.01,0,165,"PICKLE LAKE (AUT) (ECCC AES 6016525; station_id 3920)","6016525",3920,"PICKLE LAKE (AUT)","DATE: Jun-07<br><b>Daily precipitation</b><br>Value: 0.0 mm<br>Weather station: PICKLE LAKE (AUT) (ECCC AES 6016525; station_id 3920)",274.14709791759,"DATE: Jun-07<br><b>Cumulative precipitation</b><br>Value: 165.0 mm<br>Anomaly: +104.8 mm<br>Percent of normal: <b>274%</b><br>Weather station: PICKLE LAKE (AUT) (ECCC AES 6016525; station_id 3920)","DATE: Jun-07<br><b>Normal cumulative precipitation</b><br>60.2 mm<br>Period: 1991-2020","DATE: Jun-07<br><b>25-75 percentile</b><br>0.0 to 129.0 mm","DATE: Jun-07<br><b>10-90 percentile</b><br>0.0 to 151.0 mm","6016525","PICKLE+LAKE+AUT",1957,2026
"06-08",2001-06-08,61.09,0,179.6,0,0,128.975,151.27,0.8,165.8,"PICKLE LAKE (AUT) (ECCC AES 6016525; station_id 3920)","6016525",3920,"PICKLE LAKE (AUT)","DATE: Jun-08<br><b>Daily precipitation</b><br>Value: 0.8 mm<br>Weather station: PICKLE LAKE (AUT) (ECCC AES 6016525; station_id 3920)",271.40284825667,"DATE: Jun-08<br><b>Cumulative precipitation</b><br>Value: 165.8 mm<br>Anomaly: +104.7 mm<br>Percent of normal: <b>271%</b><br>Weather station: PICKLE LAKE (AUT) (ECCC AES 6016525; station_id 3920)","DATE: Jun-08<br><b>Normal cumulative precipitation</b><br>61.1 mm<br>Period: 1991-2020","DATE: Jun-08<br><b>25-75 percentile</b><br>0.0 to 129.0 mm","DATE: Jun-08<br><b>10-90 percentile</b><br>0.0 to 151.3 mm","6016525","PICKLE+LAKE+AUT",1957,2026
"06-09",2001-06-09,62.5033333333333,0,185.4,0,0,131.475,151.37,0,165.8,"PICKLE LAKE (AUT) (ECCC AES 6016525; station_id 3920)","6016525",3920,"PICKLE LAKE (AUT)","DATE: Jun-09<br><b>Daily precipitation</b><br>Value: 0.0 mm<br>Weather station: PICKLE LAKE (AUT) (ECCC AES 6016525; station_id 3920)",265.265852487867,"DATE: Jun-09<br><b>Cumulative precipitation</b><br>Value: 165.8 mm<br>Anomaly: +103.3 mm<br>Percent of normal: <b>265%</b><br>Weather station: PICKLE LAKE (AUT) (ECCC AES 6016525; station_id 3920)","DATE: Jun-09<br><b>Normal cumulative precipitation</b><br>62.5 mm<br>Period: 1991-2020","DATE: Jun-09<br><b>25-75 percentile</b><br>0.0 to 131.5 mm","DATE: Jun-09<br><b>10-90 percentile</b><br>0.0 to 151.4 mm","6016525","PICKLE+LAKE+AUT",1957,2026
"06-10",2001-06-10,65.4333333333333,0,185.4,0,0,139.675,160.25,0,165.8,"PICKLE LAKE (AUT) (ECCC AES 6016525; station_id 3920)","6016525",3920,"PICKLE LAKE (AUT)","DATE: Jun-10<br><b>Daily precipitation</b><br>Value: 0.0 mm<br>Weather station: PICKLE LAKE (AUT) (ECCC AES 6016525; station_id 3920)",253.387671930718,"DATE: Jun-10<br><b>Cumulative precipitation</b><br>Value: 165.8 mm<br>Anomaly: +100.4 mm<br>Percent of normal: <b>253%</b><br>Weather station: PICKLE LAKE (AUT) (ECCC AES 6016525; station_id 3920)","DATE: Jun-10<br><b>Normal cumulative precipitation</b><br>65.4 mm<br>Period: 1991-2020","DATE: Jun-10<br><b>25-75 percentile</b><br>0.0 to 139.7 mm","DATE: Jun-10<br><b>10-90 percentile</b><br>0.0 to 160.2 mm","6016525","PICKLE+LAKE+AUT",1957,2026
"06-11",2001-06-11,66.8633333333333,0,185.4,0,0,140.05,172.63,2.1,167.9,"PICKLE LAKE (AUT) (ECCC AES 6016525; station_id 3920)","6016525",3920,"PICKLE LAKE (AUT)","DATE: Jun-11<br><b>Daily precipitation</b><br>Value: 2.1 mm<br>Weather station: PICKLE LAKE (AUT) (ECCC AES 6016525; station_id 3920)",251.109227778055,"DATE: Jun-11<br><b>Cumulative precipitation</b><br>Value: 167.9 mm<br>Anomaly: +101.0 mm<br>Percent of normal: <b>251%</b><br>Weather station: PICKLE LAKE (AUT) (ECCC AES 6016525; station_id 3920)","DATE: Jun-11<br><b>Normal cumulative precipitation</b><br>66.9 mm<br>Period: 1991-2020","DATE: Jun-11<br><b>25-75 percentile</b><br>0.0 to 140.0 mm","DATE: Jun-11<br><b>10-90 percentile</b><br>0.0 to 172.6 mm","6016525","PICKLE+LAKE+AUT",1957,2026
"06-12",2001-06-12,68.6766666666667,0,190.9,0,0,140.05,175.34,5.3,173.2,"PICKLE LAKE (AUT) (ECCC AES 6016525; station_id 3920)","6016525",3920,"PICKLE LAKE (AUT)","DATE: Jun-12<br><b>Daily precipitation</b><br>Value: 5.3 mm<br>Weather station: PICKLE LAKE (AUT) (ECCC AES 6016525; station_id 3920)",252.196282094841,"DATE: Jun-12<br><b>Cumulative precipitation</b><br>Value: 173.2 mm<br>Anomaly: +104.5 mm<br>Percent of normal: <b>252%</b><br>Weather station: PICKLE LAKE (AUT) (ECCC AES 6016525; station_id 3920)","DATE: Jun-12<br><b>Normal cumulative precipitation</b><br>68.7 mm<br>Period: 1991-2020","DATE: Jun-12<br><b>25-75 percentile</b><br>0.0 to 140.0 mm","DATE: Jun-12<br><b>10-90 percentile</b><br>0.0 to 175.3 mm","6016525","PICKLE+LAKE+AUT",1957,2026
"06-13",2001-06-13,69.6266666666667,0,190.9,0,0,141.625,175.34,3.9,177.1,"PICKLE LAKE (AUT) (ECCC AES 6016525; station_id 3920)","6016525",3920,"PICKLE LAKE (AUT)","DATE: Jun-13<br><b>Daily precipitation</b><br>Value: 3.9 mm<br>Weather station: PICKLE LAKE (AUT) (ECCC AES 6016525; station_id 3920)",254.356568364611,"DATE: Jun-13<br><b>Cumulative precipitation</b><br>Value: 177.1 mm<br>Anomaly: +107.5 mm<br>Percent of normal: <b>254%</b><br>Weather station: PICKLE LAKE (AUT) (ECCC AES 6016525; station_id 3920)","DATE: Jun-13<br><b>Normal cumulative precipitation</b><br>69.6 mm<br>Period: 1991-2020","DATE: Jun-13<br><b>25-75 percentile</b><br>0.0 to 141.6 mm","DATE: Jun-13<br><b>10-90 percentile</b><br>0.0 to 175.3 mm","6016525","PICKLE+LAKE+AUT",1957,2026
"06-14",2001-06-14,70.3833333333333,0,200.5,0,0,141.625,175.4,0,177.1,"PICKLE LAKE (AUT) (ECCC AES 6016525; station_id 3920)","6016525",3920,"PICKLE LAKE (AUT)","DATE: Jun-14<br><b>Daily precipitation</b><br>Value: 0.0 mm<br>Weather station: PICKLE LAKE (AUT) (ECCC AES 6016525; station_id 3920)",251.622069618754,"DATE: Jun-14<br><b>Cumulative precipitation</b><br>Value: 177.1 mm<br>Anomaly: +106.7 mm<br>Percent of normal: <b>252%</b><br>Weather station: PICKLE LAKE (AUT) (ECCC AES 6016525; station_id 3920)","DATE: Jun-14<br><b>Normal cumulative precipitation</b><br>70.4 mm<br>Period: 1991-2020","DATE: Jun-14<br><b>25-75 percentile</b><br>0.0 to 141.6 mm","DATE: Jun-14<br><b>10-90 percentile</b><br>0.0 to 175.4 mm","6016525","PICKLE+LAKE+AUT",1957,2026
"06-15",2001-06-15,72.8066666666667,0,204.2,0,0,142.325,184.05,0,177.1,"PICKLE LAKE (AUT) (ECCC AES 6016525; station_id 3920)","6016525",3920,"PICKLE LAKE (AUT)","DATE: Jun-15<br><b>Daily precipitation</b><br>Value: 0.0 mm<br>Weather station: PICKLE LAKE (AUT) (ECCC AES 6016525; station_id 3920)",243.246955407014,"DATE: Jun-15<br><b>Cumulative precipitation</b><br>Value: 177.1 mm<br>Anomaly: +104.3 mm<br>Percent of normal: <b>243%</b><br>Weather station: PICKLE LAKE (AUT) (ECCC AES 6016525; station_id 3920)","DATE: Jun-15<br><b>Normal cumulative precipitation</b><br>72.8 mm<br>Period: 1991-2020","DATE: Jun-15<br><b>25-75 percentile</b><br>0.0 to 142.3 mm","DATE: Jun-15<br><b>10-90 percentile</b><br>0.0 to 184.0 mm","6016525","PICKLE+LAKE+AUT",1957,2026
"06-16",2001-06-16,75.2233333333333,0,215.3,0,0,143.75,198.51,0,177.1,"PICKLE LAKE (AUT) (ECCC AES 6016525; station_id 3920)","6016525",3920,"PICKLE LAKE (AUT)","DATE: Jun-16<br><b>Daily precipitation</b><br>Value: 0.0 mm<br>Weather station: PICKLE LAKE (AUT) (ECCC AES 6016525; station_id 3920)",235.43226835645,"DATE: Jun-16<br><b>Cumulative precipitation</b><br>Value: 177.1 mm<br>Anomaly: +101.9 mm<br>Percent of normal: <b>235%</b><br>Weather station: PICKLE LAKE (AUT) (ECCC AES 6016525; station_id 3920)","DATE: Jun-16<br><b>Normal cumulative precipitation</b><br>75.2 mm<br>Period: 1991-2020","DATE: Jun-16<br><b>25-75 percentile</b><br>0.0 to 143.8 mm","DATE: Jun-16<br><b>10-90 percentile</b><br>0.0 to 198.5 mm","6016525","PICKLE+LAKE+AUT",1957,2026
"06-17",2001-06-17,76.7466666666667,0,215.8,0,0,143.75,200.02,6.9,184,"PICKLE LAKE (AUT) (ECCC AES 6016525; station_id 3920)","6016525",3920,"PICKLE LAKE (AUT)","DATE: Jun-17<br><b>Daily precipitation</b><br>Value: 6.9 mm<br>Weather station: PICKLE LAKE (AUT) (ECCC AES 6016525; station_id 3920)",239.749826268242,"DATE: Jun-17<br><b>Cumulative precipitation</b><br>Value: 184.0 mm<br>Anomaly: +107.3 mm<br>Percent of normal: <b>240%</b><br>Weather station: PICKLE LAKE (AUT) (ECCC AES 6016525; station_id 3920)","DATE: Jun-17<br><b>Normal cumulative precipitation</b><br>76.7 mm<br>Period: 1991-2020","DATE: Jun-17<br><b>25-75 percentile</b><br>0.0 to 143.8 mm","DATE: Jun-17<br><b>10-90 percentile</b><br>0.0 to 200.0 mm","6016525","PICKLE+LAKE+AUT",1957,2026
"06-18",2001-06-18,78.3833333333333,0,239.2,0,0,143.75,205.97,0,184,"PICKLE LAKE (AUT) (ECCC AES 6016525; station_id 3920)","6016525",3920,"PICKLE LAKE (AUT)","DATE: Jun-18<br><b>Daily precipitation</b><br>Value: 0.0 mm<br>Weather station: PICKLE LAKE (AUT) (ECCC AES 6016525; station_id 3920)",234.743780565596,"DATE: Jun-18<br><b>Cumulative precipitation</b><br>Value: 184.0 mm<br>Anomaly: +105.6 mm<br>Percent of normal: <b>235%</b><br>Weather station: PICKLE LAKE (AUT) (ECCC AES 6016525; station_id 3920)","DATE: Jun-18<br><b>Normal cumulative precipitation</b><br>78.4 mm<br>Period: 1991-2020","DATE: Jun-18<br><b>25-75 percentile</b><br>0.0 to 143.8 mm","DATE: Jun-18<br><b>10-90 percentile</b><br>0.0 to 206.0 mm","6016525","PICKLE+LAKE+AUT",1957,2026
"06-19",2001-06-19,79.0133333333333,0,241.2,0,0,151.85,206.3,8.9,192.9,"PICKLE LAKE (AUT) (ECCC AES 6016525; station_id 3920)","6016525",3920,"PICKLE LAKE (AUT)","DATE: Jun-19<br><b>Daily precipitation</b><br>Value: 8.9 mm<br>Weather station: PICKLE LAKE (AUT) (ECCC AES 6016525; station_id 3920)",244.136010799865,"DATE: Jun-19<br><b>Cumulative precipitation</b><br>Value: 192.9 mm<br>Anomaly: +113.9 mm<br>Percent of normal: <b>244%</b><br>Weather station: PICKLE LAKE (AUT) (ECCC AES 6016525; station_id 3920)","DATE: Jun-19<br><b>Normal cumulative precipitation</b><br>79.0 mm<br>Period: 1991-2020","DATE: Jun-19<br><b>25-75 percentile</b><br>0.0 to 151.9 mm","DATE: Jun-19<br><b>10-90 percentile</b><br>0.0 to 206.3 mm","6016525","PICKLE+LAKE+AUT",1957,2026
"06-20",2001-06-20,79.4633333333333,0,246.2,0,0,152.375,207.68,1.6,194.5,"PICKLE LAKE (AUT) (ECCC AES 6016525; station_id 3920)","6016525",3920,"PICKLE LAKE (AUT)","DATE: Jun-20<br><b>Daily precipitation</b><br>Value: 1.6 mm<br>Weather station: PICKLE LAKE (AUT) (ECCC AES 6016525; station_id 3920)",244.766978480641,"DATE: Jun-20<br><b>Cumulative precipitation</b><br>Value: 194.5 mm<br>Anomaly: +115.0 mm<br>Percent of normal: <b>245%</b><br>Weather station: PICKLE LAKE (AUT) (ECCC AES 6016525; station_id 3920)","DATE: Jun-20<br><b>Normal cumulative precipitation</b><br>79.5 mm<br>Period: 1991-2020","DATE: Jun-20<br><b>25-75 percentile</b><br>0.0 to 152.4 mm","DATE: Jun-20<br><b>10-90 percentile</b><br>0.0 to 207.7 mm","6016525","PICKLE+LAKE+AUT",1957,2026
"06-21",2001-06-21,80.7666666666667,0,248.5,0,0,152.375,217.36,0.8,195.3,"PICKLE LAKE (AUT) (ECCC AES 6016525; station_id 3920)","6016525",3920,"PICKLE LAKE (AUT)","DATE: Jun-21<br><b>Daily precipitation</b><br>Value: 0.8 mm<br>Weather station: PICKLE LAKE (AUT) (ECCC AES 6016525; station_id 3920)",241.807676434173,"DATE: Jun-21<br><b>Cumulative precipitation</b><br>Value: 195.3 mm<br>Anomaly: +114.5 mm<br>Percent of normal: <b>242%</b><br>Weather station: PICKLE LAKE (AUT) (ECCC AES 6016525; station_id 3920)","DATE: Jun-21<br><b>Normal cumulative precipitation</b><br>80.8 mm<br>Period: 1991-2020","DATE: Jun-21<br><b>25-75 percentile</b><br>0.0 to 152.4 mm","DATE: Jun-21<br><b>10-90 percentile</b><br>0.0 to 217.4 mm","6016525","PICKLE+LAKE+AUT",1957,2026
"06-22",2001-06-22,82.3566666666667,0,249.8,0,0,152.375,221.52,0,195.3,"PICKLE LAKE (AUT) (ECCC AES 6016525; station_id 3920)","6016525",3920,"PICKLE LAKE (AUT)","DATE: Jun-22<br><b>Daily precipitation</b><br>Value: 0.0 mm<br>Weather station: PICKLE LAKE (AUT) (ECCC AES 6016525; station_id 3920)",237.139272271016,"DATE: Jun-22<br><b>Cumulative precipitation</b><br>Value: 195.3 mm<br>Anomaly: +112.9 mm<br>Percent of normal: <b>237%</b><br>Weather station: PICKLE LAKE (AUT) (ECCC AES 6016525; station_id 3920)","DATE: Jun-22<br><b>Normal cumulative precipitation</b><br>82.4 mm<br>Period: 1991-2020","DATE: Jun-22<br><b>25-75 percentile</b><br>0.0 to 152.4 mm","DATE: Jun-22<br><b>10-90 percentile</b><br>0.0 to 221.5 mm","6016525","PICKLE+LAKE+AUT",1957,2026
"06-23",2001-06-23,83.14,0,256.9,0,0,155,221.52,0,195.3,"","6016525",3920,"PICKLE LAKE (AUT)","DATE: Jun-23<br><b>Daily precipitation</b><br>Value: 0.0 mm<br>Weather station: ",234.904979552562,"DATE: Jun-23<br><b>Cumulative precipitation</b><br>Value: 195.3 mm<br>Anomaly: +112.2 mm<br>Percent of normal: <b>235%</b><br>Weather station: ","DATE: Jun-23<br><b>Normal cumulative precipitation</b><br>83.1 mm<br>Period: 1991-2020","DATE: Jun-23<br><b>25-75 percentile</b><br>0.0 to 155.0 mm","DATE: Jun-23<br><b>10-90 percentile</b><br>0.0 to 221.5 mm","6016525","PICKLE+LAKE+AUT",1957,2026
"06-24",2001-06-24,83.9133333333333,0,256.9,0,0,155.3,221.82,0,195.3,"","6016525",3920,"PICKLE LAKE (AUT)","DATE: Jun-24<br><b>Daily precipitation</b><br>Value: 0.0 mm<br>Weather station: ",232.740128704219,"DATE: Jun-24<br><b>Cumulative precipitation</b><br>Value: 195.3 mm<br>Anomaly: +111.4 mm<br>Percent of normal: <b>233%</b><br>Weather station: ","DATE: Jun-24<br><b>Normal cumulative precipitation</b><br>83.9 mm<br>Period: 1991-2020","DATE: Jun-24<br><b>25-75 percentile</b><br>0.0 to 155.3 mm","DATE: Jun-24<br><b>10-90 percentile</b><br>0.0 to 221.8 mm","6016525","PICKLE+LAKE+AUT",1957,2026
"06-25",2001-06-25,84.3233333333333,0,256.9,0,0,157.2,222.95,0,195.3,"","6016525",3920,"PICKLE LAKE (AUT)","DATE: Jun-25<br><b>Daily precipitation</b><br>Value: 0.0 mm<br>Weather station: ",231.60849112543,"DATE: Jun-25<br><b>Cumulative precipitation</b><br>Value: 195.3 mm<br>Anomaly: +111.0 mm<br>Percent of normal: <b>232%</b><br>Weather station: ","DATE: Jun-25<br><b>Normal cumulative precipitation</b><br>84.3 mm<br>Period: 1991-2020","DATE: Jun-25<br><b>25-75 percentile</b><br>0.0 to 157.2 mm","DATE: Jun-25<br><b>10-90 percentile</b><br>0.0 to 223.0 mm","6016525","PICKLE+LAKE+AUT",1957,2026
"06-26",2001-06-26,86.02,0,256.9,0,0,176.75,226.64,1,196.3,"","6016525",3920,"PICKLE LAKE (AUT)","DATE: Jun-26<br><b>Daily precipitation</b><br>Value: 1.0 mm<br>Weather station: ",228.202743548012,"DATE: Jun-26<br><b>Cumulative precipitation</b><br>Value: 196.3 mm<br>Anomaly: +110.3 mm<br>Percent of normal: <b>228%</b><br>Weather station: ","DATE: Jun-26<br><b>Normal cumulative precipitation</b><br>86.0 mm<br>Period: 1991-2020","DATE: Jun-26<br><b>25-75 percentile</b><br>0.0 to 176.8 mm","DATE: Jun-26<br><b>10-90 percentile</b><br>0.0 to 226.6 mm","6016525","PICKLE+LAKE+AUT",1957,2026
"06-27",2001-06-27,89.2233333333333,0,256.9,0,0,182.2,227.89,0,196.3,"","6016525",3920,"PICKLE LAKE (AUT)","DATE: Jun-27<br><b>Daily precipitation</b><br>Value: 0.0 mm<br>Weather station: ",220.009713453133,"DATE: Jun-27<br><b>Cumulative precipitation</b><br>Value: 196.3 mm<br>Anomaly: +107.1 mm<br>Percent of normal: <b>220%</b><br>Weather station: ","DATE: Jun-27<br><b>Normal cumulative precipitation</b><br>89.2 mm<br>Period: 1991-2020","DATE: Jun-27<br><b>25-75 percentile</b><br>0.0 to 182.2 mm","DATE: Jun-27<br><b>10-90 percentile</b><br>0.0 to 227.9 mm","6016525","PICKLE+LAKE+AUT",1957,2026
"06-28",2001-06-28,90.0333333333333,0,259.7,0,0,185.775,228.85,0,196.3,"","6016525",3920,"PICKLE LAKE (AUT)","DATE: Jun-28<br><b>Daily precipitation</b><br>Value: 0.0 mm<br>Weather station: ",218.03035912625,"DATE: Jun-28<br><b>Cumulative precipitation</b><br>Value: 196.3 mm<br>Anomaly: +106.3 mm<br>Percent of normal: <b>218%</b><br>Weather station: ","DATE: Jun-28<br><b>Normal cumulative precipitation</b><br>90.0 mm<br>Period: 1991-2020","DATE: Jun-28<br><b>25-75 percentile</b><br>0.0 to 185.8 mm","DATE: Jun-28<br><b>10-90 percentile</b><br>0.0 to 228.8 mm","6016525","PICKLE+LAKE+AUT",1957,2026
"06-29",2001-06-29,90.3733333333333,0,260.6,0,0,187.775,228.85,0,196.3,"","6016525",3920,"PICKLE LAKE (AUT)","DATE: Jun-29<br><b>Daily precipitation</b><br>Value: 0.0 mm<br>Weather station: ",217.210091472411,"DATE: Jun-29<br><b>Cumulative precipitation</b><br>Value: 196.3 mm<br>Anomaly: +105.9 mm<br>Percent of normal: <b>217%</b><br>Weather station: ","DATE: Jun-29<br><b>Normal cumulative precipitation</b><br>90.4 mm<br>Period: 1991-2020","DATE: Jun-29<br><b>25-75 percentile</b><br>0.0 to 187.8 mm","DATE: Jun-29<br><b>10-90 percentile</b><br>0.0 to 228.8 mm","6016525","PICKLE+LAKE+AUT",1957,2026
"06-30",2001-06-30,91.6666666666667,0,260.6,0,0,197.05,232.05,5,201.3,"","6016525",3920,"PICKLE LAKE (AUT)","DATE: Jun-30<br><b>Daily precipitation</b><br>Value: 5.0 mm<br>Weather station: ",219.6,"DATE: Jun-30<br><b>Cumulative precipitation</b><br>Value: 201.3 mm<br>Anomaly: +109.6 mm<br>Percent of normal: <b>220%</b><br>Weather station: ","DATE: Jun-30<br><b>Normal cumulative precipitation</b><br>91.7 mm<br>Period: 1991-2020","DATE: Jun-30<br><b>25-75 percentile</b><br>0.0 to 197.0 mm","DATE: Jun-30<br><b>10-90 percentile</b><br>0.0 to 232.0 mm","6016525","PICKLE+LAKE+AUT",1957,2026
"07-01",2001-07-01,92.3766666666667,0,260.6,0,0,197.6,235.05,2.6,203.9,"","6016525",3920,"PICKLE LAKE (AUT)","DATE: Jul-01<br><b>Daily precipitation</b><br>Value: 2.6 mm<br>Weather station: ",220.726734745426,"DATE: Jul-01<br><b>Cumulative precipitation</b><br>Value: 203.9 mm<br>Anomaly: +111.5 mm<br>Percent of normal: <b>221%</b><br>Weather station: ","DATE: Jul-01<br><b>Normal cumulative precipitation</b><br>92.4 mm<br>Period: 1991-2020","DATE: Jul-01<br><b>25-75 percentile</b><br>0.0 to 197.6 mm","DATE: Jul-01<br><b>10-90 percentile</b><br>0.0 to 235.0 mm","6016525","PICKLE+LAKE+AUT",1957,2026
"07-02",2001-07-02,94.45,0,292.4,0,0,198.3,236.4,3,206.9,"","6016525",3920,"PICKLE LAKE (AUT)","DATE: Jul-02<br><b>Daily precipitation</b><br>Value: 3.0 mm<br>Weather station: ",219.057702488089,"DATE: Jul-02<br><b>Cumulative precipitation</b><br>Value: 206.9 mm<br>Anomaly: +112.4 mm<br>Percent of normal: <b>219%</b><br>Weather station: ","DATE: Jul-02<br><b>Normal cumulative precipitation</b><br>94.4 mm<br>Period: 1991-2020","DATE: Jul-02<br><b>25-75 percentile</b><br>0.0 to 198.3 mm","DATE: Jul-02<br><b>10-90 percentile</b><br>0.0 to 236.4 mm","6016525","PICKLE+LAKE+AUT",1957,2026
"07-03",2001-07-03,95.2166666666667,0,292.4,0,0,198.3,239.22,0,206.9,"","6016525",3920,"PICKLE LAKE (AUT)","DATE: Jul-03<br><b>Daily precipitation</b><br>Value: 0.0 mm<br>Weather station: ",217.293891125503,"DATE: Jul-03<br><b>Cumulative precipitation</b><br>Value: 206.9 mm<br>Anomaly: +111.7 mm<br>Percent of normal: <b>217%</b><br>Weather station: ","DATE: Jul-03<br><b>Normal cumulative precipitation</b><br>95.2 mm<br>Period: 1991-2020","DATE: Jul-03<br><b>25-75 percentile</b><br>0.0 to 198.3 mm","DATE: Jul-03<br><b>10-90 percentile</b><br>0.0 to 239.2 mm","6016525","PICKLE+LAKE+AUT",1957,2026
"07-04",2001-07-04,97.9366666666667,0,292.4,0,0,200.3,239.22,0,206.9,"","6016525",3920,"PICKLE LAKE (AUT)","DATE: Jul-04<br><b>Daily precipitation</b><br>Value: 0.0 mm<br>Weather station: ",211.258976889827,"DATE: Jul-04<br><b>Cumulative precipitation</b><br>Value: 206.9 mm<br>Anomaly: +109.0 mm<br>Percent of normal: <b>211%</b><br>Weather station: ","DATE: Jul-04<br><b>Normal cumulative precipitation</b><br>97.9 mm<br>Period: 1991-2020","DATE: Jul-04<br><b>25-75 percentile</b><br>0.0 to 200.3 mm","DATE: Jul-04<br><b>10-90 percentile</b><br>0.0 to 239.2 mm","6016525","PICKLE+LAKE+AUT",1957,2026
"07-05",2001-07-05,99.2,0,292.4,0,0,200.375,239.91,0,206.9,"","6016525",3920,"PICKLE LAKE (AUT)","DATE: Jul-05<br><b>Daily precipitation</b><br>Value: 0.0 mm<br>Weather station: ",208.568548387097,"DATE: Jul-05<br><b>Cumulative precipitation</b><br>Value: 206.9 mm<br>Anomaly: +107.7 mm<br>Percent of normal: <b>209%</b><br>Weather station: ","DATE: Jul-05<br><b>Normal cumulative precipitation</b><br>99.2 mm<br>Period: 1991-2020","DATE: Jul-05<br><b>25-75 percentile</b><br>0.0 to 200.4 mm","DATE: Jul-05<br><b>10-90 percentile</b><br>0.0 to 239.9 mm","6016525","PICKLE+LAKE+AUT",1957,2026
"07-06",2001-07-06,102.026666666667,0,292.7,0,0,206.45,263.3,0,206.9,"","6016525",3920,"PICKLE LAKE (AUT)","DATE: Jul-06<br><b>Daily precipitation</b><br>Value: 0.0 mm<br>Weather station: ",202.790120230005,"DATE: Jul-06<br><b>Cumulative precipitation</b><br>Value: 206.9 mm<br>Anomaly: +104.9 mm<br>Percent of normal: <b>203%</b><br>Weather station: ","DATE: Jul-06<br><b>Normal cumulative precipitation</b><br>102.0 mm<br>Period: 1991-2020","DATE: Jul-06<br><b>25-75 percentile</b><br>0.0 to 206.4 mm","DATE: Jul-06<br><b>10-90 percentile</b><br>0.0 to 263.3 mm","6016525","PICKLE+LAKE+AUT",1957,2026
"07-07",2001-07-07,103.76,0,309.5,0,0,206.5,264.65,0,206.9,"","6016525",3920,"PICKLE LAKE (AUT)","DATE: Jul-07<br><b>Daily precipitation</b><br>Value: 0.0 mm<br>Weather station: ",199.402467232074,"DATE: Jul-07<br><b>Cumulative precipitation</b><br>Value: 206.9 mm<br>Anomaly: +103.1 mm<br>Percent of normal: <b>199%</b><br>Weather station: ","DATE: Jul-07<br><b>Normal cumulative precipitation</b><br>103.8 mm<br>Period: 1991-2020","DATE: Jul-07<br><b>25-75 percentile</b><br>0.0 to 206.5 mm","DATE: Jul-07<br><b>10-90 percentile</b><br>0.0 to 264.6 mm","6016525","PICKLE+LAKE+AUT",1957,2026
"07-08",2001-07-08,105.193333333333,0,309.5,0,0,206.5,273.23,0,206.9,"","6016525",3920,"PICKLE LAKE (AUT)","DATE: Jul-08<br><b>Daily precipitation</b><br>Value: 0.0 mm<br>Weather station: ",196.685468027125,"DATE: Jul-08<br><b>Cumulative precipitation</b><br>Value: 206.9 mm<br>Anomaly: +101.7 mm<br>Percent of normal: <b>197%</b><br>Weather station: ","DATE: Jul-08<br><b>Normal cumulative precipitation</b><br>105.2 mm<br>Period: 1991-2020","DATE: Jul-08<br><b>25-75 percentile</b><br>0.0 to 206.5 mm","DATE: Jul-08<br><b>10-90 percentile</b><br>0.0 to 273.2 mm","6016525","PICKLE+LAKE+AUT",1957,2026
"07-09",2001-07-09,106.206666666667,0,309.5,0,0,212.65,277.4,0,206.9,"","6016525",3920,"PICKLE LAKE (AUT)","DATE: Jul-09<br><b>Daily precipitation</b><br>Value: 0.0 mm<br>Weather station: ",194.808863222648,"DATE: Jul-09<br><b>Cumulative precipitation</b><br>Value: 206.9 mm<br>Anomaly: +100.7 mm<br>Percent of normal: <b>195%</b><br>Weather station: ","DATE: Jul-09<br><b>Normal cumulative precipitation</b><br>106.2 mm<br>Period: 1991-2020","DATE: Jul-09<br><b>25-75 percentile</b><br>0.0 to 212.6 mm","DATE: Jul-09<br><b>10-90 percentile</b><br>0.0 to 277.4 mm","6016525","PICKLE+LAKE+AUT",1957,2026
"07-10",2001-07-10,106.82,0,309.5,0,0,215.875,277.83,4,210.9,"","6016525",3920,"PICKLE LAKE (AUT)","DATE: Jul-10<br><b>Daily precipitation</b><br>Value: 4.0 mm<br>Weather station: ",197.434937277663,"DATE: Jul-10<br><b>Cumulative precipitation</b><br>Value: 210.9 mm<br>Anomaly: +104.1 mm<br>Percent of normal: <b>197%</b><br>Weather station: ","DATE: Jul-10<br><b>Normal cumulative precipitation</b><br>106.8 mm<br>Period: 1991-2020","DATE: Jul-10<br><b>25-75 percentile</b><br>0.0 to 215.9 mm","DATE: Jul-10<br><b>10-90 percentile</b><br>0.0 to 277.8 mm","6016525","PICKLE+LAKE+AUT",1957,2026
"07-11",2001-07-11,110.17,0,329.2,0,0,216.85,289.13,0,210.9,"","6016525",3920,"PICKLE LAKE (AUT)","DATE: Jul-11<br><b>Daily precipitation</b><br>Value: 0.0 mm<br>Weather station: ",191.431424162658,"DATE: Jul-11<br><b>Cumulative precipitation</b><br>Value: 210.9 mm<br>Anomaly: +100.7 mm<br>Percent of normal: <b>191%</b><br>Weather station: ","DATE: Jul-11<br><b>Normal cumulative precipitation</b><br>110.2 mm<br>Period: 1991-2020","DATE: Jul-11<br><b>25-75 percentile</b><br>0.0 to 216.8 mm","DATE: Jul-11<br><b>10-90 percentile</b><br>0.0 to 289.1 mm","6016525","PICKLE+LAKE+AUT",1957,2026
"07-12",2001-07-12,112.01,0,357,0,0,216.85,290.57,0,210.9,"","6016525",3920,"PICKLE LAKE (AUT)","DATE: Jul-12<br><b>Daily precipitation</b><br>Value: 0.0 mm<br>Weather station: ",188.286760110704,"DATE: Jul-12<br><b>Cumulative precipitation</b><br>Value: 210.9 mm<br>Anomaly: +98.9 mm<br>Percent of normal: <b>188%</b><br>Weather station: ","DATE: Jul-12<br><b>Normal cumulative precipitation</b><br>112.0 mm<br>Period: 1991-2020","DATE: Jul-12<br><b>25-75 percentile</b><br>0.0 to 216.8 mm","DATE: Jul-12<br><b>10-90 percentile</b><br>0.0 to 290.6 mm","6016525","PICKLE+LAKE+AUT",1957,2026
"07-13",2001-07-13,112.546666666667,0,357.5,0,0,217.675,291.56,0,210.9,"","6016525",3920,"PICKLE LAKE (AUT)","DATE: Jul-13<br><b>Daily precipitation</b><br>Value: 0.0 mm<br>Weather station: ",187.388934960313,"DATE: Jul-13<br><b>Cumulative precipitation</b><br>Value: 210.9 mm<br>Anomaly: +98.4 mm<br>Percent of normal: <b>187%</b><br>Weather station: ","DATE: Jul-13<br><b>Normal cumulative precipitation</b><br>112.5 mm<br>Period: 1991-2020","DATE: Jul-13<br><b>25-75 percentile</b><br>0.0 to 217.7 mm","DATE: Jul-13<br><b>10-90 percentile</b><br>0.0 to 291.6 mm","6016525","PICKLE+LAKE+AUT",1957,2026
"07-14",2001-07-14,112.823333333333,0,357.5,0,0,219.825,291.63,0,210.9,"","6016525",3920,"PICKLE LAKE (AUT)","DATE: Jul-14<br><b>Daily precipitation</b><br>Value: 0.0 mm<br>Weather station: ",186.929417673649,"DATE: Jul-14<br><b>Cumulative precipitation</b><br>Value: 210.9 mm<br>Anomaly: +98.1 mm<br>Percent of normal: <b>187%</b><br>Weather station: ","DATE: Jul-14<br><b>Normal cumulative precipitation</b><br>112.8 mm<br>Period: 1991-2020","DATE: Jul-14<br><b>25-75 percentile</b><br>0.0 to 219.8 mm","DATE: Jul-14<br><b>10-90 percentile</b><br>0.0 to 291.6 mm","6016525","PICKLE+LAKE+AUT",1957,2026
"07-15",2001-07-15,114.763333333333,0,357.5,0,0,231.075,291.63,0,210.9,"","6016525",3920,"PICKLE LAKE (AUT)","DATE: Jul-15<br><b>Daily precipitation</b><br>Value: 0.0 mm<br>Weather station: ",183.76949664527,"DATE: Jul-15<br><b>Cumulative precipitation</b><br>Value: 210.9 mm<br>Anomaly: +96.1 mm<br>Percent of normal: <b>184%</b><br>Weather station: ","DATE: Jul-15<br><b>Normal cumulative precipitation</b><br>114.8 mm<br>Period: 1991-2020","DATE: Jul-15<br><b>25-75 percentile</b><br>0.0 to 231.1 mm","DATE: Jul-15<br><b>10-90 percentile</b><br>0.0 to 291.6 mm","6016525","PICKLE+LAKE+AUT",1957,2026
"07-16",2001-07-16,116.493333333333,0,357.5,0,0,239.7,291.63,0,210.9,"","6016525",3920,"PICKLE LAKE (AUT)","DATE: Jul-16<br><b>Daily precipitation</b><br>Value: 0.0 mm<br>Weather station: ",181.040402884285,"DATE: Jul-16<br><b>Cumulative precipitation</b><br>Value: 210.9 mm<br>Anomaly: +94.4 mm<br>Percent of normal: <b>181%</b><br>Weather station: ","DATE: Jul-16<br><b>Normal cumulative precipitation</b><br>116.5 mm<br>Period: 1991-2020","DATE: Jul-16<br><b>25-75 percentile</b><br>0.0 to 239.7 mm","DATE: Jul-16<br><b>10-90 percentile</b><br>0.0 to 291.6 mm","6016525","PICKLE+LAKE+AUT",1957,2026
"07-17",2001-07-17,117.213333333333,0,357.5,0,0,240.375,291.63,1.9,212.8,"","6016525",3920,"PICKLE LAKE (AUT)","DATE: Jul-17<br><b>Daily precipitation</b><br>Value: 1.9 mm<br>Weather station: ",181.549311796155,"DATE: Jul-17<br><b>Cumulative precipitation</b><br>Value: 212.8 mm<br>Anomaly: +95.6 mm<br>Percent of normal: <b>182%</b><br>Weather station: ","DATE: Jul-17<br><b>Normal cumulative precipitation</b><br>117.2 mm<br>Period: 1991-2020","DATE: Jul-17<br><b>25-75 percentile</b><br>0.0 to 240.4 mm","DATE: Jul-17<br><b>10-90 percentile</b><br>0.0 to 291.6 mm","6016525","PICKLE+LAKE+AUT",1957,2026
"07-18",2001-07-18,118.093333333333,0,357.5,0,0,240.375,292.91,0,212.8,"","6016525",3920,"PICKLE LAKE (AUT)","DATE: Jul-18<br><b>Daily precipitation</b><br>Value: 0.0 mm<br>Weather station: ",180.196454781529,"DATE: Jul-18<br><b>Cumulative precipitation</b><br>Value: 212.8 mm<br>Anomaly: +94.7 mm<br>Percent of normal: <b>180%</b><br>Weather station: ","DATE: Jul-18<br><b>Normal cumulative precipitation</b><br>118.1 mm<br>Period: 1991-2020","DATE: Jul-18<br><b>25-75 percentile</b><br>0.0 to 240.4 mm","DATE: Jul-18<br><b>10-90 percentile</b><br>0.0 to 292.9 mm","6016525","PICKLE+LAKE+AUT",1957,2026
"07-19",2001-07-19,118.37,0,357.5,0,0,240.375,292.91,1.6,214.4,"","6016525",3920,"PICKLE LAKE (AUT)","DATE: Jul-19<br><b>Daily precipitation</b><br>Value: 1.6 mm<br>Weather station: ",181.126974740221,"DATE: Jul-19<br><b>Cumulative precipitation</b><br>Value: 214.4 mm<br>Anomaly: +96.0 mm<br>Percent of normal: <b>181%</b><br>Weather station: ","DATE: Jul-19<br><b>Normal cumulative precipitation</b><br>118.4 mm<br>Period: 1991-2020","DATE: Jul-19<br><b>25-75 percentile</b><br>0.0 to 240.4 mm","DATE: Jul-19<br><b>10-90 percentile</b><br>0.0 to 292.9 mm","6016525","PICKLE+LAKE+AUT",1957,2026
"07-20",2001-07-20,119.65,0,358.9,0,0,240.6,292.98,15.4,229.8,"","6016525",3920,"PICKLE LAKE (AUT)","DATE: Jul-20<br><b>Daily precipitation</b><br>Value: 15.4 mm<br>Weather station: ",192.06017551191,"DATE: Jul-20<br><b>Cumulative precipitation</b><br>Value: 229.8 mm<br>Anomaly: +110.1 mm<br>Percent of normal: <b>192%</b><br>Weather station: ","DATE: Jul-20<br><b>Normal cumulative precipitation</b><br>119.6 mm<br>Period: 1991-2020","DATE: Jul-20<br><b>25-75 percentile</b><br>0.0 to 240.6 mm","DATE: Jul-20<br><b>10-90 percentile</b><br>0.0 to 293.0 mm","6016525","PICKLE+LAKE+AUT",1957,2026
"07-21",2001-07-21,119.92,0,358.9,0,0,245.025,292.98,0.9,230.7,"","6016525",3920,"PICKLE LAKE (AUT)","DATE: Jul-21<br><b>Daily precipitation</b><br>Value: 0.9 mm<br>Weather station: ",192.378252168112,"DATE: Jul-21<br><b>Cumulative precipitation</b><br>Value: 230.7 mm<br>Anomaly: +110.8 mm<br>Percent of normal: <b>192%</b><br>Weather station: ","DATE: Jul-21<br><b>Normal cumulative precipitation</b><br>119.9 mm<br>Period: 1991-2020","DATE: Jul-21<br><b>25-75 percentile</b><br>0.0 to 245.0 mm","DATE: Jul-21<br><b>10-90 percentile</b><br>0.0 to 293.0 mm","6016525","PICKLE+LAKE+AUT",1957,2026
"07-22",2001-07-22,121.276666666667,0,358.9,0,0,246.95,292.98,0.7,231.4,"","6016525",3920,"PICKLE LAKE (AUT)","DATE: Jul-22<br><b>Daily precipitation</b><br>Value: 0.7 mm<br>Weather station: ",190.803397190996,"DATE: Jul-22<br><b>Cumulative precipitation</b><br>Value: 231.4 mm<br>Anomaly: +110.1 mm<br>Percent of normal: <b>191%</b><br>Weather station: ","DATE: Jul-22<br><b>Normal cumulative precipitation</b><br>121.3 mm<br>Period: 1991-2020","DATE: Jul-22<br><b>25-75 percentile</b><br>0.0 to 247.0 mm","DATE: Jul-22<br><b>10-90 percentile</b><br>0.0 to 293.0 mm","6016525","PICKLE+LAKE+AUT",1957,2026
"07-23",2001-07-23,122.423333333333,0,358.9,0,0,250.075,292.98,1.9,233.3,"","6016525",3920,"PICKLE LAKE (AUT)","DATE: Jul-23<br><b>Daily precipitation</b><br>Value: 1.9 mm<br>Weather station: ",190.568246793912,"DATE: Jul-23<br><b>Cumulative precipitation</b><br>Value: 233.3 mm<br>Anomaly: +110.9 mm<br>Percent of normal: <b>191%</b><br>Weather station: ","DATE: Jul-23<br><b>Normal cumulative precipitation</b><br>122.4 mm<br>Period: 1991-2020","DATE: Jul-23<br><b>25-75 percentile</b><br>0.0 to 250.1 mm","DATE: Jul-23<br><b>10-90 percentile</b><br>0.0 to 293.0 mm","6016525","PICKLE+LAKE+AUT",1957,2026
"07-24",2001-07-24,123.476666666667,0,358.9,0,0,256.925,296.85,13.7,247,"","6016525",3920,"PICKLE LAKE (AUT)","DATE: Jul-24<br><b>Daily precipitation</b><br>Value: 13.7 mm<br>Weather station: ",200.03779391518,"DATE: Jul-24<br><b>Cumulative precipitation</b><br>Value: 247.0 mm<br>Anomaly: +123.5 mm<br>Percent of normal: <b>200%</b><br>Weather station: ","DATE: Jul-24<br><b>Normal cumulative precipitation</b><br>123.5 mm<br>Period: 1991-2020","DATE: Jul-24<br><b>25-75 percentile</b><br>0.0 to 256.9 mm","DATE: Jul-24<br><b>10-90 percentile</b><br>0.0 to 296.8 mm","6016525","PICKLE+LAKE+AUT",1957,2026
"07-25",2001-07-25,124.04,0,358.9,0,0,256.975,297.08,0,247,"","6016525",3920,"PICKLE LAKE (AUT)","DATE: Jul-25<br><b>Daily precipitation</b><br>Value: 0.0 mm<br>Weather station: ",199.129313124798,"DATE: Jul-25<br><b>Cumulative precipitation</b><br>Value: 247.0 mm<br>Anomaly: +123.0 mm<br>Percent of normal: <b>199%</b><br>Weather station: ","DATE: Jul-25<br><b>Normal cumulative precipitation</b><br>124.0 mm<br>Period: 1991-2020","DATE: Jul-25<br><b>25-75 percentile</b><br>0.0 to 257.0 mm","DATE: Jul-25<br><b>10-90 percentile</b><br>0.0 to 297.1 mm","6016525","PICKLE+LAKE+AUT",1957,2026
"07-26",2001-07-26,125.28,0,358.9,0,0,257.925,302.09,4.8,251.8,"","6016525",3920,"PICKLE LAKE (AUT)","DATE: Jul-26<br><b>Daily precipitation</b><br>Value: 4.8 mm<br>Weather station: ",200.989782886335,"DATE: Jul-26<br><b>Cumulative precipitation</b><br>Value: 251.8 mm<br>Anomaly: +126.5 mm<br>Percent of normal: <b>201%</b><br>Weather station: ","DATE: Jul-26<br><b>Normal cumulative precipitation</b><br>125.3 mm<br>Period: 1991-2020","DATE: Jul-26<br><b>25-75 percentile</b><br>0.0 to 257.9 mm","DATE: Jul-26<br><b>10-90 percentile</b><br>0.0 to 302.1 mm","6016525","PICKLE+LAKE+AUT",1957,2026
"07-27",2001-07-27,127.15,0,358.9,0,0,265.325,304.01,0,251.8,"","6016525",3920,"PICKLE LAKE (AUT)","DATE: Jul-27<br><b>Daily precipitation</b><br>Value: 0.0 mm<br>Weather station: ",198.033818324813,"DATE: Jul-27<br><b>Cumulative precipitation</b><br>Value: 251.8 mm<br>Anomaly: +124.6 mm<br>Percent of normal: <b>198%</b><br>Weather station: ","DATE: Jul-27<br><b>Normal cumulative precipitation</b><br>127.2 mm<br>Period: 1991-2020","DATE: Jul-27<br><b>25-75 percentile</b><br>0.0 to 265.3 mm","DATE: Jul-27<br><b>10-90 percentile</b><br>0.0 to 304.0 mm","6016525","PICKLE+LAKE+AUT",1957,2026
"07-28",2001-07-28,127.973333333333,0,358.9,0,0,268,308.78,2.8,254.6,"","6016525",3920,"PICKLE LAKE (AUT)","DATE: Jul-28<br><b>Daily precipitation</b><br>Value: 2.8 mm<br>Weather station: ",198.947697436966,"DATE: Jul-28<br><b>Cumulative precipitation</b><br>Value: 254.6 mm<br>Anomaly: +126.6 mm<br>Percent of normal: <b>199%</b><br>Weather station: ","DATE: Jul-28<br><b>Normal cumulative precipitation</b><br>128.0 mm<br>Period: 1991-2020","DATE: Jul-28<br><b>25-75 percentile</b><br>0.0 to 268.0 mm","DATE: Jul-28<br><b>10-90 percentile</b><br>0.0 to 308.8 mm","6016525","PICKLE+LAKE+AUT",1957,2026
"07-29",2001-07-29,129.096666666667,0,358.9,0,0,269.425,316,0,254.6,"","6016525",3920,"PICKLE LAKE (AUT)","DATE: Jul-29<br><b>Daily precipitation</b><br>Value: 0.0 mm<br>Weather station: ",197.216556069096,"DATE: Jul-29<br><b>Cumulative precipitation</b><br>Value: 254.6 mm<br>Anomaly: +125.5 mm<br>Percent of normal: <b>197%</b><br>Weather station: ","DATE: Jul-29<br><b>Normal cumulative precipitation</b><br>129.1 mm<br>Period: 1991-2020","DATE: Jul-29<br><b>25-75 percentile</b><br>0.0 to 269.4 mm","DATE: Jul-29<br><b>10-90 percentile</b><br>0.0 to 316.0 mm","6016525","PICKLE+LAKE+AUT",1957,2026
"07-30",2001-07-30,130.363333333333,0,367.2,0,0,270.95,316.9,28.7,283.3,"","6016525",3920,"PICKLE LAKE (AUT)","DATE: Jul-30<br><b>Daily precipitation</b><br>Value: 28.7 mm<br>Weather station: ",217.315707381933,"DATE: Jul-30<br><b>Cumulative precipitation</b><br>Value: 283.3 mm<br>Anomaly: +152.9 mm<br>Percent of normal: <b>217%</b><br>Weather station: ","DATE: Jul-30<br><b>Normal cumulative precipitation</b><br>130.4 mm<br>Period: 1991-2020","DATE: Jul-30<br><b>25-75 percentile</b><br>0.0 to 270.9 mm","DATE: Jul-30<br><b>10-90 percentile</b><br>0.0 to 316.9 mm","6016525","PICKLE+LAKE+AUT",1957,2026
"07-31",2001-07-31,132.506666666667,0,399.1,0,0,273.35,321.22,0,283.3,"","6016525",3920,"PICKLE LAKE (AUT)","DATE: Jul-31<br><b>Daily precipitation</b><br>Value: 0.0 mm<br>Weather station: ",213.800563493661,"DATE: Jul-31<br><b>Cumulative precipitation</b><br>Value: 283.3 mm<br>Anomaly: +150.8 mm<br>Percent of normal: <b>214%</b><br>Weather station: ","DATE: Jul-31<br><b>Normal cumulative precipitation</b><br>132.5 mm<br>Period: 1991-2020","DATE: Jul-31<br><b>25-75 percentile</b><br>0.0 to 273.3 mm","DATE: Jul-31<br><b>10-90 percentile</b><br>0.0 to 321.2 mm","6016525","PICKLE+LAKE+AUT",1957,2026
"08-01",2001-08-01,134.75,0,415.7,0,0,292.025,324.55,0,283.3,"","6016525",3920,"PICKLE LAKE (AUT)","DATE: Aug-01<br><b>Daily precipitation</b><br>Value: 0.0 mm<br>Weather station: ",210.241187384045,"DATE: Aug-01<br><b>Cumulative precipitation</b><br>Value: 283.3 mm<br>Anomaly: +148.6 mm<br>Percent of normal: <b>210%</b><br>Weather station: ","DATE: Aug-01<br><b>Normal cumulative precipitation</b><br>134.8 mm<br>Period: 1991-2020","DATE: Aug-01<br><b>25-75 percentile</b><br>0.0 to 292.0 mm","DATE: Aug-01<br><b>10-90 percentile</b><br>0.0 to 324.6 mm","6016525","PICKLE+LAKE+AUT",1957,2026
"08-02",2001-08-02,135.34,0,417.4,0,0,292.25,324.55,0,283.3,"","6016525",3920,"PICKLE LAKE (AUT)","DATE: Aug-02<br><b>Daily precipitation</b><br>Value: 0.0 mm<br>Weather station: ",209.324663809665,"DATE: Aug-02<br><b>Cumulative precipitation</b><br>Value: 283.3 mm<br>Anomaly: +148.0 mm<br>Percent of normal: <b>209%</b><br>Weather station: ","DATE: Aug-02<br><b>Normal cumulative precipitation</b><br>135.3 mm<br>Period: 1991-2020","DATE: Aug-02<br><b>25-75 percentile</b><br>0.0 to 292.2 mm","DATE: Aug-02<br><b>10-90 percentile</b><br>0.0 to 324.6 mm","6016525","PICKLE+LAKE+AUT",1957,2026
"08-03",2001-08-03,135.863333333333,0,417.8,0,0,293.05,325.9,7.5,290.8,"","6016525",3920,"PICKLE LAKE (AUT)","DATE: Aug-03<br><b>Daily precipitation</b><br>Value: 7.5 mm<br>Weather station: ",214.038617237911,"DATE: Aug-03<br><b>Cumulative precipitation</b><br>Value: 290.8 mm<br>Anomaly: +154.9 mm<br>Percent of normal: <b>214%</b><br>Weather station: ","DATE: Aug-03<br><b>Normal cumulative precipitation</b><br>135.9 mm<br>Period: 1991-2020","DATE: Aug-03<br><b>25-75 percentile</b><br>0.0 to 293.0 mm","DATE: Aug-03<br><b>10-90 percentile</b><br>0.0 to 325.9 mm","6016525","PICKLE+LAKE+AUT",1957,2026
"08-04",2001-08-04,137.103333333333,0,432.8,0,0,293.25,326.65,17.7,308.5,"","6016525",3920,"PICKLE LAKE (AUT)","DATE: Aug-04<br><b>Daily precipitation</b><br>Value: 17.7 mm<br>Weather station: ",225.012764095208,"DATE: Aug-04<br><b>Cumulative precipitation</b><br>Value: 308.5 mm<br>Anomaly: +171.4 mm<br>Percent of normal: <b>225%</b><br>Weather station: ","DATE: Aug-04<br><b>Normal cumulative precipitation</b><br>137.1 mm<br>Period: 1991-2020","DATE: Aug-04<br><b>25-75 percentile</b><br>0.0 to 293.2 mm","DATE: Aug-04<br><b>10-90 percentile</b><br>0.0 to 326.6 mm","6016525","PICKLE+LAKE+AUT",1957,2026
"08-05",2001-08-05,138.276666666667,0,432.8,0,0,294.125,327.45,0,308.5,"","6016525",3920,"PICKLE LAKE (AUT)","DATE: Aug-05<br><b>Daily precipitation</b><br>Value: 0.0 mm<br>Weather station: ",223.103439963358,"DATE: Aug-05<br><b>Cumulative precipitation</b><br>Value: 308.5 mm<br>Anomaly: +170.2 mm<br>Percent of normal: <b>223%</b><br>Weather station: ","DATE: Aug-05<br><b>Normal cumulative precipitation</b><br>138.3 mm<br>Period: 1991-2020","DATE: Aug-05<br><b>25-75 percentile</b><br>0.0 to 294.1 mm","DATE: Aug-05<br><b>10-90 percentile</b><br>0.0 to 327.5 mm","6016525","PICKLE+LAKE+AUT",1957,2026
"08-06",2001-08-06,138.5,0,432.8,0,0,294.325,327.8,20.2,328.7,NA,"6016525",3920,"PICKLE LAKE (AUT)","DATE: Aug-06<br><b>Daily precipitation</b><br>Value: 20.2 mm<br>Weather station: NA",237.328519855596,"DATE: Aug-06<br><b>Cumulative precipitation</b><br>Value: 328.7 mm<br>Anomaly: +190.2 mm<br>Percent of normal: <b>237%</b><br>Weather station: NA","DATE: Aug-06<br><b>Normal cumulative precipitation</b><br>138.5 mm<br>Period: 1991-2020","DATE: Aug-06<br><b>25-75 percentile</b><br>0.0 to 294.3 mm","DATE: Aug-06<br><b>10-90 percentile</b><br>0.0 to 327.8 mm","6016525","PICKLE+LAKE+AUT",1957,2026
"08-07",2001-08-07,139.05,0,432.8,0,0,294.325,332.91,NA,NA,NA,NA,NA,NA,"",NA,"","DATE: Aug-07<br><b>Normal cumulative precipitation</b><br>139.0 mm<br>Period: 1991-2020","DATE: Aug-07<br><b>25-75 percentile</b><br>0.0 to 294.3 mm","DATE: Aug-07<br><b>10-90 percentile</b><br>0.0 to 332.9 mm","6016525","PICKLE+LAKE+AUT",1957,2026
"08-08",2001-08-08,140.636666666667,0,436.7,0,0,302.725,340.87,NA,NA,NA,NA,NA,NA,"",NA,"","DATE: Aug-08<br><b>Normal cumulative precipitation</b><br>140.6 mm<br>Period: 1991-2020","DATE: Aug-08<br><b>25-75 percentile</b><br>0.0 to 302.7 mm","DATE: Aug-08<br><b>10-90 percentile</b><br>0.0 to 340.9 mm","6016525","PICKLE+LAKE+AUT",1957,2026
"08-09",2001-08-09,141.733333333333,0,436.7,0,0,302.725,342.49,NA,NA,NA,NA,NA,NA,"",NA,"","DATE: Aug-09<br><b>Normal cumulative precipitation</b><br>141.7 mm<br>Period: 1991-2020","DATE: Aug-09<br><b>25-75 percentile</b><br>0.0 to 302.7 mm","DATE: Aug-09<br><b>10-90 percentile</b><br>0.0 to 342.5 mm","6016525","PICKLE+LAKE+AUT",1957,2026
"08-10",2001-08-10,142.186666666667,0,436.7,0,0,306.025,342.49,NA,NA,NA,NA,NA,NA,"",NA,"","DATE: Aug-10<br><b>Normal cumulative precipitation</b><br>142.2 mm<br>Period: 1991-2020","DATE: Aug-10<br><b>25-75 percentile</b><br>0.0 to 306.0 mm","DATE: Aug-10<br><b>10-90 percentile</b><br>0.0 to 342.5 mm","6016525","PICKLE+LAKE+AUT",1957,2026
"08-11",2001-08-11,143.37,0,436.7,0,0,310.725,343.99,NA,NA,NA,NA,NA,NA,"",NA,"","DATE: Aug-11<br><b>Normal cumulative precipitation</b><br>143.4 mm<br>Period: 1991-2020","DATE: Aug-11<br><b>25-75 percentile</b><br>0.0 to 310.7 mm","DATE: Aug-11<br><b>10-90 percentile</b><br>0.0 to 344.0 mm","6016525","PICKLE+LAKE+AUT",1957,2026
"08-12",2001-08-12,143.693333333333,0,436.7,0,0,310.875,343.99,NA,NA,NA,NA,NA,NA,"",NA,"","DATE: Aug-12<br><b>Normal cumulative precipitation</b><br>143.7 mm<br>Period: 1991-2020","DATE: Aug-12<br><b>25-75 percentile</b><br>0.0 to 310.9 mm","DATE: Aug-12<br><b>10-90 percentile</b><br>0.0 to 344.0 mm","6016525","PICKLE+LAKE+AUT",1957,2026
"08-13",2001-08-13,145.77,0,436.7,0,0,313.625,344.34,NA,NA,NA,NA,NA,NA,"",NA,"","DATE: Aug-13<br><b>Normal cumulative precipitation</b><br>145.8 mm<br>Period: 1991-2020","DATE: Aug-13<br><b>25-75 percentile</b><br>0.0 to 313.6 mm","DATE: Aug-13<br><b>10-90 percentile</b><br>0.0 to 344.3 mm","6016525","PICKLE+LAKE+AUT",1957,2026
"08-14",2001-08-14,146.683333333333,0,436.7,0,0,318.175,348.39,NA,NA,NA,NA,NA,NA,"",NA,"","DATE: Aug-14<br><b>Normal cumulative precipitation</b><br>146.7 mm<br>Period: 1991-2020","DATE: Aug-14<br><b>25-75 percentile</b><br>0.0 to 318.2 mm","DATE: Aug-14<br><b>10-90 percentile</b><br>0.0 to 348.4 mm","6016525","PICKLE+LAKE+AUT",1957,2026
"08-15",2001-08-15,148.556666666667,0,439.6,0,0,320.875,358.57,NA,NA,NA,NA,NA,NA,"",NA,"","DATE: Aug-15<br><b>Normal cumulative precipitation</b><br>148.6 mm<br>Period: 1991-2020","DATE: Aug-15<br><b>25-75 percentile</b><br>0.0 to 320.9 mm","DATE: Aug-15<br><b>10-90 percentile</b><br>0.0 to 358.6 mm","6016525","PICKLE+LAKE+AUT",1957,2026
"08-16",2001-08-16,151.173333333333,0,461,0,0,321.975,368.18,NA,NA,NA,NA,NA,NA,"",NA,"","DATE: Aug-16<br><b>Normal cumulative precipitation</b><br>151.2 mm<br>Period: 1991-2020","DATE: Aug-16<br><b>25-75 percentile</b><br>0.0 to 322.0 mm","DATE: Aug-16<br><b>10-90 percentile</b><br>0.0 to 368.2 mm","6016525","PICKLE+LAKE+AUT",1957,2026
"08-17",2001-08-17,151.56,0,462.1,0,0,323.55,368.26,NA,NA,NA,NA,NA,NA,"",NA,"","DATE: Aug-17<br><b>Normal cumulative precipitation</b><br>151.6 mm<br>Period: 1991-2020","DATE: Aug-17<br><b>25-75 percentile</b><br>0.0 to 323.6 mm","DATE: Aug-17<br><b>10-90 percentile</b><br>0.0 to 368.3 mm","6016525","PICKLE+LAKE+AUT",1957,2026
"08-18",2001-08-18,153.56,0,462.1,0,0,327.3,368.6,NA,NA,NA,NA,NA,NA,"",NA,"","DATE: Aug-18<br><b>Normal cumulative precipitation</b><br>153.6 mm<br>Period: 1991-2020","DATE: Aug-18<br><b>25-75 percentile</b><br>0.0 to 327.3 mm","DATE: Aug-18<br><b>10-90 percentile</b><br>0.0 to 368.6 mm","6016525","PICKLE+LAKE+AUT",1957,2026
"08-19",2001-08-19,154.09,0,462.1,0,0,327.3,375.98,NA,NA,NA,NA,NA,NA,"",NA,"","DATE: Aug-19<br><b>Normal cumulative precipitation</b><br>154.1 mm<br>Period: 1991-2020","DATE: Aug-19<br><b>25-75 percentile</b><br>0.0 to 327.3 mm","DATE: Aug-19<br><b>10-90 percentile</b><br>0.0 to 376.0 mm","6016525","PICKLE+LAKE+AUT",1957,2026
"08-20",2001-08-20,154.28,0,462.1,0,0,327.3,377.69,NA,NA,NA,NA,NA,NA,"",NA,"","DATE: Aug-20<br><b>Normal cumulative precipitation</b><br>154.3 mm<br>Period: 1991-2020","DATE: Aug-20<br><b>25-75 percentile</b><br>0.0 to 327.3 mm","DATE: Aug-20<br><b>10-90 percentile</b><br>0.0 to 377.7 mm","6016525","PICKLE+LAKE+AUT",1957,2026
"08-21",2001-08-21,154.863333333333,0,462.1,0,0,327.8,378.35,NA,NA,NA,NA,NA,NA,"",NA,"","DATE: Aug-21<br><b>Normal cumulative precipitation</b><br>154.9 mm<br>Period: 1991-2020","DATE: Aug-21<br><b>25-75 percentile</b><br>0.0 to 327.8 mm","DATE: Aug-21<br><b>10-90 percentile</b><br>0.0 to 378.4 mm","6016525","PICKLE+LAKE+AUT",1957,2026
"08-22",2001-08-22,157.24,0,462.1,0,0,327.8,387.26,NA,NA,NA,NA,NA,NA,"",NA,"","DATE: Aug-22<br><b>Normal cumulative precipitation</b><br>157.2 mm<br>Period: 1991-2020","DATE: Aug-22<br><b>25-75 percentile</b><br>0.0 to 327.8 mm","DATE: Aug-22<br><b>10-90 percentile</b><br>0.0 to 387.3 mm","6016525","PICKLE+LAKE+AUT",1957,2026
"08-23",2001-08-23,158.023333333333,0,467.5,0,0,332.975,387.26,NA,NA,NA,NA,NA,NA,"",NA,"","DATE: Aug-23<br><b>Normal cumulative precipitation</b><br>158.0 mm<br>Period: 1991-2020","DATE: Aug-23<br><b>25-75 percentile</b><br>0.0 to 333.0 mm","DATE: Aug-23<br><b>10-90 percentile</b><br>0.0 to 387.3 mm","6016525","PICKLE+LAKE+AUT",1957,2026
"08-24",2001-08-24,162.033333333333,0,471.5,0,0,346.525,394.73,NA,NA,NA,NA,NA,NA,"",NA,"","DATE: Aug-24<br><b>Normal cumulative precipitation</b><br>162.0 mm<br>Period: 1991-2020","DATE: Aug-24<br><b>25-75 percentile</b><br>0.0 to 346.5 mm","DATE: Aug-24<br><b>10-90 percentile</b><br>0.0 to 394.7 mm","6016525","PICKLE+LAKE+AUT",1957,2026
"08-25",2001-08-25,162.493333333333,0,471.5,0,0,349.625,394.82,NA,NA,NA,NA,NA,NA,"",NA,"","DATE: Aug-25<br><b>Normal cumulative precipitation</b><br>162.5 mm<br>Period: 1991-2020","DATE: Aug-25<br><b>25-75 percentile</b><br>0.0 to 349.6 mm","DATE: Aug-25<br><b>10-90 percentile</b><br>0.0 to 394.8 mm","6016525","PICKLE+LAKE+AUT",1957,2026
"08-26",2001-08-26,163.336666666667,0,472.9,0,0,349.725,404.54,NA,NA,NA,NA,NA,NA,"",NA,"","DATE: Aug-26<br><b>Normal cumulative precipitation</b><br>163.3 mm<br>Period: 1991-2020","DATE: Aug-26<br><b>25-75 percentile</b><br>0.0 to 349.7 mm","DATE: Aug-26<br><b>10-90 percentile</b><br>0.0 to 404.5 mm","6016525","PICKLE+LAKE+AUT",1957,2026
"08-27",2001-08-27,165.186666666667,0,472.9,0,0,349.725,410.74,NA,NA,NA,NA,NA,NA,"",NA,"","DATE: Aug-27<br><b>Normal cumulative precipitation</b><br>165.2 mm<br>Period: 1991-2020","DATE: Aug-27<br><b>25-75 percentile</b><br>0.0 to 349.7 mm","DATE: Aug-27<br><b>10-90 percentile</b><br>0.0 to 410.7 mm","6016525","PICKLE+LAKE+AUT",1957,2026
"08-28",2001-08-28,165.603333333333,0,472.9,0,0,351.175,410.74,NA,NA,NA,NA,NA,NA,"",NA,"","DATE: Aug-28<br><b>Normal cumulative precipitation</b><br>165.6 mm<br>Period: 1991-2020","DATE: Aug-28<br><b>25-75 percentile</b><br>0.0 to 351.2 mm","DATE: Aug-28<br><b>10-90 percentile</b><br>0.0 to 410.7 mm","6016525","PICKLE+LAKE+AUT",1957,2026
"08-29",2001-08-29,167.883333333333,0,472.9,0,0,351.575,411.37,NA,NA,NA,NA,NA,NA,"",NA,"","DATE: Aug-29<br><b>Normal cumulative precipitation</b><br>167.9 mm<br>Period: 1991-2020","DATE: Aug-29<br><b>25-75 percentile</b><br>0.0 to 351.6 mm","DATE: Aug-29<br><b>10-90 percentile</b><br>0.0 to 411.4 mm","6016525","PICKLE+LAKE+AUT",1957,2026
"08-30",2001-08-30,167.93,0,472.9,0,0,351.575,412.45,NA,NA,NA,NA,NA,NA,"",NA,"","DATE: Aug-30<br><b>Normal cumulative precipitation</b><br>167.9 mm<br>Period: 1991-2020","DATE: Aug-30<br><b>25-75 percentile</b><br>0.0 to 351.6 mm","DATE: Aug-30<br><b>10-90 percentile</b><br>0.0 to 412.4 mm","6016525","PICKLE+LAKE+AUT",1957,2026
"08-31",2001-08-31,169.49,0,472.9,0,0,358.7,412.45,NA,NA,NA,NA,NA,NA,"",NA,"","DATE: Aug-31<br><b>Normal cumulative precipitation</b><br>169.5 mm<br>Period: 1991-2020","DATE: Aug-31<br><b>25-75 percentile</b><br>0.0 to 358.7 mm","DATE: Aug-31<br><b>10-90 percentile</b><br>0.0 to 412.4 mm","6016525","PICKLE+LAKE+AUT",1957,2026
"09-01",2001-09-01,170.49,0,472.9,0,0,358.75,415.33,NA,NA,NA,NA,NA,NA,"",NA,"","DATE: Sep-01<br><b>Normal cumulative precipitation</b><br>170.5 mm<br>Period: 1991-2020","DATE: Sep-01<br><b>25-75 percentile</b><br>0.0 to 358.8 mm","DATE: Sep-01<br><b>10-90 percentile</b><br>0.0 to 415.3 mm","6016525","PICKLE+LAKE+AUT",1957,2026
"09-02",2001-09-02,171.983333333333,0,475.4,0,0,373.3,416.25,NA,NA,NA,NA,NA,NA,"",NA,"","DATE: Sep-02<br><b>Normal cumulative precipitation</b><br>172.0 mm<br>Period: 1991-2020","DATE: Sep-02<br><b>25-75 percentile</b><br>0.0 to 373.3 mm","DATE: Sep-02<br><b>10-90 percentile</b><br>0.0 to 416.2 mm","6016525","PICKLE+LAKE+AUT",1957,2026
"09-03",2001-09-03,173.31,0,475.4,0,0,377,416.25,NA,NA,NA,NA,NA,NA,"",NA,"","DATE: Sep-03<br><b>Normal cumulative precipitation</b><br>173.3 mm<br>Period: 1991-2020","DATE: Sep-03<br><b>25-75 percentile</b><br>0.0 to 377.0 mm","DATE: Sep-03<br><b>10-90 percentile</b><br>0.0 to 416.2 mm","6016525","PICKLE+LAKE+AUT",1957,2026
"09-04",2001-09-04,175.366666666667,0,475.4,0,0,378.225,426.33,NA,NA,NA,NA,NA,NA,"",NA,"","DATE: Sep-04<br><b>Normal cumulative precipitation</b><br>175.4 mm<br>Period: 1991-2020","DATE: Sep-04<br><b>25-75 percentile</b><br>0.0 to 378.2 mm","DATE: Sep-04<br><b>10-90 percentile</b><br>0.0 to 426.3 mm","6016525","PICKLE+LAKE+AUT",1957,2026
"09-05",2001-09-05,177.203333333333,0,476,0,0,390.8,434.08,NA,NA,NA,NA,NA,NA,"",NA,"","DATE: Sep-05<br><b>Normal cumulative precipitation</b><br>177.2 mm<br>Period: 1991-2020","DATE: Sep-05<br><b>25-75 percentile</b><br>0.0 to 390.8 mm","DATE: Sep-05<br><b>10-90 percentile</b><br>0.0 to 434.1 mm","6016525","PICKLE+LAKE+AUT",1957,2026
"09-06",2001-09-06,179.73,0,476,0,0,400.425,435.92,NA,NA,NA,NA,NA,NA,"",NA,"","DATE: Sep-06<br><b>Normal cumulative precipitation</b><br>179.7 mm<br>Period: 1991-2020","DATE: Sep-06<br><b>25-75 percentile</b><br>0.0 to 400.4 mm","DATE: Sep-06<br><b>10-90 percentile</b><br>0.0 to 435.9 mm","6016525","PICKLE+LAKE+AUT",1957,2026
"09-07",2001-09-07,180.096666666667,0,476.2,0,0,400.425,435.92,NA,NA,NA,NA,NA,NA,"",NA,"","DATE: Sep-07<br><b>Normal cumulative precipitation</b><br>180.1 mm<br>Period: 1991-2020","DATE: Sep-07<br><b>25-75 percentile</b><br>0.0 to 400.4 mm","DATE: Sep-07<br><b>10-90 percentile</b><br>0.0 to 435.9 mm","6016525","PICKLE+LAKE+AUT",1957,2026
"09-08",2001-09-08,181.04,0,481.3,0,0,404.55,437.13,NA,NA,NA,NA,NA,NA,"",NA,"","DATE: Sep-08<br><b>Normal cumulative precipitation</b><br>181.0 mm<br>Period: 1991-2020","DATE: Sep-08<br><b>25-75 percentile</b><br>0.0 to 404.6 mm","DATE: Sep-08<br><b>10-90 percentile</b><br>0.0 to 437.1 mm","6016525","PICKLE+LAKE+AUT",1957,2026
"09-09",2001-09-09,181.353333333333,0,484.4,0,0,404.55,441.54,NA,NA,NA,NA,NA,NA,"",NA,"","DATE: Sep-09<br><b>Normal cumulative precipitation</b><br>181.4 mm<br>Period: 1991-2020","DATE: Sep-09<br><b>25-75 percentile</b><br>0.0 to 404.6 mm","DATE: Sep-09<br><b>10-90 percentile</b><br>0.0 to 441.5 mm","6016525","PICKLE+LAKE+AUT",1957,2026
"09-10",2001-09-10,181.966666666667,0,486.1,0,0,404.775,441.54,NA,NA,NA,NA,NA,NA,"",NA,"","DATE: Sep-10<br><b>Normal cumulative precipitation</b><br>182.0 mm<br>Period: 1991-2020","DATE: Sep-10<br><b>25-75 percentile</b><br>0.0 to 404.8 mm","DATE: Sep-10<br><b>10-90 percentile</b><br>0.0 to 441.5 mm","6016525","PICKLE+LAKE+AUT",1957,2026
"09-11",2001-09-11,183.606666666667,0,486.1,0,0,405.675,441.54,NA,NA,NA,NA,NA,NA,"",NA,"","DATE: Sep-11<br><b>Normal cumulative precipitation</b><br>183.6 mm<br>Period: 1991-2020","DATE: Sep-11<br><b>25-75 percentile</b><br>0.0 to 405.7 mm","DATE: Sep-11<br><b>10-90 percentile</b><br>0.0 to 441.5 mm","6016525","PICKLE+LAKE+AUT",1957,2026
"09-12",2001-09-12,184.703333333333,0,486.1,0,0,405.975,441.81,NA,NA,NA,NA,NA,NA,"",NA,"","DATE: Sep-12<br><b>Normal cumulative precipitation</b><br>184.7 mm<br>Period: 1991-2020","DATE: Sep-12<br><b>25-75 percentile</b><br>0.0 to 406.0 mm","DATE: Sep-12<br><b>10-90 percentile</b><br>0.0 to 441.8 mm","6016525","PICKLE+LAKE+AUT",1957,2026
"09-13",2001-09-13,187.583333333333,0,486.1,0,0,411.075,451.6,NA,NA,NA,NA,NA,NA,"",NA,"","DATE: Sep-13<br><b>Normal cumulative precipitation</b><br>187.6 mm<br>Period: 1991-2020","DATE: Sep-13<br><b>25-75 percentile</b><br>0.0 to 411.1 mm","DATE: Sep-13<br><b>10-90 percentile</b><br>0.0 to 451.6 mm","6016525","PICKLE+LAKE+AUT",1957,2026
"09-14",2001-09-14,189.363333333333,0,486.1,0,0,419.325,453.76,NA,NA,NA,NA,NA,NA,"",NA,"","DATE: Sep-14<br><b>Normal cumulative precipitation</b><br>189.4 mm<br>Period: 1991-2020","DATE: Sep-14<br><b>25-75 percentile</b><br>0.0 to 419.3 mm","DATE: Sep-14<br><b>10-90 percentile</b><br>0.0 to 453.8 mm","6016525","PICKLE+LAKE+AUT",1957,2026
"09-15",2001-09-15,189.43,0,486.1,0,0,419.325,453.76,NA,NA,NA,NA,NA,NA,"",NA,"","DATE: Sep-15<br><b>Normal cumulative precipitation</b><br>189.4 mm<br>Period: 1991-2020","DATE: Sep-15<br><b>25-75 percentile</b><br>0.0 to 419.3 mm","DATE: Sep-15<br><b>10-90 percentile</b><br>0.0 to 453.8 mm","6016525","PICKLE+LAKE+AUT",1957,2026
"09-16",2001-09-16,190.953333333333,0,492.7,0,0,420,454.21,NA,NA,NA,NA,NA,NA,"",NA,"","DATE: Sep-16<br><b>Normal cumulative precipitation</b><br>191.0 mm<br>Period: 1991-2020","DATE: Sep-16<br><b>25-75 percentile</b><br>0.0 to 420.0 mm","DATE: Sep-16<br><b>10-90 percentile</b><br>0.0 to 454.2 mm","6016525","PICKLE+LAKE+AUT",1957,2026
"09-17",2001-09-17,191.62,0,500.9,0,0,420.05,455.49,NA,NA,NA,NA,NA,NA,"",NA,"","DATE: Sep-17<br><b>Normal cumulative precipitation</b><br>191.6 mm<br>Period: 1991-2020","DATE: Sep-17<br><b>25-75 percentile</b><br>0.0 to 420.0 mm","DATE: Sep-17<br><b>10-90 percentile</b><br>0.0 to 455.5 mm","6016525","PICKLE+LAKE+AUT",1957,2026
"09-18",2001-09-18,192.226666666667,0,500.9,0,0,420.05,455.78,NA,NA,NA,NA,NA,NA,"",NA,"","DATE: Sep-18<br><b>Normal cumulative precipitation</b><br>192.2 mm<br>Period: 1991-2020","DATE: Sep-18<br><b>25-75 percentile</b><br>0.0 to 420.0 mm","DATE: Sep-18<br><b>10-90 percentile</b><br>0.0 to 455.8 mm","6016525","PICKLE+LAKE+AUT",1957,2026
"09-19",2001-09-19,193.713333333333,0,503.4,0,0,422.025,472.39,NA,NA,NA,NA,NA,NA,"",NA,"","DATE: Sep-19<br><b>Normal cumulative precipitation</b><br>193.7 mm<br>Period: 1991-2020","DATE: Sep-19<br><b>25-75 percentile</b><br>0.0 to 422.0 mm","DATE: Sep-19<br><b>10-90 percentile</b><br>0.0 to 472.4 mm","6016525","PICKLE+LAKE+AUT",1957,2026
"09-20",2001-09-20,195.01,0,503.4,0,0,422.025,479.69,NA,NA,NA,NA,NA,NA,"",NA,"","DATE: Sep-20<br><b>Normal cumulative precipitation</b><br>195.0 mm<br>Period: 1991-2020","DATE: Sep-20<br><b>25-75 percentile</b><br>0.0 to 422.0 mm","DATE: Sep-20<br><b>10-90 percentile</b><br>0.0 to 479.7 mm","6016525","PICKLE+LAKE+AUT",1957,2026
"09-21",2001-09-21,196.69,0,515.2,0,0,422.075,479.69,NA,NA,NA,NA,NA,NA,"",NA,"","DATE: Sep-21<br><b>Normal cumulative precipitation</b><br>196.7 mm<br>Period: 1991-2020","DATE: Sep-21<br><b>25-75 percentile</b><br>0.0 to 422.1 mm","DATE: Sep-21<br><b>10-90 percentile</b><br>0.0 to 479.7 mm","6016525","PICKLE+LAKE+AUT",1957,2026
"09-22",2001-09-22,197.2,0,517.5,0,0,422.075,480.86,NA,NA,NA,NA,NA,NA,"",NA,"","DATE: Sep-22<br><b>Normal cumulative precipitation</b><br>197.2 mm<br>Period: 1991-2020","DATE: Sep-22<br><b>25-75 percentile</b><br>0.0 to 422.1 mm","DATE: Sep-22<br><b>10-90 percentile</b><br>0.0 to 480.9 mm","6016525","PICKLE+LAKE+AUT",1957,2026
"09-23",2001-09-23,197.693333333333,0,518.2,0,0,422.075,481.04,NA,NA,NA,NA,NA,NA,"",NA,"","DATE: Sep-23<br><b>Normal cumulative precipitation</b><br>197.7 mm<br>Period: 1991-2020","DATE: Sep-23<br><b>25-75 percentile</b><br>0.0 to 422.1 mm","DATE: Sep-23<br><b>10-90 percentile</b><br>0.0 to 481.0 mm","6016525","PICKLE+LAKE+AUT",1957,2026
"09-24",2001-09-24,200.153333333333,0,527,0,0,426.625,481.22,NA,NA,NA,NA,NA,NA,"",NA,"","DATE: Sep-24<br><b>Normal cumulative precipitation</b><br>200.2 mm<br>Period: 1991-2020","DATE: Sep-24<br><b>25-75 percentile</b><br>0.0 to 426.6 mm","DATE: Sep-24<br><b>10-90 percentile</b><br>0.0 to 481.2 mm","6016525","PICKLE+LAKE+AUT",1957,2026
"09-25",2001-09-25,200.583333333333,0,527,0,0,430.6,481.49,NA,NA,NA,NA,NA,NA,"",NA,"","DATE: Sep-25<br><b>Normal cumulative precipitation</b><br>200.6 mm<br>Period: 1991-2020","DATE: Sep-25<br><b>25-75 percentile</b><br>0.0 to 430.6 mm","DATE: Sep-25<br><b>10-90 percentile</b><br>0.0 to 481.5 mm","6016525","PICKLE+LAKE+AUT",1957,2026
"09-26",2001-09-26,201.54,0,527,0,0,430.6,481.49,NA,NA,NA,NA,NA,NA,"",NA,"","DATE: Sep-26<br><b>Normal cumulative precipitation</b><br>201.5 mm<br>Period: 1991-2020","DATE: Sep-26<br><b>25-75 percentile</b><br>0.0 to 430.6 mm","DATE: Sep-26<br><b>10-90 percentile</b><br>0.0 to 481.5 mm","6016525","PICKLE+LAKE+AUT",1957,2026
"09-27",2001-09-27,203.696666666667,0,528,0,0,435.25,481.49,NA,NA,NA,NA,NA,NA,"",NA,"","DATE: Sep-27<br><b>Normal cumulative precipitation</b><br>203.7 mm<br>Period: 1991-2020","DATE: Sep-27<br><b>25-75 percentile</b><br>0.0 to 435.2 mm","DATE: Sep-27<br><b>10-90 percentile</b><br>0.0 to 481.5 mm","6016525","PICKLE+LAKE+AUT",1957,2026
"09-28",2001-09-28,205.89,0,528,0,0,443.65,486.74,NA,NA,NA,NA,NA,NA,"",NA,"","DATE: Sep-28<br><b>Normal cumulative precipitation</b><br>205.9 mm<br>Period: 1991-2020","DATE: Sep-28<br><b>25-75 percentile</b><br>0.0 to 443.6 mm","DATE: Sep-28<br><b>10-90 percentile</b><br>0.0 to 486.7 mm","6016525","PICKLE+LAKE+AUT",1957,2026
"09-29",2001-09-29,206.816666666667,0,528,0,0,449,486.74,NA,NA,NA,NA,NA,NA,"",NA,"","DATE: Sep-29<br><b>Normal cumulative precipitation</b><br>206.8 mm<br>Period: 1991-2020","DATE: Sep-29<br><b>25-75 percentile</b><br>0.0 to 449.0 mm","DATE: Sep-29<br><b>10-90 percentile</b><br>0.0 to 486.7 mm","6016525","PICKLE+LAKE+AUT",1957,2026
"09-30",2001-09-30,208.543333333333,0,539.9,0,0,449,486.78,NA,NA,NA,NA,NA,NA,"",NA,"","DATE: Sep-30<br><b>Normal cumulative precipitation</b><br>208.5 mm<br>Period: 1991-2020","DATE: Sep-30<br><b>25-75 percentile</b><br>0.0 to 449.0 mm","DATE: Sep-30<br><b>10-90 percentile</b><br>0.0 to 486.8 mm","6016525","PICKLE+LAKE+AUT",1957,2026
"10-01",2001-10-01,208.94,0,539.9,0,0,449.05,486.78,NA,NA,NA,NA,NA,NA,"",NA,"","DATE: Oct-01<br><b>Normal cumulative precipitation</b><br>208.9 mm<br>Period: 1991-2020","DATE: Oct-01<br><b>25-75 percentile</b><br>0.0 to 449.0 mm","DATE: Oct-01<br><b>10-90 percentile</b><br>0.0 to 486.8 mm","6016525","PICKLE+LAKE+AUT",1957,2026
"10-02",2001-10-02,209.52,0,545.4,0,0,449.05,486.82,NA,NA,NA,NA,NA,NA,"",NA,"","DATE: Oct-02<br><b>Normal cumulative precipitation</b><br>209.5 mm<br>Period: 1991-2020","DATE: Oct-02<br><b>25-75 percentile</b><br>0.0 to 449.0 mm","DATE: Oct-02<br><b>10-90 percentile</b><br>0.0 to 486.8 mm","6016525","PICKLE+LAKE+AUT",1957,2026
"10-03",2001-10-03,210.8,0,545.4,0,0,449.05,487.69,NA,NA,NA,NA,NA,NA,"",NA,"","DATE: Oct-03<br><b>Normal cumulative precipitation</b><br>210.8 mm<br>Period: 1991-2020","DATE: Oct-03<br><b>25-75 percentile</b><br>0.0 to 449.0 mm","DATE: Oct-03<br><b>10-90 percentile</b><br>0.0 to 487.7 mm","6016525","PICKLE+LAKE+AUT",1957,2026
"10-04",2001-10-04,212.503333333333,0,545.4,0,0,449.05,505.06,NA,NA,NA,NA,NA,NA,"",NA,"","DATE: Oct-04<br><b>Normal cumulative precipitation</b><br>212.5 mm<br>Period: 1991-2020","DATE: Oct-04<br><b>25-75 percentile</b><br>0.0 to 449.0 mm","DATE: Oct-04<br><b>10-90 percentile</b><br>0.0 to 505.1 mm","6016525","PICKLE+LAKE+AUT",1957,2026
"10-05",2001-10-05,213.823333333333,0,548.4,0,0,451,506.63,NA,NA,NA,NA,NA,NA,"",NA,"","DATE: Oct-05<br><b>Normal cumulative precipitation</b><br>213.8 mm<br>Period: 1991-2020","DATE: Oct-05<br><b>25-75 percentile</b><br>0.0 to 451.0 mm","DATE: Oct-05<br><b>10-90 percentile</b><br>0.0 to 506.6 mm","6016525","PICKLE+LAKE+AUT",1957,2026
"10-06",2001-10-06,214.983333333333,0,553.6,0,0,451.575,506.63,NA,NA,NA,NA,NA,NA,"",NA,"","DATE: Oct-06<br><b>Normal cumulative precipitation</b><br>215.0 mm<br>Period: 1991-2020","DATE: Oct-06<br><b>25-75 percentile</b><br>0.0 to 451.6 mm","DATE: Oct-06<br><b>10-90 percentile</b><br>0.0 to 506.6 mm","6016525","PICKLE+LAKE+AUT",1957,2026
"10-07",2001-10-07,216.323333333333,0,561.1,0,0,461.175,506.8,NA,NA,NA,NA,NA,NA,"",NA,"","DATE: Oct-07<br><b>Normal cumulative precipitation</b><br>216.3 mm<br>Period: 1991-2020","DATE: Oct-07<br><b>25-75 percentile</b><br>0.0 to 461.2 mm","DATE: Oct-07<br><b>10-90 percentile</b><br>0.0 to 506.8 mm","6016525","PICKLE+LAKE+AUT",1957,2026
"10-08",2001-10-08,217.436666666667,0,581.3,0,0,462.675,507.25,NA,NA,NA,NA,NA,NA,"",NA,"","DATE: Oct-08<br><b>Normal cumulative precipitation</b><br>217.4 mm<br>Period: 1991-2020","DATE: Oct-08<br><b>25-75 percentile</b><br>0.0 to 462.7 mm","DATE: Oct-08<br><b>10-90 percentile</b><br>0.0 to 507.2 mm","6016525","PICKLE+LAKE+AUT",1957,2026
"10-09",2001-10-09,218.126666666667,0,584.5,0,0,462.9,508.57,NA,NA,NA,NA,NA,NA,"",NA,"","DATE: Oct-09<br><b>Normal cumulative precipitation</b><br>218.1 mm<br>Period: 1991-2020","DATE: Oct-09<br><b>25-75 percentile</b><br>0.0 to 462.9 mm","DATE: Oct-09<br><b>10-90 percentile</b><br>0.0 to 508.6 mm","6016525","PICKLE+LAKE+AUT",1957,2026
"10-10",2001-10-10,218.86,0,584.5,0,0,462.9,510.52,NA,NA,NA,NA,NA,NA,"",NA,"","DATE: Oct-10<br><b>Normal cumulative precipitation</b><br>218.9 mm<br>Period: 1991-2020","DATE: Oct-10<br><b>25-75 percentile</b><br>0.0 to 462.9 mm","DATE: Oct-10<br><b>10-90 percentile</b><br>0.0 to 510.5 mm","6016525","PICKLE+LAKE+AUT",1957,2026
"10-11",2001-10-11,220.563333333333,0,584.5,0,0,466.425,510.65,NA,NA,NA,NA,NA,NA,"",NA,"","DATE: Oct-11<br><b>Normal cumulative precipitation</b><br>220.6 mm<br>Period: 1991-2020","DATE: Oct-11<br><b>25-75 percentile</b><br>0.0 to 466.4 mm","DATE: Oct-11<br><b>10-90 percentile</b><br>0.0 to 510.6 mm","6016525","PICKLE+LAKE+AUT",1957,2026
"10-12",2001-10-12,222.56,0,584.5,0,0,466.425,524.83,NA,NA,NA,NA,NA,NA,"",NA,"","DATE: Oct-12<br><b>Normal cumulative precipitation</b><br>222.6 mm<br>Period: 1991-2020","DATE: Oct-12<br><b>25-75 percentile</b><br>0.0 to 466.4 mm","DATE: Oct-12<br><b>10-90 percentile</b><br>0.0 to 524.8 mm","6016525","PICKLE+LAKE+AUT",1957,2026
"10-13",2001-10-13,223.266666666667,0,584.5,0,0,469.8,525.84,NA,NA,NA,NA,NA,NA,"",NA,"","DATE: Oct-13<br><b>Normal cumulative precipitation</b><br>223.3 mm<br>Period: 1991-2020","DATE: Oct-13<br><b>25-75 percentile</b><br>0.0 to 469.8 mm","DATE: Oct-13<br><b>10-90 percentile</b><br>0.0 to 525.8 mm","6016525","PICKLE+LAKE+AUT",1957,2026
"10-14",2001-10-14,223.96,0,584.5,0,0,469.8,529.35,NA,NA,NA,NA,NA,NA,"",NA,"","DATE: Oct-14<br><b>Normal cumulative precipitation</b><br>224.0 mm<br>Period: 1991-2020","DATE: Oct-14<br><b>25-75 percentile</b><br>0.0 to 469.8 mm","DATE: Oct-14<br><b>10-90 percentile</b><br>0.0 to 529.4 mm","6016525","PICKLE+LAKE+AUT",1957,2026
"10-15",2001-10-15,224.166666666667,0,584.5,0,0,470.625,530.61,NA,NA,NA,NA,NA,NA,"",NA,"","DATE: Oct-15<br><b>Normal cumulative precipitation</b><br>224.2 mm<br>Period: 1991-2020","DATE: Oct-15<br><b>25-75 percentile</b><br>0.0 to 470.6 mm","DATE: Oct-15<br><b>10-90 percentile</b><br>0.0 to 530.6 mm","6016525","PICKLE+LAKE+AUT",1957,2026
"10-16",2001-10-16,224.42,0,584.5,0,0,471.5,530.63,NA,NA,NA,NA,NA,NA,"",NA,"","DATE: Oct-16<br><b>Normal cumulative precipitation</b><br>224.4 mm<br>Period: 1991-2020","DATE: Oct-16<br><b>25-75 percentile</b><br>0.0 to 471.5 mm","DATE: Oct-16<br><b>10-90 percentile</b><br>0.0 to 530.6 mm","6016525","PICKLE+LAKE+AUT",1957,2026
"10-17",2001-10-17,224.67,0,584.5,0,0,471.6,530.65,NA,NA,NA,NA,NA,NA,"",NA,"","DATE: Oct-17<br><b>Normal cumulative precipitation</b><br>224.7 mm<br>Period: 1991-2020","DATE: Oct-17<br><b>25-75 percentile</b><br>0.0 to 471.6 mm","DATE: Oct-17<br><b>10-90 percentile</b><br>0.0 to 530.6 mm","6016525","PICKLE+LAKE+AUT",1957,2026
"10-18",2001-10-18,225.096666666667,0,594.4,0,0,471.6,530.9,NA,NA,NA,NA,NA,NA,"",NA,"","DATE: Oct-18<br><b>Normal cumulative precipitation</b><br>225.1 mm<br>Period: 1991-2020","DATE: Oct-18<br><b>25-75 percentile</b><br>0.0 to 471.6 mm","DATE: Oct-18<br><b>10-90 percentile</b><br>0.0 to 530.9 mm","6016525","PICKLE+LAKE+AUT",1957,2026
"10-19",2001-10-19,225.376666666667,0,594.4,0,0,474.075,530.96,NA,NA,NA,NA,NA,NA,"",NA,"","DATE: Oct-19<br><b>Normal cumulative precipitation</b><br>225.4 mm<br>Period: 1991-2020","DATE: Oct-19<br><b>25-75 percentile</b><br>0.0 to 474.1 mm","DATE: Oct-19<br><b>10-90 percentile</b><br>0.0 to 531.0 mm","6016525","PICKLE+LAKE+AUT",1957,2026
"10-20",2001-10-20,225.586666666667,0,594.4,0,0,474.125,530.96,NA,NA,NA,NA,NA,NA,"",NA,"","DATE: Oct-20<br><b>Normal cumulative precipitation</b><br>225.6 mm<br>Period: 1991-2020","DATE: Oct-20<br><b>25-75 percentile</b><br>0.0 to 474.1 mm","DATE: Oct-20<br><b>10-90 percentile</b><br>0.0 to 531.0 mm","6016525","PICKLE+LAKE+AUT",1957,2026
"10-21",2001-10-21,226.283333333333,0,594.4,0,0,474.45,538.3,NA,NA,NA,NA,NA,NA,"",NA,"","DATE: Oct-21<br><b>Normal cumulative precipitation</b><br>226.3 mm<br>Period: 1991-2020","DATE: Oct-21<br><b>25-75 percentile</b><br>0.0 to 474.4 mm","DATE: Oct-21<br><b>10-90 percentile</b><br>0.0 to 538.3 mm","6016525","PICKLE+LAKE+AUT",1957,2026
"10-22",2001-10-22,227.14,0,596.1,0,0,474.8,538.3,NA,NA,NA,NA,NA,NA,"",NA,"","DATE: Oct-22<br><b>Normal cumulative precipitation</b><br>227.1 mm<br>Period: 1991-2020","DATE: Oct-22<br><b>25-75 percentile</b><br>0.0 to 474.8 mm","DATE: Oct-22<br><b>10-90 percentile</b><br>0.0 to 538.3 mm","6016525","PICKLE+LAKE+AUT",1957,2026
"10-23",2001-10-23,228.26,0,596.1,0,0,475.925,548.73,NA,NA,NA,NA,NA,NA,"",NA,"","DATE: Oct-23<br><b>Normal cumulative precipitation</b><br>228.3 mm<br>Period: 1991-2020","DATE: Oct-23<br><b>25-75 percentile</b><br>0.0 to 475.9 mm","DATE: Oct-23<br><b>10-90 percentile</b><br>0.0 to 548.7 mm","6016525","PICKLE+LAKE+AUT",1957,2026
"10-24",2001-10-24,228.66,0,596.1,0,0,477.65,550.53,NA,NA,NA,NA,NA,NA,"",NA,"","DATE: Oct-24<br><b>Normal cumulative precipitation</b><br>228.7 mm<br>Period: 1991-2020","DATE: Oct-24<br><b>25-75 percentile</b><br>0.0 to 477.6 mm","DATE: Oct-24<br><b>10-90 percentile</b><br>0.0 to 550.5 mm","6016525","PICKLE+LAKE+AUT",1957,2026
"10-25",2001-10-25,229.273333333333,0,596.1,0,0,478.65,550.53,NA,NA,NA,NA,NA,NA,"",NA,"","DATE: Oct-25<br><b>Normal cumulative precipitation</b><br>229.3 mm<br>Period: 1991-2020","DATE: Oct-25<br><b>25-75 percentile</b><br>0.0 to 478.6 mm","DATE: Oct-25<br><b>10-90 percentile</b><br>0.0 to 550.5 mm","6016525","PICKLE+LAKE+AUT",1957,2026
"10-26",2001-10-26,229.92,0,596.1,0,0,480.55,550.53,NA,NA,NA,NA,NA,NA,"",NA,"","DATE: Oct-26<br><b>Normal cumulative precipitation</b><br>229.9 mm<br>Period: 1991-2020","DATE: Oct-26<br><b>25-75 percentile</b><br>0.0 to 480.6 mm","DATE: Oct-26<br><b>10-90 percentile</b><br>0.0 to 550.5 mm","6016525","PICKLE+LAKE+AUT",1957,2026
"10-27",2001-10-27,230.523333333333,0,596.1,0,0,482.65,550.53,NA,NA,NA,NA,NA,NA,"",NA,"","DATE: Oct-27<br><b>Normal cumulative precipitation</b><br>230.5 mm<br>Period: 1991-2020","DATE: Oct-27<br><b>25-75 percentile</b><br>0.0 to 482.6 mm","DATE: Oct-27<br><b>10-90 percentile</b><br>0.0 to 550.5 mm","6016525","PICKLE+LAKE+AUT",1957,2026
"10-28",2001-10-28,232.123333333333,0,596.1,0,0,482.8,554.58,NA,NA,NA,NA,NA,NA,"",NA,"","DATE: Oct-28<br><b>Normal cumulative precipitation</b><br>232.1 mm<br>Period: 1991-2020","DATE: Oct-28<br><b>25-75 percentile</b><br>0.0 to 482.8 mm","DATE: Oct-28<br><b>10-90 percentile</b><br>0.0 to 554.6 mm","6016525","PICKLE+LAKE+AUT",1957,2026
"10-29",2001-10-29,232.73,0,596.1,0,0,482.8,554.98,NA,NA,NA,NA,NA,NA,"",NA,"","DATE: Oct-29<br><b>Normal cumulative precipitation</b><br>232.7 mm<br>Period: 1991-2020","DATE: Oct-29<br><b>25-75 percentile</b><br>0.0 to 482.8 mm","DATE: Oct-29<br><b>10-90 percentile</b><br>0.0 to 555.0 mm","6016525","PICKLE+LAKE+AUT",1957,2026
"10-30",2001-10-30,234.16,0,596.1,0,0,482.8,555.6,NA,NA,NA,NA,NA,NA,"",NA,"","DATE: Oct-30<br><b>Normal cumulative precipitation</b><br>234.2 mm<br>Period: 1991-2020","DATE: Oct-30<br><b>25-75 percentile</b><br>0.0 to 482.8 mm","DATE: Oct-30<br><b>10-90 percentile</b><br>0.0 to 555.6 mm","6016525","PICKLE+LAKE+AUT",1957,2026
"10-31",2001-10-31,234.96,0,600.6,0,0,483.65,555.6,NA,NA,NA,NA,NA,NA,"",NA,"","DATE: Oct-31<br><b>Normal cumulative precipitation</b><br>235.0 mm<br>Period: 1991-2020","DATE: Oct-31<br><b>25-75 percentile</b><br>0.0 to 483.6 mm","DATE: Oct-31<br><b>10-90 percentile</b><br>0.0 to 555.6 mm","6016525","PICKLE+LAKE+AUT",1957,2026
