"MD","variable","PLOT_DATE","clim_mean","clim_min","clim_max","clim_sd","q10","q25","q75","q90","value","ECCC_SOURCE","ECCC_AES","ECCC_STATION_ID","ECCC_STATION_NAME","MONTH","clim_max_date","hover_value","hover_band","hover_histmax","hover_mean","AES","NAME","por_start","por_end"
"04-01","TMAX",2001-04-01,7.836,1.6,15.2,3.77512472200147,3.58,4.6,10.8,12.54,6.1,"NA (ECCC AES NA; station_id 7790)",NA,7790,"",4,2000-04-01,"DATE: Apr-01<br>Value: 6.1 °C<br>Anomaly: -1.7 °C<br>Weather station: NA (ECCC AES NA; station_id 7790)","DATE: Apr-01<br><b>Maximum temperature</b><br>10-90 percentile<br>3.6 to 12.5 °C","Historical daily maximum<br>15.2 °C<br>2000-04-01","DATE: Apr-01</b><br>Normal: 7.8 °C<br>Period: 1991-2020","6136699","PORT+WELLER+AUT",1994,2026
"04-01","TMIN",2001-04-01,1.872,-3.6,9,2.63889497075323,-1.2,0.6,3.1,4.26,2.2,"NA (ECCC AES NA; station_id 7790)",NA,7790,"",4,1999-04-01,"DATE: Apr-01<br>Value: 2.2 °C<br>Anomaly: +0.3 °C<br>Weather station: NA (ECCC AES NA; station_id 7790)","DATE: Apr-01<br><b>Minimum temperature</b><br>10-90 percentile<br>-1.2 to 4.3 °C","Historical daily maximum<br>9.0 °C<br>1999-04-01","DATE: Apr-01</b><br>Normal: 1.9 °C<br>Period: 1991-2020","6136699","PORT+WELLER+AUT",1994,2026
"04-01","VPD",2001-04-01,0.381366453408721,0.0477031092501554,1.07544392311046,0.252714009999711,0.153070533838835,0.222916883670238,0.438789038464932,0.662509766107894,0.225797676937763,"NA (ECCC AES NA; station_id 7790)",NA,7790,"",4,2008-04-01,"DATE: Apr-01<br>Value: 0.2 kPa<br>Anomaly: -0.2 kPa<br>Weather station: NA (ECCC AES NA; station_id 7790)","DATE: Apr-01<br><b>Vapour pressure deficit</b><br>10-90 percentile<br>0.2 to 0.7 kPa","Historical daily maximum<br>1.1 kPa<br>2008-04-01","DATE: Apr-01</b><br>Normal: 0.4 kPa<br>Period: 1991-2020","6136699","PORT+WELLER+AUT",1994,2026
"04-02","TMAX",2001-04-02,8.856,1.9,23.1,5.37184636166498,3.7,4.7,11.3,16.08,2.9,"NA (ECCC AES NA; station_id 7790)",NA,7790,"",4,2010-04-02,"DATE: Apr-02<br>Value: 2.9 °C<br>Anomaly: -6.0 °C<br>Weather station: NA (ECCC AES NA; station_id 7790)","DATE: Apr-02<br><b>Maximum temperature</b><br>10-90 percentile<br>3.7 to 16.1 °C","Historical daily maximum<br>23.1 °C<br>2010-04-02","DATE: Apr-02</b><br>Normal: 8.9 °C<br>Period: 1991-2020","6136699","PORT+WELLER+AUT",1994,2026
"04-02","TMIN",2001-04-02,1.796,-2,5.9,2.21481376192221,-1,0.3,3.5,4.6,1.9,"NA (ECCC AES NA; station_id 7790)",NA,7790,"",4,1998-04-02,"DATE: Apr-02<br>Value: 1.9 °C<br>Anomaly: +0.1 °C<br>Weather station: NA (ECCC AES NA; station_id 7790)","DATE: Apr-02<br><b>Minimum temperature</b><br>10-90 percentile<br>-1.0 to 4.6 °C","Historical daily maximum<br>5.9 °C<br>1998-04-02","DATE: Apr-02</b><br>Normal: 1.8 °C<br>Period: 1991-2020","6136699","PORT+WELLER+AUT",1994,2026
"04-02","VPD",2001-04-02,0.503393028867161,0.0391437822090289,1.9541642407869,0.448730923536738,0.135124878468605,0.225230030706075,0.58637120783047,1.08116646013593,0.0517977868734562,"NA (ECCC AES NA; station_id 7790)",NA,7790,"",4,2010-04-02,"DATE: Apr-02<br>Value: 0.1 kPa<br>Anomaly: -0.5 kPa<br>Weather station: NA (ECCC AES NA; station_id 7790)","DATE: Apr-02<br><b>Vapour pressure deficit</b><br>10-90 percentile<br>0.1 to 1.1 kPa","Historical daily maximum<br>2.0 kPa<br>2010-04-02","DATE: Apr-02</b><br>Normal: 0.5 kPa<br>Period: 1991-2020","6136699","PORT+WELLER+AUT",1994,2026
"04-03","TMAX",2001-04-03,7.10434782608696,1.2,14.9,3.77569719761308,2.6,3.85,8.85,12.48,18.8,"NA (ECCC AES NA; station_id 7790)",NA,7790,"",4,2026-04-03,"DATE: Apr-03<br>Value: 18.8 °C<br>Anomaly: +11.7 °C<br>Weather station: NA (ECCC AES NA; station_id 7790)","DATE: Apr-03<br><b>Maximum temperature</b><br>10-90 percentile<br>2.6 to 12.5 °C","Historical daily maximum<br>14.9 °C<br>2026-04-03","DATE: Apr-03</b><br>Normal: 7.1 °C<br>Period: 1991-2020","6136699","PORT+WELLER+AUT",1994,2026
"04-03","TMIN",2001-04-03,1.89130434782609,-1.7,5,2.18796564778548,-1.44,0.15,3.7,4.26,2.4,"NA (ECCC AES NA; station_id 7790)",NA,7790,"",4,2010-04-03,"DATE: Apr-03<br>Value: 2.4 °C<br>Anomaly: +0.5 °C<br>Weather station: NA (ECCC AES NA; station_id 7790)","DATE: Apr-03<br><b>Minimum temperature</b><br>10-90 percentile<br>-1.4 to 4.3 °C","Historical daily maximum<br>5.0 °C<br>2010-04-03","DATE: Apr-03</b><br>Normal: 1.9 °C<br>Period: 1991-2020","6136699","PORT+WELLER+AUT",1994,2026
"04-03","VPD",2001-04-03,0.330939676667498,0.0842653354721783,0.822087077459821,0.23492147173828,0.10246159230215,0.151470234452808,0.464248464974497,0.709272297486685,1.44402631394146,"NA (ECCC AES NA; station_id 7790)",NA,7790,"",4,2026-04-03,"DATE: Apr-03<br>Value: 1.4 kPa<br>Anomaly: +1.1 kPa<br>Weather station: NA (ECCC AES NA; station_id 7790)","DATE: Apr-03<br><b>Vapour pressure deficit</b><br>10-90 percentile<br>0.1 to 0.7 kPa","Historical daily maximum<br>0.8 kPa<br>2026-04-03","DATE: Apr-03</b><br>Normal: 0.3 kPa<br>Period: 1991-2020","6136699","PORT+WELLER+AUT",1994,2026
"04-04","TMAX",2001-04-04,7.42,-0.5,17.7,4.84853929893667,1.1,4.3,10.2,12.74,10,"NA (ECCC AES NA; station_id 7790)",NA,7790,"",4,2010-04-04,"DATE: Apr-04<br>Value: 10.0 °C<br>Anomaly: +2.6 °C<br>Weather station: NA (ECCC AES NA; station_id 7790)","DATE: Apr-04<br><b>Maximum temperature</b><br>10-90 percentile<br>1.1 to 12.7 °C","Historical daily maximum<br>17.7 °C<br>2010-04-04","DATE: Apr-04</b><br>Normal: 7.4 °C<br>Period: 1991-2020","6136699","PORT+WELLER+AUT",1994,2026
"04-04","TMIN",2001-04-04,1.188,-3.5,7.1,2.90750752363601,-2.78,-1.3,3.3,4.78,3,"NA (ECCC AES NA; station_id 7790)",NA,7790,"",4,2010-04-04,"DATE: Apr-04<br>Value: 3.0 °C<br>Anomaly: +1.8 °C<br>Weather station: NA (ECCC AES NA; station_id 7790)","DATE: Apr-04<br><b>Minimum temperature</b><br>10-90 percentile<br>-2.8 to 4.8 °C","Historical daily maximum<br>7.1 °C<br>2010-04-04","DATE: Apr-04</b><br>Normal: 1.2 °C<br>Period: 1991-2020","6136699","PORT+WELLER+AUT",1994,2026
"04-04","VPD",2001-04-04,0.402411725646519,0.0953744322197441,1.09209474143159,0.297262562923163,0.114747232130158,0.164345674365375,0.568607179154001,0.80061531861021,0.470196289241621,"NA (ECCC AES NA; station_id 7790)",NA,7790,"",4,2011-04-04,"DATE: Apr-04<br>Value: 0.5 kPa<br>Anomaly: +0.1 kPa<br>Weather station: NA (ECCC AES NA; station_id 7790)","DATE: Apr-04<br><b>Vapour pressure deficit</b><br>10-90 percentile<br>0.1 to 0.8 kPa","Historical daily maximum<br>1.1 kPa<br>2011-04-04","DATE: Apr-04</b><br>Normal: 0.4 kPa<br>Period: 1991-2020","6136699","PORT+WELLER+AUT",1994,2026
"04-05","TMAX",2001-04-05,5.716,-0.5,19.2,4.42414586860183,1.66,2.5,7.2,11.12,10.3,"NA (ECCC AES NA; station_id 7790)",NA,7790,"",4,2010-04-05,"DATE: Apr-05<br>Value: 10.3 °C<br>Anomaly: +4.6 °C<br>Weather station: NA (ECCC AES NA; station_id 7790)","DATE: Apr-05<br><b>Maximum temperature</b><br>10-90 percentile<br>1.7 to 11.1 °C","Historical daily maximum<br>19.2 °C<br>2010-04-05","DATE: Apr-05</b><br>Normal: 5.7 °C<br>Period: 1991-2020","6136699","PORT+WELLER+AUT",1994,2026
"04-05","TMIN",2001-04-05,0.7,-5.2,8.9,3.25358776327508,-3.6,-0.9,2.7,3.56,2.5,"NA (ECCC AES NA; station_id 7790)",NA,7790,"",4,2010-04-05,"DATE: Apr-05<br>Value: 2.5 °C<br>Anomaly: +1.8 °C<br>Weather station: NA (ECCC AES NA; station_id 7790)","DATE: Apr-05<br><b>Minimum temperature</b><br>10-90 percentile<br>-3.6 to 3.6 °C","Historical daily maximum<br>8.9 °C<br>2010-04-05","DATE: Apr-05</b><br>Normal: 0.7 °C<br>Period: 1991-2020","6136699","PORT+WELLER+AUT",1994,2026
"04-05","VPD",2001-04-05,0.299215507430067,0.0779554953792596,1.08463342048821,0.222690539061635,0.155330575724341,0.167436537346145,0.350523338245264,0.561917710231215,0.521573853277536,"NA (ECCC AES NA; station_id 7790)",NA,7790,"",4,2010-04-05,"DATE: Apr-05<br>Value: 0.5 kPa<br>Anomaly: +0.2 kPa<br>Weather station: NA (ECCC AES NA; station_id 7790)","DATE: Apr-05<br><b>Vapour pressure deficit</b><br>10-90 percentile<br>0.2 to 0.6 kPa","Historical daily maximum<br>1.1 kPa<br>2010-04-05","DATE: Apr-05</b><br>Normal: 0.3 kPa<br>Period: 1991-2020","6136699","PORT+WELLER+AUT",1994,2026
"04-06","TMAX",2001-04-06,7.82916666666667,-2,20.9,5.48923683352183,1.3,4.7,9.875,13.78,5.6,"NA (ECCC AES NA; station_id 7790)",NA,7790,"",4,1997-04-06,"DATE: Apr-06<br>Value: 5.6 °C<br>Anomaly: -2.2 °C<br>Weather station: NA (ECCC AES NA; station_id 7790)","DATE: Apr-06<br><b>Maximum temperature</b><br>10-90 percentile<br>1.3 to 13.8 °C","Historical daily maximum<br>20.9 °C<br>1997-04-06","DATE: Apr-06</b><br>Normal: 7.8 °C<br>Period: 1991-2020","6136699","PORT+WELLER+AUT",1994,2026
"04-06","TMIN",2001-04-06,0.844,-5.2,5.2,2.71662781158308,-1.94,-0.8,3,4.02,1.8,"NA (ECCC AES NA; station_id 7790)",NA,7790,"",4,2010-04-06,"DATE: Apr-06<br>Value: 1.8 °C<br>Anomaly: +1.0 °C<br>Weather station: NA (ECCC AES NA; station_id 7790)","DATE: Apr-06<br><b>Minimum temperature</b><br>10-90 percentile<br>-1.9 to 4.0 °C","Historical daily maximum<br>5.2 °C<br>2010-04-06","DATE: Apr-06</b><br>Normal: 0.8 °C<br>Period: 1991-2020","6136699","PORT+WELLER+AUT",1994,2026
"04-06","VPD",2001-04-06,0.471614956448253,0.062251241550361,1.64117591620503,0.395018204402142,0.187801527739884,0.234673119189471,0.510008364734254,0.802498514632809,0.213922358478559,"NA (ECCC AES NA; station_id 7790)",NA,7790,"",4,1997-04-06,"DATE: Apr-06<br>Value: 0.2 kPa<br>Anomaly: -0.3 kPa<br>Weather station: NA (ECCC AES NA; station_id 7790)","DATE: Apr-06<br><b>Vapour pressure deficit</b><br>10-90 percentile<br>0.2 to 0.8 kPa","Historical daily maximum<br>1.6 kPa<br>1997-04-06","DATE: Apr-06</b><br>Normal: 0.5 kPa<br>Period: 1991-2020","6136699","PORT+WELLER+AUT",1994,2026
"04-07","TMAX",2001-04-07,7.272,-0.6,16.8,5.08539739515671,0.84,3,10.5,14.94,3.2,"NA (ECCC AES NA; station_id 7790)",NA,7790,"",4,2013-04-07,"DATE: Apr-07<br>Value: 3.2 °C<br>Anomaly: -4.1 °C<br>Weather station: NA (ECCC AES NA; station_id 7790)","DATE: Apr-07<br><b>Maximum temperature</b><br>10-90 percentile<br>0.8 to 14.9 °C","Historical daily maximum<br>16.8 °C<br>2013-04-07","DATE: Apr-07</b><br>Normal: 7.3 °C<br>Period: 1991-2020","6136699","PORT+WELLER+AUT",1994,2026
"04-07","TMIN",2001-04-07,1.324,-4.2,5.4,2.64122446351435,-2.24,-0.7,2.8,4.96,-1.9,"NA (ECCC AES NA; station_id 7790)",NA,7790,"",4,2022-04-07,"DATE: Apr-07<br>Value: -1.9 °C<br>Anomaly: -3.2 °C<br>Weather station: NA (ECCC AES NA; station_id 7790)","DATE: Apr-07<br><b>Minimum temperature</b><br>10-90 percentile<br>-2.2 to 5.0 °C","Historical daily maximum<br>5.4 °C<br>2022-04-07","DATE: Apr-07</b><br>Normal: 1.3 °C<br>Period: 1991-2020","6136699","PORT+WELLER+AUT",1994,2026
"04-07","VPD",2001-04-07,0.392178845413819,0.07439354903048,1.08271156609151,0.290615426728676,0.13952727043776,0.149500021049625,0.604828849043803,0.839964865849167,0.237263202277453,"NA (ECCC AES NA; station_id 7790)",NA,7790,"",4,2013-04-07,"DATE: Apr-07<br>Value: 0.2 kPa<br>Anomaly: -0.2 kPa<br>Weather station: NA (ECCC AES NA; station_id 7790)","DATE: Apr-07<br><b>Vapour pressure deficit</b><br>10-90 percentile<br>0.1 to 0.8 kPa","Historical daily maximum<br>1.1 kPa<br>2013-04-07","DATE: Apr-07</b><br>Normal: 0.4 kPa<br>Period: 1991-2020","6136699","PORT+WELLER+AUT",1994,2026
"04-08","TMAX",2001-04-08,8.03333333333333,-0.2,19.6,4.86859203526,3.1,3.925,11.825,13.27,3.3,"NA (ECCC AES NA; station_id 7790)",NA,7790,"",4,2001-04-08,"DATE: Apr-08<br>Value: 3.3 °C<br>Anomaly: -4.7 °C<br>Weather station: NA (ECCC AES NA; station_id 7790)","DATE: Apr-08<br><b>Maximum temperature</b><br>10-90 percentile<br>3.1 to 13.3 °C","Historical daily maximum<br>19.6 °C<br>2001-04-08","DATE: Apr-08</b><br>Normal: 8.0 °C<br>Period: 1991-2020","6136699","PORT+WELLER+AUT",1994,2026
"04-08","TMIN",2001-04-08,1.744,-3.3,6.5,2.79196466071236,-1.36,-0.5,4.3,5.42,-2.1,"NA (ECCC AES NA; station_id 7790)",NA,7790,"",4,1999-04-08,"DATE: Apr-08<br>Value: -2.1 °C<br>Anomaly: -3.8 °C<br>Weather station: NA (ECCC AES NA; station_id 7790)","DATE: Apr-08<br><b>Minimum temperature</b><br>10-90 percentile<br>-1.4 to 5.4 °C","Historical daily maximum<br>6.5 °C<br>1999-04-08","DATE: Apr-08</b><br>Normal: 1.7 °C<br>Period: 1991-2020","6136699","PORT+WELLER+AUT",1994,2026
"04-08","VPD",2001-04-08,0.417783731272182,0.0465945186762451,1.51784460328114,0.307688571330855,0.134379668438688,0.216350607827445,0.575420291806111,0.683309983004247,0.25053374606117,"NA (ECCC AES NA; station_id 7790)",NA,7790,"",4,2001-04-08,"DATE: Apr-08<br>Value: 0.3 kPa<br>Anomaly: -0.2 kPa<br>Weather station: NA (ECCC AES NA; station_id 7790)","DATE: Apr-08<br><b>Vapour pressure deficit</b><br>10-90 percentile<br>0.1 to 0.7 kPa","Historical daily maximum<br>1.5 kPa<br>2001-04-08","DATE: Apr-08</b><br>Normal: 0.4 kPa<br>Period: 1991-2020","6136699","PORT+WELLER+AUT",1994,2026
"04-09","TMAX",2001-04-09,7.97083333333333,1.1,20.7,4.78434759231162,2.26,5.15,10.375,13.36,18.2,"NA (ECCC AES NA; station_id 7790)",NA,7790,"",4,2017-04-09,"DATE: Apr-09<br>Value: 18.2 °C<br>Anomaly: +10.2 °C<br>Weather station: NA (ECCC AES NA; station_id 7790)","DATE: Apr-09<br><b>Maximum temperature</b><br>10-90 percentile<br>2.3 to 13.4 °C","Historical daily maximum<br>20.7 °C<br>2017-04-09","DATE: Apr-09</b><br>Normal: 8.0 °C<br>Period: 1991-2020","6136699","PORT+WELLER+AUT",1994,2026
"04-09","TMIN",2001-04-09,1.92916666666667,-2.9,5.3,2.51162153869232,-1.7,0.775,4.15,4.91,2.8,"NA (ECCC AES NA; station_id 7790)",NA,7790,"",4,2021-04-09,"DATE: Apr-09<br>Value: 2.8 °C<br>Anomaly: +0.9 °C<br>Weather station: NA (ECCC AES NA; station_id 7790)","DATE: Apr-09<br><b>Minimum temperature</b><br>10-90 percentile<br>-1.7 to 4.9 °C","Historical daily maximum<br>5.3 °C<br>2021-04-09","DATE: Apr-09</b><br>Normal: 1.9 °C<br>Period: 1991-2020","6136699","PORT+WELLER+AUT",1994,2026
"04-09","VPD",2001-04-09,0.410662618367884,0.0932656584866504,1.56312501820553,0.343007579314728,0.166481871607746,0.179029122559081,0.528874820275899,0.771155503166576,1.34301025463758,"NA (ECCC AES NA; station_id 7790)",NA,7790,"",4,2017-04-09,"DATE: Apr-09<br>Value: 1.3 kPa<br>Anomaly: +0.9 kPa<br>Weather station: NA (ECCC AES NA; station_id 7790)","DATE: Apr-09<br><b>Vapour pressure deficit</b><br>10-90 percentile<br>0.2 to 0.8 kPa","Historical daily maximum<br>1.6 kPa<br>2017-04-09","DATE: Apr-09</b><br>Normal: 0.4 kPa<br>Period: 1991-2020","6136699","PORT+WELLER+AUT",1994,2026
"04-10","TMAX",2001-04-10,8.725,2.4,22.3,5.66225105029102,3.4,4.925,9.75,18.42,5.9,"NA (ECCC AES NA; station_id 7790)",NA,7790,"",4,2011-04-10,"DATE: Apr-10<br>Value: 5.9 °C<br>Anomaly: -2.8 °C<br>Weather station: NA (ECCC AES NA; station_id 7790)","DATE: Apr-10<br><b>Maximum temperature</b><br>10-90 percentile<br>3.4 to 18.4 °C","Historical daily maximum<br>22.3 °C<br>2011-04-10","DATE: Apr-10</b><br>Normal: 8.7 °C<br>Period: 1991-2020","6136699","PORT+WELLER+AUT",1994,2026
"04-10","TMIN",2001-04-10,2.004,-4.7,11.2,3.17916131498021,-2.38,0.9,3.6,3.9,3.5,"NA (ECCC AES NA; station_id 7790)",NA,7790,"",4,2017-04-10,"DATE: Apr-10<br>Value: 3.5 °C<br>Anomaly: +1.5 °C<br>Weather station: NA (ECCC AES NA; station_id 7790)","DATE: Apr-10<br><b>Minimum temperature</b><br>10-90 percentile<br>-2.4 to 3.9 °C","Historical daily maximum<br>11.2 °C<br>2017-04-10","DATE: Apr-10</b><br>Normal: 2.0 °C<br>Period: 1991-2020","6136699","PORT+WELLER+AUT",1994,2026
"04-10","VPD",2001-04-10,0.479947956267173,0.0786774525201339,1.88510979316762,0.45753743882294,0.0947930736967912,0.248475377328728,0.463214819386415,1.16076958170324,0.143574091392074,"NA (ECCC AES NA; station_id 7790)",NA,7790,"",4,2011-04-10,"DATE: Apr-10<br>Value: 0.1 kPa<br>Anomaly: -0.3 kPa<br>Weather station: NA (ECCC AES NA; station_id 7790)","DATE: Apr-10<br><b>Vapour pressure deficit</b><br>10-90 percentile<br>0.1 to 1.2 kPa","Historical daily maximum<br>1.9 kPa<br>2011-04-10","DATE: Apr-10</b><br>Normal: 0.5 kPa<br>Period: 1991-2020","6136699","PORT+WELLER+AUT",1994,2026
"04-11","TMAX",2001-04-11,8.475,2,19.2,4.7809631556468,4.23,4.85,10.55,15.53,10.1,"NA (ECCC AES NA; station_id 7790)",NA,7790,"",4,2011-04-11,"DATE: Apr-11<br>Value: 10.1 °C<br>Anomaly: +1.6 °C<br>Weather station: NA (ECCC AES NA; station_id 7790)","DATE: Apr-11<br><b>Maximum temperature</b><br>10-90 percentile<br>4.2 to 15.5 °C","Historical daily maximum<br>19.2 °C<br>2011-04-11","DATE: Apr-11</b><br>Normal: 8.5 °C<br>Period: 1991-2020","6136699","PORT+WELLER+AUT",1994,2026
"04-11","TMIN",2001-04-11,2.4125,-1,7.1,2.07475771241304,-0.29,0.9,3.725,5.03,2.3,"NA (ECCC AES NA; station_id 7790)",NA,7790,"",4,2017-04-11,"DATE: Apr-11<br>Value: 2.3 °C<br>Anomaly: -0.1 °C<br>Weather station: NA (ECCC AES NA; station_id 7790)","DATE: Apr-11<br><b>Minimum temperature</b><br>10-90 percentile<br>-0.3 to 5.0 °C","Historical daily maximum<br>7.1 °C<br>2017-04-11","DATE: Apr-11</b><br>Normal: 2.4 °C<br>Period: 1991-2020","6136699","PORT+WELLER+AUT",1994,2026
"04-11","VPD",2001-04-11,0.427522982270808,0.0858935658796161,1.33421324965447,0.330010700705946,0.114928263700578,0.197091026594167,0.507320045850975,0.872912980919173,0.515279758142909,"NA (ECCC AES NA; station_id 7790)",NA,7790,"",4,2011-04-11,"DATE: Apr-11<br>Value: 0.5 kPa<br>Anomaly: +0.1 kPa<br>Weather station: NA (ECCC AES NA; station_id 7790)","DATE: Apr-11<br><b>Vapour pressure deficit</b><br>10-90 percentile<br>0.1 to 0.9 kPa","Historical daily maximum<br>1.3 kPa<br>2011-04-11","DATE: Apr-11</b><br>Normal: 0.4 kPa<br>Period: 1991-2020","6136699","PORT+WELLER+AUT",1994,2026
"04-12","TMAX",2001-04-12,10.8083333333333,2.7,25.2,5.1497502401798,6.09,6.75,13.725,17.52,6.9,"NA (ECCC AES NA; station_id 7790)",NA,7790,"",4,2001-04-12,"DATE: Apr-12<br>Value: 6.9 °C<br>Anomaly: -3.9 °C<br>Weather station: NA (ECCC AES NA; station_id 7790)","DATE: Apr-12<br><b>Maximum temperature</b><br>10-90 percentile<br>6.1 to 17.5 °C","Historical daily maximum<br>25.2 °C<br>2001-04-12","DATE: Apr-12</b><br>Normal: 10.8 °C<br>Period: 1991-2020","6136699","PORT+WELLER+AUT",1994,2026
"04-12","TMIN",2001-04-12,2.816,-3.5,6.8,2.18282691327859,0.28,1.5,4.1,5.06,3.3,"NA (ECCC AES NA; station_id 7790)",NA,7790,"",4,2023-04-12,"DATE: Apr-12<br>Value: 3.3 °C<br>Anomaly: +0.5 °C<br>Weather station: NA (ECCC AES NA; station_id 7790)","DATE: Apr-12<br><b>Minimum temperature</b><br>10-90 percentile<br>0.3 to 5.1 °C","Historical daily maximum<br>6.8 °C<br>2023-04-12","DATE: Apr-12</b><br>Normal: 2.8 °C<br>Period: 1991-2020","6136699","PORT+WELLER+AUT",1994,2026
"04-12","VPD",2001-04-12,0.611609874397394,0.0707193892339664,2.39245114708944,0.500415913173302,0.237317322486361,0.328497510382216,0.714826526013187,1.08014017095904,0.220947157789422,"NA (ECCC AES NA; station_id 7790)",NA,7790,"",4,2001-04-12,"DATE: Apr-12<br>Value: 0.2 kPa<br>Anomaly: -0.4 kPa<br>Weather station: NA (ECCC AES NA; station_id 7790)","DATE: Apr-12<br><b>Vapour pressure deficit</b><br>10-90 percentile<br>0.2 to 1.1 kPa","Historical daily maximum<br>2.4 kPa<br>2001-04-12","DATE: Apr-12</b><br>Normal: 0.6 kPa<br>Period: 1991-2020","6136699","PORT+WELLER+AUT",1994,2026
"04-13","TMAX",2001-04-13,9.31666666666667,2.9,23,5.185151598695,4.23,5.55,12.175,14.67,19.6,"NA (ECCC AES NA; station_id 7790)",NA,7790,"",4,2023-04-13,"DATE: Apr-13<br>Value: 19.6 °C<br>Anomaly: +10.3 °C<br>Weather station: NA (ECCC AES NA; station_id 7790)","DATE: Apr-13<br><b>Maximum temperature</b><br>10-90 percentile<br>4.2 to 14.7 °C","Historical daily maximum<br>23.0 °C<br>2023-04-13","DATE: Apr-13</b><br>Normal: 9.3 °C<br>Period: 1991-2020","6136699","PORT+WELLER+AUT",1994,2026
"04-13","TMIN",2001-04-13,2.8,-3.5,6,2.14739478154951,0.44,1.275,4.175,5.01,5,"NA (ECCC AES NA; station_id 7790)",NA,7790,"",4,2023-04-13,"DATE: Apr-13<br>Value: 5.0 °C<br>Anomaly: +2.2 °C<br>Weather station: NA (ECCC AES NA; station_id 7790)","DATE: Apr-13<br><b>Minimum temperature</b><br>10-90 percentile<br>0.4 to 5.0 °C","Historical daily maximum<br>6.0 °C<br>2023-04-13","DATE: Apr-13</b><br>Normal: 2.8 °C<br>Period: 1991-2020","6136699","PORT+WELLER+AUT",1994,2026
"04-13","VPD",2001-04-13,0.484836580768287,0.0368305658088263,2.02435652973212,0.458164130011289,0.0953858917626112,0.197245782398481,0.602173382276565,0.811048600041875,1.40869481263274,"NA (ECCC AES NA; station_id 7790)",NA,7790,"",4,2015-04-13,"DATE: Apr-13<br>Value: 1.4 kPa<br>Anomaly: +0.9 kPa<br>Weather station: NA (ECCC AES NA; station_id 7790)","DATE: Apr-13<br><b>Vapour pressure deficit</b><br>10-90 percentile<br>0.1 to 0.8 kPa","Historical daily maximum<br>2.0 kPa<br>2015-04-13","DATE: Apr-13</b><br>Normal: 0.5 kPa<br>Period: 1991-2020","6136699","PORT+WELLER+AUT",1994,2026
"04-14","TMAX",2001-04-14,10.472,3.6,22.6,4.71491604732612,5.26,7.2,12.9,16.48,21.1,"NA (ECCC AES NA; station_id 7790)",NA,7790,"",4,2023-04-14,"DATE: Apr-14<br>Value: 21.1 °C<br>Anomaly: +10.6 °C<br>Weather station: NA (ECCC AES NA; station_id 7790)","DATE: Apr-14<br><b>Maximum temperature</b><br>10-90 percentile<br>5.3 to 16.5 °C","Historical daily maximum<br>22.6 °C<br>2023-04-14","DATE: Apr-14</b><br>Normal: 10.5 °C<br>Period: 1991-2020","6136699","PORT+WELLER+AUT",1994,2026
"04-14","TMIN",2001-04-14,3.02916666666667,-1.5,6.2,1.80710654306021,1.23,1.925,4.175,5.57,8,"NA (ECCC AES NA; station_id 7790)",NA,7790,"",4,2026-04-14,"DATE: Apr-14<br>Value: 8.0 °C<br>Anomaly: +5.0 °C<br>Weather station: NA (ECCC AES NA; station_id 7790)","DATE: Apr-14<br><b>Minimum temperature</b><br>10-90 percentile<br>1.2 to 5.6 °C","Historical daily maximum<br>6.2 °C<br>2026-04-14","DATE: Apr-14</b><br>Normal: 3.0 °C<br>Period: 1991-2020","6136699","PORT+WELLER+AUT",1994,2026
"04-14","VPD",2001-04-14,0.548586493917986,0.122917455711811,1.96812789692778,0.444104023552297,0.197534813474303,0.244585504297255,0.655300494608118,1.12986532211354,1.42955392960789,"NA (ECCC AES NA; station_id 7790)",NA,7790,"",4,2014-04-14,"DATE: Apr-14<br>Value: 1.4 kPa<br>Anomaly: +0.9 kPa<br>Weather station: NA (ECCC AES NA; station_id 7790)","DATE: Apr-14<br><b>Vapour pressure deficit</b><br>10-90 percentile<br>0.2 to 1.1 kPa","Historical daily maximum<br>2.0 kPa<br>2014-04-14","DATE: Apr-14</b><br>Normal: 0.5 kPa<br>Period: 1991-2020","6136699","PORT+WELLER+AUT",1994,2026
"04-15","TMAX",2001-04-15,10.9409090909091,2.3,21.9,6.28798242234526,4.08,6.45,17.425,19.78,15.4,"NA (ECCC AES NA; station_id 7790)",NA,7790,"",4,2003-04-15,"DATE: Apr-15<br>Value: 15.4 °C<br>Anomaly: +4.5 °C<br>Weather station: NA (ECCC AES NA; station_id 7790)","DATE: Apr-15<br><b>Maximum temperature</b><br>10-90 percentile<br>4.1 to 19.8 °C","Historical daily maximum<br>21.9 °C<br>2003-04-15","DATE: Apr-15</b><br>Normal: 10.9 °C<br>Period: 1991-2020","6136699","PORT+WELLER+AUT",1994,2026
"04-15","TMIN",2001-04-15,3.67083333333333,-2.1,10.9,3.16495472413068,0.61,1.3,5.7,8.25,4.9,"NA (ECCC AES NA; station_id 7790)",NA,7790,"",4,2012-04-15,"DATE: Apr-15<br>Value: 4.9 °C<br>Anomaly: +1.2 °C<br>Weather station: NA (ECCC AES NA; station_id 7790)","DATE: Apr-15<br><b>Minimum temperature</b><br>10-90 percentile<br>0.6 to 8.2 °C","Historical daily maximum<br>10.9 °C<br>2012-04-15","DATE: Apr-15</b><br>Normal: 3.7 °C<br>Period: 1991-2020","6136699","PORT+WELLER+AUT",1994,2026
"04-15","VPD",2001-04-15,0.596209516696243,0.142197243402148,1.48470765950457,0.469566795576276,0.154822788389998,0.219163840336573,0.943884677495283,1.29996997313817,0.88352126072445,"NA (ECCC AES NA; station_id 7790)",NA,7790,"",4,2017-04-15,"DATE: Apr-15<br>Value: 0.9 kPa<br>Anomaly: +0.3 kPa<br>Weather station: NA (ECCC AES NA; station_id 7790)","DATE: Apr-15<br><b>Vapour pressure deficit</b><br>10-90 percentile<br>0.2 to 1.3 kPa","Historical daily maximum<br>1.5 kPa<br>2017-04-15","DATE: Apr-15</b><br>Normal: 0.6 kPa<br>Period: 1991-2020","6136699","PORT+WELLER+AUT",1994,2026
"04-16","TMAX",2001-04-16,12.375,3.7,26,5.82724112513244,5.03,8.55,15.775,19.21,18,"NA (ECCC AES NA; station_id 7790)",NA,7790,"",4,2012-04-16,"DATE: Apr-16<br>Value: 18.0 °C<br>Anomaly: +5.6 °C<br>Weather station: NA (ECCC AES NA; station_id 7790)","DATE: Apr-16<br><b>Maximum temperature</b><br>10-90 percentile<br>5.0 to 19.2 °C","Historical daily maximum<br>26.0 °C<br>2012-04-16","DATE: Apr-16</b><br>Normal: 12.4 °C<br>Period: 1991-2020","6136699","PORT+WELLER+AUT",1994,2026
"04-16","TMIN",2001-04-16,3.88333333333333,-2.5,10,2.83911600857466,1.12,2.225,5.325,7.79,7,"NA (ECCC AES NA; station_id 7790)",NA,7790,"",4,2002-04-16,"DATE: Apr-16<br>Value: 7.0 °C<br>Anomaly: +3.1 °C<br>Weather station: NA (ECCC AES NA; station_id 7790)","DATE: Apr-16<br><b>Minimum temperature</b><br>10-90 percentile<br>1.1 to 7.8 °C","Historical daily maximum<br>10.0 °C<br>2002-04-16","DATE: Apr-16</b><br>Normal: 3.9 °C<br>Period: 1991-2020","6136699","PORT+WELLER+AUT",1994,2026
"04-16","VPD",2001-04-16,0.712535052634284,0.0910501962281272,2.22879904745944,0.509668587633403,0.242382767115427,0.336078575798215,0.942193787065754,1.1903264242445,1.06213077668433,"NA (ECCC AES NA; station_id 7790)",NA,7790,"",4,2012-04-16,"DATE: Apr-16<br>Value: 1.1 kPa<br>Anomaly: +0.3 kPa<br>Weather station: NA (ECCC AES NA; station_id 7790)","DATE: Apr-16<br><b>Vapour pressure deficit</b><br>10-90 percentile<br>0.2 to 1.2 kPa","Historical daily maximum<br>2.2 kPa<br>2012-04-16","DATE: Apr-16</b><br>Normal: 0.7 kPa<br>Period: 1991-2020","6136699","PORT+WELLER+AUT",1994,2026
"04-17","TMAX",2001-04-17,10.9130434782609,2,24.2,6.39490595195796,3.66,6.45,15.75,19.72,11.5,"NA (ECCC AES NA; station_id 7790)",NA,7790,"",4,2002-04-17,"DATE: Apr-17<br>Value: 11.5 °C<br>Anomaly: +0.6 °C<br>Weather station: NA (ECCC AES NA; station_id 7790)","DATE: Apr-17<br><b>Maximum temperature</b><br>10-90 percentile<br>3.7 to 19.7 °C","Historical daily maximum<br>24.2 °C<br>2002-04-17","DATE: Apr-17</b><br>Normal: 10.9 °C<br>Period: 1991-2020","6136699","PORT+WELLER+AUT",1994,2026
"04-17","TMIN",2001-04-17,3.43913043478261,-0.4,10.4,2.59680557791417,0.12,1.55,4.6,5.7,3.9,"NA (ECCC AES NA; station_id 7790)",NA,7790,"",4,2002-04-17,"DATE: Apr-17<br>Value: 3.9 °C<br>Anomaly: +0.5 °C<br>Weather station: NA (ECCC AES NA; station_id 7790)","DATE: Apr-17<br><b>Minimum temperature</b><br>10-90 percentile<br>0.1 to 5.7 °C","Historical daily maximum<br>10.4 °C<br>2002-04-17","DATE: Apr-17</b><br>Normal: 3.4 °C<br>Period: 1991-2020","6136699","PORT+WELLER+AUT",1994,2026
"04-17","VPD",2001-04-17,0.642087763333297,0.0888108867595394,1.75865822522178,0.516522580026911,0.145515786869697,0.209511280691772,1.00632765503882,1.37460991576043,0.549431020510052,"NA (ECCC AES NA; station_id 7790)",NA,7790,"",4,2002-04-17,"DATE: Apr-17<br>Value: 0.5 kPa<br>Anomaly: -0.1 kPa<br>Weather station: NA (ECCC AES NA; station_id 7790)","DATE: Apr-17<br><b>Vapour pressure deficit</b><br>10-90 percentile<br>0.1 to 1.4 kPa","Historical daily maximum<br>1.8 kPa<br>2002-04-17","DATE: Apr-17</b><br>Normal: 0.6 kPa<br>Period: 1991-2020","6136699","PORT+WELLER+AUT",1994,2026
"04-18","TMAX",2001-04-18,12.2375,3.3,27.1,7.18366580151291,4.96,6.25,17,22.79,24.7,"NA (ECCC AES NA; station_id 7790)",NA,7790,"",4,2013-04-18,"DATE: Apr-18<br>Value: 24.7 °C<br>Anomaly: +12.5 °C<br>Weather station: NA (ECCC AES NA; station_id 7790)","DATE: Apr-18<br><b>Maximum temperature</b><br>10-90 percentile<br>5.0 to 22.8 °C","Historical daily maximum<br>27.1 °C<br>2013-04-18","DATE: Apr-18</b><br>Normal: 12.2 °C<br>Period: 1991-2020","6136699","PORT+WELLER+AUT",1994,2026
"04-18","TMIN",2001-04-18,3.928,0.4,10.2,2.2475023173885,1.54,2.2,5.3,6.62,3.7,"NA (ECCC AES NA; station_id 7790)",NA,7790,"",4,2002-04-18,"DATE: Apr-18<br>Value: 3.7 °C<br>Anomaly: -0.2 °C<br>Weather station: NA (ECCC AES NA; station_id 7790)","DATE: Apr-18<br><b>Minimum temperature</b><br>10-90 percentile<br>1.5 to 6.6 °C","Historical daily maximum<br>10.2 °C<br>2002-04-18","DATE: Apr-18</b><br>Normal: 3.9 °C<br>Period: 1991-2020","6136699","PORT+WELLER+AUT",1994,2026
"04-18","VPD",2001-04-18,0.747133183967156,0.095085610686101,2.68934117644704,0.720247042364351,0.140456512273737,0.222403008967167,1.02738379949549,1.76802579300305,2.31536194529649,"NA (ECCC AES NA; station_id 7790)",NA,7790,"",4,2013-04-18,"DATE: Apr-18<br>Value: 2.3 kPa<br>Anomaly: +1.6 kPa<br>Weather station: NA (ECCC AES NA; station_id 7790)","DATE: Apr-18<br><b>Vapour pressure deficit</b><br>10-90 percentile<br>0.1 to 1.8 kPa","Historical daily maximum<br>2.7 kPa<br>2013-04-18","DATE: Apr-18</b><br>Normal: 0.7 kPa<br>Period: 1991-2020","6136699","PORT+WELLER+AUT",1994,2026
"04-19","TMAX",2001-04-19,13.048,3.5,24.6,5.68009096171297,6.22,9.3,17.4,21.36,9.2,"NA (ECCC AES NA; station_id 7790)",NA,7790,"",4,2005-04-19,"DATE: Apr-19<br>Value: 9.2 °C<br>Anomaly: -3.8 °C<br>Weather station: NA (ECCC AES NA; station_id 7790)","DATE: Apr-19<br><b>Maximum temperature</b><br>10-90 percentile<br>6.2 to 21.4 °C","Historical daily maximum<br>24.6 °C<br>2005-04-19","DATE: Apr-19</b><br>Normal: 13.0 °C<br>Period: 1991-2020","6136699","PORT+WELLER+AUT",1994,2026
"04-19","TMIN",2001-04-19,4.008,-0.9,8.5,2.06012135564874,1.54,2.5,5.4,6.02,1.4,"NA (ECCC AES NA; station_id 7790)",NA,7790,"",4,2002-04-19,"DATE: Apr-19<br>Value: 1.4 °C<br>Anomaly: -2.6 °C<br>Weather station: NA (ECCC AES NA; station_id 7790)","DATE: Apr-19<br><b>Minimum temperature</b><br>10-90 percentile<br>1.5 to 6.0 °C","Historical daily maximum<br>8.5 °C<br>2002-04-19","DATE: Apr-19</b><br>Normal: 4.0 °C<br>Period: 1991-2020","6136699","PORT+WELLER+AUT",1994,2026
"04-19","VPD",2001-04-19,0.77262515798125,0.133096153308545,2.17721691120965,0.551938418738559,0.249272260988937,0.380889206365238,1.04579406763311,1.57699495086024,0.48775458726387,"NA (ECCC AES NA; station_id 7790)",NA,7790,"",4,2005-04-19,"DATE: Apr-19<br>Value: 0.5 kPa<br>Anomaly: -0.3 kPa<br>Weather station: NA (ECCC AES NA; station_id 7790)","DATE: Apr-19<br><b>Vapour pressure deficit</b><br>10-90 percentile<br>0.2 to 1.6 kPa","Historical daily maximum<br>2.2 kPa<br>2005-04-19","DATE: Apr-19</b><br>Normal: 0.8 kPa<br>Period: 1991-2020","6136699","PORT+WELLER+AUT",1994,2026
"04-20","TMAX",2001-04-20,11.4,4.8,22,5.09092329543473,5.9,7.2,14.9,18.26,6.8,"NA (ECCC AES NA; station_id 7790)",NA,7790,"",4,2012-04-20,"DATE: Apr-20<br>Value: 6.8 °C<br>Anomaly: -4.6 °C<br>Weather station: NA (ECCC AES NA; station_id 7790)","DATE: Apr-20<br><b>Maximum temperature</b><br>10-90 percentile<br>5.9 to 18.3 °C","Historical daily maximum<br>22.0 °C<br>2012-04-20","DATE: Apr-20</b><br>Normal: 11.4 °C<br>Period: 1991-2020","6136699","PORT+WELLER+AUT",1994,2026
"04-20","TMIN",2001-04-20,4.348,0.7,9.3,1.93608711925195,1.7,3.1,5.4,6.54,0.4,"NA (ECCC AES NA; station_id 7790)",NA,7790,"",4,1996-04-20,"DATE: Apr-20<br>Value: 0.4 °C<br>Anomaly: -3.9 °C<br>Weather station: NA (ECCC AES NA; station_id 7790)","DATE: Apr-20<br><b>Minimum temperature</b><br>10-90 percentile<br>1.7 to 6.5 °C","Historical daily maximum<br>9.3 °C<br>1996-04-20","DATE: Apr-20</b><br>Normal: 4.3 °C<br>Period: 1991-2020","6136699","PORT+WELLER+AUT",1994,2026
"04-20","VPD",2001-04-20,0.576103389275874,0.0811594535015843,1.66252465331351,0.456074518231032,0.161741809042047,0.209135076999719,0.774753286432911,1.21049665467025,0.359371157249016,"NA (ECCC AES NA; station_id 7790)",NA,7790,"",4,2012-04-20,"DATE: Apr-20<br>Value: 0.4 kPa<br>Anomaly: -0.2 kPa<br>Weather station: NA (ECCC AES NA; station_id 7790)","DATE: Apr-20<br><b>Vapour pressure deficit</b><br>10-90 percentile<br>0.2 to 1.2 kPa","Historical daily maximum<br>1.7 kPa<br>2012-04-20","DATE: Apr-20</b><br>Normal: 0.6 kPa<br>Period: 1991-2020","6136699","PORT+WELLER+AUT",1994,2026
"04-21","TMAX",2001-04-21,12.825,4.7,22.1,4.91954840628072,6.98,8.95,16.8,18.85,13.5,"NA (ECCC AES NA; station_id 7790)",NA,7790,"",4,2004-04-21,"DATE: Apr-21<br>Value: 13.5 °C<br>Anomaly: +0.7 °C<br>Weather station: NA (ECCC AES NA; station_id 7790)","DATE: Apr-21<br><b>Maximum temperature</b><br>10-90 percentile<br>7.0 to 18.8 °C","Historical daily maximum<br>22.1 °C<br>2004-04-21","DATE: Apr-21</b><br>Normal: 12.8 °C<br>Period: 1991-2020","6136699","PORT+WELLER+AUT",1994,2026
"04-21","TMIN",2001-04-21,4.368,0,7.1,2.01074613017158,1.32,3.1,5.6,6.62,0.6,"NA (ECCC AES NA; station_id 7790)",NA,7790,"",4,2023-04-21,"DATE: Apr-21<br>Value: 0.6 °C<br>Anomaly: -3.8 °C<br>Weather station: NA (ECCC AES NA; station_id 7790)","DATE: Apr-21<br><b>Minimum temperature</b><br>10-90 percentile<br>1.3 to 6.6 °C","Historical daily maximum<br>7.1 °C<br>2023-04-21","DATE: Apr-21</b><br>Normal: 4.4 °C<br>Period: 1991-2020","6136699","PORT+WELLER+AUT",1994,2026
"04-21","VPD",2001-04-21,0.69596913637199,0.145852840943983,1.81183712717007,0.477137427659631,0.226247223808007,0.343592696796391,0.955833927527002,1.28505518272172,0.909475277691407,"NA (ECCC AES NA; station_id 7790)",NA,7790,"",4,2004-04-21,"DATE: Apr-21<br>Value: 0.9 kPa<br>Anomaly: +0.2 kPa<br>Weather station: NA (ECCC AES NA; station_id 7790)","DATE: Apr-21<br><b>Vapour pressure deficit</b><br>10-90 percentile<br>0.2 to 1.3 kPa","Historical daily maximum<br>1.8 kPa<br>2004-04-21","DATE: Apr-21</b><br>Normal: 0.7 kPa<br>Period: 1991-2020","6136699","PORT+WELLER+AUT",1994,2026
"04-22","TMAX",2001-04-22,10.404347826087,4.5,21,4.06911630576977,6.24,7.75,12.45,16.16,11.2,"NA (ECCC AES NA; station_id 7790)",NA,7790,"",4,2007-04-22,"DATE: Apr-22<br>Value: 11.2 °C<br>Anomaly: +0.8 °C<br>Weather station: NA (ECCC AES NA; station_id 7790)","DATE: Apr-22<br><b>Maximum temperature</b><br>10-90 percentile<br>6.2 to 16.2 °C","Historical daily maximum<br>21.0 °C<br>2007-04-22","DATE: Apr-22</b><br>Normal: 10.4 °C<br>Period: 1991-2020","6136699","PORT+WELLER+AUT",1994,2026
"04-22","TMIN",2001-04-22,4.35,0,7.6,1.99673646777414,1.69,3.1,5.675,6.77,3.3,"NA (ECCC AES NA; station_id 7790)",NA,7790,"",4,2001-04-22,"DATE: Apr-22<br>Value: 3.3 °C<br>Anomaly: -1.0 °C<br>Weather station: NA (ECCC AES NA; station_id 7790)","DATE: Apr-22<br><b>Minimum temperature</b><br>10-90 percentile<br>1.7 to 6.8 °C","Historical daily maximum<br>7.6 °C<br>2001-04-22","DATE: Apr-22</b><br>Normal: 4.3 °C<br>Period: 1991-2020","6136699","PORT+WELLER+AUT",1994,2026
"04-22","VPD",2001-04-22,0.470141602783015,0.0804029761297936,1.505598858375,0.33100884229424,0.151585963674349,0.274918334655747,0.566464551354482,0.832214120824082,0.556215435276532,"NA (ECCC AES NA; station_id 7790)",NA,7790,"",4,2007-04-22,"DATE: Apr-22<br>Value: 0.6 kPa<br>Anomaly: +0.1 kPa<br>Weather station: NA (ECCC AES NA; station_id 7790)","DATE: Apr-22<br><b>Vapour pressure deficit</b><br>10-90 percentile<br>0.2 to 0.8 kPa","Historical daily maximum<br>1.5 kPa<br>2007-04-22","DATE: Apr-22</b><br>Normal: 0.5 kPa<br>Period: 1991-2020","6136699","PORT+WELLER+AUT",1994,2026
"04-23","TMAX",2001-04-23,11.5727272727273,3.5,23.8,5.96539080412067,5.17,7.1,15.4,20.63,12,"NA (ECCC AES NA; station_id 7790)",NA,7790,"",4,2001-04-23,"DATE: Apr-23<br>Value: 12.0 °C<br>Anomaly: +0.4 °C<br>Weather station: NA (ECCC AES NA; station_id 7790)","DATE: Apr-23<br><b>Maximum temperature</b><br>10-90 percentile<br>5.2 to 20.6 °C","Historical daily maximum<br>23.8 °C<br>2001-04-23","DATE: Apr-23</b><br>Normal: 11.6 °C<br>Period: 1991-2020","6136699","PORT+WELLER+AUT",1994,2026
"04-23","TMIN",2001-04-23,4.18260869565217,0.4,8.1,1.91516725448411,1.84,3.45,4.8,6.58,5,"NA (ECCC AES NA; station_id 7790)",NA,7790,"",4,2024-04-23,"DATE: Apr-23<br>Value: 5.0 °C<br>Anomaly: +0.8 °C<br>Weather station: NA (ECCC AES NA; station_id 7790)","DATE: Apr-23<br><b>Minimum temperature</b><br>10-90 percentile<br>1.8 to 6.6 °C","Historical daily maximum<br>8.1 °C<br>2024-04-23","DATE: Apr-23</b><br>Normal: 4.2 °C<br>Period: 1991-2020","6136699","PORT+WELLER+AUT",1994,2026
"04-23","VPD",2001-04-23,0.62891588876451,0.13907679411842,2.05753643633872,0.538955717516478,0.171013750084861,0.22410815095853,0.829091047811467,1.37456010628405,0.530252912697244,"NA (ECCC AES NA; station_id 7790)",NA,7790,"",4,2001-04-23,"DATE: Apr-23<br>Value: 0.5 kPa<br>Anomaly: -0.1 kPa<br>Weather station: NA (ECCC AES NA; station_id 7790)","DATE: Apr-23<br><b>Vapour pressure deficit</b><br>10-90 percentile<br>0.2 to 1.4 kPa","Historical daily maximum<br>2.1 kPa<br>2001-04-23","DATE: Apr-23</b><br>Normal: 0.6 kPa<br>Period: 1991-2020","6136699","PORT+WELLER+AUT",1994,2026
"04-24","TMAX",2001-04-24,11.6863636363636,5.1,19.4,4.03275817873308,7,8.6,14.175,17.02,10.1,"NA (ECCC AES NA; station_id 7790)",NA,7790,"",4,2009-04-24,"DATE: Apr-24<br>Value: 10.1 °C<br>Anomaly: -1.6 °C<br>Weather station: NA (ECCC AES NA; station_id 7790)","DATE: Apr-24<br><b>Maximum temperature</b><br>10-90 percentile<br>7.0 to 17.0 °C","Historical daily maximum<br>19.4 °C<br>2009-04-24","DATE: Apr-24</b><br>Normal: 11.7 °C<br>Period: 1991-2020","6136699","PORT+WELLER+AUT",1994,2026
"04-24","TMIN",2001-04-24,4.14166666666667,0.5,7.1,1.81967906072966,2.03,2.75,5.475,6.44,5.3,"NA (ECCC AES NA; station_id 7790)",NA,7790,"",4,2021-04-24,"DATE: Apr-24<br>Value: 5.3 °C<br>Anomaly: +1.2 °C<br>Weather station: NA (ECCC AES NA; station_id 7790)","DATE: Apr-24<br><b>Minimum temperature</b><br>10-90 percentile<br>2.0 to 6.4 °C","Historical daily maximum<br>7.1 °C<br>2021-04-24","DATE: Apr-24</b><br>Normal: 4.1 °C<br>Period: 1991-2020","6136699","PORT+WELLER+AUT",1994,2026
"04-24","VPD",2001-04-24,0.59058537958703,0.115257683587252,1.35586161219534,0.356889392249609,0.212736138922019,0.348363011116907,0.805407578198949,1.11178099556396,0.345467653748479,"NA (ECCC AES NA; station_id 7790)",NA,7790,"",4,2009-04-24,"DATE: Apr-24<br>Value: 0.3 kPa<br>Anomaly: -0.2 kPa<br>Weather station: NA (ECCC AES NA; station_id 7790)","DATE: Apr-24<br><b>Vapour pressure deficit</b><br>10-90 percentile<br>0.2 to 1.1 kPa","Historical daily maximum<br>1.4 kPa<br>2009-04-24","DATE: Apr-24</b><br>Normal: 0.6 kPa<br>Period: 1991-2020","6136699","PORT+WELLER+AUT",1994,2026
"04-25","TMAX",2001-04-25,11.0695652173913,7,24.2,3.89515255654194,7.4,8,13.2,14.06,8.6,"NA (ECCC AES NA; station_id 7790)",NA,7790,"",4,2009-04-25,"DATE: Apr-25<br>Value: 8.6 °C<br>Anomaly: -2.5 °C<br>Weather station: NA (ECCC AES NA; station_id 7790)","DATE: Apr-25<br><b>Maximum temperature</b><br>10-90 percentile<br>7.4 to 14.1 °C","Historical daily maximum<br>24.2 °C<br>2009-04-25","DATE: Apr-25</b><br>Normal: 11.1 °C<br>Period: 1991-2020","6136699","PORT+WELLER+AUT",1994,2026
"04-25","TMIN",2001-04-25,4.51304347826087,1,11.3,2.22594297644557,2.06,2.85,5.7,6.62,4.3,"NA (ECCC AES NA; station_id 7790)",NA,7790,"",4,2009-04-25,"DATE: Apr-25<br>Value: 4.3 °C<br>Anomaly: -0.2 °C<br>Weather station: NA (ECCC AES NA; station_id 7790)","DATE: Apr-25<br><b>Minimum temperature</b><br>10-90 percentile<br>2.1 to 6.6 °C","Historical daily maximum<br>11.3 °C<br>2009-04-25","DATE: Apr-25</b><br>Normal: 4.5 °C<br>Period: 1991-2020","6136699","PORT+WELLER+AUT",1994,2026
"04-25","VPD",2001-04-25,0.508176544632381,0.120915509333186,1.68080365885615,0.355964353563297,0.165922581430678,0.269731937805005,0.704886028576222,0.876565147537055,0.286809480353743,"NA (ECCC AES NA; station_id 7790)",NA,7790,"",4,2009-04-25,"DATE: Apr-25<br>Value: 0.3 kPa<br>Anomaly: -0.2 kPa<br>Weather station: NA (ECCC AES NA; station_id 7790)","DATE: Apr-25<br><b>Vapour pressure deficit</b><br>10-90 percentile<br>0.2 to 0.9 kPa","Historical daily maximum<br>1.7 kPa<br>2009-04-25","DATE: Apr-25</b><br>Normal: 0.5 kPa<br>Period: 1991-2020","6136699","PORT+WELLER+AUT",1994,2026
"04-26","TMAX",2001-04-26,12.4608695652174,4.6,23.3,4.43106175768238,7.7,9.2,15.6,17.34,9.4,"NA (ECCC AES NA; station_id 7790)",NA,7790,"",4,2008-04-26,"DATE: Apr-26<br>Value: 9.4 °C<br>Anomaly: -3.1 °C<br>Weather station: NA (ECCC AES NA; station_id 7790)","DATE: Apr-26<br><b>Maximum temperature</b><br>10-90 percentile<br>7.7 to 17.3 °C","Historical daily maximum<br>23.3 °C<br>2008-04-26","DATE: Apr-26</b><br>Normal: 12.5 °C<br>Period: 1991-2020","6136699","PORT+WELLER+AUT",1994,2026
"04-26","TMIN",2001-04-26,5.01304347826087,2.9,7.4,1.32949216135885,3.18,4.25,5.7,7.06,3.5,"NA (ECCC AES NA; station_id 7790)",NA,7790,"",4,2008-04-26,"DATE: Apr-26<br>Value: 3.5 °C<br>Anomaly: -1.5 °C<br>Weather station: NA (ECCC AES NA; station_id 7790)","DATE: Apr-26<br><b>Minimum temperature</b><br>10-90 percentile<br>3.2 to 7.1 °C","Historical daily maximum<br>7.4 °C<br>2008-04-26","DATE: Apr-26</b><br>Normal: 5.0 °C<br>Period: 1991-2020","6136699","PORT+WELLER+AUT",1994,2026
"04-26","VPD",2001-04-26,0.649356371134617,0.116580956824514,1.83111001565088,0.41706525981216,0.262140347446026,0.306350279079467,0.869240787797481,1.14419232030969,0.394373824705768,"NA (ECCC AES NA; station_id 7790)",NA,7790,"",4,2008-04-26,"DATE: Apr-26<br>Value: 0.4 kPa<br>Anomaly: -0.3 kPa<br>Weather station: NA (ECCC AES NA; station_id 7790)","DATE: Apr-26<br><b>Vapour pressure deficit</b><br>10-90 percentile<br>0.3 to 1.1 kPa","Historical daily maximum<br>1.8 kPa<br>2008-04-26","DATE: Apr-26</b><br>Normal: 0.6 kPa<br>Period: 1991-2020","6136699","PORT+WELLER+AUT",1994,2026
"04-27","TMAX",2001-04-27,11.9541666666667,6.5,25,5.075600557027,7.52,7.95,14.425,17.11,17.4,"NA (ECCC AES NA; station_id 7790)",NA,7790,"",4,2011-04-27,"DATE: Apr-27<br>Value: 17.4 °C<br>Anomaly: +5.4 °C<br>Weather station: NA (ECCC AES NA; station_id 7790)","DATE: Apr-27<br><b>Maximum temperature</b><br>10-90 percentile<br>7.5 to 17.1 °C","Historical daily maximum<br>25.0 °C<br>2011-04-27","DATE: Apr-27</b><br>Normal: 12.0 °C<br>Period: 1991-2020","6136699","PORT+WELLER+AUT",1994,2026
"04-27","TMIN",2001-04-27,4.40833333333333,1.5,7.1,1.56952406706665,2.42,2.875,5.5,6.25,6.2,"NA (ECCC AES NA; station_id 7790)",NA,7790,"",4,2005-04-27,"DATE: Apr-27<br>Value: 6.2 °C<br>Anomaly: +1.8 °C<br>Weather station: NA (ECCC AES NA; station_id 7790)","DATE: Apr-27<br><b>Minimum temperature</b><br>10-90 percentile<br>2.4 to 6.2 °C","Historical daily maximum<br>7.1 °C<br>2005-04-27","DATE: Apr-27</b><br>Normal: 4.4 °C<br>Period: 1991-2020","6136699","PORT+WELLER+AUT",1994,2026
"04-27","VPD",2001-04-27,0.630222507223885,0.128759263946548,2.31356635157741,0.537528092731702,0.245320626141846,0.305356369293664,0.718950122237475,1.11588886568619,1.03926064444881,"NA (ECCC AES NA; station_id 7790)",NA,7790,"",4,2011-04-27,"DATE: Apr-27<br>Value: 1.0 kPa<br>Anomaly: +0.4 kPa<br>Weather station: NA (ECCC AES NA; station_id 7790)","DATE: Apr-27<br><b>Vapour pressure deficit</b><br>10-90 percentile<br>0.2 to 1.1 kPa","Historical daily maximum<br>2.3 kPa<br>2011-04-27","DATE: Apr-27</b><br>Normal: 0.6 kPa<br>Period: 1991-2020","6136699","PORT+WELLER+AUT",1994,2026
"04-28","TMAX",2001-04-28,12.54,5.9,21.6,4.33205109234259,7.48,9.6,16,18.84,17.8,"NA (ECCC AES NA; station_id 7790)",NA,7790,"",4,2003-04-28,"DATE: Apr-28<br>Value: 17.8 °C<br>Anomaly: +5.3 °C<br>Weather station: NA (ECCC AES NA; station_id 7790)","DATE: Apr-28<br><b>Maximum temperature</b><br>10-90 percentile<br>7.5 to 18.8 °C","Historical daily maximum<br>21.6 °C<br>2003-04-28","DATE: Apr-28</b><br>Normal: 12.5 °C<br>Period: 1991-2020","6136699","PORT+WELLER+AUT",1994,2026
"04-28","TMIN",2001-04-28,4.784,1.5,9.7,2.04280852422998,2.1,3.9,6.2,7.42,7.7,"NA (ECCC AES NA; station_id 7790)",NA,7790,"",4,2024-04-28,"DATE: Apr-28<br>Value: 7.7 °C<br>Anomaly: +2.9 °C<br>Weather station: NA (ECCC AES NA; station_id 7790)","DATE: Apr-28<br><b>Minimum temperature</b><br>10-90 percentile<br>2.1 to 7.4 °C","Historical daily maximum<br>9.7 °C<br>2024-04-28","DATE: Apr-28</b><br>Normal: 4.8 °C<br>Period: 1991-2020","6136699","PORT+WELLER+AUT",1994,2026
"04-28","VPD",2001-04-28,0.63795389670148,0.1674484843507,1.53432673073102,0.405696794480067,0.244295527859499,0.325245226619187,0.899751233486217,1.12736125436569,0.987130477943848,"NA (ECCC AES NA; station_id 7790)",NA,7790,"",4,2000-04-28,"DATE: Apr-28<br>Value: 1.0 kPa<br>Anomaly: +0.3 kPa<br>Weather station: NA (ECCC AES NA; station_id 7790)","DATE: Apr-28<br><b>Vapour pressure deficit</b><br>10-90 percentile<br>0.2 to 1.1 kPa","Historical daily maximum<br>1.5 kPa<br>2000-04-28","DATE: Apr-28</b><br>Normal: 0.6 kPa<br>Period: 1991-2020","6136699","PORT+WELLER+AUT",1994,2026
"04-29","TMAX",2001-04-29,12.875,6.5,22.3,4.5577692865661,8.08,9.025,15.65,19.44,10.6,"NA (ECCC AES NA; station_id 7790)",NA,7790,"",4,2025-04-29,"DATE: Apr-29<br>Value: 10.6 °C<br>Anomaly: -2.3 °C<br>Weather station: NA (ECCC AES NA; station_id 7790)","DATE: Apr-29<br><b>Maximum temperature</b><br>10-90 percentile<br>8.1 to 19.4 °C","Historical daily maximum<br>22.3 °C<br>2025-04-29","DATE: Apr-29</b><br>Normal: 12.9 °C<br>Period: 1991-2020","6136699","PORT+WELLER+AUT",1994,2026
"04-29","TMIN",2001-04-29,5.232,1.8,14.6,2.51441179337567,2.66,3.6,6.1,6.92,4.8,"NA (ECCC AES NA; station_id 7790)",NA,7790,"",4,2004-04-29,"DATE: Apr-29<br>Value: 4.8 °C<br>Anomaly: -0.4 °C<br>Weather station: NA (ECCC AES NA; station_id 7790)","DATE: Apr-29<br><b>Minimum temperature</b><br>10-90 percentile<br>2.7 to 6.9 °C","Historical daily maximum<br>14.6 °C<br>2004-04-29","DATE: Apr-29</b><br>Normal: 5.2 °C<br>Period: 1991-2020","6136699","PORT+WELLER+AUT",1994,2026
"04-29","VPD",2001-04-29,0.642801695930634,0.135181434258391,1.35586863700441,0.376245515555884,0.195993462984374,0.382698910215284,0.853669026952045,1.22345126643316,0.418008493077179,"NA (ECCC AES NA; station_id 7790)",NA,7790,"",4,2025-04-29,"DATE: Apr-29<br>Value: 0.4 kPa<br>Anomaly: -0.2 kPa<br>Weather station: NA (ECCC AES NA; station_id 7790)","DATE: Apr-29<br><b>Vapour pressure deficit</b><br>10-90 percentile<br>0.2 to 1.2 kPa","Historical daily maximum<br>1.4 kPa<br>2025-04-29","DATE: Apr-29</b><br>Normal: 0.6 kPa<br>Period: 1991-2020","6136699","PORT+WELLER+AUT",1994,2026
"04-30","TMAX",2001-04-30,12.752,6.3,21.8,4.54662145627571,7.2,8.9,15.7,18.5,12.7,"NA (ECCC AES NA; station_id 7790)",NA,7790,"",4,2001-04-30,"DATE: Apr-30<br>Value: 12.7 °C<br>Anomaly: -0.1 °C<br>Weather station: NA (ECCC AES NA; station_id 7790)","DATE: Apr-30<br><b>Maximum temperature</b><br>10-90 percentile<br>7.2 to 18.5 °C","Historical daily maximum<br>21.8 °C<br>2001-04-30","DATE: Apr-30</b><br>Normal: 12.8 °C<br>Period: 1991-2020","6136699","PORT+WELLER+AUT",1994,2026
"04-30","TMIN",2001-04-30,5.748,0.4,11.5,2.36574864824365,3.8,4.3,7.3,8.74,4.9,"NA (ECCC AES NA; station_id 7790)",NA,7790,"",4,2004-04-30,"DATE: Apr-30<br>Value: 4.9 °C<br>Anomaly: -0.8 °C<br>Weather station: NA (ECCC AES NA; station_id 7790)","DATE: Apr-30<br><b>Minimum temperature</b><br>10-90 percentile<br>3.8 to 8.7 °C","Historical daily maximum<br>11.5 °C<br>2004-04-30","DATE: Apr-30</b><br>Normal: 5.7 °C<br>Period: 1991-2020","6136699","PORT+WELLER+AUT",1994,2026
"04-30","VPD",2001-04-30,0.601201068388767,0.145852840943983,1.67676250278994,0.393692649442942,0.195604535760971,0.282485527466697,0.886766441339654,1.13072456173581,0.602389895769955,"NA (ECCC AES NA; station_id 7790)",NA,7790,"",4,2001-04-30,"DATE: Apr-30<br>Value: 0.6 kPa<br>Anomaly: +0.0 kPa<br>Weather station: NA (ECCC AES NA; station_id 7790)","DATE: Apr-30<br><b>Vapour pressure deficit</b><br>10-90 percentile<br>0.2 to 1.1 kPa","Historical daily maximum<br>1.7 kPa<br>2001-04-30","DATE: Apr-30</b><br>Normal: 0.6 kPa<br>Period: 1991-2020","6136699","PORT+WELLER+AUT",1994,2026
"05-01","TMAX",2001-05-01,15.096,9.2,25.4,4.503839103106,9.9,11.5,18.1,21.54,10.1,"NA (ECCC AES NA; station_id 7790)",NA,7790,"",5,2001-05-01,"DATE: May-01<br>Value: 10.1 °C<br>Anomaly: -5.0 °C<br>Weather station: NA (ECCC AES NA; station_id 7790)","DATE: May-01<br><b>Maximum temperature</b><br>10-90 percentile<br>9.9 to 21.5 °C","Historical daily maximum<br>25.4 °C<br>2001-05-01","DATE: May-01</b><br>Normal: 15.1 °C<br>Period: 1991-2020","6136699","PORT+WELLER+AUT",1994,2026
"05-01","TMIN",2001-05-01,5.984,3.3,9.1,1.64587362819871,4.02,4.5,7.1,8.32,3.9,"NA (ECCC AES NA; station_id 7790)",NA,7790,"",5,1998-05-01,"DATE: May-01<br>Value: 3.9 °C<br>Anomaly: -2.1 °C<br>Weather station: NA (ECCC AES NA; station_id 7790)","DATE: May-01<br><b>Minimum temperature</b><br>10-90 percentile<br>4.0 to 8.3 °C","Historical daily maximum<br>9.1 °C<br>1998-05-01","DATE: May-01</b><br>Normal: 6.0 °C<br>Period: 1991-2020","6136699","PORT+WELLER+AUT",1994,2026
"05-01","VPD",2001-05-01,0.840330591446491,0.201146425342269,2.11904274284607,0.497756425184444,0.352710803424205,0.468059788720184,1.18625475004787,1.55448637267364,0.428660762562826,"NA (ECCC AES NA; station_id 7790)",NA,7790,"",5,2001-05-01,"DATE: May-01<br>Value: 0.4 kPa<br>Anomaly: -0.4 kPa<br>Weather station: NA (ECCC AES NA; station_id 7790)","DATE: May-01<br><b>Vapour pressure deficit</b><br>10-90 percentile<br>0.4 to 1.6 kPa","Historical daily maximum<br>2.1 kPa<br>2001-05-01","DATE: May-01</b><br>Normal: 0.8 kPa<br>Period: 1991-2020","6136699","PORT+WELLER+AUT",1994,2026
"05-02","TMAX",2001-05-02,13.68,6.9,25.3,5.13387443035634,8.58,9.7,15.8,22.26,10.1,"NA (ECCC AES NA; station_id 7790)",NA,7790,"",5,2001-05-02,"DATE: May-02<br>Value: 10.1 °C<br>Anomaly: -3.6 °C<br>Weather station: NA (ECCC AES NA; station_id 7790)","DATE: May-02<br><b>Maximum temperature</b><br>10-90 percentile<br>8.6 to 22.3 °C","Historical daily maximum<br>25.3 °C<br>2001-05-02","DATE: May-02</b><br>Normal: 13.7 °C<br>Period: 1991-2020","6136699","PORT+WELLER+AUT",1994,2026
"05-02","TMIN",2001-05-02,6.928,3.6,14.5,2.82319558892637,4.38,5.2,7.4,10.56,3.4,"NA (ECCC AES NA; station_id 7790)",NA,7790,"",5,2018-05-02,"DATE: May-02<br>Value: 3.4 °C<br>Anomaly: -3.5 °C<br>Weather station: NA (ECCC AES NA; station_id 7790)","DATE: May-02<br><b>Minimum temperature</b><br>10-90 percentile<br>4.4 to 10.6 °C","Historical daily maximum<br>14.5 °C<br>2018-05-02","DATE: May-02</b><br>Normal: 6.9 °C<br>Period: 1991-2020","6136699","PORT+WELLER+AUT",1994,2026
"05-02","VPD",2001-05-02,0.631260313201857,0.141875764072253,1.84065380752682,0.460243279238206,0.205085926294652,0.274838667301417,0.867871412930785,1.25179490183488,0.456665861542444,"NA (ECCC AES NA; station_id 7790)",NA,7790,"",5,2001-05-02,"DATE: May-02<br>Value: 0.5 kPa<br>Anomaly: -0.2 kPa<br>Weather station: NA (ECCC AES NA; station_id 7790)","DATE: May-02<br><b>Vapour pressure deficit</b><br>10-90 percentile<br>0.2 to 1.3 kPa","Historical daily maximum<br>1.8 kPa<br>2001-05-02","DATE: May-02</b><br>Normal: 0.6 kPa<br>Period: 1991-2020","6136699","PORT+WELLER+AUT",1994,2026
"05-03","TMAX",2001-05-03,14.212,7.6,27.1,5.2638167394645,8.68,9.7,17,21.46,15,"NA (ECCC AES NA; station_id 7790)",NA,7790,"",5,2001-05-03,"DATE: May-03<br>Value: 15.0 °C<br>Anomaly: +0.8 °C<br>Weather station: NA (ECCC AES NA; station_id 7790)","DATE: May-03<br><b>Maximum temperature</b><br>10-90 percentile<br>8.7 to 21.5 °C","Historical daily maximum<br>27.1 °C<br>2001-05-03","DATE: May-03</b><br>Normal: 14.2 °C<br>Period: 1991-2020","6136699","PORT+WELLER+AUT",1994,2026
"05-03","TMIN",2001-05-03,6.575,3.5,11.9,2.30184236229798,4.12,4.8,7.6,10.25,3.5,"NA (ECCC AES NA; station_id 7790)",NA,7790,"",5,2001-05-03,"DATE: May-03<br>Value: 3.5 °C<br>Anomaly: -3.1 °C<br>Weather station: NA (ECCC AES NA; station_id 7790)","DATE: May-03<br><b>Minimum temperature</b><br>10-90 percentile<br>4.1 to 10.2 °C","Historical daily maximum<br>11.9 °C<br>2001-05-03","DATE: May-03</b><br>Normal: 6.6 °C<br>Period: 1991-2020","6136699","PORT+WELLER+AUT",1994,2026
"05-03","VPD",2001-05-03,0.733080859448603,0.201561690495655,2.19296838848621,0.522868139501746,0.289086016162555,0.354646218981924,1.02561532540238,1.43249583445174,0.920265139450823,"NA (ECCC AES NA; station_id 7790)",NA,7790,"",5,2001-05-03,"DATE: May-03<br>Value: 0.9 kPa<br>Anomaly: +0.2 kPa<br>Weather station: NA (ECCC AES NA; station_id 7790)","DATE: May-03<br><b>Vapour pressure deficit</b><br>10-90 percentile<br>0.3 to 1.4 kPa","Historical daily maximum<br>2.2 kPa<br>2001-05-03","DATE: May-03</b><br>Normal: 0.7 kPa<br>Period: 1991-2020","6136699","PORT+WELLER+AUT",1994,2026
"05-04","TMAX",2001-05-04,14.492,7,25.6,4.99824302463709,10.42,11,17,22.12,20.1,"NA (ECCC AES NA; station_id 7790)",NA,7790,"",5,2001-05-04,"DATE: May-04<br>Value: 20.1 °C<br>Anomaly: +5.6 °C<br>Weather station: NA (ECCC AES NA; station_id 7790)","DATE: May-04<br><b>Maximum temperature</b><br>10-90 percentile<br>10.4 to 22.1 °C","Historical daily maximum<br>25.6 °C<br>2001-05-04","DATE: May-04</b><br>Normal: 14.5 °C<br>Period: 1991-2020","6136699","PORT+WELLER+AUT",1994,2026
"05-04","TMIN",2001-05-04,6.532,2.3,11.8,2.34675662706355,3.92,4.7,8,9.14,10.1,"NA (ECCC AES NA; station_id 7790)",NA,7790,"",5,2010-05-04,"DATE: May-04<br>Value: 10.1 °C<br>Anomaly: +3.6 °C<br>Weather station: NA (ECCC AES NA; station_id 7790)","DATE: May-04<br><b>Minimum temperature</b><br>10-90 percentile<br>3.9 to 9.1 °C","Historical daily maximum<br>11.8 °C<br>2010-05-04","DATE: May-04</b><br>Normal: 6.5 °C<br>Period: 1991-2020","6136699","PORT+WELLER+AUT",1994,2026
"05-04","VPD",2001-05-04,0.746805707164655,0.161765392851237,2.1501303886338,0.53051382727058,0.244514608079513,0.416839322370756,0.826531478490526,1.57083881535028,1.11657960655827,"NA (ECCC AES NA; station_id 7790)",NA,7790,"",5,2001-05-04,"DATE: May-04<br>Value: 1.1 kPa<br>Anomaly: +0.4 kPa<br>Weather station: NA (ECCC AES NA; station_id 7790)","DATE: May-04<br><b>Vapour pressure deficit</b><br>10-90 percentile<br>0.2 to 1.6 kPa","Historical daily maximum<br>2.2 kPa<br>2001-05-04","DATE: May-04</b><br>Normal: 0.7 kPa<br>Period: 1991-2020","6136699","PORT+WELLER+AUT",1994,2026
"05-05","TMAX",2001-05-05,14.268,6.7,25.4,4.97432742522377,9.18,10.6,16.9,20.66,18.1,"NA (ECCC AES NA; station_id 7790)",NA,7790,"",5,2010-05-05,"DATE: May-05<br>Value: 18.1 °C<br>Anomaly: +3.8 °C<br>Weather station: NA (ECCC AES NA; station_id 7790)","DATE: May-05<br><b>Maximum temperature</b><br>10-90 percentile<br>9.2 to 20.7 °C","Historical daily maximum<br>25.4 °C<br>2010-05-05","DATE: May-05</b><br>Normal: 14.3 °C<br>Period: 1991-2020","6136699","PORT+WELLER+AUT",1994,2026
"05-05","TMIN",2001-05-05,6.884,3.1,12.4,2.3623223037229,4.02,5.7,8.3,9.28,7.5,"NA (ECCC AES NA; station_id 7790)",NA,7790,"",5,2010-05-05,"DATE: May-05<br>Value: 7.5 °C<br>Anomaly: +0.6 °C<br>Weather station: NA (ECCC AES NA; station_id 7790)","DATE: May-05<br><b>Minimum temperature</b><br>10-90 percentile<br>4.0 to 9.3 °C","Historical daily maximum<br>12.4 °C<br>2010-05-05","DATE: May-05</b><br>Normal: 6.9 °C<br>Period: 1991-2020","6136699","PORT+WELLER+AUT",1994,2026
"05-05","VPD",2001-05-05,0.697308242146956,0.13907679411842,1.80405328846189,0.48777830939542,0.258158573715077,0.334301005311638,0.952003123418628,1.36472110378879,1.04022269108516,"NA (ECCC AES NA; station_id 7790)",NA,7790,"",5,2010-05-05,"DATE: May-05<br>Value: 1.0 kPa<br>Anomaly: +0.3 kPa<br>Weather station: NA (ECCC AES NA; station_id 7790)","DATE: May-05<br><b>Vapour pressure deficit</b><br>10-90 percentile<br>0.3 to 1.4 kPa","Historical daily maximum<br>1.8 kPa<br>2010-05-05","DATE: May-05</b><br>Normal: 0.7 kPa<br>Period: 1991-2020","6136699","PORT+WELLER+AUT",1994,2026
"05-06","TMAX",2001-05-06,15.032,7.5,28.1,5.42115608826506,9.42,10.9,17.8,21.04,9.3,"NA (ECCC AES NA; station_id 7790)",NA,7790,"",5,2000-05-06,"DATE: May-06<br>Value: 9.3 °C<br>Anomaly: -5.7 °C<br>Weather station: NA (ECCC AES NA; station_id 7790)","DATE: May-06<br><b>Maximum temperature</b><br>10-90 percentile<br>9.4 to 21.0 °C","Historical daily maximum<br>28.1 °C<br>2000-05-06","DATE: May-06</b><br>Normal: 15.0 °C<br>Period: 1991-2020","6136699","PORT+WELLER+AUT",1994,2026
"05-06","TMIN",2001-05-06,7.20416666666667,4.2,14.8,2.39446447977988,4.96,5.875,8.3,9.57,5.2,"NA (ECCC AES NA; station_id 7790)",NA,7790,"",5,2000-05-06,"DATE: May-06<br>Value: 5.2 °C<br>Anomaly: -2.0 °C<br>Weather station: NA (ECCC AES NA; station_id 7790)","DATE: May-06<br><b>Minimum temperature</b><br>10-90 percentile<br>5.0 to 9.6 °C","Historical daily maximum<br>14.8 °C<br>2000-05-06","DATE: May-06</b><br>Normal: 7.2 °C<br>Period: 1991-2020","6136699","PORT+WELLER+AUT",1994,2026
"05-06","VPD",2001-05-06,0.779014515433173,0.10167052425234,2.3910788116668,0.592790260831088,0.27958670793571,0.408170767874588,0.981649511192603,1.55778752101566,0.286971915724292,"NA (ECCC AES NA; station_id 7790)",NA,7790,"",5,1999-05-06,"DATE: May-06<br>Value: 0.3 kPa<br>Anomaly: -0.5 kPa<br>Weather station: NA (ECCC AES NA; station_id 7790)","DATE: May-06<br><b>Vapour pressure deficit</b><br>10-90 percentile<br>0.3 to 1.6 kPa","Historical daily maximum<br>2.4 kPa<br>1999-05-06","DATE: May-06</b><br>Normal: 0.8 kPa<br>Period: 1991-2020","6136699","PORT+WELLER+AUT",1994,2026
"05-07","TMAX",2001-05-07,13.972,7.7,23.9,3.84875737522299,10.14,11.1,15.8,19.46,13.3,"NA (ECCC AES NA; station_id 7790)",NA,7790,"",5,2000-05-07,"DATE: May-07<br>Value: 13.3 °C<br>Anomaly: -0.7 °C<br>Weather station: NA (ECCC AES NA; station_id 7790)","DATE: May-07<br><b>Maximum temperature</b><br>10-90 percentile<br>10.1 to 19.5 °C","Historical daily maximum<br>23.9 °C<br>2000-05-07","DATE: May-07</b><br>Normal: 14.0 °C<br>Period: 1991-2020","6136699","PORT+WELLER+AUT",1994,2026
"05-07","TMIN",2001-05-07,7.248,4.1,15.3,2.5805554957541,4.82,5.7,8.1,10.42,4.7,"NA (ECCC AES NA; station_id 7790)",NA,7790,"",5,2000-05-07,"DATE: May-07<br>Value: 4.7 °C<br>Anomaly: -2.5 °C<br>Weather station: NA (ECCC AES NA; station_id 7790)","DATE: May-07<br><b>Minimum temperature</b><br>10-90 percentile<br>4.8 to 10.4 °C","Historical daily maximum<br>15.3 °C<br>2000-05-07","DATE: May-07</b><br>Normal: 7.2 °C<br>Period: 1991-2020","6136699","PORT+WELLER+AUT",1994,2026
"05-07","VPD",2001-05-07,0.606265562839699,0.196834491292891,1.28485387528258,0.326521182635596,0.270983900958583,0.333564247781966,0.865240063483108,1.10107309125339,0.673206346973224,"NA (ECCC AES NA; station_id 7790)",NA,7790,"",5,2025-05-07,"DATE: May-07<br>Value: 0.7 kPa<br>Anomaly: +0.1 kPa<br>Weather station: NA (ECCC AES NA; station_id 7790)","DATE: May-07<br><b>Vapour pressure deficit</b><br>10-90 percentile<br>0.3 to 1.1 kPa","Historical daily maximum<br>1.3 kPa<br>2025-05-07","DATE: May-07</b><br>Normal: 0.6 kPa<br>Period: 1991-2020","6136699","PORT+WELLER+AUT",1994,2026
"05-08","TMAX",2001-05-08,14.396,6.1,25.5,4.99687235511708,9.58,10.2,17,22.18,14.3,"NA (ECCC AES NA; station_id 7790)",NA,7790,"",5,2000-05-08,"DATE: May-08<br>Value: 14.3 °C<br>Anomaly: -0.1 °C<br>Weather station: NA (ECCC AES NA; station_id 7790)","DATE: May-08<br><b>Maximum temperature</b><br>10-90 percentile<br>9.6 to 22.2 °C","Historical daily maximum<br>25.5 °C<br>2000-05-08","DATE: May-08</b><br>Normal: 14.4 °C<br>Period: 1991-2020","6136699","PORT+WELLER+AUT",1994,2026
"05-08","TMIN",2001-05-08,7.176,1.1,16.7,3.13571894999111,4.58,5.1,8.7,10.84,5.2,"NA (ECCC AES NA; station_id 7790)",NA,7790,"",5,2000-05-08,"DATE: May-08<br>Value: 5.2 °C<br>Anomaly: -2.0 °C<br>Weather station: NA (ECCC AES NA; station_id 7790)","DATE: May-08<br><b>Minimum temperature</b><br>10-90 percentile<br>4.6 to 10.8 °C","Historical daily maximum<br>16.7 °C<br>2000-05-08","DATE: May-08</b><br>Normal: 7.2 °C<br>Period: 1991-2020","6136699","PORT+WELLER+AUT",1994,2026
"05-08","VPD",2001-05-08,0.681889254925938,0.177930900543713,1.83829261541398,0.455403891398651,0.264941193219536,0.349208241687571,0.726812977399665,1.44600839146354,0.745429517768356,"NA (ECCC AES NA; station_id 7790)",NA,7790,"",5,2007-05-08,"DATE: May-08<br>Value: 0.7 kPa<br>Anomaly: +0.1 kPa<br>Weather station: NA (ECCC AES NA; station_id 7790)","DATE: May-08<br><b>Vapour pressure deficit</b><br>10-90 percentile<br>0.3 to 1.4 kPa","Historical daily maximum<br>1.8 kPa<br>2007-05-08","DATE: May-08</b><br>Normal: 0.7 kPa<br>Period: 1991-2020","6136699","PORT+WELLER+AUT",1994,2026
"05-09","TMAX",2001-05-09,15.552,7.5,26.1,5.28055552633117,9.74,10.5,19.8,22.26,17.6,"NA (ECCC AES NA; station_id 7790)",NA,7790,"",5,2014-05-09,"DATE: May-09<br>Value: 17.6 °C<br>Anomaly: +2.0 °C<br>Weather station: NA (ECCC AES NA; station_id 7790)","DATE: May-09<br><b>Maximum temperature</b><br>10-90 percentile<br>9.7 to 22.3 °C","Historical daily maximum<br>26.1 °C<br>2014-05-09","DATE: May-09</b><br>Normal: 15.6 °C<br>Period: 1991-2020","6136699","PORT+WELLER+AUT",1994,2026
"05-09","TMIN",2001-05-09,7.224,0,14.1,2.74640370909547,4.64,5.8,8.8,9.82,7.3,"NA (ECCC AES NA; station_id 7790)",NA,7790,"",5,2000-05-09,"DATE: May-09<br>Value: 7.3 °C<br>Anomaly: +0.1 °C<br>Weather station: NA (ECCC AES NA; station_id 7790)","DATE: May-09<br><b>Minimum temperature</b><br>10-90 percentile<br>4.6 to 9.8 °C","Historical daily maximum<br>14.1 °C<br>2000-05-09","DATE: May-09</b><br>Normal: 7.2 °C<br>Period: 1991-2020","6136699","PORT+WELLER+AUT",1994,2026
"05-09","VPD",2001-05-09,0.821872109843772,0.157981720150777,2.43322526739277,0.547633487538865,0.32282892634544,0.391298038005616,1.12882973238827,1.50708549352386,0.989961767559911,"NA (ECCC AES NA; station_id 7790)",NA,7790,"",5,2014-05-09,"DATE: May-09<br>Value: 1.0 kPa<br>Anomaly: +0.2 kPa<br>Weather station: NA (ECCC AES NA; station_id 7790)","DATE: May-09<br><b>Vapour pressure deficit</b><br>10-90 percentile<br>0.3 to 1.5 kPa","Historical daily maximum<br>2.4 kPa<br>2014-05-09","DATE: May-09</b><br>Normal: 0.8 kPa<br>Period: 1991-2020","6136699","PORT+WELLER+AUT",1994,2026
"05-10","TMAX",2001-05-10,16.06,8.1,25.1,4.85575260215482,10.5,11.1,19.5,22.32,13.7,"NA (ECCC AES NA; station_id 7790)",NA,7790,"",5,2001-05-10,"DATE: May-10<br>Value: 13.7 °C<br>Anomaly: -2.4 °C<br>Weather station: NA (ECCC AES NA; station_id 7790)","DATE: May-10<br><b>Maximum temperature</b><br>10-90 percentile<br>10.5 to 22.3 °C","Historical daily maximum<br>25.1 °C<br>2001-05-10","DATE: May-10</b><br>Normal: 16.1 °C<br>Period: 1991-2020","6136699","PORT+WELLER+AUT",1994,2026
"05-10","TMIN",2001-05-10,7.556,4,11.4,1.87884716426501,5.72,6.2,8.5,9.9,6,"NA (ECCC AES NA; station_id 7790)",NA,7790,"",5,2013-05-10,"DATE: May-10<br>Value: 6.0 °C<br>Anomaly: -1.6 °C<br>Weather station: NA (ECCC AES NA; station_id 7790)","DATE: May-10<br><b>Minimum temperature</b><br>10-90 percentile<br>5.7 to 9.9 °C","Historical daily maximum<br>11.4 °C<br>2013-05-10","DATE: May-10</b><br>Normal: 7.6 °C<br>Period: 1991-2020","6136699","PORT+WELLER+AUT",1994,2026
"05-10","VPD",2001-05-10,0.851805038892676,0.101707297484621,1.8739816230992,0.513891644893336,0.285684637494962,0.360254683000012,1.22794679601864,1.54233893760981,0.632637965813158,"NA (ECCC AES NA; station_id 7790)",NA,7790,"",5,2001-05-10,"DATE: May-10<br>Value: 0.6 kPa<br>Anomaly: -0.2 kPa<br>Weather station: NA (ECCC AES NA; station_id 7790)","DATE: May-10<br><b>Vapour pressure deficit</b><br>10-90 percentile<br>0.3 to 1.5 kPa","Historical daily maximum<br>1.9 kPa<br>2001-05-10","DATE: May-10</b><br>Normal: 0.9 kPa<br>Period: 1991-2020","6136699","PORT+WELLER+AUT",1994,2026
"05-11","TMAX",2001-05-11,15.232,6.3,22.4,5.02557791038338,9.9,11.2,20.5,21.86,12,"NA (ECCC AES NA; station_id 7790)",NA,7790,"",5,2023-05-11,"DATE: May-11<br>Value: 12.0 °C<br>Anomaly: -3.2 °C<br>Weather station: NA (ECCC AES NA; station_id 7790)","DATE: May-11<br><b>Maximum temperature</b><br>10-90 percentile<br>9.9 to 21.9 °C","Historical daily maximum<br>22.4 °C<br>2023-05-11","DATE: May-11</b><br>Normal: 15.2 °C<br>Period: 1991-2020","6136699","PORT+WELLER+AUT",1994,2026
"05-11","TMIN",2001-05-11,7.42916666666667,3.2,11.6,2.23985231785426,4.61,5.675,8.75,10.47,6.6,"NA (ECCC AES NA; station_id 7790)",NA,7790,"",5,2001-05-11,"DATE: May-11<br>Value: 6.6 °C<br>Anomaly: -0.8 °C<br>Weather station: NA (ECCC AES NA; station_id 7790)","DATE: May-11<br><b>Minimum temperature</b><br>10-90 percentile<br>4.6 to 10.5 °C","Historical daily maximum<br>11.6 °C<br>2001-05-11","DATE: May-11</b><br>Normal: 7.4 °C<br>Period: 1991-2020","6136699","PORT+WELLER+AUT",1994,2026
"05-11","VPD",2001-05-11,0.76987676848319,0.124115752181805,1.67230247757004,0.512603542417305,0.184420182455596,0.334152353101408,1.27177584050833,1.42491272834706,0.42789241641631,"NA (ECCC AES NA; station_id 7790)",NA,7790,"",5,2023-05-11,"DATE: May-11<br>Value: 0.4 kPa<br>Anomaly: -0.3 kPa<br>Weather station: NA (ECCC AES NA; station_id 7790)","DATE: May-11<br><b>Vapour pressure deficit</b><br>10-90 percentile<br>0.2 to 1.4 kPa","Historical daily maximum<br>1.7 kPa<br>2023-05-11","DATE: May-11</b><br>Normal: 0.8 kPa<br>Period: 1991-2020","6136699","PORT+WELLER+AUT",1994,2026
"05-12","TMAX",2001-05-12,13.0166666666667,7.1,25,4.65988119522625,9.16,10.075,14.675,18.85,10.5,"NA (ECCC AES NA; station_id 7790)",NA,7790,"",5,2023-05-12,"DATE: May-12<br>Value: 10.5 °C<br>Anomaly: -2.5 °C<br>Weather station: NA (ECCC AES NA; station_id 7790)","DATE: May-12<br><b>Maximum temperature</b><br>10-90 percentile<br>9.2 to 18.8 °C","Historical daily maximum<br>25.0 °C<br>2023-05-12","DATE: May-12</b><br>Normal: 13.0 °C<br>Period: 1991-2020","6136699","PORT+WELLER+AUT",1994,2026
"05-12","TMIN",2001-05-12,7.20416666666667,2.9,12,2.07542120746749,4.77,6.475,8.1,9.31,4.3,"NA (ECCC AES NA; station_id 7790)",NA,7790,"",5,2023-05-12,"DATE: May-12<br>Value: 4.3 °C<br>Anomaly: -2.9 °C<br>Weather station: NA (ECCC AES NA; station_id 7790)","DATE: May-12<br><b>Minimum temperature</b><br>10-90 percentile<br>4.8 to 9.3 °C","Historical daily maximum<br>12.0 °C<br>2023-05-12","DATE: May-12</b><br>Normal: 7.2 °C<br>Period: 1991-2020","6136699","PORT+WELLER+AUT",1994,2026
"05-12","VPD",2001-05-12,0.55093109797179,0.166428903345731,1.86376396491588,0.444280031868708,0.192228983950284,0.24586983833372,0.643912503839588,1.08339953333317,0.439122762876573,"NA (ECCC AES NA; station_id 7790)",NA,7790,"",5,2004-05-12,"DATE: May-12<br>Value: 0.4 kPa<br>Anomaly: -0.1 kPa<br>Weather station: NA (ECCC AES NA; station_id 7790)","DATE: May-12<br><b>Vapour pressure deficit</b><br>10-90 percentile<br>0.2 to 1.1 kPa","Historical daily maximum<br>1.9 kPa<br>2004-05-12","DATE: May-12</b><br>Normal: 0.6 kPa<br>Period: 1991-2020","6136699","PORT+WELLER+AUT",1994,2026
"05-13","TMAX",2001-05-13,13.9625,6.3,22.9,4.03515125517916,9.11,11.45,17.3,18.31,17.3,"NA (ECCC AES NA; station_id 7790)",NA,7790,"",5,2024-05-13,"DATE: May-13<br>Value: 17.3 °C<br>Anomaly: +3.3 °C<br>Weather station: NA (ECCC AES NA; station_id 7790)","DATE: May-13<br><b>Maximum temperature</b><br>10-90 percentile<br>9.1 to 18.3 °C","Historical daily maximum<br>22.9 °C<br>2024-05-13","DATE: May-13</b><br>Normal: 14.0 °C<br>Period: 1991-2020","6136699","PORT+WELLER+AUT",1994,2026
"05-13","TMIN",2001-05-13,7.10416666666667,2.7,11.1,2.30396240282327,4.17,5.875,8.525,10.56,7.7,"NA (ECCC AES NA; station_id 7790)",NA,7790,"",5,2024-05-13,"DATE: May-13<br>Value: 7.7 °C<br>Anomaly: +0.6 °C<br>Weather station: NA (ECCC AES NA; station_id 7790)","DATE: May-13<br><b>Minimum temperature</b><br>10-90 percentile<br>4.2 to 10.6 °C","Historical daily maximum<br>11.1 °C<br>2024-05-13","DATE: May-13</b><br>Normal: 7.1 °C<br>Period: 1991-2020","6136699","PORT+WELLER+AUT",1994,2026
"05-13","VPD",2001-05-13,0.621853600775355,0.0945024671071556,1.47102426690199,0.331639607993431,0.20515169009934,0.403589678991628,0.829975267157442,0.970011704495772,0.923831000975838,"NA (ECCC AES NA; station_id 7790)",NA,7790,"",5,2004-05-13,"DATE: May-13<br>Value: 0.9 kPa<br>Anomaly: +0.3 kPa<br>Weather station: NA (ECCC AES NA; station_id 7790)","DATE: May-13<br><b>Vapour pressure deficit</b><br>10-90 percentile<br>0.2 to 1.0 kPa","Historical daily maximum<br>1.5 kPa<br>2004-05-13","DATE: May-13</b><br>Normal: 0.6 kPa<br>Period: 1991-2020","6136699","PORT+WELLER+AUT",1994,2026
"05-14","TMAX",2001-05-14,15.8333333333333,9.4,26.7,4.57418718526003,10.4,12.275,18.925,21.9,8.5,"NA (ECCC AES NA; station_id 7790)",NA,7790,"",5,2004-05-14,"DATE: May-14<br>Value: 8.5 °C<br>Anomaly: -7.3 °C<br>Weather station: NA (ECCC AES NA; station_id 7790)","DATE: May-14<br><b>Maximum temperature</b><br>10-90 percentile<br>10.4 to 21.9 °C","Historical daily maximum<br>26.7 °C<br>2004-05-14","DATE: May-14</b><br>Normal: 15.8 °C<br>Period: 1991-2020","6136699","PORT+WELLER+AUT",1994,2026
"05-14","TMIN",2001-05-14,7.66,4.7,11.7,2.00831604418561,5.3,5.9,9,10.4,6.3,"NA (ECCC AES NA; station_id 7790)",NA,7790,"",5,2004-05-14,"DATE: May-14<br>Value: 6.3 °C<br>Anomaly: -1.4 °C<br>Weather station: NA (ECCC AES NA; station_id 7790)","DATE: May-14<br><b>Minimum temperature</b><br>10-90 percentile<br>5.3 to 10.4 °C","Historical daily maximum<br>11.7 °C<br>2004-05-14","DATE: May-14</b><br>Normal: 7.7 °C<br>Period: 1991-2020","6136699","PORT+WELLER+AUT",1994,2026
"05-14","VPD",2001-05-14,0.80995356166999,0.20770027331386,2.12801005853042,0.48019274993792,0.270881541135083,0.484475823800837,1.10177267549813,1.44085402635661,0.155143010289622,"NA (ECCC AES NA; station_id 7790)",NA,7790,"",5,2004-05-14,"DATE: May-14<br>Value: 0.2 kPa<br>Anomaly: -0.7 kPa<br>Weather station: NA (ECCC AES NA; station_id 7790)","DATE: May-14<br><b>Vapour pressure deficit</b><br>10-90 percentile<br>0.3 to 1.4 kPa","Historical daily maximum<br>2.1 kPa<br>2004-05-14","DATE: May-14</b><br>Normal: 0.8 kPa<br>Period: 1991-2020","6136699","PORT+WELLER+AUT",1994,2026
"05-15","TMAX",2001-05-15,16.648,8.5,26.5,4.51341703516674,11.22,13.2,19,22.08,19.8,"NA (ECCC AES NA; station_id 7790)",NA,7790,"",5,2022-05-15,"DATE: May-15<br>Value: 19.8 °C<br>Anomaly: +3.2 °C<br>Weather station: NA (ECCC AES NA; station_id 7790)","DATE: May-15<br><b>Maximum temperature</b><br>10-90 percentile<br>11.2 to 22.1 °C","Historical daily maximum<br>26.5 °C<br>2022-05-15","DATE: May-15</b><br>Normal: 16.6 °C<br>Period: 1991-2020","6136699","PORT+WELLER+AUT",1994,2026
"05-15","TMIN",2001-05-15,8.15384615384615,4.9,15.5,2.2448573708333,5.85,6.85,9.1,10.6,6.2,"NA (ECCC AES NA; station_id 7790)",NA,7790,"",5,1998-05-15,"DATE: May-15<br>Value: 6.2 °C<br>Anomaly: -2.0 °C<br>Weather station: NA (ECCC AES NA; station_id 7790)","DATE: May-15<br><b>Minimum temperature</b><br>10-90 percentile<br>5.8 to 10.6 °C","Historical daily maximum<br>15.5 °C<br>1998-05-15","DATE: May-15</b><br>Normal: 8.2 °C<br>Period: 1991-2020","6136699","PORT+WELLER+AUT",1994,2026
"05-15","VPD",2001-05-15,0.869405899087491,0.215311265635809,2.11405438763434,0.488272695303209,0.388279716156143,0.467370116126053,1.14634746666319,1.50586976454785,1.36135170503746,"NA (ECCC AES NA; station_id 7790)",NA,7790,"",5,2022-05-15,"DATE: May-15<br>Value: 1.4 kPa<br>Anomaly: +0.5 kPa<br>Weather station: NA (ECCC AES NA; station_id 7790)","DATE: May-15<br><b>Vapour pressure deficit</b><br>10-90 percentile<br>0.4 to 1.5 kPa","Historical daily maximum<br>2.1 kPa<br>2022-05-15","DATE: May-15</b><br>Normal: 0.9 kPa<br>Period: 1991-2020","6136699","PORT+WELLER+AUT",1994,2026
"05-16","TMAX",2001-05-16,15.276,8,24.7,4.40400196790752,10.5,11.8,17.6,20.32,22.5,"NA (ECCC AES NA; station_id 7790)",NA,7790,"",5,2025-05-16,"DATE: May-16<br>Value: 22.5 °C<br>Anomaly: +7.2 °C<br>Weather station: NA (ECCC AES NA; station_id 7790)","DATE: May-16<br><b>Maximum temperature</b><br>10-90 percentile<br>10.5 to 20.3 °C","Historical daily maximum<br>24.7 °C<br>2025-05-16","DATE: May-16</b><br>Normal: 15.3 °C<br>Period: 1991-2020","6136699","PORT+WELLER+AUT",1994,2026
"05-16","TMIN",2001-05-16,7.82,5.3,14.5,1.92937813815747,5.82,6.7,8.5,9.66,11.9,"NA (ECCC AES NA; station_id 7790)",NA,7790,"",5,1998-05-16,"DATE: May-16<br>Value: 11.9 °C<br>Anomaly: +4.1 °C<br>Weather station: NA (ECCC AES NA; station_id 7790)","DATE: May-16<br><b>Minimum temperature</b><br>10-90 percentile<br>5.8 to 9.7 °C","Historical daily maximum<br>14.5 °C<br>1998-05-16","DATE: May-16</b><br>Normal: 7.8 °C<br>Period: 1991-2020","6136699","PORT+WELLER+AUT",1994,2026
"05-16","VPD",2001-05-16,0.728175846756757,0.104791699064342,2.05336649640055,0.448708264256444,0.281198231518772,0.358004258506413,0.973018432222019,1.22081104948689,1.33224542874062,"NA (ECCC AES NA; station_id 7790)",NA,7790,"",5,2015-05-16,"DATE: May-16<br>Value: 1.3 kPa<br>Anomaly: +0.6 kPa<br>Weather station: NA (ECCC AES NA; station_id 7790)","DATE: May-16<br><b>Vapour pressure deficit</b><br>10-90 percentile<br>0.3 to 1.2 kPa","Historical daily maximum<br>2.1 kPa<br>2015-05-16","DATE: May-16</b><br>Normal: 0.7 kPa<br>Period: 1991-2020","6136699","PORT+WELLER+AUT",1994,2026
"05-17","TMAX",2001-05-17,15.2541666666667,9.9,28.3,4.81022273430485,10.7,11.775,17.5,20.85,26.9,"NA (ECCC AES NA; station_id 7790)",NA,7790,"",5,1999-05-17,"DATE: May-17<br>Value: 26.9 °C<br>Anomaly: +11.6 °C<br>Weather station: NA (ECCC AES NA; station_id 7790)","DATE: May-17<br><b>Maximum temperature</b><br>10-90 percentile<br>10.7 to 20.8 °C","Historical daily maximum<br>28.3 °C<br>1999-05-17","DATE: May-17</b><br>Normal: 15.3 °C<br>Period: 1991-2020","6136699","PORT+WELLER+AUT",1994,2026
"05-17","TMIN",2001-05-17,7.72,2.1,15.7,2.46356787336308,5.34,6.6,8.7,9.32,11,"NA (ECCC AES NA; station_id 7790)",NA,7790,"",5,1998-05-17,"DATE: May-17<br>Value: 11.0 °C<br>Anomaly: +3.3 °C<br>Weather station: NA (ECCC AES NA; station_id 7790)","DATE: May-17<br><b>Minimum temperature</b><br>10-90 percentile<br>5.3 to 9.3 °C","Historical daily maximum<br>15.7 °C<br>1998-05-17","DATE: May-17</b><br>Normal: 7.7 °C<br>Period: 1991-2020","6136699","PORT+WELLER+AUT",1994,2026
"05-17","VPD",2001-05-17,0.744074880322977,0.238351662928441,2.60194421699939,0.557988335568638,0.304907555386836,0.384872902052402,0.840039228474009,1.18425424857302,2.23176253170321,"NA (ECCC AES NA; station_id 7790)",NA,7790,"",5,1999-05-17,"DATE: May-17<br>Value: 2.2 kPa<br>Anomaly: +1.5 kPa<br>Weather station: NA (ECCC AES NA; station_id 7790)","DATE: May-17<br><b>Vapour pressure deficit</b><br>10-90 percentile<br>0.3 to 1.2 kPa","Historical daily maximum<br>2.6 kPa<br>1999-05-17","DATE: May-17</b><br>Normal: 0.7 kPa<br>Period: 1991-2020","6136699","PORT+WELLER+AUT",1994,2026
"05-18","TMAX",2001-05-18,16.64,8.7,28.5,5.82322934461627,10.24,12.7,19.2,26.3,28.2,"NA (ECCC AES NA; station_id 7790)",NA,7790,"",5,1999-05-18,"DATE: May-18<br>Value: 28.2 °C<br>Anomaly: +11.6 °C<br>Weather station: NA (ECCC AES NA; station_id 7790)","DATE: May-18<br><b>Maximum temperature</b><br>10-90 percentile<br>10.2 to 26.3 °C","Historical daily maximum<br>28.5 °C<br>1999-05-18","DATE: May-18</b><br>Normal: 16.6 °C<br>Period: 1991-2020","6136699","PORT+WELLER+AUT",1994,2026
"05-18","TMIN",2001-05-18,8.416,4.9,14.7,2.687266268906,5.22,6.7,9.5,11.98,8.6,"NA (ECCC AES NA; station_id 7790)",NA,7790,"",5,1998-05-18,"DATE: May-18<br>Value: 8.6 °C<br>Anomaly: +0.2 °C<br>Weather station: NA (ECCC AES NA; station_id 7790)","DATE: May-18<br><b>Minimum temperature</b><br>10-90 percentile<br>5.2 to 12.0 °C","Historical daily maximum<br>14.7 °C<br>1998-05-18","DATE: May-18</b><br>Normal: 8.4 °C<br>Period: 1991-2020","6136699","PORT+WELLER+AUT",1994,2026
"05-18","VPD",2001-05-18,0.891296770140689,0.180098937614041,2.32912465337901,0.658297080980692,0.242952531361219,0.361985970265985,1.09232033719471,1.94314539796033,2.7067684092827,"NA (ECCC AES NA; station_id 7790)",NA,7790,"",5,2026-05-18,"DATE: May-18<br>Value: 2.7 kPa<br>Anomaly: +1.8 kPa<br>Weather station: NA (ECCC AES NA; station_id 7790)","DATE: May-18<br><b>Vapour pressure deficit</b><br>10-90 percentile<br>0.2 to 1.9 kPa","Historical daily maximum<br>2.3 kPa<br>2026-05-18","DATE: May-18</b><br>Normal: 0.9 kPa<br>Period: 1991-2020","6136699","PORT+WELLER+AUT",1994,2026
"05-19","TMAX",2001-05-19,16.7458333333333,8.9,27.7,5.40941041283546,10.21,11.625,20.5,23.46,27.4,"NA (ECCC AES NA; station_id 7790)",NA,7790,"",5,1998-05-19,"DATE: May-19<br>Value: 27.4 °C<br>Anomaly: +10.7 °C<br>Weather station: NA (ECCC AES NA; station_id 7790)","DATE: May-19<br><b>Maximum temperature</b><br>10-90 percentile<br>10.2 to 23.5 °C","Historical daily maximum<br>27.7 °C<br>1998-05-19","DATE: May-19</b><br>Normal: 16.7 °C<br>Period: 1991-2020","6136699","PORT+WELLER+AUT",1994,2026
"05-19","TMIN",2001-05-19,8.71666666666667,4.1,15.7,2.68468549962264,5.62,6.85,9.7,10.95,15,"NA (ECCC AES NA; station_id 7790)",NA,7790,"",5,1998-05-19,"DATE: May-19<br>Value: 15.0 °C<br>Anomaly: +6.3 °C<br>Weather station: NA (ECCC AES NA; station_id 7790)","DATE: May-19<br><b>Minimum temperature</b><br>10-90 percentile<br>5.6 to 10.9 °C","Historical daily maximum<br>15.7 °C<br>1998-05-19","DATE: May-19</b><br>Normal: 8.7 °C<br>Period: 1991-2020","6136699","PORT+WELLER+AUT",1994,2026
"05-19","VPD",2001-05-19,0.861675297378261,0.211393862804898,1.93066754969267,0.547599608437229,0.264498111001092,0.390333213162193,1.25919777197185,1.64305472203098,1.94452142786743,"NA (ECCC AES NA; station_id 7790)",NA,7790,"",5,2026-05-19,"DATE: May-19<br>Value: 1.9 kPa<br>Anomaly: +1.1 kPa<br>Weather station: NA (ECCC AES NA; station_id 7790)","DATE: May-19<br><b>Vapour pressure deficit</b><br>10-90 percentile<br>0.3 to 1.6 kPa","Historical daily maximum<br>1.9 kPa<br>2026-05-19","DATE: May-19</b><br>Normal: 0.9 kPa<br>Period: 1991-2020","6136699","PORT+WELLER+AUT",1994,2026
"05-20","TMAX",2001-05-20,17.3833333333333,8.3,26.9,4.98630007177638,10.93,13.95,19.925,24.21,18.4,"NA (ECCC AES NA; station_id 7790)",NA,7790,"",5,2010-05-20,"DATE: May-20<br>Value: 18.4 °C<br>Anomaly: +1.0 °C<br>Weather station: NA (ECCC AES NA; station_id 7790)","DATE: May-20<br><b>Maximum temperature</b><br>10-90 percentile<br>10.9 to 24.2 °C","Historical daily maximum<br>26.9 °C<br>2010-05-20","DATE: May-20</b><br>Normal: 17.4 °C<br>Period: 1991-2020","6136699","PORT+WELLER+AUT",1994,2026
"05-20","TMIN",2001-05-20,9.07083333333333,3.9,15.1,2.58532298321433,6.13,7.475,9.75,12.72,8.1,"NA (ECCC AES NA; station_id 7790)",NA,7790,"",5,1998-05-20,"DATE: May-20<br>Value: 8.1 °C<br>Anomaly: -1.0 °C<br>Weather station: NA (ECCC AES NA; station_id 7790)","DATE: May-20<br><b>Minimum temperature</b><br>10-90 percentile<br>6.1 to 12.7 °C","Historical daily maximum<br>15.1 °C<br>1998-05-20","DATE: May-20</b><br>Normal: 9.1 °C<br>Period: 1991-2020","6136699","PORT+WELLER+AUT",1994,2026
"05-20","VPD",2001-05-20,0.900716115933033,0.146749498891067,2.11392526639683,0.529239428120998,0.308523110655403,0.475770822033116,1.23052019694507,1.64680698280506,1.03637767971488,"NA (ECCC AES NA; station_id 7790)",NA,7790,"",5,2010-05-20,"DATE: May-20<br>Value: 1.0 kPa<br>Anomaly: +0.1 kPa<br>Weather station: NA (ECCC AES NA; station_id 7790)","DATE: May-20<br><b>Vapour pressure deficit</b><br>10-90 percentile<br>0.3 to 1.6 kPa","Historical daily maximum<br>2.1 kPa<br>2010-05-20","DATE: May-20</b><br>Normal: 0.9 kPa<br>Period: 1991-2020","6136699","PORT+WELLER+AUT",1994,2026
"05-21","TMAX",2001-05-21,17.0608695652174,10.1,24.8,4.07294165867137,12.62,14.15,19.5,22.66,13,"NA (ECCC AES NA; station_id 7790)",NA,7790,"",5,2021-05-21,"DATE: May-21<br>Value: 13.0 °C<br>Anomaly: -4.1 °C<br>Weather station: NA (ECCC AES NA; station_id 7790)","DATE: May-21<br><b>Maximum temperature</b><br>10-90 percentile<br>12.6 to 22.7 °C","Historical daily maximum<br>24.8 °C<br>2021-05-21","DATE: May-21</b><br>Normal: 17.1 °C<br>Period: 1991-2020","6136699","PORT+WELLER+AUT",1994,2026
"05-21","TMIN",2001-05-21,8.93333333333333,5.2,13.9,2.41618935816147,5.66,7.275,10.925,11.41,6.9,"NA (ECCC AES NA; station_id 7790)",NA,7790,"",5,2024-05-21,"DATE: May-21<br>Value: 6.9 °C<br>Anomaly: -2.0 °C<br>Weather station: NA (ECCC AES NA; station_id 7790)","DATE: May-21<br><b>Minimum temperature</b><br>10-90 percentile<br>5.7 to 11.4 °C","Historical daily maximum<br>13.9 °C<br>2024-05-21","DATE: May-21</b><br>Normal: 8.9 °C<br>Period: 1991-2020","6136699","PORT+WELLER+AUT",1994,2026
"05-21","VPD",2001-05-21,0.838624618139557,0.332986335016567,1.54197487469288,0.402976096435162,0.350726247097899,0.588114124718567,1.10923481853215,1.49230735398335,0.502771092643894,"NA (ECCC AES NA; station_id 7790)",NA,7790,"",5,2021-05-21,"DATE: May-21<br>Value: 0.5 kPa<br>Anomaly: -0.3 kPa<br>Weather station: NA (ECCC AES NA; station_id 7790)","DATE: May-21<br><b>Vapour pressure deficit</b><br>10-90 percentile<br>0.4 to 1.5 kPa","Historical daily maximum<br>1.5 kPa<br>2021-05-21","DATE: May-21</b><br>Normal: 0.8 kPa<br>Period: 1991-2020","6136699","PORT+WELLER+AUT",1994,2026
"05-22","TMAX",2001-05-22,16.8,11.3,28.2,4.24725401485085,11.66,13.6,18.9,21.92,14,"NA (ECCC AES NA; station_id 7790)",NA,7790,"",5,2013-05-22,"DATE: May-22<br>Value: 14.0 °C<br>Anomaly: -2.8 °C<br>Weather station: NA (ECCC AES NA; station_id 7790)","DATE: May-22<br><b>Maximum temperature</b><br>10-90 percentile<br>11.7 to 21.9 °C","Historical daily maximum<br>28.2 °C<br>2013-05-22","DATE: May-22</b><br>Normal: 16.8 °C<br>Period: 1991-2020","6136699","PORT+WELLER+AUT",1994,2026
"05-22","TMIN",2001-05-22,9.308,5.3,13.9,2.41676781397524,5.88,7.4,11.3,11.9,8.6,"NA (ECCC AES NA; station_id 7790)",NA,7790,"",5,2021-05-22,"DATE: May-22<br>Value: 8.6 °C<br>Anomaly: -0.7 °C<br>Weather station: NA (ECCC AES NA; station_id 7790)","DATE: May-22<br><b>Minimum temperature</b><br>10-90 percentile<br>5.9 to 11.9 °C","Historical daily maximum<br>13.9 °C<br>2021-05-22","DATE: May-22</b><br>Normal: 9.3 °C<br>Period: 1991-2020","6136699","PORT+WELLER+AUT",1994,2026
"05-22","VPD",2001-05-22,0.789828285053884,0.287838342936591,2.4581761724829,0.48066508733263,0.344075150831607,0.455231229072498,0.996301304886373,1.14049288776388,0.481201250653938,"NA (ECCC AES NA; station_id 7790)",NA,7790,"",5,2013-05-22,"DATE: May-22<br>Value: 0.5 kPa<br>Anomaly: -0.3 kPa<br>Weather station: NA (ECCC AES NA; station_id 7790)","DATE: May-22<br><b>Vapour pressure deficit</b><br>10-90 percentile<br>0.3 to 1.1 kPa","Historical daily maximum<br>2.5 kPa<br>2013-05-22","DATE: May-22</b><br>Normal: 0.8 kPa<br>Period: 1991-2020","6136699","PORT+WELLER+AUT",1994,2026
"05-23","TMAX",2001-05-23,18.2125,10.5,24.4,3.86380219360468,13.75,16.075,21.4,22.8,14.9,"PORT WELLER (AUT) (ECCC AES 6136699; station_id 7790)","6136699",7790,"PORT WELLER (AUT)",5,2018-05-23,"DATE: May-23<br>Value: 14.9 °C<br>Anomaly: -3.3 °C<br>Weather station: PORT WELLER (AUT) (ECCC AES 6136699; station_id 7790)","DATE: May-23<br><b>Maximum temperature</b><br>10-90 percentile<br>13.8 to 22.8 °C","Historical daily maximum<br>24.4 °C<br>2018-05-23","DATE: May-23</b><br>Normal: 18.2 °C<br>Period: 1991-2020","6136699","PORT+WELLER+AUT",1994,2026
"05-23","TMIN",2001-05-23,9.775,4.7,15.1,2.6556338799518,6.5,7.95,11.875,12.64,7.4,"PORT WELLER (AUT) (ECCC AES 6136699; station_id 7790)","6136699",7790,"PORT WELLER (AUT)",5,2021-05-23,"DATE: May-23<br>Value: 7.4 °C<br>Anomaly: -2.4 °C<br>Weather station: PORT WELLER (AUT) (ECCC AES 6136699; station_id 7790)","DATE: May-23<br><b>Minimum temperature</b><br>10-90 percentile<br>6.5 to 12.6 °C","Historical daily maximum<br>15.1 °C<br>2021-05-23","DATE: May-23</b><br>Normal: 9.8 °C<br>Period: 1991-2020","6136699","PORT+WELLER+AUT",1994,2026
"05-23","VPD",2001-05-23,0.916904430300032,0.15231328252283,1.79504505998254,0.491324812731195,0.275294789603008,0.579213948511597,1.35525083104649,1.51036054045924,0.664686923772741,"PORT WELLER (AUT) (ECCC AES 6136699; station_id 7790)","6136699",7790,"PORT WELLER (AUT)",5,2018-05-23,"DATE: May-23<br>Value: 0.7 kPa<br>Anomaly: -0.3 kPa<br>Weather station: PORT WELLER (AUT) (ECCC AES 6136699; station_id 7790)","DATE: May-23<br><b>Vapour pressure deficit</b><br>10-90 percentile<br>0.3 to 1.5 kPa","Historical daily maximum<br>1.8 kPa<br>2018-05-23","DATE: May-23</b><br>Normal: 0.9 kPa<br>Period: 1991-2020","6136699","PORT+WELLER+AUT",1994,2026
"05-24","TMAX",2001-05-24,19.244,10.8,28.6,5.15849461244913,13.48,15.9,23.2,26.46,13.9,"PORT WELLER (AUT) (ECCC AES 6136699; station_id 7790)","6136699",7790,"PORT WELLER (AUT)",5,2007-05-24,"DATE: May-24<br>Value: 13.9 °C<br>Anomaly: -5.3 °C<br>Weather station: PORT WELLER (AUT) (ECCC AES 6136699; station_id 7790)","DATE: May-24<br><b>Maximum temperature</b><br>10-90 percentile<br>13.5 to 26.5 °C","Historical daily maximum<br>28.6 °C<br>2007-05-24","DATE: May-24</b><br>Normal: 19.2 °C<br>Period: 1991-2020","6136699","PORT+WELLER+AUT",1994,2026
"05-24","TMIN",2001-05-24,10.2416666666667,6,14.6,2.0265448571327,7.82,9.05,11.875,12.47,7.2,"PORT WELLER (AUT) (ECCC AES 6136699; station_id 7790)","6136699",7790,"PORT WELLER (AUT)",5,2024-05-24,"DATE: May-24<br>Value: 7.2 °C<br>Anomaly: -3.0 °C<br>Weather station: PORT WELLER (AUT) (ECCC AES 6136699; station_id 7790)","DATE: May-24<br><b>Minimum temperature</b><br>10-90 percentile<br>7.8 to 12.5 °C","Historical daily maximum<br>14.6 °C<br>2024-05-24","DATE: May-24</b><br>Normal: 10.2 °C<br>Period: 1991-2020","6136699","PORT+WELLER+AUT",1994,2026
"05-24","VPD",2001-05-24,1.06403855131386,0.155036388544119,2.52983551549555,0.677103329328373,0.435257894594303,0.550711214334074,1.5219478189734,2.10599740163646,0.572559652342219,"PORT WELLER (AUT) (ECCC AES 6136699; station_id 7790)","6136699",7790,"PORT WELLER (AUT)",5,2007-05-24,"DATE: May-24<br>Value: 0.6 kPa<br>Anomaly: -0.5 kPa<br>Weather station: PORT WELLER (AUT) (ECCC AES 6136699; station_id 7790)","DATE: May-24<br><b>Vapour pressure deficit</b><br>10-90 percentile<br>0.4 to 2.1 kPa","Historical daily maximum<br>2.5 kPa<br>2007-05-24","DATE: May-24</b><br>Normal: 1.1 kPa<br>Period: 1991-2020","6136699","PORT+WELLER+AUT",1994,2026
"05-25","TMAX",2001-05-25,19.12,11.9,30,6.1262413708026,12.5,14.2,24.5,27.84,22.3,"PORT WELLER (AUT) (ECCC AES 6136699; station_id 7790)","6136699",7790,"PORT WELLER (AUT)",5,2020-05-25,"DATE: May-25<br>Value: 22.3 °C<br>Anomaly: +3.2 °C<br>Weather station: PORT WELLER (AUT) (ECCC AES 6136699; station_id 7790)","DATE: May-25<br><b>Maximum temperature</b><br>10-90 percentile<br>12.5 to 27.8 °C","Historical daily maximum<br>30.0 °C<br>2020-05-25","DATE: May-25</b><br>Normal: 19.1 °C<br>Period: 1991-2020","6136699","PORT+WELLER+AUT",1994,2026
"05-25","TMIN",2001-05-25,10.648,6.5,17.8,3.07626938568997,7.52,8.7,13.4,14.72,7.7,"PORT WELLER (AUT) (ECCC AES 6136699; station_id 7790)","6136699",7790,"PORT WELLER (AUT)",5,2012-05-25,"DATE: May-25<br>Value: 7.7 °C<br>Anomaly: -2.9 °C<br>Weather station: PORT WELLER (AUT) (ECCC AES 6136699; station_id 7790)","DATE: May-25<br><b>Minimum temperature</b><br>10-90 percentile<br>7.5 to 14.7 °C","Historical daily maximum<br>17.8 °C<br>2012-05-25","DATE: May-25</b><br>Normal: 10.6 °C<br>Period: 1991-2020","6136699","PORT+WELLER+AUT",1994,2026
"05-25","VPD",2001-05-25,1.04984724995281,0.271511434634211,2.58114267796562,0.702492016684625,0.301483082359568,0.47190950143454,1.69959062457766,2.01561814805897,1.64161869581431,"PORT WELLER (AUT) (ECCC AES 6136699; station_id 7790)","6136699",7790,"PORT WELLER (AUT)",5,2020-05-25,"DATE: May-25<br>Value: 1.6 kPa<br>Anomaly: +0.6 kPa<br>Weather station: PORT WELLER (AUT) (ECCC AES 6136699; station_id 7790)","DATE: May-25<br><b>Vapour pressure deficit</b><br>10-90 percentile<br>0.3 to 2.0 kPa","Historical daily maximum<br>2.6 kPa<br>2020-05-25","DATE: May-25</b><br>Normal: 1.0 kPa<br>Period: 1991-2020","6136699","PORT+WELLER+AUT",1994,2026
"05-26","TMAX",2001-05-26,19.795652173913,12.7,29,4.39560506341479,14.14,17.2,23.55,25.48,24.8,"PORT WELLER (AUT) (ECCC AES 6136699; station_id 7790)","6136699",7790,"PORT WELLER (AUT)",5,2010-05-26,"DATE: May-26<br>Value: 24.8 °C<br>Anomaly: +5.0 °C<br>Weather station: PORT WELLER (AUT) (ECCC AES 6136699; station_id 7790)","DATE: May-26<br><b>Maximum temperature</b><br>10-90 percentile<br>14.1 to 25.5 °C","Historical daily maximum<br>29.0 °C<br>2010-05-26","DATE: May-26</b><br>Normal: 19.8 °C<br>Period: 1991-2020","6136699","PORT+WELLER+AUT",1994,2026
"05-26","TMIN",2001-05-26,11.184,6.7,16.2,2.88944631374248,8.2,8.9,13.6,15.12,10.4,"PORT WELLER (AUT) (ECCC AES 6136699; station_id 7790)","6136699",7790,"PORT WELLER (AUT)",5,2012-05-26,"DATE: May-26<br>Value: 10.4 °C<br>Anomaly: -0.8 °C<br>Weather station: PORT WELLER (AUT) (ECCC AES 6136699; station_id 7790)","DATE: May-26<br><b>Minimum temperature</b><br>10-90 percentile<br>8.2 to 15.1 °C","Historical daily maximum<br>16.2 °C<br>2012-05-26","DATE: May-26</b><br>Normal: 11.2 °C<br>Period: 1991-2020","6136699","PORT+WELLER+AUT",1994,2026
"05-26","VPD",2001-05-26,1.04102333045764,0.326992751585932,2.18739091960037,0.488835768833917,0.491061294751372,0.694894280310409,1.35495853705811,1.7235027928262,1.86896762627881,"PORT WELLER (AUT) (ECCC AES 6136699; station_id 7790)","6136699",7790,"PORT WELLER (AUT)",5,2022-05-26,"DATE: May-26<br>Value: 1.9 kPa<br>Anomaly: +0.8 kPa<br>Weather station: PORT WELLER (AUT) (ECCC AES 6136699; station_id 7790)","DATE: May-26<br><b>Vapour pressure deficit</b><br>10-90 percentile<br>0.5 to 1.7 kPa","Historical daily maximum<br>2.2 kPa<br>2022-05-26","DATE: May-26</b><br>Normal: 1.0 kPa<br>Period: 1991-2020","6136699","PORT+WELLER+AUT",1994,2026
"05-27","TMAX",2001-05-27,19.372,12,29.1,5.136107475511,13.02,16.3,23,26.84,23.6,"PORT WELLER (AUT) (ECCC AES 6136699; station_id 7790)","6136699",7790,"PORT WELLER (AUT)",5,2010-05-27,"DATE: May-27<br>Value: 23.6 °C<br>Anomaly: +4.2 °C<br>Weather station: PORT WELLER (AUT) (ECCC AES 6136699; station_id 7790)","DATE: May-27<br><b>Maximum temperature</b><br>10-90 percentile<br>13.0 to 26.8 °C","Historical daily maximum<br>29.1 °C<br>2010-05-27","DATE: May-27</b><br>Normal: 19.4 °C<br>Period: 1991-2020","6136699","PORT+WELLER+AUT",1994,2026
"05-27","TMIN",2001-05-27,11.288,6.7,18,3.26424059570778,7.7,8.4,13.4,16.02,11.2,"PORT WELLER (AUT) (ECCC AES 6136699; station_id 7790)","6136699",7790,"PORT WELLER (AUT)",5,2016-05-27,"DATE: May-27<br>Value: 11.2 °C<br>Anomaly: -0.1 °C<br>Weather station: PORT WELLER (AUT) (ECCC AES 6136699; station_id 7790)","DATE: May-27<br><b>Minimum temperature</b><br>10-90 percentile<br>7.7 to 16.0 °C","Historical daily maximum<br>18.0 °C<br>2016-05-27","DATE: May-27</b><br>Normal: 11.3 °C<br>Period: 1991-2020","6136699","PORT+WELLER+AUT",1994,2026
"05-27","VPD",2001-05-27,0.983485881171722,0.199070021688516,2.01623788063182,0.534865710812998,0.424254124998187,0.530579790404081,1.38253300444439,1.74529998447212,1.58275491273983,"PORT WELLER (AUT) (ECCC AES 6136699; station_id 7790)","6136699",7790,"PORT WELLER (AUT)",5,2010-05-27,"DATE: May-27<br>Value: 1.6 kPa<br>Anomaly: +0.6 kPa<br>Weather station: PORT WELLER (AUT) (ECCC AES 6136699; station_id 7790)","DATE: May-27<br><b>Vapour pressure deficit</b><br>10-90 percentile<br>0.4 to 1.7 kPa","Historical daily maximum<br>2.0 kPa<br>2010-05-27","DATE: May-27</b><br>Normal: 1.0 kPa<br>Period: 1991-2020","6136699","PORT+WELLER+AUT",1994,2026
"05-28","TMAX",2001-05-28,19.38,12.6,31,5.39374637890956,13.06,15.7,23.1,26.64,19.5,"PORT WELLER (AUT) (ECCC AES 6136699; station_id 7790)","6136699",7790,"PORT WELLER (AUT)",5,2012-05-28,"DATE: May-28<br>Value: 19.5 °C<br>Anomaly: +0.1 °C<br>Weather station: PORT WELLER (AUT) (ECCC AES 6136699; station_id 7790)","DATE: May-28<br><b>Maximum temperature</b><br>10-90 percentile<br>13.1 to 26.6 °C","Historical daily maximum<br>31.0 °C<br>2012-05-28","DATE: May-28</b><br>Normal: 19.4 °C<br>Period: 1991-2020","6136699","PORT+WELLER+AUT",1994,2026
"05-28","TMIN",2001-05-28,11.232,6,17.5,3.10600493667777,7.9,9,13,15.78,10.7,"PORT WELLER (AUT) (ECCC AES 6136699; station_id 7790)","6136699",7790,"PORT WELLER (AUT)",5,2016-05-28,"DATE: May-28<br>Value: 10.7 °C<br>Anomaly: -0.5 °C<br>Weather station: PORT WELLER (AUT) (ECCC AES 6136699; station_id 7790)","DATE: May-28<br><b>Minimum temperature</b><br>10-90 percentile<br>7.9 to 15.8 °C","Historical daily maximum<br>17.5 °C<br>2016-05-28","DATE: May-28</b><br>Normal: 11.2 °C<br>Period: 1991-2020","6136699","PORT+WELLER+AUT",1994,2026
"05-28","VPD",2001-05-28,1.0050210751526,0.222812676433663,2.60344012347706,0.654245946958802,0.446680365439007,0.479242872939795,1.41643847138989,1.68331431723603,0.980115212816607,"PORT WELLER (AUT) (ECCC AES 6136699; station_id 7790)","6136699",7790,"PORT WELLER (AUT)",5,2012-05-28,"DATE: May-28<br>Value: 1.0 kPa<br>Anomaly: 0.0 kPa<br>Weather station: PORT WELLER (AUT) (ECCC AES 6136699; station_id 7790)","DATE: May-28<br><b>Vapour pressure deficit</b><br>10-90 percentile<br>0.4 to 1.7 kPa","Historical daily maximum<br>2.6 kPa<br>2012-05-28","DATE: May-28</b><br>Normal: 1.0 kPa<br>Period: 1991-2020","6136699","PORT+WELLER+AUT",1994,2026
"05-29","TMAX",2001-05-29,20.3,12.5,28.8,4.40189353195493,13.52,17.9,23.9,24.98,21.1,"PORT WELLER (AUT) (ECCC AES 6136699; station_id 7790)","6136699",7790,"PORT WELLER (AUT)",5,2016-05-29,"DATE: May-29<br>Value: 21.1 °C<br>Anomaly: +0.8 °C<br>Weather station: PORT WELLER (AUT) (ECCC AES 6136699; station_id 7790)","DATE: May-29<br><b>Maximum temperature</b><br>10-90 percentile<br>13.5 to 25.0 °C","Historical daily maximum<br>28.8 °C<br>2016-05-29","DATE: May-29</b><br>Normal: 20.3 °C<br>Period: 1991-2020","6136699","PORT+WELLER+AUT",1994,2026
"05-29","TMIN",2001-05-29,11.792,6.7,18.6,3.21661312563386,8.26,9.6,13.8,16.3,10,"PORT WELLER (AUT) (ECCC AES 6136699; station_id 7790)","6136699",7790,"PORT WELLER (AUT)",5,2012-05-29,"DATE: May-29<br>Value: 10.0 °C<br>Anomaly: -1.8 °C<br>Weather station: PORT WELLER (AUT) (ECCC AES 6136699; station_id 7790)","DATE: May-29<br><b>Minimum temperature</b><br>10-90 percentile<br>8.3 to 16.3 °C","Historical daily maximum<br>18.6 °C<br>2012-05-29","DATE: May-29</b><br>Normal: 11.8 °C<br>Period: 1991-2020","6136699","PORT+WELLER+AUT",1994,2026
"05-29","VPD",2001-05-29,1.04468429116192,0.349710424778864,1.81645971508145,0.440568555474807,0.413505540785617,0.71192505961159,1.37132154522855,1.5889602778326,1.27436013614964,"PORT WELLER (AUT) (ECCC AES 6136699; station_id 7790)","6136699",7790,"PORT WELLER (AUT)",5,2016-05-29,"DATE: May-29<br>Value: 1.3 kPa<br>Anomaly: +0.2 kPa<br>Weather station: PORT WELLER (AUT) (ECCC AES 6136699; station_id 7790)","DATE: May-29<br><b>Vapour pressure deficit</b><br>10-90 percentile<br>0.4 to 1.6 kPa","Historical daily maximum<br>1.8 kPa<br>2016-05-29","DATE: May-29</b><br>Normal: 1.0 kPa<br>Period: 1991-2020","6136699","PORT+WELLER+AUT",1994,2026
"05-30","TMAX",2001-05-30,22.096,15.5,30,4.13244076384244,18,19.1,25.4,27.96,17.3,"PORT WELLER (AUT) (ECCC AES 6136699; station_id 7790)","6136699",7790,"PORT WELLER (AUT)",5,1999-05-30,"DATE: May-30<br>Value: 17.3 °C<br>Anomaly: -4.8 °C<br>Weather station: PORT WELLER (AUT) (ECCC AES 6136699; station_id 7790)","DATE: May-30<br><b>Maximum temperature</b><br>10-90 percentile<br>18.0 to 28.0 °C","Historical daily maximum<br>30.0 °C<br>1999-05-30","DATE: May-30</b><br>Normal: 22.1 °C<br>Period: 1991-2020","6136699","PORT+WELLER+AUT",1994,2026
"05-30","TMIN",2001-05-30,12.04,7.1,17.8,3.01841569922589,8.72,9.2,14.9,15.36,9.2,"PORT WELLER (AUT) (ECCC AES 6136699; station_id 7790)","6136699",7790,"PORT WELLER (AUT)",5,2013-05-30,"DATE: May-30<br>Value: 9.2 °C<br>Anomaly: -2.8 °C<br>Weather station: PORT WELLER (AUT) (ECCC AES 6136699; station_id 7790)","DATE: May-30<br><b>Minimum temperature</b><br>10-90 percentile<br>8.7 to 15.4 °C","Historical daily maximum<br>17.8 °C<br>2013-05-30","DATE: May-30</b><br>Normal: 12.0 °C<br>Period: 1991-2020","6136699","PORT+WELLER+AUT",1994,2026
"05-30","VPD",2001-05-30,1.30168259895023,0.556644475604497,2.51563619629215,0.56089466436746,0.661346508932015,0.961460278327296,1.52277287491794,2.19018902375559,0.811212294699141,"PORT WELLER (AUT) (ECCC AES 6136699; station_id 7790)","6136699",7790,"PORT WELLER (AUT)",5,1999-05-30,"DATE: May-30<br>Value: 0.8 kPa<br>Anomaly: -0.5 kPa<br>Weather station: PORT WELLER (AUT) (ECCC AES 6136699; station_id 7790)","DATE: May-30<br><b>Vapour pressure deficit</b><br>10-90 percentile<br>0.7 to 2.2 kPa","Historical daily maximum<br>2.5 kPa<br>1999-05-30","DATE: May-30</b><br>Normal: 1.3 kPa<br>Period: 1991-2020","6136699","PORT+WELLER+AUT",1994,2026
"05-31","TMAX",2001-05-31,20.3086956521739,11.4,28.9,4.94670809211708,14.32,16.45,24,26.34,22.9,"PORT WELLER (AUT) (ECCC AES 6136699; station_id 7790)","6136699",7790,"PORT WELLER (AUT)",5,2022-05-31,"DATE: May-31<br>Value: 22.9 °C<br>Anomaly: +2.6 °C<br>Weather station: PORT WELLER (AUT) (ECCC AES 6136699; station_id 7790)","DATE: May-31<br><b>Maximum temperature</b><br>10-90 percentile<br>14.3 to 26.3 °C","Historical daily maximum<br>28.9 °C<br>2022-05-31","DATE: May-31</b><br>Normal: 20.3 °C<br>Period: 1991-2020","6136699","PORT+WELLER+AUT",1994,2026
"05-31","TMIN",2001-05-31,12.1583333333333,7.3,19.6,3.32839126392873,8.73,9.425,14.35,16.54,10.5,"PORT WELLER (AUT) (ECCC AES 6136699; station_id 7790)","6136699",7790,"PORT WELLER (AUT)",5,2013-05-31,"DATE: May-31<br>Value: 10.5 °C<br>Anomaly: -1.7 °C<br>Weather station: PORT WELLER (AUT) (ECCC AES 6136699; station_id 7790)","DATE: May-31<br><b>Minimum temperature</b><br>10-90 percentile<br>8.7 to 16.5 °C","Historical daily maximum<br>19.6 °C<br>2013-05-31","DATE: May-31</b><br>Normal: 12.2 °C<br>Period: 1991-2020","6136699","PORT+WELLER+AUT",1994,2026
"05-31","VPD",2001-05-31,1.06600148349729,0.32534319609606,2.50429904041799,0.548943012410114,0.440714694183243,0.583773587545948,1.32186545684741,1.75365950688395,1.52277287491794,"PORT WELLER (AUT) (ECCC AES 6136699; station_id 7790)","6136699",7790,"PORT WELLER (AUT)",5,2011-05-31,"DATE: May-31<br>Value: 1.5 kPa<br>Anomaly: +0.5 kPa<br>Weather station: PORT WELLER (AUT) (ECCC AES 6136699; station_id 7790)","DATE: May-31<br><b>Vapour pressure deficit</b><br>10-90 percentile<br>0.4 to 1.8 kPa","Historical daily maximum<br>2.5 kPa<br>2011-05-31","DATE: May-31</b><br>Normal: 1.1 kPa<br>Period: 1991-2020","6136699","PORT+WELLER+AUT",1994,2026
"06-01","TMAX",2001-06-01,19.26,12.9,28.2,4.07839837844874,14.34,16.4,21.3,24.86,16.8,"PORT WELLER (AUT) (ECCC AES 6136699; station_id 7790)","6136699",7790,"PORT WELLER (AUT)",6,2013-06-01,"DATE: Jun-01<br>Value: 16.8 °C<br>Anomaly: -2.5 °C<br>Weather station: PORT WELLER (AUT) (ECCC AES 6136699; station_id 7790)","DATE: Jun-01<br><b>Maximum temperature</b><br>10-90 percentile<br>14.3 to 24.9 °C","Historical daily maximum<br>28.2 °C<br>2013-06-01","DATE: Jun-01</b><br>Normal: 19.3 °C<br>Period: 1991-2020","6136699","PORT+WELLER+AUT",1994,2026
"06-01","TMIN",2001-06-01,12.48,7.6,18.7,3.15119025131775,9.3,10.3,14.3,17.5,12.3,"PORT WELLER (AUT) (ECCC AES 6136699; station_id 7790)","6136699",7790,"PORT WELLER (AUT)",6,1999-06-01,"DATE: Jun-01<br>Value: 12.3 °C<br>Anomaly: -0.2 °C<br>Weather station: PORT WELLER (AUT) (ECCC AES 6136699; station_id 7790)","DATE: Jun-01<br><b>Minimum temperature</b><br>10-90 percentile<br>9.3 to 17.5 °C","Historical daily maximum<br>18.7 °C<br>1999-06-01","DATE: Jun-01</b><br>Normal: 12.5 °C<br>Period: 1991-2020","6136699","PORT+WELLER+AUT",1994,2026
"06-01","VPD",2001-06-01,0.820770732846382,0.347205402953708,1.74716939932282,0.378653788639405,0.381359176714373,0.552551973618105,1.10485899956318,1.31088594957978,0.482754290096914,"PORT WELLER (AUT) (ECCC AES 6136699; station_id 7790)","6136699",7790,"PORT WELLER (AUT)",6,2013-06-01,"DATE: Jun-01<br>Value: 0.5 kPa<br>Anomaly: -0.3 kPa<br>Weather station: PORT WELLER (AUT) (ECCC AES 6136699; station_id 7790)","DATE: Jun-01<br><b>Vapour pressure deficit</b><br>10-90 percentile<br>0.4 to 1.3 kPa","Historical daily maximum<br>1.7 kPa<br>2013-06-01","DATE: Jun-01</b><br>Normal: 0.8 kPa<br>Period: 1991-2020","6136699","PORT+WELLER+AUT",1994,2026
"06-02","TMAX",2001-06-02,20.532,12.3,27.3,4.33250504904495,14.84,18.2,24.6,25.88,24,"PORT WELLER (AUT) (ECCC AES 6136699; station_id 7790)","6136699",7790,"PORT WELLER (AUT)",6,2023-06-02,"DATE: Jun-02<br>Value: 24.0 °C<br>Anomaly: +3.5 °C<br>Weather station: PORT WELLER (AUT) (ECCC AES 6136699; station_id 7790)","DATE: Jun-02<br><b>Maximum temperature</b><br>10-90 percentile<br>14.8 to 25.9 °C","Historical daily maximum<br>27.3 °C<br>2023-06-02","DATE: Jun-02</b><br>Normal: 20.5 °C<br>Period: 1991-2020","6136699","PORT+WELLER+AUT",1994,2026
"06-02","TMIN",2001-06-02,11.852,8.9,17,2.32649951644096,9.54,10.5,13.2,15.46,10.3,"PORT WELLER (AUT) (ECCC AES 6136699; station_id 7790)","6136699",7790,"PORT WELLER (AUT)",6,2023-06-02,"DATE: Jun-02<br>Value: 10.3 °C<br>Anomaly: -1.6 °C<br>Weather station: PORT WELLER (AUT) (ECCC AES 6136699; station_id 7790)","DATE: Jun-02<br><b>Minimum temperature</b><br>10-90 percentile<br>9.5 to 15.5 °C","Historical daily maximum<br>17.0 °C<br>2023-06-02","DATE: Jun-02</b><br>Normal: 11.9 °C<br>Period: 1991-2020","6136699","PORT+WELLER+AUT",1994,2026
"06-02","VPD",2001-06-02,1.08530917668637,0.243130867833355,2.35885695469968,0.57045213917995,0.522429427383829,0.622979402304497,1.53088876382181,1.82261842587402,1.73104971367039,"PORT WELLER (AUT) (ECCC AES 6136699; station_id 7790)","6136699",7790,"PORT WELLER (AUT)",6,2016-06-02,"DATE: Jun-02<br>Value: 1.7 kPa<br>Anomaly: +0.6 kPa<br>Weather station: PORT WELLER (AUT) (ECCC AES 6136699; station_id 7790)","DATE: Jun-02<br><b>Vapour pressure deficit</b><br>10-90 percentile<br>0.5 to 1.8 kPa","Historical daily maximum<br>2.4 kPa<br>2016-06-02","DATE: Jun-02</b><br>Normal: 1.1 kPa<br>Period: 1991-2020","6136699","PORT+WELLER+AUT",1994,2026
"06-03","TMAX",2001-06-03,18.544,12.6,26.1,3.65400237182919,13.52,15.8,20.3,23.04,27.9,"PORT WELLER (AUT) (ECCC AES 6136699; station_id 7790)","6136699",7790,"PORT WELLER (AUT)",6,2026-06-03,"DATE: Jun-03<br>Value: 27.9 °C<br>Anomaly: +9.4 °C<br>Weather station: PORT WELLER (AUT) (ECCC AES 6136699; station_id 7790)","DATE: Jun-03<br><b>Maximum temperature</b><br>10-90 percentile<br>13.5 to 23.0 °C","Historical daily maximum<br>26.1 °C<br>2026-06-03","DATE: Jun-03</b><br>Normal: 18.5 °C<br>Period: 1991-2020","6136699","PORT+WELLER+AUT",1994,2026
"06-03","TMIN",2001-06-03,11.728,8.3,16.9,2.4386676690357,8.78,9.8,13.3,14.76,13.6,"PORT WELLER (AUT) (ECCC AES 6136699; station_id 7790)","6136699",7790,"PORT WELLER (AUT)",6,2010-06-03,"DATE: Jun-03<br>Value: 13.6 °C<br>Anomaly: +1.9 °C<br>Weather station: PORT WELLER (AUT) (ECCC AES 6136699; station_id 7790)","DATE: Jun-03<br><b>Minimum temperature</b><br>10-90 percentile<br>8.8 to 14.8 °C","Historical daily maximum<br>16.9 °C<br>2010-06-03","DATE: Jun-03</b><br>Normal: 11.7 °C<br>Period: 1991-2020","6136699","PORT+WELLER+AUT",1994,2026
"06-03","VPD",2001-06-03,0.790071806507283,0.325811766761397,1.84394801848615,0.408458536926121,0.383654515935789,0.516060269028075,0.983114110805179,1.35503200841178,2.20039876981271,"PORT WELLER (AUT) (ECCC AES 6136699; station_id 7790)","6136699",7790,"PORT WELLER (AUT)",6,2026-06-03,"DATE: Jun-03<br>Value: 2.2 kPa<br>Anomaly: +1.4 kPa<br>Weather station: PORT WELLER (AUT) (ECCC AES 6136699; station_id 7790)","DATE: Jun-03<br><b>Vapour pressure deficit</b><br>10-90 percentile<br>0.4 to 1.4 kPa","Historical daily maximum<br>1.8 kPa<br>2026-06-03","DATE: Jun-03</b><br>Normal: 0.8 kPa<br>Period: 1991-2020","6136699","PORT+WELLER+AUT",1994,2026
"06-04","TMAX",2001-06-04,18.22,13.1,27.9,3.66299058147847,13.92,14.5,20.5,21.32,NA,NA,NA,NA,NA,6,2025-06-04,"","DATE: Jun-04<br><b>Maximum temperature</b><br>10-90 percentile<br>13.9 to 21.3 °C","Historical daily maximum<br>27.9 °C<br>2025-06-04","DATE: Jun-04</b><br>Normal: 18.2 °C<br>Period: 1991-2020","6136699","PORT+WELLER+AUT",1994,2026
"06-04","TMIN",2001-06-04,11.88,8.3,16.7,2.32916293977042,9.34,10.1,12.9,15.44,NA,NA,NA,NA,NA,6,2010-06-04,"","DATE: Jun-04<br><b>Minimum temperature</b><br>10-90 percentile<br>9.3 to 15.4 °C","Historical daily maximum<br>16.7 °C<br>2010-06-04","DATE: Jun-04</b><br>Normal: 11.9 °C<br>Period: 1991-2020","6136699","PORT+WELLER+AUT",1994,2026
"06-04","VPD",2001-06-04,0.735170168508994,0.177328457161909,1.9856296391998,0.433018766232367,0.327198072389541,0.47176423817396,0.933353155217407,1.11303494745908,NA,NA,NA,NA,NA,6,2025-06-04,"","DATE: Jun-04<br><b>Vapour pressure deficit</b><br>10-90 percentile<br>0.3 to 1.1 kPa","Historical daily maximum<br>2.0 kPa<br>2025-06-04","DATE: Jun-04</b><br>Normal: 0.7 kPa<br>Period: 1991-2020","6136699","PORT+WELLER+AUT",1994,2026
"06-05","TMAX",2001-06-05,19.54,11.6,29.4,4.17073135073454,15.42,16.7,22.6,24.42,29.1,"PORT WELLER (AUT) (ECCC AES 6136699; station_id 7790)","6136699",7790,"PORT WELLER (AUT)",6,2005-06-05,"DATE: Jun-05<br>Value: 29.1 °C<br>Anomaly: +9.6 °C<br>Weather station: PORT WELLER (AUT) (ECCC AES 6136699; station_id 7790)","DATE: Jun-05<br><b>Maximum temperature</b><br>10-90 percentile<br>15.4 to 24.4 °C","Historical daily maximum<br>29.4 °C<br>2005-06-05","DATE: Jun-05</b><br>Normal: 19.5 °C<br>Period: 1991-2020","6136699","PORT+WELLER+AUT",1994,2026
"06-05","TMIN",2001-06-05,11.828,8.5,17.2,2.30226699870656,8.94,9.9,13.3,14.74,14.5,"PORT WELLER (AUT) (ECCC AES 6136699; station_id 7790)","6136699",7790,"PORT WELLER (AUT)",6,2021-06-05,"DATE: Jun-05<br>Value: 14.5 °C<br>Anomaly: +2.7 °C<br>Weather station: PORT WELLER (AUT) (ECCC AES 6136699; station_id 7790)","DATE: Jun-05<br><b>Minimum temperature</b><br>10-90 percentile<br>8.9 to 14.7 °C","Historical daily maximum<br>17.2 °C<br>2021-06-05","DATE: Jun-05</b><br>Normal: 11.8 °C<br>Period: 1991-2020","6136699","PORT+WELLER+AUT",1994,2026
"06-05","VPD",2001-06-05,0.938875732395164,0.162501994212706,2.38285174643939,0.541256922055501,0.357041783747477,0.662494580785179,1.13939025617508,1.63906205531475,2.37766526771448,"PORT WELLER (AUT) (ECCC AES 6136699; station_id 7790)","6136699",7790,"PORT WELLER (AUT)",6,2005-06-05,"DATE: Jun-05<br>Value: 2.4 kPa<br>Anomaly: +1.4 kPa<br>Weather station: PORT WELLER (AUT) (ECCC AES 6136699; station_id 7790)","DATE: Jun-05<br><b>Vapour pressure deficit</b><br>10-90 percentile<br>0.4 to 1.6 kPa","Historical daily maximum<br>2.4 kPa<br>2005-06-05","DATE: Jun-05</b><br>Normal: 0.9 kPa<br>Period: 1991-2020","6136699","PORT+WELLER+AUT",1994,2026
"06-06","TMAX",2001-06-06,20.536,13.5,30,4.55986841915422,14.84,16.4,23.7,26.52,23.4,"PORT WELLER (AUT) (ECCC AES 6136699; station_id 7790)","6136699",7790,"PORT WELLER (AUT)",6,2008-06-06,"DATE: Jun-06<br>Value: 23.4 °C<br>Anomaly: +2.9 °C<br>Weather station: PORT WELLER (AUT) (ECCC AES 6136699; station_id 7790)","DATE: Jun-06<br><b>Maximum temperature</b><br>10-90 percentile<br>14.8 to 26.5 °C","Historical daily maximum<br>30.0 °C<br>2008-06-06","DATE: Jun-06</b><br>Normal: 20.5 °C<br>Period: 1991-2020","6136699","PORT+WELLER+AUT",1994,2026
"06-06","TMIN",2001-06-06,12.288,9.2,18.1,2.2978830837679,9.64,10.6,14.1,15,15.1,"PORT WELLER (AUT) (ECCC AES 6136699; station_id 7790)","6136699",7790,"PORT WELLER (AUT)",6,2021-06-06,"DATE: Jun-06<br>Value: 15.1 °C<br>Anomaly: +2.8 °C<br>Weather station: PORT WELLER (AUT) (ECCC AES 6136699; station_id 7790)","DATE: Jun-06<br><b>Minimum temperature</b><br>10-90 percentile<br>9.6 to 15.0 °C","Historical daily maximum<br>18.1 °C<br>2021-06-06","DATE: Jun-06</b><br>Normal: 12.3 °C<br>Period: 1991-2020","6136699","PORT+WELLER+AUT",1994,2026
"06-06","VPD",2001-06-06,1.05543603785513,0.320388952855853,2.88607927837995,0.62608337051125,0.373381331321201,0.534465446364149,1.45587071531128,1.68505950169205,1.16177387705642,"PORT WELLER (AUT) (ECCC AES 6136699; station_id 7790)","6136699",7790,"PORT WELLER (AUT)",6,2008-06-06,"DATE: Jun-06<br>Value: 1.2 kPa<br>Anomaly: +0.1 kPa<br>Weather station: PORT WELLER (AUT) (ECCC AES 6136699; station_id 7790)","DATE: Jun-06<br><b>Vapour pressure deficit</b><br>10-90 percentile<br>0.4 to 1.7 kPa","Historical daily maximum<br>2.9 kPa<br>2008-06-06","DATE: Jun-06</b><br>Normal: 1.1 kPa<br>Period: 1991-2020","6136699","PORT+WELLER+AUT",1994,2026
"06-07","TMAX",2001-06-07,21.948,14.4,31,5.19960895965584,14.94,17.1,26.1,28.6,22.4,"PORT WELLER (AUT) (ECCC AES 6136699; station_id 7790)","6136699",7790,"PORT WELLER (AUT)",6,1999-06-07,"DATE: Jun-07<br>Value: 22.4 °C<br>Anomaly: +0.5 °C<br>Weather station: PORT WELLER (AUT) (ECCC AES 6136699; station_id 7790)","DATE: Jun-07<br><b>Maximum temperature</b><br>10-90 percentile<br>14.9 to 28.6 °C","Historical daily maximum<br>31.0 °C<br>1999-06-07","DATE: Jun-07</b><br>Normal: 21.9 °C<br>Period: 1991-2020","6136699","PORT+WELLER+AUT",1994,2026
"06-07","TMIN",2001-06-07,12.824,8.7,19.3,2.73576314764272,9.74,11.3,13.6,17.28,13.9,"PORT WELLER (AUT) (ECCC AES 6136699; station_id 7790)","6136699",7790,"PORT WELLER (AUT)",6,2021-06-07,"DATE: Jun-07<br>Value: 13.9 °C<br>Anomaly: +1.1 °C<br>Weather station: PORT WELLER (AUT) (ECCC AES 6136699; station_id 7790)","DATE: Jun-07<br><b>Minimum temperature</b><br>10-90 percentile<br>9.7 to 17.3 °C","Historical daily maximum<br>19.3 °C<br>2021-06-07","DATE: Jun-07</b><br>Normal: 12.8 °C<br>Period: 1991-2020","6136699","PORT+WELLER+AUT",1994,2026
"06-07","VPD",2001-06-07,1.24673017929689,0.247234261383598,2.62049047015089,0.685123939086967,0.457348974204864,0.659380374178708,1.68646389709737,2.20834471065962,1.12082206059597,"PORT WELLER (AUT) (ECCC AES 6136699; station_id 7790)","6136699",7790,"PORT WELLER (AUT)",6,2007-06-07,"DATE: Jun-07<br>Value: 1.1 kPa<br>Anomaly: -0.1 kPa<br>Weather station: PORT WELLER (AUT) (ECCC AES 6136699; station_id 7790)","DATE: Jun-07<br><b>Vapour pressure deficit</b><br>10-90 percentile<br>0.5 to 2.2 kPa","Historical daily maximum<br>2.6 kPa<br>2007-06-07","DATE: Jun-07</b><br>Normal: 1.2 kPa<br>Period: 1991-2020","6136699","PORT+WELLER+AUT",1994,2026
"06-08","TMAX",2001-06-08,21.348,12.6,30.1,5.07970799685704,14.74,18.4,25.3,28.48,17.6,"PORT WELLER (AUT) (ECCC AES 6136699; station_id 7790)","6136699",7790,"PORT WELLER (AUT)",6,2008-06-08,"DATE: Jun-08<br>Value: 17.6 °C<br>Anomaly: -3.7 °C<br>Weather station: PORT WELLER (AUT) (ECCC AES 6136699; station_id 7790)","DATE: Jun-08<br><b>Maximum temperature</b><br>10-90 percentile<br>14.7 to 28.5 °C","Historical daily maximum<br>30.1 °C<br>2008-06-08","DATE: Jun-08</b><br>Normal: 21.3 °C<br>Period: 1991-2020","6136699","PORT+WELLER+AUT",1994,2026
"06-08","TMIN",2001-06-08,13.172,9,19.3,2.96599055966131,10.3,11.1,14.2,17.8,13,"PORT WELLER (AUT) (ECCC AES 6136699; station_id 7790)","6136699",7790,"PORT WELLER (AUT)",6,2011-06-08,"DATE: Jun-08<br>Value: 13.0 °C<br>Anomaly: -0.2 °C<br>Weather station: PORT WELLER (AUT) (ECCC AES 6136699; station_id 7790)","DATE: Jun-08<br><b>Minimum temperature</b><br>10-90 percentile<br>10.3 to 17.8 °C","Historical daily maximum<br>19.3 °C<br>2011-06-08","DATE: Jun-08</b><br>Normal: 13.2 °C<br>Period: 1991-2020","6136699","PORT+WELLER+AUT",1994,2026
"06-08","VPD",2001-06-08,1.10560690086347,0.239269997039994,2.39186526034385,0.595750963416369,0.401127077934725,0.676485856671494,1.54339909986503,1.88413686046119,0.514875639870363,"PORT WELLER (AUT) (ECCC AES 6136699; station_id 7790)","6136699",7790,"PORT WELLER (AUT)",6,2007-06-08,"DATE: Jun-08<br>Value: 0.5 kPa<br>Anomaly: -0.6 kPa<br>Weather station: PORT WELLER (AUT) (ECCC AES 6136699; station_id 7790)","DATE: Jun-08<br><b>Vapour pressure deficit</b><br>10-90 percentile<br>0.4 to 1.9 kPa","Historical daily maximum<br>2.4 kPa<br>2007-06-08","DATE: Jun-08</b><br>Normal: 1.1 kPa<br>Period: 1991-2020","6136699","PORT+WELLER+AUT",1994,2026
"06-09","TMAX",2001-06-09,21.984,13.7,30.6,4.55683369603646,16.94,18.3,25.5,27.46,23.3,"PORT WELLER (AUT) (ECCC AES 6136699; station_id 7790)","6136699",7790,"PORT WELLER (AUT)",6,2020-06-09,"DATE: Jun-09<br>Value: 23.3 °C<br>Anomaly: +1.3 °C<br>Weather station: PORT WELLER (AUT) (ECCC AES 6136699; station_id 7790)","DATE: Jun-09<br><b>Maximum temperature</b><br>10-90 percentile<br>16.9 to 27.5 °C","Historical daily maximum<br>30.6 °C<br>2020-06-09","DATE: Jun-09</b><br>Normal: 22.0 °C<br>Period: 1991-2020","6136699","PORT+WELLER+AUT",1994,2026
"06-09","TMIN",2001-06-09,13.56,8.6,17.7,2.40052077683156,11.08,11.7,15.7,16.88,12.8,"PORT WELLER (AUT) (ECCC AES 6136699; station_id 7790)","6136699",7790,"PORT WELLER (AUT)",6,2021-06-09,"DATE: Jun-09<br>Value: 12.8 °C<br>Anomaly: -0.8 °C<br>Weather station: PORT WELLER (AUT) (ECCC AES 6136699; station_id 7790)","DATE: Jun-09<br><b>Minimum temperature</b><br>10-90 percentile<br>11.1 to 16.9 °C","Historical daily maximum<br>17.7 °C<br>2021-06-09","DATE: Jun-09</b><br>Normal: 13.6 °C<br>Period: 1991-2020","6136699","PORT+WELLER+AUT",1994,2026
"06-09","VPD",2001-06-09,1.15841063083739,0.228625209807044,2.59610366503008,0.614966348161427,0.470619549141244,0.720779131411247,1.60030886123419,1.90904539358185,1.38253300444439,"PORT WELLER (AUT) (ECCC AES 6136699; station_id 7790)","6136699",7790,"PORT WELLER (AUT)",6,2020-06-09,"DATE: Jun-09<br>Value: 1.4 kPa<br>Anomaly: +0.2 kPa<br>Weather station: PORT WELLER (AUT) (ECCC AES 6136699; station_id 7790)","DATE: Jun-09<br><b>Vapour pressure deficit</b><br>10-90 percentile<br>0.5 to 1.9 kPa","Historical daily maximum<br>2.6 kPa<br>2020-06-09","DATE: Jun-09</b><br>Normal: 1.2 kPa<br>Period: 1991-2020","6136699","PORT+WELLER+AUT",1994,2026
"06-10","TMAX",2001-06-10,21.524,14.9,31.3,4.61648134405415,16.58,17.9,24.6,27.94,27,"PORT WELLER (AUT) (ECCC AES 6136699; station_id 7790)","6136699",7790,"PORT WELLER (AUT)",6,2020-06-10,"DATE: Jun-10<br>Value: 27.0 °C<br>Anomaly: +5.5 °C<br>Weather station: PORT WELLER (AUT) (ECCC AES 6136699; station_id 7790)","DATE: Jun-10<br><b>Maximum temperature</b><br>10-90 percentile<br>16.6 to 27.9 °C","Historical daily maximum<br>31.3 °C<br>2020-06-10","DATE: Jun-10</b><br>Normal: 21.5 °C<br>Period: 1991-2020","6136699","PORT+WELLER+AUT",1994,2026
"06-10","TMIN",2001-06-10,13.948,9.9,19.3,2.43569291988953,10.98,12.3,15.6,17.08,16.6,"PORT WELLER (AUT) (ECCC AES 6136699; station_id 7790)","6136699",7790,"PORT WELLER (AUT)",6,2005-06-10,"DATE: Jun-10<br>Value: 16.6 °C<br>Anomaly: +2.7 °C<br>Weather station: PORT WELLER (AUT) (ECCC AES 6136699; station_id 7790)","DATE: Jun-10<br><b>Minimum temperature</b><br>10-90 percentile<br>11.0 to 17.1 °C","Historical daily maximum<br>19.3 °C<br>2005-06-10","DATE: Jun-10</b><br>Normal: 13.9 °C<br>Period: 1991-2020","6136699","PORT+WELLER+AUT",1994,2026
"06-10","VPD",2001-06-10,1.04721581179081,0.281723938448563,2.60746873049814,0.647077819431046,0.442981342990199,0.547408239205349,1.31420164096884,1.79840200136819,1.67618804816932,"PORT WELLER (AUT) (ECCC AES 6136699; station_id 7790)","6136699",7790,"PORT WELLER (AUT)",6,2020-06-10,"DATE: Jun-10<br>Value: 1.7 kPa<br>Anomaly: +0.6 kPa<br>Weather station: PORT WELLER (AUT) (ECCC AES 6136699; station_id 7790)","DATE: Jun-10<br><b>Vapour pressure deficit</b><br>10-90 percentile<br>0.4 to 1.8 kPa","Historical daily maximum<br>2.6 kPa<br>2020-06-10","DATE: Jun-10</b><br>Normal: 1.0 kPa<br>Period: 1991-2020","6136699","PORT+WELLER+AUT",1994,2026
"06-11","TMAX",2001-06-11,22.616,14.6,30.9,4.34297133308522,16.88,19.8,25,28.46,26.7,"PORT WELLER (AUT) (ECCC AES 6136699; station_id 7790)","6136699",7790,"PORT WELLER (AUT)",6,2005-06-11,"DATE: Jun-11<br>Value: 26.7 °C<br>Anomaly: +4.1 °C<br>Weather station: PORT WELLER (AUT) (ECCC AES 6136699; station_id 7790)","DATE: Jun-11<br><b>Maximum temperature</b><br>10-90 percentile<br>16.9 to 28.5 °C","Historical daily maximum<br>30.9 °C<br>2005-06-11","DATE: Jun-11</b><br>Normal: 22.6 °C<br>Period: 1991-2020","6136699","PORT+WELLER+AUT",1994,2026
"06-11","TMIN",2001-06-11,14.684,10.4,20.4,2.67280751271018,11.28,12.4,16.8,17.88,18.8,"PORT WELLER (AUT) (ECCC AES 6136699; station_id 7790)","6136699",7790,"PORT WELLER (AUT)",6,2017-06-11,"DATE: Jun-11<br>Value: 18.8 °C<br>Anomaly: +4.1 °C<br>Weather station: PORT WELLER (AUT) (ECCC AES 6136699; station_id 7790)","DATE: Jun-11<br><b>Minimum temperature</b><br>10-90 percentile<br>11.3 to 17.9 °C","Historical daily maximum<br>20.4 °C<br>2017-06-11","DATE: Jun-11</b><br>Normal: 14.7 °C<br>Period: 1991-2020","6136699","PORT+WELLER+AUT",1994,2026
"06-11","VPD",2001-06-11,1.1332619841787,0.313894409629911,2.30111634732188,0.566479108579535,0.464095412575991,0.69001687906541,1.43892350393444,1.99707234485563,1.33294364332072,"PORT WELLER (AUT) (ECCC AES 6136699; station_id 7790)","6136699",7790,"PORT WELLER (AUT)",6,2002-06-11,"DATE: Jun-11<br>Value: 1.3 kPa<br>Anomaly: +0.2 kPa<br>Weather station: PORT WELLER (AUT) (ECCC AES 6136699; station_id 7790)","DATE: Jun-11<br><b>Vapour pressure deficit</b><br>10-90 percentile<br>0.5 to 2.0 kPa","Historical daily maximum<br>2.3 kPa<br>2002-06-11","DATE: Jun-11</b><br>Normal: 1.1 kPa<br>Period: 1991-2020","6136699","PORT+WELLER+AUT",1994,2026
"06-12","TMAX",2001-06-12,21.3192307692308,14.8,29.2,4.06979303953105,16.4,18.1,25,26.65,24.2,"PORT WELLER (AUT) (ECCC AES 6136699; station_id 7790)","6136699",7790,"PORT WELLER (AUT)",6,2017-06-12,"DATE: Jun-12<br>Value: 24.2 °C<br>Anomaly: +2.9 °C<br>Weather station: PORT WELLER (AUT) (ECCC AES 6136699; station_id 7790)","DATE: Jun-12<br><b>Maximum temperature</b><br>10-90 percentile<br>16.4 to 26.6 °C","Historical daily maximum<br>29.2 °C<br>2017-06-12","DATE: Jun-12</b><br>Normal: 21.3 °C<br>Period: 1991-2020","6136699","PORT+WELLER+AUT",1994,2026
"06-12","TMIN",2001-06-12,14.2230769230769,9.7,20.6,2.74857165703319,11.25,12.35,16.05,17.8,17.6,"PORT WELLER (AUT) (ECCC AES 6136699; station_id 7790)","6136699",7790,"PORT WELLER (AUT)",6,2005-06-12,"DATE: Jun-12<br>Value: 17.6 °C<br>Anomaly: +3.4 °C<br>Weather station: PORT WELLER (AUT) (ECCC AES 6136699; station_id 7790)","DATE: Jun-12<br><b>Minimum temperature</b><br>10-90 percentile<br>11.2 to 17.8 °C","Historical daily maximum<br>20.6 °C<br>2005-06-12","DATE: Jun-12</b><br>Normal: 14.2 °C<br>Period: 1991-2020","6136699","PORT+WELLER+AUT",1994,2026
"06-12","VPD",2001-06-12,0.959398511716696,0.268400663601364,1.94587181138374,0.50105978618805,0.337741056055936,0.535085731602338,1.27937569991688,1.64935083852544,1.00727927562866,"PORT WELLER (AUT) (ECCC AES 6136699; station_id 7790)","6136699",7790,"PORT WELLER (AUT)",6,2012-06-12,"DATE: Jun-12<br>Value: 1.0 kPa<br>Anomaly: +0.0 kPa<br>Weather station: PORT WELLER (AUT) (ECCC AES 6136699; station_id 7790)","DATE: Jun-12<br><b>Vapour pressure deficit</b><br>10-90 percentile<br>0.3 to 1.6 kPa","Historical daily maximum<br>1.9 kPa<br>2012-06-12","DATE: Jun-12</b><br>Normal: 1.0 kPa<br>Period: 1991-2020","6136699","PORT+WELLER+AUT",1994,2026
"06-13","TMAX",2001-06-13,21.4615384615385,13.9,30.6,3.82957720100555,17.5,18.75,23.675,26.8,28.5,"PORT WELLER (AUT) (ECCC AES 6136699; station_id 7790)","6136699",7790,"PORT WELLER (AUT)",6,2008-06-13,"DATE: Jun-13<br>Value: 28.5 °C<br>Anomaly: +7.0 °C<br>Weather station: PORT WELLER (AUT) (ECCC AES 6136699; station_id 7790)","DATE: Jun-13<br><b>Maximum temperature</b><br>10-90 percentile<br>17.5 to 26.8 °C","Historical daily maximum<br>30.6 °C<br>2008-06-13","DATE: Jun-13</b><br>Normal: 21.5 °C<br>Period: 1991-2020","6136699","PORT+WELLER+AUT",1994,2026
"06-13","TMIN",2001-06-13,14.2269230769231,10,20.7,2.58310784789295,11.3,12.5,15.675,17.1,18,"PORT WELLER (AUT) (ECCC AES 6136699; station_id 7790)","6136699",7790,"PORT WELLER (AUT)",6,2005-06-13,"DATE: Jun-13<br>Value: 18.0 °C<br>Anomaly: +3.8 °C<br>Weather station: PORT WELLER (AUT) (ECCC AES 6136699; station_id 7790)","DATE: Jun-13<br><b>Minimum temperature</b><br>10-90 percentile<br>11.3 to 17.1 °C","Historical daily maximum<br>20.7 °C<br>2005-06-13","DATE: Jun-13</b><br>Normal: 14.2 °C<br>Period: 1991-2020","6136699","PORT+WELLER+AUT",1994,2026
"06-13","VPD",2001-06-13,0.977186666224107,0.240232373456662,3.09592786032305,0.595571573071371,0.391684438802011,0.622838369825989,1.14138295353963,1.61121798843396,1.82739032852473,"PORT WELLER (AUT) (ECCC AES 6136699; station_id 7790)","6136699",7790,"PORT WELLER (AUT)",6,2008-06-13,"DATE: Jun-13<br>Value: 1.8 kPa<br>Anomaly: +0.9 kPa<br>Weather station: PORT WELLER (AUT) (ECCC AES 6136699; station_id 7790)","DATE: Jun-13<br><b>Vapour pressure deficit</b><br>10-90 percentile<br>0.4 to 1.6 kPa","Historical daily maximum<br>3.1 kPa<br>2008-06-13","DATE: Jun-13</b><br>Normal: 1.0 kPa<br>Period: 1991-2020","6136699","PORT+WELLER+AUT",1994,2026
"06-14","TMAX",2001-06-14,21.904,16.2,29.7,3.18727678957026,18.46,19.5,23.6,25.54,22.1,"PORT WELLER (AUT) (ECCC AES 6136699; station_id 7790)","6136699",7790,"PORT WELLER (AUT)",6,2005-06-14,"DATE: Jun-14<br>Value: 22.1 °C<br>Anomaly: +0.2 °C<br>Weather station: PORT WELLER (AUT) (ECCC AES 6136699; station_id 7790)","DATE: Jun-14<br><b>Maximum temperature</b><br>10-90 percentile<br>18.5 to 25.5 °C","Historical daily maximum<br>29.7 °C<br>2005-06-14","DATE: Jun-14</b><br>Normal: 21.9 °C<br>Period: 1991-2020","6136699","PORT+WELLER+AUT",1994,2026
"06-14","TMIN",2001-06-14,14.348,11.1,19.9,2.00356349204777,11.96,13.2,15.7,16.78,13.2,"PORT WELLER (AUT) (ECCC AES 6136699; station_id 7790)","6136699",7790,"PORT WELLER (AUT)",6,2005-06-14,"DATE: Jun-14<br>Value: 13.2 °C<br>Anomaly: -1.1 °C<br>Weather station: PORT WELLER (AUT) (ECCC AES 6136699; station_id 7790)","DATE: Jun-14<br><b>Minimum temperature</b><br>10-90 percentile<br>12.0 to 16.8 °C","Historical daily maximum<br>19.9 °C<br>2005-06-14","DATE: Jun-14</b><br>Normal: 14.3 °C<br>Period: 1991-2020","6136699","PORT+WELLER+AUT",1994,2026
"06-14","VPD",2001-06-14,1.02413133784615,0.38015101080914,1.84675143282841,0.394771115487372,0.482590601426583,0.653561292944687,1.2410830916715,1.39590427063336,1.14261061249162,"PORT WELLER (AUT) (ECCC AES 6136699; station_id 7790)","6136699",7790,"PORT WELLER (AUT)",6,2005-06-14,"DATE: Jun-14<br>Value: 1.1 kPa<br>Anomaly: +0.1 kPa<br>Weather station: PORT WELLER (AUT) (ECCC AES 6136699; station_id 7790)","DATE: Jun-14<br><b>Vapour pressure deficit</b><br>10-90 percentile<br>0.5 to 1.4 kPa","Historical daily maximum<br>1.8 kPa<br>2005-06-14","DATE: Jun-14</b><br>Normal: 1.0 kPa<br>Period: 1991-2020","6136699","PORT+WELLER+AUT",1994,2026
"06-15","TMAX",2001-06-15,21.724,16.7,27.6,3.09048000586748,17.5,19.3,23.7,25.74,20.1,"PORT WELLER (AUT) (ECCC AES 6136699; station_id 7790)","6136699",7790,"PORT WELLER (AUT)",6,2001-06-15,"DATE: Jun-15<br>Value: 20.1 °C<br>Anomaly: -1.6 °C<br>Weather station: PORT WELLER (AUT) (ECCC AES 6136699; station_id 7790)","DATE: Jun-15<br><b>Maximum temperature</b><br>10-90 percentile<br>17.5 to 25.7 °C","Historical daily maximum<br>27.6 °C<br>2001-06-15","DATE: Jun-15</b><br>Normal: 21.7 °C<br>Period: 1991-2020","6136699","PORT+WELLER+AUT",1994,2026
"06-15","TMIN",2001-06-15,14.616,10.9,17.6,1.80962242839033,13.1,13.3,16.3,17.36,12.1,"PORT WELLER (AUT) (ECCC AES 6136699; station_id 7790)","6136699",7790,"PORT WELLER (AUT)",6,2001-06-15,"DATE: Jun-15<br>Value: 12.1 °C<br>Anomaly: -2.5 °C<br>Weather station: PORT WELLER (AUT) (ECCC AES 6136699; station_id 7790)","DATE: Jun-15<br><b>Minimum temperature</b><br>10-90 percentile<br>13.1 to 17.4 °C","Historical daily maximum<br>17.6 °C<br>2001-06-15","DATE: Jun-15</b><br>Normal: 14.6 °C<br>Period: 1991-2020","6136699","PORT+WELLER+AUT",1994,2026
"06-15","VPD",2001-06-15,0.965462907460311,0.332127211161593,1.68013541766497,0.407519692091664,0.480258182389942,0.621469849875058,1.30618910956769,1.56208149679275,0.940955996506273,"PORT WELLER (AUT) (ECCC AES 6136699; station_id 7790)","6136699",7790,"PORT WELLER (AUT)",6,2001-06-15,"DATE: Jun-15<br>Value: 0.9 kPa<br>Anomaly: 0.0 kPa<br>Weather station: PORT WELLER (AUT) (ECCC AES 6136699; station_id 7790)","DATE: Jun-15<br><b>Vapour pressure deficit</b><br>10-90 percentile<br>0.5 to 1.6 kPa","Historical daily maximum<br>1.7 kPa<br>2001-06-15","DATE: Jun-15</b><br>Normal: 1.0 kPa<br>Period: 1991-2020","6136699","PORT+WELLER+AUT",1994,2026
"06-16","TMAX",2001-06-16,22.276,15.6,29.8,4.12979821944527,16.92,18.9,25,27.04,22.4,"PORT WELLER (AUT) (ECCC AES 6136699; station_id 7790)","6136699",7790,"PORT WELLER (AUT)",6,2017-06-16,"DATE: Jun-16<br>Value: 22.4 °C<br>Anomaly: +0.1 °C<br>Weather station: PORT WELLER (AUT) (ECCC AES 6136699; station_id 7790)","DATE: Jun-16<br><b>Maximum temperature</b><br>10-90 percentile<br>16.9 to 27.0 °C","Historical daily maximum<br>29.8 °C<br>2017-06-16","DATE: Jun-16</b><br>Normal: 22.3 °C<br>Period: 1991-2020","6136699","PORT+WELLER+AUT",1994,2026
"06-16","TMIN",2001-06-16,14.9,10,17.5,2.06599451435219,11.52,13.9,16.7,17,14.8,"PORT WELLER (AUT) (ECCC AES 6136699; station_id 7790)","6136699",7790,"PORT WELLER (AUT)",6,2011-06-16,"DATE: Jun-16<br>Value: 14.8 °C<br>Anomaly: -0.1 °C<br>Weather station: PORT WELLER (AUT) (ECCC AES 6136699; station_id 7790)","DATE: Jun-16<br><b>Minimum temperature</b><br>10-90 percentile<br>11.5 to 17.0 °C","Historical daily maximum<br>17.5 °C<br>2011-06-16","DATE: Jun-16</b><br>Normal: 14.9 °C<br>Period: 1991-2020","6136699","PORT+WELLER+AUT",1994,2026
"06-16","VPD",2001-06-16,1.0535889691768,0.368754405162067,2.48928637880156,0.569611999986812,0.428317636236533,0.541124156478041,1.32191555344839,1.72564742104368,1.02557087718303,"PORT WELLER (AUT) (ECCC AES 6136699; station_id 7790)","6136699",7790,"PORT WELLER (AUT)",6,2017-06-16,"DATE: Jun-16<br>Value: 1.0 kPa<br>Anomaly: 0.0 kPa<br>Weather station: PORT WELLER (AUT) (ECCC AES 6136699; station_id 7790)","DATE: Jun-16<br><b>Vapour pressure deficit</b><br>10-90 percentile<br>0.4 to 1.7 kPa","Historical daily maximum<br>2.5 kPa<br>2017-06-16","DATE: Jun-16</b><br>Normal: 1.1 kPa<br>Period: 1991-2020","6136699","PORT+WELLER+AUT",1994,2026
"06-17","TMAX",2001-06-17,22.804,15.6,32,4.49161069847629,18.38,19.1,26.7,29.14,22.2,"PORT WELLER (AUT) (ECCC AES 6136699; station_id 7790)","6136699",7790,"PORT WELLER (AUT)",6,2018-06-17,"DATE: Jun-17<br>Value: 22.2 °C<br>Anomaly: -0.6 °C<br>Weather station: PORT WELLER (AUT) (ECCC AES 6136699; station_id 7790)","DATE: Jun-17<br><b>Maximum temperature</b><br>10-90 percentile<br>18.4 to 29.1 °C","Historical daily maximum<br>32.0 °C<br>2018-06-17","DATE: Jun-17</b><br>Normal: 22.8 °C<br>Period: 1991-2020","6136699","PORT+WELLER+AUT",1994,2026
"06-17","TMIN",2001-06-17,15.228,11.2,20.1,2.40113167763314,12.18,13.2,16.7,18.04,14.7,"PORT WELLER (AUT) (ECCC AES 6136699; station_id 7790)","6136699",7790,"PORT WELLER (AUT)",6,2012-06-17,"DATE: Jun-17<br>Value: 14.7 °C<br>Anomaly: -0.5 °C<br>Weather station: PORT WELLER (AUT) (ECCC AES 6136699; station_id 7790)","DATE: Jun-17<br><b>Minimum temperature</b><br>10-90 percentile<br>12.2 to 18.0 °C","Historical daily maximum<br>20.1 °C<br>2012-06-17","DATE: Jun-17</b><br>Normal: 15.2 °C<br>Period: 1991-2020","6136699","PORT+WELLER+AUT",1994,2026
"06-17","VPD",2001-06-17,1.11766414875027,0.255406671201726,2.75478842136186,0.667983869939535,0.445294324798775,0.633437798248277,1.38659367846607,2.13984923410613,1.00364725223456,"PORT WELLER (AUT) (ECCC AES 6136699; station_id 7790)","6136699",7790,"PORT WELLER (AUT)",6,2018-06-17,"DATE: Jun-17<br>Value: 1.0 kPa<br>Anomaly: -0.1 kPa<br>Weather station: PORT WELLER (AUT) (ECCC AES 6136699; station_id 7790)","DATE: Jun-17<br><b>Vapour pressure deficit</b><br>10-90 percentile<br>0.4 to 2.1 kPa","Historical daily maximum<br>2.8 kPa<br>2018-06-17","DATE: Jun-17</b><br>Normal: 1.1 kPa<br>Period: 1991-2020","6136699","PORT+WELLER+AUT",1994,2026
"06-18","TMAX",2001-06-18,22.752,15,31.1,4.69220275208421,17.22,18.9,26.1,29.3,21.9,"PORT WELLER (AUT) (ECCC AES 6136699; station_id 7790)","6136699",7790,"PORT WELLER (AUT)",6,1995-06-18,"DATE: Jun-18<br>Value: 21.9 °C<br>Anomaly: -0.9 °C<br>Weather station: PORT WELLER (AUT) (ECCC AES 6136699; station_id 7790)","DATE: Jun-18<br><b>Maximum temperature</b><br>10-90 percentile<br>17.2 to 29.3 °C","Historical daily maximum<br>31.1 °C<br>1995-06-18","DATE: Jun-18</b><br>Normal: 22.8 °C<br>Period: 1991-2020","6136699","PORT+WELLER+AUT",1994,2026
"06-18","TMIN",2001-06-18,15.344,10.4,20.1,2.67894257746099,11.6,13.9,17.4,18.84,15.3,"PORT WELLER (AUT) (ECCC AES 6136699; station_id 7790)","6136699",7790,"PORT WELLER (AUT)",6,2012-06-18,"DATE: Jun-18<br>Value: 15.3 °C<br>Anomaly: 0.0 °C<br>Weather station: PORT WELLER (AUT) (ECCC AES 6136699; station_id 7790)","DATE: Jun-18<br><b>Minimum temperature</b><br>10-90 percentile<br>11.6 to 18.8 °C","Historical daily maximum<br>20.1 °C<br>2012-06-18","DATE: Jun-18</b><br>Normal: 15.3 °C<br>Period: 1991-2020","6136699","PORT+WELLER+AUT",1994,2026
"06-18","VPD",2001-06-18,1.09759645528434,0.27426444692135,2.25263618021013,0.599989761572895,0.357956209780264,0.750255013752128,1.39396462294396,1.97452461998127,0.889294948811743,"PORT WELLER (AUT) (ECCC AES 6136699; station_id 7790)","6136699",7790,"PORT WELLER (AUT)",6,2018-06-18,"DATE: Jun-18<br>Value: 0.9 kPa<br>Anomaly: -0.2 kPa<br>Weather station: PORT WELLER (AUT) (ECCC AES 6136699; station_id 7790)","DATE: Jun-18<br><b>Vapour pressure deficit</b><br>10-90 percentile<br>0.4 to 2.0 kPa","Historical daily maximum<br>2.3 kPa<br>2018-06-18","DATE: Jun-18</b><br>Normal: 1.1 kPa<br>Period: 1991-2020","6136699","PORT+WELLER+AUT",1994,2026
"06-19","TMAX",2001-06-19,22.652,17.6,32.2,4.82874379799412,18.14,19.4,26.1,30.38,21.4,"PORT WELLER (AUT) (ECCC AES 6136699; station_id 7790)","6136699",7790,"PORT WELLER (AUT)",6,2016-06-19,"DATE: Jun-19<br>Value: 21.4 °C<br>Anomaly: -1.3 °C<br>Weather station: PORT WELLER (AUT) (ECCC AES 6136699; station_id 7790)","DATE: Jun-19<br><b>Maximum temperature</b><br>10-90 percentile<br>18.1 to 30.4 °C","Historical daily maximum<br>32.2 °C<br>2016-06-19","DATE: Jun-19</b><br>Normal: 22.7 °C<br>Period: 1991-2020","6136699","PORT+WELLER+AUT",1994,2026
"06-19","TMIN",2001-06-19,15.768,12,23.2,3.01340339151598,12.32,13.6,17.6,19.38,14.5,"PORT WELLER (AUT) (ECCC AES 6136699; station_id 7790)","6136699",7790,"PORT WELLER (AUT)",6,2012-06-19,"DATE: Jun-19<br>Value: 14.5 °C<br>Anomaly: -1.3 °C<br>Weather station: PORT WELLER (AUT) (ECCC AES 6136699; station_id 7790)","DATE: Jun-19<br><b>Minimum temperature</b><br>10-90 percentile<br>12.3 to 19.4 °C","Historical daily maximum<br>23.2 °C<br>2012-06-19","DATE: Jun-19</b><br>Normal: 15.8 °C<br>Period: 1991-2020","6136699","PORT+WELLER+AUT",1994,2026
"06-19","VPD",2001-06-19,1.03545979852527,0.399408352893624,2.54189726428251,0.603985181798351,0.470553465848934,0.563772656792369,1.36871526921876,1.9185838550886,0.89755144292738,"PORT WELLER (AUT) (ECCC AES 6136699; station_id 7790)","6136699",7790,"PORT WELLER (AUT)",6,2016-06-19,"DATE: Jun-19<br>Value: 0.9 kPa<br>Anomaly: -0.1 kPa<br>Weather station: PORT WELLER (AUT) (ECCC AES 6136699; station_id 7790)","DATE: Jun-19<br><b>Vapour pressure deficit</b><br>10-90 percentile<br>0.5 to 1.9 kPa","Historical daily maximum<br>2.5 kPa<br>2016-06-19","DATE: Jun-19</b><br>Normal: 1.0 kPa<br>Period: 1991-2020","6136699","PORT+WELLER+AUT",1994,2026
"06-20","TMAX",2001-06-20,21.996,16.3,32.7,3.95911185326541,17.9,19.3,23.7,25.98,24.3,"PORT WELLER (AUT) (ECCC AES 6136699; station_id 7790)","6136699",7790,"PORT WELLER (AUT)",6,2012-06-20,"DATE: Jun-20<br>Value: 24.3 °C<br>Anomaly: +2.3 °C<br>Weather station: PORT WELLER (AUT) (ECCC AES 6136699; station_id 7790)","DATE: Jun-20<br><b>Maximum temperature</b><br>10-90 percentile<br>17.9 to 26.0 °C","Historical daily maximum<br>32.7 °C<br>2012-06-20","DATE: Jun-20</b><br>Normal: 22.0 °C<br>Period: 1991-2020","6136699","PORT+WELLER+AUT",1994,2026
"06-20","TMIN",2001-06-20,15.316,10.3,22.1,2.61050442124378,12.82,13.4,16.5,18.5,13.5,"PORT WELLER (AUT) (ECCC AES 6136699; station_id 7790)","6136699",7790,"PORT WELLER (AUT)",6,2012-06-20,"DATE: Jun-20<br>Value: 13.5 °C<br>Anomaly: -1.8 °C<br>Weather station: PORT WELLER (AUT) (ECCC AES 6136699; station_id 7790)","DATE: Jun-20<br><b>Minimum temperature</b><br>10-90 percentile<br>12.8 to 18.5 °C","Historical daily maximum<br>22.1 °C<br>2012-06-20","DATE: Jun-20</b><br>Normal: 15.3 °C<br>Period: 1991-2020","6136699","PORT+WELLER+AUT",1994,2026
"06-20","VPD",2001-06-20,0.950242800567683,0.326004936303073,2.28602944032465,0.515031440116538,0.452858860084287,0.505559083335642,1.25158450856394,1.35129840295717,1.49060447244209,"PORT WELLER (AUT) (ECCC AES 6136699; station_id 7790)","6136699",7790,"PORT WELLER (AUT)",6,2012-06-20,"DATE: Jun-20<br>Value: 1.5 kPa<br>Anomaly: +0.5 kPa<br>Weather station: PORT WELLER (AUT) (ECCC AES 6136699; station_id 7790)","DATE: Jun-20<br><b>Vapour pressure deficit</b><br>10-90 percentile<br>0.5 to 1.4 kPa","Historical daily maximum<br>2.3 kPa<br>2012-06-20","DATE: Jun-20</b><br>Normal: 1.0 kPa<br>Period: 1991-2020","6136699","PORT+WELLER+AUT",1994,2026
"06-21","TMAX",2001-06-21,23.6625,18.6,32,3.56819434302074,19.14,20.825,25.95,28.28,23.5,"PORT WELLER (AUT) (ECCC AES 6136699; station_id 7790)","6136699",7790,"PORT WELLER (AUT)",6,2012-06-21,"DATE: Jun-21<br>Value: 23.5 °C<br>Anomaly: -0.2 °C<br>Weather station: PORT WELLER (AUT) (ECCC AES 6136699; station_id 7790)","DATE: Jun-21<br><b>Maximum temperature</b><br>10-90 percentile<br>19.1 to 28.3 °C","Historical daily maximum<br>32.0 °C<br>2012-06-21","DATE: Jun-21</b><br>Normal: 23.7 °C<br>Period: 1991-2020","6136699","PORT+WELLER+AUT",1994,2026
"06-21","TMIN",2001-06-21,15.9333333333333,12.9,20.6,1.79822779102254,14.39,14.6,16.95,18.07,14,"PORT WELLER (AUT) (ECCC AES 6136699; station_id 7790)","6136699",7790,"PORT WELLER (AUT)",6,2012-06-21,"DATE: Jun-21<br>Value: 14.0 °C<br>Anomaly: -1.9 °C<br>Weather station: PORT WELLER (AUT) (ECCC AES 6136699; station_id 7790)","DATE: Jun-21<br><b>Minimum temperature</b><br>10-90 percentile<br>14.4 to 18.1 °C","Historical daily maximum<br>20.6 °C<br>2012-06-21","DATE: Jun-21</b><br>Normal: 15.9 °C<br>Period: 1991-2020","6136699","PORT+WELLER+AUT",1994,2026
"06-21","VPD",2001-06-21,1.16107893128025,0.445157946003949,2.32822308415579,0.517459093969962,0.510038885415329,0.788551616649502,1.40927888498461,1.71728479340451,1.2969259134837,"PORT WELLER (AUT) (ECCC AES 6136699; station_id 7790)","6136699",7790,"PORT WELLER (AUT)",6,2012-06-21,"DATE: Jun-21<br>Value: 1.3 kPa<br>Anomaly: +0.1 kPa<br>Weather station: PORT WELLER (AUT) (ECCC AES 6136699; station_id 7790)","DATE: Jun-21<br><b>Vapour pressure deficit</b><br>10-90 percentile<br>0.5 to 1.7 kPa","Historical daily maximum<br>2.3 kPa<br>2012-06-21","DATE: Jun-21</b><br>Normal: 1.2 kPa<br>Period: 1991-2020","6136699","PORT+WELLER+AUT",1994,2026
"06-22","TMAX",2001-06-22,23.3625,19,28,2.60147324481307,20.3,21.25,25.425,26.88,18.5,"PORT WELLER (AUT) (ECCC AES 6136699; station_id 7790)","6136699",7790,"PORT WELLER (AUT)",6,2025-06-22,"DATE: Jun-22<br>Value: 18.5 °C<br>Anomaly: -4.9 °C<br>Weather station: PORT WELLER (AUT) (ECCC AES 6136699; station_id 7790)","DATE: Jun-22<br><b>Maximum temperature</b><br>10-90 percentile<br>20.3 to 26.9 °C","Historical daily maximum<br>28.0 °C<br>2025-06-22","DATE: Jun-22</b><br>Normal: 23.4 °C<br>Period: 1991-2020","6136699","PORT+WELLER+AUT",1994,2026
"06-22","TMIN",2001-06-22,16.1458333333333,13.1,21.4,2.07615429741305,14,14.75,17.05,19.22,14.2,"PORT WELLER (AUT) (ECCC AES 6136699; station_id 7790)","6136699",7790,"PORT WELLER (AUT)",6,2025-06-22,"DATE: Jun-22<br>Value: 14.2 °C<br>Anomaly: -1.9 °C<br>Weather station: PORT WELLER (AUT) (ECCC AES 6136699; station_id 7790)","DATE: Jun-22<br><b>Minimum temperature</b><br>10-90 percentile<br>14.0 to 19.2 °C","Historical daily maximum<br>21.4 °C<br>2025-06-22","DATE: Jun-22</b><br>Normal: 16.1 °C<br>Period: 1991-2020","6136699","PORT+WELLER+AUT",1994,2026
"06-22","VPD",2001-06-22,1.05217574776292,0.488503242033022,2.18132550456997,0.391176214532925,0.661278483932248,0.765304540936719,1.23259344343839,1.52988993338774,0.510305932856788,"PORT WELLER (AUT) (ECCC AES 6136699; station_id 7790)","6136699",7790,"PORT WELLER (AUT)",6,2022-06-22,"DATE: Jun-22<br>Value: 0.5 kPa<br>Anomaly: -0.5 kPa<br>Weather station: PORT WELLER (AUT) (ECCC AES 6136699; station_id 7790)","DATE: Jun-22<br><b>Vapour pressure deficit</b><br>10-90 percentile<br>0.7 to 1.5 kPa","Historical daily maximum<br>2.2 kPa<br>2022-06-22","DATE: Jun-22</b><br>Normal: 1.1 kPa<br>Period: 1991-2020","6136699","PORT+WELLER+AUT",1994,2026
"06-23","TMAX",2001-06-23,24.45,15.6,30.3,3.58826590067027,20.48,22,26.7,28.51,23.6,"","6136699",7790,"PORT WELLER (AUT)",6,2025-06-23,"DATE: Jun-23<br>Value: 23.6 °C<br>Anomaly: -0.8 °C<br>Weather station: ","DATE: Jun-23<br><b>Maximum temperature</b><br>10-90 percentile<br>20.5 to 28.5 °C","Historical daily maximum<br>30.3 °C<br>2025-06-23","DATE: Jun-23</b><br>Normal: 24.4 °C<br>Period: 1991-2020","6136699","PORT+WELLER+AUT",1994,2026
"06-23","TMIN",2001-06-23,16.1416666666667,12.7,19,1.92103157674219,13.6,14.925,17.775,18.81,13.2,"","6136699",7790,"PORT WELLER (AUT)",6,2025-06-23,"DATE: Jun-23<br>Value: 13.2 °C<br>Anomaly: -2.9 °C<br>Weather station: ","DATE: Jun-23<br><b>Minimum temperature</b><br>10-90 percentile<br>13.6 to 18.8 °C","Historical daily maximum<br>19.0 °C<br>2025-06-23","DATE: Jun-23</b><br>Normal: 16.1 °C<br>Period: 1991-2020","6136699","PORT+WELLER+AUT",1994,2026
"06-23","VPD",2001-06-23,1.27729181987335,0.303717029737728,2.53096014436365,0.562910570489051,0.582167033276057,0.902337669408539,1.57448879649302,1.89912091842448,1.39554427773434,"","6136699",7790,"PORT WELLER (AUT)",6,2003-06-23,"DATE: Jun-23<br>Value: 1.4 kPa<br>Anomaly: +0.1 kPa<br>Weather station: ","DATE: Jun-23<br><b>Vapour pressure deficit</b><br>10-90 percentile<br>0.6 to 1.9 kPa","Historical daily maximum<br>2.5 kPa<br>2003-06-23","DATE: Jun-23</b><br>Normal: 1.3 kPa<br>Period: 1991-2020","6136699","PORT+WELLER+AUT",1994,2026
"06-24","TMAX",2001-06-24,25.1916666666667,17.7,32.6,3.70028396873475,19.98,23.775,27.8,29.46,25.1,"","6136699",7790,"PORT WELLER (AUT)",6,2003-06-24,"DATE: Jun-24<br>Value: 25.1 °C<br>Anomaly: -0.1 °C<br>Weather station: ","DATE: Jun-24<br><b>Maximum temperature</b><br>10-90 percentile<br>20.0 to 29.5 °C","Historical daily maximum<br>32.6 °C<br>2003-06-24","DATE: Jun-24</b><br>Normal: 25.2 °C<br>Period: 1991-2020","6136699","PORT+WELLER+AUT",1994,2026
"06-24","TMIN",2001-06-24,16.436,9.3,21.3,2.50247877113873,13.66,15.1,18,18.96,14.5,"","6136699",7790,"PORT WELLER (AUT)",6,2025-06-24,"DATE: Jun-24<br>Value: 14.5 °C<br>Anomaly: -1.9 °C<br>Weather station: ","DATE: Jun-24<br><b>Minimum temperature</b><br>10-90 percentile<br>13.7 to 19.0 °C","Historical daily maximum<br>21.3 °C<br>2025-06-24","DATE: Jun-24</b><br>Normal: 16.4 °C<br>Period: 1991-2020","6136699","PORT+WELLER+AUT",1994,2026
"06-24","VPD",2001-06-24,1.38817338396678,0.315979720611142,3.06495862297052,0.621296663850292,0.715910351676199,1.03712035308025,1.74932094953572,2.00580613496791,1.53547660666035,"","6136699",7790,"PORT WELLER (AUT)",6,2003-06-24,"DATE: Jun-24<br>Value: 1.5 kPa<br>Anomaly: +0.1 kPa<br>Weather station: ","DATE: Jun-24<br><b>Vapour pressure deficit</b><br>10-90 percentile<br>0.7 to 2.0 kPa","Historical daily maximum<br>3.1 kPa<br>2003-06-24","DATE: Jun-24</b><br>Normal: 1.4 kPa<br>Period: 1991-2020","6136699","PORT+WELLER+AUT",1994,2026
"06-25","TMAX",2001-06-25,25.1,18,31.8,3.87040049607273,21.22,21.875,28.2,30.1,NA,NA,NA,NA,NA,6,2005-06-25,"","DATE: Jun-25<br><b>Maximum temperature</b><br>10-90 percentile<br>21.2 to 30.1 °C","Historical daily maximum<br>31.8 °C<br>2005-06-25","DATE: Jun-25</b><br>Normal: 25.1 °C<br>Period: 1991-2020","6136699","PORT+WELLER+AUT",1994,2026
"06-25","TMIN",2001-06-25,16.8041666666667,9.3,20.7,2.50867697102029,14.02,15.825,18.175,19.3,NA,NA,NA,NA,NA,6,2013-06-25,"","DATE: Jun-25<br><b>Minimum temperature</b><br>10-90 percentile<br>14.0 to 19.3 °C","Historical daily maximum<br>20.7 °C<br>2013-06-25","DATE: Jun-25</b><br>Normal: 16.8 °C<br>Period: 1991-2020","6136699","PORT+WELLER+AUT",1994,2026
"06-25","VPD",2001-06-25,1.32495972620811,0.453806428361276,2.46244281688472,0.633956731787825,0.572695977749873,0.853631330030636,1.72867800610646,2.33790524481636,NA,NA,NA,NA,NA,6,2005-06-25,"","DATE: Jun-25<br><b>Vapour pressure deficit</b><br>10-90 percentile<br>0.6 to 2.3 kPa","Historical daily maximum<br>2.5 kPa<br>2005-06-25","DATE: Jun-25</b><br>Normal: 1.3 kPa<br>Period: 1991-2020","6136699","PORT+WELLER+AUT",1994,2026
"06-26","TMAX",2001-06-26,25.524,20,32.7,3.54298367669586,21.98,22.3,28.1,30.3,22,"","6136699",7790,"PORT WELLER (AUT)",6,2007-06-26,"DATE: Jun-26<br>Value: 22.0 °C<br>Anomaly: -3.5 °C<br>Weather station: ","DATE: Jun-26<br><b>Maximum temperature</b><br>10-90 percentile<br>22.0 to 30.3 °C","Historical daily maximum<br>32.7 °C<br>2007-06-26","DATE: Jun-26</b><br>Normal: 25.5 °C<br>Period: 1991-2020","6136699","PORT+WELLER+AUT",1994,2026
"06-26","TMIN",2001-06-26,17.508,12,20.2,2.17943417733441,13.96,16.8,18.8,19.96,14.8,"","6136699",7790,"PORT WELLER (AUT)",6,2013-06-26,"DATE: Jun-26<br>Value: 14.8 °C<br>Anomaly: -2.7 °C<br>Weather station: ","DATE: Jun-26<br><b>Minimum temperature</b><br>10-90 percentile<br>14.0 to 20.0 °C","Historical daily maximum<br>20.2 °C<br>2013-06-26","DATE: Jun-26</b><br>Normal: 17.5 °C<br>Period: 1991-2020","6136699","PORT+WELLER+AUT",1994,2026
"06-26","VPD",2001-06-26,1.3130682861814,0.504883503181381,2.60783750449451,0.549330721879908,0.635954100683218,0.978657012959472,1.70826150825772,2.0889906669574,0.960419664177486,"","6136699",7790,"PORT WELLER (AUT)",6,2007-06-26,"DATE: Jun-26<br>Value: 1.0 kPa<br>Anomaly: -0.4 kPa<br>Weather station: ","DATE: Jun-26<br><b>Vapour pressure deficit</b><br>10-90 percentile<br>0.6 to 2.1 kPa","Historical daily maximum<br>2.6 kPa<br>2007-06-26","DATE: Jun-26</b><br>Normal: 1.3 kPa<br>Period: 1991-2020","6136699","PORT+WELLER+AUT",1994,2026
"06-27","TMAX",2001-06-27,24.732,16.7,31.6,3.65110942043648,20.64,22.9,26.5,29.54,20.8,"","6136699",7790,"PORT WELLER (AUT)",6,2007-06-27,"DATE: Jun-27<br>Value: 20.8 °C<br>Anomaly: -3.9 °C<br>Weather station: ","DATE: Jun-27<br><b>Maximum temperature</b><br>10-90 percentile<br>20.6 to 29.5 °C","Historical daily maximum<br>31.6 °C<br>2007-06-27","DATE: Jun-27</b><br>Normal: 24.7 °C<br>Period: 1991-2020","6136699","PORT+WELLER+AUT",1994,2026
"06-27","TMIN",2001-06-27,17.584,11.6,21.8,2.39577405723773,14.22,16.4,19.4,19.92,15.8,"","6136699",7790,"PORT WELLER (AUT)",6,2021-06-27,"DATE: Jun-27<br>Value: 15.8 °C<br>Anomaly: -1.8 °C<br>Weather station: ","DATE: Jun-27<br><b>Minimum temperature</b><br>10-90 percentile<br>14.2 to 19.9 °C","Historical daily maximum<br>21.8 °C<br>2021-06-27","DATE: Jun-27</b><br>Normal: 17.6 °C<br>Period: 1991-2020","6136699","PORT+WELLER+AUT",1994,2026
"06-27","VPD",2001-06-27,1.1501078236287,0.333447939667045,2.46546692294984,0.508609960447229,0.612562228995162,0.819308064701755,1.40439010831125,1.81082789691689,0.661428044384899,"","6136699",7790,"PORT WELLER (AUT)",6,2001-06-27,"DATE: Jun-27<br>Value: 0.7 kPa<br>Anomaly: -0.5 kPa<br>Weather station: ","DATE: Jun-27<br><b>Vapour pressure deficit</b><br>10-90 percentile<br>0.6 to 1.8 kPa","Historical daily maximum<br>2.5 kPa<br>2001-06-27","DATE: Jun-27</b><br>Normal: 1.2 kPa<br>Period: 1991-2020","6136699","PORT+WELLER+AUT",1994,2026
"06-28","TMAX",2001-06-28,25.195652173913,13.7,32.7,4.70700428383736,19.22,22,28.05,30.04,21.4,"","6136699",7790,"PORT WELLER (AUT)",6,2005-06-28,"DATE: Jun-28<br>Value: 21.4 °C<br>Anomaly: -3.8 °C<br>Weather station: ","DATE: Jun-28<br><b>Maximum temperature</b><br>10-90 percentile<br>19.2 to 30.0 °C","Historical daily maximum<br>32.7 °C<br>2005-06-28","DATE: Jun-28</b><br>Normal: 25.2 °C<br>Period: 1991-2020","6136699","PORT+WELLER+AUT",1994,2026
"06-28","TMIN",2001-06-28,17.7875,10.5,21.5,2.3589445871443,15.35,17.15,19,19.97,17.7,"","6136699",7790,"PORT WELLER (AUT)",6,2021-06-28,"DATE: Jun-28<br>Value: 17.7 °C<br>Anomaly: -0.1 °C<br>Weather station: ","DATE: Jun-28<br><b>Minimum temperature</b><br>10-90 percentile<br>15.4 to 20.0 °C","Historical daily maximum<br>21.5 °C<br>2021-06-28","DATE: Jun-28</b><br>Normal: 17.8 °C<br>Period: 1991-2020","6136699","PORT+WELLER+AUT",1994,2026
"06-28","VPD",2001-06-28,1.25591144781712,0.298030477912708,2.48950244935034,0.657194018333818,0.406317887137224,0.541033157146272,1.68772709800799,1.98529195814382,0.523394378722203,"","6136699",7790,"PORT WELLER (AUT)",6,2005-06-28,"DATE: Jun-28<br>Value: 0.5 kPa<br>Anomaly: -0.7 kPa<br>Weather station: ","DATE: Jun-28<br><b>Vapour pressure deficit</b><br>10-90 percentile<br>0.4 to 2.0 kPa","Historical daily maximum<br>2.5 kPa<br>2005-06-28","DATE: Jun-28</b><br>Normal: 1.3 kPa<br>Period: 1991-2020","6136699","PORT+WELLER+AUT",1994,2026
"06-29","TMAX",2001-06-29,25.8458333333333,19,30.7,3.34507804115977,21.71,23.7,28.9,29.77,NA,NA,NA,NA,NA,6,2021-06-29,"","DATE: Jun-29<br><b>Maximum temperature</b><br>10-90 percentile<br>21.7 to 29.8 °C","Historical daily maximum<br>30.7 °C<br>2021-06-29","DATE: Jun-29</b><br>Normal: 25.8 °C<br>Period: 1991-2020","6136699","PORT+WELLER+AUT",1994,2026
"06-29","TMIN",2001-06-29,17.5625,12.1,21.3,2.3669485951693,14.53,16.4,19.25,20.26,NA,NA,NA,NA,NA,6,2012-06-29,"","DATE: Jun-29<br><b>Minimum temperature</b><br>10-90 percentile<br>14.5 to 20.3 °C","Historical daily maximum<br>21.3 °C<br>2012-06-29","DATE: Jun-29</b><br>Normal: 17.6 °C<br>Period: 1991-2020","6136699","PORT+WELLER+AUT",1994,2026
"06-29","VPD",2001-06-29,1.35846891139172,0.535470943092127,2.16359803122683,0.446089985342212,0.791374630271437,1.07121949596284,1.62134048521799,1.9721441587087,NA,NA,NA,NA,NA,6,2021-06-29,"","DATE: Jun-29<br><b>Vapour pressure deficit</b><br>10-90 percentile<br>0.8 to 2.0 kPa","Historical daily maximum<br>2.2 kPa<br>2021-06-29","DATE: Jun-29</b><br>Normal: 1.4 kPa<br>Period: 1991-2020","6136699","PORT+WELLER+AUT",1994,2026
"06-30","TMAX",2001-06-30,25.6291666666667,19.9,31.5,3.60994750855089,20.54,23.325,28.5,30.34,30.2,"","6136699",7790,"PORT WELLER (AUT)",6,2018-06-30,"DATE: Jun-30<br>Value: 30.2 °C<br>Anomaly: +4.6 °C<br>Weather station: ","DATE: Jun-30<br><b>Maximum temperature</b><br>10-90 percentile<br>20.5 to 30.3 °C","Historical daily maximum<br>31.5 °C<br>2018-06-30","DATE: Jun-30</b><br>Normal: 25.6 °C<br>Period: 1991-2020","6136699","PORT+WELLER+AUT",1994,2026
"06-30","TMIN",2001-06-30,17.888,13.8,22.5,2.77178041458314,14.14,15.1,20.3,20.78,18.9,"","6136699",7790,"PORT WELLER (AUT)",6,2018-06-30,"DATE: Jun-30<br>Value: 18.9 °C<br>Anomaly: +1.0 °C<br>Weather station: ","DATE: Jun-30<br><b>Minimum temperature</b><br>10-90 percentile<br>14.1 to 20.8 °C","Historical daily maximum<br>22.5 °C<br>2018-06-30","DATE: Jun-30</b><br>Normal: 17.9 °C<br>Period: 1991-2020","6136699","PORT+WELLER+AUT",1994,2026
"06-30","VPD",2001-06-30,1.27714259745534,0.372545452206855,2.09168007129768,0.493258443322045,0.743001791922351,0.854255390466159,1.72125482886314,1.90933121681537,2.10826120101851,"","6136699",7790,"PORT WELLER (AUT)",6,2026-06-30,"DATE: Jun-30<br>Value: 2.1 kPa<br>Anomaly: +0.8 kPa<br>Weather station: ","DATE: Jun-30<br><b>Vapour pressure deficit</b><br>10-90 percentile<br>0.7 to 1.9 kPa","Historical daily maximum<br>2.1 kPa<br>2026-06-30","DATE: Jun-30</b><br>Normal: 1.3 kPa<br>Period: 1991-2020","6136699","PORT+WELLER+AUT",1994,2026
"07-01","TMAX",2001-07-01,25.8166666666667,19.9,33.2,3.50213185591746,21.19,23.625,28.575,29.77,32.7,"","6136699",7790,"PORT WELLER (AUT)",7,2002-07-01,"DATE: Jul-01<br>Value: 32.7 °C<br>Anomaly: +6.9 °C<br>Weather station: ","DATE: Jul-01<br><b>Maximum temperature</b><br>10-90 percentile<br>21.2 to 29.8 °C","Historical daily maximum<br>33.2 °C<br>2002-07-01","DATE: Jul-01</b><br>Normal: 25.8 °C<br>Period: 1991-2020","6136699","PORT+WELLER+AUT",1994,2026
"07-01","TMIN",2001-07-01,17.3916666666667,12.6,23,2.65181097540442,14.88,15.4,18.525,21.32,21.5,"","6136699",7790,"PORT WELLER (AUT)",7,2014-07-01,"DATE: Jul-01<br>Value: 21.5 °C<br>Anomaly: +4.1 °C<br>Weather station: ","DATE: Jul-01<br><b>Minimum temperature</b><br>10-90 percentile<br>14.9 to 21.3 °C","Historical daily maximum<br>23.0 °C<br>2014-07-01","DATE: Jul-01</b><br>Normal: 17.4 °C<br>Period: 1991-2020","6136699","PORT+WELLER+AUT",1994,2026
"07-01","VPD",2001-07-01,1.37554843147038,0.585281868359915,2.52243342071705,0.535348028643396,0.738263142619592,1.0224380264328,1.7146537865275,2.11053690527923,2.38169905476649,"","6136699",7790,"PORT WELLER (AUT)",7,2002-07-01,"DATE: Jul-01<br>Value: 2.4 kPa<br>Anomaly: +1.0 kPa<br>Weather station: ","DATE: Jul-01<br><b>Vapour pressure deficit</b><br>10-90 percentile<br>0.7 to 2.1 kPa","Historical daily maximum<br>2.5 kPa<br>2002-07-01","DATE: Jul-01</b><br>Normal: 1.4 kPa<br>Period: 1991-2020","6136699","PORT+WELLER+AUT",1994,2026
"07-02","TMAX",2001-07-02,25.704,17.8,33.2,3.77220978561197,21.42,23.7,27.9,31.4,30.5,"","6136699",7790,"PORT WELLER (AUT)",7,2002-07-02,"DATE: Jul-02<br>Value: 30.5 °C<br>Anomaly: +4.8 °C<br>Weather station: ","DATE: Jul-02<br><b>Maximum temperature</b><br>10-90 percentile<br>21.4 to 31.4 °C","Historical daily maximum<br>33.2 °C<br>2002-07-02","DATE: Jul-02</b><br>Normal: 25.7 °C<br>Period: 1991-2020","6136699","PORT+WELLER+AUT",1994,2026
"07-02","TMIN",2001-07-02,17.5708333333333,12,23.3,2.71509134551542,14.56,15.7,19.65,20.59,21.1,"","6136699",7790,"PORT WELLER (AUT)",7,2002-07-02,"DATE: Jul-02<br>Value: 21.1 °C<br>Anomaly: +3.5 °C<br>Weather station: ","DATE: Jul-02<br><b>Minimum temperature</b><br>10-90 percentile<br>14.6 to 20.6 °C","Historical daily maximum<br>23.3 °C<br>2002-07-02","DATE: Jul-02</b><br>Normal: 17.6 °C<br>Period: 1991-2020","6136699","PORT+WELLER+AUT",1994,2026
"07-02","VPD",2001-07-02,1.33379739736603,0.386957179621504,2.2981590701902,0.52004393479029,0.753206735580121,1.01770013900081,1.61168450102181,2.1657125928225,1.86395656501245,"","6136699",7790,"PORT WELLER (AUT)",7,2020-07-02,"DATE: Jul-02<br>Value: 1.9 kPa<br>Anomaly: +0.5 kPa<br>Weather station: ","DATE: Jul-02<br><b>Vapour pressure deficit</b><br>10-90 percentile<br>0.8 to 2.2 kPa","Historical daily maximum<br>2.3 kPa<br>2020-07-02","DATE: Jul-02</b><br>Normal: 1.3 kPa<br>Period: 1991-2020","6136699","PORT+WELLER+AUT",1994,2026
"07-03","TMAX",2001-07-03,25.1916666666667,17.5,33.1,4.31991512262297,20.25,22,28.275,31.08,30.3,"","6136699",7790,"PORT WELLER (AUT)",7,2002-07-03,"DATE: Jul-03<br>Value: 30.3 °C<br>Anomaly: +5.1 °C<br>Weather station: ","DATE: Jul-03<br><b>Maximum temperature</b><br>10-90 percentile<br>20.2 to 31.1 °C","Historical daily maximum<br>33.1 °C<br>2002-07-03","DATE: Jul-03</b><br>Normal: 25.2 °C<br>Period: 1991-2020","6136699","PORT+WELLER+AUT",1994,2026
"07-03","TMIN",2001-07-03,17.444,13.5,23.7,2.67068655342904,14.66,15.4,19.2,20.48,22.8,"","6136699",7790,"PORT WELLER (AUT)",7,2002-07-03,"DATE: Jul-03<br>Value: 22.8 °C<br>Anomaly: +5.4 °C<br>Weather station: ","DATE: Jul-03<br><b>Minimum temperature</b><br>10-90 percentile<br>14.7 to 20.5 °C","Historical daily maximum<br>23.7 °C<br>2002-07-03","DATE: Jul-03</b><br>Normal: 17.4 °C<br>Period: 1991-2020","6136699","PORT+WELLER+AUT",1994,2026
"07-03","VPD",2001-07-03,1.26082377204666,0.305588937090417,2.41092926901951,0.586377832255941,0.643834410316277,0.783607812094126,1.75781715549175,2.02136996934085,1.54099414936863,"","6136699",7790,"PORT WELLER (AUT)",7,2003-07-03,"DATE: Jul-03<br>Value: 1.5 kPa<br>Anomaly: +0.3 kPa<br>Weather station: ","DATE: Jul-03<br><b>Vapour pressure deficit</b><br>10-90 percentile<br>0.6 to 2.0 kPa","Historical daily maximum<br>2.4 kPa<br>2003-07-03","DATE: Jul-03</b><br>Normal: 1.3 kPa<br>Period: 1991-2020","6136699","PORT+WELLER+AUT",1994,2026
"07-04","TMAX",2001-07-04,25.7782608695652,17.3,32.3,4.12530511507817,21.54,22.75,29.65,31.64,24.6,"","6136699",7790,"PORT WELLER (AUT)",7,2012-07-04,"DATE: Jul-04<br>Value: 24.6 °C<br>Anomaly: -1.2 °C<br>Weather station: ","DATE: Jul-04<br><b>Maximum temperature</b><br>10-90 percentile<br>21.5 to 31.6 °C","Historical daily maximum<br>32.3 °C<br>2012-07-04","DATE: Jul-04</b><br>Normal: 25.8 °C<br>Period: 1991-2020","6136699","PORT+WELLER+AUT",1994,2026
"07-04","TMIN",2001-07-04,18.1583333333333,14.3,22.9,2.59563457377569,14.86,16.225,20.425,21.34,21.8,"","6136699",7790,"PORT WELLER (AUT)",7,1999-07-04,"DATE: Jul-04<br>Value: 21.8 °C<br>Anomaly: +3.6 °C<br>Weather station: ","DATE: Jul-04<br><b>Minimum temperature</b><br>10-90 percentile<br>14.9 to 21.3 °C","Historical daily maximum<br>22.9 °C<br>1999-07-04","DATE: Jul-04</b><br>Normal: 18.2 °C<br>Period: 1991-2020","6136699","PORT+WELLER+AUT",1994,2026
"07-04","VPD",2001-07-04,1.30457636747386,0.344882917347898,2.62499809297965,0.600163076734704,0.641012870402278,0.908058720645677,1.61897772064898,2.21686208865212,0.481209423338873,"","6136699",7790,"PORT WELLER (AUT)",7,2005-07-04,"DATE: Jul-04<br>Value: 0.5 kPa<br>Anomaly: -0.8 kPa<br>Weather station: ","DATE: Jul-04<br><b>Vapour pressure deficit</b><br>10-90 percentile<br>0.6 to 2.2 kPa","Historical daily maximum<br>2.6 kPa<br>2005-07-04","DATE: Jul-04</b><br>Normal: 1.3 kPa<br>Period: 1991-2020","6136699","PORT+WELLER+AUT",1994,2026
"07-05","TMAX",2001-07-05,26.504347826087,21.1,33.5,3.55930001556353,22.12,23.45,29.6,30.54,22.6,"","6136699",7790,"PORT WELLER (AUT)",7,2018-07-05,"DATE: Jul-05<br>Value: 22.6 °C<br>Anomaly: -3.9 °C<br>Weather station: ","DATE: Jul-05<br><b>Maximum temperature</b><br>10-90 percentile<br>22.1 to 30.5 °C","Historical daily maximum<br>33.5 °C<br>2018-07-05","DATE: Jul-05</b><br>Normal: 26.5 °C<br>Period: 1991-2020","6136699","PORT+WELLER+AUT",1994,2026
"07-05","TMIN",2001-07-05,18.1541666666667,12.3,23.7,2.9448524236541,14.89,15.95,20.7,21.86,20.6,"","6136699",7790,"PORT WELLER (AUT)",7,1999-07-05,"DATE: Jul-05<br>Value: 20.6 °C<br>Anomaly: +2.4 °C<br>Weather station: ","DATE: Jul-05<br><b>Minimum temperature</b><br>10-90 percentile<br>14.9 to 21.9 °C","Historical daily maximum<br>23.7 °C<br>1999-07-05","DATE: Jul-05</b><br>Normal: 18.2 °C<br>Period: 1991-2020","6136699","PORT+WELLER+AUT",1994,2026
"07-05","VPD",2001-07-05,1.4010824065689,0.583952903061376,2.51286205086518,0.525540857096537,0.763340311415483,0.955416664737753,1.81264028886869,1.94888066358624,0.31562823714542,"","6136699",7790,"PORT WELLER (AUT)",7,2018-07-05,"DATE: Jul-05<br>Value: 0.3 kPa<br>Anomaly: -1.1 kPa<br>Weather station: ","DATE: Jul-05<br><b>Vapour pressure deficit</b><br>10-90 percentile<br>0.8 to 1.9 kPa","Historical daily maximum<br>2.5 kPa<br>2018-07-05","DATE: Jul-05</b><br>Normal: 1.4 kPa<br>Period: 1991-2020","6136699","PORT+WELLER+AUT",1994,2026
"07-06","TMAX",2001-07-06,25.8130434782609,20.5,33.4,3.11554815661795,22.32,23.45,27.6,29.04,21,"","6136699",7790,"PORT WELLER (AUT)",7,2012-07-06,"DATE: Jul-06<br>Value: 21.0 °C<br>Anomaly: -4.8 °C<br>Weather station: ","DATE: Jul-06<br><b>Maximum temperature</b><br>10-90 percentile<br>22.3 to 29.0 °C","Historical daily maximum<br>33.4 °C<br>2012-07-06","DATE: Jul-06</b><br>Normal: 25.8 °C<br>Period: 1991-2020","6136699","PORT+WELLER+AUT",1994,2026
"07-06","TMIN",2001-07-06,18.5041666666667,14.2,23,2.26168063071741,15.1,17.15,20.075,21.17,15.8,"","6136699",7790,"PORT WELLER (AUT)",7,2025-07-06,"DATE: Jul-06<br>Value: 15.8 °C<br>Anomaly: -2.7 °C<br>Weather station: ","DATE: Jul-06<br><b>Minimum temperature</b><br>10-90 percentile<br>15.1 to 21.2 °C","Historical daily maximum<br>23.0 °C<br>2025-07-06","DATE: Jul-06</b><br>Normal: 18.5 °C<br>Period: 1991-2020","6136699","PORT+WELLER+AUT",1994,2026
"07-06","VPD",2001-07-06,1.21907892422005,0.484121286878285,2.33467489923486,0.50016272785349,0.60560681525035,0.784724548869783,1.3892101740852,1.83599494915915,0.691817115585347,"","6136699",7790,"PORT WELLER (AUT)",7,2012-07-06,"DATE: Jul-06<br>Value: 0.7 kPa<br>Anomaly: -0.5 kPa<br>Weather station: ","DATE: Jul-06<br><b>Vapour pressure deficit</b><br>10-90 percentile<br>0.6 to 1.8 kPa","Historical daily maximum<br>2.3 kPa<br>2012-07-06","DATE: Jul-06</b><br>Normal: 1.2 kPa<br>Period: 1991-2020","6136699","PORT+WELLER+AUT",1994,2026
"07-07","TMAX",2001-07-07,25.4,19.5,31.9,3.35455563052111,20.79,23.025,27.3,29.39,18.8,"","6136699",7790,"PORT WELLER (AUT)",7,2020-07-07,"DATE: Jul-07<br>Value: 18.8 °C<br>Anomaly: -6.6 °C<br>Weather station: ","DATE: Jul-07<br><b>Maximum temperature</b><br>10-90 percentile<br>20.8 to 29.4 °C","Historical daily maximum<br>31.9 °C<br>2020-07-07","DATE: Jul-07</b><br>Normal: 25.4 °C<br>Period: 1991-2020","6136699","PORT+WELLER+AUT",1994,2026
"07-07","TMIN",2001-07-07,18.2791666666667,14.5,21.7,1.95847748467298,15.86,17.3,19.8,21.1,14.5,"","6136699",7790,"PORT WELLER (AUT)",7,2016-07-07,"DATE: Jul-07<br>Value: 14.5 °C<br>Anomaly: -3.8 °C<br>Weather station: ","DATE: Jul-07<br><b>Minimum temperature</b><br>10-90 percentile<br>15.9 to 21.1 °C","Historical daily maximum<br>21.7 °C<br>2016-07-07","DATE: Jul-07</b><br>Normal: 18.3 °C<br>Period: 1991-2020","6136699","PORT+WELLER+AUT",1994,2026
"07-07","VPD",2001-07-07,1.18382930639813,0.421933552247208,2.23041851613167,0.550467808019556,0.530602588043119,0.758434415792302,1.40268722623924,2.04485702399048,0.518905685968953,"","6136699",7790,"PORT WELLER (AUT)",7,2008-07-07,"DATE: Jul-07<br>Value: 0.5 kPa<br>Anomaly: -0.7 kPa<br>Weather station: ","DATE: Jul-07<br><b>Vapour pressure deficit</b><br>10-90 percentile<br>0.5 to 2.0 kPa","Historical daily maximum<br>2.2 kPa<br>2008-07-07","DATE: Jul-07</b><br>Normal: 1.2 kPa<br>Period: 1991-2020","6136699","PORT+WELLER+AUT",1994,2026
"07-08","TMAX",2001-07-08,25.275,17.3,32.5,3.79819751300878,20.32,22.9,27.9,29.32,27.4,"","6136699",7790,"PORT WELLER (AUT)",7,2020-07-08,"DATE: Jul-08<br>Value: 27.4 °C<br>Anomaly: +2.1 °C<br>Weather station: ","DATE: Jul-08<br><b>Maximum temperature</b><br>10-90 percentile<br>20.3 to 29.3 °C","Historical daily maximum<br>32.5 °C<br>2020-07-08","DATE: Jul-08</b><br>Normal: 25.3 °C<br>Period: 1991-2020","6136699","PORT+WELLER+AUT",1994,2026
"07-08","TMIN",2001-07-08,18.3208333333333,14.2,23.3,2.56921222347928,15.08,16.3,20.45,21.47,15,"","6136699",7790,"PORT WELLER (AUT)",7,2020-07-08,"DATE: Jul-08<br>Value: 15.0 °C<br>Anomaly: -3.3 °C<br>Weather station: ","DATE: Jul-08<br><b>Minimum temperature</b><br>10-90 percentile<br>15.1 to 21.5 °C","Historical daily maximum<br>23.3 °C<br>2020-07-08","DATE: Jul-08</b><br>Normal: 18.3 °C<br>Period: 1991-2020","6136699","PORT+WELLER+AUT",1994,2026
"07-08","VPD",2001-07-08,1.15960020595867,0.344882917347898,2.39965083301008,0.485002425646074,0.527326038463401,0.875581757529721,1.34273658911968,1.72211212067529,1.94452142786743,"","6136699",7790,"PORT WELLER (AUT)",7,2002-07-08,"DATE: Jul-08<br>Value: 1.9 kPa<br>Anomaly: +0.8 kPa<br>Weather station: ","DATE: Jul-08<br><b>Vapour pressure deficit</b><br>10-90 percentile<br>0.5 to 1.7 kPa","Historical daily maximum<br>2.4 kPa<br>2002-07-08","DATE: Jul-08</b><br>Normal: 1.2 kPa<br>Period: 1991-2020","6136699","PORT+WELLER+AUT",1994,2026
"07-09","TMAX",2001-07-09,25.2375,18.7,31.6,3.74442338975431,20.37,22.175,27.6,30.35,28.2,"","6136699",7790,"PORT WELLER (AUT)",7,2007-07-09,"DATE: Jul-09<br>Value: 28.2 °C<br>Anomaly: +3.0 °C<br>Weather station: ","DATE: Jul-09<br><b>Maximum temperature</b><br>10-90 percentile<br>20.4 to 30.4 °C","Historical daily maximum<br>31.6 °C<br>2007-07-09","DATE: Jul-09</b><br>Normal: 25.2 °C<br>Period: 1991-2020","6136699","PORT+WELLER+AUT",1994,2026
"07-09","TMIN",2001-07-09,18.1375,13.5,22.7,2.58470627378415,15.3,16.1,19.875,21.55,20.3,"","6136699",7790,"PORT WELLER (AUT)",7,2020-07-09,"DATE: Jul-09<br>Value: 20.3 °C<br>Anomaly: +2.2 °C<br>Weather station: ","DATE: Jul-09<br><b>Minimum temperature</b><br>10-90 percentile<br>15.3 to 21.5 °C","Historical daily maximum<br>22.7 °C<br>2020-07-09","DATE: Jul-09</b><br>Normal: 18.1 °C<br>Period: 1991-2020","6136699","PORT+WELLER+AUT",1994,2026
"07-09","VPD",2001-07-09,1.17458257530564,0.508348026500953,2.15513968649548,0.545914648151746,0.531032817772444,0.711521350019767,1.65425473688663,1.92088779978425,1.44211268077613,"","6136699",7790,"PORT WELLER (AUT)",7,2018-07-09,"DATE: Jul-09<br>Value: 1.4 kPa<br>Anomaly: +0.3 kPa<br>Weather station: ","DATE: Jul-09<br><b>Vapour pressure deficit</b><br>10-90 percentile<br>0.5 to 1.9 kPa","Historical daily maximum<br>2.2 kPa<br>2018-07-09","DATE: Jul-09</b><br>Normal: 1.2 kPa<br>Period: 1991-2020","6136699","PORT+WELLER+AUT",1994,2026
"07-10","TMAX",2001-07-10,25.8208333333333,20.7,32.5,3.55368506430042,22.16,23.35,27.475,31.19,23.4,"","6136699",7790,"PORT WELLER (AUT)",7,2007-07-10,"DATE: Jul-10<br>Value: 23.4 °C<br>Anomaly: -2.4 °C<br>Weather station: ","DATE: Jul-10<br><b>Maximum temperature</b><br>10-90 percentile<br>22.2 to 31.2 °C","Historical daily maximum<br>32.5 °C<br>2007-07-10","DATE: Jul-10</b><br>Normal: 25.8 °C<br>Period: 1991-2020","6136699","PORT+WELLER+AUT",1994,2026
"07-10","TMIN",2001-07-10,17.7583333333333,14,22.3,2.20629862511592,14.88,16.5,19.325,20.35,20,"","6136699",7790,"PORT WELLER (AUT)",7,2020-07-10,"DATE: Jul-10<br>Value: 20.0 °C<br>Anomaly: +2.2 °C<br>Weather station: ","DATE: Jul-10<br><b>Minimum temperature</b><br>10-90 percentile<br>14.9 to 20.4 °C","Historical daily maximum<br>22.3 °C<br>2020-07-10","DATE: Jul-10</b><br>Normal: 17.8 °C<br>Period: 1991-2020","6136699","PORT+WELLER+AUT",1994,2026
"07-10","VPD",2001-07-10,1.33994262895947,0.595810303323299,2.47913764979142,0.539579146816658,0.753477112548643,0.911068957830025,1.7045158726987,2.1028322017317,0.539849013830915,"","6136699",7790,"PORT WELLER (AUT)",7,2007-07-10,"DATE: Jul-10<br>Value: 0.5 kPa<br>Anomaly: -0.8 kPa<br>Weather station: ","DATE: Jul-10<br><b>Vapour pressure deficit</b><br>10-90 percentile<br>0.8 to 2.1 kPa","Historical daily maximum<br>2.5 kPa<br>2007-07-10","DATE: Jul-10</b><br>Normal: 1.3 kPa<br>Period: 1991-2020","6136699","PORT+WELLER+AUT",1994,2026
"07-11","TMAX",2001-07-11,25.7391304347826,21.8,33.6,2.78873368630325,22.98,24.45,26.3,28.92,23.6,"","6136699",7790,"PORT WELLER (AUT)",7,2005-07-11,"DATE: Jul-11<br>Value: 23.6 °C<br>Anomaly: -2.1 °C<br>Weather station: ","DATE: Jul-11<br><b>Maximum temperature</b><br>10-90 percentile<br>23.0 to 28.9 °C","Historical daily maximum<br>33.6 °C<br>2005-07-11","DATE: Jul-11</b><br>Normal: 25.7 °C<br>Period: 1991-2020","6136699","PORT+WELLER+AUT",1994,2026
"07-11","TMIN",2001-07-11,17.6458333333333,13.2,22,2.13296673707052,15.9,16.25,18.6,20.57,19.4,"","6136699",7790,"PORT WELLER (AUT)",7,2020-07-11,"DATE: Jul-11<br>Value: 19.4 °C<br>Anomaly: +1.8 °C<br>Weather station: ","DATE: Jul-11<br><b>Minimum temperature</b><br>10-90 percentile<br>15.9 to 20.6 °C","Historical daily maximum<br>22.0 °C<br>2020-07-11","DATE: Jul-11</b><br>Normal: 17.6 °C<br>Period: 1991-2020","6136699","PORT+WELLER+AUT",1994,2026
"07-11","VPD",2001-07-11,1.30576380177759,0.669054334012405,2.73016041140626,0.483665228665117,0.866542685428171,1.01255842186545,1.52244969364846,1.93563263957297,0.660191998240654,"","6136699",7790,"PORT WELLER (AUT)",7,2005-07-11,"DATE: Jul-11<br>Value: 0.7 kPa<br>Anomaly: -0.6 kPa<br>Weather station: ","DATE: Jul-11<br><b>Vapour pressure deficit</b><br>10-90 percentile<br>0.9 to 1.9 kPa","Historical daily maximum<br>2.7 kPa<br>2005-07-11","DATE: Jul-11</b><br>Normal: 1.3 kPa<br>Period: 1991-2020","6136699","PORT+WELLER+AUT",1994,2026
"07-12","TMAX",2001-07-12,25.5833333333333,17.3,32.6,3.21053519399555,22.48,23.375,27.95,28.97,24.1,"","6136699",7790,"PORT WELLER (AUT)",7,2025-07-12,"DATE: Jul-12<br>Value: 24.1 °C<br>Anomaly: -1.5 °C<br>Weather station: ","DATE: Jul-12<br><b>Maximum temperature</b><br>10-90 percentile<br>22.5 to 29.0 °C","Historical daily maximum<br>32.6 °C<br>2025-07-12","DATE: Jul-12</b><br>Normal: 25.6 °C<br>Period: 1991-2020","6136699","PORT+WELLER+AUT",1994,2026
"07-12","TMIN",2001-07-12,18.1869565217391,13.3,22.6,2.18263900897016,15.44,16.9,19.3,20.48,18.1,"","6136699",7790,"PORT WELLER (AUT)",7,2005-07-12,"DATE: Jul-12<br>Value: 18.1 °C<br>Anomaly: -0.1 °C<br>Weather station: ","DATE: Jul-12<br><b>Minimum temperature</b><br>10-90 percentile<br>15.4 to 20.5 °C","Historical daily maximum<br>22.6 °C<br>2005-07-12","DATE: Jul-12</b><br>Normal: 18.2 °C<br>Period: 1991-2020","6136699","PORT+WELLER+AUT",1994,2026
"07-12","VPD",2001-07-12,1.21021791353195,0.447459145295505,2.65150117119581,0.542647903274895,0.668033705985483,0.854711038983255,1.61808215149538,1.85734028797818,0.924871925611924,"","6136699",7790,"PORT WELLER (AUT)",7,2016-07-12,"DATE: Jul-12<br>Value: 0.9 kPa<br>Anomaly: -0.3 kPa<br>Weather station: ","DATE: Jul-12<br><b>Vapour pressure deficit</b><br>10-90 percentile<br>0.7 to 1.9 kPa","Historical daily maximum<br>2.7 kPa<br>2016-07-12","DATE: Jul-12</b><br>Normal: 1.2 kPa<br>Period: 1991-2020","6136699","PORT+WELLER+AUT",1994,2026
"07-13","TMAX",2001-07-13,26.3304347826087,20.8,31.8,3.17052258133185,22.64,23.75,28.65,30.88,30.4,"","6136699",7790,"PORT WELLER (AUT)",7,2018-07-13,"DATE: Jul-13<br>Value: 30.4 °C<br>Anomaly: +4.1 °C<br>Weather station: ","DATE: Jul-13<br><b>Maximum temperature</b><br>10-90 percentile<br>22.6 to 30.9 °C","Historical daily maximum<br>31.8 °C<br>2018-07-13","DATE: Jul-13</b><br>Normal: 26.3 °C<br>Period: 1991-2020","6136699","PORT+WELLER+AUT",1994,2026
"07-13","TMIN",2001-07-13,18.7333333333333,14.4,23.6,2.27513337720187,16.46,17.35,19.55,22.45,17.2,"","6136699",7790,"PORT WELLER (AUT)",7,2005-07-13,"DATE: Jul-13<br>Value: 17.2 °C<br>Anomaly: -1.5 °C<br>Weather station: ","DATE: Jul-13<br><b>Minimum temperature</b><br>10-90 percentile<br>16.5 to 22.4 °C","Historical daily maximum<br>23.6 °C<br>2005-07-13","DATE: Jul-13</b><br>Normal: 18.7 °C<br>Period: 1991-2020","6136699","PORT+WELLER+AUT",1994,2026
"07-13","VPD",2001-07-13,1.28448612421598,0.568985626529797,2.30709274939771,0.490155139090025,0.691959039226349,0.897510424819402,1.68781027469343,1.81395499106337,2.37896498008338,"","6136699",7790,"PORT WELLER (AUT)",7,2026-07-13,"DATE: Jul-13<br>Value: 2.4 kPa<br>Anomaly: +1.1 kPa<br>Weather station: ","DATE: Jul-13<br><b>Vapour pressure deficit</b><br>10-90 percentile<br>0.7 to 1.8 kPa","Historical daily maximum<br>2.3 kPa<br>2026-07-13","DATE: Jul-13</b><br>Normal: 1.3 kPa<br>Period: 1991-2020","6136699","PORT+WELLER+AUT",1994,2026
"07-14","TMAX",2001-07-14,26.2782608695652,20.4,32.1,2.94771969213479,22.74,23.75,28.35,29.88,31.3,"","6136699",7790,"PORT WELLER (AUT)",7,1995-07-14,"DATE: Jul-14<br>Value: 31.3 °C<br>Anomaly: +5.0 °C<br>Weather station: ","DATE: Jul-14<br><b>Maximum temperature</b><br>10-90 percentile<br>22.7 to 29.9 °C","Historical daily maximum<br>32.1 °C<br>1995-07-14","DATE: Jul-14</b><br>Normal: 26.3 °C<br>Period: 1991-2020","6136699","PORT+WELLER+AUT",1994,2026
"07-14","TMIN",2001-07-14,18.8434782608696,13.1,23,2.59226578445058,15.46,17.3,20.75,22.22,23,"","6136699",7790,"PORT WELLER (AUT)",7,2005-07-14,"DATE: Jul-14<br>Value: 23.0 °C<br>Anomaly: +4.2 °C<br>Weather station: ","DATE: Jul-14<br><b>Minimum temperature</b><br>10-90 percentile<br>15.5 to 22.2 °C","Historical daily maximum<br>23.0 °C<br>2005-07-14","DATE: Jul-14</b><br>Normal: 18.8 °C<br>Period: 1991-2020","6136699","PORT+WELLER+AUT",1994,2026
"07-14","VPD",2001-07-14,1.26058115997918,0.555165280027586,2.21729044963254,0.482706518130262,0.721142381857102,0.845613054459511,1.48767340416686,1.99151224018091,1.76045676567994,"","6136699",7790,"PORT WELLER (AUT)",7,1995-07-14,"DATE: Jul-14<br>Value: 1.8 kPa<br>Anomaly: +0.5 kPa<br>Weather station: ","DATE: Jul-14<br><b>Vapour pressure deficit</b><br>10-90 percentile<br>0.7 to 2.0 kPa","Historical daily maximum<br>2.2 kPa<br>1995-07-14","DATE: Jul-14</b><br>Normal: 1.3 kPa<br>Period: 1991-2020","6136699","PORT+WELLER+AUT",1994,2026
"07-15","TMAX",2001-07-15,26.3125,18.2,30.7,3.40234094603164,21.74,24.25,29.175,30.1,26.2,"","6136699",7790,"PORT WELLER (AUT)",7,2002-07-15,"DATE: Jul-15<br>Value: 26.2 °C<br>Anomaly: -0.1 °C<br>Weather station: ","DATE: Jul-15<br><b>Maximum temperature</b><br>10-90 percentile<br>21.7 to 30.1 °C","Historical daily maximum<br>30.7 °C<br>2002-07-15","DATE: Jul-15</b><br>Normal: 26.3 °C<br>Period: 1991-2020","6136699","PORT+WELLER+AUT",1994,2026
"07-15","TMIN",2001-07-15,18.7958333333333,14.2,23.6,2.7576737466121,15.38,16.575,20.9,22.1,22.5,"","6136699",7790,"PORT WELLER (AUT)",7,2012-07-15,"DATE: Jul-15<br>Value: 22.5 °C<br>Anomaly: +3.7 °C<br>Weather station: ","DATE: Jul-15<br><b>Minimum temperature</b><br>10-90 percentile<br>15.4 to 22.1 °C","Historical daily maximum<br>23.6 °C<br>2012-07-15","DATE: Jul-15</b><br>Normal: 18.8 °C<br>Period: 1991-2020","6136699","PORT+WELLER+AUT",1994,2026
"07-15","VPD",2001-07-15,1.28338944241859,0.200935673446441,1.94465898870355,0.490939454254851,0.511273361294385,1.04338749759754,1.66243490634229,1.78257753736669,0.675799002930782,"","6136699",7790,"PORT WELLER (AUT)",7,2002-07-15,"DATE: Jul-15<br>Value: 0.7 kPa<br>Anomaly: -0.6 kPa<br>Weather station: ","DATE: Jul-15<br><b>Vapour pressure deficit</b><br>10-90 percentile<br>0.5 to 1.8 kPa","Historical daily maximum<br>1.9 kPa<br>2002-07-15","DATE: Jul-15</b><br>Normal: 1.3 kPa<br>Period: 1991-2020","6136699","PORT+WELLER+AUT",1994,2026
"07-16","TMAX",2001-07-16,26.4478260869565,20.4,34,4.14716437243761,21.06,23.3,29.8,32.22,28.9,"","6136699",7790,"PORT WELLER (AUT)",7,2018-07-16,"DATE: Jul-16<br>Value: 28.9 °C<br>Anomaly: +2.5 °C<br>Weather station: ","DATE: Jul-16<br><b>Maximum temperature</b><br>10-90 percentile<br>21.1 to 32.2 °C","Historical daily maximum<br>34.0 °C<br>2018-07-16","DATE: Jul-16</b><br>Normal: 26.4 °C<br>Period: 1991-2020","6136699","PORT+WELLER+AUT",1994,2026
"07-16","TMIN",2001-07-16,19.3391304347826,14.3,23.5,2.86574425212319,15.56,17.5,22.2,23.02,21.9,"","6136699",7790,"PORT WELLER (AUT)",7,2012-07-16,"DATE: Jul-16<br>Value: 21.9 °C<br>Anomaly: +2.6 °C<br>Weather station: ","DATE: Jul-16<br><b>Minimum temperature</b><br>10-90 percentile<br>15.6 to 23.0 °C","Historical daily maximum<br>23.5 °C<br>2012-07-16","DATE: Jul-16</b><br>Normal: 19.3 °C<br>Period: 1991-2020","6136699","PORT+WELLER+AUT",1994,2026
"07-16","VPD",2001-07-16,1.26459543307194,0.552480425140455,2.57707966060844,0.59200205955312,0.655926797180158,0.784457557226181,1.8641986004192,2.01712241116431,1.35472832138826,"","6136699",7790,"PORT WELLER (AUT)",7,2018-07-16,"DATE: Jul-16<br>Value: 1.4 kPa<br>Anomaly: +0.1 kPa<br>Weather station: ","DATE: Jul-16<br><b>Vapour pressure deficit</b><br>10-90 percentile<br>0.7 to 2.0 kPa","Historical daily maximum<br>2.6 kPa<br>2018-07-16","DATE: Jul-16</b><br>Normal: 1.3 kPa<br>Period: 1991-2020","6136699","PORT+WELLER+AUT",1994,2026
"07-17","TMAX",2001-07-17,27.3833333333333,20.2,33.8,3.57620963623762,22.85,25.425,29.75,32.3,25.1,"","6136699",7790,"PORT WELLER (AUT)",7,2012-07-17,"DATE: Jul-17<br>Value: 25.1 °C<br>Anomaly: -2.3 °C<br>Weather station: ","DATE: Jul-17<br><b>Maximum temperature</b><br>10-90 percentile<br>22.8 to 32.3 °C","Historical daily maximum<br>33.8 °C<br>2012-07-17","DATE: Jul-17</b><br>Normal: 27.4 °C<br>Period: 1991-2020","6136699","PORT+WELLER+AUT",1994,2026
"07-17","TMIN",2001-07-17,19.6875,14.5,24.9,2.8766394191532,16.46,17.6,21.975,23.12,20.9,"","6136699",7790,"PORT WELLER (AUT)",7,2012-07-17,"DATE: Jul-17<br>Value: 20.9 °C<br>Anomaly: +1.2 °C<br>Weather station: ","DATE: Jul-17<br><b>Minimum temperature</b><br>10-90 percentile<br>16.5 to 23.1 °C","Historical daily maximum<br>24.9 °C<br>2012-07-17","DATE: Jul-17</b><br>Normal: 19.7 °C<br>Period: 1991-2020","6136699","PORT+WELLER+AUT",1994,2026
"07-17","VPD",2001-07-17,1.38891348528445,0.47823556986174,2.49182896007024,0.541726925121399,0.697209495397965,0.888844612737922,1.65684286174787,2.06755271943015,0.71492571758238,"","6136699",7790,"PORT WELLER (AUT)",7,1999-07-17,"DATE: Jul-17<br>Value: 0.7 kPa<br>Anomaly: -0.7 kPa<br>Weather station: ","DATE: Jul-17<br><b>Vapour pressure deficit</b><br>10-90 percentile<br>0.7 to 2.1 kPa","Historical daily maximum<br>2.5 kPa<br>1999-07-17","DATE: Jul-17</b><br>Normal: 1.4 kPa<br>Period: 1991-2020","6136699","PORT+WELLER+AUT",1994,2026
"07-18","TMAX",2001-07-18,26.5565217391304,20.4,33.2,3.72202609621018,21.3,24.15,28.7,31.66,27.5,"","6136699",7790,"PORT WELLER (AUT)",7,2013-07-18,"DATE: Jul-18<br>Value: 27.5 °C<br>Anomaly: +0.9 °C<br>Weather station: ","DATE: Jul-18<br><b>Maximum temperature</b><br>10-90 percentile<br>21.3 to 31.7 °C","Historical daily maximum<br>33.2 °C<br>2013-07-18","DATE: Jul-18</b><br>Normal: 26.6 °C<br>Period: 1991-2020","6136699","PORT+WELLER+AUT",1994,2026
"07-18","TMIN",2001-07-18,19.8375,14.8,25.8,2.87414448518844,15.83,18.35,21.625,22.85,20.6,"","6136699",7790,"PORT WELLER (AUT)",7,2013-07-18,"DATE: Jul-18<br>Value: 20.6 °C<br>Anomaly: +0.8 °C<br>Weather station: ","DATE: Jul-18<br><b>Minimum temperature</b><br>10-90 percentile<br>15.8 to 22.8 °C","Historical daily maximum<br>25.8 °C<br>2013-07-18","DATE: Jul-18</b><br>Normal: 19.8 °C<br>Period: 1991-2020","6136699","PORT+WELLER+AUT",1994,2026
"07-18","VPD",2001-07-18,1.20422825522441,0.341992741340482,2.04191617698956,0.494980021807529,0.614116844678832,0.793685433455586,1.63353093599538,1.76745436165389,1.24471789718568,"","6136699",7790,"PORT WELLER (AUT)",7,2020-07-18,"DATE: Jul-18<br>Value: 1.2 kPa<br>Anomaly: +0.0 kPa<br>Weather station: ","DATE: Jul-18<br><b>Vapour pressure deficit</b><br>10-90 percentile<br>0.6 to 1.8 kPa","Historical daily maximum<br>2.0 kPa<br>2020-07-18","DATE: Jul-18</b><br>Normal: 1.2 kPa<br>Period: 1991-2020","6136699","PORT+WELLER+AUT",1994,2026
"07-19","TMAX",2001-07-19,25.8636363636364,20.1,33.1,3.41837408504122,20.77,23.725,27.975,29.84,24.2,"","6136699",7790,"PORT WELLER (AUT)",7,2013-07-19,"DATE: Jul-19<br>Value: 24.2 °C<br>Anomaly: -1.7 °C<br>Weather station: ","DATE: Jul-19<br><b>Maximum temperature</b><br>10-90 percentile<br>20.8 to 29.8 °C","Historical daily maximum<br>33.1 °C<br>2013-07-19","DATE: Jul-19</b><br>Normal: 25.9 °C<br>Period: 1991-2020","6136699","PORT+WELLER+AUT",1994,2026
"07-19","TMIN",2001-07-19,18.9478260869565,15,23.3,2.68139542457372,15.4,16.8,20.55,22.62,18.7,"","6136699",7790,"PORT WELLER (AUT)",7,2005-07-19,"DATE: Jul-19<br>Value: 18.7 °C<br>Anomaly: -0.2 °C<br>Weather station: ","DATE: Jul-19<br><b>Minimum temperature</b><br>10-90 percentile<br>15.4 to 22.6 °C","Historical daily maximum<br>23.3 °C<br>2005-07-19","DATE: Jul-19</b><br>Normal: 18.9 °C<br>Period: 1991-2020","6136699","PORT+WELLER+AUT",1994,2026
"07-19","VPD",2001-07-19,1.1823326849994,0.400416776485904,2.46246150131431,0.493799623094564,0.540720600027006,0.891441203616599,1.49935110495691,1.65042662559758,0.863323838180331,"","6136699",7790,"PORT WELLER (AUT)",7,2013-07-19,"DATE: Jul-19<br>Value: 0.9 kPa<br>Anomaly: -0.3 kPa<br>Weather station: ","DATE: Jul-19<br><b>Vapour pressure deficit</b><br>10-90 percentile<br>0.5 to 1.7 kPa","Historical daily maximum<br>2.5 kPa<br>2013-07-19","DATE: Jul-19</b><br>Normal: 1.2 kPa<br>Period: 1991-2020","6136699","PORT+WELLER+AUT",1994,2026
"07-20","TMAX",2001-07-20,25.6,19.7,34,4.0923854959692,21.06,21.9,28.35,30.88,26.3,"","6136699",7790,"PORT WELLER (AUT)",7,2011-07-20,"DATE: Jul-20<br>Value: 26.3 °C<br>Anomaly: +0.7 °C<br>Weather station: ","DATE: Jul-20<br><b>Maximum temperature</b><br>10-90 percentile<br>21.1 to 30.9 °C","Historical daily maximum<br>34.0 °C<br>2011-07-20","DATE: Jul-20</b><br>Normal: 25.6 °C<br>Period: 1991-2020","6136699","PORT+WELLER+AUT",1994,2026
"07-20","TMIN",2001-07-20,18.6913043478261,14.9,22.5,2.62867284929422,15.32,16.15,21.15,21.96,16.7,"","6136699",7790,"PORT WELLER (AUT)",7,1998-07-20,"DATE: Jul-20<br>Value: 16.7 °C<br>Anomaly: -2.0 °C<br>Weather station: ","DATE: Jul-20<br><b>Minimum temperature</b><br>10-90 percentile<br>15.3 to 22.0 °C","Historical daily maximum<br>22.5 °C<br>1998-07-20","DATE: Jul-20</b><br>Normal: 18.7 °C<br>Period: 1991-2020","6136699","PORT+WELLER+AUT",1994,2026
"07-20","VPD",2001-07-20,1.20171684545987,0.375027842173658,2.75484048920441,0.608826699681683,0.565447165299655,0.785584471963834,1.52564624849195,1.86859631501802,1.52031935898428,"","6136699",7790,"PORT WELLER (AUT)",7,2011-07-20,"DATE: Jul-20<br>Value: 1.5 kPa<br>Anomaly: +0.3 kPa<br>Weather station: ","DATE: Jul-20<br><b>Vapour pressure deficit</b><br>10-90 percentile<br>0.6 to 1.9 kPa","Historical daily maximum<br>2.8 kPa<br>2011-07-20","DATE: Jul-20</b><br>Normal: 1.2 kPa<br>Period: 1991-2020","6136699","PORT+WELLER+AUT",1994,2026
"07-21","TMAX",2001-07-21,26.7181818181818,20.2,34,3.75457008681374,22.7,24.025,29.7,31.55,NA,NA,NA,NA,NA,7,2011-07-21,"","DATE: Jul-21<br><b>Maximum temperature</b><br>10-90 percentile<br>22.7 to 31.6 °C","Historical daily maximum<br>34.0 °C<br>2011-07-21","DATE: Jul-21</b><br>Normal: 26.7 °C<br>Period: 1991-2020","6136699","PORT+WELLER+AUT",1994,2026
"07-21","TMIN",2001-07-21,19.0545454545455,14.9,25.4,2.68748905162373,15.93,17,19.95,22.61,NA,NA,NA,NA,NA,7,2011-07-21,"","DATE: Jul-21<br><b>Minimum temperature</b><br>10-90 percentile<br>15.9 to 22.6 °C","Historical daily maximum<br>25.4 °C<br>2011-07-21","DATE: Jul-21</b><br>Normal: 19.1 °C<br>Period: 1991-2020","6136699","PORT+WELLER+AUT",1994,2026
"07-21","VPD",2001-07-21,1.34752499586073,0.379990508601133,2.42192917839828,0.615422648940941,0.621335912276832,0.900348423018874,1.88412081212536,2.17738595904529,NA,NA,NA,NA,NA,7,2016-07-21,"","DATE: Jul-21<br><b>Vapour pressure deficit</b><br>10-90 percentile<br>0.6 to 2.2 kPa","Historical daily maximum<br>2.4 kPa<br>2016-07-21","DATE: Jul-21</b><br>Normal: 1.3 kPa<br>Period: 1991-2020","6136699","PORT+WELLER+AUT",1994,2026
"07-22","TMAX",2001-07-22,26.0173913043478,19.7,32,3.84100509738047,21.26,23.05,29.35,30.9,23.1,"","6136699",7790,"PORT WELLER (AUT)",7,2002-07-22,"DATE: Jul-22<br>Value: 23.1 °C<br>Anomaly: -2.9 °C<br>Weather station: ","DATE: Jul-22<br><b>Maximum temperature</b><br>10-90 percentile<br>21.3 to 30.9 °C","Historical daily maximum<br>32.0 °C<br>2002-07-22","DATE: Jul-22</b><br>Normal: 26.0 °C<br>Period: 1991-2020","6136699","PORT+WELLER+AUT",1994,2026
"07-22","TMIN",2001-07-22,19.1347826086957,14.7,23.3,2.7534455597656,15.54,16.65,21.4,22.64,16.4,"","6136699",7790,"PORT WELLER (AUT)",7,2005-07-22,"DATE: Jul-22<br>Value: 16.4 °C<br>Anomaly: -2.7 °C<br>Weather station: ","DATE: Jul-22<br><b>Minimum temperature</b><br>10-90 percentile<br>15.5 to 22.6 °C","Historical daily maximum<br>23.3 °C<br>2005-07-22","DATE: Jul-22</b><br>Normal: 19.1 °C<br>Period: 1991-2020","6136699","PORT+WELLER+AUT",1994,2026
"07-22","VPD",2001-07-22,1.19432819373745,0.441785721860036,2.07107094943569,0.487881594070357,0.658895059468792,0.762538925963027,1.62263459863117,1.73748250588638,0.961209088412675,"","6136699",7790,"PORT WELLER (AUT)",7,2001-07-22,"DATE: Jul-22<br>Value: 1.0 kPa<br>Anomaly: -0.2 kPa<br>Weather station: ","DATE: Jul-22<br><b>Vapour pressure deficit</b><br>10-90 percentile<br>0.7 to 1.7 kPa","Historical daily maximum<br>2.1 kPa<br>2001-07-22","DATE: Jul-22</b><br>Normal: 1.2 kPa<br>Period: 1991-2020","6136699","PORT+WELLER+AUT",1994,2026
"07-23","TMAX",2001-07-23,26.204347826087,20.9,33,3.98011857530875,22.08,23,28.95,32.22,25.2,"","6136699",7790,"PORT WELLER (AUT)",7,2001-07-23,"DATE: Jul-23<br>Value: 25.2 °C<br>Anomaly: -1.0 °C<br>Weather station: ","DATE: Jul-23<br><b>Maximum temperature</b><br>10-90 percentile<br>22.1 to 32.2 °C","Historical daily maximum<br>33.0 °C<br>2001-07-23","DATE: Jul-23</b><br>Normal: 26.2 °C<br>Period: 1991-2020","6136699","PORT+WELLER+AUT",1994,2026
"07-23","TMIN",2001-07-23,18.9695652173913,14.9,24.2,2.57371941371886,15.7,16.85,20.75,22.28,14.6,"","6136699",7790,"PORT WELLER (AUT)",7,2011-07-23,"DATE: Jul-23<br>Value: 14.6 °C<br>Anomaly: -4.4 °C<br>Weather station: ","DATE: Jul-23<br><b>Minimum temperature</b><br>10-90 percentile<br>15.7 to 22.3 °C","Historical daily maximum<br>24.2 °C<br>2011-07-23","DATE: Jul-23</b><br>Normal: 19.0 °C<br>Period: 1991-2020","6136699","PORT+WELLER+AUT",1994,2026
"07-23","VPD",2001-07-23,1.26607692107475,0.420722825611205,2.55837775098421,0.609760375226621,0.639424648688532,0.857788807468629,1.68597221431214,2.19205851143347,1.54378986212229,"","6136699",7790,"PORT WELLER (AUT)",7,2001-07-23,"DATE: Jul-23<br>Value: 1.5 kPa<br>Anomaly: +0.3 kPa<br>Weather station: ","DATE: Jul-23<br><b>Vapour pressure deficit</b><br>10-90 percentile<br>0.6 to 2.2 kPa","Historical daily maximum<br>2.6 kPa<br>2001-07-23","DATE: Jul-23</b><br>Normal: 1.3 kPa<br>Period: 1991-2020","6136699","PORT+WELLER+AUT",1994,2026
"07-24","TMAX",2001-07-24,24.8826086956522,19.1,31.3,3.3257469665288,20.48,22.95,27.1,29.02,22.1,"","6136699",7790,"PORT WELLER (AUT)",7,2025-07-24,"DATE: Jul-24<br>Value: 22.1 °C<br>Anomaly: -2.8 °C<br>Weather station: ","DATE: Jul-24<br><b>Maximum temperature</b><br>10-90 percentile<br>20.5 to 29.0 °C","Historical daily maximum<br>31.3 °C<br>2025-07-24","DATE: Jul-24</b><br>Normal: 24.9 °C<br>Period: 1991-2020","6136699","PORT+WELLER+AUT",1994,2026
"07-24","TMIN",2001-07-24,18.4739130434783,13.7,22.9,2.33709559288376,16.22,16.85,19.95,21.84,15.7,"","6136699",7790,"PORT WELLER (AUT)",7,2011-07-24,"DATE: Jul-24<br>Value: 15.7 °C<br>Anomaly: -2.8 °C<br>Weather station: ","DATE: Jul-24<br><b>Minimum temperature</b><br>10-90 percentile<br>16.2 to 21.8 °C","Historical daily maximum<br>22.9 °C<br>2011-07-24","DATE: Jul-24</b><br>Normal: 18.5 °C<br>Period: 1991-2020","6136699","PORT+WELLER+AUT",1994,2026
"07-24","VPD",2001-07-24,1.05247970286268,0.415065777119665,2.34493326973918,0.488618535117904,0.548467530382094,0.737396661732325,1.25218243922069,1.76414311743663,0.876353503853628,"","6136699",7790,"PORT WELLER (AUT)",7,1999-07-24,"DATE: Jul-24<br>Value: 0.9 kPa<br>Anomaly: -0.2 kPa<br>Weather station: ","DATE: Jul-24<br><b>Vapour pressure deficit</b><br>10-90 percentile<br>0.5 to 1.8 kPa","Historical daily maximum<br>2.3 kPa<br>1999-07-24","DATE: Jul-24</b><br>Normal: 1.1 kPa<br>Period: 1991-2020","6136699","PORT+WELLER+AUT",1994,2026
"07-25","TMAX",2001-07-25,25.8,20.9,31.3,3.27386343914675,21.22,23.4,28.8,29.68,23.7,"","6136699",7790,"PORT WELLER (AUT)",7,2005-07-25,"DATE: Jul-25<br>Value: 23.7 °C<br>Anomaly: -2.1 °C<br>Weather station: ","DATE: Jul-25<br><b>Maximum temperature</b><br>10-90 percentile<br>21.2 to 29.7 °C","Historical daily maximum<br>31.3 °C<br>2005-07-25","DATE: Jul-25</b><br>Normal: 25.8 °C<br>Period: 1991-2020","6136699","PORT+WELLER+AUT",1994,2026
"07-25","TMIN",2001-07-25,18.4478260869565,14.1,23.1,2.42728234961306,15.2,16.5,20.2,21.34,17.3,"","6136699",7790,"PORT WELLER (AUT)",7,2005-07-25,"DATE: Jul-25<br>Value: 17.3 °C<br>Anomaly: -1.1 °C<br>Weather station: ","DATE: Jul-25<br><b>Minimum temperature</b><br>10-90 percentile<br>15.2 to 21.3 °C","Historical daily maximum<br>23.1 °C<br>2005-07-25","DATE: Jul-25</b><br>Normal: 18.4 °C<br>Period: 1991-2020","6136699","PORT+WELLER+AUT",1994,2026
"07-25","VPD",2001-07-25,1.23058745929859,0.476946535739161,1.90275452989872,0.443335774224539,0.641966847710256,0.892055020522093,1.63346852892881,1.78811266203839,0.955730516488422,"","6136699",7790,"PORT WELLER (AUT)",7,2003-07-25,"DATE: Jul-25<br>Value: 1.0 kPa<br>Anomaly: -0.3 kPa<br>Weather station: ","DATE: Jul-25<br><b>Vapour pressure deficit</b><br>10-90 percentile<br>0.6 to 1.8 kPa","Historical daily maximum<br>1.9 kPa<br>2003-07-25","DATE: Jul-25</b><br>Normal: 1.2 kPa<br>Period: 1991-2020","6136699","PORT+WELLER+AUT",1994,2026
"07-26","TMAX",2001-07-26,26.2565217391304,19.6,31.5,3.20522670974606,21.74,24.5,28.6,30.18,26.6,"","6136699",7790,"PORT WELLER (AUT)",7,2020-07-26,"DATE: Jul-26<br>Value: 26.6 °C<br>Anomaly: +0.3 °C<br>Weather station: ","DATE: Jul-26<br><b>Maximum temperature</b><br>10-90 percentile<br>21.7 to 30.2 °C","Historical daily maximum<br>31.5 °C<br>2020-07-26","DATE: Jul-26</b><br>Normal: 26.3 °C<br>Period: 1991-2020","6136699","PORT+WELLER+AUT",1994,2026
"07-26","TMIN",2001-07-26,19.1695652173913,15,22.2,1.88978949828442,16.46,17.8,20.6,21.16,18.2,"","6136699",7790,"PORT WELLER (AUT)",7,2005-07-26,"DATE: Jul-26<br>Value: 18.2 °C<br>Anomaly: -1.0 °C<br>Weather station: ","DATE: Jul-26<br><b>Minimum temperature</b><br>10-90 percentile<br>16.5 to 21.2 °C","Historical daily maximum<br>22.2 °C<br>2005-07-26","DATE: Jul-26</b><br>Normal: 19.2 °C<br>Period: 1991-2020","6136699","PORT+WELLER+AUT",1994,2026
"07-26","VPD",2001-07-26,1.22957519715784,0.281018798082503,2.10434641093521,0.468547771819919,0.684439810084536,0.943222351800149,1.66644173697673,1.83668707911053,1.39243509036803,"","6136699",7790,"PORT WELLER (AUT)",7,2021-07-26,"DATE: Jul-26<br>Value: 1.4 kPa<br>Anomaly: +0.2 kPa<br>Weather station: ","DATE: Jul-26<br><b>Vapour pressure deficit</b><br>10-90 percentile<br>0.7 to 1.8 kPa","Historical daily maximum<br>2.1 kPa<br>2021-07-26","DATE: Jul-26</b><br>Normal: 1.2 kPa<br>Period: 1991-2020","6136699","PORT+WELLER+AUT",1994,2026
"07-27","TMAX",2001-07-27,26.3086956521739,17.9,32.6,3.54335652934772,22.68,24.3,28.7,31.14,29.3,"","6136699",7790,"PORT WELLER (AUT)",7,2016-07-27,"DATE: Jul-27<br>Value: 29.3 °C<br>Anomaly: +3.0 °C<br>Weather station: ","DATE: Jul-27<br><b>Maximum temperature</b><br>10-90 percentile<br>22.7 to 31.1 °C","Historical daily maximum<br>32.6 °C<br>2016-07-27","DATE: Jul-27</b><br>Normal: 26.3 °C<br>Period: 1991-2020","6136699","PORT+WELLER+AUT",1994,2026
"07-27","TMIN",2001-07-27,19.1695652173913,15,23.4,2.00690507602869,16.74,18.1,19.95,21.38,19.6,"","6136699",7790,"PORT WELLER (AUT)",7,2020-07-27,"DATE: Jul-27<br>Value: 19.6 °C<br>Anomaly: +0.4 °C<br>Weather station: ","DATE: Jul-27<br><b>Minimum temperature</b><br>10-90 percentile<br>16.7 to 21.4 °C","Historical daily maximum<br>23.4 °C<br>2020-07-27","DATE: Jul-27</b><br>Normal: 19.2 °C<br>Period: 1991-2020","6136699","PORT+WELLER+AUT",1994,2026
"07-27","VPD",2001-07-27,1.25005126543564,0.25585893732472,2.47683740068216,0.544785931572246,0.654152666270906,0.822495080520384,1.65071511806764,1.87538203121118,1.79464343277853,"","6136699",7790,"PORT WELLER (AUT)",7,2016-07-27,"DATE: Jul-27<br>Value: 1.8 kPa<br>Anomaly: +0.5 kPa<br>Weather station: ","DATE: Jul-27<br><b>Vapour pressure deficit</b><br>10-90 percentile<br>0.7 to 1.9 kPa","Historical daily maximum<br>2.5 kPa<br>2016-07-27","DATE: Jul-27</b><br>Normal: 1.3 kPa<br>Period: 1991-2020","6136699","PORT+WELLER+AUT",1994,2026
"07-28","TMAX",2001-07-28,25.8391304347826,21.6,30.1,2.6975981118622,22.1,23.8,27.9,29.02,26,"","6136699",7790,"PORT WELLER (AUT)",7,2025-07-28,"DATE: Jul-28<br>Value: 26.0 °C<br>Anomaly: +0.2 °C<br>Weather station: ","DATE: Jul-28<br><b>Maximum temperature</b><br>10-90 percentile<br>22.1 to 29.0 °C","Historical daily maximum<br>30.1 °C<br>2025-07-28","DATE: Jul-28</b><br>Normal: 25.8 °C<br>Period: 1991-2020","6136699","PORT+WELLER+AUT",1994,2026
"07-28","TMIN",2001-07-28,19.1391304347826,15.2,22.1,2.19994610066924,16.06,17.1,21.1,21.58,18.8,"","6136699",7790,"PORT WELLER (AUT)",7,2019-07-28,"DATE: Jul-28<br>Value: 18.8 °C<br>Anomaly: -0.3 °C<br>Weather station: ","DATE: Jul-28<br><b>Minimum temperature</b><br>10-90 percentile<br>16.1 to 21.6 °C","Historical daily maximum<br>22.1 °C<br>2019-07-28","DATE: Jul-28</b><br>Normal: 19.1 °C<br>Period: 1991-2020","6136699","PORT+WELLER+AUT",1994,2026
"07-28","VPD",2001-07-28,1.13117768703272,0.270664476545161,1.68731037850481,0.373643108073252,0.710604223995699,0.900469080097299,1.42637428356915,1.59732189128207,1.19131498708893,"","6136699",7790,"PORT WELLER (AUT)",7,2025-07-28,"DATE: Jul-28<br>Value: 1.2 kPa<br>Anomaly: +0.1 kPa<br>Weather station: ","DATE: Jul-28<br><b>Vapour pressure deficit</b><br>10-90 percentile<br>0.7 to 1.6 kPa","Historical daily maximum<br>1.7 kPa<br>2025-07-28","DATE: Jul-28</b><br>Normal: 1.1 kPa<br>Period: 1991-2020","6136699","PORT+WELLER+AUT",1994,2026
"07-29","TMAX",2001-07-29,26.1086956521739,21.7,32.2,2.97304757071048,22.64,23.65,28.1,30.44,NA,NA,NA,NA,NA,7,2015-07-29,"","DATE: Jul-29<br><b>Maximum temperature</b><br>10-90 percentile<br>22.6 to 30.4 °C","Historical daily maximum<br>32.2 °C<br>2015-07-29","DATE: Jul-29</b><br>Normal: 26.1 °C<br>Period: 1991-2020","6136699","PORT+WELLER+AUT",1994,2026
"07-29","TMIN",2001-07-29,19.0521739130435,16.1,22.6,2.26070575569533,16.34,16.85,21,22.08,NA,NA,NA,NA,NA,7,2025-07-29,"","DATE: Jul-29<br><b>Minimum temperature</b><br>10-90 percentile<br>16.3 to 22.1 °C","Historical daily maximum<br>22.6 °C<br>2025-07-29","DATE: Jul-29</b><br>Normal: 19.1 °C<br>Period: 1991-2020","6136699","PORT+WELLER+AUT",1994,2026
"07-29","VPD",2001-07-29,1.20447079411232,0.422836104511871,2.19690545907929,0.470137518777466,0.677876717932752,0.938741571300079,1.49980789784622,1.86544553152216,NA,NA,NA,NA,NA,7,2015-07-29,"","DATE: Jul-29<br><b>Vapour pressure deficit</b><br>10-90 percentile<br>0.7 to 1.9 kPa","Historical daily maximum<br>2.2 kPa<br>2015-07-29","DATE: Jul-29</b><br>Normal: 1.2 kPa<br>Period: 1991-2020","6136699","PORT+WELLER+AUT",1994,2026
"07-30","TMAX",2001-07-30,26.3130434782609,21.7,33.5,3.17609027061805,22.38,24.1,29.1,30,NA,NA,NA,NA,NA,7,1999-07-30,"","DATE: Jul-30<br><b>Maximum temperature</b><br>10-90 percentile<br>22.4 to 30.0 °C","Historical daily maximum<br>33.5 °C<br>1999-07-30","DATE: Jul-30</b><br>Normal: 26.3 °C<br>Period: 1991-2020","6136699","PORT+WELLER+AUT",1994,2026
"07-30","TMIN",2001-07-30,19.4434782608696,15.5,24.4,2.19582788010613,16.72,17.7,20.65,22.04,NA,NA,NA,NA,NA,7,1999-07-30,"","DATE: Jul-30<br><b>Minimum temperature</b><br>10-90 percentile<br>16.7 to 22.0 °C","Historical daily maximum<br>24.4 °C<br>1999-07-30","DATE: Jul-30</b><br>Normal: 19.4 °C<br>Period: 1991-2020","6136699","PORT+WELLER+AUT",1994,2026
"07-30","VPD",2001-07-30,1.19838358697011,0.354383282109192,2.11663873294572,0.497396724921231,0.61022197825434,0.74078905162735,1.61320332456641,1.6734400080734,NA,NA,NA,NA,NA,7,1999-07-30,"","DATE: Jul-30<br><b>Vapour pressure deficit</b><br>10-90 percentile<br>0.6 to 1.7 kPa","Historical daily maximum<br>2.1 kPa<br>1999-07-30","DATE: Jul-30</b><br>Normal: 1.2 kPa<br>Period: 1991-2020","6136699","PORT+WELLER+AUT",1994,2026
"07-31","TMAX",2001-07-31,26.928,20.4,32.5,3.09926335333629,23.14,24.7,29.7,30.46,25.7,"","6136699",7790,"PORT WELLER (AUT)",7,2007-07-31,"DATE: Jul-31<br>Value: 25.7 °C<br>Anomaly: -1.2 °C<br>Weather station: ","DATE: Jul-31<br><b>Maximum temperature</b><br>10-90 percentile<br>23.1 to 30.5 °C","Historical daily maximum<br>32.5 °C<br>2007-07-31","DATE: Jul-31</b><br>Normal: 26.9 °C<br>Period: 1991-2020","6136699","PORT+WELLER+AUT",1994,2026
"07-31","TMIN",2001-07-31,19.5125,15.9,22.6,1.73338384820483,17.39,18.2,20.575,21.91,17.4,"","6136699",7790,"PORT WELLER (AUT)",7,2012-07-31,"DATE: Jul-31<br>Value: 17.4 °C<br>Anomaly: -2.1 °C<br>Weather station: ","DATE: Jul-31<br><b>Minimum temperature</b><br>10-90 percentile<br>17.4 to 21.9 °C","Historical daily maximum<br>22.6 °C<br>2012-07-31","DATE: Jul-31</b><br>Normal: 19.5 °C<br>Period: 1991-2020","6136699","PORT+WELLER+AUT",1994,2026
"07-31","VPD",2001-07-31,1.34448443195591,0.384163867818041,2.58129068076133,0.549977853739289,0.724618556806966,0.94441188119166,1.64193015140587,2.06222372737864,1.31488913768816,"","6136699",7790,"PORT WELLER (AUT)",7,2007-07-31,"DATE: Jul-31<br>Value: 1.3 kPa<br>Anomaly: 0.0 kPa<br>Weather station: ","DATE: Jul-31<br><b>Vapour pressure deficit</b><br>10-90 percentile<br>0.7 to 2.1 kPa","Historical daily maximum<br>2.6 kPa<br>2007-07-31","DATE: Jul-31</b><br>Normal: 1.3 kPa<br>Period: 1991-2020","6136699","PORT+WELLER+AUT",1994,2026
"08-01","TMAX",2001-08-01,27.2,22.3,33.6,2.63739138796905,24.58,25.4,28,30.78,24.7,"","6136699",7790,"PORT WELLER (AUT)",8,2002-08-01,"DATE: Aug-01<br>Value: 24.7 °C<br>Anomaly: -2.5 °C<br>Weather station: ","DATE: Aug-01<br><b>Maximum temperature</b><br>10-90 percentile<br>24.6 to 30.8 °C","Historical daily maximum<br>33.6 °C<br>2002-08-01","DATE: Aug-01</b><br>Normal: 27.2 °C<br>Period: 1991-2020","6136699","PORT+WELLER+AUT",1994,2026
"08-01","TMIN",2001-08-01,19.832,16.4,23.1,1.87810187867077,17.06,18.3,21.2,21.52,19.6,"","6136699",7790,"PORT WELLER (AUT)",8,2011-08-01,"DATE: Aug-01<br>Value: 19.6 °C<br>Anomaly: -0.2 °C<br>Weather station: ","DATE: Aug-01<br><b>Minimum temperature</b><br>10-90 percentile<br>17.1 to 21.5 °C","Historical daily maximum<br>23.1 °C<br>2011-08-01","DATE: Aug-01</b><br>Normal: 19.8 °C<br>Period: 1991-2020","6136699","PORT+WELLER+AUT",1994,2026
"08-01","VPD",2001-08-01,1.31702459738009,0.635860011349842,2.40944068981678,0.423076792858268,0.93385534813234,1.12379630431674,1.56481674558019,1.82736207687793,0.830604138133799,"","6136699",7790,"PORT WELLER (AUT)",8,2002-08-01,"DATE: Aug-01<br>Value: 0.8 kPa<br>Anomaly: -0.5 kPa<br>Weather station: ","DATE: Aug-01<br><b>Vapour pressure deficit</b><br>10-90 percentile<br>0.9 to 1.8 kPa","Historical daily maximum<br>2.4 kPa<br>2002-08-01","DATE: Aug-01</b><br>Normal: 1.3 kPa<br>Period: 1991-2020","6136699","PORT+WELLER+AUT",1994,2026
"08-02","TMAX",2001-08-02,26.932,21.4,34.1,3.14784582426353,22.9,24.7,29.1,30.1,21.9,"","6136699",7790,"PORT WELLER (AUT)",8,2007-08-02,"DATE: Aug-02<br>Value: 21.9 °C<br>Anomaly: -5.0 °C<br>Weather station: ","DATE: Aug-02<br><b>Maximum temperature</b><br>10-90 percentile<br>22.9 to 30.1 °C","Historical daily maximum<br>34.1 °C<br>2007-08-02","DATE: Aug-02</b><br>Normal: 26.9 °C<br>Period: 1991-2020","6136699","PORT+WELLER+AUT",1994,2026
"08-02","TMIN",2001-08-02,19.532,16.3,23.2,2.07680042372877,16.76,17.5,21,22.22,16.2,"","6136699",7790,"PORT WELLER (AUT)",8,2024-08-02,"DATE: Aug-02<br>Value: 16.2 °C<br>Anomaly: -3.3 °C<br>Weather station: ","DATE: Aug-02<br><b>Minimum temperature</b><br>10-90 percentile<br>16.8 to 22.2 °C","Historical daily maximum<br>23.2 °C<br>2024-08-02","DATE: Aug-02</b><br>Normal: 19.5 °C<br>Period: 1991-2020","6136699","PORT+WELLER+AUT",1994,2026
"08-02","VPD",2001-08-02,1.31472063128825,0.251120681542537,2.73707698042593,0.527113588904943,0.690485511641882,1.01241427885755,1.65772408252278,1.79625543630077,0.786213713855228,"","6136699",7790,"PORT WELLER (AUT)",8,2007-08-02,"DATE: Aug-02<br>Value: 0.8 kPa<br>Anomaly: -0.5 kPa<br>Weather station: ","DATE: Aug-02<br><b>Vapour pressure deficit</b><br>10-90 percentile<br>0.7 to 1.8 kPa","Historical daily maximum<br>2.7 kPa<br>2007-08-02","DATE: Aug-02</b><br>Normal: 1.3 kPa<br>Period: 1991-2020","6136699","PORT+WELLER+AUT",1994,2026
"08-03","TMAX",2001-08-03,26.3695652173913,22.3,32.8,2.93171293128479,22.86,24.5,27.5,30.94,25.9,"","6136699",7790,"PORT WELLER (AUT)",8,2005-08-03,"DATE: Aug-03<br>Value: 25.9 °C<br>Anomaly: -0.5 °C<br>Weather station: ","DATE: Aug-03<br><b>Maximum temperature</b><br>10-90 percentile<br>22.9 to 30.9 °C","Historical daily maximum<br>32.8 °C<br>2005-08-03","DATE: Aug-03</b><br>Normal: 26.4 °C<br>Period: 1991-2020","6136699","PORT+WELLER+AUT",1994,2026
"08-03","TMIN",2001-08-03,19.5333333333333,16.1,23.4,1.96018336912129,17.18,17.875,20.425,22.3,16.1,"","6136699",7790,"PORT WELLER (AUT)",8,2012-08-03,"DATE: Aug-03<br>Value: 16.1 °C<br>Anomaly: -3.4 °C<br>Weather station: ","DATE: Aug-03<br><b>Minimum temperature</b><br>10-90 percentile<br>17.2 to 22.3 °C","Historical daily maximum<br>23.4 °C<br>2012-08-03","DATE: Aug-03</b><br>Normal: 19.5 °C<br>Period: 1991-2020","6136699","PORT+WELLER+AUT",1994,2026
"08-03","VPD",2001-08-03,1.17867895332588,0.473680072146498,2.14751679221785,0.495307424355298,0.618866955349678,0.858278483160695,1.36220822872519,1.98895171985737,1.51168697072142,"","6136699",7790,"PORT WELLER (AUT)",8,2022-08-03,"DATE: Aug-03<br>Value: 1.5 kPa<br>Anomaly: +0.3 kPa<br>Weather station: ","DATE: Aug-03<br><b>Vapour pressure deficit</b><br>10-90 percentile<br>0.6 to 2.0 kPa","Historical daily maximum<br>2.1 kPa<br>2022-08-03","DATE: Aug-03</b><br>Normal: 1.2 kPa<br>Period: 1991-2020","6136699","PORT+WELLER+AUT",1994,2026
"08-04","TMAX",2001-08-04,26.0916666666667,21.5,32.6,2.66831923431809,23.13,24,27.625,29.29,NA,NA,NA,NA,NA,8,2005-08-04,"","DATE: Aug-04<br><b>Maximum temperature</b><br>10-90 percentile<br>23.1 to 29.3 °C","Historical daily maximum<br>32.6 °C<br>2005-08-04","DATE: Aug-04</b><br>Normal: 26.1 °C<br>Period: 1991-2020","6136699","PORT+WELLER+AUT",1994,2026
"08-04","TMIN",2001-08-04,19.4083333333333,16,24.4,2.00454194413514,17.5,18.2,20.725,21.66,NA,NA,NA,NA,NA,8,2005-08-04,"","DATE: Aug-04<br><b>Minimum temperature</b><br>10-90 percentile<br>17.5 to 21.7 °C","Historical daily maximum<br>24.4 °C<br>2005-08-04","DATE: Aug-04</b><br>Normal: 19.4 °C<br>Period: 1991-2020","6136699","PORT+WELLER+AUT",1994,2026
"08-04","VPD",2001-08-04,1.1463819345301,0.421266806186175,1.91952190209415,0.420877885827947,0.671746081864763,0.854197032371866,1.5318762370131,1.69941276177096,NA,NA,NA,NA,NA,8,2018-08-04,"","DATE: Aug-04<br><b>Vapour pressure deficit</b><br>10-90 percentile<br>0.7 to 1.7 kPa","Historical daily maximum<br>1.9 kPa<br>2018-08-04","DATE: Aug-04</b><br>Normal: 1.1 kPa<br>Period: 1991-2020","6136699","PORT+WELLER+AUT",1994,2026
"08-05","TMAX",2001-08-05,25.604347826087,20.6,32.5,3.04608217236346,22.36,23.2,27,28.9,24.4,"","6136699",7790,"PORT WELLER (AUT)",8,2018-08-05,"DATE: Aug-05<br>Value: 24.4 °C<br>Anomaly: -1.2 °C<br>Weather station: ","DATE: Aug-05<br><b>Maximum temperature</b><br>10-90 percentile<br>22.4 to 28.9 °C","Historical daily maximum<br>32.5 °C<br>2018-08-05","DATE: Aug-05</b><br>Normal: 25.6 °C<br>Period: 1991-2020","6136699","PORT+WELLER+AUT",1994,2026
"08-05","TMIN",2001-08-05,18.8166666666667,16.1,23.8,1.83887173978022,16.69,17.575,20.25,20.94,18.1,"","6136699",7790,"PORT WELLER (AUT)",8,2016-08-05,"DATE: Aug-05<br>Value: 18.1 °C<br>Anomaly: -0.7 °C<br>Weather station: ","DATE: Aug-05<br><b>Minimum temperature</b><br>10-90 percentile<br>16.7 to 20.9 °C","Historical daily maximum<br>23.8 °C<br>2016-08-05","DATE: Aug-05</b><br>Normal: 18.8 °C<br>Period: 1991-2020","6136699","PORT+WELLER+AUT",1994,2026
"08-05","VPD",2001-08-05,1.14426576256179,0.347220346139762,2.49396851980673,0.500619121970135,0.542075740804996,0.817922826815319,1.46231424905079,1.66419650715518,0.979310034285526,"","6136699",7790,"PORT WELLER (AUT)",8,2018-08-05,"DATE: Aug-05<br>Value: 1.0 kPa<br>Anomaly: -0.2 kPa<br>Weather station: ","DATE: Aug-05<br><b>Vapour pressure deficit</b><br>10-90 percentile<br>0.5 to 1.7 kPa","Historical daily maximum<br>2.5 kPa<br>2018-08-05","DATE: Aug-05</b><br>Normal: 1.1 kPa<br>Period: 1991-2020","6136699","PORT+WELLER+AUT",1994,2026
"08-06","TMAX",2001-08-06,25.5227272727273,21.1,33.4,3.41633775209121,21.74,22.95,26.975,29.44,26.7,NA,"6136699",7790,"PORT WELLER (AUT)",8,2001-08-06,"DATE: Aug-06<br>Value: 26.7 °C<br>Anomaly: +1.2 °C<br>Weather station: NA","DATE: Aug-06<br><b>Maximum temperature</b><br>10-90 percentile<br>21.7 to 29.4 °C","Historical daily maximum<br>33.4 °C<br>2001-08-06","DATE: Aug-06</b><br>Normal: 25.5 °C<br>Period: 1991-2020","6136699","PORT+WELLER+AUT",1994,2026
"08-06","TMIN",2001-08-06,18.7954545454545,15.3,21.7,2.09136029387284,16.23,16.675,20.7,21.29,20.8,NA,"6136699",7790,"PORT WELLER (AUT)",8,2001-08-06,"DATE: Aug-06<br>Value: 20.8 °C<br>Anomaly: +2.0 °C<br>Weather station: NA","DATE: Aug-06<br><b>Minimum temperature</b><br>10-90 percentile<br>16.2 to 21.3 °C","Historical daily maximum<br>21.7 °C<br>2001-08-06","DATE: Aug-06</b><br>Normal: 18.8 °C<br>Period: 1991-2020","6136699","PORT+WELLER+AUT",1994,2026
"08-06","VPD",2001-08-06,1.14143243261633,0.336243571276109,2.64530926987841,0.587983514008708,0.44017371990767,0.761739839952448,1.39564800991056,1.56472982483544,1.04645215876273,NA,"6136699",7790,"PORT WELLER (AUT)",8,2018-08-06,"DATE: Aug-06<br>Value: 1.0 kPa<br>Anomaly: -0.1 kPa<br>Weather station: NA","DATE: Aug-06<br><b>Vapour pressure deficit</b><br>10-90 percentile<br>0.4 to 1.6 kPa","Historical daily maximum<br>2.6 kPa<br>2018-08-06","DATE: Aug-06</b><br>Normal: 1.1 kPa<br>Period: 1991-2020","6136699","PORT+WELLER+AUT",1994,2026
"08-07","TMAX",2001-08-07,25.9291666666667,20.9,34.1,3.27287656572819,22.16,23.4,28.475,29.6,NA,NA,NA,NA,NA,8,2001-08-07,"","DATE: Aug-07<br><b>Maximum temperature</b><br>10-90 percentile<br>22.2 to 29.6 °C","Historical daily maximum<br>34.1 °C<br>2001-08-07","DATE: Aug-07</b><br>Normal: 25.9 °C<br>Period: 1991-2020","6136699","PORT+WELLER+AUT",1994,2026
"08-07","TMIN",2001-08-07,19.1125,15.7,23.9,2.13547927621188,16.71,17.85,20.8,21.93,NA,NA,NA,NA,NA,8,2001-08-07,"","DATE: Aug-07<br><b>Minimum temperature</b><br>10-90 percentile<br>16.7 to 21.9 °C","Historical daily maximum<br>23.9 °C<br>2001-08-07","DATE: Aug-07</b><br>Normal: 19.1 °C<br>Period: 1991-2020","6136699","PORT+WELLER+AUT",1994,2026
"08-07","VPD",2001-08-07,1.17161660653878,0.425784452056187,2.38289468474799,0.49663910385772,0.636261569423452,0.878758492719774,1.41241807895722,1.84376170844124,NA,NA,NA,NA,NA,8,2001-08-07,"","DATE: Aug-07<br><b>Vapour pressure deficit</b><br>10-90 percentile<br>0.6 to 1.8 kPa","Historical daily maximum<br>2.4 kPa<br>2001-08-07","DATE: Aug-07</b><br>Normal: 1.2 kPa<br>Period: 1991-2020","6136699","PORT+WELLER+AUT",1994,2026
"08-08","TMAX",2001-08-08,25.9227272727273,20.6,35.1,3.15140661235005,22.9,23.625,27.8,29.11,NA,NA,NA,NA,NA,8,2001-08-08,"","DATE: Aug-08<br><b>Maximum temperature</b><br>10-90 percentile<br>22.9 to 29.1 °C","Historical daily maximum<br>35.1 °C<br>2001-08-08","DATE: Aug-08</b><br>Normal: 25.9 °C<br>Period: 1991-2020","6136699","PORT+WELLER+AUT",1994,2026
"08-08","TMIN",2001-08-08,19.3,15.2,24.3,2.31422820264404,16.61,17.375,20.675,22.01,NA,NA,NA,NA,NA,8,1996-08-08,"","DATE: Aug-08<br><b>Minimum temperature</b><br>10-90 percentile<br>16.6 to 22.0 °C","Historical daily maximum<br>24.3 °C<br>1996-08-08","DATE: Aug-08</b><br>Normal: 19.3 °C<br>Period: 1991-2020","6136699","PORT+WELLER+AUT",1994,2026
"08-08","VPD",2001-08-08,1.16666053899373,0.582921913692586,2.82735754669293,0.536097157115489,0.635697949699599,0.766275780270756,1.52204649898166,1.69397580309821,NA,NA,NA,NA,NA,8,2001-08-08,"","DATE: Aug-08<br><b>Vapour pressure deficit</b><br>10-90 percentile<br>0.6 to 1.7 kPa","Historical daily maximum<br>2.8 kPa<br>2001-08-08","DATE: Aug-08</b><br>Normal: 1.2 kPa<br>Period: 1991-2020","6136699","PORT+WELLER+AUT",1994,2026
"08-09","TMAX",2001-08-09,26.6136363636364,21.4,34,3.39751946692562,23.04,23.725,29.025,30.85,NA,NA,NA,NA,NA,8,2001-08-09,"","DATE: Aug-09<br><b>Maximum temperature</b><br>10-90 percentile<br>23.0 to 30.8 °C","Historical daily maximum<br>34.0 °C<br>2001-08-09","DATE: Aug-09</b><br>Normal: 26.6 °C<br>Period: 1991-2020","6136699","PORT+WELLER+AUT",1994,2026
"08-09","TMIN",2001-08-09,18.85,11.3,25.3,2.78768550525171,16.4,17.225,20.45,20.87,NA,NA,NA,NA,NA,8,2001-08-09,"","DATE: Aug-09<br><b>Minimum temperature</b><br>10-90 percentile<br>16.4 to 20.9 °C","Historical daily maximum<br>25.3 °C<br>2001-08-09","DATE: Aug-09</b><br>Normal: 18.8 °C<br>Period: 1991-2020","6136699","PORT+WELLER+AUT",1994,2026
"08-09","VPD",2001-08-09,1.34043676679823,0.483889492448301,2.09969496004684,0.494800537557921,0.692811112264117,0.992248309821035,1.68573512955529,1.99171088771986,NA,NA,NA,NA,NA,8,2025-08-09,"","DATE: Aug-09<br><b>Vapour pressure deficit</b><br>10-90 percentile<br>0.7 to 2.0 kPa","Historical daily maximum<br>2.1 kPa<br>2025-08-09","DATE: Aug-09</b><br>Normal: 1.3 kPa<br>Period: 1991-2020","6136699","PORT+WELLER+AUT",1994,2026
"08-10","TMAX",2001-08-10,25.76,18,33.1,3.82683048735469,20.82,23.675,28.375,29.65,NA,NA,NA,NA,NA,8,2025-08-10,"","DATE: Aug-10<br><b>Maximum temperature</b><br>10-90 percentile<br>20.8 to 29.6 °C","Historical daily maximum<br>33.1 °C<br>2025-08-10","DATE: Aug-10</b><br>Normal: 25.8 °C<br>Period: 1991-2020","6136699","PORT+WELLER+AUT",1994,2026
"08-10","TMIN",2001-08-10,19.0619047619048,13.8,23.3,2.32044741170236,17.1,17.8,20.5,21.3,NA,NA,NA,NA,NA,8,2021-08-10,"","DATE: Aug-10<br><b>Minimum temperature</b><br>10-90 percentile<br>17.1 to 21.3 °C","Historical daily maximum<br>23.3 °C<br>2021-08-10","DATE: Aug-10</b><br>Normal: 19.1 °C<br>Period: 1991-2020","6136699","PORT+WELLER+AUT",1994,2026
"08-10","VPD",2001-08-10,1.15760420242964,0.274917855279543,2.19761036584694,0.531023171311453,0.671061807854404,0.817596433874059,1.45953001029086,2.06494000268773,NA,NA,NA,NA,NA,8,2025-08-10,"","DATE: Aug-10<br><b>Vapour pressure deficit</b><br>10-90 percentile<br>0.7 to 2.1 kPa","Historical daily maximum<br>2.2 kPa<br>2025-08-10","DATE: Aug-10</b><br>Normal: 1.2 kPa<br>Period: 1991-2020","6136699","PORT+WELLER+AUT",1994,2026
"08-11","TMAX",2001-08-11,25.6545454545455,20.7,32,2.46262099489592,23.4,24.5,26.75,28.28,NA,NA,NA,NA,NA,8,2025-08-11,"","DATE: Aug-11<br><b>Maximum temperature</b><br>10-90 percentile<br>23.4 to 28.3 °C","Historical daily maximum<br>32.0 °C<br>2025-08-11","DATE: Aug-11</b><br>Normal: 25.7 °C<br>Period: 1991-2020","6136699","PORT+WELLER+AUT",1994,2026
"08-11","TMIN",2001-08-11,18.7545454545455,15.7,23.5,1.86438481433709,16.41,17.55,20.075,20.67,NA,NA,NA,NA,NA,8,2016-08-11,"","DATE: Aug-11<br><b>Minimum temperature</b><br>10-90 percentile<br>16.4 to 20.7 °C","Historical daily maximum<br>23.5 °C<br>2016-08-11","DATE: Aug-11</b><br>Normal: 18.8 °C<br>Period: 1991-2020","6136699","PORT+WELLER+AUT",1994,2026
"08-11","VPD",2001-08-11,1.14667191631708,0.416167651744248,2.35796498581643,0.426245996664107,0.610621277752776,0.948117555309558,1.29678158623275,1.63845916154545,NA,NA,NA,NA,NA,8,2025-08-11,"","DATE: Aug-11<br><b>Vapour pressure deficit</b><br>10-90 percentile<br>0.6 to 1.6 kPa","Historical daily maximum<br>2.4 kPa<br>2025-08-11","DATE: Aug-11</b><br>Normal: 1.1 kPa<br>Period: 1991-2020","6136699","PORT+WELLER+AUT",1994,2026
"08-12","TMAX",2001-08-12,25.8227272727273,21.5,33.1,2.70219167100334,22.55,23.5,27.375,28.48,NA,NA,NA,NA,NA,8,2025-08-12,"","DATE: Aug-12<br><b>Maximum temperature</b><br>10-90 percentile<br>22.5 to 28.5 °C","Historical daily maximum<br>33.1 °C<br>2025-08-12","DATE: Aug-12</b><br>Normal: 25.8 °C<br>Period: 1991-2020","6136699","PORT+WELLER+AUT",1994,2026
"08-12","TMIN",2001-08-12,19.1304347826087,15.4,24.9,2.08008627063414,17.4,17.95,20,21.66,NA,NA,NA,NA,NA,8,2016-08-12,"","DATE: Aug-12<br><b>Minimum temperature</b><br>10-90 percentile<br>17.4 to 21.7 °C","Historical daily maximum<br>24.9 °C<br>2016-08-12","DATE: Aug-12</b><br>Normal: 19.1 °C<br>Period: 1991-2020","6136699","PORT+WELLER+AUT",1994,2026
"08-12","VPD",2001-08-12,1.17297409843627,0.337667577774426,2.44655958935094,0.457830682897922,0.754535724578778,0.897558502557506,1.41329583061291,1.63859864297306,NA,NA,NA,NA,NA,8,2002-08-12,"","DATE: Aug-12<br><b>Vapour pressure deficit</b><br>10-90 percentile<br>0.8 to 1.6 kPa","Historical daily maximum<br>2.4 kPa<br>2002-08-12","DATE: Aug-12</b><br>Normal: 1.2 kPa<br>Period: 1991-2020","6136699","PORT+WELLER+AUT",1994,2026
"08-13","TMAX",2001-08-13,25.6173913043478,19.5,32.5,3.0700388173313,22.3,23.45,27.05,27.92,NA,NA,NA,NA,NA,8,2002-08-13,"","DATE: Aug-13<br><b>Maximum temperature</b><br>10-90 percentile<br>22.3 to 27.9 °C","Historical daily maximum<br>32.5 °C<br>2002-08-13","DATE: Aug-13</b><br>Normal: 25.6 °C<br>Period: 1991-2020","6136699","PORT+WELLER+AUT",1994,2026
"08-13","TMIN",2001-08-13,19.0347826086957,14.7,24.6,2.52237418744761,15.64,17.1,20.4,21.9,NA,NA,NA,NA,NA,8,2016-08-13,"","DATE: Aug-13<br><b>Minimum temperature</b><br>10-90 percentile<br>15.6 to 21.9 °C","Historical daily maximum<br>24.6 °C<br>2016-08-13","DATE: Aug-13</b><br>Normal: 19.0 °C<br>Period: 1991-2020","6136699","PORT+WELLER+AUT",1994,2026
"08-13","VPD",2001-08-13,1.10722050460355,0.471691819293733,2.14859838100067,0.404714842554752,0.718731122915193,0.805140235809314,1.30362889567134,1.6403491025229,NA,NA,NA,NA,NA,8,2002-08-13,"","DATE: Aug-13<br><b>Vapour pressure deficit</b><br>10-90 percentile<br>0.7 to 1.6 kPa","Historical daily maximum<br>2.1 kPa<br>2002-08-13","DATE: Aug-13</b><br>Normal: 1.1 kPa<br>Period: 1991-2020","6136699","PORT+WELLER+AUT",1994,2026
"08-14","TMAX",2001-08-14,25.0434782608696,19.7,32.1,3.36314599566274,21.94,22.85,27.4,30.04,NA,NA,NA,NA,NA,8,2002-08-14,"","DATE: Aug-14<br><b>Maximum temperature</b><br>10-90 percentile<br>21.9 to 30.0 °C","Historical daily maximum<br>32.1 °C<br>2002-08-14","DATE: Aug-14</b><br>Normal: 25.0 °C<br>Period: 1991-2020","6136699","PORT+WELLER+AUT",1994,2026
"08-14","TMIN",2001-08-14,18.9,14.7,22.8,2.47588368062799,15.42,17.4,20.65,22.26,NA,NA,NA,NA,NA,8,2002-08-14,"","DATE: Aug-14<br><b>Minimum temperature</b><br>10-90 percentile<br>15.4 to 22.3 °C","Historical daily maximum<br>22.8 °C<br>2002-08-14","DATE: Aug-14</b><br>Normal: 18.9 °C<br>Period: 1991-2020","6136699","PORT+WELLER+AUT",1994,2026
"08-14","VPD",2001-08-14,1.02526116584969,0.42656533720607,2.00607893678602,0.458414457921831,0.55662344703235,0.710542383261439,1.29288662250068,1.68598984966541,NA,NA,NA,NA,NA,8,2002-08-14,"","DATE: Aug-14<br><b>Vapour pressure deficit</b><br>10-90 percentile<br>0.6 to 1.7 kPa","Historical daily maximum<br>2.0 kPa<br>2002-08-14","DATE: Aug-14</b><br>Normal: 1.0 kPa<br>Period: 1991-2020","6136699","PORT+WELLER+AUT",1994,2026
"08-15","TMAX",2001-08-15,26.3041666666667,20.7,31.7,3.03579789191898,22.68,24.25,28.5,30.42,NA,NA,NA,NA,NA,8,1995-08-15,"","DATE: Aug-15<br><b>Maximum temperature</b><br>10-90 percentile<br>22.7 to 30.4 °C","Historical daily maximum<br>31.7 °C<br>1995-08-15","DATE: Aug-15</b><br>Normal: 26.3 °C<br>Period: 1991-2020","6136699","PORT+WELLER+AUT",1994,2026
"08-15","TMIN",2001-08-15,18.9913043478261,14.7,24.5,2.6460799554123,15.84,16.4,20.75,21.8,NA,NA,NA,NA,NA,8,1995-08-15,"","DATE: Aug-15<br><b>Minimum temperature</b><br>10-90 percentile<br>15.8 to 21.8 °C","Historical daily maximum<br>24.5 °C<br>1995-08-15","DATE: Aug-15</b><br>Normal: 19.0 °C<br>Period: 1991-2020","6136699","PORT+WELLER+AUT",1994,2026
"08-15","VPD",2001-08-15,1.22881537361446,0.623257191008551,2.21042762256482,0.401747640790424,0.687530555564773,1.01886563507123,1.49064602991275,1.677035141705,NA,NA,NA,NA,NA,8,2003-08-15,"","DATE: Aug-15<br><b>Vapour pressure deficit</b><br>10-90 percentile<br>0.7 to 1.7 kPa","Historical daily maximum<br>2.2 kPa<br>2003-08-15","DATE: Aug-15</b><br>Normal: 1.2 kPa<br>Period: 1991-2020","6136699","PORT+WELLER+AUT",1994,2026
"08-16","TMAX",2001-08-16,26.1125,20.5,29.8,2.75670132112876,22.54,23.775,28.4,28.94,NA,NA,NA,NA,NA,8,2009-08-16,"","DATE: Aug-16<br><b>Maximum temperature</b><br>10-90 percentile<br>22.5 to 28.9 °C","Historical daily maximum<br>29.8 °C<br>2009-08-16","DATE: Aug-16</b><br>Normal: 26.1 °C<br>Period: 1991-2020","6136699","PORT+WELLER+AUT",1994,2026
"08-16","TMIN",2001-08-16,19.175,13.7,23.5,2.6494051834491,15.54,16.975,20.825,22.1,NA,NA,NA,NA,NA,8,2002-08-16,"","DATE: Aug-16<br><b>Minimum temperature</b><br>10-90 percentile<br>15.5 to 22.1 °C","Historical daily maximum<br>23.5 °C<br>2002-08-16","DATE: Aug-16</b><br>Normal: 19.2 °C<br>Period: 1991-2020","6136699","PORT+WELLER+AUT",1994,2026
"08-16","VPD",2001-08-16,1.17418685471559,0.414833920675919,1.84313782318246,0.420675072448375,0.586611078333695,0.953307221477872,1.49130106362438,1.75116696696776,NA,NA,NA,NA,NA,8,2012-08-16,"","DATE: Aug-16<br><b>Vapour pressure deficit</b><br>10-90 percentile<br>0.6 to 1.8 kPa","Historical daily maximum<br>1.8 kPa<br>2012-08-16","DATE: Aug-16</b><br>Normal: 1.2 kPa<br>Period: 1991-2020","6136699","PORT+WELLER+AUT",1994,2026
"08-17","TMAX",2001-08-17,26.2541666666667,20.9,30.7,2.89016009285279,22.69,24.5,28.225,30.51,NA,NA,NA,NA,NA,8,1998-08-17,"","DATE: Aug-17<br><b>Maximum temperature</b><br>10-90 percentile<br>22.7 to 30.5 °C","Historical daily maximum<br>30.7 °C<br>1998-08-17","DATE: Aug-17</b><br>Normal: 26.3 °C<br>Period: 1991-2020","6136699","PORT+WELLER+AUT",1994,2026
"08-17","TMIN",2001-08-17,19.0913043478261,15.7,24.6,2.3286580301418,16.2,17.2,20.25,22.14,NA,NA,NA,NA,NA,8,2009-08-17,"","DATE: Aug-17<br><b>Minimum temperature</b><br>10-90 percentile<br>16.2 to 22.1 °C","Historical daily maximum<br>24.6 °C<br>2009-08-17","DATE: Aug-17</b><br>Normal: 19.1 °C<br>Period: 1991-2020","6136699","PORT+WELLER+AUT",1994,2026
"08-17","VPD",2001-08-17,1.23421668372589,0.446393824872789,1.97488516183209,0.41805345977243,0.835210743327117,0.888895572914856,1.59970989677884,1.82707471399869,NA,NA,NA,NA,NA,8,1998-08-17,"","DATE: Aug-17<br><b>Vapour pressure deficit</b><br>10-90 percentile<br>0.8 to 1.8 kPa","Historical daily maximum<br>2.0 kPa<br>1998-08-17","DATE: Aug-17</b><br>Normal: 1.2 kPa<br>Period: 1991-2020","6136699","PORT+WELLER+AUT",1994,2026
"08-18","TMAX",2001-08-18,25.1260869565217,20,29.8,2.73499499605731,21.32,23.25,26.7,28.46,NA,NA,NA,NA,NA,8,2011-08-18,"","DATE: Aug-18<br><b>Maximum temperature</b><br>10-90 percentile<br>21.3 to 28.5 °C","Historical daily maximum<br>29.8 °C<br>2011-08-18","DATE: Aug-18</b><br>Normal: 25.1 °C<br>Period: 1991-2020","6136699","PORT+WELLER+AUT",1994,2026
"08-18","TMIN",2001-08-18,19.1173913043478,15,23.4,2.18041951216087,16.3,17.75,20.3,21.68,NA,NA,NA,NA,NA,8,2009-08-18,"","DATE: Aug-18<br><b>Minimum temperature</b><br>10-90 percentile<br>16.3 to 21.7 °C","Historical daily maximum<br>23.4 °C<br>2009-08-18","DATE: Aug-18</b><br>Normal: 19.1 °C<br>Period: 1991-2020","6136699","PORT+WELLER+AUT",1994,2026
"08-18","VPD",2001-08-18,0.995949778528602,0.506030624501088,1.65473202602936,0.343817735710819,0.586781620370456,0.785930497313415,1.14311222148118,1.57395688716127,NA,NA,NA,NA,NA,8,2022-08-18,"","DATE: Aug-18<br><b>Vapour pressure deficit</b><br>10-90 percentile<br>0.6 to 1.6 kPa","Historical daily maximum<br>1.7 kPa<br>2022-08-18","DATE: Aug-18</b><br>Normal: 1.0 kPa<br>Period: 1991-2020","6136699","PORT+WELLER+AUT",1994,2026
"08-19","TMAX",2001-08-19,24.6521739130435,19.3,30.8,3.2001235154028,20.58,22.1,26.85,29.06,NA,NA,NA,NA,NA,8,2015-08-19,"","DATE: Aug-19<br><b>Maximum temperature</b><br>10-90 percentile<br>20.6 to 29.1 °C","Historical daily maximum<br>30.8 °C<br>2015-08-19","DATE: Aug-19</b><br>Normal: 24.7 °C<br>Period: 1991-2020","6136699","PORT+WELLER+AUT",1994,2026
"08-19","TMIN",2001-08-19,18.1541666666667,15,21.7,1.86197164473498,16.16,16.675,19.4,20.7,NA,NA,NA,NA,NA,8,1995-08-19,"","DATE: Aug-19<br><b>Minimum temperature</b><br>10-90 percentile<br>16.2 to 20.7 °C","Historical daily maximum<br>21.7 °C<br>1995-08-19","DATE: Aug-19</b><br>Normal: 18.2 °C<br>Period: 1991-2020","6136699","PORT+WELLER+AUT",1994,2026
"08-19","VPD",2001-08-19,1.04700603019615,0.500778277741288,2.01513878693477,0.500055689766325,0.539544127700938,0.697367957573468,1.21078963248212,1.89288363011739,NA,NA,NA,NA,NA,8,2015-08-19,"","DATE: Aug-19<br><b>Vapour pressure deficit</b><br>10-90 percentile<br>0.5 to 1.9 kPa","Historical daily maximum<br>2.0 kPa<br>2015-08-19","DATE: Aug-19</b><br>Normal: 1.0 kPa<br>Period: 1991-2020","6136699","PORT+WELLER+AUT",1994,2026
"08-20","TMAX",2001-08-20,24.948,18.3,30.3,3.60521843998391,19.82,21.7,28.3,29.08,NA,NA,NA,NA,NA,8,2009-08-20,"","DATE: Aug-20<br><b>Maximum temperature</b><br>10-90 percentile<br>19.8 to 29.1 °C","Historical daily maximum<br>30.3 °C<br>2009-08-20","DATE: Aug-20</b><br>Normal: 24.9 °C<br>Period: 1991-2020","6136699","PORT+WELLER+AUT",1994,2026
"08-20","TMIN",2001-08-20,18.096,13.5,22.9,2.72021445233031,14.46,16.5,19.3,21.58,NA,NA,NA,NA,NA,8,1995-08-20,"","DATE: Aug-20<br><b>Minimum temperature</b><br>10-90 percentile<br>14.5 to 21.6 °C","Historical daily maximum<br>22.9 °C<br>1995-08-20","DATE: Aug-20</b><br>Normal: 18.1 °C<br>Period: 1991-2020","6136699","PORT+WELLER+AUT",1994,2026
"08-20","VPD",2001-08-20,1.11592330591472,0.41224815275507,1.86035002946597,0.453992801858083,0.501770784071547,0.834592094498462,1.60534705735946,1.6990398990254,NA,NA,NA,NA,NA,8,2022-08-20,"","DATE: Aug-20<br><b>Vapour pressure deficit</b><br>10-90 percentile<br>0.5 to 1.7 kPa","Historical daily maximum<br>1.9 kPa<br>2022-08-20","DATE: Aug-20</b><br>Normal: 1.1 kPa<br>Period: 1991-2020","6136699","PORT+WELLER+AUT",1994,2026
"08-21","TMAX",2001-08-21,25.656,17.3,30.7,3.6046359039437,20.98,23.2,27.7,29.5,NA,NA,NA,NA,NA,8,2003-08-21,"","DATE: Aug-21<br><b>Maximum temperature</b><br>10-90 percentile<br>21.0 to 29.5 °C","Historical daily maximum<br>30.7 °C<br>2003-08-21","DATE: Aug-21</b><br>Normal: 25.7 °C<br>Period: 1991-2020","6136699","PORT+WELLER+AUT",1994,2026
"08-21","TMIN",2001-08-21,18.324,11.2,22.1,2.90118941125877,14.5,16.8,20.4,21.38,NA,NA,NA,NA,NA,8,1996-08-21,"","DATE: Aug-21<br><b>Minimum temperature</b><br>10-90 percentile<br>14.5 to 21.4 °C","Historical daily maximum<br>22.1 °C<br>1996-08-21","DATE: Aug-21</b><br>Normal: 18.3 °C<br>Period: 1991-2020","6136699","PORT+WELLER+AUT",1994,2026
"08-21","VPD",2001-08-21,1.21973478031118,0.53250268592055,1.9864573315583,0.416556277297463,0.666340021826397,0.913200565110787,1.52691547516088,1.7203896341114,NA,NA,NA,NA,NA,8,2020-08-21,"","DATE: Aug-21<br><b>Vapour pressure deficit</b><br>10-90 percentile<br>0.7 to 1.7 kPa","Historical daily maximum<br>2.0 kPa<br>2020-08-21","DATE: Aug-21</b><br>Normal: 1.2 kPa<br>Period: 1991-2020","6136699","PORT+WELLER+AUT",1994,2026
"08-22","TMAX",2001-08-22,24.2636363636364,17.5,30.2,2.71478236513414,21.75,23.3,26.325,27.09,NA,NA,NA,NA,NA,8,2020-08-22,"","DATE: Aug-22<br><b>Maximum temperature</b><br>10-90 percentile<br>21.8 to 27.1 °C","Historical daily maximum<br>30.2 °C<br>2020-08-22","DATE: Aug-22</b><br>Normal: 24.3 °C<br>Period: 1991-2020","6136699","PORT+WELLER+AUT",1994,2026
"08-22","TMIN",2001-08-22,17.7521739130435,13.5,21.5,2.3096378238742,14.18,16.95,19.4,20.18,NA,NA,NA,NA,NA,8,2021-08-22,"","DATE: Aug-22<br><b>Minimum temperature</b><br>10-90 percentile<br>14.2 to 20.2 °C","Historical daily maximum<br>21.5 °C<br>2021-08-22","DATE: Aug-22</b><br>Normal: 17.8 °C<br>Period: 1991-2020","6136699","PORT+WELLER+AUT",1994,2026
"08-22","VPD",2001-08-22,1.00970850972049,0.25768872329285,1.92459534498047,0.443675987902607,0.416848831720268,0.715380354139611,1.38288489856255,1.61867964852065,NA,NA,NA,NA,NA,8,2020-08-22,"","DATE: Aug-22<br><b>Vapour pressure deficit</b><br>10-90 percentile<br>0.4 to 1.6 kPa","Historical daily maximum<br>1.9 kPa<br>2020-08-22","DATE: Aug-22</b><br>Normal: 1.0 kPa<br>Period: 1991-2020","6136699","PORT+WELLER+AUT",1994,2026
"08-23","TMAX",2001-08-23,25.2625,19.9,31.9,2.95823280090459,21.49,23.275,27.5,28.58,NA,NA,NA,NA,NA,8,2021-08-23,"","DATE: Aug-23<br><b>Maximum temperature</b><br>10-90 percentile<br>21.5 to 28.6 °C","Historical daily maximum<br>31.9 °C<br>2021-08-23","DATE: Aug-23</b><br>Normal: 25.3 °C<br>Period: 1991-2020","6136699","PORT+WELLER+AUT",1994,2026
"08-23","TMIN",2001-08-23,18.0958333333333,14.8,21.9,1.66902188660635,16.83,17.275,18.75,20.47,NA,NA,NA,NA,NA,8,2021-08-23,"","DATE: Aug-23<br><b>Minimum temperature</b><br>10-90 percentile<br>16.8 to 20.5 °C","Historical daily maximum<br>21.9 °C<br>2021-08-23","DATE: Aug-23</b><br>Normal: 18.1 °C<br>Period: 1991-2020","6136699","PORT+WELLER+AUT",1994,2026
"08-23","VPD",2001-08-23,1.17329237988698,0.43833355282853,2.33116208992863,0.506703897557623,0.560032702262731,0.80332962872209,1.651271927292,1.70341657534519,NA,NA,NA,NA,NA,8,2020-08-23,"","DATE: Aug-23<br><b>Vapour pressure deficit</b><br>10-90 percentile<br>0.6 to 1.7 kPa","Historical daily maximum<br>2.3 kPa<br>2020-08-23","DATE: Aug-23</b><br>Normal: 1.2 kPa<br>Period: 1991-2020","6136699","PORT+WELLER+AUT",1994,2026
"08-24","TMAX",2001-08-24,24.7173913043478,18.6,31.3,3.48185584970182,20.82,22.15,26.8,29.1,NA,NA,NA,NA,NA,8,2021-08-24,"","DATE: Aug-24<br><b>Maximum temperature</b><br>10-90 percentile<br>20.8 to 29.1 °C","Historical daily maximum<br>31.3 °C<br>2021-08-24","DATE: Aug-24</b><br>Normal: 24.7 °C<br>Period: 1991-2020","6136699","PORT+WELLER+AUT",1994,2026
"08-24","TMIN",2001-08-24,18.3416666666667,13.1,23.1,2.48454644039767,15.66,17.125,19.85,21.67,NA,NA,NA,NA,NA,8,1998-08-24,"","DATE: Aug-24<br><b>Minimum temperature</b><br>10-90 percentile<br>15.7 to 21.7 °C","Historical daily maximum<br>23.1 °C<br>1998-08-24","DATE: Aug-24</b><br>Normal: 18.3 °C<br>Period: 1991-2020","6136699","PORT+WELLER+AUT",1994,2026
"08-24","VPD",2001-08-24,1.05636955519422,0.494190668492748,1.89356072866064,0.403593031164394,0.5628515030421,0.695769847152665,1.32657623954504,1.56323435012921,NA,NA,NA,NA,NA,8,2021-08-24,"","DATE: Aug-24<br><b>Vapour pressure deficit</b><br>10-90 percentile<br>0.6 to 1.6 kPa","Historical daily maximum<br>1.9 kPa<br>2021-08-24","DATE: Aug-24</b><br>Normal: 1.1 kPa<br>Period: 1991-2020","6136699","PORT+WELLER+AUT",1994,2026
"08-25","TMAX",2001-08-25,25.02,19.3,29.9,3.37453700527939,20.18,21.8,27.6,28.68,NA,NA,NA,NA,NA,8,2021-08-25,"","DATE: Aug-25<br><b>Maximum temperature</b><br>10-90 percentile<br>20.2 to 28.7 °C","Historical daily maximum<br>29.9 °C<br>2021-08-25","DATE: Aug-25</b><br>Normal: 25.0 °C<br>Period: 1991-2020","6136699","PORT+WELLER+AUT",1994,2026
"08-25","TMIN",2001-08-25,18.125,14.1,22.7,2.61238688126229,15.69,16,20.4,21.48,NA,NA,NA,NA,NA,8,2021-08-25,"","DATE: Aug-25<br><b>Minimum temperature</b><br>10-90 percentile<br>15.7 to 21.5 °C","Historical daily maximum<br>22.7 °C<br>2021-08-25","DATE: Aug-25</b><br>Normal: 18.1 °C<br>Period: 1991-2020","6136699","PORT+WELLER+AUT",1994,2026
"08-25","VPD",2001-08-25,1.15729714420937,0.43215299564261,2.45617783533561,0.490604313092458,0.570804601596492,0.761809642931758,1.44263060422749,1.74160721155117,NA,NA,NA,NA,NA,8,2004-08-25,"","DATE: Aug-25<br><b>Vapour pressure deficit</b><br>10-90 percentile<br>0.6 to 1.7 kPa","Historical daily maximum<br>2.5 kPa<br>2004-08-25","DATE: Aug-25</b><br>Normal: 1.2 kPa<br>Period: 1991-2020","6136699","PORT+WELLER+AUT",1994,2026
"08-26","TMAX",2001-08-26,24.532,18.4,28.9,2.924140899478,21,22.4,26.5,28.4,NA,NA,NA,NA,NA,8,2021-08-26,"","DATE: Aug-26<br><b>Maximum temperature</b><br>10-90 percentile<br>21.0 to 28.4 °C","Historical daily maximum<br>28.9 °C<br>2021-08-26","DATE: Aug-26</b><br>Normal: 24.5 °C<br>Period: 1991-2020","6136699","PORT+WELLER+AUT",1994,2026
"08-26","TMIN",2001-08-26,18.384,14,22.4,2.08560143204145,16,16.7,20.2,20.74,NA,NA,NA,NA,NA,8,2021-08-26,"","DATE: Aug-26<br><b>Minimum temperature</b><br>10-90 percentile<br>16.0 to 20.7 °C","Historical daily maximum<br>22.4 °C<br>2021-08-26","DATE: Aug-26</b><br>Normal: 18.4 °C<br>Period: 1991-2020","6136699","PORT+WELLER+AUT",1994,2026
"08-26","VPD",2001-08-26,0.990203682326494,0.29818812588273,1.90136275605251,0.37401570061784,0.57829935254017,0.724717447190219,1.22767109773361,1.46481828333048,NA,NA,NA,NA,NA,8,2002-08-26,"","DATE: Aug-26<br><b>Vapour pressure deficit</b><br>10-90 percentile<br>0.6 to 1.5 kPa","Historical daily maximum<br>1.9 kPa<br>2002-08-26","DATE: Aug-26</b><br>Normal: 1.0 kPa<br>Period: 1991-2020","6136699","PORT+WELLER+AUT",1994,2026
"08-27","TMAX",2001-08-27,24.336,19.9,29.2,2.56041663276376,21.3,22.2,26.1,27.92,NA,NA,NA,NA,NA,8,2024-08-27,"","DATE: Aug-27<br><b>Maximum temperature</b><br>10-90 percentile<br>21.3 to 27.9 °C","Historical daily maximum<br>29.2 °C<br>2024-08-27","DATE: Aug-27</b><br>Normal: 24.3 °C<br>Period: 1991-2020","6136699","PORT+WELLER+AUT",1994,2026
"08-27","TMIN",2001-08-27,18.272,14.5,22.3,1.93100146728755,15.44,17.2,19.7,20.16,NA,NA,NA,NA,NA,8,2018-08-27,"","DATE: Aug-27<br><b>Minimum temperature</b><br>10-90 percentile<br>15.4 to 20.2 °C","Historical daily maximum<br>22.3 °C<br>2018-08-27","DATE: Aug-27</b><br>Normal: 18.3 °C<br>Period: 1991-2020","6136699","PORT+WELLER+AUT",1994,2026
"08-27","VPD",2001-08-27,0.962389884997583,0.422650454947256,1.85636754470608,0.346144353077034,0.609937224792224,0.683876169470179,1.19763997038087,1.35611271288784,NA,NA,NA,NA,NA,8,2024-08-27,"","DATE: Aug-27<br><b>Vapour pressure deficit</b><br>10-90 percentile<br>0.6 to 1.4 kPa","Historical daily maximum<br>1.9 kPa<br>2024-08-27","DATE: Aug-27</b><br>Normal: 1.0 kPa<br>Period: 1991-2020","6136699","PORT+WELLER+AUT",1994,2026
"08-28","TMAX",2001-08-28,24.4782608695652,18.2,30.8,3.64104836572944,20.04,21.7,27.15,29.48,NA,NA,NA,NA,NA,8,2018-08-28,"","DATE: Aug-28<br><b>Maximum temperature</b><br>10-90 percentile<br>20.0 to 29.5 °C","Historical daily maximum<br>30.8 °C<br>2018-08-28","DATE: Aug-28</b><br>Normal: 24.5 °C<br>Period: 1991-2020","6136699","PORT+WELLER+AUT",1994,2026
"08-28","TMIN",2001-08-28,18.0708333333333,14.4,25.6,2.39173925557672,15.69,16.175,19.125,20.37,NA,NA,NA,NA,NA,8,2018-08-28,"","DATE: Aug-28<br><b>Minimum temperature</b><br>10-90 percentile<br>15.7 to 20.4 °C","Historical daily maximum<br>25.6 °C<br>2018-08-28","DATE: Aug-28</b><br>Normal: 18.1 °C<br>Period: 1991-2020","6136699","PORT+WELLER+AUT",1994,2026
"08-28","VPD",2001-08-28,1.03321162371407,0.351523905626692,1.93423640980088,0.464539423835253,0.478846675136704,0.655168908694796,1.22049091718731,1.74186900724278,NA,NA,NA,NA,NA,8,2007-08-28,"","DATE: Aug-28<br><b>Vapour pressure deficit</b><br>10-90 percentile<br>0.5 to 1.7 kPa","Historical daily maximum<br>1.9 kPa<br>2007-08-28","DATE: Aug-28</b><br>Normal: 1.0 kPa<br>Period: 1991-2020","6136699","PORT+WELLER+AUT",1994,2026
"08-29","TMAX",2001-08-29,25.156,20.1,32.2,3.20742368056773,21.02,22.1,27.5,29.1,NA,NA,NA,NA,NA,8,2007-08-29,"","DATE: Aug-29<br><b>Maximum temperature</b><br>10-90 percentile<br>21.0 to 29.1 °C","Historical daily maximum<br>32.2 °C<br>2007-08-29","DATE: Aug-29</b><br>Normal: 25.2 °C<br>Period: 1991-2020","6136699","PORT+WELLER+AUT",1994,2026
"08-29","TMIN",2001-08-29,17.8269230769231,14.5,21,1.90064361568553,15.15,16.5,19.175,20.55,NA,NA,NA,NA,NA,8,2022-08-29,"","DATE: Aug-29<br><b>Minimum temperature</b><br>10-90 percentile<br>15.1 to 20.6 °C","Historical daily maximum<br>21.0 °C<br>2022-08-29","DATE: Aug-29</b><br>Normal: 17.8 °C<br>Period: 1991-2020","6136699","PORT+WELLER+AUT",1994,2026
"08-29","VPD",2001-08-29,1.19253351386585,0.523394378722203,2.33700732064032,0.507874918896635,0.623294306567969,0.741225405400826,1.42664669126642,1.89417430391103,NA,NA,NA,NA,NA,8,2007-08-29,"","DATE: Aug-29<br><b>Vapour pressure deficit</b><br>10-90 percentile<br>0.6 to 1.9 kPa","Historical daily maximum<br>2.3 kPa<br>2007-08-29","DATE: Aug-29</b><br>Normal: 1.2 kPa<br>Period: 1991-2020","6136699","PORT+WELLER+AUT",1994,2026
"08-30","TMAX",2001-08-30,24.5192307692308,18.7,32.3,3.60300088601368,20.7,21.35,27.3,28.15,NA,NA,NA,NA,NA,8,2010-08-30,"","DATE: Aug-30<br><b>Maximum temperature</b><br>10-90 percentile<br>20.7 to 28.1 °C","Historical daily maximum<br>32.3 °C<br>2010-08-30","DATE: Aug-30</b><br>Normal: 24.5 °C<br>Period: 1991-2020","6136699","PORT+WELLER+AUT",1994,2026
"08-30","TMIN",2001-08-30,17.6,14.6,21.4,2.04821873831874,14.85,15.85,19.3,20.25,NA,NA,NA,NA,NA,8,2000-08-30,"","DATE: Aug-30<br><b>Minimum temperature</b><br>10-90 percentile<br>14.8 to 20.2 °C","Historical daily maximum<br>21.4 °C<br>2000-08-30","DATE: Aug-30</b><br>Normal: 17.6 °C<br>Period: 1991-2020","6136699","PORT+WELLER+AUT",1994,2026
"08-30","VPD",2001-08-30,1.11217853855946,0.439833550937275,2.39443365425264,0.592478775768057,0.495936051163021,0.597131968526644,1.53238899894147,1.93028235793249,NA,NA,NA,NA,NA,8,2010-08-30,"","DATE: Aug-30<br><b>Vapour pressure deficit</b><br>10-90 percentile<br>0.5 to 1.9 kPa","Historical daily maximum<br>2.4 kPa<br>2010-08-30","DATE: Aug-30</b><br>Normal: 1.1 kPa<br>Period: 1991-2020","6136699","PORT+WELLER+AUT",1994,2026
"08-31","TMAX",2001-08-31,24.8307692307692,18.7,32,3.22115125143409,21.15,23.3,26.725,29.2,NA,NA,NA,NA,NA,8,2010-08-31,"","DATE: Aug-31<br><b>Maximum temperature</b><br>10-90 percentile<br>21.1 to 29.2 °C","Historical daily maximum<br>32.0 °C<br>2010-08-31","DATE: Aug-31</b><br>Normal: 24.8 °C<br>Period: 1991-2020","6136699","PORT+WELLER+AUT",1994,2026
"08-31","TMIN",2001-08-31,17.8423076923077,12.6,22,2.54073581104736,14.75,16.325,20.175,20.9,NA,NA,NA,NA,NA,8,2010-08-31,"","DATE: Aug-31<br><b>Minimum temperature</b><br>10-90 percentile<br>14.8 to 20.9 °C","Historical daily maximum<br>22.0 °C<br>2010-08-31","DATE: Aug-31</b><br>Normal: 17.8 °C<br>Period: 1991-2020","6136699","PORT+WELLER+AUT",1994,2026
"08-31","VPD",2001-08-31,1.1199891200502,0.308396195616031,2.11084420405124,0.406464716738111,0.76795733859086,0.87448217959258,1.35924456835284,1.67887258008192,NA,NA,NA,NA,NA,8,2010-08-31,"","DATE: Aug-31<br><b>Vapour pressure deficit</b><br>10-90 percentile<br>0.8 to 1.7 kPa","Historical daily maximum<br>2.1 kPa<br>2010-08-31","DATE: Aug-31</b><br>Normal: 1.1 kPa<br>Period: 1991-2020","6136699","PORT+WELLER+AUT",1994,2026
"09-01","TMAX",2001-09-01,23.8846153846154,16.3,30.9,3.70153398554624,19.7,21.425,26.2,28.8,NA,NA,NA,NA,NA,9,2010-09-01,"","DATE: Sep-01<br><b>Maximum temperature</b><br>10-90 percentile<br>19.7 to 28.8 °C","Historical daily maximum<br>30.9 °C<br>2010-09-01","DATE: Sep-01</b><br>Normal: 23.9 °C<br>Period: 1991-2020","6136699","PORT+WELLER+AUT",1994,2026
"09-01","TMIN",2001-09-01,18.0923076923077,12.8,24.2,2.56420328007326,14.8,16.5,19.675,20.6,NA,NA,NA,NA,NA,9,2010-09-01,"","DATE: Sep-01<br><b>Minimum temperature</b><br>10-90 percentile<br>14.8 to 20.6 °C","Historical daily maximum<br>24.2 °C<br>2010-09-01","DATE: Sep-01</b><br>Normal: 18.1 °C<br>Period: 1991-2020","6136699","PORT+WELLER+AUT",1994,2026
"09-01","VPD",2001-09-01,0.926894516710122,0.32555243016624,2.37864540408946,0.492971635324539,0.43345262210657,0.517787134442181,1.14173283217189,1.47989031201495,NA,NA,NA,NA,NA,9,2018-09-01,"","DATE: Sep-01<br><b>Vapour pressure deficit</b><br>10-90 percentile<br>0.4 to 1.5 kPa","Historical daily maximum<br>2.4 kPa<br>2018-09-01","DATE: Sep-01</b><br>Normal: 0.9 kPa<br>Period: 1991-2020","6136699","PORT+WELLER+AUT",1994,2026
"09-02","TMAX",2001-09-02,24.2269230769231,19.7,29.7,2.87868826965445,20.6,21.575,26.175,28.15,NA,NA,NA,NA,NA,9,2010-09-02,"","DATE: Sep-02<br><b>Maximum temperature</b><br>10-90 percentile<br>20.6 to 28.1 °C","Historical daily maximum<br>29.7 °C<br>2010-09-02","DATE: Sep-02</b><br>Normal: 24.2 °C<br>Period: 1991-2020","6136699","PORT+WELLER+AUT",1994,2026
"09-02","TMIN",2001-09-02,17.7307692307692,11.4,23.5,2.82386532692609,14,16.675,19.025,20.85,NA,NA,NA,NA,NA,9,2018-09-02,"","DATE: Sep-02<br><b>Minimum temperature</b><br>10-90 percentile<br>14.0 to 20.8 °C","Historical daily maximum<br>23.5 °C<br>2018-09-02","DATE: Sep-02</b><br>Normal: 17.7 °C<br>Period: 1991-2020","6136699","PORT+WELLER+AUT",1994,2026
"09-02","VPD",2001-09-02,1.00644527000831,0.406056243424247,1.58462607765418,0.321271518912255,0.594424567761674,0.763146232673403,1.20760591871489,1.36662900160976,NA,NA,NA,NA,NA,9,2022-09-02,"","DATE: Sep-02<br><b>Vapour pressure deficit</b><br>10-90 percentile<br>0.6 to 1.4 kPa","Historical daily maximum<br>1.6 kPa<br>2022-09-02","DATE: Sep-02</b><br>Normal: 1.0 kPa<br>Period: 1991-2020","6136699","PORT+WELLER+AUT",1994,2026
"09-03","TMAX",2001-09-03,25.1153846153846,16.7,29.8,3.39655028612177,21.05,23,27.625,28.6,NA,NA,NA,NA,NA,9,2022-09-03,"","DATE: Sep-03<br><b>Maximum temperature</b><br>10-90 percentile<br>21.0 to 28.6 °C","Historical daily maximum<br>29.8 °C<br>2022-09-03","DATE: Sep-03</b><br>Normal: 25.1 °C<br>Period: 1991-2020","6136699","PORT+WELLER+AUT",1994,2026
"09-03","TMIN",2001-09-03,17.6461538461538,13.6,22.2,2.13133399902141,14.8,16.525,18.7,20.4,NA,NA,NA,NA,NA,9,2011-09-03,"","DATE: Sep-03<br><b>Minimum temperature</b><br>10-90 percentile<br>14.8 to 20.4 °C","Historical daily maximum<br>22.2 °C<br>2011-09-03","DATE: Sep-03</b><br>Normal: 17.6 °C<br>Period: 1991-2020","6136699","PORT+WELLER+AUT",1994,2026
"09-03","VPD",2001-09-03,1.2083840827735,0.292186869698541,2.11954997763816,0.482842259208582,0.738215069084778,0.882614278871654,1.57204938144666,1.83356798374276,NA,NA,NA,NA,NA,9,2008-09-03,"","DATE: Sep-03<br><b>Vapour pressure deficit</b><br>10-90 percentile<br>0.7 to 1.8 kPa","Historical daily maximum<br>2.1 kPa<br>2008-09-03","DATE: Sep-03</b><br>Normal: 1.2 kPa<br>Period: 1991-2020","6136699","PORT+WELLER+AUT",1994,2026
"09-04","TMAX",2001-09-04,23.8884615384615,18.5,30,2.41517319015874,20.9,22.6,25.45,26.1,NA,NA,NA,NA,NA,9,2023-09-04,"","DATE: Sep-04<br><b>Maximum temperature</b><br>10-90 percentile<br>20.9 to 26.1 °C","Historical daily maximum<br>30.0 °C<br>2023-09-04","DATE: Sep-04</b><br>Normal: 23.9 °C<br>Period: 1991-2020","6136699","PORT+WELLER+AUT",1994,2026
"09-04","TMIN",2001-09-04,17.4115384615385,14.3,20.7,1.90437956785446,14.9,15.9,19.175,19.7,NA,NA,NA,NA,NA,9,2023-09-04,"","DATE: Sep-04<br><b>Minimum temperature</b><br>10-90 percentile<br>14.9 to 19.7 °C","Historical daily maximum<br>20.7 °C<br>2023-09-04","DATE: Sep-04</b><br>Normal: 17.4 °C<br>Period: 1991-2020","6136699","PORT+WELLER+AUT",1994,2026
"09-04","VPD",2001-09-04,0.989290473004865,0.461598017402399,2.01810394042118,0.367869136422417,0.546987884535971,0.732691733616471,1.20747726079999,1.42335750674946,NA,NA,NA,NA,NA,9,2014-09-04,"","DATE: Sep-04<br><b>Vapour pressure deficit</b><br>10-90 percentile<br>0.5 to 1.4 kPa","Historical daily maximum<br>2.0 kPa<br>2014-09-04","DATE: Sep-04</b><br>Normal: 1.0 kPa<br>Period: 1991-2020","6136699","PORT+WELLER+AUT",1994,2026
"09-05","TMAX",2001-09-05,23.3115384615385,16.2,31.9,3.54438450770533,20.05,20.95,24.55,28.1,NA,NA,NA,NA,NA,9,2018-09-05,"","DATE: Sep-05<br><b>Maximum temperature</b><br>10-90 percentile<br>20.0 to 28.1 °C","Historical daily maximum<br>31.9 °C<br>2018-09-05","DATE: Sep-05</b><br>Normal: 23.3 °C<br>Period: 1991-2020","6136699","PORT+WELLER+AUT",1994,2026
"09-05","TMIN",2001-09-05,16.8230769230769,12,21.6,2.57779870312756,13.65,15.125,18.7,20.3,NA,NA,NA,NA,NA,9,2023-09-05,"","DATE: Sep-05<br><b>Minimum temperature</b><br>10-90 percentile<br>13.6 to 20.3 °C","Historical daily maximum<br>21.6 °C<br>2023-09-05","DATE: Sep-05</b><br>Normal: 16.8 °C<br>Period: 1991-2020","6136699","PORT+WELLER+AUT",1994,2026
"09-05","VPD",2001-09-05,0.981822937803748,0.439081257370837,2.17920190190195,0.505180360188643,0.458780187810899,0.573096465082559,1.15380670264707,1.76873613970923,NA,NA,NA,NA,NA,9,2018-09-05,"","DATE: Sep-05<br><b>Vapour pressure deficit</b><br>10-90 percentile<br>0.5 to 1.8 kPa","Historical daily maximum<br>2.2 kPa<br>2018-09-05","DATE: Sep-05</b><br>Normal: 1.0 kPa<br>Period: 1991-2020","6136699","PORT+WELLER+AUT",1994,2026
"09-06","TMAX",2001-09-06,24.48,18.8,32.4,3.88254641526237,20.32,21.6,27.5,29.96,NA,NA,NA,NA,NA,9,2007-09-06,"","DATE: Sep-06<br><b>Maximum temperature</b><br>10-90 percentile<br>20.3 to 30.0 °C","Historical daily maximum<br>32.4 °C<br>2007-09-06","DATE: Sep-06</b><br>Normal: 24.5 °C<br>Period: 1991-2020","6136699","PORT+WELLER+AUT",1994,2026
"09-06","TMIN",2001-09-06,17.15,10.4,21.5,3.26634352143188,13.6,14.525,20.275,21.1,NA,NA,NA,NA,NA,9,2023-09-06,"","DATE: Sep-06<br><b>Minimum temperature</b><br>10-90 percentile<br>13.6 to 21.1 °C","Historical daily maximum<br>21.5 °C<br>2023-09-06","DATE: Sep-06</b><br>Normal: 17.2 °C<br>Period: 1991-2020","6136699","PORT+WELLER+AUT",1994,2026
"09-06","VPD",2001-09-06,1.15742494705361,0.358498374198659,2.76006611320821,0.562013003246866,0.613838753360714,0.823380935840539,1.56513580366725,1.74863119666719,NA,NA,NA,NA,NA,9,2007-09-06,"","DATE: Sep-06<br><b>Vapour pressure deficit</b><br>10-90 percentile<br>0.6 to 1.7 kPa","Historical daily maximum<br>2.8 kPa<br>2007-09-06","DATE: Sep-06</b><br>Normal: 1.2 kPa<br>Period: 1991-2020","6136699","PORT+WELLER+AUT",1994,2026
"09-07","TMAX",2001-09-07,24.512,18.7,33,4.19635953337334,19.72,21.6,27.2,30.76,NA,NA,NA,NA,NA,9,2016-09-07,"","DATE: Sep-07<br><b>Maximum temperature</b><br>10-90 percentile<br>19.7 to 30.8 °C","Historical daily maximum<br>33.0 °C<br>2016-09-07","DATE: Sep-07</b><br>Normal: 24.5 °C<br>Period: 1991-2020","6136699","PORT+WELLER+AUT",1994,2026
"09-07","TMIN",2001-09-07,17.576,13.8,23.7,2.78841053887933,14.44,15.7,19.2,21.36,NA,NA,NA,NA,NA,9,2007-09-07,"","DATE: Sep-07<br><b>Minimum temperature</b><br>10-90 percentile<br>14.4 to 21.4 °C","Historical daily maximum<br>23.7 °C<br>2007-09-07","DATE: Sep-07</b><br>Normal: 17.6 °C<br>Period: 1991-2020","6136699","PORT+WELLER+AUT",1994,2026
"09-07","VPD",2001-09-07,1.12452525826991,0.170328034689568,2.19690545907929,0.597689017544441,0.420673098657349,0.703271736817328,1.61339221195881,2.01496383255523,NA,NA,NA,NA,NA,9,2015-09-07,"","DATE: Sep-07<br><b>Vapour pressure deficit</b><br>10-90 percentile<br>0.4 to 2.0 kPa","Historical daily maximum<br>2.2 kPa<br>2015-09-07","DATE: Sep-07</b><br>Normal: 1.1 kPa<br>Period: 1991-2020","6136699","PORT+WELLER+AUT",1994,2026
"09-08","TMAX",2001-09-08,22.3846153846154,15.7,30.2,4.11589040745181,18.05,19.325,25.1,28.7,NA,NA,NA,NA,NA,9,2001-09-08,"","DATE: Sep-08<br><b>Maximum temperature</b><br>10-90 percentile<br>18.0 to 28.7 °C","Historical daily maximum<br>30.2 °C<br>2001-09-08","DATE: Sep-08</b><br>Normal: 22.4 °C<br>Period: 1991-2020","6136699","PORT+WELLER+AUT",1994,2026
"09-08","TMIN",2001-09-08,17.1884615384615,12.5,23.4,3.05644589980937,14.3,14.775,19.35,21.7,NA,NA,NA,NA,NA,9,2001-09-08,"","DATE: Sep-08<br><b>Minimum temperature</b><br>10-90 percentile<br>14.3 to 21.7 °C","Historical daily maximum<br>23.4 °C<br>2001-09-08","DATE: Sep-08</b><br>Normal: 17.2 °C<br>Period: 1991-2020","6136699","PORT+WELLER+AUT",1994,2026
"09-08","VPD",2001-09-08,0.787405993489413,0.281018798082503,1.51635180898176,0.407207601799331,0.336276746532333,0.451241063465157,1.02962727020277,1.44928737532743,NA,NA,NA,NA,NA,9,2015-09-08,"","DATE: Sep-08<br><b>Vapour pressure deficit</b><br>10-90 percentile<br>0.3 to 1.4 kPa","Historical daily maximum<br>1.5 kPa<br>2015-09-08","DATE: Sep-08</b><br>Normal: 0.8 kPa<br>Period: 1991-2020","6136699","PORT+WELLER+AUT",1994,2026
"09-09","TMAX",2001-09-09,21.3961538461538,15.7,31.5,3.77258328143788,17.65,18.65,22.775,26.55,NA,NA,NA,NA,NA,9,2001-09-09,"","DATE: Sep-09<br><b>Maximum temperature</b><br>10-90 percentile<br>17.6 to 26.6 °C","Historical daily maximum<br>31.5 °C<br>2001-09-09","DATE: Sep-09</b><br>Normal: 21.4 °C<br>Period: 1991-2020","6136699","PORT+WELLER+AUT",1994,2026
"09-09","TMIN",2001-09-09,16.4461538461538,12.5,23.5,2.75626279867951,13.4,14.525,17.725,19.9,NA,NA,NA,NA,NA,9,2001-09-09,"","DATE: Sep-09<br><b>Minimum temperature</b><br>10-90 percentile<br>13.4 to 19.9 °C","Historical daily maximum<br>23.5 °C<br>2001-09-09","DATE: Sep-09</b><br>Normal: 16.4 °C<br>Period: 1991-2020","6136699","PORT+WELLER+AUT",1994,2026
"09-09","VPD",2001-09-09,0.712701100918807,0.264511190558228,1.72653813011652,0.367660637235785,0.337956496963909,0.482967792262276,0.861197942389878,1.15944330716017,NA,NA,NA,NA,NA,9,2001-09-09,"","DATE: Sep-09<br><b>Vapour pressure deficit</b><br>10-90 percentile<br>0.3 to 1.2 kPa","Historical daily maximum<br>1.7 kPa<br>2001-09-09","DATE: Sep-09</b><br>Normal: 0.7 kPa<br>Period: 1991-2020","6136699","PORT+WELLER+AUT",1994,2026
"09-10","TMAX",2001-09-10,22.6538461538462,14.5,31.9,4.31372050733292,18,20.15,24.9,29.2,NA,NA,NA,NA,NA,9,2002-09-10,"","DATE: Sep-10<br><b>Maximum temperature</b><br>10-90 percentile<br>18.0 to 29.2 °C","Historical daily maximum<br>31.9 °C<br>2002-09-10","DATE: Sep-10</b><br>Normal: 22.7 °C<br>Period: 1991-2020","6136699","PORT+WELLER+AUT",1994,2026
"09-10","TMIN",2001-09-10,16.2346153846154,10.1,21.7,2.84941289499326,12.75,13.9,18.225,19.7,NA,NA,NA,NA,NA,9,2013-09-10,"","DATE: Sep-10<br><b>Minimum temperature</b><br>10-90 percentile<br>12.8 to 19.7 °C","Historical daily maximum<br>21.7 °C<br>2013-09-10","DATE: Sep-10</b><br>Normal: 16.2 °C<br>Period: 1991-2020","6136699","PORT+WELLER+AUT",1994,2026
"09-10","VPD",2001-09-10,0.961180267501956,0.316008855845792,2.24096710310195,0.516151650612641,0.4363162418279,0.622543703311443,1.10199632352582,1.78728737770355,NA,NA,NA,NA,NA,9,2002-09-10,"","DATE: Sep-10<br><b>Vapour pressure deficit</b><br>10-90 percentile<br>0.4 to 1.8 kPa","Historical daily maximum<br>2.2 kPa<br>2002-09-10","DATE: Sep-10</b><br>Normal: 1.0 kPa<br>Period: 1991-2020","6136699","PORT+WELLER+AUT",1994,2026
"09-11","TMAX",2001-09-11,22.632,15.9,30.1,3.57149828503389,18.84,19.9,24.5,27.56,NA,NA,NA,NA,NA,9,2013-09-11,"","DATE: Sep-11<br><b>Maximum temperature</b><br>10-90 percentile<br>18.8 to 27.6 °C","Historical daily maximum<br>30.1 °C<br>2013-09-11","DATE: Sep-11</b><br>Normal: 22.6 °C<br>Period: 1991-2020","6136699","PORT+WELLER+AUT",1994,2026
"09-11","TMIN",2001-09-11,15.268,11.3,20.9,2.80412196596368,12.04,12.5,16.9,18.92,NA,NA,NA,NA,NA,9,2000-09-11,"","DATE: Sep-11<br><b>Minimum temperature</b><br>10-90 percentile<br>12.0 to 18.9 °C","Historical daily maximum<br>20.9 °C<br>2000-09-11","DATE: Sep-11</b><br>Normal: 15.3 °C<br>Period: 1991-2020","6136699","PORT+WELLER+AUT",1994,2026
"09-11","VPD",2001-09-11,1.04296130236165,0.366716179335966,1.79569305991811,0.389760931038666,0.537652080566183,0.79482945083857,1.30816031937262,1.53016134797051,NA,NA,NA,NA,NA,9,2013-09-11,"","DATE: Sep-11<br><b>Vapour pressure deficit</b><br>10-90 percentile<br>0.5 to 1.5 kPa","Historical daily maximum<br>1.8 kPa<br>2013-09-11","DATE: Sep-11</b><br>Normal: 1.0 kPa<br>Period: 1991-2020","6136699","PORT+WELLER+AUT",1994,2026
"09-12","TMAX",2001-09-12,23.004,14.4,30.5,3.91423470595892,18.28,19.8,26.1,26.88,NA,NA,NA,NA,NA,9,2005-09-12,"","DATE: Sep-12<br><b>Maximum temperature</b><br>10-90 percentile<br>18.3 to 26.9 °C","Historical daily maximum<br>30.5 °C<br>2005-09-12","DATE: Sep-12</b><br>Normal: 23.0 °C<br>Period: 1991-2020","6136699","PORT+WELLER+AUT",1994,2026
"09-12","TMIN",2001-09-12,15.676,10.8,19.7,2.34507995599297,13.26,13.9,17.7,18.56,NA,NA,NA,NA,NA,9,2005-09-12,"","DATE: Sep-12<br><b>Minimum temperature</b><br>10-90 percentile<br>13.3 to 18.6 °C","Historical daily maximum<br>19.7 °C<br>2005-09-12","DATE: Sep-12</b><br>Normal: 15.7 °C<br>Period: 1991-2020","6136699","PORT+WELLER+AUT",1994,2026
"09-12","VPD",2001-09-12,1.07777330395622,0.345212352854695,2.19858973143065,0.548346064847943,0.437251466753744,0.618347395416904,1.43907928217386,1.81526786672229,NA,NA,NA,NA,NA,9,1999-09-12,"","DATE: Sep-12<br><b>Vapour pressure deficit</b><br>10-90 percentile<br>0.4 to 1.8 kPa","Historical daily maximum<br>2.2 kPa<br>1999-09-12","DATE: Sep-12</b><br>Normal: 1.1 kPa<br>Period: 1991-2020","6136699","PORT+WELLER+AUT",1994,2026
"09-13","TMAX",2001-09-13,22.66,15.7,29.5,3.7169656083065,18.28,20.7,24.9,27.98,NA,NA,NA,NA,NA,9,2005-09-13,"","DATE: Sep-13<br><b>Maximum temperature</b><br>10-90 percentile<br>18.3 to 28.0 °C","Historical daily maximum<br>29.5 °C<br>2005-09-13","DATE: Sep-13</b><br>Normal: 22.7 °C<br>Period: 1991-2020","6136699","PORT+WELLER+AUT",1994,2026
"09-13","TMIN",2001-09-13,16.132,10.5,20,2.61178738287276,12.84,13.6,18.3,19.32,NA,NA,NA,NA,NA,9,2012-09-13,"","DATE: Sep-13<br><b>Minimum temperature</b><br>10-90 percentile<br>12.8 to 19.3 °C","Historical daily maximum<br>20.0 °C<br>2012-09-13","DATE: Sep-13</b><br>Normal: 16.1 °C<br>Period: 1991-2020","6136699","PORT+WELLER+AUT",1994,2026
"09-13","VPD",2001-09-13,0.956484128168414,0.260708339424246,1.87158451419038,0.485769781988778,0.422507020734401,0.558464350113521,1.39984215951508,1.65795606881999,NA,NA,NA,NA,NA,9,2016-09-13,"","DATE: Sep-13<br><b>Vapour pressure deficit</b><br>10-90 percentile<br>0.4 to 1.7 kPa","Historical daily maximum<br>1.9 kPa<br>2016-09-13","DATE: Sep-13</b><br>Normal: 1.0 kPa<br>Period: 1991-2020","6136699","PORT+WELLER+AUT",1994,2026
"09-14","TMAX",2001-09-14,23.088,14.9,29.3,3.62414587638706,18.8,21.1,26.6,27.26,NA,NA,NA,NA,NA,9,2008-09-14,"","DATE: Sep-14<br><b>Maximum temperature</b><br>10-90 percentile<br>18.8 to 27.3 °C","Historical daily maximum<br>29.3 °C<br>2008-09-14","DATE: Sep-14</b><br>Normal: 23.1 °C<br>Period: 1991-2020","6136699","PORT+WELLER+AUT",1994,2026
"09-14","TMIN",2001-09-14,15.608,10.8,20.3,2.90185572809309,11.84,13.1,17.8,19.42,NA,NA,NA,NA,NA,9,2005-09-14,"","DATE: Sep-14<br><b>Minimum temperature</b><br>10-90 percentile<br>11.8 to 19.4 °C","Historical daily maximum<br>20.3 °C<br>2005-09-14","DATE: Sep-14</b><br>Normal: 15.6 °C<br>Period: 1991-2020","6136699","PORT+WELLER+AUT",1994,2026
"09-14","VPD",2001-09-14,1.08192748535298,0.315101650228918,1.97625235003047,0.442406234728281,0.610169339432006,0.80957216378747,1.37927780661134,1.6981957713153,NA,NA,NA,NA,NA,9,2007-09-14,"","DATE: Sep-14<br><b>Vapour pressure deficit</b><br>10-90 percentile<br>0.6 to 1.7 kPa","Historical daily maximum<br>2.0 kPa<br>2007-09-14","DATE: Sep-14</b><br>Normal: 1.1 kPa<br>Period: 1991-2020","6136699","PORT+WELLER+AUT",1994,2026
"09-15","TMAX",2001-09-15,21.264,15,27.1,3.46095844143401,17.24,19.4,24.2,25.94,NA,NA,NA,NA,NA,9,1998-09-15,"","DATE: Sep-15<br><b>Maximum temperature</b><br>10-90 percentile<br>17.2 to 25.9 °C","Historical daily maximum<br>27.1 °C<br>1998-09-15","DATE: Sep-15</b><br>Normal: 21.3 °C<br>Period: 1991-2020","6136699","PORT+WELLER+AUT",1994,2026
"09-15","TMIN",2001-09-15,15.2269230769231,10.6,20.3,2.9082720219825,11.7,13.05,17.175,19.35,NA,NA,NA,NA,NA,9,2002-09-15,"","DATE: Sep-15<br><b>Minimum temperature</b><br>10-90 percentile<br>11.7 to 19.4 °C","Historical daily maximum<br>20.3 °C<br>2002-09-15","DATE: Sep-15</b><br>Normal: 15.2 °C<br>Period: 1991-2020","6136699","PORT+WELLER+AUT",1994,2026
"09-15","VPD",2001-09-15,0.844436575614329,0.284087629376404,1.56088704992389,0.37653903302625,0.358723198132291,0.523681544043915,1.08882564387624,1.37932357611498,NA,NA,NA,NA,NA,9,2015-09-15,"","DATE: Sep-15<br><b>Vapour pressure deficit</b><br>10-90 percentile<br>0.4 to 1.4 kPa","Historical daily maximum<br>1.6 kPa<br>2015-09-15","DATE: Sep-15</b><br>Normal: 0.8 kPa<br>Period: 1991-2020","6136699","PORT+WELLER+AUT",1994,2026
"09-16","TMAX",2001-09-16,20.852,15,27.7,3.30266559009537,16.72,18.6,23.4,24.42,NA,NA,NA,NA,NA,9,2015-09-16,"","DATE: Sep-16<br><b>Maximum temperature</b><br>10-90 percentile<br>16.7 to 24.4 °C","Historical daily maximum<br>27.7 °C<br>2015-09-16","DATE: Sep-16</b><br>Normal: 20.9 °C<br>Period: 1991-2020","6136699","PORT+WELLER+AUT",1994,2026
"09-16","TMIN",2001-09-16,14.268,9,20,2.88815396634829,11.5,12.1,16.5,17.72,NA,NA,NA,NA,NA,9,2018-09-16,"","DATE: Sep-16<br><b>Minimum temperature</b><br>10-90 percentile<br>11.5 to 17.7 °C","Historical daily maximum<br>20.0 °C<br>2018-09-16","DATE: Sep-16</b><br>Normal: 14.3 °C<br>Period: 1991-2020","6136699","PORT+WELLER+AUT",1994,2026
"09-16","VPD",2001-09-16,0.856812384015883,0.320217489788987,1.71766327050252,0.434395760980425,0.402892910479842,0.501068709639994,1.21131150245914,1.488293693986,NA,NA,NA,NA,NA,9,1995-09-16,"","DATE: Sep-16<br><b>Vapour pressure deficit</b><br>10-90 percentile<br>0.4 to 1.5 kPa","Historical daily maximum<br>1.7 kPa<br>1995-09-16","DATE: Sep-16</b><br>Normal: 0.9 kPa<br>Period: 1991-2020","6136699","PORT+WELLER+AUT",1994,2026
"09-17","TMAX",2001-09-17,21.5916666666667,15.3,28.2,3.42838746055783,16.94,19.175,24.1,24.4,NA,NA,NA,NA,NA,9,2015-09-17,"","DATE: Sep-17<br><b>Maximum temperature</b><br>10-90 percentile<br>16.9 to 24.4 °C","Historical daily maximum<br>28.2 °C<br>2015-09-17","DATE: Sep-17</b><br>Normal: 21.6 °C<br>Period: 1991-2020","6136699","PORT+WELLER+AUT",1994,2026
"09-17","TMIN",2001-09-17,14.7230769230769,9,20.3,2.78773136328559,11.3,13.15,16.85,17.7,NA,NA,NA,NA,NA,9,2018-09-17,"","DATE: Sep-17<br><b>Minimum temperature</b><br>10-90 percentile<br>11.3 to 17.7 °C","Historical daily maximum<br>20.3 °C<br>2018-09-17","DATE: Sep-17</b><br>Normal: 14.7 °C<br>Period: 1991-2020","6136699","PORT+WELLER+AUT",1994,2026
"09-17","VPD",2001-09-17,0.905998580761255,0.170053730473458,1.76018281539357,0.391481969138413,0.429198645991095,0.682836381004923,1.19981472591542,1.32346016146453,NA,NA,NA,NA,NA,9,2015-09-17,"","DATE: Sep-17<br><b>Vapour pressure deficit</b><br>10-90 percentile<br>0.4 to 1.3 kPa","Historical daily maximum<br>1.8 kPa<br>2015-09-17","DATE: Sep-17</b><br>Normal: 0.9 kPa<br>Period: 1991-2020","6136699","PORT+WELLER+AUT",1994,2026
"09-18","TMAX",2001-09-18,21.716,15.1,27.5,3.25585114319845,18.06,19.9,23.9,26.06,NA,NA,NA,NA,NA,9,2025-09-18,"","DATE: Sep-18<br><b>Maximum temperature</b><br>10-90 percentile<br>18.1 to 26.1 °C","Historical daily maximum<br>27.5 °C<br>2025-09-18","DATE: Sep-18</b><br>Normal: 21.7 °C<br>Period: 1991-2020","6136699","PORT+WELLER+AUT",1994,2026
"09-18","TMIN",2001-09-18,14.5153846153846,10.5,19,2.51232041072667,11.55,12.4,16.075,18.2,NA,NA,NA,NA,NA,9,2022-09-18,"","DATE: Sep-18<br><b>Minimum temperature</b><br>10-90 percentile<br>11.6 to 18.2 °C","Historical daily maximum<br>19.0 °C<br>2022-09-18","DATE: Sep-18</b><br>Normal: 14.5 °C<br>Period: 1991-2020","6136699","PORT+WELLER+AUT",1994,2026
"09-18","VPD",2001-09-18,0.962031776838659,0.332182624517647,1.71454342638254,0.341759713387473,0.583791144932853,0.730483917986506,1.11814897230472,1.47131575207483,NA,NA,NA,NA,NA,9,2025-09-18,"","DATE: Sep-18<br><b>Vapour pressure deficit</b><br>10-90 percentile<br>0.6 to 1.5 kPa","Historical daily maximum<br>1.7 kPa<br>2025-09-18","DATE: Sep-18</b><br>Normal: 1.0 kPa<br>Period: 1991-2020","6136699","PORT+WELLER+AUT",1994,2026
"09-19","TMAX",2001-09-19,21.3269230769231,13.8,28.7,3.90564286050916,16.25,17.925,23.95,25.85,NA,NA,NA,NA,NA,9,2002-09-19,"","DATE: Sep-19<br><b>Maximum temperature</b><br>10-90 percentile<br>16.2 to 25.8 °C","Historical daily maximum<br>28.7 °C<br>2002-09-19","DATE: Sep-19</b><br>Normal: 21.3 °C<br>Period: 1991-2020","6136699","PORT+WELLER+AUT",1994,2026
"09-19","TMIN",2001-09-19,14.6538461538462,7.9,20.7,3.32002780340536,10.3,11.7,17.075,18.55,NA,NA,NA,NA,NA,9,2002-09-19,"","DATE: Sep-19<br><b>Minimum temperature</b><br>10-90 percentile<br>10.3 to 18.6 °C","Historical daily maximum<br>20.7 °C<br>2002-09-19","DATE: Sep-19</b><br>Normal: 14.7 °C<br>Period: 1991-2020","6136699","PORT+WELLER+AUT",1994,2026
"09-19","VPD",2001-09-19,0.89869267717868,0.382541174528267,1.75863504677809,0.373821500462221,0.484949489880674,0.643345588511155,1.24794497787164,1.37645048294345,NA,NA,NA,NA,NA,9,2007-09-19,"","DATE: Sep-19<br><b>Vapour pressure deficit</b><br>10-90 percentile<br>0.5 to 1.4 kPa","Historical daily maximum<br>1.8 kPa<br>2007-09-19","DATE: Sep-19</b><br>Normal: 0.9 kPa<br>Period: 1991-2020","6136699","PORT+WELLER+AUT",1994,2026
"09-20","TMAX",2001-09-20,21.8769230769231,15.7,29.7,3.69240384490188,16.75,19.95,24.025,26.45,NA,NA,NA,NA,NA,9,2002-09-20,"","DATE: Sep-20<br><b>Maximum temperature</b><br>10-90 percentile<br>16.8 to 26.4 °C","Historical daily maximum<br>29.7 °C<br>2002-09-20","DATE: Sep-20</b><br>Normal: 21.9 °C<br>Period: 1991-2020","6136699","PORT+WELLER+AUT",1994,2026
"09-20","TMIN",2001-09-20,14.8115384615385,9.7,21.1,2.90521282154364,11.1,12.275,16.4,17.95,NA,NA,NA,NA,NA,9,2002-09-20,"","DATE: Sep-20<br><b>Minimum temperature</b><br>10-90 percentile<br>11.1 to 17.9 °C","Historical daily maximum<br>21.1 °C<br>2002-09-20","DATE: Sep-20</b><br>Normal: 14.8 °C<br>Period: 1991-2020","6136699","PORT+WELLER+AUT",1994,2026
"09-20","VPD",2001-09-20,0.971338196524507,0.223428708355466,1.66939896285417,0.418666151174452,0.534846304203273,0.637782190832912,1.25659361906095,1.6094940430288,NA,NA,NA,NA,NA,9,2000-09-20,"","DATE: Sep-20<br><b>Vapour pressure deficit</b><br>10-90 percentile<br>0.5 to 1.6 kPa","Historical daily maximum<br>1.7 kPa<br>2000-09-20","DATE: Sep-20</b><br>Normal: 1.0 kPa<br>Period: 1991-2020","6136699","PORT+WELLER+AUT",1994,2026
"09-21","TMAX",2001-09-21,22.2846153846154,13.7,30.7,4.46736542563442,17,18.75,25.8,27.35,NA,NA,NA,NA,NA,9,2018-09-21,"","DATE: Sep-21<br><b>Maximum temperature</b><br>10-90 percentile<br>17.0 to 27.4 °C","Historical daily maximum<br>30.7 °C<br>2018-09-21","DATE: Sep-21</b><br>Normal: 22.3 °C<br>Period: 1991-2020","6136699","PORT+WELLER+AUT",1994,2026
"09-21","TMIN",2001-09-21,14.3038461538462,9.7,18.2,2.53479478762771,10.45,12.425,16.15,17.5,NA,NA,NA,NA,NA,9,2021-09-21,"","DATE: Sep-21<br><b>Minimum temperature</b><br>10-90 percentile<br>10.4 to 17.5 °C","Historical daily maximum<br>18.2 °C<br>2021-09-21","DATE: Sep-21</b><br>Normal: 14.3 °C<br>Period: 1991-2020","6136699","PORT+WELLER+AUT",1994,2026
"09-21","VPD",2001-09-21,1.12499263818668,0.293266787487562,2.5747839029084,0.602832786533811,0.431105368374022,0.68289489737049,1.59052867892643,1.91678535546148,NA,NA,NA,NA,NA,9,2018-09-21,"","DATE: Sep-21<br><b>Vapour pressure deficit</b><br>10-90 percentile<br>0.4 to 1.9 kPa","Historical daily maximum<br>2.6 kPa<br>2018-09-21","DATE: Sep-21</b><br>Normal: 1.1 kPa<br>Period: 1991-2020","6136699","PORT+WELLER+AUT",1994,2026
"09-22","TMAX",2001-09-22,20.9961538461538,14.7,29.1,4.17118503729871,15.9,17.9,23.85,26.45,NA,NA,NA,NA,NA,9,2019-09-22,"","DATE: Sep-22<br><b>Maximum temperature</b><br>10-90 percentile<br>15.9 to 26.4 °C","Historical daily maximum<br>29.1 °C<br>2019-09-22","DATE: Sep-22</b><br>Normal: 21.0 °C<br>Period: 1991-2020","6136699","PORT+WELLER+AUT",1994,2026
"09-22","TMIN",2001-09-22,14.0384615384615,10.1,20.9,3.29655297825798,10.35,11.175,16.425,18.1,NA,NA,NA,NA,NA,9,2019-09-22,"","DATE: Sep-22<br><b>Minimum temperature</b><br>10-90 percentile<br>10.4 to 18.1 °C","Historical daily maximum<br>20.9 °C<br>2019-09-22","DATE: Sep-22</b><br>Normal: 14.0 °C<br>Period: 1991-2020","6136699","PORT+WELLER+AUT",1994,2026
"09-22","VPD",2001-09-22,0.922069871674256,0.173871384914899,2.07441021116307,0.456055058150716,0.439693851038381,0.527010859233445,1.15111079621714,1.53570366771796,NA,NA,NA,NA,NA,9,2004-09-22,"","DATE: Sep-22<br><b>Vapour pressure deficit</b><br>10-90 percentile<br>0.4 to 1.5 kPa","Historical daily maximum<br>2.1 kPa<br>2004-09-22","DATE: Sep-22</b><br>Normal: 0.9 kPa<br>Period: 1991-2020","6136699","PORT+WELLER+AUT",1994,2026
"09-23","TMAX",2001-09-23,20.9307692307692,14.7,32.2,4.12017176639705,16.05,17.7,23.925,25.4,NA,NA,NA,NA,NA,9,2017-09-23,"","DATE: Sep-23<br><b>Maximum temperature</b><br>10-90 percentile<br>16.0 to 25.4 °C","Historical daily maximum<br>32.2 °C<br>2017-09-23","DATE: Sep-23</b><br>Normal: 20.9 °C<br>Period: 1991-2020","6136699","PORT+WELLER+AUT",1994,2026
"09-23","TMIN",2001-09-23,13.6730769230769,8.3,19.2,2.77482362571861,10.7,11.4,15.775,17.25,NA,NA,NA,NA,NA,9,2009-09-23,"","DATE: Sep-23<br><b>Minimum temperature</b><br>10-90 percentile<br>10.7 to 17.2 °C","Historical daily maximum<br>19.2 °C<br>2009-09-23","DATE: Sep-23</b><br>Normal: 13.7 °C<br>Period: 1991-2020","6136699","PORT+WELLER+AUT",1994,2026
"09-23","VPD",2001-09-23,0.959385932010167,0.285805003289732,2.77060103009678,0.516079227117655,0.498081845848973,0.608677977050465,1.19861231735726,1.50109481928882,NA,NA,NA,NA,NA,9,2017-09-23,"","DATE: Sep-23<br><b>Vapour pressure deficit</b><br>10-90 percentile<br>0.5 to 1.5 kPa","Historical daily maximum<br>2.8 kPa<br>2017-09-23","DATE: Sep-23</b><br>Normal: 1.0 kPa<br>Period: 1991-2020","6136699","PORT+WELLER+AUT",1994,2026
"09-24","TMAX",2001-09-24,20.8153846153846,14.7,29.3,4.10294453364335,15.7,17.975,22.6,27.1,NA,NA,NA,NA,NA,9,2010-09-24,"","DATE: Sep-24<br><b>Maximum temperature</b><br>10-90 percentile<br>15.7 to 27.1 °C","Historical daily maximum<br>29.3 °C<br>2010-09-24","DATE: Sep-24</b><br>Normal: 20.8 °C<br>Period: 1991-2020","6136699","PORT+WELLER+AUT",1994,2026
"09-24","TMIN",2001-09-24,13.2807692307692,8.2,20.6,2.91506696057147,9.1,11.625,14.825,16.65,NA,NA,NA,NA,NA,9,2017-09-24,"","DATE: Sep-24<br><b>Minimum temperature</b><br>10-90 percentile<br>9.1 to 16.6 °C","Historical daily maximum<br>20.6 °C<br>2017-09-24","DATE: Sep-24</b><br>Normal: 13.3 °C<br>Period: 1991-2020","6136699","PORT+WELLER+AUT",1994,2026
"09-24","VPD",2001-09-24,0.978219080899933,0.285805003289732,2.18649707811946,0.472038383694989,0.559603446978772,0.640242023787252,1.1594587363534,1.67764494365327,NA,NA,NA,NA,NA,9,2010-09-24,"","DATE: Sep-24<br><b>Vapour pressure deficit</b><br>10-90 percentile<br>0.6 to 1.7 kPa","Historical daily maximum<br>2.2 kPa<br>2010-09-24","DATE: Sep-24</b><br>Normal: 1.0 kPa<br>Period: 1991-2020","6136699","PORT+WELLER+AUT",1994,2026
"09-25","TMAX",2001-09-25,20.1346153846154,12.6,30.3,3.94359656229613,16.25,17.2,22.425,25.35,NA,NA,NA,NA,NA,9,2007-09-25,"","DATE: Sep-25<br><b>Maximum temperature</b><br>10-90 percentile<br>16.2 to 25.4 °C","Historical daily maximum<br>30.3 °C<br>2007-09-25","DATE: Sep-25</b><br>Normal: 20.1 °C<br>Period: 1991-2020","6136699","PORT+WELLER+AUT",1994,2026
"09-25","TMIN",2001-09-25,13.9115384615385,7.7,20.7,3.19866558715686,9.8,11.8,16.35,16.95,NA,NA,NA,NA,NA,9,2017-09-25,"","DATE: Sep-25<br><b>Minimum temperature</b><br>10-90 percentile<br>9.8 to 17.0 °C","Historical daily maximum<br>20.7 °C<br>2017-09-25","DATE: Sep-25</b><br>Normal: 13.9 °C<br>Period: 1991-2020","6136699","PORT+WELLER+AUT",1994,2026
"09-25","VPD",2001-09-25,0.800742364461877,0.29818812588273,2.06379438077125,0.376397156387324,0.457158022374864,0.569328046083816,0.866326018445355,1.23979441038188,NA,NA,NA,NA,NA,9,2007-09-25,"","DATE: Sep-25<br><b>Vapour pressure deficit</b><br>10-90 percentile<br>0.5 to 1.2 kPa","Historical daily maximum<br>2.1 kPa<br>2007-09-25","DATE: Sep-25</b><br>Normal: 0.8 kPa<br>Period: 1991-2020","6136699","PORT+WELLER+AUT",1994,2026
"09-26","TMAX",2001-09-26,20.4076923076923,12.9,28.5,3.64800472334377,16.45,18.1,22.8,24.8,NA,NA,NA,NA,NA,9,1998-09-26,"","DATE: Sep-26<br><b>Maximum temperature</b><br>10-90 percentile<br>16.4 to 24.8 °C","Historical daily maximum<br>28.5 °C<br>1998-09-26","DATE: Sep-26</b><br>Normal: 20.4 °C<br>Period: 1991-2020","6136699","PORT+WELLER+AUT",1994,2026
"09-26","TMIN",2001-09-26,13.3038461538462,6.1,20.9,3.15993427390264,10.05,11.4,14.725,17.2,NA,NA,NA,NA,NA,9,2017-09-26,"","DATE: Sep-26<br><b>Minimum temperature</b><br>10-90 percentile<br>10.0 to 17.2 °C","Historical daily maximum<br>20.9 °C<br>2017-09-26","DATE: Sep-26</b><br>Normal: 13.3 °C<br>Period: 1991-2020","6136699","PORT+WELLER+AUT",1994,2026
"09-26","VPD",2001-09-26,0.89404659876998,0.284507669705734,1.78813444634056,0.341709751660465,0.547201665116478,0.70767490513564,1.07161603878037,1.24283068831331,NA,NA,NA,NA,NA,9,1998-09-26,"","DATE: Sep-26<br><b>Vapour pressure deficit</b><br>10-90 percentile<br>0.5 to 1.2 kPa","Historical daily maximum<br>1.8 kPa<br>1998-09-26","DATE: Sep-26</b><br>Normal: 0.9 kPa<br>Period: 1991-2020","6136699","PORT+WELLER+AUT",1994,2026
"09-27","TMAX",2001-09-27,21.16,14.1,28.8,3.70630094119011,16.32,19,23.3,25.98,NA,NA,NA,NA,NA,9,2017-09-27,"","DATE: Sep-27<br><b>Maximum temperature</b><br>10-90 percentile<br>16.3 to 26.0 °C","Historical daily maximum<br>28.8 °C<br>2017-09-27","DATE: Sep-27</b><br>Normal: 21.2 °C<br>Period: 1991-2020","6136699","PORT+WELLER+AUT",1994,2026
"09-27","TMIN",2001-09-27,14.1538461538462,9.1,19.8,2.83904642712736,10.15,12.325,15.675,17.7,NA,NA,NA,NA,NA,9,2020-09-27,"","DATE: Sep-27<br><b>Minimum temperature</b><br>10-90 percentile<br>10.2 to 17.7 °C","Historical daily maximum<br>19.8 °C<br>2020-09-27","DATE: Sep-27</b><br>Normal: 14.2 °C<br>Period: 1991-2020","6136699","PORT+WELLER+AUT",1994,2026
"09-27","VPD",2001-09-27,0.916907300042228,0.229794166476032,1.99718697197187,0.436292228848083,0.396514206102234,0.612199492437465,1.28847976112631,1.34341297565774,NA,NA,NA,NA,NA,9,2017-09-27,"","DATE: Sep-27<br><b>Vapour pressure deficit</b><br>10-90 percentile<br>0.4 to 1.3 kPa","Historical daily maximum<br>2.0 kPa<br>2017-09-27","DATE: Sep-27</b><br>Normal: 0.9 kPa<br>Period: 1991-2020","6136699","PORT+WELLER+AUT",1994,2026
"09-28","TMAX",2001-09-28,19.6333333333333,9.8,26.6,3.64501767432668,15.34,17.6,22.2,23.3,NA,NA,NA,NA,NA,9,2020-09-28,"","DATE: Sep-28<br><b>Maximum temperature</b><br>10-90 percentile<br>15.3 to 23.3 °C","Historical daily maximum<br>26.6 °C<br>2020-09-28","DATE: Sep-28</b><br>Normal: 19.6 °C<br>Period: 1991-2020","6136699","PORT+WELLER+AUT",1994,2026
"09-28","TMIN",2001-09-28,13.5148148148148,6,19.4,2.65600968830828,11.18,12.2,15.45,15.94,NA,NA,NA,NA,NA,9,1999-09-28,"","DATE: Sep-28<br><b>Minimum temperature</b><br>10-90 percentile<br>11.2 to 15.9 °C","Historical daily maximum<br>19.4 °C<br>1999-09-28","DATE: Sep-28</b><br>Normal: 13.5 °C<br>Period: 1991-2020","6136699","PORT+WELLER+AUT",1994,2026
"09-28","VPD",2001-09-28,0.765758814166577,0.276492623204816,1.66423621097045,0.359584589682396,0.41024104747017,0.532651388456367,0.984121079623179,1.30504735825477,NA,NA,NA,NA,NA,9,2020-09-28,"","DATE: Sep-28<br><b>Vapour pressure deficit</b><br>10-90 percentile<br>0.4 to 1.3 kPa","Historical daily maximum<br>1.7 kPa<br>2020-09-28","DATE: Sep-28</b><br>Normal: 0.8 kPa<br>Period: 1991-2020","6136699","PORT+WELLER+AUT",1994,2026
"09-29","TMAX",2001-09-29,19.0076923076923,13.6,23.6,2.79326662915277,15.85,17.05,20.7,23.1,NA,NA,NA,NA,NA,9,1998-09-29,"","DATE: Sep-29<br><b>Maximum temperature</b><br>10-90 percentile<br>15.8 to 23.1 °C","Historical daily maximum<br>23.6 °C<br>1998-09-29","DATE: Sep-29</b><br>Normal: 19.0 °C<br>Period: 1991-2020","6136699","PORT+WELLER+AUT",1994,2026
"09-29","TMIN",2001-09-29,12.0153846153846,5.5,15.6,2.32855187748821,9,11.325,13.475,14.7,NA,NA,NA,NA,NA,9,2024-09-29,"","DATE: Sep-29<br><b>Minimum temperature</b><br>10-90 percentile<br>9.0 to 14.7 °C","Historical daily maximum<br>15.6 °C<br>2024-09-29","DATE: Sep-29</b><br>Normal: 12.0 °C<br>Period: 1991-2020","6136699","PORT+WELLER+AUT",1994,2026
"09-29","VPD",2001-09-29,0.809166125049304,0.260275770217996,1.65016766541898,0.369797206934756,0.407225738029755,0.592151302659432,0.969849314696083,1.38820722475671,NA,NA,NA,NA,NA,9,2005-09-29,"","DATE: Sep-29<br><b>Vapour pressure deficit</b><br>10-90 percentile<br>0.4 to 1.4 kPa","Historical daily maximum<br>1.7 kPa<br>2005-09-29","DATE: Sep-29</b><br>Normal: 0.8 kPa<br>Period: 1991-2020","6136699","PORT+WELLER+AUT",1994,2026
"09-30","TMAX",2001-09-30,18.2038461538462,13,25.4,3.2969659712203,15.1,15.75,20.25,23.25,NA,NA,NA,NA,NA,9,2002-09-30,"","DATE: Sep-30<br><b>Maximum temperature</b><br>10-90 percentile<br>15.1 to 23.2 °C","Historical daily maximum<br>25.4 °C<br>2002-09-30","DATE: Sep-30</b><br>Normal: 18.2 °C<br>Period: 1991-2020","6136699","PORT+WELLER+AUT",1994,2026
"09-30","TMIN",2001-09-30,12.1653846153846,7.1,17.3,2.46737792933183,9.35,10.8,13.275,15.6,NA,NA,NA,NA,NA,9,2002-09-30,"","DATE: Sep-30<br><b>Minimum temperature</b><br>10-90 percentile<br>9.3 to 15.6 °C","Historical daily maximum<br>17.3 °C<br>2002-09-30","DATE: Sep-30</b><br>Normal: 12.2 °C<br>Period: 1991-2020","6136699","PORT+WELLER+AUT",1994,2026
"09-30","VPD",2001-09-30,0.695971418699615,0.230967350699177,1.62153996633777,0.363229306940212,0.361321481639133,0.432564622073819,0.974741215538226,1.2018366273747,NA,NA,NA,NA,NA,9,1998-09-30,"","DATE: Sep-30<br><b>Vapour pressure deficit</b><br>10-90 percentile<br>0.4 to 1.2 kPa","Historical daily maximum<br>1.6 kPa<br>1998-09-30","DATE: Sep-30</b><br>Normal: 0.7 kPa<br>Period: 1991-2020","6136699","PORT+WELLER+AUT",1994,2026
"10-01","TMAX",2001-10-01,19.1230769230769,10.3,28.4,4.79735824739472,13.25,15.825,22.9,25.6,NA,NA,NA,NA,NA,10,2019-10-01,"","DATE: Oct-01<br><b>Maximum temperature</b><br>10-90 percentile<br>13.2 to 25.6 °C","Historical daily maximum<br>28.4 °C<br>2019-10-01","DATE: Oct-01</b><br>Normal: 19.1 °C<br>Period: 1991-2020","6136699","PORT+WELLER+AUT",1994,2026
"10-01","TMIN",2001-10-01,12.3576923076923,6.1,20.3,3.10678909189833,8.75,11.05,14.075,15.55,NA,NA,NA,NA,NA,10,2002-10-01,"","DATE: Oct-01<br><b>Minimum temperature</b><br>10-90 percentile<br>8.8 to 15.6 °C","Historical daily maximum<br>20.3 °C<br>2002-10-01","DATE: Oct-01</b><br>Normal: 12.4 °C<br>Period: 1991-2020","6136699","PORT+WELLER+AUT",1994,2026
"10-01","VPD",2001-10-01,0.837624576270269,0.130295320779308,2.30111634732188,0.505187223845747,0.31043937643278,0.431820500206387,1.13292247714492,1.43841215407551,NA,NA,NA,NA,NA,10,2019-10-01,"","DATE: Oct-01<br><b>Vapour pressure deficit</b><br>10-90 percentile<br>0.3 to 1.4 kPa","Historical daily maximum<br>2.3 kPa<br>2019-10-01","DATE: Oct-01</b><br>Normal: 0.8 kPa<br>Period: 1991-2020","6136699","PORT+WELLER+AUT",1994,2026
"10-02","TMAX",2001-10-02,18.2576923076923,10.3,25.5,3.85820404612541,13.5,14.925,21.1,23,NA,NA,NA,NA,NA,10,2002-10-02,"","DATE: Oct-02<br><b>Maximum temperature</b><br>10-90 percentile<br>13.5 to 23.0 °C","Historical daily maximum<br>25.5 °C<br>2002-10-02","DATE: Oct-02</b><br>Normal: 18.3 °C<br>Period: 1991-2020","6136699","PORT+WELLER+AUT",1994,2026
"10-02","TMIN",2001-10-02,11.8538461538462,4.4,18.1,3.32724880575298,8.1,9.925,13.875,15.55,NA,NA,NA,NA,NA,10,1996-10-02,"","DATE: Oct-02<br><b>Minimum temperature</b><br>10-90 percentile<br>8.1 to 15.6 °C","Historical daily maximum<br>18.1 °C<br>1996-10-02","DATE: Oct-02</b><br>Normal: 11.9 °C<br>Period: 1991-2020","6136699","PORT+WELLER+AUT",1994,2026
"10-02","VPD",2001-10-02,0.731671473350028,0.223403960311698,1.33600635816554,0.33562260650786,0.348557557673587,0.476955277377403,0.990371467337425,1.20442947263981,NA,NA,NA,NA,NA,10,2001-10-02,"","DATE: Oct-02<br><b>Vapour pressure deficit</b><br>10-90 percentile<br>0.3 to 1.2 kPa","Historical daily maximum<br>1.3 kPa<br>2001-10-02","DATE: Oct-02</b><br>Normal: 0.7 kPa<br>Period: 1991-2020","6136699","PORT+WELLER+AUT",1994,2026
"10-03","TMAX",2001-10-03,18.3958333333333,12.3,25.8,4.29585028954047,13.04,14.7,21.35,24.28,NA,NA,NA,NA,NA,10,2023-10-03,"","DATE: Oct-03<br><b>Maximum temperature</b><br>10-90 percentile<br>13.0 to 24.3 °C","Historical daily maximum<br>25.8 °C<br>2023-10-03","DATE: Oct-03</b><br>Normal: 18.4 °C<br>Period: 1991-2020","6136699","PORT+WELLER+AUT",1994,2026
"10-03","TMIN",2001-10-03,12.1625,4.3,16.9,3.1372672267714,8.34,10.375,14.3,15.84,NA,NA,NA,NA,NA,10,2023-10-03,"","DATE: Oct-03<br><b>Minimum temperature</b><br>10-90 percentile<br>8.3 to 15.8 °C","Historical daily maximum<br>16.9 °C<br>2023-10-03","DATE: Oct-03</b><br>Normal: 12.2 °C<br>Period: 1991-2020","6136699","PORT+WELLER+AUT",1994,2026
"10-03","VPD",2001-10-03,0.738601631353364,0.143786516248364,1.78448873498839,0.423598992350542,0.337576708419423,0.419547970706283,1.05658807744823,1.29965986557391,NA,NA,NA,NA,NA,10,2017-10-03,"","DATE: Oct-03<br><b>Vapour pressure deficit</b><br>10-90 percentile<br>0.3 to 1.3 kPa","Historical daily maximum<br>1.8 kPa<br>2017-10-03","DATE: Oct-03</b><br>Normal: 0.7 kPa<br>Period: 1991-2020","6136699","PORT+WELLER+AUT",1994,2026
"10-04","TMAX",2001-10-04,18.5272727272727,11,27.6,4.54943029590695,14.22,15.15,22.125,25.49,NA,NA,NA,NA,NA,10,2005-10-04,"","DATE: Oct-04<br><b>Maximum temperature</b><br>10-90 percentile<br>14.2 to 25.5 °C","Historical daily maximum<br>27.6 °C<br>2005-10-04","DATE: Oct-04</b><br>Normal: 18.5 °C<br>Period: 1991-2020","6136699","PORT+WELLER+AUT",1994,2026
"10-04","TMIN",2001-10-04,11.9478260869565,6.9,17.3,2.92386257064449,8.04,10,13.95,15.92,NA,NA,NA,NA,NA,10,2023-10-04,"","DATE: Oct-04<br><b>Minimum temperature</b><br>10-90 percentile<br>8.0 to 15.9 °C","Historical daily maximum<br>17.3 °C<br>2023-10-04","DATE: Oct-04</b><br>Normal: 11.9 °C<br>Period: 1991-2020","6136699","PORT+WELLER+AUT",1994,2026
"10-04","VPD",2001-10-04,0.807119943001237,0.143622610782576,1.81250622868282,0.488814835276791,0.346432367593916,0.516879665085616,1.04255545892193,1.52891305167199,NA,NA,NA,NA,NA,10,2002-10-04,"","DATE: Oct-04<br><b>Vapour pressure deficit</b><br>10-90 percentile<br>0.3 to 1.5 kPa","Historical daily maximum<br>1.8 kPa<br>2002-10-04","DATE: Oct-04</b><br>Normal: 0.8 kPa<br>Period: 1991-2020","6136699","PORT+WELLER+AUT",1994,2026
"10-05","TMAX",2001-10-05,16.5428571428571,11.8,26.4,3.83439322821375,12.2,14.2,18.5,22.1,NA,NA,NA,NA,NA,10,2025-10-05,"","DATE: Oct-05<br><b>Maximum temperature</b><br>10-90 percentile<br>12.2 to 22.1 °C","Historical daily maximum<br>26.4 °C<br>2025-10-05","DATE: Oct-05</b><br>Normal: 16.5 °C<br>Period: 1991-2020","6136699","PORT+WELLER+AUT",1994,2026
"10-05","TMIN",2001-10-05,10.8409090909091,6.3,16.9,3.2403202503264,6.68,8.875,13.7,15.65,NA,NA,NA,NA,NA,10,2023-10-05,"","DATE: Oct-05<br><b>Minimum temperature</b><br>10-90 percentile<br>6.7 to 15.6 °C","Historical daily maximum<br>16.9 °C<br>2023-10-05","DATE: Oct-05</b><br>Normal: 10.8 °C<br>Period: 1991-2020","6136699","PORT+WELLER+AUT",1994,2026
"10-05","VPD",2001-10-05,0.628776061884344,0.117459477630263,1.51626283206236,0.33143345079022,0.241713303612859,0.463488644206772,0.737369105298988,1.05739756730559,NA,NA,NA,NA,NA,10,2025-10-05,"","DATE: Oct-05<br><b>Vapour pressure deficit</b><br>10-90 percentile<br>0.2 to 1.1 kPa","Historical daily maximum<br>1.5 kPa<br>2025-10-05","DATE: Oct-05</b><br>Normal: 0.6 kPa<br>Period: 1991-2020","6136699","PORT+WELLER+AUT",1994,2026
"10-06","TMAX",2001-10-06,18.1818181818182,11.6,26.2,4.88843497827234,12.23,13.2,21.175,25.77,NA,NA,NA,NA,NA,10,2025-10-06,"","DATE: Oct-06<br><b>Maximum temperature</b><br>10-90 percentile<br>12.2 to 25.8 °C","Historical daily maximum<br>26.2 °C<br>2025-10-06","DATE: Oct-06</b><br>Normal: 18.2 °C<br>Period: 1991-2020","6136699","PORT+WELLER+AUT",1994,2026
"10-06","TMIN",2001-10-06,11.0826086956522,5.6,16.5,3.46812133764784,7.24,8.55,14.4,15.68,NA,NA,NA,NA,NA,10,2025-10-06,"","DATE: Oct-06<br><b>Minimum temperature</b><br>10-90 percentile<br>7.2 to 15.7 °C","Historical daily maximum<br>16.5 °C<br>2025-10-06","DATE: Oct-06</b><br>Normal: 11.1 °C<br>Period: 1991-2020","6136699","PORT+WELLER+AUT",1994,2026
"10-06","VPD",2001-10-06,0.828893179858846,0.324481629515844,1.60901434017188,0.407415707219535,0.357611078330391,0.488510816043826,1.12690991052904,1.49421177228392,NA,NA,NA,NA,NA,10,2024-10-06,"","DATE: Oct-06<br><b>Vapour pressure deficit</b><br>10-90 percentile<br>0.4 to 1.5 kPa","Historical daily maximum<br>1.6 kPa<br>2024-10-06","DATE: Oct-06</b><br>Normal: 0.8 kPa<br>Period: 1991-2020","6136699","PORT+WELLER+AUT",1994,2026
"10-07","TMAX",2001-10-07,17.4583333333333,7.8,26.7,4.82501783431412,10.48,14.85,19.95,23.64,NA,NA,NA,NA,NA,10,2017-10-07,"","DATE: Oct-07<br><b>Maximum temperature</b><br>10-90 percentile<br>10.5 to 23.6 °C","Historical daily maximum<br>26.7 °C<br>2017-10-07","DATE: Oct-07</b><br>Normal: 17.5 °C<br>Period: 1991-2020","6136699","PORT+WELLER+AUT",1994,2026
"10-07","TMIN",2001-10-07,10.9458333333333,4.6,17.4,3.734560001633,5.41,7.65,13.45,15.28,NA,NA,NA,NA,NA,10,2017-10-07,"","DATE: Oct-07<br><b>Minimum temperature</b><br>10-90 percentile<br>5.4 to 15.3 °C","Historical daily maximum<br>17.4 °C<br>2017-10-07","DATE: Oct-07</b><br>Normal: 10.9 °C<br>Period: 1991-2020","6136699","PORT+WELLER+AUT",1994,2026
"10-07","VPD",2001-10-07,0.73025820905937,0.209991206788469,1.52122678013763,0.376618319440633,0.310329720930556,0.446778222151483,0.971574479845587,1.23618550078812,NA,NA,NA,NA,NA,10,2004-10-07,"","DATE: Oct-07<br><b>Vapour pressure deficit</b><br>10-90 percentile<br>0.3 to 1.2 kPa","Historical daily maximum<br>1.5 kPa<br>2004-10-07","DATE: Oct-07</b><br>Normal: 0.7 kPa<br>Period: 1991-2020","6136699","PORT+WELLER+AUT",1994,2026
"10-08","TMAX",2001-10-08,17.6,8.3,27.4,4.85994762410984,12.12,15.2,19.6,24.5,NA,NA,NA,NA,NA,10,2007-10-08,"","DATE: Oct-08<br><b>Maximum temperature</b><br>10-90 percentile<br>12.1 to 24.5 °C","Historical daily maximum<br>27.4 °C<br>2007-10-08","DATE: Oct-08</b><br>Normal: 17.6 °C<br>Period: 1991-2020","6136699","PORT+WELLER+AUT",1994,2026
"10-08","TMIN",2001-10-08,10.4136363636364,4.9,17.3,3.44152450363075,5.56,7.975,12.575,14.18,NA,NA,NA,NA,NA,10,2017-10-08,"","DATE: Oct-08<br><b>Minimum temperature</b><br>10-90 percentile<br>5.6 to 14.2 °C","Historical daily maximum<br>17.3 °C<br>2017-10-08","DATE: Oct-08</b><br>Normal: 10.4 °C<br>Period: 1991-2020","6136699","PORT+WELLER+AUT",1994,2026
"10-08","VPD",2001-10-08,0.807964478585899,0.210321620262473,1.74867235110926,0.465238012259988,0.320931362605622,0.47131976731986,1.15531277521764,1.48325165511358,NA,NA,NA,NA,NA,10,2007-10-08,"","DATE: Oct-08<br><b>Vapour pressure deficit</b><br>10-90 percentile<br>0.3 to 1.5 kPa","Historical daily maximum<br>1.7 kPa<br>2007-10-08","DATE: Oct-08</b><br>Normal: 0.8 kPa<br>Period: 1991-2020","6136699","PORT+WELLER+AUT",1994,2026
"10-09","TMAX",2001-10-09,17.9,7.3,27.6,4.51542809809778,12.64,15.65,20.1,23.34,NA,NA,NA,NA,NA,10,2018-10-09,"","DATE: Oct-09<br><b>Maximum temperature</b><br>10-90 percentile<br>12.6 to 23.3 °C","Historical daily maximum<br>27.6 °C<br>2018-10-09","DATE: Oct-09</b><br>Normal: 17.9 °C<br>Period: 1991-2020","6136699","PORT+WELLER+AUT",1994,2026
"10-09","TMIN",2001-10-09,11.0391304347826,4.6,16,3.13756407112194,7.16,8.6,13.25,15,NA,NA,NA,NA,NA,10,2021-10-09,"","DATE: Oct-09<br><b>Minimum temperature</b><br>10-90 percentile<br>7.2 to 15.0 °C","Historical daily maximum<br>16.0 °C<br>2021-10-09","DATE: Oct-09</b><br>Normal: 11.0 °C<br>Period: 1991-2020","6136699","PORT+WELLER+AUT",1994,2026
"10-09","VPD",2001-10-09,0.781018747837053,0.174432567140198,1.87449527980675,0.440982729639127,0.311447974058411,0.576080435785916,0.908144364878699,1.5412221481331,NA,NA,NA,NA,NA,10,2018-10-09,"","DATE: Oct-09<br><b>Vapour pressure deficit</b><br>10-90 percentile<br>0.3 to 1.5 kPa","Historical daily maximum<br>1.9 kPa<br>2018-10-09","DATE: Oct-09</b><br>Normal: 0.8 kPa<br>Period: 1991-2020","6136699","PORT+WELLER+AUT",1994,2026
"10-10","TMAX",2001-10-10,17.0826086956522,12.2,27.7,3.71711669466256,13.42,14.85,18.75,21.38,NA,NA,NA,NA,NA,10,2018-10-10,"","DATE: Oct-10<br><b>Maximum temperature</b><br>10-90 percentile<br>13.4 to 21.4 °C","Historical daily maximum<br>27.7 °C<br>2018-10-10","DATE: Oct-10</b><br>Normal: 17.1 °C<br>Period: 1991-2020","6136699","PORT+WELLER+AUT",1994,2026
"10-10","TMIN",2001-10-10,10.4304347826087,-10.9,19.9,5.60198299164994,7.36,9.3,12.35,14.86,NA,NA,NA,NA,NA,10,2018-10-10,"","DATE: Oct-10<br><b>Minimum temperature</b><br>10-90 percentile<br>7.4 to 14.9 °C","Historical daily maximum<br>19.9 °C<br>2018-10-10","DATE: Oct-10</b><br>Normal: 10.4 °C<br>Period: 1991-2020","6136699","PORT+WELLER+AUT",1994,2026
"10-10","VPD",2001-10-10,0.670337951893796,0.12580413458983,1.47261409810928,0.350232041001711,0.319861640816269,0.496787669661047,0.794853018833379,1.2484925074258,NA,NA,NA,NA,NA,10,1997-10-10,"","DATE: Oct-10<br><b>Vapour pressure deficit</b><br>10-90 percentile<br>0.3 to 1.2 kPa","Historical daily maximum<br>1.5 kPa<br>1997-10-10","DATE: Oct-10</b><br>Normal: 0.7 kPa<br>Period: 1991-2020","6136699","PORT+WELLER+AUT",1994,2026
"10-11","TMAX",2001-10-11,16.6409090909091,10.6,24.5,3.14364954591514,12.94,15.125,18.525,19.29,NA,NA,NA,NA,NA,10,2018-10-11,"","DATE: Oct-11<br><b>Maximum temperature</b><br>10-90 percentile<br>12.9 to 19.3 °C","Historical daily maximum<br>24.5 °C<br>2018-10-11","DATE: Oct-11</b><br>Normal: 16.6 °C<br>Period: 1991-2020","6136699","PORT+WELLER+AUT",1994,2026
"10-11","TMIN",2001-10-11,10.3130434782609,4,14.6,2.63150567819782,6.3,9.1,11.85,12.7,NA,NA,NA,NA,NA,10,2021-10-11,"","DATE: Oct-11<br><b>Minimum temperature</b><br>10-90 percentile<br>6.3 to 12.7 °C","Historical daily maximum<br>14.6 °C<br>2021-10-11","DATE: Oct-11</b><br>Normal: 10.3 °C<br>Period: 1991-2020","6136699","PORT+WELLER+AUT",1994,2026
"10-11","VPD",2001-10-11,0.659507296915655,0.209785614494736,1.68130687301675,0.301942669664475,0.378499103930241,0.472825325264058,0.752980420134297,0.906606564125176,NA,NA,NA,NA,NA,10,2018-10-11,"","DATE: Oct-11<br><b>Vapour pressure deficit</b><br>10-90 percentile<br>0.4 to 0.9 kPa","Historical daily maximum<br>1.7 kPa<br>2018-10-11","DATE: Oct-11</b><br>Normal: 0.7 kPa<br>Period: 1991-2020","6136699","PORT+WELLER+AUT",1994,2026
"10-12","TMAX",2001-10-12,16.1772727272727,8.6,23.6,3.78731363749355,12.42,13.45,18.4,20.08,NA,NA,NA,NA,NA,10,2021-10-12,"","DATE: Oct-12<br><b>Maximum temperature</b><br>10-90 percentile<br>12.4 to 20.1 °C","Historical daily maximum<br>23.6 °C<br>2021-10-12","DATE: Oct-12</b><br>Normal: 16.2 °C<br>Period: 1991-2020","6136699","PORT+WELLER+AUT",1994,2026
"10-12","TMIN",2001-10-12,9.38181818181818,2.4,16.1,3.46570083115699,5.12,7.625,11.75,12.96,NA,NA,NA,NA,NA,10,2021-10-12,"","DATE: Oct-12<br><b>Minimum temperature</b><br>10-90 percentile<br>5.1 to 13.0 °C","Historical daily maximum<br>16.1 °C<br>2021-10-12","DATE: Oct-12</b><br>Normal: 9.4 °C<br>Period: 1991-2020","6136699","PORT+WELLER+AUT",1994,2026
"10-12","VPD",2001-10-12,0.67978345989244,0.375620367113282,1.50118386785618,0.284078341531408,0.392199307202035,0.446277168599684,0.809270680301691,1.03049506954106,NA,NA,NA,NA,NA,10,2016-10-12,"","DATE: Oct-12<br><b>Vapour pressure deficit</b><br>10-90 percentile<br>0.4 to 1.0 kPa","Historical daily maximum<br>1.5 kPa<br>2016-10-12","DATE: Oct-12</b><br>Normal: 0.7 kPa<br>Period: 1991-2020","6136699","PORT+WELLER+AUT",1994,2026
"10-13","TMAX",2001-10-13,18.4909090909091,8.9,25.5,4.27360771991569,13.26,15.475,20.475,23.64,NA,NA,NA,NA,NA,10,1997-10-13,"","DATE: Oct-13<br><b>Maximum temperature</b><br>10-90 percentile<br>13.3 to 23.6 °C","Historical daily maximum<br>25.5 °C<br>1997-10-13","DATE: Oct-13</b><br>Normal: 18.5 °C<br>Period: 1991-2020","6136699","PORT+WELLER+AUT",1994,2026
"10-13","TMIN",2001-10-13,10.1304347826087,2.3,16.5,3.73587458211335,5.92,7.55,13.35,14.9,NA,NA,NA,NA,NA,10,1995-10-13,"","DATE: Oct-13<br><b>Minimum temperature</b><br>10-90 percentile<br>5.9 to 14.9 °C","Historical daily maximum<br>16.5 °C<br>1995-10-13","DATE: Oct-13</b><br>Normal: 10.1 °C<br>Period: 1991-2020","6136699","PORT+WELLER+AUT",1994,2026
"10-13","VPD",2001-10-13,0.931725713093696,0.416881902031773,1.94189112001435,0.410240257937799,0.483150154718005,0.621663812798587,1.06533200078779,1.59673361289038,NA,NA,NA,NA,NA,10,1997-10-13,"","DATE: Oct-13<br><b>Vapour pressure deficit</b><br>10-90 percentile<br>0.5 to 1.6 kPa","Historical daily maximum<br>1.9 kPa<br>1997-10-13","DATE: Oct-13</b><br>Normal: 0.9 kPa<br>Period: 1991-2020","6136699","PORT+WELLER+AUT",1994,2026
"10-14","TMAX",2001-10-14,16.7086956521739,6.2,26.1,4.78424621625053,11.04,13.75,19.9,22.16,NA,NA,NA,NA,NA,10,2014-10-14,"","DATE: Oct-14<br><b>Maximum temperature</b><br>10-90 percentile<br>11.0 to 22.2 °C","Historical daily maximum<br>26.1 °C<br>2014-10-14","DATE: Oct-14</b><br>Normal: 16.7 °C<br>Period: 1991-2020","6136699","PORT+WELLER+AUT",1994,2026
"10-14","TMIN",2001-10-14,9.97826086956522,3.2,17.5,3.4454128294324,6.12,7.4,11.95,14.5,NA,NA,NA,NA,NA,10,2014-10-14,"","DATE: Oct-14<br><b>Minimum temperature</b><br>10-90 percentile<br>6.1 to 14.5 °C","Historical daily maximum<br>17.5 °C<br>2014-10-14","DATE: Oct-14</b><br>Normal: 10.0 °C<br>Period: 1991-2020","6136699","PORT+WELLER+AUT",1994,2026
"10-14","VPD",2001-10-14,0.721469753715967,0.179546661467251,1.38137483694615,0.36679087950771,0.283201849052982,0.417581737873591,0.991374699112627,1.21724896990904,NA,NA,NA,NA,NA,10,2014-10-14,"","DATE: Oct-14<br><b>Vapour pressure deficit</b><br>10-90 percentile<br>0.3 to 1.2 kPa","Historical daily maximum<br>1.4 kPa<br>2014-10-14","DATE: Oct-14</b><br>Normal: 0.7 kPa<br>Period: 1991-2020","6136699","PORT+WELLER+AUT",1994,2026
"10-15","TMAX",2001-10-15,16.1478260869565,6.4,25.1,4.13750798573439,11.96,13.5,19.3,20.42,NA,NA,NA,NA,NA,10,2017-10-15,"","DATE: Oct-15<br><b>Maximum temperature</b><br>10-90 percentile<br>12.0 to 20.4 °C","Historical daily maximum<br>25.1 °C<br>2017-10-15","DATE: Oct-15</b><br>Normal: 16.1 °C<br>Period: 1991-2020","6136699","PORT+WELLER+AUT",1994,2026
"10-15","TMIN",2001-10-15,8.98695652173913,3,13.8,2.35725270520696,6.3,7.75,10.55,11.04,NA,NA,NA,NA,NA,10,2021-10-15,"","DATE: Oct-15<br><b>Minimum temperature</b><br>10-90 percentile<br>6.3 to 11.0 °C","Historical daily maximum<br>13.8 °C<br>2021-10-15","DATE: Oct-15</b><br>Normal: 9.0 °C<br>Period: 1991-2020","6136699","PORT+WELLER+AUT",1994,2026
"10-15","VPD",2001-10-15,0.729964471778217,0.128626811891089,1.92542816917081,0.462800173359746,0.186203844647616,0.389118230966106,1.04019340768985,1.18040520807974,NA,NA,NA,NA,NA,10,2017-10-15,"","DATE: Oct-15<br><b>Vapour pressure deficit</b><br>10-90 percentile<br>0.2 to 1.2 kPa","Historical daily maximum<br>1.9 kPa<br>2017-10-15","DATE: Oct-15</b><br>Normal: 0.7 kPa<br>Period: 1991-2020","6136699","PORT+WELLER+AUT",1994,2026
"10-16","TMAX",2001-10-16,14.904347826087,7.1,24,3.95939369335411,11.78,12.3,15.95,20.76,NA,NA,NA,NA,NA,10,2016-10-16,"","DATE: Oct-16<br><b>Maximum temperature</b><br>10-90 percentile<br>11.8 to 20.8 °C","Historical daily maximum<br>24.0 °C<br>2016-10-16","DATE: Oct-16</b><br>Normal: 14.9 °C<br>Period: 1991-2020","6136699","PORT+WELLER+AUT",1994,2026
"10-16","TMIN",2001-10-16,9.18260869565217,3,17.9,3.34645703745877,6.24,7.2,10.85,13.16,NA,NA,NA,NA,NA,10,2016-10-16,"","DATE: Oct-16<br><b>Minimum temperature</b><br>10-90 percentile<br>6.2 to 13.2 °C","Historical daily maximum<br>17.9 °C<br>2016-10-16","DATE: Oct-16</b><br>Normal: 9.2 °C<br>Period: 1991-2020","6136699","PORT+WELLER+AUT",1994,2026
"10-16","VPD",2001-10-16,0.555487875843482,0.171564574945488,1.21620790396496,0.284575480090329,0.259712075788162,0.343605735487533,0.751913799977241,0.919316608076042,NA,NA,NA,NA,NA,10,1999-10-16,"","DATE: Oct-16<br><b>Vapour pressure deficit</b><br>10-90 percentile<br>0.3 to 0.9 kPa","Historical daily maximum<br>1.2 kPa<br>1999-10-16","DATE: Oct-16</b><br>Normal: 0.6 kPa<br>Period: 1991-2020","6136699","PORT+WELLER+AUT",1994,2026
"10-17","TMAX",2001-10-17,14.4739130434783,7,24.1,4.70582012862837,8.84,10.85,18,19.92,NA,NA,NA,NA,NA,10,2016-10-17,"","DATE: Oct-17<br><b>Maximum temperature</b><br>10-90 percentile<br>8.8 to 19.9 °C","Historical daily maximum<br>24.1 °C<br>2016-10-17","DATE: Oct-17</b><br>Normal: 14.5 °C<br>Period: 1991-2020","6136699","PORT+WELLER+AUT",1994,2026
"10-17","TMIN",2001-10-17,8.83913043478261,4.9,17.8,3.08555861016427,5.5,6.55,10.5,11.78,NA,NA,NA,NA,NA,10,2016-10-17,"","DATE: Oct-17<br><b>Minimum temperature</b><br>10-90 percentile<br>5.5 to 11.8 °C","Historical daily maximum<br>17.8 °C<br>2016-10-17","DATE: Oct-17</b><br>Normal: 8.8 °C<br>Period: 1991-2020","6136699","PORT+WELLER+AUT",1994,2026
"10-17","VPD",2001-10-17,0.556592394520555,0.111110557292791,1.47209673843661,0.382153807445663,0.163241104607293,0.275473132420687,0.679464953665595,1.07891256843052,NA,NA,NA,NA,NA,10,1998-10-17,"","DATE: Oct-17<br><b>Vapour pressure deficit</b><br>10-90 percentile<br>0.2 to 1.1 kPa","Historical daily maximum<br>1.5 kPa<br>1998-10-17","DATE: Oct-17</b><br>Normal: 0.6 kPa<br>Period: 1991-2020","6136699","PORT+WELLER+AUT",1994,2026
"10-18","TMAX",2001-10-18,15.0086956521739,9.1,24.7,4.87040347810381,9.34,10.9,17.9,22.82,NA,NA,NA,NA,NA,10,2016-10-18,"","DATE: Oct-18<br><b>Maximum temperature</b><br>10-90 percentile<br>9.3 to 22.8 °C","Historical daily maximum<br>24.7 °C<br>2016-10-18","DATE: Oct-18</b><br>Normal: 15.0 °C<br>Period: 1991-2020","6136699","PORT+WELLER+AUT",1994,2026
"10-18","TMIN",2001-10-18,8.31304347826087,3.4,16.2,3.68538937721105,4.02,4.9,11.15,12.94,NA,NA,NA,NA,NA,10,2016-10-18,"","DATE: Oct-18<br><b>Minimum temperature</b><br>10-90 percentile<br>4.0 to 12.9 °C","Historical daily maximum<br>16.2 °C<br>2016-10-18","DATE: Oct-18</b><br>Normal: 8.3 °C<br>Period: 1991-2020","6136699","PORT+WELLER+AUT",1994,2026
"10-18","VPD",2001-10-18,0.654724367452323,0.215528019045707,1.44757888034615,0.357132226751553,0.322867136674242,0.380350986473917,0.738454902077608,1.24292930847257,NA,NA,NA,NA,NA,10,2007-10-18,"","DATE: Oct-18<br><b>Vapour pressure deficit</b><br>10-90 percentile<br>0.3 to 1.2 kPa","Historical daily maximum<br>1.4 kPa<br>2007-10-18","DATE: Oct-18</b><br>Normal: 0.7 kPa<br>Period: 1991-2020","6136699","PORT+WELLER+AUT",1994,2026
"10-19","TMAX",2001-10-19,14.4173913043478,9.2,22.8,3.32260196148537,10.56,12.45,15.9,18.7,NA,NA,NA,NA,NA,10,2025-10-19,"","DATE: Oct-19<br><b>Maximum temperature</b><br>10-90 percentile<br>10.6 to 18.7 °C","Historical daily maximum<br>22.8 °C<br>2025-10-19","DATE: Oct-19</b><br>Normal: 14.4 °C<br>Period: 1991-2020","6136699","PORT+WELLER+AUT",1994,2026
"10-19","TMIN",2001-10-19,8.45652173913044,2.5,15.7,3.27036640801726,5.22,6.1,9.9,12.4,NA,NA,NA,NA,NA,10,2007-10-19,"","DATE: Oct-19<br><b>Minimum temperature</b><br>10-90 percentile<br>5.2 to 12.4 °C","Historical daily maximum<br>15.7 °C<br>2007-10-19","DATE: Oct-19</b><br>Normal: 8.5 °C<br>Period: 1991-2020","6136699","PORT+WELLER+AUT",1994,2026
"10-19","VPD",2001-10-19,0.545626980495548,0.174830847949793,1.00726998524365,0.244445201645374,0.222135731456666,0.392943395483442,0.665678608812611,0.954300713206323,NA,NA,NA,NA,NA,10,2021-10-19,"","DATE: Oct-19<br><b>Vapour pressure deficit</b><br>10-90 percentile<br>0.2 to 1.0 kPa","Historical daily maximum<br>1.0 kPa<br>2021-10-19","DATE: Oct-19</b><br>Normal: 0.5 kPa<br>Period: 1991-2020","6136699","PORT+WELLER+AUT",1994,2026
"10-20","TMAX",2001-10-20,15.0826086956522,9.6,21.5,3.29195329883933,10.78,12.6,17.35,18.6,NA,NA,NA,NA,NA,10,2017-10-20,"","DATE: Oct-20<br><b>Maximum temperature</b><br>10-90 percentile<br>10.8 to 18.6 °C","Historical daily maximum<br>21.5 °C<br>2017-10-20","DATE: Oct-20</b><br>Normal: 15.1 °C<br>Period: 1991-2020","6136699","PORT+WELLER+AUT",1994,2026
"10-20","TMIN",2001-10-20,8.73043478260869,5.6,14.4,2.36324791578506,6.4,7.1,9.9,12.5,NA,NA,NA,NA,NA,10,2007-10-20,"","DATE: Oct-20<br><b>Minimum temperature</b><br>10-90 percentile<br>6.4 to 12.5 °C","Historical daily maximum<br>14.4 °C<br>2007-10-20","DATE: Oct-20</b><br>Normal: 8.7 °C<br>Period: 1991-2020","6136699","PORT+WELLER+AUT",1994,2026
"10-20","VPD",2001-10-20,0.607171433572429,0.148746065254649,1.27765483249162,0.335827894522628,0.238079216241236,0.369442135102139,0.798144934559661,1.18971700276187,NA,NA,NA,NA,NA,10,2017-10-20,"","DATE: Oct-20<br><b>Vapour pressure deficit</b><br>10-90 percentile<br>0.2 to 1.2 kPa","Historical daily maximum<br>1.3 kPa<br>2017-10-20","DATE: Oct-20</b><br>Normal: 0.6 kPa<br>Period: 1991-2020","6136699","PORT+WELLER+AUT",1994,2026
"10-21","TMAX",2001-10-21,14.2590909090909,7.8,24.2,4.67502575403236,9.09,10.525,17.7,18.98,NA,NA,NA,NA,NA,10,2007-10-21,"","DATE: Oct-21<br><b>Maximum temperature</b><br>10-90 percentile<br>9.1 to 19.0 °C","Historical daily maximum<br>24.2 °C<br>2007-10-21","DATE: Oct-21</b><br>Normal: 14.3 °C<br>Period: 1991-2020","6136699","PORT+WELLER+AUT",1994,2026
"10-21","TMIN",2001-10-21,8.3304347826087,3.8,15.3,2.83716163903432,5.22,6.25,9.9,12.18,NA,NA,NA,NA,NA,10,2007-10-21,"","DATE: Oct-21<br><b>Minimum temperature</b><br>10-90 percentile<br>5.2 to 12.2 °C","Historical daily maximum<br>15.3 °C<br>2007-10-21","DATE: Oct-21</b><br>Normal: 8.3 °C<br>Period: 1991-2020","6136699","PORT+WELLER+AUT",1994,2026
"10-21","VPD",2001-10-21,0.591276166785409,0.0898170632624129,1.33564228380519,0.376304401323169,0.182905102295551,0.297769056786837,0.839427728319728,1.1375444625335,NA,NA,NA,NA,NA,10,2017-10-21,"","DATE: Oct-21<br><b>Vapour pressure deficit</b><br>10-90 percentile<br>0.2 to 1.1 kPa","Historical daily maximum<br>1.3 kPa<br>2017-10-21","DATE: Oct-21</b><br>Normal: 0.6 kPa<br>Period: 1991-2020","6136699","PORT+WELLER+AUT",1994,2026
"10-22","TMAX",2001-10-22,12.7833333333333,5.3,25.2,4.8855302472814,7.26,10.75,14.025,18.04,NA,NA,NA,NA,NA,10,2017-10-22,"","DATE: Oct-22<br><b>Maximum temperature</b><br>10-90 percentile<br>7.3 to 18.0 °C","Historical daily maximum<br>25.2 °C<br>2017-10-22","DATE: Oct-22</b><br>Normal: 12.8 °C<br>Period: 1991-2020","6136699","PORT+WELLER+AUT",1994,2026
"10-22","TMIN",2001-10-22,7.29166666666667,1.9,17.5,3.53724489529286,3.82,5.475,8.25,10.77,NA,NA,NA,NA,NA,10,2007-10-22,"","DATE: Oct-22<br><b>Minimum temperature</b><br>10-90 percentile<br>3.8 to 10.8 °C","Historical daily maximum<br>17.5 °C<br>2007-10-22","DATE: Oct-22</b><br>Normal: 7.3 °C<br>Period: 1991-2020","6136699","PORT+WELLER+AUT",1994,2026
"10-22","VPD",2001-10-22,0.497214183973983,0.145355155449268,1.5222007148826,0.336301491251363,0.179263019480901,0.275376349159739,0.604998470660425,0.931534696732924,NA,NA,NA,NA,NA,10,2017-10-22,"","DATE: Oct-22<br><b>Vapour pressure deficit</b><br>10-90 percentile<br>0.2 to 0.9 kPa","Historical daily maximum<br>1.5 kPa<br>2017-10-22","DATE: Oct-22</b><br>Normal: 0.5 kPa<br>Period: 1991-2020","6136699","PORT+WELLER+AUT",1994,2026
"10-23","TMAX",2001-10-23,13.5652173913043,6.4,25.4,4.95631907913819,7.94,9.75,16,20.52,NA,NA,NA,NA,NA,10,2020-10-23,"","DATE: Oct-23<br><b>Maximum temperature</b><br>10-90 percentile<br>7.9 to 20.5 °C","Historical daily maximum<br>25.4 °C<br>2020-10-23","DATE: Oct-23</b><br>Normal: 13.6 °C<br>Period: 1991-2020","6136699","PORT+WELLER+AUT",1994,2026
"10-23","TMIN",2001-10-23,6.91666666666667,2.8,15,2.95630007694204,3.02,5,9.425,9.84,NA,NA,NA,NA,NA,10,2017-10-23,"","DATE: Oct-23<br><b>Minimum temperature</b><br>10-90 percentile<br>3.0 to 9.8 °C","Historical daily maximum<br>15.0 °C<br>2017-10-23","DATE: Oct-23</b><br>Normal: 6.9 °C<br>Period: 1991-2020","6136699","PORT+WELLER+AUT",1994,2026
"10-23","VPD",2001-10-23,0.619856919898217,0.192080930658328,2.00782671572684,0.450287834280685,0.217348938972976,0.289928699019697,0.811951951100224,1.14338098474773,NA,NA,NA,NA,NA,10,2020-10-23,"","DATE: Oct-23<br><b>Vapour pressure deficit</b><br>10-90 percentile<br>0.2 to 1.1 kPa","Historical daily maximum<br>2.0 kPa<br>2020-10-23","DATE: Oct-23</b><br>Normal: 0.6 kPa<br>Period: 1991-2020","6136699","PORT+WELLER+AUT",1994,2026
"10-24","TMAX",2001-10-24,12.7666666666667,5.2,20.9,4.01233605019696,8.14,9,15.775,17.45,NA,NA,NA,NA,NA,10,2001-10-24,"","DATE: Oct-24<br><b>Maximum temperature</b><br>10-90 percentile<br>8.1 to 17.4 °C","Historical daily maximum<br>20.9 °C<br>2001-10-24","DATE: Oct-24</b><br>Normal: 12.8 °C<br>Period: 1991-2020","6136699","PORT+WELLER+AUT",1994,2026
"10-24","TMIN",2001-10-24,7.78333333333333,2.5,14.4,2.9468725746144,4.41,5.725,9.675,11.35,NA,NA,NA,NA,NA,10,2001-10-24,"","DATE: Oct-24<br><b>Minimum temperature</b><br>10-90 percentile<br>4.4 to 11.3 °C","Historical daily maximum<br>14.4 °C<br>2001-10-24","DATE: Oct-24</b><br>Normal: 7.8 °C<br>Period: 1991-2020","6136699","PORT+WELLER+AUT",1994,2026
"10-24","VPD",2001-10-24,0.443292680732667,0.153270512864286,0.955043452945208,0.246845408250758,0.190718968755515,0.247428454026328,0.595813391182283,0.818217019551422,NA,NA,NA,NA,NA,10,2023-10-24,"","DATE: Oct-24<br><b>Vapour pressure deficit</b><br>10-90 percentile<br>0.2 to 0.8 kPa","Historical daily maximum<br>1.0 kPa<br>2023-10-24","DATE: Oct-24</b><br>Normal: 0.4 kPa<br>Period: 1991-2020","6136699","PORT+WELLER+AUT",1994,2026
"10-25","TMAX",2001-10-25,12.928,8.4,20.2,3.29311402778586,9.16,10.4,14.7,17.04,NA,NA,NA,NA,NA,10,2023-10-25,"","DATE: Oct-25<br><b>Maximum temperature</b><br>10-90 percentile<br>9.2 to 17.0 °C","Historical daily maximum<br>20.2 °C<br>2023-10-25","DATE: Oct-25</b><br>Normal: 12.9 °C<br>Period: 1991-2020","6136699","PORT+WELLER+AUT",1994,2026
"10-25","TMIN",2001-10-25,7.664,2.1,12.8,2.44299679355773,5.58,5.9,8.9,10.52,NA,NA,NA,NA,NA,10,2023-10-25,"","DATE: Oct-25<br><b>Minimum temperature</b><br>10-90 percentile<br>5.6 to 10.5 °C","Historical daily maximum<br>12.8 °C<br>2023-10-25","DATE: Oct-25</b><br>Normal: 7.7 °C<br>Period: 1991-2020","6136699","PORT+WELLER+AUT",1994,2026
"10-25","VPD",2001-10-25,0.460199300892188,0.138009521450968,1.21246743114048,0.260585767828256,0.19233671167619,0.308372839183277,0.546281044024048,0.823943797414804,NA,NA,NA,NA,NA,10,2012-10-25,"","DATE: Oct-25<br><b>Vapour pressure deficit</b><br>10-90 percentile<br>0.2 to 0.8 kPa","Historical daily maximum<br>1.2 kPa<br>2012-10-25","DATE: Oct-25</b><br>Normal: 0.5 kPa<br>Period: 1991-2020","6136699","PORT+WELLER+AUT",1994,2026
"10-26","TMAX",2001-10-26,11.9666666666667,6.5,23.6,4.01352784929935,7.92,9.2,14.525,15.07,NA,NA,NA,NA,NA,10,2010-10-26,"","DATE: Oct-26<br><b>Maximum temperature</b><br>10-90 percentile<br>7.9 to 15.1 °C","Historical daily maximum<br>23.6 °C<br>2010-10-26","DATE: Oct-26</b><br>Normal: 12.0 °C<br>Period: 1991-2020","6136699","PORT+WELLER+AUT",1994,2026
"10-26","TMIN",2001-10-26,7.244,3,14.8,2.41058084286754,4.5,5.7,8.1,9.82,NA,NA,NA,NA,NA,10,2010-10-26,"","DATE: Oct-26<br><b>Minimum temperature</b><br>10-90 percentile<br>4.5 to 9.8 °C","Historical daily maximum<br>14.8 °C<br>2010-10-26","DATE: Oct-26</b><br>Normal: 7.2 °C<br>Period: 1991-2020","6136699","PORT+WELLER+AUT",1994,2026
"10-26","VPD",2001-10-26,0.411085197531692,0.131569049725247,1.22951147230693,0.280490418097173,0.17598193190028,0.21798169303815,0.457755673298298,0.612748498169615,NA,NA,NA,NA,NA,10,2010-10-26,"","DATE: Oct-26<br><b>Vapour pressure deficit</b><br>10-90 percentile<br>0.2 to 0.6 kPa","Historical daily maximum<br>1.2 kPa<br>2010-10-26","DATE: Oct-26</b><br>Normal: 0.4 kPa<br>Period: 1991-2020","6136699","PORT+WELLER+AUT",1994,2026
"10-27","TMAX",2001-10-27,12.052,6.4,21.1,4.82770822095398,7.04,8.1,15.9,19.76,NA,NA,NA,NA,NA,10,1998-10-27,"","DATE: Oct-27<br><b>Maximum temperature</b><br>10-90 percentile<br>7.0 to 19.8 °C","Historical daily maximum<br>21.1 °C<br>1998-10-27","DATE: Oct-27</b><br>Normal: 12.1 °C<br>Period: 1991-2020","6136699","PORT+WELLER+AUT",1994,2026
"10-27","TMIN",2001-10-27,6.48,2.2,12.3,2.72304976083802,3.5,4.1,8.3,10.42,NA,NA,NA,NA,NA,10,2023-10-27,"","DATE: Oct-27<br><b>Minimum temperature</b><br>10-90 percentile<br>3.5 to 10.4 °C","Historical daily maximum<br>12.3 °C<br>2023-10-27","DATE: Oct-27</b><br>Normal: 6.5 °C<br>Period: 1991-2020","6136699","PORT+WELLER+AUT",1994,2026
"10-27","VPD",2001-10-27,0.489461231483844,0.148062242419011,1.34665782814971,0.3577057859529,0.161686236373045,0.24655608044231,0.599511994465143,1.08359162921794,NA,NA,NA,NA,NA,10,2000-10-27,"","DATE: Oct-27<br><b>Vapour pressure deficit</b><br>10-90 percentile<br>0.2 to 1.1 kPa","Historical daily maximum<br>1.3 kPa<br>2000-10-27","DATE: Oct-27</b><br>Normal: 0.5 kPa<br>Period: 1991-2020","6136699","PORT+WELLER+AUT",1994,2026
"10-28","TMAX",2001-10-28,11.4708333333333,6.9,22.1,4.0887416121607,7.63,8.125,13.675,17.15,NA,NA,NA,NA,NA,10,2014-10-28,"","DATE: Oct-28<br><b>Maximum temperature</b><br>10-90 percentile<br>7.6 to 17.2 °C","Historical daily maximum<br>22.1 °C<br>2014-10-28","DATE: Oct-28</b><br>Normal: 11.5 °C<br>Period: 1991-2020","6136699","PORT+WELLER+AUT",1994,2026
"10-28","TMIN",2001-10-28,6.4,1.7,12.9,2.76420573281609,3.38,4.5,8.5,9.94,NA,NA,NA,NA,NA,10,2010-10-28,"","DATE: Oct-28<br><b>Minimum temperature</b><br>10-90 percentile<br>3.4 to 9.9 °C","Historical daily maximum<br>12.9 °C<br>2010-10-28","DATE: Oct-28</b><br>Normal: 6.4 °C<br>Period: 1991-2020","6136699","PORT+WELLER+AUT",1994,2026
"10-28","VPD",2001-10-28,0.443965070708756,0.0810816537983993,1.48063441772658,0.357076838881923,0.135682301961861,0.194108982061165,0.589873089453416,0.893035503695479,NA,NA,NA,NA,NA,10,2014-10-28,"","DATE: Oct-28<br><b>Vapour pressure deficit</b><br>10-90 percentile<br>0.1 to 0.9 kPa","Historical daily maximum<br>1.5 kPa<br>2014-10-28","DATE: Oct-28</b><br>Normal: 0.4 kPa<br>Period: 1991-2020","6136699","PORT+WELLER+AUT",1994,2026
"10-29","TMAX",2001-10-29,10.9869565217391,5.1,19,3.28900431850045,7.72,9.15,12.2,13.96,NA,NA,NA,NA,NA,10,2024-10-29,"","DATE: Oct-29<br><b>Maximum temperature</b><br>10-90 percentile<br>7.7 to 14.0 °C","Historical daily maximum<br>19.0 °C<br>2024-10-29","DATE: Oct-29</b><br>Normal: 11.0 °C<br>Period: 1991-2020","6136699","PORT+WELLER+AUT",1994,2026
"10-29","TMIN",2001-10-29,6.22608695652174,3.4,9.3,1.7268514152285,3.76,5.15,7.5,8.48,NA,NA,NA,NA,NA,10,2009-10-29,"","DATE: Oct-29<br><b>Minimum temperature</b><br>10-90 percentile<br>3.8 to 8.5 °C","Historical daily maximum<br>9.3 °C<br>2009-10-29","DATE: Oct-29</b><br>Normal: 6.2 °C<br>Period: 1991-2020","6136699","PORT+WELLER+AUT",1994,2026
"10-29","VPD",2001-10-29,0.383579805070102,0.0981805524879749,1.04155396884873,0.258721638822121,0.143447416337806,0.207263004064615,0.458319626730857,0.760682413072989,NA,NA,NA,NA,NA,10,2024-10-29,"","DATE: Oct-29<br><b>Vapour pressure deficit</b><br>10-90 percentile<br>0.1 to 0.8 kPa","Historical daily maximum<br>1.0 kPa<br>2024-10-29","DATE: Oct-29</b><br>Normal: 0.4 kPa<br>Period: 1991-2020","6136699","PORT+WELLER+AUT",1994,2026
"10-30","TMAX",2001-10-30,12.1791666666667,5.7,21.8,4.20517064397243,7.38,9.7,13.75,17.73,NA,NA,NA,NA,NA,10,1999-10-30,"","DATE: Oct-30<br><b>Maximum temperature</b><br>10-90 percentile<br>7.4 to 17.7 °C","Historical daily maximum<br>21.8 °C<br>1999-10-30","DATE: Oct-30</b><br>Normal: 12.2 °C<br>Period: 1991-2020","6136699","PORT+WELLER+AUT",1994,2026
"10-30","TMIN",2001-10-30,6.116,1,9.8,2.46807617386498,2.58,4.2,7.8,9.38,NA,NA,NA,NA,NA,10,2024-10-30,"","DATE: Oct-30<br><b>Minimum temperature</b><br>10-90 percentile<br>2.6 to 9.4 °C","Historical daily maximum<br>9.8 °C<br>2024-10-30","DATE: Oct-30</b><br>Normal: 6.1 °C<br>Period: 1991-2020","6136699","PORT+WELLER+AUT",1994,2026
"10-30","VPD",2001-10-30,0.521481552175222,0.122688849763369,1.53910308030254,0.364118786227494,0.22023658057186,0.252224950142973,0.658271176059287,0.905285116593675,NA,NA,NA,NA,NA,10,1999-10-30,"","DATE: Oct-30<br><b>Vapour pressure deficit</b><br>10-90 percentile<br>0.2 to 0.9 kPa","Historical daily maximum<br>1.5 kPa<br>1999-10-30","DATE: Oct-30</b><br>Normal: 0.5 kPa<br>Period: 1991-2020","6136699","PORT+WELLER+AUT",1994,2026
"10-31","TMAX",2001-10-31,13.0333333333333,6.5,19.6,4.01071029886843,8.11,8.85,16.35,18.19,NA,NA,NA,NA,NA,10,2024-10-31,"","DATE: Oct-31<br><b>Maximum temperature</b><br>10-90 percentile<br>8.1 to 18.2 °C","Historical daily maximum<br>19.6 °C<br>2024-10-31","DATE: Oct-31</b><br>Normal: 13.0 °C<br>Period: 1991-2020","6136699","PORT+WELLER+AUT",1994,2026
"10-31","TMIN",2001-10-31,6.24,0,10,2.52520626220249,3.06,5,7.9,9.12,NA,NA,NA,NA,NA,10,2024-10-31,"","DATE: Oct-31<br><b>Minimum temperature</b><br>10-90 percentile<br>3.1 to 9.1 °C","Historical daily maximum<br>10.0 °C<br>2024-10-31","DATE: Oct-31</b><br>Normal: 6.2 °C<br>Period: 1991-2020","6136699","PORT+WELLER+AUT",1994,2026
"10-31","VPD",2001-10-31,0.583066584857643,0.136816909589976,1.31968243473719,0.323979526224237,0.204956851785371,0.300521942073038,0.814669210241664,1.01178778526279,NA,NA,NA,NA,NA,10,2003-10-31,"","DATE: Oct-31<br><b>Vapour pressure deficit</b><br>10-90 percentile<br>0.2 to 1.0 kPa","Historical daily maximum<br>1.3 kPa<br>2003-10-31","DATE: Oct-31</b><br>Normal: 0.6 kPa<br>Period: 1991-2020","6136699","PORT+WELLER+AUT",1994,2026
