"AES","NAME","MD","variable","por_start","por_end","clim_mean","clim_sd","clim_max","clim_max_date","value","rec_all_val","rec_all_date","value_record"
"6158733","TORONTO+LESTER+B.+PEARSON+INT","04-01","BUI",1953,2026,10.75,8.76980298777826,29.2,1999-04-01,0.7,148.5,1966-07-26,NA
"6158733","TORONTO+LESTER+B.+PEARSON+INT","04-02","BUI",1953,2026,10.97,8.60762581797224,29.3,1999-04-02,NA,148.5,1966-07-26,NA
"6158733","TORONTO+LESTER+B.+PEARSON+INT","04-03","BUI",1953,2026,11.4375,10.0057037305158,30.1,1999-04-03,1.8,148.5,1966-07-26,NA
"6158733","TORONTO+LESTER+B.+PEARSON+INT","04-04","BUI",1953,2026,10.87,9.60185745919333,30.9,1999-04-04,1,148.5,1966-07-26,NA
"6158733","TORONTO+LESTER+B.+PEARSON+INT","04-05","BUI",1953,2026,11.59,9.69105544074305,31.6,1999-04-05,0.5,148.5,1966-07-26,NA
"6158733","TORONTO+LESTER+B.+PEARSON+INT","04-06","BUI",1953,2026,11.3222222222222,8.07987898699259,25.4,1999-04-06,1.2,148.5,1966-07-26,NA
"6158733","TORONTO+LESTER+B.+PEARSON+INT","04-07","BUI",1953,2026,11.0909090909091,8.04716776828401,26.8,1999-04-07,0.8,148.5,1966-07-26,NA
"6158733","TORONTO+LESTER+B.+PEARSON+INT","04-08","BUI",1953,2026,9.53333333333333,9.19212442883317,28.3,1999-04-08,1.2,148.5,1966-07-26,NA
"6158733","TORONTO+LESTER+B.+PEARSON+INT","04-09","BUI",1953,2026,9.18333333333333,9.73698042920842,28.9,1999-04-09,2.6,148.5,1966-07-26,NA
"6158733","TORONTO+LESTER+B.+PEARSON+INT","04-10","BUI",1953,2026,9.94166666666667,9.74077263440388,30,1999-04-10,0.9,148.5,1966-07-26,NA
"6158733","TORONTO+LESTER+B.+PEARSON+INT","04-11","BUI",1953,2026,9.15333333333333,7.33775624197661,30.8,2012-04-11,1.4,148.5,1966-07-26,NA
"6158733","TORONTO+LESTER+B.+PEARSON+INT","04-12","BUI",1953,2026,9.40833333333333,7.94463321807225,32.1,2012-04-12,1.7,148.5,1966-07-26,NA
"6158733","TORONTO+LESTER+B.+PEARSON+INT","04-13","BUI",1953,2026,8.86875,8.3595628872966,33.4,2012-04-13,3.1,148.5,1966-07-26,NA
"6158733","TORONTO+LESTER+B.+PEARSON+INT","04-14","BUI",1953,2026,9.49411764705882,8.40524171188992,34.6,2012-04-14,1.6,148.5,1966-07-26,NA
"6158733","TORONTO+LESTER+B.+PEARSON+INT","04-15","BUI",1953,2026,10.20625,8.97251126125419,35.4,2012-04-15,0.4,148.5,1966-07-26,NA
"6158733","TORONTO+LESTER+B.+PEARSON+INT","04-16","BUI",1953,2026,9.7125,7.37390669862319,34.3,2012-04-16,1.3,148.5,1966-07-26,NA
"6158733","TORONTO+LESTER+B.+PEARSON+INT","04-17","BUI",1953,2026,9.88421052631579,7.1708718792607,35.3,2012-04-17,1,148.5,1966-07-26,NA
"6158733","TORONTO+LESTER+B.+PEARSON+INT","04-18","BUI",1953,2026,11.235,7.04424176936476,36.1,2012-04-18,2.8,148.5,1966-07-26,NA
"6158733","TORONTO+LESTER+B.+PEARSON+INT","04-19","BUI",1953,2026,11.185,7.9362111469152,37.9,2012-04-19,1.4,148.5,1966-07-26,NA
"6158733","TORONTO+LESTER+B.+PEARSON+INT","04-20","BUI",1953,2026,10.995,8.95670727796537,39.5,2012-04-20,NA,148.5,1966-07-26,NA
"6158733","TORONTO+LESTER+B.+PEARSON+INT","04-21","BUI",1953,2026,9.20909090909091,6.97266151896166,32.5,1968-04-21,2.8,148.5,1966-07-26,NA
"6158733","TORONTO+LESTER+B.+PEARSON+INT","04-22","BUI",1953,2026,9.15909090909091,7.10966204346552,34.1,1968-04-22,4.6,148.5,1966-07-26,NA
"6158733","TORONTO+LESTER+B.+PEARSON+INT","04-23","BUI",1953,2026,10.204347826087,6.59837984665861,25.2,1968-04-23,6.8,148.5,1966-07-26,NA
"6158733","TORONTO+LESTER+B.+PEARSON+INT","04-24","BUI",1953,2026,9.49583333333333,6.67125430919636,26.6,2010-04-24,6.8,148.5,1966-07-26,NA
"6158733","TORONTO+LESTER+B.+PEARSON+INT","04-25","BUI",1953,2026,9.99166666666667,7.18784703005957,27.2,2010-04-25,2.4,148.5,1966-07-26,NA
"6158733","TORONTO+LESTER+B.+PEARSON+INT","04-26","BUI",1953,2026,8.74,6.61154293641053,26.7,1959-04-26,1.7,148.5,1966-07-26,NA
"6158733","TORONTO+LESTER+B.+PEARSON+INT","04-27","BUI",1953,2026,9.08461538461538,6.88881367480308,28.3,1959-04-27,4,148.5,1966-07-26,NA
"6158733","TORONTO+LESTER+B.+PEARSON+INT","04-28","BUI",1953,2026,9.16538461538462,6.25881409263399,28.8,1962-04-28,4.8,148.5,1966-07-26,NA
"6158733","TORONTO+LESTER+B.+PEARSON+INT","04-29","BUI",1953,2026,10.0444444444444,6.94657266534165,30.1,1962-04-29,5,148.5,1966-07-26,NA
"6158733","TORONTO+LESTER+B.+PEARSON+INT","04-30","BUI",1953,2026,10.9962962962963,7.79138979808833,30.4,1962-04-30,6.2,148.5,1966-07-26,NA
"6158733","TORONTO+LESTER+B.+PEARSON+INT","05-01","BUI",1953,2026,10.7074074074074,7.71546528463479,30.3,2010-05-01,7.6,148.5,1966-07-26,NA
"6158733","TORONTO+LESTER+B.+PEARSON+INT","05-02","BUI",1953,2026,10.9296296296296,8.00388438460759,30.4,2010-05-02,8.7,148.5,1966-07-26,NA
"6158733","TORONTO+LESTER+B.+PEARSON+INT","05-03","BUI",1953,2026,11.7,8.45858689780346,30.7,1999-05-03,10.5,148.5,1966-07-26,NA
"6158733","TORONTO+LESTER+B.+PEARSON+INT","05-04","BUI",1953,2026,12.6259259259259,9.22298936156454,34.1,1999-05-04,12.9,148.5,1966-07-26,NA
"6158733","TORONTO+LESTER+B.+PEARSON+INT","05-05","BUI",1953,2026,13.3,9.76366891948056,36.4,1999-05-05,14.9,148.5,1966-07-26,NA
"6158733","TORONTO+LESTER+B.+PEARSON+INT","05-06","BUI",1953,2026,14.1259259259259,9.31622210458694,38.8,1999-05-06,10.7,148.5,1966-07-26,NA
"6158733","TORONTO+LESTER+B.+PEARSON+INT","05-07","BUI",1953,2026,15.35,9.7238728757478,40.4,1999-05-07,11.8,148.5,1966-07-26,NA
"6158733","TORONTO+LESTER+B.+PEARSON+INT","05-08","BUI",1953,2026,15.7428571428571,8.71309906050053,40.5,1987-05-08,12.9,148.5,1966-07-26,NA
"6158733","TORONTO+LESTER+B.+PEARSON+INT","05-09","BUI",1953,2026,15.5103448275862,8.85918993505719,44,1987-05-09,14.5,148.5,1966-07-26,NA
"6158733","TORONTO+LESTER+B.+PEARSON+INT","05-10","BUI",1953,2026,14.4137931034483,7.8142143439253,46.2,1987-05-10,15.2,148.5,1966-07-26,NA
"6158733","TORONTO+LESTER+B.+PEARSON+INT","05-11","BUI",1953,2026,14.7137931034483,7.72614874204713,49.4,1987-05-11,17,148.5,1966-07-26,NA
"6158733","TORONTO+LESTER+B.+PEARSON+INT","05-12","BUI",1953,2026,14.7379310344828,8.65952876452555,51,1987-05-12,18.6,148.5,1966-07-26,NA
"6158733","TORONTO+LESTER+B.+PEARSON+INT","05-13","BUI",1953,2026,15.6535714285714,8.8378597267814,53.3,1987-05-13,10.5,148.5,1966-07-26,NA
"6158733","TORONTO+LESTER+B.+PEARSON+INT","05-14","BUI",1953,2026,16.0310344827586,9.51146313847048,53.7,1962-05-14,11.3,148.5,1966-07-26,NA
"6158733","TORONTO+LESTER+B.+PEARSON+INT","05-15","BUI",1953,2026,15.6689655172414,9.67833011896296,57.9,1962-05-15,14.6,148.5,1966-07-26,NA
"6158733","TORONTO+LESTER+B.+PEARSON+INT","05-16","BUI",1953,2026,15.25,9.96825132522042,62.4,1962-05-16,16.4,148.5,1966-07-26,NA
"6158733","TORONTO+LESTER+B.+PEARSON+INT","05-17","BUI",1953,2026,15.13,10.2078114105377,66.6,1962-05-17,19.1,148.5,1966-07-26,NA
"6158733","TORONTO+LESTER+B.+PEARSON+INT","05-18","BUI",1953,2026,15.5233333333333,8.98249958811993,71.2,1962-05-18,21.9,148.5,1966-07-26,NA
"6158733","TORONTO+LESTER+B.+PEARSON+INT","05-19","BUI",1953,2026,16.49,9.0915022847219,75.2,1962-05-19,25,148.5,1966-07-26,NA
"6158733","TORONTO+LESTER+B.+PEARSON+INT","05-20","BUI",1953,2026,17.99,10.0288325720704,77.9,1962-05-20,27.4,148.5,1966-07-26,NA
"6158733","TORONTO+LESTER+B.+PEARSON+INT","05-21","BUI",1953,2026,19.26,10.3360967754624,80.1,1962-05-21,29,148.5,1966-07-26,NA
"6158733","TORONTO+LESTER+B.+PEARSON+INT","05-22","BUI",1953,2026,20.1133333333333,10.1571355361071,83.3,1962-05-22,31.5,148.5,1966-07-26,NA
"6158733","TORONTO+LESTER+B.+PEARSON+INT","05-23","BUI",1953,2026,20.74,10.5763431526572,68.1,1962-05-23,32.1,148.5,1966-07-26,NA
"6158733","TORONTO+LESTER+B.+PEARSON+INT","05-24","BUI",1953,2026,21.06,11.8170420477639,69.9,1962-05-24,9.1,148.5,1966-07-26,NA
"6158733","TORONTO+LESTER+B.+PEARSON+INT","05-25","BUI",1953,2026,22.36,12.4726901669207,72.3,1962-05-25,11.1,148.5,1966-07-26,NA
"6158733","TORONTO+LESTER+B.+PEARSON+INT","05-26","BUI",1953,2026,22.2666666666667,13.7629521024638,74.8,1962-05-26,14.7,148.5,1966-07-26,NA
"6158733","TORONTO+LESTER+B.+PEARSON+INT","05-27","BUI",1953,2026,24.2,14.2318729230046,77.3,1962-05-27,17.6,148.5,1966-07-26,NA
"6158733","TORONTO+LESTER+B.+PEARSON+INT","05-28","BUI",1953,2026,24.0933333333333,14.7490954330072,80,1962-05-28,19.6,148.5,1966-07-26,NA
"6158733","TORONTO+LESTER+B.+PEARSON+INT","05-29","BUI",1953,2026,25.05,15.7844478238375,82.4,1962-05-29,23.2,148.5,1966-07-26,NA
"6158733","TORONTO+LESTER+B.+PEARSON+INT","05-30","BUI",1953,2026,27.05,16.4250177137363,85.5,1962-05-30,25.1,148.5,1966-07-26,NA
"6158733","TORONTO+LESTER+B.+PEARSON+INT","05-31","BUI",1953,2026,26.0666666666667,15.3070264085244,76.5,1962-05-31,28.7,148.5,1966-07-26,NA
"6158733","TORONTO+LESTER+B.+PEARSON+INT","06-01","BUI",1953,2026,24.4533333333333,13.5513260156196,78.8,1962-06-01,31.1,148.5,1966-07-26,NA
"6158733","TORONTO+LESTER+B.+PEARSON+INT","06-02","BUI",1953,2026,24.77,13.4564213616425,80.7,1962-06-02,35.5,148.5,1966-07-26,NA
"6158733","TORONTO+LESTER+B.+PEARSON+INT","06-03","BUI",1953,2026,24.4933333333333,13.2959660289758,83.3,1962-06-03,40.5,148.5,1966-07-26,NA
"6158733","TORONTO+LESTER+B.+PEARSON+INT","06-04","BUI",1953,2026,25.1033333333333,14.0425826127811,68.3,1958-06-04,45.6,148.5,1966-07-26,NA
"6158733","TORONTO+LESTER+B.+PEARSON+INT","06-05","BUI",1953,2026,24.3633333333333,12.6541660942249,66.2,1958-06-05,50.2,148.5,1966-07-26,NA
"6158733","TORONTO+LESTER+B.+PEARSON+INT","06-06","BUI",1953,2026,25.0466666666667,13.0831487650793,69.2,2005-06-06,35.2,148.5,1966-07-26,NA
"6158733","TORONTO+LESTER+B.+PEARSON+INT","06-07","BUI",1953,2026,25.6933333333333,13.5624464615713,73,2005-06-07,37.5,148.5,1966-07-26,NA
"6158733","TORONTO+LESTER+B.+PEARSON+INT","06-08","BUI",1953,2026,27.7266666666667,14.3906802535849,76,2005-06-08,40.1,148.5,1966-07-26,NA
"6158733","TORONTO+LESTER+B.+PEARSON+INT","06-09","BUI",1953,2026,28.61,15.64598328976,78.9,2005-06-09,42.1,148.5,1966-07-26,NA
"6158733","TORONTO+LESTER+B.+PEARSON+INT","06-10","BUI",1953,2026,29.48,16.4988693447512,82.1,2005-06-10,33.1,148.5,1966-07-26,NA
"6158733","TORONTO+LESTER+B.+PEARSON+INT","06-11","BUI",1953,2026,28.09,16.2996160310181,85.2,2005-06-11,36.4,148.5,1966-07-26,NA
"6158733","TORONTO+LESTER+B.+PEARSON+INT","06-12","BUI",1953,2026,28.3133333333333,16.8603131916207,87.9,2005-06-12,39.9,148.5,1966-07-26,NA
"6158733","TORONTO+LESTER+B.+PEARSON+INT","06-13","BUI",1953,2026,29.5366666666667,18.356648393154,90.4,2005-06-13,44.4,148.5,1966-07-26,NA
"6158733","TORONTO+LESTER+B.+PEARSON+INT","06-14","BUI",1953,2026,28.7533333333333,15.9995632124288,76.7,1965-06-14,45.4,148.5,1966-07-26,NA
"6158733","TORONTO+LESTER+B.+PEARSON+INT","06-15","BUI",1953,2026,29.3266666666667,14.0635977477029,78.8,1965-06-15,27.1,148.5,1966-07-26,NA
"6158733","TORONTO+LESTER+B.+PEARSON+INT","06-16","BUI",1953,2026,30.65,15.5539273231044,81.5,1965-06-16,30.9,148.5,1966-07-26,NA
"6158733","TORONTO+LESTER+B.+PEARSON+INT","06-17","BUI",1953,2026,31.6766666666667,16.3641467498484,82.9,1965-06-17,32.8,148.5,1966-07-26,NA
"6158733","TORONTO+LESTER+B.+PEARSON+INT","06-18","BUI",1953,2026,31.6333333333333,17.1496322134753,85.9,1965-06-18,13.5,148.5,1966-07-26,NA
"6158733","TORONTO+LESTER+B.+PEARSON+INT","06-19","BUI",1953,2026,33.0033333333333,17.9609438991142,89.9,1965-06-19,11.9,148.5,1966-07-26,NA
"6158733","TORONTO+LESTER+B.+PEARSON+INT","06-20","BUI",1953,2026,34.03,19.0527787818561,94.2,1965-06-20,15.5,148.5,1966-07-26,NA
"6158733","TORONTO+LESTER+B.+PEARSON+INT","06-21","BUI",1953,2026,36.0133333333333,20.579530059534,96.6,1965-06-21,18.9,148.5,1966-07-26,NA
"6158733","TORONTO+LESTER+B.+PEARSON+INT","06-22","BUI",1953,2026,36.68,22.0252895397619,100.6,1965-06-22,20.9,148.5,1966-07-26,NA
"6158733","TORONTO+LESTER+B.+PEARSON+INT","06-23","BUI",1953,2026,36.7766666666667,22.7451045636022,90.7,2016-06-23,24.5,148.5,1966-07-26,NA
"6158733","TORONTO+LESTER+B.+PEARSON+INT","06-24","BUI",1953,2026,35.14,21.0107131950707,94.8,2016-06-24,28.2,148.5,1966-07-26,NA
"6158733","TORONTO+LESTER+B.+PEARSON+INT","06-25","BUI",1953,2026,34.71,21.7924275047945,98.6,2016-06-25,29.2,148.5,1966-07-26,NA
"6158733","TORONTO+LESTER+B.+PEARSON+INT","06-26","BUI",1953,2026,37.2833333333333,22.7087417974442,102.5,2016-06-26,18.6,148.5,1966-07-26,NA
"6158733","TORONTO+LESTER+B.+PEARSON+INT","06-27","BUI",1953,2026,36.33,19.2522125911588,82,2022-06-27,21.9,148.5,1966-07-26,NA
"6158733","TORONTO+LESTER+B.+PEARSON+INT","06-28","BUI",1953,2026,37.3466666666667,20.8910100007294,85,2022-06-28,25.6,148.5,1966-07-26,NA
"6158733","TORONTO+LESTER+B.+PEARSON+INT","06-29","BUI",1953,2026,35.5733333333333,22.2704215981853,86.9,1955-06-29,30.3,148.5,1966-07-26,NA
"6158733","TORONTO+LESTER+B.+PEARSON+INT","06-30","BUI",1953,2026,36.3533333333333,23.3108489369418,89,2016-06-30,33.5,148.5,1966-07-26,NA
"6158733","TORONTO+LESTER+B.+PEARSON+INT","07-01","BUI",1953,2026,38.2666666666667,24.1732729773356,92.4,1955-07-01,37.5,148.5,1966-07-26,NA
"6158733","TORONTO+LESTER+B.+PEARSON+INT","07-02","BUI",1953,2026,40.1633333333333,23.359698323119,95.9,1955-07-02,41.5,148.5,1966-07-26,NA
"6158733","TORONTO+LESTER+B.+PEARSON+INT","07-03","BUI",1953,2026,41.8766666666667,23.7607715440348,99.6,1955-07-03,45.8,148.5,1966-07-26,NA
"6158733","TORONTO+LESTER+B.+PEARSON+INT","07-04","BUI",1953,2026,43.5,23.4376943670101,104.9,1955-07-04,32.8,148.5,1966-07-26,NA
"6158733","TORONTO+LESTER+B.+PEARSON+INT","07-05","BUI",1953,2026,43.97,23.1647197561143,109.8,1955-07-05,20.7,148.5,1966-07-26,NA
"6158733","TORONTO+LESTER+B.+PEARSON+INT","07-06","BUI",1953,2026,45.4433333333333,24.3127564549308,112.9,1955-07-06,23.5,148.5,1966-07-26,NA
"6158733","TORONTO+LESTER+B.+PEARSON+INT","07-07","BUI",1953,2026,44.0733333333333,27.0763535126174,117.7,1988-07-07,26.3,148.5,1966-07-26,NA
"6158733","TORONTO+LESTER+B.+PEARSON+INT","07-08","BUI",1953,2026,42.95,28.1266317534308,123.1,1988-07-08,29.7,148.5,1966-07-26,NA
"6158733","TORONTO+LESTER+B.+PEARSON+INT","07-09","BUI",1953,2026,41.7533333333333,26.0526751996311,128,1988-07-09,33,148.5,1966-07-26,NA
"6158733","TORONTO+LESTER+B.+PEARSON+INT","07-10","BUI",1953,2026,43.35,25.2745305901361,128.7,1955-07-10,22.2,148.5,1966-07-26,NA
"6158733","TORONTO+LESTER+B.+PEARSON+INT","07-11","BUI",1953,2026,43.2766666666667,25.0294954739036,132.4,1955-07-11,25.7,148.5,1966-07-26,NA
"6158733","TORONTO+LESTER+B.+PEARSON+INT","07-12","BUI",1953,2026,44.37,27.293932002149,136.1,1955-07-12,30.5,148.5,1966-07-26,NA
"6158733","TORONTO+LESTER+B.+PEARSON+INT","07-13","BUI",1953,2026,46.6433333333333,28.5793111006635,139.6,1955-07-13,36.5,148.5,1966-07-26,NA
"6158733","TORONTO+LESTER+B.+PEARSON+INT","07-14","BUI",1953,2026,46.46,29.0945142358605,144.6,1955-07-14,41.6,148.5,1966-07-26,NA
"6158733","TORONTO+LESTER+B.+PEARSON+INT","07-15","BUI",1953,2026,46.82,29.7352849728028,138.2,2005-07-15,44.6,148.5,1966-07-26,NA
"6158733","TORONTO+LESTER+B.+PEARSON+INT","07-16","BUI",1953,2026,48.3966666666667,28.2479597472996,141.1,2005-07-16,49.8,148.5,1966-07-26,NA
"6158733","TORONTO+LESTER+B.+PEARSON+INT","07-17","BUI",1953,2026,47.2533333333333,25.1254608238176,117.2,1966-07-17,52.6,148.5,1966-07-26,NA
"6158733","TORONTO+LESTER+B.+PEARSON+INT","07-18","BUI",1953,2026,48.44,25.2644441445094,120.5,1966-07-18,53.6,148.5,1966-07-26,NA
"6158733","TORONTO+LESTER+B.+PEARSON+INT","07-19","BUI",1953,2026,47.17,23.8522340455882,122.7,1978-07-19,40,148.5,1966-07-26,NA
"6158733","TORONTO+LESTER+B.+PEARSON+INT","07-20","BUI",1953,2026,47.1966666666667,26.7324868011697,127.5,1978-07-20,44.2,148.5,1966-07-26,NA
"6158733","TORONTO+LESTER+B.+PEARSON+INT","07-21","BUI",1953,2026,47.2466666666667,27.7093004843741,129.4,1966-07-21,36.6,148.5,1966-07-26,NA
"6158733","TORONTO+LESTER+B.+PEARSON+INT","07-22","BUI",1953,2026,45.9033333333333,27.2321625685681,133.6,1966-07-22,23.1,148.5,1966-07-26,NA
"6158733","TORONTO+LESTER+B.+PEARSON+INT","07-23","BUI",1953,2026,40.7866666666667,28.2671459512609,137.4,1966-07-23,28.6,148.5,1966-07-26,NA
"6158733","TORONTO+LESTER+B.+PEARSON+INT","07-24","BUI",1953,2026,41.2966666666667,25.4893822835196,141.4,1966-07-24,33.8,148.5,1966-07-26,NA
"6158733","TORONTO+LESTER+B.+PEARSON+INT","07-25","BUI",1953,2026,41.7733333333333,24.3739252047153,145.8,1966-07-25,37.1,148.5,1966-07-26,NA
"6158733","TORONTO+LESTER+B.+PEARSON+INT","07-26","BUI",1953,2026,41.9533333333333,25.7088570989325,148.5,1966-07-26,41,148.5,1966-07-26,NA
"6158733","TORONTO+LESTER+B.+PEARSON+INT","07-27","BUI",1953,2026,40.85,23.0405302561108,118.4,1966-07-27,44.2,148.5,1966-07-26,NA
"6158733","TORONTO+LESTER+B.+PEARSON+INT","07-28","BUI",1953,2026,38.5133333333333,23.7161916657468,107.7,1999-07-28,22.9,148.5,1966-07-26,NA
"6158733","TORONTO+LESTER+B.+PEARSON+INT","07-29","BUI",1953,2026,39.0266666666667,23.7375729133391,112.4,1999-07-29,27.8,148.5,1966-07-26,NA
"6158733","TORONTO+LESTER+B.+PEARSON+INT","07-30","BUI",1953,2026,39.43,24.2376900856838,117.1,1999-07-30,32.7,148.5,1966-07-26,NA
"6158733","TORONTO+LESTER+B.+PEARSON+INT","07-31","BUI",1953,2026,39.1033333333333,21.8242744214553,117,1955-07-31,38,148.5,1966-07-26,NA
"6158733","TORONTO+LESTER+B.+PEARSON+INT","08-01","BUI",1953,2026,39.5566666666667,23.0543239019216,121.6,1955-08-01,41.7,148.5,1966-07-26,NA
"6158733","TORONTO+LESTER+B.+PEARSON+INT","08-02","BUI",1953,2026,39.92,23.0148587685854,126.5,1955-08-02,27.7,148.5,1966-07-26,NA
"6158733","TORONTO+LESTER+B.+PEARSON+INT","08-03","BUI",1953,2026,35.99,21.7590781688614,120.9,1957-08-03,17.3,148.5,1966-07-26,NA
"6158733","TORONTO+LESTER+B.+PEARSON+INT","08-04","BUI",1953,2026,36.5133333333333,22.6230540536119,123.9,1957-08-04,22.9,148.5,1966-07-26,NA
"6158733","TORONTO+LESTER+B.+PEARSON+INT","08-05","BUI",1953,2026,38.2466666666667,24.2927225278702,126.6,1957-08-05,27.5,148.5,1966-07-26,NA
"6158733","TORONTO+LESTER+B.+PEARSON+INT","08-06","BUI",1953,2026,40.1533333333333,23.0855938558695,129.8,1957-08-06,30.7,148.5,1966-07-26,NA
"6158733","TORONTO+LESTER+B.+PEARSON+INT","08-07","BUI",1953,2026,40.42,23.5104730881279,133.8,1957-08-07,15.6,148.5,1966-07-26,NA
"6158733","TORONTO+LESTER+B.+PEARSON+INT","08-08","BUI",1953,2026,40.3433333333333,24.1447457457401,137,1957-08-08,NA,148.5,1966-07-26,NA
"6158733","TORONTO+LESTER+B.+PEARSON+INT","08-09","BUI",1953,2026,42.8133333333333,25.2148660766693,108,1957-08-09,NA,148.5,1966-07-26,NA
"6158733","TORONTO+LESTER+B.+PEARSON+INT","08-10","BUI",1953,2026,41.8933333333333,27.8365293780689,111.2,1957-08-10,NA,148.5,1966-07-26,NA
"6158733","TORONTO+LESTER+B.+PEARSON+INT","08-11","BUI",1953,2026,40.86,28.105179299344,115,1957-08-11,NA,148.5,1966-07-26,NA
"6158733","TORONTO+LESTER+B.+PEARSON+INT","08-12","BUI",1953,2026,39.8433333333333,26.821140443923,117.6,1957-08-12,NA,148.5,1966-07-26,NA
"6158733","TORONTO+LESTER+B.+PEARSON+INT","08-13","BUI",1953,2026,39.6566666666667,26.4158740589603,120.3,2001-08-13,NA,148.5,1966-07-26,NA
"6158733","TORONTO+LESTER+B.+PEARSON+INT","08-14","BUI",1953,2026,40.4433333333333,24.8364260204898,124.5,2001-08-14,NA,148.5,1966-07-26,NA
"6158733","TORONTO+LESTER+B.+PEARSON+INT","08-15","BUI",1953,2026,41.0266666666667,24.2830710625712,129,2001-08-15,NA,148.5,1966-07-26,NA
"6158733","TORONTO+LESTER+B.+PEARSON+INT","08-16","BUI",1953,2026,40.1033333333333,20.7300129469716,121.7,1959-08-16,NA,148.5,1966-07-26,NA
"6158733","TORONTO+LESTER+B.+PEARSON+INT","08-17","BUI",1953,2026,40.93,20.5649542870289,89.3,2022-08-17,NA,148.5,1966-07-26,NA
"6158733","TORONTO+LESTER+B.+PEARSON+INT","08-18","BUI",1953,2026,41.2533333333333,21.2279538106833,124.9,1959-08-18,NA,148.5,1966-07-26,NA
"6158733","TORONTO+LESTER+B.+PEARSON+INT","08-19","BUI",1953,2026,42.5966666666667,21.1260173529088,95.5,2007-08-19,NA,148.5,1966-07-26,NA
"6158733","TORONTO+LESTER+B.+PEARSON+INT","08-20","BUI",1953,2026,40.0533333333333,20.1556825791112,129.5,1959-08-20,NA,148.5,1966-07-26,NA
"6158733","TORONTO+LESTER+B.+PEARSON+INT","08-21","BUI",1953,2026,39.6233333333333,22.4298705291409,100.5,1957-08-21,NA,148.5,1966-07-26,NA
"6158733","TORONTO+LESTER+B.+PEARSON+INT","08-22","BUI",1953,2026,39.4366666666667,22.8115742451114,103.9,1957-08-22,NA,148.5,1966-07-26,NA
"6158733","TORONTO+LESTER+B.+PEARSON+INT","08-23","BUI",1953,2026,38.9766666666667,19.9346982771824,107.4,1957-08-23,NA,148.5,1966-07-26,NA
"6158733","TORONTO+LESTER+B.+PEARSON+INT","08-24","BUI",1953,2026,41.9433333333333,20.0197261914745,93.2,2007-08-24,NA,148.5,1966-07-26,NA
"6158733","TORONTO+LESTER+B.+PEARSON+INT","08-25","BUI",1953,2026,43.3666666666667,19.6194894891812,86.9,2006-08-25,NA,148.5,1966-07-26,NA
"6158733","TORONTO+LESTER+B.+PEARSON+INT","08-26","BUI",1953,2026,41.4666666666667,16.7670105766699,80.7,2021-08-26,NA,148.5,1966-07-26,NA
"6158733","TORONTO+LESTER+B.+PEARSON+INT","08-27","BUI",1953,2026,41.0066666666667,16.6522222465089,77.8,2002-08-27,NA,148.5,1966-07-26,NA
"6158733","TORONTO+LESTER+B.+PEARSON+INT","08-28","BUI",1953,2026,40.4266666666667,17.9908584705052,80.7,2002-08-28,NA,148.5,1966-07-26,NA
"6158733","TORONTO+LESTER+B.+PEARSON+INT","08-29","BUI",1953,2026,42.1033333333333,18.9262358195931,83.8,1973-08-29,NA,148.5,1966-07-26,NA
"6158733","TORONTO+LESTER+B.+PEARSON+INT","08-30","BUI",1953,2026,44.54,19.9525748057565,87.8,1973-08-30,NA,148.5,1966-07-26,NA
"6158733","TORONTO+LESTER+B.+PEARSON+INT","08-31","BUI",1953,2026,45.3866666666667,20.626877901273,91.8,1973-08-31,NA,148.5,1966-07-26,NA
"6158733","TORONTO+LESTER+B.+PEARSON+INT","09-01","BUI",1953,2026,47.9133333333333,20.7395962008597,95.5,1973-09-01,NA,148.5,1966-07-26,NA
"6158733","TORONTO+LESTER+B.+PEARSON+INT","09-02","BUI",1953,2026,47.1066666666667,20.2282140506314,99.4,1973-09-02,NA,148.5,1966-07-26,NA
"6158733","TORONTO+LESTER+B.+PEARSON+INT","09-03","BUI",1953,2026,45.42,22.7751588813111,102.8,1973-09-03,NA,148.5,1966-07-26,NA
"6158733","TORONTO+LESTER+B.+PEARSON+INT","09-04","BUI",1953,2026,45.5366666666667,23.580068780183,106.3,1973-09-04,NA,148.5,1966-07-26,NA
"6158733","TORONTO+LESTER+B.+PEARSON+INT","09-05","BUI",1953,2026,44.6233333333333,22.7828381165227,108.5,1973-09-05,NA,148.5,1966-07-26,NA
"6158733","TORONTO+LESTER+B.+PEARSON+INT","09-06","BUI",1953,2026,41.9833333333333,21.1468442796675,112,1973-09-06,NA,148.5,1966-07-26,NA
"6158733","TORONTO+LESTER+B.+PEARSON+INT","09-07","BUI",1953,2026,42.2066666666667,21.6194824866024,114,1973-09-07,NA,148.5,1966-07-26,NA
"6158733","TORONTO+LESTER+B.+PEARSON+INT","09-08","BUI",1953,2026,39.1,22.7902883127728,116.8,1973-09-08,NA,148.5,1966-07-26,NA
"6158733","TORONTO+LESTER+B.+PEARSON+INT","09-09","BUI",1953,2026,38.4566666666667,24.3377907270003,121,2002-09-09,NA,148.5,1966-07-26,NA
"6158733","TORONTO+LESTER+B.+PEARSON+INT","09-10","BUI",1953,2026,37.39,25.6340876232384,125.8,2002-09-10,NA,148.5,1966-07-26,NA
"6158733","TORONTO+LESTER+B.+PEARSON+INT","09-11","BUI",1953,2026,37.56,26.7257024681072,128.5,2002-09-11,NA,148.5,1966-07-26,NA
"6158733","TORONTO+LESTER+B.+PEARSON+INT","09-12","BUI",1953,2026,38.27,27.5453751046373,131.1,2002-09-12,NA,148.5,1966-07-26,NA
"6158733","TORONTO+LESTER+B.+PEARSON+INT","09-13","BUI",1953,2026,37.7066666666667,28.7105643578653,134.6,2002-09-13,NA,148.5,1966-07-26,NA
"6158733","TORONTO+LESTER+B.+PEARSON+INT","09-14","BUI",1953,2026,37.9466666666667,29.9054571577846,137.1,2002-09-14,NA,148.5,1966-07-26,NA
"6158733","TORONTO+LESTER+B.+PEARSON+INT","09-15","BUI",1953,2026,35.04,23.9659183295636,134.4,1973-09-15,NA,148.5,1966-07-26,NA
"6158733","TORONTO+LESTER+B.+PEARSON+INT","09-16","BUI",1953,2026,34.72,22.0742383787074,136,1973-09-16,NA,148.5,1966-07-26,NA
"6158733","TORONTO+LESTER+B.+PEARSON+INT","09-17","BUI",1953,2026,35.22,22.2557919621403,112.9,1960-09-17,NA,148.5,1966-07-26,NA
"6158733","TORONTO+LESTER+B.+PEARSON+INT","09-18","BUI",1953,2026,36.4466666666667,22.8048502604665,115.1,1960-09-18,NA,148.5,1966-07-26,NA
"6158733","TORONTO+LESTER+B.+PEARSON+INT","09-19","BUI",1953,2026,37.32,23.2662609061216,116.5,1960-09-19,NA,148.5,1966-07-26,NA
"6158733","TORONTO+LESTER+B.+PEARSON+INT","09-20","BUI",1953,2026,33.8,17.7365393351185,117.8,1960-09-20,NA,148.5,1966-07-26,NA
"6158733","TORONTO+LESTER+B.+PEARSON+INT","09-21","BUI",1953,2026,34.3466666666667,17.314549061278,118.7,1960-09-21,NA,148.5,1966-07-26,NA
"6158733","TORONTO+LESTER+B.+PEARSON+INT","09-22","BUI",1953,2026,32.59,18.9797778047384,120.4,1960-09-22,NA,148.5,1966-07-26,NA
"6158733","TORONTO+LESTER+B.+PEARSON+INT","09-23","BUI",1953,2026,32.1833333333333,20.1473893805271,122,1960-09-23,NA,148.5,1966-07-26,NA
"6158733","TORONTO+LESTER+B.+PEARSON+INT","09-24","BUI",1953,2026,33.3233333333333,20.5571479863656,123.7,1960-09-24,NA,148.5,1966-07-26,NA
"6158733","TORONTO+LESTER+B.+PEARSON+INT","09-25","BUI",1953,2026,32.9866666666667,21.0886590429521,126.2,1960-09-25,NA,148.5,1966-07-26,NA
"6158733","TORONTO+LESTER+B.+PEARSON+INT","09-26","BUI",1953,2026,32.64,21.8368180074308,103.8,1960-09-26,NA,148.5,1966-07-26,NA
"6158733","TORONTO+LESTER+B.+PEARSON+INT","09-27","BUI",1953,2026,30.8733333333333,20.7322326647269,106.1,1960-09-27,NA,148.5,1966-07-26,NA
"6158733","TORONTO+LESTER+B.+PEARSON+INT","09-28","BUI",1953,2026,30.3733333333333,22.0941236271225,108.7,1960-09-28,NA,148.5,1966-07-26,NA
"6158733","TORONTO+LESTER+B.+PEARSON+INT","09-29","BUI",1953,2026,28.2366666666667,21.4143439413114,94.5,1960-09-29,NA,148.5,1966-07-26,NA
"6158733","TORONTO+LESTER+B.+PEARSON+INT","09-30","BUI",1953,2026,26.4033333333333,18.107485275115,95.8,1960-09-30,NA,148.5,1966-07-26,NA
"6158733","TORONTO+LESTER+B.+PEARSON+INT","10-01","BUI",1953,2026,26.0266666666667,19.2288205626316,97.1,1960-10-01,NA,148.5,1966-07-26,NA
"6158733","TORONTO+LESTER+B.+PEARSON+INT","10-02","BUI",1953,2026,26.648275862069,18.8449239222521,77.2,2023-10-02,NA,148.5,1966-07-26,NA
"6158733","TORONTO+LESTER+B.+PEARSON+INT","10-03","BUI",1953,2026,25.2166666666667,19.9265389373817,80.8,2023-10-03,NA,148.5,1966-07-26,NA
"6158733","TORONTO+LESTER+B.+PEARSON+INT","10-04","BUI",1953,2026,23.1266666666667,20.304389424089,83.3,2023-10-04,NA,148.5,1966-07-26,NA
"6158733","TORONTO+LESTER+B.+PEARSON+INT","10-05","BUI",1953,2026,22.3533333333333,19.6453510045495,85.5,2023-10-05,NA,148.5,1966-07-26,NA
"6158733","TORONTO+LESTER+B.+PEARSON+INT","10-06","BUI",1953,2026,22.57,20.3724653595873,81.1,2007-10-06,NA,148.5,1966-07-26,NA
"6158733","TORONTO+LESTER+B.+PEARSON+INT","10-07","BUI",1953,2026,20.8333333333333,15.798632270206,78.7,2004-10-07,NA,148.5,1966-07-26,NA
"6158733","TORONTO+LESTER+B.+PEARSON+INT","10-08","BUI",1953,2026,21.3566666666667,15.5735559098801,80.7,2004-10-08,NA,148.5,1966-07-26,NA
"6158733","TORONTO+LESTER+B.+PEARSON+INT","10-09","BUI",1953,2026,20.3666666666667,15.3342378543804,82.2,2004-10-09,NA,148.5,1966-07-26,NA
"6158733","TORONTO+LESTER+B.+PEARSON+INT","10-10","BUI",1953,2026,20.76,14.9067816087523,83.4,2004-10-10,NA,148.5,1966-07-26,NA
"6158733","TORONTO+LESTER+B.+PEARSON+INT","10-11","BUI",1953,2026,21.6966666666667,14.6105413842277,83.9,2004-10-11,NA,148.5,1966-07-26,NA
"6158733","TORONTO+LESTER+B.+PEARSON+INT","10-12","BUI",1953,2026,21.81,15.2205022799897,85.5,2004-10-12,NA,148.5,1966-07-26,NA
"6158733","TORONTO+LESTER+B.+PEARSON+INT","10-13","BUI",1953,2026,21.8866666666667,15.6378350502066,86.8,2004-10-13,NA,148.5,1966-07-26,NA
"6158733","TORONTO+LESTER+B.+PEARSON+INT","10-14","BUI",1953,2026,21.04,15.8155881201493,87.4,2004-10-14,NA,148.5,1966-07-26,NA
"6158733","TORONTO+LESTER+B.+PEARSON+INT","10-15","BUI",1953,2026,20.3333333333333,16.486260388857,87.7,2004-10-15,NA,148.5,1966-07-26,NA
"6158733","TORONTO+LESTER+B.+PEARSON+INT","10-16","BUI",1953,2026,17.61,12.2959300807919,69.8,1963-10-16,NA,148.5,1966-07-26,NA
"6158733","TORONTO+LESTER+B.+PEARSON+INT","10-17","BUI",1953,2026,17.7133333333333,13.0658209906963,73.1,1963-10-17,NA,148.5,1966-07-26,NA
"6158733","TORONTO+LESTER+B.+PEARSON+INT","10-18","BUI",1953,2026,17.4689655172414,12.7283177950437,76.6,1963-10-18,NA,148.5,1966-07-26,NA
"6158733","TORONTO+LESTER+B.+PEARSON+INT","10-19","BUI",1953,2026,16.55,12.8160930622132,79.2,1963-10-19,NA,148.5,1966-07-26,NA
"6158733","TORONTO+LESTER+B.+PEARSON+INT","10-20","BUI",1953,2026,16.6166666666667,13.5186737600212,81.3,1963-10-20,NA,148.5,1966-07-26,NA
"6158733","TORONTO+LESTER+B.+PEARSON+INT","10-21","BUI",1953,2026,16.6166666666667,13.890609165494,82.4,1963-10-21,NA,148.5,1966-07-26,NA
"6158733","TORONTO+LESTER+B.+PEARSON+INT","10-22","BUI",1953,2026,16.3655172413793,15.0362722361169,83.7,1963-10-22,NA,148.5,1966-07-26,NA
"6158733","TORONTO+LESTER+B.+PEARSON+INT","10-23","BUI",1953,2026,16.2724137931034,14.166481984694,86,1963-10-23,NA,148.5,1966-07-26,NA
"6158733","TORONTO+LESTER+B.+PEARSON+INT","10-24","BUI",1953,2026,15.2344827586207,14.1729691380173,87.5,1963-10-24,NA,148.5,1966-07-26,NA
"6158733","TORONTO+LESTER+B.+PEARSON+INT","10-25","BUI",1953,2026,14.3966666666667,14.2330475892607,89.8,1963-10-25,NA,148.5,1966-07-26,NA
"6158733","TORONTO+LESTER+B.+PEARSON+INT","10-26","BUI",1953,2026,13.4633333333333,12.2035744716479,91.4,1963-10-26,NA,148.5,1966-07-26,NA
"6158733","TORONTO+LESTER+B.+PEARSON+INT","10-27","BUI",1953,2026,11.6758620689655,12.6590638102398,93.2,1963-10-27,NA,148.5,1966-07-26,NA
"6158733","TORONTO+LESTER+B.+PEARSON+INT","10-28","BUI",1953,2026,11.4133333333333,12.5283879947552,95.3,1963-10-28,NA,148.5,1966-07-26,NA
"6158733","TORONTO+LESTER+B.+PEARSON+INT","10-29","BUI",1953,2026,11.7133333333333,12.758573407803,95.8,1963-10-29,NA,148.5,1966-07-26,NA
"6158733","TORONTO+LESTER+B.+PEARSON+INT","10-30","BUI",1953,2026,12.1333333333333,11.9733708367946,96.7,1963-10-30,NA,148.5,1966-07-26,NA
"6158733","TORONTO+LESTER+B.+PEARSON+INT","10-31","BUI",1953,2026,11.6166666666667,11.7022274134791,64.3,1963-10-31,NA,148.5,1966-07-26,NA
"6158733","TORONTO+LESTER+B.+PEARSON+INT","04-01","DC",1953,2026,17.96,15.522685907335,52.1,2012-04-01,1.2,646.1,2007-10-06,NA
"6158733","TORONTO+LESTER+B.+PEARSON+INT","04-02","DC",1953,2026,19.97,15.8869653070266,54.7,2012-04-02,2.5,646.1,2007-10-06,NA
"6158733","TORONTO+LESTER+B.+PEARSON+INT","04-03","DC",1953,2026,21.6909090909091,15.8045217925412,57.6,2012-04-03,5,646.1,2007-10-06,NA
"6158733","TORONTO+LESTER+B.+PEARSON+INT","04-04","DC",1953,2026,21.7181818181818,17.062755825588,60.2,2012-04-04,6.5,646.1,2007-10-06,NA
"6158733","TORONTO+LESTER+B.+PEARSON+INT","04-05","DC",1953,2026,23.3272727272727,17.2721794171489,62.1,2012-04-05,1.9,646.1,2007-10-06,NA
"6158733","TORONTO+LESTER+B.+PEARSON+INT","04-06","DC",1953,2026,23,16.4706810221476,64.7,2012-04-06,3.8,646.1,2007-10-06,NA
"6158733","TORONTO+LESTER+B.+PEARSON+INT","04-07","DC",1953,2026,23.3642857142857,16.5727583305049,68,2012-04-07,4.5,646.1,2007-10-06,NA
"6158733","TORONTO+LESTER+B.+PEARSON+INT","04-08","DC",1953,2026,20.0857142857143,18.7790741617798,71.5,2012-04-08,5.9,646.1,2007-10-06,NA
"6158733","TORONTO+LESTER+B.+PEARSON+INT","04-09","DC",1953,2026,21.1533333333333,18.755755941907,74.4,2012-04-09,9.6,646.1,2007-10-06,NA
"6158733","TORONTO+LESTER+B.+PEARSON+INT","04-10","DC",1953,2026,22.21875,18.552707574188,76.8,2012-04-10,5.8,646.1,2007-10-06,NA
"6158733","TORONTO+LESTER+B.+PEARSON+INT","04-11","DC",1953,2026,21.7625,19.0406888880979,79.4,2012-04-11,8.2,646.1,2007-10-06,NA
"6158733","TORONTO+LESTER+B.+PEARSON+INT","04-12","DC",1953,2026,22.26875,19.8819757150373,82.3,2012-04-12,9.9,646.1,2007-10-06,NA
"6158733","TORONTO+LESTER+B.+PEARSON+INT","04-13","DC",1953,2026,21.7941176470588,20.9782467864999,85.4,2012-04-13,14.4,646.1,2007-10-06,NA
"6158733","TORONTO+LESTER+B.+PEARSON+INT","04-14","DC",1953,2026,23.8117647058824,21.7432426960924,88.5,2012-04-14,4.9,646.1,2007-10-06,NA
"6158733","TORONTO+LESTER+B.+PEARSON+INT","04-15","DC",1953,2026,24.1058823529412,23.5810694887932,92.2,2012-04-15,3.1,646.1,2007-10-06,NA
"6158733","TORONTO+LESTER+B.+PEARSON+INT","04-16","DC",1953,2026,22.6157894736842,20.6688241658218,97.7,2012-04-16,4.7,646.1,2007-10-06,NA
"6158733","TORONTO+LESTER+B.+PEARSON+INT","04-17","DC",1953,2026,23.72,20.8003694299176,100.3,2012-04-17,3.7,646.1,2007-10-06,NA
"6158733","TORONTO+LESTER+B.+PEARSON+INT","04-18","DC",1953,2026,26.595,20.4448288404621,102.5,2012-04-18,8,646.1,2007-10-06,NA
"6158733","TORONTO+LESTER+B.+PEARSON+INT","04-19","DC",1953,2026,26.78,22.2281376921945,106.7,2012-04-19,4.2,646.1,2007-10-06,NA
"6158733","TORONTO+LESTER+B.+PEARSON+INT","04-20","DC",1953,2026,24.2954545454545,23.8839949851405,110.7,2012-04-20,5.6,646.1,2007-10-06,NA
"6158733","TORONTO+LESTER+B.+PEARSON+INT","04-21","DC",1953,2026,20.0260869565217,21.4236321806149,94.1,2012-04-21,8.1,646.1,2007-10-06,NA
"6158733","TORONTO+LESTER+B.+PEARSON+INT","04-22","DC",1953,2026,20.2166666666667,20.3444398272368,96.3,2012-04-22,12,646.1,2007-10-06,NA
"6158733","TORONTO+LESTER+B.+PEARSON+INT","04-23","DC",1953,2026,22.5958333333333,20.2971293572497,98,2012-04-23,15.8,646.1,2007-10-06,NA
"6158733","TORONTO+LESTER+B.+PEARSON+INT","04-24","DC",1953,2026,20.636,16.8546205336499,71.3,2012-04-24,15.3,646.1,2007-10-06,NA
"6158733","TORONTO+LESTER+B.+PEARSON+INT","04-25","DC",1953,2026,22.192,17.8659573864188,74.4,2012-04-25,1.9,646.1,2007-10-06,NA
"6158733","TORONTO+LESTER+B.+PEARSON+INT","04-26","DC",1953,2026,20.3769230769231,18.9489061994049,77,2012-04-26,3.1,646.1,2007-10-06,NA
"6158733","TORONTO+LESTER+B.+PEARSON+INT","04-27","DC",1953,2026,21.5038461538462,19.7034713848952,79,2012-04-27,7,646.1,2007-10-06,NA
"6158733","TORONTO+LESTER+B.+PEARSON+INT","04-28","DC",1953,2026,22.1703703703704,18.2635158552786,81.2,2012-04-28,10.5,646.1,2007-10-06,NA
"6158733","TORONTO+LESTER+B.+PEARSON+INT","04-29","DC",1953,2026,23.9407407407407,19.4357176998207,84.3,2012-04-29,13.2,646.1,2007-10-06,NA
"6158733","TORONTO+LESTER+B.+PEARSON+INT","04-30","DC",1953,2026,25.262962962963,20.7930674125212,86.9,2012-04-30,16,646.1,2007-10-06,NA
"6158733","TORONTO+LESTER+B.+PEARSON+INT","05-01","DC",1953,2026,27.3888888888889,19.9511390330965,74.5,1968-05-01,20.1,646.1,2007-10-06,NA
"6158733","TORONTO+LESTER+B.+PEARSON+INT","05-02","DC",1953,2026,29.3962962962963,21.1285348700516,79.5,2010-05-02,23.8,646.1,2007-10-06,NA
"6158733","TORONTO+LESTER+B.+PEARSON+INT","05-03","DC",1953,2026,31.6555555555556,22.0775788341812,86,2010-05-03,28.5,646.1,2007-10-06,NA
"6158733","TORONTO+LESTER+B.+PEARSON+INT","05-04","DC",1953,2026,33.8037037037037,21.6384714638869,92,2010-05-04,34.5,646.1,2007-10-06,NA
"6158733","TORONTO+LESTER+B.+PEARSON+INT","05-05","DC",1953,2026,36.3592592592593,23.4348894937451,99.1,2010-05-05,39.8,646.1,2007-10-06,NA
"6158733","TORONTO+LESTER+B.+PEARSON+INT","05-06","DC",1953,2026,38.7821428571429,24.0858811196969,95.9,2010-05-06,36.9,646.1,2007-10-06,NA
"6158733","TORONTO+LESTER+B.+PEARSON+INT","05-07","DC",1953,2026,43.425,24.8981573764152,100.4,2010-05-07,40.9,646.1,2007-10-06,NA
"6158733","TORONTO+LESTER+B.+PEARSON+INT","05-08","DC",1953,2026,44.7034482758621,22.1049199882001,103.7,1987-05-08,45,646.1,2007-10-06,NA
"6158733","TORONTO+LESTER+B.+PEARSON+INT","05-09","DC",1953,2026,47.3551724137931,22.9932845197228,110.6,1987-05-09,50.3,646.1,2007-10-06,NA
"6158733","TORONTO+LESTER+B.+PEARSON+INT","05-10","DC",1953,2026,46.1896551724138,22.6420806847337,116.7,1987-05-10,54.8,646.1,2007-10-06,NA
"6158733","TORONTO+LESTER+B.+PEARSON+INT","05-11","DC",1953,2026,47.6448275862069,23.3458406544307,124.2,1987-05-11,59.2,646.1,2007-10-06,NA
"6158733","TORONTO+LESTER+B.+PEARSON+INT","05-12","DC",1953,2026,47.6724137931035,25.0119099709336,128.9,1987-05-12,63.6,646.1,2007-10-06,NA
"6158733","TORONTO+LESTER+B.+PEARSON+INT","05-13","DC",1953,2026,51.525,25.7310250116109,134.1,1987-05-13,42.9,646.1,2007-10-06,NA
"6158733","TORONTO+LESTER+B.+PEARSON+INT","05-14","DC",1953,2026,55.2413793103448,26.2359828866684,127.9,1987-05-14,46.9,646.1,2007-10-06,NA
"6158733","TORONTO+LESTER+B.+PEARSON+INT","05-15","DC",1953,2026,53.6633333333333,29.3172243515337,132.7,1987-05-15,52.8,646.1,2007-10-06,NA
"6158733","TORONTO+LESTER+B.+PEARSON+INT","05-16","DC",1953,2026,54.11,30.375549945355,138,1987-05-16,58.3,646.1,2007-10-06,NA
"6158733","TORONTO+LESTER+B.+PEARSON+INT","05-17","DC",1953,2026,54.82,32.1061966303853,145.8,1962-05-17,65.2,646.1,2007-10-06,NA
"6158733","TORONTO+LESTER+B.+PEARSON+INT","05-18","DC",1953,2026,57.04,32.8217190497285,153.9,1962-05-18,72.4,646.1,2007-10-06,NA
"6158733","TORONTO+LESTER+B.+PEARSON+INT","05-19","DC",1953,2026,60.83,33.7343286732445,161.6,1962-05-19,79.9,646.1,2007-10-06,NA
"6158733","TORONTO+LESTER+B.+PEARSON+INT","05-20","DC",1953,2026,64.4133333333333,35.960982048396,169,1962-05-20,85.3,646.1,2007-10-06,NA
"6158733","TORONTO+LESTER+B.+PEARSON+INT","05-21","DC",1953,2026,68.49,36.6763040103834,174.9,1962-05-21,89.9,646.1,2007-10-06,NA
"6158733","TORONTO+LESTER+B.+PEARSON+INT","05-22","DC",1953,2026,71.4333333333333,35.0936317371934,180.7,1962-05-22,95,646.1,2007-10-06,NA
"6158733","TORONTO+LESTER+B.+PEARSON+INT","05-23","DC",1953,2026,73.6433333333333,36.1574782014047,181.9,1962-05-23,99,646.1,2007-10-06,NA
"6158733","TORONTO+LESTER+B.+PEARSON+INT","05-24","DC",1953,2026,74.9066666666667,39.7934662227732,187.6,1962-05-24,22.9,646.1,2007-10-06,NA
"6158733","TORONTO+LESTER+B.+PEARSON+INT","05-25","DC",1953,2026,79.44,40.0453415431851,193.4,1962-05-25,29,646.1,2007-10-06,NA
"6158733","TORONTO+LESTER+B.+PEARSON+INT","05-26","DC",1953,2026,77.2266666666667,44.3314548042073,199,1962-05-26,36.3,646.1,2007-10-06,NA
"6158733","TORONTO+LESTER+B.+PEARSON+INT","05-27","DC",1953,2026,82.8233333333333,44.9769571909986,204.4,1962-05-27,42.8,646.1,2007-10-06,NA
"6158733","TORONTO+LESTER+B.+PEARSON+INT","05-28","DC",1953,2026,83.5333333333333,46.7612817538652,210.5,1962-05-28,48.5,646.1,2007-10-06,NA
"6158733","TORONTO+LESTER+B.+PEARSON+INT","05-29","DC",1953,2026,85.8566666666667,46.5010692004131,216.7,1962-05-29,55.1,646.1,2007-10-06,NA
"6158733","TORONTO+LESTER+B.+PEARSON+INT","05-30","DC",1953,2026,91.36,47.2741060565747,224,1962-05-30,60.6,646.1,2007-10-06,NA
"6158733","TORONTO+LESTER+B.+PEARSON+INT","05-31","DC",1953,2026,91.8766666666667,44.8532833022122,230.3,1962-05-31,67,646.1,2007-10-06,NA
"6158733","TORONTO+LESTER+B.+PEARSON+INT","06-01","DC",1953,2026,93.5466666666667,43.5664592067808,237.3,1962-06-01,73.6,646.1,2007-10-06,NA
"6158733","TORONTO+LESTER+B.+PEARSON+INT","06-02","DC",1953,2026,96.0633333333333,40.7408080035437,243.2,1962-06-02,81.4,646.1,2007-10-06,NA
"6158733","TORONTO+LESTER+B.+PEARSON+INT","06-03","DC",1953,2026,98.11,38.6262671926939,249.9,1962-06-03,89.8,646.1,2007-10-06,NA
"6158733","TORONTO+LESTER+B.+PEARSON+INT","06-04","DC",1953,2026,102.296666666667,39.0189386671735,242.4,1962-06-04,98.4,646.1,2007-10-06,NA
"6158733","TORONTO+LESTER+B.+PEARSON+INT","06-05","DC",1953,2026,104.63,40.4367974276759,249,1962-06-05,107.1,646.1,2007-10-06,NA
"6158733","TORONTO+LESTER+B.+PEARSON+INT","06-06","DC",1953,2026,108.493333333333,40.5512271452851,256.4,1962-06-06,102.2,646.1,2007-10-06,NA
"6158733","TORONTO+LESTER+B.+PEARSON+INT","06-07","DC",1953,2026,112.06,42.9505377108968,264,1962-06-07,109.5,646.1,2007-10-06,NA
"6158733","TORONTO+LESTER+B.+PEARSON+INT","06-08","DC",1953,2026,116.703333333333,43.4902326199037,271.7,1962-06-08,116.9,646.1,2007-10-06,NA
"6158733","TORONTO+LESTER+B.+PEARSON+INT","06-09","DC",1953,2026,119.876666666667,47.5046399427672,279.5,1962-06-09,124.1,646.1,2007-10-06,NA
"6158733","TORONTO+LESTER+B.+PEARSON+INT","06-10","DC",1953,2026,123.47,47.8039902388767,266.1,1987-06-10,123.8,646.1,2007-10-06,NA
"6158733","TORONTO+LESTER+B.+PEARSON+INT","06-11","DC",1953,2026,123.216666666667,50.4653727874343,273.5,1987-06-11,132.6,646.1,2007-10-06,NA
"6158733","TORONTO+LESTER+B.+PEARSON+INT","06-12","DC",1953,2026,126.273333333333,50.1151703464188,281.8,1987-06-12,140.6,646.1,2007-10-06,NA
"6158733","TORONTO+LESTER+B.+PEARSON+INT","06-13","DC",1953,2026,128.583333333333,56.2636042297287,288.8,1987-06-13,149,646.1,2007-10-06,NA
"6158733","TORONTO+LESTER+B.+PEARSON+INT","06-14","DC",1953,2026,129.553333333333,57.6992125287407,297.9,1987-06-14,155.4,646.1,2007-10-06,NA
"6158733","TORONTO+LESTER+B.+PEARSON+INT","06-15","DC",1953,2026,133.416666666667,53.4319488781716,306.4,1987-06-15,136.1,646.1,2007-10-06,NA
"6158733","TORONTO+LESTER+B.+PEARSON+INT","06-16","DC",1953,2026,136.573333333333,55.4638927798874,315.2,1987-06-16,143.8,646.1,2007-10-06,NA
"6158733","TORONTO+LESTER+B.+PEARSON+INT","06-17","DC",1953,2026,141.703333333333,56.2381296798272,322.5,1987-06-17,150.7,646.1,2007-10-06,NA
"6158733","TORONTO+LESTER+B.+PEARSON+INT","06-18","DC",1953,2026,144.7,57.3001293854229,330.3,1987-06-18,61.5,646.1,2007-10-06,NA
"6158733","TORONTO+LESTER+B.+PEARSON+INT","06-19","DC",1953,2026,150.556666666667,58.4575217621711,339.2,1987-06-19,63,646.1,2007-10-06,NA
"6158733","TORONTO+LESTER+B.+PEARSON+INT","06-20","DC",1953,2026,154.226666666667,59.3950011442002,346.7,1987-06-20,70.3,646.1,2007-10-06,NA
"6158733","TORONTO+LESTER+B.+PEARSON+INT","06-21","DC",1953,2026,157.006666666667,65.3585228240902,354.6,1987-06-21,77.8,646.1,2007-10-06,NA
"6158733","TORONTO+LESTER+B.+PEARSON+INT","06-22","DC",1953,2026,161.24,66.3247839462538,326.6,1958-06-22,84.6,646.1,2007-10-06,NA
"6158733","TORONTO+LESTER+B.+PEARSON+INT","06-23","DC",1953,2026,163.54,68.9054304451223,334,1958-06-23,92.1,646.1,2007-10-06,NA
"6158733","TORONTO+LESTER+B.+PEARSON+INT","06-24","DC",1953,2026,164.59,69.3121293559942,341.4,1958-06-24,99.7,646.1,2007-10-06,NA
"6158733","TORONTO+LESTER+B.+PEARSON+INT","06-25","DC",1953,2026,165.103333333333,70.734254898825,315.4,1958-06-25,106.2,646.1,2007-10-06,NA
"6158733","TORONTO+LESTER+B.+PEARSON+INT","06-26","DC",1953,2026,170.393333333333,72.0171097167473,322.6,1958-06-26,94.7,646.1,2007-10-06,NA
"6158733","TORONTO+LESTER+B.+PEARSON+INT","06-27","DC",1953,2026,174.876666666667,70.0676406365151,329.8,1958-06-27,102.4,646.1,2007-10-06,NA
"6158733","TORONTO+LESTER+B.+PEARSON+INT","06-28","DC",1953,2026,174.843333333333,79.6523033990958,337.6,1958-06-28,110.4,646.1,2007-10-06,NA
"6158733","TORONTO+LESTER+B.+PEARSON+INT","06-29","DC",1953,2026,174.406666666667,84.099468747895,346.1,1958-06-29,118.8,646.1,2007-10-06,NA
"6158733","TORONTO+LESTER+B.+PEARSON+INT","06-30","DC",1953,2026,177.983333333333,83.4514729248881,354.7,1958-06-30,127.8,646.1,2007-10-06,NA
"6158733","TORONTO+LESTER+B.+PEARSON+INT","07-01","DC",1953,2026,181.12,84.470269815827,363.6,1958-07-01,137.7,646.1,2007-10-06,NA
"6158733","TORONTO+LESTER+B.+PEARSON+INT","07-02","DC",1953,2026,187.796666666667,84.4100969746177,372.7,1958-07-02,147.4,646.1,2007-10-06,NA
"6158733","TORONTO+LESTER+B.+PEARSON+INT","07-03","DC",1953,2026,194.203333333333,83.1647491774437,346.6,2005-07-03,157.1,646.1,2007-10-06,NA
"6158733","TORONTO+LESTER+B.+PEARSON+INT","07-04","DC",1953,2026,201.026666666667,83.3832983083639,355.5,2005-07-04,154.6,646.1,2007-10-06,NA
"6158733","TORONTO+LESTER+B.+PEARSON+INT","07-05","DC",1953,2026,204.693333333333,81.5357333694372,363.5,2005-07-05,132.1,646.1,2007-10-06,NA
"6158733","TORONTO+LESTER+B.+PEARSON+INT","07-06","DC",1953,2026,208.233333333333,82.0038574926702,372,2016-07-06,140.3,646.1,2007-10-06,NA
"6158733","TORONTO+LESTER+B.+PEARSON+INT","07-07","DC",1953,2026,208.64,83.8386899410677,380.9,2016-07-07,148.5,646.1,2007-10-06,NA
"6158733","TORONTO+LESTER+B.+PEARSON+INT","07-08","DC",1953,2026,208.816666666667,87.4579350447908,389.1,2016-07-08,157.3,646.1,2007-10-06,NA
"6158733","TORONTO+LESTER+B.+PEARSON+INT","07-09","DC",1953,2026,209.673333333333,93.2539393023281,397.1,2016-07-09,166.1,646.1,2007-10-06,NA
"6158733","TORONTO+LESTER+B.+PEARSON+INT","07-10","DC",1953,2026,215.26,92.7520335310118,406,2005-07-10,158.7,646.1,2007-10-06,NA
"6158733","TORONTO+LESTER+B.+PEARSON+INT","07-11","DC",1953,2026,218.106666666667,91.1510377239937,415.6,2005-07-11,166.9,646.1,2007-10-06,NA
"6158733","TORONTO+LESTER+B.+PEARSON+INT","07-12","DC",1953,2026,222.15,91.623742405633,425.3,2005-07-12,175.3,646.1,2007-10-06,NA
"6158733","TORONTO+LESTER+B.+PEARSON+INT","07-13","DC",1953,2026,227.073333333333,92.8417858262232,434.9,2005-07-13,184.5,646.1,2007-10-06,NA
"6158733","TORONTO+LESTER+B.+PEARSON+INT","07-14","DC",1953,2026,229.803333333333,94.0185032534713,444.2,2005-07-14,194.4,646.1,2007-10-06,NA
"6158733","TORONTO+LESTER+B.+PEARSON+INT","07-15","DC",1953,2026,234.176666666667,95.6815143870659,453,2005-07-15,202.6,646.1,2007-10-06,NA
"6158733","TORONTO+LESTER+B.+PEARSON+INT","07-16","DC",1953,2026,240.346666666667,95.9066095069909,462,2005-07-16,211.6,646.1,2007-10-06,NA
"6158733","TORONTO+LESTER+B.+PEARSON+INT","07-17","DC",1953,2026,244.18,96.6429668133318,460.5,2005-07-17,219.6,646.1,2007-10-06,NA
"6158733","TORONTO+LESTER+B.+PEARSON+INT","07-18","DC",1953,2026,246.906666666667,101.664149356436,462.5,2005-07-18,227.4,646.1,2007-10-06,NA
"6158733","TORONTO+LESTER+B.+PEARSON+INT","07-19","DC",1953,2026,249.143333333333,102.804215274282,471.4,2005-07-19,222.1,646.1,2007-10-06,NA
"6158733","TORONTO+LESTER+B.+PEARSON+INT","07-20","DC",1953,2026,249.876666666667,108.22331855086,480.2,2005-07-20,230.1,646.1,2007-10-06,NA
"6158733","TORONTO+LESTER+B.+PEARSON+INT","07-21","DC",1953,2026,253.626666666667,111.463991195961,489.3,2005-07-21,232.8,646.1,2007-10-06,NA
"6158733","TORONTO+LESTER+B.+PEARSON+INT","07-22","DC",1953,2026,255.053333333333,110.592257424735,498.3,2005-07-22,217,646.1,2007-10-06,NA
"6158733","TORONTO+LESTER+B.+PEARSON+INT","07-23","DC",1953,2026,247.986666666667,111.83898133981,507.2,2005-07-23,225,646.1,2007-10-06,NA
"6158733","TORONTO+LESTER+B.+PEARSON+INT","07-24","DC",1953,2026,251.456666666667,111.184449679686,515,2005-07-24,233,646.1,2007-10-06,NA
"6158733","TORONTO+LESTER+B.+PEARSON+INT","07-25","DC",1953,2026,256.046666666667,109.626367748581,524.6,2005-07-25,241.2,646.1,2007-10-06,NA
"6158733","TORONTO+LESTER+B.+PEARSON+INT","07-26","DC",1953,2026,257.146666666667,110.928662175084,533.2,2005-07-26,249.5,646.1,2007-10-06,NA
"6158733","TORONTO+LESTER+B.+PEARSON+INT","07-27","DC",1953,2026,260.993333333333,109.848660573923,521.8,2005-07-27,258.1,646.1,2007-10-06,NA
"6158733","TORONTO+LESTER+B.+PEARSON+INT","07-28","DC",1953,2026,259.39,110.674793410929,521,2005-07-28,211,646.1,2007-10-06,NA
"6158733","TORONTO+LESTER+B.+PEARSON+INT","07-29","DC",1953,2026,263.846666666667,110.840465451969,529.5,2005-07-29,219.4,646.1,2007-10-06,NA
"6158733","TORONTO+LESTER+B.+PEARSON+INT","07-30","DC",1953,2026,267.746666666667,112.16180041023,526.3,2005-07-30,228,646.1,2007-10-06,NA
"6158733","TORONTO+LESTER+B.+PEARSON+INT","07-31","DC",1953,2026,268.536666666667,110.821448451018,534.7,2005-07-31,236.8,646.1,2007-10-06,NA
"6158733","TORONTO+LESTER+B.+PEARSON+INT","08-01","DC",1953,2026,266.816666666667,115.455986787422,533.1,2005-08-01,244.7,646.1,2007-10-06,NA
"6158733","TORONTO+LESTER+B.+PEARSON+INT","08-02","DC",1953,2026,269.67,113.54799122109,540.5,2005-08-02,238.7,646.1,2007-10-06,NA
"6158733","TORONTO+LESTER+B.+PEARSON+INT","08-03","DC",1953,2026,258.913333333333,102.429540907761,497,1959-08-03,194.6,646.1,2007-10-06,NA
"6158733","TORONTO+LESTER+B.+PEARSON+INT","08-04","DC",1953,2026,256.63,103.994486425467,506.2,1959-08-04,202.4,646.1,2007-10-06,NA
"6158733","TORONTO+LESTER+B.+PEARSON+INT","08-05","DC",1953,2026,255.916666666667,108.478509180496,504.6,1959-08-05,210.4,646.1,2007-10-06,NA
"6158733","TORONTO+LESTER+B.+PEARSON+INT","08-06","DC",1953,2026,261.236666666667,108.459903550395,513,1959-08-06,218.4,646.1,2007-10-06,NA
"6158733","TORONTO+LESTER+B.+PEARSON+INT","08-07","DC",1953,2026,264.273333333333,107.577006687378,512.3,1959-08-07,173.1,646.1,2007-10-06,NA
"6158733","TORONTO+LESTER+B.+PEARSON+INT","08-08","DC",1953,2026,264.373333333333,111.464668697377,521,1959-08-08,NA,646.1,2007-10-06,NA
"6158733","TORONTO+LESTER+B.+PEARSON+INT","08-09","DC",1953,2026,270.183333333333,112.408310784093,524.1,1955-08-09,NA,646.1,2007-10-06,NA
"6158733","TORONTO+LESTER+B.+PEARSON+INT","08-10","DC",1953,2026,267.576666666667,120.371418544017,530.6,2016-08-10,NA,646.1,2007-10-06,NA
"6158733","TORONTO+LESTER+B.+PEARSON+INT","08-11","DC",1953,2026,267.023333333333,121.039032414408,539.4,2016-08-11,NA,646.1,2007-10-06,NA
"6158733","TORONTO+LESTER+B.+PEARSON+INT","08-12","DC",1953,2026,265.603333333333,122.160190149947,548.3,2016-08-12,NA,646.1,2007-10-06,NA
"6158733","TORONTO+LESTER+B.+PEARSON+INT","08-13","DC",1953,2026,269.743333333333,121.514987534058,556.5,2016-08-13,NA,646.1,2007-10-06,NA
"6158733","TORONTO+LESTER+B.+PEARSON+INT","08-14","DC",1953,2026,269.203333333333,115.810902599537,545.4,1959-08-14,NA,646.1,2007-10-06,NA
"6158733","TORONTO+LESTER+B.+PEARSON+INT","08-15","DC",1953,2026,272.4,112.059426968077,493,2001-08-15,NA,646.1,2007-10-06,NA
"6158733","TORONTO+LESTER+B.+PEARSON+INT","08-16","DC",1953,2026,275.523333333333,111.926649882961,553.5,1959-08-16,NA,646.1,2007-10-06,NA
"6158733","TORONTO+LESTER+B.+PEARSON+INT","08-17","DC",1953,2026,280.23,110.778107354141,494.6,1958-08-17,NA,646.1,2007-10-06,NA
"6158733","TORONTO+LESTER+B.+PEARSON+INT","08-18","DC",1953,2026,283.576666666667,111.531052374118,561.1,1959-08-18,NA,646.1,2007-10-06,NA
"6158733","TORONTO+LESTER+B.+PEARSON+INT","08-19","DC",1953,2026,287.67,110.311262281813,508.1,1958-08-19,NA,646.1,2007-10-06,NA
"6158733","TORONTO+LESTER+B.+PEARSON+INT","08-20","DC",1953,2026,282.203333333333,97.7358914179656,569.7,1959-08-20,NA,646.1,2007-10-06,NA
"6158733","TORONTO+LESTER+B.+PEARSON+INT","08-21","DC",1953,2026,281.926666666667,100.056856020873,502.8,1959-08-21,NA,646.1,2007-10-06,NA
"6158733","TORONTO+LESTER+B.+PEARSON+INT","08-22","DC",1953,2026,282.21,102.277102807132,544.5,1959-08-22,NA,646.1,2007-10-06,NA
"6158733","TORONTO+LESTER+B.+PEARSON+INT","08-23","DC",1953,2026,286.27,101.666832994023,510.1,1959-08-23,NA,646.1,2007-10-06,NA
"6158733","TORONTO+LESTER+B.+PEARSON+INT","08-24","DC",1953,2026,293.53,101.860676145545,552.8,1959-08-24,NA,646.1,2007-10-06,NA
"6158733","TORONTO+LESTER+B.+PEARSON+INT","08-25","DC",1953,2026,298.47,99.7189988123524,525.4,2007-08-25,NA,646.1,2007-10-06,NA
"6158733","TORONTO+LESTER+B.+PEARSON+INT","08-26","DC",1953,2026,300.693333333333,98.9243177569507,509.8,2007-08-26,NA,646.1,2007-10-06,NA
"6158733","TORONTO+LESTER+B.+PEARSON+INT","08-27","DC",1953,2026,303.766666666667,102.926452929476,517.1,2007-08-27,NA,646.1,2007-10-06,NA
"6158733","TORONTO+LESTER+B.+PEARSON+INT","08-28","DC",1953,2026,304.486666666667,109.169266653254,525,2007-08-28,NA,646.1,2007-10-06,NA
"6158733","TORONTO+LESTER+B.+PEARSON+INT","08-29","DC",1953,2026,308.946666666667,111.902364257583,533.9,2007-08-29,NA,646.1,2007-10-06,NA
"6158733","TORONTO+LESTER+B.+PEARSON+INT","08-30","DC",1953,2026,313.833333333333,113.608430155067,540.8,2007-08-30,NA,646.1,2007-10-06,NA
"6158733","TORONTO+LESTER+B.+PEARSON+INT","08-31","DC",1953,2026,317.093333333333,114.336047151198,548.3,2007-08-31,NA,646.1,2007-10-06,NA
"6158733","TORONTO+LESTER+B.+PEARSON+INT","09-01","DC",1953,2026,322.74,114.251379226565,553.9,2007-09-01,NA,646.1,2007-10-06,NA
"6158733","TORONTO+LESTER+B.+PEARSON+INT","09-02","DC",1953,2026,325.093333333333,114.252877224265,559.9,2007-09-02,NA,646.1,2007-10-06,NA
"6158733","TORONTO+LESTER+B.+PEARSON+INT","09-03","DC",1953,2026,323.906666666667,116.027567869654,566.9,2007-09-03,NA,646.1,2007-10-06,NA
"6158733","TORONTO+LESTER+B.+PEARSON+INT","09-04","DC",1953,2026,326.773333333333,116.147331922191,572.3,2007-09-04,NA,646.1,2007-10-06,NA
"6158733","TORONTO+LESTER+B.+PEARSON+INT","09-05","DC",1953,2026,324.656666666667,113.969628995331,550.6,2002-09-05,NA,646.1,2007-10-06,NA
"6158733","TORONTO+LESTER+B.+PEARSON+INT","09-06","DC",1953,2026,320.333333333333,109.518495787425,556.8,2002-09-06,NA,646.1,2007-10-06,NA
"6158733","TORONTO+LESTER+B.+PEARSON+INT","09-07","DC",1953,2026,319.276666666667,115.736304569492,563.5,2002-09-07,NA,646.1,2007-10-06,NA
"6158733","TORONTO+LESTER+B.+PEARSON+INT","09-08","DC",1953,2026,313.53,116.260439353293,570.9,2002-09-08,NA,646.1,2007-10-06,NA
"6158733","TORONTO+LESTER+B.+PEARSON+INT","09-09","DC",1953,2026,312.64,120.708076466067,578.5,2002-09-09,NA,646.1,2007-10-06,NA
"6158733","TORONTO+LESTER+B.+PEARSON+INT","09-10","DC",1953,2026,312.373333333333,120.099892139644,586.3,2002-09-10,NA,646.1,2007-10-06,NA
"6158733","TORONTO+LESTER+B.+PEARSON+INT","09-11","DC",1953,2026,310.626666666667,123.519416129285,591.8,2002-09-11,NA,646.1,2007-10-06,NA
"6158733","TORONTO+LESTER+B.+PEARSON+INT","09-12","DC",1953,2026,313.693333333333,124.900823920789,597.5,2002-09-12,NA,646.1,2007-10-06,NA
"6158733","TORONTO+LESTER+B.+PEARSON+INT","09-13","DC",1953,2026,312.933333333333,127.283049588874,604.1,2002-09-13,NA,646.1,2007-10-06,NA
"6158733","TORONTO+LESTER+B.+PEARSON+INT","09-14","DC",1953,2026,313.573333333333,129.311742895124,610.3,2002-09-14,NA,646.1,2007-10-06,NA
"6158733","TORONTO+LESTER+B.+PEARSON+INT","09-15","DC",1953,2026,312.056666666667,125.068951143879,554.8,2001-09-15,NA,646.1,2007-10-06,NA
"6158733","TORONTO+LESTER+B.+PEARSON+INT","09-16","DC",1953,2026,313.8,123.946484558792,560.2,2001-09-16,NA,646.1,2007-10-06,NA
"6158733","TORONTO+LESTER+B.+PEARSON+INT","09-17","DC",1953,2026,314.086666666667,126.056004885987,565.8,2001-09-17,NA,646.1,2007-10-06,NA
"6158733","TORONTO+LESTER+B.+PEARSON+INT","09-18","DC",1953,2026,316.52,129.626999103396,571.4,2001-09-18,NA,646.1,2007-10-06,NA
"6158733","TORONTO+LESTER+B.+PEARSON+INT","09-19","DC",1953,2026,318.55,129.904070043217,576.6,2001-09-19,NA,646.1,2007-10-06,NA
"6158733","TORONTO+LESTER+B.+PEARSON+INT","09-20","DC",1953,2026,313.463333333333,123.046687195898,567.2,2002-09-20,NA,646.1,2007-10-06,NA
"6158733","TORONTO+LESTER+B.+PEARSON+INT","09-21","DC",1953,2026,315.803333333333,122.942746650719,566.6,2007-09-21,NA,646.1,2007-10-06,NA
"6158733","TORONTO+LESTER+B.+PEARSON+INT","09-22","DC",1953,2026,311.57,127.860835312837,572.5,2007-09-22,NA,646.1,2007-10-06,NA
"6158733","TORONTO+LESTER+B.+PEARSON+INT","09-23","DC",1953,2026,309.3,127.101542354786,578.2,2007-09-23,NA,646.1,2007-10-06,NA
"6158733","TORONTO+LESTER+B.+PEARSON+INT","09-24","DC",1953,2026,311.193333333333,128.250761732855,584.2,2007-09-24,NA,646.1,2007-10-06,NA
"6158733","TORONTO+LESTER+B.+PEARSON+INT","09-25","DC",1953,2026,312.746666666667,126.567312698335,591.4,2007-09-25,NA,646.1,2007-10-06,NA
"6158733","TORONTO+LESTER+B.+PEARSON+INT","09-26","DC",1953,2026,314.126666666667,127.127220920032,596.9,2007-09-26,NA,646.1,2007-10-06,NA
"6158733","TORONTO+LESTER+B.+PEARSON+INT","09-27","DC",1953,2026,312.243333333333,130.214180813986,601.6,2007-09-27,NA,646.1,2007-10-06,NA
"6158733","TORONTO+LESTER+B.+PEARSON+INT","09-28","DC",1953,2026,309.176666666667,126.690006364526,607,2007-09-28,NA,646.1,2007-10-06,NA
"6158733","TORONTO+LESTER+B.+PEARSON+INT","09-29","DC",1953,2026,300.846666666667,123.886512954212,611.9,2007-09-29,NA,646.1,2007-10-06,NA
"6158733","TORONTO+LESTER+B.+PEARSON+INT","09-30","DC",1953,2026,299.966666666667,121.0422477779,617.3,2007-09-30,NA,646.1,2007-10-06,NA
"6158733","TORONTO+LESTER+B.+PEARSON+INT","10-01","DC",1953,2026,297.48,122.373586850352,622.5,2007-10-01,NA,646.1,2007-10-06,NA
"6158733","TORONTO+LESTER+B.+PEARSON+INT","10-02","DC",1953,2026,297.586666666667,122.216804909549,626.4,2007-10-02,NA,646.1,2007-10-06,NA
"6158733","TORONTO+LESTER+B.+PEARSON+INT","10-03","DC",1953,2026,296.806666666667,123.597204335455,631.3,2007-10-03,NA,646.1,2007-10-06,NA
"6158733","TORONTO+LESTER+B.+PEARSON+INT","10-04","DC",1953,2026,294.723333333333,124.077322064005,635.9,2007-10-04,NA,646.1,2007-10-06,NA
"6158733","TORONTO+LESTER+B.+PEARSON+INT","10-05","DC",1953,2026,289.276666666667,126.436342667472,640.7,2007-10-05,NA,646.1,2007-10-06,NA
"6158733","TORONTO+LESTER+B.+PEARSON+INT","10-06","DC",1953,2026,285.763333333333,127.272949921062,646.1,2007-10-06,NA,646.1,2007-10-06,NA
"6158733","TORONTO+LESTER+B.+PEARSON+INT","10-07","DC",1953,2026,282.826666666667,118.08865440359,588.3,2007-10-07,NA,646.1,2007-10-06,NA
"6158733","TORONTO+LESTER+B.+PEARSON+INT","10-08","DC",1953,2026,284.67,118.211324943203,594.2,2007-10-08,NA,646.1,2007-10-06,NA
"6158733","TORONTO+LESTER+B.+PEARSON+INT","10-09","DC",1953,2026,281.993333333333,119.099135563421,597.9,2007-10-09,NA,646.1,2007-10-06,NA
"6158733","TORONTO+LESTER+B.+PEARSON+INT","10-10","DC",1953,2026,282.953333333333,119.738734934348,586.3,2007-10-10,NA,646.1,2007-10-06,NA
"6158733","TORONTO+LESTER+B.+PEARSON+INT","10-11","DC",1953,2026,285.046666666667,118.358062043,574,2007-10-11,NA,646.1,2007-10-06,NA
"6158733","TORONTO+LESTER+B.+PEARSON+INT","10-12","DC",1953,2026,284.3,119.317874488334,576.5,2007-10-12,NA,646.1,2007-10-06,NA
"6158733","TORONTO+LESTER+B.+PEARSON+INT","10-13","DC",1953,2026,280.473333333333,120.525590166808,579.2,2007-10-13,NA,646.1,2007-10-06,NA
"6158733","TORONTO+LESTER+B.+PEARSON+INT","10-14","DC",1953,2026,279.96,122.159425511826,582.3,2007-10-14,NA,646.1,2007-10-06,NA
"6158733","TORONTO+LESTER+B.+PEARSON+INT","10-15","DC",1953,2026,277.923333333333,124.595980682761,585.2,2007-10-15,NA,646.1,2007-10-06,NA
"6158733","TORONTO+LESTER+B.+PEARSON+INT","10-16","DC",1953,2026,273.316666666667,123.179739946687,587.9,2007-10-16,NA,646.1,2007-10-06,NA
"6158733","TORONTO+LESTER+B.+PEARSON+INT","10-17","DC",1953,2026,271.79,124.635001864064,591.6,2007-10-17,NA,646.1,2007-10-06,NA
"6158733","TORONTO+LESTER+B.+PEARSON+INT","10-18","DC",1953,2026,268.493333333333,128.48582353931,595.3,2007-10-18,NA,646.1,2007-10-06,NA
"6158733","TORONTO+LESTER+B.+PEARSON+INT","10-19","DC",1953,2026,266.986666666667,128.961776570005,599.9,2007-10-19,NA,646.1,2007-10-06,NA
"6158733","TORONTO+LESTER+B.+PEARSON+INT","10-20","DC",1953,2026,262.41,134.159481395375,603.5,2007-10-20,NA,646.1,2007-10-06,NA
"6158733","TORONTO+LESTER+B.+PEARSON+INT","10-21","DC",1953,2026,263.11,133.969698967264,608.5,2007-10-21,NA,646.1,2007-10-06,NA
"6158733","TORONTO+LESTER+B.+PEARSON+INT","10-22","DC",1953,2026,262.596666666667,133.005067270162,613.7,2007-10-22,NA,646.1,2007-10-06,NA
"6158733","TORONTO+LESTER+B.+PEARSON+INT","10-23","DC",1953,2026,259.98,130.701632842081,572.6,2007-10-23,NA,646.1,2007-10-06,NA
"6158733","TORONTO+LESTER+B.+PEARSON+INT","10-24","DC",1953,2026,257.486666666667,129.279866777557,542.5,2007-10-24,NA,646.1,2007-10-06,NA
"6158733","TORONTO+LESTER+B.+PEARSON+INT","10-25","DC",1953,2026,256.823333333333,128.142062015059,545,2007-10-25,NA,646.1,2007-10-06,NA
"6158733","TORONTO+LESTER+B.+PEARSON+INT","10-26","DC",1953,2026,254.16,126.285766801139,548.4,2007-10-26,NA,646.1,2007-10-06,NA
"6158733","TORONTO+LESTER+B.+PEARSON+INT","10-27","DC",1953,2026,248.063333333333,125.997505403147,533.6,2007-10-27,NA,646.1,2007-10-06,NA
"6158733","TORONTO+LESTER+B.+PEARSON+INT","10-28","DC",1953,2026,245.743333333333,126.794611773185,535.8,2007-10-28,NA,646.1,2007-10-06,NA
"6158733","TORONTO+LESTER+B.+PEARSON+INT","10-29","DC",1953,2026,244.033333333333,128.095119111658,538.8,2007-10-29,NA,646.1,2007-10-06,NA
"6158733","TORONTO+LESTER+B.+PEARSON+INT","10-30","DC",1953,2026,245.03,129.546242975107,541.9,2007-10-30,NA,646.1,2007-10-06,NA
"6158733","TORONTO+LESTER+B.+PEARSON+INT","10-31","DC",1953,2026,242.046666666667,130.782922889574,545.8,2007-10-31,NA,646.1,2007-10-06,NA
"6158733","TORONTO+LESTER+B.+PEARSON+INT","04-01","DMC",1953,2026,10.85,8.89497361185268,29.7,1999-04-01,1,133,1966-07-26,NA
"6158733","TORONTO+LESTER+B.+PEARSON+INT","04-02","DMC",1953,2026,10.81,8.63885923539034,29.8,1999-04-02,1,133,1966-07-26,NA
"6158733","TORONTO+LESTER+B.+PEARSON+INT","04-03","DMC",1953,2026,10.3454545454545,8.69003609156644,30.6,1999-04-03,1.6,133,1966-07-26,NA
"6158733","TORONTO+LESTER+B.+PEARSON+INT","04-04","DMC",1953,2026,10.1272727272727,9.23613457124688,31.3,1999-04-04,0.6,133,1966-07-26,NA
"6158733","TORONTO+LESTER+B.+PEARSON+INT","04-05","DMC",1953,2026,10.5,9.51546110285781,32.1,1999-04-05,0.4,133,1966-07-26,NA
"6158733","TORONTO+LESTER+B.+PEARSON+INT","04-06","DMC",1953,2026,9.06153846153846,7.34989098122533,25.8,1999-04-06,1,133,1966-07-26,NA
"6158733","TORONTO+LESTER+B.+PEARSON+INT","04-07","DMC",1953,2026,9.58571428571429,7.70872204742106,27.1,1999-04-07,0.5,133,1966-07-26,NA
"6158733","TORONTO+LESTER+B.+PEARSON+INT","04-08","DMC",1953,2026,8.65,8.76599636708186,28.6,1999-04-08,0.8,133,1966-07-26,NA
"6158733","TORONTO+LESTER+B.+PEARSON+INT","04-09","DMC",1953,2026,8.56666666666666,8.69972632300799,29.2,1999-04-09,2,133,1966-07-26,NA
"6158733","TORONTO+LESTER+B.+PEARSON+INT","04-10","DMC",1953,2026,8.8,8.5284621513299,30.3,1999-04-10,0.6,133,1966-07-26,NA
"6158733","TORONTO+LESTER+B.+PEARSON+INT","04-11","DMC",1953,2026,8.275,7.12418416381834,29.9,2012-04-11,0.9,133,1966-07-26,NA
"6158733","TORONTO+LESTER+B.+PEARSON+INT","04-12","DMC",1953,2026,8.31875,7.56255853971833,31.2,2012-04-12,1.1,133,1966-07-26,NA
"6158733","TORONTO+LESTER+B.+PEARSON+INT","04-13","DMC",1953,2026,8.28823529411765,7.916981933867,32.7,2012-04-13,2.1,133,1966-07-26,NA
"6158733","TORONTO+LESTER+B.+PEARSON+INT","04-14","DMC",1953,2026,8.97058823529412,8.21536401398946,33.9,2012-04-14,1.3,133,1966-07-26,NA
"6158733","TORONTO+LESTER+B.+PEARSON+INT","04-15","DMC",1953,2026,9.27647058823529,8.51862147091335,34.1,2012-04-15,0.2,133,1966-07-26,NA
"6158733","TORONTO+LESTER+B.+PEARSON+INT","04-16","DMC",1953,2026,8.52105263157895,6.19198217656138,30.5,2012-04-16,1,133,1966-07-26,NA
"6158733","TORONTO+LESTER+B.+PEARSON+INT","04-17","DMC",1953,2026,9.5,6.32097594063648,31.5,2012-04-17,0.8,133,1966-07-26,NA
"6158733","TORONTO+LESTER+B.+PEARSON+INT","04-18","DMC",1953,2026,10.63,6.57788159788465,32.3,2012-04-18,2.5,133,1966-07-26,NA
"6158733","TORONTO+LESTER+B.+PEARSON+INT","04-19","DMC",1953,2026,10.595,7.40095833054925,34.1,2012-04-19,1.1,133,1966-07-26,NA
"6158733","TORONTO+LESTER+B.+PEARSON+INT","04-20","DMC",1953,2026,10.5636363636364,8.04798380279454,35.7,2012-04-20,1.5,133,1966-07-26,NA
"6158733","TORONTO+LESTER+B.+PEARSON+INT","04-21","DMC",1953,2026,8.81304347826087,6.14101741258402,32.7,1968-04-21,2.5,133,1966-07-26,NA
"6158733","TORONTO+LESTER+B.+PEARSON+INT","04-22","DMC",1953,2026,8.75,6.28005815536629,34.3,1968-04-22,4.4,133,1966-07-26,NA
"6158733","TORONTO+LESTER+B.+PEARSON+INT","04-23","DMC",1953,2026,9.48333333333333,6.22642801268122,25.2,1968-04-23,6.8,133,1966-07-26,NA
"6158733","TORONTO+LESTER+B.+PEARSON+INT","04-24","DMC",1953,2026,9.216,6.55169698118994,26.8,2010-04-24,6.9,133,1966-07-26,NA
"6158733","TORONTO+LESTER+B.+PEARSON+INT","04-25","DMC",1953,2026,9.516,7.13732442866373,27.4,2010-04-25,3,133,1966-07-26,NA
"6158733","TORONTO+LESTER+B.+PEARSON+INT","04-26","DMC",1953,2026,8.42307692307692,6.31742401251065,26.9,1959-04-26,1.9,133,1966-07-26,NA
"6158733","TORONTO+LESTER+B.+PEARSON+INT","04-27","DMC",1953,2026,8.80384615384615,6.67397817013096,28.5,1959-04-27,4.1,133,1966-07-26,NA
"6158733","TORONTO+LESTER+B.+PEARSON+INT","04-28","DMC",1953,2026,8.66296296296296,5.94106621796692,29.1,1962-04-28,4.8,133,1966-07-26,NA
"6158733","TORONTO+LESTER+B.+PEARSON+INT","04-29","DMC",1953,2026,9.67777777777778,6.6809910212214,30.3,1962-04-29,4.8,133,1966-07-26,NA
"6158733","TORONTO+LESTER+B.+PEARSON+INT","04-30","DMC",1953,2026,10.6185185185185,7.57480830105428,30.6,1962-04-30,6,133,1966-07-26,NA
"6158733","TORONTO+LESTER+B.+PEARSON+INT","05-01","DMC",1953,2026,10.1222222222222,7.71074840891862,30.3,2010-05-01,7.1,133,1966-07-26,NA
"6158733","TORONTO+LESTER+B.+PEARSON+INT","05-02","DMC",1953,2026,10.1444444444444,7.93673704187022,29.1,2010-05-02,7.9,133,1966-07-26,NA
"6158733","TORONTO+LESTER+B.+PEARSON+INT","05-03","DMC",1953,2026,10.8185185185185,8.36738342692059,30.9,1999-05-03,9.7,133,1966-07-26,NA
"6158733","TORONTO+LESTER+B.+PEARSON+INT","05-04","DMC",1953,2026,11.7518518518519,9.19298940122603,34.3,1999-05-04,12.2,133,1966-07-26,NA
"6158733","TORONTO+LESTER+B.+PEARSON+INT","05-05","DMC",1953,2026,12.3185185185185,9.76071549383379,36.5,1999-05-05,13.9,133,1966-07-26,NA
"6158733","TORONTO+LESTER+B.+PEARSON+INT","05-06","DMC",1953,2026,12.6464285714286,9.18019132144928,38.9,1999-05-06,8.4,133,1966-07-26,NA
"6158733","TORONTO+LESTER+B.+PEARSON+INT","05-07","DMC",1953,2026,13.9821428571429,9.69948656798594,40.5,1999-05-07,9.2,133,1966-07-26,NA
"6158733","TORONTO+LESTER+B.+PEARSON+INT","05-08","DMC",1953,2026,13.9413793103448,8.77693882697229,39.6,1987-05-08,10.1,133,1966-07-26,NA
"6158733","TORONTO+LESTER+B.+PEARSON+INT","05-09","DMC",1953,2026,13.5931034482759,8.79447598676427,43.7,1987-05-09,11.3,133,1966-07-26,NA
"6158733","TORONTO+LESTER+B.+PEARSON+INT","05-10","DMC",1953,2026,12.2586206896552,7.28420587108943,45.7,1987-05-10,11.7,133,1966-07-26,NA
"6158733","TORONTO+LESTER+B.+PEARSON+INT","05-11","DMC",1953,2026,12.4,7.02993598832877,49.2,1987-05-11,13.3,133,1966-07-26,NA
"6158733","TORONTO+LESTER+B.+PEARSON+INT","05-12","DMC",1953,2026,12.4379310344828,8.01331097046406,50.5,1987-05-12,14.7,133,1966-07-26,NA
"6158733","TORONTO+LESTER+B.+PEARSON+INT","05-13","DMC",1953,2026,13.0571428571429,8.22180608127528,52.9,1987-05-13,7.6,133,1966-07-26,NA
"6158733","TORONTO+LESTER+B.+PEARSON+INT","05-14","DMC",1953,2026,13.1586206896552,8.60438082944543,53.8,1962-05-14,8.1,133,1966-07-26,NA
"6158733","TORONTO+LESTER+B.+PEARSON+INT","05-15","DMC",1953,2026,12.4666666666667,8.63127166614009,58,1962-05-15,11.1,133,1966-07-26,NA
"6158733","TORONTO+LESTER+B.+PEARSON+INT","05-16","DMC",1953,2026,12.2933333333333,8.95902293523256,62.4,1962-05-16,12.6,133,1966-07-26,NA
"6158733","TORONTO+LESTER+B.+PEARSON+INT","05-17","DMC",1953,2026,12.0533333333333,9.15075777277991,66.7,1962-05-17,15,133,1966-07-26,NA
"6158733","TORONTO+LESTER+B.+PEARSON+INT","05-18","DMC",1953,2026,12.0833333333333,7.08169487473518,71.3,1962-05-18,17.6,133,1966-07-26,NA
"6158733","TORONTO+LESTER+B.+PEARSON+INT","05-19","DMC",1953,2026,12.7766666666667,7.04114427090357,75.3,1962-05-19,20.5,133,1966-07-26,NA
"6158733","TORONTO+LESTER+B.+PEARSON+INT","05-20","DMC",1953,2026,14.1266666666667,7.90830786789016,78,1962-05-20,22.8,133,1966-07-26,NA
"6158733","TORONTO+LESTER+B.+PEARSON+INT","05-21","DMC",1953,2026,15.25,8.24787328910329,80.2,1962-05-21,24.3,133,1966-07-26,NA
"6158733","TORONTO+LESTER+B.+PEARSON+INT","05-22","DMC",1953,2026,16.0766666666667,8.29360714889667,83.4,1962-05-22,26.9,133,1966-07-26,NA
"6158733","TORONTO+LESTER+B.+PEARSON+INT","05-23","DMC",1953,2026,16.53,8.74954777156491,63.9,1962-05-23,27.1,133,1966-07-26,NA
"6158733","TORONTO+LESTER+B.+PEARSON+INT","05-24","DMC",1953,2026,16.99,10.0937450757968,65.4,1962-05-24,9,133,1966-07-26,NA
"6158733","TORONTO+LESTER+B.+PEARSON+INT","05-25","DMC",1953,2026,18.0766666666667,10.8101702858556,67.9,1962-05-25,10.7,133,1966-07-26,NA
"6158733","TORONTO+LESTER+B.+PEARSON+INT","05-26","DMC",1953,2026,18.2,11.9914337240641,70.6,1962-05-26,14.7,133,1966-07-26,NA
"6158733","TORONTO+LESTER+B.+PEARSON+INT","05-27","DMC",1953,2026,19.87,12.4551927960272,73.3,1962-05-27,17.6,133,1966-07-26,NA
"6158733","TORONTO+LESTER+B.+PEARSON+INT","05-28","DMC",1953,2026,19.48,12.7261446880306,76.2,1962-05-28,19.6,133,1966-07-26,NA
"6158733","TORONTO+LESTER+B.+PEARSON+INT","05-29","DMC",1953,2026,20.4,13.8336920047672,78.6,1962-05-29,23.2,133,1966-07-26,NA
"6158733","TORONTO+LESTER+B.+PEARSON+INT","05-30","DMC",1953,2026,22.1833333333333,14.5381562966474,81.7,1962-05-30,25.1,133,1966-07-26,NA
"6158733","TORONTO+LESTER+B.+PEARSON+INT","05-31","DMC",1953,2026,20.8733333333333,13.529098482424,65.4,1962-05-31,28.7,133,1966-07-26,NA
"6158733","TORONTO+LESTER+B.+PEARSON+INT","06-01","DMC",1953,2026,18.9266666666667,11.7645268478602,67.4,1962-06-01,31.1,133,1966-07-26,NA
"6158733","TORONTO+LESTER+B.+PEARSON+INT","06-02","DMC",1953,2026,19.1766666666667,11.923453657663,68.9,1962-06-02,35.6,133,1966-07-26,NA
"6158733","TORONTO+LESTER+B.+PEARSON+INT","06-03","DMC",1953,2026,18.8666666666667,12.0999097555293,71.3,1962-06-03,40.6,133,1966-07-26,NA
"6158733","TORONTO+LESTER+B.+PEARSON+INT","06-04","DMC",1953,2026,19.2533333333333,12.9754339063274,60,2016-06-04,45.7,133,1966-07-26,NA
"6158733","TORONTO+LESTER+B.+PEARSON+INT","06-05","DMC",1953,2026,18.12,11.2472341427601,59.1,2023-06-05,50.3,133,1966-07-26,NA
"6158733","TORONTO+LESTER+B.+PEARSON+INT","06-06","DMC",1953,2026,18.5633333333333,11.6707557694386,62.2,2023-06-06,30.9,133,1966-07-26,NA
"6158733","TORONTO+LESTER+B.+PEARSON+INT","06-07","DMC",1953,2026,18.79,11.8502247905349,65.7,2023-06-07,32.8,133,1966-07-26,NA
"6158733","TORONTO+LESTER+B.+PEARSON+INT","06-08","DMC",1953,2026,20.5366666666667,12.5560669037702,68.2,2023-06-08,35.1,133,1966-07-26,NA
"6158733","TORONTO+LESTER+B.+PEARSON+INT","06-09","DMC",1953,2026,21.31,13.629464785707,69.7,2005-06-09,36.5,133,1966-07-26,NA
"6158733","TORONTO+LESTER+B.+PEARSON+INT","06-10","DMC",1953,2026,21.9866666666667,14.3934547704811,72.6,2005-06-10,24.9,133,1966-07-26,NA
"6158733","TORONTO+LESTER+B.+PEARSON+INT","06-11","DMC",1953,2026,20.5833333333333,14.2041296407268,75.4,2005-06-11,27.7,133,1966-07-26,NA
"6158733","TORONTO+LESTER+B.+PEARSON+INT","06-12","DMC",1953,2026,20.77,14.7182539725336,77.6,2005-06-12,31,133,1966-07-26,NA
"6158733","TORONTO+LESTER+B.+PEARSON+INT","06-13","DMC",1953,2026,21.8266666666667,15.6457757509998,79.5,2005-06-13,35.4,133,1966-07-26,NA
"6158733","TORONTO+LESTER+B.+PEARSON+INT","06-14","DMC",1953,2026,20.7633333333333,12.5008270990731,65.9,1965-06-14,35.7,133,1966-07-26,NA
"6158733","TORONTO+LESTER+B.+PEARSON+INT","06-15","DMC",1953,2026,21.14,11.3690626793459,67.8,1965-06-15,18,133,1966-07-26,NA
"6158733","TORONTO+LESTER+B.+PEARSON+INT","06-16","DMC",1953,2026,22.4033333333333,12.8783561633954,70.3,1965-06-16,21.1,133,1966-07-26,NA
"6158733","TORONTO+LESTER+B.+PEARSON+INT","06-17","DMC",1953,2026,23.1166666666667,13.5734040995829,71.1,1965-06-17,22.5,133,1966-07-26,NA
"6158733","TORONTO+LESTER+B.+PEARSON+INT","06-18","DMC",1953,2026,23.0366666666667,14.6875617875932,74,1965-06-18,9.3,133,1966-07-26,NA
"6158733","TORONTO+LESTER+B.+PEARSON+INT","06-19","DMC",1953,2026,24.12,15.602219117142,78.2,1965-06-19,7.8,133,1966-07-26,NA
"6158733","TORONTO+LESTER+B.+PEARSON+INT","06-20","DMC",1953,2026,25.0333333333333,16.4641791596878,82.9,1965-06-20,10.7,133,1966-07-26,NA
"6158733","TORONTO+LESTER+B.+PEARSON+INT","06-21","DMC",1953,2026,26.78,17.8886286361688,84.8,1965-06-21,13.5,133,1966-07-26,NA
"6158733","TORONTO+LESTER+B.+PEARSON+INT","06-22","DMC",1953,2026,27.38,19.3917401541712,89.2,1965-06-22,15.1,133,1966-07-26,NA
"6158733","TORONTO+LESTER+B.+PEARSON+INT","06-23","DMC",1953,2026,27.3033333333333,20.0371978792089,75.2,1994-06-23,18.3,133,1966-07-26,NA
"6158733","TORONTO+LESTER+B.+PEARSON+INT","06-24","DMC",1953,2026,25.44,17.9887436068149,77.6,2016-06-24,21.8,133,1966-07-26,NA
"6158733","TORONTO+LESTER+B.+PEARSON+INT","06-25","DMC",1953,2026,25.1933333333333,19.0475979720737,81.4,2016-06-25,22.3,133,1966-07-26,NA
"6158733","TORONTO+LESTER+B.+PEARSON+INT","06-26","DMC",1953,2026,27.3233333333333,19.852554484001,85.3,2016-06-26,12.4,133,1966-07-26,NA
"6158733","TORONTO+LESTER+B.+PEARSON+INT","06-27","DMC",1953,2026,25.7666666666667,15.2849110480606,67,1963-06-27,14.9,133,1966-07-26,NA
"6158733","TORONTO+LESTER+B.+PEARSON+INT","06-28","DMC",1953,2026,26.6533333333333,16.4834239273221,70.4,1963-06-28,18.1,133,1966-07-26,NA
"6158733","TORONTO+LESTER+B.+PEARSON+INT","06-29","DMC",1953,2026,25.1433333333333,17.6335824461468,74.5,1963-06-29,22.2,133,1966-07-26,NA
"6158733","TORONTO+LESTER+B.+PEARSON+INT","06-30","DMC",1953,2026,25.7133333333333,18.3422582247009,78.4,1963-06-30,24.9,133,1966-07-26,NA
"6158733","TORONTO+LESTER+B.+PEARSON+INT","07-01","DMC",1953,2026,27.4233333333333,19.0737350253193,83.3,1963-07-01,28.4,133,1966-07-26,NA
"6158733","TORONTO+LESTER+B.+PEARSON+INT","07-02","DMC",1953,2026,28.84,18.5788088404783,88,1963-07-02,32,133,1966-07-26,NA
"6158733","TORONTO+LESTER+B.+PEARSON+INT","07-03","DMC",1953,2026,30.2766666666667,19.2841311093779,91.6,1963-07-03,36,133,1966-07-26,NA
"6158733","TORONTO+LESTER+B.+PEARSON+INT","07-04","DMC",1953,2026,31.3866666666667,18.7718559208365,96.1,1963-07-04,22.3,133,1966-07-26,NA
"6158733","TORONTO+LESTER+B.+PEARSON+INT","07-05","DMC",1953,2026,31.75,18.8306930302631,99.9,1963-07-05,12.9,133,1966-07-26,NA
"6158733","TORONTO+LESTER+B.+PEARSON+INT","07-06","DMC",1953,2026,33.0666666666667,20.1161683698725,103.4,1963-07-06,14.9,133,1966-07-26,NA
"6158733","TORONTO+LESTER+B.+PEARSON+INT","07-07","DMC",1953,2026,32.0233333333333,22.1281017047887,105.5,1963-07-07,16.9,133,1966-07-26,NA
"6158733","TORONTO+LESTER+B.+PEARSON+INT","07-08","DMC",1953,2026,31.0666666666667,23.0388327849298,108,1963-07-08,19.4,133,1966-07-26,NA
"6158733","TORONTO+LESTER+B.+PEARSON+INT","07-09","DMC",1953,2026,29.0833333333333,20.0791036228924,112.5,1988-07-09,21.9,133,1966-07-26,NA
"6158733","TORONTO+LESTER+B.+PEARSON+INT","07-10","DMC",1953,2026,30.2166666666667,19.6690739808555,113.5,1963-07-10,13.4,133,1966-07-26,NA
"6158733","TORONTO+LESTER+B.+PEARSON+INT","07-11","DMC",1953,2026,30.0333333333333,19.7482488675157,117.5,1963-07-11,15.9,133,1966-07-26,NA
"6158733","TORONTO+LESTER+B.+PEARSON+INT","07-12","DMC",1953,2026,31.1366666666667,21.6896206439431,122.2,1963-07-12,19.5,133,1966-07-26,NA
"6158733","TORONTO+LESTER+B.+PEARSON+INT","07-13","DMC",1953,2026,33.04,22.8539832791603,125.7,1963-07-13,24.3,133,1966-07-26,NA
"6158733","TORONTO+LESTER+B.+PEARSON+INT","07-14","DMC",1953,2026,32.5666666666667,23.4075191770292,124.7,1955-07-14,28.4,133,1966-07-26,NA
"6158733","TORONTO+LESTER+B.+PEARSON+INT","07-15","DMC",1953,2026,32.8433333333333,24.0881668378728,111.7,2005-07-15,30.8,133,1966-07-26,NA
"6158733","TORONTO+LESTER+B.+PEARSON+INT","07-16","DMC",1953,2026,33.8133333333333,22.6606560658189,114.1,2005-07-16,35.2,133,1966-07-26,NA
"6158733","TORONTO+LESTER+B.+PEARSON+INT","07-17","DMC",1953,2026,32.3566666666667,19.1970666461335,101.9,1966-07-17,37.6,133,1966-07-26,NA
"6158733","TORONTO+LESTER+B.+PEARSON+INT","07-18","DMC",1953,2026,33.22,19.1908455187399,105,1966-07-18,38,133,1966-07-26,NA
"6158733","TORONTO+LESTER+B.+PEARSON+INT","07-19","DMC",1953,2026,31.82,17.7006604201749,106,1966-07-19,25.8,133,1966-07-26,NA
"6158733","TORONTO+LESTER+B.+PEARSON+INT","07-20","DMC",1953,2026,31.93,19.9289626354243,109.5,1966-07-20,29.1,133,1966-07-26,NA
"6158733","TORONTO+LESTER+B.+PEARSON+INT","07-21","DMC",1953,2026,31.9233333333333,20.9007949582081,113.4,1966-07-21,22.8,133,1966-07-26,NA
"6158733","TORONTO+LESTER+B.+PEARSON+INT","07-22","DMC",1953,2026,30.75,20.8355093116502,117.9,1966-07-22,13.3,133,1966-07-26,NA
"6158733","TORONTO+LESTER+B.+PEARSON+INT","07-23","DMC",1953,2026,27.17,21.6648794134655,121.8,1966-07-23,17,133,1966-07-26,NA
"6158733","TORONTO+LESTER+B.+PEARSON+INT","07-24","DMC",1953,2026,27.0566666666667,18.1555858856324,126,1966-07-24,20.6,133,1966-07-26,NA
"6158733","TORONTO+LESTER+B.+PEARSON+INT","07-25","DMC",1953,2026,27.3833333333333,17.6659439236245,130.7,1966-07-25,23,133,1966-07-26,NA
"6158733","TORONTO+LESTER+B.+PEARSON+INT","07-26","DMC",1953,2026,27.58,18.6455578513009,133,1966-07-26,25.8,133,1966-07-26,NA
"6158733","TORONTO+LESTER+B.+PEARSON+INT","07-27","DMC",1953,2026,26.5866666666667,16.2284920440252,91.4,1966-07-27,28.1,133,1966-07-26,NA
"6158733","TORONTO+LESTER+B.+PEARSON+INT","07-28","DMC",1953,2026,24.8533333333333,16.817022027846,81.3,1957-07-28,13.2,133,1966-07-26,NA
"6158733","TORONTO+LESTER+B.+PEARSON+INT","07-29","DMC",1953,2026,25.18,17.1017522796491,85,1957-07-29,16.5,133,1966-07-26,NA
"6158733","TORONTO+LESTER+B.+PEARSON+INT","07-30","DMC",1953,2026,25.3033333333333,17.6012241606663,89.2,1957-07-30,19.9,133,1966-07-26,NA
"6158733","TORONTO+LESTER+B.+PEARSON+INT","07-31","DMC",1953,2026,24.8633333333333,15.4902969258363,91.9,1957-07-31,23.8,133,1966-07-26,NA
"6158733","TORONTO+LESTER+B.+PEARSON+INT","08-01","DMC",1953,2026,25.2866666666667,16.5461472405436,95.6,1957-08-01,26.5,133,1966-07-26,NA
"6158733","TORONTO+LESTER+B.+PEARSON+INT","08-02","DMC",1953,2026,25.65,17.0189701459162,99.4,1957-08-02,16.2,133,1966-07-26,NA
"6158733","TORONTO+LESTER+B.+PEARSON+INT","08-03","DMC",1953,2026,22.69,15.0947890072175,102.2,1957-08-03,9.7,133,1966-07-26,NA
"6158733","TORONTO+LESTER+B.+PEARSON+INT","08-04","DMC",1953,2026,23.25,15.7727340030521,105.2,1957-08-04,13.3,133,1966-07-26,NA
"6158733","TORONTO+LESTER+B.+PEARSON+INT","08-05","DMC",1953,2026,24.63,17.0495454484863,107.7,1957-08-05,16.4,133,1966-07-26,NA
"6158733","TORONTO+LESTER+B.+PEARSON+INT","08-06","DMC",1953,2026,25.7066666666667,16.2025526582597,111,1957-08-06,18.6,133,1966-07-26,NA
"6158733","TORONTO+LESTER+B.+PEARSON+INT","08-07","DMC",1953,2026,25.83,16.7099835943707,115.2,1957-08-07,8.8,133,1966-07-26,NA
"6158733","TORONTO+LESTER+B.+PEARSON+INT","08-08","DMC",1953,2026,25.7333333333333,16.9643710480958,118.4,1957-08-08,NA,133,1966-07-26,NA
"6158733","TORONTO+LESTER+B.+PEARSON+INT","08-09","DMC",1953,2026,27.5133333333333,17.8176923567431,81,1957-08-09,NA,133,1966-07-26,NA
"6158733","TORONTO+LESTER+B.+PEARSON+INT","08-10","DMC",1953,2026,26.97,19.6549572583505,83.8,1957-08-10,NA,133,1966-07-26,NA
"6158733","TORONTO+LESTER+B.+PEARSON+INT","08-11","DMC",1953,2026,26.18,19.7933356949008,87.4,1957-08-11,NA,133,1966-07-26,NA
"6158733","TORONTO+LESTER+B.+PEARSON+INT","08-12","DMC",1953,2026,25.4266666666667,18.8219961807956,89.7,1957-08-12,NA,133,1966-07-26,NA
"6158733","TORONTO+LESTER+B.+PEARSON+INT","08-13","DMC",1953,2026,25.29,18.6068646954049,87.7,2001-08-13,NA,133,1966-07-26,NA
"6158733","TORONTO+LESTER+B.+PEARSON+INT","08-14","DMC",1953,2026,25.9166666666667,17.9631055477481,91.7,2001-08-14,NA,133,1966-07-26,NA
"6158733","TORONTO+LESTER+B.+PEARSON+INT","08-15","DMC",1953,2026,26.2766666666667,17.8854724968837,95.9,2001-08-15,NA,133,1966-07-26,NA
"6158733","TORONTO+LESTER+B.+PEARSON+INT","08-16","DMC",1953,2026,25.3066666666667,14.2907960091351,83.9,1959-08-16,NA,133,1966-07-26,NA
"6158733","TORONTO+LESTER+B.+PEARSON+INT","08-17","DMC",1953,2026,25.8066666666667,14.0816077974399,58.5,2022-08-17,NA,133,1966-07-26,NA
"6158733","TORONTO+LESTER+B.+PEARSON+INT","08-18","DMC",1953,2026,25.9833333333333,14.604110978463,86.5,1959-08-18,NA,133,1966-07-26,NA
"6158733","TORONTO+LESTER+B.+PEARSON+INT","08-19","DMC",1953,2026,26.9633333333333,14.6053717877181,63.5,2007-08-19,NA,133,1966-07-26,NA
"6158733","TORONTO+LESTER+B.+PEARSON+INT","08-20","DMC",1953,2026,25.2766666666667,14.1052126176285,90.5,1959-08-20,NA,133,1966-07-26,NA
"6158733","TORONTO+LESTER+B.+PEARSON+INT","08-21","DMC",1953,2026,25.17,15.7365629599701,68.7,1957-08-21,NA,133,1966-07-26,NA
"6158733","TORONTO+LESTER+B.+PEARSON+INT","08-22","DMC",1953,2026,25.01,16.1323053486496,71.4,1957-08-22,NA,133,1966-07-26,NA
"6158733","TORONTO+LESTER+B.+PEARSON+INT","08-23","DMC",1953,2026,24.4633333333333,14.2072706819391,74.3,1957-08-23,NA,133,1966-07-26,NA
"6158733","TORONTO+LESTER+B.+PEARSON+INT","08-24","DMC",1953,2026,26.5133333333333,14.4005922611282,60.1,2007-08-24,NA,133,1966-07-26,NA
"6158733","TORONTO+LESTER+B.+PEARSON+INT","08-25","DMC",1953,2026,27.54,14.2519351378125,61.6,2013-08-25,NA,133,1966-07-26,NA
"6158733","TORONTO+LESTER+B.+PEARSON+INT","08-26","DMC",1953,2026,25.8266666666667,11.2933588459319,56.7,2021-08-26,NA,133,1966-07-26,NA
"6158733","TORONTO+LESTER+B.+PEARSON+INT","08-27","DMC",1953,2026,25.2833333333333,10.8459457969273,51.5,1953-08-27,NA,133,1966-07-26,NA
"6158733","TORONTO+LESTER+B.+PEARSON+INT","08-28","DMC",1953,2026,24.8633333333333,11.7390442932779,55.5,1953-08-28,NA,133,1966-07-26,NA
"6158733","TORONTO+LESTER+B.+PEARSON+INT","08-29","DMC",1953,2026,25.9566666666667,12.4054960938019,59.9,1953-08-29,NA,133,1966-07-26,NA
"6158733","TORONTO+LESTER+B.+PEARSON+INT","08-30","DMC",1953,2026,27.6066666666667,13.1226556745966,64.1,1953-08-30,NA,133,1966-07-26,NA
"6158733","TORONTO+LESTER+B.+PEARSON+INT","08-31","DMC",1953,2026,28.1733333333333,13.5629295313094,66.9,1953-08-31,NA,133,1966-07-26,NA
"6158733","TORONTO+LESTER+B.+PEARSON+INT","09-01","DMC",1953,2026,29.96,13.7760311586015,70.2,1953-09-01,NA,133,1966-07-26,NA
"6158733","TORONTO+LESTER+B.+PEARSON+INT","09-02","DMC",1953,2026,29.32,13.4238182553148,73.7,1953-09-02,NA,133,1966-07-26,NA
"6158733","TORONTO+LESTER+B.+PEARSON+INT","09-03","DMC",1953,2026,28.21,15.1647583743271,76.1,1953-09-03,NA,133,1966-07-26,NA
"6158733","TORONTO+LESTER+B.+PEARSON+INT","09-04","DMC",1953,2026,28.36,15.8825777461365,79.6,1953-09-04,NA,133,1966-07-26,NA
"6158733","TORONTO+LESTER+B.+PEARSON+INT","09-05","DMC",1953,2026,27.8133333333333,15.6015634347714,76.3,1973-09-05,NA,133,1966-07-26,NA
"6158733","TORONTO+LESTER+B.+PEARSON+INT","09-06","DMC",1953,2026,25.9066666666667,14.4429897882325,79.3,1973-09-06,NA,133,1966-07-26,NA
"6158733","TORONTO+LESTER+B.+PEARSON+INT","09-07","DMC",1953,2026,25.9266666666667,14.5764319302116,81,1973-09-07,NA,133,1966-07-26,NA
"6158733","TORONTO+LESTER+B.+PEARSON+INT","09-08","DMC",1953,2026,23.7533333333333,15.3544721853913,83.3,1973-09-08,NA,133,1966-07-26,NA
"6158733","TORONTO+LESTER+B.+PEARSON+INT","09-09","DMC",1953,2026,23.4433333333333,16.5337832484204,85.6,1973-09-09,NA,133,1966-07-26,NA
"6158733","TORONTO+LESTER+B.+PEARSON+INT","09-10","DMC",1953,2026,22.8033333333333,17.5398754238751,88,1973-09-10,NA,133,1966-07-26,NA
"6158733","TORONTO+LESTER+B.+PEARSON+INT","09-11","DMC",1953,2026,23.0233333333333,18.4304598579285,91.1,1973-09-11,NA,133,1966-07-26,NA
"6158733","TORONTO+LESTER+B.+PEARSON+INT","09-12","DMC",1953,2026,23.56,19.1224836072709,93.4,1973-09-12,NA,133,1966-07-26,NA
"6158733","TORONTO+LESTER+B.+PEARSON+INT","09-13","DMC",1953,2026,23.3133333333333,20.0471983309274,95.4,1973-09-13,NA,133,1966-07-26,NA
"6158733","TORONTO+LESTER+B.+PEARSON+INT","09-14","DMC",1953,2026,23.5566666666667,20.9001020181198,97.1,1973-09-14,NA,133,1966-07-26,NA
"6158733","TORONTO+LESTER+B.+PEARSON+INT","09-15","DMC",1953,2026,21.29,16.3271795820175,98.9,1973-09-15,NA,133,1966-07-26,NA
"6158733","TORONTO+LESTER+B.+PEARSON+INT","09-16","DMC",1953,2026,20.88,14.6923954057404,100.2,1973-09-16,NA,133,1966-07-26,NA
"6158733","TORONTO+LESTER+B.+PEARSON+INT","09-17","DMC",1953,2026,21.1266666666667,14.6906006387226,85,1960-09-17,NA,133,1966-07-26,NA
"6158733","TORONTO+LESTER+B.+PEARSON+INT","09-18","DMC",1953,2026,21.9233333333333,15.1232336291647,87,1960-09-18,NA,133,1966-07-26,NA
"6158733","TORONTO+LESTER+B.+PEARSON+INT","09-19","DMC",1953,2026,22.5433333333333,15.4304598750012,88,1960-09-19,NA,133,1966-07-26,NA
"6158733","TORONTO+LESTER+B.+PEARSON+INT","09-20","DMC",1953,2026,20.1,11.6177331755352,89,1960-09-20,NA,133,1966-07-26,NA
"6158733","TORONTO+LESTER+B.+PEARSON+INT","09-21","DMC",1953,2026,20.4233333333333,11.4571370117385,89.5,1960-09-21,NA,133,1966-07-26,NA
"6158733","TORONTO+LESTER+B.+PEARSON+INT","09-22","DMC",1953,2026,19.3,12.2342086817646,90.9,1960-09-22,NA,133,1966-07-26,NA
"6158733","TORONTO+LESTER+B.+PEARSON+INT","09-23","DMC",1953,2026,19.16,13.1243548281496,92.1,1960-09-23,NA,133,1966-07-26,NA
"6158733","TORONTO+LESTER+B.+PEARSON+INT","09-24","DMC",1953,2026,19.86,13.26149728895,93.4,1960-09-24,NA,133,1966-07-26,NA
"6158733","TORONTO+LESTER+B.+PEARSON+INT","09-25","DMC",1953,2026,19.69,13.6626939838581,95.6,1960-09-25,NA,133,1966-07-26,NA
"6158733","TORONTO+LESTER+B.+PEARSON+INT","09-26","DMC",1953,2026,19.49,14.2024366534955,72.3,1960-09-26,NA,133,1966-07-26,NA
"6158733","TORONTO+LESTER+B.+PEARSON+INT","09-27","DMC",1953,2026,18.1966666666667,13.1655895092638,74.1,1960-09-27,NA,133,1966-07-26,NA
"6158733","TORONTO+LESTER+B.+PEARSON+INT","09-28","DMC",1953,2026,18.0066666666667,14.0690399479663,76.4,1960-09-28,NA,133,1966-07-26,NA
"6158733","TORONTO+LESTER+B.+PEARSON+INT","09-29","DMC",1953,2026,16.6666666666667,13.6915612906167,62.8,1960-09-29,NA,133,1966-07-26,NA
"6158733","TORONTO+LESTER+B.+PEARSON+INT","09-30","DMC",1953,2026,15.32,11.2658899276564,63.7,1960-09-30,NA,133,1966-07-26,NA
"6158733","TORONTO+LESTER+B.+PEARSON+INT","10-01","DMC",1953,2026,15.1366666666667,12.0227222613979,64.8,1960-10-01,NA,133,1966-07-26,NA
"6158733","TORONTO+LESTER+B.+PEARSON+INT","10-02","DMC",1953,2026,15.0933333333333,11.8844997090047,49.9,2023-10-02,NA,133,1966-07-26,NA
"6158733","TORONTO+LESTER+B.+PEARSON+INT","10-03","DMC",1953,2026,14.7166666666667,12.4795856289888,52.7,2023-10-03,NA,133,1966-07-26,NA
"6158733","TORONTO+LESTER+B.+PEARSON+INT","10-04","DMC",1953,2026,13.4633333333333,12.8089807754461,54.6,2023-10-04,NA,133,1966-07-26,NA
"6158733","TORONTO+LESTER+B.+PEARSON+INT","10-05","DMC",1953,2026,12.9766666666667,12.3572032136875,56.4,2023-10-05,NA,133,1966-07-26,NA
"6158733","TORONTO+LESTER+B.+PEARSON+INT","10-06","DMC",1953,2026,13.12,12.8576932558709,51.1,2004-10-06,NA,133,1966-07-26,NA
"6158733","TORONTO+LESTER+B.+PEARSON+INT","10-07","DMC",1953,2026,12,10.2675249678546,53.3,2004-10-07,NA,133,1966-07-26,NA
"6158733","TORONTO+LESTER+B.+PEARSON+INT","10-08","DMC",1953,2026,12.3033333333333,10.1662213959398,54.8,2004-10-08,NA,133,1966-07-26,NA
"6158733","TORONTO+LESTER+B.+PEARSON+INT","10-09","DMC",1953,2026,11.61,10.0735690350267,56,2004-10-09,NA,133,1966-07-26,NA
"6158733","TORONTO+LESTER+B.+PEARSON+INT","10-10","DMC",1953,2026,11.81,9.93330691194511,57,2004-10-10,NA,133,1966-07-26,NA
"6158733","TORONTO+LESTER+B.+PEARSON+INT","10-11","DMC",1953,2026,12.3933333333333,9.81494052306301,57.4,2004-10-11,NA,133,1966-07-26,NA
"6158733","TORONTO+LESTER+B.+PEARSON+INT","10-12","DMC",1953,2026,12.49,10.1881726560245,58.6,2004-10-12,NA,133,1966-07-26,NA
"6158733","TORONTO+LESTER+B.+PEARSON+INT","10-13","DMC",1953,2026,12.6066666666667,10.4898944254683,59.7,2004-10-13,NA,133,1966-07-26,NA
"6158733","TORONTO+LESTER+B.+PEARSON+INT","10-14","DMC",1953,2026,12.0466666666667,10.6086410236098,60.1,2004-10-14,NA,133,1966-07-26,NA
"6158733","TORONTO+LESTER+B.+PEARSON+INT","10-15","DMC",1953,2026,11.63,10.9501110055781,60.2,2004-10-15,NA,133,1966-07-26,NA
"6158733","TORONTO+LESTER+B.+PEARSON+INT","10-16","DMC",1953,2026,9.76333333333333,7.18976683394092,44.3,1963-10-16,NA,133,1966-07-26,NA
"6158733","TORONTO+LESTER+B.+PEARSON+INT","10-17","DMC",1953,2026,9.87,7.63915277844433,46.8,1963-10-17,NA,133,1966-07-26,NA
"6158733","TORONTO+LESTER+B.+PEARSON+INT","10-18","DMC",1953,2026,9.67666666666667,7.20702164000777,49.5,1963-10-18,NA,133,1966-07-26,NA
"6158733","TORONTO+LESTER+B.+PEARSON+INT","10-19","DMC",1953,2026,9.19,7.41695866660109,51.5,1963-10-19,NA,133,1966-07-26,NA
"6158733","TORONTO+LESTER+B.+PEARSON+INT","10-20","DMC",1953,2026,9.25,7.80343646668922,53.2,1963-10-20,NA,133,1966-07-26,NA
"6158733","TORONTO+LESTER+B.+PEARSON+INT","10-21","DMC",1953,2026,9.23666666666667,8.04643777826811,54,1963-10-21,NA,133,1966-07-26,NA
"6158733","TORONTO+LESTER+B.+PEARSON+INT","10-22","DMC",1953,2026,9.13,8.54433266496894,55,1963-10-22,NA,133,1966-07-26,NA
"6158733","TORONTO+LESTER+B.+PEARSON+INT","10-23","DMC",1953,2026,8.78333333333333,8.27835079916423,56.7,1963-10-23,NA,133,1966-07-26,NA
"6158733","TORONTO+LESTER+B.+PEARSON+INT","10-24","DMC",1953,2026,8.24,8.26911995484321,57.9,1963-10-24,NA,133,1966-07-26,NA
"6158733","TORONTO+LESTER+B.+PEARSON+INT","10-25","DMC",1953,2026,8.00666666666667,8.33649778997745,59.7,1963-10-25,NA,133,1966-07-26,NA
"6158733","TORONTO+LESTER+B.+PEARSON+INT","10-26","DMC",1953,2026,7.42666666666666,7.03253195848596,60.9,1963-10-26,NA,133,1966-07-26,NA
"6158733","TORONTO+LESTER+B.+PEARSON+INT","10-27","DMC",1953,2026,6.53,7.19406604132159,62.4,1963-10-27,NA,133,1966-07-26,NA
"6158733","TORONTO+LESTER+B.+PEARSON+INT","10-28","DMC",1953,2026,6.27,7.24531477624655,64.1,1963-10-28,NA,133,1966-07-26,NA
"6158733","TORONTO+LESTER+B.+PEARSON+INT","10-29","DMC",1953,2026,6.43666666666667,7.40849853713373,64.4,1963-10-29,NA,133,1966-07-26,NA
"6158733","TORONTO+LESTER+B.+PEARSON+INT","10-30","DMC",1953,2026,6.64333333333333,6.86061640607201,65.2,1963-10-30,NA,133,1966-07-26,NA
"6158733","TORONTO+LESTER+B.+PEARSON+INT","10-31","DMC",1953,2026,6.36333333333333,6.71254529726363,39.3,1963-10-31,NA,133,1966-07-26,NA
"6158733","TORONTO+LESTER+B.+PEARSON+INT","04-01","FFMC",1953,2026,64.32,25.4979214839171,90.3,2000-04-01,26.8,94.5,2016-06-18,NA
"6158733","TORONTO+LESTER+B.+PEARSON+INT","04-02","FFMC",1953,2026,66.55,24.3189569403514,87.9,2010-04-02,37.9,94.5,2016-06-18,NA
"6158733","TORONTO+LESTER+B.+PEARSON+INT","04-03","FFMC",1953,2026,66.5454545454545,18.214794186944,88,1968-04-03,63.1,94.5,2016-06-18,NA
"6158733","TORONTO+LESTER+B.+PEARSON+INT","04-04","FFMC",1953,2026,67.6454545454545,17.6336249045035,88.3,2021-04-04,51.7,94.5,2016-06-18,NA
"6158733","TORONTO+LESTER+B.+PEARSON+INT","04-05","FFMC",1953,2026,74.4727272727273,9.85556603235866,88.3,2021-04-05,42.3,94.5,2016-06-18,NA
"6158733","TORONTO+LESTER+B.+PEARSON+INT","04-06","FFMC",1953,2026,72.0384615384615,16.6391375207941,89.8,2021-04-06,63.6,94.5,2016-06-18,NA
"6158733","TORONTO+LESTER+B.+PEARSON+INT","04-07","FFMC",1953,2026,73.2142857142857,17.197578413739,91.5,2021-04-07,64,94.5,2016-06-18,NA
"6158733","TORONTO+LESTER+B.+PEARSON+INT","04-08","FFMC",1953,2026,63.1214285714286,26.2065223405704,90.8,2012-04-08,74.8,94.5,2016-06-18,NA
"6158733","TORONTO+LESTER+B.+PEARSON+INT","04-09","FFMC",1953,2026,73.08,18.5856396177264,90.8,2012-04-09,81.3,94.5,2016-06-18,NA
"6158733","TORONTO+LESTER+B.+PEARSON+INT","04-10","FFMC",1953,2026,77.63125,13.0372654980508,91.4,1981-04-10,36.5,94.5,2016-06-18,NA
"6158733","TORONTO+LESTER+B.+PEARSON+INT","04-11","FFMC",1953,2026,73.78125,18.6235055328833,90.9,1955-04-11,54.5,94.5,2016-06-18,NA
"6158733","TORONTO+LESTER+B.+PEARSON+INT","04-12","FFMC",1953,2026,71.7125,21.942284141204,89.8,1977-04-12,58.6,94.5,2016-06-18,NA
"6158733","TORONTO+LESTER+B.+PEARSON+INT","04-13","FFMC",1953,2026,71.6294117647059,19.456707220965,91.5,1968-04-13,71.5,94.5,2016-06-18,NA
"6158733","TORONTO+LESTER+B.+PEARSON+INT","04-14","FFMC",1953,2026,76.2470588235294,12.9102245162051,92,2023-04-14,47.2,94.5,2016-06-18,NA
"6158733","TORONTO+LESTER+B.+PEARSON+INT","04-15","FFMC",1953,2026,73.1470588235294,21.9148670326521,91.4,2023-04-15,16.1,94.5,2016-06-18,NA
"6158733","TORONTO+LESTER+B.+PEARSON+INT","04-16","FFMC",1953,2026,74.5315789473684,19.5664694093288,93,1958-04-16,35.5,94.5,2016-06-18,NA
"6158733","TORONTO+LESTER+B.+PEARSON+INT","04-17","FFMC",1953,2026,78.2,14.5920309902718,92,2009-04-17,37.5,94.5,2016-06-18,NA
"6158733","TORONTO+LESTER+B.+PEARSON+INT","04-18","FFMC",1953,2026,81.04,10.0684708502909,93.4,1958-04-18,68.8,94.5,2016-06-18,NA
"6158733","TORONTO+LESTER+B.+PEARSON+INT","04-19","FFMC",1953,2026,74.71,18.4727081763455,91.8,2009-04-19,47.4,94.5,2016-06-18,NA
"6158733","TORONTO+LESTER+B.+PEARSON+INT","04-20","FFMC",1953,2026,69.5363636363636,25.1462871528931,91.1,2016-04-20,63,94.5,2016-06-18,NA
"6158733","TORONTO+LESTER+B.+PEARSON+INT","04-21","FFMC",1953,2026,62.2173913043478,27.2139778952908,90.8,2007-04-21,77,94.5,2016-06-18,NA
"6158733","TORONTO+LESTER+B.+PEARSON+INT","04-22","FFMC",1953,2026,65.9625,20.2781272718211,91.8,2007-04-22,83.8,94.5,2016-06-18,NA
"6158733","TORONTO+LESTER+B.+PEARSON+INT","04-23","FFMC",1953,2026,73.0958333333333,15.892915544127,90.3,1959-04-23,89,94.5,2016-06-18,NA
"6158733","TORONTO+LESTER+B.+PEARSON+INT","04-24","FFMC",1953,2026,74.072,19.2888249166886,90.3,1959-04-24,86.4,94.5,2016-06-18,NA
"6158733","TORONTO+LESTER+B.+PEARSON+INT","04-25","FFMC",1953,2026,72.036,21.0892919116156,90.7,1982-04-25,28,94.5,2016-06-18,NA
"6158733","TORONTO+LESTER+B.+PEARSON+INT","04-26","FFMC",1953,2026,66.2384615384616,22.2296932398641,90.6,1997-04-26,36.3,94.5,2016-06-18,NA
"6158733","TORONTO+LESTER+B.+PEARSON+INT","04-27","FFMC",1953,2026,72.7538461538462,16.7446763066768,91.5,2025-04-27,74,94.5,2016-06-18,NA
"6158733","TORONTO+LESTER+B.+PEARSON+INT","04-28","FFMC",1953,2026,72.9185185185185,16.8098194068238,91.5,2025-04-28,78.1,94.5,2016-06-18,NA
"6158733","TORONTO+LESTER+B.+PEARSON+INT","04-29","FFMC",1953,2026,77.3518518518518,14.7624880738666,91.2,1990-04-29,68.2,94.5,2016-06-18,NA
"6158733","TORONTO+LESTER+B.+PEARSON+INT","04-30","FFMC",1953,2026,76.7296296296296,17.7623806186605,92.1,1982-04-30,79.5,94.5,2016-06-18,NA
"6158733","TORONTO+LESTER+B.+PEARSON+INT","05-01","FFMC",1953,2026,69.9185185185185,19.607887679688,92.2,1982-05-01,83.4,94.5,2016-06-18,NA
"6158733","TORONTO+LESTER+B.+PEARSON+INT","05-02","FFMC",1953,2026,66.0851851851852,26.0262693284438,92.2,1999-05-02,84.5,94.5,2016-06-18,NA
"6158733","TORONTO+LESTER+B.+PEARSON+INT","05-03","FFMC",1953,2026,70.2555555555556,23.1223889724845,92.4,1999-05-03,87.4,94.5,2016-06-18,NA
"6158733","TORONTO+LESTER+B.+PEARSON+INT","05-04","FFMC",1953,2026,74.6407407407407,19.6772469005206,92.5,1999-05-04,88.2,94.5,2016-06-18,NA
"6158733","TORONTO+LESTER+B.+PEARSON+INT","05-05","FFMC",1953,2026,75.0370370370371,18.1276064046005,92.2,2010-05-05,87.9,94.5,2016-06-18,NA
"6158733","TORONTO+LESTER+B.+PEARSON+INT","05-06","FFMC",1953,2026,78.4071428571429,17.3518262155853,92.2,1987-05-06,39.5,94.5,2016-06-18,NA
"6158733","TORONTO+LESTER+B.+PEARSON+INT","05-07","FFMC",1953,2026,80.7571428571428,11.7564931963206,92.4,1957-05-07,56,94.5,2016-06-18,NA
"6158733","TORONTO+LESTER+B.+PEARSON+INT","05-08","FFMC",1953,2026,79.2,14.0713741840863,92,1958-05-08,68.1,94.5,2016-06-18,NA
"6158733","TORONTO+LESTER+B.+PEARSON+INT","05-09","FFMC",1953,2026,75.1172413793103,14.2871087989317,92.5,1987-05-09,78.1,94.5,2016-06-18,NA
"6158733","TORONTO+LESTER+B.+PEARSON+INT","05-10","FFMC",1953,2026,70.7758620689655,19.6539646159026,92.5,2022-05-10,77.4,94.5,2016-06-18,NA
"6158733","TORONTO+LESTER+B.+PEARSON+INT","05-11","FFMC",1953,2026,73.1379310344828,21.4148715648246,92.1,1962-05-11,84.4,94.5,2016-06-18,NA
"6158733","TORONTO+LESTER+B.+PEARSON+INT","05-12","FFMC",1953,2026,72.2448275862069,19.3566634190713,92.3,2022-05-12,85.9,94.5,2016-06-18,NA
"6158733","TORONTO+LESTER+B.+PEARSON+INT","05-13","FFMC",1953,2026,74.8928571428571,16.282845519167,91.9,1958-05-13,53.9,94.5,2016-06-18,NA
"6158733","TORONTO+LESTER+B.+PEARSON+INT","05-14","FFMC",1953,2026,77.0448275862069,13.5670974421549,92.9,2021-05-14,67,94.5,2016-06-18,NA
"6158733","TORONTO+LESTER+B.+PEARSON+INT","05-15","FFMC",1953,2026,73.4266666666667,19.9027451465323,92.9,2021-05-15,84.9,94.5,2016-06-18,NA
"6158733","TORONTO+LESTER+B.+PEARSON+INT","05-16","FFMC",1953,2026,71.2833333333333,21.9297009010428,93,2021-05-16,84.9,94.5,2016-06-18,NA
"6158733","TORONTO+LESTER+B.+PEARSON+INT","05-17","FFMC",1953,2026,71.03,19.4671101941286,93,1958-05-17,80.5,94.5,2016-06-18,NA
"6158733","TORONTO+LESTER+B.+PEARSON+INT","05-18","FFMC",1953,2026,72.8833333333333,19.8933030376337,91.9,1962-05-18,86,94.5,2016-06-18,NA
"6158733","TORONTO+LESTER+B.+PEARSON+INT","05-19","FFMC",1953,2026,75.6233333333333,15.8201461114778,91.9,1962-05-19,87.7,94.5,2016-06-18,NA
"6158733","TORONTO+LESTER+B.+PEARSON+INT","05-20","FFMC",1953,2026,80.53,10.3661301927196,93.3,1981-05-20,88.3,94.5,2016-06-18,NA
"6158733","TORONTO+LESTER+B.+PEARSON+INT","05-21","FFMC",1953,2026,81.4566666666667,10.793506455698,93.4,1981-05-21,87.8,94.5,2016-06-18,NA
"6158733","TORONTO+LESTER+B.+PEARSON+INT","05-22","FFMC",1953,2026,80.02,14.8586767870517,91.8,1981-05-22,90.3,94.5,2016-06-18,NA
"6158733","TORONTO+LESTER+B.+PEARSON+INT","05-23","FFMC",1953,2026,78.8366666666667,17.0134932927658,92.8,1981-05-23,79.5,94.5,2016-06-18,NA
"6158733","TORONTO+LESTER+B.+PEARSON+INT","05-24","FFMC",1953,2026,75.6566666666667,19.4937776691972,93,2015-05-24,14,94.5,2016-06-18,NA
"6158733","TORONTO+LESTER+B.+PEARSON+INT","05-25","FFMC",1953,2026,77.52,18.2826543006168,93.6,1972-05-25,51.8,94.5,2016-06-18,NA
"6158733","TORONTO+LESTER+B.+PEARSON+INT","05-26","FFMC",1953,2026,74,22.0657481490955,91.9,1972-05-26,85,94.5,2016-06-18,NA
"6158733","TORONTO+LESTER+B.+PEARSON+INT","05-27","FFMC",1953,2026,78.4033333333334,16.206735154491,91.3,1977-05-27,87.8,94.5,2016-06-18,NA
"6158733","TORONTO+LESTER+B.+PEARSON+INT","05-28","FFMC",1953,2026,74.2833333333333,21.9557718957961,92.6,2023-05-28,87.8,94.5,2016-06-18,NA
"6158733","TORONTO+LESTER+B.+PEARSON+INT","05-29","FFMC",1953,2026,77.6933333333333,15.8243141886222,92.5,2008-05-29,90.3,94.5,2016-06-18,NA
"6158733","TORONTO+LESTER+B.+PEARSON+INT","05-30","FFMC",1953,2026,82.4466666666667,9.10307766574062,92,1988-05-30,88.5,94.5,2016-06-18,NA
"6158733","TORONTO+LESTER+B.+PEARSON+INT","05-31","FFMC",1953,2026,78.3433333333333,15.6477977591942,91.9,2016-05-31,90.7,94.5,2016-06-18,NA
"6158733","TORONTO+LESTER+B.+PEARSON+INT","06-01","FFMC",1953,2026,75.03,15.5651500651849,91.9,2023-06-01,90,94.5,2016-06-18,NA
"6158733","TORONTO+LESTER+B.+PEARSON+INT","06-02","FFMC",1953,2026,77.1333333333333,13.8233269445561,93,2026-06-02,93,94.5,2016-06-18,NA
"6158733","TORONTO+LESTER+B.+PEARSON+INT","06-03","FFMC",1953,2026,76.3566666666667,15.6263412297916,93.5,2026-06-03,93.5,94.5,2016-06-18,NA
"6158733","TORONTO+LESTER+B.+PEARSON+INT","06-04","FFMC",1953,2026,77.3433333333333,14.2510419058502,93.6,2026-06-04,93.6,94.5,2016-06-18,NA
"6158733","TORONTO+LESTER+B.+PEARSON+INT","06-05","FFMC",1953,2026,72.8433333333333,19.0864400924399,93.5,2026-06-05,93.5,94.5,2016-06-18,NA
"6158733","TORONTO+LESTER+B.+PEARSON+INT","06-06","FFMC",1953,2026,76.42,15.2223157420848,91.2,2021-06-06,75.6,94.5,2016-06-18,NA
"6158733","TORONTO+LESTER+B.+PEARSON+INT","06-07","FFMC",1953,2026,76.4866666666667,18.0327237664414,91.8,2023-06-07,82.7,94.5,2016-06-18,NA
"6158733","TORONTO+LESTER+B.+PEARSON+INT","06-08","FFMC",1953,2026,79.6433333333333,19.2176944925554,92.7,1962-06-08,85.8,94.5,2016-06-18,NA
"6158733","TORONTO+LESTER+B.+PEARSON+INT","06-09","FFMC",1953,2026,78.6033333333333,15.4749515810804,91.2,1959-06-09,85.3,94.5,2016-06-18,NA
"6158733","TORONTO+LESTER+B.+PEARSON+INT","06-10","FFMC",1953,2026,79.5733333333333,11.9293591276062,92.1,1997-06-10,65.3,94.5,2016-06-18,NA
"6158733","TORONTO+LESTER+B.+PEARSON+INT","06-11","FFMC",1953,2026,76.1533333333333,15.1315321222874,92.5,2018-06-11,80.8,94.5,2016-06-18,NA
"6158733","TORONTO+LESTER+B.+PEARSON+INT","06-12","FFMC",1953,2026,77.6666666666667,13.9213141802686,93.2,1992-06-12,87.9,94.5,2016-06-18,NA
"6158733","TORONTO+LESTER+B.+PEARSON+INT","06-13","FFMC",1953,2026,76.2466666666667,19.4032832865691,93.1,1988-06-13,91.3,94.5,2016-06-18,NA
"6158733","TORONTO+LESTER+B.+PEARSON+INT","06-14","FFMC",1953,2026,77.2766666666667,14.6848193567449,93.2,1988-06-14,81.4,94.5,2016-06-18,NA
"6158733","TORONTO+LESTER+B.+PEARSON+INT","06-15","FFMC",1953,2026,81.7233333333333,10.3985636718146,93.3,1988-06-15,57.4,94.5,2016-06-18,NA
"6158733","TORONTO+LESTER+B.+PEARSON+INT","06-16","FFMC",1953,2026,81.43,12.4579056744343,93.4,1987-06-16,83.4,94.5,2016-06-18,NA
"6158733","TORONTO+LESTER+B.+PEARSON+INT","06-17","FFMC",1953,2026,80.8166666666667,10.0811563148122,93,2021-06-17,76.1,94.5,2016-06-18,NA
"6158733","TORONTO+LESTER+B.+PEARSON+INT","06-18","FFMC",1953,2026,78.0033333333333,16.2318436145263,94.5,2016-06-18,57.9,94.5,2016-06-18,NA
"6158733","TORONTO+LESTER+B.+PEARSON+INT","06-19","FFMC",1953,2026,78.05,17.8844904875705,94,2016-06-19,71.2,94.5,2016-06-18,NA
"6158733","TORONTO+LESTER+B.+PEARSON+INT","06-20","FFMC",1953,2026,77.1533333333333,24.4900927658137,92.4,1988-06-20,85.4,94.5,2016-06-18,NA
"6158733","TORONTO+LESTER+B.+PEARSON+INT","06-21","FFMC",1953,2026,81.1966666666667,16.2291029206545,92.9,1987-06-21,87.5,94.5,2016-06-18,NA
"6158733","TORONTO+LESTER+B.+PEARSON+INT","06-22","FFMC",1953,2026,81.22,11.3734839838562,92.3,1983-06-22,86.4,94.5,2016-06-18,NA
"6158733","TORONTO+LESTER+B.+PEARSON+INT","06-23","FFMC",1953,2026,79.65,12.2410206358333,91.6,1999-06-23,88.9,94.5,2016-06-18,NA
"6158733","TORONTO+LESTER+B.+PEARSON+INT","06-24","FFMC",1953,2026,75.4333333333334,19.3245659867101,91.7,1991-06-24,89.9,94.5,2016-06-18,NA
"6158733","TORONTO+LESTER+B.+PEARSON+INT","06-25","FFMC",1953,2026,78.7133333333333,11.9982105945539,92,1988-06-25,82.1,94.5,2016-06-18,NA
"6158733","TORONTO+LESTER+B.+PEARSON+INT","06-26","FFMC",1953,2026,84.4466666666667,6.82372804028825,93.6,2005-06-26,45.5,94.5,2016-06-18,NA
"6158733","TORONTO+LESTER+B.+PEARSON+INT","06-27","FFMC",1953,2026,78.24,17.3515496674524,92.3,2005-06-27,76,94.5,2016-06-18,NA
"6158733","TORONTO+LESTER+B.+PEARSON+INT","06-28","FFMC",1953,2026,78.6433333333333,16.0666002526409,92,1991-06-28,86.6,94.5,2016-06-18,NA
"6158733","TORONTO+LESTER+B.+PEARSON+INT","06-29","FFMC",1953,2026,76.2566666666667,16.5227676427018,91.9,1955-06-29,90.3,94.5,2016-06-18,NA
"6158733","TORONTO+LESTER+B.+PEARSON+INT","06-30","FFMC",1953,2026,80.1566666666667,13.3739500608416,92.3,2016-06-30,88.5,94.5,2016-06-18,NA
"6158733","TORONTO+LESTER+B.+PEARSON+INT","07-01","FFMC",1953,2026,85.0966666666667,8.91873206286608,91.8,1978-07-01,88.6,94.5,2016-06-18,NA
"6158733","TORONTO+LESTER+B.+PEARSON+INT","07-02","FFMC",1953,2026,85.4966666666667,6.90829003910286,92.5,2020-07-02,88.7,94.5,2016-06-18,NA
"6158733","TORONTO+LESTER+B.+PEARSON+INT","07-03","FFMC",1953,2026,84.5,9.72820286766691,91.7,1962-07-03,89.5,94.5,2016-06-18,NA
"6158733","TORONTO+LESTER+B.+PEARSON+INT","07-04","FFMC",1953,2026,83.3833333333333,11.8210823745437,93.3,1963-07-04,42.4,94.5,2016-06-18,NA
"6158733","TORONTO+LESTER+B.+PEARSON+INT","07-05","FFMC",1953,2026,82.74,14.4607578377269,94.2,2020-07-05,65.9,94.5,2016-06-18,NA
"6158733","TORONTO+LESTER+B.+PEARSON+INT","07-06","FFMC",1953,2026,84.7166666666667,8.5936256783066,92.5,1988-07-06,81.7,94.5,2016-06-18,NA
"6158733","TORONTO+LESTER+B.+PEARSON+INT","07-07","FFMC",1953,2026,77.65,18.9360038387013,94.3,1988-07-07,84.7,94.5,2016-06-18,NA
"6158733","TORONTO+LESTER+B.+PEARSON+INT","07-08","FFMC",1953,2026,77.7266666666667,16.5431292818735,94.4,1988-07-08,86.1,94.5,2016-06-18,NA
"6158733","TORONTO+LESTER+B.+PEARSON+INT","07-09","FFMC",1953,2026,78.3533333333333,14.8166666020196,94.4,1988-07-09,86.5,94.5,2016-06-18,NA
"6158733","TORONTO+LESTER+B.+PEARSON+INT","07-10","FFMC",1953,2026,84.3966666666667,6.8792783970681,93.6,2005-07-10,61.7,94.5,2016-06-18,NA
"6158733","TORONTO+LESTER+B.+PEARSON+INT","07-11","FFMC",1953,2026,83.5833333333333,11.6031233409099,92.7,2005-07-11,82.2,94.5,2016-06-18,NA
"6158733","TORONTO+LESTER+B.+PEARSON+INT","07-12","FFMC",1953,2026,81.2866666666667,16.4888412284633,92.5,2005-07-12,88.8,94.5,2016-06-18,NA
"6158733","TORONTO+LESTER+B.+PEARSON+INT","07-13","FFMC",1953,2026,84.5266666666667,8.57638832968804,91.9,1954-07-13,91.8,94.5,2016-06-18,NA
"6158733","TORONTO+LESTER+B.+PEARSON+INT","07-14","FFMC",1953,2026,79.7266666666667,16.5081366214556,93.4,1955-07-14,91.5,94.5,2016-06-18,NA
"6158733","TORONTO+LESTER+B.+PEARSON+INT","07-15","FFMC",1953,2026,80.92,13.8558689171151,92.5,1959-07-15,88.7,94.5,2016-06-18,NA
"6158733","TORONTO+LESTER+B.+PEARSON+INT","07-16","FFMC",1953,2026,84.4966666666667,7.05542018755712,91.9,2002-07-16,91.3,94.5,2016-06-18,NA
"6158733","TORONTO+LESTER+B.+PEARSON+INT","07-17","FFMC",1953,2026,80.2,16.6738697078537,93.2,1966-07-17,88.7,94.5,2016-06-18,NA
"6158733","TORONTO+LESTER+B.+PEARSON+INT","07-18","FFMC",1953,2026,83.17,12.6860539773896,93.1,1973-07-18,80.8,94.5,2016-06-18,NA
"6158733","TORONTO+LESTER+B.+PEARSON+INT","07-19","FFMC",1953,2026,80.0633333333333,15.0079859967339,92.6,1973-07-19,70,94.5,2016-06-18,NA
"6158733","TORONTO+LESTER+B.+PEARSON+INT","07-20","FFMC",1953,2026,80.8366666666667,14.1933564675905,91.9,1969-07-20,85.8,94.5,2016-06-18,NA
"6158733","TORONTO+LESTER+B.+PEARSON+INT","07-21","FFMC",1953,2026,81.3066666666667,11.3067551774892,91.7,1955-07-21,57.7,94.5,2016-06-18,NA
"6158733","TORONTO+LESTER+B.+PEARSON+INT","07-22","FFMC",1953,2026,81.49,10.9933632016212,92.5,1982-07-22,59.9,94.5,2016-06-18,NA
"6158733","TORONTO+LESTER+B.+PEARSON+INT","07-23","FFMC",1953,2026,74.2233333333333,18.10630835645,93.2,2016-07-23,86.1,94.5,2016-06-18,NA
"6158733","TORONTO+LESTER+B.+PEARSON+INT","07-24","FFMC",1953,2026,81.57,9.87288694109905,92.7,1982-07-24,89.9,94.5,2016-06-18,NA
"6158733","TORONTO+LESTER+B.+PEARSON+INT","07-25","FFMC",1953,2026,82.6433333333333,11.3441670666815,92.4,1966-07-25,88.5,94.5,2016-06-18,NA
"6158733","TORONTO+LESTER+B.+PEARSON+INT","07-26","FFMC",1953,2026,79.4333333333334,18.5496599714785,92.7,1954-07-26,88.5,94.5,2016-06-18,NA
"6158733","TORONTO+LESTER+B.+PEARSON+INT","07-27","FFMC",1953,2026,79.22,13.2081061839129,93.3,1983-07-27,83.8,94.5,2016-06-18,NA
"6158733","TORONTO+LESTER+B.+PEARSON+INT","07-28","FFMC",1953,2026,78.45,11.9106949911587,92.8,1999-07-28,57.5,94.5,2016-06-18,NA
"6158733","TORONTO+LESTER+B.+PEARSON+INT","07-29","FFMC",1953,2026,81.3833333333333,9.46471062032204,92.7,1999-07-29,85.3,94.5,2016-06-18,NA
"6158733","TORONTO+LESTER+B.+PEARSON+INT","07-30","FFMC",1953,2026,80.91,11.885788384337,92.4,1999-07-30,89,94.5,2016-06-18,NA
"6158733","TORONTO+LESTER+B.+PEARSON+INT","07-31","FFMC",1953,2026,79.5633333333333,14.9380902470793,92.4,1997-07-31,90.4,94.5,2016-06-18,NA
"6158733","TORONTO+LESTER+B.+PEARSON+INT","08-01","FFMC",1953,2026,81.0566666666667,13.4120553937515,91.2,1975-08-01,89.3,94.5,2016-06-18,NA
"6158733","TORONTO+LESTER+B.+PEARSON+INT","08-02","FFMC",1953,2026,82.89,8.53384135520822,92,1955-08-02,42.2,94.5,2016-06-18,NA
"6158733","TORONTO+LESTER+B.+PEARSON+INT","08-03","FFMC",1953,2026,74.8166666666667,20.8270726225024,92.8,1959-08-03,64.8,94.5,2016-06-18,NA
"6158733","TORONTO+LESTER+B.+PEARSON+INT","08-04","FFMC",1953,2026,76.9766666666667,19.6091935393674,92.1,2025-08-04,86.3,94.5,2016-06-18,NA
"6158733","TORONTO+LESTER+B.+PEARSON+INT","08-05","FFMC",1953,2026,80.5733333333333,14.0774687510497,92.3,2001-08-05,88.4,94.5,2016-06-18,NA
"6158733","TORONTO+LESTER+B.+PEARSON+INT","08-06","FFMC",1953,2026,83.36,11.9743576604054,92.9,2001-08-06,87.9,94.5,2016-06-18,NA
"6158733","TORONTO+LESTER+B.+PEARSON+INT","08-07","FFMC",1953,2026,80.8366666666667,15.0199518648692,92.2,1957-08-07,41.7,94.5,2016-06-18,NA
"6158733","TORONTO+LESTER+B.+PEARSON+INT","08-08","FFMC",1953,2026,78.7933333333333,17.0757325956505,92.9,2001-08-08,NA,94.5,2016-06-18,NA
"6158733","TORONTO+LESTER+B.+PEARSON+INT","08-09","FFMC",1953,2026,82.0333333333333,10.2369962368862,91.6,1975-08-09,NA,94.5,2016-06-18,NA
"6158733","TORONTO+LESTER+B.+PEARSON+INT","08-10","FFMC",1953,2026,77.5433333333333,15.9570259810818,91.6,1975-08-10,NA,94.5,2016-06-18,NA
"6158733","TORONTO+LESTER+B.+PEARSON+INT","08-11","FFMC",1953,2026,79.7433333333333,13.822861706142,91.5,2002-08-11,NA,94.5,2016-06-18,NA
"6158733","TORONTO+LESTER+B.+PEARSON+INT","08-12","FFMC",1953,2026,79.7,13.5350630229225,92.1,2022-08-12,NA,94.5,2016-06-18,NA
"6158733","TORONTO+LESTER+B.+PEARSON+INT","08-13","FFMC",1953,2026,78.8133333333333,13.5978886123046,92.5,2022-08-13,NA,94.5,2016-06-18,NA
"6158733","TORONTO+LESTER+B.+PEARSON+INT","08-14","FFMC",1953,2026,81.0766666666667,11.3642113166983,92.4,2001-08-14,NA,94.5,2016-06-18,NA
"6158733","TORONTO+LESTER+B.+PEARSON+INT","08-15","FFMC",1953,2026,82.32,8.2532919242086,92.7,2001-08-15,NA,94.5,2016-06-18,NA
"6158733","TORONTO+LESTER+B.+PEARSON+INT","08-16","FFMC",1953,2026,79.6833333333333,15.6795954234693,90.9,2007-08-16,NA,94.5,2016-06-18,NA
"6158733","TORONTO+LESTER+B.+PEARSON+INT","08-17","FFMC",1953,2026,81.4666666666667,9.856219228044,91.5,2007-08-17,NA,94.5,2016-06-18,NA
"6158733","TORONTO+LESTER+B.+PEARSON+INT","08-18","FFMC",1953,2026,82.35,9.95516674032064,91,2007-08-18,NA,94.5,2016-06-18,NA
"6158733","TORONTO+LESTER+B.+PEARSON+INT","08-19","FFMC",1953,2026,83.26,9.50704276149873,90.6,2011-08-19,NA,94.5,2016-06-18,NA
"6158733","TORONTO+LESTER+B.+PEARSON+INT","08-20","FFMC",1953,2026,77.7666666666667,16.7168783864843,91.1,1983-08-20,NA,94.5,2016-06-18,NA
"6158733","TORONTO+LESTER+B.+PEARSON+INT","08-21","FFMC",1953,2026,78.9833333333333,16.1938064646979,90.6,1988-08-21,NA,94.5,2016-06-18,NA
"6158733","TORONTO+LESTER+B.+PEARSON+INT","08-22","FFMC",1953,2026,79.92,14.6369254355857,91.3,1954-08-22,NA,94.5,2016-06-18,NA
"6158733","TORONTO+LESTER+B.+PEARSON+INT","08-23","FFMC",1953,2026,80.2766666666667,13.6102315299502,91.7,2006-08-23,NA,94.5,2016-06-18,NA
"6158733","TORONTO+LESTER+B.+PEARSON+INT","08-24","FFMC",1953,2026,85.03,4.97823885214094,90.7,1965-08-24,NA,94.5,2016-06-18,NA
"6158733","TORONTO+LESTER+B.+PEARSON+INT","08-25","FFMC",1953,2026,84.7166666666667,5.84902487206397,90.4,1959-08-25,NA,94.5,2016-06-18,NA
"6158733","TORONTO+LESTER+B.+PEARSON+INT","08-26","FFMC",1953,2026,81.0266666666667,10.1887339179397,91.2,1984-08-26,NA,94.5,2016-06-18,NA
"6158733","TORONTO+LESTER+B.+PEARSON+INT","08-27","FFMC",1953,2026,79.2133333333334,15.9317452197531,91.2,1984-08-27,NA,94.5,2016-06-18,NA
"6158733","TORONTO+LESTER+B.+PEARSON+INT","08-28","FFMC",1953,2026,78.61,17.2572293696654,91.3,1953-08-28,NA,94.5,2016-06-18,NA
"6158733","TORONTO+LESTER+B.+PEARSON+INT","08-29","FFMC",1953,2026,81.0833333333333,14.6844999993151,92.2,1953-08-29,NA,94.5,2016-06-18,NA
"6158733","TORONTO+LESTER+B.+PEARSON+INT","08-30","FFMC",1953,2026,84.8033333333333,7.89698691266806,92.3,1953-08-30,NA,94.5,2016-06-18,NA
"6158733","TORONTO+LESTER+B.+PEARSON+INT","08-31","FFMC",1953,2026,83.03,9.92611150729088,90.8,1998-08-31,NA,94.5,2016-06-18,NA
"6158733","TORONTO+LESTER+B.+PEARSON+INT","09-01","FFMC",1953,2026,85.5633333333333,4.80283560878961,90.8,2010-09-01,NA,94.5,2016-06-18,NA
"6158733","TORONTO+LESTER+B.+PEARSON+INT","09-02","FFMC",1953,2026,81.8533333333333,11.0735077871758,90.2,1953-09-02,NA,94.5,2016-06-18,NA
"6158733","TORONTO+LESTER+B.+PEARSON+INT","09-03","FFMC",1953,2026,77.1233333333333,19.0107534602508,92.1,1999-09-03,NA,94.5,2016-06-18,NA
"6158733","TORONTO+LESTER+B.+PEARSON+INT","09-04","FFMC",1953,2026,80.7333333333333,10.8913231308335,92.2,1999-09-04,NA,94.5,2016-06-18,NA
"6158733","TORONTO+LESTER+B.+PEARSON+INT","09-05","FFMC",1953,2026,81.98,9.65552905745254,90.2,1959-09-05,NA,94.5,2016-06-18,NA
"6158733","TORONTO+LESTER+B.+PEARSON+INT","09-06","FFMC",1953,2026,79.5166666666667,12.5725229502011,92.3,1978-09-06,NA,94.5,2016-06-18,NA
"6158733","TORONTO+LESTER+B.+PEARSON+INT","09-07","FFMC",1953,2026,80.51,12.6136311050852,91.9,1960-09-07,NA,94.5,2016-06-18,NA
"6158733","TORONTO+LESTER+B.+PEARSON+INT","09-08","FFMC",1953,2026,75.8066666666667,14.7951514269752,91.8,1960-09-08,NA,94.5,2016-06-18,NA
"6158733","TORONTO+LESTER+B.+PEARSON+INT","09-09","FFMC",1953,2026,76.0433333333333,14.0660433211562,92.2,2002-09-09,NA,94.5,2016-06-18,NA
"6158733","TORONTO+LESTER+B.+PEARSON+INT","09-10","FFMC",1953,2026,75.66,16.799950738844,92.3,2002-09-10,NA,94.5,2016-06-18,NA
"6158733","TORONTO+LESTER+B.+PEARSON+INT","09-11","FFMC",1953,2026,79.1933333333334,13.4854949746994,91.3,1973-09-11,NA,94.5,2016-06-18,NA
"6158733","TORONTO+LESTER+B.+PEARSON+INT","09-12","FFMC",1953,2026,79.6566666666667,12.7875123172714,91.2,1973-09-12,NA,94.5,2016-06-18,NA
"6158733","TORONTO+LESTER+B.+PEARSON+INT","09-13","FFMC",1953,2026,76.2733333333333,19.7023179685369,90.4,1973-09-13,NA,94.5,2016-06-18,NA
"6158733","TORONTO+LESTER+B.+PEARSON+INT","09-14","FFMC",1953,2026,77.2866666666667,16.2212022457909,91.4,2007-09-14,NA,94.5,2016-06-18,NA
"6158733","TORONTO+LESTER+B.+PEARSON+INT","09-15","FFMC",1953,2026,77.0933333333333,10.6614009991355,89.5,1967-09-15,NA,94.5,2016-06-18,NA
"6158733","TORONTO+LESTER+B.+PEARSON+INT","09-16","FFMC",1953,2026,79.6366666666667,10.6391431899421,89.5,1967-09-16,NA,94.5,2016-06-18,NA
"6158733","TORONTO+LESTER+B.+PEARSON+INT","09-17","FFMC",1953,2026,81.1866666666667,11.3751918008334,89.4,2001-09-17,NA,94.5,2016-06-18,NA
"6158733","TORONTO+LESTER+B.+PEARSON+INT","09-18","FFMC",1953,2026,81.8133333333333,11.7009794265365,90,1963-09-18,NA,94.5,2016-06-18,NA
"6158733","TORONTO+LESTER+B.+PEARSON+INT","09-19","FFMC",1953,2026,81.1633333333334,12.1616265737581,91.5,1955-09-19,NA,94.5,2016-06-18,NA
"6158733","TORONTO+LESTER+B.+PEARSON+INT","09-20","FFMC",1953,2026,78.3533333333334,13.9649248632702,90.9,1955-09-20,NA,94.5,2016-06-18,NA
"6158733","TORONTO+LESTER+B.+PEARSON+INT","09-21","FFMC",1953,2026,79.2033333333333,15.4600147953119,91.6,2016-09-21,NA,94.5,2016-06-18,NA
"6158733","TORONTO+LESTER+B.+PEARSON+INT","09-22","FFMC",1953,2026,74.4133333333333,17.6579323453411,90.9,2004-09-22,NA,94.5,2016-06-18,NA
"6158733","TORONTO+LESTER+B.+PEARSON+INT","09-23","FFMC",1953,2026,76.8233333333333,14.2487672384699,91.2,2017-09-23,NA,94.5,2016-06-18,NA
"6158733","TORONTO+LESTER+B.+PEARSON+INT","09-24","FFMC",1953,2026,79.33,14.4959958799568,91.2,2017-09-24,NA,94.5,2016-06-18,NA
"6158733","TORONTO+LESTER+B.+PEARSON+INT","09-25","FFMC",1953,2026,76.5733333333333,16.0216864524809,90.4,2017-09-25,NA,94.5,2016-06-18,NA
"6158733","TORONTO+LESTER+B.+PEARSON+INT","09-26","FFMC",1953,2026,75.19,16.221576733602,90.1,1979-09-26,NA,94.5,2016-06-18,NA
"6158733","TORONTO+LESTER+B.+PEARSON+INT","09-27","FFMC",1953,2026,73.5666666666667,16.6927474099369,89.8,1963-09-27,NA,94.5,2016-06-18,NA
"6158733","TORONTO+LESTER+B.+PEARSON+INT","09-28","FFMC",1953,2026,74.42,16.9482864559549,87.9,1998-09-28,NA,94.5,2016-06-18,NA
"6158733","TORONTO+LESTER+B.+PEARSON+INT","09-29","FFMC",1953,2026,74.2733333333333,15.8923085567946,88.4,1958-09-29,NA,94.5,2016-06-18,NA
"6158733","TORONTO+LESTER+B.+PEARSON+INT","09-30","FFMC",1953,2026,75.4333333333333,12.7297461397158,88.1,1989-09-30,NA,94.5,2016-06-18,NA
"6158733","TORONTO+LESTER+B.+PEARSON+INT","10-01","FFMC",1953,2026,74.76,16.0297266954566,89.5,1953-10-01,NA,94.5,2016-06-18,NA
"6158733","TORONTO+LESTER+B.+PEARSON+INT","10-02","FFMC",1953,2026,73.45,18.8249238675935,89.6,2001-10-02,NA,94.5,2016-06-18,NA
"6158733","TORONTO+LESTER+B.+PEARSON+INT","10-03","FFMC",1953,2026,71.2233333333333,19.3497871917966,90.1,2023-10-03,NA,94.5,2016-06-18,NA
"6158733","TORONTO+LESTER+B.+PEARSON+INT","10-04","FFMC",1953,2026,66.3133333333333,19.686030988799,89.5,2004-10-04,NA,94.5,2016-06-18,NA
"6158733","TORONTO+LESTER+B.+PEARSON+INT","10-05","FFMC",1953,2026,73.05,14.8174582491572,90.3,1997-10-05,NA,94.5,2016-06-18,NA
"6158733","TORONTO+LESTER+B.+PEARSON+INT","10-06","FFMC",1953,2026,74.3866666666667,16.9774035083418,90.7,1963-10-06,NA,94.5,2016-06-18,NA
"6158733","TORONTO+LESTER+B.+PEARSON+INT","10-07","FFMC",1953,2026,73.9833333333333,16.2163196499238,91.3,1963-10-07,NA,94.5,2016-06-18,NA
"6158733","TORONTO+LESTER+B.+PEARSON+INT","10-08","FFMC",1953,2026,77.8733333333333,10.5870100410454,89.7,1963-10-08,NA,94.5,2016-06-18,NA
"6158733","TORONTO+LESTER+B.+PEARSON+INT","10-09","FFMC",1953,2026,73.9666666666667,17.0990488409259,89.3,1961-10-09,NA,94.5,2016-06-18,NA
"6158733","TORONTO+LESTER+B.+PEARSON+INT","10-10","FFMC",1953,2026,77.2633333333333,13.3246332247726,89,1960-10-10,NA,94.5,2016-06-18,NA
"6158733","TORONTO+LESTER+B.+PEARSON+INT","10-11","FFMC",1953,2026,79.3466666666667,11.8937460626288,89.3,1955-10-11,NA,94.5,2016-06-18,NA
"6158733","TORONTO+LESTER+B.+PEARSON+INT","10-12","FFMC",1953,2026,77.1233333333333,13.6990732969571,90.2,1960-10-12,NA,94.5,2016-06-18,NA
"6158733","TORONTO+LESTER+B.+PEARSON+INT","10-13","FFMC",1953,2026,76.72,15.0339248551975,88.6,1995-10-13,NA,94.5,2016-06-18,NA
"6158733","TORONTO+LESTER+B.+PEARSON+INT","10-14","FFMC",1953,2026,73.07,16.4717344102787,91.5,1963-10-14,NA,94.5,2016-06-18,NA
"6158733","TORONTO+LESTER+B.+PEARSON+INT","10-15","FFMC",1953,2026,72.74,15.8895671692965,92.7,1963-10-15,NA,94.5,2016-06-18,NA
"6158733","TORONTO+LESTER+B.+PEARSON+INT","10-16","FFMC",1953,2026,67.9133333333333,16.5812884432055,92.9,1963-10-16,NA,94.5,2016-06-18,NA
"6158733","TORONTO+LESTER+B.+PEARSON+INT","10-17","FFMC",1953,2026,69.15,20.3267913915567,92.6,1963-10-17,NA,94.5,2016-06-18,NA
"6158733","TORONTO+LESTER+B.+PEARSON+INT","10-18","FFMC",1953,2026,71.76,18.2135909845292,92.7,1963-10-18,NA,94.5,2016-06-18,NA
"6158733","TORONTO+LESTER+B.+PEARSON+INT","10-19","FFMC",1953,2026,69.3766666666667,20.0462686068373,91.3,1963-10-19,NA,94.5,2016-06-18,NA
"6158733","TORONTO+LESTER+B.+PEARSON+INT","10-20","FFMC",1953,2026,69.3833333333334,19.3660578177981,90,1963-10-20,NA,94.5,2016-06-18,NA
"6158733","TORONTO+LESTER+B.+PEARSON+INT","10-21","FFMC",1953,2026,71.05,16.4505266659219,89.6,2024-10-21,NA,94.5,2016-06-18,NA
"6158733","TORONTO+LESTER+B.+PEARSON+INT","10-22","FFMC",1953,2026,69.2266666666667,17.9973931701105,89.7,2007-10-22,NA,94.5,2016-06-18,NA
"6158733","TORONTO+LESTER+B.+PEARSON+INT","10-23","FFMC",1953,2026,68.6766666666667,18.095335335924,88.4,2024-10-23,NA,94.5,2016-06-18,NA
"6158733","TORONTO+LESTER+B.+PEARSON+INT","10-24","FFMC",1953,2026,67.7166666666667,18.5387401151608,89,1966-10-24,NA,94.5,2016-06-18,NA
"6158733","TORONTO+LESTER+B.+PEARSON+INT","10-25","FFMC",1953,2026,70.3033333333333,15.3623472374399,88.1,1998-10-25,NA,94.5,2016-06-18,NA
"6158733","TORONTO+LESTER+B.+PEARSON+INT","10-26","FFMC",1953,2026,69.1,18.7550636840589,87.5,1999-10-26,NA,94.5,2016-06-18,NA
"6158733","TORONTO+LESTER+B.+PEARSON+INT","10-27","FFMC",1953,2026,63.0633333333333,20.812620231954,88.6,1985-10-27,NA,94.5,2016-06-18,NA
"6158733","TORONTO+LESTER+B.+PEARSON+INT","10-28","FFMC",1953,2026,64.58,18.5868028821342,87.9,1966-10-28,NA,94.5,2016-06-18,NA
"6158733","TORONTO+LESTER+B.+PEARSON+INT","10-29","FFMC",1953,2026,71.33,15.5077544562668,87.6,1994-10-29,NA,94.5,2016-06-18,NA
"6158733","TORONTO+LESTER+B.+PEARSON+INT","10-30","FFMC",1953,2026,73.79,16.0516698024933,89.5,1994-10-30,NA,94.5,2016-06-18,NA
"6158733","TORONTO+LESTER+B.+PEARSON+INT","10-31","FFMC",1953,2026,69.3533333333333,22.1220709470995,89.3,2000-10-31,NA,94.5,2016-06-18,NA
"6158733","TORONTO+LESTER+B.+PEARSON+INT","04-01","FWI",1953,2026,4.09,5.15783115487723,16.7,2000-04-01,0,102.4,1958-06-16,NA
"6158733","TORONTO+LESTER+B.+PEARSON+INT","04-02","FWI",1953,2026,2.86,3.17567140757492,10.5,1968-04-02,NA,102.4,1958-06-16,NA
"6158733","TORONTO+LESTER+B.+PEARSON+INT","04-03","FWI",1953,2026,2.0375,2.59115942057936,7.4,1968-04-03,0.5,102.4,1958-06-16,NA
"6158733","TORONTO+LESTER+B.+PEARSON+INT","04-04","FWI",1953,2026,5.32,5.63220896076999,17.6,1963-04-04,0.3,102.4,1958-06-16,NA
"6158733","TORONTO+LESTER+B.+PEARSON+INT","04-05","FWI",1953,2026,5.38,5.38161479277157,16.4,2010-04-05,0.1,102.4,1958-06-16,NA
"6158733","TORONTO+LESTER+B.+PEARSON+INT","04-06","FWI",1953,2026,4.93333333333333,5.81893461039046,18.1,2012-04-06,0.3,102.4,1958-06-16,NA
"6158733","TORONTO+LESTER+B.+PEARSON+INT","04-07","FWI",1953,2026,5.05454545454545,4.32304606414589,12.3,2012-04-07,0.3,102.4,1958-06-16,NA
"6158733","TORONTO+LESTER+B.+PEARSON+INT","04-08","FWI",1953,2026,4.79166666666667,6.05692065977324,21.9,1968-04-08,0.5,102.4,1958-06-16,NA
"6158733","TORONTO+LESTER+B.+PEARSON+INT","04-09","FWI",1953,2026,10.6,18.5921782185168,67.1,2012-04-09,0.8,102.4,1958-06-16,NA
"6158733","TORONTO+LESTER+B.+PEARSON+INT","04-10","FWI",1953,2026,6.74166666666667,9.99585899108711,29.3,2012-04-10,0,102.4,1958-06-16,NA
"6158733","TORONTO+LESTER+B.+PEARSON+INT","04-11","FWI",1953,2026,4.79333333333333,5.04514854186909,19.4,2012-04-11,0.1,102.4,1958-06-16,NA
"6158733","TORONTO+LESTER+B.+PEARSON+INT","04-12","FWI",1953,2026,4.5,3.96048665512896,25.3,1968-04-12,0.4,102.4,1958-06-16,NA
"6158733","TORONTO+LESTER+B.+PEARSON+INT","04-13","FWI",1953,2026,4.325,5.70689641282078,19,1977-04-13,1.6,102.4,1958-06-16,NA
"6158733","TORONTO+LESTER+B.+PEARSON+INT","04-14","FWI",1953,2026,5.55294117647059,6.78132708684838,37.3,1964-04-14,0,102.4,1958-06-16,NA
"6158733","TORONTO+LESTER+B.+PEARSON+INT","04-15","FWI",1953,2026,4.975,4.89523577913601,23.1,1963-04-15,0,102.4,1958-06-16,NA
"6158733","TORONTO+LESTER+B.+PEARSON+INT","04-16","FWI",1953,2026,5.98125,5.2296868931132,19.3,1971-04-16,0,102.4,1958-06-16,NA
"6158733","TORONTO+LESTER+B.+PEARSON+INT","04-17","FWI",1953,2026,4.81052631578947,4.33537064118989,16.3,1968-04-17,0,102.4,1958-06-16,NA
"6158733","TORONTO+LESTER+B.+PEARSON+INT","04-18","FWI",1953,2026,6.725,7.03853117153228,30.8,2015-04-18,0.4,102.4,1958-06-16,NA
"6158733","TORONTO+LESTER+B.+PEARSON+INT","04-19","FWI",1953,2026,6.555,6.66123704332524,24.1,2009-04-19,0.1,102.4,1958-06-16,NA
"6158733","TORONTO+LESTER+B.+PEARSON+INT","04-20","FWI",1953,2026,4.96,5.2100510150043,17.2,1959-04-20,NA,102.4,1958-06-16,NA
"6158733","TORONTO+LESTER+B.+PEARSON+INT","04-21","FWI",1953,2026,3.50454545454545,5.18362598525186,17.9,1971-04-21,0.6,102.4,1958-06-16,NA
"6158733","TORONTO+LESTER+B.+PEARSON+INT","04-22","FWI",1953,2026,3.42727272727273,4.06520447774616,27.2,1971-04-22,1,102.4,1958-06-16,NA
"6158733","TORONTO+LESTER+B.+PEARSON+INT","04-23","FWI",1953,2026,5,6.21457231761841,24.9,2007-04-23,7.2,102.4,1958-06-16,NA
"6158733","TORONTO+LESTER+B.+PEARSON+INT","04-24","FWI",1953,2026,4.53333333333333,4.85795328764363,18.6,2010-04-24,7.7,102.4,1958-06-16,NA
"6158733","TORONTO+LESTER+B.+PEARSON+INT","04-25","FWI",1953,2026,5.95416666666667,6.62905194655653,24.7,1997-04-25,0,102.4,1958-06-16,NA
"6158733","TORONTO+LESTER+B.+PEARSON+INT","04-26","FWI",1953,2026,3.84,4.42059573662495,16.9,1958-04-26,0,102.4,1958-06-16,NA
"6158733","TORONTO+LESTER+B.+PEARSON+INT","04-27","FWI",1953,2026,4.64230769230769,5.54690350209362,22.8,1962-04-27,0.8,102.4,1958-06-16,NA
"6158733","TORONTO+LESTER+B.+PEARSON+INT","04-28","FWI",1953,2026,5.53076923076923,8.1598416274224,43,1962-04-28,0.7,102.4,1958-06-16,NA
"6158733","TORONTO+LESTER+B.+PEARSON+INT","04-29","FWI",1953,2026,5.86666666666666,5.89282484173631,20.9,2012-04-29,0.4,102.4,1958-06-16,NA
"6158733","TORONTO+LESTER+B.+PEARSON+INT","04-30","FWI",1953,2026,6.53333333333333,6.03394245402304,39.2,1984-04-30,1.2,102.4,1958-06-16,NA
"6158733","TORONTO+LESTER+B.+PEARSON+INT","05-01","FWI",1953,2026,4.34814814814815,5.07401906930488,25.3,1990-05-01,2.8,102.4,1958-06-16,NA
"6158733","TORONTO+LESTER+B.+PEARSON+INT","05-02","FWI",1953,2026,5.32592592592593,6.46907391972896,31.3,1982-05-02,4.5,102.4,1958-06-16,NA
"6158733","TORONTO+LESTER+B.+PEARSON+INT","05-03","FWI",1953,2026,5.2962962962963,6.68663888670082,29,2001-05-03,6.6,102.4,1958-06-16,NA
"6158733","TORONTO+LESTER+B.+PEARSON+INT","05-04","FWI",1953,2026,7.13333333333333,8.96999271074226,35.5,2010-05-04,12.3,102.4,1958-06-16,NA
"6158733","TORONTO+LESTER+B.+PEARSON+INT","05-05","FWI",1953,2026,7.68888888888889,12.5190111840209,61.9,2010-05-05,10.7,102.4,1958-06-16,NA
"6158733","TORONTO+LESTER+B.+PEARSON+INT","05-06","FWI",1953,2026,8.2962962962963,7.25785947897341,34.8,1962-05-06,0,102.4,1958-06-16,NA
"6158733","TORONTO+LESTER+B.+PEARSON+INT","05-07","FWI",1953,2026,7.875,7.16755162494811,38,1957-05-07,0.3,102.4,1958-06-16,NA
"6158733","TORONTO+LESTER+B.+PEARSON+INT","05-08","FWI",1953,2026,7.06785714285714,6.29256195669427,48.7,1977-05-08,0.7,102.4,1958-06-16,NA
"6158733","TORONTO+LESTER+B.+PEARSON+INT","05-09","FWI",1953,2026,5.16206896551724,4.75938274757673,55.6,1987-05-09,1.9,102.4,1958-06-16,NA
"6158733","TORONTO+LESTER+B.+PEARSON+INT","05-10","FWI",1953,2026,5.28275862068966,5.0395626911694,27.8,1977-05-10,3.2,102.4,1958-06-16,NA
"6158733","TORONTO+LESTER+B.+PEARSON+INT","05-11","FWI",1953,2026,7.04827586206897,6.71531409166792,31.5,1972-05-11,5.8,102.4,1958-06-16,NA
"6158733","TORONTO+LESTER+B.+PEARSON+INT","05-12","FWI",1953,2026,7.01034482758621,7.16436343636166,33.6,1977-05-12,6.9,102.4,1958-06-16,NA
"6158733","TORONTO+LESTER+B.+PEARSON+INT","05-13","FWI",1953,2026,5.83214285714286,6.10604154802794,32.6,1958-05-13,0.7,102.4,1958-06-16,NA
"6158733","TORONTO+LESTER+B.+PEARSON+INT","05-14","FWI",1953,2026,7.3,7.97612508857349,35.4,1956-05-14,1,102.4,1958-06-16,NA
"6158733","TORONTO+LESTER+B.+PEARSON+INT","05-15","FWI",1953,2026,5.73448275862069,5.04708373094722,25.7,1962-05-15,4.4,102.4,1958-06-16,NA
"6158733","TORONTO+LESTER+B.+PEARSON+INT","05-16","FWI",1953,2026,6.54666666666667,8.15131609146575,31.6,2013-05-16,8.1,102.4,1958-06-16,NA
"6158733","TORONTO+LESTER+B.+PEARSON+INT","05-17","FWI",1953,2026,6.14333333333333,7.49195814067385,34.7,1958-05-17,1.9,102.4,1958-06-16,NA
"6158733","TORONTO+LESTER+B.+PEARSON+INT","05-18","FWI",1953,2026,6.13333333333333,6.81693294030708,40.6,1955-05-18,6.5,102.4,1958-06-16,NA
"6158733","TORONTO+LESTER+B.+PEARSON+INT","05-19","FWI",1953,2026,6.21,6.49771047210557,40.6,1958-05-19,13.3,102.4,1958-06-16,NA
"6158733","TORONTO+LESTER+B.+PEARSON+INT","05-20","FWI",1953,2026,7.29666666666667,6.01357563800631,31.6,1962-05-20,15.8,102.4,1958-06-16,NA
"6158733","TORONTO+LESTER+B.+PEARSON+INT","05-21","FWI",1953,2026,9.68333333333333,9.18875186951635,41.7,2009-05-21,10.9,102.4,1958-06-16,NA
"6158733","TORONTO+LESTER+B.+PEARSON+INT","05-22","FWI",1953,2026,8.64333333333333,6.98568404733534,32.9,1964-05-22,24.9,102.4,1958-06-16,NA
"6158733","TORONTO+LESTER+B.+PEARSON+INT","05-23","FWI",1953,2026,8.46333333333333,6.1068352508979,28.7,1964-05-23,15.1,102.4,1958-06-16,NA
"6158733","TORONTO+LESTER+B.+PEARSON+INT","05-24","FWI",1953,2026,9.34,8.73694494068446,36.9,2015-05-24,0,102.4,1958-06-16,NA
"6158733","TORONTO+LESTER+B.+PEARSON+INT","05-25","FWI",1953,2026,9.93,8.39721423428935,37.2,1972-05-25,0.2,102.4,1958-06-16,NA
"6158733","TORONTO+LESTER+B.+PEARSON+INT","05-26","FWI",1953,2026,8.76,8.29713702180582,29.1,1980-05-26,5.2,102.4,1958-06-16,NA
"6158733","TORONTO+LESTER+B.+PEARSON+INT","05-27","FWI",1953,2026,9.23333333333333,8.79578007492438,41.3,1966-05-27,6.5,102.4,1958-06-16,NA
"6158733","TORONTO+LESTER+B.+PEARSON+INT","05-28","FWI",1953,2026,8.98333333333334,8.36544960695101,35.3,1977-05-28,11.5,102.4,1958-06-16,NA
"6158733","TORONTO+LESTER+B.+PEARSON+INT","05-29","FWI",1953,2026,12.16,12.1572342589746,43.1,2005-05-29,18.8,102.4,1958-06-16,NA
"6158733","TORONTO+LESTER+B.+PEARSON+INT","05-30","FWI",1953,2026,10.6933333333333,8.22259013363472,35.6,1962-05-30,9.9,102.4,1958-06-16,NA
"6158733","TORONTO+LESTER+B.+PEARSON+INT","05-31","FWI",1953,2026,9.35666666666666,7.60307031145441,36.1,2016-05-31,13.8,102.4,1958-06-16,NA
"6158733","TORONTO+LESTER+B.+PEARSON+INT","06-01","FWI",1953,2026,8.96,9.18839598023807,35.7,2011-06-01,15.7,102.4,1958-06-16,NA
"6158733","TORONTO+LESTER+B.+PEARSON+INT","06-02","FWI",1953,2026,7.96666666666667,6.67426004336337,24.8,1970-06-02,16.9,102.4,1958-06-16,NA
"6158733","TORONTO+LESTER+B.+PEARSON+INT","06-03","FWI",1953,2026,6.87333333333333,5.88604037230189,30,1958-06-03,20.3,102.4,1958-06-16,NA
"6158733","TORONTO+LESTER+B.+PEARSON+INT","06-04","FWI",1953,2026,7.60666666666667,5.92021279518143,25.4,1967-06-04,22.1,102.4,1958-06-16,NA
"6158733","TORONTO+LESTER+B.+PEARSON+INT","06-05","FWI",1953,2026,6.18333333333333,5.12405303838962,43.6,2021-06-05,20.6,102.4,1958-06-16,NA
"6158733","TORONTO+LESTER+B.+PEARSON+INT","06-06","FWI",1953,2026,8.55666666666667,8.71596566487411,42.1,2005-06-06,13.7,102.4,1958-06-16,NA
"6158733","TORONTO+LESTER+B.+PEARSON+INT","06-07","FWI",1953,2026,8.12,9.19881551595376,41.9,2005-06-07,6.5,102.4,1958-06-16,NA
"6158733","TORONTO+LESTER+B.+PEARSON+INT","06-08","FWI",1953,2026,13.2633333333333,9.01506338391982,38.5,1955-06-08,13.9,102.4,1958-06-16,NA
"6158733","TORONTO+LESTER+B.+PEARSON+INT","06-09","FWI",1953,2026,11.15,11.2178045058307,49.6,2008-06-09,11.1,102.4,1958-06-16,NA
"6158733","TORONTO+LESTER+B.+PEARSON+INT","06-10","FWI",1953,2026,11.65,12.4498649764178,49.9,1991-06-10,1.2,102.4,1958-06-16,NA
"6158733","TORONTO+LESTER+B.+PEARSON+INT","06-11","FWI",1953,2026,11.03,11.8297156522798,49.4,2002-06-11,6.2,102.4,1958-06-16,NA
"6158733","TORONTO+LESTER+B.+PEARSON+INT","06-12","FWI",1953,2026,10.3366666666667,10.2447457797621,51.9,1974-06-12,21.3,102.4,1958-06-16,NA
"6158733","TORONTO+LESTER+B.+PEARSON+INT","06-13","FWI",1953,2026,9.18,8.54357592903419,37.9,1992-06-13,21.5,102.4,1958-06-16,NA
"6158733","TORONTO+LESTER+B.+PEARSON+INT","06-14","FWI",1953,2026,9.61333333333334,7.74395129176284,49.5,1956-06-14,5.1,102.4,1958-06-16,NA
"6158733","TORONTO+LESTER+B.+PEARSON+INT","06-15","FWI",1953,2026,9.80666666666666,6.97339443062397,51.6,1959-06-15,0.7,102.4,1958-06-16,NA
"6158733","TORONTO+LESTER+B.+PEARSON+INT","06-16","FWI",1953,2026,12.2366666666667,9.42888018850571,102.4,1958-06-16,9.6,102.4,1958-06-16,NA
"6158733","TORONTO+LESTER+B.+PEARSON+INT","06-17","FWI",1953,2026,10.5866666666667,8.68314790103591,47,2022-06-17,2.9,102.4,1958-06-16,NA
"6158733","TORONTO+LESTER+B.+PEARSON+INT","06-18","FWI",1953,2026,10.88,10.5105333044916,43.8,2022-06-18,2.8,102.4,1958-06-16,NA
"6158733","TORONTO+LESTER+B.+PEARSON+INT","06-19","FWI",1953,2026,11.7866666666667,12.0936784094528,56.1,1959-06-19,2.8,102.4,1958-06-16,NA
"6158733","TORONTO+LESTER+B.+PEARSON+INT","06-20","FWI",1953,2026,12.81,9.65241974307747,55.4,1965-06-20,7.6,102.4,1958-06-16,NA
"6158733","TORONTO+LESTER+B.+PEARSON+INT","06-21","FWI",1953,2026,16.14,13.0418319000954,50.8,1994-06-21,6.7,102.4,1958-06-16,NA
"6158733","TORONTO+LESTER+B.+PEARSON+INT","06-22","FWI",1953,2026,13.91,12.305741581151,49.1,1965-06-22,8.5,102.4,1958-06-16,NA
"6158733","TORONTO+LESTER+B.+PEARSON+INT","06-23","FWI",1953,2026,10.3066666666667,9.74746415593637,36.6,1953-06-23,15.1,102.4,1958-06-16,NA
"6158733","TORONTO+LESTER+B.+PEARSON+INT","06-24","FWI",1953,2026,10.5133333333333,9.95824847268224,42.3,1958-06-24,12.7,102.4,1958-06-16,NA
"6158733","TORONTO+LESTER+B.+PEARSON+INT","06-25","FWI",1953,2026,11.3433333333333,10.5430376874106,55.1,1988-06-25,4.2,102.4,1958-06-16,NA
"6158733","TORONTO+LESTER+B.+PEARSON+INT","06-26","FWI",1953,2026,14.1066666666667,10.743849349771,43.4,2016-06-26,0.1,102.4,1958-06-16,NA
"6158733","TORONTO+LESTER+B.+PEARSON+INT","06-27","FWI",1953,2026,12.5866666666667,12.1642986201236,49.7,1958-06-27,2.2,102.4,1958-06-16,NA
"6158733","TORONTO+LESTER+B.+PEARSON+INT","06-28","FWI",1953,2026,12.38,13.0060569444155,63.9,1991-06-28,10.5,102.4,1958-06-16,NA
"6158733","TORONTO+LESTER+B.+PEARSON+INT","06-29","FWI",1953,2026,12.6733333333333,12.3625388903773,53.9,2012-06-29,17.3,102.4,1958-06-16,NA
"6158733","TORONTO+LESTER+B.+PEARSON+INT","06-30","FWI",1953,2026,12.65,11.3869783464301,46.9,2012-06-30,11.1,102.4,1958-06-16,NA
"6158733","TORONTO+LESTER+B.+PEARSON+INT","07-01","FWI",1953,2026,18.6,14.4282768345285,67.2,2001-07-01,16.5,102.4,1958-06-16,NA
"6158733","TORONTO+LESTER+B.+PEARSON+INT","07-02","FWI",1953,2026,16.3066666666667,10.7104825653006,48.1,1963-07-02,21.1,102.4,1958-06-16,NA
"6158733","TORONTO+LESTER+B.+PEARSON+INT","07-03","FWI",1953,2026,15.7533333333333,11.1135125374267,59,1963-07-03,13.3,102.4,1958-06-16,NA
"6158733","TORONTO+LESTER+B.+PEARSON+INT","07-04","FWI",1953,2026,14.6433333333333,8.620652160838,43.3,1955-07-04,0.1,102.4,1958-06-16,NA
"6158733","TORONTO+LESTER+B.+PEARSON+INT","07-05","FWI",1953,2026,17.46,9.96973350731586,52.3,1963-07-05,1.6,102.4,1958-06-16,NA
"6158733","TORONTO+LESTER+B.+PEARSON+INT","07-06","FWI",1953,2026,18.1766666666667,13.1093986640629,46.4,2001-07-06,9,102.4,1958-06-16,NA
"6158733","TORONTO+LESTER+B.+PEARSON+INT","07-07","FWI",1953,2026,14.6033333333333,11.4694341421114,45.9,2007-07-07,9.6,102.4,1958-06-16,NA
"6158733","TORONTO+LESTER+B.+PEARSON+INT","07-08","FWI",1953,2026,13.8266666666667,11.7245375861565,51.4,1988-07-08,7.1,102.4,1958-06-16,NA
"6158733","TORONTO+LESTER+B.+PEARSON+INT","07-09","FWI",1953,2026,14.6033333333333,15.3096427430407,62.5,2005-07-09,9.2,102.4,1958-06-16,NA
"6158733","TORONTO+LESTER+B.+PEARSON+INT","07-10","FWI",1953,2026,15.1766666666667,10.2518184537766,56.6,1988-07-10,0.8,102.4,1958-06-16,NA
"6158733","TORONTO+LESTER+B.+PEARSON+INT","07-11","FWI",1953,2026,17.15,12.9502696017736,56.2,2007-07-11,7.4,102.4,1958-06-16,NA
"6158733","TORONTO+LESTER+B.+PEARSON+INT","07-12","FWI",1953,2026,16.7133333333333,15.6728786901699,65,2011-07-12,13,102.4,1958-06-16,NA
"6158733","TORONTO+LESTER+B.+PEARSON+INT","07-13","FWI",1953,2026,17.8866666666667,12.8205850997078,57.4,1954-07-13,15.8,102.4,1958-06-16,NA
"6158733","TORONTO+LESTER+B.+PEARSON+INT","07-14","FWI",1953,2026,14.48,12.0559443057542,73.2,1954-07-14,30.8,102.4,1958-06-16,NA
"6158733","TORONTO+LESTER+B.+PEARSON+INT","07-15","FWI",1953,2026,15.12,12.9681413338679,50.3,1954-07-15,13.7,102.4,1958-06-16,NA
"6158733","TORONTO+LESTER+B.+PEARSON+INT","07-16","FWI",1953,2026,14.2566666666667,10.6347408357551,49.8,1999-07-16,21.7,102.4,1958-06-16,NA
"6158733","TORONTO+LESTER+B.+PEARSON+INT","07-17","FWI",1953,2026,16.4633333333333,14.1171815916618,49.7,2002-07-17,16.8,102.4,1958-06-16,NA
"6158733","TORONTO+LESTER+B.+PEARSON+INT","07-18","FWI",1953,2026,17.12,11.5252466500647,57.7,1954-07-18,6.2,102.4,1958-06-16,NA
"6158733","TORONTO+LESTER+B.+PEARSON+INT","07-19","FWI",1953,2026,15.39,12.63338079632,45.6,2020-07-19,2.4,102.4,1958-06-16,NA
"6158733","TORONTO+LESTER+B.+PEARSON+INT","07-20","FWI",1953,2026,12.9433333333333,9.76834025125905,48.6,1966-07-20,10.3,102.4,1958-06-16,NA
"6158733","TORONTO+LESTER+B.+PEARSON+INT","07-21","FWI",1953,2026,16.1566666666667,14.5801159669323,62.2,2011-07-21,2.7,102.4,1958-06-16,NA
"6158733","TORONTO+LESTER+B.+PEARSON+INT","07-22","FWI",1953,2026,13.61,11.4500519498897,47.5,2016-07-22,1.4,102.4,1958-06-16,NA
"6158733","TORONTO+LESTER+B.+PEARSON+INT","07-23","FWI",1953,2026,13.01,14.852988785496,69.4,1955-07-23,10,102.4,1958-06-16,NA
"6158733","TORONTO+LESTER+B.+PEARSON+INT","07-24","FWI",1953,2026,10.9333333333333,8.18557744822682,55,1954-07-24,12.1,102.4,1958-06-16,NA
"6158733","TORONTO+LESTER+B.+PEARSON+INT","07-25","FWI",1953,2026,15.9866666666667,16.1676504025857,68.6,2005-07-25,12.6,102.4,1958-06-16,NA
"6158733","TORONTO+LESTER+B.+PEARSON+INT","07-26","FWI",1953,2026,14.1233333333333,9.32500100150991,45.5,1955-07-26,10.1,102.4,1958-06-16,NA
"6158733","TORONTO+LESTER+B.+PEARSON+INT","07-27","FWI",1953,2026,13.1133333333333,12.8825659612954,58.6,1999-07-27,8,102.4,1958-06-16,NA
"6158733","TORONTO+LESTER+B.+PEARSON+INT","07-28","FWI",1953,2026,10.6466666666667,10.4908411067196,56,1975-07-28,0.5,102.4,1958-06-16,NA
"6158733","TORONTO+LESTER+B.+PEARSON+INT","07-29","FWI",1953,2026,13.2566666666667,14.2206669258545,70.4,1999-07-29,12.3,102.4,1958-06-16,NA
"6158733","TORONTO+LESTER+B.+PEARSON+INT","07-30","FWI",1953,2026,12.0366666666667,12.089621748549,52.1,2015-07-30,15.1,102.4,1958-06-16,NA
"6158733","TORONTO+LESTER+B.+PEARSON+INT","07-31","FWI",1953,2026,12.5633333333333,12.3195242668262,56.5,2015-07-31,13.2,102.4,1958-06-16,NA
"6158733","TORONTO+LESTER+B.+PEARSON+INT","08-01","FWI",1953,2026,13.46,10.549247399206,46,1955-08-01,14.2,102.4,1958-06-16,NA
"6158733","TORONTO+LESTER+B.+PEARSON+INT","08-02","FWI",1953,2026,12.5133333333333,9.77285943873109,41.2,2015-08-02,0.2,102.4,1958-06-16,NA
"6158733","TORONTO+LESTER+B.+PEARSON+INT","08-03","FWI",1953,2026,10.2633333333333,9.52410674002566,49.6,1959-08-03,1,102.4,1958-06-16,NA
"6158733","TORONTO+LESTER+B.+PEARSON+INT","08-04","FWI",1953,2026,12,9.55423718963801,40.6,1958-08-04,7.4,102.4,1958-06-16,NA
"6158733","TORONTO+LESTER+B.+PEARSON+INT","08-05","FWI",1953,2026,13.8933333333333,11.7218903187019,50.9,1955-08-05,9.3,102.4,1958-06-16,NA
"6158733","TORONTO+LESTER+B.+PEARSON+INT","08-06","FWI",1953,2026,14.47,12.3989473969254,49.5,2001-08-06,10.5,102.4,1958-06-16,NA
"6158733","TORONTO+LESTER+B.+PEARSON+INT","08-07","FWI",1953,2026,13.2466666666667,11.8276628796818,46.1,2001-08-07,0,102.4,1958-06-16,NA
"6158733","TORONTO+LESTER+B.+PEARSON+INT","08-08","FWI",1953,2026,12.1733333333333,10.809412671318,50.5,1957-08-08,NA,102.4,1958-06-16,NA
"6158733","TORONTO+LESTER+B.+PEARSON+INT","08-09","FWI",1953,2026,14.37,13.5471373741644,63.1,2001-08-09,NA,102.4,1958-06-16,NA
"6158733","TORONTO+LESTER+B.+PEARSON+INT","08-10","FWI",1953,2026,14.0266666666667,14.919599082469,51.9,1997-08-10,NA,102.4,1958-06-16,NA
"6158733","TORONTO+LESTER+B.+PEARSON+INT","08-11","FWI",1953,2026,10.8633333333333,9.03329028280024,53.8,1957-08-11,NA,102.4,1958-06-16,NA
"6158733","TORONTO+LESTER+B.+PEARSON+INT","08-12","FWI",1953,2026,12.04,13.0078649948459,57.6,2016-08-12,NA,102.4,1958-06-16,NA
"6158733","TORONTO+LESTER+B.+PEARSON+INT","08-13","FWI",1953,2026,10.47,10.2465856382201,41.2,2001-08-13,NA,102.4,1958-06-16,NA
"6158733","TORONTO+LESTER+B.+PEARSON+INT","08-14","FWI",1953,2026,12.23,10.4213689616328,45.5,2001-08-14,NA,102.4,1958-06-16,NA
"6158733","TORONTO+LESTER+B.+PEARSON+INT","08-15","FWI",1953,2026,13.2833333333333,11.9567635839427,43,2007-08-15,NA,102.4,1958-06-16,NA
"6158733","TORONTO+LESTER+B.+PEARSON+INT","08-16","FWI",1953,2026,12.52,11.5719160634404,48.1,1954-08-16,NA,102.4,1958-06-16,NA
"6158733","TORONTO+LESTER+B.+PEARSON+INT","08-17","FWI",1953,2026,13.9033333333333,12.7900145138451,47.1,1999-08-17,NA,102.4,1958-06-16,NA
"6158733","TORONTO+LESTER+B.+PEARSON+INT","08-18","FWI",1953,2026,11.4466666666667,8.59337087460478,44.5,1958-08-18,NA,102.4,1958-06-16,NA
"6158733","TORONTO+LESTER+B.+PEARSON+INT","08-19","FWI",1953,2026,12.83,8.98589507755502,46.6,2010-08-19,NA,102.4,1958-06-16,NA
"6158733","TORONTO+LESTER+B.+PEARSON+INT","08-20","FWI",1953,2026,10.9766666666667,8.70389066128925,41.5,1959-08-20,NA,102.4,1958-06-16,NA
"6158733","TORONTO+LESTER+B.+PEARSON+INT","08-21","FWI",1953,2026,12.58,8.85556127624,36.3,1962-08-21,NA,102.4,1958-06-16,NA
"6158733","TORONTO+LESTER+B.+PEARSON+INT","08-22","FWI",1953,2026,11.59,8.58074629018664,50.9,1954-08-22,NA,102.4,1958-06-16,NA
"6158733","TORONTO+LESTER+B.+PEARSON+INT","08-23","FWI",1953,2026,11.3533333333333,8.8374100330331,37.5,1963-08-23,NA,102.4,1958-06-16,NA
"6158733","TORONTO+LESTER+B.+PEARSON+INT","08-24","FWI",1953,2026,13.2033333333333,7.40151351406255,30.1,1998-08-24,NA,102.4,1958-06-16,NA
"6158733","TORONTO+LESTER+B.+PEARSON+INT","08-25","FWI",1953,2026,13.8766666666667,10.5405189734607,55.4,2020-08-25,NA,102.4,1958-06-16,NA
"6158733","TORONTO+LESTER+B.+PEARSON+INT","08-26","FWI",1953,2026,11.42,7.44193152532232,26.7,1998-08-26,NA,102.4,1958-06-16,NA
"6158733","TORONTO+LESTER+B.+PEARSON+INT","08-27","FWI",1953,2026,10.9833333333333,7.57974084414288,33.8,1953-08-27,NA,102.4,1958-06-16,NA
"6158733","TORONTO+LESTER+B.+PEARSON+INT","08-28","FWI",1953,2026,12.1066666666667,8.60416632573543,48.2,1953-08-28,NA,102.4,1958-06-16,NA
"6158733","TORONTO+LESTER+B.+PEARSON+INT","08-29","FWI",1953,2026,12.4833333333333,9.14213750503237,36.3,1973-08-29,NA,102.4,1958-06-16,NA
"6158733","TORONTO+LESTER+B.+PEARSON+INT","08-30","FWI",1953,2026,13.9233333333333,8.13301841297234,68.6,1953-08-30,NA,102.4,1958-06-16,NA
"6158733","TORONTO+LESTER+B.+PEARSON+INT","08-31","FWI",1953,2026,15.12,10.6514496342209,38.7,1998-08-31,NA,102.4,1958-06-16,NA
"6158733","TORONTO+LESTER+B.+PEARSON+INT","09-01","FWI",1953,2026,13.7966666666667,7.99070508879485,35.9,2010-09-01,NA,102.4,1958-06-16,NA
"6158733","TORONTO+LESTER+B.+PEARSON+INT","09-02","FWI",1953,2026,11.58,7.48259589843728,44.6,1953-09-02,NA,102.4,1958-06-16,NA
"6158733","TORONTO+LESTER+B.+PEARSON+INT","09-03","FWI",1953,2026,12.3666666666667,10.6566907373379,44.6,2002-09-03,NA,102.4,1958-06-16,NA
"6158733","TORONTO+LESTER+B.+PEARSON+INT","09-04","FWI",1953,2026,14.5066666666667,11.2994028933889,41.5,1953-09-04,NA,102.4,1958-06-16,NA
"6158733","TORONTO+LESTER+B.+PEARSON+INT","09-05","FWI",1953,2026,13.7433333333333,9.9749922939503,35.9,2002-09-05,NA,102.4,1958-06-16,NA
"6158733","TORONTO+LESTER+B.+PEARSON+INT","09-06","FWI",1953,2026,10.5633333333333,7.40905705449632,63.5,1973-09-06,NA,102.4,1958-06-16,NA
"6158733","TORONTO+LESTER+B.+PEARSON+INT","09-07","FWI",1953,2026,13.76,14.3500234290329,66,2007-09-07,NA,102.4,1958-06-16,NA
"6158733","TORONTO+LESTER+B.+PEARSON+INT","09-08","FWI",1953,2026,10.2566666666667,10.8669598366771,42.3,2001-09-08,NA,102.4,1958-06-16,NA
"6158733","TORONTO+LESTER+B.+PEARSON+INT","09-09","FWI",1953,2026,9.5,10.1553451188406,35.7,1973-09-09,NA,102.4,1958-06-16,NA
"6158733","TORONTO+LESTER+B.+PEARSON+INT","09-10","FWI",1953,2026,10.6533333333333,12.679544572843,60.6,2002-09-10,NA,102.4,1958-06-16,NA
"6158733","TORONTO+LESTER+B.+PEARSON+INT","09-11","FWI",1953,2026,12.4133333333333,15.5918575862052,83.4,2002-09-11,NA,102.4,1958-06-16,NA
"6158733","TORONTO+LESTER+B.+PEARSON+INT","09-12","FWI",1953,2026,11.6766666666667,11.0636928215933,65.9,1969-09-12,NA,102.4,1958-06-16,NA
"6158733","TORONTO+LESTER+B.+PEARSON+INT","09-13","FWI",1953,2026,12.5,13.1788231382906,53.6,2002-09-13,NA,102.4,1958-06-16,NA
"6158733","TORONTO+LESTER+B.+PEARSON+INT","09-14","FWI",1953,2026,11.8333333333333,11.9428043068889,44.7,1960-09-14,NA,102.4,1958-06-16,NA
"6158733","TORONTO+LESTER+B.+PEARSON+INT","09-15","FWI",1953,2026,6.91,5.73845768057273,37.7,1969-09-15,NA,102.4,1958-06-16,NA
"6158733","TORONTO+LESTER+B.+PEARSON+INT","09-16","FWI",1953,2026,8.85666666666667,7.0076157258314,30.5,1960-09-16,NA,102.4,1958-06-16,NA
"6158733","TORONTO+LESTER+B.+PEARSON+INT","09-17","FWI",1953,2026,10.0633333333333,6.69999914221988,49.4,1960-09-17,NA,102.4,1958-06-16,NA
"6158733","TORONTO+LESTER+B.+PEARSON+INT","09-18","FWI",1953,2026,11.48,7.268420119564,34.9,1960-09-18,NA,102.4,1958-06-16,NA
"6158733","TORONTO+LESTER+B.+PEARSON+INT","09-19","FWI",1953,2026,10.5766666666667,6.4490942070925,34.4,1973-09-19,NA,102.4,1958-06-16,NA
"6158733","TORONTO+LESTER+B.+PEARSON+INT","09-20","FWI",1953,2026,9.36333333333333,6.71490792980418,60.4,1955-09-20,NA,102.4,1958-06-16,NA
"6158733","TORONTO+LESTER+B.+PEARSON+INT","09-21","FWI",1953,2026,10.8566666666667,8.12572260270383,31.2,1998-09-21,NA,102.4,1958-06-16,NA
"6158733","TORONTO+LESTER+B.+PEARSON+INT","09-22","FWI",1953,2026,8.91666666666667,7.98775283808274,26.3,2023-09-22,NA,102.4,1958-06-16,NA
"6158733","TORONTO+LESTER+B.+PEARSON+INT","09-23","FWI",1953,2026,8.98666666666667,7.65275399305119,31.5,2020-09-23,NA,102.4,1958-06-16,NA
"6158733","TORONTO+LESTER+B.+PEARSON+INT","09-24","FWI",1953,2026,10.5666666666667,8.20144366321683,35.8,2023-09-24,NA,102.4,1958-06-16,NA
"6158733","TORONTO+LESTER+B.+PEARSON+INT","09-25","FWI",1953,2026,9.56666666666666,10.7661773491172,42.3,2007-09-25,NA,102.4,1958-06-16,NA
"6158733","TORONTO+LESTER+B.+PEARSON+INT","09-26","FWI",1953,2026,7.20333333333333,6.49649684555975,36.7,1967-09-26,NA,102.4,1958-06-16,NA
"6158733","TORONTO+LESTER+B.+PEARSON+INT","09-27","FWI",1953,2026,7.8,8.51534112544874,43.2,1963-09-27,NA,102.4,1958-06-16,NA
"6158733","TORONTO+LESTER+B.+PEARSON+INT","09-28","FWI",1953,2026,8.76333333333333,8.52127088357508,26.3,1998-09-28,NA,102.4,1958-06-16,NA
"6158733","TORONTO+LESTER+B.+PEARSON+INT","09-29","FWI",1953,2026,6.65333333333333,5.53600960068266,24.9,1989-09-29,NA,102.4,1958-06-16,NA
"6158733","TORONTO+LESTER+B.+PEARSON+INT","09-30","FWI",1953,2026,6.88333333333333,5.58699742526208,28,1969-09-30,NA,102.4,1958-06-16,NA
"6158733","TORONTO+LESTER+B.+PEARSON+INT","10-01","FWI",1953,2026,7.59666666666667,7.55382905110602,25.6,2002-10-01,NA,102.4,1958-06-16,NA
"6158733","TORONTO+LESTER+B.+PEARSON+INT","10-02","FWI",1953,2026,8.40689655172414,9.13177071838764,36.3,1991-10-02,NA,102.4,1958-06-16,NA
"6158733","TORONTO+LESTER+B.+PEARSON+INT","10-03","FWI",1953,2026,7.74333333333333,8.68874354367857,33.9,1957-10-03,NA,102.4,1958-06-16,NA
"6158733","TORONTO+LESTER+B.+PEARSON+INT","10-04","FWI",1953,2026,5.49333333333333,8.84724517160211,44.4,2004-10-04,NA,102.4,1958-06-16,NA
"6158733","TORONTO+LESTER+B.+PEARSON+INT","10-05","FWI",1953,2026,5.29666666666667,5.93420728420857,27,1974-10-05,NA,102.4,1958-06-16,NA
"6158733","TORONTO+LESTER+B.+PEARSON+INT","10-06","FWI",1953,2026,6.33666666666667,8.45313585287297,40.2,2004-10-06,NA,102.4,1958-06-16,NA
"6158733","TORONTO+LESTER+B.+PEARSON+INT","10-07","FWI",1953,2026,5.91666666666667,5.73826138112939,53.2,1963-10-07,NA,102.4,1958-06-16,NA
"6158733","TORONTO+LESTER+B.+PEARSON+INT","10-08","FWI",1953,2026,6.39666666666667,5.679878782906,24.3,1956-10-08,NA,102.4,1958-06-16,NA
"6158733","TORONTO+LESTER+B.+PEARSON+INT","10-09","FWI",1953,2026,6.58666666666667,10.5459825111953,56.3,2004-10-09,NA,102.4,1958-06-16,NA
"6158733","TORONTO+LESTER+B.+PEARSON+INT","10-10","FWI",1953,2026,5.99,5.54662680964902,27.4,1969-10-10,NA,102.4,1958-06-16,NA
"6158733","TORONTO+LESTER+B.+PEARSON+INT","10-11","FWI",1953,2026,6.59333333333333,4.36719221194716,36.1,1969-10-11,NA,102.4,1958-06-16,NA
"6158733","TORONTO+LESTER+B.+PEARSON+INT","10-12","FWI",1953,2026,6.18,4.63222594886943,24.8,1961-10-12,NA,102.4,1958-06-16,NA
"6158733","TORONTO+LESTER+B.+PEARSON+INT","10-13","FWI",1953,2026,7.59666666666667,6.2944684710731,22.1,2015-10-13,NA,102.4,1958-06-16,NA
"6158733","TORONTO+LESTER+B.+PEARSON+INT","10-14","FWI",1953,2026,6.23,6.4420038647228,37.5,1973-10-14,NA,102.4,1958-06-16,NA
"6158733","TORONTO+LESTER+B.+PEARSON+INT","10-15","FWI",1953,2026,6.47666666666667,6.10074519661516,31.3,1973-10-15,NA,102.4,1958-06-16,NA
"6158733","TORONTO+LESTER+B.+PEARSON+INT","10-16","FWI",1953,2026,4.04,3.97367197507762,31.7,1963-10-16,NA,102.4,1958-06-16,NA
"6158733","TORONTO+LESTER+B.+PEARSON+INT","10-17","FWI",1953,2026,5.31333333333333,6.8835001788802,29.8,2018-10-17,NA,102.4,1958-06-16,NA
"6158733","TORONTO+LESTER+B.+PEARSON+INT","10-18","FWI",1953,2026,5.55862068965517,6.80658909971902,34.6,1963-10-18,NA,102.4,1958-06-16,NA
"6158733","TORONTO+LESTER+B.+PEARSON+INT","10-19","FWI",1953,2026,6.18666666666667,6.26912155389184,25.3,1963-10-19,NA,102.4,1958-06-16,NA
"6158733","TORONTO+LESTER+B.+PEARSON+INT","10-20","FWI",1953,2026,7.06333333333333,9.2558456210613,35.2,1997-10-20,NA,102.4,1958-06-16,NA
"6158733","TORONTO+LESTER+B.+PEARSON+INT","10-21","FWI",1953,2026,5.16,5.96955494211223,21.3,2007-10-21,NA,102.4,1958-06-16,NA
"6158733","TORONTO+LESTER+B.+PEARSON+INT","10-22","FWI",1953,2026,5.01379310344828,6.11419450003322,20.9,1961-10-22,NA,102.4,1958-06-16,NA
"6158733","TORONTO+LESTER+B.+PEARSON+INT","10-23","FWI",1953,2026,3.56551724137931,4.4134757813889,29.4,1963-10-23,NA,102.4,1958-06-16,NA
"6158733","TORONTO+LESTER+B.+PEARSON+INT","10-24","FWI",1953,2026,4.10689655172414,5.38005118367068,24.7,1998-10-24,NA,102.4,1958-06-16,NA
"6158733","TORONTO+LESTER+B.+PEARSON+INT","10-25","FWI",1953,2026,3.23333333333333,3.80012099020938,22.3,1974-10-25,NA,102.4,1958-06-16,NA
"6158733","TORONTO+LESTER+B.+PEARSON+INT","10-26","FWI",1953,2026,3.88,5.68527438454699,24.1,1999-10-26,NA,102.4,1958-06-16,NA
"6158733","TORONTO+LESTER+B.+PEARSON+INT","10-27","FWI",1953,2026,2.26551724137931,3.00633567440366,22.5,1963-10-27,NA,102.4,1958-06-16,NA
"6158733","TORONTO+LESTER+B.+PEARSON+INT","10-28","FWI",1953,2026,3.09,3.84746669901118,21.2,1961-10-28,NA,102.4,1958-06-16,NA
"6158733","TORONTO+LESTER+B.+PEARSON+INT","10-29","FWI",1953,2026,4.89333333333333,6.56174563261381,29.9,2000-10-29,NA,102.4,1958-06-16,NA
"6158733","TORONTO+LESTER+B.+PEARSON+INT","10-30","FWI",1953,2026,3.59,5.32323145311645,32.7,1963-10-30,NA,102.4,1958-06-16,NA
"6158733","TORONTO+LESTER+B.+PEARSON+INT","10-31","FWI",1953,2026,4.42,5.79342076306659,23.5,1998-10-31,NA,102.4,1958-06-16,NA
"6158733","TORONTO+LESTER+B.+PEARSON+INT","04-01","ISI",1953,2026,3.83,5.07325229895862,16.6,2000-04-01,0,92.7,1958-06-16,NA
"6158733","TORONTO+LESTER+B.+PEARSON+INT","04-02","ISI",1953,2026,2.52,2.57716467804791,12.7,2021-04-02,NA,92.7,1958-06-16,NA
"6158733","TORONTO+LESTER+B.+PEARSON+INT","04-03","ISI",1953,2026,1.7125,1.89543624831556,6.1,2010-04-03,1.6,92.7,1958-06-16,NA
"6158733","TORONTO+LESTER+B.+PEARSON+INT","04-04","ISI",1953,2026,4.51,3.7837224469503,21.3,1963-04-04,1.1,92.7,1958-06-16,NA
"6158733","TORONTO+LESTER+B.+PEARSON+INT","04-05","ISI",1953,2026,4.65,3.85263257757313,14.2,2010-04-05,0.2,92.7,1958-06-16,NA
"6158733","TORONTO+LESTER+B.+PEARSON+INT","04-06","ISI",1953,2026,4.61111111111111,4.05075438790247,12.5,2012-04-06,1.1,92.7,1958-06-16,NA
"6158733","TORONTO+LESTER+B.+PEARSON+INT","04-07","ISI",1953,2026,4.66363636363636,3.50093494006179,12.2,1991-04-07,1.4,92.7,1958-06-16,NA
"6158733","TORONTO+LESTER+B.+PEARSON+INT","04-08","ISI",1953,2026,3.81666666666667,3.84585569939982,26.7,1968-04-08,1.7,92.7,1958-06-16,NA
"6158733","TORONTO+LESTER+B.+PEARSON+INT","04-09","ISI",1953,2026,12.1333333333333,21.8728280307007,79.7,2012-04-09,2.4,92.7,1958-06-16,NA
"6158733","TORONTO+LESTER+B.+PEARSON+INT","04-10","ISI",1953,2026,6.91666666666667,10.2484440799863,34,2014-04-10,0,92.7,1958-06-16,NA
"6158733","TORONTO+LESTER+B.+PEARSON+INT","04-11","ISI",1953,2026,4.46666666666667,3.33009366377641,15.5,1977-04-11,0.4,92.7,1958-06-16,NA
"6158733","TORONTO+LESTER+B.+PEARSON+INT","04-12","ISI",1953,2026,4.59166666666667,3.94725643115992,25.7,1968-04-12,1.2,92.7,1958-06-16,NA
"6158733","TORONTO+LESTER+B.+PEARSON+INT","04-13","ISI",1953,2026,3.8625,4.11029196043298,22.1,1977-04-13,3.3,92.7,1958-06-16,NA
"6158733","TORONTO+LESTER+B.+PEARSON+INT","04-14","ISI",1953,2026,5.49411764705882,6.13274720131966,64.7,1964-04-14,0.2,92.7,1958-06-16,NA
"6158733","TORONTO+LESTER+B.+PEARSON+INT","04-15","ISI",1953,2026,4.84375,4.23603096463344,18.4,1964-04-15,0,92.7,1958-06-16,NA
"6158733","TORONTO+LESTER+B.+PEARSON+INT","04-16","ISI",1953,2026,6.13125,5.26316998902119,26.4,1971-04-16,0,92.7,1958-06-16,NA
"6158733","TORONTO+LESTER+B.+PEARSON+INT","04-17","ISI",1953,2026,4.41578947368421,3.01537968088316,13.9,1958-04-17,0,92.7,1958-06-16,NA
"6158733","TORONTO+LESTER+B.+PEARSON+INT","04-18","ISI",1953,2026,6.645,8.25580975658004,38.2,2015-04-18,1.1,92.7,1958-06-16,NA
"6158733","TORONTO+LESTER+B.+PEARSON+INT","04-19","ISI",1953,2026,5.91,5.74766771921675,22.6,2009-04-19,0.3,92.7,1958-06-16,NA
"6158733","TORONTO+LESTER+B.+PEARSON+INT","04-20","ISI",1953,2026,3.975,3.88788604446386,14.2,1959-04-20,NA,92.7,1958-06-16,NA
"6158733","TORONTO+LESTER+B.+PEARSON+INT","04-21","ISI",1953,2026,3.05,4.09817032344923,18.1,1980-04-21,1.7,92.7,1958-06-16,NA
"6158733","TORONTO+LESTER+B.+PEARSON+INT","04-22","ISI",1953,2026,3.11818181818182,3.36574287613078,29.1,1971-04-22,2.3,92.7,1958-06-16,NA
"6158733","TORONTO+LESTER+B.+PEARSON+INT","04-23","ISI",1953,2026,5.10869565217391,6.76393598724335,26.4,2007-04-23,8.3,92.7,1958-06-16,NA
"6158733","TORONTO+LESTER+B.+PEARSON+INT","04-24","ISI",1953,2026,4.175,3.49001681819792,12.5,2021-04-24,8.9,92.7,1958-06-16,NA
"6158733","TORONTO+LESTER+B.+PEARSON+INT","04-25","ISI",1953,2026,5.57916666666667,6.24019085317572,25.7,1997-04-25,0,92.7,1958-06-16,NA
"6158733","TORONTO+LESTER+B.+PEARSON+INT","04-26","ISI",1953,2026,3.572,3.91093765398189,19.4,2024-04-26,0,92.7,1958-06-16,NA
"6158733","TORONTO+LESTER+B.+PEARSON+INT","04-27","ISI",1953,2026,4.18846153846154,3.79803390433281,16.5,1962-04-27,1.9,92.7,1958-06-16,NA
"6158733","TORONTO+LESTER+B.+PEARSON+INT","04-28","ISI",1953,2026,5.52692307692308,7.49658896791375,39,1962-04-28,1.6,92.7,1958-06-16,NA
"6158733","TORONTO+LESTER+B.+PEARSON+INT","04-29","ISI",1953,2026,5.54444444444444,5.09096736563384,24.4,1957-04-29,0.9,92.7,1958-06-16,NA
"6158733","TORONTO+LESTER+B.+PEARSON+INT","04-30","ISI",1953,2026,5.62592592592592,4.61715801637199,52.9,1984-04-30,2.2,92.7,1958-06-16,NA
"6158733","TORONTO+LESTER+B.+PEARSON+INT","05-01","ISI",1953,2026,3.82222222222222,3.96439279794652,19.2,1990-05-01,3.2,92.7,1958-06-16,NA
"6158733","TORONTO+LESTER+B.+PEARSON+INT","05-02","ISI",1953,2026,4.61111111111111,5.14111132353946,24.9,1982-05-02,4.5,92.7,1958-06-16,NA
"6158733","TORONTO+LESTER+B.+PEARSON+INT","05-03","ISI",1953,2026,4.39259259259259,5.13359417696697,24.9,2001-05-03,6,92.7,1958-06-16,NA
"6158733","TORONTO+LESTER+B.+PEARSON+INT","05-04","ISI",1953,2026,5.7037037037037,6.32719900852244,26.8,2010-05-04,10.9,92.7,1958-06-16,NA
"6158733","TORONTO+LESTER+B.+PEARSON+INT","05-05","ISI",1953,2026,6.52592592592593,11.4510863640695,60.1,2010-05-05,8.5,92.7,1958-06-16,NA
"6158733","TORONTO+LESTER+B.+PEARSON+INT","05-06","ISI",1953,2026,6.72222222222222,5.28767313470558,24.3,1962-05-06,0.1,92.7,1958-06-16,NA
"6158733","TORONTO+LESTER+B.+PEARSON+INT","05-07","ISI",1953,2026,5.96428571428571,5.0083052715586,33.7,1957-05-07,0.5,92.7,1958-06-16,NA
"6158733","TORONTO+LESTER+B.+PEARSON+INT","05-08","ISI",1953,2026,5.48214285714286,4.36000794863602,56.1,1977-05-08,1,92.7,1958-06-16,NA
"6158733","TORONTO+LESTER+B.+PEARSON+INT","05-09","ISI",1953,2026,3.78965517241379,3.06784531501301,43.9,1987-05-09,1.7,92.7,1958-06-16,NA
"6158733","TORONTO+LESTER+B.+PEARSON+INT","05-10","ISI",1953,2026,4.46896551724138,4.83714079126117,23.6,2022-05-10,2.5,92.7,1958-06-16,NA
"6158733","TORONTO+LESTER+B.+PEARSON+INT","05-11","ISI",1953,2026,5.56551724137931,5.0556387092652,34.1,1972-05-11,3.9,92.7,1958-06-16,NA
"6158733","TORONTO+LESTER+B.+PEARSON+INT","05-12","ISI",1953,2026,5.16896551724138,4.90233934305682,25.3,1977-05-12,4.5,92.7,1958-06-16,NA
"6158733","TORONTO+LESTER+B.+PEARSON+INT","05-13","ISI",1953,2026,4.175,3.94730334579238,25.1,1988-05-13,1.1,92.7,1958-06-16,NA
"6158733","TORONTO+LESTER+B.+PEARSON+INT","05-14","ISI",1953,2026,6.40689655172414,7.74421124981579,66.2,1956-05-14,1.5,92.7,1958-06-16,NA
"6158733","TORONTO+LESTER+B.+PEARSON+INT","05-15","ISI",1953,2026,4.23793103448276,3.24162809547295,16.5,2021-05-15,3.3,92.7,1958-06-16,NA
"6158733","TORONTO+LESTER+B.+PEARSON+INT","05-16","ISI",1953,2026,4.91666666666667,6.14284463663904,29.4,2013-05-16,5.8,92.7,1958-06-16,NA
"6158733","TORONTO+LESTER+B.+PEARSON+INT","05-17","ISI",1953,2026,4.88,6.28481475874382,24,2017-05-17,1.5,92.7,1958-06-16,NA
"6158733","TORONTO+LESTER+B.+PEARSON+INT","05-18","ISI",1953,2026,4.67666666666667,5.93055695083745,30.1,1955-05-18,3.8,92.7,1958-06-16,NA
"6158733","TORONTO+LESTER+B.+PEARSON+INT","05-19","ISI",1953,2026,4.44333333333333,4.36456604734184,28.7,1958-05-19,8.1,92.7,1958-06-16,NA
"6158733","TORONTO+LESTER+B.+PEARSON+INT","05-20","ISI",1953,2026,4.95,3.66650731106171,20.8,1967-05-20,9.5,92.7,1958-06-16,NA
"6158733","TORONTO+LESTER+B.+PEARSON+INT","05-21","ISI",1953,2026,7.26666666666667,7.72976037159619,35.5,2009-05-21,5.7,92.7,1958-06-16,NA
"6158733","TORONTO+LESTER+B.+PEARSON+INT","05-22","ISI",1953,2026,5.78333333333333,4.21009323619694,24.1,1964-05-22,16.2,92.7,1958-06-16,NA
"6158733","TORONTO+LESTER+B.+PEARSON+INT","05-23","ISI",1953,2026,5.62,4.53031170427941,22.3,1956-05-23,8,92.7,1958-06-16,NA
"6158733","TORONTO+LESTER+B.+PEARSON+INT","05-24","ISI",1953,2026,6.11333333333333,5.80349082424763,22.3,2015-05-24,0,92.7,1958-06-16,NA
"6158733","TORONTO+LESTER+B.+PEARSON+INT","05-25","ISI",1953,2026,6.38666666666667,5.5279685944847,26.5,1972-05-25,0.3,92.7,1958-06-16,NA
"6158733","TORONTO+LESTER+B.+PEARSON+INT","05-26","ISI",1953,2026,5.29,4.87204198498415,20.1,1980-05-26,3.9,92.7,1958-06-16,NA
"6158733","TORONTO+LESTER+B.+PEARSON+INT","05-27","ISI",1953,2026,5.61,5.03178517714792,39.1,1966-05-27,4.4,92.7,1958-06-16,NA
"6158733","TORONTO+LESTER+B.+PEARSON+INT","05-28","ISI",1953,2026,5.21,4.59860173651018,33.3,1961-05-28,7.9,92.7,1958-06-16,NA
"6158733","TORONTO+LESTER+B.+PEARSON+INT","05-29","ISI",1953,2026,7.53333333333333,7.26428833799095,28,2005-05-29,13.4,92.7,1958-06-16,NA
"6158733","TORONTO+LESTER+B.+PEARSON+INT","05-30","ISI",1953,2026,6,3.98531788201263,20.8,1969-05-30,5.6,92.7,1958-06-16,NA
"6158733","TORONTO+LESTER+B.+PEARSON+INT","05-31","ISI",1953,2026,5.52333333333333,4.04369951246707,21.3,1956-05-31,7.7,92.7,1958-06-16,NA
"6158733","TORONTO+LESTER+B.+PEARSON+INT","06-01","ISI",1953,2026,6.78333333333333,10.5636684894038,54.2,2011-06-01,8.6,92.7,1958-06-16,NA
"6158733","TORONTO+LESTER+B.+PEARSON+INT","06-02","ISI",1953,2026,4.61333333333333,3.53755549081208,16.6,1970-06-02,8.7,92.7,1958-06-16,NA
"6158733","TORONTO+LESTER+B.+PEARSON+INT","06-03","ISI",1953,2026,3.84,2.79514357166263,20.5,1960-06-03,10.2,92.7,1958-06-16,NA
"6158733","TORONTO+LESTER+B.+PEARSON+INT","06-04","ISI",1953,2026,4.26333333333333,2.91375848445734,14.2,2022-06-04,10.6,92.7,1958-06-16,NA
"6158733","TORONTO+LESTER+B.+PEARSON+INT","06-05","ISI",1953,2026,3.43333333333333,2.53082150126483,29.4,2021-06-05,9,92.7,1958-06-16,NA
"6158733","TORONTO+LESTER+B.+PEARSON+INT","06-06","ISI",1953,2026,4.87666666666667,4.27363072108832,37.5,1981-06-06,6.6,92.7,1958-06-16,NA
"6158733","TORONTO+LESTER+B.+PEARSON+INT","06-07","ISI",1953,2026,4.48,4.44788985227052,20.1,2023-06-07,2.7,92.7,1958-06-16,NA
"6158733","TORONTO+LESTER+B.+PEARSON+INT","06-08","ISI",1953,2026,8.07666666666667,6.16668934447523,26,2019-06-08,6.2,92.7,1958-06-16,NA
"6158733","TORONTO+LESTER+B.+PEARSON+INT","06-09","ISI",1953,2026,6.63666666666667,7.91521813729221,40.6,2008-06-09,4.5,92.7,1958-06-16,NA
"6158733","TORONTO+LESTER+B.+PEARSON+INT","06-10","ISI",1953,2026,6.91,8.29047438433057,34.8,1991-06-10,0.8,92.7,1958-06-16,NA
"6158733","TORONTO+LESTER+B.+PEARSON+INT","06-11","ISI",1953,2026,6.81666666666667,8.41337536649063,41.8,2002-06-11,2.6,92.7,1958-06-16,NA
"6158733","TORONTO+LESTER+B.+PEARSON+INT","06-12","ISI",1953,2026,5.75666666666667,5.67800859537879,36,1974-06-12,11,92.7,1958-06-16,NA
"6158733","TORONTO+LESTER+B.+PEARSON+INT","06-13","ISI",1953,2026,4.67333333333333,4.5803126932357,22.3,1992-06-13,10.4,92.7,1958-06-16,NA
"6158733","TORONTO+LESTER+B.+PEARSON+INT","06-14","ISI",1953,2026,5.04666666666667,3.85332219701688,33.1,1956-06-14,1.8,92.7,1958-06-16,NA
"6158733","TORONTO+LESTER+B.+PEARSON+INT","06-15","ISI",1953,2026,5.27666666666667,3.47778004235295,33.5,1959-06-15,0.6,92.7,1958-06-16,NA
"6158733","TORONTO+LESTER+B.+PEARSON+INT","06-16","ISI",1953,2026,6.6,4.7714669182259,92.7,1958-06-16,4.7,92.7,1958-06-16,NA
"6158733","TORONTO+LESTER+B.+PEARSON+INT","06-17","ISI",1953,2026,5.38,3.89211404305397,34.1,2022-06-17,1.4,92.7,1958-06-16,NA
"6158733","TORONTO+LESTER+B.+PEARSON+INT","06-18","ISI",1953,2026,5.55,4.96232356587252,29,2022-06-18,2.3,92.7,1958-06-16,NA
"6158733","TORONTO+LESTER+B.+PEARSON+INT","06-19","ISI",1953,2026,6.31666666666666,7.05344539597656,33.2,1959-06-19,2.5,92.7,1958-06-16,NA
"6158733","TORONTO+LESTER+B.+PEARSON+INT","06-20","ISI",1953,2026,6.32333333333333,4.45232859131685,25.1,1965-06-20,5.6,92.7,1958-06-16,NA
"6158733","TORONTO+LESTER+B.+PEARSON+INT","06-21","ISI",1953,2026,8.38333333333333,7.09653064013936,28.4,2007-06-21,4.3,92.7,1958-06-16,NA
"6158733","TORONTO+LESTER+B.+PEARSON+INT","06-22","ISI",1953,2026,7.07333333333333,6.78532561327464,34.2,2007-06-22,5.3,92.7,1958-06-16,NA
"6158733","TORONTO+LESTER+B.+PEARSON+INT","06-23","ISI",1953,2026,4.84666666666667,4.14818060104072,32.4,1953-06-23,9.7,92.7,1958-06-16,NA
"6158733","TORONTO+LESTER+B.+PEARSON+INT","06-24","ISI",1953,2026,5.47666666666667,5.66962160954347,26.7,2004-06-24,7,92.7,1958-06-16,NA
"6158733","TORONTO+LESTER+B.+PEARSON+INT","06-25","ISI",1953,2026,5.68333333333333,5.03142424021842,29.9,1988-06-25,2,92.7,1958-06-16,NA
"6158733","TORONTO+LESTER+B.+PEARSON+INT","06-26","ISI",1953,2026,6.71,4.2368132135954,17.7,1963-06-26,0.1,92.7,1958-06-16,NA
"6158733","TORONTO+LESTER+B.+PEARSON+INT","06-27","ISI",1953,2026,6.44,6.11271145886262,27.8,1958-06-27,1.5,92.7,1958-06-16,NA
"6158733","TORONTO+LESTER+B.+PEARSON+INT","06-28","ISI",1953,2026,6.15666666666667,6.99540160949755,36.9,1991-06-28,5.9,92.7,1958-06-16,NA
"6158733","TORONTO+LESTER+B.+PEARSON+INT","06-29","ISI",1953,2026,6.43333333333333,6.72567562730155,32.8,2012-06-29,10,92.7,1958-06-16,NA
"6158733","TORONTO+LESTER+B.+PEARSON+INT","06-30","ISI",1953,2026,6.27333333333333,5.51042481204448,24.8,2012-06-30,5.3,92.7,1958-06-16,NA
"6158733","TORONTO+LESTER+B.+PEARSON+INT","07-01","ISI",1953,2026,10.5233333333333,9.90728339999498,52.7,2001-07-01,8.1,92.7,1958-06-16,NA
"6158733","TORONTO+LESTER+B.+PEARSON+INT","07-02","ISI",1953,2026,8.22333333333333,5.86448594527251,27.8,2006-07-02,10.6,92.7,1958-06-16,NA
"6158733","TORONTO+LESTER+B.+PEARSON+INT","07-03","ISI",1953,2026,7.44,5.21771518235117,27.2,1963-07-03,5.4,92.7,1958-06-16,NA
"6158733","TORONTO+LESTER+B.+PEARSON+INT","07-04","ISI",1953,2026,6.79333333333333,3.85986718847212,19.1,1990-07-04,0.1,92.7,1958-06-16,NA
"6158733","TORONTO+LESTER+B.+PEARSON+INT","07-05","ISI",1953,2026,8.63,5.2102783035074,27.2,1957-07-05,1.2,92.7,1958-06-16,NA
"6158733","TORONTO+LESTER+B.+PEARSON+INT","07-06","ISI",1953,2026,9.06,8.00312869854766,32.5,1999-07-06,5.2,92.7,1958-06-16,NA
"6158733","TORONTO+LESTER+B.+PEARSON+INT","07-07","ISI",1953,2026,6.47,4.86246354476185,19.1,2007-07-07,5.2,92.7,1958-06-16,NA
"6158733","TORONTO+LESTER+B.+PEARSON+INT","07-08","ISI",1953,2026,6.38333333333333,5.77838322056249,22.7,1960-07-08,3.4,92.7,1958-06-16,NA
"6158733","TORONTO+LESTER+B.+PEARSON+INT","07-09","ISI",1953,2026,6.95,7.50042527529905,27.9,2006-07-09,4.3,92.7,1958-06-16,NA
"6158733","TORONTO+LESTER+B.+PEARSON+INT","07-10","ISI",1953,2026,6.89333333333333,4.2813898269808,25.6,1989-07-10,0.8,92.7,1958-06-16,NA
"6158733","TORONTO+LESTER+B.+PEARSON+INT","07-11","ISI",1953,2026,8.34,6.74933457767351,31.5,2007-07-11,3.9,92.7,1958-06-16,NA
"6158733","TORONTO+LESTER+B.+PEARSON+INT","07-12","ISI",1953,2026,8.06666666666667,8.96100107297645,42,2011-07-12,6.9,92.7,1958-06-16,NA
"6158733","TORONTO+LESTER+B.+PEARSON+INT","07-13","ISI",1953,2026,8.09333333333333,5.57784616282055,36.4,1954-07-13,7.8,92.7,1958-06-16,NA
"6158733","TORONTO+LESTER+B.+PEARSON+INT","07-14","ISI",1953,2026,6.33666666666667,5.22813894054177,51.6,1954-07-14,18.3,92.7,1958-06-16,NA
"6158733","TORONTO+LESTER+B.+PEARSON+INT","07-15","ISI",1953,2026,6.46666666666667,4.98952926625855,26.8,1954-07-15,5.7,92.7,1958-06-16,NA
"6158733","TORONTO+LESTER+B.+PEARSON+INT","07-16","ISI",1953,2026,6.21333333333333,4.99597999314989,25.7,1999-07-16,9.7,92.7,1958-06-16,NA
"6158733","TORONTO+LESTER+B.+PEARSON+INT","07-17","ISI",1953,2026,7.75,6.6433139839733,21.5,2012-07-17,6.6,92.7,1958-06-16,NA
"6158733","TORONTO+LESTER+B.+PEARSON+INT","07-18","ISI",1953,2026,7.67333333333333,6.37283747409773,34.9,2016-07-18,2,92.7,1958-06-16,NA
"6158733","TORONTO+LESTER+B.+PEARSON+INT","07-19","ISI",1953,2026,7.08333333333333,6.835913446181,33.2,2020-07-19,1,92.7,1958-06-16,NA
"6158733","TORONTO+LESTER+B.+PEARSON+INT","07-20","ISI",1953,2026,5.21333333333333,3.4575986617517,16.9,1966-07-20,4,92.7,1958-06-16,NA
"6158733","TORONTO+LESTER+B.+PEARSON+INT","07-21","ISI",1953,2026,7.16666666666667,6.3397668473029,28.5,2011-07-21,1.2,92.7,1958-06-16,NA
"6158733","TORONTO+LESTER+B.+PEARSON+INT","07-22","ISI",1953,2026,6.08333333333333,5.22276735558599,22.2,1968-07-22,1.1,92.7,1958-06-16,NA
"6158733","TORONTO+LESTER+B.+PEARSON+INT","07-23","ISI",1953,2026,5.96333333333333,6.96530729739374,39.8,1955-07-23,5.2,92.7,1958-06-16,NA
"6158733","TORONTO+LESTER+B.+PEARSON+INT","07-24","ISI",1953,2026,4.73666666666667,3.20511265425051,28.5,1954-07-24,5.9,92.7,1958-06-16,NA
"6158733","TORONTO+LESTER+B.+PEARSON+INT","07-25","ISI",1953,2026,7.70666666666667,7.4444579401719,30.4,1999-07-25,5.8,92.7,1958-06-16,NA
"6158733","TORONTO+LESTER+B.+PEARSON+INT","07-26","ISI",1953,2026,6.57333333333333,4.48706442191738,17.9,1955-07-26,4.1,92.7,1958-06-16,NA
"6158733","TORONTO+LESTER+B.+PEARSON+INT","07-27","ISI",1953,2026,6.11333333333333,5.81530284047501,25.9,1999-07-27,3,92.7,1958-06-16,NA
"6158733","TORONTO+LESTER+B.+PEARSON+INT","07-28","ISI",1953,2026,4.92666666666667,4.27840877069915,35.6,1975-07-28,0.5,92.7,1958-06-16,NA
"6158733","TORONTO+LESTER+B.+PEARSON+INT","07-29","ISI",1953,2026,6.30666666666667,6.7223217116858,33,1999-07-29,6.8,92.7,1958-06-16,NA
"6158733","TORONTO+LESTER+B.+PEARSON+INT","07-30","ISI",1953,2026,5.50333333333333,5.37859636434774,27.7,1958-07-30,7.9,92.7,1958-06-16,NA
"6158733","TORONTO+LESTER+B.+PEARSON+INT","07-31","ISI",1953,2026,5.83333333333333,5.84302315075252,29.1,2015-07-31,6,92.7,1958-06-16,NA
"6158733","TORONTO+LESTER+B.+PEARSON+INT","08-01","ISI",1953,2026,6.27333333333334,4.94172476754432,19.5,2006-08-01,6.2,92.7,1958-06-16,NA
"6158733","TORONTO+LESTER+B.+PEARSON+INT","08-02","ISI",1953,2026,5.76,4.09217925248672,16.5,2015-08-02,0.1,92.7,1958-06-16,NA
"6158733","TORONTO+LESTER+B.+PEARSON+INT","08-03","ISI",1953,2026,4.67333333333333,3.76526166451933,20.4,1959-08-03,1.2,92.7,1958-06-16,NA
"6158733","TORONTO+LESTER+B.+PEARSON+INT","08-04","ISI",1953,2026,5.56,4.10757080657589,21,1958-08-04,4.3,92.7,1958-06-16,NA
"6158733","TORONTO+LESTER+B.+PEARSON+INT","08-05","ISI",1953,2026,6.66666666666667,5.36317799079236,20.9,1955-08-05,4.9,92.7,1958-06-16,NA
"6158733","TORONTO+LESTER+B.+PEARSON+INT","08-06","ISI",1953,2026,6.80333333333333,5.66291525589094,22.2,2018-08-06,5.3,92.7,1958-06-16,NA
"6158733","TORONTO+LESTER+B.+PEARSON+INT","08-07","ISI",1953,2026,6.26333333333333,5.46956994674159,20.7,2012-08-07,0.1,92.7,1958-06-16,NA
"6158733","TORONTO+LESTER+B.+PEARSON+INT","08-08","ISI",1953,2026,5.41666666666667,4.55957373486581,21.4,1969-08-08,NA,92.7,1958-06-16,NA
"6158733","TORONTO+LESTER+B.+PEARSON+INT","08-09","ISI",1953,2026,6.53333333333333,6.083915103657,28.8,2001-08-09,NA,92.7,1958-06-16,NA
"6158733","TORONTO+LESTER+B.+PEARSON+INT","08-10","ISI",1953,2026,6.30333333333333,6.17880042667213,20.9,2005-08-10,NA,92.7,1958-06-16,NA
"6158733","TORONTO+LESTER+B.+PEARSON+INT","08-11","ISI",1953,2026,4.71666666666667,3.37721404602132,21.9,1956-08-11,NA,92.7,1958-06-16,NA
"6158733","TORONTO+LESTER+B.+PEARSON+INT","08-12","ISI",1953,2026,5.31333333333333,5.37206910201103,26.3,2016-08-12,NA,92.7,1958-06-16,NA
"6158733","TORONTO+LESTER+B.+PEARSON+INT","08-13","ISI",1953,2026,4.49,3.76236810972869,13.4,1960-08-13,NA,92.7,1958-06-16,NA
"6158733","TORONTO+LESTER+B.+PEARSON+INT","08-14","ISI",1953,2026,5.41333333333333,4.36930779125397,23.8,1979-08-14,NA,92.7,1958-06-16,NA
"6158733","TORONTO+LESTER+B.+PEARSON+INT","08-15","ISI",1953,2026,6.23333333333333,5.4402290350704,18.9,2007-08-15,NA,92.7,1958-06-16,NA
"6158733","TORONTO+LESTER+B.+PEARSON+INT","08-16","ISI",1953,2026,5.93666666666667,5.90297898687944,26.9,2010-08-16,NA,92.7,1958-06-16,NA
"6158733","TORONTO+LESTER+B.+PEARSON+INT","08-17","ISI",1953,2026,6.89333333333333,7.13461369968117,30.3,1999-08-17,NA,92.7,1958-06-16,NA
"6158733","TORONTO+LESTER+B.+PEARSON+INT","08-18","ISI",1953,2026,5.11666666666667,3.82749430354614,21.5,1975-08-18,NA,92.7,1958-06-16,NA
"6158733","TORONTO+LESTER+B.+PEARSON+INT","08-19","ISI",1953,2026,5.90333333333333,5.00534082571898,27.6,2010-08-19,NA,92.7,1958-06-16,NA
"6158733","TORONTO+LESTER+B.+PEARSON+INT","08-20","ISI",1953,2026,4.91333333333333,3.81157342235762,18.6,1983-08-20,NA,92.7,1958-06-16,NA
"6158733","TORONTO+LESTER+B.+PEARSON+INT","08-21","ISI",1953,2026,5.82,4.18283850166779,22.3,1962-08-21,NA,92.7,1958-06-16,NA
"6158733","TORONTO+LESTER+B.+PEARSON+INT","08-22","ISI",1953,2026,5.27666666666667,3.69880533680001,22.3,1954-08-22,NA,92.7,1958-06-16,NA
"6158733","TORONTO+LESTER+B.+PEARSON+INT","08-23","ISI",1953,2026,5.40666666666667,3.99999425286943,21.6,1963-08-23,NA,92.7,1958-06-16,NA
"6158733","TORONTO+LESTER+B.+PEARSON+INT","08-24","ISI",1953,2026,5.87,3.03589446002554,13.7,1965-08-24,NA,92.7,1958-06-16,NA
"6158733","TORONTO+LESTER+B.+PEARSON+INT","08-25","ISI",1953,2026,6.59333333333333,6.23371994621318,32.3,2020-08-25,NA,92.7,1958-06-16,NA
"6158733","TORONTO+LESTER+B.+PEARSON+INT","08-26","ISI",1953,2026,5.05666666666667,2.94883768257273,10.1,1998-08-26,NA,92.7,1958-06-16,NA
"6158733","TORONTO+LESTER+B.+PEARSON+INT","08-27","ISI",1953,2026,4.87,3.62464266966533,15.7,1953-08-27,NA,92.7,1958-06-16,NA
"6158733","TORONTO+LESTER+B.+PEARSON+INT","08-28","ISI",1953,2026,5.63666666666667,4.56663184817669,26,1953-08-28,NA,92.7,1958-06-16,NA
"6158733","TORONTO+LESTER+B.+PEARSON+INT","08-29","ISI",1953,2026,5.54333333333333,4.33785926333552,18.7,2003-08-29,NA,92.7,1958-06-16,NA
"6158733","TORONTO+LESTER+B.+PEARSON+INT","08-30","ISI",1953,2026,6.01,3.82904958046448,42.1,1953-08-30,NA,92.7,1958-06-16,NA
"6158733","TORONTO+LESTER+B.+PEARSON+INT","08-31","ISI",1953,2026,6.75666666666667,4.79889953860353,19.2,2012-08-31,NA,92.7,1958-06-16,NA
"6158733","TORONTO+LESTER+B.+PEARSON+INT","09-01","ISI",1953,2026,5.84333333333333,4.1906861699145,23.4,2010-09-01,NA,92.7,1958-06-16,NA
"6158733","TORONTO+LESTER+B.+PEARSON+INT","09-02","ISI",1953,2026,5.03,4.68947096494205,25.6,2005-09-02,NA,92.7,1958-06-16,NA
"6158733","TORONTO+LESTER+B.+PEARSON+INT","09-03","ISI",1953,2026,5.07,4.15751500712658,20.9,1957-09-03,NA,92.7,1958-06-16,NA
"6158733","TORONTO+LESTER+B.+PEARSON+INT","09-04","ISI",1953,2026,6.33,4.97116859917055,20.3,2003-09-04,NA,92.7,1958-06-16,NA
"6158733","TORONTO+LESTER+B.+PEARSON+INT","09-05","ISI",1953,2026,6.08666666666667,4.68377487999122,21.4,2008-09-05,NA,92.7,1958-06-16,NA
"6158733","TORONTO+LESTER+B.+PEARSON+INT","09-06","ISI",1953,2026,4.40333333333333,2.78276510133274,31.4,1978-09-06,NA,92.7,1958-06-16,NA
"6158733","TORONTO+LESTER+B.+PEARSON+INT","09-07","ISI",1953,2026,6.70666666666667,8.8247275364146,45.3,2007-09-07,NA,92.7,1958-06-16,NA
"6158733","TORONTO+LESTER+B.+PEARSON+INT","09-08","ISI",1953,2026,4.63333333333333,4.94447328761659,19.3,2001-09-08,NA,92.7,1958-06-16,NA
"6158733","TORONTO+LESTER+B.+PEARSON+INT","09-09","ISI",1953,2026,4.15,4.03251867900841,16.2,1998-09-09,NA,92.7,1958-06-16,NA
"6158733","TORONTO+LESTER+B.+PEARSON+INT","09-10","ISI",1953,2026,4.62666666666667,4.89841165905941,24.1,2002-09-10,NA,92.7,1958-06-16,NA
"6158733","TORONTO+LESTER+B.+PEARSON+INT","09-11","ISI",1953,2026,5.81333333333333,7.32730996098622,40.6,2002-09-11,NA,92.7,1958-06-16,NA
"6158733","TORONTO+LESTER+B.+PEARSON+INT","09-12","ISI",1953,2026,5.16,4.13909868582938,32.6,1969-09-12,NA,92.7,1958-06-16,NA
"6158733","TORONTO+LESTER+B.+PEARSON+INT","09-13","ISI",1953,2026,5.87,5.68907907219219,20.8,2011-09-13,NA,92.7,1958-06-16,NA
"6158733","TORONTO+LESTER+B.+PEARSON+INT","09-14","ISI",1953,2026,5.60666666666667,5.92545259923216,27.9,2007-09-14,NA,92.7,1958-06-16,NA
"6158733","TORONTO+LESTER+B.+PEARSON+INT","09-15","ISI",1953,2026,3.27333333333333,2.1682558274644,22.2,1974-09-15,NA,92.7,1958-06-16,NA
"6158733","TORONTO+LESTER+B.+PEARSON+INT","09-16","ISI",1953,2026,4.33666666666667,3.1180766986799,11.1,1991-09-16,NA,92.7,1958-06-16,NA
"6158733","TORONTO+LESTER+B.+PEARSON+INT","09-17","ISI",1953,2026,5.03666666666667,3.58661143827923,18.5,1960-09-17,NA,92.7,1958-06-16,NA
"6158733","TORONTO+LESTER+B.+PEARSON+INT","09-18","ISI",1953,2026,5.46666666666667,3.05933656695125,13.6,2020-09-18,NA,92.7,1958-06-16,NA
"6158733","TORONTO+LESTER+B.+PEARSON+INT","09-19","ISI",1953,2026,4.97333333333333,2.77276574651691,21,1954-09-19,NA,92.7,1958-06-16,NA
"6158733","TORONTO+LESTER+B.+PEARSON+INT","09-20","ISI",1953,2026,4.77,3.88792560592939,47,1955-09-20,NA,92.7,1958-06-16,NA
"6158733","TORONTO+LESTER+B.+PEARSON+INT","09-21","ISI",1953,2026,5.41333333333333,4.16791797302743,17,2000-09-21,NA,92.7,1958-06-16,NA
"6158733","TORONTO+LESTER+B.+PEARSON+INT","09-22","ISI",1953,2026,4.21333333333333,3.50907526214561,13.8,2019-09-22,NA,92.7,1958-06-16,NA
"6158733","TORONTO+LESTER+B.+PEARSON+INT","09-23","ISI",1953,2026,4.27,3.20281664832045,15.7,1989-09-23,NA,92.7,1958-06-16,NA
"6158733","TORONTO+LESTER+B.+PEARSON+INT","09-24","ISI",1953,2026,5.64666666666667,6.04726973636598,34.1,2010-09-24,NA,92.7,1958-06-16,NA
"6158733","TORONTO+LESTER+B.+PEARSON+INT","09-25","ISI",1953,2026,5.04666666666667,5.84640964585329,24.7,2019-09-25,NA,92.7,1958-06-16,NA
"6158733","TORONTO+LESTER+B.+PEARSON+INT","09-26","ISI",1953,2026,3.46,2.87900845000018,22.2,1967-09-26,NA,92.7,1958-06-16,NA
"6158733","TORONTO+LESTER+B.+PEARSON+INT","09-27","ISI",1953,2026,3.96,3.7879664274083,29.6,1963-09-27,NA,92.7,1958-06-16,NA
"6158733","TORONTO+LESTER+B.+PEARSON+INT","09-28","ISI",1953,2026,4.13,3.30987550552418,13.2,1961-09-28,NA,92.7,1958-06-16,NA
"6158733","TORONTO+LESTER+B.+PEARSON+INT","09-29","ISI",1953,2026,3.63666666666667,2.84380552869873,13.4,1989-09-29,NA,92.7,1958-06-16,NA
"6158733","TORONTO+LESTER+B.+PEARSON+INT","09-30","ISI",1953,2026,3.89333333333333,2.7671637830636,14.9,1953-09-30,NA,92.7,1958-06-16,NA
"6158733","TORONTO+LESTER+B.+PEARSON+INT","10-01","ISI",1953,2026,4.22,3.89432832507074,18.3,2002-10-01,NA,92.7,1958-06-16,NA
"6158733","TORONTO+LESTER+B.+PEARSON+INT","10-02","ISI",1953,2026,4.70689655172414,5.05391863765723,24.3,1991-10-02,NA,92.7,1958-06-16,NA
"6158733","TORONTO+LESTER+B.+PEARSON+INT","10-03","ISI",1953,2026,4.55333333333333,5.56124107541209,27.8,1957-10-03,NA,92.7,1958-06-16,NA
"6158733","TORONTO+LESTER+B.+PEARSON+INT","10-04","ISI",1953,2026,3.02666666666667,4.09726008814245,22.2,1958-10-04,NA,92.7,1958-06-16,NA
"6158733","TORONTO+LESTER+B.+PEARSON+INT","10-05","ISI",1953,2026,3.06333333333333,2.6008597163953,25.4,1974-10-05,NA,92.7,1958-06-16,NA
"6158733","TORONTO+LESTER+B.+PEARSON+INT","10-06","ISI",1953,2026,3.61666666666667,3.57704205804984,18.7,1990-10-06,NA,92.7,1958-06-16,NA
"6158733","TORONTO+LESTER+B.+PEARSON+INT","10-07","ISI",1953,2026,3.88,3.01094554973156,38.9,1963-10-07,NA,92.7,1958-06-16,NA
"6158733","TORONTO+LESTER+B.+PEARSON+INT","10-08","ISI",1953,2026,4.03333333333333,3.40348030123865,24.4,1956-10-08,NA,92.7,1958-06-16,NA
"6158733","TORONTO+LESTER+B.+PEARSON+INT","10-09","ISI",1953,2026,4.22333333333333,5.55974964292045,28.5,2004-10-09,NA,92.7,1958-06-16,NA
"6158733","TORONTO+LESTER+B.+PEARSON+INT","10-10","ISI",1953,2026,3.58666666666667,2.36799541782719,13.7,1957-10-10,NA,92.7,1958-06-16,NA
"6158733","TORONTO+LESTER+B.+PEARSON+INT","10-11","ISI",1953,2026,4.39,3.52443196694945,17.8,1960-10-11,NA,92.7,1958-06-16,NA
"6158733","TORONTO+LESTER+B.+PEARSON+INT","10-12","ISI",1953,2026,3.84666666666667,2.60592604935609,16.8,1959-10-12,NA,92.7,1958-06-16,NA
"6158733","TORONTO+LESTER+B.+PEARSON+INT","10-13","ISI",1953,2026,4.82333333333333,3.97003286126705,15.9,2015-10-13,NA,92.7,1958-06-16,NA
"6158733","TORONTO+LESTER+B.+PEARSON+INT","10-14","ISI",1953,2026,4.01666666666667,4.03963837006724,34.4,1973-10-14,NA,92.7,1958-06-16,NA
"6158733","TORONTO+LESTER+B.+PEARSON+INT","10-15","ISI",1953,2026,4.73,5.21880882167965,25.7,2003-10-15,NA,92.7,1958-06-16,NA
"6158733","TORONTO+LESTER+B.+PEARSON+INT","10-16","ISI",1953,2026,2.79333333333333,2.28547638335,13.7,1958-10-16,NA,92.7,1958-06-16,NA
"6158733","TORONTO+LESTER+B.+PEARSON+INT","10-17","ISI",1953,2026,4.18666666666667,6.57963070619355,33.5,2018-10-17,NA,92.7,1958-06-16,NA
"6158733","TORONTO+LESTER+B.+PEARSON+INT","10-18","ISI",1953,2026,3.96206896551724,4.72617436601011,22.6,1998-10-18,NA,92.7,1958-06-16,NA
"6158733","TORONTO+LESTER+B.+PEARSON+INT","10-19","ISI",1953,2026,4.43,4.72923045427638,19.2,2005-10-19,NA,92.7,1958-06-16,NA
"6158733","TORONTO+LESTER+B.+PEARSON+INT","10-20","ISI",1953,2026,4.86,5.73288156466561,18.3,1997-10-20,NA,92.7,1958-06-16,NA
"6158733","TORONTO+LESTER+B.+PEARSON+INT","10-21","ISI",1953,2026,3.50333333333333,3.25454412648905,10.5,2007-10-21,NA,92.7,1958-06-16,NA
"6158733","TORONTO+LESTER+B.+PEARSON+INT","10-22","ISI",1953,2026,3.11379310344828,2.8963923542833,13.9,1974-10-22,NA,92.7,1958-06-16,NA
"6158733","TORONTO+LESTER+B.+PEARSON+INT","10-23","ISI",1953,2026,2.36551724137931,1.99325216347358,23.5,1954-10-23,NA,92.7,1958-06-16,NA
"6158733","TORONTO+LESTER+B.+PEARSON+INT","10-24","ISI",1953,2026,3.37931034482759,4.13611095028935,17.4,1993-10-24,NA,92.7,1958-06-16,NA
"6158733","TORONTO+LESTER+B.+PEARSON+INT","10-25","ISI",1953,2026,2.6,2.36672332779834,14.1,1974-10-25,NA,92.7,1958-06-16,NA
"6158733","TORONTO+LESTER+B.+PEARSON+INT","10-26","ISI",1953,2026,3.36,4.80270038983099,23.7,1999-10-26,NA,92.7,1958-06-16,NA
"6158733","TORONTO+LESTER+B.+PEARSON+INT","10-27","ISI",1953,2026,1.86551724137931,1.65643245346932,14.3,1985-10-27,NA,92.7,1958-06-16,NA
"6158733","TORONTO+LESTER+B.+PEARSON+INT","10-28","ISI",1953,2026,2.80333333333333,3.18904194167263,12,1996-10-28,NA,92.7,1958-06-16,NA
"6158733","TORONTO+LESTER+B.+PEARSON+INT","10-29","ISI",1953,2026,4.31,4.49945207392158,18.9,2000-10-29,NA,92.7,1958-06-16,NA
"6158733","TORONTO+LESTER+B.+PEARSON+INT","10-30","ISI",1953,2026,3.05333333333333,2.99006784992021,12,2000-10-30,NA,92.7,1958-06-16,NA
"6158733","TORONTO+LESTER+B.+PEARSON+INT","10-31","ISI",1953,2026,3.76333333333333,3.59275932122232,12.2,1980-10-31,NA,92.7,1958-06-16,NA
